MatchType,DocType,OrdType,OrderCo,OrderNum,DocNum,LineNum,TxnDate,RecvDate,GLDate,SupplierNum,SupplierName,Item2nd,Bulk,GlobalBulk,Qty,QtyLB,QtyKG,Amt,USD,EUR
2,PV,OP,00010,120505,20005756,1.0,2020-04-14T00:00:00,2020-04-14T00:00:00,2020-04-15T00:00:00,292788,Ortec Inc.,U201-T2,U201,U201,17600.0,17600.0,7983.36,43084.8,43084.8,39590.3556
2,PV,OP,00010,120505,20005756,1.0,2020-04-14T00:00:00,2020-04-14T00:00:00,2020-04-15T00:00:00,292788,Ortec Inc.,U201-T2,U201,U201,17600.0,17600.0,7983.36,43084.8,43084.8,39590.3556
2,PV,OP,00010,120506,20006700,1.0,2020-04-23T00:00:00,2020-04-23T00:00:00,2020-05-01T00:00:00,292788,Ortec Inc.,U201-T2,U201,U201,17600.0,17600.0,7983.36,43084.8,43084.8,39176.1728
2,PV,OP,00010,121434,20008828,1.0,2020-06-02T00:00:00,2020-06-02T00:00:00,2020-06-09T00:00:00,292788,Ortec Inc.,U201-T2,U201,U201,17600.0,17600.0,7983.36,43084.8,43084.8,37968.1181
2,PV,OP,00010,121434,20008828,1.0,2020-06-02T00:00:00,2020-06-02T00:00:00,2020-06-09T00:00:00,292788,Ortec Inc.,U201-T2,U201,U201,17600.0,17600.0,7983.36,43084.8,43084.8,37968.1181
2,PV,OP,00010,121435,20008251,1.0,2020-05-27T00:00:00,2020-05-27T00:00:00,2020-05-28T00:00:00,292788,Ortec Inc.,U201-T2,U201,U201,17600.0,17600.0,7983.36,43084.8,43084.8,38938.4826
2,PV,OP,00010,121470,20008144,1.0,2020-05-21T00:00:00,2020-05-21T00:00:00,2020-05-28T00:00:00,292788,Ortec Inc.,U201-T2,U201,U201,17600.0,17600.0,7983.36,43084.8,43084.8,38938.4826
2,PV,OP,00010,122733,20011259,1.0,2020-07-29T00:00:00,2020-07-29T00:00:00,2020-08-06T00:00:00,292788,Ortec Inc.,U201-T2,U201,U201,17600.0,17600.0,7983.36,41606.4,41606.4,35118.4769
2,PV,OP,00010,122735,20014660,1.0,2020-09-01T00:00:00,2020-09-01T00:00:00,2020-10-02T00:00:00,292788,Ortec Inc.,U201-T2,U201,U201,17600.0,17600.0,7983.36,43260.8,43260.8,36952.9903
2,PV,OP,00010,122736,20014430,1.0,2020-09-03T00:00:00,2020-09-03T00:00:00,2020-09-29T00:00:00,292788,Ortec Inc.,U201-T2,U201,U201,17600.0,17600.0,7983.36,42451.2,42451.2,36226.4702
2,PV,OP,00010,122737,20014431,1.0,2020-09-10T00:00:00,2020-09-10T00:00:00,2020-09-29T00:00:00,292788,Ortec Inc.,U201-T2,U201,U201,17600.0,17600.0,7983.36,42451.2,42451.2,36226.4702
2,PV,OP,00010,122737,20014431,1.0,2020-09-17T00:00:00,2020-09-17T00:00:00,2020-09-29T00:00:00,292788,Ortec Inc.,U201-T2,U201,U201,17600.0,17600.0,7983.36,42451.2,42451.2,36226.4702
2,PV,OP,00010,122738,20014432,1.0,2020-09-18T00:00:00,2020-09-18T00:00:00,2020-09-29T00:00:00,292788,Ortec Inc.,U201-T2,U201,U201,17600.0,17600.0,7983.36,42451.2,42451.2,36226.4702
2,PV,OP,00010,123278,20016995,1.0,2020-10-07T00:00:00,2020-10-07T00:00:00,2020-11-12T00:00:00,292788,Ortec Inc.,U201-T2,U201,U201,17600.0,17600.0,7983.36,42451.2,42451.2,35929.6641
2,PV,OP,00010,123278,20016995,1.0,2020-10-07T00:00:00,2020-10-07T00:00:00,2020-11-12T00:00:00,292788,Ortec Inc.,U201-T2,U201,U201,17600.0,17600.0,7983.36,42451.2,42451.2,35929.6641
2,PV,OP,00010,124190,20017222,1.0,2020-11-18T00:00:00,2020-11-18T00:00:00,2020-11-18T00:00:00,292788,Ortec Inc.,MDU20-T2,MDU20,MDU20,17600.0,17600.0,7983.36,43683.2,43683.2,36804.1531
2,PV,OP,00010,125977,21001050,1.0,2021-01-20T00:00:00,2021-01-20T00:00:00,2021-01-20T00:00:00,292788,Ortec Inc.,MDU20-T2,MDU20,MDU20,17600.0,17600.0,7983.36,43683.2,43683.2,36068.5412
2,PV,OP,00010,129000,21008378,1.0,2021-05-06T00:00:00,2021-05-06T00:00:00,2021-05-06T00:00:00,292788,Ortec Inc.,MDU20-T2,MDU20,MDU20,17600.0,17600.0,7983.36,41096.0,41096.0,34102.5992
2,PV,OP,00010,129001,21008379,1.0,2021-05-06T00:00:00,2021-05-06T00:00:00,2021-05-06T00:00:00,292788,Ortec Inc.,MDU20-T2,MDU20,MDU20,17600.0,17600.0,7983.36,41096.0,41096.0,34102.5992
2,PV,OP,00010,131460,21013124,1.0,2021-07-12T00:00:00,2021-07-12T00:00:00,2021-07-13T00:00:00,292788,Ortec Inc.,U201-T2,U201,U201,17600.0,17600.0,7983.36,42451.2,42451.2,35940.4807
2,PV,OP,00010,131461,21014012,1.0,2021-07-15T00:00:00,2021-07-15T00:00:00,2021-07-26T00:00:00,292788,Ortec Inc.,U201-T2,U201,U201,17600.0,17600.0,7983.36,42451.2,42451.2,35945.9908
2,PV,OP,00010,131462,21015623,1.0,2021-07-29T00:00:00,2021-07-29T00:00:00,2021-08-09T00:00:00,292788,Ortec Inc.,U201-T2,U201,U201,17600.0,17600.0,7983.36,42451.2,42451.2,36132.7804
2,PV,OP,00010,131463,21015480,1.0,2021-08-06T00:00:00,2021-08-06T00:00:00,2021-08-09T00:00:00,292788,Ortec Inc.,U201-T2,U201,U201,17600.0,17600.0,7983.36,46094.4,46094.4,39233.7279
2,PV,OP,00010,131463,21015480,1.0,2021-08-06T00:00:00,2021-08-06T00:00:00,2021-08-09T00:00:00,292788,Ortec Inc.,U201-T2,U201,U201,17600.0,17600.0,7983.36,46094.4,46094.4,39233.7279
2,PV,OP,00010,133317,21021399,1.0,2021-11-04T00:00:00,2021-11-04T00:00:00,2021-11-05T00:00:00,292788,Ortec Inc.,U201-T2,U201,U201,17600.0,17600.0,7983.36,48435.2,48435.2,41918.8251
2,PV,OP,00010,133317,21021399,1.0,2021-11-04T00:00:00,2021-11-04T00:00:00,2021-11-05T00:00:00,292788,Ortec Inc.,U201-T2,U201,U201,17600.0,17600.0,7983.36,48435.2,48435.2,41918.8251
2,PV,OP,00010,133318,21022627,1.0,2021-11-23T00:00:00,2021-11-23T00:00:00,2021-11-23T00:00:00,292788,Ortec Inc.,U201-T2,U201,U201,17600.0,17600.0,7983.36,48188.8,48188.8,42783.9972
2,PV,OP,00010,133318,21022627,1.0,2021-11-23T00:00:00,2021-11-23T00:00:00,2021-11-23T00:00:00,292788,Ortec Inc.,U201-T2,U201,U201,17600.0,17600.0,7983.36,48188.8,48188.8,42783.9972
2,PV,OP,00010,133318,21022627,1.0,2021-11-23T00:00:00,2021-11-23T00:00:00,2021-11-23T00:00:00,292788,Ortec Inc.,U201-T2,U201,U201,17600.0,17600.0,7983.36,48188.8,48188.8,42783.9972
2,PV,OP,00010,145725,23002286,1.0,2023-02-07T00:00:00,2023-02-07T00:00:00,2023-02-07T00:00:00,292788,Ortec Inc.,MDU20-T2,MDU20,MDU20,17600.0,17600.0,7983.36,60878.4,60878.4,56859.3602
1,OV,OP,00010,131460,209604,1.0,2021-07-12T00:00:00,2021-07-12T00:00:00,2021-07-12T00:00:00,292788,Ortec Inc.,U201-T2,U201,U201,17600.0,17600.0,7983.36,42451.2,42451.2,35798.4729
1,OV,OP,00010,131460,209693,1.0,2021-07-13T00:00:00,2021-07-13T00:00:00,2021-07-13T00:00:00,292788,Ortec Inc.,U201-T2,U201,U201,17600.0,17600.0,7983.36,42451.2,42451.2,35940.4807
1,OV,OP,00010,131462,210721,1.0,2021-07-29T00:00:00,2021-07-29T00:00:00,2021-07-29T00:00:00,292788,Ortec Inc.,U201-T2,U201,U201,17600.0,17600.0,7983.36,42451.2,42451.2,35717.7138
1,OV,OP,00010,131462,211158,1.0,2021-08-04T00:00:00,2021-08-04T00:00:00,2021-08-04T00:00:00,292788,Ortec Inc.,U201-T2,U201,U201,17600.0,17600.0,7983.36,46094.4,46094.4,38924.5175
1,OV,OP,00010,122735,192120,1.0,2020-09-01T00:00:00,2020-09-01T00:00:00,2020-09-01T00:00:00,292788,Ortec Inc.,U201-T2,U201,U201,17600.0,17600.0,7983.36,43260.8,43260.8,36211.3748
1,OV,OP,00010,122735,192122,1.0,2020-09-01T00:00:00,2020-09-01T00:00:00,2020-09-01T00:00:00,292788,Ortec Inc.,U201-T2,U201,U201,17600.0,17600.0,7983.36,43260.8,43260.8,36211.3748
1,OV,OP,00010,118976,182475,1.0,2020-01-30T00:00:00,2020-01-30T00:00:00,2020-01-30T00:00:00,292788,Ortec Inc.,MDU20-T2,MDU20,MDU20,17600.0,17600.0,7983.36,43243.2,43243.2,39224.0602
1,OV,OP,00010,119865,184947,1.0,2020-03-20T00:00:00,2020-03-20T00:00:00,2020-03-20T00:00:00,292788,Ortec Inc.,MDU20-T2,MDU20,MDU20,17600.0,17600.0,7983.36,43243.2,43243.2,40232.4571
1,OV,OP,00010,120505,186089,1.0,2020-04-14T00:00:00,2020-04-14T00:00:00,2020-04-14T00:00:00,292788,Ortec Inc.,U201-T2,U201,U201,17600.0,17600.0,7983.36,43084.8,43084.8,39229.5893
1,OV,OP,00010,120505,186091,1.0,2020-04-14T00:00:00,2020-04-14T00:00:00,2020-04-14T00:00:00,292788,Ortec Inc.,U201-T2,U201,U201,17600.0,17600.0,7983.36,43084.8,43084.8,39229.5893
1,OV,OP,00010,120506,186541,1.0,2020-04-23T00:00:00,2020-04-23T00:00:00,2020-04-23T00:00:00,292788,Ortec Inc.,U201-T2,U201,U201,17600.0,17600.0,7983.36,43084.8,43084.8,39841.4624
1,OV,OP,00010,121434,188124,1.0,2020-06-02T00:00:00,2020-06-02T00:00:00,2020-06-02T00:00:00,292788,Ortec Inc.,U201-T2,U201,U201,17600.0,17600.0,7983.36,43084.8,43084.8,38587.2897
1,OV,OP,00010,121434,188126,1.0,2020-06-02T00:00:00,2020-06-02T00:00:00,2020-06-02T00:00:00,292788,Ortec Inc.,U201-T2,U201,U201,17600.0,17600.0,7983.36,43084.8,43084.8,38587.2897
1,OV,OP,00010,121435,187884,1.0,2020-05-27T00:00:00,2020-05-27T00:00:00,2020-05-27T00:00:00,292788,Ortec Inc.,U201-T2,U201,U201,17600.0,17600.0,7983.36,43084.8,43084.8,39292.6396
1,OV,OP,00010,121470,187728,1.0,2020-05-21T00:00:00,2020-05-21T00:00:00,2020-05-21T00:00:00,292788,Ortec Inc.,U201-T2,U201,U201,17600.0,17600.0,7983.36,43084.8,43084.8,39333.4323
1,OV,OP,00010,122472,189343,1.0,2020-07-02T00:00:00,2020-07-02T00:00:00,2020-07-02T00:00:00,292788,Ortec Inc.,U201,U201,U201,17600.0,17600.0,7983.36,43260.8,43260.8,38496.0382
1,OV,OP,00010,122733,190438,1.0,2020-07-29T00:00:00,2020-07-29T00:00:00,2020-07-29T00:00:00,292788,Ortec Inc.,U201-T2,U201,U201,17600.0,17600.0,7983.36,41606.4,41606.4,35353.5364
1,OV,OP,00010,122733,190440,1.0,2020-07-29T00:00:00,2020-07-29T00:00:00,2020-07-29T00:00:00,292788,Ortec Inc.,U201-T2,U201,U201,17600.0,17600.0,7983.36,41606.4,41606.4,35353.5364
1,OV,OP,00010,122736,192218,1.0,2020-09-03T00:00:00,2020-09-03T00:00:00,2020-09-03T00:00:00,292788,Ortec Inc.,U201-T2,U201,U201,17600.0,17600.0,7983.36,42451.2,42451.2,35885.3238
1,OV,OP,00010,122736,192220,1.0,2020-09-03T00:00:00,2020-09-03T00:00:00,2020-09-03T00:00:00,292788,Ortec Inc.,U201-T2,U201,U201,17600.0,17600.0,7983.36,42451.2,42451.2,35885.3238
1,OV,OP,00010,122737,192409,1.0,2020-09-10T00:00:00,2020-09-10T00:00:00,2020-09-10T00:00:00,292788,Ortec Inc.,U201-T2,U201,U201,17600.0,17600.0,7983.36,42451.2,42451.2,35740.3742
1,OV,OP,00010,122737,192411,1.0,2020-09-10T00:00:00,2020-09-10T00:00:00,2020-09-10T00:00:00,292788,Ortec Inc.,U201-T2,U201,U201,17600.0,17600.0,7983.36,42451.2,42451.2,35740.3742
1,OV,OP,00010,122737,192760,1.0,2020-09-17T00:00:00,2020-09-17T00:00:00,2020-09-17T00:00:00,292788,Ortec Inc.,U201-T2,U201,U201,17600.0,17600.0,7983.36,42451.2,42451.2,35903.0048
1,OV,OP,00010,122738,192735,1.0,2020-09-17T00:00:00,2020-09-17T00:00:00,2020-09-17T00:00:00,292788,Ortec Inc.,U201-T2,U201,U201,17600.0,17600.0,7983.36,42451.2,42451.2,35903.0048
1,OV,OP,00010,122738,192806,1.0,2020-09-18T00:00:00,2020-09-18T00:00:00,2020-09-18T00:00:00,292788,Ortec Inc.,U201-T2,U201,U201,17600.0,17600.0,7983.36,42451.2,42451.2,35795.3613
1,OV,OP,00010,123278,193617,1.0,2020-10-07T00:00:00,2020-10-07T00:00:00,2020-10-07T00:00:00,292788,Ortec Inc.,U201-T2,U201,U201,17600.0,17600.0,7983.36,42451.2,42451.2,36079.6485
1,OV,OP,00010,123278,193623,1.0,2020-10-07T00:00:00,2020-10-07T00:00:00,2020-10-07T00:00:00,292788,Ortec Inc.,U201-T2,U201,U201,17600.0,17600.0,7983.36,42451.2,42451.2,36079.6485
1,OV,OP,00010,124189,193657,1.0,2020-10-08T00:00:00,2020-10-08T00:00:00,2020-10-08T00:00:00,292788,Ortec Inc.,MDU20-T2,MDU20,MDU20,17600.0,17600.0,7983.36,44739.2,44739.2,38067.7934
1,OV,OP,00010,124190,195821,1.0,2020-11-18T00:00:00,2020-11-18T00:00:00,2020-11-18T00:00:00,292788,Ortec Inc.,MDU20-T2,MDU20,MDU20,17600.0,17600.0,7983.36,43683.2,43683.2,36804.1531
1,OV,OP,00010,124191,198666,1.0,2021-01-08T00:00:00,2021-01-08T00:00:00,2021-01-08T00:00:00,292788,Ortec Inc.,MDU20-T2,MDU20,MDU20,17600.0,17600.0,7983.36,44739.2,44739.2,36507.3975
1,OV,OP,00010,125977,199263,1.0,2021-01-20T00:00:00,2021-01-20T00:00:00,2021-01-20T00:00:00,292788,Ortec Inc.,MDU20-T2,MDU20,MDU20,17600.0,17600.0,7983.36,43683.2,43683.2,36068.5412
1,OV,OP,00010,128999,204592,1.0,2021-04-20T00:00:00,2021-04-20T00:00:00,2021-04-20T00:00:00,292788,Ortec Inc.,MDU20-T2,MDU20,MDU20,17600.0,17600.0,7983.36,47970.56,47970.56,39835.1944
1,OV,OP,00010,129000,205568,1.0,2021-05-06T00:00:00,2021-05-06T00:00:00,2021-05-06T00:00:00,292788,Ortec Inc.,MDU20-T2,MDU20,MDU20,17600.0,17600.0,7983.36,41096.0,41096.0,34102.5992
1,OV,OP,00010,129001,205570,1.0,2021-05-06T00:00:00,2021-05-06T00:00:00,2021-05-06T00:00:00,292788,Ortec Inc.,MDU20-T2,MDU20,MDU20,17600.0,17600.0,7983.36,41096.0,41096.0,34102.5992
1,OV,OP,00010,130782,208619,1.0,2021-06-24T00:00:00,2021-06-24T00:00:00,2021-06-24T00:00:00,292788,Ortec Inc.,U201-T2,U201,U201,17600.0,17600.0,7983.36,42521.6,42521.6,35649.2888
1,OV,OP,00010,130783,208621,1.0,2021-06-24T00:00:00,2021-06-24T00:00:00,2021-06-24T00:00:00,292788,Ortec Inc.,U201-T2,U201,U201,17600.0,17600.0,7983.36,42521.6,42521.6,35649.2888
1,OV,OP,00010,130814,208623,1.0,2021-06-24T00:00:00,2021-06-24T00:00:00,2021-06-24T00:00:00,292788,Ortec Inc.,MDU20-T2,MDU20,MDU20,17600.0,17600.0,7983.36,48611.2,48611.2,40754.6919
1,OV,OP,00010,130815,211685,1.0,2021-08-12T00:00:00,2021-08-12T00:00:00,2021-08-12T00:00:00,292788,Ortec Inc.,MDU20-T2,MDU20,MDU20,17600.0,17600.0,7983.36,48611.2,48611.2,41426.6105
1,OV,OP,00010,131461,209869,1.0,2021-07-15T00:00:00,2021-07-15T00:00:00,2021-07-15T00:00:00,292788,Ortec Inc.,U201-T2,U201,U201,17600.0,17600.0,7983.36,42451.2,42451.2,35953.7339
1,OV,OP,00010,131463,211286,1.0,2021-08-06T00:00:00,2021-08-06T00:00:00,2021-08-06T00:00:00,292788,Ortec Inc.,U201-T2,U201,U201,17600.0,17600.0,7983.36,46094.4,46094.4,39197.0829
1,OV,OP,00010,131463,211306,1.0,2021-08-06T00:00:00,2021-08-06T00:00:00,2021-08-06T00:00:00,292788,Ortec Inc.,U201-T2,U201,U201,17600.0,17600.0,7983.36,46094.4,46094.4,39197.0829
1,OV,OP,00010,133317,216966,1.0,2021-11-04T00:00:00,2021-11-04T00:00:00,2021-11-04T00:00:00,292788,Ortec Inc.,U201-T2,U201,U201,17600.0,17600.0,7983.36,48435.2,48435.2,41957.641
1,OV,OP,00010,133317,216968,1.0,2021-11-04T00:00:00,2021-11-04T00:00:00,2021-11-04T00:00:00,292788,Ortec Inc.,U201-T2,U201,U201,17600.0,17600.0,7983.36,48435.2,48435.2,41957.641
1,OV,OP,00010,133318,218181,1.0,2021-11-23T00:00:00,2021-11-23T00:00:00,2021-11-23T00:00:00,292788,Ortec Inc.,U201-T2,U201,U201,17600.0,17600.0,7983.36,48188.8,48188.8,42783.9972
1,OV,OP,00010,133318,218183,1.0,2021-11-23T00:00:00,2021-11-23T00:00:00,2021-11-23T00:00:00,292788,Ortec Inc.,U201-T2,U201,U201,17600.0,17600.0,7983.36,48188.8,48188.8,42783.9972
1,OV,OP,00010,133318,218209,1.0,2021-11-23T00:00:00,2021-11-23T00:00:00,2021-11-23T00:00:00,292788,Ortec Inc.,U201-T2,U201,U201,17600.0,17600.0,7983.36,48188.8,48188.8,42783.9972
1,OV,OP,00010,137665,223620,1.0,2022-02-24T00:00:00,2022-02-24T00:00:00,2022-02-24T00:00:00,292788,Ortec Inc.,U201-T2,U201,U201,17600.0,17600.0,7983.36,56865.6,56865.6,51005.4748
1,OV,OP,00010,137665,223626,1.0,2022-02-24T00:00:00,2022-02-24T00:00:00,2022-02-24T00:00:00,292788,Ortec Inc.,U201-T2,U201,U201,17600.0,17600.0,7983.36,56865.6,56865.6,51005.4748
1,OV,OP,00010,137665,223733,1.0,2022-02-25T00:00:00,2022-02-25T00:00:00,2022-02-25T00:00:00,292788,Ortec Inc.,U201-T2,U201,U201,17600.0,17600.0,7983.36,56865.6,56865.6,50509.1348
1,OV,OP,00010,145725,241900,1.0,2023-02-07T00:00:00,2023-02-07T00:00:00,2023-02-07T00:00:00,292788,Ortec Inc.,MDU20-T2,MDU20,MDU20,17600.0,17600.0,7983.36,60878.4,60878.4,56859.3602
4,OV,OP,00010,118976,182473,1.0,2020-01-30T00:00:00,2020-01-30T00:00:00,2020-01-30T00:00:00,292788,Ortec Inc.,MDU20-T2,MDU20,MDU20,17600.0,17600.0,7983.36,43243.2,43243.2,39224.0602
4,OV,OP,00010,122734,191093,1.0,2020-08-11T00:00:00,2020-08-04T00:00:00,2020-08-11T00:00:00,292788,Ortec Inc.,U201-T2,U201,U201,17600.0,17600.0,7983.36,43260.8,43260.8,36768.6474
4,OV,OP,00010,123278,193621,1.0,2020-10-07T00:00:00,2020-10-07T00:00:00,2020-10-07T00:00:00,292788,Ortec Inc.,U201-T2,U201,U201,17600.0,17600.0,7983.36,42451.2,42451.2,36079.6485
4,OV,OP,00010,137665,223613,1.0,2022-02-24T00:00:00,2022-02-24T00:00:00,2022-02-24T00:00:00,292788,Ortec Inc.,U201-T2,U201,U201,17600.0,17600.0,7983.36,56865.6,56865.6,51005.4748
4,OV,OP,00010,137665,223618,1.0,2022-02-24T00:00:00,2022-02-24T00:00:00,2022-02-24T00:00:00,292788,Ortec Inc.,U201-T2,U201,U201,17600.0,17600.0,7983.36,56865.6,56865.6,51005.4748
4,OV,OP,00010,137665,223624,1.0,2022-02-24T00:00:00,2022-02-24T00:00:00,2022-02-24T00:00:00,292788,Ortec Inc.,U201-T2,U201,U201,17600.0,17600.0,7983.36,56865.6,56865.6,51005.4748
4,OV,OP,00010,137665,223618,1.0,2022-02-24T00:00:00,2022-02-24T00:00:00,2022-02-24T00:00:00,292788,Ortec Inc.,U201-T2,U201,U201,17600.0,17600.0,7983.36,56865.6,56865.6,51005.4748
1,OV,OP,00010,145725,241901,1.0,2023-02-07T00:00:00,2023-02-07T00:00:00,2023-02-07T00:00:00,292788,Ortec Inc.,MDU20-T2,MDU20,MDU20,17600.0,17600.0,7983.36,1337.6,1337.6,1249.295
1,OV,OP,00010,131460,209605,1.0,2021-07-12T00:00:00,2021-07-12T00:00:00,2021-07-12T00:00:00,292788,Ortec Inc.,U201-T2,U201,U201,17600.0,17600.0,7983.36,1408.0,1408.0,1187.3457
1,OV,OP,00010,131460,209694,1.0,2021-07-13T00:00:00,2021-07-13T00:00:00,2021-07-13T00:00:00,292788,Ortec Inc.,U201-T2,U201,U201,17600.0,17600.0,7983.36,1408.0,1408.0,1192.0557
1,OV,OP,00010,131462,210722,1.0,2021-07-29T00:00:00,2021-07-29T00:00:00,2021-07-29T00:00:00,292788,Ortec Inc.,U201-T2,U201,U201,17600.0,17600.0,7983.36,1408.0,1408.0,1184.6671
1,OV,OP,00010,131462,211159,1.0,2021-08-04T00:00:00,2021-08-04T00:00:00,2021-08-04T00:00:00,292788,Ortec Inc.,U201-T2,U201,U201,17600.0,17600.0,7983.36,1408.0,1408.0,1188.9887
1,OV,OP,00010,122735,192121,1.0,2020-09-01T00:00:00,2020-09-01T00:00:00,2020-09-01T00:00:00,292788,Ortec Inc.,U201-T2,U201,U201,17600.0,17600.0,7983.36,1408.0,1408.0,1178.5639
1,OV,OP,00010,122735,192123,1.0,2020-09-01T00:00:00,2020-09-01T00:00:00,2020-09-01T00:00:00,292788,Ortec Inc.,U201-T2,U201,U201,17600.0,17600.0,7983.36,1408.0,1408.0,1178.5639
4,OV,OP,00010,122734,191094,1.0,2020-08-11T00:00:00,2020-08-04T00:00:00,2020-08-11T00:00:00,292788,Ortec Inc.,U201-T2,U201,U201,17600.0,17600.0,7983.36,1408.0,1408.0,1196.7013
1,OV,OP,00010,120505,186092,1.0,2020-04-14T00:00:00,2020-04-14T00:00:00,2020-04-14T00:00:00,292788,Ortec Inc.,U201-T2,U201,U201,17600.0,17600.0,7983.36,1056.0,1056.0,961.5095
1,OV,OP,00010,121434,188127,1.0,2020-06-02T00:00:00,2020-06-02T00:00:00,2020-06-02T00:00:00,292788,Ortec Inc.,U201-T2,U201,U201,17600.0,17600.0,7983.36,1056.0,1056.0,945.7669
1,OV,OP,00010,121435,187885,1.0,2020-05-27T00:00:00,2020-05-27T00:00:00,2020-05-27T00:00:00,292788,Ortec Inc.,U201-T2,U201,U201,17600.0,17600.0,7983.36,1056.0,1056.0,963.0549
1,OV,OP,00010,121470,187729,1.0,2020-05-21T00:00:00,2020-05-21T00:00:00,2020-05-21T00:00:00,292788,Ortec Inc.,U201-T2,U201,U201,17600.0,17600.0,7983.36,1056.0,1056.0,964.0547
1,OV,OP,00010,122733,190439,1.0,2020-07-29T00:00:00,2020-07-29T00:00:00,2020-07-29T00:00:00,292788,Ortec Inc.,U201-T2,U201,U201,17600.0,17600.0,7983.36,1408.0,1408.0,1196.3972
1,OV,OP,00010,122733,190441,1.0,2020-07-29T00:00:00,2020-07-29T00:00:00,2020-07-29T00:00:00,292788,Ortec Inc.,U201-T2,U201,U201,17600.0,17600.0,7983.36,1408.0,1408.0,1196.3972
1,OV,OP,00010,122736,192221,1.0,2020-09-03T00:00:00,2020-09-03T00:00:00,2020-09-03T00:00:00,292788,Ortec Inc.,U201-T2,U201,U201,17600.0,17600.0,7983.36,1408.0,1408.0,1190.2263
1,OV,OP,00010,122737,192412,1.0,2020-09-10T00:00:00,2020-09-10T00:00:00,2020-09-10T00:00:00,292788,Ortec Inc.,U201-T2,U201,U201,17600.0,17600.0,7983.36,1408.0,1408.0,1185.4187
1,OV,OP,00010,122737,192761,1.0,2020-09-17T00:00:00,2020-09-17T00:00:00,2020-09-17T00:00:00,292788,Ortec Inc.,U201-T2,U201,U201,17600.0,17600.0,7983.36,1408.0,1408.0,1190.8128
1,OV,OP,00010,122738,192736,1.0,2020-09-17T00:00:00,2020-09-17T00:00:00,2020-09-17T00:00:00,292788,Ortec Inc.,U201-T2,U201,U201,17600.0,17600.0,7983.36,1408.0,1408.0,1190.8128
1,OV,OP,00010,122738,192807,1.0,2020-09-18T00:00:00,2020-09-18T00:00:00,2020-09-18T00:00:00,292788,Ortec Inc.,U201-T2,U201,U201,17600.0,17600.0,7983.36,1408.0,1408.0,1187.2425
1,OV,OP,00010,123278,193618,1.0,2020-10-07T00:00:00,2020-10-07T00:00:00,2020-10-07T00:00:00,292788,Ortec Inc.,U201-T2,U201,U201,17600.0,17600.0,7983.36,1408.0,1408.0,1196.6716
1,OV,OP,00010,123278,193624,1.0,2020-10-07T00:00:00,2020-10-07T00:00:00,2020-10-07T00:00:00,292788,Ortec Inc.,U201-T2,U201,U201,17600.0,17600.0,7983.36,1408.0,1408.0,1196.6716
1,OV,OP,00010,130782,208620,1.0,2021-06-24T00:00:00,2021-06-24T00:00:00,2021-06-24T00:00:00,292788,Ortec Inc.,U201-T2,U201,U201,17600.0,17600.0,7983.36,1408.0,1408.0,1180.44
1,OV,OP,00010,131463,211307,1.0,2021-08-06T00:00:00,2021-08-06T00:00:00,2021-08-06T00:00:00,292788,Ortec Inc.,U201-T2,U201,U201,17600.0,17600.0,7983.36,1408.0,1408.0,1197.3145
1,OV,OP,00010,133317,216969,1.0,2021-11-04T00:00:00,2021-11-04T00:00:00,2021-11-04T00:00:00,292788,Ortec Inc.,U201-T2,U201,U201,17600.0,17600.0,7983.36,1408.0,1408.0,1219.6989
1,OV,OP,00010,133318,218184,1.0,2021-11-23T00:00:00,2021-11-23T00:00:00,2021-11-23T00:00:00,292788,Ortec Inc.,U201-T2,U201,U201,17600.0,17600.0,7983.36,1408.0,1408.0,1250.0803
1,OV,OP,00010,133318,218210,1.0,2021-11-23T00:00:00,2021-11-23T00:00:00,2021-11-23T00:00:00,292788,Ortec Inc.,U201-T2,U201,U201,17600.0,17600.0,7983.36,1408.0,1408.0,1250.0803
1,OV,OP,00010,137665,223627,1.0,2022-02-24T00:00:00,2022-02-24T00:00:00,2022-02-24T00:00:00,292788,Ortec Inc.,U201-T2,U201,U201,17600.0,17600.0,7983.36,1408.0,1408.0,1262.9025
1,OV,OP,00010,137665,223734,1.0,2022-02-25T00:00:00,2022-02-25T00:00:00,2022-02-25T00:00:00,292788,Ortec Inc.,U201-T2,U201,U201,17600.0,17600.0,7983.36,1408.0,1408.0,1250.6131
4,OV,OP,00010,123278,193622,1.0,2020-10-07T00:00:00,2020-10-07T00:00:00,2020-10-07T00:00:00,292788,Ortec Inc.,U201-T2,U201,U201,17600.0,17600.0,7983.36,1408.0,1408.0,1196.6716
4,OV,OP,00010,137665,223619,1.0,2022-02-24T00:00:00,2022-02-24T00:00:00,2022-02-24T00:00:00,292788,Ortec Inc.,U201-T2,U201,U201,17600.0,17600.0,7983.36,1408.0,1408.0,1262.9025
4,OV,OP,00010,137665,223625,1.0,2022-02-24T00:00:00,2022-02-24T00:00:00,2022-02-24T00:00:00,292788,Ortec Inc.,U201-T2,U201,U201,17600.0,17600.0,7983.36,1408.0,1408.0,1262.9025
4,OV,OP,00010,137665,223619,1.0,2022-02-24T00:00:00,2022-02-24T00:00:00,2022-02-24T00:00:00,292788,Ortec Inc.,U201-T2,U201,U201,17600.0,17600.0,7983.36,1408.0,1408.0,1262.9025
1,OV,OP,00010,118976,182476,1.0,2020-01-30T00:00:00,2020-01-30T00:00:00,2020-01-30T00:00:00,292788,Ortec Inc.,MDU20-T2,MDU20,MDU20,17600.0,17600.0,7983.36,1408.0,1408.0,1277.1367
1,OV,OP,00010,120505,186090,1.0,2020-04-14T00:00:00,2020-04-14T00:00:00,2020-04-14T00:00:00,292788,Ortec Inc.,U201-T2,U201,U201,17600.0,17600.0,7983.36,1056.0,1056.0,961.5095
1,OV,OP,00010,120506,186542,1.0,2020-04-23T00:00:00,2020-04-23T00:00:00,2020-04-23T00:00:00,292788,Ortec Inc.,U201-T2,U201,U201,17600.0,17600.0,7983.36,1056.0,1056.0,976.5064
1,OV,OP,00010,121434,188125,1.0,2020-06-02T00:00:00,2020-06-02T00:00:00,2020-06-02T00:00:00,292788,Ortec Inc.,U201-T2,U201,U201,17600.0,17600.0,7983.36,1056.0,1056.0,945.7669
1,OV,OP,00010,122736,192219,1.0,2020-09-03T00:00:00,2020-09-03T00:00:00,2020-09-03T00:00:00,292788,Ortec Inc.,U201-T2,U201,U201,17600.0,17600.0,7983.36,1408.0,1408.0,1190.2263
1,OV,OP,00010,122737,192410,1.0,2020-09-10T00:00:00,2020-09-10T00:00:00,2020-09-10T00:00:00,292788,Ortec Inc.,U201-T2,U201,U201,17600.0,17600.0,7983.36,1408.0,1408.0,1185.4187
1,OV,OP,00010,131463,211287,1.0,2021-08-06T00:00:00,2021-08-06T00:00:00,2021-08-06T00:00:00,292788,Ortec Inc.,U201-T2,U201,U201,17600.0,17600.0,7983.36,1408.0,1408.0,1197.3145
1,OV,OP,00010,125977,199264,1.0,2021-01-20T00:00:00,2021-01-20T00:00:00,2021-01-20T00:00:00,292788,Ortec Inc.,MDU20-T2,MDU20,MDU20,17600.0,17600.0,7983.36,1408.0,1408.0,1162.5638
1,OV,OP,00010,129000,205569,1.0,2021-05-06T00:00:00,2021-05-06T00:00:00,2021-05-06T00:00:00,292788,Ortec Inc.,MDU20-T2,MDU20,MDU20,17600.0,17600.0,7983.36,1408.0,1408.0,1168.3974
1,OV,OP,00010,129001,205571,1.0,2021-05-06T00:00:00,2021-05-06T00:00:00,2021-05-06T00:00:00,292788,Ortec Inc.,MDU20-T2,MDU20,MDU20,17600.0,17600.0,7983.36,1408.0,1408.0,1168.3974
1,OV,OP,00010,130783,208622,1.0,2021-06-24T00:00:00,2021-06-24T00:00:00,2021-06-24T00:00:00,292788,Ortec Inc.,U201-T2,U201,U201,17600.0,17600.0,7983.36,1408.0,1408.0,1180.44
1,OV,OP,00010,130815,211686,1.0,2021-08-12T00:00:00,2021-08-12T00:00:00,2021-08-12T00:00:00,292788,Ortec Inc.,MDU20-T2,MDU20,MDU20,17600.0,17600.0,7983.36,1408.0,1408.0,1199.9018
1,OV,OP,00010,131461,209870,1.0,2021-07-15T00:00:00,2021-07-15T00:00:00,2021-07-15T00:00:00,292788,Ortec Inc.,U201-T2,U201,U201,17600.0,17600.0,7983.36,1408.0,1408.0,1192.4953
1,OV,OP,00010,133317,216967,1.0,2021-11-04T00:00:00,2021-11-04T00:00:00,2021-11-04T00:00:00,292788,Ortec Inc.,U201-T2,U201,U201,17600.0,17600.0,7983.36,1408.0,1408.0,1219.6989
1,OV,OP,00010,133318,218182,1.0,2021-11-23T00:00:00,2021-11-23T00:00:00,2021-11-23T00:00:00,292788,Ortec Inc.,U201-T2,U201,U201,17600.0,17600.0,7983.36,1408.0,1408.0,1250.0803
1,OV,OP,00010,137665,223621,1.0,2022-02-24T00:00:00,2022-02-24T00:00:00,2022-02-24T00:00:00,292788,Ortec Inc.,U201-T2,U201,U201,17600.0,17600.0,7983.36,1408.0,1408.0,1262.9025
4,OV,OP,00010,118976,182474,1.0,2020-01-30T00:00:00,2020-01-30T00:00:00,2020-01-30T00:00:00,292788,Ortec Inc.,MDU20-T2,MDU20,MDU20,17600.0,17600.0,7983.36,1408.0,1408.0,1277.1367
4,OV,OP,00010,137665,223614,1.0,2022-02-24T00:00:00,2022-02-24T00:00:00,2022-02-24T00:00:00,292788,Ortec Inc.,U201-T2,U201,U201,17600.0,17600.0,7983.36,1408.0,1408.0,1262.9025
1,OV,OP,00010,119865,184948,1.0,2020-03-20T00:00:00,2020-03-20T00:00:00,2020-03-20T00:00:00,292788,Ortec Inc.,MDU20-T2,MDU20,MDU20,17600.0,17600.0,7983.36,1408.0,1408.0,1309.9701
1,OV,OP,00010,122472,189344,1.0,2020-07-02T00:00:00,2020-07-02T00:00:00,2020-07-02T00:00:00,292788,Ortec Inc.,U201,U201,U201,17600.0,17600.0,7983.36,1408.0,1408.0,1252.9223
1,OV,OP,00010,124189,193658,1.0,2020-10-08T00:00:00,2020-10-08T00:00:00,2020-10-08T00:00:00,292788,Ortec Inc.,MDU20-T2,MDU20,MDU20,17600.0,17600.0,7983.36,1408.0,1408.0,1198.0423
1,OV,OP,00010,124190,195822,1.0,2020-11-18T00:00:00,2020-11-18T00:00:00,2020-11-18T00:00:00,292788,Ortec Inc.,MDU20-T2,MDU20,MDU20,17600.0,17600.0,7983.36,1408.0,1408.0,1186.2741
1,OV,OP,00010,124191,198667,1.0,2021-01-08T00:00:00,2021-01-08T00:00:00,2021-01-08T00:00:00,292788,Ortec Inc.,MDU20-T2,MDU20,MDU20,17600.0,17600.0,7983.36,1408.0,1408.0,1148.9346
1,OV,OP,00010,128999,204593,1.0,2021-04-20T00:00:00,2021-04-20T00:00:00,2021-04-20T00:00:00,292788,Ortec Inc.,MDU20-T2,MDU20,MDU20,17600.0,17600.0,7983.36,1408.0,1408.0,1169.2162
1,OV,OP,00010,130814,208624,1.0,2021-06-24T00:00:00,2021-06-24T00:00:00,2021-06-24T00:00:00,292788,Ortec Inc.,MDU20-T2,MDU20,MDU20,17600.0,17600.0,7983.36,1408.0,1408.0,1180.44
2,PV,OP,00010,118976,20001695,1.0,2020-01-30T00:00:00,2020-01-30T00:00:00,2020-02-05T00:00:00,292788,Ortec Inc.,MDU20-T2,MDU20,MDU20,17600.0,17600.0,7983.36,43243.2,43243.2,39321.4396
2,PV,OP,00010,119865,20004268,1.0,2020-03-20T00:00:00,2020-03-20T00:00:00,2020-03-25T00:00:00,292788,Ortec Inc.,MDU20-T2,MDU20,MDU20,17600.0,17600.0,7983.36,43243.2,43243.2,39632.2155
2,PV,OP,00010,122472,20009940,1.0,2020-07-02T00:00:00,2020-07-02T00:00:00,2020-07-10T00:00:00,292788,Ortec Inc.,U201,U201,U201,17600.0,17600.0,7983.36,43260.8,43260.8,38230.4298
2,PV,OP,00010,122733,20011259,1.0,2020-07-29T00:00:00,2020-07-29T00:00:00,2020-08-06T00:00:00,292788,Ortec Inc.,U201-T2,U201,U201,17600.0,17600.0,7983.36,41606.4,41606.4,35118.4769
2,PV,OP,00010,122735,20014660,1.0,2020-09-01T00:00:00,2020-09-01T00:00:00,2020-10-02T00:00:00,292788,Ortec Inc.,U201-T2,U201,U201,17600.0,17600.0,7983.36,43260.8,43260.8,36952.9903
2,PV,OP,00010,122736,20014430,1.0,2020-09-03T00:00:00,2020-09-03T00:00:00,2020-09-29T00:00:00,292788,Ortec Inc.,U201-T2,U201,U201,17600.0,17600.0,7983.36,42451.2,42451.2,36226.4702
2,PV,OP,00010,122737,20014431,1.0,2020-09-10T00:00:00,2020-09-10T00:00:00,2020-09-29T00:00:00,292788,Ortec Inc.,U201-T2,U201,U201,17600.0,17600.0,7983.36,42451.2,42451.2,36226.4702
2,PV,OP,00010,122738,20014432,1.0,2020-09-17T00:00:00,2020-09-17T00:00:00,2020-09-29T00:00:00,292788,Ortec Inc.,U201-T2,U201,U201,17600.0,17600.0,7983.36,42451.2,42451.2,36226.4702
2,PV,OP,00010,124189,20015360,1.0,2020-10-08T00:00:00,2020-10-08T00:00:00,2020-10-21T00:00:00,292788,Ortec Inc.,MDU20-T2,MDU20,MDU20,17600.0,17600.0,7983.36,44739.2,44739.2,37690.1856
2,PV,OP,00010,124191,21000489,1.0,2021-01-08T00:00:00,2021-01-08T00:00:00,2021-01-11T00:00:00,292788,Ortec Inc.,MDU20-T2,MDU20,MDU20,17600.0,17600.0,7983.36,44739.2,44739.2,36761.7801
2,PV,OP,00010,128999,21006975,1.0,2021-04-20T00:00:00,2021-04-20T00:00:00,2021-04-20T00:00:00,292788,Ortec Inc.,MDU20-T2,MDU20,MDU20,17600.0,17600.0,7983.36,47970.56,47970.56,39835.1944
2,PV,OP,00010,130782,21011849,1.0,2021-06-24T00:00:00,2021-06-24T00:00:00,2021-06-24T00:00:00,292788,Ortec Inc.,U201-T2,U201,U201,17600.0,17600.0,7983.36,42521.6,42521.6,35649.2888
2,PV,OP,00010,130783,21011850,1.0,2021-06-24T00:00:00,2021-06-24T00:00:00,2021-06-24T00:00:00,292788,Ortec Inc.,U201-T2,U201,U201,17600.0,17600.0,7983.36,42521.6,42521.6,35649.2888
2,PV,OP,00010,130814,21011851,1.0,2021-06-24T00:00:00,2021-06-24T00:00:00,2021-06-24T00:00:00,292788,Ortec Inc.,MDU20-T2,MDU20,MDU20,17600.0,17600.0,7983.36,48611.2,48611.2,40754.6919
2,PV,OP,00010,130815,21015931,1.0,2021-08-12T00:00:00,2021-08-12T00:00:00,2021-08-12T00:00:00,292788,Ortec Inc.,MDU20-T2,MDU20,MDU20,17600.0,17600.0,7983.36,48611.2,48611.2,41426.6105
2,PV,OP,00010,131460,21013124,1.0,2021-07-13T00:00:00,2021-07-13T00:00:00,2021-07-13T00:00:00,292788,Ortec Inc.,U201-T2,U201,U201,17600.0,17600.0,7983.36,42451.2,42451.2,35940.4807
2,PV,OP,00010,131462,21015623,1.0,2021-08-04T00:00:00,2021-08-04T00:00:00,2021-08-09T00:00:00,292788,Ortec Inc.,U201-T2,U201,U201,17600.0,17600.0,7983.36,46094.4,46094.4,39233.7279
2,PV,OP,00010,137665,22003187,1.0,2022-02-24T00:00:00,2022-02-24T00:00:00,2022-02-28T00:00:00,292788,Ortec Inc.,U201-T2,U201,U201,17600.0,17600.0,7983.36,56865.6,56865.6,50670.2805
2,PV,OP,00010,137665,22003187,1.0,2022-02-24T00:00:00,2022-02-24T00:00:00,2022-02-28T00:00:00,292788,Ortec Inc.,U201-T2,U201,U201,17600.0,17600.0,7983.36,56865.6,56865.6,50670.2805
2,PV,OP,00010,137665,22003187,1.0,2022-02-25T00:00:00,2022-02-25T00:00:00,2022-02-28T00:00:00,292788,Ortec Inc.,U201-T2,U201,U201,17600.0,17600.0,7983.36,56865.6,56865.6,50670.2805
2,PV,OP,00010,137404,22000438,1.0,2022-01-11T00:00:00,2022-01-11T00:00:00,2022-01-11T00:00:00,292788,Ortec Inc.,??????,,,1.0,1.0,0.4536,2030.31,2030.31,1786.6819
2,PV,OP,00010,145925,23000099,1.0,2023-01-03T00:00:00,2023-01-03T00:00:00,2023-01-04T00:00:00,292788,Ortec Inc.,??????,,,1.0,1.0,0.4536,1350.0,1350.0,1271.4453
2,PV,OP,00010,157889,24006692,1.0,2024-05-02T00:00:00,2024-05-02T00:00:00,2024-05-15T00:00:00,292788,Ortec Inc.,??????,,,1.0,1.0,0.4536,1150.0,1150.0,1059.0908
2,PV,OP,00010,118714,20001694,1.0,2020-01-30T00:00:00,2020-01-30T00:00:00,2020-02-05T00:00:00,292788,Ortec Inc.,U101-OP,U101,U101,18450.0,18450.0,8368.92,37361.25,37361.25,33972.9283
2,PV,OP,00010,118845,20001673,1.0,2020-01-29T00:00:00,2020-01-29T00:00:00,2020-02-05T00:00:00,292788,Ortec Inc.,MDU20-T2,MDU20,MDU20,15400.0,15400.0,6985.44,38315.2,38315.2,34840.3639
2,PV,OP,00010,118926,20001177,1.0,2020-01-28T00:00:00,2020-01-28T00:00:00,2020-01-29T00:00:00,292788,Ortec Inc.,U204-OP,U204,U204,17100.0,17100.0,7756.56,42459.3,42459.3,38544.6375
2,PV,OP,00010,118977,20001898,1.0,2020-02-05T00:00:00,2020-02-05T00:00:00,2020-02-10T00:00:00,292788,Ortec Inc.,U101-OP,U101,U101,18000.0,18000.0,8164.8,36450.0,36450.0,33397.0865
2,PV,OP,00010,119238,20003635,1.0,2020-03-12T00:00:00,2020-03-12T00:00:00,2020-03-16T00:00:00,292788,Ortec Inc.,U501-OP,U501,U501,18000.0,18000.0,8164.8,21006.0,21006.0,18795.3076
2,PV,OP,00010,120090,20010657,1.0,2020-04-07T00:00:00,2020-04-07T00:00:00,2020-07-23T00:00:00,292788,Ortec Inc.,U501-OP,U501,U501,18000.0,18000.0,8164.8,54396.0,54396.0,46800.284
2,PV,OP,00010,120215,20006701,1.0,2020-04-16T00:00:00,2020-04-16T00:00:00,2020-05-01T00:00:00,292788,Ortec Inc.,U470-OP,U470,U470,9673.0,9673.0,4387.6728,31756.46,31756.46,28875.533
2,PV,OP,00010,120506,20006700,1.0,2020-04-23T00:00:00,2020-04-23T00:00:00,2020-05-01T00:00:00,292788,Ortec Inc.,U201-T2,U201,U201,15400.0,15400.0,6985.44,37699.2,37699.2,34279.1512
2,PV,OP,00010,121435,20008251,1.0,2020-05-27T00:00:00,2020-05-27T00:00:00,2020-05-28T00:00:00,292788,Ortec Inc.,U201-T2,U201,U201,15400.0,15400.0,6985.44,37699.2,37699.2,34071.1722
2,PV,OP,00010,121470,20008144,1.0,2020-05-21T00:00:00,2020-05-21T00:00:00,2020-05-28T00:00:00,292788,Ortec Inc.,U201-T2,U201,U201,15400.0,15400.0,6985.44,37699.2,37699.2,34071.1722
2,PV,OP,00010,121680,20008829,1.0,2020-05-27T00:00:00,2020-05-27T00:00:00,2020-06-09T00:00:00,292788,Ortec Inc.,U1001-OP,U1001,U1001,1350.0,1350.0,612.36,5491.8,5491.8,4839.6026
2,PV,OP,00010,121680,20008829,1.0,2020-05-27T00:00:00,2020-05-27T00:00:00,2020-06-09T00:00:00,292788,Ortec Inc.,U1001-OP,U1001,U1001,1350.0,1350.0,612.36,5491.8,5491.8,4839.6026
2,PV,OP,00010,121685,20009197,1.0,2020-06-11T00:00:00,2020-06-11T00:00:00,2020-06-16T00:00:00,292788,Ortec Inc.,U204-OP,U204,U204,16650.0,16650.0,7552.44,42307.65,42307.65,37586.0401
2,PV,OP,00010,122607,20013641,1.0,2020-08-07T00:00:00,2020-08-07T00:00:00,2020-09-15T00:00:00,292788,Ortec Inc.,U2022-OP,U2022,U2022,17164.0,17164.0,7785.5904,45124.16,45124.16,38084.9535
2,PV,OP,00010,122717,20012341,1.0,2020-08-14T00:00:00,2020-08-14T00:00:00,2020-08-25T00:00:00,292788,Ortec Inc.,MDU20-T2,MDU20,MDU20,8800.0,8800.0,3991.68,21841.6,21841.6,18481.6564
2,PV,OP,00010,122717,20012341,1.0,2020-08-14T00:00:00,2020-08-14T00:00:00,2020-08-25T00:00:00,292788,Ortec Inc.,MDU20-T2,MDU20,MDU20,6600.0,6600.0,2993.76,16381.2,16381.2,13861.2423
2,PV,OP,00010,122718,20014429,1.0,2020-08-08T00:00:00,2020-08-08T00:00:00,2020-09-29T00:00:00,292788,Ortec Inc.,U204-OP,U204,U204,8100.0,8100.0,3674.16,21068.1,21068.1,17978.8297
2,PV,OP,00010,122719,20016996,1.0,2020-10-07T00:00:00,2020-10-07T00:00:00,2020-11-12T00:00:00,292788,Ortec Inc.,U204-OP,U204,U204,8100.0,8100.0,3674.16,21068.1,21068.1,17831.5279
2,PV,OP,00010,122733,20011259,1.0,2020-07-27T00:00:00,2020-07-27T00:00:00,2020-08-06T00:00:00,292788,Ortec Inc.,U201-T2,U201,U201,15400.0,15400.0,6985.44,37144.8,37144.8,31352.5996
2,PV,OP,00010,122734,20014658,1.0,2020-08-11T00:00:00,2020-08-11T00:00:00,2020-10-02T00:00:00,292788,Ortec Inc.,U201-T2,U201,U201,8800.0,8800.0,3991.68,21630.4,21630.4,18476.4952
2,PV,OP,00010,122735,20014660,1.0,2020-08-25T00:00:00,2020-08-25T00:00:00,2020-10-02T00:00:00,292788,Ortec Inc.,U201-T2,U201,U201,8800.0,8800.0,3991.68,21630.4,21630.4,18476.4952
2,PV,OP,00010,122735,20014660,1.0,2020-08-25T00:00:00,2020-08-25T00:00:00,2020-10-02T00:00:00,292788,Ortec Inc.,U201-T2,U201,U201,8800.0,8800.0,3991.68,21630.4,21630.4,18476.4952
2,PV,OP,00010,122736,20014430,1.0,2020-09-04T00:00:00,2020-09-04T00:00:00,2020-09-29T00:00:00,292788,Ortec Inc.,U201-T2,U201,U201,15400.0,15400.0,6985.44,37144.8,37144.8,31698.1614
2,PV,OP,00010,122738,20014432,1.0,2020-09-17T00:00:00,2020-09-17T00:00:00,2020-09-29T00:00:00,292788,Ortec Inc.,U201-T2,U201,U201,15400.0,15400.0,6985.44,37144.8,37144.8,31698.1614
2,PV,OP,00010,125464,20018459,1.0,2020-12-15T00:00:00,2020-12-15T00:00:00,2020-12-15T00:00:00,292788,Ortec Inc.,U501-OP,U501,U501,18450.0,18450.0,8368.92,57453.3,57453.3,47260.0734
2,PV,OP,00010,125464,20018459,1.0,2020-12-15T00:00:00,2020-12-15T00:00:00,2020-12-15T00:00:00,292788,Ortec Inc.,U501-OP,U501,U501,94.0,94.0,42.6384,292.72,292.72,240.7863
2,PV,OP,00010,125636,21001378,1.0,2021-01-27T00:00:00,2021-01-27T00:00:00,2021-01-27T00:00:00,292788,Ortec Inc.,U101-OP,U101,U101,18000.0,18000.0,8164.8,37188.0,37188.0,30735.0304
2,PV,OP,00010,125637,20018692,1.0,2020-12-17T00:00:00,2020-12-17T00:00:00,2020-12-17T00:00:00,292788,Ortec Inc.,MDU20-T2,MDU20,MDU20,15400.0,15400.0,6985.44,38222.8,38222.8,31180.1115
2,PV,OP,00010,125693,21004461,1.0,2021-01-27T00:00:00,2021-01-27T00:00:00,2021-03-03T00:00:00,292788,Ortec Inc.,U101-OP,U101,U101,18000.0,18000.0,8164.8,36522.0,36522.0,30243.5395
2,PV,OP,00010,126822,21001593,1.0,2021-02-01T00:00:00,2021-02-01T00:00:00,2021-02-01T00:00:00,292788,Ortec Inc.,U2022-OP,U2022,U2022,16900.0,16900.0,7665.84,44430.1,44430.1,36802.3004
2,PV,OP,00010,126823,21001883,1.0,2021-02-03T00:00:00,2021-02-03T00:00:00,2021-02-03T00:00:00,292788,Ortec Inc.,MDU20-T2,MDU20,MDU20,15400.0,15400.0,6985.44,38222.8,38222.8,31788.4006
2,PV,OP,00010,127335,21003497,1.0,2021-02-18T00:00:00,2021-02-18T00:00:00,2021-02-18T00:00:00,292788,Ortec Inc.,U501-OP,U501,U501,9450.0,9450.0,4286.52,29455.65,29455.65,24386.8275
2,PV,OP,00010,127521,21005144,1.0,2021-02-25T00:00:00,2021-02-25T00:00:00,2021-03-16T00:00:00,292788,Ortec Inc.,MDU20-T2,MDU20,MDU20,11000.0,11000.0,4989.6,29502.0,29502.0,24800.9389
2,PV,OP,00010,127888,21004647,1.0,2021-03-09T00:00:00,2021-03-09T00:00:00,2021-03-09T00:00:00,292788,Ortec Inc.,U2022-OP,U2022,U2022,16650.0,16650.0,7552.44,43772.85,43772.85,36823.1046
2,PV,OP,00010,128284,21005654,1.0,2021-03-25T00:00:00,2021-03-25T00:00:00,2021-03-25T00:00:00,292788,Ortec Inc.,U502-OP,U502,U502,10061.0,10061.0,4563.6696,32969.9,32969.9,28000.8712
2,PV,OP,00010,128998,21009422,1.0,2021-05-24T00:00:00,2021-05-24T00:00:00,2021-05-24T00:00:00,292788,Ortec Inc.,U101-OP,U101,U101,9000.0,9000.0,4082.4,19944.0,19944.0,16335.5999
2,PV,OP,00010,129366,21015868,1.0,2021-08-11T00:00:00,2021-08-11T00:00:00,2021-08-11T00:00:00,292788,Ortec Inc.,U501-OP,U501,U501,18000.0,18000.0,8164.8,63000.0,63000.0,53676.6174
2,PV,OP,00010,129640,21015928,1.0,2021-08-12T00:00:00,2021-08-12T00:00:00,2021-08-12T00:00:00,292788,Ortec Inc.,U501-OP,U501,U501,18450.0,18450.0,8368.92,64575.0,64575.0,55031.0087
2,PV,OP,00010,130730,21010107,1.0,2021-05-27T00:00:00,2021-05-27T00:00:00,2021-05-28T00:00:00,292788,Ortec Inc.,U501-OP,U501,U501,9595.0,9595.0,4352.292,35347.98,35347.98,28988.0619
2,PV,OP,00010,130778,21017486,1.0,2021-09-03T00:00:00,2021-09-03T00:00:00,2021-09-04T00:00:00,292788,Ortec Inc.,U101-OP,U101,U101,17979.0,17979.0,8155.2744,39895.4,39895.4,33585.4159
2,PV,OP,00010,130782,21011849,1.0,2021-06-24T00:00:00,2021-06-24T00:00:00,2021-06-24T00:00:00,292788,Ortec Inc.,U201-T2,U201,U201,15400.0,15400.0,6985.44,37206.4,37206.4,31193.1277
2,PV,OP,00010,130817,21017251,1.0,2021-09-01T00:00:00,2021-09-01T00:00:00,2021-09-01T00:00:00,292788,Ortec Inc.,MDU20-T2,MDU20,MDU20,16636.0,16636.0,7546.0896,45200.01,45200.01,38139.2215
2,PV,OP,00010,131113,21017250,1.0,2021-09-01T00:00:00,2021-09-01T00:00:00,2021-09-01T00:00:00,292788,Ortec Inc.,U204-OP,U204,U204,16446.0,16446.0,7459.9056,44190.4,44190.4,37287.3248
2,PV,OP,00010,131460,21013124,1.0,2021-07-13T00:00:00,2021-07-13T00:00:00,2021-07-13T00:00:00,292788,Ortec Inc.,U201-T2,U201,U201,15400.0,15400.0,6985.44,37144.8,37144.8,31447.9206
2,PV,OP,00010,131461,21014012,1.0,2021-07-15T00:00:00,2021-07-15T00:00:00,2021-07-26T00:00:00,292788,Ortec Inc.,U201-T2,U201,U201,15400.0,15400.0,6985.44,37144.8,37144.8,31452.742
2,PV,OP,00010,131462,21015623,1.0,2021-07-29T00:00:00,2021-07-29T00:00:00,2021-08-09T00:00:00,292788,Ortec Inc.,U201-T2,U201,U201,15400.0,15400.0,6985.44,37144.8,37144.8,31616.1828
2,PV,OP,00010,131463,21015480,1.0,2021-08-06T00:00:00,2021-08-06T00:00:00,2021-08-09T00:00:00,292788,Ortec Inc.,U201-T2,U201,U201,15400.0,15400.0,6985.44,40332.6,40332.6,34329.5119
2,PV,OP,00010,131464,21019396,1.0,2021-09-16T00:00:00,2021-09-16T00:00:00,2021-10-01T00:00:00,292788,Ortec Inc.,U201-T2,U201,U201,8800.0,8800.0,3991.68,23047.2,23047.2,19874.0154
2,PV,OP,00010,131464,21019396,1.0,2021-09-16T00:00:00,2021-09-16T00:00:00,2021-10-01T00:00:00,292788,Ortec Inc.,U201-T2,U201,U201,8800.0,8800.0,3991.68,23047.2,23047.2,19874.0154
2,PV,OP,00010,133186,22000605,1.0,2021-12-30T00:00:00,2021-12-30T00:00:00,2022-01-13T00:00:00,292788,Ortec Inc.,U101-OP,U101,U101,4994.0,4994.0,2265.2784,14447.64,14447.64,12601.1175
2,PV,OP,00010,133192,21019898,1.0,2021-10-09T00:00:00,2021-10-09T00:00:00,2021-10-11T00:00:00,292788,Ortec Inc.,U204-OP,U204,U204,16915.0,16915.0,7672.644,47683.39,47683.39,41204.6669
2,PV,OP,00010,133314,22001084,1.0,2022-01-20T00:00:00,2022-01-20T00:00:00,2022-01-20T00:00:00,292788,Ortec Inc.,U101-OP,U101,U101,18298.0,18298.0,8299.9728,53466.76,53466.76,47165.3227
2,PV,OP,00010,133518,21019857,1.0,2021-10-07T00:00:00,2021-10-07T00:00:00,2021-10-08T00:00:00,292788,Ortec Inc.,U701-OP,U701,U701,9584.0,9584.0,4347.3024,39869.44,39869.44,34453.5354
2,PV,OP,00010,133664,22002251,1.0,2022-02-10T00:00:00,2022-02-10T00:00:00,2022-02-10T00:00:00,292788,Ortec Inc.,U101-OP,U101,U101,18220.0,18220.0,8264.592,54313.82,54313.82,47278.3391
2,PV,OP,00010,133665,22004986,1.0,2022-03-23T00:00:00,2022-03-23T00:00:00,2022-03-23T00:00:00,292788,Ortec Inc.,U101-OP,U101,U101,18211.0,18211.0,8260.5096,54305.2,54305.2,49367.4617
2,PV,OP,00010,133725,21021820,1.0,2021-11-10T00:00:00,2021-11-10T00:00:00,2021-11-15T00:00:00,292788,Ortec Inc.,U2022-OP,U2022,U2022,17211.0,17211.0,7806.9096,44524.86,44524.86,38994.5963
2,PV,OP,00010,135442,22006350,1.0,2022-04-21T00:00:00,2022-04-21T00:00:00,2022-04-21T00:00:00,292788,Ortec Inc.,U101-OP,U101,U101,17804.0,17804.0,8075.8944,53091.53,53091.53,48979.5538
2,PV,OP,00010,135443,21023463,1.0,2021-12-09T00:00:00,2021-12-09T00:00:00,2021-12-09T00:00:00,292788,Ortec Inc.,U501-OP,U501,U501,18220.0,18220.0,8264.592,66393.68,66393.68,58828.6978
2,PV,OP,00010,135444,22001519,1.0,2022-02-01T00:00:00,2022-02-01T00:00:00,2022-02-01T00:00:00,292788,Ortec Inc.,U501-OP,U501,U501,18036.0,18036.0,8181.1296,78528.74,78528.74,69881.8698
2,PV,OP,00010,135445,22007784,1.0,2022-05-17T00:00:00,2022-05-17T00:00:00,2022-05-17T00:00:00,292788,Ortec Inc.,U501-OP,U501,U501,18030.0,18030.0,8178.408,83677.23,83677.23,79437.9909
2,PV,OP,00010,135448,21024625,1.0,2021-12-28T00:00:00,2021-12-28T00:00:00,2021-12-29T00:00:00,292788,Ortec Inc.,U2022-OP,U2022,U2022,12150.0,12150.0,5511.24,40046.4,40046.4,35325.3179
2,PV,OP,00010,135449,22006357,1.0,2022-04-21T00:00:00,2022-04-21T00:00:00,2022-04-21T00:00:00,292788,Ortec Inc.,U502-OP,U502,U502,10020.0,10020.0,4545.072,48096.0,48096.0,44370.9311
2,PV,OP,00010,135450,22001083,1.0,2022-01-20T00:00:00,2022-01-20T00:00:00,2022-01-20T00:00:00,292788,Ortec Inc.,U204-OP,U204,U204,16934.0,16934.0,7681.2624,55001.63,55001.63,48519.2974
2,PV,OP,00010,136017,22008267,1.0,2022-05-25T00:00:00,2022-05-25T00:00:00,2022-05-26T00:00:00,292788,Ortec Inc.,U101-OP,U101,U101,18061.0,18061.0,8192.4696,54417.79,54417.79,50740.0616
2,PV,OP,00010,136086,21024622,1.0,2021-12-28T00:00:00,2021-12-28T00:00:00,2021-12-29T00:00:00,292788,Ortec Inc.,APT10,APT10,APT10,35200.0,35200.0,15966.72,92470.4,92470.4,81569.0368
2,PV,OP,00010,136086,21024622,1.0,2021-12-28T00:00:00,2021-12-28T00:00:00,2021-12-29T00:00:00,292788,Ortec Inc.,APT10,APT10,APT10,8206.0,8206.0,3722.2416,21557.16,21557.16,19015.7799
2,PV,OP,00010,136529,22002476,1.0,2022-02-10T00:00:00,2022-02-10T00:00:00,2022-02-17T00:00:00,292788,Ortec Inc.,APT10,APT10,APT10,3269.0,3269.0,1482.8184,8760.92,8760.92,7709.3091
2,PV,OP,00010,138299,22005280,1.0,2022-03-31T00:00:00,2022-03-31T00:00:00,2022-03-31T00:00:00,292788,Ortec Inc.,U2023-OP,U2023,U2023,933.0,933.0,423.2088,8196.41,8196.41,7387.0571
2,PV,OP,00010,139056,22006351,1.0,2022-04-21T00:00:00,2022-04-21T00:00:00,2022-04-21T00:00:00,292788,Ortec Inc.,APT10-T2,APT10,APT10,43270.0,43270.0,19627.272,115747.25,115747.25,106782.5445
2,PV,OP,00010,139373,22006352,1.0,2022-04-21T00:00:00,2022-04-21T00:00:00,2022-04-21T00:00:00,292788,Ortec Inc.,U2022-OP,U2022,U2022,16959.0,16959.0,7692.6024,57711.48,57711.48,53241.6855
2,PV,OP,00010,140432,22009177,1.0,2022-06-08T00:00:00,2022-06-08T00:00:00,2022-06-08T00:00:00,292788,Ortec Inc.,U501-OP,U501,U501,17980.0,17980.0,8155.728,83445.18,83445.18,77696.2577
2,PV,OP,00010,140433,22009210,1.0,2022-06-09T00:00:00,2022-06-09T00:00:00,2022-06-10T00:00:00,292788,Ortec Inc.,U502-OP,U502,U502,10205.0,10205.0,4628.988,49545.28,49545.28,47095.4889
2,PV,OP,00010,140775,22009178,1.0,2022-06-08T00:00:00,2022-06-08T00:00:00,2022-06-08T00:00:00,292788,Ortec Inc.,MDU20-T2,MDU20,MDU20,17888.0,17888.0,8113.9968,63967.49,63967.49,59560.4754
2,PV,OP,00010,141140,22010131,1.0,2022-06-29T00:00:00,2022-06-29T00:00:00,2022-06-29T00:00:00,292788,Ortec Inc.,U101-OP,U101,U101,18090.0,18090.0,8205.624,54505.17,54505.17,52037.8627
2,PV,OP,00010,141465,22011225,1.0,2022-07-20T00:00:00,2022-07-20T00:00:00,2022-07-20T00:00:00,292788,Ortec Inc.,U701-OP,U701,U701,4050.0,4050.0,1837.08,21039.75,21039.75,20598.8578
2,PV,OP,00010,141466,22011226,1.0,2022-07-20T00:00:00,2022-07-20T00:00:00,2022-07-20T00:00:00,292788,Ortec Inc.,U701-OP,U701,U701,4500.0,4500.0,2041.2,23377.5,23377.5,22887.6198
2,PV,OP,00010,141467,22011223,1.0,2022-07-20T00:00:00,2022-07-20T00:00:00,2022-07-20T00:00:00,292788,Ortec Inc.,U701-OP,U701,U701,4745.0,4745.0,2152.332,24650.28,24650.28,24133.7285
2,PV,OP,00010,141497,22011465,1.0,2022-07-22T00:00:00,2022-07-22T00:00:00,2022-07-22T00:00:00,292788,Ortec Inc.,U2022-OP,U2022,U2022,17280.0,17280.0,7838.208,64765.44,64765.44,63339.8361
2,PV,OP,00010,142080,22011831,1.0,2022-07-22T00:00:00,2022-07-22T00:00:00,2022-07-26T00:00:00,292788,Ortec Inc.,APT10-T2,APT10,APT10,7218.0,7218.0,3274.0848,1768.41,1768.41,1747.9025
2,PV,OP,00010,142080,22011831,1.0,2022-07-26T00:00:00,2022-07-26T00:00:00,2022-07-26T00:00:00,292788,Ortec Inc.,APT10-T2,APT10,APT10,37400.0,37400.0,16964.64,9163.0,9163.0,9056.7404
2,PV,OP,00010,142082,22012501,1.0,2022-07-29T00:00:00,2022-07-29T00:00:00,2022-08-01T00:00:00,292788,Ortec Inc.,MDU20-T2,MDU20,MDU20,16732.0,16732.0,7589.6352,61038.34,61038.34,59446.1732
2,PV,OP,00010,142155,22011486,1.0,2022-07-22T00:00:00,2022-07-22T00:00:00,2022-07-22T00:00:00,292788,Ortec Inc.,APT10-T2,APT10,APT10,4400.0,4400.0,1995.84,1078.0,1078.0,1054.2713
2,PV,OP,00010,142155,22011486,1.0,2022-07-22T00:00:00,2022-07-22T00:00:00,2022-07-22T00:00:00,292788,Ortec Inc.,APT10-T2,APT10,APT10,37400.0,37400.0,16964.64,9163.0,9163.0,8961.3059
2,PV,OP,00010,142308,22016002,1.0,2022-09-15T00:00:00,2022-09-15T00:00:00,2022-09-16T00:00:00,292788,Ortec Inc.,MDU20-T2,MDU20,MDU20,16880.0,16880.0,7656.768,59637.04,59637.04,59588.5133
2,PV,OP,00010,142488,22013358,1.0,2022-08-15T00:00:00,2022-08-15T00:00:00,2022-08-15T00:00:00,292788,Ortec Inc.,U201-T2,U201,U201,18361.0,18361.0,8328.5496,65952.71,65952.71,64762.29
2,PV,OP,00010,142957,22020939,1.0,2022-11-11T00:00:00,2022-11-11T00:00:00,2022-11-11T00:00:00,292788,Ortec Inc.,U101-OP,U101,U101,18000.0,18000.0,8164.8,50814.0,50814.0,49167.1742
2,PV,OP,00010,142958,22020937,1.0,2022-11-11T00:00:00,2022-11-11T00:00:00,2022-11-11T00:00:00,292788,Ortec Inc.,U101-OP,U101,U101,18450.0,18450.0,8368.92,52084.35,52084.35,50396.3535
2,PV,OP,00010,143127,23000017,1.0,2022-12-29T00:00:00,2022-12-29T00:00:00,2023-01-03T00:00:00,292788,Ortec Inc.,U101-OP,U101,U101,18166.0,18166.0,8240.097600000001,51282.62,51282.62,48575.8566
2,PV,OP,00010,143547,23005028,1.0,2023-03-10T00:00:00,2023-03-10T00:00:00,2023-03-13T00:00:00,292788,Ortec Inc.,U701-OP,U701,U701,4500.0,4500.0,2041.2,23868.0,23868.0,22242.8494
2,PV,OP,00010,144618,23002284,1.0,2023-02-07T00:00:00,2023-02-07T00:00:00,2023-02-07T00:00:00,292788,Ortec Inc.,MDU20-T2,MDU20,MDU20,15400.0,15400.0,6985.44,53268.6,53268.6,49751.9402
2,PV,OP,00010,144619,23006173,1.0,2023-03-23T00:00:00,2023-03-23T00:00:00,2023-03-23T00:00:00,292788,Ortec Inc.,U470-OP,U470,U470,9450.0,9450.0,4286.52,51181.2,51181.2,46997.9149
2,PV,OP,00010,145123,23003934,1.0,2023-02-24T00:00:00,2023-02-24T00:00:00,2023-02-24T00:00:00,292788,Ortec Inc.,U101-OP,U101,U101,18000.0,18000.0,8164.8,49608.0,49608.0,47042.7257
2,PV,OP,00010,145129,23004062,1.0,2023-02-28T00:00:00,2023-02-28T00:00:00,2023-02-28T00:00:00,292788,Ortec Inc.,U101-OP,U101,U101,17757.0,17757.0,8054.5752,48938.29,48938.29,46157.954
2,PV,OP,00010,146193,23006441,1.0,2023-03-28T00:00:00,2023-03-28T00:00:00,2023-03-29T00:00:00,292788,Ortec Inc.,U501-OP,U501,U501,18450.0,18450.0,8368.92,95884.65,95884.65,88566.1582
2,PV,OP,00010,146554,23004989,1.0,2023-03-09T00:00:00,2023-03-09T00:00:00,2023-03-09T00:00:00,292788,Ortec Inc.,U2022-OP,U2022,U2022,16650.0,16650.0,7552.44,59473.8,59473.8,56231.0148
2,PV,OP,00010,146856,23004988,1.0,2023-03-09T00:00:00,2023-03-09T00:00:00,2023-03-09T00:00:00,292788,Ortec Inc.,U2022-OP,U2022,U2022,17277.0,17277.0,7836.8472,61713.44,61713.44,58348.5394
2,PV,OP,00010,146857,23005017,1.0,2023-03-10T00:00:00,2023-03-10T00:00:00,2023-03-13T00:00:00,292788,Ortec Inc.,U701-OP,U701,U701,4428.0,4428.0,2008.5408,23486.11,23486.11,21886.9619
2,PV,OP,00010,146858,23006172,1.0,2023-03-23T00:00:00,2023-03-23T00:00:00,2023-03-23T00:00:00,292788,Ortec Inc.,MDU20-T2,MDU20,MDU20,15400.0,15400.0,6985.44,53114.6,53114.6,48773.2888
2,PV,OP,00010,147081,23007708,1.0,2023-04-18T00:00:00,2023-04-18T00:00:00,2023-04-18T00:00:00,292788,Ortec Inc.,U201-T2,U201,U201,17042.0,17042.0,7730.2512,58113.22,58113.22,53036.1992
2,PV,OP,00010,147147,23007709,1.0,2023-04-18T00:00:00,2023-04-18T00:00:00,2023-04-18T00:00:00,292788,Ortec Inc.,MDU20-T2,MDU20,MDU20,18630.0,18630.0,8450.568,64254.87,64254.87,58641.2883
2,PV,OP,00010,148836,23011112,1.0,2023-05-31T00:00:00,2023-05-31T00:00:00,2023-05-31T00:00:00,292788,Ortec Inc.,U701-OP,U701,U701,4050.0,4050.0,1837.08,21655.35,21655.35,20327.4396
2,PV,OP,00010,151387,23019801,1.0,2023-10-10T00:00:00,2023-10-10T00:00:00,2023-10-10T00:00:00,292788,Ortec Inc.,U2022-OP,U2022,U2022,17003.0,17003.0,7712.5608,60292.64,60292.64,56784.163
2,PV,OP,00010,152889,23022014,1.0,2023-11-16T00:00:00,2023-11-16T00:00:00,2023-11-17T00:00:00,292788,Ortec Inc.,U201-T2,U201,U201,17099.0,17099.0,7756.1064,52015.16,52015.16,47818.9514
2,PV,OP,00010,153313,23022009,1.0,2023-11-16T00:00:00,2023-11-16T00:00:00,2023-11-17T00:00:00,292788,Ortec Inc.,U701-OP,U701,U701,4406.0,4406.0,1998.5616,21197.27,21197.27,19487.2269
2,PV,OP,00010,153454,23022840,1.0,2023-12-08T00:00:00,2023-12-08T00:00:00,2023-12-08T00:00:00,292788,Ortec Inc.,MDU20-T2,MDU20,MDU20,16508.0,16508.0,7488.0288,50233.84,50233.84,46749.43
2,PV,OP,00010,156752,24004645,1.0,2024-04-05T00:00:00,2024-04-05T00:00:00,2024-04-05T00:00:00,292788,Ortec Inc.,U701-OP,U701,U701,4050.0,4050.0,1837.08,19047.15,19047.15,17568.8169
2,PV,OP,00010,156816,24005897,1.0,2024-04-25T00:00:00,2024-04-25T00:00:00,2024-04-25T00:00:00,292788,Ortec Inc.,U201-T2,U201,U201,15400.0,15400.0,6985.44,46384.8,46384.8,43265.4268
2,PV,OP,00010,156816,24005897,1.0,2024-04-25T00:00:00,2024-04-25T00:00:00,2024-04-25T00:00:00,292788,Ortec Inc.,U201-T2,U201,U201,1895.0,1895.0,859.572,5707.74,5707.74,5323.8951
2,PV,OP,00010,158940,24007835,1.0,2024-06-03T00:00:00,2024-06-03T00:00:00,2024-06-06T00:00:00,292788,Ortec Inc.,MDU20-T2,MDU20,MDU20,16642.0,16642.0,7548.8112,49693.01,49693.01,45664.5319
2,PV,OP,00010,158941,24008744,1.0,2024-06-24T00:00:00,2024-06-24T00:00:00,2024-06-24T00:00:00,292788,Ortec Inc.,U2022-T2,U2022,U2022,16877.0,16877.0,7655.4072,53010.66,53010.66,49406.8257
2,PV,OP,00010,159697,24010290,1.0,2024-07-18T00:00:00,2024-07-18T00:00:00,2024-07-18T00:00:00,292788,Ortec Inc.,U501-OP,U501,U501,17957.0,17957.0,8145.2952000000005,84308.12,84308.12,77256.7659
2,PV,OP,00010,159774,24008985,1.0,2024-06-27T00:00:00,2024-06-27T00:00:00,2024-06-27T00:00:00,292788,Ortec Inc.,U201-T2,U201,U201,17104.0,17104.0,7758.3744,51517.25,51517.25,48112.7995
2,PV,OP,00010,160156,24011232,1.0,2024-08-08T00:00:00,2024-08-08T00:00:00,2024-08-08T00:00:00,292788,Ortec Inc.,U501-OP,U501,U501,18015.0,18015.0,8171.604,84580.43,84580.43,77505.2432
2,PV,OP,00010,160466,24011601,1.0,2024-08-16T00:00:00,2024-08-16T00:00:00,2024-08-16T00:00:00,292788,Ortec Inc.,U502-OP,U502,U502,9900.0,9900.0,4490.64,48252.6,48252.6,43881.9615
2,PV,OP,00010,167195,25006706,1.0,2025-05-09T00:00:00,2025-05-09T00:00:00,2025-05-13T00:00:00,292788,Ortec Inc.,U501-OP,U501,U501,18000.0,18000.0,8164.8,72342.0,72342.0,64729.6177
2,PV,OP,00010,167310,25006852,1.0,2025-05-15T00:00:00,2025-05-15T00:00:00,2025-05-16T00:00:00,292788,Ortec Inc.,U101-OP,U101,U101,18000.0,18000.0,8164.8,46062.0,46062.0,41344.2793
2,PV,OP,00010,170658,25012464,1.0,2025-09-09T00:00:00,2025-09-09T00:00:00,2025-09-10T00:00:00,292788,Ortec Inc.,MDU20-T2,MDU20,MDU20,15400.0,15400.0,6985.44,46723.6,46723.6,39884.933
2,PV,OP,00010,171437,25015598,1.0,2025-10-24T00:00:00,2025-10-24T00:00:00,2025-10-27T00:00:00,292788,Ortec Inc.,U101-OP,U101,U101,18000.0,18000.0,8164.8,46656.0,46656.0,40098.2566
2,PV,OP,00010,171439,25015327,1.0,2025-10-17T00:00:00,2025-10-17T00:00:00,2025-10-20T00:00:00,292788,Ortec Inc.,U701-OP,U701,U701,9000.0,9000.0,4082.4,34668.0,34668.0,29741.6529
2,PV,OP,00010,171439,25015327,1.0,2025-10-17T00:00:00,2025-10-17T00:00:00,2025-10-20T00:00:00,292788,Ortec Inc.,U701-OP,U701,U701,9450.0,9450.0,4286.52,36401.4,36401.4,31228.7356
2,PV,OP,00010,172186,25018236,1.0,2025-12-11T00:00:00,2025-12-11T00:00:00,2025-12-12T00:00:00,292788,Ortec Inc.,U802-OP,U802,U802,9450.0,9450.0,4286.52,26856.9,26856.9,22893.5977
2,PV,OP,00010,174529,26004057,1.0,2026-03-06T00:00:00,2026-03-06T00:00:00,2026-03-09T00:00:00,292788,Ortec Inc.,U701-OP,U701,U701,9450.0,9450.0,4286.52,36401.4,36401.4,31401.5512
2,PV,OP,00010,175079,26005393,1.0,2026-03-30T00:00:00,2026-03-30T00:00:00,2026-03-31T00:00:00,292788,Ortec Inc.,U502-OP,U502,U502,9900.0,9900.0,4490.64,42629.4,42629.4,37017.734
2,PV,OP,00010,175414,26009732,1.0,2026-05-21T00:00:00,2026-05-21T00:00:00,2026-05-21T00:00:00,292788,Ortec Inc.,U701-OP,U701,U701,9450.0,9450.0,4286.52,37525.95,37525.95,32381.2023
2,PV,OP,00010,175850,26006573,1.0,2026-04-16T00:00:00,2026-04-16T00:00:00,2026-04-17T00:00:00,292788,Ortec Inc.,U2022-OP,U2022,U2022,16650.0,16650.0,7552.44,54745.2,54745.2,46389.9547
2,PV,OP,00010,175909,26006878,1.0,2026-04-23T00:00:00,2026-04-23T00:00:00,2026-04-23T00:00:00,292788,Ortec Inc.,MDU20-T2,MDU20,MDU20,15400.0,15400.0,6985.44,47663.0,47663.0,40719.0443
2,PV,OP,00010,177359,26012413,1.0,2026-06-25T00:00:00,2026-06-25T00:00:00,2026-06-25T00:00:00,292788,Ortec Inc.,U502-OP,U502,U502,9900.0,9900.0,4490.64,43015.5,43015.5,37784.9442
2,PV,OP,00010,177205,26013782,1.0,2026-07-14T00:00:00,2026-07-14T00:00:00,2026-07-14T00:00:00,292788,Ortec Inc.,U501-OP,U501,U501,18000.0,18000.0,8164.8,76320.0,76320.0,66790.6237
2,PV,OP,00010,178916,26015598,1.0,2026-08-15T00:00:00,2026-08-15T00:00:00,2026-08-15T00:00:00,292788,Ortec Inc.,U2022-OP,U2022,U2022,16650.0,16650.0,7552.44,54795.15,54795.15,47369.3168
2,PV,OP,00010,178823,26015597,1.0,2026-08-15T00:00:00,2026-08-15T00:00:00,2026-08-15T00:00:00,292788,Ortec Inc.,MDU20-T2,MDU20,MDU20,15400.0,15400.0,6985.44,47693.8,47693.8,41230.341
2,PV,OP,00010,140434,22009211,1.0,2022-06-09T00:00:00,2022-06-09T00:00:00,2022-06-10T00:00:00,292788,Ortec Inc.,U502-OP,U502,U502,9900.0,9900.0,4490.64,48064.5,48064.5,45687.9268
2,PV,OP,00010,134944,21021750,1.0,2021-11-11T00:00:00,2021-11-11T00:00:00,2021-11-11T00:00:00,292788,Ortec Inc.,APT10,APT10,APT10,4518.0,4518.0,2049.3648,16517.81,16517.81,14407.4252
2,PV,OP,00010,136132,22001538,1.0,2022-02-01T00:00:00,2022-02-01T00:00:00,2022-02-01T00:00:00,292788,Ortec Inc.,APT11,APT11,APT11,4372.0,4372.0,1983.1392,15984.03,15984.03,14224.0141
2,PV,OP,00010,118400,20000634,1.0,2020-01-15T00:00:00,2020-01-15T00:00:00,2020-01-16T00:00:00,292788,Ortec Inc.,U101-OP,U101,U101,17550.0,17550.0,7960.68,35486.1,35486.1,31877.3553
2,PV,OP,00010,118854,20002194,1.0,2020-02-11T00:00:00,2020-02-11T00:00:00,2020-02-13T00:00:00,292788,Ortec Inc.,U101-OP,U101,U101,18000.0,18000.0,8164.8,36450.0,36450.0,33646.9804
2,PV,OP,00010,118979,20002334,1.0,2020-02-11T00:00:00,2020-02-11T00:00:00,2020-02-17T00:00:00,292788,Ortec Inc.,U101-OP,U101,U101,18000.0,18000.0,8164.8,36450.0,36450.0,33645.8031
2,PV,OP,00010,119323,20004266,1.0,2020-03-18T00:00:00,2020-03-18T00:00:00,2020-03-25T00:00:00,292788,Ortec Inc.,U204-OP,U204,U204,16650.0,16650.0,7552.44,41341.95,41341.95,37889.7277
2,PV,OP,00010,119711,20004267,1.0,2020-03-18T00:00:00,2020-03-18T00:00:00,2020-03-25T00:00:00,292788,Ortec Inc.,U204-OP,U204,U204,17100.0,17100.0,7756.56,42459.3,42459.3,38913.7744
2,PV,OP,00010,120090,20007392,1.0,2020-04-07T00:00:00,2020-04-07T00:00:00,2020-05-12T00:00:00,292788,Ortec Inc.,U501-OP,U501,U501,18000.0,18000.0,8164.8,54396.0,54396.0,50072.731
2,PV,OP,00010,120090,20008537,1.0,2020-04-22T00:00:00,2020-04-22T00:00:00,2020-06-04T00:00:00,292788,Ortec Inc.,U501-OP,U501,U501,17550.0,17550.0,7960.68,53036.1,53036.1,46856.392
2,PV,OP,00010,121680,20008829,1.0,2020-05-27T00:00:00,2020-05-27T00:00:00,2020-06-09T00:00:00,292788,Ortec Inc.,U1001-OP,U1001,U1001,209.0,209.0,94.8024,850.21,850.21,749.2404
2,PV,OP,00010,122609,20014657,1.0,2020-07-17T00:00:00,2020-07-17T00:00:00,2020-10-02T00:00:00,292788,Ortec Inc.,U201-T2,U201,U201,17300.0,17300.0,7847.28,40897.2,40897.2,34934.0243
2,PV,OP,00010,122718,20014429,1.0,2020-08-08T00:00:00,2020-08-08T00:00:00,2020-09-29T00:00:00,292788,Ortec Inc.,U204-OP,U204,U204,8100.0,8100.0,3674.16,21068.1,21068.1,17978.8297
2,PV,OP,00010,122719,20016996,1.0,2020-10-07T00:00:00,2020-10-07T00:00:00,2020-11-12T00:00:00,292788,Ortec Inc.,U204-OP,U204,U204,8550.0,8550.0,3878.28,22238.55,22238.55,18822.1683
2,PV,OP,00010,122734,20014658,1.0,2020-08-11T00:00:00,2020-08-11T00:00:00,2020-10-02T00:00:00,292788,Ortec Inc.,U201-T2,U201,U201,8800.0,8800.0,3991.68,21630.4,21630.4,18476.4952
2,PV,OP,00010,123278,20016995,1.0,2020-10-07T00:00:00,2020-10-07T00:00:00,2020-11-12T00:00:00,292788,Ortec Inc.,U201-T2,U201,U201,6600.0,6600.0,2993.76,15919.2,15919.2,13473.624
2,PV,OP,00010,124556,21000464,1.0,2020-11-10T00:00:00,2020-11-10T00:00:00,2021-01-08T00:00:00,292788,Ortec Inc.,U101-OP,U101,U101,9437.0,9437.0,4280.6232,17045.11,17045.11,13908.8899
2,PV,OP,00010,124838,21000471,1.0,2020-11-24T00:00:00,2020-11-24T00:00:00,2021-01-08T00:00:00,292788,Ortec Inc.,U2022-OP,U2022,U2022,16950.0,16950.0,7688.52,39273.15,39273.15,32047.075
2,PV,OP,00010,124866,20018556,1.0,2020-12-09T00:00:00,2020-12-09T00:00:00,2020-12-16T00:00:00,292788,Ortec Inc.,U204-OP,U204,U204,16650.0,16650.0,7552.44,41358.6,41358.6,33969.6917
2,PV,OP,00010,125693,21004461,1.0,2021-01-27T00:00:00,2021-01-27T00:00:00,2021-03-03T00:00:00,292788,Ortec Inc.,U101-OP,U101,U101,128.0,128.0,58.0608,259.71,259.71,215.0635
2,PV,OP,00010,125694,21003613,1.0,2021-01-20T00:00:00,2021-01-20T00:00:00,2021-02-19T00:00:00,292788,Ortec Inc.,MDU20-T2,MDU20,MDU20,15400.0,15400.0,6985.44,39146.8,39146.8,32258.1259
2,PV,OP,00010,125975,20019408,1.0,2020-12-23T00:00:00,2020-12-23T00:00:00,2020-12-29T00:00:00,292788,Ortec Inc.,U470-OP,U470,U470,9549.0,9549.0,4331.4264,31693.13,31693.13,25868.3637
2,PV,OP,00010,126157,21000968,1.0,2021-01-15T00:00:00,2021-01-15T00:00:00,2021-01-15T00:00:00,292788,Ortec Inc.,U204-OP,U204,U204,16650.0,16650.0,7552.44,41358.6,41358.6,34191.2249
2,PV,OP,00010,127335,21003497,1.0,2021-02-18T00:00:00,2021-02-18T00:00:00,2021-02-18T00:00:00,292788,Ortec Inc.,U501-OP,U501,U501,9027.0,9027.0,4094.6472,28137.16,28137.16,23295.2275
2,PV,OP,00010,127337,21004776,1.0,2021-03-09T00:00:00,2021-03-09T00:00:00,2021-03-11T00:00:00,292788,Ortec Inc.,U204-OP,U204,U204,17100.0,17100.0,7756.56,43844.4,43844.4,36606.6848
2,PV,OP,00010,127521,21005144,1.0,2021-02-25T00:00:00,2021-02-25T00:00:00,2021-03-16T00:00:00,292788,Ortec Inc.,MDU20-T2,MDU20,MDU20,6600.0,6600.0,2993.76,17701.2,17701.2,14880.5633
2,PV,OP,00010,127638,21005147,1.0,2021-02-25T00:00:00,2021-02-25T00:00:00,2021-03-16T00:00:00,292788,Ortec Inc.,U470-OP,U470,U470,9650.0,9650.0,4377.24,31073.0,31073.0,26121.6045
2,PV,OP,00010,127646,21007987,1.0,2021-03-03T00:00:00,2021-03-03T00:00:00,2021-04-30T00:00:00,292788,Ortec Inc.,U101-OP,U101,U101,9000.0,9000.0,4082.4,18261.0,18261.0,15174.7413
2,PV,OP,00010,127646,21007987,1.0,2021-03-03T00:00:00,2021-03-03T00:00:00,2021-04-30T00:00:00,292788,Ortec Inc.,U101-OP,U101,U101,991.0,991.0,449.5176,2010.74,2010.74,1670.9085
2,PV,OP,00010,127886,21007075,1.0,2021-03-11T00:00:00,2021-03-11T00:00:00,2021-04-22T00:00:00,292788,Ortec Inc.,U501-OP,U501,U501,18000.0,18000.0,8164.8,56106.0,56106.0,46702.5615
2,PV,OP,00010,127887,21004796,1.0,2021-03-11T00:00:00,2021-03-11T00:00:00,2021-03-11T00:00:00,292788,Ortec Inc.,U501-OP,U501,U501,18350.0,18350.0,8323.56,57196.95,57196.95,47755.0319
2,PV,OP,00010,128998,21009422,1.0,2021-05-24T00:00:00,2021-05-24T00:00:00,2021-05-24T00:00:00,292788,Ortec Inc.,U101-OP,U101,U101,9753.0,9753.0,4423.9608,21612.65,21612.65,17702.3467
2,PV,OP,00010,130141,21008478,1.0,2021-05-06T00:00:00,2021-05-06T00:00:00,2021-05-07T00:00:00,292788,Ortec Inc.,MDU20-T2,MDU20,MDU20,15400.0,15400.0,6985.44,39023.6,39023.6,32083.1903
2,PV,OP,00010,130462,21019376,1.0,2021-09-25T00:00:00,2021-09-25T00:00:00,2021-10-01T00:00:00,292788,Ortec Inc.,U501-OP,U501,U501,18274.0,18274.0,8289.0864,63959.0,63959.0,55152.997
2,PV,OP,00010,130780,21015930,1.0,2021-08-12T00:00:00,2021-08-12T00:00:00,2021-08-12T00:00:00,292788,Ortec Inc.,U204-OP,U204,U204,16650.0,16650.0,7552.44,42690.6,42690.6,36381.0574
2,PV,OP,00010,130816,21016003,1.0,2021-08-13T00:00:00,2021-08-13T00:00:00,2021-08-16T00:00:00,292788,Ortec Inc.,MDU20-T2,MDU20,MDU20,15400.0,15400.0,6985.44,42534.8,42534.8,36113.3553
2,PV,OP,00010,131464,21019396,1.0,2021-09-16T00:00:00,2021-09-16T00:00:00,2021-10-01T00:00:00,292788,Ortec Inc.,U201-T2,U201,U201,15400.0,15400.0,6985.44,40332.6,40332.6,34779.527
2,PV,OP,00010,131465,21019375,1.0,2021-09-17T00:00:00,2021-09-17T00:00:00,2021-10-01T00:00:00,292788,Ortec Inc.,U201-T2,U201,U201,13200.0,13200.0,5987.52,34570.8,34570.8,29811.0231
2,PV,OP,00010,133186,22000605,1.0,2022-01-03T00:00:00,2022-01-03T00:00:00,2022-01-13T00:00:00,292788,Ortec Inc.,U101-OP,U101,U101,14406.0,14406.0,6534.5616,41676.56,41676.56,36349.9664
2,PV,OP,00010,133191,22006125,1.0,2022-03-31T00:00:00,2022-03-31T00:00:00,2022-04-13T00:00:00,292788,Ortec Inc.,U502-OP,U502,U502,9900.0,9900.0,4490.64,45213.3,45213.3,41629.5718
2,PV,OP,00010,133315,21022166,1.0,2021-11-18T00:00:00,2021-11-18T00:00:00,2021-11-19T00:00:00,292788,Ortec Inc.,U501-OP,U501,U501,18191.0,18191.0,8251.4376,66087.9,66087.9,58402.8818
2,PV,OP,00010,133317,21021399,1.0,2021-11-04T00:00:00,2021-11-04T00:00:00,2021-11-05T00:00:00,292788,Ortec Inc.,U201-T2,U201,U201,17800.0,17800.0,8074.08,48985.6,48985.6,42395.1753
2,PV,OP,00010,133518,21019857,1.0,2021-10-07T00:00:00,2021-10-07T00:00:00,2021-10-08T00:00:00,292788,Ortec Inc.,U701-OP,U701,U701,4411.0,4411.0,2000.8296,18349.76,18349.76,15857.1103
2,PV,OP,00010,135129,21021084,1.0,2021-10-30T00:00:00,2021-10-30T00:00:00,2021-11-01T00:00:00,292788,Ortec Inc.,U204-OP,U204,U204,16517.0,16517.0,7492.1112,45752.09,45752.09,39476.3765
2,PV,OP,00010,136529,22002476,1.0,2022-02-15T00:00:00,2022-02-15T00:00:00,2022-02-17T00:00:00,292788,Ortec Inc.,APT10,APT10,APT10,39600.0,39600.0,17962.56,106128.0,106128.0,93388.9998
2,PV,OP,00010,138550,22006134,1.0,2022-03-31T00:00:00,2022-03-31T00:00:00,2022-04-14T00:00:00,292788,Ortec Inc.,U204-OP,U204,U204,16848.0,16848.0,7642.2528,56070.14,56070.14,51938.9089
2,PV,OP,00010,141499,22014178,1.0,2022-08-11T00:00:00,2022-08-11T00:00:00,2022-08-25T00:00:00,292788,Ortec Inc.,U101-OP,U101,U101,17835.0,17835.0,8089.956,53843.87,53843.87,54061.2377
2,PV,OP,00010,142089,22015659,1.0,2022-09-07T00:00:00,2022-09-07T00:00:00,2022-09-11T00:00:00,292788,Ortec Inc.,U101-OP,U101,U101,18044.0,18044.0,8184.7584,54474.84,54474.84,53965.1298
2,PV,OP,00010,142266,23001192,1.0,2023-01-18T00:00:00,2023-01-18T00:00:00,2023-01-19T00:00:00,292788,Ortec Inc.,U501-OP,U501,U501,18000.0,18000.0,8164.8,84780.0,84780.0,78442.8052
2,PV,OP,00010,142267,23001190,1.0,2023-01-18T00:00:00,2023-01-18T00:00:00,2023-01-19T00:00:00,292788,Ortec Inc.,U501-OP,U501,U501,18450.0,18450.0,8368.92,86899.5,86899.5,80403.8753
2,PV,OP,00010,142309,22014175,1.0,2022-08-17T00:00:00,2022-08-17T00:00:00,2022-08-25T00:00:00,292788,Ortec Inc.,MDU20-T2,MDU20,MDU20,16923.0,16923.0,7676.2728,61735.1,61735.1,61984.3246
2,PV,OP,00010,142460,22014181,1.0,2022-08-18T00:00:00,2022-08-18T00:00:00,2022-08-25T00:00:00,292788,Ortec Inc.,U204-OP,U204,U204,16905.0,16905.0,7668.108,61128.48,61128.48,61375.2557
2,PV,OP,00010,143546,23001215,1.0,2023-01-19T00:00:00,2023-01-19T00:00:00,2023-01-19T00:00:00,292788,Ortec Inc.,U501-OP,U501,U501,18450.0,18450.0,8368.92,86899.5,86899.5,80403.8753
2,PV,OP,00010,144965,23001798,1.0,2023-01-31T00:00:00,2023-01-31T00:00:00,2023-01-31T00:00:00,292788,Ortec Inc.,U101-OP,U101,U101,17550.0,17550.0,7960.68,49543.65,49543.65,45628.5968
2,PV,OP,00010,145122,23001799,1.0,2023-01-31T00:00:00,2023-01-31T00:00:00,2023-01-31T00:00:00,292788,Ortec Inc.,U101-OP,U101,U101,18450.0,18450.0,8368.92,52084.35,52084.35,47968.5249
2,PV,OP,00010,148837,23011114,1.0,2023-05-31T00:00:00,2023-05-31T00:00:00,2023-05-31T00:00:00,292788,Ortec Inc.,U701-OP,U701,U701,4795.0,4795.0,2175.012,25638.87,25638.87,24066.6894
2,PV,OP,00010,150270,23016902,1.0,2023-08-28T00:00:00,2023-08-28T00:00:00,2023-08-28T00:00:00,292788,Ortec Inc.,U2022-OP,U2022,U2022,17300.0,17300.0,7847.28,61345.8,61345.8,56755.6251
2,PV,OP,00010,156752,24004645,1.0,2024-04-05T00:00:00,2024-04-05T00:00:00,2024-04-05T00:00:00,292788,Ortec Inc.,U701-OP,U701,U701,4812.0,4812.0,2182.7232,22630.84,22630.84,20874.3609
2,PV,OP,00010,170232,25012633,1.0,2025-09-09T00:00:00,2025-09-09T00:00:00,2025-09-11T00:00:00,292788,Ortec Inc.,MDU20-T2,MDU20,MDU20,15400.0,15400.0,6985.44,45984.4,45984.4,39197.5624
2,PV,OP,00010,175643,26005269,1.0,2026-03-27T00:00:00,2026-03-27T00:00:00,2026-03-30T00:00:00,292788,Ortec Inc.,??????,,,1.0,1.0,0.4536,2500.0,2500.0,2182.594
4,OV,OP,00010,122607,190953,1.0,2020-08-07T00:00:00,2020-08-07T00:00:00,2020-08-07T00:00:00,292788,Ortec Inc.,U2022-OP,U2022,U2022,17550.0,17550.0,7960.68,46138.95,46138.95,39177.1546
4,OV,OP,00010,122717,191283,1.0,2020-08-14T00:00:00,2020-08-14T00:00:00,2020-08-14T00:00:00,292788,Ortec Inc.,MDU20-T2,MDU20,MDU20,8800.0,8800.0,3991.68,21841.6,21841.6,18459.07
4,OV,OP,00010,122717,191283,1.0,2020-08-14T00:00:00,2020-08-14T00:00:00,2020-08-14T00:00:00,292788,Ortec Inc.,MDU20-T2,MDU20,MDU20,6600.0,6600.0,2993.76,16381.2,16381.2,13844.3025
4,OV,OP,00010,122734,191091,1.0,2020-08-11T00:00:00,2020-08-11T00:00:00,2020-08-11T00:00:00,292788,Ortec Inc.,U201-T2,U201,U201,8800.0,8800.0,3991.68,21630.4,21630.4,18384.3237
4,OV,OP,00010,122734,191091,1.0,2020-08-11T00:00:00,2020-08-11T00:00:00,2020-08-11T00:00:00,292788,Ortec Inc.,U201-T2,U201,U201,8800.0,8800.0,3991.68,21630.4,21630.4,18384.3237
4,OV,OP,00010,123278,193609,1.0,2020-10-07T00:00:00,2020-10-07T00:00:00,2020-10-07T00:00:00,292788,Ortec Inc.,U201-T2,U201,U201,6600.0,6600.0,2993.76,15919.2,15919.2,13529.8682
4,OV,OP,00010,123278,193611,1.0,2020-10-07T00:00:00,2020-10-07T00:00:00,2020-10-07T00:00:00,292788,Ortec Inc.,U201-T2,U201,U201,19800.0,19800.0,8981.28,47757.6,47757.6,40589.6045
4,OV,OP,00010,123278,193613,1.0,2020-10-07T00:00:00,2020-10-07T00:00:00,2020-10-07T00:00:00,292788,Ortec Inc.,U201-T2,U201,U201,19800.0,19800.0,8981.28,47757.6,47757.6,40589.6045
4,OV,OP,00010,126157,199071,1.0,2021-01-15T00:00:00,2021-01-15T00:00:00,2021-01-15T00:00:00,292788,Ortec Inc.,U204-OP,U204,U204,16650.0,16650.0,7552.44,41358.6,41358.6,34191.2249
4,OV,OP,00010,127646,201780,1.0,2021-03-03T00:00:00,2021-03-03T00:00:00,2021-03-03T00:00:00,292788,Ortec Inc.,U101-OP,U101,U101,18891.0,18891.0,8568.9576,38329.84,38329.84,31740.5955
4,OV,OP,00010,133518,215051,1.0,2021-10-07T00:00:00,2021-10-07T00:00:00,2021-10-07T00:00:00,292788,Ortec Inc.,U701-OP,U701,U701,4366.0,4366.0,1980.4176,18162.56,18162.56,15708.9543
4,OV,OP,00010,158941,267123,1.0,2024-06-24T00:00:00,2024-06-24T00:00:00,2024-06-24T00:00:00,292788,Ortec Inc.,U2022-T2,U2022,U2022,176000.0,176000.0,79833.6,552816.0,552816.0,515233.7993
4,OV,OP,00010,142155,232130,1.0,2022-07-22T00:00:00,2022-07-22T00:00:00,2022-07-22T00:00:00,292788,Ortec Inc.,APT10-T2,APT10,APT10,4400.0,4400.0,1995.84,1078.0,1078.0,1054.2713
4,OV,OP,00010,144619,244292,1.0,2023-03-23T00:00:00,2023-03-23T00:00:00,2023-03-23T00:00:00,292788,Ortec Inc.,U470-OP,U470,U470,9450.0,9450.0,4286.52,51181.2,51181.2,46997.9149
4,OV,OP,00010,145129,242970,1.0,2023-02-28T00:00:00,2023-02-24T00:00:00,2023-02-28T00:00:00,292788,Ortec Inc.,U101-OP,U101,U101,18000.0,18000.0,8164.8,49608.0,49608.0,46789.6157
4,OV,OP,00010,145129,242975,1.0,2023-02-28T00:00:00,2023-02-28T00:00:00,2023-02-28T00:00:00,292788,Ortec Inc.,U101-OP,U101,U101,18000.0,18000.0,8164.8,49608.0,49608.0,46789.6157
4,OV,OP,00010,146554,243587,1.0,2023-03-09T00:00:00,2023-03-09T00:00:00,2023-03-09T00:00:00,292788,Ortec Inc.,U2022-OP,U2022,U2022,16650.0,16650.0,7552.44,59906.7,59906.7,56640.3111
4,OV,OP,00010,146856,243591,1.0,2023-03-09T00:00:00,2023-03-09T00:00:00,2023-03-09T00:00:00,292788,Ortec Inc.,U2022-OP,U2022,U2022,17277.0,17277.0,7836.8472,62162.65,62162.65,58773.2564
4,OV,OP,00010,159697,268312,1.0,2024-07-18T00:00:00,2024-07-18T00:00:00,2024-07-18T00:00:00,292788,Ortec Inc.,U501-OP,U501,U501,18000.0,18000.0,8164.8,84510.0,84510.0,77441.7611
4,OV,OP,00010,145129,242971,1.0,2023-02-28T00:00:00,2023-02-24T00:00:00,2023-02-28T00:00:00,292788,Ortec Inc.,U101-OP,U101,U101,18000.0,18000.0,8164.8,1368.0,1368.0,1290.2797
4,OV,OP,00010,145129,242976,1.0,2023-02-28T00:00:00,2023-02-28T00:00:00,2023-02-28T00:00:00,292788,Ortec Inc.,U101-OP,U101,U101,18000.0,18000.0,8164.8,1368.0,1368.0,1290.2797
4,OV,OP,00010,146554,243588,1.0,2023-03-09T00:00:00,2023-03-09T00:00:00,2023-03-09T00:00:00,292788,Ortec Inc.,U2022-OP,U2022,U2022,16650.0,16650.0,7552.44,1265.4,1265.4,1196.4046
4,OV,OP,00010,146856,243592,1.0,2023-03-09T00:00:00,2023-03-09T00:00:00,2023-03-09T00:00:00,292788,Ortec Inc.,U2022-OP,U2022,U2022,17277.0,17277.0,7836.8472,1313.05,1313.05,1241.4565
4,OV,OP,00010,158941,267124,1.0,2024-06-24T00:00:00,2024-06-24T00:00:00,2024-06-24T00:00:00,292788,Ortec Inc.,U2022-T2,U2022,U2022,176000.0,176000.0,79833.6,13939.2,13939.2,12991.5686
4,OV,OP,00010,159697,268313,1.0,2024-07-18T00:00:00,2024-07-18T00:00:00,2024-07-18T00:00:00,292788,Ortec Inc.,U501-OP,U501,U501,18000.0,18000.0,8164.8,1425.6,1425.6,1306.3658
4,OV,OP,00010,122734,191092,1.0,2020-08-11T00:00:00,2020-08-11T00:00:00,2020-08-11T00:00:00,292788,Ortec Inc.,U201-T2,U201,U201,8800.0,8800.0,3991.68,704.0,704.0,598.3506
4,OV,OP,00010,122734,191092,1.0,2020-08-11T00:00:00,2020-08-11T00:00:00,2020-08-11T00:00:00,292788,Ortec Inc.,U201-T2,U201,U201,8800.0,8800.0,3991.68,704.0,704.0,598.3506
4,OV,OP,00010,127646,201781,1.0,2021-03-03T00:00:00,2021-03-03T00:00:00,2021-03-03T00:00:00,292788,Ortec Inc.,U101-OP,U101,U101,18891.0,18891.0,8568.9576,1511.28,1511.28,1251.4774
4,OV,OP,00010,122717,191284,1.0,2020-08-14T00:00:00,2020-08-14T00:00:00,2020-08-14T00:00:00,292788,Ortec Inc.,MDU20-T2,MDU20,MDU20,6600.0,6600.0,2993.76,528.0,528.0,446.2305
4,OV,OP,00010,123278,193612,1.0,2020-10-07T00:00:00,2020-10-07T00:00:00,2020-10-07T00:00:00,292788,Ortec Inc.,U201-T2,U201,U201,19800.0,19800.0,8981.28,1584.0,1584.0,1346.2555
4,OV,OP,00010,123278,193614,1.0,2020-10-07T00:00:00,2020-10-07T00:00:00,2020-10-07T00:00:00,292788,Ortec Inc.,U201-T2,U201,U201,19800.0,19800.0,8981.28,1584.0,1584.0,1346.2555
4,OV,OP,00010,123278,193610,1.0,2020-10-07T00:00:00,2020-10-07T00:00:00,2020-10-07T00:00:00,292788,Ortec Inc.,U201-T2,U201,U201,6600.0,6600.0,2993.76,528.0,528.0,448.7518
4,OV,OP,00010,126157,199072,1.0,2021-01-15T00:00:00,2021-01-15T00:00:00,2021-01-15T00:00:00,292788,Ortec Inc.,U204-OP,U204,U204,16650.0,16650.0,7552.44,1332.0,1332.0,1101.1667
4,OV,OP,00010,122607,190954,1.0,2020-08-07T00:00:00,2020-08-07T00:00:00,2020-08-07T00:00:00,292788,Ortec Inc.,U2022-OP,U2022,U2022,17550.0,17550.0,7960.68,1404.0,1404.0,1192.1538
4,OV,OP,00010,122717,191284,1.0,2020-08-14T00:00:00,2020-08-14T00:00:00,2020-08-14T00:00:00,292788,Ortec Inc.,MDU20-T2,MDU20,MDU20,8800.0,8800.0,3991.68,704.0,704.0,594.9741
4,OV,OP,00010,133518,215052,1.0,2021-10-07T00:00:00,2021-10-07T00:00:00,2021-10-07T00:00:00,292788,Ortec Inc.,U701-OP,U701,U701,4366.0,4366.0,1980.4176,349.28,349.28,302.0953
4,OV,OP,00010,142155,232131,1.0,2022-07-22T00:00:00,2022-07-22T00:00:00,2022-07-22T00:00:00,292788,Ortec Inc.,APT10-T2,APT10,APT10,4400.0,4400.0,1995.84,352.0,352.0,344.2518
4,OV,OP,00010,144619,244293,1.0,2023-03-23T00:00:00,2023-03-23T00:00:00,2023-03-23T00:00:00,292788,Ortec Inc.,U470-OP,U470,U470,9450.0,9450.0,4286.52,756.0,756.0,694.2085
1,OV,OP,00010,137404,221047,1.0,2022-01-11T00:00:00,2022-01-11T00:00:00,2022-01-11T00:00:00,292788,Ortec Inc.,??????,,,1.0,1.0,0.4536,2030.31,2030.31,1786.6819
1,OV,OP,00010,145925,240232,1.0,2023-01-03T00:00:00,2023-01-03T00:00:00,2023-01-03T00:00:00,292788,Ortec Inc.,??????,,,1.0,1.0,0.4536,1350.0,1350.0,1278.7452
1,OV,OP,00010,157889,264480,1.0,2024-05-02T00:00:00,2024-05-02T00:00:00,2024-05-02T00:00:00,292788,Ortec Inc.,??????,,,1.0,1.0,0.4536,1150.0,1150.0,1074.1971
1,OV,OP,00010,175643,294876,1.0,2026-03-27T00:00:00,2026-03-27T00:00:00,2026-03-27T00:00:00,292788,Ortec Inc.,??????,,,1.0,1.0,0.4536,2500.0,2500.0,2169.926
1,OV,OP,00010,120090,185778,1.0,2020-04-07T00:00:00,2020-04-07T00:00:00,2020-04-07T00:00:00,292788,Ortec Inc.,U501-OP,U501,U501,18000.0,18000.0,8164.8,54396.0,54396.0,50060.3559
1,OV,OP,00010,120090,185780,1.0,2020-04-07T00:00:00,2020-04-07T00:00:00,2020-04-07T00:00:00,292788,Ortec Inc.,U501-OP,U501,U501,18000.0,18000.0,8164.8,54396.0,54396.0,50060.3559
1,OV,OP,00010,120090,186517,1.0,2020-04-22T00:00:00,2020-04-22T00:00:00,2020-04-22T00:00:00,292788,Ortec Inc.,U501-OP,U501,U501,17550.0,17550.0,7960.68,53036.1,53036.1,48984.6935
1,OV,OP,00010,131460,209691,1.0,2021-07-13T00:00:00,2021-07-13T00:00:00,2021-07-13T00:00:00,292788,Ortec Inc.,U201-T2,U201,U201,15400.0,15400.0,6985.44,37144.8,37144.8,31447.9206
1,OV,OP,00010,131462,210719,1.0,2021-07-29T00:00:00,2021-07-29T00:00:00,2021-07-29T00:00:00,292788,Ortec Inc.,U201-T2,U201,U201,15400.0,15400.0,6985.44,37144.8,37144.8,31252.9995
1,OV,OP,00010,136529,222780,1.0,2022-02-10T00:00:00,2022-02-10T00:00:00,2022-02-10T00:00:00,292788,Ortec Inc.,APT10,APT10,APT10,3269.0,3269.0,1482.8184,8760.92,8760.92,7626.0839
1,OV,OP,00010,136529,223067,1.0,2022-02-15T00:00:00,2022-02-15T00:00:00,2022-02-15T00:00:00,292788,Ortec Inc.,APT10,APT10,APT10,39600.0,39600.0,17962.56,106128.0,106128.0,93389.1272
1,OV,OP,00010,122734,191095,1.0,2020-08-11T00:00:00,2020-08-11T00:00:00,2020-08-11T00:00:00,292788,Ortec Inc.,U201-T2,U201,U201,8800.0,8800.0,3991.68,21630.4,21630.4,18384.3237
1,OV,OP,00010,122734,191097,1.0,2020-08-11T00:00:00,2020-08-11T00:00:00,2020-08-11T00:00:00,292788,Ortec Inc.,U201-T2,U201,U201,8800.0,8800.0,3991.68,21630.4,21630.4,18384.3237
1,OV,OP,00010,122735,191706,1.0,2020-08-25T00:00:00,2020-08-25T00:00:00,2020-08-25T00:00:00,292788,Ortec Inc.,U201-T2,U201,U201,8800.0,8800.0,3991.68,21630.4,21630.4,18302.9458
1,OV,OP,00010,122735,191708,1.0,2020-08-25T00:00:00,2020-08-25T00:00:00,2020-08-25T00:00:00,292788,Ortec Inc.,U201-T2,U201,U201,8800.0,8800.0,3991.68,21630.4,21630.4,18302.9458
1,OV,OP,00010,127646,201786,1.0,2021-03-03T00:00:00,2021-03-03T00:00:00,2021-03-03T00:00:00,292788,Ortec Inc.,U101-OP,U101,U101,9000.0,9000.0,4082.4,18261.0,18261.0,15121.7698
1,OV,OP,00010,127646,201790,1.0,2021-03-03T00:00:00,2021-03-03T00:00:00,2021-03-03T00:00:00,292788,Ortec Inc.,U101-OP,U101,U101,991.0,991.0,449.5176,2010.74,2010.74,1665.0757
1,OV,OP,00010,127888,202153,1.0,2021-03-09T00:00:00,2021-03-09T00:00:00,2021-03-09T00:00:00,292788,Ortec Inc.,U2022-OP,U2022,U2022,16650.0,16650.0,7552.44,43772.85,43772.85,36823.1046
1,OV,OP,00010,130730,206756,1.0,2021-05-27T00:00:00,2021-05-27T00:00:00,2021-05-27T00:00:00,292788,Ortec Inc.,U501-OP,U501,U501,9595.0,9595.0,4352.292,35347.98,35347.98,28987.1145
1,OV,OP,00010,130778,213085,1.0,2021-09-03T00:00:00,2021-09-03T00:00:00,2021-09-03T00:00:00,292788,Ortec Inc.,U101-OP,U101,U101,17979.0,17979.0,8155.2744,39895.4,39895.4,33570.2556
1,OV,OP,00010,136132,222257,1.0,2022-02-01T00:00:00,2022-02-01T00:00:00,2022-02-01T00:00:00,292788,Ortec Inc.,APT11,APT11,APT11,4372.0,4372.0,1983.1392,15984.03,15984.03,14224.0141
1,OV,OP,00010,134944,217465,1.0,2021-11-11T00:00:00,2021-11-11T00:00:00,2021-11-11T00:00:00,292788,Ortec Inc.,APT10,APT10,APT10,4518.0,4518.0,2049.3648,16517.81,16517.81,14407.4252
1,OV,OP,00010,118400,181747,1.0,2020-01-15T00:00:00,2020-01-15T00:00:00,2020-01-15T00:00:00,292788,Ortec Inc.,U101-OP,U101,U101,17550.0,17550.0,7960.68,35486.1,35486.1,31816.5321
1,OV,OP,00010,118714,182419,1.0,2020-01-30T00:00:00,2020-01-30T00:00:00,2020-01-30T00:00:00,292788,Ortec Inc.,U101-OP,U101,U101,18450.0,18450.0,8368.92,37361.25,37361.25,33888.7945
1,OV,OP,00010,118845,182411,1.0,2020-01-29T00:00:00,2020-01-29T00:00:00,2020-01-29T00:00:00,292788,Ortec Inc.,MDU20-T2,MDU20,MDU20,15400.0,15400.0,6985.44,38315.2,38315.2,34782.6152
1,OV,OP,00010,118854,182973,1.0,2020-02-11T00:00:00,2020-02-11T00:00:00,2020-02-11T00:00:00,292788,Ortec Inc.,U101-OP,U101,U101,18000.0,18000.0,8164.8,36450.0,36450.0,33392.9859
1,OV,OP,00010,118926,182318,1.0,2020-01-28T00:00:00,2020-01-28T00:00:00,2020-01-28T00:00:00,292788,Ortec Inc.,U204-OP,U204,U204,17100.0,17100.0,7756.56,42459.3,42459.3,38550.3313
1,OV,OP,00010,118977,182712,1.0,2020-02-05T00:00:00,2020-02-05T00:00:00,2020-02-05T00:00:00,292788,Ortec Inc.,U101-OP,U101,U101,18000.0,18000.0,8164.8,36450.0,36450.0,33144.3203
1,OV,OP,00010,118979,182975,1.0,2020-02-11T00:00:00,2020-02-11T00:00:00,2020-02-11T00:00:00,292788,Ortec Inc.,U101-OP,U101,U101,18000.0,18000.0,8164.8,36450.0,36450.0,33392.9859
1,OV,OP,00010,119238,184525,1.0,2020-03-12T00:00:00,2020-03-12T00:00:00,2020-03-12T00:00:00,292788,Ortec Inc.,U501-OP,U501,U501,18000.0,18000.0,8164.8,21006.0,21006.0,18751.9155
1,OV,OP,00010,119323,184769,1.0,2020-03-18T00:00:00,2020-03-18T00:00:00,2020-03-18T00:00:00,292788,Ortec Inc.,U204-OP,U204,U204,16650.0,16650.0,7552.44,41341.95,41341.95,37993.9218
1,OV,OP,00010,119711,184771,1.0,2020-03-18T00:00:00,2020-03-18T00:00:00,2020-03-18T00:00:00,292788,Ortec Inc.,U204-OP,U204,U204,17100.0,17100.0,7756.56,42459.3,42459.3,39020.7845
1,OV,OP,00010,120215,186242,1.0,2020-04-16T00:00:00,2020-04-16T00:00:00,2020-04-16T00:00:00,292788,Ortec Inc.,U470-OP,U470,U470,9673.0,9673.0,4387.6728,31756.46,31756.46,29293.3845
1,OV,OP,00010,120506,186543,1.0,2020-04-23T00:00:00,2020-04-23T00:00:00,2020-04-23T00:00:00,292788,Ortec Inc.,U201-T2,U201,U201,15400.0,15400.0,6985.44,37699.2,37699.2,34861.2796
1,OV,OP,00010,121435,187882,1.0,2020-05-27T00:00:00,2020-05-27T00:00:00,2020-05-27T00:00:00,292788,Ortec Inc.,U201-T2,U201,U201,15400.0,15400.0,6985.44,37699.2,37699.2,34381.0597
1,OV,OP,00010,121470,187726,1.0,2020-05-21T00:00:00,2020-05-21T00:00:00,2020-05-21T00:00:00,292788,Ortec Inc.,U201-T2,U201,U201,15400.0,15400.0,6985.44,37699.2,37699.2,34416.7533
1,OV,OP,00010,121680,187876,1.0,2020-05-27T00:00:00,2020-05-27T00:00:00,2020-05-27T00:00:00,292788,Ortec Inc.,U1001-OP,U1001,U1001,1350.0,1350.0,612.36,5491.8,5491.8,5008.4326
1,OV,OP,00010,121680,187878,1.0,2020-05-27T00:00:00,2020-05-27T00:00:00,2020-05-27T00:00:00,292788,Ortec Inc.,U1001-OP,U1001,U1001,209.0,209.0,94.8024,850.21,850.21,775.3777
1,OV,OP,00010,121680,187880,1.0,2020-05-27T00:00:00,2020-05-27T00:00:00,2020-05-27T00:00:00,292788,Ortec Inc.,U1001-OP,U1001,U1001,1350.0,1350.0,612.36,5491.8,5491.8,5008.4326
1,OV,OP,00010,121685,188530,1.0,2020-06-11T00:00:00,2020-06-11T00:00:00,2020-06-11T00:00:00,292788,Ortec Inc.,U204-OP,U204,U204,16650.0,16650.0,7552.44,42307.65,42307.65,37190.8486
1,OV,OP,00010,122607,190955,1.0,2020-08-07T00:00:00,2020-08-07T00:00:00,2020-08-07T00:00:00,292788,Ortec Inc.,U2022-OP,U2022,U2022,17164.0,17164.0,7785.5904,45124.16,45124.16,38315.4838
1,OV,OP,00010,122609,189922,1.0,2020-07-17T00:00:00,2020-07-17T00:00:00,2020-07-17T00:00:00,292788,Ortec Inc.,U201-T2,U201,U201,17300.0,17300.0,7847.28,40897.2,40897.2,35757.109
1,OV,OP,00010,122717,191285,1.0,2020-08-14T00:00:00,2020-08-14T00:00:00,2020-08-14T00:00:00,292788,Ortec Inc.,MDU20-T2,MDU20,MDU20,8800.0,8800.0,3991.68,21841.6,21841.6,18459.07
1,OV,OP,00010,122717,191287,1.0,2020-08-14T00:00:00,2020-08-14T00:00:00,2020-08-14T00:00:00,292788,Ortec Inc.,MDU20-T2,MDU20,MDU20,6600.0,6600.0,2993.76,16381.2,16381.2,13844.3025
1,OV,OP,00010,122718,190957,1.0,2020-08-08T00:00:00,2020-08-08T00:00:00,2020-08-08T00:00:00,292788,Ortec Inc.,U204-OP,U204,U204,8100.0,8100.0,3674.16,21068.1,21068.1,17876.9928
1,OV,OP,00010,122718,190959,1.0,2020-08-08T00:00:00,2020-08-08T00:00:00,2020-08-08T00:00:00,292788,Ortec Inc.,U204-OP,U204,U204,8100.0,8100.0,3674.16,21068.1,21068.1,17876.9928
1,OV,OP,00010,122719,193597,1.0,2020-10-07T00:00:00,2020-10-07T00:00:00,2020-10-07T00:00:00,292788,Ortec Inc.,U204-OP,U204,U204,8100.0,8100.0,3674.16,21068.1,21068.1,17905.9636
1,OV,OP,00010,122719,193599,1.0,2020-10-07T00:00:00,2020-10-07T00:00:00,2020-10-07T00:00:00,292788,Ortec Inc.,U204-OP,U204,U204,8550.0,8550.0,3878.28,22238.55,22238.55,18900.7393
1,OV,OP,00010,122733,190354,1.0,2020-07-27T00:00:00,2020-07-27T00:00:00,2020-07-27T00:00:00,292788,Ortec Inc.,U201-T2,U201,U201,15400.0,15400.0,6985.44,37144.8,37144.8,31607.9367
1,OV,OP,00010,122736,192277,1.0,2020-09-04T00:00:00,2020-09-04T00:00:00,2020-09-04T00:00:00,292788,Ortec Inc.,U201-T2,U201,U201,15400.0,15400.0,6985.44,37144.8,37144.8,31435.96
1,OV,OP,00010,122738,192733,1.0,2020-09-17T00:00:00,2020-09-17T00:00:00,2020-09-17T00:00:00,292788,Ortec Inc.,U201-T2,U201,U201,15400.0,15400.0,6985.44,37144.8,37144.8,31415.1292
1,OV,OP,00010,123278,193615,1.0,2020-10-07T00:00:00,2020-10-07T00:00:00,2020-10-07T00:00:00,292788,Ortec Inc.,U201-T2,U201,U201,6600.0,6600.0,2993.76,15919.2,15919.2,13529.8682
1,OV,OP,00010,124556,195370,1.0,2020-11-10T00:00:00,2020-11-10T00:00:00,2020-11-10T00:00:00,292788,Ortec Inc.,U101-OP,U101,U101,9437.0,9437.0,4280.6232,17045.11,17045.11,14433.5912
1,OV,OP,00010,124838,196108,1.0,2020-11-24T00:00:00,2020-11-24T00:00:00,2020-11-24T00:00:00,292788,Ortec Inc.,U2022-OP,U2022,U2022,16950.0,16950.0,7688.52,39273.15,39273.15,33070.9221
1,OV,OP,00010,124866,196774,1.0,2020-12-09T00:00:00,2020-12-09T00:00:00,2020-12-09T00:00:00,292788,Ortec Inc.,U204-OP,U204,U204,16650.0,16650.0,7552.44,41358.6,41358.6,34245.8969
1,OV,OP,00010,125464,197079,1.0,2020-12-15T00:00:00,2020-12-15T00:00:00,2020-12-15T00:00:00,292788,Ortec Inc.,U501-OP,U501,U501,18450.0,18450.0,8368.92,57453.3,57453.3,47260.0734
1,OV,OP,00010,125464,197082,1.0,2020-12-15T00:00:00,2020-12-15T00:00:00,2020-12-15T00:00:00,292788,Ortec Inc.,U501-OP,U501,U501,94.0,94.0,42.6384,292.72,292.72,240.7863
1,OV,OP,00010,125636,199662,1.0,2021-01-27T00:00:00,2021-01-27T00:00:00,2021-01-27T00:00:00,292788,Ortec Inc.,U101-OP,U101,U101,18000.0,18000.0,8164.8,37188.0,37188.0,30735.0304
1,OV,OP,00010,125637,197227,1.0,2020-12-17T00:00:00,2020-12-17T00:00:00,2020-12-17T00:00:00,292788,Ortec Inc.,MDU20-T2,MDU20,MDU20,15400.0,15400.0,6985.44,38222.8,38222.8,31180.1115
1,OV,OP,00010,125693,199665,1.0,2021-01-27T00:00:00,2021-01-27T00:00:00,2021-01-27T00:00:00,292788,Ortec Inc.,U101-OP,U101,U101,128.0,128.0,58.0608,259.71,259.71,214.6444
1,OV,OP,00010,125693,199668,1.0,2021-01-27T00:00:00,2021-01-27T00:00:00,2021-01-27T00:00:00,292788,Ortec Inc.,U101-OP,U101,U101,18000.0,18000.0,8164.8,36522.0,36522.0,30184.5966
1,OV,OP,00010,125694,199267,1.0,2021-01-20T00:00:00,2021-01-20T00:00:00,2021-01-20T00:00:00,292788,Ortec Inc.,MDU20-T2,MDU20,MDU20,15400.0,15400.0,6985.44,39146.8,39146.8,32322.906
1,OV,OP,00010,125975,197755,1.0,2020-12-23T00:00:00,2020-12-23T00:00:00,2020-12-23T00:00:00,292788,Ortec Inc.,U470-OP,U470,U470,9549.0,9549.0,4331.4264,31693.13,31693.13,25993.7988
1,OV,OP,00010,126157,199073,1.0,2021-01-15T00:00:00,2021-01-15T00:00:00,2021-01-15T00:00:00,292788,Ortec Inc.,U204-OP,U204,U204,16650.0,16650.0,7552.44,41358.6,41358.6,34191.2249
1,OV,OP,00010,126822,200005,1.0,2021-02-01T00:00:00,2021-02-01T00:00:00,2021-02-01T00:00:00,292788,Ortec Inc.,U2022-OP,U2022,U2022,16900.0,16900.0,7665.84,44430.1,44430.1,36802.3004
1,OV,OP,00010,126823,200158,1.0,2021-02-03T00:00:00,2021-02-03T00:00:00,2021-02-03T00:00:00,292788,Ortec Inc.,MDU20-T2,MDU20,MDU20,15400.0,15400.0,6985.44,38222.8,38222.8,31788.4006
1,OV,OP,00010,127335,200931,1.0,2021-02-18T00:00:00,2021-02-18T00:00:00,2021-02-18T00:00:00,292788,Ortec Inc.,U501-OP,U501,U501,9450.0,9450.0,4286.52,29455.65,29455.65,24386.8275
1,OV,OP,00010,127335,200933,1.0,2021-02-18T00:00:00,2021-02-18T00:00:00,2021-02-18T00:00:00,292788,Ortec Inc.,U501-OP,U501,U501,9027.0,9027.0,4094.6472,28137.16,28137.16,23295.2275
1,OV,OP,00010,127337,202155,1.0,2021-03-09T00:00:00,2021-03-09T00:00:00,2021-03-09T00:00:00,292788,Ortec Inc.,U204-OP,U204,U204,17100.0,17100.0,7756.56,43844.4,43844.4,36883.2948
1,OV,OP,00010,127521,201349,1.0,2021-02-25T00:00:00,2021-02-25T00:00:00,2021-02-25T00:00:00,292788,Ortec Inc.,MDU20-T2,MDU20,MDU20,11000.0,11000.0,4989.6,29502.0,29502.0,24127.3876
1,OV,OP,00010,127521,201351,1.0,2021-02-25T00:00:00,2021-02-25T00:00:00,2021-02-25T00:00:00,292788,Ortec Inc.,MDU20-T2,MDU20,MDU20,6600.0,6600.0,2993.76,17701.2,17701.2,14476.4326
1,OV,OP,00010,127638,201347,1.0,2021-02-25T00:00:00,2021-02-25T00:00:00,2021-02-25T00:00:00,292788,Ortec Inc.,U470-OP,U470,U470,9650.0,9650.0,4377.24,31073.0,31073.0,25412.1861
1,OV,OP,00010,127886,202345,1.0,2021-03-11T00:00:00,2021-03-11T00:00:00,2021-03-11T00:00:00,292788,Ortec Inc.,U501-OP,U501,U501,18000.0,18000.0,8164.8,56106.0,56106.0,46844.173
1,OV,OP,00010,127887,202343,1.0,2021-03-11T00:00:00,2021-03-11T00:00:00,2021-03-11T00:00:00,292788,Ortec Inc.,U501-OP,U501,U501,18350.0,18350.0,8323.56,57196.95,57196.95,47755.0319
1,OV,OP,00010,128284,203117,1.0,2021-03-25T00:00:00,2021-03-25T00:00:00,2021-03-25T00:00:00,292788,Ortec Inc.,U502-OP,U502,U502,10061.0,10061.0,4563.6696,32969.9,32969.9,28000.8712
1,OV,OP,00010,128998,206428,1.0,2021-05-24T00:00:00,2021-05-24T00:00:00,2021-05-24T00:00:00,292788,Ortec Inc.,U101-OP,U101,U101,9000.0,9000.0,4082.4,19944.0,19944.0,16335.5999
1,OV,OP,00010,128998,206430,1.0,2021-05-24T00:00:00,2021-05-24T00:00:00,2021-05-24T00:00:00,292788,Ortec Inc.,U101-OP,U101,U101,9753.0,9753.0,4423.9608,21612.65,21612.65,17702.3467
1,OV,OP,00010,129366,211595,1.0,2021-08-11T00:00:00,2021-08-11T00:00:00,2021-08-11T00:00:00,292788,Ortec Inc.,U501-OP,U501,U501,18000.0,18000.0,8164.8,63000.0,63000.0,53676.6174
1,OV,OP,00010,129640,211674,1.0,2021-08-12T00:00:00,2021-08-12T00:00:00,2021-08-12T00:00:00,292788,Ortec Inc.,U501-OP,U501,U501,18450.0,18450.0,8368.92,64575.0,64575.0,55031.0087
1,OV,OP,00010,130141,205590,1.0,2021-05-06T00:00:00,2021-05-06T00:00:00,2021-05-06T00:00:00,292788,Ortec Inc.,MDU20-T2,MDU20,MDU20,15400.0,15400.0,6985.44,39023.6,39023.6,32382.8642
1,OV,OP,00010,130462,214153,1.0,2021-09-25T00:00:00,2021-09-25T00:00:00,2021-09-25T00:00:00,292788,Ortec Inc.,U501-OP,U501,U501,18274.0,18274.0,8289.0864,63959.0,63959.0,54581.0884
1,OV,OP,00010,130780,211683,1.0,2021-08-12T00:00:00,2021-08-12T00:00:00,2021-08-12T00:00:00,292788,Ortec Inc.,U204-OP,U204,U204,16650.0,16650.0,7552.44,42690.6,42690.6,36381.0574
1,OV,OP,00010,130782,208617,1.0,2021-06-24T00:00:00,2021-06-24T00:00:00,2021-06-24T00:00:00,292788,Ortec Inc.,U201-T2,U201,U201,15400.0,15400.0,6985.44,37206.4,37206.4,31193.1277
1,OV,OP,00010,130816,211810,1.0,2021-08-13T00:00:00,2021-08-13T00:00:00,2021-08-13T00:00:00,292788,Ortec Inc.,MDU20-T2,MDU20,MDU20,15400.0,15400.0,6985.44,42534.8,42534.8,36057.2731
1,OV,OP,00010,130817,212886,1.0,2021-09-01T00:00:00,2021-09-01T00:00:00,2021-09-01T00:00:00,292788,Ortec Inc.,MDU20-T2,MDU20,MDU20,16636.0,16636.0,7546.0896,45200.01,45200.01,38139.2215
1,OV,OP,00010,131113,212884,1.0,2021-09-01T00:00:00,2021-09-01T00:00:00,2021-09-01T00:00:00,292788,Ortec Inc.,U204-OP,U204,U204,16446.0,16446.0,7459.9056,44190.4,44190.4,37287.3248
1,OV,OP,00010,131461,209871,1.0,2021-07-15T00:00:00,2021-07-15T00:00:00,2021-07-15T00:00:00,292788,Ortec Inc.,U201-T2,U201,U201,15400.0,15400.0,6985.44,37144.8,37144.8,31459.5172
1,OV,OP,00010,131463,211288,1.0,2021-08-06T00:00:00,2021-08-06T00:00:00,2021-08-06T00:00:00,292788,Ortec Inc.,U201-T2,U201,U201,15400.0,15400.0,6985.44,40332.6,40332.6,34297.4475
1,OV,OP,00010,131464,213591,1.0,2021-09-16T00:00:00,2021-09-16T00:00:00,2021-09-16T00:00:00,292788,Ortec Inc.,U201-T2,U201,U201,8800.0,8800.0,3991.68,23047.2,23047.2,19581.6686
1,OV,OP,00010,131464,213593,1.0,2021-09-16T00:00:00,2021-09-16T00:00:00,2021-09-16T00:00:00,292788,Ortec Inc.,U201-T2,U201,U201,8800.0,8800.0,3991.68,23047.2,23047.2,19581.6686
1,OV,OP,00010,131464,213595,1.0,2021-09-16T00:00:00,2021-09-16T00:00:00,2021-09-16T00:00:00,292788,Ortec Inc.,U201-T2,U201,U201,15400.0,15400.0,6985.44,40332.6,40332.6,34267.92
1,OV,OP,00010,131465,213647,1.0,2021-09-17T00:00:00,2021-09-17T00:00:00,2021-09-17T00:00:00,292788,Ortec Inc.,U201-T2,U201,U201,13200.0,13200.0,5987.52,34570.8,34570.8,29465.5744
1,OV,OP,00010,133186,220460,1.0,2021-12-30T00:00:00,2021-12-30T00:00:00,2021-12-30T00:00:00,292788,Ortec Inc.,U101-OP,U101,U101,4994.0,4994.0,2265.2784,14447.64,14447.64,12767.3347
1,OV,OP,00010,133186,220533,1.0,2022-01-03T00:00:00,2022-01-03T00:00:00,2022-01-03T00:00:00,292788,Ortec Inc.,U101-OP,U101,U101,14406.0,14406.0,6534.5616,41676.56,41676.56,36918.0179
1,OV,OP,00010,133191,225628,1.0,2022-03-31T00:00:00,2022-03-31T00:00:00,2022-03-31T00:00:00,292788,Ortec Inc.,U502-OP,U502,U502,9900.0,9900.0,4490.64,45213.3,45213.3,40748.7217
1,OV,OP,00010,133192,215126,1.0,2021-10-09T00:00:00,2021-10-09T00:00:00,2021-10-09T00:00:00,292788,Ortec Inc.,U204-OP,U204,U204,16915.0,16915.0,7672.644,47683.39,47683.39,41197.7957
1,OV,OP,00010,133314,221559,1.0,2022-01-20T00:00:00,2022-01-20T00:00:00,2022-01-20T00:00:00,292788,Ortec Inc.,U101-OP,U101,U101,18298.0,18298.0,8299.9728,53466.76,53466.76,47165.3227
1,OV,OP,00010,133315,217919,1.0,2021-11-18T00:00:00,2021-11-18T00:00:00,2021-11-18T00:00:00,292788,Ortec Inc.,U501-OP,U501,U501,18191.0,18191.0,8251.4376,66087.9,66087.9,58191.5393
1,OV,OP,00010,133317,216970,1.0,2021-11-04T00:00:00,2021-11-04T00:00:00,2021-11-04T00:00:00,292788,Ortec Inc.,U201-T2,U201,U201,17800.0,17800.0,8074.08,48985.6,48985.6,42434.4324
1,OV,OP,00010,133518,215045,1.0,2021-10-07T00:00:00,2021-10-07T00:00:00,2021-10-07T00:00:00,292788,Ortec Inc.,U701-OP,U701,U701,9584.0,9584.0,4347.3024,39869.44,39869.44,34483.4215
1,OV,OP,00010,133518,215053,1.0,2021-10-07T00:00:00,2021-10-07T00:00:00,2021-10-07T00:00:00,292788,Ortec Inc.,U701-OP,U701,U701,4411.0,4411.0,2000.8296,18349.76,18349.76,15870.8652
1,OV,OP,00010,133664,222778,1.0,2022-02-10T00:00:00,2022-02-10T00:00:00,2022-02-10T00:00:00,292788,Ortec Inc.,U101-OP,U101,U101,18220.0,18220.0,8264.592,54313.82,54313.82,47278.3391
1,OV,OP,00010,133665,225259,1.0,2022-03-23T00:00:00,2022-03-23T00:00:00,2022-03-23T00:00:00,292788,Ortec Inc.,U101-OP,U101,U101,18211.0,18211.0,8260.5096,54305.2,54305.2,49367.4617
1,OV,OP,00010,133725,217372,1.0,2021-11-10T00:00:00,2021-11-10T00:00:00,2021-11-10T00:00:00,292788,Ortec Inc.,U2022-OP,U2022,U2022,17211.0,17211.0,7806.9096,44524.86,44524.86,38652.9126
1,OV,OP,00010,135129,216600,1.0,2021-10-30T00:00:00,2021-10-30T00:00:00,2021-10-30T00:00:00,292788,Ortec Inc.,U204-OP,U204,U204,16517.0,16517.0,7492.1112,45752.09,45752.09,39572.1173
1,OV,OP,00010,135442,226776,1.0,2022-04-21T00:00:00,2022-04-21T00:00:00,2022-04-21T00:00:00,292788,Ortec Inc.,U101-OP,U101,U101,17804.0,17804.0,8075.8944,53091.53,53091.53,48979.5538
1,OV,OP,00010,135443,219257,1.0,2021-12-09T00:00:00,2021-12-09T00:00:00,2021-12-09T00:00:00,292788,Ortec Inc.,U501-OP,U501,U501,18220.0,18220.0,8264.592,66393.68,66393.68,58828.6978
1,OV,OP,00010,135444,222255,1.0,2022-02-01T00:00:00,2022-02-01T00:00:00,2022-02-01T00:00:00,292788,Ortec Inc.,U501-OP,U501,U501,18036.0,18036.0,8181.1296,78528.74,78528.74,69881.8698
1,OV,OP,00010,135445,228140,1.0,2022-05-17T00:00:00,2022-05-17T00:00:00,2022-05-17T00:00:00,292788,Ortec Inc.,U501-OP,U501,U501,18030.0,18030.0,8178.408,83677.23,83677.23,79437.9909
1,OV,OP,00010,135448,220324,1.0,2021-12-28T00:00:00,2021-12-28T00:00:00,2021-12-28T00:00:00,292788,Ortec Inc.,U2022-OP,U2022,U2022,12150.0,12150.0,5511.24,40046.4,40046.4,35400.7012
1,OV,OP,00010,135449,226774,1.0,2022-04-21T00:00:00,2022-04-21T00:00:00,2022-04-21T00:00:00,292788,Ortec Inc.,U502-OP,U502,U502,10020.0,10020.0,4545.072,48096.0,48096.0,44370.9311
1,OV,OP,00010,135450,221561,1.0,2022-01-20T00:00:00,2022-01-20T00:00:00,2022-01-20T00:00:00,292788,Ortec Inc.,U204-OP,U204,U204,16934.0,16934.0,7681.2624,55001.63,55001.63,48519.2974
1,OV,OP,00010,136017,228635,1.0,2022-05-25T00:00:00,2022-05-25T00:00:00,2022-05-25T00:00:00,292788,Ortec Inc.,U101-OP,U101,U101,18061.0,18061.0,8192.4696,54417.79,54417.79,51047.114
1,OV,OP,00010,136086,220306,1.0,2021-12-28T00:00:00,2021-12-28T00:00:00,2021-12-28T00:00:00,292788,Ortec Inc.,APT10,APT10,APT10,35200.0,35200.0,15966.72,92470.4,92470.4,81743.1031
1,OV,OP,00010,136086,220321,1.0,2021-12-28T00:00:00,2021-12-28T00:00:00,2021-12-28T00:00:00,292788,Ortec Inc.,APT10,APT10,APT10,8206.0,8206.0,3722.2416,21557.16,21557.16,19056.3591
1,OV,OP,00010,138299,225632,1.0,2022-03-31T00:00:00,2022-03-31T00:00:00,2022-03-31T00:00:00,292788,Ortec Inc.,U2023-OP,U2023,U2023,933.0,933.0,423.2088,8196.41,8196.41,7387.0571
1,OV,OP,00010,138550,225630,1.0,2022-03-31T00:00:00,2022-03-31T00:00:00,2022-03-31T00:00:00,292788,Ortec Inc.,U204-OP,U204,U204,16848.0,16848.0,7642.2528,56070.14,56070.14,50533.5052
1,OV,OP,00010,139056,226770,1.0,2022-04-21T00:00:00,2022-04-21T00:00:00,2022-04-21T00:00:00,292788,Ortec Inc.,APT10-T2,APT10,APT10,43270.0,43270.0,19627.272,115747.25,115747.25,106782.5445
1,OV,OP,00010,139373,226772,1.0,2022-04-21T00:00:00,2022-04-21T00:00:00,2022-04-21T00:00:00,292788,Ortec Inc.,U2022-OP,U2022,U2022,16959.0,16959.0,7692.6024,57711.48,57711.48,53241.6855
1,OV,OP,00010,140432,229512,1.0,2022-06-08T00:00:00,2022-06-08T00:00:00,2022-06-08T00:00:00,292788,Ortec Inc.,U501-OP,U501,U501,17980.0,17980.0,8155.728,83445.18,83445.18,77696.2577
1,OV,OP,00010,140433,229588,1.0,2022-06-09T00:00:00,2022-06-09T00:00:00,2022-06-09T00:00:00,292788,Ortec Inc.,U502-OP,U502,U502,10205.0,10205.0,4628.988,49545.28,49545.28,46491.1256
1,OV,OP,00010,140775,229510,1.0,2022-06-08T00:00:00,2022-06-08T00:00:00,2022-06-08T00:00:00,292788,Ortec Inc.,MDU20-T2,MDU20,MDU20,17888.0,17888.0,8113.9968,63967.49,63967.49,59560.4754
1,OV,OP,00010,141140,230716,1.0,2022-06-29T00:00:00,2022-06-29T00:00:00,2022-06-29T00:00:00,292788,Ortec Inc.,U101-OP,U101,U101,18090.0,18090.0,8205.624,54505.17,54505.17,52037.8627
1,OV,OP,00010,141465,232013,1.0,2022-07-20T00:00:00,2022-07-20T00:00:00,2022-07-20T00:00:00,292788,Ortec Inc.,U701-OP,U701,U701,4050.0,4050.0,1837.08,21039.75,21039.75,20598.8578
1,OV,OP,00010,141466,232009,1.0,2022-07-20T00:00:00,2022-07-20T00:00:00,2022-07-20T00:00:00,292788,Ortec Inc.,U701-OP,U701,U701,4500.0,4500.0,2041.2,23377.5,23377.5,22887.6198
1,OV,OP,00010,141467,232011,1.0,2022-07-20T00:00:00,2022-07-20T00:00:00,2022-07-20T00:00:00,292788,Ortec Inc.,U701-OP,U701,U701,4745.0,4745.0,2152.332,24650.28,24650.28,24133.7285
1,OV,OP,00010,141497,232125,1.0,2022-07-22T00:00:00,2022-07-22T00:00:00,2022-07-22T00:00:00,292788,Ortec Inc.,U2022-OP,U2022,U2022,17280.0,17280.0,7838.208,64765.44,64765.44,63339.8361
1,OV,OP,00010,141499,233378,1.0,2022-08-11T00:00:00,2022-08-11T00:00:00,2022-08-11T00:00:00,292788,Ortec Inc.,U101-OP,U101,U101,17835.0,17835.0,8089.956,53843.87,53843.87,52089.4536
1,OV,OP,00010,142080,232134,1.0,2022-07-22T00:00:00,2022-07-22T00:00:00,2022-07-22T00:00:00,292788,Ortec Inc.,APT10-T2,APT10,APT10,7218.0,7218.0,3274.0848,1768.41,1768.41,1729.4841
1,OV,OP,00010,142080,232363,1.0,2022-07-26T00:00:00,2022-07-26T00:00:00,2022-07-26T00:00:00,292788,Ortec Inc.,APT10-T2,APT10,APT10,37400.0,37400.0,16964.64,9163.0,9163.0,9056.7404
1,OV,OP,00010,142082,232671,1.0,2022-07-29T00:00:00,2022-07-29T00:00:00,2022-07-29T00:00:00,292788,Ortec Inc.,MDU20-T2,MDU20,MDU20,16732.0,16732.0,7589.6352,61038.34,61038.34,59834.7006
1,OV,OP,00010,142089,234765,1.0,2022-09-07T00:00:00,2022-09-07T00:00:00,2022-09-07T00:00:00,292788,Ortec Inc.,U101-OP,U101,U101,18044.0,18044.0,8184.7584,54474.84,54474.84,54807.0112
1,OV,OP,00010,142155,232132,1.0,2022-07-22T00:00:00,2022-07-22T00:00:00,2022-07-22T00:00:00,292788,Ortec Inc.,APT10-T2,APT10,APT10,4400.0,4400.0,1995.84,1078.0,1078.0,1054.2713
1,OV,OP,00010,142308,235245,1.0,2022-09-15T00:00:00,2022-09-15T00:00:00,2022-09-15T00:00:00,292788,Ortec Inc.,MDU20-T2,MDU20,MDU20,16880.0,16880.0,7656.768,59637.04,59637.04,59693.8145
1,OV,OP,00010,142488,233482,1.0,2022-08-15T00:00:00,2022-08-15T00:00:00,2022-08-15T00:00:00,292788,Ortec Inc.,U201-T2,U201,U201,18361.0,18361.0,8328.5496,65952.71,65952.71,64762.29
1,OV,OP,00010,142957,237939,1.0,2022-11-11T00:00:00,2022-11-11T00:00:00,2022-11-11T00:00:00,292788,Ortec Inc.,U101-OP,U101,U101,18000.0,18000.0,8164.8,50814.0,50814.0,49167.1742
1,OV,OP,00010,142958,237937,1.0,2022-11-11T00:00:00,2022-11-11T00:00:00,2022-11-11T00:00:00,292788,Ortec Inc.,U101-OP,U101,U101,18450.0,18450.0,8368.92,52084.35,52084.35,50396.3535
1,OV,OP,00010,143547,243637,1.0,2023-03-10T00:00:00,2023-03-10T00:00:00,2023-03-10T00:00:00,292788,Ortec Inc.,U701-OP,U701,U701,4500.0,4500.0,2041.2,23868.0,23868.0,22566.6068
1,OV,OP,00010,146193,244485,1.0,2023-03-28T00:00:00,2023-03-28T00:00:00,2023-03-28T00:00:00,292788,Ortec Inc.,U501-OP,U501,U501,18450.0,18450.0,8368.92,95884.65,95884.65,88427.5282
1,OV,OP,00010,146554,243589,1.0,2023-03-09T00:00:00,2023-03-09T00:00:00,2023-03-09T00:00:00,292788,Ortec Inc.,U2022-OP,U2022,U2022,16650.0,16650.0,7552.44,59473.8,59473.8,56231.0148
1,OV,OP,00010,146856,243593,1.0,2023-03-09T00:00:00,2023-03-09T00:00:00,2023-03-09T00:00:00,292788,Ortec Inc.,U2022-OP,U2022,U2022,17277.0,17277.0,7836.8472,61713.44,61713.44,58348.5394
1,OV,OP,00010,146857,243639,1.0,2023-03-10T00:00:00,2023-03-10T00:00:00,2023-03-10T00:00:00,292788,Ortec Inc.,U701-OP,U701,U701,4428.0,4428.0,2008.5408,23486.11,23486.11,22205.5392
1,OV,OP,00010,147147,245622,1.0,2023-04-18T00:00:00,2023-04-18T00:00:00,2023-04-18T00:00:00,292788,Ortec Inc.,MDU20-T2,MDU20,MDU20,18630.0,18630.0,8450.568,64254.87,64254.87,58641.2883
1,OV,OP,00010,148837,247898,1.0,2023-05-31T00:00:00,2023-05-31T00:00:00,2023-05-31T00:00:00,292788,Ortec Inc.,U701-OP,U701,U701,4795.0,4795.0,2175.012,25638.87,25638.87,24066.6894
1,OV,OP,00010,150270,252238,1.0,2023-08-28T00:00:00,2023-08-28T00:00:00,2023-08-28T00:00:00,292788,Ortec Inc.,U2022-OP,U2022,U2022,17300.0,17300.0,7847.28,61345.8,61345.8,56755.6251
1,OV,OP,00010,156752,263060,1.0,2024-04-05T00:00:00,2024-04-05T00:00:00,2024-04-05T00:00:00,292788,Ortec Inc.,U701-OP,U701,U701,4050.0,4050.0,1837.08,19047.15,19047.15,17568.8169
1,OV,OP,00010,156752,263062,1.0,2024-04-05T00:00:00,2024-04-05T00:00:00,2024-04-05T00:00:00,292788,Ortec Inc.,U701-OP,U701,U701,4812.0,4812.0,2182.7232,22630.84,22630.84,20874.3609
1,OV,OP,00010,156816,264131,1.0,2024-04-25T00:00:00,2024-04-25T00:00:00,2024-04-25T00:00:00,292788,Ortec Inc.,U201-T2,U201,U201,15400.0,15400.0,6985.44,46384.8,46384.8,43265.4268
1,OV,OP,00010,160466,269578,1.0,2024-08-16T00:00:00,2024-08-16T00:00:00,2024-08-16T00:00:00,292788,Ortec Inc.,U502-OP,U502,U502,9900.0,9900.0,4490.64,48252.6,48252.6,43881.9615
1,OV,OP,00010,167195,281546,1.0,2025-05-09T00:00:00,2025-05-09T00:00:00,2025-05-09T00:00:00,292788,Ortec Inc.,U501-OP,U501,U501,18000.0,18000.0,8164.8,72342.0,72342.0,64188.5864
1,OV,OP,00010,167310,281772,1.0,2025-05-15T00:00:00,2025-05-15T00:00:00,2025-05-15T00:00:00,292788,Ortec Inc.,U101-OP,U101,U101,18000.0,18000.0,8164.8,46062.0,46062.0,41172.5417
1,OV,OP,00010,170658,286815,1.0,2025-09-09T00:00:00,2025-09-09T00:00:00,2025-09-09T00:00:00,292788,Ortec Inc.,MDU20-T2,MDU20,MDU20,15400.0,15400.0,6985.44,46723.6,46723.6,39856.6746
1,OV,OP,00010,171437,288702,1.0,2025-10-24T00:00:00,2025-10-24T00:00:00,2025-10-24T00:00:00,292788,Ortec Inc.,U101-OP,U101,U101,18000.0,18000.0,8164.8,46656.0,46656.0,40132.9033
1,OV,OP,00010,171439,288444,1.0,2025-10-17T00:00:00,2025-10-17T00:00:00,2025-10-17T00:00:00,292788,Ortec Inc.,U701-OP,U701,U701,9000.0,9000.0,4082.4,34668.0,34668.0,29700.2732
1,OV,OP,00010,171439,288446,1.0,2025-10-17T00:00:00,2025-10-17T00:00:00,2025-10-17T00:00:00,292788,Ortec Inc.,U701-OP,U701,U701,9450.0,9450.0,4286.52,36401.4,36401.4,31185.2869
1,OV,OP,00010,172186,290695,1.0,2025-12-11T00:00:00,2025-12-11T00:00:00,2025-12-11T00:00:00,292788,Ortec Inc.,U802-OP,U802,U802,9450.0,9450.0,4286.52,26856.9,26856.9,22847.189
1,OV,OP,00010,174529,294053,1.0,2026-03-06T00:00:00,2026-03-06T00:00:00,2026-03-06T00:00:00,292788,Ortec Inc.,U701-OP,U701,U701,9450.0,9450.0,4286.52,36401.4,36401.4,31364.1233
1,OV,OP,00010,175079,294924,1.0,2026-03-30T00:00:00,2026-03-30T00:00:00,2026-03-30T00:00:00,292788,Ortec Inc.,U502-OP,U502,U502,9900.0,9900.0,4490.64,42629.4,42629.4,37217.0691
1,OV,OP,00010,175414,296996,1.0,2026-05-21T00:00:00,2026-05-21T00:00:00,2026-05-21T00:00:00,292788,Ortec Inc.,U701-OP,U701,U701,9450.0,9450.0,4286.52,37525.95,37525.95,32381.2023
1,OV,OP,00010,175850,295653,1.0,2026-04-16T00:00:00,2026-04-16T00:00:00,2026-04-16T00:00:00,292788,Ortec Inc.,U2022-OP,U2022,U2022,16650.0,16650.0,7552.44,54745.2,54745.2,46467.4739
1,OV,OP,00010,175909,295917,1.0,2026-04-23T00:00:00,2026-04-23T00:00:00,2026-04-23T00:00:00,292788,Ortec Inc.,MDU20-T2,MDU20,MDU20,15400.0,15400.0,6985.44,47663.0,47663.0,40719.0443
1,OV,OP,00010,177359,298556,1.0,2026-06-25T00:00:00,2026-06-25T00:00:00,2026-06-25T00:00:00,292788,Ortec Inc.,U502-OP,U502,U502,9900.0,9900.0,4490.64,43015.5,43015.5,37784.9442
1,OV,OP,00010,177205,299377,1.0,2026-07-14T00:00:00,2026-07-14T00:00:00,2026-07-14T00:00:00,292788,Ortec Inc.,U501-OP,U501,U501,18000.0,18000.0,8164.8,76320.0,76320.0,66790.6237
1,OV,OP,00010,178823,300596,1.0,2026-08-15T00:00:00,2026-08-15T00:00:00,2026-08-15T00:00:00,292788,Ortec Inc.,MDU20-T2,MDU20,MDU20,15400.0,15400.0,6985.44,47693.8,47693.8,41230.341
1,OV,OP,00010,178916,300600,1.0,2026-08-15T00:00:00,2026-08-15T00:00:00,2026-08-15T00:00:00,292788,Ortec Inc.,U2022-OP,U2022,U2022,16650.0,16650.0,7552.44,54795.15,54795.15,47369.3168
1,OV,OP,00010,142266,241000,1.0,2023-01-18T00:00:00,2023-01-18T00:00:00,2023-01-18T00:00:00,292788,Ortec Inc.,U501-OP,U501,U501,18000.0,18000.0,8164.8,84780.0,84780.0,78301.5872
1,OV,OP,00010,142267,240998,1.0,2023-01-18T00:00:00,2023-01-18T00:00:00,2023-01-18T00:00:00,292788,Ortec Inc.,U501-OP,U501,U501,18450.0,18450.0,8368.92,86899.5,86899.5,80259.1268
1,OV,OP,00010,142309,233613,1.0,2022-08-17T00:00:00,2022-08-17T00:00:00,2022-08-17T00:00:00,292788,Ortec Inc.,MDU20-T2,MDU20,MDU20,16923.0,16923.0,7676.2728,61735.1,61735.1,60739.177
1,OV,OP,00010,142460,233660,1.0,2022-08-18T00:00:00,2022-08-18T00:00:00,2022-08-18T00:00:00,292788,Ortec Inc.,U204-OP,U204,U204,16905.0,16905.0,7668.108,61128.48,61128.48,60444.0733
1,OV,OP,00010,143127,240096,1.0,2022-12-29T00:00:00,2022-12-29T00:00:00,2022-12-29T00:00:00,292788,Ortec Inc.,U101-OP,U101,U101,18166.0,18166.0,8240.097600000001,51282.62,51282.62,48076.405
1,OV,OP,00010,143546,241067,1.0,2023-01-19T00:00:00,2023-01-19T00:00:00,2023-01-19T00:00:00,292788,Ortec Inc.,U501-OP,U501,U501,18450.0,18450.0,8368.92,86899.5,86899.5,80403.8753
1,OV,OP,00010,144618,241902,1.0,2023-02-07T00:00:00,2023-02-07T00:00:00,2023-02-07T00:00:00,292788,Ortec Inc.,MDU20-T2,MDU20,MDU20,15400.0,15400.0,6985.44,53268.6,53268.6,49751.9402
1,OV,OP,00010,144619,244294,1.0,2023-03-23T00:00:00,2023-03-23T00:00:00,2023-03-23T00:00:00,292788,Ortec Inc.,U470-OP,U470,U470,9450.0,9450.0,4286.52,51181.2,51181.2,46997.9149
1,OV,OP,00010,144965,241551,1.0,2023-01-31T00:00:00,2023-01-31T00:00:00,2023-01-31T00:00:00,292788,Ortec Inc.,U101-OP,U101,U101,17550.0,17550.0,7960.68,49543.65,49543.65,45628.5968
1,OV,OP,00010,145122,241553,1.0,2023-01-31T00:00:00,2023-01-31T00:00:00,2023-01-31T00:00:00,292788,Ortec Inc.,U101-OP,U101,U101,18450.0,18450.0,8368.92,52084.35,52084.35,47968.5249
1,OV,OP,00010,145123,242783,1.0,2023-02-24T00:00:00,2023-02-24T00:00:00,2023-02-24T00:00:00,292788,Ortec Inc.,U101-OP,U101,U101,18000.0,18000.0,8164.8,49608.0,49608.0,47042.7257
1,OV,OP,00010,146858,244275,1.0,2023-03-23T00:00:00,2023-03-23T00:00:00,2023-03-23T00:00:00,292788,Ortec Inc.,MDU20-T2,MDU20,MDU20,15400.0,15400.0,6985.44,53114.6,53114.6,48773.2888
1,OV,OP,00010,147081,245620,1.0,2023-04-18T00:00:00,2023-04-18T00:00:00,2023-04-18T00:00:00,292788,Ortec Inc.,U201-T2,U201,U201,17042.0,17042.0,7730.2512,58113.22,58113.22,53036.1992
1,OV,OP,00010,148836,247896,1.0,2023-05-31T00:00:00,2023-05-31T00:00:00,2023-05-31T00:00:00,292788,Ortec Inc.,U701-OP,U701,U701,4050.0,4050.0,1837.08,21655.35,21655.35,20327.4396
1,OV,OP,00010,151387,254494,1.0,2023-10-10T00:00:00,2023-10-10T00:00:00,2023-10-10T00:00:00,292788,Ortec Inc.,U2022-OP,U2022,U2022,17003.0,17003.0,7712.5608,60292.64,60292.64,56784.163
1,OV,OP,00010,152889,256298,1.0,2023-11-16T00:00:00,2023-11-16T00:00:00,2023-11-16T00:00:00,292788,Ortec Inc.,U201-T2,U201,U201,17099.0,17099.0,7756.1064,52015.16,52015.16,47940.7345
1,OV,OP,00010,153313,256302,1.0,2023-11-16T00:00:00,2023-11-16T00:00:00,2023-11-16T00:00:00,292788,Ortec Inc.,U701-OP,U701,U701,4406.0,4406.0,1998.5616,21197.27,21197.27,19536.856
1,OV,OP,00010,153454,257197,1.0,2023-12-08T00:00:00,2023-12-08T00:00:00,2023-12-08T00:00:00,292788,Ortec Inc.,MDU20-T2,MDU20,MDU20,16508.0,16508.0,7488.0288,50233.84,50233.84,46749.43
1,OV,OP,00010,158940,266081,1.0,2024-06-03T00:00:00,2024-06-03T00:00:00,2024-06-03T00:00:00,292788,Ortec Inc.,MDU20-T2,MDU20,MDU20,16642.0,16642.0,7548.8112,49693.01,49693.01,45633.6129
1,OV,OP,00010,158941,267127,1.0,2024-06-24T00:00:00,2024-06-24T00:00:00,2024-06-24T00:00:00,292788,Ortec Inc.,U2022-T2,U2022,U2022,16877.0,16877.0,7655.4072,53010.66,53010.66,49406.8257
1,OV,OP,00010,159697,268314,1.0,2024-07-18T00:00:00,2024-07-18T00:00:00,2024-07-18T00:00:00,292788,Ortec Inc.,U501-OP,U501,U501,17957.0,17957.0,8145.2952000000005,84308.12,84308.12,77256.7659
1,OV,OP,00010,159774,267300,1.0,2024-06-27T00:00:00,2024-06-27T00:00:00,2024-06-27T00:00:00,292788,Ortec Inc.,U201-T2,U201,U201,17104.0,17104.0,7758.3744,51517.25,51517.25,48112.7995
1,OV,OP,00010,160156,269246,1.0,2024-08-08T00:00:00,2024-08-08T00:00:00,2024-08-08T00:00:00,292788,Ortec Inc.,U501-OP,U501,U501,18015.0,18015.0,8171.604,84580.43,84580.43,77505.2432
1,OV,OP,00010,170232,286796,1.0,2025-09-09T00:00:00,2025-09-09T00:00:00,2025-09-09T00:00:00,292788,Ortec Inc.,MDU20-T2,MDU20,MDU20,15400.0,15400.0,6985.44,45984.4,45984.4,39226.1141
1,OV,OP,00010,145129,242977,1.0,2023-02-28T00:00:00,2023-02-28T00:00:00,2023-02-28T00:00:00,292788,Ortec Inc.,U101-OP,U101,U101,17757.0,17757.0,8054.5752,48938.29,48938.29,46157.954
1,OV,OP,00010,142155,232171,1.0,2022-07-22T00:00:00,2022-07-22T00:00:00,2022-07-22T00:00:00,292788,Ortec Inc.,APT10-T2,APT10,APT10,37400.0,37400.0,16964.64,9163.0,9163.0,8961.3059
1,OV,OP,00010,156816,264133,1.0,2024-04-25T00:00:00,2024-04-25T00:00:00,2024-04-25T00:00:00,292788,Ortec Inc.,U201-T2,U201,U201,1895.0,1895.0,859.572,5707.74,5707.74,5323.8951
1,OV,OP,00010,145925,240233,1.0,2023-01-03T00:00:00,2023-01-03T00:00:00,2023-01-03T00:00:00,292788,Ortec Inc.,??????,,,1.0,1.0,0.4536,0.0,0.0,0.0
1,OV,OP,00010,157889,264481,1.0,2024-05-02T00:00:00,2024-05-02T00:00:00,2024-05-02T00:00:00,292788,Ortec Inc.,??????,,,1.0,1.0,0.4536,0.0,0.0,0.0
1,OV,OP,00010,175643,294877,1.0,2026-03-27T00:00:00,2026-03-27T00:00:00,2026-03-27T00:00:00,292788,Ortec Inc.,??????,,,1.0,1.0,0.4536,0.0,0.0,0.0
1,OV,OP,00010,137404,221048,1.0,2022-01-11T00:00:00,2022-01-11T00:00:00,2022-01-11T00:00:00,292788,Ortec Inc.,??????,,,1.0,1.0,0.4536,0.0,0.0,0.0
1,OV,OP,00010,144965,241552,1.0,2023-01-31T00:00:00,2023-01-31T00:00:00,2023-01-31T00:00:00,292788,Ortec Inc.,U101-OP,U101,U101,17550.0,17550.0,7960.68,1333.8,1333.8,1228.4001
1,OV,OP,00010,145122,241554,1.0,2023-01-31T00:00:00,2023-01-31T00:00:00,2023-01-31T00:00:00,292788,Ortec Inc.,U101-OP,U101,U101,18450.0,18450.0,8368.92,1402.2,1402.2,1291.3949
1,OV,OP,00010,145123,242784,1.0,2023-02-24T00:00:00,2023-02-24T00:00:00,2023-02-24T00:00:00,292788,Ortec Inc.,U101-OP,U101,U101,18000.0,18000.0,8164.8,1368.0,1368.0,1297.2595
1,OV,OP,00010,145129,242978,1.0,2023-02-28T00:00:00,2023-02-28T00:00:00,2023-02-28T00:00:00,292788,Ortec Inc.,U101-OP,U101,U101,17757.0,17757.0,8054.5752,1349.53,1349.53,1272.859
1,OV,OP,00010,146193,244486,1.0,2023-03-28T00:00:00,2023-03-28T00:00:00,2023-03-28T00:00:00,292788,Ortec Inc.,U501-OP,U501,U501,18450.0,18450.0,8368.92,1402.2,1402.2,1293.1484
1,OV,OP,00010,146554,243590,1.0,2023-03-09T00:00:00,2023-03-09T00:00:00,2023-03-09T00:00:00,292788,Ortec Inc.,U2022-OP,U2022,U2022,16650.0,16650.0,7552.44,1265.4,1265.4,1196.4046
1,OV,OP,00010,146856,243594,1.0,2023-03-09T00:00:00,2023-03-09T00:00:00,2023-03-09T00:00:00,292788,Ortec Inc.,U2022-OP,U2022,U2022,17277.0,17277.0,7836.8472,1313.05,1313.05,1241.4565
1,OV,OP,00010,146857,243640,1.0,2023-03-10T00:00:00,2023-03-10T00:00:00,2023-03-10T00:00:00,292788,Ortec Inc.,U701-OP,U701,U701,4428.0,4428.0,2008.5408,336.53,336.53,318.1808
1,OV,OP,00010,146858,244276,1.0,2023-03-23T00:00:00,2023-03-23T00:00:00,2023-03-23T00:00:00,292788,Ortec Inc.,MDU20-T2,MDU20,MDU20,15400.0,15400.0,6985.44,1170.4,1170.4,1074.7376
1,OV,OP,00010,147081,245621,1.0,2023-04-18T00:00:00,2023-04-18T00:00:00,2023-04-18T00:00:00,292788,Ortec Inc.,U201-T2,U201,U201,17042.0,17042.0,7730.2512,1005.48,1005.48,917.6369
1,OV,OP,00010,147147,245623,1.0,2023-04-18T00:00:00,2023-04-18T00:00:00,2023-04-18T00:00:00,292788,Ortec Inc.,MDU20-T2,MDU20,MDU20,18630.0,18630.0,8450.568,1099.17,1099.17,1003.1418
1,OV,OP,00010,148836,247897,1.0,2023-05-31T00:00:00,2023-05-31T00:00:00,2023-05-31T00:00:00,292788,Ortec Inc.,U701-OP,U701,U701,4050.0,4050.0,1837.08,238.95,238.95,224.2975
1,OV,OP,00010,148837,247899,1.0,2023-05-31T00:00:00,2023-05-31T00:00:00,2023-05-31T00:00:00,292788,Ortec Inc.,U701-OP,U701,U701,4795.0,4795.0,2175.012,282.91,282.91,265.5619
1,OV,OP,00010,150270,252239,1.0,2023-08-28T00:00:00,2023-08-28T00:00:00,2023-08-28T00:00:00,292788,Ortec Inc.,U2022-OP,U2022,U2022,17300.0,17300.0,7847.28,1003.4,1003.4,928.321
1,OV,OP,00010,151387,254495,1.0,2023-10-10T00:00:00,2023-10-10T00:00:00,2023-10-10T00:00:00,292788,Ortec Inc.,U2022-OP,U2022,U2022,17003.0,17003.0,7712.5608,986.17,986.17,928.784
1,OV,OP,00010,152889,256299,1.0,2023-11-16T00:00:00,2023-11-16T00:00:00,2023-11-16T00:00:00,292788,Ortec Inc.,U201-T2,U201,U201,17099.0,17099.0,7756.1064,991.74,991.74,914.0555
1,OV,OP,00010,153313,256303,1.0,2023-11-16T00:00:00,2023-11-16T00:00:00,2023-11-16T00:00:00,292788,Ortec Inc.,U701-OP,U701,U701,4406.0,4406.0,1998.5616,255.55,255.55,235.5324
1,OV,OP,00010,153454,257198,1.0,2023-12-08T00:00:00,2023-12-08T00:00:00,2023-12-08T00:00:00,292788,Ortec Inc.,MDU20-T2,MDU20,MDU20,16508.0,16508.0,7488.0288,957.46,957.46,891.0469
1,OV,OP,00010,156752,263061,1.0,2024-04-05T00:00:00,2024-04-05T00:00:00,2024-04-05T00:00:00,292788,Ortec Inc.,U701-OP,U701,U701,4050.0,4050.0,1837.08,331.7,331.7,305.9553
1,OV,OP,00010,156752,263063,1.0,2024-04-05T00:00:00,2024-04-05T00:00:00,2024-04-05T00:00:00,292788,Ortec Inc.,U701-OP,U701,U701,4812.0,4812.0,2182.7232,394.1,394.1,363.5122
1,OV,OP,00010,156816,264132,1.0,2024-04-25T00:00:00,2024-04-25T00:00:00,2024-04-25T00:00:00,292788,Ortec Inc.,U201-T2,U201,U201,15400.0,15400.0,6985.44,1261.26,1261.26,1176.4404
1,OV,OP,00010,156816,264134,1.0,2024-04-25T00:00:00,2024-04-25T00:00:00,2024-04-25T00:00:00,292788,Ortec Inc.,U201-T2,U201,U201,1895.0,1895.0,859.572,155.2,155.2,144.7628
1,OV,OP,00010,158940,266082,1.0,2024-06-03T00:00:00,2024-06-03T00:00:00,2024-06-03T00:00:00,292788,Ortec Inc.,MDU20-T2,MDU20,MDU20,16642.0,16642.0,7548.8112,1318.05,1318.05,1210.3792
1,OV,OP,00010,158941,267128,1.0,2024-06-24T00:00:00,2024-06-24T00:00:00,2024-06-24T00:00:00,292788,Ortec Inc.,U2022-T2,U2022,U2022,16877.0,16877.0,7655.4072,1336.66,1336.66,1245.7896
1,OV,OP,00010,159697,268315,1.0,2024-07-18T00:00:00,2024-07-18T00:00:00,2024-07-18T00:00:00,292788,Ortec Inc.,U501-OP,U501,U501,17957.0,17957.0,8145.2952000000005,1422.19,1422.19,1303.241
1,OV,OP,00010,159774,267301,1.0,2024-06-27T00:00:00,2024-06-27T00:00:00,2024-06-27T00:00:00,292788,Ortec Inc.,U201-T2,U201,U201,17104.0,17104.0,7758.3744,1354.64,1354.64,1265.1204
1,OV,OP,00010,160156,269247,1.0,2024-08-08T00:00:00,2024-08-08T00:00:00,2024-08-08T00:00:00,292788,Ortec Inc.,U501-OP,U501,U501,18015.0,18015.0,8171.604,1426.79,1426.79,1307.4384
1,OV,OP,00010,160466,269579,1.0,2024-08-16T00:00:00,2024-08-16T00:00:00,2024-08-16T00:00:00,292788,Ortec Inc.,U502-OP,U502,U502,9900.0,9900.0,4490.64,784.08,784.08,713.0594
1,OV,OP,00010,167195,281547,1.0,2025-05-09T00:00:00,2025-05-09T00:00:00,2025-05-09T00:00:00,292788,Ortec Inc.,U501-OP,U501,U501,18000.0,18000.0,8164.8,810.0,810.0,718.7077
1,OV,OP,00010,167310,281773,1.0,2025-05-15T00:00:00,2025-05-15T00:00:00,2025-05-15T00:00:00,292788,Ortec Inc.,U101-OP,U101,U101,18000.0,18000.0,8164.8,810.0,810.0,724.0189
1,OV,OP,00010,170232,286797,1.0,2025-09-09T00:00:00,2025-09-09T00:00:00,2025-09-09T00:00:00,292788,Ortec Inc.,MDU20-T2,MDU20,MDU20,15400.0,15400.0,6985.44,616.0,616.0,525.467
1,OV,OP,00010,170658,286816,1.0,2025-09-09T00:00:00,2025-09-09T00:00:00,2025-09-09T00:00:00,292788,Ortec Inc.,MDU20-T2,MDU20,MDU20,15400.0,15400.0,6985.44,616.0,616.0,525.467
1,OV,OP,00010,171437,288703,1.0,2025-10-24T00:00:00,2025-10-24T00:00:00,2025-10-24T00:00:00,292788,Ortec Inc.,U101-OP,U101,U101,18000.0,18000.0,8164.8,720.0,720.0,619.3349
1,OV,OP,00010,171439,288445,1.0,2025-10-17T00:00:00,2025-10-17T00:00:00,2025-10-17T00:00:00,292788,Ortec Inc.,U701-OP,U701,U701,9000.0,9000.0,4082.4,360.0,360.0,308.4141
1,OV,OP,00010,171439,288447,1.0,2025-10-17T00:00:00,2025-10-17T00:00:00,2025-10-17T00:00:00,292788,Ortec Inc.,U701-OP,U701,U701,9450.0,9450.0,4286.52,378.0,378.0,323.8348
1,OV,OP,00010,172186,290696,1.0,2025-12-11T00:00:00,2025-12-11T00:00:00,2025-12-11T00:00:00,292788,Ortec Inc.,U802-OP,U802,U802,9450.0,9450.0,4286.52,378.0,378.0,321.5649
1,OV,OP,00010,174529,294054,1.0,2026-03-06T00:00:00,2026-03-06T00:00:00,2026-03-06T00:00:00,292788,Ortec Inc.,U701-OP,U701,U701,9450.0,9450.0,4286.52,378.0,378.0,325.6918
1,OV,OP,00010,175079,294925,1.0,2026-03-30T00:00:00,2026-03-30T00:00:00,2026-03-30T00:00:00,292788,Ortec Inc.,U502-OP,U502,U502,9900.0,9900.0,4490.64,396.0,396.0,345.7229
1,OV,OP,00010,175414,296997,1.0,2026-05-21T00:00:00,2026-05-21T00:00:00,2026-05-21T00:00:00,292788,Ortec Inc.,U701-OP,U701,U701,9450.0,9450.0,4286.52,472.5,472.5,407.721
1,OV,OP,00010,175850,295654,1.0,2026-04-16T00:00:00,2026-04-16T00:00:00,2026-04-16T00:00:00,292788,Ortec Inc.,U2022-OP,U2022,U2022,16650.0,16650.0,7552.44,666.0,666.0,565.2977
1,OV,OP,00010,175909,295918,1.0,2026-04-23T00:00:00,2026-04-23T00:00:00,2026-04-23T00:00:00,292788,Ortec Inc.,MDU20-T2,MDU20,MDU20,15400.0,15400.0,6985.44,770.0,770.0,657.8198
1,OV,OP,00010,177359,298557,1.0,2026-06-25T00:00:00,2026-06-25T00:00:00,2026-06-25T00:00:00,292788,Ortec Inc.,U502-OP,U502,U502,9900.0,9900.0,4490.64,495.0,495.0,434.8095
1,OV,OP,00010,177205,299378,1.0,2026-07-14T00:00:00,2026-07-14T00:00:00,2026-07-14T00:00:00,292788,Ortec Inc.,U501-OP,U501,U501,18000.0,18000.0,8164.8,900.0,900.0,787.6253
1,OV,OP,00010,178823,300597,1.0,2026-08-15T00:00:00,2026-08-15T00:00:00,2026-08-15T00:00:00,292788,Ortec Inc.,MDU20-T2,MDU20,MDU20,15400.0,15400.0,6985.44,770.0,770.0,665.6497
1,OV,OP,00010,178916,300601,1.0,2026-08-15T00:00:00,2026-08-15T00:00:00,2026-08-15T00:00:00,292788,Ortec Inc.,U2022-OP,U2022,U2022,16650.0,16650.0,7552.44,832.5,832.5,719.6797
1,OV,OP,00010,120090,185779,1.0,2020-04-07T00:00:00,2020-04-07T00:00:00,2020-04-07T00:00:00,292788,Ortec Inc.,U501-OP,U501,U501,18000.0,18000.0,8164.8,1080.0,1080.0,993.9184
1,OV,OP,00010,120090,185781,1.0,2020-04-07T00:00:00,2020-04-07T00:00:00,2020-04-07T00:00:00,292788,Ortec Inc.,U501-OP,U501,U501,18000.0,18000.0,8164.8,1080.0,1080.0,993.9184
1,OV,OP,00010,120090,186518,1.0,2020-04-22T00:00:00,2020-04-22T00:00:00,2020-04-22T00:00:00,292788,Ortec Inc.,U501-OP,U501,U501,17550.0,17550.0,7960.68,1053.0,1053.0,972.5618
1,OV,OP,00010,131460,209692,1.0,2021-07-13T00:00:00,2021-07-13T00:00:00,2021-07-13T00:00:00,292788,Ortec Inc.,U201-T2,U201,U201,15400.0,15400.0,6985.44,1232.0,1232.0,1043.0488
1,OV,OP,00010,131462,210720,1.0,2021-07-29T00:00:00,2021-07-29T00:00:00,2021-07-29T00:00:00,292788,Ortec Inc.,U201-T2,U201,U201,15400.0,15400.0,6985.44,1232.0,1232.0,1036.5837
1,OV,OP,00010,136529,222781,1.0,2022-02-10T00:00:00,2022-02-10T00:00:00,2022-02-10T00:00:00,292788,Ortec Inc.,APT10,APT10,APT10,3269.0,3269.0,1482.8184,261.52,261.52,227.6443
1,OV,OP,00010,136529,223068,1.0,2022-02-15T00:00:00,2022-02-15T00:00:00,2022-02-15T00:00:00,292788,Ortec Inc.,APT10,APT10,APT10,39600.0,39600.0,17962.56,3168.0,3168.0,2787.7351
1,OV,OP,00010,122734,191096,1.0,2020-08-11T00:00:00,2020-08-11T00:00:00,2020-08-11T00:00:00,292788,Ortec Inc.,U201-T2,U201,U201,8800.0,8800.0,3991.68,704.0,704.0,598.3506
1,OV,OP,00010,122734,191098,1.0,2020-08-11T00:00:00,2020-08-11T00:00:00,2020-08-11T00:00:00,292788,Ortec Inc.,U201-T2,U201,U201,8800.0,8800.0,3991.68,704.0,704.0,598.3506
1,OV,OP,00010,122735,191707,1.0,2020-08-25T00:00:00,2020-08-25T00:00:00,2020-08-25T00:00:00,292788,Ortec Inc.,U201-T2,U201,U201,8800.0,8800.0,3991.68,704.0,704.0,595.7021
1,OV,OP,00010,122735,191709,1.0,2020-08-25T00:00:00,2020-08-25T00:00:00,2020-08-25T00:00:00,292788,Ortec Inc.,U201-T2,U201,U201,8800.0,8800.0,3991.68,704.0,704.0,595.7021
1,OV,OP,00010,127646,201787,1.0,2021-03-03T00:00:00,2021-03-03T00:00:00,2021-03-03T00:00:00,292788,Ortec Inc.,U101-OP,U101,U101,9000.0,9000.0,4082.4,720.0,720.0,596.2255
1,OV,OP,00010,127646,201791,1.0,2021-03-03T00:00:00,2021-03-03T00:00:00,2021-03-03T00:00:00,292788,Ortec Inc.,U101-OP,U101,U101,991.0,991.0,449.5176,79.28,79.28,65.6511
1,OV,OP,00010,127888,202154,1.0,2021-03-09T00:00:00,2021-03-09T00:00:00,2021-03-09T00:00:00,292788,Ortec Inc.,U2022-OP,U2022,U2022,16650.0,16650.0,7552.44,1332.0,1332.0,1120.5205
1,OV,OP,00010,130730,206757,1.0,2021-05-27T00:00:00,2021-05-27T00:00:00,2021-05-27T00:00:00,292788,Ortec Inc.,U501-OP,U501,U501,9595.0,9595.0,4352.292,767.6,767.6,629.4705
1,OV,OP,00010,130778,213086,1.0,2021-09-03T00:00:00,2021-09-03T00:00:00,2021-09-03T00:00:00,292788,Ortec Inc.,U101-OP,U101,U101,17979.0,17979.0,8155.2744,1438.32,1438.32,1210.2841
1,OV,OP,00010,136132,222258,1.0,2022-02-01T00:00:00,2022-02-01T00:00:00,2022-02-01T00:00:00,292788,Ortec Inc.,APT11,APT11,APT11,4372.0,4372.0,1983.1392,349.76,349.76,311.2476
1,OV,OP,00010,134944,217466,1.0,2021-11-11T00:00:00,2021-11-11T00:00:00,2021-11-11T00:00:00,292788,Ortec Inc.,APT10,APT10,APT10,4518.0,4518.0,2049.3648,361.44,361.44,315.2609
1,OV,OP,00010,120506,186544,1.0,2020-04-23T00:00:00,2020-04-23T00:00:00,2020-04-23T00:00:00,292788,Ortec Inc.,U201-T2,U201,U201,15400.0,15400.0,6985.44,924.0,924.0,854.4431
1,OV,OP,00010,121680,187879,1.0,2020-05-27T00:00:00,2020-05-27T00:00:00,2020-05-27T00:00:00,292788,Ortec Inc.,U1001-OP,U1001,U1001,209.0,209.0,94.8024,25.08,25.08,22.8726
1,OV,OP,00010,121680,187881,1.0,2020-05-27T00:00:00,2020-05-27T00:00:00,2020-05-27T00:00:00,292788,Ortec Inc.,U1001-OP,U1001,U1001,1350.0,1350.0,612.36,162.0,162.0,147.7414
1,OV,OP,00010,122717,191288,1.0,2020-08-14T00:00:00,2020-08-14T00:00:00,2020-08-14T00:00:00,292788,Ortec Inc.,MDU20-T2,MDU20,MDU20,6600.0,6600.0,2993.76,528.0,528.0,446.2305
1,OV,OP,00010,122718,190960,1.0,2020-08-08T00:00:00,2020-08-08T00:00:00,2020-08-08T00:00:00,292788,Ortec Inc.,U204-OP,U204,U204,8100.0,8100.0,3674.16,648.0,648.0,549.8498
1,OV,OP,00010,122719,193600,1.0,2020-10-07T00:00:00,2020-10-07T00:00:00,2020-10-07T00:00:00,292788,Ortec Inc.,U204-OP,U204,U204,8550.0,8550.0,3878.28,684.0,684.0,581.3376
1,OV,OP,00010,122736,192278,1.0,2020-09-04T00:00:00,2020-09-04T00:00:00,2020-09-04T00:00:00,292788,Ortec Inc.,U201-T2,U201,U201,15400.0,15400.0,6985.44,1232.0,1232.0,1042.6521
1,OV,OP,00010,125464,197083,1.0,2020-12-15T00:00:00,2020-12-15T00:00:00,2020-12-15T00:00:00,292788,Ortec Inc.,U501-OP,U501,U501,94.0,94.0,42.6384,7.52,7.52,6.1858
1,OV,OP,00010,125693,199669,1.0,2021-01-27T00:00:00,2021-01-27T00:00:00,2021-01-27T00:00:00,292788,Ortec Inc.,U101-OP,U101,U101,18000.0,18000.0,8164.8,1440.0,1440.0,1190.127
1,OV,OP,00010,127335,200934,1.0,2021-02-18T00:00:00,2021-02-18T00:00:00,2021-02-18T00:00:00,292788,Ortec Inc.,U501-OP,U501,U501,9027.0,9027.0,4094.6472,722.16,722.16,597.8884
1,OV,OP,00010,127521,201352,1.0,2021-02-25T00:00:00,2021-02-25T00:00:00,2021-02-25T00:00:00,292788,Ortec Inc.,MDU20-T2,MDU20,MDU20,6600.0,6600.0,2993.76,528.0,528.0,431.8101
1,OV,OP,00010,128998,206431,1.0,2021-05-24T00:00:00,2021-05-24T00:00:00,2021-05-24T00:00:00,292788,Ortec Inc.,U101-OP,U101,U101,9753.0,9753.0,4423.9608,780.24,780.24,639.0738
1,OV,OP,00010,131461,209872,1.0,2021-07-15T00:00:00,2021-07-15T00:00:00,2021-07-15T00:00:00,292788,Ortec Inc.,U201-T2,U201,U201,15400.0,15400.0,6985.44,1232.0,1232.0,1043.4334
1,OV,OP,00010,131463,211289,1.0,2021-08-06T00:00:00,2021-08-06T00:00:00,2021-08-06T00:00:00,292788,Ortec Inc.,U201-T2,U201,U201,15400.0,15400.0,6985.44,1232.0,1232.0,1047.6502
1,OV,OP,00010,131464,213594,1.0,2021-09-16T00:00:00,2021-09-16T00:00:00,2021-09-16T00:00:00,292788,Ortec Inc.,U201-T2,U201,U201,8800.0,8800.0,3991.68,704.0,704.0,598.1418
1,OV,OP,00010,131464,213596,1.0,2021-09-16T00:00:00,2021-09-16T00:00:00,2021-09-16T00:00:00,292788,Ortec Inc.,U201-T2,U201,U201,15400.0,15400.0,6985.44,1232.0,1232.0,1046.7482
1,OV,OP,00010,133186,220534,1.0,2022-01-03T00:00:00,2022-01-03T00:00:00,2022-01-03T00:00:00,292788,Ortec Inc.,U101-OP,U101,U101,14406.0,14406.0,6534.5616,1152.48,1152.48,1020.8923
1,OV,OP,00010,133317,216971,1.0,2021-11-04T00:00:00,2021-11-04T00:00:00,2021-11-04T00:00:00,292788,Ortec Inc.,U201-T2,U201,U201,17800.0,17800.0,8074.08,1424.0,1424.0,1233.5591
1,OV,OP,00010,133518,215046,1.0,2021-10-07T00:00:00,2021-10-07T00:00:00,2021-10-07T00:00:00,292788,Ortec Inc.,U701-OP,U701,U701,9584.0,9584.0,4347.3024,766.72,766.72,663.1427
1,OV,OP,00010,133518,215054,1.0,2021-10-07T00:00:00,2021-10-07T00:00:00,2021-10-07T00:00:00,292788,Ortec Inc.,U701-OP,U701,U701,4411.0,4411.0,2000.8296,352.88,352.88,305.2089
1,OV,OP,00010,136086,220322,1.0,2021-12-28T00:00:00,2021-12-28T00:00:00,2021-12-28T00:00:00,292788,Ortec Inc.,APT10,APT10,APT10,8206.0,8206.0,3722.2416,656.48,656.48,580.3231
1,OV,OP,00010,142080,232364,1.0,2022-07-26T00:00:00,2022-07-26T00:00:00,2022-07-26T00:00:00,292788,Ortec Inc.,APT10-T2,APT10,APT10,37400.0,37400.0,16964.64,2992.0,2992.0,2957.303
1,OV,OP,00010,142155,232172,1.0,2022-07-22T00:00:00,2022-07-22T00:00:00,2022-07-22T00:00:00,292788,Ortec Inc.,APT10-T2,APT10,APT10,37400.0,37400.0,16964.64,2992.0,2992.0,2926.1407
1,OV,OP,00010,121435,187883,1.0,2020-05-27T00:00:00,2020-05-27T00:00:00,2020-05-27T00:00:00,292788,Ortec Inc.,U201-T2,U201,U201,15400.0,15400.0,6985.44,924.0,924.0,842.673
1,OV,OP,00010,121680,187877,1.0,2020-05-27T00:00:00,2020-05-27T00:00:00,2020-05-27T00:00:00,292788,Ortec Inc.,U1001-OP,U1001,U1001,1350.0,1350.0,612.36,162.0,162.0,147.7414
1,OV,OP,00010,122719,193598,1.0,2020-10-07T00:00:00,2020-10-07T00:00:00,2020-10-07T00:00:00,292788,Ortec Inc.,U204-OP,U204,U204,8100.0,8100.0,3674.16,648.0,648.0,550.7409
1,OV,OP,00010,123278,193616,1.0,2020-10-07T00:00:00,2020-10-07T00:00:00,2020-10-07T00:00:00,292788,Ortec Inc.,U201-T2,U201,U201,6600.0,6600.0,2993.76,528.0,528.0,448.7518
1,OV,OP,00010,125464,197080,1.0,2020-12-15T00:00:00,2020-12-15T00:00:00,2020-12-15T00:00:00,292788,Ortec Inc.,U501-OP,U501,U501,18450.0,18450.0,8368.92,1476.0,1476.0,1214.1316
1,OV,OP,00010,125693,199666,1.0,2021-01-27T00:00:00,2021-01-27T00:00:00,2021-01-27T00:00:00,292788,Ortec Inc.,U101-OP,U101,U101,128.0,128.0,58.0608,10.24,10.24,8.4631
1,OV,OP,00010,126157,199074,1.0,2021-01-15T00:00:00,2021-01-15T00:00:00,2021-01-15T00:00:00,292788,Ortec Inc.,U204-OP,U204,U204,16650.0,16650.0,7552.44,1332.0,1332.0,1101.1667
1,OV,OP,00010,127335,200932,1.0,2021-02-18T00:00:00,2021-02-18T00:00:00,2021-02-18T00:00:00,292788,Ortec Inc.,U501-OP,U501,U501,9450.0,9450.0,4286.52,756.0,756.0,625.9051
1,OV,OP,00010,127521,201350,1.0,2021-02-25T00:00:00,2021-02-25T00:00:00,2021-02-25T00:00:00,292788,Ortec Inc.,MDU20-T2,MDU20,MDU20,11000.0,11000.0,4989.6,880.0,880.0,719.6834
1,OV,OP,00010,128998,206429,1.0,2021-05-24T00:00:00,2021-05-24T00:00:00,2021-05-24T00:00:00,292788,Ortec Inc.,U101-OP,U101,U101,9000.0,9000.0,4082.4,720.0,720.0,589.7328
1,OV,OP,00010,130141,205591,1.0,2021-05-06T00:00:00,2021-05-06T00:00:00,2021-05-06T00:00:00,292788,Ortec Inc.,MDU20-T2,MDU20,MDU20,15400.0,15400.0,6985.44,1232.0,1232.0,1022.3477
1,OV,OP,00010,130462,214154,1.0,2021-09-25T00:00:00,2021-09-25T00:00:00,2021-09-25T00:00:00,292788,Ortec Inc.,U501-OP,U501,U501,18274.0,18274.0,8289.0864,1461.92,1461.92,1247.5677
1,OV,OP,00010,130782,208618,1.0,2021-06-24T00:00:00,2021-06-24T00:00:00,2021-06-24T00:00:00,292788,Ortec Inc.,U201-T2,U201,U201,15400.0,15400.0,6985.44,1232.0,1232.0,1032.885
1,OV,OP,00010,133315,217920,1.0,2021-11-18T00:00:00,2021-11-18T00:00:00,2021-11-18T00:00:00,292788,Ortec Inc.,U501-OP,U501,U501,18191.0,18191.0,8251.4376,1455.28,1455.28,1281.3992
1,OV,OP,00010,133664,222779,1.0,2022-02-10T00:00:00,2022-02-10T00:00:00,2022-02-10T00:00:00,292788,Ortec Inc.,U101-OP,U101,U101,18220.0,18220.0,8264.592,1457.6,1457.6,1268.7914
1,OV,OP,00010,135443,219258,1.0,2021-12-09T00:00:00,2021-12-09T00:00:00,2021-12-09T00:00:00,292788,Ortec Inc.,U501-OP,U501,U501,18220.0,18220.0,8264.592,1457.6,1457.6,1291.5192
1,OV,OP,00010,144619,244295,1.0,2023-03-23T00:00:00,2023-03-23T00:00:00,2023-03-23T00:00:00,292788,Ortec Inc.,U470-OP,U470,U470,9450.0,9450.0,4286.52,756.0,756.0,694.2085
1,OV,OP,00010,118845,182412,1.0,2020-01-29T00:00:00,2020-01-29T00:00:00,2020-01-29T00:00:00,292788,Ortec Inc.,MDU20-T2,MDU20,MDU20,15400.0,15400.0,6985.44,1232.0,1232.0,1118.4121
1,OV,OP,00010,118854,182974,1.0,2020-02-11T00:00:00,2020-02-11T00:00:00,2020-02-11T00:00:00,292788,Ortec Inc.,U101-OP,U101,U101,18000.0,18000.0,8164.8,1440.0,1440.0,1319.2291
1,OV,OP,00010,118926,182319,1.0,2020-01-28T00:00:00,2020-01-28T00:00:00,2020-01-28T00:00:00,292788,Ortec Inc.,U204-OP,U204,U204,17100.0,17100.0,7756.56,1368.0,1368.0,1242.0566
1,OV,OP,00010,118979,182976,1.0,2020-02-11T00:00:00,2020-02-11T00:00:00,2020-02-11T00:00:00,292788,Ortec Inc.,U101-OP,U101,U101,18000.0,18000.0,8164.8,1440.0,1440.0,1319.2291
1,OV,OP,00010,119238,184526,1.0,2020-03-12T00:00:00,2020-03-12T00:00:00,2020-03-12T00:00:00,292788,Ortec Inc.,U501-OP,U501,U501,18000.0,18000.0,8164.8,1080.0,1080.0,964.1088
1,OV,OP,00010,119323,184770,1.0,2020-03-18T00:00:00,2020-03-18T00:00:00,2020-03-18T00:00:00,292788,Ortec Inc.,U204-OP,U204,U204,16650.0,16650.0,7552.44,1332.0,1332.0,1224.1296
1,OV,OP,00010,119711,184772,1.0,2020-03-18T00:00:00,2020-03-18T00:00:00,2020-03-18T00:00:00,292788,Ortec Inc.,U204-OP,U204,U204,17100.0,17100.0,7756.56,1368.0,1368.0,1257.2142
1,OV,OP,00010,121685,188531,1.0,2020-06-11T00:00:00,2020-06-11T00:00:00,2020-06-11T00:00:00,292788,Ortec Inc.,U204-OP,U204,U204,16650.0,16650.0,7552.44,999.0,999.0,878.1782
1,OV,OP,00010,122609,189923,1.0,2020-07-17T00:00:00,2020-07-17T00:00:00,2020-07-17T00:00:00,292788,Ortec Inc.,U201-T2,U201,U201,17300.0,17300.0,7847.28,1038.0,1038.0,907.5408
1,OV,OP,00010,124556,195371,1.0,2020-11-10T00:00:00,2020-11-10T00:00:00,2020-11-10T00:00:00,292788,Ortec Inc.,U101-OP,U101,U101,9437.0,9437.0,4280.6232,754.96,754.96,639.2909
1,OV,OP,00010,124838,196109,1.0,2020-11-24T00:00:00,2020-11-24T00:00:00,2020-11-24T00:00:00,292788,Ortec Inc.,U2022-OP,U2022,U2022,16950.0,16950.0,7688.52,1356.0,1356.0,1141.8532
1,OV,OP,00010,124866,196775,1.0,2020-12-09T00:00:00,2020-12-09T00:00:00,2020-12-09T00:00:00,292788,Ortec Inc.,U204-OP,U204,U204,16650.0,16650.0,7552.44,1332.0,1332.0,1102.9274
1,OV,OP,00010,125636,199663,1.0,2021-01-27T00:00:00,2021-01-27T00:00:00,2021-01-27T00:00:00,292788,Ortec Inc.,U101-OP,U101,U101,18000.0,18000.0,8164.8,1440.0,1440.0,1190.127
1,OV,OP,00010,125637,197228,1.0,2020-12-17T00:00:00,2020-12-17T00:00:00,2020-12-17T00:00:00,292788,Ortec Inc.,MDU20-T2,MDU20,MDU20,15400.0,15400.0,6985.44,1232.0,1232.0,1004.9996
1,OV,OP,00010,125694,199268,1.0,2021-01-20T00:00:00,2021-01-20T00:00:00,2021-01-20T00:00:00,292788,Ortec Inc.,MDU20-T2,MDU20,MDU20,15400.0,15400.0,6985.44,1232.0,1232.0,1017.2433
1,OV,OP,00010,125975,197756,1.0,2020-12-23T00:00:00,2020-12-23T00:00:00,2020-12-23T00:00:00,292788,Ortec Inc.,U470-OP,U470,U470,9549.0,9549.0,4331.4264,763.92,763.92,626.5453
1,OV,OP,00010,126822,200006,1.0,2021-02-01T00:00:00,2021-02-01T00:00:00,2021-02-01T00:00:00,292788,Ortec Inc.,U2022-OP,U2022,U2022,16900.0,16900.0,7665.84,1352.0,1352.0,1119.8874
1,OV,OP,00010,127337,202156,1.0,2021-03-09T00:00:00,2021-03-09T00:00:00,2021-03-09T00:00:00,292788,Ortec Inc.,U204-OP,U204,U204,17100.0,17100.0,7756.56,1368.0,1368.0,1150.8048
1,OV,OP,00010,127638,201348,1.0,2021-02-25T00:00:00,2021-02-25T00:00:00,2021-02-25T00:00:00,292788,Ortec Inc.,U470-OP,U470,U470,9650.0,9650.0,4377.24,772.0,772.0,631.3587
1,OV,OP,00010,129640,211675,1.0,2021-08-12T00:00:00,2021-08-12T00:00:00,2021-08-12T00:00:00,292788,Ortec Inc.,U501-OP,U501,U501,18450.0,18450.0,8368.92,1476.0,1476.0,1257.8516
1,OV,OP,00010,130780,211684,1.0,2021-08-12T00:00:00,2021-08-12T00:00:00,2021-08-12T00:00:00,292788,Ortec Inc.,U204-OP,U204,U204,16650.0,16650.0,7552.44,1332.0,1332.0,1135.1344
1,OV,OP,00010,133192,215127,1.0,2021-10-09T00:00:00,2021-10-09T00:00:00,2021-10-09T00:00:00,292788,Ortec Inc.,U204-OP,U204,U204,16915.0,16915.0,7672.644,1353.2,1353.2,1169.1463
1,OV,OP,00010,133725,217373,1.0,2021-11-10T00:00:00,2021-11-10T00:00:00,2021-11-10T00:00:00,292788,Ortec Inc.,U2022-OP,U2022,U2022,17211.0,17211.0,7806.9096,1376.88,1376.88,1195.2968
1,OV,OP,00010,135129,216601,1.0,2021-10-30T00:00:00,2021-10-30T00:00:00,2021-10-30T00:00:00,292788,Ortec Inc.,U204-OP,U204,U204,16517.0,16517.0,7492.1112,1321.36,1321.36,1142.877
1,OV,OP,00010,135442,226777,1.0,2022-04-21T00:00:00,2022-04-21T00:00:00,2022-04-21T00:00:00,292788,Ortec Inc.,U101-OP,U101,U101,17804.0,17804.0,8075.8944,1424.32,1424.32,1314.0054
1,OV,OP,00010,135445,228141,1.0,2022-05-17T00:00:00,2022-05-17T00:00:00,2022-05-17T00:00:00,292788,Ortec Inc.,U501-OP,U501,U501,18030.0,18030.0,8178.408,1442.4,1442.4,1369.3254
1,OV,OP,00010,135449,226775,1.0,2022-04-21T00:00:00,2022-04-21T00:00:00,2022-04-21T00:00:00,292788,Ortec Inc.,U502-OP,U502,U502,10020.0,10020.0,4545.072,801.6,801.6,739.5155
1,OV,OP,00010,136017,228636,1.0,2022-05-25T00:00:00,2022-05-25T00:00:00,2022-05-25T00:00:00,292788,Ortec Inc.,U101-OP,U101,U101,18061.0,18061.0,8192.4696,1444.88,1444.88,1355.3831
1,OV,OP,00010,139056,226771,1.0,2022-04-21T00:00:00,2022-04-21T00:00:00,2022-04-21T00:00:00,292788,Ortec Inc.,APT10-T2,APT10,APT10,43270.0,43270.0,19627.272,3461.6,3461.6,3193.4967
1,OV,OP,00010,139373,226773,1.0,2022-04-21T00:00:00,2022-04-21T00:00:00,2022-04-21T00:00:00,292788,Ortec Inc.,U2022-OP,U2022,U2022,16959.0,16959.0,7692.6024,1356.72,1356.72,1251.6411
1,OV,OP,00010,140432,229513,1.0,2022-06-08T00:00:00,2022-06-08T00:00:00,2022-06-08T00:00:00,292788,Ortec Inc.,U501-OP,U501,U501,17980.0,17980.0,8155.728,1438.4,1438.4,1339.302
1,OV,OP,00010,140433,229589,1.0,2022-06-09T00:00:00,2022-06-09T00:00:00,2022-06-09T00:00:00,292788,Ortec Inc.,U502-OP,U502,U502,10205.0,10205.0,4628.988,816.4,816.4,766.0741
1,OV,OP,00010,140775,229511,1.0,2022-06-08T00:00:00,2022-06-08T00:00:00,2022-06-08T00:00:00,292788,Ortec Inc.,MDU20-T2,MDU20,MDU20,17888.0,17888.0,8113.9968,1431.04,1431.04,1332.4491
1,OV,OP,00010,141465,232014,1.0,2022-07-20T00:00:00,2022-07-20T00:00:00,2022-07-20T00:00:00,292788,Ortec Inc.,U701-OP,U701,U701,4050.0,4050.0,1837.08,324.0,324.0,317.2105
1,OV,OP,00010,141466,232010,1.0,2022-07-20T00:00:00,2022-07-20T00:00:00,2022-07-20T00:00:00,292788,Ortec Inc.,U701-OP,U701,U701,4500.0,4500.0,2041.2,360.0,360.0,352.4561
1,OV,OP,00010,141467,232012,1.0,2022-07-20T00:00:00,2022-07-20T00:00:00,2022-07-20T00:00:00,292788,Ortec Inc.,U701-OP,U701,U701,4745.0,4745.0,2152.332,379.6,379.6,371.6454
1,OV,OP,00010,141497,232126,1.0,2022-07-22T00:00:00,2022-07-22T00:00:00,2022-07-22T00:00:00,292788,Ortec Inc.,U2022-OP,U2022,U2022,17280.0,17280.0,7838.208,1382.4,1382.4,1351.9709
1,OV,OP,00010,141499,233379,1.0,2022-08-11T00:00:00,2022-08-11T00:00:00,2022-08-11T00:00:00,292788,Ortec Inc.,U101-OP,U101,U101,17835.0,17835.0,8089.956,1426.8,1426.8,1380.31
1,OV,OP,00010,142089,234766,1.0,2022-09-07T00:00:00,2022-09-07T00:00:00,2022-09-07T00:00:00,292788,Ortec Inc.,U101-OP,U101,U101,18044.0,18044.0,8184.7584,1443.52,1443.52,1452.3222
1,OV,OP,00010,142308,235246,1.0,2022-09-15T00:00:00,2022-09-15T00:00:00,2022-09-15T00:00:00,292788,Ortec Inc.,MDU20-T2,MDU20,MDU20,16880.0,16880.0,7656.768,1350.4,1350.4,1351.6856
1,OV,OP,00010,142460,233661,1.0,2022-08-18T00:00:00,2022-08-18T00:00:00,2022-08-18T00:00:00,292788,Ortec Inc.,U204-OP,U204,U204,16905.0,16905.0,7668.108,1352.4,1352.4,1337.2583
1,OV,OP,00010,142957,237940,1.0,2022-11-11T00:00:00,2022-11-11T00:00:00,2022-11-11T00:00:00,292788,Ortec Inc.,U101-OP,U101,U101,18000.0,18000.0,8164.8,1440.0,1440.0,1393.3312
1,OV,OP,00010,142958,237938,1.0,2022-11-11T00:00:00,2022-11-11T00:00:00,2022-11-11T00:00:00,292788,Ortec Inc.,U101-OP,U101,U101,18450.0,18450.0,8368.92,1476.0,1476.0,1428.1645
1,OV,OP,00010,143127,240097,1.0,2022-12-29T00:00:00,2022-12-29T00:00:00,2022-12-29T00:00:00,292788,Ortec Inc.,U101-OP,U101,U101,18166.0,18166.0,8240.097600000001,1453.28,1453.28,1362.4202
1,OV,OP,00010,144618,241903,1.0,2023-02-07T00:00:00,2023-02-07T00:00:00,2023-02-07T00:00:00,292788,Ortec Inc.,MDU20-T2,MDU20,MDU20,15400.0,15400.0,6985.44,1232.0,1232.0,1150.6664
1,OV,OP,00010,121470,187727,1.0,2020-05-21T00:00:00,2020-05-21T00:00:00,2020-05-21T00:00:00,292788,Ortec Inc.,U201-T2,U201,U201,15400.0,15400.0,6985.44,924.0,924.0,843.5479
1,OV,OP,00010,122607,190956,1.0,2020-08-07T00:00:00,2020-08-07T00:00:00,2020-08-07T00:00:00,292788,Ortec Inc.,U2022-OP,U2022,U2022,17164.0,17164.0,7785.5904,1373.12,1373.12,1165.9332
1,OV,OP,00010,122717,191286,1.0,2020-08-14T00:00:00,2020-08-14T00:00:00,2020-08-14T00:00:00,292788,Ortec Inc.,MDU20-T2,MDU20,MDU20,8800.0,8800.0,3991.68,704.0,704.0,594.9741
1,OV,OP,00010,122718,190958,1.0,2020-08-08T00:00:00,2020-08-08T00:00:00,2020-08-08T00:00:00,292788,Ortec Inc.,U204-OP,U204,U204,8100.0,8100.0,3674.16,648.0,648.0,549.8498
1,OV,OP,00010,122733,190355,1.0,2020-07-27T00:00:00,2020-07-27T00:00:00,2020-07-27T00:00:00,292788,Ortec Inc.,U201-T2,U201,U201,15400.0,15400.0,6985.44,1232.0,1232.0,1048.3561
1,OV,OP,00010,122738,192734,1.0,2020-09-17T00:00:00,2020-09-17T00:00:00,2020-09-17T00:00:00,292788,Ortec Inc.,U201-T2,U201,U201,15400.0,15400.0,6985.44,1232.0,1232.0,1041.9612
1,OV,OP,00010,129366,211596,1.0,2021-08-11T00:00:00,2021-08-11T00:00:00,2021-08-11T00:00:00,292788,Ortec Inc.,U501-OP,U501,U501,18000.0,18000.0,8164.8,1440.0,1440.0,1226.8941
1,OV,OP,00010,130816,211811,1.0,2021-08-13T00:00:00,2021-08-13T00:00:00,2021-08-13T00:00:00,292788,Ortec Inc.,MDU20-T2,MDU20,MDU20,15400.0,15400.0,6985.44,1232.0,1232.0,1044.3816
1,OV,OP,00010,131464,213592,1.0,2021-09-16T00:00:00,2021-09-16T00:00:00,2021-09-16T00:00:00,292788,Ortec Inc.,U201-T2,U201,U201,8800.0,8800.0,3991.68,704.0,704.0,598.1418
1,OV,OP,00010,131465,213648,1.0,2021-09-17T00:00:00,2021-09-17T00:00:00,2021-09-17T00:00:00,292788,Ortec Inc.,U201-T2,U201,U201,13200.0,13200.0,5987.52,1056.0,1056.0,900.0557
1,OV,OP,00010,133186,220461,1.0,2021-12-30T00:00:00,2021-12-30T00:00:00,2021-12-30T00:00:00,292788,Ortec Inc.,U101-OP,U101,U101,4994.0,4994.0,2265.2784,399.52,399.52,353.0546
1,OV,OP,00010,133314,221560,1.0,2022-01-20T00:00:00,2022-01-20T00:00:00,2022-01-20T00:00:00,292788,Ortec Inc.,U101-OP,U101,U101,18298.0,18298.0,8299.9728,1463.84,1463.84,1291.3161
1,OV,OP,00010,135444,222256,1.0,2022-02-01T00:00:00,2022-02-01T00:00:00,2022-02-01T00:00:00,292788,Ortec Inc.,U501-OP,U501,U501,18036.0,18036.0,8181.1296,1442.88,1442.88,1284.0032
1,OV,OP,00010,136086,220307,1.0,2021-12-28T00:00:00,2021-12-28T00:00:00,2021-12-28T00:00:00,292788,Ortec Inc.,APT10,APT10,APT10,35200.0,35200.0,15966.72,2816.0,2816.0,2489.3218
1,OV,OP,00010,142080,232135,1.0,2022-07-22T00:00:00,2022-07-22T00:00:00,2022-07-22T00:00:00,292788,Ortec Inc.,APT10-T2,APT10,APT10,7218.0,7218.0,3274.0848,577.44,577.44,564.7295
1,OV,OP,00010,142155,232133,1.0,2022-07-22T00:00:00,2022-07-22T00:00:00,2022-07-22T00:00:00,292788,Ortec Inc.,APT10-T2,APT10,APT10,4400.0,4400.0,1995.84,352.0,352.0,344.2518
1,OV,OP,00010,118400,181748,1.0,2020-01-15T00:00:00,2020-01-15T00:00:00,2020-01-15T00:00:00,292788,Ortec Inc.,U101-OP,U101,U101,17550.0,17550.0,7960.68,1404.0,1404.0,1258.8143
1,OV,OP,00010,118714,182420,1.0,2020-01-30T00:00:00,2020-01-30T00:00:00,2020-01-30T00:00:00,292788,Ortec Inc.,U101-OP,U101,U101,18450.0,18450.0,8368.92,1476.0,1476.0,1338.8166
1,OV,OP,00010,118977,182713,1.0,2020-02-05T00:00:00,2020-02-05T00:00:00,2020-02-05T00:00:00,292788,Ortec Inc.,U101-OP,U101,U101,18000.0,18000.0,8164.8,1800.0,1800.0,1636.7566
1,OV,OP,00010,120215,186243,1.0,2020-04-16T00:00:00,2020-04-16T00:00:00,2020-04-16T00:00:00,292788,Ortec Inc.,U470-OP,U470,U470,9673.0,9673.0,4387.6728,773.84,773.84,713.8199
1,OV,OP,00010,126823,200159,1.0,2021-02-03T00:00:00,2021-02-03T00:00:00,2021-02-03T00:00:00,292788,Ortec Inc.,MDU20-T2,MDU20,MDU20,15400.0,15400.0,6985.44,1232.0,1232.0,1024.606
1,OV,OP,00010,127886,202346,1.0,2021-03-11T00:00:00,2021-03-11T00:00:00,2021-03-11T00:00:00,292788,Ortec Inc.,U501-OP,U501,U501,18000.0,18000.0,8164.8,1440.0,1440.0,1202.2887
1,OV,OP,00010,127887,202344,1.0,2021-03-11T00:00:00,2021-03-11T00:00:00,2021-03-11T00:00:00,292788,Ortec Inc.,U501-OP,U501,U501,18350.0,18350.0,8323.56,1468.0,1468.0,1225.6665
1,OV,OP,00010,128284,203118,1.0,2021-03-25T00:00:00,2021-03-25T00:00:00,2021-03-25T00:00:00,292788,Ortec Inc.,U502-OP,U502,U502,10061.0,10061.0,4563.6696,804.88,804.88,683.5732
1,OV,OP,00010,130817,212887,1.0,2021-09-01T00:00:00,2021-09-01T00:00:00,2021-09-01T00:00:00,292788,Ortec Inc.,MDU20-T2,MDU20,MDU20,16636.0,16636.0,7546.0896,1330.88,1330.88,1122.9804
1,OV,OP,00010,131113,212885,1.0,2021-09-01T00:00:00,2021-09-01T00:00:00,2021-09-01T00:00:00,292788,Ortec Inc.,U204-OP,U204,U204,16446.0,16446.0,7459.9056,1315.68,1315.68,1110.1549
1,OV,OP,00010,133191,225629,1.0,2022-03-31T00:00:00,2022-03-31T00:00:00,2022-03-31T00:00:00,292788,Ortec Inc.,U502-OP,U502,U502,9900.0,9900.0,4490.64,792.0,792.0,713.7941
1,OV,OP,00010,133665,225260,1.0,2022-03-23T00:00:00,2022-03-23T00:00:00,2022-03-23T00:00:00,292788,Ortec Inc.,U101-OP,U101,U101,18211.0,18211.0,8260.5096,1456.88,1456.88,1324.4122
1,OV,OP,00010,135448,220325,1.0,2021-12-28T00:00:00,2021-12-28T00:00:00,2021-12-28T00:00:00,292788,Ortec Inc.,U2022-OP,U2022,U2022,12150.0,12150.0,5511.24,972.0,972.0,859.2403
1,OV,OP,00010,135450,221562,1.0,2022-01-20T00:00:00,2022-01-20T00:00:00,2022-01-20T00:00:00,292788,Ortec Inc.,U204-OP,U204,U204,16934.0,16934.0,7681.2624,1354.72,1354.72,1195.0566
1,OV,OP,00010,138299,225633,1.0,2022-03-31T00:00:00,2022-03-31T00:00:00,2022-03-31T00:00:00,292788,Ortec Inc.,U2023-OP,U2023,U2023,933.0,933.0,423.2088,74.64,74.64,67.2697
1,OV,OP,00010,138550,225631,1.0,2022-03-31T00:00:00,2022-03-31T00:00:00,2022-03-31T00:00:00,292788,Ortec Inc.,U204-OP,U204,U204,16848.0,16848.0,7642.2528,1347.84,1347.84,1214.7478
1,OV,OP,00010,141140,230717,1.0,2022-06-29T00:00:00,2022-06-29T00:00:00,2022-06-29T00:00:00,292788,Ortec Inc.,U101-OP,U101,U101,18090.0,18090.0,8205.624,1447.2,1447.2,1381.689
1,OV,OP,00010,142082,232672,1.0,2022-07-29T00:00:00,2022-07-29T00:00:00,2022-07-29T00:00:00,292788,Ortec Inc.,MDU20-T2,MDU20,MDU20,16732.0,16732.0,7589.6352,1338.56,1338.56,1312.1644
1,OV,OP,00010,142266,241001,1.0,2023-01-18T00:00:00,2023-01-18T00:00:00,2023-01-18T00:00:00,292788,Ortec Inc.,U501-OP,U501,U501,18000.0,18000.0,8164.8,1440.0,1440.0,1329.9633
1,OV,OP,00010,142267,240999,1.0,2023-01-18T00:00:00,2023-01-18T00:00:00,2023-01-18T00:00:00,292788,Ortec Inc.,U501-OP,U501,U501,18450.0,18450.0,8368.92,1476.0,1476.0,1363.2123
1,OV,OP,00010,142309,233614,1.0,2022-08-17T00:00:00,2022-08-17T00:00:00,2022-08-17T00:00:00,292788,Ortec Inc.,MDU20-T2,MDU20,MDU20,16923.0,16923.0,7676.2728,1353.84,1353.84,1331.9996
1,OV,OP,00010,142488,233483,1.0,2022-08-15T00:00:00,2022-08-15T00:00:00,2022-08-15T00:00:00,292788,Ortec Inc.,U201-T2,U201,U201,18361.0,18361.0,8328.5496,1468.88,1468.88,1442.3673
1,OV,OP,00010,143546,241068,1.0,2023-01-19T00:00:00,2023-01-19T00:00:00,2023-01-19T00:00:00,292788,Ortec Inc.,U501-OP,U501,U501,18450.0,18450.0,8368.92,1476.0,1476.0,1365.6709
1,OV,OP,00010,143547,243638,1.0,2023-03-10T00:00:00,2023-03-10T00:00:00,2023-03-10T00:00:00,292788,Ortec Inc.,U701-OP,U701,U701,4500.0,4500.0,2041.2,360.0,360.0,340.3711
1,OV,OP,00010,140434,229587,1.0,2022-06-09T00:00:00,2022-06-09T00:00:00,2022-06-09T00:00:00,292788,Ortec Inc.,U502-OP,U502,U502,9900.0,9900.0,4490.64,792.0,792.0,743.1782
1,OV,OP,00010,140434,229586,1.0,2022-06-09T00:00:00,2022-06-09T00:00:00,2022-06-09T00:00:00,292788,Ortec Inc.,U502-OP,U502,U502,9900.0,9900.0,4490.64,48064.5,48064.5,45101.6264
2,PV,OP,00010,120255,20004517,1.0,2020-03-25T00:00:00,2020-03-25T00:00:00,2020-03-31T00:00:00,292788,Ortec Inc.,U601-OP,U601,U601,6520.0,6520.0,2957.472,13705.04,13705.04,12430.0053
2,PV,OP,00010,121150,20006621,1.0,2020-04-28T00:00:00,2020-04-28T00:00:00,2020-05-01T00:00:00,292788,Ortec Inc.,U601-OP,U601,U601,6532.0,6532.0,2962.9152,13730.26,13730.26,12484.6591
2,PV,OP,00010,121677,20007523,1.0,2020-05-13T00:00:00,2020-05-13T00:00:00,2020-05-15T00:00:00,292788,Ortec Inc.,U601-OP,U601,U601,7270.0,7270.0,3297.672,15281.54,15281.54,14124.1513
2,PV,OP,00010,128731,21005788,1.0,2021-03-26T00:00:00,2021-03-26T00:00:00,2021-03-26T00:00:00,292788,Ortec Inc.,U601-OP,U601,U601,6889.0,6889.0,3124.8504,16871.16,16871.16,14298.713
2,PV,OP,00010,129367,21007890,1.0,2021-04-27T00:00:00,2021-04-27T00:00:00,2021-04-27T00:00:00,292788,Ortec Inc.,U601-OP,U601,U601,6915.0,6915.0,3136.6440000000002,17239.1,17239.1,14271.7475
2,PV,OP,00010,133316,21020939,1.0,2021-10-26T00:00:00,2021-10-26T00:00:00,2021-10-28T00:00:00,292788,Ortec Inc.,U601-OP,U601,U601,6300.0,6300.0,2857.68,15535.8,15535.8,13295.0452
2,PV,OP,00010,133726,21020953,1.0,2021-10-26T00:00:00,2021-10-26T00:00:00,2021-10-28T00:00:00,292788,Ortec Inc.,U601-OP,U601,U601,6955.0,6955.0,3154.788,17151.03,17151.03,14677.3078
2,PV,OP,00010,135128,22008235,1.0,2022-05-25T00:00:00,2022-05-25T00:00:00,2022-05-25T00:00:00,292788,Ortec Inc.,U601-OP,U601,U601,11145.0,11145.0,5055.372,30693.33,30693.33,28792.1637
2,PV,OP,00010,135446,22018255,1.0,2022-10-11T00:00:00,2022-10-11T00:00:00,2022-10-12T00:00:00,292788,Ortec Inc.,U601-OP,U601,U601,13500.0,13500.0,6123.6,37179.0,37179.0,38363.6456
2,PV,OP,00010,135447,22020489,1.0,2022-11-04T00:00:00,2022-11-04T00:00:00,2022-11-04T00:00:00,292788,Ortec Inc.,U601-OP,U601,U601,13950.0,13950.0,6327.72,38418.3,38418.3,38825.0922
2,PV,OP,00010,140431,22007744,1.0,2022-05-11T00:00:00,2022-05-11T00:00:00,2022-05-16T00:00:00,292788,Ortec Inc.,U601-OP,U601,U601,6472.0,6472.0,2935.6992,17823.89,17823.89,17107.596
2,PV,OP,00010,140442,22012500,1.0,2022-07-29T00:00:00,2022-07-29T00:00:00,2022-08-01T00:00:00,292788,Ortec Inc.,U601-OP,U601,U601,9393.0,9393.0,4260.6648000000005,25868.32,25868.32,25193.5526
2,PV,OP,00010,142311,22020484,1.0,2022-11-04T00:00:00,2022-11-04T00:00:00,2022-11-04T00:00:00,292788,Ortec Inc.,U601-OP,U601,U601,7200.0,7200.0,3265.92,19828.8,19828.8,20038.7572
2,PV,OP,00010,144114,22022092,1.0,2022-12-05T00:00:00,2022-12-05T00:00:00,2022-12-05T00:00:00,292788,Ortec Inc.,U601-OP,U601,U601,6300.0,6300.0,2857.68,17350.2,17350.2,16529.4852
2,PV,OP,00010,144426,22022461,1.0,2022-12-09T00:00:00,2022-12-09T00:00:00,2022-12-11T00:00:00,292788,Ortec Inc.,U601-OP,U601,U601,7163.0,7163.0,3249.1368,19726.9,19726.9,18791.622
2,PV,OP,00010,144427,22022460,1.0,2022-12-09T00:00:00,2022-12-09T00:00:00,2022-12-11T00:00:00,292788,Ortec Inc.,U601-OP,U601,U601,7200.0,7200.0,3265.92,19828.8,19828.8,18888.6908
2,PV,OP,00010,145126,23002400,1.0,2023-02-08T00:00:00,2023-02-08T00:00:00,2023-02-09T00:00:00,292788,Ortec Inc.,U601-OP,U601,U601,6300.0,6300.0,2857.68,17847.9,17847.9,16591.9576
2,PV,OP,00010,145154,23002397,1.0,2023-02-08T00:00:00,2023-02-08T00:00:00,2023-02-09T00:00:00,292788,Ortec Inc.,U601-OP,U601,U601,7200.0,7200.0,3265.92,20397.6,20397.6,18962.2372
2,PV,OP,00010,145263,23004982,1.0,2023-03-09T00:00:00,2023-03-09T00:00:00,2023-03-09T00:00:00,292788,Ortec Inc.,U601-OP,U601,U601,7200.0,7200.0,3265.92,20397.6,20397.6,19285.429
2,PV,OP,00010,145298,23014369,1.0,2023-07-21T00:00:00,2023-07-21T00:00:00,2023-07-21T00:00:00,292788,Ortec Inc.,U601-OP,U601,U601,7200.0,7200.0,3265.92,20484.0,20484.0,18423.9446
1,OV,OP,00010,133316,216261,1.0,2021-10-26T00:00:00,2021-10-26T00:00:00,2021-10-26T00:00:00,292788,Ortec Inc.,U601-OP,U601,U601,6300.0,6300.0,2857.68,15535.8,15535.8,13405.093
1,OV,OP,00010,120255,185122,1.0,2020-03-25T00:00:00,2020-03-25T00:00:00,2020-03-25T00:00:00,292788,Ortec Inc.,U601-OP,U601,U601,6520.0,6520.0,2957.472,13705.04,13705.04,12560.613
1,OV,OP,00010,121150,186750,1.0,2020-04-28T00:00:00,2020-04-28T00:00:00,2020-04-28T00:00:00,292788,Ortec Inc.,U601-OP,U601,U601,6532.0,6532.0,2962.9152,13730.26,13730.26,12664.3099
1,OV,OP,00010,121677,187441,1.0,2020-05-13T00:00:00,2020-05-13T00:00:00,2020-05-13T00:00:00,292788,Ortec Inc.,U601-OP,U601,U601,7270.0,7270.0,3297.672,15281.54,15281.54,14101.3069
1,OV,OP,00010,128731,203193,1.0,2021-03-26T00:00:00,2021-03-26T00:00:00,2021-03-26T00:00:00,292788,Ortec Inc.,U601-OP,U601,U601,6889.0,6889.0,3124.8504,16871.16,16871.16,14298.713
1,OV,OP,00010,129367,204976,1.0,2021-04-27T00:00:00,2021-04-27T00:00:00,2021-04-27T00:00:00,292788,Ortec Inc.,U601-OP,U601,U601,6915.0,6915.0,3136.6440000000002,17239.1,17239.1,14271.7475
1,OV,OP,00010,130961,209607,1.0,2021-07-12T00:00:00,2021-07-12T00:00:00,2021-07-12T00:00:00,292788,Ortec Inc.,U601-OP,U601,U601,6647.0,6647.0,3015.0792,16278.5,16278.5,13727.4198
1,OV,OP,00010,131112,212337,1.0,2021-08-24T00:00:00,2021-08-24T00:00:00,2021-08-24T00:00:00,292788,Ortec Inc.,U601-OP,U601,U601,7000.0,7000.0,3175.2,17234.0,17234.0,14673.4067
1,OV,OP,00010,131380,212339,1.0,2021-08-24T00:00:00,2021-08-24T00:00:00,2021-08-24T00:00:00,292788,Ortec Inc.,U601-OP,U601,U601,6595.0,6595.0,2991.492,16236.89,16236.89,13824.4454
1,OV,OP,00010,133726,216259,1.0,2021-10-26T00:00:00,2021-10-26T00:00:00,2021-10-26T00:00:00,292788,Ortec Inc.,U601-OP,U601,U601,6955.0,6955.0,3154.788,17151.03,17151.03,14798.7971
1,OV,OP,00010,133727,216972,1.0,2021-11-04T00:00:00,2021-11-04T00:00:00,2021-11-04T00:00:00,292788,Ortec Inc.,U601-OP,U601,U601,6827.0,6827.0,3096.7272,16835.38,16835.38,14583.8735
1,OV,OP,00010,135127,223108,1.0,2022-02-16T00:00:00,2022-02-16T00:00:00,2022-02-16T00:00:00,292788,Ortec Inc.,U601-OP,U601,U601,14400.0,14400.0,6531.84,38520.0,38520.0,33848.1172
1,OV,OP,00010,135128,228639,1.0,2022-05-25T00:00:00,2022-05-25T00:00:00,2022-05-25T00:00:00,292788,Ortec Inc.,U601-OP,U601,U601,11145.0,11145.0,5055.372,30693.33,30693.33,28792.1637
1,OV,OP,00010,135446,236464,1.0,2022-10-11T00:00:00,2022-10-11T00:00:00,2022-10-11T00:00:00,292788,Ortec Inc.,U601-OP,U601,U601,13500.0,13500.0,6123.6,37179.0,37179.0,38108.6535
1,OV,OP,00010,135447,237585,1.0,2022-11-04T00:00:00,2022-11-04T00:00:00,2022-11-04T00:00:00,292788,Ortec Inc.,U601-OP,U601,U601,13950.0,13950.0,6327.72,38418.3,38418.3,38825.0922
1,OV,OP,00010,140431,227862,1.0,2022-05-11T00:00:00,2022-05-11T00:00:00,2022-05-11T00:00:00,292788,Ortec Inc.,U601-OP,U601,U601,6472.0,6472.0,2935.6992,17823.89,17823.89,16919.7767
1,OV,OP,00010,140442,232669,1.0,2022-07-29T00:00:00,2022-07-29T00:00:00,2022-07-29T00:00:00,292788,Ortec Inc.,U601-OP,U601,U601,9393.0,9393.0,4260.6648000000005,25868.32,25868.32,25358.2123
1,OV,OP,00010,142088,233380,1.0,2022-08-11T00:00:00,2022-08-11T00:00:00,2022-08-11T00:00:00,292788,Ortec Inc.,U601-OP,U601,U601,6912.0,6912.0,3135.2832,37055.23,37055.23,35847.8446
1,OV,OP,00010,142311,237593,1.0,2022-11-04T00:00:00,2022-11-04T00:00:00,2022-11-04T00:00:00,292788,Ortec Inc.,U601-OP,U601,U601,7200.0,7200.0,3265.92,19828.8,19828.8,20038.7572
1,OV,OP,00010,144114,238966,1.0,2022-12-05T00:00:00,2022-12-05T00:00:00,2022-12-05T00:00:00,292788,Ortec Inc.,U601-OP,U601,U601,6300.0,6300.0,2857.68,17350.2,17350.2,16529.4852
1,OV,OP,00010,144426,239230,1.0,2022-12-09T00:00:00,2022-12-09T00:00:00,2022-12-09T00:00:00,292788,Ortec Inc.,U601-OP,U601,U601,7163.0,7163.0,3249.1368,19726.9,19726.9,18694.7432
1,OV,OP,00010,144427,239232,1.0,2022-12-09T00:00:00,2022-12-09T00:00:00,2022-12-09T00:00:00,292788,Ortec Inc.,U601-OP,U601,U601,7200.0,7200.0,3265.92,19828.8,19828.8,18791.3116
1,OV,OP,00010,145126,242041,1.0,2023-02-08T00:00:00,2023-02-08T00:00:00,2023-02-08T00:00:00,292788,Ortec Inc.,U601-OP,U601,U601,6300.0,6300.0,2857.68,17847.9,17847.9,16626.6039
1,OV,OP,00010,145154,242037,1.0,2023-02-08T00:00:00,2023-02-08T00:00:00,2023-02-08T00:00:00,292788,Ortec Inc.,U601-OP,U601,U601,7200.0,7200.0,3265.92,20397.6,20397.6,19001.833
1,OV,OP,00010,145263,243583,1.0,2023-03-09T00:00:00,2023-03-09T00:00:00,2023-03-09T00:00:00,292788,Ortec Inc.,U601-OP,U601,U601,7200.0,7200.0,3265.92,20397.6,20397.6,19285.429
1,OV,OP,00010,145298,250285,1.0,2023-07-21T00:00:00,2023-07-21T00:00:00,2023-07-21T00:00:00,292788,Ortec Inc.,U601-OP,U601,U601,7200.0,7200.0,3265.92,20484.0,20484.0,18423.9446
1,OV,OP,00010,146192,250283,1.0,2023-07-21T00:00:00,2023-07-21T00:00:00,2023-07-21T00:00:00,292788,Ortec Inc.,U601-OP,U601,U601,7650.0,7650.0,3470.04,21764.25,21764.25,19575.4411
4,OV,OP,00010,121677,187439,1.0,2020-05-13T00:00:00,2020-05-13T00:00:00,2020-05-13T00:00:00,292788,Ortec Inc.,U601-OP,U601,U601,7270.0,7270.0,3297.672,15281.54,15281.54,14101.3069
4,OV,OP,00010,129367,204974,1.0,2021-04-27T00:00:00,2021-04-26T00:00:00,2021-04-27T00:00:00,292788,Ortec Inc.,U601-OP,U601,U601,7200.0,7200.0,3265.92,17949.6,17949.6,14859.9497
4,OV,OP,00010,140431,227860,1.0,2022-05-11T00:00:00,2022-05-11T00:00:00,2022-05-11T00:00:00,292788,Ortec Inc.,U601-OP,U601,U601,6472.0,6472.0,2935.6992,34696.39,34696.39,32936.4226
4,OV,OP,00010,145153,242033,1.0,2023-02-08T00:00:00,2023-02-08T00:00:00,2023-02-08T00:00:00,292788,Ortec Inc.,U601-OP,U601,U601,7200.0,7200.0,3265.92,20397.6,20397.6,19001.833
4,OV,OP,00010,145264,243581,1.0,2023-03-09T00:00:00,2023-03-08T00:00:00,2023-03-09T00:00:00,292788,Ortec Inc.,U601-OP,U601,U601,7200.0,7200.0,3265.92,20397.6,20397.6,19285.429
4,OV,OP,00010,145127,242033,1.0,2023-02-08T00:00:00,2023-02-08T00:00:00,2023-02-08T00:00:00,292788,Ortec Inc.,U601-OP,U601,U601,6300.0,6300.0,2857.68,17847.9,17847.9,16626.6039
1,OV,OP,00010,145126,242042,1.0,2023-02-08T00:00:00,2023-02-08T00:00:00,2023-02-08T00:00:00,292788,Ortec Inc.,U601-OP,U601,U601,6300.0,6300.0,2857.68,478.8,478.8,446.0367
1,OV,OP,00010,145154,242038,1.0,2023-02-08T00:00:00,2023-02-08T00:00:00,2023-02-08T00:00:00,292788,Ortec Inc.,U601-OP,U601,U601,7200.0,7200.0,3265.92,547.2,547.2,509.7562
1,OV,OP,00010,145263,243584,1.0,2023-03-09T00:00:00,2023-03-09T00:00:00,2023-03-09T00:00:00,292788,Ortec Inc.,U601-OP,U601,U601,7200.0,7200.0,3265.92,547.2,547.2,517.3641
1,OV,OP,00010,145298,250286,1.0,2023-07-21T00:00:00,2023-07-21T00:00:00,2023-07-21T00:00:00,292788,Ortec Inc.,U601-OP,U601,U601,7200.0,7200.0,3265.92,424.8,424.8,382.0783
1,OV,OP,00010,146192,250284,1.0,2023-07-21T00:00:00,2023-07-21T00:00:00,2023-07-21T00:00:00,292788,Ortec Inc.,U601-OP,U601,U601,7650.0,7650.0,3470.04,451.35,451.35,405.9582
4,OV,OP,00010,145127,242034,1.0,2023-02-08T00:00:00,2023-02-08T00:00:00,2023-02-08T00:00:00,292788,Ortec Inc.,U601-OP,U601,U601,6300.0,6300.0,2857.68,478.8,478.8,446.0367
4,OV,OP,00010,145153,242034,1.0,2023-02-08T00:00:00,2023-02-08T00:00:00,2023-02-08T00:00:00,292788,Ortec Inc.,U601-OP,U601,U601,7200.0,7200.0,3265.92,547.2,547.2,509.7562
4,OV,OP,00010,145264,243582,1.0,2023-03-09T00:00:00,2023-03-08T00:00:00,2023-03-09T00:00:00,292788,Ortec Inc.,U601-OP,U601,U601,7200.0,7200.0,3265.92,547.2,547.2,517.3641
1,OV,OP,00010,133316,216262,1.0,2021-10-26T00:00:00,2021-10-26T00:00:00,2021-10-26T00:00:00,292788,Ortec Inc.,U601-OP,U601,U601,6300.0,6300.0,2857.68,504.0,504.0,434.8773
1,OV,OP,00010,121150,186751,1.0,2020-04-28T00:00:00,2020-04-28T00:00:00,2020-04-28T00:00:00,292788,Ortec Inc.,U601-OP,U601,U601,6532.0,6532.0,2962.9152,522.56,522.56,481.991
1,OV,OP,00010,121677,187442,1.0,2020-05-13T00:00:00,2020-05-13T00:00:00,2020-05-13T00:00:00,292788,Ortec Inc.,U601-OP,U601,U601,7270.0,7270.0,3297.672,727.0,727.0,670.8519
1,OV,OP,00010,129367,204977,1.0,2021-04-27T00:00:00,2021-04-27T00:00:00,2021-04-27T00:00:00,292788,Ortec Inc.,U601-OP,U601,U601,6915.0,6915.0,3136.6440000000002,553.2,553.2,457.9781
4,OV,OP,00010,121677,187440,1.0,2020-05-13T00:00:00,2020-05-13T00:00:00,2020-05-13T00:00:00,292788,Ortec Inc.,U601-OP,U601,U601,7270.0,7270.0,3297.672,727.0,727.0,670.8519
1,OV,OP,00010,120255,185123,1.0,2020-03-25T00:00:00,2020-03-25T00:00:00,2020-03-25T00:00:00,292788,Ortec Inc.,U601-OP,U601,U601,6520.0,6520.0,2957.472,652.0,652.0,597.5553
1,OV,OP,00010,135127,223109,1.0,2022-02-16T00:00:00,2022-02-16T00:00:00,2022-02-16T00:00:00,292788,Ortec Inc.,U601-OP,U601,U601,14400.0,14400.0,6531.84,1152.0,1152.0,1012.2801
1,OV,OP,00010,135128,228640,1.0,2022-05-25T00:00:00,2022-05-25T00:00:00,2022-05-25T00:00:00,292788,Ortec Inc.,U601-OP,U601,U601,11145.0,11145.0,5055.372,891.6,891.6,836.3737
1,OV,OP,00010,135447,237586,1.0,2022-11-04T00:00:00,2022-11-04T00:00:00,2022-11-04T00:00:00,292788,Ortec Inc.,U601-OP,U601,U601,13950.0,13950.0,6327.72,1116.0,1116.0,1127.8168
1,OV,OP,00010,142088,233381,1.0,2022-08-11T00:00:00,2022-08-11T00:00:00,2022-08-11T00:00:00,292788,Ortec Inc.,U601-OP,U601,U601,6912.0,6912.0,3135.2832,552.96,552.96,534.9427
1,OV,OP,00010,142311,237594,1.0,2022-11-04T00:00:00,2022-11-04T00:00:00,2022-11-04T00:00:00,292788,Ortec Inc.,U601-OP,U601,U601,7200.0,7200.0,3265.92,576.0,576.0,582.099
1,OV,OP,00010,144114,238967,1.0,2022-12-05T00:00:00,2022-12-05T00:00:00,2022-12-05T00:00:00,292788,Ortec Inc.,U601-OP,U601,U601,6300.0,6300.0,2857.68,504.0,504.0,480.1593
1,OV,OP,00010,144426,239231,1.0,2022-12-09T00:00:00,2022-12-09T00:00:00,2022-12-09T00:00:00,292788,Ortec Inc.,U601-OP,U601,U601,7163.0,7163.0,3249.1368,573.04,573.04,543.0572
1,OV,OP,00010,144427,239233,1.0,2022-12-09T00:00:00,2022-12-09T00:00:00,2022-12-09T00:00:00,292788,Ortec Inc.,U601-OP,U601,U601,7200.0,7200.0,3265.92,576.0,576.0,545.8624
1,OV,OP,00010,130961,209608,1.0,2021-07-12T00:00:00,2021-07-12T00:00:00,2021-07-12T00:00:00,292788,Ortec Inc.,U601-OP,U601,U601,6647.0,6647.0,3015.0792,531.76,531.76,448.4254
1,OV,OP,00010,131380,212340,1.0,2021-08-24T00:00:00,2021-08-24T00:00:00,2021-08-24T00:00:00,292788,Ortec Inc.,U601-OP,U601,U601,6595.0,6595.0,2991.492,527.6,527.6,449.2102
1,OV,OP,00010,133726,216260,1.0,2021-10-26T00:00:00,2021-10-26T00:00:00,2021-10-26T00:00:00,292788,Ortec Inc.,U601-OP,U601,U601,6955.0,6955.0,3154.788,556.4,556.4,480.0907
1,OV,OP,00010,133727,216973,1.0,2021-11-04T00:00:00,2021-11-04T00:00:00,2021-11-04T00:00:00,292788,Ortec Inc.,U601-OP,U601,U601,6827.0,6827.0,3096.7272,546.16,546.16,473.1184
1,OV,OP,00010,140431,227863,1.0,2022-05-11T00:00:00,2022-05-11T00:00:00,2022-05-11T00:00:00,292788,Ortec Inc.,U601-OP,U601,U601,6472.0,6472.0,2935.6992,517.76,517.76,491.4967
4,OV,OP,00010,129367,204975,1.0,2021-04-27T00:00:00,2021-04-26T00:00:00,2021-04-27T00:00:00,292788,Ortec Inc.,U601-OP,U601,U601,7200.0,7200.0,3265.92,576.0,576.0,476.8536
4,OV,OP,00010,140431,227861,1.0,2022-05-11T00:00:00,2022-05-11T00:00:00,2022-05-11T00:00:00,292788,Ortec Inc.,U601-OP,U601,U601,6472.0,6472.0,2935.6992,517.76,517.76,491.4967
1,OV,OP,00010,128731,203194,1.0,2021-03-26T00:00:00,2021-03-26T00:00:00,2021-03-26T00:00:00,292788,Ortec Inc.,U601-OP,U601,U601,6889.0,6889.0,3124.8504,551.12,551.12,467.0874
1,OV,OP,00010,131112,212338,1.0,2021-08-24T00:00:00,2021-08-24T00:00:00,2021-08-24T00:00:00,292788,Ortec Inc.,U601-OP,U601,U601,7000.0,7000.0,3175.2,560.0,560.0,476.7963
1,OV,OP,00010,135446,236465,1.0,2022-10-11T00:00:00,2022-10-11T00:00:00,2022-10-11T00:00:00,292788,Ortec Inc.,U601-OP,U601,U601,13500.0,13500.0,6123.6,1080.0,1080.0,1107.0052
1,OV,OP,00010,140442,232670,1.0,2022-07-29T00:00:00,2022-07-29T00:00:00,2022-07-29T00:00:00,292788,Ortec Inc.,U601-OP,U601,U601,9393.0,9393.0,4260.6648000000005,751.44,751.44,736.6221
2,PV,OP,00010,130961,21012960,1.0,2021-07-12T00:00:00,2021-07-12T00:00:00,2021-07-12T00:00:00,292788,Ortec Inc.,U601-OP,U601,U601,6647.0,6647.0,3015.0792,16278.5,16278.5,13727.4198
2,PV,OP,00010,131112,21017090,1.0,2021-08-24T00:00:00,2021-08-24T00:00:00,2021-08-27T00:00:00,292788,Ortec Inc.,U601-OP,U601,U601,7000.0,7000.0,3175.2,17234.0,17234.0,14612.0623
2,PV,OP,00010,131380,21017089,1.0,2021-08-24T00:00:00,2021-08-24T00:00:00,2021-08-27T00:00:00,292788,Ortec Inc.,U601-OP,U601,U601,6595.0,6595.0,2991.492,16236.89,16236.89,13766.6501
2,PV,OP,00010,133727,21021398,1.0,2021-11-04T00:00:00,2021-11-04T00:00:00,2021-11-05T00:00:00,292788,Ortec Inc.,U601-OP,U601,U601,6827.0,6827.0,3096.7272,16835.38,16835.38,14570.3816
2,PV,OP,00010,135127,22002479,1.0,2022-02-16T00:00:00,2022-02-16T00:00:00,2022-02-17T00:00:00,292788,Ortec Inc.,U601-OP,U601,U601,14400.0,14400.0,6531.84,38520.0,38520.0,33896.2788
2,PV,OP,00010,142088,22014176,1.0,2022-08-11T00:00:00,2022-08-11T00:00:00,2022-08-25T00:00:00,292788,Ortec Inc.,U601-OP,U601,U601,6912.0,6912.0,3135.2832,37055.23,37055.23,37204.822
2,PV,OP,00010,146192,23014368,1.0,2023-07-21T00:00:00,2023-07-21T00:00:00,2023-07-21T00:00:00,292788,Ortec Inc.,U601-OP,U601,U601,7650.0,7650.0,3470.04,21764.25,21764.25,19575.4411
2,PV,OP,00010,121150,20006621,1.0,2020-04-28T00:00:00,2020-04-28T00:00:00,2020-05-01T00:00:00,292788,Ortec Inc.,U601-OP,U601,U601,6750.0,6750.0,3061.8,14188.5,14188.5,12901.3278
2,PV,OP,00010,142310,22020486,1.0,2022-11-04T00:00:00,2022-11-04T00:00:00,2022-11-04T00:00:00,292788,Ortec Inc.,U601-OP,U601,U601,6750.0,6750.0,3061.8,18589.5,18589.5,18786.3349
2,PV,OP,00010,144113,22022091,1.0,2022-12-05T00:00:00,2022-12-05T00:00:00,2022-12-05T00:00:00,292788,Ortec Inc.,U601-OP,U601,U601,6750.0,6750.0,3061.8,18589.5,18589.5,17710.1627
2,PV,OP,00010,144428,23000250,1.0,2023-01-09T00:00:00,2023-01-09T00:00:00,2023-01-09T00:00:00,292788,Ortec Inc.,U601-OP,U601,U601,6750.0,6750.0,3061.8,18589.5,18589.5,17281.1468
2,PV,OP,00010,144429,23000718,1.0,2023-01-12T00:00:00,2023-01-12T00:00:00,2023-01-12T00:00:00,292788,Ortec Inc.,U601-OP,U601,U601,6750.0,6750.0,3061.8,19122.75,19122.75,17667.6808
2,PV,OP,00010,144430,23000717,1.0,2023-01-12T00:00:00,2023-01-12T00:00:00,2023-01-12T00:00:00,292788,Ortec Inc.,U601-OP,U601,U601,6750.0,6750.0,3061.8,19122.75,19122.75,17667.6808
2,PV,OP,00010,145085,23000714,1.0,2023-01-12T00:00:00,2023-01-12T00:00:00,2023-01-12T00:00:00,292788,Ortec Inc.,U601-OP,U601,U601,6750.0,6750.0,3061.8,19122.75,19122.75,17667.6808
2,PV,OP,00010,145125,23000719,1.0,2023-01-12T00:00:00,2023-01-12T00:00:00,2023-01-12T00:00:00,292788,Ortec Inc.,U601-OP,U601,U601,6750.0,6750.0,3061.8,19122.75,19122.75,17667.6808
2,PV,OP,00010,145127,23002399,1.0,2023-02-08T00:00:00,2023-02-08T00:00:00,2023-02-09T00:00:00,292788,Ortec Inc.,U601-OP,U601,U601,6750.0,6750.0,3061.8,19122.75,19122.75,17777.0974
2,PV,OP,00010,145153,23002398,1.0,2023-02-08T00:00:00,2023-02-08T00:00:00,2023-02-09T00:00:00,292788,Ortec Inc.,U601-OP,U601,U601,6750.0,6750.0,3061.8,19122.75,19122.75,17777.0974
2,PV,OP,00010,145264,23004983,1.0,2023-03-09T00:00:00,2023-03-09T00:00:00,2023-03-09T00:00:00,292788,Ortec Inc.,U601-OP,U601,U601,6750.0,6750.0,3061.8,19122.75,19122.75,18080.0897
2,PV,OP,00010,145296,23004857,1.0,2023-03-08T00:00:00,2023-03-08T00:00:00,2023-03-08T00:00:00,292788,Ortec Inc.,U601-OP,U601,U601,6750.0,6750.0,3061.8,19122.75,19122.75,18131.3846
2,PV,OP,00010,145297,23004856,1.0,2023-03-08T00:00:00,2023-03-08T00:00:00,2023-03-08T00:00:00,292788,Ortec Inc.,U601-OP,U601,U601,6750.0,6750.0,3061.8,19122.75,19122.75,18131.3846
2,PV,OP,00010,163884,25000660,1.0,2024-12-26T00:00:00,2024-12-26T00:00:00,2025-01-09T00:00:00,292788,Ortec Inc.,U601-OP,U601,U601,6750.0,6750.0,3061.8,19338.75,19338.75,18779.8002
2,PV,OP,00010,164309,25000645,1.0,2024-12-26T00:00:00,2024-12-26T00:00:00,2025-01-09T00:00:00,292788,Ortec Inc.,U601-OP,U601,U601,6750.0,6750.0,3061.8,19635.75,19635.75,19068.216
2,PV,OP,00010,165975,25003745,1.0,2025-03-12T00:00:00,2025-03-12T00:00:00,2025-03-13T00:00:00,292788,Ortec Inc.,U601-OP,U601,U601,6750.0,6750.0,3061.8,19338.75,19338.75,17808.5076
2,PV,OP,00010,171733,25015334,1.0,2025-10-17T00:00:00,2025-10-17T00:00:00,2025-10-20T00:00:00,292788,Ortec Inc.,U601-OP,U601,U601,6750.0,6750.0,3061.8,19669.5,19669.5,16874.4503
1,OV,OP,00010,144428,240516,1.0,2023-01-09T00:00:00,2023-01-09T00:00:00,2023-01-09T00:00:00,292788,Ortec Inc.,U601-OP,U601,U601,6750.0,6750.0,3061.8,18589.5,18589.5,17281.1468
1,OV,OP,00010,163884,275469,1.0,2024-12-26T00:00:00,2024-12-26T00:00:00,2024-12-26T00:00:00,292788,Ortec Inc.,U601-OP,U601,U601,6750.0,6750.0,3061.8,19338.75,19338.75,18554.3877
1,OV,OP,00010,121150,186744,1.0,2020-04-28T00:00:00,2020-04-28T00:00:00,2020-04-28T00:00:00,292788,Ortec Inc.,U601-OP,U601,U601,6750.0,6750.0,3061.8,14188.5,14188.5,13086.9744
1,OV,OP,00010,133187,214492,1.0,2021-09-29T00:00:00,2021-09-29T00:00:00,2021-09-29T00:00:00,292788,Ortec Inc.,U601-OP,U601,U601,6750.0,6750.0,3061.8,16618.5,16618.5,14310.8169
1,OV,OP,00010,142310,237590,1.0,2022-11-04T00:00:00,2022-11-04T00:00:00,2022-11-04T00:00:00,292788,Ortec Inc.,U601-OP,U601,U601,6750.0,6750.0,3061.8,18589.5,18589.5,18786.3349
1,OV,OP,00010,144113,238963,1.0,2022-12-05T00:00:00,2022-12-05T00:00:00,2022-12-05T00:00:00,292788,Ortec Inc.,U601-OP,U601,U601,6750.0,6750.0,3061.8,18589.5,18589.5,17710.1627
1,OV,OP,00010,144429,240746,1.0,2023-01-12T00:00:00,2023-01-12T00:00:00,2023-01-12T00:00:00,292788,Ortec Inc.,U601-OP,U601,U601,6750.0,6750.0,3061.8,19122.75,19122.75,17667.6808
1,OV,OP,00010,144430,240735,1.0,2023-01-12T00:00:00,2023-01-12T00:00:00,2023-01-12T00:00:00,292788,Ortec Inc.,U601-OP,U601,U601,6750.0,6750.0,3061.8,19122.75,19122.75,17667.6808
1,OV,OP,00010,145085,240748,1.0,2023-01-12T00:00:00,2023-01-12T00:00:00,2023-01-12T00:00:00,292788,Ortec Inc.,U601-OP,U601,U601,6750.0,6750.0,3061.8,19122.75,19122.75,17667.6808
1,OV,OP,00010,145125,240739,1.0,2023-01-12T00:00:00,2023-01-12T00:00:00,2023-01-12T00:00:00,292788,Ortec Inc.,U601-OP,U601,U601,6750.0,6750.0,3061.8,19122.75,19122.75,17667.6808
1,OV,OP,00010,145127,242039,1.0,2023-02-08T00:00:00,2023-02-08T00:00:00,2023-02-08T00:00:00,292788,Ortec Inc.,U601-OP,U601,U601,6750.0,6750.0,3061.8,19122.75,19122.75,17814.2185
1,OV,OP,00010,145153,242035,1.0,2023-02-08T00:00:00,2023-02-08T00:00:00,2023-02-08T00:00:00,292788,Ortec Inc.,U601-OP,U601,U601,6750.0,6750.0,3061.8,19122.75,19122.75,17814.2185
1,OV,OP,00010,145264,243585,1.0,2023-03-09T00:00:00,2023-03-09T00:00:00,2023-03-09T00:00:00,292788,Ortec Inc.,U601-OP,U601,U601,6750.0,6750.0,3061.8,19122.75,19122.75,18080.0897
1,OV,OP,00010,145296,243436,1.0,2023-03-08T00:00:00,2023-03-08T00:00:00,2023-03-08T00:00:00,292788,Ortec Inc.,U601-OP,U601,U601,6750.0,6750.0,3061.8,19122.75,19122.75,18131.3846
1,OV,OP,00010,145297,243438,1.0,2023-03-08T00:00:00,2023-03-08T00:00:00,2023-03-08T00:00:00,292788,Ortec Inc.,U601-OP,U601,U601,6750.0,6750.0,3061.8,19122.75,19122.75,18131.3846
1,OV,OP,00010,164309,275473,1.0,2024-12-26T00:00:00,2024-12-26T00:00:00,2024-12-26T00:00:00,292788,Ortec Inc.,U601-OP,U601,U601,6750.0,6750.0,3061.8,19635.75,19635.75,18839.3417
1,OV,OP,00010,165975,278845,1.0,2025-03-12T00:00:00,2025-03-12T00:00:00,2025-03-12T00:00:00,292788,Ortec Inc.,U601-OP,U601,U601,6750.0,6750.0,3061.8,19338.75,19338.75,17706.9675
1,OV,OP,00010,171733,288440,1.0,2025-10-17T00:00:00,2025-10-17T00:00:00,2025-10-17T00:00:00,292788,Ortec Inc.,U601-OP,U601,U601,6750.0,6750.0,3061.8,19669.5,19669.5,16850.9728
4,OV,OP,00010,121150,186748,1.0,2020-04-28T00:00:00,2020-04-28T00:00:00,2020-04-28T00:00:00,292788,Ortec Inc.,U601-OP,U601,U601,6750.0,6750.0,3061.8,14188.5,14188.5,13086.9744
4,OV,OP,00010,144428,240513,1.0,2023-01-09T00:00:00,2023-01-06T00:00:00,2023-01-09T00:00:00,292788,Ortec Inc.,U601-OP,U601,U601,6750.0,6750.0,3061.8,18589.5,18589.5,17281.1468
4,OV,OP,00010,145085,240744,1.0,2023-01-12T00:00:00,2023-01-12T00:00:00,2023-01-12T00:00:00,292788,Ortec Inc.,U601-OP,U601,U601,6750.0,6750.0,3061.8,19122.75,19122.75,17667.6808
4,OV,OP,00010,145126,242033,1.0,2023-02-08T00:00:00,2023-02-08T00:00:00,2023-02-08T00:00:00,292788,Ortec Inc.,U601-OP,U601,U601,6750.0,6750.0,3061.8,19122.75,19122.75,17814.2185
4,OV,OP,00010,145154,242033,1.0,2023-02-08T00:00:00,2023-02-08T00:00:00,2023-02-08T00:00:00,292788,Ortec Inc.,U601-OP,U601,U601,6750.0,6750.0,3061.8,19122.75,19122.75,17814.2185
4,OV,OP,00010,145263,243581,1.0,2023-03-09T00:00:00,2023-03-08T00:00:00,2023-03-09T00:00:00,292788,Ortec Inc.,U601-OP,U601,U601,6750.0,6750.0,3061.8,19122.75,19122.75,18080.0897
4,OV,OP,00010,163884,275366,1.0,2024-12-20T00:00:00,2024-12-20T00:00:00,2024-12-20T00:00:00,292788,Ortec Inc.,U601-OP,U601,U601,6750.0,6750.0,3061.8,19338.75,19338.75,18542.4692
4,OV,OP,00010,163884,275467,1.0,2024-12-26T00:00:00,2024-12-26T00:00:00,2024-12-26T00:00:00,292788,Ortec Inc.,U601-OP,U601,U601,6750.0,6750.0,3061.8,19338.75,19338.75,18554.3877
1,OV,OP,00010,145085,240749,1.0,2023-01-12T00:00:00,2023-01-12T00:00:00,2023-01-12T00:00:00,292788,Ortec Inc.,U601-OP,U601,U601,6750.0,6750.0,3061.8,513.0,513.0,473.9653
1,OV,OP,00010,145125,240740,1.0,2023-01-12T00:00:00,2023-01-12T00:00:00,2023-01-12T00:00:00,292788,Ortec Inc.,U601-OP,U601,U601,6750.0,6750.0,3061.8,513.0,513.0,473.9653
1,OV,OP,00010,145127,242040,1.0,2023-02-08T00:00:00,2023-02-08T00:00:00,2023-02-08T00:00:00,292788,Ortec Inc.,U601-OP,U601,U601,6750.0,6750.0,3061.8,513.0,513.0,477.8964
1,OV,OP,00010,145153,242036,1.0,2023-02-08T00:00:00,2023-02-08T00:00:00,2023-02-08T00:00:00,292788,Ortec Inc.,U601-OP,U601,U601,6750.0,6750.0,3061.8,513.0,513.0,477.8964
1,OV,OP,00010,145264,243586,1.0,2023-03-09T00:00:00,2023-03-09T00:00:00,2023-03-09T00:00:00,292788,Ortec Inc.,U601-OP,U601,U601,6750.0,6750.0,3061.8,513.0,513.0,485.0289
1,OV,OP,00010,145296,243437,1.0,2023-03-08T00:00:00,2023-03-08T00:00:00,2023-03-08T00:00:00,292788,Ortec Inc.,U601-OP,U601,U601,6750.0,6750.0,3061.8,513.0,513.0,486.405
1,OV,OP,00010,145297,243439,1.0,2023-03-08T00:00:00,2023-03-08T00:00:00,2023-03-08T00:00:00,292788,Ortec Inc.,U601-OP,U601,U601,6750.0,6750.0,3061.8,513.0,513.0,486.405
1,OV,OP,00010,163884,275470,1.0,2024-12-26T00:00:00,2024-12-26T00:00:00,2024-12-26T00:00:00,292788,Ortec Inc.,U601-OP,U601,U601,6750.0,6750.0,3061.8,534.6,534.6,512.9171
1,OV,OP,00010,164309,275474,1.0,2024-12-26T00:00:00,2024-12-26T00:00:00,2024-12-26T00:00:00,292788,Ortec Inc.,U601-OP,U601,U601,6750.0,6750.0,3061.8,534.6,534.6,512.9171
1,OV,OP,00010,165975,278846,1.0,2025-03-12T00:00:00,2025-03-12T00:00:00,2025-03-12T00:00:00,292788,Ortec Inc.,U601-OP,U601,U601,6750.0,6750.0,3061.8,580.5,580.5,531.518
1,OV,OP,00010,171733,288441,1.0,2025-10-17T00:00:00,2025-10-17T00:00:00,2025-10-17T00:00:00,292788,Ortec Inc.,U601-OP,U601,U601,6750.0,6750.0,3061.8,270.0,270.0,231.3105
4,OV,OP,00010,145085,240745,1.0,2023-01-12T00:00:00,2023-01-12T00:00:00,2023-01-12T00:00:00,292788,Ortec Inc.,U601-OP,U601,U601,6750.0,6750.0,3061.8,513.0,513.0,473.9653
4,OV,OP,00010,145126,242034,1.0,2023-02-08T00:00:00,2023-02-08T00:00:00,2023-02-08T00:00:00,292788,Ortec Inc.,U601-OP,U601,U601,6750.0,6750.0,3061.8,513.0,513.0,477.8964
4,OV,OP,00010,145154,242034,1.0,2023-02-08T00:00:00,2023-02-08T00:00:00,2023-02-08T00:00:00,292788,Ortec Inc.,U601-OP,U601,U601,6750.0,6750.0,3061.8,513.0,513.0,477.8964
4,OV,OP,00010,145263,243582,1.0,2023-03-09T00:00:00,2023-03-08T00:00:00,2023-03-09T00:00:00,292788,Ortec Inc.,U601-OP,U601,U601,6750.0,6750.0,3061.8,513.0,513.0,485.0289
4,OV,OP,00010,163884,275367,1.0,2024-12-20T00:00:00,2024-12-20T00:00:00,2024-12-20T00:00:00,292788,Ortec Inc.,U601-OP,U601,U601,6750.0,6750.0,3061.8,534.6,534.6,512.5876
4,OV,OP,00010,163884,275468,1.0,2024-12-26T00:00:00,2024-12-26T00:00:00,2024-12-26T00:00:00,292788,Ortec Inc.,U601-OP,U601,U601,6750.0,6750.0,3061.8,534.6,534.6,512.9171
1,OV,OP,00010,144428,240517,1.0,2023-01-09T00:00:00,2023-01-09T00:00:00,2023-01-09T00:00:00,292788,Ortec Inc.,U601-OP,U601,U601,6750.0,6750.0,3061.8,540.0,540.0,501.9941
4,OV,OP,00010,144428,240514,1.0,2023-01-09T00:00:00,2023-01-06T00:00:00,2023-01-09T00:00:00,292788,Ortec Inc.,U601-OP,U601,U601,6750.0,6750.0,3061.8,540.0,540.0,501.9941
4,OV,OP,00010,121150,186749,1.0,2020-04-28T00:00:00,2020-04-28T00:00:00,2020-04-28T00:00:00,292788,Ortec Inc.,U601-OP,U601,U601,6750.0,6750.0,3061.8,540.0,540.0,498.077
1,OV,OP,00010,121150,186745,1.0,2020-04-28T00:00:00,2020-04-28T00:00:00,2020-04-28T00:00:00,292788,Ortec Inc.,U601-OP,U601,U601,6750.0,6750.0,3061.8,540.0,540.0,498.077
1,OV,OP,00010,142310,237591,1.0,2022-11-04T00:00:00,2022-11-04T00:00:00,2022-11-04T00:00:00,292788,Ortec Inc.,U601-OP,U601,U601,6750.0,6750.0,3061.8,540.0,540.0,545.7178
1,OV,OP,00010,144113,238964,1.0,2022-12-05T00:00:00,2022-12-05T00:00:00,2022-12-05T00:00:00,292788,Ortec Inc.,U601-OP,U601,U601,6750.0,6750.0,3061.8,540.0,540.0,514.4564
1,OV,OP,00010,144429,240747,1.0,2023-01-12T00:00:00,2023-01-12T00:00:00,2023-01-12T00:00:00,292788,Ortec Inc.,U601-OP,U601,U601,6750.0,6750.0,3061.8,540.0,540.0,498.9109
1,OV,OP,00010,144430,240736,1.0,2023-01-12T00:00:00,2023-01-12T00:00:00,2023-01-12T00:00:00,292788,Ortec Inc.,U601-OP,U601,U601,6750.0,6750.0,3061.8,540.0,540.0,498.9109
1,OV,OP,00010,133187,214493,1.0,2021-09-29T00:00:00,2021-09-29T00:00:00,2021-09-29T00:00:00,292788,Ortec Inc.,U601-OP,U601,U601,6750.0,6750.0,3061.8,540.0,540.0,465.0144
2,PV,OP,00010,133187,21019322,1.0,2021-09-29T00:00:00,2021-09-29T00:00:00,2021-09-29T00:00:00,292788,Ortec Inc.,U601-OP,U601,U601,6750.0,6750.0,3061.8,16618.5,16618.5,14310.8169
2,PV,OP,00020,20000730,20002518,1.0,2020-10-29T00:00:00,2020-10-29T00:00:00,2020-11-04T00:00:00,324808,Cromogenia,MDU2012B.E-TO,MDU2012B.E,MDU2012B,6000.0,13227.6,6000.0,14400.0,16892.3059,14400.0
1,OV,OP,00020,20000730,20003337,1.0,2020-10-29T00:00:00,2020-10-29T00:00:00,2020-10-29T00:00:00,324808,Cromogenia,MDU2012B.E-TO,MDU2012B.E,MDU2012B,6000.0,13227.6,6000.0,14400.0,16784.6155,14400.0
2,PV,OP,00020,24000442,24001495,1.0,2024-07-11T00:00:00,2024-07-11T00:00:00,2024-07-11T00:00:00,324808,Cromogenia,MDU2012B.E-TO,MDU2012B.E,MDU2012B,7000.0,15432.2,7000.0,22400.0,24348.9053,22400.0
2,PV,OP,00020,24000981,24002558,1.0,2024-11-20T00:00:00,2024-11-20T00:00:00,2024-11-27T00:00:00,324808,Cromogenia,MDU2012B.E-TO,MDU2012B.E,MDU2012B,5000.0,11023.0,5000.0,16000.0,16920.1344,16000.0
2,PV,OP,00020,24001404,25000461,1.0,2025-01-20T00:00:00,2025-01-20T00:00:00,2025-03-12T00:00:00,324808,Cromogenia,MDU2012B.E-TO,MDU2012B.E,MDU2012B,2000.0,4409.2,2000.0,6400.0,6989.7914,6400.0
2,PV,OP,00020,25000182,25000902,1.0,2025-04-15T00:00:00,2025-04-15T00:00:00,2025-04-23T00:00:00,324808,Cromogenia,MDU2012B.E-TO,MDU2012B.E,MDU2012B,5000.0,11023.0,5000.0,16000.0,18160.3088,16000.0
2,PV,OP,00020,25000425,25001351,1.0,2025-06-19T00:00:00,2025-06-19T00:00:00,2025-06-23T00:00:00,324808,Cromogenia,MDU2012B.E-TO,MDU2012B.E,MDU2012B,5000.0,11023.0,5000.0,16000.0,18460.016,16000.0
2,PV,OP,00020,25001247,26000102,1.0,2026-01-20T00:00:00,2026-01-20T00:00:00,2026-01-20T00:00:00,324808,Cromogenia,MDU2012B.E-TO,MDU2012B.E,MDU2012B,5000.0,11023.0,5000.0,16000.0,18781.3232,16000.0
2,PV,OP,00020,26000151,26001324,1.0,2026-05-26T00:00:00,2026-05-26T00:00:00,2026-05-28T00:00:00,324808,Cromogenia,MDU2012B.E-TO,MDU2012B.E,MDU2012B,5000.0,11023.0,5000.0,16000.0,18638.8656,16000.0
2,PV,OP,00020,22000179,22000402,1.0,2022-02-14T00:00:00,2022-02-14T00:00:00,2022-02-14T00:00:00,324808,Cromogenia,201118CX.E-LP,201118CX.E,201118CX,480.0,1058.208,480.0,2510.4,2838.1553,2510.4
2,PV,OP,00020,19001546,20000321,1.0,2020-02-07T00:00:00,2020-02-07T00:00:00,2020-02-11T00:00:00,324808,Cromogenia,MDU4075.E-LP,MDU4075.E,MDU4075,4920.0,10846.632000000001,4920.0,15498.0,16916.7892,15498.0
2,PV,OP,00020,20001190,21000156,1.0,2021-01-11T00:00:00,2021-01-11T00:00:00,2021-01-25T00:00:00,324808,Cromogenia,MDU440B.E-TO,MDU440B.E,MDU440B,5000.0,11023.0,5000.0,13400.0,16263.8775,13400.0
2,PV,OP,00020,20001190,21000156,1.0,2021-01-25T00:00:00,2021-01-25T00:00:00,2021-01-25T00:00:00,324808,Cromogenia,MDU440B.E-TO,MDU440B.E,MDU440B,7000.0,15432.2,7000.0,18760.0,22769.4285,18760.0
2,PV,OP,00020,20001316,20002775,1.0,2020-12-03T00:00:00,2020-12-03T00:00:00,2020-12-04T00:00:00,324808,Cromogenia,MDU2012B.E-TO,MDU2012B.E,MDU2012B,9000.0,19841.4,9000.0,21510.0,26115.7212,21510.0
2,PV,OP,00020,20001496,21000579,1.0,2021-03-02T00:00:00,2021-03-01T00:00:00,2021-03-08T00:00:00,324808,Cromogenia,MDU2012B.E-TO,MDU2012B.E,MDU2012B,9000.0,19841.4,9000.0,21600.0,25594.7299,21600.0
2,PV,OP,00020,21000027,21000929,1.0,2021-04-12T00:00:00,2021-04-09T00:00:00,2021-04-13T00:00:00,324808,Cromogenia,MDU2012B.E-TO,MDU2012B.E,MDU2012B,10000.0,22046.0,10000.0,24000.0,28646.3928,24000.0
2,PV,OP,00020,21000029,21003047,1.0,2021-11-05T00:00:00,2021-11-05T00:00:00,2021-11-15T00:00:00,324808,Cromogenia,MDU440B.E-TO,MDU440B.E,MDU440B,10000.0,22046.0,10000.0,30700.0,35053.9139,30700.0
2,PV,OP,00020,21000303,21001277,1.0,2021-05-18T00:00:00,2021-05-18T00:00:00,2021-05-19T00:00:00,324808,Cromogenia,MDU2012B.E-TO,MDU2012B.E,MDU2012B,1000.0,2204.6,1000.0,2400.0,2931.9782,2400.0
2,PV,OP,00020,21000303,21001277,1.0,2021-05-18T00:00:00,2021-05-18T00:00:00,2021-05-19T00:00:00,324808,Cromogenia,MDU2012B.E-TO,MDU2012B.E,MDU2012B,2000.0,4409.2,2000.0,4800.0,5863.9565,4800.0
2,PV,OP,00020,21000709,21003414,1.0,2021-12-06T00:00:00,2021-12-06T00:00:00,2021-12-14T00:00:00,324808,Cromogenia,MDU2012B.E-TO,MDU2012B.E,MDU2012B,8000.0,17636.8,8000.0,25200.0,28391.643,25200.0
2,PV,OP,00020,21001059,22000403,1.0,2022-02-14T00:00:00,2022-02-14T00:00:00,2022-02-14T00:00:00,324808,Cromogenia,MDU2012B.E-TO,MDU2012B.E,MDU2012B,9000.0,19841.4,9000.0,35190.0,39784.3712,35190.0
2,PV,OP,00020,21001740,22001704,1.0,2022-06-09T00:00:00,2022-06-09T00:00:00,2022-06-13T00:00:00,324808,Cromogenia,MDU440B.E-TO,MDU440B.E,MDU440B,6700.0,14770.820000000002,6700.0,23919.0,24953.9153,23919.0
2,PV,OP,00020,22000027,22002619,1.0,2022-09-07T00:00:00,2022-09-07T00:00:00,2022-09-07T00:00:00,324808,Cromogenia,MDU440B.E-TO,MDU440B.E,MDU440B,7000.0,15432.2,7000.0,33040.0,32839.7545,33040.0
2,PV,OP,00020,22000056,22000618,1.0,2022-03-03T00:00:00,2022-03-03T00:00:00,2022-03-07T00:00:00,324808,Cromogenia,MDU2012B.E-TO,MDU2012B.E,MDU2012B,7000.0,15432.2,7000.0,27370.0,29723.5271,27370.0
2,PV,OP,00020,22000058,22000618,1.0,2022-03-03T00:00:00,2022-03-03T00:00:00,2022-03-07T00:00:00,324808,Cromogenia,MDU2012B.E-TO,MDU2012B.E,MDU2012B,2000.0,4409.2,2000.0,7820.0,8492.4363,7820.0
2,PV,OP,00020,22000401,22001305,1.0,2022-05-03T00:00:00,2022-05-03T00:00:00,2022-05-04T00:00:00,324808,Cromogenia,MDU2012B.E-TO,MDU2012B.E,MDU2012B,7000.0,15432.2,7000.0,27370.0,28846.3898,27370.0
2,PV,OP,00020,22001473,22003663,1.0,2022-12-21T00:00:00,2022-12-21T00:00:00,2022-12-23T00:00:00,324808,Cromogenia,201118CX.E-TO,201118CX.E,201118CX,1000.0,2204.6,1000.0,4120.0,4376.4997,4120.0
2,PV,OP,00020,22001473,23000259,1.0,2023-01-31T00:00:00,2023-01-31T00:00:00,2023-01-31T00:00:00,324808,Cromogenia,201118CX.E-TO,201118CX.E,201118CX,1000.0,2204.6,1000.0,4120.0,4473.5067,4120.0
2,PV,OP,00020,22001555,23000504,1.0,2023-02-21T00:00:00,2023-02-21T00:00:00,2023-02-23T00:00:00,324808,Cromogenia,MDU2012B.E-TO,MDU2012B.E,MDU2012B,2000.0,4409.2,2000.0,7820.0,8274.8089,7820.0
2,PV,OP,00020,22001555,23000504,1.0,2023-02-21T00:00:00,2023-02-21T00:00:00,2023-02-23T00:00:00,324808,Cromogenia,MDU2012B.E-TO,MDU2012B.E,MDU2012B,4000.0,8818.4,4000.0,15640.0,16549.6177,15640.0
2,PV,OP,00020,23000505,23002878,1.0,2023-11-07T00:00:00,2023-11-03T00:00:00,2023-11-08T00:00:00,324808,Cromogenia,MDU440B.E-TO,MDU440B.E,MDU440B,2000.0,4409.2,2000.0,7200.0,7714.7633,7200.0
2,PV,OP,00020,23000505,23002878,1.0,2023-11-07T00:00:00,2023-11-03T00:00:00,2023-11-08T00:00:00,324808,Cromogenia,MDU440B.E-TO,MDU440B.E,MDU440B,8000.0,17636.8,8000.0,28800.0,30859.0531,28800.0
3,PV,OP,00020,21001740,22001689,1.0,2022-06-09T00:00:00,2022-06-09T00:00:00,2022-06-10T00:00:00,324808,Cromogenia,MDU440B.E-TO,MDU440B.E,MDU440B,6700.0,14770.820000000002,6700.0,23919.0,25163.209,23919.0
2,PV,OP,00020,20000217,20001352,1.0,2020-06-04T00:00:00,2020-06-04T00:00:00,2020-06-10T00:00:00,324808,Cromogenia,MDU440.E-TO,MDU440.E,MDU440,5000.0,11023.0,5000.0,13700.0,15556.7048,13700.0
2,PV,OP,00020,20000446,20001352,1.0,2020-06-04T00:00:00,2020-06-04T00:00:00,2020-06-10T00:00:00,324808,Cromogenia,MDU2012B.E-TO,MDU2012B.E,MDU2012B,4000.0,8818.4,4000.0,9600.0,10901.0486,9600.0
2,PV,OP,00020,20000533,20002007,1.0,2020-08-07T00:00:00,2020-08-07T00:00:00,2020-08-28T00:00:00,324808,Cromogenia,MDU2012B.E-TO,MDU2012B.E,MDU2012B,9000.0,19841.4,9000.0,21600.0,25712.087,21600.0
2,PV,OP,00020,21000611,21001839,1.0,2021-07-06T00:00:00,2021-07-06T00:00:00,2021-07-14T00:00:00,324808,Cromogenia,MDU2012B.E-TO,MDU2012B.E,MDU2012B,5000.0,11023.0,5000.0,13500.0,15963.1736,13500.0
2,PV,OP,00020,21000710,21002198,1.0,2021-08-09T00:00:00,2021-08-09T00:00:00,2021-08-21T00:00:00,324808,Cromogenia,MDU2012B.E-TO,MDU2012B.E,MDU2012B,9000.0,19841.4,9000.0,24300.0,28431.8918,24300.0
2,PV,OP,00020,21000909,22000366,1.0,2022-02-01T00:00:00,2022-02-01T00:00:00,2022-02-10T00:00:00,324808,Cromogenia,MDU2012B.E-TO,MDU2012B.E,MDU2012B,7000.0,15432.2,7000.0,27370.0,31442.9242,27370.0
1,OV,OP,00020,24000442,24001903,1.0,2024-07-11T00:00:00,2024-07-11T00:00:00,2024-07-11T00:00:00,324808,Cromogenia,MDU2012B.E-TO,MDU2012B.E,MDU2012B,7000.0,15432.2,7000.0,22400.0,24348.9053,22400.0
1,OV,OP,00020,24000981,24003273,1.0,2024-11-20T00:00:00,2024-11-20T00:00:00,2024-11-20T00:00:00,324808,Cromogenia,MDU2012B.E-TO,MDU2012B.E,MDU2012B,5000.0,11023.0,5000.0,16000.0,16834.0208,16000.0
1,OV,OP,00020,24001404,25000183,1.0,2025-01-20T00:00:00,2025-01-20T00:00:00,2025-01-20T00:00:00,324808,Cromogenia,MDU2012B.E-TO,MDU2012B.E,MDU2012B,2000.0,4409.2,2000.0,6400.0,6654.809,6400.0
1,OV,OP,00020,25000182,25001107,1.0,2025-04-15T00:00:00,2025-04-15T00:00:00,2025-04-15T00:00:00,324808,Cromogenia,MDU2012B.E-TO,MDU2012B.E,MDU2012B,5000.0,11023.0,5000.0,16000.0,18058.8528,16000.0
1,OV,OP,00020,25000425,25001685,1.0,2025-06-19T00:00:00,2025-06-19T00:00:00,2025-06-19T00:00:00,324808,Cromogenia,MDU2012B.E-TO,MDU2012B.E,MDU2012B,5000.0,11023.0,5000.0,16000.0,18336.4672,16000.0
1,OV,OP,00020,25001247,26000198,1.0,2026-01-20T00:00:00,2026-01-20T00:00:00,2026-01-20T00:00:00,324808,Cromogenia,MDU2012B.E-TO,MDU2012B.E,MDU2012B,5000.0,11023.0,5000.0,16000.0,18781.3232,16000.0
1,OV,OP,00020,26000151,26001606,1.0,2026-05-26T00:00:00,2026-05-26T00:00:00,2026-05-26T00:00:00,324808,Cromogenia,MDU2012B.E-TO,MDU2012B.E,MDU2012B,5000.0,11023.0,5000.0,16000.0,18592.0752,16000.0
1,OV,OP,00020,22000179,22000645,1.0,2022-02-14T00:00:00,2022-02-14T00:00:00,2022-02-14T00:00:00,324808,Cromogenia,201118CX.E-LP,201118CX.E,201118CX,480.0,1058.208,480.0,2510.4,2838.1553,2510.4
1,OV,OP,00020,20000217,20002066,1.0,2020-06-04T00:00:00,2020-06-04T00:00:00,2020-06-04T00:00:00,324808,Cromogenia,MDU440.E-TO,MDU440.E,MDU440,5000.0,11023.0,5000.0,13700.0,15506.8396,13700.0
1,OV,OP,00020,20000446,20002067,1.0,2020-06-04T00:00:00,2020-06-04T00:00:00,2020-06-04T00:00:00,324808,Cromogenia,MDU2012B.E-TO,MDU2012B.E,MDU2012B,4000.0,8818.4,4000.0,9600.0,10866.1066,9600.0
1,OV,OP,00020,20000533,20002603,1.0,2020-08-07T00:00:00,2020-08-07T00:00:00,2020-08-07T00:00:00,324808,Cromogenia,MDU2012B.E-TO,MDU2012B.E,MDU2012B,9000.0,19841.4,9000.0,21600.0,25438.3265,21600.0
1,OV,OP,00020,20001190,21000106,1.0,2021-01-11T00:00:00,2021-01-11T00:00:00,2021-01-11T00:00:00,324808,Cromogenia,MDU440B.E-TO,MDU440B.E,MDU440B,5000.0,11023.0,5000.0,13400.0,16307.8415,13400.0
1,OV,OP,00020,20001190,21000393,1.0,2021-01-25T00:00:00,2021-01-25T00:00:00,2021-01-25T00:00:00,324808,Cromogenia,MDU440B.E-TO,MDU440B.E,MDU440B,7000.0,15432.2,7000.0,18760.0,22769.4285,18760.0
1,OV,OP,00020,20001316,20003737,1.0,2020-12-03T00:00:00,2020-12-03T00:00:00,2020-12-03T00:00:00,324808,Cromogenia,MDU2012B.E-TO,MDU2012B.E,MDU2012B,9000.0,19841.4,9000.0,21510.0,26139.1843,21510.0
1,OV,OP,00020,20001496,21000935,1.0,2021-03-02T00:00:00,2021-03-01T00:00:00,2021-03-02T00:00:00,324808,Cromogenia,MDU2012B.E-TO,MDU2012B.E,MDU2012B,9000.0,19841.4,9000.0,21600.0,26086.8427,21600.0
1,OV,OP,00020,21000027,21001362,1.0,2021-04-12T00:00:00,2021-04-09T00:00:00,2021-04-12T00:00:00,324808,Cromogenia,MDU2012B.E-TO,MDU2012B.E,MDU2012B,10000.0,22046.0,10000.0,24000.0,28576.2504,24000.0
1,OV,OP,00020,21000029,21003991,1.0,2021-11-05T00:00:00,2021-11-05T00:00:00,2021-11-05T00:00:00,324808,Cromogenia,MDU440B.E-TO,MDU440B.E,MDU440B,10000.0,22046.0,10000.0,30700.0,35472.3825,30700.0
1,OV,OP,00020,21000303,21001802,1.0,2021-05-18T00:00:00,2021-05-18T00:00:00,2021-05-18T00:00:00,324808,Cromogenia,MDU2012B.E-TO,MDU2012B.E,MDU2012B,1000.0,2204.6,1000.0,2400.0,2928.5858,2400.0
1,OV,OP,00020,21000303,21001802,1.0,2021-05-18T00:00:00,2021-05-18T00:00:00,2021-05-18T00:00:00,324808,Cromogenia,MDU2012B.E-TO,MDU2012B.E,MDU2012B,2000.0,4409.2,2000.0,4800.0,5857.1717,4800.0
1,OV,OP,00020,21000611,21002379,1.0,2021-07-06T00:00:00,2021-07-06T00:00:00,2021-07-06T00:00:00,324808,Cromogenia,MDU2012B.E-TO,MDU2012B.E,MDU2012B,5000.0,11023.0,5000.0,13500.0,15953.9976,13500.0
1,OV,OP,00020,21000709,21004325,1.0,2021-12-06T00:00:00,2021-12-06T00:00:00,2021-12-06T00:00:00,324808,Cromogenia,MDU2012B.E-TO,MDU2012B.E,MDU2012B,8000.0,17636.8,8000.0,25200.0,28431.3758,25200.0
1,OV,OP,00020,21000710,21002711,1.0,2021-08-09T00:00:00,2021-08-09T00:00:00,2021-08-09T00:00:00,324808,Cromogenia,MDU2012B.E-TO,MDU2012B.E,MDU2012B,9000.0,19841.4,9000.0,24300.0,28549.2608,24300.0
1,OV,OP,00020,21000909,22000513,1.0,2022-02-01T00:00:00,2022-02-01T00:00:00,2022-02-01T00:00:00,324808,Cromogenia,MDU2012B.E-TO,MDU2012B.E,MDU2012B,7000.0,15432.2,7000.0,27370.0,30756.6406,27370.0
1,OV,OP,00020,21001059,22000644,1.0,2022-02-14T00:00:00,2022-02-14T00:00:00,2022-02-14T00:00:00,324808,Cromogenia,MDU2012B.E-TO,MDU2012B.E,MDU2012B,9000.0,19841.4,9000.0,35190.0,39784.3712,35190.0
1,OV,OP,00020,21001740,22002374,1.0,2022-06-09T00:00:00,2022-06-09T00:00:00,2022-06-09T00:00:00,324808,Cromogenia,MDU440B.E-TO,MDU440B.E,MDU440B,6700.0,14770.820000000002,6700.0,23919.0,25490.3157,23919.0
1,OV,OP,00020,22000027,22003721,1.0,2022-09-07T00:00:00,2022-09-07T00:00:00,2022-09-07T00:00:00,324808,Cromogenia,MDU440B.E-TO,MDU440B.E,MDU440B,7000.0,15432.2,7000.0,33040.0,32839.7545,33040.0
1,OV,OP,00020,22000056,22000895,1.0,2022-03-03T00:00:00,2022-03-03T00:00:00,2022-03-03T00:00:00,324808,Cromogenia,MDU2012B.E-TO,MDU2012B.E,MDU2012B,7000.0,15432.2,7000.0,27370.0,30258.5285,27370.0
1,OV,OP,00020,22000058,22000894,1.0,2022-03-03T00:00:00,2022-03-03T00:00:00,2022-03-03T00:00:00,324808,Cromogenia,MDU2012B.E-TO,MDU2012B.E,MDU2012B,2000.0,4409.2,2000.0,7820.0,8645.2939,7820.0
1,OV,OP,00020,22000401,22001898,1.0,2022-05-03T00:00:00,2022-05-03T00:00:00,2022-05-03T00:00:00,324808,Cromogenia,MDU2012B.E-TO,MDU2012B.E,MDU2012B,7000.0,15432.2,7000.0,27370.0,28828.0382,27370.0
1,OV,OP,00020,22001555,23000635,1.0,2023-02-21T00:00:00,2023-02-21T00:00:00,2023-02-21T00:00:00,324808,Cromogenia,MDU2012B.E-TO,MDU2012B.E,MDU2012B,2000.0,4409.2,2000.0,7820.0,8334.2667,7820.0
1,OV,OP,00020,22001555,23000635,1.0,2023-02-21T00:00:00,2023-02-21T00:00:00,2023-02-21T00:00:00,324808,Cromogenia,MDU2012B.E-TO,MDU2012B.E,MDU2012B,4000.0,8818.4,4000.0,15640.0,16668.5333,15640.0
1,OV,OP,00020,23000505,23003274,1.0,2023-11-07T00:00:00,2023-11-03T00:00:00,2023-11-07T00:00:00,324808,Cromogenia,MDU440B.E-TO,MDU440B.E,MDU440B,2000.0,4409.2,2000.0,7200.0,7695.1433,7200.0
1,OV,OP,00020,23000505,23003274,1.0,2023-11-07T00:00:00,2023-11-03T00:00:00,2023-11-07T00:00:00,324808,Cromogenia,MDU440B.E-TO,MDU440B.E,MDU440B,8000.0,17636.8,8000.0,28800.0,30780.5731,28800.0
1,OV,OP,00020,19001546,20000571,1.0,2020-02-07T00:00:00,2020-02-07T00:00:00,2020-02-07T00:00:00,324808,Cromogenia,MDU4075.E-LP,MDU4075.E,MDU4075,4920.0,10846.632000000001,4920.0,15498.0,16963.3266,15498.0
1,OV,OP,00020,22001473,22004945,1.0,2022-12-21T00:00:00,2022-12-21T00:00:00,2022-12-21T00:00:00,324808,Cromogenia,201118CX.E-TO,201118CX.E,201118CX,1000.0,2204.6,1000.0,4120.0,4366.5536,4120.0
1,OV,OP,00020,22001473,23000402,1.0,2023-01-31T00:00:00,2023-01-31T00:00:00,2023-01-31T00:00:00,324808,Cromogenia,201118CX.E-TO,201118CX.E,201118CX,1000.0,2204.6,1000.0,4120.0,4473.5067,4120.0
4,OV,OP,00020,20000533,20002602,1.0,2020-08-07T00:00:00,2020-08-07T00:00:00,2020-08-07T00:00:00,324808,Cromogenia,MDU2012B.E-TO,MDU2012B.E,MDU2012B,90000.0,198414.0,90000.0,216000.0,254383.2648,216000.0
4,OV,OP,00020,20001190,21000392,1.0,2021-01-25T00:00:00,2021-01-11T00:00:00,2021-01-25T00:00:00,324808,Cromogenia,MDU440B.E-TO,MDU440B.E,MDU440B,6000.0,13227.6,6000.0,16080.0,19516.653,16080.0
4,OV,OP,00020,20001496,21000934,1.0,2021-03-02T00:00:00,2021-03-01T00:00:00,2021-03-02T00:00:00,324808,Cromogenia,MDU2012B.E-TO,MDU2012B.E,MDU2012B,9000.0,19841.4,9000.0,21510.0,25978.1475,21510.0
4,OV,OP,00020,21000027,21001360,1.0,2021-04-12T00:00:00,2021-04-09T00:00:00,2021-04-12T00:00:00,324808,Cromogenia,MDU2012B.E-TO,MDU2012B.E,MDU2012B,10000.0,22046.0,10000.0,23900.0,28457.1827,23900.0
4,OV,OP,00020,21000303,21001801,1.0,2021-05-18T00:00:00,2021-05-18T00:00:00,2021-05-18T00:00:00,324808,Cromogenia,MDU2012B.E-TO,MDU2012B.E,MDU2012B,1000.0,2204.6,1000.0,2390.0,2916.3834,2390.0
4,OV,OP,00020,21000303,21001801,1.0,2021-05-18T00:00:00,2021-05-18T00:00:00,2021-05-18T00:00:00,324808,Cromogenia,MDU2012B.E-TO,MDU2012B.E,MDU2012B,2000.0,4409.2,2000.0,4780.0,5832.7668,4780.0
4,OV,OP,00020,22000027,22003720,1.0,2022-09-07T00:00:00,2022-09-02T00:00:00,2022-09-07T00:00:00,324808,Cromogenia,MDU440B.E-TO,MDU440B.E,MDU440B,7000.0,15432.2,7000.0,24990.0,24838.5431,24990.0
4,OV,OP,00020,22001555,23000634,1.0,2023-02-21T00:00:00,2023-02-21T00:00:00,2023-02-21T00:00:00,324808,Cromogenia,MDU2012B.E-TO,MDU2012B.E,MDU2012B,2000.0,4409.2,2000.0,7920.0,8440.843,7920.0
4,OV,OP,00020,22001555,23000634,1.0,2023-02-21T00:00:00,2023-02-21T00:00:00,2023-02-21T00:00:00,324808,Cromogenia,MDU2012B.E-TO,MDU2012B.E,MDU2012B,4000.0,8818.4,4000.0,15840.0,16881.6859,15840.0
2,PV,OP,00020,25001025,26000517,1.0,2026-03-03T00:00:00,2026-03-03T00:00:00,2026-03-04T00:00:00,324808,Cromogenia,MDU4075B.E-LP,MDU4075B.E,MDU4075B,1800.0,3968.28,1800.0,6732.0,7833.9739,6732.0
2,PV,OP,00020,20000929,20002474,1.0,2020-10-27T00:00:00,2020-10-27T00:00:00,2020-10-30T00:00:00,324808,Cromogenia,MDU4075B.E-LP,MDU4075B.E,MDU4075B,3600.0,7936.56,3600.0,11664.0,13585.1051,11664.0
2,PV,OP,00020,20001503,21000447,1.0,2021-02-16T00:00:00,2021-02-16T00:00:00,2021-02-25T00:00:00,324808,Cromogenia,MDU4075B.E-LP,MDU4075B.E,MDU4075B,1080.0,2380.9680000000003,1080.0,3499.2,4278.6811,3499.2
2,PV,OP,00020,20001503,21000447,1.0,2021-02-16T00:00:00,2021-02-16T00:00:00,2021-02-25T00:00:00,324808,Cromogenia,MDU4075B.E-LP,MDU4075B.E,MDU4075B,2520.0,5555.592000000001,2520.0,8164.8,9983.5892,8164.8
2,PV,OP,00020,21000028,21000963,1.0,2021-04-16T00:00:00,2021-04-16T00:00:00,2021-04-19T00:00:00,324808,Cromogenia,MDU4075B.E-LP,MDU4075B.E,MDU4075B,240.0,529.104,240.0,777.6,935.431,777.6
2,PV,OP,00020,21000028,21000963,1.0,2021-04-16T00:00:00,2021-04-16T00:00:00,2021-04-19T00:00:00,324808,Cromogenia,MDU4075B.E-LP,MDU4075B.E,MDU4075B,1320.0,2910.072,1320.0,4276.8,5144.8706,4276.8
2,PV,OP,00020,21000172,21000963,1.0,2021-04-16T00:00:00,2021-04-16T00:00:00,2021-04-19T00:00:00,324808,Cromogenia,MDU4075B.E-LP,MDU4075B.E,MDU4075B,1920.0,4232.832,1920.0,6220.8,7483.4482,6220.8
2,PV,OP,00020,21000172,21001277,1.0,2021-05-18T00:00:00,2021-05-18T00:00:00,2021-05-19T00:00:00,324808,Cromogenia,MDU4075B.E-LP,MDU4075B.E,MDU4075B,360.0,793.6560000000001,360.0,1166.4,1424.9414,1166.4
2,PV,OP,00020,21000172,21001277,1.0,2021-05-18T00:00:00,2021-05-18T00:00:00,2021-05-19T00:00:00,324808,Cromogenia,MDU4075B.E-LP,MDU4075B.E,MDU4075B,120.0,264.552,120.0,388.8,474.9805,388.8
2,PV,OP,00020,21001060,22000899,1.0,2022-03-03T00:00:00,2022-03-03T00:00:00,2022-03-30T00:00:00,324808,Cromogenia,MDU4075B.E-LP,MDU4075B.E,MDU4075B,600.0,1322.76,600.0,2766.0,3087.9007,2766.0
2,PV,OP,00020,21001417,22001305,1.0,2022-04-27T00:00:00,2022-04-27T00:00:00,2022-05-04T00:00:00,324808,Cromogenia,MDU4075B.E-LP,MDU4075B.E,MDU4075B,1320.0,2910.072,1320.0,6072.0,6399.5352,6072.0
2,PV,OP,00020,21001426,22001551,1.0,2022-05-25T00:00:00,2022-05-25T00:00:00,2022-05-30T00:00:00,324808,Cromogenia,MDU4075B.E-LP,MDU4075B.E,MDU4075B,2640.0,5820.144,2640.0,12144.0,13087.8693,12144.0
2,PV,OP,00020,21001426,22001551,1.0,2022-05-25T00:00:00,2022-05-25T00:00:00,2022-05-30T00:00:00,324808,Cromogenia,MDU4075B.E-LP,MDU4075B.E,MDU4075B,1800.0,3968.28,1800.0,8280.0,8923.5473,8280.0
2,PV,OP,00020,23000600,23002047,1.0,2023-07-28T00:00:00,2023-07-24T00:00:00,2023-07-28T00:00:00,324808,Cromogenia,MDU4075B.E-LP,MDU4075B.E,MDU4075B,3600.0,7936.56,3600.0,16596.0,18319.1693,16596.0
1,OV,OP,00020,25001025,26000616,1.0,2026-03-03T00:00:00,2026-03-03T00:00:00,2026-03-03T00:00:00,324808,Cromogenia,MDU4075B.E-LP,MDU4075B.E,MDU4075B,1800.0,3968.28,1800.0,6732.0,7812.1649,6732.0
1,OV,OP,00020,20000929,20003311,1.0,2020-10-27T00:00:00,2020-10-27T00:00:00,2020-10-27T00:00:00,324808,Cromogenia,MDU4075B.E-LP,MDU4075B.E,MDU4075B,3600.0,7936.56,3600.0,11664.0,13801.1819,11664.0
1,OV,OP,00020,20001503,21000764,1.0,2021-02-16T00:00:00,2021-02-16T00:00:00,2021-02-16T00:00:00,324808,Cromogenia,MDU4075B.E-LP,MDU4075B.E,MDU4075B,1080.0,2380.9680000000003,1080.0,3499.2,4236.8723,3499.2
1,OV,OP,00020,20001503,21000771,1.0,2021-02-16T00:00:00,2021-02-16T00:00:00,2021-02-16T00:00:00,324808,Cromogenia,MDU4075B.E-LP,MDU4075B.E,MDU4075B,2520.0,5555.592000000001,2520.0,8164.8,9886.0354,8164.8
1,OV,OP,00020,21000028,21001428,1.0,2021-04-16T00:00:00,2021-04-16T00:00:00,2021-04-16T00:00:00,324808,Cromogenia,MDU4075B.E-LP,MDU4075B.E,MDU4075B,240.0,529.104,240.0,777.6,930.3227,777.6
1,OV,OP,00020,21000028,21001429,1.0,2021-04-16T00:00:00,2021-04-16T00:00:00,2021-04-16T00:00:00,324808,Cromogenia,MDU4075B.E-LP,MDU4075B.E,MDU4075B,1320.0,2910.072,1320.0,4276.8,5116.7746,4276.8
1,OV,OP,00020,21001060,22000892,1.0,2022-03-03T00:00:00,2022-03-03T00:00:00,2022-03-03T00:00:00,324808,Cromogenia,MDU4075B.E-LP,MDU4075B.E,MDU4075B,600.0,1322.76,600.0,2766.0,3057.9134,2766.0
1,OV,OP,00020,21001417,22001800,1.0,2022-04-27T00:00:00,2022-04-27T00:00:00,2022-04-27T00:00:00,324808,Cromogenia,MDU4075B.E-LP,MDU4075B.E,MDU4075B,1320.0,2910.072,1320.0,6072.0,6402.8062,6072.0
1,OV,OP,00020,21001426,22002164,1.0,2022-05-25T00:00:00,2022-05-25T00:00:00,2022-05-25T00:00:00,324808,Cromogenia,MDU4075B.E-LP,MDU4075B.E,MDU4075B,2640.0,5820.144,2640.0,12144.0,12945.8768,12144.0
1,OV,OP,00020,21001426,22002165,1.0,2022-05-25T00:00:00,2022-05-25T00:00:00,2022-05-25T00:00:00,324808,Cromogenia,MDU4075B.E-LP,MDU4075B.E,MDU4075B,1800.0,3968.28,1800.0,8280.0,8826.7342,8280.0
1,OV,OP,00020,23000600,23002462,1.0,2023-07-28T00:00:00,2023-07-24T00:00:00,2023-07-28T00:00:00,324808,Cromogenia,MDU4075B.E-LP,MDU4075B.E,MDU4075B,3600.0,7936.56,3600.0,16596.0,18319.1693,16596.0
1,OV,OP,00020,21000172,21001430,1.0,2021-04-16T00:00:00,2021-04-16T00:00:00,2021-04-16T00:00:00,324808,Cromogenia,MDU4075B.E-LP,MDU4075B.E,MDU4075B,1920.0,4232.832,1920.0,6220.8,7442.5813,6220.8
1,OV,OP,00020,21000172,21001783,1.0,2021-05-18T00:00:00,2021-05-18T00:00:00,2021-05-18T00:00:00,324808,Cromogenia,MDU4075B.E-LP,MDU4075B.E,MDU4075B,360.0,793.6560000000001,360.0,1166.4,1423.2927,1166.4
1,OV,OP,00020,21000172,21001784,1.0,2021-05-18T00:00:00,2021-05-18T00:00:00,2021-05-18T00:00:00,324808,Cromogenia,MDU4075B.E-LP,MDU4075B.E,MDU4075B,120.0,264.552,120.0,388.8,474.4309,388.8
4,OV,OP,00020,20001503,21000770,1.0,2021-02-16T00:00:00,2021-02-16T00:00:00,2021-02-16T00:00:00,324808,Cromogenia,MDU4075B.E-LP,MDU4075B.E,MDU4075B,2520.0,5555.592000000001,2520.0,8164.8,9886.0354,8164.8
4,OV,OP,00020,23000600,23002461,1.0,2023-07-28T00:00:00,2023-07-24T00:00:00,2023-07-28T00:00:00,324808,Cromogenia,MDU4075B.E-LP,MDU4075B.E,MDU4075B,3600.0,7936.56,3600.0,16524.0,18239.6935,16524.0
2,PV,OP,00020,23001266,23003243,1.0,2023-12-20T00:00:00,2023-12-20T00:00:00,2023-12-21T00:00:00,324808,Cromogenia,MDU4075B.E-TO,MDU4075B.E,MDU4075B,7000.0,15432.2,7000.0,28000.0,30777.082,28000.0
2,PV,OP,00020,24000352,24001129,1.0,2024-05-17T00:00:00,2024-05-17T00:00:00,2024-05-28T00:00:00,324808,Cromogenia,MDU4075B.E-TO,MDU4075B.E,MDU4075B,8000.0,17636.8,8000.0,29200.0,31686.053,29200.0
2,PV,OP,00020,24000544,24001192,1.0,2024-06-24T00:00:00,2024-06-19T00:00:00,2024-06-24T00:00:00,324808,Cromogenia,MDU4075B.E-TO,MDU4075B.E,MDU4075B,4440.0,9788.424,4440.0,16428.0,17626.2928,16428.0
2,PV,OP,00020,24000737,24002160,1.0,2024-09-26T00:00:00,2024-09-25T00:00:00,2024-09-27T00:00:00,324808,Cromogenia,MDU4075B.E-TO,MDU4075B.E,MDU4075B,4000.0,8818.4,4000.0,14800.0,16514.4527,14800.0
2,PV,OP,00020,24000956,24002160,1.0,2024-09-25T00:00:00,2024-09-25T00:00:00,2024-09-27T00:00:00,324808,Cromogenia,MDU4075B.E-TO,MDU4075B.E,MDU4075B,10000.0,22046.0,10000.0,36500.0,40728.2111,36500.0
2,PV,OP,00020,24001432,25000305,1.0,2025-02-17T00:00:00,2025-02-04T00:00:00,2025-02-20T00:00:00,324808,Cromogenia,MDU4075B.E-TO,MDU4075B.E,MDU4075B,5000.0,11023.0,5000.0,18250.0,19116.959,18250.0
2,PV,OP,00020,25000424,25001268,1.0,2025-06-04T00:00:00,2025-06-04T00:00:00,2025-06-12T00:00:00,324808,Cromogenia,MDU4075B.E-TO,MDU4075B.E,MDU4075B,15000.0,33069.0,15000.0,54600.0,63220.4664,54600.0
2,PV,OP,00020,25001026,26000041,1.0,2026-01-13T00:00:00,2025-12-30T00:00:00,2026-01-13T00:00:00,324808,Cromogenia,MDU4075B.E-TO,MDU4075B.E,MDU4075B,1000.0,2204.6,1000.0,3650.0,4250.7108,3650.0
2,PV,OP,00020,25001026,26000135,1.0,2026-01-22T00:00:00,2026-01-22T00:00:00,2026-01-23T00:00:00,324808,Cromogenia,MDU4075B.E-TO,MDU4075B.E,MDU4075B,6880.0,15167.648000000001,6880.0,25112.0,29557.5322,25112.0
2,PV,OP,00020,25001026,26000758,1.0,2026-03-24T00:00:00,2026-03-24T00:00:00,2026-03-27T00:00:00,324808,Cromogenia,MDU4075B.E-TO,MDU4075B.E,MDU4075B,2000.0,4409.2,2000.0,7300.0,8410.4256,7300.0
2,PV,OP,00020,26000396,26001625,1.0,2026-07-01T00:00:00,2026-07-01T00:00:00,2026-07-02T00:00:00,324808,Cromogenia,MDU4075B.E-TO,MDU4075B.E,MDU4075B,6000.0,13227.6,6000.0,24120.0,27611.2398,24120.0
2,PV,OP,00020,26000150,26001499,1.0,2026-06-16T00:00:00,2026-06-16T00:00:00,2026-06-16T00:00:00,324808,Cromogenia,MDU4075B.E-TO,MDU4075B.E,MDU4075B,10000.0,22046.0,10000.0,36500.0,42396.9144,36500.0
2,PV,OP,00020,20001218,20002711,1.0,2020-11-24T00:00:00,2020-11-24T00:00:00,2020-11-24T00:00:00,324808,Cromogenia,MDU4075B.E-TO,MDU4075B.E,MDU4075B,9000.0,19841.4,9000.0,28350.0,33666.8526,28350.0
2,PV,OP,00020,21000247,21001277,1.0,2021-05-18T00:00:00,2021-05-18T00:00:00,2021-05-19T00:00:00,324808,Cromogenia,MDU4075B.E-TO,MDU4075B.E,MDU4075B,4000.0,8818.4,4000.0,12600.0,15392.8858,12600.0
2,PV,OP,00020,21000750,21002045,1.0,2021-07-28T00:00:00,2021-07-28T00:00:00,2021-08-04T00:00:00,324808,Cromogenia,MDU4075B.E-TO,MDU4075B.E,MDU4075B,10000.0,22046.0,10000.0,34100.0,40381.2064,34100.0
2,PV,OP,00020,21000817,21002765,1.0,2021-10-06T00:00:00,2021-10-06T00:00:00,2021-10-12T00:00:00,324808,Cromogenia,MDU4075B.E-TO,MDU4075B.E,MDU4075B,5000.0,11023.0,5000.0,17050.0,19675.4408,17050.0
2,PV,OP,00020,21001000,22000973,1.0,2022-03-30T00:00:00,2022-03-30T00:00:00,2022-04-05T00:00:00,324808,Cromogenia,MDU4075B.E-TO,MDU4075B.E,MDU4075B,8000.0,17636.8,8000.0,36160.0,39497.3619,36160.0
2,PV,OP,00020,22001843,23000858,1.0,2023-03-21T00:00:00,2023-03-21T00:00:00,2023-03-29T00:00:00,324808,Cromogenia,MDU4075B.E-TO,MDU4075B.E,MDU4075B,7000.0,15432.2,7000.0,31500.0,34102.9426,31500.0
2,PV,OP,00020,23000057,23000857,1.0,2023-03-21T00:00:00,2023-03-21T00:00:00,2023-03-29T00:00:00,324808,Cromogenia,MDU4075B.E-TO,MDU4075B.E,MDU4075B,6000.0,13227.6,6000.0,27000.0,29231.0937,27000.0
2,PV,OP,00020,23000136,23002047,1.0,2023-07-25T00:00:00,2023-07-25T00:00:00,2023-07-28T00:00:00,324808,Cromogenia,MDU4075B.E-TO,MDU4075B.E,MDU4075B,6000.0,13227.6,6000.0,27000.0,29803.4208,27000.0
2,PV,OP,00020,23000601,23002047,1.0,2023-07-24T00:00:00,2023-07-24T00:00:00,2023-07-28T00:00:00,324808,Cromogenia,MDU4075B.E-TO,MDU4075B.E,MDU4075B,4000.0,8818.4,4000.0,18000.0,19868.9472,18000.0
2,PV,OP,00020,23000601,23002047,1.0,2023-07-24T00:00:00,2023-07-24T00:00:00,2023-07-28T00:00:00,324808,Cromogenia,MDU4075B.E-TO,MDU4075B.E,MDU4075B,6000.0,13227.6,6000.0,27000.0,29803.4208,27000.0
2,PV,OP,00020,23000602,23002047,1.0,2023-07-28T00:00:00,2023-07-25T00:00:00,2023-07-28T00:00:00,324808,Cromogenia,MDU4075B.E-TO,MDU4075B.E,MDU4075B,5000.0,11023.0,5000.0,22750.0,25112.1416,22750.0
2,PV,OP,00020,20000481,20001401,1.0,2020-05-26T00:00:00,2020-05-26T00:00:00,2020-06-16T00:00:00,324808,Cromogenia,MDU4075B.E-TO,MDU4075B.E,MDU4075B,5000.0,11023.0,5000.0,16000.0,18009.9424,16000.0
2,PV,OP,00020,21000612,21002198,1.0,2021-08-05T00:00:00,2021-08-05T00:00:00,2021-08-21T00:00:00,324808,Cromogenia,MDU4075B.E-TO,MDU4075B.E,MDU4075B,6000.0,13227.6,6000.0,20460.0,23938.9509,20460.0
1,OV,OP,00020,23001266,23003566,1.0,2023-12-20T00:00:00,2023-12-20T00:00:00,2023-12-20T00:00:00,324808,Cromogenia,MDU4075B.E-TO,MDU4075B.E,MDU4075B,7000.0,15432.2,7000.0,28000.0,30677.9508,28000.0
1,OV,OP,00020,24000352,24001329,1.0,2024-05-17T00:00:00,2024-05-17T00:00:00,2024-05-17T00:00:00,324808,Cromogenia,MDU4075B.E-TO,MDU4075B.E,MDU4075B,8000.0,17636.8,8000.0,29200.0,31735.3572,29200.0
1,OV,OP,00020,24000544,24001738,1.0,2024-06-24T00:00:00,2024-06-19T00:00:00,2024-06-24T00:00:00,324808,Cromogenia,MDU4075B.E-TO,MDU4075B.E,MDU4075B,4440.0,9788.424,4440.0,16428.0,17626.2928,16428.0
1,OV,OP,00020,24000737,24002668,1.0,2024-09-26T00:00:00,2024-09-25T00:00:00,2024-09-26T00:00:00,324808,Cromogenia,MDU4075B.E-TO,MDU4075B.E,MDU4075B,4000.0,8818.4,4000.0,14800.0,16554.2647,14800.0
1,OV,OP,00020,24000956,24002647,1.0,2024-09-25T00:00:00,2024-09-25T00:00:00,2024-09-25T00:00:00,324808,Cromogenia,MDU4075B.E-TO,MDU4075B.E,MDU4075B,10000.0,22046.0,10000.0,36500.0,40674.3992,36500.0
1,OV,OP,00020,24001432,25000556,1.0,2025-02-17T00:00:00,2025-02-04T00:00:00,2025-02-17T00:00:00,324808,Cromogenia,MDU4075B.E-TO,MDU4075B.E,MDU4075B,5000.0,11023.0,5000.0,18250.0,19124.3484,18250.0
1,OV,OP,00020,25000181,25001106,1.0,2025-04-15T00:00:00,2025-04-15T00:00:00,2025-04-15T00:00:00,324808,Cromogenia,MDU4075B.E-TO,MDU4075B.E,MDU4075B,5000.0,11023.0,5000.0,18500.0,20880.5486,18500.0
1,OV,OP,00020,25000424,25001544,1.0,2025-06-04T00:00:00,2025-06-04T00:00:00,2025-06-04T00:00:00,324808,Cromogenia,MDU4075B.E-TO,MDU4075B.E,MDU4075B,15000.0,33069.0,15000.0,54600.0,62372.8396,54600.0
1,OV,OP,00020,25000903,25002455,1.0,2025-09-19T00:00:00,2025-09-19T00:00:00,2025-09-19T00:00:00,324808,Cromogenia,MDU4075B.E-TO,MDU4075B.E,MDU4075B,1000.0,2204.6,1000.0,3650.0,4289.8727,3650.0
1,OV,OP,00020,25000903,25002456,1.0,2025-09-19T00:00:00,2025-09-19T00:00:00,2025-09-19T00:00:00,324808,Cromogenia,MDU4075B.E-TO,MDU4075B.E,MDU4075B,10000.0,22046.0,10000.0,36500.0,42898.7274,36500.0
1,OV,OP,00020,25001026,26000126,1.0,2026-01-13T00:00:00,2025-12-30T00:00:00,2026-01-13T00:00:00,324808,Cromogenia,MDU4075B.E-TO,MDU4075B.E,MDU4075B,1000.0,2204.6,1000.0,3650.0,4250.7108,3650.0
1,OV,OP,00020,25001026,26000224,1.0,2026-01-22T00:00:00,2026-01-22T00:00:00,2026-01-22T00:00:00,324808,Cromogenia,MDU4075B.E-TO,MDU4075B.E,MDU4075B,6880.0,15167.648000000001,6880.0,25112.0,29480.7296,25112.0
1,OV,OP,00020,25001026,26000858,1.0,2026-03-24T00:00:00,2026-03-24T00:00:00,2026-03-24T00:00:00,324808,Cromogenia,MDU4075B.E-TO,MDU4075B.E,MDU4075B,2000.0,4409.2,2000.0,7300.0,8454.9038,7300.0
1,OV,OP,00020,26000150,26001862,1.0,2026-06-16T00:00:00,2026-06-16T00:00:00,2026-06-16T00:00:00,324808,Cromogenia,MDU4075B.E-TO,MDU4075B.E,MDU4075B,10000.0,22046.0,10000.0,36500.0,42396.9144,36500.0
1,OV,OP,00020,26000396,26001990,1.0,2026-07-01T00:00:00,2026-07-01T00:00:00,2026-07-01T00:00:00,324808,Cromogenia,MDU4075B.E-TO,MDU4075B.E,MDU4075B,6000.0,13227.6,6000.0,24120.0,27460.2148,24120.0
1,OV,OP,00020,20000481,20001997,1.0,2020-05-26T00:00:00,2020-05-26T00:00:00,2020-05-26T00:00:00,324808,Cromogenia,MDU4075B.E-TO,MDU4075B.E,MDU4075B,5000.0,11023.0,5000.0,16000.0,17555.68,16000.0
1,OV,OP,00020,20001218,20003581,1.0,2020-11-24T00:00:00,2020-11-24T00:00:00,2020-11-24T00:00:00,324808,Cromogenia,MDU4075B.E-TO,MDU4075B.E,MDU4075B,9000.0,19841.4,9000.0,28350.0,33666.8526,28350.0
1,OV,OP,00020,21000247,21001799,1.0,2021-05-18T00:00:00,2021-05-18T00:00:00,2021-05-18T00:00:00,324808,Cromogenia,MDU4075B.E-TO,MDU4075B.E,MDU4075B,4000.0,8818.4,4000.0,12600.0,15375.0757,12600.0
1,OV,OP,00020,21000612,21002691,1.0,2021-08-05T00:00:00,2021-08-05T00:00:00,2021-08-05T00:00:00,324808,Cromogenia,MDU4075B.E-TO,MDU4075B.E,MDU4075B,6000.0,13227.6,6000.0,20460.0,24221.7265,20460.0
1,OV,OP,00020,21000750,21002598,1.0,2021-07-28T00:00:00,2021-07-28T00:00:00,2021-07-28T00:00:00,324808,Cromogenia,MDU4075B.E-TO,MDU4075B.E,MDU4075B,10000.0,22046.0,10000.0,34100.0,40267.7829,34100.0
1,OV,OP,00020,21000817,21003575,1.0,2021-10-06T00:00:00,2021-10-06T00:00:00,2021-10-06T00:00:00,324808,Cromogenia,MDU4075B.E-TO,MDU4075B.E,MDU4075B,5000.0,11023.0,5000.0,17050.0,19682.1807,17050.0
1,OV,OP,00020,21001000,22001290,1.0,2022-03-30T00:00:00,2022-03-30T00:00:00,2022-03-30T00:00:00,324808,Cromogenia,MDU4075B.E-TO,MDU4075B.E,MDU4075B,8000.0,17636.8,8000.0,36160.0,40368.2176,36160.0
1,OV,OP,00020,22001843,23000941,1.0,2023-03-21T00:00:00,2023-03-21T00:00:00,2023-03-21T00:00:00,324808,Cromogenia,MDU4075B.E-TO,MDU4075B.E,MDU4075B,7000.0,15432.2,7000.0,31500.0,33926.4954,31500.0
1,OV,OP,00020,23000057,23000939,1.0,2023-03-21T00:00:00,2023-03-21T00:00:00,2023-03-21T00:00:00,324808,Cromogenia,MDU4075B.E-TO,MDU4075B.E,MDU4075B,6000.0,13227.6,6000.0,27000.0,29079.8532,27000.0
1,OV,OP,00020,23000136,23002411,1.0,2023-07-25T00:00:00,2023-07-25T00:00:00,2023-07-25T00:00:00,324808,Cromogenia,MDU4075B.E-TO,MDU4075B.E,MDU4075B,6000.0,13227.6,6000.0,27000.0,29831.9409,27000.0
1,OV,OP,00020,23000601,23002395,1.0,2023-07-24T00:00:00,2023-07-24T00:00:00,2023-07-24T00:00:00,324808,Cromogenia,MDU4075B.E-TO,MDU4075B.E,MDU4075B,4000.0,8818.4,4000.0,18000.0,19949.1318,18000.0
1,OV,OP,00020,23000601,23002396,1.0,2023-07-24T00:00:00,2023-07-24T00:00:00,2023-07-24T00:00:00,324808,Cromogenia,MDU4075B.E-TO,MDU4075B.E,MDU4075B,6000.0,13227.6,6000.0,27000.0,29923.6977,27000.0
1,OV,OP,00020,23000602,23002464,1.0,2023-07-28T00:00:00,2023-07-25T00:00:00,2023-07-28T00:00:00,324808,Cromogenia,MDU4075B.E-TO,MDU4075B.E,MDU4075B,5000.0,11023.0,5000.0,22750.0,25112.1416,22750.0
4,OV,OP,00020,21000247,21001798,1.0,2021-05-18T00:00:00,2021-05-18T00:00:00,2021-05-18T00:00:00,324808,Cromogenia,MDU4075B.E-TO,MDU4075B.E,MDU4075B,4000.0,8818.4,4000.0,13320.0,16253.6514,13320.0
4,OV,OP,00020,23000602,23002463,1.0,2023-07-28T00:00:00,2023-07-25T00:00:00,2023-07-28T00:00:00,324808,Cromogenia,MDU4075B.E-TO,MDU4075B.E,MDU4075B,5000.0,11023.0,5000.0,22500.0,24836.184,22500.0
4,OV,OP,00020,23001336,24000834,1.0,2024-03-25T00:00:00,2024-03-25T00:00:00,2024-03-25T00:00:00,324808,Cromogenia,MDU4075B.E-TO,MDU4075B.E,MDU4075B,5000.0,11023.0,5000.0,20250.0,21945.7573,20250.0
4,OV,OP,00020,24000544,24001737,1.0,2024-06-24T00:00:00,2024-06-19T00:00:00,2024-06-24T00:00:00,324808,Cromogenia,MDU4075B.E-TO,MDU4075B.E,MDU4075B,4440.0,9788.424,4440.0,16206.0,17388.0997,16206.0
4,OV,OP,00020,24000737,24002667,1.0,2024-09-26T00:00:00,2024-09-25T00:00:00,2024-09-26T00:00:00,324808,Cromogenia,MDU4075B.E-TO,MDU4075B.E,MDU4075B,4000.0,8818.4,4000.0,14600.0,16330.5584,14600.0
4,OV,OP,00020,24001317,25000787,1.0,2025-03-11T00:00:00,2025-01-20T00:00:00,2025-03-11T00:00:00,324808,Cromogenia,MDU4075B.E-TO,MDU4075B.E,MDU4075B,5000.0,11023.0,5000.0,18500.0,20212.4506,18500.0
4,OV,OP,00020,24001432,25000555,1.0,2025-02-17T00:00:00,2025-02-04T00:00:00,2025-02-17T00:00:00,324808,Cromogenia,MDU4075B.E-TO,MDU4075B.E,MDU4075B,5000.0,11023.0,5000.0,18500.0,19386.3258,18500.0
4,OV,OP,00020,25001246,26000122,1.0,2026-01-13T00:00:00,2025-12-29T00:00:00,2026-01-13T00:00:00,324808,Cromogenia,MDU4075B.E-TO,MDU4075B.E,MDU4075B,5000.0,11023.0,5000.0,18500.0,21544.6986,18500.0
2,PV,OP,00020,25000181,25000902,1.0,2025-04-15T00:00:00,2025-04-15T00:00:00,2025-04-23T00:00:00,324808,Cromogenia,MDU4075B.E-TO,MDU4075B.E,MDU4075B,5000.0,11023.0,5000.0,18500.0,20997.857,18500.0
2,PV,OP,00020,25000903,25002032,1.0,2025-09-19T00:00:00,2025-09-19T00:00:00,2025-09-25T00:00:00,324808,Cromogenia,MDU4075B.E-TO,MDU4075B.E,MDU4075B,1000.0,2204.6,1000.0,3650.0,4260.918,3650.0
2,PV,OP,00020,25000903,25002032,1.0,2025-09-19T00:00:00,2025-09-19T00:00:00,2025-09-25T00:00:00,324808,Cromogenia,MDU4075B.E-TO,MDU4075B.E,MDU4075B,10000.0,22046.0,10000.0,36500.0,42609.1802,36500.0
2,PV,OP,00020,19001582,20000357,1.0,2020-02-13T00:00:00,2020-02-13T00:00:00,2020-02-24T00:00:00,327516,ERCA Advanced Polymer Solutions SRL,181193EU.E-TO,181193EU.E,181193EU,3120.0,6878.352000000001,3120.0,10991.76,11941.1194,10991.76
2,PV,OP,00020,20001339,21000145,1.0,2021-01-25T00:00:00,2021-01-25T00:00:00,2021-01-25T00:00:00,327516,ERCA Advanced Polymer Solutions SRL,PUD1.E,PUD1.E,PUD1,1000.0,2204.6,1000.0,3330.0,4041.6949,3330.0
2,PV,OP,00020,20001534,21000819,1.0,2021-02-10T00:00:00,2021-02-10T00:00:00,2021-03-31T00:00:00,301843,BIP (Oldbury) Limited,U502.E-TO,U502.E,U502,5000.0,11023.0,5000.0,19765.0,23210.8835,19765.0
2,PV,OP,00020,21000142,21000862,1.0,2021-04-01T00:00:00,2021-04-01T00:00:00,2021-04-07T00:00:00,301843,BIP (Oldbury) Limited,U802.E-TO,U802.E,U802,10241.0,22577.3086,10241.0,35628.44,42360.2592,35628.44
2,PV,OP,00020,21000515,21001533,1.0,2021-04-29T00:00:00,2021-04-29T00:00:00,2021-06-16T00:00:00,327516,ERCA Advanced Polymer Solutions SRL,U502.E-TO,U502.E,U502,2860.0,6305.156,2860.0,0.0,0.0,0.0
2,PV,OP,00020,21000587,21002387,1.0,2021-09-06T00:00:00,2021-08-12T00:00:00,2021-09-06T00:00:00,301843,BIP (Oldbury) Limited,U802.E-TO,U802.E,U802,10252.0,22601.5592,10252.0,46646.6,55350.7483,46646.6
2,PV,OP,00020,21000666,21001533,1.0,2021-06-08T00:00:00,2021-06-08T00:00:00,2021-06-16T00:00:00,327516,ERCA Advanced Polymer Solutions SRL,U502.E-TO,U502.E,U502,1000.0,2204.6,1000.0,4420.0,5355.8665,4420.0
2,PV,OP,00020,21000855,21002012,1.0,2021-06-15T00:00:00,2021-06-15T00:00:00,2021-07-30T00:00:00,301843,BIP (Oldbury) Limited,U802.E-TO,U802.E,U802,5000.0,11023.0,5000.0,18750.0,22246.7925,18750.0
2,PV,OP,00020,21001033,21002620,1.0,2021-09-29T00:00:00,2021-09-27T00:00:00,2021-09-29T00:00:00,301843,BIP (Oldbury) Limited,U802.E-TO,U802.E,U802,5566.0,12270.803600000001,5566.0,25191.72,29253.9957,25191.72
2,PV,OP,00020,21001088,21002619,1.0,2021-09-29T00:00:00,2021-09-27T00:00:00,2021-09-29T00:00:00,301843,BIP (Oldbury) Limited,U502.E-TO,U502.E,U502,10580.0,23324.668,10580.0,57967.82,67315.386,57967.82
2,PV,OP,00020,21001109,21001978,1.0,2021-07-28T00:00:00,2021-07-28T00:00:00,2021-07-29T00:00:00,327516,ERCA Advanced Polymer Solutions SRL,181193EU.E-LP,181193EU.E,181193EU,120.0,264.552,120.0,552.0,656.0628,552.0
2,PV,OP,00020,21001109,21001978,1.0,2021-07-28T00:00:00,2021-07-28T00:00:00,2021-07-29T00:00:00,327516,ERCA Advanced Polymer Solutions SRL,181193EU.E-LP,181193EU.E,181193EU,120.0,264.552,120.0,552.0,656.0628,552.0
2,PV,OP,00020,21001517,21002856,1.0,2021-10-11T00:00:00,2021-10-11T00:00:00,2021-10-20T00:00:00,327516,ERCA Advanced Polymer Solutions SRL,181193EU.E,181193EU.E,181193EU,120.0,264.552,120.0,538.2,626.649,538.2
2,PV,OP,00020,21001768,22000460,1.0,2022-02-21T00:00:00,2022-02-21T00:00:00,2022-02-21T00:00:00,301843,BIP (Oldbury) Limited,U502.E-TO,U502.E,U502,9888.0,21799.0848,9888.0,67188.96,76233.6019,67188.96
2,PV,OP,00020,21001990,22000459,1.0,2022-02-21T00:00:00,2022-02-21T00:00:00,2022-02-21T00:00:00,301843,BIP (Oldbury) Limited,U802.E-TO,U802.E,U802,5000.0,11023.0,5000.0,22760.0,25823.8374,22760.0
2,PV,OP,00020,21002011,22001568,1.0,2022-05-30T00:00:00,2022-05-20T00:00:00,2022-05-30T00:00:00,301843,BIP (Oldbury) Limited,U502.E-TO,U502.E,U502,5000.0,11023.0,5000.0,40565.0,43717.8376,40565.0
2,PV,OP,00020,21002011,22001568,1.0,2022-05-30T00:00:00,2022-05-20T00:00:00,2022-05-30T00:00:00,301843,BIP (Oldbury) Limited,U502.E-TO,U502.E,U502,10235.0,22564.081000000002,10235.0,83036.56,89490.4189,83036.56
2,PV,OP,00020,22000213,22002620,1.0,2022-09-05T00:00:00,2022-09-02T00:00:00,2022-09-07T00:00:00,301843,BIP (Oldbury) Limited,U502.E-TO,U502.E,U502,10600.0,23368.760000000002,10600.0,122059.0,121319.237,122059.0
2,PV,OP,00020,22000215,22002564,1.0,2022-09-02T00:00:00,2022-09-02T00:00:00,2022-09-05T00:00:00,301843,BIP (Oldbury) Limited,U802.E-TO,U802.E,U802,5000.0,11023.0,5000.0,25725.0,25548.3001,25725.0
2,PV,OP,00020,22001097,22002833,1.0,2022-09-29T00:00:00,2022-09-29T00:00:00,2022-09-30T00:00:00,327516,ERCA Advanced Polymer Solutions SRL,181193EU.E,181193EU.E,181193EU,960.0,2116.416,960.0,4320.0,4228.3404,4320.0
2,PV,OP,00020,22001097,22002833,1.0,2022-09-29T00:00:00,2022-09-29T00:00:00,2022-09-30T00:00:00,327516,ERCA Advanced Polymer Solutions SRL,181193EU.E,181193EU.E,181193EU,120.0,264.552,120.0,540.0,528.5426,540.0
2,PV,OP,00020,25000128,25000720,1.0,2025-03-27T00:00:00,2025-03-27T00:00:00,2025-04-07T00:00:00,327516,ERCA Advanced Polymer Solutions SRL,U502.E-PL,U502.E,U502,20.0,44.092,20.0,96.4,105.2286,96.4
2,PV,OP,00020,25000318,25001299,1.0,2025-06-12T00:00:00,2025-06-12T00:00:00,2025-06-17T00:00:00,327516,ERCA Advanced Polymer Solutions SRL,U2022EU.E-PL,U2022EU.E,U2022EU,20.0,44.092,20.0,91.2,105.1887,91.2
2,PV,OP,00020,25000343,25001068,1.0,2025-05-09T00:00:00,2025-05-09T00:00:00,2025-05-16T00:00:00,327516,ERCA Advanced Polymer Solutions SRL,U505.E-TO,U505.E,U505,1000.0,2204.6,1000.0,4493.8,5006.5794,4493.8
2,PV,OP,00020,25000583,25001629,1.0,2025-07-22T00:00:00,2025-07-22T00:00:00,2025-07-25T00:00:00,327516,ERCA Advanced Polymer Solutions SRL,U2022EU.E-PL,U2022EU.E,U2022EU,20.0,44.092,20.0,91.2,106.9738,91.2
2,PV,OP,00020,24001594,25000378,1.0,2025-02-17T00:00:00,2025-02-17T00:00:00,2025-03-04T00:00:00,301843,BIP (Oldbury) Limited,EDA22.E,EDA22.E,EDA22,4000.0,8818.4,4000.0,14520.0,15295.1066,14520.0
2,PV,OP,00030,20050649,21040618,1.0,2021-01-03T00:00:00,2021-01-03T00:00:00,2021-01-08T00:00:00,327267,Manufacturers Chemicals,NP4LF.S,NP4LF.S,NP4LF,11702.8032,25799.999934720003,11702.8032,29670.12,29670.12,24210.9574
2,PV,OP,00030,21050691,22045420,1.0,2022-01-07T00:00:00,2022-01-07T00:00:00,2022-01-07T00:00:00,327267,Manufacturers Chemicals,NP4LF.S,NP4LF.S,NP4LF,9362.2425,20639.999815500003,9362.2425,31101.37,31101.37,27387.064
2,PV,OP,00030,23050061,23054542,1.0,2023-06-21T00:00:00,2023-06-21T00:00:00,2023-06-21T00:00:00,327267,Manufacturers Chemicals,NP4LF.S,NP4LF.S,NP4LF,9362.2425,20639.999815500003,9362.2425,37977.94,37977.94,34680.9839
2,PV,OP,00030,23050074,23053260,1.0,2023-03-27T00:00:00,2023-03-27T00:00:00,2023-03-27T00:00:00,327267,Manufacturers Chemicals,NP4LF.S,NP4LF.S,NP4LF,780.1868,1719.9998192799999,780.1868,3164.83,3164.83,2933.3553
2,PV,OP,00030,23050083,23054158,1.0,2023-04-12T00:00:00,2023-04-12T00:00:00,2023-05-19T00:00:00,327267,Manufacturers Chemicals,NP4LF.S,NP4LF.S,NP4LF,1560.3737,3439.9998590200003,1560.3737,6329.66,6329.66,5850.7231
2,PV,OP,00030,23050118,23053973,1.0,2023-04-14T00:00:00,2023-04-14T00:00:00,2023-05-09T00:00:00,327267,Manufacturers Chemicals,NP4LF.S,NP4LF.S,NP4LF,390.0934,859.9999096399999,390.0934,1582.41,1582.41,1444.7277
2,PV,OP,00030,23050204,23055386,1.0,2023-08-12T00:00:00,2023-08-12T00:00:00,2023-08-13T00:00:00,327267,Manufacturers Chemicals,NP4LF.S,NP4LF.S,NP4LF,780.26,1720.161196,780.26,3079.06,3079.06,2804.1815
1,OV,OP,00020,19001582,20000654,1.0,2020-02-13T00:00:00,2020-02-13T00:00:00,2020-02-13T00:00:00,327516,ERCA Advanced Polymer Solutions SRL,181193EU.E-TO,181193EU.E,181193EU,3120.0,6878.352000000001,3120.0,10991.76,11907.4473,10991.76
1,OV,OP,00020,20001339,21000381,1.0,2021-01-25T00:00:00,2021-01-25T00:00:00,2021-01-25T00:00:00,327516,ERCA Advanced Polymer Solutions SRL,PUD1.E,PUD1.E,PUD1,1000.0,2204.6,1000.0,3330.0,4041.6949,3330.0
1,OV,OP,00020,20001534,21000664,1.0,2021-02-10T00:00:00,2021-02-10T00:00:00,2021-02-10T00:00:00,301843,BIP (Oldbury) Limited,U502.E-TO,U502.E,U502,5000.0,11023.0,5000.0,19765.0,23980.4456,19765.0
1,OV,OP,00020,21000142,21001266,1.0,2021-04-01T00:00:00,2021-04-01T00:00:00,2021-04-01T00:00:00,301843,BIP (Oldbury) Limited,U802.E-TO,U802.E,U802,10241.0,22577.3086,10241.0,35628.44,41940.6737,35628.44
1,OV,OP,00020,21000515,21001561,1.0,2021-04-29T00:00:00,2021-04-29T00:00:00,2021-04-29T00:00:00,327516,ERCA Advanced Polymer Solutions SRL,U502.E-TO,U502.E,U502,2860.0,6305.156,2860.0,0.0,0.0,0.0
1,OV,OP,00020,21000587,21003162,1.0,2021-09-06T00:00:00,2021-08-12T00:00:00,2021-09-06T00:00:00,301843,BIP (Oldbury) Limited,U802.E-TO,U802.E,U802,10252.0,22601.5592,10252.0,46646.6,55350.7483,46646.6
1,OV,OP,00020,21000666,21002065,1.0,2021-06-08T00:00:00,2021-06-08T00:00:00,2021-06-08T00:00:00,327516,ERCA Advanced Polymer Solutions SRL,U502.E-TO,U502.E,U502,1000.0,2204.6,1000.0,4420.0,5382.958,4420.0
1,OV,OP,00020,21000855,21002137,1.0,2021-06-15T00:00:00,2021-06-15T00:00:00,2021-06-15T00:00:00,301843,BIP (Oldbury) Limited,U802.E-TO,U802.E,U802,5000.0,11023.0,5000.0,18750.0,22728.0994,18750.0
1,OV,OP,00020,21001033,21003445,1.0,2021-09-29T00:00:00,2021-09-27T00:00:00,2021-09-29T00:00:00,301843,BIP (Oldbury) Limited,U802.E-TO,U802.E,U802,5566.0,12270.803600000001,5566.0,25191.72,29253.9957,25191.72
1,OV,OP,00020,21001088,21003443,1.0,2021-09-29T00:00:00,2021-09-27T00:00:00,2021-09-29T00:00:00,301843,BIP (Oldbury) Limited,U502.E-TO,U502.E,U502,10580.0,23324.668,10580.0,57967.82,67315.386,57967.82
1,OV,OP,00020,21001109,21002602,1.0,2021-07-28T00:00:00,2021-07-28T00:00:00,2021-07-28T00:00:00,327516,ERCA Advanced Polymer Solutions SRL,181193EU.E-LP,181193EU.E,181193EU,120.0,264.552,120.0,552.0,651.8421,552.0
1,OV,OP,00020,21001109,21002603,1.0,2021-07-28T00:00:00,2021-07-28T00:00:00,2021-07-28T00:00:00,327516,ERCA Advanced Polymer Solutions SRL,181193EU.E-LP,181193EU.E,181193EU,120.0,264.552,120.0,552.0,651.8421,552.0
1,OV,OP,00020,21001517,21003646,1.0,2021-10-11T00:00:00,2021-10-11T00:00:00,2021-10-11T00:00:00,327516,ERCA Advanced Polymer Solutions SRL,181193EU.E,181193EU.E,181193EU,120.0,264.552,120.0,538.2,622.8226,538.2
1,OV,OP,00020,21001768,22000728,1.0,2022-02-21T00:00:00,2022-02-21T00:00:00,2022-02-21T00:00:00,301843,BIP (Oldbury) Limited,U502.E-TO,U502.E,U502,9888.0,21799.0848,9888.0,67188.96,76233.6019,67188.96
1,OV,OP,00020,21001990,22000727,1.0,2022-02-21T00:00:00,2022-02-21T00:00:00,2022-02-21T00:00:00,301843,BIP (Oldbury) Limited,U802.E-TO,U802.E,U802,5000.0,11023.0,5000.0,22760.0,25823.8374,22760.0
1,OV,OP,00020,21002011,22002225,1.0,2022-05-30T00:00:00,2022-05-20T00:00:00,2022-05-30T00:00:00,301843,BIP (Oldbury) Limited,U502.E-TO,U502.E,U502,5000.0,11023.0,5000.0,40565.0,43717.8376,40565.0
1,OV,OP,00020,21002011,22002225,1.0,2022-05-30T00:00:00,2022-05-20T00:00:00,2022-05-30T00:00:00,301843,BIP (Oldbury) Limited,U502.E-TO,U502.E,U502,10235.0,22564.081000000002,10235.0,83036.56,89490.4189,83036.56
1,OV,OP,00020,22000213,22003677,1.0,2022-09-05T00:00:00,2022-09-02T00:00:00,2022-09-05T00:00:00,301843,BIP (Oldbury) Limited,U502.E-TO,U502.E,U502,10600.0,23368.760000000002,10600.0,122059.0,121220.6011,122059.0
1,OV,OP,00020,22000215,22003599,1.0,2022-09-02T00:00:00,2022-09-02T00:00:00,2022-09-02T00:00:00,301843,BIP (Oldbury) Limited,U802.E-TO,U802.E,U802,5000.0,11023.0,5000.0,25725.0,25801.6219,25725.0
1,OV,OP,00020,22001097,22003998,1.0,2022-09-29T00:00:00,2022-09-29T00:00:00,2022-09-29T00:00:00,327516,ERCA Advanced Polymer Solutions SRL,181193EU.E,181193EU.E,181193EU,960.0,2116.416,960.0,4320.0,4223.0389,4320.0
1,OV,OP,00020,22001097,22004002,1.0,2022-09-29T00:00:00,2022-09-29T00:00:00,2022-09-29T00:00:00,327516,ERCA Advanced Polymer Solutions SRL,181193EU.E,181193EU.E,181193EU,120.0,264.552,120.0,540.0,527.8799,540.0
1,OV,OP,00020,25000128,25000949,1.0,2025-03-27T00:00:00,2025-03-27T00:00:00,2025-03-27T00:00:00,327516,ERCA Advanced Polymer Solutions SRL,U502.E-PL,U502.E,U502,20.0,44.092,20.0,96.4,104.103,96.4
1,OV,OP,00020,25000318,25001624,1.0,2025-06-12T00:00:00,2025-06-12T00:00:00,2025-06-12T00:00:00,327516,ERCA Advanced Polymer Solutions SRL,U2022EU.E-PL,U2022EU.E,U2022EU,20.0,44.092,20.0,91.2,105.599,91.2
1,OV,OP,00020,25000343,25001327,1.0,2025-05-09T00:00:00,2025-05-09T00:00:00,2025-05-09T00:00:00,327516,ERCA Advanced Polymer Solutions SRL,U505.E-TO,U505.E,U505,1000.0,2204.6,1000.0,4493.8,5064.6146,4493.8
1,OV,OP,00020,25000583,25001987,1.0,2025-07-22T00:00:00,2025-07-22T00:00:00,2025-07-22T00:00:00,327516,ERCA Advanced Polymer Solutions SRL,U2022EU.E-PL,U2022EU.E,U2022EU,20.0,44.092,20.0,91.2,107.1455,91.2
1,OV,OP,00020,24001594,25000552,1.0,2025-02-17T00:00:00,2025-02-17T00:00:00,2025-02-17T00:00:00,301843,BIP (Oldbury) Limited,EDA22.E,EDA22.E,EDA22,4000.0,8818.4,4000.0,14520.0,15215.6459,14520.0
1,OW,OP,00030,20050031,186984,1.0,2020-05-03T00:00:00,2020-05-03T00:00:00,2020-05-03T00:00:00,327267,Manufacturers Chemicals,NP4LF.S,NP4LF.S,NP4LF,11727.273,25853.9460558,11727.273,29732.16,29732.16,27001.4068
1,OW,OP,00030,20050649,198121,1.0,2021-01-03T00:00:00,2021-01-03T00:00:00,2021-01-03T00:00:00,327267,Manufacturers Chemicals,NP4LF.S,NP4LF.S,NP4LF,11702.8032,25799.999934720003,11702.8032,29670.12,29670.12,24418.5889
1,OW,OP,00030,21050369,207373,1.0,2021-06-08T00:00:00,2021-06-08T00:00:00,2021-06-08T00:00:00,327267,Manufacturers Chemicals,NP4LF.S,NP4LF.S,NP4LF,9381.8184,20683.15684464,9381.8184,28896.0,28896.0,23726.7917
1,OW,OP,00030,22050070,229268,1.0,2022-06-06T00:00:00,2022-06-06T00:00:00,2022-06-06T00:00:00,327267,Manufacturers Chemicals,NP4LF.S,NP4LF.S,NP4LF,9362.24,20639.994304,9362.24,31101.36,31101.36,29075.3739
1,OW,OP,00030,23050061,248808,1.0,2023-06-21T00:00:00,2023-06-21T00:00:00,2023-06-21T00:00:00,327267,Manufacturers Chemicals,NP4LF.S,NP4LF.S,NP4LF,9362.2425,20639.999815500003,9362.2425,37977.94,37977.94,34680.9839
1,OW,OP,00030,23050083,245251,1.0,2023-04-12T00:00:00,2023-04-12T00:00:00,2023-04-12T00:00:00,327267,Manufacturers Chemicals,NP4LF.S,NP4LF.S,NP4LF,1560.3737,3439.9998590200003,1560.3737,6329.66,6329.66,5761.7851
1,OW,OP,00030,23050204,251462,1.0,2023-08-12T00:00:00,2023-08-12T00:00:00,2023-08-12T00:00:00,327267,Manufacturers Chemicals,NP4LF.S,NP4LF.S,NP4LF,780.26,1720.161196,780.26,3079.06,3079.06,2810.8591
1,OW,OP,00030,23050204,251462,1.0,2023-08-12T00:00:00,2023-08-12T00:00:00,2023-08-12T00:00:00,327267,Manufacturers Chemicals,NP4LF.S,NP4LF.S,NP4LF,8581.98,18919.833108,8581.98,33866.21,33866.21,30916.3006
1,OW,OP,00030,24050140,266035,1.0,2024-06-02T00:00:00,2024-06-02T00:00:00,2024-06-02T00:00:00,327267,Manufacturers Chemicals,NP4LF.S,NP4LF.S,NP4LF,9362.24,20639.994304,9362.24,44375.15,44375.15,40905.284
1,OW,OP,00030,24050633,275126,1.0,2024-12-17T00:00:00,2024-12-17T00:00:00,2024-12-17T00:00:00,327267,Manufacturers Chemicals,NP4LF.S,NP4LF.S,NP4LF,9362.242,20639.998713200002,9362.242,44376.09,44376.09,42240.8368
1,OW,OP,00030,25050276,283940,1.0,2025-07-03T00:00:00,2025-07-03T00:00:00,2025-07-03T00:00:00,327267,Manufacturers Chemicals,NP4LF.S,NP4LF.S,NP4LF,9362.24,20639.994304,9362.24,44376.08,44376.08,37744.9002
1,OV,OP,00030,21050691,22050044,1.0,2022-01-07T00:00:00,2022-01-07T00:00:00,2022-01-07T00:00:00,327267,Manufacturers Chemicals,NP4LF.S,NP4LF.S,NP4LF,9362.2425,20639.999815500003,9362.2425,31101.37,31101.37,27387.064
1,OV,OP,00030,23050074,23050544,1.0,2023-03-27T00:00:00,2023-03-27T00:00:00,2023-03-27T00:00:00,327267,Manufacturers Chemicals,NP4LF.S,NP4LF.S,NP4LF,780.1868,1719.9998192799999,780.1868,3164.83,3164.83,2933.3553
1,OV,OP,00030,23050118,23050689,1.0,2023-04-14T00:00:00,2023-04-14T00:00:00,2023-04-14T00:00:00,327267,Manufacturers Chemicals,NP4LF.S,NP4LF.S,NP4LF,390.0934,859.9999096399999,390.0934,1582.41,1582.41,1441.4019
2,PV,OP,00020,24001026,24001897,1.0,2024-08-27T00:00:00,2024-08-27T00:00:00,2024-08-27T00:00:00,301843,BIP (Oldbury) Limited,PPG725.E,PPG725.E,PPG725,816.0,1798.9536,816.0,3663.84,4088.7469,3663.84
2,PV,OP,00020,24001026,24001897,1.0,2024-08-27T00:00:00,2024-08-27T00:00:00,2024-08-27T00:00:00,301843,BIP (Oldbury) Limited,PPG725.E,PPG725.E,PPG725,816.0,1798.9536,816.0,3663.84,4088.7469,3663.84
2,PV,OP,00020,24001026,24001897,1.0,2024-08-27T00:00:00,2024-08-27T00:00:00,2024-08-27T00:00:00,301843,BIP (Oldbury) Limited,PPG725.E,PPG725.E,PPG725,816.0,1798.9536,816.0,3663.84,4088.7469,3663.84
2,PV,OP,00020,24001026,24001897,1.0,2024-08-27T00:00:00,2024-08-27T00:00:00,2024-08-27T00:00:00,301843,BIP (Oldbury) Limited,PPG725.E,PPG725.E,PPG725,612.0,1349.2152,612.0,2747.88,3066.5602,2747.88
2,PV,OP,00020,24001026,24001897,1.0,2024-08-27T00:00:00,2024-08-27T00:00:00,2024-08-27T00:00:00,301843,BIP (Oldbury) Limited,PPG725.E,PPG725.E,PPG725,612.0,1349.2152,612.0,2747.88,3066.5602,2747.88
2,PV,OP,00020,24001026,24001897,1.0,2024-08-27T00:00:00,2024-08-27T00:00:00,2024-08-27T00:00:00,301843,BIP (Oldbury) Limited,PPG725.E,PPG725.E,PPG725,816.0,1798.9536,816.0,3663.84,4088.7469,3663.84
2,PV,OP,00020,24001026,24001897,1.0,2024-08-27T00:00:00,2024-08-27T00:00:00,2024-08-27T00:00:00,301843,BIP (Oldbury) Limited,PPG725.E,PPG725.E,PPG725,816.0,1798.9536,816.0,3663.84,4088.7469,3663.84
2,PV,OP,00020,24001026,24001897,1.0,2024-08-27T00:00:00,2024-08-27T00:00:00,2024-08-27T00:00:00,301843,BIP (Oldbury) Limited,PPG725.E,PPG725.E,PPG725,203.0,447.53380000000004,203.0,911.47,1017.176,911.47
2,PV,OP,00020,26000185,26001385,1.0,2026-06-03T00:00:00,2026-05-20T00:00:00,2026-06-04T00:00:00,327516,ERCA Advanced Polymer Solutions SRL,U502.E-TO,U502.E,U502,6000.0,13227.6,6000.0,27000.0,31397.4819,27000.0
2,PV,OP,00020,25000317,25001299,1.0,2025-06-12T00:00:00,2025-06-12T00:00:00,2025-06-17T00:00:00,327516,ERCA Advanced Polymer Solutions SRL,U2022EU.E-PD,U2022EU.E,U2022EU,240.0,529.104,240.0,1094.4,1262.2641,1094.4
2,PV,OP,00020,25000319,25001299,1.0,2025-06-12T00:00:00,2025-06-12T00:00:00,2025-06-17T00:00:00,327516,ERCA Advanced Polymer Solutions SRL,U2022EU.E-TO,U2022EU.E,U2022EU,2000.0,4409.2,2000.0,9000.0,10380.4614,9000.0
2,PV,OP,00020,25000340,25001237,1.0,2025-06-05T00:00:00,2025-06-05T00:00:00,2025-06-10T00:00:00,327516,ERCA Advanced Polymer Solutions SRL,U2022EU.E-TO,U2022EU.E,U2022EU,1000.0,2204.6,1000.0,4500.0,5139.9076,4500.0
2,PV,OP,00020,26000106,26000915,1.0,2026-04-13T00:00:00,2026-04-13T00:00:00,2026-04-15T00:00:00,327516,ERCA Advanced Polymer Solutions SRL,U502.E-TO,U502.E,U502,6000.0,13227.6,6000.0,27000.0,31859.1063,27000.0
2,PV,OP,00020,26000194,26000455,1.0,2026-02-17T00:00:00,2026-02-17T00:00:00,2026-02-23T00:00:00,327516,ERCA Advanced Polymer Solutions SRL,U502.E,U502.E,U502,10.0,22.046,10.0,45.0,53.1147,45.0
2,PV,OP,00020,19001548,20000413,1.0,2020-02-21T00:00:00,2020-02-21T00:00:00,2020-02-28T00:00:00,301843,BIP (Oldbury) Limited,U502.E-TO,U502.E,U502,10245.0,22586.127,10245.0,32302.49,35621.797,32302.49
2,PV,OP,00020,20000438,20002058,1.0,2020-06-16T00:00:00,2020-06-16T00:00:00,2020-09-07T00:00:00,301843,BIP (Oldbury) Limited,U502.E-TO,U502.E,U502,10000.0,22046.0,10000.0,31530.0,37264.8214,31530.0
2,PV,OP,00020,20000378,20001569,1.0,2020-07-02T00:00:00,2020-07-01T00:00:00,2020-07-02T00:00:00,327516,ERCA Advanced Polymer Solutions SRL,U502.E-TO,U502.E,U502,780.0,1719.5880000000002,780.0,2737.8,3076.6649,2737.8
1,OV,OP,00020,26000185,26001717,1.0,2026-06-03T00:00:00,2026-05-20T00:00:00,2026-06-03T00:00:00,327516,ERCA Advanced Polymer Solutions SRL,U502.E-TO,U502.E,U502,6000.0,13227.6,6000.0,27000.0,31332.825,27000.0
1,OV,OP,00020,24001026,24002308,1.0,2024-08-27T00:00:00,2024-08-27T00:00:00,2024-08-27T00:00:00,301843,BIP (Oldbury) Limited,PPG725.E,PPG725.E,PPG725,816.0,1798.9536,816.0,3663.84,4088.7469,3663.84
1,OV,OP,00020,24001026,24002309,1.0,2024-08-27T00:00:00,2024-08-27T00:00:00,2024-08-27T00:00:00,301843,BIP (Oldbury) Limited,PPG725.E,PPG725.E,PPG725,816.0,1798.9536,816.0,3663.84,4088.7469,3663.84
1,OV,OP,00020,24001026,24002310,1.0,2024-08-27T00:00:00,2024-08-27T00:00:00,2024-08-27T00:00:00,301843,BIP (Oldbury) Limited,PPG725.E,PPG725.E,PPG725,816.0,1798.9536,816.0,3663.84,4088.7469,3663.84
1,OV,OP,00020,24001026,24002311,1.0,2024-08-27T00:00:00,2024-08-27T00:00:00,2024-08-27T00:00:00,301843,BIP (Oldbury) Limited,PPG725.E,PPG725.E,PPG725,612.0,1349.2152,612.0,2747.88,3066.5602,2747.88
1,OV,OP,00020,24001026,24002312,1.0,2024-08-27T00:00:00,2024-08-27T00:00:00,2024-08-27T00:00:00,301843,BIP (Oldbury) Limited,PPG725.E,PPG725.E,PPG725,612.0,1349.2152,612.0,2747.88,3066.5602,2747.88
1,OV,OP,00020,24001026,24002313,1.0,2024-08-27T00:00:00,2024-08-27T00:00:00,2024-08-27T00:00:00,301843,BIP (Oldbury) Limited,PPG725.E,PPG725.E,PPG725,816.0,1798.9536,816.0,3663.84,4088.7469,3663.84
1,OV,OP,00020,24001026,24002314,1.0,2024-08-27T00:00:00,2024-08-27T00:00:00,2024-08-27T00:00:00,301843,BIP (Oldbury) Limited,PPG725.E,PPG725.E,PPG725,816.0,1798.9536,816.0,3663.84,4088.7469,3663.84
1,OV,OP,00020,24001026,24002315,1.0,2024-08-27T00:00:00,2024-08-27T00:00:00,2024-08-27T00:00:00,301843,BIP (Oldbury) Limited,PPG725.E,PPG725.E,PPG725,203.0,447.53380000000004,203.0,911.47,1017.176,911.47
1,OV,OP,00020,25000317,25001623,1.0,2025-06-12T00:00:00,2025-06-12T00:00:00,2025-06-12T00:00:00,327516,ERCA Advanced Polymer Solutions SRL,U2022EU.E-PD,U2022EU.E,U2022EU,240.0,529.104,240.0,1094.4,1267.1882,1094.4
1,OV,OP,00020,26000194,26000507,1.0,2026-02-17T00:00:00,2026-02-17T00:00:00,2026-02-17T00:00:00,327516,ERCA Advanced Polymer Solutions SRL,U502.E,U502.E,U502,10.0,22.046,10.0,45.0,53.2415,45.0
1,OV,OP,00020,23001383,23003590,1.0,2023-12-22T00:00:00,2023-12-21T00:00:00,2023-12-22T00:00:00,301843,BIP (Oldbury) Limited,U502.E-TO,U502.E,U502,4967.0,10950.2482,4967.0,29017.21,31940.3254,29017.21
1,OV,OP,00020,25000319,25001626,1.0,2025-06-12T00:00:00,2025-06-12T00:00:00,2025-06-12T00:00:00,327516,ERCA Advanced Polymer Solutions SRL,U2022EU.E-TO,U2022EU.E,U2022EU,2000.0,4409.2,2000.0,9000.0,10420.956,9000.0
1,OV,OP,00020,25000340,25001553,1.0,2025-06-05T00:00:00,2025-06-05T00:00:00,2025-06-05T00:00:00,327516,ERCA Advanced Polymer Solutions SRL,U2022EU.E-TO,U2022EU.E,U2022EU,1000.0,2204.6,1000.0,4500.0,5147.8024,4500.0
1,OV,OP,00020,26000106,26001091,1.0,2026-04-13T00:00:00,2026-04-13T00:00:00,2026-04-13T00:00:00,327516,ERCA Advanced Polymer Solutions SRL,U502.E-TO,U502.E,U502,6000.0,13227.6,6000.0,27000.0,31615.0668,27000.0
1,OV,OP,00020,19001548,20000705,1.0,2020-02-21T00:00:00,2020-02-21T00:00:00,2020-02-21T00:00:00,301843,BIP (Oldbury) Limited,U502.E-TO,U502.E,U502,10245.0,22586.127,10245.0,32302.49,35028.6813,32302.49
1,OV,OP,00020,20000378,20002329,1.0,2020-07-02T00:00:00,2020-07-01T00:00:00,2020-07-02T00:00:00,327516,ERCA Advanced Polymer Solutions SRL,U502.E-TO,U502.E,U502,780.0,1719.5880000000002,780.0,2737.8,3076.6649,2737.8
1,OV,OP,00020,20000438,20002211,1.0,2020-06-16T00:00:00,2020-06-16T00:00:00,2020-06-16T00:00:00,301843,BIP (Oldbury) Limited,U502.E-TO,U502.E,U502,10000.0,22046.0,10000.0,31530.0,35490.8427,31530.0
4,OV,OP,00020,21000515,21001560,1.0,2021-04-29T00:00:00,2021-04-28T00:00:00,2021-04-29T00:00:00,327516,ERCA Advanced Polymer Solutions SRL,U502.E-TO,U502.E,U502,2860.0,6305.156,2860.0,0.0,0.0,0.0
4,OV,OP,00020,20001191,21000151,1.0,2021-01-13T00:00:00,2021-01-13T00:00:00,2021-01-13T00:00:00,327516,ERCA Advanced Polymer Solutions SRL,U502.E-TO,U502.E,U502,6000.0,13227.6,6000.0,20760.0,25242.0715,20760.0
4,OV,OP,00020,20001497,21000952,1.0,2021-03-03T00:00:00,2021-03-03T00:00:00,2021-03-03T00:00:00,327516,ERCA Advanced Polymer Solutions SRL,U502.E-TO,U502.E,U502,6000.0,13227.6,6000.0,21450.0,25902.9492,21450.0
4,OV,OP,00020,21000587,21002750,1.0,2021-08-12T00:00:00,2021-08-12T00:00:00,2021-08-12T00:00:00,301843,BIP (Oldbury) Limited,U802.E-TO,U802.E,U802,10252.0,22601.5592,10252.0,38445.0,45112.4894,38445.0
4,OV,OP,00020,21000587,21003160,1.0,2021-09-06T00:00:00,2021-08-12T00:00:00,2021-09-06T00:00:00,301843,BIP (Oldbury) Limited,U802.E-TO,U802.E,U802,10252.0,22601.5592,10252.0,38445.0,45618.7486,38445.0
4,OV,OP,00020,21001033,21003444,1.0,2021-09-29T00:00:00,2021-09-27T00:00:00,2021-09-29T00:00:00,301843,BIP (Oldbury) Limited,U802.E-TO,U802.E,U802,5566.0,12270.803600000001,5566.0,25213.98,29279.8452,25213.98
4,OV,OP,00020,21001088,21003442,1.0,2021-09-29T00:00:00,2021-09-27T00:00:00,2021-09-29T00:00:00,301843,BIP (Oldbury) Limited,U502.E-TO,U502.E,U502,10580.0,23324.668,10580.0,57988.98,67339.9582,57988.98
4,OV,OP,00020,21001517,21003645,1.0,2021-10-11T00:00:00,2021-10-11T00:00:00,2021-10-11T00:00:00,327516,ERCA Advanced Polymer Solutions SRL,181193EU.E,181193EU.E,181193EU,120.0,264.552,120.0,538.2,622.8226,538.2
4,OV,OP,00020,21002011,22002224,1.0,2022-05-30T00:00:00,2022-05-20T00:00:00,2022-05-30T00:00:00,301843,BIP (Oldbury) Limited,U502.E-TO,U502.E,U502,15235.0,33587.081,15235.0,83396.39,89878.216,83396.39
4,OV,OP,00030,21050691,22050035,1.0,2022-01-07T00:00:00,2021-12-14T00:00:00,2022-01-07T00:00:00,327267,Manufacturers Chemicals,NP4LF.S,NP4LF.S,NP4LF,9381.8184,20683.15684464,9381.8184,31166.4,31166.4,27444.3277
4,OV,OP,00020,22000213,22003676,1.0,2022-09-05T00:00:00,2022-09-02T00:00:00,2022-09-05T00:00:00,301843,BIP (Oldbury) Limited,U502.E-TO,U502.E,U502,10600.0,23368.760000000002,10600.0,126076.4,125210.4064,126076.4
4,OV,OP,00020,22001097,22004001,1.0,2022-09-29T00:00:00,2022-09-29T00:00:00,2022-09-29T00:00:00,327516,ERCA Advanced Polymer Solutions SRL,181193EU.E,181193EU.E,181193EU,120.0,264.552,120.0,540.0,527.8799,540.0
4,OV,OP,00020,25000583,25001986,1.0,2025-07-22T00:00:00,2025-07-17T00:00:00,2025-07-22T00:00:00,327516,ERCA Advanced Polymer Solutions SRL,U2022EU.E-PL,U2022EU.E,U2022EU,18.0,39.6828,18.0,82.08,96.431,82.08
1,OW,OP,00030,20050031,186985,1.0,2020-05-03T00:00:00,2020-05-03T00:00:00,2020-05-03T00:00:00,327267,Manufacturers Chemicals,NP4LF.S,NP4LF.S,NP4LF,11727.273,25853.9460558,11727.273,3518.18,3518.18,3195.0524
1,OW,OP,00030,20050649,198122,1.0,2021-01-03T00:00:00,2021-01-03T00:00:00,2021-01-03T00:00:00,327267,Manufacturers Chemicals,NP4LF.S,NP4LF.S,NP4LF,11702.8032,25799.999934720003,11702.8032,3510.84,3510.84,2889.4308
1,OW,OP,00030,21050369,207374,1.0,2021-06-08T00:00:00,2021-06-08T00:00:00,2021-06-08T00:00:00,327267,Manufacturers Chemicals,NP4LF.S,NP4LF.S,NP4LF,9381.8184,20683.15684464,9381.8184,2814.55,2814.55,2311.0549
1,OW,OP,00030,22050070,229269,1.0,2022-06-06T00:00:00,2022-06-06T00:00:00,2022-06-06T00:00:00,327267,Manufacturers Chemicals,NP4LF.S,NP4LF.S,NP4LF,9362.24,20639.994304,9362.24,2808.67,2808.67,2625.7093
1,OW,OP,00030,23050061,248809,1.0,2023-06-21T00:00:00,2023-06-21T00:00:00,2023-06-21T00:00:00,327267,Manufacturers Chemicals,NP4LF.S,NP4LF.S,NP4LF,9362.2425,20639.999815500003,9362.2425,2808.67,2808.67,2564.8426
1,OW,OP,00030,23050083,245252,1.0,2023-04-12T00:00:00,2023-04-12T00:00:00,2023-04-12T00:00:00,327267,Manufacturers Chemicals,NP4LF.S,NP4LF.S,NP4LF,1560.3737,3439.9998590200003,1560.3737,93.62,93.62,85.2207
1,OW,OP,00030,23050204,251463,1.0,2023-08-12T00:00:00,2023-08-12T00:00:00,2023-08-12T00:00:00,327267,Manufacturers Chemicals,NP4LF.S,NP4LF.S,NP4LF,780.26,1720.161196,780.26,234.08,234.08,213.6905
1,OW,OP,00030,23050204,251463,1.0,2023-08-12T00:00:00,2023-08-12T00:00:00,2023-08-12T00:00:00,327267,Manufacturers Chemicals,NP4LF.S,NP4LF.S,NP4LF,8581.98,18919.833108,8581.98,2574.59,2574.59,2350.3309
1,OW,OP,00030,24050140,266036,1.0,2024-06-02T00:00:00,2024-06-02T00:00:00,2024-06-02T00:00:00,327267,Manufacturers Chemicals,NP4LF.S,NP4LF.S,NP4LF,9362.24,20639.994304,9362.24,2808.67,2808.67,2589.0491
1,OW,OP,00030,24050633,275127,1.0,2024-12-17T00:00:00,2024-12-17T00:00:00,2024-12-17T00:00:00,327267,Manufacturers Chemicals,NP4LF.S,NP4LF.S,NP4LF,9362.242,20639.998713200002,9362.242,2808.67,2808.67,2673.5247
1,OW,OP,00030,25050276,283941,1.0,2025-07-03T00:00:00,2025-07-03T00:00:00,2025-07-03T00:00:00,327267,Manufacturers Chemicals,NP4LF.S,NP4LF.S,NP4LF,9362.24,20639.994304,9362.24,2808.67,2808.67,2388.9665
1,OV,OP,00030,21050691,22050045,1.0,2022-01-07T00:00:00,2022-01-07T00:00:00,2022-01-07T00:00:00,327267,Manufacturers Chemicals,NP4LF.S,NP4LF.S,NP4LF,9362.2425,20639.999815500003,9362.2425,2808.67,2808.67,2473.2423
4,OV,OP,00030,21050691,22050036,1.0,2022-01-07T00:00:00,2021-12-14T00:00:00,2022-01-07T00:00:00,327267,Manufacturers Chemicals,NP4LF.S,NP4LF.S,NP4LF,9381.8184,20683.15684464,9381.8184,2814.55,2814.55,2478.4201
1,OV,OP,00030,23050074,23050545,1.0,2023-03-27T00:00:00,2023-03-27T00:00:00,2023-03-27T00:00:00,327267,Manufacturers Chemicals,NP4LF.S,NP4LF.S,NP4LF,780.1868,1719.9998192799999,780.1868,46.81,46.81,43.3863
1,OV,OP,00030,23050118,23050690,1.0,2023-04-14T00:00:00,2023-04-14T00:00:00,2023-04-14T00:00:00,327267,Manufacturers Chemicals,NP4LF.S,NP4LF.S,NP4LF,390.0934,859.9999096399999,390.0934,23.41,23.41,21.3239
4,OV,OP,00020,19001548,20000700,1.0,2020-02-21T00:00:00,2020-02-21T00:00:00,2020-02-21T00:00:00,301843,BIP (Oldbury) Limited,U502.E-TO,U502.E,U502,10245.0,22586.127,10245.0,32302.49,35028.6813,32302.49
4,OV,OP,00020,19001548,20000702,1.0,2020-02-21T00:00:00,2020-02-21T00:00:00,2020-02-21T00:00:00,301843,BIP (Oldbury) Limited,U502.E-TO,U502.E,U502,10245.0,22586.127,10245.0,32302.49,35028.6813,32302.49
4,OV,OP,00020,20000378,20002325,1.0,2020-07-01T00:00:00,2020-07-01T00:00:00,2020-07-01T00:00:00,327516,ERCA Advanced Polymer Solutions SRL,U502.E-TO,U502.E,U502,780.0,1719.5880000000002,780.0,2753.4,3100.3378,2753.4
4,OV,OP,00020,20000378,20002328,1.0,2020-07-02T00:00:00,2020-07-01T00:00:00,2020-07-02T00:00:00,327516,ERCA Advanced Polymer Solutions SRL,U502.E-TO,U502.E,U502,780.0,1719.5880000000002,780.0,2737.8,3076.6649,2737.8
4,OV,OP,00020,23001383,23003589,1.0,2023-12-22T00:00:00,2023-12-21T00:00:00,2023-12-22T00:00:00,301843,BIP (Oldbury) Limited,U502.E-TO,U502.E,U502,4967.0,10950.2482,4967.0,27338.37,30092.3636,27338.37
4,OV,OP,00020,24000417,24001214,1.0,2024-05-06T00:00:00,2024-04-09T00:00:00,2024-05-06T00:00:00,327516,ERCA Advanced Polymer Solutions SRL,ABEX2525.E,ABEX2525.E,ABEX2525,400.0,881.84,400.0,1480.0,1595.3,1480.0
4,OV,OP,00020,24000417,24001215,1.0,2024-05-06T00:00:00,2024-04-09T00:00:00,2024-05-06T00:00:00,327516,ERCA Advanced Polymer Solutions SRL,ABEX2525.E,ABEX2525.E,ABEX2525,600.0,1322.76,600.0,2220.0,2392.95,2220.0
4,OV,OP,00020,24000417,24001215,1.0,2024-05-06T00:00:00,2024-04-09T00:00:00,2024-05-06T00:00:00,327516,ERCA Advanced Polymer Solutions SRL,ABEX2525.E,ABEX2525.E,ABEX2525,200.0,440.92,200.0,740.0,797.65,740.0
4,OV,OP,00020,24000417,24001215,1.0,2024-05-06T00:00:00,2024-04-09T00:00:00,2024-05-06T00:00:00,327516,ERCA Advanced Polymer Solutions SRL,ABEX2525.E,ABEX2525.E,ABEX2525,800.0,1763.68,800.0,2960.0,3190.6,2960.0
4,OV,OP,00020,24001026,24002305,1.0,2024-08-27T00:00:00,2024-08-27T00:00:00,2024-08-27T00:00:00,301843,BIP (Oldbury) Limited,PPG725.E,PPG725.E,PPG725,612.0,1349.2152,612.0,2747.88,3066.5602,2747.88
4,OV,OP,00020,24001026,24002305,1.0,2024-08-27T00:00:00,2024-08-27T00:00:00,2024-08-27T00:00:00,301843,BIP (Oldbury) Limited,PPG725.E,PPG725.E,PPG725,612.0,1349.2152,612.0,2747.88,3066.5602,2747.88
2,PV,OP,00030,20050031,20038343,1.0,2020-05-03T00:00:00,2020-05-03T00:00:00,2020-05-08T00:00:00,327267,Manufacturers Chemicals,NP4LF.S,NP4LF.S,NP4LF,11727.273,25853.9460558,11727.273,29732.16,29732.16,27398.7622
2,PV,OP,00030,21050369,21042043,1.0,2021-06-08T00:00:00,2021-06-08T00:00:00,2021-06-08T00:00:00,327267,Manufacturers Chemicals,NP4LF.S,NP4LF.S,NP4LF,9381.8184,20683.15684464,9381.8184,28896.0,28896.0,23726.7917
2,PV,OP,00030,22050070,22048629,1.0,2022-06-06T00:00:00,2022-06-06T00:00:00,2022-06-06T00:00:00,327267,Manufacturers Chemicals,NP4LF.S,NP4LF.S,NP4LF,9362.24,20639.994304,9362.24,31101.36,31101.36,29075.3739
2,PV,OP,00030,23050204,23055386,1.0,2023-08-12T00:00:00,2023-08-12T00:00:00,2023-08-13T00:00:00,327267,Manufacturers Chemicals,NP4LF.S,NP4LF.S,NP4LF,8581.98,18919.833108,8581.98,33866.21,33866.21,30842.8549
2,PV,OP,00030,24050140,24059491,1.0,2024-06-02T00:00:00,2024-06-02T00:00:00,2024-06-03T00:00:00,327267,Manufacturers Chemicals,NP4LF.S,NP4LF.S,NP4LF,9362.24,20639.994304,9362.24,44375.15,44375.15,40750.1662
2,PV,OP,00030,24050633,24062495,1.0,2024-12-17T00:00:00,2024-12-17T00:00:00,2024-12-17T00:00:00,327267,Manufacturers Chemicals,NP4LF.S,NP4LF.S,NP4LF,9362.242,20639.998713200002,9362.242,44376.09,44376.09,42240.8368
2,PV,OP,00030,25050276,25065518,1.0,2025-07-03T00:00:00,2025-07-03T00:00:00,2025-07-03T00:00:00,327267,Manufacturers Chemicals,NP4LF.S,NP4LF.S,NP4LF,9362.24,20639.994304,9362.24,44376.08,44376.08,37744.9002
2,PV,OP,00020,23001383,23003266,1.0,2023-12-22T00:00:00,2023-12-21T00:00:00,2023-12-22T00:00:00,301843,BIP (Oldbury) Limited,U502.E-TO,U502.E,U502,4967.0,10950.2482,4967.0,29017.21,31940.3254,29017.21
2,PV,OP,00020,21000438,21000866,1.0,2021-04-02T00:00:00,2021-04-02T00:00:00,2021-04-07T00:00:00,327516,ERCA Advanced Polymer Solutions SRL,181193EU.E-TO,181193EU.E,181193EU,3000.0,6613.8,3000.0,10800.0,12840.6071,10800.0
2,PV,OP,00020,21000812,21001533,1.0,2021-06-08T00:00:00,2021-06-08T00:00:00,2021-06-16T00:00:00,327516,ERCA Advanced Polymer Solutions SRL,181193EU.E-TO,181193EU.E,181193EU,3000.0,6613.8,3000.0,12660.0,15340.5588,12660.0
2,PV,OP,00020,21000842,21001859,1.0,2021-07-07T00:00:00,2021-07-07T00:00:00,2021-07-15T00:00:00,327516,ERCA Advanced Polymer Solutions SRL,181193EU.E-TO,181193EU.E,181193EU,3000.0,6613.8,3000.0,13455.0,15886.554,13455.0
2,PV,OP,00020,21000951,21002133,1.0,2021-08-11T00:00:00,2021-08-11T00:00:00,2021-08-13T00:00:00,327516,ERCA Advanced Polymer Solutions SRL,181193EU.E-TO,181193EU.E,181193EU,3000.0,6613.8,3000.0,15990.0,18862.5315,15990.0
2,PV,OP,00020,21001565,22000298,1.0,2021-12-16T00:00:00,2021-12-16T00:00:00,2022-02-04T00:00:00,327516,ERCA Advanced Polymer Solutions SRL,181193EU.E,181193EU.E,181193EU,3000.0,6613.8,3000.0,14460.0,16560.3497,14460.0
1,OV,OP,00020,21000438,21001278,1.0,2021-04-02T00:00:00,2021-04-02T00:00:00,2021-04-02T00:00:00,327516,ERCA Advanced Polymer Solutions SRL,181193EU.E-TO,181193EU.E,181193EU,3000.0,6613.8,3000.0,10800.0,12701.8638,10800.0
1,OV,OP,00020,21000812,21002064,1.0,2021-06-08T00:00:00,2021-06-08T00:00:00,2021-06-08T00:00:00,327516,ERCA Advanced Polymer Solutions SRL,181193EU.E-TO,181193EU.E,181193EU,3000.0,6613.8,3000.0,12660.0,15418.1557,12660.0
1,OV,OP,00020,21000842,21002387,1.0,2021-07-07T00:00:00,2021-07-07T00:00:00,2021-07-07T00:00:00,327516,ERCA Advanced Polymer Solutions SRL,181193EU.E-TO,181193EU.E,181193EU,3000.0,6613.8,3000.0,13455.0,15880.0498,13455.0
1,OV,OP,00020,21000951,21002726,1.0,2021-08-11T00:00:00,2021-08-11T00:00:00,2021-08-11T00:00:00,327516,ERCA Advanced Polymer Solutions SRL,181193EU.E-TO,181193EU.E,181193EU,3000.0,6613.8,3000.0,15990.0,18767.3894,15990.0
1,OV,OP,00020,21001565,21004459,1.0,2021-12-16T00:00:00,2021-12-16T00:00:00,2021-12-16T00:00:00,327516,ERCA Advanced Polymer Solutions SRL,181193EU.E,181193EU.E,181193EU,3000.0,6613.8,3000.0,14460.0,16350.3168,14460.0
2,PV,OP,00020,23001336,24000652,1.0,2024-03-25T00:00:00,2024-03-25T00:00:00,2024-03-25T00:00:00,324808,Cromogenia,MDU4075B.E-TO,MDU4075B.E,MDU4075B,3000.0,6613.8,3000.0,12000.0,13004.8932,12000.0
2,PV,OP,00020,24000545,24001579,1.0,2024-07-16T00:00:00,2024-07-16T00:00:00,2024-07-17T00:00:00,324808,Cromogenia,MDU4075B.E-TO,MDU4075B.E,MDU4075B,3000.0,6613.8,3000.0,11100.0,12132.1957,11100.0
2,PV,OP,00020,24001202,24002623,1.0,2024-11-28T00:00:00,2024-11-28T00:00:00,2024-12-06T00:00:00,327516,ERCA Advanced Polymer Solutions SRL,U802.E-TO,U802.E,U802,3000.0,6613.8,3000.0,15384.0,16250.9315,15384.0
2,PV,OP,00020,24001317,25000461,1.0,2025-03-11T00:00:00,2025-01-21T00:00:00,2025-03-12T00:00:00,324808,Cromogenia,MDU4075B.E-TO,MDU4075B.E,MDU4075B,3000.0,6613.8,3000.0,11100.0,12122.9194,11100.0
2,PV,OP,00020,25001026,26000517,1.0,2026-03-03T00:00:00,2026-03-03T00:00:00,2026-03-04T00:00:00,324808,Cromogenia,MDU4075B.E-TO,MDU4075B.E,MDU4075B,3000.0,6613.8,3000.0,10950.0,12742.4263,10950.0
2,PV,OP,00020,25001246,26000758,1.0,2026-03-26T00:00:00,2026-03-24T00:00:00,2026-03-27T00:00:00,324808,Cromogenia,MDU4075B.E-TO,MDU4075B.E,MDU4075B,3000.0,6613.8,3000.0,11100.0,12788.4554,11100.0
2,PV,OP,00020,26000397,26001625,1.0,2026-07-01T00:00:00,2026-07-01T00:00:00,2026-07-02T00:00:00,324808,Cromogenia,MDU4075B.E-TO,MDU4075B.E,MDU4075B,3000.0,6613.8,3000.0,12060.0,13805.6199,12060.0
2,PV,OP,00020,26000596,26001570,1.0,2026-06-25T00:00:00,2026-06-25T00:00:00,2026-06-25T00:00:00,327516,ERCA Advanced Polymer Solutions SRL,U802.E-TO,U802.E,U802,3000.0,6613.8,3000.0,14700.0,16734.9166,14700.0
2,PV,OP,00020,25000740,25001706,1.0,2025-07-31T00:00:00,2025-07-31T00:00:00,2025-08-08T00:00:00,327516,ERCA Advanced Polymer Solutions SRL,U802.E-TO,U802.E,U802,3000.0,6613.8,3000.0,15420.0,17979.8218,15420.0
2,PV,OP,00020,24000988,24002243,1.0,2024-10-07T00:00:00,2024-10-07T00:00:00,2024-10-09T00:00:00,327516,ERCA Advanced Polymer Solutions SRL,U802.E-TO,U802.E,U802,3000.0,6613.8,3000.0,15384.0,16846.0969,15384.0
2,PV,OP,00020,24001321,24002379,1.0,2024-10-29T00:00:00,2024-10-29T00:00:00,2024-10-31T00:00:00,327516,ERCA Advanced Polymer Solutions SRL,U802.E-TO,U802.E,U802,3000.0,6613.8,3000.0,15384.0,16701.135,15384.0
2,PV,OP,00020,21000247,21001277,1.0,2021-05-18T00:00:00,2021-05-18T00:00:00,2021-05-19T00:00:00,324808,Cromogenia,MDU4075B.E-TO,MDU4075B.E,MDU4075B,3000.0,6613.8,3000.0,9450.0,11544.6643,9450.0
2,PV,OP,00020,21000303,21001277,1.0,2021-05-18T00:00:00,2021-05-18T00:00:00,2021-05-19T00:00:00,324808,Cromogenia,MDU2012B.E-TO,MDU2012B.E,MDU2012B,3000.0,6613.8,3000.0,7200.0,8795.9347,7200.0
2,PV,OP,00020,21000999,21003413,1.0,2021-12-14T00:00:00,2021-12-14T00:00:00,2021-12-14T00:00:00,324808,Cromogenia,MDU4075B.E-TO,MDU4075B.E,MDU4075B,3000.0,6613.8,3000.0,11190.0,12607.2415,11190.0
2,PV,OP,00020,22000057,22001551,1.0,2022-05-25T00:00:00,2022-05-25T00:00:00,2022-05-30T00:00:00,324808,Cromogenia,MDU4075B.E-TO,MDU4075B.E,MDU4075B,3000.0,6613.8,3000.0,13560.0,14613.9252,13560.0
2,PV,OP,00020,22000230,22002618,1.0,2022-09-07T00:00:00,2022-09-07T00:00:00,2022-09-07T00:00:00,324808,Cromogenia,MDU440B.E-TO,MDU440B.E,MDU440B,3000.0,6613.8,3000.0,10710.0,10645.0899,10710.0
2,PV,OP,00020,21000611,21001839,1.0,2021-07-06T00:00:00,2021-07-06T00:00:00,2021-07-14T00:00:00,324808,Cromogenia,MDU2012B.E-TO,MDU2012B.E,MDU2012B,3000.0,6613.8,3000.0,8100.0,9577.9041,8100.0
2,PV,OP,00020,21001266,22000366,1.0,2022-02-04T00:00:00,2022-02-01T00:00:00,2022-02-10T00:00:00,324808,Cromogenia,MDU4075B.E-LP,MDU4075B.E,MDU4075B,3000.0,6613.8,3000.0,11940.0,13716.789,11940.0
1,OV,OP,00020,24000545,24001971,1.0,2024-07-16T00:00:00,2024-07-16T00:00:00,2024-07-16T00:00:00,324808,Cromogenia,MDU4075B.E-TO,MDU4075B.E,MDU4075B,3000.0,6613.8,3000.0,11100.0,12082.158,11100.0
1,OV,OP,00020,24001202,24003365,1.0,2024-11-28T00:00:00,2024-11-28T00:00:00,2024-11-28T00:00:00,327516,ERCA Advanced Polymer Solutions SRL,U802.E-TO,U802.E,U802,3000.0,6613.8,3000.0,15384.0,16235.3906,15384.0
1,OV,OP,00020,24001317,25000788,1.0,2025-03-11T00:00:00,2025-01-21T00:00:00,2025-03-11T00:00:00,324808,Cromogenia,MDU4075B.E-TO,MDU4075B.E,MDU4075B,3000.0,6613.8,3000.0,11100.0,12127.4704,11100.0
1,OV,OP,00020,25001026,26000628,1.0,2026-03-03T00:00:00,2026-03-03T00:00:00,2026-03-03T00:00:00,324808,Cromogenia,MDU4075B.E-TO,MDU4075B.E,MDU4075B,3000.0,6613.8,3000.0,10950.0,12706.9527,10950.0
1,OV,OP,00020,25001246,26000882,1.0,2026-03-26T00:00:00,2026-03-24T00:00:00,2026-03-26T00:00:00,324808,Cromogenia,MDU4075B.E-TO,MDU4075B.E,MDU4075B,3000.0,6613.8,3000.0,11100.0,12810.2225,11100.0
1,OV,OP,00020,26000596,26001937,1.0,2026-06-25T00:00:00,2026-06-25T00:00:00,2026-06-25T00:00:00,327516,ERCA Advanced Polymer Solutions SRL,U802.E-TO,U802.E,U802,3000.0,6613.8,3000.0,14700.0,16734.9166,14700.0
1,OV,OP,00020,26000397,26001986,1.0,2026-07-01T00:00:00,2026-07-01T00:00:00,2026-07-01T00:00:00,324808,Cromogenia,MDU4075B.E-TO,MDU4075B.E,MDU4075B,3000.0,6613.8,3000.0,12060.0,13730.1074,12060.0
1,OV,OP,00020,24000988,24002731,1.0,2024-10-07T00:00:00,2024-10-07T00:00:00,2024-10-07T00:00:00,327516,ERCA Advanced Polymer Solutions SRL,U802.E-TO,U802.E,U802,3000.0,6613.8,3000.0,15384.0,16886.0722,15384.0
1,OV,OP,00020,24001321,24002946,1.0,2024-10-29T00:00:00,2024-10-29T00:00:00,2024-10-29T00:00:00,327516,ERCA Advanced Polymer Solutions SRL,U802.E-TO,U802.E,U802,3000.0,6613.8,3000.0,15384.0,16609.8879,15384.0
1,OV,OP,00020,25000740,25002061,1.0,2025-07-31T00:00:00,2025-07-31T00:00:00,2025-07-31T00:00:00,327516,ERCA Advanced Polymer Solutions SRL,U802.E-TO,U802.E,U802,3000.0,6613.8,3000.0,15420.0,17628.2165,15420.0
1,OV,OP,00020,21000247,21001799,1.0,2021-05-18T00:00:00,2021-05-18T00:00:00,2021-05-18T00:00:00,324808,Cromogenia,MDU4075B.E-TO,MDU4075B.E,MDU4075B,3000.0,6613.8,3000.0,9450.0,11531.3067,9450.0
1,OV,OP,00020,21000303,21001802,1.0,2021-05-18T00:00:00,2021-05-18T00:00:00,2021-05-18T00:00:00,324808,Cromogenia,MDU2012B.E-TO,MDU2012B.E,MDU2012B,3000.0,6613.8,3000.0,7200.0,8785.7575,7200.0
1,OV,OP,00020,21000611,21002378,1.0,2021-07-06T00:00:00,2021-07-06T00:00:00,2021-07-06T00:00:00,324808,Cromogenia,MDU2012B.E-TO,MDU2012B.E,MDU2012B,3000.0,6613.8,3000.0,8100.0,9572.3986,8100.0
1,OV,OP,00020,21000999,21004419,1.0,2021-12-14T00:00:00,2021-12-14T00:00:00,2021-12-14T00:00:00,324808,Cromogenia,MDU4075B.E-TO,MDU4075B.E,MDU4075B,3000.0,6613.8,3000.0,11190.0,12607.2415,11190.0
1,OV,OP,00020,22000057,22002161,1.0,2022-05-25T00:00:00,2022-05-25T00:00:00,2022-05-25T00:00:00,324808,Cromogenia,MDU4075B.E-TO,MDU4075B.E,MDU4075B,3000.0,6613.8,3000.0,13560.0,14455.3763,13560.0
1,OV,OP,00020,22000230,22003719,1.0,2022-09-07T00:00:00,2022-09-07T00:00:00,2022-09-07T00:00:00,324808,Cromogenia,MDU440B.E-TO,MDU440B.E,MDU440B,3000.0,6613.8,3000.0,10710.0,10645.0899,10710.0
1,OV,OP,00020,21001266,22000582,1.0,2022-02-04T00:00:00,2022-02-01T00:00:00,2022-02-04T00:00:00,324808,Cromogenia,MDU4075B.E-LP,MDU4075B.E,MDU4075B,3000.0,6613.8,3000.0,11940.0,13674.3137,11940.0
1,OV,OP,00020,23001336,24000841,1.0,2024-03-25T00:00:00,2024-03-25T00:00:00,2024-03-25T00:00:00,324808,Cromogenia,MDU4075B.E-TO,MDU4075B.E,MDU4075B,3000.0,6613.8,3000.0,12000.0,13004.8932,12000.0
4,OV,OP,00020,21000247,21001798,1.0,2021-05-18T00:00:00,2021-05-18T00:00:00,2021-05-18T00:00:00,324808,Cromogenia,MDU4075B.E-TO,MDU4075B.E,MDU4075B,3000.0,6613.8,3000.0,9990.0,12190.2386,9990.0
4,OV,OP,00020,21000303,21001801,1.0,2021-05-18T00:00:00,2021-05-18T00:00:00,2021-05-18T00:00:00,324808,Cromogenia,MDU2012B.E-TO,MDU2012B.E,MDU2012B,3000.0,6613.8,3000.0,7170.0,8749.1502,7170.0
4,OV,OP,00020,21001266,22000581,1.0,2022-02-04T00:00:00,2022-02-01T00:00:00,2022-02-04T00:00:00,324808,Cromogenia,MDU4075B.E-LP,MDU4075B.E,MDU4075B,3000.0,6613.8,3000.0,13830.0,15838.8407,13830.0
4,OV,OP,00020,22000230,22003718,1.0,2022-09-07T00:00:00,2022-09-07T00:00:00,2022-09-07T00:00:00,324808,Cromogenia,MDU440B.E-TO,MDU440B.E,MDU440B,3000.0,6613.8,3000.0,14160.0,14074.1805,14160.0
4,OV,OP,00020,23001336,24000839,1.0,2024-03-25T00:00:00,2024-03-25T00:00:00,2024-03-25T00:00:00,324808,Cromogenia,MDU4075B.E-TO,MDU4075B.E,MDU4075B,3000.0,6613.8,3000.0,12150.0,13167.4544,12150.0
4,OV,OP,00020,24001202,24002945,1.0,2024-10-29T00:00:00,2024-10-28T00:00:00,2024-10-29T00:00:00,327516,ERCA Advanced Polymer Solutions SRL,U802.E-TO,U802.E,U802,3000.0,6613.8,3000.0,15384.0,16609.8879,15384.0
4,OV,OP,00020,25001246,26000878,1.0,2026-03-25T00:00:00,2026-03-24T00:00:00,2026-03-25T00:00:00,324808,Cromogenia,MDU4075B.E-TO,MDU4075B.E,MDU4075B,3000.0,6613.8,3000.0,10950.0,12667.8721,10950.0
4,OV,OP,00020,25001246,26000881,1.0,2026-03-26T00:00:00,2026-03-24T00:00:00,2026-03-26T00:00:00,324808,Cromogenia,MDU4075B.E-TO,MDU4075B.E,MDU4075B,3000.0,6613.8,3000.0,11100.0,12810.2225,11100.0
2,PV,OP,00020,20001191,21000159,1.0,2021-01-25T00:00:00,2021-01-13T00:00:00,2021-01-25T00:00:00,327516,ERCA Advanced Polymer Solutions SRL,U502.E-TO,U502.E,U502,3000.0,6613.8,3000.0,9840.0,11943.0264,9840.0
2,PV,OP,00020,20001191,21000159,1.0,2021-01-25T00:00:00,2021-01-13T00:00:00,2021-01-25T00:00:00,327516,ERCA Advanced Polymer Solutions SRL,U502.E-TO,U502.E,U502,3000.0,6613.8,3000.0,9840.0,11943.0264,9840.0
2,PV,OP,00020,20001497,21000575,1.0,2021-03-03T00:00:00,2021-03-03T00:00:00,2021-03-08T00:00:00,327516,ERCA Advanced Polymer Solutions SRL,U502.E-TO,U502.E,U502,3000.0,6613.8,3000.0,10725.0,12708.4944,10725.0
2,PV,OP,00020,20001497,21000575,1.0,2021-03-03T00:00:00,2021-03-03T00:00:00,2021-03-08T00:00:00,327516,ERCA Advanced Polymer Solutions SRL,U502.E-TO,U502.E,U502,3000.0,6613.8,3000.0,10725.0,12708.4944,10725.0
2,PV,OP,00020,21000025,21000867,1.0,2021-04-02T00:00:00,2021-04-02T00:00:00,2021-04-07T00:00:00,327516,ERCA Advanced Polymer Solutions SRL,U502.E-TO,U502.E,U502,3000.0,6613.8,3000.0,11490.0,13660.9792,11490.0
2,PV,OP,00020,21000025,21000867,1.0,2021-04-02T00:00:00,2021-04-02T00:00:00,2021-04-07T00:00:00,327516,ERCA Advanced Polymer Solutions SRL,U502.E-TO,U502.E,U502,3000.0,6613.8,3000.0,11490.0,13660.9792,11490.0
2,PV,OP,00020,21000434,21001533,1.0,2021-06-08T00:00:00,2021-06-08T00:00:00,2021-06-16T00:00:00,327516,ERCA Advanced Polymer Solutions SRL,U502.E-TO,U502.E,U502,3000.0,6613.8,3000.0,13260.0,16067.5995,13260.0
2,PV,OP,00020,21000434,21001533,1.0,2021-06-08T00:00:00,2021-06-08T00:00:00,2021-06-16T00:00:00,327516,ERCA Advanced Polymer Solutions SRL,U502.E-TO,U502.E,U502,3000.0,6613.8,3000.0,13260.0,16067.5995,13260.0
2,PV,OP,00020,21000434,21001533,1.0,2021-06-08T00:00:00,2021-06-08T00:00:00,2021-06-16T00:00:00,327516,ERCA Advanced Polymer Solutions SRL,U502.E-TO,U502.E,U502,3000.0,6613.8,3000.0,13260.0,16067.5995,13260.0
2,PV,OP,00020,21000552,21001130,1.0,2021-04-30T00:00:00,2021-04-28T00:00:00,2021-04-30T00:00:00,327516,ERCA Advanced Polymer Solutions SRL,U502.E-TO,U502.E,U502,3000.0,6613.8,3000.0,12990.0,15631.9231,12990.0
2,PV,OP,00020,21000552,21001130,1.0,2021-04-30T00:00:00,2021-04-28T00:00:00,2021-04-30T00:00:00,327516,ERCA Advanced Polymer Solutions SRL,U502.E-TO,U502.E,U502,3000.0,6613.8,3000.0,12990.0,15631.9231,12990.0
2,PV,OP,00020,21000666,21001533,1.0,2021-06-08T00:00:00,2021-06-08T00:00:00,2021-06-16T00:00:00,327516,ERCA Advanced Polymer Solutions SRL,U502.E-TO,U502.E,U502,3000.0,6613.8,3000.0,13260.0,16067.5995,13260.0
2,PV,OP,00020,21000666,21001533,1.0,2021-06-08T00:00:00,2021-06-08T00:00:00,2021-06-16T00:00:00,327516,ERCA Advanced Polymer Solutions SRL,U502.E-TO,U502.E,U502,3000.0,6613.8,3000.0,13260.0,16067.5995,13260.0
2,PV,OP,00020,21000666,21001533,1.0,2021-06-08T00:00:00,2021-06-08T00:00:00,2021-06-16T00:00:00,327516,ERCA Advanced Polymer Solutions SRL,U502.E-TO,U502.E,U502,3000.0,6613.8,3000.0,13260.0,16067.5995,13260.0
2,PV,OP,00020,22000201,22000565,1.0,2022-02-28T00:00:00,2022-02-28T00:00:00,2022-02-28T00:00:00,327516,ERCA Advanced Polymer Solutions SRL,U502.E-TO,U502.E,U502,3000.0,6613.8,3000.0,26100.0,29291.1791,26100.0
2,PV,OP,00020,22001087,22002833,1.0,2022-09-29T00:00:00,2022-09-29T00:00:00,2022-09-30T00:00:00,327516,ERCA Advanced Polymer Solutions SRL,U502.E-TO,U502.E,U502,3000.0,6613.8,3000.0,13500.0,13213.5638,13500.0
2,PV,OP,00020,22001087,22002833,1.0,2022-09-29T00:00:00,2022-09-29T00:00:00,2022-09-30T00:00:00,327516,ERCA Advanced Polymer Solutions SRL,U502.E-TO,U502.E,U502,3000.0,6613.8,3000.0,13500.0,13213.5638,13500.0
2,PV,OP,00020,22001087,22002833,1.0,2022-09-29T00:00:00,2022-09-29T00:00:00,2022-09-30T00:00:00,327516,ERCA Advanced Polymer Solutions SRL,U502.E-TO,U502.E,U502,3000.0,6613.8,3000.0,13500.0,13213.5638,13500.0
2,PV,OP,00020,23001307,24000257,1.0,2024-02-07T00:00:00,2024-02-07T00:00:00,2024-02-12T00:00:00,327516,ERCA Advanced Polymer Solutions SRL,U502.E-TO,U502.E,U502,3000.0,6613.8,3000.0,18810.0,20264.2726,18810.0
1,OV,OP,00020,20001191,21000399,1.0,2021-01-25T00:00:00,2021-01-13T00:00:00,2021-01-25T00:00:00,327516,ERCA Advanced Polymer Solutions SRL,U502.E-TO,U502.E,U502,3000.0,6613.8,3000.0,9840.0,11943.0264,9840.0
1,OV,OP,00020,20001191,21000399,1.0,2021-01-25T00:00:00,2021-01-13T00:00:00,2021-01-25T00:00:00,327516,ERCA Advanced Polymer Solutions SRL,U502.E-TO,U502.E,U502,3000.0,6613.8,3000.0,9840.0,11943.0264,9840.0
1,OV,OP,00020,20001497,21000953,1.0,2021-03-03T00:00:00,2021-03-03T00:00:00,2021-03-03T00:00:00,327516,ERCA Advanced Polymer Solutions SRL,U502.E-TO,U502.E,U502,3000.0,6613.8,3000.0,10725.0,12951.4746,10725.0
1,OV,OP,00020,20001497,21000954,1.0,2021-03-03T00:00:00,2021-03-03T00:00:00,2021-03-03T00:00:00,327516,ERCA Advanced Polymer Solutions SRL,U502.E-TO,U502.E,U502,3000.0,6613.8,3000.0,10725.0,12951.4746,10725.0
1,OV,OP,00020,21000025,21001279,1.0,2021-04-02T00:00:00,2021-04-02T00:00:00,2021-04-02T00:00:00,327516,ERCA Advanced Polymer Solutions SRL,U502.E-TO,U502.E,U502,3000.0,6613.8,3000.0,11490.0,13513.3718,11490.0
1,OV,OP,00020,21000025,21001280,1.0,2021-04-02T00:00:00,2021-04-02T00:00:00,2021-04-02T00:00:00,327516,ERCA Advanced Polymer Solutions SRL,U502.E-TO,U502.E,U502,3000.0,6613.8,3000.0,11490.0,13513.3718,11490.0
1,OV,OP,00020,21000434,21002069,1.0,2021-06-08T00:00:00,2021-06-08T00:00:00,2021-06-08T00:00:00,327516,ERCA Advanced Polymer Solutions SRL,U502.E-TO,U502.E,U502,3000.0,6613.8,3000.0,13260.0,16148.874,13260.0
1,OV,OP,00020,21000434,21002070,1.0,2021-06-08T00:00:00,2021-06-08T00:00:00,2021-06-08T00:00:00,327516,ERCA Advanced Polymer Solutions SRL,U502.E-TO,U502.E,U502,3000.0,6613.8,3000.0,13260.0,16148.874,13260.0
1,OV,OP,00020,21000434,21002071,1.0,2021-06-08T00:00:00,2021-06-08T00:00:00,2021-06-08T00:00:00,327516,ERCA Advanced Polymer Solutions SRL,U502.E-TO,U502.E,U502,3000.0,6613.8,3000.0,13260.0,16148.874,13260.0
1,OV,OP,00020,21000552,21001598,1.0,2021-04-30T00:00:00,2021-04-28T00:00:00,2021-04-30T00:00:00,327516,ERCA Advanced Polymer Solutions SRL,U502.E-TO,U502.E,U502,3000.0,6613.8,3000.0,12990.0,15631.9231,12990.0
1,OV,OP,00020,21000552,21001598,1.0,2021-04-30T00:00:00,2021-04-28T00:00:00,2021-04-30T00:00:00,327516,ERCA Advanced Polymer Solutions SRL,U502.E-TO,U502.E,U502,3000.0,6613.8,3000.0,12990.0,15631.9231,12990.0
1,OV,OP,00020,21000666,21002066,1.0,2021-06-08T00:00:00,2021-06-08T00:00:00,2021-06-08T00:00:00,327516,ERCA Advanced Polymer Solutions SRL,U502.E-TO,U502.E,U502,3000.0,6613.8,3000.0,13260.0,16148.874,13260.0
1,OV,OP,00020,21000666,21002067,1.0,2021-06-08T00:00:00,2021-06-08T00:00:00,2021-06-08T00:00:00,327516,ERCA Advanced Polymer Solutions SRL,U502.E-TO,U502.E,U502,3000.0,6613.8,3000.0,13260.0,16148.874,13260.0
1,OV,OP,00020,21000666,21002068,1.0,2021-06-08T00:00:00,2021-06-08T00:00:00,2021-06-08T00:00:00,327516,ERCA Advanced Polymer Solutions SRL,U502.E-TO,U502.E,U502,3000.0,6613.8,3000.0,13260.0,16148.874,13260.0
1,OV,OP,00020,22000201,22000807,1.0,2022-02-28T00:00:00,2022-02-28T00:00:00,2022-02-28T00:00:00,327516,ERCA Advanced Polymer Solutions SRL,U502.E-TO,U502.E,U502,3000.0,6613.8,3000.0,26100.0,29291.1791,26100.0
1,OV,OP,00020,22001087,22003993,1.0,2022-09-29T00:00:00,2022-09-29T00:00:00,2022-09-29T00:00:00,327516,ERCA Advanced Polymer Solutions SRL,U502.E-TO,U502.E,U502,3000.0,6613.8,3000.0,13500.0,13196.9966,13500.0
1,OV,OP,00020,22001087,22003994,1.0,2022-09-29T00:00:00,2022-09-29T00:00:00,2022-09-29T00:00:00,327516,ERCA Advanced Polymer Solutions SRL,U502.E-TO,U502.E,U502,3000.0,6613.8,3000.0,13500.0,13196.9966,13500.0
1,OV,OP,00020,22001087,22003995,1.0,2022-09-29T00:00:00,2022-09-29T00:00:00,2022-09-29T00:00:00,327516,ERCA Advanced Polymer Solutions SRL,U502.E-TO,U502.E,U502,3000.0,6613.8,3000.0,13500.0,13196.9966,13500.0
1,OV,OP,00020,23001307,24000347,1.0,2024-02-07T00:00:00,2024-02-07T00:00:00,2024-02-07T00:00:00,327516,ERCA Advanced Polymer Solutions SRL,U502.E-TO,U502.E,U502,3000.0,6613.8,3000.0,18810.0,20253.043,18810.0
2,PV,OP,00020,26000184,26001107,1.0,2026-04-22T00:00:00,2026-04-22T00:00:00,2026-04-30T00:00:00,327516,ERCA Advanced Polymer Solutions SRL,U502.E-TO,U502.E,U502,3000.0,6613.8,3000.0,13500.0,15834.663,13500.0
2,PV,OP,00020,26000184,26001107,1.0,2026-04-22T00:00:00,2026-04-22T00:00:00,2026-04-30T00:00:00,327516,ERCA Advanced Polymer Solutions SRL,U502.E-TO,U502.E,U502,3000.0,6613.8,3000.0,13500.0,15834.663,13500.0
2,PV,OP,00020,26000186,26001516,1.0,2026-06-08T00:00:00,2026-06-08T00:00:00,2026-06-18T00:00:00,327516,ERCA Advanced Polymer Solutions SRL,U502.E-TO,U502.E,U502,3000.0,6613.8,3000.0,15450.0,17723.5617,15450.0
2,PV,OP,00020,26000186,26001516,1.0,2026-06-08T00:00:00,2026-06-08T00:00:00,2026-06-18T00:00:00,327516,ERCA Advanced Polymer Solutions SRL,U502.E-TO,U502.E,U502,3000.0,6613.8,3000.0,15450.0,17723.5617,15450.0
2,PV,OP,00020,26000516,26001529,1.0,2026-06-18T00:00:00,2026-06-18T00:00:00,2026-06-20T00:00:00,327516,ERCA Advanced Polymer Solutions SRL,U502.E-TO,U502.E,U502,3000.0,6613.8,3000.0,15600.0,17897.2139,15600.0
2,PV,OP,00020,26000698,26001884,1.0,2026-07-31T00:00:00,2026-07-31T00:00:00,2026-08-03T00:00:00,327516,ERCA Advanced Polymer Solutions SRL,U502.E-TO,U502.E,U502,3000.0,6613.8,3000.0,15450.0,17782.1142,15450.0
2,PV,OP,00020,26000698,26001884,1.0,2026-07-31T00:00:00,2026-07-31T00:00:00,2026-08-03T00:00:00,327516,ERCA Advanced Polymer Solutions SRL,U502.E-TO,U502.E,U502,3000.0,6613.8,3000.0,15450.0,17782.1142,15450.0
2,PV,OP,00020,26000697,26001884,1.0,2026-07-31T00:00:00,2026-07-31T00:00:00,2026-08-03T00:00:00,327516,ERCA Advanced Polymer Solutions SRL,U502.E-TO,U502.E,U502,3000.0,6613.8,3000.0,15450.0,17782.1142,15450.0
2,PV,OP,00020,26000697,26001884,1.0,2026-07-31T00:00:00,2026-07-31T00:00:00,2026-08-03T00:00:00,327516,ERCA Advanced Polymer Solutions SRL,U502.E-TO,U502.E,U502,3000.0,6613.8,3000.0,15450.0,17782.1142,15450.0
2,PV,OP,00020,25000020,25000719,1.0,2025-03-26T00:00:00,2025-03-26T00:00:00,2025-04-07T00:00:00,327516,ERCA Advanced Polymer Solutions SRL,U502.E-TO,U502.E,U502,3000.0,6613.8,3000.0,14460.0,15784.2844,14460.0
2,PV,OP,00020,25000311,25000907,1.0,2025-04-23T00:00:00,2025-04-23T00:00:00,2025-04-24T00:00:00,327516,ERCA Advanced Polymer Solutions SRL,U502.E-TO,U502.E,U502,3000.0,6613.8,3000.0,14460.0,16427.3365,14460.0
2,PV,OP,00020,25001170,25002327,1.0,2025-10-31T00:00:00,2025-10-31T00:00:00,2025-10-31T00:00:00,327516,ERCA Advanced Polymer Solutions SRL,U502.E-TO,U502.E,U502,3000.0,6613.8,3000.0,13500.0,15581.376,13500.0
2,PV,OP,00020,25001273,25002847,1.0,2025-12-23T00:00:00,2025-12-23T00:00:00,2025-12-24T00:00:00,327516,ERCA Advanced Polymer Solutions SRL,U502.E-TO,U502.E,U502,3000.0,6613.8,3000.0,13500.0,15902.9136,13500.0
2,PV,OP,00020,25001273,25002847,1.0,2025-12-23T00:00:00,2025-12-23T00:00:00,2025-12-24T00:00:00,327516,ERCA Advanced Polymer Solutions SRL,U502.E-TO,U502.E,U502,3000.0,6613.8,3000.0,13500.0,15902.9136,13500.0
2,PV,OP,00020,25001371,26000186,1.0,2026-01-28T00:00:00,2026-01-28T00:00:00,2026-01-29T00:00:00,327516,ERCA Advanced Polymer Solutions SRL,U502.E-TO,U502.E,U502,3000.0,6613.8,3000.0,13500.0,16125.422,13500.0
2,PV,OP,00020,25001371,26000186,1.0,2026-01-28T00:00:00,2026-01-28T00:00:00,2026-01-29T00:00:00,327516,ERCA Advanced Polymer Solutions SRL,U502.E-TO,U502.E,U502,3000.0,6613.8,3000.0,13500.0,16125.422,13500.0
2,PV,OP,00020,23001259,23003056,1.0,2023-11-23T00:00:00,2023-11-23T00:00:00,2023-11-28T00:00:00,327516,ERCA Advanced Polymer Solutions SRL,U502.E-TO,U502.E,U502,3000.0,6613.8,3000.0,18810.0,20699.9159,18810.0
2,PV,OP,00020,24000009,24000362,1.0,2024-02-21T00:00:00,2024-02-21T00:00:00,2024-02-23T00:00:00,327516,ERCA Advanced Polymer Solutions SRL,U502.E-TO,U502.E,U502,3000.0,6613.8,3000.0,16800.0,18190.5864,16800.0
2,PV,OP,00020,24000089,24000839,1.0,2024-04-10T00:00:00,2024-04-10T00:00:00,2024-04-16T00:00:00,327516,ERCA Advanced Polymer Solutions SRL,U502.E-TO,U502.E,U502,3000.0,6613.8,3000.0,16800.0,17855.6582,16800.0
1,OV,OP,00020,26000184,26001194,1.0,2026-04-22T00:00:00,2026-04-22T00:00:00,2026-04-22T00:00:00,327516,ERCA Advanced Polymer Solutions SRL,U502.E-TO,U502.E,U502,3000.0,6613.8,3000.0,13500.0,15813.896,13500.0
1,OV,OP,00020,26000184,26001195,1.0,2026-04-22T00:00:00,2026-04-22T00:00:00,2026-04-22T00:00:00,327516,ERCA Advanced Polymer Solutions SRL,U502.E-TO,U502.E,U502,3000.0,6613.8,3000.0,13500.0,15813.896,13500.0
1,OV,OP,00020,26000186,26001756,1.0,2026-06-08T00:00:00,2026-06-08T00:00:00,2026-06-08T00:00:00,327516,ERCA Advanced Polymer Solutions SRL,U502.E-TO,U502.E,U502,3000.0,6613.8,3000.0,15450.0,17837.5426,15450.0
1,OV,OP,00020,26000186,26001757,1.0,2026-06-08T00:00:00,2026-06-08T00:00:00,2026-06-08T00:00:00,327516,ERCA Advanced Polymer Solutions SRL,U502.E-TO,U502.E,U502,3000.0,6613.8,3000.0,15450.0,17837.5426,15450.0
1,OV,OP,00020,26000516,26001907,1.0,2026-06-18T00:00:00,2026-06-18T00:00:00,2026-06-18T00:00:00,327516,ERCA Advanced Polymer Solutions SRL,U502.E-TO,U502.E,U502,3000.0,6613.8,3000.0,15600.0,17895.6352,15600.0
1,OV,OP,00020,26000697,26002299,1.0,2026-07-31T00:00:00,2026-07-31T00:00:00,2026-07-31T00:00:00,327516,ERCA Advanced Polymer Solutions SRL,U502.E-TO,U502.E,U502,3000.0,6613.8,3000.0,15450.0,17793.799,15450.0
1,OV,OP,00020,26000697,26002300,1.0,2026-07-31T00:00:00,2026-07-31T00:00:00,2026-07-31T00:00:00,327516,ERCA Advanced Polymer Solutions SRL,U502.E-TO,U502.E,U502,3000.0,6613.8,3000.0,15450.0,17793.799,15450.0
1,OV,OP,00020,26000698,26002301,1.0,2026-07-31T00:00:00,2026-07-31T00:00:00,2026-07-31T00:00:00,327516,ERCA Advanced Polymer Solutions SRL,U502.E-TO,U502.E,U502,3000.0,6613.8,3000.0,15450.0,17793.799,15450.0
1,OV,OP,00020,26000698,26002302,1.0,2026-07-31T00:00:00,2026-07-31T00:00:00,2026-07-31T00:00:00,327516,ERCA Advanced Polymer Solutions SRL,U502.E-TO,U502.E,U502,3000.0,6613.8,3000.0,15450.0,17793.799,15450.0
1,OV,OP,00020,23001259,23003376,1.0,2023-11-23T00:00:00,2023-11-23T00:00:00,2023-11-23T00:00:00,327516,ERCA Advanced Polymer Solutions SRL,U502.E-TO,U502.E,U502,3000.0,6613.8,3000.0,18810.0,20513.142,18810.0
1,OV,OP,00020,24000009,24000490,1.0,2024-02-21T00:00:00,2024-02-21T00:00:00,2024-02-21T00:00:00,327516,ERCA Advanced Polymer Solutions SRL,U502.E-TO,U502.E,U502,3000.0,6613.8,3000.0,16800.0,18171.9636,16800.0
1,OV,OP,00020,24000089,24001000,1.0,2024-04-10T00:00:00,2024-04-10T00:00:00,2024-04-10T00:00:00,327516,ERCA Advanced Polymer Solutions SRL,U502.E-TO,U502.E,U502,3000.0,6613.8,3000.0,16800.0,18036.4817,16800.0
1,OV,OP,00020,25000020,25000920,1.0,2025-03-26T00:00:00,2025-03-26T00:00:00,2025-03-26T00:00:00,327516,ERCA Advanced Polymer Solutions SRL,U502.E-TO,U502.E,U502,3000.0,6613.8,3000.0,14460.0,15589.7641,14460.0
1,OV,OP,00020,25000311,25001191,1.0,2025-04-23T00:00:00,2025-04-23T00:00:00,2025-04-23T00:00:00,327516,ERCA Advanced Polymer Solutions SRL,U502.E-TO,U502.E,U502,3000.0,6613.8,3000.0,14460.0,16412.3791,14460.0
1,OV,OP,00020,25001170,25002795,1.0,2025-10-31T00:00:00,2025-10-31T00:00:00,2025-10-31T00:00:00,327516,ERCA Advanced Polymer Solutions SRL,U502.E-TO,U502.E,U502,3000.0,6613.8,3000.0,13500.0,15581.376,13500.0
1,OV,OP,00020,25001273,25003294,1.0,2025-12-23T00:00:00,2025-12-23T00:00:00,2025-12-23T00:00:00,327516,ERCA Advanced Polymer Solutions SRL,U502.E-TO,U502.E,U502,3000.0,6613.8,3000.0,13500.0,15898.541,13500.0
1,OV,OP,00020,25001273,25003295,1.0,2025-12-23T00:00:00,2025-12-23T00:00:00,2025-12-23T00:00:00,327516,ERCA Advanced Polymer Solutions SRL,U502.E-TO,U502.E,U502,3000.0,6613.8,3000.0,13500.0,15898.541,13500.0
1,OV,OP,00020,25001371,26000295,1.0,2026-01-28T00:00:00,2026-01-28T00:00:00,2026-01-28T00:00:00,327516,ERCA Advanced Polymer Solutions SRL,U502.E-TO,U502.E,U502,3000.0,6613.8,3000.0,13500.0,16118.059,13500.0
1,OV,OP,00020,25001371,26000296,1.0,2026-01-28T00:00:00,2026-01-28T00:00:00,2026-01-28T00:00:00,327516,ERCA Advanced Polymer Solutions SRL,U502.E-TO,U502.E,U502,3000.0,6613.8,3000.0,13500.0,16118.059,13500.0
4,OV,OP,00020,20001191,21000398,1.0,2021-01-25T00:00:00,2021-01-13T00:00:00,2021-01-25T00:00:00,327516,ERCA Advanced Polymer Solutions SRL,U502.E-TO,U502.E,U502,3000.0,6613.8,3000.0,10380.0,12598.4364,10380.0
4,OV,OP,00020,20001191,21000398,1.0,2021-01-25T00:00:00,2021-01-13T00:00:00,2021-01-25T00:00:00,327516,ERCA Advanced Polymer Solutions SRL,U502.E-TO,U502.E,U502,3000.0,6613.8,3000.0,10380.0,12598.4364,10380.0
4,OV,OP,00020,21000552,21001558,1.0,2021-04-29T00:00:00,2021-04-28T00:00:00,2021-04-29T00:00:00,327516,ERCA Advanced Polymer Solutions SRL,U502.E-TO,U502.E,U502,3000.0,6613.8,3000.0,11490.0,13913.6409,11490.0
4,OV,OP,00020,21000552,21001597,1.0,2021-04-30T00:00:00,2021-04-28T00:00:00,2021-04-30T00:00:00,327516,ERCA Advanced Polymer Solutions SRL,U502.E-TO,U502.E,U502,3000.0,6613.8,3000.0,11490.0,13826.8511,11490.0
4,OV,OP,00020,21000552,21001558,1.0,2021-04-29T00:00:00,2021-04-28T00:00:00,2021-04-29T00:00:00,327516,ERCA Advanced Polymer Solutions SRL,U502.E-TO,U502.E,U502,3000.0,6613.8,3000.0,11490.0,13913.6409,11490.0
4,OV,OP,00020,21000552,21001597,1.0,2021-04-30T00:00:00,2021-04-28T00:00:00,2021-04-30T00:00:00,327516,ERCA Advanced Polymer Solutions SRL,U502.E-TO,U502.E,U502,3000.0,6613.8,3000.0,11490.0,13826.8511,11490.0
4,OV,OP,00020,22000201,22000806,1.0,2022-02-28T00:00:00,2022-02-28T00:00:00,2022-02-28T00:00:00,327516,ERCA Advanced Polymer Solutions SRL,U502.E-TO,U502.E,U502,3000.0,6613.8,3000.0,26100.0,29291.1791,26100.0
4,OV,OP,00020,24000089,24000999,1.0,2024-04-10T00:00:00,2024-04-09T00:00:00,2024-04-10T00:00:00,327516,ERCA Advanced Polymer Solutions SRL,U502.E-TO,U502.E,U502,3000.0,6613.8,3000.0,16800.0,18036.4817,16800.0
4,OV,OP,00020,26000185,26001715,1.0,2026-06-03T00:00:00,2026-05-20T00:00:00,2026-06-03T00:00:00,327516,ERCA Advanced Polymer Solutions SRL,U502.E-TO,U502.E,U502,3000.0,6613.8,3000.0,15450.0,17929.3388,15450.0
4,OV,OP,00020,26000185,26001716,1.0,2026-06-03T00:00:00,2026-05-20T00:00:00,2026-06-03T00:00:00,327516,ERCA Advanced Polymer Solutions SRL,U502.E-TO,U502.E,U502,3000.0,6613.8,3000.0,15450.0,17929.3388,15450.0
2,PV,OP,00010,132521,21012998,1.0,2021-07-13T00:00:00,2021-07-13T00:00:00,2021-07-13T00:00:00,292774,"Ascent Chemicals Danville, Inc.",??????,,,1.0,1.0,0.4536,1381.55,1381.55,1169.6624
2,PV,OP,00010,136804,21024024,1.0,2021-12-16T00:00:00,2021-12-16T00:00:00,2021-12-16T00:00:00,292774,"Ascent Chemicals Danville, Inc.",??????,,,1.0,1.0,0.4536,21316.95,21316.95,18852.4228
2,PV,OP,00010,157669,24004948,1.0,2024-04-12T00:00:00,2024-04-12T00:00:00,2024-04-12T00:00:00,292774,"Ascent Chemicals Danville, Inc.",??????,,,1.0,1.0,0.4536,15897.35,15897.35,14929.974
1,OV,OP,00010,135567,216963,1.0,2021-11-04T00:00:00,2021-11-04T00:00:00,2021-11-04T00:00:00,328211,"BPI Packaging, LLC",??????,,,1010.0,1010.0,458.136,1721.04,1721.04,1490.874
1,OV,OP,00010,132521,209662,1.0,2021-07-13T00:00:00,2021-07-13T00:00:00,2021-07-13T00:00:00,292774,"Ascent Chemicals Danville, Inc.",??????,,,1.0,1.0,0.4536,1381.55,1381.55,1169.6624
1,OV,OP,00010,136804,219772,1.0,2021-12-16T00:00:00,2021-12-16T00:00:00,2021-12-16T00:00:00,292774,"Ascent Chemicals Danville, Inc.",??????,,,1.0,1.0,0.4536,21316.95,21316.95,18852.4228
1,OV,OP,00010,157669,263465,1.0,2024-04-12T00:00:00,2024-04-12T00:00:00,2024-04-12T00:00:00,292774,"Ascent Chemicals Danville, Inc.",??????,,,1.0,1.0,0.4536,15897.35,15897.35,14929.974
2,PV,OP,00010,119421,20004515,1.0,2020-02-07T00:00:00,2020-02-07T00:00:00,2020-03-31T00:00:00,328211,"BPI Packaging, LLC",MW40504-C2,MW40504,MW40504,4872.0,2031.1368,921.2951999999999,15590.4,15590.4,14139.9627
2,PV,OP,00010,119422,20004516,1.0,2020-02-07T00:00:00,2020-02-07T00:00:00,2020-03-31T00:00:00,328211,"BPI Packaging, LLC",MW40514-C2,MW40514,MW40514,3820.0,1592.558,722.362,12224.0,12224.0,11086.7524
2,PV,OP,00010,121948,20013900,1.0,2020-08-31T00:00:00,2020-08-31T00:00:00,2020-09-18T00:00:00,328211,"BPI Packaging, LLC",MW40504-C2,MW40504,MW40504,17520.0,7304.088,3313.0319999999997,56064.0,56064.0,47273.8376
2,PV,OP,00010,117342,20001689,1.0,2020-01-31T00:00:00,2020-01-31T00:00:00,2020-02-05T00:00:00,328211,"BPI Packaging, LLC",MW40504-C2,MW40504,MW40504,4320.0,1801.008,816.9119999999999,13824.0,13824.0,12570.2904
2,PV,OP,00010,117342,20001684,1.0,2020-01-31T00:00:00,2020-01-31T00:00:00,2020-02-05T00:00:00,328211,"BPI Packaging, LLC",MW40504-C2,MW40504,MW40504,2880.0,1200.672,544.608,9216.0,9216.0,8380.1936
2,PV,OP,00010,117342,20001684,1.0,2020-01-31T00:00:00,2020-01-31T00:00:00,2020-02-05T00:00:00,328211,"BPI Packaging, LLC",MW40504-C2,MW40504,MW40504,2880.0,1200.672,544.608,9216.0,9216.0,8380.1936
2,PV,OP,00010,117342,20001686,1.0,2020-01-31T00:00:00,2020-01-31T00:00:00,2020-02-05T00:00:00,328211,"BPI Packaging, LLC",MW40504-C2,MW40504,MW40504,2880.0,1200.672,544.608,9216.0,9216.0,8380.1936
2,PV,OP,00010,117342,20001689,1.0,2020-01-31T00:00:00,2020-01-31T00:00:00,2020-02-05T00:00:00,328211,"BPI Packaging, LLC",MW40504-C2,MW40504,MW40504,4320.0,1801.008,816.9119999999999,13824.0,13824.0,12570.2904
2,PV,OP,00010,117342,21011171,1.0,2020-01-31T00:00:00,2020-01-31T00:00:00,2021-06-14T00:00:00,328211,"BPI Packaging, LLC",MW40504-C2,MW40504,MW40504,4320.0,1801.008,816.9119999999999,13824.0,13824.0,11399.5289
2,PV,OP,00010,117342,21011172,1.0,2020-01-31T00:00:00,2020-01-31T00:00:00,2021-06-14T00:00:00,328211,"BPI Packaging, LLC",MW40504-C2,MW40504,MW40504,4320.0,1801.008,816.9119999999999,13824.0,13824.0,11399.5289
2,PV,OP,00010,124558,21001904,1.0,2021-02-01T00:00:00,2021-02-01T00:00:00,2021-02-04T00:00:00,292774,"Ascent Chemicals Danville, Inc.",HP1432AT-OP,HP1432AT,HP1432AT,4730.0,4730.0,2145.528,8230.2,8230.2,6873.8515
2,PV,OP,00010,124747,21001976,1.0,2020-12-15T00:00:00,2020-12-15T00:00:00,2021-02-05T00:00:00,328211,"BPI Packaging, LLC",MW40504-C2,MW40504,MW40504,15840.0,6603.696,2995.344,50688.0,50688.0,42116.4615
2,PV,OP,00010,124748,20019352,1.0,2020-12-14T00:00:00,2020-12-14T00:00:00,2020-12-29T00:00:00,328211,"BPI Packaging, LLC",MW40514-C2,MW40514,MW40514,7200.0,3001.68,1361.52,23040.0,23040.0,18805.5613
2,PV,OP,00010,127522,21006560,1.0,2021-04-08T00:00:00,2021-04-08T00:00:00,2021-04-09T00:00:00,292774,"Ascent Chemicals Danville, Inc.",HP1432AT-OP,HP1432AT,HP1432AT,6917.0,6917.0,3137.5512,12035.58,12035.58,10118.1256
2,PV,OP,00010,131573,21016177,1.0,2021-08-17T00:00:00,2021-08-17T00:00:00,2021-08-17T00:00:00,328211,"BPI Packaging, LLC",MW40504-C2,MW40504,MW40504,1048.0,436.9112,198.1768,3353.6,3353.6,2863.0371
2,PV,OP,00010,135819,21023242,1.0,2021-12-06T00:00:00,2021-12-06T00:00:00,2021-12-07T00:00:00,324962,Ascent Industries Co.,161017CX,161017CX,161017CX,2400.0,2400.0,1088.64,2904.0,2904.0,2573.6325
2,PV,OP,00010,137796,22002470,1.0,2022-02-17T00:00:00,2022-02-17T00:00:00,2022-02-17T00:00:00,324962,Ascent Industries Co.,161017CX,161017CX,161017CX,800.0,800.0,362.88,968.0,968.0,851.8068
2,PV,OP,00010,146764,23004057,1.0,2023-02-28T00:00:00,2023-02-28T00:00:00,2023-02-28T00:00:00,292774,"Ascent Chemicals Danville, Inc.",HP1432AT-OP,HP1432AT,HP1432AT,8096.0,8096.0,3672.3456,122249.6,122249.6,115304.2213
2,PV,OP,00010,150589,23016732,1.0,2023-08-24T00:00:00,2023-08-24T00:00:00,2023-08-25T00:00:00,292774,"Ascent Chemicals Danville, Inc.",HP1432AT-OP,HP1432AT,HP1432AT,5062.0,5062.0,2296.1232,76436.2,76436.2,70859.3843
2,PV,OP,00010,157018,24005960,1.0,2024-04-29T00:00:00,2024-04-29T00:00:00,2024-04-29T00:00:00,292774,"Ascent Chemicals Danville, Inc.",HP1432AT-OP,HP1432AT,HP1432AT,4630.0,4630.0,2100.168,69913.0,69913.0,65236.1279
2,PV,OP,00010,165192,25001712,1.0,2025-01-30T00:00:00,2025-01-30T00:00:00,2025-01-31T00:00:00,292774,"Ascent Chemicals Danville, Inc.",HP1432AT-OP,HP1432AT,HP1432AT,4630.0,4630.0,2100.168,69913.0,69913.0,67227.5298
2,PV,OP,00010,166560,25008775,1.0,2025-05-16T00:00:00,2025-05-16T00:00:00,2025-06-19T00:00:00,292774,"Ascent Chemicals Danville, Inc.",HP1432AT-OP,HP1432AT,HP1432AT,9260.0,9260.0,4200.336,139826.0,139826.0,122009.1054
2,PV,OP,00010,171668,25017807,1.0,2025-12-01T00:00:00,2025-12-01T00:00:00,2025-12-04T00:00:00,292774,"Ascent Chemicals Danville, Inc.",HP1432AT-OP,HP1432AT,HP1432AT,6019.0,6019.0,2730.2184,90886.9,90886.9,77951.8673
2,PV,OP,00010,120791,20005115,1.0,2020-04-07T00:00:00,2020-04-07T00:00:00,2020-04-09T00:00:00,326444,Essential Polymers,WAV501,WAV501,WAV501,39.0,39.0,17.6904,1750.28,1750.28,1600.758
1,OV,OP,00010,119421,182873,1.0,2020-02-07T00:00:00,2020-02-07T00:00:00,2020-02-07T00:00:00,328211,"BPI Packaging, LLC",MW40504-C2,MW40504,MW40504,4872.0,2031.1368,921.2951999999999,15590.4,15590.4,14243.6701
1,OV,OP,00010,119422,182872,1.0,2020-02-07T00:00:00,2020-02-07T00:00:00,2020-02-07T00:00:00,328211,"BPI Packaging, LLC",MW40514-C2,MW40514,MW40514,3820.0,1592.558,722.362,12224.0,12224.0,11168.0664
1,OV,OP,00010,121948,192100,1.0,2020-08-31T00:00:00,2020-08-31T00:00:00,2020-08-31T00:00:00,328211,"BPI Packaging, LLC",MW40504-C2,MW40504,MW40504,17520.0,7304.088,3313.0319999999997,56064.0,56064.0,46902.75
1,OV,OP,00010,124279,195249,1.0,2020-11-09T00:00:00,2020-11-09T00:00:00,2020-11-09T00:00:00,328211,"BPI Packaging, LLC",MW40514-C2,MW40514,MW40514,17764.0,7405.8116,3359.1724,23698.6,23698.6,20065.088
1,OV,OP,00010,124558,200018,1.0,2021-02-01T00:00:00,2021-02-01T00:00:00,2021-02-01T00:00:00,292774,"Ascent Chemicals Danville, Inc.",HP1432AT-OP,HP1432AT,HP1432AT,4730.0,4730.0,2145.528,8230.2,8230.2,6817.2319
1,OV,OP,00010,117342,182536,1.0,2020-01-31T00:00:00,2020-01-31T00:00:00,2020-01-31T00:00:00,328211,"BPI Packaging, LLC",MW40504-C2,MW40504,MW40504,4320.0,1801.008,816.9119999999999,13824.0,13824.0,12459.0528
1,OV,OP,00010,117342,182538,1.0,2020-01-31T00:00:00,2020-01-31T00:00:00,2020-01-31T00:00:00,328211,"BPI Packaging, LLC",MW40504-C2,MW40504,MW40504,2880.0,1200.672,544.608,9216.0,9216.0,8306.0352
1,OV,OP,00010,117342,182539,1.0,2020-01-31T00:00:00,2020-01-31T00:00:00,2020-01-31T00:00:00,328211,"BPI Packaging, LLC",MW40504-C2,MW40504,MW40504,2880.0,1200.672,544.608,9216.0,9216.0,8306.0352
1,OV,OP,00010,117342,182540,1.0,2020-01-31T00:00:00,2020-01-31T00:00:00,2020-01-31T00:00:00,328211,"BPI Packaging, LLC",MW40504-C2,MW40504,MW40504,2880.0,1200.672,544.608,9216.0,9216.0,8306.0352
1,OV,OP,00010,117342,182541,1.0,2020-01-31T00:00:00,2020-01-31T00:00:00,2020-01-31T00:00:00,328211,"BPI Packaging, LLC",MW40504-C2,MW40504,MW40504,4320.0,1801.008,816.9119999999999,13824.0,13824.0,12459.0528
1,OV,OP,00010,117342,182543,1.0,2020-01-31T00:00:00,2020-01-31T00:00:00,2020-01-31T00:00:00,328211,"BPI Packaging, LLC",MW40504-C2,MW40504,MW40504,4320.0,1801.008,816.9119999999999,13824.0,13824.0,12459.0528
1,OV,OP,00010,117342,182544,1.0,2020-01-31T00:00:00,2020-01-31T00:00:00,2020-01-31T00:00:00,328211,"BPI Packaging, LLC",MW40504-C2,MW40504,MW40504,4320.0,1801.008,816.9119999999999,13824.0,13824.0,12459.0528
1,OV,OP,00010,124747,197081,1.0,2020-12-15T00:00:00,2020-12-15T00:00:00,2020-12-15T00:00:00,328211,"BPI Packaging, LLC",MW40504-C2,MW40504,MW40504,15840.0,6603.696,2995.344,50688.0,50688.0,41695.0567
1,OV,OP,00010,124748,197049,1.0,2020-12-14T00:00:00,2020-12-14T00:00:00,2020-12-14T00:00:00,328211,"BPI Packaging, LLC",MW40514-C2,MW40514,MW40514,7200.0,3001.68,1361.52,23040.0,23040.0,18969.3596
1,OV,OP,00010,135819,219045,1.0,2021-12-06T00:00:00,2021-12-06T00:00:00,2021-12-06T00:00:00,324962,Ascent Industries Co.,161017CX,161017CX,161017CX,2400.0,2400.0,1088.64,2904.0,2904.0,2573.9453
1,OV,OP,00010,127522,203964,1.0,2021-04-08T00:00:00,2021-04-08T00:00:00,2021-04-08T00:00:00,292774,"Ascent Chemicals Danville, Inc.",HP1432AT-OP,HP1432AT,HP1432AT,6917.0,6917.0,3137.5512,12035.58,12035.58,10110.3915
1,OV,OP,00010,137796,223175,1.0,2022-02-17T00:00:00,2022-02-17T00:00:00,2022-02-17T00:00:00,324962,Ascent Industries Co.,161017CX,161017CX,161017CX,800.0,800.0,362.88,968.0,968.0,851.8068
1,OV,OP,00010,150589,252141,1.0,2023-08-24T00:00:00,2023-08-24T00:00:00,2023-08-24T00:00:00,292774,"Ascent Chemicals Danville, Inc.",HP1432AT-OP,HP1432AT,HP1432AT,5062.0,5062.0,2296.1232,76436.2,76436.2,70601.7102
1,OV,OP,00010,157018,264257,1.0,2024-04-29T00:00:00,2024-04-29T00:00:00,2024-04-29T00:00:00,292774,"Ascent Chemicals Danville, Inc.",HP1432AT-OP,HP1432AT,HP1432AT,4630.0,4630.0,2100.168,69913.0,69913.0,65236.1279
1,OV,OP,00010,165192,277040,1.0,2025-01-30T00:00:00,2025-01-30T00:00:00,2025-01-30T00:00:00,292774,"Ascent Chemicals Danville, Inc.",HP1432AT-OP,HP1432AT,HP1432AT,4630.0,4630.0,2100.168,69913.0,69913.0,67099.596
1,OV,OP,00010,166560,281835,1.0,2025-05-16T00:00:00,2025-05-16T00:00:00,2025-05-16T00:00:00,292774,"Ascent Chemicals Danville, Inc.",HP1432AT-OP,HP1432AT,HP1432AT,9260.0,9260.0,4200.336,139826.0,139826.0,125504.8673
1,OV,OP,00010,171668,290195,1.0,2025-12-01T00:00:00,2025-12-01T00:00:00,2025-12-01T00:00:00,292774,"Ascent Chemicals Danville, Inc.",HP1432AT-OP,HP1432AT,HP1432AT,6019.0,6019.0,2730.2184,90886.9,90886.9,78198.3617
1,OV,OP,00010,120791,185794,1.0,2020-04-07T00:00:00,2020-04-07T00:00:00,2020-04-07T00:00:00,326444,Essential Polymers,WAV501,WAV501,WAV501,39.0,39.0,17.6904,1750.28,1750.28,1610.7736
1,OV,OP,00010,146764,242962,1.0,2023-02-28T00:00:00,2023-02-28T00:00:00,2023-02-28T00:00:00,292774,"Ascent Chemicals Danville, Inc.",HP1432AT-OP,HP1432AT,HP1432AT,8096.0,8096.0,3672.3456,122249.6,122249.6,115304.2213
1,OV,OP,00010,125104,197045,1.0,2020-12-14T00:00:00,2020-12-14T00:00:00,2020-12-14T00:00:00,328211,"BPI Packaging, LLC",MW40504-C2,MW40504,MW40504,14400.0,6003.36,2723.04,19210.75,19210.75,15816.6504
1,OV,OP,00010,131573,211971,1.0,2021-08-17T00:00:00,2021-08-17T00:00:00,2021-08-17T00:00:00,328211,"BPI Packaging, LLC",MW40504-C2,MW40504,MW40504,1048.0,436.9112,198.1768,3353.6,3353.6,2863.0371
1,OV,OP,00010,121683,187115,1.0,2020-05-05T00:00:00,2020-05-05T00:00:00,2020-05-05T00:00:00,326095,Capital Resin Corporation,STODSO,STODSO,STODSO,3850.0,3850.0,1746.36,0.0,0.0,0.0
1,OV,OP,00010,157669,263466,1.0,2024-04-12T00:00:00,2024-04-12T00:00:00,2024-04-12T00:00:00,292774,"Ascent Chemicals Danville, Inc.",??????,,,1.0,1.0,0.4536,0.0,0.0,0.0
1,OV,OP,00010,132521,209663,1.0,2021-07-13T00:00:00,2021-07-13T00:00:00,2021-07-13T00:00:00,292774,"Ascent Chemicals Danville, Inc.",??????,,,1.0,1.0,0.4536,0.0,0.0,0.0
1,OV,OP,00010,136804,219773,1.0,2021-12-16T00:00:00,2021-12-16T00:00:00,2021-12-16T00:00:00,292774,"Ascent Chemicals Danville, Inc.",??????,,,1.0,1.0,0.4536,0.0,0.0,0.0
4,OV,OP,00010,124558,200016,1.0,2021-02-01T00:00:00,2021-01-26T00:00:00,2021-02-01T00:00:00,292774,"Ascent Chemicals Danville, Inc.",HP1432AT-OP,HP1432AT,HP1432AT,4730.0,4730.0,2145.528,19028.79,19028.79,15761.9102
1,OV,OP,00010,146764,242963,1.0,2023-02-28T00:00:00,2023-02-28T00:00:00,2023-02-28T00:00:00,292774,"Ascent Chemicals Danville, Inc.",HP1432AT-OP,HP1432AT,HP1432AT,8096.0,8096.0,3672.3456,615.3,615.3,580.3429
1,OV,OP,00010,150589,252142,1.0,2023-08-24T00:00:00,2023-08-24T00:00:00,2023-08-24T00:00:00,292774,"Ascent Chemicals Danville, Inc.",HP1432AT-OP,HP1432AT,HP1432AT,5062.0,5062.0,2296.1232,293.6,293.6,271.1891
1,OV,OP,00010,157018,264258,1.0,2024-04-29T00:00:00,2024-04-29T00:00:00,2024-04-29T00:00:00,292774,"Ascent Chemicals Danville, Inc.",HP1432AT-OP,HP1432AT,HP1432AT,4630.0,4630.0,2100.168,379.2,379.2,353.8332
1,OV,OP,00010,165192,277041,1.0,2025-01-30T00:00:00,2025-01-30T00:00:00,2025-01-30T00:00:00,292774,"Ascent Chemicals Danville, Inc.",HP1432AT-OP,HP1432AT,HP1432AT,4630.0,4630.0,2100.168,398.18,398.18,382.1566
1,OV,OP,00010,166560,281836,1.0,2025-05-16T00:00:00,2025-05-16T00:00:00,2025-05-16T00:00:00,292774,"Ascent Chemicals Danville, Inc.",HP1432AT-OP,HP1432AT,HP1432AT,9260.0,9260.0,4200.336,416.7,416.7,374.0211
1,OV,OP,00010,171668,290196,1.0,2025-12-01T00:00:00,2025-12-01T00:00:00,2025-12-01T00:00:00,292774,"Ascent Chemicals Danville, Inc.",HP1432AT-OP,HP1432AT,HP1432AT,6019.0,6019.0,2730.2184,240.76,240.76,207.148
4,OV,OP,00010,124558,200017,1.0,2021-02-01T00:00:00,2021-01-26T00:00:00,2021-02-01T00:00:00,292774,"Ascent Chemicals Danville, Inc.",HP1432AT-OP,HP1432AT,HP1432AT,4730.0,4730.0,2145.528,378.4,378.4,313.4359
1,OV,OP,00010,120791,185795,1.0,2020-04-07T00:00:00,2020-04-07T00:00:00,2020-04-07T00:00:00,326444,Essential Polymers,WAV501,WAV501,WAV501,39.0,39.0,17.6904,3.9,3.9,3.5891
1,OV,OP,00010,121683,187116,1.0,2020-05-05T00:00:00,2020-05-05T00:00:00,2020-05-05T00:00:00,326095,Capital Resin Corporation,STODSO,STODSO,STODSO,3850.0,3850.0,1746.36,385.0,385.0,354.9842
1,OV,OP,00010,135819,219046,1.0,2021-12-06T00:00:00,2021-12-06T00:00:00,2021-12-06T00:00:00,324962,Ascent Industries Co.,161017CX,161017CX,161017CX,2400.0,2400.0,1088.64,288.0,288.0,255.2673
1,OV,OP,00010,127522,203965,1.0,2021-04-08T00:00:00,2021-04-08T00:00:00,2021-04-08T00:00:00,292774,"Ascent Chemicals Danville, Inc.",HP1432AT-OP,HP1432AT,HP1432AT,6917.0,6917.0,3137.5512,553.36,553.36,464.8456
1,OV,OP,00010,137796,223176,1.0,2022-02-17T00:00:00,2022-02-17T00:00:00,2022-02-17T00:00:00,324962,Ascent Industries Co.,161017CX,161017CX,161017CX,800.0,800.0,362.88,96.0,96.0,84.4767
1,OV,OP,00010,124558,200019,1.0,2021-02-01T00:00:00,2021-02-01T00:00:00,2021-02-01T00:00:00,292774,"Ascent Chemicals Danville, Inc.",HP1432AT-OP,HP1432AT,HP1432AT,4730.0,4730.0,2145.528,378.4,378.4,313.4359
2,PV,OP,00010,166560,25008774,1.0,2025-05-16T00:00:00,2025-05-16T00:00:00,2025-06-19T00:00:00,292774,"Ascent Chemicals Danville, Inc.",HP1432AT-OP,HP1432AT,HP1432AT,9260.0,9260.0,4200.336,139826.0,139826.0,122009.1054
2,PV,OP,00010,124279,21003570,1.0,2020-11-09T00:00:00,2020-11-09T00:00:00,2021-02-19T00:00:00,328211,"BPI Packaging, LLC",MW40514-C2,MW40514,MW40514,17764.0,7405.8116,3359.1724,23698.6,23698.6,19528.3502
2,PV,OP,00010,125104,20019351,1.0,2020-12-14T00:00:00,2020-12-14T00:00:00,2020-12-29T00:00:00,328211,"BPI Packaging, LLC",MW40504-C2,MW40504,MW40504,14400.0,6003.36,2723.04,19210.75,19210.75,15680.0754
2,PV,OP,00010,135567,21021385,1.0,2021-11-04T00:00:00,2021-11-04T00:00:00,2021-11-04T00:00:00,328211,"BPI Packaging, LLC",??????,,,1010.0,1010.0,458.136,1721.04,1721.04,1490.874
2,PV,OP,00010,118981,20001690,1.0,2020-01-30T00:00:00,2020-01-30T00:00:00,2020-02-05T00:00:00,328143,Coatings & Adhesives Corporation,171143PX-T2,171143PX,171143PX,2300.0,2300.0,1043.28,4025.0,4025.0,3659.9695
2,PV,OP,00010,118981,20001690,1.0,2020-01-30T00:00:00,2020-01-30T00:00:00,2020-02-05T00:00:00,328143,Coatings & Adhesives Corporation,171143PX-T2,171143PX,171143PX,4600.0,4600.0,2086.56,8050.0,8050.0,7319.9391
2,PV,OP,00010,121190,20006634,1.0,2020-04-29T00:00:00,2020-04-29T00:00:00,2020-05-01T00:00:00,328143,Coatings & Adhesives Corporation,191245PX-T2,191245PX,191245PX,39100.0,39100.0,17735.76,45747.0,45747.0,41596.8596
2,PV,OP,00010,121591,20007537,1.0,2020-05-13T00:00:00,2020-05-13T00:00:00,2020-05-15T00:00:00,328143,Coatings & Adhesives Corporation,191245PX-T2,191245PX,191245PX,41400.0,41400.0,18779.04,48438.0,48438.0,44769.4173
2,PV,OP,00010,123909,20014025,1.0,2020-09-22T00:00:00,2020-09-22T00:00:00,2020-09-23T00:00:00,328143,Coatings & Adhesives Corporation,191245PX-T2,191245PX,191245PX,41400.0,41400.0,18779.04,48438.0,48438.0,41485.2967
2,PV,OP,00010,124162,20014327,1.0,2020-09-28T00:00:00,2020-09-28T00:00:00,2020-09-28T00:00:00,328143,Coatings & Adhesives Corporation,191245PX-T2,191245PX,191245PX,41400.0,41400.0,18779.04,48438.0,48438.0,41551.9474
2,PV,OP,00010,124163,20014705,1.0,2020-10-05T00:00:00,2020-10-05T00:00:00,2020-10-06T00:00:00,328143,Coatings & Adhesives Corporation,191245PX-T2,191245PX,191245PX,41400.0,41400.0,18779.04,48438.0,48438.0,41116.6447
2,PV,OP,00010,124164,20015284,1.0,2020-10-15T00:00:00,2020-10-15T00:00:00,2020-10-15T00:00:00,328143,Coatings & Adhesives Corporation,191245PX-T2,191245PX,191245PX,41400.0,41400.0,18779.04,48438.0,48438.0,41386.8271
2,PV,OP,00010,124648,20015838,1.0,2020-10-23T00:00:00,2020-10-23T00:00:00,2020-10-26T00:00:00,328143,Coatings & Adhesives Corporation,191245PX-T2,191245PX,191245PX,41400.0,41400.0,18779.04,48438.0,48438.0,40986.7292
2,PV,OP,00010,124750,21001333,1.0,2020-11-09T00:00:00,2020-11-09T00:00:00,2021-01-25T00:00:00,328143,Coatings & Adhesives Corporation,191245PX-T2,191245PX,191245PX,2300.0,2300.0,1043.28,2691.0,2691.0,2217.1464
2,PV,OP,00010,124750,21001333,1.0,2020-11-09T00:00:00,2020-11-09T00:00:00,2021-01-25T00:00:00,328143,Coatings & Adhesives Corporation,191245PX-T2,191245PX,191245PX,39100.0,39100.0,17735.76,45747.0,45747.0,37691.4885
2,PV,OP,00010,124751,20017283,1.0,2020-11-20T00:00:00,2020-11-20T00:00:00,2020-11-23T00:00:00,328143,Coatings & Adhesives Corporation,191245PX-T2,191245PX,191245PX,2300.0,2300.0,1043.28,2691.0,2691.0,2275.4332
2,PV,OP,00010,124751,20017283,1.0,2020-11-20T00:00:00,2020-11-20T00:00:00,2020-11-23T00:00:00,328143,Coatings & Adhesives Corporation,191245PX-T2,191245PX,191245PX,39100.0,39100.0,17735.76,45747.0,45747.0,38682.364
2,PV,OP,00010,139768,22011136,1.0,2022-07-14T00:00:00,2022-07-14T00:00:00,2022-07-19T00:00:00,328143,Coatings & Adhesives Corporation,191245PX-T2,191245PX,191245PX,41400.0,41400.0,18779.04,53406.0,53406.0,52162.2971
2,PV,OP,00010,139768,22011216,1.0,2022-07-15T00:00:00,2022-07-15T00:00:00,2022-07-20T00:00:00,328143,Coatings & Adhesives Corporation,191245PX-T2,191245PX,191245PX,6900.0,6900.0,3129.84,8901.0,8901.0,8714.4778
2,PV,OP,00010,147027,23008978,1.0,2023-05-05T00:00:00,2023-05-05T00:00:00,2023-05-08T00:00:00,328143,Coatings & Adhesives Corporation,191245PX-T2,191245PX,191245PX,36800.0,36800.0,16692.48,58880.0,58880.0,53430.8091
2,PV,OP,00010,159752,24011395,1.0,2024-08-12T00:00:00,2024-08-12T00:00:00,2024-08-12T00:00:00,328143,Coatings & Adhesives Corporation,DPE3500-T2,DPE3500,DPE3500,36800.0,36800.0,16692.48,58880.0,58880.0,53876.4306
2,PV,OP,00010,164310,25001819,1.0,2025-01-31T00:00:00,2025-01-31T00:00:00,2025-02-04T00:00:00,328143,Coatings & Adhesives Corporation,DPE3500-T2,DPE3500,DPE3500,36800.0,36800.0,16692.48,58880.0,58880.0,56728.5071
2,PV,OP,00010,164498,25001882,1.0,2025-01-31T00:00:00,2025-01-31T00:00:00,2025-02-05T00:00:00,328143,Coatings & Adhesives Corporation,DPE3500-T2,DPE3500,DPE3500,4600.0,4600.0,2086.56,7360.0,7360.0,7065.1915
2,PV,OP,00010,164498,25001882,1.0,2025-01-31T00:00:00,2025-01-31T00:00:00,2025-02-05T00:00:00,328143,Coatings & Adhesives Corporation,DPE3500-T2,DPE3500,DPE3500,32200.0,32200.0,14605.92,51520.0,51520.0,49456.3406
2,PV,OP,00010,165971,25004150,1.0,2025-03-20T00:00:00,2025-03-20T00:00:00,2025-03-24T00:00:00,328143,Coatings & Adhesives Corporation,DPE3500-T2,DPE3500,DPE3500,36800.0,36800.0,16692.48,58880.0,58880.0,54542.8933
2,PV,OP,00010,166431,25005975,1.0,2025-04-23T00:00:00,2025-04-23T00:00:00,2025-04-25T00:00:00,328143,Coatings & Adhesives Corporation,DPE3500-T2,DPE3500,DPE3500,6900.0,6900.0,3129.84,11040.0,11040.0,9700.827
2,PV,OP,00010,166431,25005975,1.0,2025-04-23T00:00:00,2025-04-23T00:00:00,2025-04-25T00:00:00,328143,Coatings & Adhesives Corporation,DPE3500-T2,DPE3500,DPE3500,13800.0,13800.0,6259.68,22080.0,22080.0,19401.654
2,PV,OP,00010,166431,25005975,1.0,2025-04-23T00:00:00,2025-04-23T00:00:00,2025-04-25T00:00:00,328143,Coatings & Adhesives Corporation,DPE3500-T2,DPE3500,DPE3500,4600.0,4600.0,2086.56,7360.0,7360.0,6467.218
2,PV,OP,00010,166431,25005975,1.0,2025-04-23T00:00:00,2025-04-23T00:00:00,2025-04-25T00:00:00,328143,Coatings & Adhesives Corporation,DPE3500-T2,DPE3500,DPE3500,11500.0,11500.0,5216.4,18400.0,18400.0,16168.045
1,OV,OP,00010,118981,182471,1.0,2020-01-30T00:00:00,2020-01-30T00:00:00,2020-01-30T00:00:00,328143,Coatings & Adhesives Corporation,171143PX-T2,171143PX,171143PX,2300.0,2300.0,1043.28,4025.0,4025.0,3650.9056
1,OV,OP,00010,118981,182472,1.0,2020-01-30T00:00:00,2020-01-30T00:00:00,2020-01-30T00:00:00,328143,Coatings & Adhesives Corporation,171143PX-T2,171143PX,171143PX,4600.0,4600.0,2086.56,8050.0,8050.0,7301.8113
1,OV,OP,00010,121190,186787,1.0,2020-04-29T00:00:00,2020-04-29T00:00:00,2020-04-29T00:00:00,328143,Coatings & Adhesives Corporation,191245PX-T2,191245PX,191245PX,39100.0,39100.0,17735.76,45747.0,45747.0,42147.9737
1,OV,OP,00010,121591,187451,1.0,2020-05-13T00:00:00,2020-05-13T00:00:00,2020-05-13T00:00:00,328143,Coatings & Adhesives Corporation,191245PX-T2,191245PX,191245PX,41400.0,41400.0,18779.04,48438.0,48438.0,44697.0073
1,OV,OP,00010,123909,192979,1.0,2020-09-22T00:00:00,2020-09-22T00:00:00,2020-09-22T00:00:00,328143,Coatings & Adhesives Corporation,191245PX-T2,191245PX,191245PX,41400.0,41400.0,18779.04,48438.0,48438.0,41390.1063
1,OV,OP,00010,124162,193135,1.0,2020-09-28T00:00:00,2020-09-28T00:00:00,2020-09-28T00:00:00,328143,Coatings & Adhesives Corporation,191245PX-T2,191245PX,191245PX,41400.0,41400.0,18779.04,48438.0,48438.0,41551.9474
1,OV,OP,00010,124163,193478,1.0,2020-10-05T00:00:00,2020-10-05T00:00:00,2020-10-05T00:00:00,328143,Coatings & Adhesives Corporation,191245PX-T2,191245PX,191245PX,41400.0,41400.0,18779.04,48438.0,48438.0,41108.6089
1,OV,OP,00010,124164,194006,1.0,2020-10-15T00:00:00,2020-10-15T00:00:00,2020-10-15T00:00:00,328143,Coatings & Adhesives Corporation,191245PX-T2,191245PX,191245PX,41400.0,41400.0,18779.04,48438.0,48438.0,41386.8271
1,OV,OP,00010,124648,194410,1.0,2020-10-23T00:00:00,2020-10-23T00:00:00,2020-10-23T00:00:00,328143,Coatings & Adhesives Corporation,191245PX-T2,191245PX,191245PX,41400.0,41400.0,18779.04,48438.0,48438.0,40910.3376
1,OV,OP,00010,124750,195265,1.0,2020-11-09T00:00:00,2020-11-09T00:00:00,2020-11-09T00:00:00,328143,Coatings & Adhesives Corporation,191245PX-T2,191245PX,191245PX,2300.0,2300.0,1043.28,2691.0,2691.0,2278.411
1,OV,OP,00010,124750,195266,1.0,2020-11-09T00:00:00,2020-11-09T00:00:00,2020-11-09T00:00:00,328143,Coatings & Adhesives Corporation,191245PX-T2,191245PX,191245PX,39100.0,39100.0,17735.76,45747.0,45747.0,38732.9876
1,OV,OP,00010,124751,195987,1.0,2020-11-20T00:00:00,2020-11-20T00:00:00,2020-11-20T00:00:00,328143,Coatings & Adhesives Corporation,191245PX-T2,191245PX,191245PX,2300.0,2300.0,1043.28,2691.0,2691.0,2269.38
1,OV,OP,00010,124751,195988,1.0,2020-11-20T00:00:00,2020-11-20T00:00:00,2020-11-20T00:00:00,328143,Coatings & Adhesives Corporation,191245PX-T2,191245PX,191245PX,39100.0,39100.0,17735.76,45747.0,45747.0,38579.4607
1,OV,OP,00010,139768,231632,1.0,2022-07-14T00:00:00,2022-07-14T00:00:00,2022-07-14T00:00:00,328143,Coatings & Adhesives Corporation,191245PX-T2,191245PX,191245PX,41400.0,41400.0,18779.04,53406.0,53406.0,53265.4301
1,OV,OP,00010,139768,231691,1.0,2022-07-15T00:00:00,2022-07-15T00:00:00,2022-07-15T00:00:00,328143,Coatings & Adhesives Corporation,191245PX-T2,191245PX,191245PX,6900.0,6900.0,3129.84,8901.0,8901.0,8818.8696
1,OV,OP,00010,139768,231692,1.0,2022-07-15T00:00:00,2022-07-15T00:00:00,2022-07-15T00:00:00,328143,Coatings & Adhesives Corporation,191245PX-T2,191245PX,191245PX,34500.0,34500.0,15649.2,44505.0,44505.0,44094.3479
1,OV,OP,00010,159752,269356,1.0,2024-08-12T00:00:00,2024-08-12T00:00:00,2024-08-12T00:00:00,328143,Coatings & Adhesives Corporation,DPE3500-T2,DPE3500,DPE3500,36800.0,36800.0,16692.48,58880.0,58880.0,53876.4306
1,OV,OP,00010,164310,277129,1.0,2025-01-31T00:00:00,2025-01-31T00:00:00,2025-01-31T00:00:00,328143,Coatings & Adhesives Corporation,DPE3500-T2,DPE3500,DPE3500,36800.0,36800.0,16692.48,58880.0,58880.0,56618.325
1,OV,OP,00010,164498,277131,1.0,2025-01-31T00:00:00,2025-01-31T00:00:00,2025-01-31T00:00:00,328143,Coatings & Adhesives Corporation,DPE3500-T2,DPE3500,DPE3500,4600.0,4600.0,2086.56,7360.0,7360.0,7077.2906
1,OV,OP,00010,164498,277133,1.0,2025-01-31T00:00:00,2025-01-31T00:00:00,2025-01-31T00:00:00,328143,Coatings & Adhesives Corporation,DPE3500-T2,DPE3500,DPE3500,32200.0,32200.0,14605.92,51520.0,51520.0,49541.0344
1,OV,OP,00010,165971,279227,1.0,2025-03-20T00:00:00,2025-03-20T00:00:00,2025-03-20T00:00:00,328143,Coatings & Adhesives Corporation,DPE3500-T2,DPE3500,DPE3500,36800.0,36800.0,16692.48,58880.0,58880.0,54281.5191
1,OV,OP,00010,166431,280848,1.0,2025-04-23T00:00:00,2025-04-23T00:00:00,2025-04-23T00:00:00,328143,Coatings & Adhesives Corporation,DPE3500-T2,DPE3500,DPE3500,6900.0,6900.0,3129.84,11040.0,11040.0,9726.707
1,OV,OP,00010,166431,280850,1.0,2025-04-23T00:00:00,2025-04-23T00:00:00,2025-04-23T00:00:00,328143,Coatings & Adhesives Corporation,DPE3500-T2,DPE3500,DPE3500,13800.0,13800.0,6259.68,22080.0,22080.0,19453.414
1,OV,OP,00010,166431,280852,1.0,2025-04-23T00:00:00,2025-04-23T00:00:00,2025-04-23T00:00:00,328143,Coatings & Adhesives Corporation,DPE3500-T2,DPE3500,DPE3500,4600.0,4600.0,2086.56,7360.0,7360.0,6484.4713
1,OV,OP,00010,166431,280854,1.0,2025-04-23T00:00:00,2025-04-23T00:00:00,2025-04-23T00:00:00,328143,Coatings & Adhesives Corporation,DPE3500-T2,DPE3500,DPE3500,11500.0,11500.0,5216.4,18400.0,18400.0,16211.1783
1,OV,OP,00010,147027,246670,1.0,2023-05-05T00:00:00,2023-05-05T00:00:00,2023-05-05T00:00:00,328143,Coatings & Adhesives Corporation,191245PX-T2,191245PX,191245PX,36800.0,36800.0,16692.48,58880.0,58880.0,53408.8056
4,OV,OP,00010,118981,182470,1.0,2020-01-30T00:00:00,2020-01-30T00:00:00,2020-01-30T00:00:00,328143,Coatings & Adhesives Corporation,171143PX-T2,171143PX,171143PX,2300.0,2300.0,1043.28,4025.0,4025.0,3650.9056
4,OV,OP,00010,118981,182470,1.0,2020-01-30T00:00:00,2020-01-30T00:00:00,2020-01-30T00:00:00,328143,Coatings & Adhesives Corporation,171143PX-T2,171143PX,171143PX,4600.0,4600.0,2086.56,8050.0,8050.0,7301.8113
1,OV,OP,00010,159752,269357,1.0,2024-08-12T00:00:00,2024-08-12T00:00:00,2024-08-12T00:00:00,328143,Coatings & Adhesives Corporation,DPE3500-T2,DPE3500,DPE3500,36800.0,36800.0,16692.48,2914.56,2914.56,2666.8833
1,OV,OP,00010,164310,277130,1.0,2025-01-31T00:00:00,2025-01-31T00:00:00,2025-01-31T00:00:00,328143,Coatings & Adhesives Corporation,DPE3500-T2,DPE3500,DPE3500,36800.0,36800.0,16692.48,3164.8,3164.8,3043.235
1,OV,OP,00010,164498,277132,1.0,2025-01-31T00:00:00,2025-01-31T00:00:00,2025-01-31T00:00:00,328143,Coatings & Adhesives Corporation,DPE3500-T2,DPE3500,DPE3500,4600.0,4600.0,2086.56,395.6,395.6,380.4044
1,OV,OP,00010,164498,277134,1.0,2025-01-31T00:00:00,2025-01-31T00:00:00,2025-01-31T00:00:00,328143,Coatings & Adhesives Corporation,DPE3500-T2,DPE3500,DPE3500,32200.0,32200.0,14605.92,2769.2,2769.2,2662.8306
1,OV,OP,00010,165971,279228,1.0,2025-03-20T00:00:00,2025-03-20T00:00:00,2025-03-20T00:00:00,328143,Coatings & Adhesives Corporation,DPE3500-T2,DPE3500,DPE3500,36800.0,36800.0,16692.48,3164.8,3164.8,2917.6317
1,OV,OP,00010,166431,280849,1.0,2025-04-23T00:00:00,2025-04-23T00:00:00,2025-04-23T00:00:00,328143,Coatings & Adhesives Corporation,DPE3500-T2,DPE3500,DPE3500,6900.0,6900.0,3129.84,593.4,593.4,522.8105
1,OV,OP,00010,166431,280851,1.0,2025-04-23T00:00:00,2025-04-23T00:00:00,2025-04-23T00:00:00,328143,Coatings & Adhesives Corporation,DPE3500-T2,DPE3500,DPE3500,13800.0,13800.0,6259.68,1186.8,1186.8,1045.621
1,OV,OP,00010,166431,280853,1.0,2025-04-23T00:00:00,2025-04-23T00:00:00,2025-04-23T00:00:00,328143,Coatings & Adhesives Corporation,DPE3500-T2,DPE3500,DPE3500,4600.0,4600.0,2086.56,395.6,395.6,348.5403
1,OV,OP,00010,166431,280855,1.0,2025-04-23T00:00:00,2025-04-23T00:00:00,2025-04-23T00:00:00,328143,Coatings & Adhesives Corporation,DPE3500-T2,DPE3500,DPE3500,11500.0,11500.0,5216.4,989.0,989.0,871.3508
1,OV,OP,00010,121591,187452,1.0,2020-05-13T00:00:00,2020-05-13T00:00:00,2020-05-13T00:00:00,328143,Coatings & Adhesives Corporation,191245PX-T2,191245PX,191245PX,41400.0,41400.0,18779.04,2484.0,2484.0,2292.1542
2,PV,OP,00010,139768,22011216,1.0,2022-07-15T00:00:00,2022-07-15T00:00:00,2022-07-20T00:00:00,328143,Coatings & Adhesives Corporation,191245PX-T2,191245PX,191245PX,34500.0,34500.0,15649.2,44505.0,44505.0,43572.3888
2,PV,OP,00010,138746,22006668,1.0,2022-04-21T00:00:00,2022-04-21T00:00:00,2022-04-26T00:00:00,292774,"Ascent Chemicals Danville, Inc.",HP1632-T2,HP1632,HP1632,30870.0,30870.0,14002.632,66370.5,66370.5,62271.1526
2,PV,OP,00010,128424,21018941,1.0,2021-08-27T00:00:00,2021-08-27T00:00:00,2021-09-23T00:00:00,292774,"Ascent Chemicals Danville, Inc.",HP1632-T2,HP1632,HP1632,13230.0,13230.0,6001.128,25798.5,25798.5,21984.8187
2,PV,OP,00010,132755,21022808,1.0,2021-11-11T00:00:00,2021-11-11T00:00:00,2021-11-30T00:00:00,292774,"Ascent Chemicals Danville, Inc.",HP1632-T2,HP1632,HP1632,24255.0,24255.0,11002.068,47297.25,47297.25,41901.225
2,PV,OP,00010,132756,21022808,1.0,2021-11-19T00:00:00,2021-11-19T00:00:00,2021-11-30T00:00:00,292774,"Ascent Chemicals Danville, Inc.",HP1632-T2,HP1632,HP1632,24255.0,24255.0,11002.068,47297.25,47297.25,41901.225
2,PV,OP,00010,137502,22003577,1.0,2022-03-04T00:00:00,2022-03-04T00:00:00,2022-03-06T00:00:00,292774,"Ascent Chemicals Danville, Inc.",HP1632-T2,HP1632,HP1632,33964.0,33964.0,15406.0704,73022.6,73022.6,66774.7206
2,PV,OP,00010,139058,22006901,1.0,2022-05-02T00:00:00,2022-05-02T00:00:00,2022-05-03T00:00:00,292774,"Ascent Chemicals Danville, Inc.",HP1632-T2,HP1632,HP1632,33075.0,33075.0,15002.82,71111.25,71111.25,67514.6492
2,PV,OP,00010,140219,22008696,1.0,2022-06-03T00:00:00,2022-06-03T00:00:00,2022-06-06T00:00:00,292774,"Ascent Chemicals Danville, Inc.",HP1632-T2,HP1632,HP1632,30870.0,30870.0,14002.632,66370.5,66370.5,62047.0327
2,PV,OP,00010,140873,22010710,1.0,2022-07-11T00:00:00,2022-07-11T00:00:00,2022-07-12T00:00:00,292774,"Ascent Chemicals Danville, Inc.",HP1632-T2,HP1632,HP1632,30870.0,30870.0,14002.632,66370.5,66370.5,65934.8639
2,PV,OP,00010,140873,22010710,1.0,2022-07-11T00:00:00,2022-07-11T00:00:00,2022-07-12T00:00:00,292774,"Ascent Chemicals Danville, Inc.",HP1632-T2,HP1632,HP1632,2205.0,2205.0,1000.188,4740.75,4740.75,4709.6331
2,PV,OP,00010,142889,22019828,1.0,2022-11-01T00:00:00,2022-11-01T00:00:00,2022-11-01T00:00:00,292774,"Ascent Chemicals Danville, Inc.",HP1632-T2,HP1632,HP1632,15435.0,15435.0,7001.316,125023.5,125023.5,126636.8282
2,PV,OP,00010,142889,22019828,1.0,2022-11-01T00:00:00,2022-11-01T00:00:00,2022-11-01T00:00:00,292774,"Ascent Chemicals Danville, Inc.",HP1632-T2,HP1632,HP1632,17640.0,17640.0,8001.504,142884.0,142884.0,144727.8037
2,PV,OP,00010,143545,23000866,1.0,2023-01-13T00:00:00,2023-01-13T00:00:00,2023-01-16T00:00:00,292774,"Ascent Chemicals Danville, Inc.",HP1632-T2,HP1632,HP1632,33075.0,33075.0,15002.82,266584.5,266584.5,246265.4827
2,PV,OP,00010,144189,23004059,1.0,2023-02-28T00:00:00,2023-02-28T00:00:00,2023-02-28T00:00:00,292774,"Ascent Chemicals Danville, Inc.",HP1632-T2,HP1632,HP1632,24255.0,24255.0,11002.068,195495.3,195495.3,184388.606
2,PV,OP,00010,144190,23006746,1.0,2023-03-29T00:00:00,2023-03-29T00:00:00,2023-03-29T00:00:00,292774,"Ascent Chemicals Danville, Inc.",HP1632-T2,HP1632,HP1632,15435.0,15435.0,7001.316,124406.1,124406.1,114910.68
2,PV,OP,00010,151337,23023556,1.0,2023-12-19T00:00:00,2023-12-19T00:00:00,2023-12-20T00:00:00,292774,"Ascent Chemicals Danville, Inc.",HP1632-T2,HP1632,HP1632,33075.0,33075.0,15002.82,246408.75,246408.75,224899.1388
2,PV,OP,00010,157019,24005961,1.0,2024-04-29T00:00:00,2024-04-29T00:00:00,2024-04-29T00:00:00,292774,"Ascent Chemicals Danville, Inc.",HP1632-T2,HP1632,HP1632,11025.0,11025.0,5000.94,81034.85,81034.85,75613.9751
2,PV,OP,00010,157019,24005961,1.0,2024-04-29T00:00:00,2024-04-29T00:00:00,2024-04-29T00:00:00,292774,"Ascent Chemicals Danville, Inc.",HP1632-T2,HP1632,HP1632,15435.0,15435.0,7001.316,113448.79,113448.79,105859.5651
2,PV,OP,00010,163768,25002270,1.0,2025-02-11T00:00:00,2025-02-11T00:00:00,2025-02-13T00:00:00,292774,"Ascent Chemicals Danville, Inc.",HP1632-T2,HP1632,HP1632,33075.0,33075.0,15002.82,243104.56,243104.56,233115.3207
2,PV,OP,00010,166559,25006905,1.0,2025-05-16T00:00:00,2025-05-16T00:00:00,2025-05-19T00:00:00,292774,"Ascent Chemicals Danville, Inc.",HP1632-T2,HP1632,HP1632,17640.0,17640.0,8001.504,129654.0,129654.0,115397.5055
2,PV,OP,00010,172652,25018818,1.0,2025-12-17T00:00:00,2025-12-17T00:00:00,2025-12-23T00:00:00,292774,"Ascent Chemicals Danville, Inc.",HP1632-T2,HP1632,HP1632,17640.0,17640.0,8001.504,128772.0,128772.0,109344.7478
2,PV,OP,00010,175126,26007293,1.0,2026-04-30T00:00:00,2026-04-30T00:00:00,2026-05-01T00:00:00,292774,"Ascent Chemicals Danville, Inc.",HP1632-T2,HP1632,HP1632,15435.0,15435.0,7001.316,107890.65,107890.65,91772.1537
3,PV,OP,00010,128424,21018935,1.0,2021-08-27T00:00:00,2021-08-27T00:00:00,2021-09-23T00:00:00,292774,"Ascent Chemicals Danville, Inc.",HP1632-T2,HP1632,HP1632,13230.0,13230.0,6001.128,25798.5,25798.5,21984.8187
3,PV,OP,00010,128424,21018936,1.0,2021-09-14T00:00:00,2021-09-14T00:00:00,2021-09-23T00:00:00,292774,"Ascent Chemicals Danville, Inc.",HP1632-T2,HP1632,HP1632,19845.0,19845.0,9001.692000000001,38697.75,38697.75,32977.228
2,PV,OP,00010,176247,26011867,1.0,2026-06-12T00:00:00,2026-06-12T00:00:00,2026-06-19T00:00:00,292774,"Ascent Chemicals Danville, Inc.",HP1632-T2,HP1632,HP1632,15435.0,15435.0,7001.316,107890.65,107890.65,94117.9014
2,PV,OP,00010,176247,26011867,1.0,2026-06-17T00:00:00,2026-06-17T00:00:00,2026-06-19T00:00:00,292774,"Ascent Chemicals Danville, Inc.",HP1632-T2,HP1632,HP1632,4410.0,4410.0,2000.376,30825.9,30825.9,26890.829
2,PV,OP,00010,128424,21018941,1.0,2021-09-14T00:00:00,2021-09-14T00:00:00,2021-09-23T00:00:00,292774,"Ascent Chemicals Danville, Inc.",HP1632-T2,HP1632,HP1632,19845.0,19845.0,9001.692000000001,38697.75,38697.75,32977.228
2,PV,OP,00010,128424,21018942,1.0,2021-09-14T00:00:00,2021-09-14T00:00:00,2021-09-23T00:00:00,292774,"Ascent Chemicals Danville, Inc.",HP1632-T2,HP1632,HP1632,19845.0,19845.0,9001.692000000001,38697.75,38697.75,32977.228
2,PV,OP,00010,135126,21022808,1.0,2021-11-30T00:00:00,2021-11-30T00:00:00,2021-11-30T00:00:00,292774,"Ascent Chemicals Danville, Inc.",HP1632-T2,HP1632,HP1632,24255.0,24255.0,11002.068,47297.25,47297.25,41901.225
2,PV,OP,00010,128424,21019253,1.0,2021-09-14T00:00:00,2021-09-14T00:00:00,2021-09-28T00:00:00,292774,"Ascent Chemicals Danville, Inc.",HP1632-T2,HP1632,HP1632,19845.0,19845.0,9001.692000000001,38697.75,38697.75,33126.8219
2,PV,OP,00010,135126,21023183,1.0,2021-11-30T00:00:00,2021-11-30T00:00:00,2021-12-05T00:00:00,292774,"Ascent Chemicals Danville, Inc.",HP1632-T2,HP1632,HP1632,24255.0,24255.0,11002.068,47297.25,47297.25,41815.0872
2,PV,OP,00010,172652,25018818,1.0,2025-12-17T00:00:00,2025-12-17T00:00:00,2025-12-23T00:00:00,292774,"Ascent Chemicals Danville, Inc.",HP1632-T2,HP1632,HP1632,17640.0,17640.0,8001.504,128772.0,128772.0,109344.7478
2,PV,OP,00010,175126,26007293,1.0,2026-04-30T00:00:00,2026-04-30T00:00:00,2026-05-01T00:00:00,292774,"Ascent Chemicals Danville, Inc.",HP1632-T2,HP1632,HP1632,15435.0,15435.0,7001.316,107890.65,107890.65,91772.1537
2,PV,OP,00010,176247,26011867,1.0,2026-06-11T00:00:00,2026-06-11T00:00:00,2026-06-19T00:00:00,292774,"Ascent Chemicals Danville, Inc.",HP1632-T2,HP1632,HP1632,15435.0,15435.0,7001.316,107890.65,107890.65,94117.9014
1,OV,OP,00010,138746,226795,1.0,2022-04-21T00:00:00,2022-04-21T00:00:00,2022-04-21T00:00:00,292774,"Ascent Chemicals Danville, Inc.",HP1632-T2,HP1632,HP1632,30870.0,30870.0,14002.632,66370.5,66370.5,61230.0583
1,OV,OP,00010,128424,212618,1.0,2021-08-27T00:00:00,2021-08-27T00:00:00,2021-08-27T00:00:00,292774,"Ascent Chemicals Danville, Inc.",HP1632-T2,HP1632,HP1632,13230.0,13230.0,6001.128,25798.5,25798.5,21873.5807
1,OV,OP,00010,128424,213464,1.0,2021-09-14T00:00:00,2021-09-14T00:00:00,2021-09-14T00:00:00,292774,"Ascent Chemicals Danville, Inc.",HP1632-T2,HP1632,HP1632,19845.0,19845.0,9001.692000000001,38697.75,38697.75,32729.0787
1,OV,OP,00010,139058,227344,1.0,2022-05-02T00:00:00,2022-05-02T00:00:00,2022-05-02T00:00:00,292774,"Ascent Chemicals Danville, Inc.",HP1632-T2,HP1632,HP1632,33075.0,33075.0,15002.82,71111.25,71111.25,67609.2769
1,OV,OP,00010,140219,229235,1.0,2022-06-03T00:00:00,2022-06-03T00:00:00,2022-06-03T00:00:00,292774,"Ascent Chemicals Danville, Inc.",HP1632-T2,HP1632,HP1632,30870.0,30870.0,14002.632,66370.5,66370.5,61952.2955
1,OV,OP,00010,132755,217454,1.0,2021-11-11T00:00:00,2021-11-11T00:00:00,2021-11-11T00:00:00,292774,"Ascent Chemicals Danville, Inc.",HP1632-T2,HP1632,HP1632,24255.0,24255.0,11002.068,47297.25,47297.25,41254.3547
1,OV,OP,00010,132756,218027,1.0,2021-11-19T00:00:00,2021-11-19T00:00:00,2021-11-19T00:00:00,292774,"Ascent Chemicals Danville, Inc.",HP1632-T2,HP1632,HP1632,24255.0,24255.0,11002.068,47297.25,47297.25,41797.2987
1,OV,OP,00010,135126,218609,1.0,2021-11-30T00:00:00,2021-11-30T00:00:00,2021-11-30T00:00:00,292774,"Ascent Chemicals Danville, Inc.",HP1632-T2,HP1632,HP1632,24255.0,24255.0,11002.068,47297.25,47297.25,41901.225
1,OV,OP,00010,137502,224251,1.0,2022-03-04T00:00:00,2022-03-04T00:00:00,2022-03-04T00:00:00,292774,"Ascent Chemicals Danville, Inc.",HP1632-T2,HP1632,HP1632,33964.0,33964.0,15406.0704,73022.6,73022.6,66923.3873
1,OV,OP,00010,140873,231352,1.0,2022-07-11T00:00:00,2022-07-11T00:00:00,2022-07-11T00:00:00,292774,"Ascent Chemicals Danville, Inc.",HP1632-T2,HP1632,HP1632,30870.0,30870.0,14002.632,66370.5,66370.5,65811.0232
1,OV,OP,00010,140873,231355,1.0,2022-07-11T00:00:00,2022-07-11T00:00:00,2022-07-11T00:00:00,292774,"Ascent Chemicals Danville, Inc.",HP1632-T2,HP1632,HP1632,2205.0,2205.0,1000.188,4740.75,4740.75,4700.7874
1,OV,OP,00010,142889,237373,1.0,2022-11-01T00:00:00,2022-11-01T00:00:00,2022-11-01T00:00:00,292774,"Ascent Chemicals Danville, Inc.",HP1632-T2,HP1632,HP1632,15435.0,15435.0,7001.316,125023.5,125023.5,126636.8282
1,OV,OP,00010,142889,237375,1.0,2022-11-01T00:00:00,2022-11-01T00:00:00,2022-11-01T00:00:00,292774,"Ascent Chemicals Danville, Inc.",HP1632-T2,HP1632,HP1632,17640.0,17640.0,8001.504,142884.0,142884.0,144727.8037
1,OV,OP,00010,143545,240788,1.0,2023-01-13T00:00:00,2023-01-13T00:00:00,2023-01-13T00:00:00,292774,"Ascent Chemicals Danville, Inc.",HP1632-T2,HP1632,HP1632,33075.0,33075.0,15002.82,266584.5,266584.5,246594.3414
1,OV,OP,00010,144190,244518,1.0,2023-03-29T00:00:00,2023-03-29T00:00:00,2023-03-29T00:00:00,292774,"Ascent Chemicals Danville, Inc.",HP1632-T2,HP1632,HP1632,15435.0,15435.0,7001.316,124406.1,124406.1,114910.68
1,OV,OP,00010,151337,257769,1.0,2023-12-19T00:00:00,2023-12-19T00:00:00,2023-12-19T00:00:00,292774,"Ascent Chemicals Danville, Inc.",HP1632-T2,HP1632,HP1632,33075.0,33075.0,15002.82,246408.75,246408.75,224445.5989
1,OV,OP,00010,157019,264253,1.0,2024-04-29T00:00:00,2024-04-29T00:00:00,2024-04-29T00:00:00,292774,"Ascent Chemicals Danville, Inc.",HP1632-T2,HP1632,HP1632,11025.0,11025.0,5000.94,81034.85,81034.85,75613.9751
1,OV,OP,00010,157019,264255,1.0,2024-04-29T00:00:00,2024-04-29T00:00:00,2024-04-29T00:00:00,292774,"Ascent Chemicals Danville, Inc.",HP1632-T2,HP1632,HP1632,15435.0,15435.0,7001.316,113448.79,113448.79,105859.5651
1,OV,OP,00010,163768,277452,1.0,2025-02-11T00:00:00,2025-02-11T00:00:00,2025-02-11T00:00:00,292774,"Ascent Chemicals Danville, Inc.",HP1632-T2,HP1632,HP1632,33075.0,33075.0,15002.82,243104.56,243104.56,234955.7195
1,OV,OP,00010,166559,281830,1.0,2025-05-16T00:00:00,2025-05-16T00:00:00,2025-05-16T00:00:00,292774,"Ascent Chemicals Danville, Inc.",HP1632-T2,HP1632,HP1632,17640.0,17640.0,8001.504,129654.0,129654.0,116374.6947
1,OV,OP,00010,172652,290934,1.0,2025-12-17T00:00:00,2025-12-17T00:00:00,2025-12-17T00:00:00,292774,"Ascent Chemicals Danville, Inc.",HP1632-T2,HP1632,HP1632,17640.0,17640.0,8001.504,128772.0,128772.0,109615.7871
1,OV,OP,00010,172652,290934,1.0,2025-12-17T00:00:00,2025-12-17T00:00:00,2025-12-17T00:00:00,292774,"Ascent Chemicals Danville, Inc.",HP1632-T2,HP1632,HP1632,17640.0,17640.0,8001.504,128772.0,128772.0,109615.7871
1,OV,OP,00010,175126,296188,1.0,2026-04-30T00:00:00,2026-04-30T00:00:00,2026-04-30T00:00:00,292774,"Ascent Chemicals Danville, Inc.",HP1632-T2,HP1632,HP1632,15435.0,15435.0,7001.316,107890.65,107890.65,91983.2526
1,OV,OP,00010,175126,296190,1.0,2026-04-30T00:00:00,2026-04-30T00:00:00,2026-04-30T00:00:00,292774,"Ascent Chemicals Danville, Inc.",HP1632-T2,HP1632,HP1632,15435.0,15435.0,7001.316,107890.65,107890.65,91983.2526
1,OV,OP,00010,176247,297907,1.0,2026-06-11T00:00:00,2026-06-11T00:00:00,2026-06-11T00:00:00,292774,"Ascent Chemicals Danville, Inc.",HP1632-T2,HP1632,HP1632,15435.0,15435.0,7001.316,107890.65,107890.65,93696.6316
1,OV,OP,00010,176247,297970,1.0,2026-06-12T00:00:00,2026-06-12T00:00:00,2026-06-12T00:00:00,292774,"Ascent Chemicals Danville, Inc.",HP1632-T2,HP1632,HP1632,15435.0,15435.0,7001.316,107890.65,107890.65,93217.2735
1,OV,OP,00010,176247,298173,1.0,2026-06-17T00:00:00,2026-06-17T00:00:00,2026-06-17T00:00:00,292774,"Ascent Chemicals Danville, Inc.",HP1632-T2,HP1632,HP1632,4410.0,4410.0,2000.376,30825.9,30825.9,26590.0144
1,OV,OP,00010,144189,242966,1.0,2023-02-28T00:00:00,2023-02-28T00:00:00,2023-02-28T00:00:00,292774,"Ascent Chemicals Danville, Inc.",HP1632-T2,HP1632,HP1632,24255.0,24255.0,11002.068,195495.3,195495.3,184388.606
4,OV,OP,00010,138746,226793,1.0,2022-04-21T00:00:00,2022-04-21T00:00:00,2022-04-21T00:00:00,292774,"Ascent Chemicals Danville, Inc.",HP1632-T2,HP1632,HP1632,30870.0,30870.0,14002.632,207755.1,207755.1,191664.3221
1,OV,OP,00010,138746,226796,1.0,2022-04-21T00:00:00,2022-04-21T00:00:00,2022-04-21T00:00:00,292774,"Ascent Chemicals Danville, Inc.",HP1632-T2,HP1632,HP1632,30870.0,30870.0,14002.632,2469.6,2469.6,2278.3278
4,OV,OP,00010,138746,226794,1.0,2022-04-21T00:00:00,2022-04-21T00:00:00,2022-04-21T00:00:00,292774,"Ascent Chemicals Danville, Inc.",HP1632-T2,HP1632,HP1632,30870.0,30870.0,14002.632,2469.6,2469.6,2278.3278
4,OV,OP,00010,139058,227271,1.0,2022-04-29T00:00:00,2022-04-29T00:00:00,2022-04-29T00:00:00,292774,"Ascent Chemicals Danville, Inc.",HP1632-T2,HP1632,HP1632,33075.0,33075.0,15002.82,71111.25,71111.25,67737.135
4,OV,OP,00010,176247,297909,1.0,2026-06-11T00:00:00,2026-06-11T00:00:00,2026-06-11T00:00:00,292774,"Ascent Chemicals Danville, Inc.",HP1632-T2,HP1632,HP1632,19845.0,19845.0,9001.692000000001,138716.55,138716.55,120467.0978
4,OV,OP,00010,176247,297964,1.0,2026-06-12T00:00:00,2026-06-11T00:00:00,2026-06-12T00:00:00,292774,"Ascent Chemicals Danville, Inc.",HP1632-T2,HP1632,HP1632,19845.0,19845.0,9001.692000000001,138716.55,138716.55,119850.7802
4,OV,OP,00010,176247,297968,1.0,2026-06-12T00:00:00,2026-06-12T00:00:00,2026-06-12T00:00:00,292774,"Ascent Chemicals Danville, Inc.",HP1632-T2,HP1632,HP1632,19845.0,19845.0,9001.692000000001,138716.55,138716.55,119850.7802
1,OV,OP,00010,151337,257770,1.0,2023-12-19T00:00:00,2023-12-19T00:00:00,2023-12-19T00:00:00,292774,"Ascent Chemicals Danville, Inc.",HP1632-T2,HP1632,HP1632,33075.0,33075.0,15002.82,1918.35,1918.35,1747.3617
1,OV,OP,00010,157019,264254,1.0,2024-04-29T00:00:00,2024-04-29T00:00:00,2024-04-29T00:00:00,292774,"Ascent Chemicals Danville, Inc.",HP1632-T2,HP1632,HP1632,11025.0,11025.0,5000.94,902.95,902.95,842.5466
1,OV,OP,00010,157019,264256,1.0,2024-04-29T00:00:00,2024-04-29T00:00:00,2024-04-29T00:00:00,292774,"Ascent Chemicals Danville, Inc.",HP1632-T2,HP1632,HP1632,15435.0,15435.0,7001.316,1264.13,1264.13,1179.5653
1,OV,OP,00010,163768,277453,1.0,2025-02-11T00:00:00,2025-02-11T00:00:00,2025-02-11T00:00:00,292774,"Ascent Chemicals Danville, Inc.",HP1632-T2,HP1632,HP1632,33075.0,33075.0,15002.82,2844.45,2844.45,2749.1043
1,OV,OP,00010,166559,281831,1.0,2025-05-16T00:00:00,2025-05-16T00:00:00,2025-05-16T00:00:00,292774,"Ascent Chemicals Danville, Inc.",HP1632-T2,HP1632,HP1632,17640.0,17640.0,8001.504,793.8,793.8,712.4981
1,OV,OP,00010,172652,290935,1.0,2025-12-17T00:00:00,2025-12-17T00:00:00,2025-12-17T00:00:00,292774,"Ascent Chemicals Danville, Inc.",HP1632-T2,HP1632,HP1632,17640.0,17640.0,8001.504,705.6,705.6,600.6345
1,OV,OP,00010,172652,290935,1.0,2025-12-17T00:00:00,2025-12-17T00:00:00,2025-12-17T00:00:00,292774,"Ascent Chemicals Danville, Inc.",HP1632-T2,HP1632,HP1632,17640.0,17640.0,8001.504,705.6,705.6,600.6345
1,OV,OP,00010,175126,296189,1.0,2026-04-30T00:00:00,2026-04-30T00:00:00,2026-04-30T00:00:00,292774,"Ascent Chemicals Danville, Inc.",HP1632-T2,HP1632,HP1632,15435.0,15435.0,7001.316,771.75,771.75,657.9632
1,OV,OP,00010,175126,296191,1.0,2026-04-30T00:00:00,2026-04-30T00:00:00,2026-04-30T00:00:00,292774,"Ascent Chemicals Danville, Inc.",HP1632-T2,HP1632,HP1632,15435.0,15435.0,7001.316,771.75,771.75,657.9632
1,OV,OP,00010,176247,297908,1.0,2026-06-11T00:00:00,2026-06-11T00:00:00,2026-06-11T00:00:00,292774,"Ascent Chemicals Danville, Inc.",HP1632-T2,HP1632,HP1632,15435.0,15435.0,7001.316,771.75,771.75,670.2191
1,OV,OP,00010,176247,297971,1.0,2026-06-12T00:00:00,2026-06-12T00:00:00,2026-06-12T00:00:00,292774,"Ascent Chemicals Danville, Inc.",HP1632-T2,HP1632,HP1632,15435.0,15435.0,7001.316,771.75,771.75,666.7902
4,OV,OP,00010,176247,297910,1.0,2026-06-11T00:00:00,2026-06-11T00:00:00,2026-06-11T00:00:00,292774,"Ascent Chemicals Danville, Inc.",HP1632-T2,HP1632,HP1632,19845.0,19845.0,9001.692000000001,992.25,992.25,861.7103
4,OV,OP,00010,176247,297965,1.0,2026-06-12T00:00:00,2026-06-11T00:00:00,2026-06-12T00:00:00,292774,"Ascent Chemicals Danville, Inc.",HP1632-T2,HP1632,HP1632,19845.0,19845.0,9001.692000000001,992.25,992.25,857.3017
4,OV,OP,00010,176247,297969,1.0,2026-06-12T00:00:00,2026-06-12T00:00:00,2026-06-12T00:00:00,292774,"Ascent Chemicals Danville, Inc.",HP1632-T2,HP1632,HP1632,19845.0,19845.0,9001.692000000001,992.25,992.25,857.3017
1,OV,OP,00010,176247,298174,1.0,2026-06-17T00:00:00,2026-06-17T00:00:00,2026-06-17T00:00:00,292774,"Ascent Chemicals Danville, Inc.",HP1632-T2,HP1632,HP1632,4410.0,4410.0,2000.376,220.5,220.5,190.2004
1,OV,OP,00010,128424,212619,1.0,2021-08-27T00:00:00,2021-08-27T00:00:00,2021-08-27T00:00:00,292774,"Ascent Chemicals Danville, Inc.",HP1632-T2,HP1632,HP1632,13230.0,13230.0,6001.128,1058.4,1058.4,897.3777
1,OV,OP,00010,128424,213465,1.0,2021-09-14T00:00:00,2021-09-14T00:00:00,2021-09-14T00:00:00,292774,"Ascent Chemicals Danville, Inc.",HP1632-T2,HP1632,HP1632,19845.0,19845.0,9001.692000000001,1587.6,1587.6,1342.7314
1,OV,OP,00010,139058,227345,1.0,2022-05-02T00:00:00,2022-05-02T00:00:00,2022-05-02T00:00:00,292774,"Ascent Chemicals Danville, Inc.",HP1632-T2,HP1632,HP1632,33075.0,33075.0,15002.82,2646.0,2646.0,2515.694
1,OV,OP,00010,140219,229236,1.0,2022-06-03T00:00:00,2022-06-03T00:00:00,2022-06-03T00:00:00,292774,"Ascent Chemicals Danville, Inc.",HP1632-T2,HP1632,HP1632,30870.0,30870.0,14002.632,2469.6,2469.6,2305.2017
4,OV,OP,00010,139058,227272,1.0,2022-04-29T00:00:00,2022-04-29T00:00:00,2022-04-29T00:00:00,292774,"Ascent Chemicals Danville, Inc.",HP1632-T2,HP1632,HP1632,33075.0,33075.0,15002.82,2646.0,2646.0,2520.4515
1,OV,OP,00010,140873,231356,1.0,2022-07-11T00:00:00,2022-07-11T00:00:00,2022-07-11T00:00:00,292774,"Ascent Chemicals Danville, Inc.",HP1632-T2,HP1632,HP1632,2205.0,2205.0,1000.188,176.4,176.4,174.913
1,OV,OP,00010,142889,237376,1.0,2022-11-01T00:00:00,2022-11-01T00:00:00,2022-11-01T00:00:00,292774,"Ascent Chemicals Danville, Inc.",HP1632-T2,HP1632,HP1632,17640.0,17640.0,8001.504,1411.2,1411.2,1429.4104
1,OV,OP,00010,142889,237374,1.0,2022-11-01T00:00:00,2022-11-01T00:00:00,2022-11-01T00:00:00,292774,"Ascent Chemicals Danville, Inc.",HP1632-T2,HP1632,HP1632,15435.0,15435.0,7001.316,1234.8,1234.8,1250.7341
1,OV,OP,00010,143545,240789,1.0,2023-01-13T00:00:00,2023-01-13T00:00:00,2023-01-13T00:00:00,292774,"Ascent Chemicals Danville, Inc.",HP1632-T2,HP1632,HP1632,33075.0,33075.0,15002.82,2646.0,2646.0,2447.5865
1,OV,OP,00010,144189,242967,1.0,2023-02-28T00:00:00,2023-02-28T00:00:00,2023-02-28T00:00:00,292774,"Ascent Chemicals Danville, Inc.",HP1632-T2,HP1632,HP1632,24255.0,24255.0,11002.068,1940.4,1940.4,1830.1599
1,OV,OP,00010,144190,244519,1.0,2023-03-29T00:00:00,2023-03-29T00:00:00,2023-03-29T00:00:00,292774,"Ascent Chemicals Danville, Inc.",HP1632-T2,HP1632,HP1632,15435.0,15435.0,7001.316,1234.8,1234.8,1140.5527
1,OV,OP,00010,140873,231353,1.0,2022-07-11T00:00:00,2022-07-11T00:00:00,2022-07-11T00:00:00,292774,"Ascent Chemicals Danville, Inc.",HP1632-T2,HP1632,HP1632,30870.0,30870.0,14002.632,2469.6,2469.6,2448.7823
1,OV,OP,00010,132755,217455,1.0,2021-11-11T00:00:00,2021-11-11T00:00:00,2021-11-11T00:00:00,292774,"Ascent Chemicals Danville, Inc.",HP1632-T2,HP1632,HP1632,24255.0,24255.0,11002.068,1940.4,1940.4,1692.4863
1,OV,OP,00010,132756,218028,1.0,2021-11-19T00:00:00,2021-11-19T00:00:00,2021-11-19T00:00:00,292774,"Ascent Chemicals Danville, Inc.",HP1632-T2,HP1632,HP1632,24255.0,24255.0,11002.068,1940.4,1940.4,1714.761
1,OV,OP,00010,135126,218610,1.0,2021-11-30T00:00:00,2021-11-30T00:00:00,2021-11-30T00:00:00,292774,"Ascent Chemicals Danville, Inc.",HP1632-T2,HP1632,HP1632,24255.0,24255.0,11002.068,1940.4,1940.4,1719.0246
1,OV,OP,00010,137502,224252,1.0,2022-03-04T00:00:00,2022-03-04T00:00:00,2022-03-04T00:00:00,292774,"Ascent Chemicals Danville, Inc.",HP1632-T2,HP1632,HP1632,33964.0,33964.0,15406.0704,2717.12,2717.12,2490.1726
2,PV,OP,00010,140870,22009115,1.0,2022-06-07T00:00:00,2022-06-07T00:00:00,2022-06-07T00:00:00,324962,Ascent Industries Co.,WD40-UN,WD40,WD40,700.0,700.0,317.52,1799.0,1799.0,1681.8738
2,PV,OP,00010,140870,22009115,1.0,2022-06-07T00:00:00,2022-06-07T00:00:00,2022-06-07T00:00:00,324962,Ascent Industries Co.,WD40-UN,WD40,WD40,700.0,700.0,317.52,1799.0,1799.0,1681.8738
2,PV,OP,00010,140871,22009114,1.0,2022-06-07T00:00:00,2022-06-07T00:00:00,2022-06-07T00:00:00,324962,Ascent Industries Co.,WD40-UN,WD40,WD40,1400.0,1400.0,635.04,3598.0,3598.0,3363.7475
2,PV,OP,00010,142081,22012588,1.0,2022-08-01T00:00:00,2022-08-01T00:00:00,2022-08-01T00:00:00,324962,Ascent Industries Co.,WD40-UN,WD40,WD40,1400.0,1400.0,635.04,3598.0,3598.0,3504.1472
2,PV,OP,00010,142086,22012594,1.0,2022-08-01T00:00:00,2022-08-01T00:00:00,2022-08-01T00:00:00,324962,Ascent Industries Co.,WD40-UN,WD40,WD40,700.0,700.0,317.52,1799.0,1799.0,1752.0736
2,PV,OP,00010,142086,22012594,1.0,2022-08-01T00:00:00,2022-08-01T00:00:00,2022-08-01T00:00:00,324962,Ascent Industries Co.,WD40-UN,WD40,WD40,350.0,350.0,158.76,899.5,899.5,876.0368
2,PV,OP,00010,142574,22015431,1.0,2022-09-02T00:00:00,2022-09-02T00:00:00,2022-09-02T00:00:00,324962,Ascent Industries Co.,WD40-UN,WD40,WD40,1400.0,1400.0,635.04,3598.0,3598.0,3587.3154
2,PV,OP,00010,143310,22014186,1.0,2022-08-25T00:00:00,2022-08-25T00:00:00,2022-08-25T00:00:00,324962,Ascent Industries Co.,WD40-UN,WD40,WD40,1400.0,1400.0,635.04,3598.0,3598.0,3612.5251
2,PV,OP,00010,143676,22016439,1.0,2022-09-21T00:00:00,2022-09-21T00:00:00,2022-09-22T00:00:00,324962,Ascent Industries Co.,WD40-UN,WD40,WD40,350.0,350.0,158.76,899.5,899.5,914.195
2,PV,OP,00010,142626,22019562,1.0,2022-10-25T00:00:00,2022-10-25T00:00:00,2022-10-26T00:00:00,324962,Ascent Industries Co.,WD40-UN,WD40,WD40,5600.0,5600.0,2540.16,14392.0,14392.0,14300.7173
2,PV,OP,00010,142627,22016442,1.0,2022-09-15T00:00:00,2022-09-15T00:00:00,2022-09-22T00:00:00,324962,Ascent Industries Co.,WD40-UN,WD40,WD40,1750.0,1750.0,793.8,4497.5,4497.5,4570.9752
2,PV,OP,00010,142627,22016442,1.0,2022-09-15T00:00:00,2022-09-15T00:00:00,2022-09-22T00:00:00,324962,Ascent Industries Co.,WD40-UN,WD40,WD40,1400.0,1400.0,635.04,3598.0,3598.0,3656.7802
2,PV,OP,00010,142627,22016442,1.0,2022-09-15T00:00:00,2022-09-15T00:00:00,2022-09-22T00:00:00,324962,Ascent Industries Co.,WD40-UN,WD40,WD40,1050.0,1050.0,476.28000000000003,2698.5,2698.5,2742.5851
2,PV,OP,00010,144459,22022170,1.0,2022-11-30T00:00:00,2022-11-30T00:00:00,2022-12-05T00:00:00,324962,Ascent Industries Co.,WD40-UN,WD40,WD40,5250.0,5250.0,2381.4,13492.5,13492.5,12854.2656
1,OV,OP,00010,140870,229427,1.0,2022-06-07T00:00:00,2022-06-07T00:00:00,2022-06-07T00:00:00,324962,Ascent Industries Co.,WD40-UN,WD40,WD40,700.0,700.0,317.52,1799.0,1799.0,1681.8738
1,OV,OP,00010,140870,229427,1.0,2022-06-07T00:00:00,2022-06-07T00:00:00,2022-06-07T00:00:00,324962,Ascent Industries Co.,WD40-UN,WD40,WD40,700.0,700.0,317.52,1799.0,1799.0,1681.8738
1,OV,OP,00010,140871,229425,1.0,2022-06-07T00:00:00,2022-06-07T00:00:00,2022-06-07T00:00:00,324962,Ascent Industries Co.,WD40-UN,WD40,WD40,1400.0,1400.0,635.04,3598.0,3598.0,3363.7475
1,OV,OP,00010,142081,232751,1.0,2022-08-01T00:00:00,2022-08-01T00:00:00,2022-08-01T00:00:00,324962,Ascent Industries Co.,WD40-UN,WD40,WD40,1400.0,1400.0,635.04,3598.0,3598.0,3504.1472
1,OV,OP,00010,142086,232767,1.0,2022-08-01T00:00:00,2022-08-01T00:00:00,2022-08-01T00:00:00,324962,Ascent Industries Co.,WD40-UN,WD40,WD40,700.0,700.0,317.52,1799.0,1799.0,1752.0736
1,OV,OP,00010,142086,232767,1.0,2022-08-01T00:00:00,2022-08-01T00:00:00,2022-08-01T00:00:00,324962,Ascent Industries Co.,WD40-UN,WD40,WD40,350.0,350.0,158.76,899.5,899.5,876.0368
1,OV,OP,00010,142574,234589,1.0,2022-09-02T00:00:00,2022-09-02T00:00:00,2022-09-02T00:00:00,324962,Ascent Industries Co.,WD40-UN,WD40,WD40,1400.0,1400.0,635.04,3598.0,3598.0,3587.3154
1,OV,OP,00010,143310,234006,1.0,2022-08-25T00:00:00,2022-08-25T00:00:00,2022-08-25T00:00:00,324962,Ascent Industries Co.,WD40-UN,WD40,WD40,1400.0,1400.0,635.04,3598.0,3598.0,3612.5251
1,OV,OP,00010,143676,235520,1.0,2022-09-21T00:00:00,2022-09-21T00:00:00,2022-09-21T00:00:00,324962,Ascent Industries Co.,WD40-UN,WD40,WD40,350.0,350.0,158.76,899.5,899.5,910.5766
1,OV,OP,00010,142626,237030,1.0,2022-10-25T00:00:00,2022-10-25T00:00:00,2022-10-25T00:00:00,324962,Ascent Industries Co.,WD40-UN,WD40,WD40,5600.0,5600.0,2540.16,14392.0,14392.0,14447.438
1,OV,OP,00010,142627,235237,1.0,2022-09-15T00:00:00,2022-09-15T00:00:00,2022-09-15T00:00:00,324962,Ascent Industries Co.,WD40-UN,WD40,WD40,1750.0,1750.0,793.8,4497.5,4497.5,4501.7816
1,OV,OP,00010,142627,235239,1.0,2022-09-15T00:00:00,2022-09-15T00:00:00,2022-09-15T00:00:00,324962,Ascent Industries Co.,WD40-UN,WD40,WD40,1400.0,1400.0,635.04,3598.0,3598.0,3601.4253
1,OV,OP,00010,142627,235241,1.0,2022-09-15T00:00:00,2022-09-15T00:00:00,2022-09-15T00:00:00,324962,Ascent Industries Co.,WD40-UN,WD40,WD40,1050.0,1050.0,476.28000000000003,2698.5,2698.5,2701.069
1,OV,OP,00010,144459,238749,1.0,2022-11-30T00:00:00,2022-11-30T00:00:00,2022-11-30T00:00:00,324962,Ascent Industries Co.,WD40-UN,WD40,WD40,5250.0,5250.0,2381.4,13492.5,13492.5,13073.8034
1,OV,OP,00010,140870,229428,1.0,2022-06-07T00:00:00,2022-06-07T00:00:00,2022-06-07T00:00:00,324962,Ascent Industries Co.,WD40-UN,WD40,WD40,700.0,700.0,317.52,84.0,84.0,78.5311
1,OV,OP,00010,140870,229428,1.0,2022-06-07T00:00:00,2022-06-07T00:00:00,2022-06-07T00:00:00,324962,Ascent Industries Co.,WD40-UN,WD40,WD40,700.0,700.0,317.52,84.0,84.0,78.5311
1,OV,OP,00010,140871,229426,1.0,2022-06-07T00:00:00,2022-06-07T00:00:00,2022-06-07T00:00:00,324962,Ascent Industries Co.,WD40-UN,WD40,WD40,1400.0,1400.0,635.04,168.0,168.0,157.0621
1,OV,OP,00010,142081,232752,1.0,2022-08-01T00:00:00,2022-08-01T00:00:00,2022-08-01T00:00:00,324962,Ascent Industries Co.,WD40-UN,WD40,WD40,1400.0,1400.0,635.04,168.0,168.0,163.6178
1,OV,OP,00010,142086,232768,1.0,2022-08-01T00:00:00,2022-08-01T00:00:00,2022-08-01T00:00:00,324962,Ascent Industries Co.,WD40-UN,WD40,WD40,700.0,700.0,317.52,84.0,84.0,81.8089
1,OV,OP,00010,142086,232768,1.0,2022-08-01T00:00:00,2022-08-01T00:00:00,2022-08-01T00:00:00,324962,Ascent Industries Co.,WD40-UN,WD40,WD40,350.0,350.0,158.76,42.0,42.0,40.9044
1,OV,OP,00010,142574,234590,1.0,2022-09-02T00:00:00,2022-09-02T00:00:00,2022-09-02T00:00:00,324962,Ascent Industries Co.,WD40-UN,WD40,WD40,1400.0,1400.0,635.04,168.0,168.0,167.5011
1,OV,OP,00010,142626,237031,1.0,2022-10-25T00:00:00,2022-10-25T00:00:00,2022-10-25T00:00:00,324962,Ascent Industries Co.,WD40-UN,WD40,WD40,5600.0,5600.0,2540.16,672.0,672.0,674.5885
1,OV,OP,00010,142627,235238,1.0,2022-09-15T00:00:00,2022-09-15T00:00:00,2022-09-15T00:00:00,324962,Ascent Industries Co.,WD40-UN,WD40,WD40,1750.0,1750.0,793.8,210.0,210.0,210.1999
1,OV,OP,00010,142627,235240,1.0,2022-09-15T00:00:00,2022-09-15T00:00:00,2022-09-15T00:00:00,324962,Ascent Industries Co.,WD40-UN,WD40,WD40,1400.0,1400.0,635.04,168.0,168.0,168.1599
1,OV,OP,00010,142627,235242,1.0,2022-09-15T00:00:00,2022-09-15T00:00:00,2022-09-15T00:00:00,324962,Ascent Industries Co.,WD40-UN,WD40,WD40,1050.0,1050.0,476.28000000000003,126.0,126.0,126.12
1,OV,OP,00010,143310,234007,1.0,2022-08-25T00:00:00,2022-08-25T00:00:00,2022-08-25T00:00:00,324962,Ascent Industries Co.,WD40-UN,WD40,WD40,1400.0,1400.0,635.04,168.0,168.0,168.6782
1,OV,OP,00010,143676,235521,1.0,2022-09-21T00:00:00,2022-09-21T00:00:00,2022-09-21T00:00:00,324962,Ascent Industries Co.,WD40-UN,WD40,WD40,350.0,350.0,158.76,42.0,42.0,42.5172
1,OV,OP,00010,144459,238750,1.0,2022-11-30T00:00:00,2022-11-30T00:00:00,2022-11-30T00:00:00,324962,Ascent Industries Co.,WD40-UN,WD40,WD40,5250.0,5250.0,2381.4,630.0,630.0,610.45
2,PV,OP,00010,119679,20010645,1.0,2020-02-26T00:00:00,2020-02-26T00:00:00,2020-07-23T00:00:00,331380,Ascent Industries Co.,WD40-UN,WD40,WD40,12000.0,12000.0,5443.2,13680.0,13680.0,11769.7604
2,PV,OP,00010,119770,20003294,1.0,2020-03-06T00:00:00,2020-03-06T00:00:00,2020-03-09T00:00:00,331380,Ascent Industries Co.,WD40-UN,WD40,WD40,9800.0,9800.0,4445.28,11172.0,11172.0,9792.5418
2,PV,OP,00010,119770,20003294,1.0,2020-03-06T00:00:00,2020-03-06T00:00:00,2020-03-09T00:00:00,331380,Ascent Industries Co.,WD40-UN,WD40,WD40,12950.0,12950.0,5874.12,14763.0,14763.0,12940.1445
2,PV,OP,00010,119770,20003294,1.0,2020-03-09T00:00:00,2020-03-09T00:00:00,2020-03-09T00:00:00,331380,Ascent Industries Co.,WD40-UN,WD40,WD40,5950.0,5950.0,2698.92,6783.0,6783.0,5945.4718
2,PV,OP,00010,120234,20004561,1.0,2020-03-17T00:00:00,2020-03-17T00:00:00,2020-03-31T00:00:00,331380,Ascent Industries Co.,WD40-UN,WD40,WD40,16800.0,16800.0,7620.4800000000005,19152.0,19152.0,17370.2128
2,PV,OP,00010,120234,20004561,1.0,2020-03-17T00:00:00,2020-03-17T00:00:00,2020-03-31T00:00:00,331380,Ascent Industries Co.,WD40-UN,WD40,WD40,11900.0,11900.0,5397.84,13566.0,13566.0,12303.9008
2,PV,OP,00010,120234,20004561,1.0,2020-03-17T00:00:00,2020-03-17T00:00:00,2020-03-31T00:00:00,331380,Ascent Industries Co.,WD40-UN,WD40,WD40,350.0,350.0,158.76,399.0,399.0,361.8794
2,PV,OP,00010,120334,20008951,1.0,2020-04-20T00:00:00,2020-04-20T00:00:00,2020-06-09T00:00:00,331380,Ascent Industries Co.,WD40-UN,WD40,WD40,11550.0,11550.0,5239.08,13167.0,13167.0,11603.3081
2,PV,OP,00010,121522,20008236,1.0,2020-05-21T00:00:00,2020-05-21T00:00:00,2020-05-28T00:00:00,331380,Ascent Industries Co.,WD40-UN,WD40,WD40,16100.0,16100.0,7302.96,18354.0,18354.0,16587.6808
2,PV,OP,00010,121522,20008236,1.0,2020-05-21T00:00:00,2020-05-21T00:00:00,2020-05-28T00:00:00,331380,Ascent Industries Co.,WD40-UN,WD40,WD40,16800.0,16800.0,7620.4800000000005,19152.0,19152.0,17308.8843
2,PV,OP,00010,121849,20008790,1.0,2020-05-28T00:00:00,2020-05-28T00:00:00,2020-06-08T00:00:00,331380,Ascent Industries Co.,WD40-UN,WD40,WD40,14000.0,14000.0,6350.4,15960.0,15960.0,14129.1103
2,PV,OP,00010,121849,20008790,1.0,2020-05-28T00:00:00,2020-05-28T00:00:00,2020-06-08T00:00:00,331380,Ascent Industries Co.,WD40-UN,WD40,WD40,15050.0,15050.0,6826.68,17157.0,17157.0,15188.7936
2,PV,OP,00010,121856,20010878,1.0,2020-06-19T00:00:00,2020-06-19T00:00:00,2020-07-31T00:00:00,331380,Ascent Industries Co.,WD40-UN,WD40,WD40,30800.0,30800.0,13970.88,35112.0,35112.0,29707.41
2,PV,OP,00010,121857,20010621,1.0,2020-07-17T00:00:00,2020-07-17T00:00:00,2020-07-23T00:00:00,331380,Ascent Industries Co.,WD40-UN,WD40,WD40,28000.0,28000.0,12700.8,31920.0,31920.0,27462.7742
2,PV,OP,00010,122920,20015481,1.0,2020-07-31T00:00:00,2020-07-31T00:00:00,2020-10-22T00:00:00,331380,Ascent Industries Co.,WD40-UN,WD40,WD40,14000.0,14000.0,6350.4,16800.0,16800.0,14207.1871
2,PV,OP,00010,122922,20013063,1.0,2020-08-18T00:00:00,2020-08-18T00:00:00,2020-09-09T00:00:00,331380,Ascent Industries Co.,WD40-UN,WD40,WD40,11550.0,11550.0,5239.08,13167.0,13167.0,11147.6035
2,PV,OP,00010,122922,20013063,1.0,2020-08-18T00:00:00,2020-08-18T00:00:00,2020-09-09T00:00:00,331380,Ascent Industries Co.,WD40-UN,WD40,WD40,16800.0,16800.0,7620.4800000000005,19152.0,19152.0,16214.6961
2,PV,OP,00010,124574,20016155,1.0,2020-10-30T00:00:00,2020-10-30T00:00:00,2020-10-30T00:00:00,331380,Ascent Industries Co.,WD40-UN,WD40,WD40,29400.0,29400.0,13335.84,33516.0,33516.0,28776.4153
2,PV,OP,00010,127884,21004720,1.0,2021-03-09T00:00:00,2021-03-09T00:00:00,2021-03-10T00:00:00,331380,Ascent Industries Co.,WD40-UN,WD40,WD40,28700.0,28700.0,13018.32,32718.0,32718.0,27495.5005
2,PV,OP,00010,128507,21006785,1.0,2021-04-13T00:00:00,2021-04-13T00:00:00,2021-04-14T00:00:00,331380,Ascent Industries Co.,WD40-UN,WD40,WD40,28700.0,28700.0,13018.32,34153.0,34153.0,28524.1587
2,PV,OP,00010,129363,21007937,1.0,2021-04-28T00:00:00,2021-04-28T00:00:00,2021-04-28T00:00:00,331380,Ascent Industries Co.,WD40-UN,WD40,WD40,28350.0,28350.0,12859.56,33736.5,33736.5,27877.8397
2,PV,OP,00010,129554,21007992,1.0,2021-04-30T00:00:00,2021-04-30T00:00:00,2021-05-01T00:00:00,331380,Ascent Industries Co.,WD40-UN,WD40,WD40,16800.0,16800.0,7620.4800000000005,19992.0,19992.0,16632.4144
2,PV,OP,00010,129554,21016179,1.0,2021-08-03T00:00:00,2021-08-03T00:00:00,2021-08-17T00:00:00,331380,Ascent Industries Co.,WD40-UN,WD40,WD40,11200.0,11200.0,5080.32,13328.0,13328.0,11378.3868
2,PV,OP,00010,129555,21009057,1.0,2021-05-18T00:00:00,2021-05-18T00:00:00,2021-05-19T00:00:00,331380,Ascent Industries Co.,WD40-UN,WD40,WD40,16800.0,16800.0,7620.4800000000005,19992.0,19992.0,16364.6515
2,PV,OP,00010,129555,21009057,1.0,2021-05-18T00:00:00,2021-05-18T00:00:00,2021-05-19T00:00:00,331380,Ascent Industries Co.,WD40-UN,WD40,WD40,10500.0,10500.0,4762.8,12495.0,12495.0,10227.9072
2,PV,OP,00010,129556,21012192,1.0,2021-06-22T00:00:00,2021-06-22T00:00:00,2021-06-29T00:00:00,331380,Ascent Industries Co.,WD40-UN,WD40,WD40,23100.0,23100.0,10478.16,27489.0,27489.0,23088.8248
2,PV,OP,00010,129930,21013978,1.0,2021-07-20T00:00:00,2021-07-20T00:00:00,2021-07-23T00:00:00,331380,Ascent Industries Co.,WD40-UN,WD40,WD40,11200.0,11200.0,5080.32,13328.0,13328.0,11331.6948
2,PV,OP,00010,129930,21013978,1.0,2021-07-20T00:00:00,2021-07-20T00:00:00,2021-07-23T00:00:00,331380,Ascent Industries Co.,WD40-UN,WD40,WD40,10850.0,10850.0,4921.56,12911.5,12911.5,10977.5794
2,PV,OP,00010,129930,21013978,1.0,2021-07-20T00:00:00,2021-07-20T00:00:00,2021-07-23T00:00:00,331380,Ascent Industries Co.,WD40-UN,WD40,WD40,5950.0,5950.0,2698.92,7080.5,7080.5,6019.9629
2,PV,OP,00010,131110,21018424,1.0,2021-09-13T00:00:00,2021-09-13T00:00:00,2021-09-14T00:00:00,331380,Ascent Industries Co.,WD40-UN,WD40,WD40,28700.0,28700.0,13018.32,34153.0,34153.0,28885.3028
2,PV,OP,00010,131111,21018954,1.0,2021-09-23T00:00:00,2021-09-23T00:00:00,2021-09-23T00:00:00,331380,Ascent Industries Co.,WD40-UN,WD40,WD40,20650.0,20650.0,9366.84,24573.5,24573.5,20940.9052
2,PV,OP,00010,131378,21019248,1.0,2021-09-28T00:00:00,2021-09-28T00:00:00,2021-09-28T00:00:00,331380,Ascent Industries Co.,WD40-UN,WD40,WD40,22400.0,22400.0,10160.64,26656.0,26656.0,22818.6022
1,OV,OP,00010,128283,203908,1.0,2021-04-07T00:00:00,2021-04-07T00:00:00,2021-04-07T00:00:00,331380,Ascent Industries Co.,WD40-UN,WD40,WD40,28700.0,28700.0,13018.32,32718.0,32718.0,27518.5143
1,OV,OP,00010,129554,205189,1.0,2021-04-30T00:00:00,2021-04-30T00:00:00,2021-04-30T00:00:00,331380,Ascent Industries Co.,WD40-UN,WD40,WD40,16800.0,16800.0,7620.4800000000005,19992.0,19992.0,16613.1881
1,OV,OP,00010,129554,211056,1.0,2021-08-03T00:00:00,2021-08-03T00:00:00,2021-08-03T00:00:00,331380,Ascent Industries Co.,WD40-UN,WD40,WD40,11200.0,11200.0,5080.32,13328.0,13328.0,11237.134
1,OV,OP,00010,129555,206172,1.0,2021-05-18T00:00:00,2021-05-18T00:00:00,2021-05-18T00:00:00,331380,Ascent Industries Co.,WD40-UN,WD40,WD40,16800.0,16800.0,7620.4800000000005,19992.0,19992.0,16383.6079
1,OV,OP,00010,129555,206172,1.0,2021-05-18T00:00:00,2021-05-18T00:00:00,2021-05-18T00:00:00,331380,Ascent Industries Co.,WD40-UN,WD40,WD40,10500.0,10500.0,4762.8,12495.0,12495.0,10239.755
1,OV,OP,00010,129556,208483,1.0,2021-06-22T00:00:00,2021-06-22T00:00:00,2021-06-22T00:00:00,331380,Ascent Industries Co.,WD40-UN,WD40,WD40,23100.0,23100.0,10478.16,27489.0,27489.0,23080.3527
1,OV,OP,00010,131111,214050,1.0,2021-09-23T00:00:00,2021-09-23T00:00:00,2021-09-23T00:00:00,331380,Ascent Industries Co.,WD40-UN,WD40,WD40,20650.0,20650.0,9366.84,24573.5,24573.5,20940.9052
1,OV,OP,00010,119679,183807,1.0,2020-02-26T00:00:00,2020-02-26T00:00:00,2020-02-26T00:00:00,331380,Ascent Industries Co.,WD40-UN,WD40,WD40,12000.0,12000.0,5443.2,13680.0,13680.0,12544.6503
1,OV,OP,00010,119770,184239,1.0,2020-03-06T00:00:00,2020-03-06T00:00:00,2020-03-06T00:00:00,331380,Ascent Industries Co.,WD40-UN,WD40,WD40,9800.0,9800.0,4445.28,11172.0,11172.0,9897.3586
1,OV,OP,00010,119770,184244,1.0,2020-03-06T00:00:00,2020-03-06T00:00:00,2020-03-06T00:00:00,331380,Ascent Industries Co.,WD40-UN,WD40,WD40,12950.0,12950.0,5874.12,14763.0,14763.0,13078.6524
1,OV,OP,00010,119770,184317,1.0,2020-03-09T00:00:00,2020-03-09T00:00:00,2020-03-09T00:00:00,331380,Ascent Industries Co.,WD40-UN,WD40,WD40,5950.0,5950.0,2698.92,6783.0,6783.0,5945.4718
1,OV,OP,00010,120234,184729,1.0,2020-03-17T00:00:00,2020-03-17T00:00:00,2020-03-17T00:00:00,331380,Ascent Industries Co.,WD40-UN,WD40,WD40,16800.0,16800.0,7620.4800000000005,19152.0,19152.0,17389.1388
1,OV,OP,00010,120234,184729,1.0,2020-03-17T00:00:00,2020-03-17T00:00:00,2020-03-17T00:00:00,331380,Ascent Industries Co.,WD40-UN,WD40,WD40,11900.0,11900.0,5397.84,13566.0,13566.0,12317.3067
1,OV,OP,00010,120234,184729,1.0,2020-03-17T00:00:00,2020-03-17T00:00:00,2020-03-17T00:00:00,331380,Ascent Industries Co.,WD40-UN,WD40,WD40,350.0,350.0,158.76,399.0,399.0,362.2737
1,OV,OP,00010,120334,186406,1.0,2020-04-20T00:00:00,2020-04-20T00:00:00,2020-04-20T00:00:00,331380,Ascent Industries Co.,WD40-UN,WD40,WD40,11550.0,11550.0,5239.08,13167.0,13167.0,12108.4417
1,OV,OP,00010,120334,186406,1.0,2020-04-20T00:00:00,2020-04-20T00:00:00,2020-04-20T00:00:00,331380,Ascent Industries Co.,WD40-UN,WD40,WD40,16800.0,16800.0,7620.4800000000005,19152.0,19152.0,17612.2788
1,OV,OP,00010,121522,187778,1.0,2020-05-21T00:00:00,2020-05-21T00:00:00,2020-05-21T00:00:00,331380,Ascent Industries Co.,WD40-UN,WD40,WD40,16100.0,16100.0,7302.96,18354.0,18354.0,16755.9282
1,OV,OP,00010,121522,187778,1.0,2020-05-21T00:00:00,2020-05-21T00:00:00,2020-05-21T00:00:00,331380,Ascent Industries Co.,WD40-UN,WD40,WD40,16800.0,16800.0,7620.4800000000005,19152.0,19152.0,17484.4469
1,OV,OP,00010,121849,187940,1.0,2020-05-28T00:00:00,2020-05-28T00:00:00,2020-05-28T00:00:00,331380,Ascent Industries Co.,WD40-UN,WD40,WD40,14000.0,14000.0,6350.4,15960.0,15960.0,14424.0702
1,OV,OP,00010,121849,187940,1.0,2020-05-28T00:00:00,2020-05-28T00:00:00,2020-05-28T00:00:00,331380,Ascent Industries Co.,WD40-UN,WD40,WD40,15050.0,15050.0,6826.68,17157.0,17157.0,15505.8755
1,OV,OP,00010,121856,188834,1.0,2020-06-19T00:00:00,2020-06-19T00:00:00,2020-06-19T00:00:00,331380,Ascent Industries Co.,WD40-UN,WD40,WD40,30800.0,30800.0,13970.88,35112.0,35112.0,31385.7285
1,OV,OP,00010,121857,189935,1.0,2020-07-17T00:00:00,2020-07-17T00:00:00,2020-07-17T00:00:00,331380,Ascent Industries Co.,WD40-UN,WD40,WD40,28000.0,28000.0,12700.8,31920.0,31920.0,27908.1923
1,OV,OP,00010,122920,190576,1.0,2020-07-31T00:00:00,2020-07-31T00:00:00,2020-07-31T00:00:00,331380,Ascent Industries Co.,WD40-UN,WD40,WD40,14700.0,14700.0,6667.92,17640.0,17640.0,14924.7753
1,OV,OP,00010,122920,190576,1.0,2020-07-31T00:00:00,2020-07-31T00:00:00,2020-07-31T00:00:00,331380,Ascent Industries Co.,WD40-UN,WD40,WD40,14000.0,14000.0,6350.4,16800.0,16800.0,14214.0718
1,OV,OP,00010,122921,190803,1.0,2020-08-04T00:00:00,2020-08-04T00:00:00,2020-08-04T00:00:00,331380,Ascent Industries Co.,WD40-UN,WD40,WD40,28000.0,28000.0,12700.8,31920.0,31920.0,27129.0729
1,OV,OP,00010,122922,191506,1.0,2020-08-18T00:00:00,2020-08-18T00:00:00,2020-08-18T00:00:00,331380,Ascent Industries Co.,WD40-UN,WD40,WD40,11550.0,11550.0,5239.08,13167.0,13167.0,11036.1238
1,OV,OP,00010,122922,191506,1.0,2020-08-18T00:00:00,2020-08-18T00:00:00,2020-08-18T00:00:00,331380,Ascent Industries Co.,WD40-UN,WD40,WD40,16800.0,16800.0,7620.4800000000005,19152.0,19152.0,16052.5437
1,OV,OP,00010,124574,194840,1.0,2020-10-30T00:00:00,2020-10-30T00:00:00,2020-10-30T00:00:00,331380,Ascent Industries Co.,WD40-UN,WD40,WD40,29400.0,29400.0,13335.84,33516.0,33516.0,28776.4153
1,OV,OP,00010,127884,202178,1.0,2021-03-09T00:00:00,2021-03-09T00:00:00,2021-03-09T00:00:00,331380,Ascent Industries Co.,WD40-UN,WD40,WD40,28700.0,28700.0,13018.32,32718.0,32718.0,27523.4155
1,OV,OP,00010,128507,204233,1.0,2021-04-13T00:00:00,2021-04-13T00:00:00,2021-04-13T00:00:00,331380,Ascent Industries Co.,WD40-UN,WD40,WD40,28700.0,28700.0,13018.32,34153.0,34153.0,28613.4449
1,OV,OP,00010,129363,205037,1.0,2021-04-28T00:00:00,2021-04-28T00:00:00,2021-04-28T00:00:00,331380,Ascent Industries Co.,WD40-UN,WD40,WD40,28350.0,28350.0,12859.56,33736.5,33736.5,27877.8397
1,OV,OP,00010,129584,203560,1.0,2021-04-01T00:00:00,2021-04-01T00:00:00,2021-04-01T00:00:00,331380,Ascent Industries Co.,WD40-UN,WD40,WD40,1750.0,1750.0,793.8,1995.0,1995.0,1694.7447
1,OV,OP,00010,129930,210101,1.0,2021-07-20T00:00:00,2021-07-20T00:00:00,2021-07-20T00:00:00,331380,Ascent Industries Co.,WD40-UN,WD40,WD40,11200.0,11200.0,5080.32,13328.0,13328.0,11319.6077
1,OV,OP,00010,129930,210102,1.0,2021-07-20T00:00:00,2021-07-20T00:00:00,2021-07-20T00:00:00,331380,Ascent Industries Co.,WD40-UN,WD40,WD40,10850.0,10850.0,4921.56,12911.5,12911.5,10965.8699
1,OV,OP,00010,131110,213435,1.0,2021-09-13T00:00:00,2021-09-13T00:00:00,2021-09-13T00:00:00,331380,Ascent Industries Co.,WD40-UN,WD40,WD40,28700.0,28700.0,13018.32,34153.0,34153.0,28918.6497
1,OV,OP,00010,131378,214319,1.0,2021-09-28T00:00:00,2021-09-28T00:00:00,2021-09-28T00:00:00,331380,Ascent Industries Co.,WD40-UN,WD40,WD40,22400.0,22400.0,10160.64,26656.0,26656.0,22818.6022
1,OV,OP,00010,129930,210103,1.0,2021-07-20T00:00:00,2021-07-20T00:00:00,2021-07-20T00:00:00,331380,Ascent Industries Co.,WD40-UN,WD40,WD40,5950.0,5950.0,2698.92,7080.5,7080.5,6013.5416
2,PV,OP,00010,119679,20008193,1.0,2020-02-26T00:00:00,2020-02-26T00:00:00,2020-05-28T00:00:00,331380,Ascent Industries Co.,WD40-UN,WD40,WD40,12000.0,12000.0,5443.2,13680.0,13680.0,12363.4888
4,OV,OP,00010,131111,214049,1.0,2021-09-23T00:00:00,2021-09-13T00:00:00,2021-09-23T00:00:00,331380,Ascent Industries Co.,WD40-UN,WD40,WD40,28946.0,28946.0,13129.9056,34445.74,34445.74,29353.7744
1,OV,OP,00010,119679,183808,1.0,2020-02-26T00:00:00,2020-02-26T00:00:00,2020-02-26T00:00:00,331380,Ascent Industries Co.,WD40-UN,WD40,WD40,12000.0,12000.0,5443.2,960.0,960.0,880.3263
1,OV,OP,00010,119770,184240,1.0,2020-03-06T00:00:00,2020-03-06T00:00:00,2020-03-06T00:00:00,331380,Ascent Industries Co.,WD40-UN,WD40,WD40,9800.0,9800.0,4445.28,588.0,588.0,520.9136
1,OV,OP,00010,119770,184245,1.0,2020-03-06T00:00:00,2020-03-06T00:00:00,2020-03-06T00:00:00,331380,Ascent Industries Co.,WD40-UN,WD40,WD40,12950.0,12950.0,5874.12,777.0,777.0,688.3501
1,OV,OP,00010,119770,184318,1.0,2020-03-09T00:00:00,2020-03-09T00:00:00,2020-03-09T00:00:00,331380,Ascent Industries Co.,WD40-UN,WD40,WD40,5950.0,5950.0,2698.92,357.0,357.0,312.9196
1,OV,OP,00010,120234,184730,1.0,2020-03-17T00:00:00,2020-03-17T00:00:00,2020-03-17T00:00:00,331380,Ascent Industries Co.,WD40-UN,WD40,WD40,16800.0,16800.0,7620.4800000000005,1008.0,1008.0,915.2178
1,OV,OP,00010,120234,184730,1.0,2020-03-17T00:00:00,2020-03-17T00:00:00,2020-03-17T00:00:00,331380,Ascent Industries Co.,WD40-UN,WD40,WD40,11900.0,11900.0,5397.84,714.0,714.0,648.2793
1,OV,OP,00010,120234,184730,1.0,2020-03-17T00:00:00,2020-03-17T00:00:00,2020-03-17T00:00:00,331380,Ascent Industries Co.,WD40-UN,WD40,WD40,350.0,350.0,158.76,21.0,21.0,19.067
1,OV,OP,00010,120334,186407,1.0,2020-04-20T00:00:00,2020-04-20T00:00:00,2020-04-20T00:00:00,331380,Ascent Industries Co.,WD40-UN,WD40,WD40,11550.0,11550.0,5239.08,693.0,693.0,637.2864
1,OV,OP,00010,120334,186407,1.0,2020-04-20T00:00:00,2020-04-20T00:00:00,2020-04-20T00:00:00,331380,Ascent Industries Co.,WD40-UN,WD40,WD40,16800.0,16800.0,7620.4800000000005,1008.0,1008.0,926.962
1,OV,OP,00010,121522,187779,1.0,2020-05-21T00:00:00,2020-05-21T00:00:00,2020-05-21T00:00:00,331380,Ascent Industries Co.,WD40-UN,WD40,WD40,16100.0,16100.0,7302.96,966.0,966.0,881.891
1,OV,OP,00010,121522,187779,1.0,2020-05-21T00:00:00,2020-05-21T00:00:00,2020-05-21T00:00:00,331380,Ascent Industries Co.,WD40-UN,WD40,WD40,16800.0,16800.0,7620.4800000000005,1008.0,1008.0,920.234
1,OV,OP,00010,121849,187941,1.0,2020-05-28T00:00:00,2020-05-28T00:00:00,2020-05-28T00:00:00,331380,Ascent Industries Co.,WD40-UN,WD40,WD40,14000.0,14000.0,6350.4,840.0,840.0,759.1616
1,OV,OP,00010,121849,187941,1.0,2020-05-28T00:00:00,2020-05-28T00:00:00,2020-05-28T00:00:00,331380,Ascent Industries Co.,WD40-UN,WD40,WD40,15050.0,15050.0,6826.68,903.0,903.0,816.0987
1,OV,OP,00010,121856,188835,1.0,2020-06-19T00:00:00,2020-06-19T00:00:00,2020-06-19T00:00:00,331380,Ascent Industries Co.,WD40-UN,WD40,WD40,30800.0,30800.0,13970.88,1848.0,1848.0,1651.8804
1,OV,OP,00010,121857,189936,1.0,2020-07-17T00:00:00,2020-07-17T00:00:00,2020-07-17T00:00:00,331380,Ascent Industries Co.,WD40-UN,WD40,WD40,28000.0,28000.0,12700.8,1680.0,1680.0,1468.8522
1,OV,OP,00010,122920,190577,1.0,2020-07-31T00:00:00,2020-07-31T00:00:00,2020-07-31T00:00:00,331380,Ascent Industries Co.,WD40-UN,WD40,WD40,14700.0,14700.0,6667.92,882.0,882.0,746.2388
1,OV,OP,00010,122920,190577,1.0,2020-07-31T00:00:00,2020-07-31T00:00:00,2020-07-31T00:00:00,331380,Ascent Industries Co.,WD40-UN,WD40,WD40,14000.0,14000.0,6350.4,840.0,840.0,710.7036
1,OV,OP,00010,122921,190804,1.0,2020-08-04T00:00:00,2020-08-04T00:00:00,2020-08-04T00:00:00,331380,Ascent Industries Co.,WD40-UN,WD40,WD40,28000.0,28000.0,12700.8,1680.0,1680.0,1427.8459
1,OV,OP,00010,122922,191507,1.0,2020-08-18T00:00:00,2020-08-18T00:00:00,2020-08-18T00:00:00,331380,Ascent Industries Co.,WD40-UN,WD40,WD40,11550.0,11550.0,5239.08,693.0,693.0,580.8486
1,OV,OP,00010,122922,191507,1.0,2020-08-18T00:00:00,2020-08-18T00:00:00,2020-08-18T00:00:00,331380,Ascent Industries Co.,WD40-UN,WD40,WD40,16800.0,16800.0,7620.4800000000005,1008.0,1008.0,844.8707
1,OV,OP,00010,122919,190532,1.0,2020-07-30T00:00:00,2020-07-30T00:00:00,2020-07-30T00:00:00,331380,Ascent Industries Co.,WD40-UN,WD40,WD40,16800.0,16800.0,7620.4800000000005,47376.0,47376.0,40177.1552
1,OV,OP,00010,122919,190532,1.0,2020-07-30T00:00:00,2020-07-30T00:00:00,2020-07-30T00:00:00,331380,Ascent Industries Co.,WD40-UN,WD40,WD40,11900.0,11900.0,5397.84,33558.0,33558.0,28458.8183
1,OV,OP,00010,122919,190533,1.0,2020-07-30T00:00:00,2020-07-30T00:00:00,2020-07-30T00:00:00,331380,Ascent Industries Co.,WD40-UN,WD40,WD40,16800.0,16800.0,7620.4800000000005,1008.0,1008.0,854.8331
1,OV,OP,00010,122919,190533,1.0,2020-07-30T00:00:00,2020-07-30T00:00:00,2020-07-30T00:00:00,331380,Ascent Industries Co.,WD40-UN,WD40,WD40,11900.0,11900.0,5397.84,714.0,714.0,605.5068
2,PV,OP,00010,122919,20012932,1.0,2020-07-30T00:00:00,2020-07-30T00:00:00,2020-09-08T00:00:00,331380,Ascent Industries Co.,WD40-UN,WD40,WD40,16800.0,16800.0,7620.4800000000005,47376.0,47376.0,40188.3786
2,PV,OP,00010,122919,20012932,1.0,2020-07-30T00:00:00,2020-07-30T00:00:00,2020-09-08T00:00:00,331380,Ascent Industries Co.,WD40-UN,WD40,WD40,11900.0,11900.0,5397.84,33558.0,33558.0,28466.7682
2,PV,OP,00010,120334,20008951,1.0,2020-04-20T00:00:00,2020-04-20T00:00:00,2020-06-09T00:00:00,331380,Ascent Industries Co.,WD40-UN,WD40,WD40,16800.0,16800.0,7620.4800000000005,19152.0,19152.0,16877.5391
2,PV,OP,00010,122920,20015481,1.0,2020-07-31T00:00:00,2020-07-31T00:00:00,2020-10-22T00:00:00,331380,Ascent Industries Co.,WD40-UN,WD40,WD40,14700.0,14700.0,6667.92,17640.0,17640.0,14917.5465
2,PV,OP,00010,122921,20014371,1.0,2020-08-04T00:00:00,2020-08-04T00:00:00,2020-09-28T00:00:00,331380,Ascent Industries Co.,WD40-UN,WD40,WD40,28000.0,28000.0,12700.8,31920.0,31920.0,27382.1826
2,PV,OP,00010,128283,21006533,1.0,2021-04-07T00:00:00,2021-04-07T00:00:00,2021-04-08T00:00:00,331380,Ascent Industries Co.,WD40-UN,WD40,WD40,28700.0,28700.0,13018.32,32718.0,32718.0,27484.4909
2,PV,OP,00010,129584,21006428,1.0,2021-04-01T00:00:00,2021-04-01T00:00:00,2021-04-02T00:00:00,331380,Ascent Industries Co.,WD40-UN,WD40,WD40,1750.0,1750.0,793.8,1995.0,1995.0,1696.2865
2,PV,OP,00010,122625,20010345,1.0,2020-07-17T00:00:00,2020-07-17T00:00:00,2020-07-21T00:00:00,331380,Ascent Industries Co.,WD40-SP,WD40,WD40,300.0,300.0,136.08,342.0,342.0,297.5813
2,PV,OP,00010,125374,20017268,1.0,2020-11-20T00:00:00,2020-11-20T00:00:00,2020-11-20T00:00:00,331380,Ascent Industries Co.,WD40-SP,WD40,WD40,60.0,60.0,27.216,68.4,68.4,57.6832
2,PV,OP,00010,127885,21012618,1.0,2021-07-07T00:00:00,2021-07-07T00:00:00,2021-07-07T00:00:00,331380,Ascent Industries Co.,WD40-SP,WD40,WD40,90.0,90.0,40.824,148.5,148.5,125.8225
1,OV,OP,00010,127885,209328,1.0,2021-07-07T00:00:00,2021-07-07T00:00:00,2021-07-07T00:00:00,331380,Ascent Industries Co.,WD40-SP,WD40,WD40,90.0,90.0,40.824,148.5,148.5,125.8225
1,OV,OP,00010,122625,189937,1.0,2020-07-17T00:00:00,2020-07-17T00:00:00,2020-07-17T00:00:00,331380,Ascent Industries Co.,WD40-SP,WD40,WD40,300.0,300.0,136.08,342.0,342.0,299.0163
1,OV,OP,00010,125374,195983,1.0,2020-11-20T00:00:00,2020-11-20T00:00:00,2020-11-20T00:00:00,331380,Ascent Industries Co.,WD40-SP,WD40,WD40,60.0,60.0,27.216,68.4,68.4,57.6832
1,OV,OP,00010,122625,189938,1.0,2020-07-17T00:00:00,2020-07-17T00:00:00,2020-07-17T00:00:00,331380,Ascent Industries Co.,WD40-SP,WD40,WD40,300.0,300.0,136.08,45.0,45.0,39.3443
2,PV,OP,00010,121720,20010874,1.0,2020-06-26T00:00:00,2020-06-26T00:00:00,2020-07-31T00:00:00,322114,"Granite Packaging, LLC",MD4020-C1,MD4020,MD4020,10368.0,1296.0,587.8656,18662.4,18662.4,15789.8031
2,PV,OP,00010,121720,20009888,1.0,2020-07-01T00:00:00,2020-07-01T00:00:00,2020-07-10T00:00:00,322114,"Granite Packaging, LLC",MD4020-C1,MD4020,MD4020,9792.0,1224.0,555.2064,17625.6,17625.6,15576.0935
2,PV,OP,00010,122157,20009888,1.0,2020-07-01T00:00:00,2020-07-01T00:00:00,2020-07-10T00:00:00,322114,"Granite Packaging, LLC",MD4020-C1,MD4020,MD4020,2538.0,317.25,143.9046,4568.4,4568.4,4037.186
2,PV,OP,00010,122157,20012986,1.0,2020-08-31T00:00:00,2020-08-31T00:00:00,2020-09-09T00:00:00,322114,"Granite Packaging, LLC",MD4020-C1,MD4020,MD4020,12072.0,1509.0,684.4824,21729.6,21729.6,18396.9747
2,PV,OP,00010,122157,20013942,1.0,2020-08-31T00:00:00,2020-08-31T00:00:00,2020-09-21T00:00:00,322114,"Granite Packaging, LLC",MD4020-C1,MD4020,MD4020,7704.0,963.0,436.8168,13867.2,13867.2,11813.788
2,PV,OP,00010,124309,20016831,1.0,2020-11-09T00:00:00,2020-11-09T00:00:00,2020-11-10T00:00:00,322114,"Granite Packaging, LLC",MD4020-C1,MD4020,MD4020,16500.0,2062.5,935.55,29700.0,29700.0,25149.5977
2,PV,OP,00010,118405,20004559,1.0,2020-03-27T00:00:00,2020-03-27T00:00:00,2020-03-31T00:00:00,322114,"Granite Packaging, LLC",MD4020-C1,MD4020,MD4020,13824.0,1728.0,783.8208,24883.2,24883.2,22568.2164
2,PV,OP,00010,118405,20005090,1.0,2020-03-31T00:00:00,2020-03-31T00:00:00,2020-04-08T00:00:00,322114,"Granite Packaging, LLC",MD4020-C1,MD4020,MD4020,6336.0,792.0,359.2512,11404.8,11404.8,10500.0435
2,PV,OP,00010,119747,20005090,1.0,2020-04-01T00:00:00,2020-04-01T00:00:00,2020-04-08T00:00:00,322114,"Granite Packaging, LLC",MD4020-C1,MD4020,MD4020,7488.0,936.0,424.5696,13478.4,13478.4,12409.1424
2,PV,OP,00010,119747,20009035,1.0,2020-04-30T00:00:00,2020-04-30T00:00:00,2020-06-10T00:00:00,322114,"Granite Packaging, LLC",MD4020-C1,MD4020,MD4020,12672.0,1584.0,718.5024,22809.6,22809.6,20087.256
1,OV,OP,00010,121720,189059,1.0,2020-06-26T00:00:00,2020-06-26T00:00:00,2020-06-26T00:00:00,322114,"Granite Packaging, LLC",MD4020-C1,MD4020,MD4020,10368.0,1296.0,587.8656,18662.4,18662.4,16642.8614
1,OV,OP,00010,121720,189256,1.0,2020-07-01T00:00:00,2020-07-01T00:00:00,2020-07-01T00:00:00,322114,"Granite Packaging, LLC",MD4020-C1,MD4020,MD4020,9792.0,1224.0,555.2064,17625.6,17625.6,15653.239
1,OV,OP,00010,122157,189257,1.0,2020-07-01T00:00:00,2020-07-01T00:00:00,2020-07-01T00:00:00,322114,"Granite Packaging, LLC",MD4020-C1,MD4020,MD4020,2538.0,317.25,143.9046,4568.4,4568.4,4057.1814
1,OV,OP,00010,122157,192061,1.0,2020-08-31T00:00:00,2020-08-31T00:00:00,2020-08-31T00:00:00,322114,"Granite Packaging, LLC",MD4020-C1,MD4020,MD4020,12072.0,1509.0,684.4824,21729.6,21729.6,18178.8313
1,OV,OP,00010,122157,192066,1.0,2020-08-31T00:00:00,2020-08-31T00:00:00,2020-08-31T00:00:00,322114,"Granite Packaging, LLC",MD4020-C1,MD4020,MD4020,7704.0,963.0,436.8168,13867.2,13867.2,11601.2024
1,OV,OP,00010,124309,195269,1.0,2020-11-09T00:00:00,2020-11-09T00:00:00,2020-11-09T00:00:00,322114,"Granite Packaging, LLC",MD4020-C1,MD4020,MD4020,16500.0,2062.5,935.55,29700.0,29700.0,25146.3425
1,OV,OP,00010,119747,185525,1.0,2020-04-01T00:00:00,2020-04-01T00:00:00,2020-04-01T00:00:00,322114,"Granite Packaging, LLC",MD4020-C1,MD4020,MD4020,7488.0,936.0,424.5696,13478.4,13478.4,12326.9955
1,OV,OP,00010,119747,186877,1.0,2020-04-30T00:00:00,2020-04-30T00:00:00,2020-04-30T00:00:00,322114,"Granite Packaging, LLC",MD4020-C1,MD4020,MD4020,12672.0,1584.0,718.5024,22809.6,22809.6,20864.1464
1,OV,OP,00010,118405,185277,1.0,2020-03-27T00:00:00,2020-03-27T00:00:00,2020-03-27T00:00:00,322114,"Granite Packaging, LLC",MD4020-C1,MD4020,MD4020,13824.0,1728.0,783.8208,24883.2,24883.2,22289.43
1,OV,OP,00010,118405,185507,1.0,2020-03-31T00:00:00,2020-03-31T00:00:00,2020-03-31T00:00:00,322114,"Granite Packaging, LLC",MD4020-C1,MD4020,MD4020,6336.0,792.0,359.2512,11404.8,11404.8,10343.7658
1,OV,OP,00010,125869,214601,1.0,2021-09-30T00:00:00,2021-09-30T00:00:00,2021-09-30T00:00:00,322114,"Granite Packaging, LLC",MD4020-C1,MD4020,MD4020,17658.0,2207.25,1001.2086,31784.4,31784.4,27454.8466
4,OV,OP,00010,119747,185523,1.0,2020-04-01T00:00:00,2020-03-31T00:00:00,2020-04-01T00:00:00,322114,"Granite Packaging, LLC",MD4020-C1,MD4020,MD4020,4032.0,504.0,228.6144,7257.6,7257.6,6637.613
4,OV,OP,00010,119747,186874,1.0,2020-04-30T00:00:00,2020-04-30T00:00:00,2020-04-30T00:00:00,322114,"Granite Packaging, LLC",MD4020-C1,MD4020,MD4020,13824.0,1728.0,783.8208,24883.2,24883.2,22760.887
4,OV,OP,00010,122157,192065,1.0,2020-08-31T00:00:00,2020-08-31T00:00:00,2020-08-31T00:00:00,322114,"Granite Packaging, LLC",MD4020-C1,MD4020,MD4020,7704.0,963.0,436.8168,13867.2,13867.2,11601.2024
1,OV,OP,00010,124309,195270,1.0,2020-11-09T00:00:00,2020-11-09T00:00:00,2020-11-09T00:00:00,322114,"Granite Packaging, LLC",MD4020-C1,MD4020,MD4020,16500.0,2062.5,935.55,247.5,247.5,209.5529
1,OV,OP,00010,125869,214602,1.0,2021-09-30T00:00:00,2021-09-30T00:00:00,2021-09-30T00:00:00,322114,"Granite Packaging, LLC",MD4020-C1,MD4020,MD4020,17658.0,2207.25,1001.2086,264.87,264.87,228.7904
2,PV,OP,00010,125869,21021138,1.0,2021-09-30T00:00:00,2021-09-30T00:00:00,2021-11-02T00:00:00,322114,"Granite Packaging, LLC",MD4020-C1,MD4020,MD4020,17658.0,2207.25,1001.2086,31784.4,31784.4,27447.3837
2,PV,OP,00010,122158,20013029,1.0,2020-08-31T00:00:00,2020-08-31T00:00:00,2020-09-09T00:00:00,322114,"Granite Packaging, LLC",MD4020-C2,MD4020,MD4020,4002.0,1668.4338,756.7782,10845.42,10845.42,9182.0796
2,PV,OP,00010,122158,20012985,1.0,2020-08-31T00:00:00,2020-08-31T00:00:00,2020-09-09T00:00:00,322114,"Granite Packaging, LLC",MD4020-C2,MD4020,MD4020,10800.0,4502.5199999999995,2042.28,29268.0,29268.0,24779.2254
2,PV,OP,00010,122158,20015137,1.0,2020-09-29T00:00:00,2020-09-29T00:00:00,2020-10-14T00:00:00,322114,"Granite Packaging, LLC",MD4020-C2,MD4020,MD4020,13362.0,5570.6178,2526.7542,36211.02,36211.02,30803.9651
2,PV,OP,00010,124311,20016783,1.0,2020-11-05T00:00:00,2020-11-05T00:00:00,2020-11-05T00:00:00,322114,"Granite Packaging, LLC",MD4020-C2,MD4020,MD4020,15420.0,6428.598,2915.922,41788.2,41788.2,35391.2791
2,PV,OP,00010,124311,20016882,1.0,2020-11-10T00:00:00,2020-11-10T00:00:00,2020-11-11T00:00:00,322114,"Granite Packaging, LLC",MD4020-C2,MD4020,MD4020,9906.0,4129.8114,1873.2246,26845.26,26845.26,22815.2254
2,PV,OP,00010,118351,20000346,1.0,2020-01-07T00:00:00,2020-01-07T00:00:00,2020-01-08T00:00:00,322114,"Granite Packaging, LLC",MD4020-C2,MD4020,MD4020,7200.0,3001.68,1361.52,19512.0,19512.0,17552.8859
2,PV,OP,00010,118351,20005616,1.0,2020-03-20T00:00:00,2020-03-20T00:00:00,2020-04-14T00:00:00,322114,"Granite Packaging, LLC",MD4020-C2,MD4020,MD4020,4494.0,1873.5486,849.8154,12178.74,12178.74,11088.9912
2,PV,OP,00010,118351,20004264,1.0,2020-03-20T00:00:00,2020-03-20T00:00:00,2020-03-25T00:00:00,322114,"Granite Packaging, LLC",MD4020-C2,MD4020,MD4020,1734.0,722.9046,327.89939999999996,4699.14,4699.14,4306.7425
2,PV,OP,00010,118351,20004559,1.0,2020-03-27T00:00:00,2020-03-27T00:00:00,2020-03-31T00:00:00,322114,"Granite Packaging, LLC",MD4020-C2,MD4020,MD4020,2016.0,840.4704,381.2256,5463.36,5463.36,4955.0818
2,PV,OP,00010,118351,20005090,1.0,2020-03-31T00:00:00,2020-03-31T00:00:00,2020-04-08T00:00:00,322114,"Granite Packaging, LLC",MD4020-C2,MD4020,MD4020,11262.0,4695.1278,2129.6441999999997,30520.02,30520.02,28098.8302
2,PV,OP,00010,118352,20001960,1.0,2020-01-31T00:00:00,2020-01-31T00:00:00,2020-02-11T00:00:00,322114,"Granite Packaging, LLC",MD4020-C2,MD4020,MD4020,14400.0,6003.36,2723.04,39024.0,39024.0,35751.1079
2,PV,OP,00010,118352,20001964,1.0,2020-01-31T00:00:00,2020-01-31T00:00:00,2020-02-11T00:00:00,322114,"Granite Packaging, LLC",MD4020-C2,MD4020,MD4020,3600.0,1500.84,680.76,9756.0,9756.0,8937.777
2,PV,OP,00010,118353,20001965,1.0,2020-01-31T00:00:00,2020-01-31T00:00:00,2020-02-11T00:00:00,322114,"Granite Packaging, LLC",MD4020-C2,MD4020,MD4020,10800.0,4502.5199999999995,2042.28,29268.0,29268.0,26813.3309
2,PV,OP,00010,125870,21004301,1.0,2021-02-23T00:00:00,2021-02-23T00:00:00,2021-03-02T00:00:00,322114,"Granite Packaging, LLC",MD4020-C2,MD4020,MD4020,3600.0,1500.84,680.76,9756.0,9756.0,8078.0031
2,PV,OP,00010,125870,21005139,1.0,2021-02-23T00:00:00,2021-02-23T00:00:00,2021-03-16T00:00:00,322114,"Granite Packaging, LLC",MD4020-C2,MD4020,MD4020,18000.0,7504.2,3403.7999999999997,48780.0,48780.0,41007.0436
2,PV,OP,00010,128546,21014590,1.0,2021-07-07T00:00:00,2021-07-07T00:00:00,2021-07-30T00:00:00,322114,"Granite Packaging, LLC",MD4020-C2,MD4020,MD4020,5400.0,2251.2599999999998,1021.14,14634.0,14634.0,12333.8001
2,PV,OP,00010,128546,21014589,1.0,2021-07-07T00:00:00,2021-07-07T00:00:00,2021-07-30T00:00:00,322114,"Granite Packaging, LLC",MD4020-C2,MD4020,MD4020,1002.0,417.7338,189.4782,2715.42,2715.42,2288.6051
2,PV,OP,00010,133033,21020998,1.0,2021-10-29T00:00:00,2021-10-29T00:00:00,2021-10-29T00:00:00,322114,"Granite Packaging, LLC",MD4020-C2,MD4020,MD4020,7332.0,3056.7108,1386.4812,25442.04,25442.04,22023.477
2,PV,OP,00010,133033,21021999,1.0,2021-10-29T00:00:00,2021-10-29T00:00:00,2021-11-15T00:00:00,322114,"Granite Packaging, LLC",MD4020-C2,MD4020,MD4020,9000.0,3752.1,1701.8999999999999,31230.0,31230.0,27351.0404
2,PV,OP,00010,133033,21020999,1.0,2021-10-29T00:00:00,2021-10-29T00:00:00,2021-10-29T00:00:00,322114,"Granite Packaging, LLC",MD4020-C2,MD4020,MD4020,19800.0,8254.619999999999,3744.18,68706.0,68706.0,59474.2015
2,PV,OP,00010,133033,21021997,1.0,2021-10-29T00:00:00,2021-10-29T00:00:00,2021-11-15T00:00:00,322114,"Granite Packaging, LLC",MD4020-C2,MD4020,MD4020,4872.0,2031.1368,921.2951999999999,16905.84,16905.84,14806.0299
2,PV,OP,00010,133033,21020997,1.0,2021-10-29T00:00:00,2021-10-29T00:00:00,2021-10-29T00:00:00,322114,"Granite Packaging, LLC",MD4020-C2,MD4020,MD4020,9000.0,3752.1,1701.8999999999999,31230.0,31230.0,27033.728
2,PV,OP,00010,135731,22001954,1.0,2022-01-30T00:00:00,2022-01-30T00:00:00,2022-02-08T00:00:00,322114,"Granite Packaging, LLC",MD4020-C2,MD4020,MD4020,312.0,130.0728,58.999199999999995,1082.64,1082.64,948.3601
2,PV,OP,00010,135731,22001972,1.0,2022-01-30T00:00:00,2022-01-30T00:00:00,2022-02-08T00:00:00,322114,"Granite Packaging, LLC",MD4020-C2,MD4020,MD4020,46488.0,19380.8472,8790.880799999999,161313.36,161313.36,141305.6478
2,PV,OP,00010,135731,22002235,1.0,2022-02-09T00:00:00,2022-02-09T00:00:00,2022-02-10T00:00:00,322114,"Granite Packaging, LLC",MD4020-C2,MD4020,MD4020,2844.0,1185.6636,537.8004,9868.68,9868.68,8590.3514
2,PV,OP,00010,135731,22005839,1.0,2022-04-06T00:00:00,2022-04-06T00:00:00,2022-04-12T00:00:00,322114,"Granite Packaging, LLC",MD4020-C2,MD4020,MD4020,9000.0,3752.1,1701.8999999999999,31230.0,31230.0,28771.7462
2,PV,OP,00010,128546,21017587,1.0,2021-07-07T00:00:00,2021-07-07T00:00:00,2021-09-09T00:00:00,322114,"Granite Packaging, LLC",MD4020-C2,MD4020,MD4020,9000.0,3752.1,1701.8999999999999,24390.0,24390.0,20625.9157
2,PV,OP,00010,128546,21017585,1.0,2021-07-07T00:00:00,2021-07-07T00:00:00,2021-09-09T00:00:00,322114,"Granite Packaging, LLC",MD4020-C2,MD4020,MD4020,9798.0,4084.7862,1852.8018,26552.58,26552.58,22454.7469
2,PV,OP,00010,128546,21017584,1.0,2021-07-07T00:00:00,2021-07-07T00:00:00,2021-09-09T00:00:00,322114,"Granite Packaging, LLC",MD4020-C2,MD4020,MD4020,12600.0,5252.94,2382.66,34146.0,34146.0,28876.282
2,PV,OP,00010,128546,21017588,1.0,2021-07-07T00:00:00,2021-07-07T00:00:00,2021-09-09T00:00:00,322114,"Granite Packaging, LLC",MD4020-C2,MD4020,MD4020,12600.0,5252.94,2382.66,34146.0,34146.0,28876.282
2,PV,OP,00010,128546,21017586,1.0,2021-07-20T00:00:00,2021-07-20T00:00:00,2021-09-09T00:00:00,322114,"Granite Packaging, LLC",MD4020-C2,MD4020,MD4020,5466.0,2278.7754,1033.6206,14812.86,14812.86,12526.8061
2,PV,OP,00010,133034,21022002,1.0,2021-10-29T00:00:00,2021-10-29T00:00:00,2021-11-15T00:00:00,322114,"Granite Packaging, LLC",MD4020-C2,MD4020,MD4020,3516.0,1465.8204,664.8756,13149.84,13149.84,11516.5483
3,PV,OP,00010,128546,21013578,1.0,2021-07-07T00:00:00,2021-07-07T00:00:00,2021-07-20T00:00:00,322114,"Granite Packaging, LLC",MD4020-C2,MD4020,MD4020,9798.0,4084.7862,1852.8018,26552.58,26552.58,22551.3797
1,OV,OP,00010,122158,192059,1.0,2020-08-31T00:00:00,2020-08-31T00:00:00,2020-08-31T00:00:00,322114,"Granite Packaging, LLC",MD4020-C2,MD4020,MD4020,4002.0,1668.4338,756.7782,10845.42,10845.42,9073.2025
1,OV,OP,00010,122158,192060,1.0,2020-08-31T00:00:00,2020-08-31T00:00:00,2020-08-31T00:00:00,322114,"Granite Packaging, LLC",MD4020-C2,MD4020,MD4020,10800.0,4502.5199999999995,2042.28,29268.0,29268.0,24485.4039
1,OV,OP,00010,122158,193204,1.0,2020-09-29T00:00:00,2020-09-29T00:00:00,2020-09-29T00:00:00,322114,"Granite Packaging, LLC",MD4020-C2,MD4020,MD4020,13362.0,5570.6178,2526.7542,36211.02,36211.02,30901.304
1,OV,OP,00010,124311,195132,1.0,2020-11-05T00:00:00,2020-11-05T00:00:00,2020-11-05T00:00:00,322114,"Granite Packaging, LLC",MD4020-C2,MD4020,MD4020,15420.0,6428.598,2915.922,41788.2,41788.2,35391.2791
1,OV,OP,00010,124311,195372,1.0,2020-11-10T00:00:00,2020-11-10T00:00:00,2020-11-10T00:00:00,322114,"Granite Packaging, LLC",MD4020-C2,MD4020,MD4020,9906.0,4129.8114,1873.2246,26845.26,26845.26,22732.2387
1,OV,OP,00010,133034,216555,1.0,2021-10-29T00:00:00,2021-10-29T00:00:00,2021-10-29T00:00:00,322114,"Granite Packaging, LLC",MD4020-C2,MD4020,MD4020,3516.0,1465.8204,664.8756,13149.84,13149.84,11382.9394
1,OV,OP,00010,135731,222133,1.0,2022-01-30T00:00:00,2022-01-30T00:00:00,2022-01-30T00:00:00,322114,"Granite Packaging, LLC",MD4020-C2,MD4020,MD4020,312.0,130.0728,58.999199999999995,1082.64,1082.64,970.968
1,OV,OP,00010,135731,222133,1.0,2022-01-30T00:00:00,2022-01-30T00:00:00,2022-01-30T00:00:00,322114,"Granite Packaging, LLC",MD4020-C2,MD4020,MD4020,46488.0,19380.8472,8790.880799999999,161313.36,161313.36,144674.2257
1,OV,OP,00010,135731,222720,1.0,2022-02-09T00:00:00,2022-02-09T00:00:00,2022-02-09T00:00:00,322114,"Granite Packaging, LLC",MD4020-C2,MD4020,MD4020,2844.0,1185.6636,537.8004,9868.68,9868.68,8633.0838
1,OV,OP,00010,135731,225987,1.0,2022-04-06T00:00:00,2022-04-06T00:00:00,2022-04-06T00:00:00,322114,"Granite Packaging, LLC",MD4020-C2,MD4020,MD4020,9000.0,3752.1,1701.8999999999999,31230.0,31230.0,28622.1826
1,OV,OP,00010,118351,181361,1.0,2020-01-07T00:00:00,2020-01-07T00:00:00,2020-01-07T00:00:00,322114,"Granite Packaging, LLC",MD4020-C2,MD4020,MD4020,7200.0,3001.68,1361.52,19512.0,19512.0,17491.5968
1,OV,OP,00010,118351,184932,1.0,2020-03-20T00:00:00,2020-03-20T00:00:00,2020-03-20T00:00:00,322114,"Granite Packaging, LLC",MD4020-C2,MD4020,MD4020,4494.0,1873.5486,849.8154,12178.74,12178.74,11330.8135
1,OV,OP,00010,118351,184938,1.0,2020-03-20T00:00:00,2020-03-20T00:00:00,2020-03-20T00:00:00,322114,"Granite Packaging, LLC",MD4020-C2,MD4020,MD4020,1734.0,722.9046,327.89939999999996,4699.14,4699.14,4371.9694
1,OV,OP,00010,118351,185276,1.0,2020-03-27T00:00:00,2020-03-27T00:00:00,2020-03-27T00:00:00,322114,"Granite Packaging, LLC",MD4020-C2,MD4020,MD4020,2016.0,840.4704,381.2256,5463.36,5463.36,4893.8714
1,OV,OP,00010,118351,185506,1.0,2020-03-31T00:00:00,2020-03-31T00:00:00,2020-03-31T00:00:00,322114,"Granite Packaging, LLC",MD4020-C2,MD4020,MD4020,11262.0,4695.1278,2129.6441999999997,30520.02,30520.02,27680.6205
1,OV,OP,00010,128546,209342,1.0,2021-07-07T00:00:00,2021-07-07T00:00:00,2021-07-07T00:00:00,322114,"Granite Packaging, LLC",MD4020-C2,MD4020,MD4020,9000.0,3752.1,1701.8999999999999,24390.0,24390.0,20665.3909
1,OV,OP,00010,128546,209344,1.0,2021-07-07T00:00:00,2021-07-07T00:00:00,2021-07-07T00:00:00,322114,"Granite Packaging, LLC",MD4020-C2,MD4020,MD4020,9798.0,4084.7862,1852.8018,26552.58,26552.58,22497.7222
1,OV,OP,00010,128546,209346,1.0,2021-07-07T00:00:00,2021-07-07T00:00:00,2021-07-07T00:00:00,322114,"Granite Packaging, LLC",MD4020-C2,MD4020,MD4020,5400.0,2251.2599999999998,1021.14,14634.0,14634.0,12399.2345
1,OV,OP,00010,128546,209348,1.0,2021-07-07T00:00:00,2021-07-07T00:00:00,2021-07-07T00:00:00,322114,"Granite Packaging, LLC",MD4020-C2,MD4020,MD4020,1002.0,417.7338,189.4782,2715.42,2715.42,2300.7469
1,OV,OP,00010,128546,209381,1.0,2021-07-07T00:00:00,2021-07-07T00:00:00,2021-07-07T00:00:00,322114,"Granite Packaging, LLC",MD4020-C2,MD4020,MD4020,12600.0,5252.94,2382.66,34146.0,34146.0,28931.5473
1,OV,OP,00010,128546,209383,1.0,2021-07-07T00:00:00,2021-07-07T00:00:00,2021-07-07T00:00:00,322114,"Granite Packaging, LLC",MD4020-C2,MD4020,MD4020,12600.0,5252.94,2382.66,34146.0,34146.0,28931.5473
1,OV,OP,00010,128546,210138,1.0,2021-07-20T00:00:00,2021-07-20T00:00:00,2021-07-20T00:00:00,322114,"Granite Packaging, LLC",MD4020-C2,MD4020,MD4020,5466.0,2278.7754,1033.6206,14812.86,14812.86,12580.7146
1,OV,OP,00010,118352,182555,1.0,2020-01-31T00:00:00,2020-01-31T00:00:00,2020-01-31T00:00:00,322114,"Granite Packaging, LLC",MD4020-C2,MD4020,MD4020,14400.0,6003.36,2723.04,39024.0,39024.0,35170.8678
1,OV,OP,00010,118352,182556,1.0,2020-01-31T00:00:00,2020-01-31T00:00:00,2020-01-31T00:00:00,322114,"Granite Packaging, LLC",MD4020-C2,MD4020,MD4020,3600.0,1500.84,680.76,9756.0,9756.0,8792.717
1,OV,OP,00010,118353,182557,1.0,2020-01-31T00:00:00,2020-01-31T00:00:00,2020-01-31T00:00:00,322114,"Granite Packaging, LLC",MD4020-C2,MD4020,MD4020,10800.0,4502.5199999999995,2042.28,29268.0,29268.0,26378.1508
1,OV,OP,00010,125870,201171,1.0,2021-02-23T00:00:00,2021-02-23T00:00:00,2021-02-23T00:00:00,322114,"Granite Packaging, LLC",MD4020-C2,MD4020,MD4020,3600.0,1500.84,680.76,9756.0,9756.0,8032.3246
1,OV,OP,00010,125870,201178,1.0,2021-02-23T00:00:00,2021-02-23T00:00:00,2021-02-23T00:00:00,322114,"Granite Packaging, LLC",MD4020-C2,MD4020,MD4020,18000.0,7504.2,3403.7999999999997,48780.0,48780.0,40161.6228
1,OV,OP,00010,133033,216538,1.0,2021-10-29T00:00:00,2021-10-29T00:00:00,2021-10-29T00:00:00,322114,"Granite Packaging, LLC",MD4020-C2,MD4020,MD4020,7332.0,3056.7108,1386.4812,25442.04,25442.04,22023.477
1,OV,OP,00010,133033,216546,1.0,2021-10-29T00:00:00,2021-10-29T00:00:00,2021-10-29T00:00:00,322114,"Granite Packaging, LLC",MD4020-C2,MD4020,MD4020,9000.0,3752.1,1701.8999999999999,31230.0,31230.0,27033.728
1,OV,OP,00010,133033,216549,1.0,2021-10-29T00:00:00,2021-10-29T00:00:00,2021-10-29T00:00:00,322114,"Granite Packaging, LLC",MD4020-C2,MD4020,MD4020,19800.0,8254.619999999999,3744.18,68706.0,68706.0,59474.2015
1,OV,OP,00010,133033,216551,1.0,2021-10-29T00:00:00,2021-10-29T00:00:00,2021-10-29T00:00:00,322114,"Granite Packaging, LLC",MD4020-C2,MD4020,MD4020,4872.0,2031.1368,921.2951999999999,16905.84,16905.84,14634.2581
1,OV,OP,00010,133033,216553,1.0,2021-10-29T00:00:00,2021-10-29T00:00:00,2021-10-29T00:00:00,322114,"Granite Packaging, LLC",MD4020-C2,MD4020,MD4020,9000.0,3752.1,1701.8999999999999,31230.0,31230.0,27033.728
4,OV,OP,00010,118351,182822,1.0,2020-02-06T00:00:00,2020-01-31T00:00:00,2020-02-06T00:00:00,322114,"Granite Packaging, LLC",MD4020-C2,MD4020,MD4020,7200.0,3001.68,1361.52,19512.0,19512.0,17765.5765
4,OV,OP,00010,133033,216544,1.0,2021-10-29T00:00:00,2021-10-29T00:00:00,2021-10-29T00:00:00,322114,"Granite Packaging, LLC",MD4020-C2,MD4020,MD4020,15000.0,6253.5,2836.5,5205000.0,5205000.0,4505621.3265
4,OV,OP,00010,133034,223257,1.0,2022-02-18T00:00:00,2022-02-18T00:00:00,2022-02-18T00:00:00,322114,"Granite Packaging, LLC",MD4020-C2,MD4020,MD4020,46488.0,19380.8472,8790.880799999999,161313.36,161313.36,142408.0633
4,OV,OP,00010,133034,224091,1.0,2022-03-02T00:00:00,2022-02-18T00:00:00,2022-03-02T00:00:00,322114,"Granite Packaging, LLC",MD4020-C2,MD4020,MD4020,46488.0,19380.8472,8790.880799999999,161313.36,161313.36,145234.3379
4,OV,OP,00010,135731,222131,1.0,2022-01-30T00:00:00,2022-01-30T00:00:00,2022-01-30T00:00:00,322114,"Granite Packaging, LLC",MD4020-C2,MD4020,MD4020,312.0,130.0728,58.999199999999995,1082.64,1082.64,970.968
4,OV,OP,00010,135731,222129,1.0,2022-01-30T00:00:00,2022-01-30T00:00:00,2022-01-30T00:00:00,322114,"Granite Packaging, LLC",MD4020-C2,MD4020,MD4020,49692.0,20716.5948,9396.7572,172431.24,172431.24,154645.3197
1,OV,OP,00010,124311,195133,1.0,2020-11-05T00:00:00,2020-11-05T00:00:00,2020-11-05T00:00:00,322114,"Granite Packaging, LLC",MD4020-C2,MD4020,MD4020,15420.0,6428.598,2915.922,771.0,771.0,652.9756
1,OV,OP,00010,124311,195373,1.0,2020-11-10T00:00:00,2020-11-10T00:00:00,2020-11-10T00:00:00,322114,"Granite Packaging, LLC",MD4020-C2,MD4020,MD4020,9906.0,4129.8114,1873.2246,495.3,495.3,419.414
1,OV,OP,00010,133034,216556,1.0,2021-10-29T00:00:00,2021-10-29T00:00:00,2021-10-29T00:00:00,322114,"Granite Packaging, LLC",MD4020-C2,MD4020,MD4020,3516.0,1465.8204,664.8756,175.8,175.8,152.1783
1,OV,OP,00010,135731,222134,1.0,2022-01-30T00:00:00,2022-01-30T00:00:00,2022-01-30T00:00:00,322114,"Granite Packaging, LLC",MD4020-C2,MD4020,MD4020,312.0,130.0728,58.999199999999995,15.6,15.6,13.9909
1,OV,OP,00010,135731,222134,1.0,2022-01-30T00:00:00,2022-01-30T00:00:00,2022-01-30T00:00:00,322114,"Granite Packaging, LLC",MD4020-C2,MD4020,MD4020,46488.0,19380.8472,8790.880799999999,2324.4,2324.4,2084.643
1,OV,OP,00010,135731,222721,1.0,2022-02-09T00:00:00,2022-02-09T00:00:00,2022-02-09T00:00:00,322114,"Granite Packaging, LLC",MD4020-C2,MD4020,MD4020,2844.0,1185.6636,537.8004,142.2,142.2,124.396
1,OV,OP,00010,135731,225988,1.0,2022-04-06T00:00:00,2022-04-06T00:00:00,2022-04-06T00:00:00,322114,"Granite Packaging, LLC",MD4020-C2,MD4020,MD4020,9000.0,3752.1,1701.8999999999999,450.0,450.0,412.4234
4,OV,OP,00010,133034,223258,1.0,2022-02-18T00:00:00,2022-02-18T00:00:00,2022-02-18T00:00:00,322114,"Granite Packaging, LLC",MD4020-C2,MD4020,MD4020,46488.0,19380.8472,8790.880799999999,2324.4,2324.4,2051.9894
4,OV,OP,00010,133034,224092,1.0,2022-03-02T00:00:00,2022-02-18T00:00:00,2022-03-02T00:00:00,322114,"Granite Packaging, LLC",MD4020-C2,MD4020,MD4020,46488.0,19380.8472,8790.880799999999,2324.4,2324.4,2092.7138
4,OV,OP,00010,135731,222132,1.0,2022-01-30T00:00:00,2022-01-30T00:00:00,2022-01-30T00:00:00,322114,"Granite Packaging, LLC",MD4020-C2,MD4020,MD4020,312.0,130.0728,58.999199999999995,15.6,15.6,13.9909
4,OV,OP,00010,135731,222130,1.0,2022-01-30T00:00:00,2022-01-30T00:00:00,2022-01-30T00:00:00,322114,"Granite Packaging, LLC",MD4020-C2,MD4020,MD4020,49692.0,20716.5948,9396.7572,2484.6,2484.6,2228.3187
1,OV,OP,00010,128546,209343,1.0,2021-07-07T00:00:00,2021-07-07T00:00:00,2021-07-07T00:00:00,322114,"Granite Packaging, LLC",MD4020-C2,MD4020,MD4020,9000.0,3752.1,1701.8999999999999,450.0,450.0,381.2803
1,OV,OP,00010,128546,209345,1.0,2021-07-07T00:00:00,2021-07-07T00:00:00,2021-07-07T00:00:00,322114,"Granite Packaging, LLC",MD4020-C2,MD4020,MD4020,9798.0,4084.7862,1852.8018,489.9,489.9,415.0871
1,OV,OP,00010,128546,209347,1.0,2021-07-07T00:00:00,2021-07-07T00:00:00,2021-07-07T00:00:00,322114,"Granite Packaging, LLC",MD4020-C2,MD4020,MD4020,5400.0,2251.2599999999998,1021.14,270.0,270.0,228.7682
1,OV,OP,00010,128546,209349,1.0,2021-07-07T00:00:00,2021-07-07T00:00:00,2021-07-07T00:00:00,322114,"Granite Packaging, LLC",MD4020-C2,MD4020,MD4020,1002.0,417.7338,189.4782,50.1,50.1,42.4492
1,OV,OP,00010,128546,209382,1.0,2021-07-07T00:00:00,2021-07-07T00:00:00,2021-07-07T00:00:00,322114,"Granite Packaging, LLC",MD4020-C2,MD4020,MD4020,12600.0,5252.94,2382.66,630.0,630.0,533.7924
1,OV,OP,00010,128546,209384,1.0,2021-07-07T00:00:00,2021-07-07T00:00:00,2021-07-07T00:00:00,322114,"Granite Packaging, LLC",MD4020-C2,MD4020,MD4020,12600.0,5252.94,2382.66,630.0,630.0,533.7924
1,OV,OP,00010,128546,210139,1.0,2021-07-20T00:00:00,2021-07-20T00:00:00,2021-07-20T00:00:00,322114,"Granite Packaging, LLC",MD4020-C2,MD4020,MD4020,5466.0,2278.7754,1033.6206,273.3,273.3,232.1165
1,OV,OP,00010,125870,201172,1.0,2021-02-23T00:00:00,2021-02-23T00:00:00,2021-02-23T00:00:00,322114,"Granite Packaging, LLC",MD4020-C2,MD4020,MD4020,3600.0,1500.84,680.76,180.0,180.0,148.1979
1,OV,OP,00010,125870,201179,1.0,2021-02-23T00:00:00,2021-02-23T00:00:00,2021-02-23T00:00:00,322114,"Granite Packaging, LLC",MD4020-C2,MD4020,MD4020,18000.0,7504.2,3403.7999999999997,900.0,900.0,740.9894
1,OV,OP,00010,133033,216539,1.0,2021-10-29T00:00:00,2021-10-29T00:00:00,2021-10-29T00:00:00,322114,"Granite Packaging, LLC",MD4020-C2,MD4020,MD4020,7332.0,3056.7108,1386.4812,366.6,366.6,317.3412
1,OV,OP,00010,133033,216547,1.0,2021-10-29T00:00:00,2021-10-29T00:00:00,2021-10-29T00:00:00,322114,"Granite Packaging, LLC",MD4020-C2,MD4020,MD4020,9000.0,3752.1,1701.8999999999999,450.0,450.0,389.535
1,OV,OP,00010,133033,216550,1.0,2021-10-29T00:00:00,2021-10-29T00:00:00,2021-10-29T00:00:00,322114,"Granite Packaging, LLC",MD4020-C2,MD4020,MD4020,19800.0,8254.619999999999,3744.18,990.0,990.0,856.977
1,OV,OP,00010,133033,216552,1.0,2021-10-29T00:00:00,2021-10-29T00:00:00,2021-10-29T00:00:00,322114,"Granite Packaging, LLC",MD4020-C2,MD4020,MD4020,4872.0,2031.1368,921.2951999999999,243.6,243.6,210.8683
1,OV,OP,00010,133033,216554,1.0,2021-10-29T00:00:00,2021-10-29T00:00:00,2021-10-29T00:00:00,322114,"Granite Packaging, LLC",MD4020-C2,MD4020,MD4020,9000.0,3752.1,1701.8999999999999,450.0,450.0,389.535
4,OV,OP,00010,133033,216545,1.0,2021-10-29T00:00:00,2021-10-29T00:00:00,2021-10-29T00:00:00,322114,"Granite Packaging, LLC",MD4020-C2,MD4020,MD4020,15000.0,6253.5,2836.5,750.0,750.0,649.225
2,PV,OP,00010,143650,22015783,1.0,2022-09-02T00:00:00,2022-09-02T00:00:00,2022-09-12T00:00:00,322114,"Granite Packaging, LLC",CRTNCLEAR,CRTNCLEAR,CRTNCLEAR,13895.0,13895.0,13895.0,9448.6,9448.6,9333.2326
2,PV,OP,00010,144385,22020495,1.0,2022-10-26T00:00:00,2022-10-26T00:00:00,2022-11-04T00:00:00,322114,"Granite Packaging, LLC",THERMOT,THERMOT,THERMOT,33000.0,33000.0,14968.8,19235.7,19235.7,19439.3772
1,OV,OP,00010,143650,234573,1.0,2022-09-02T00:00:00,2022-09-02T00:00:00,2022-09-02T00:00:00,322114,"Granite Packaging, LLC",CRTNCLEAR,CRTNCLEAR,CRTNCLEAR,13895.0,13895.0,13895.0,9448.6,9448.6,9420.5414
2,PV,OP,00010,122159,20013610,1.0,2020-09-11T00:00:00,2020-09-11T00:00:00,2020-09-11T00:00:00,322114,"Granite Packaging, LLC",MD4021-C2,MD4021,MD4021,5400.0,2251.2599999999998,1021.14,15822.0,15822.0,13372.7623
2,PV,OP,00010,122159,20015919,1.0,2020-09-29T00:00:00,2020-09-29T00:00:00,2020-10-29T00:00:00,322114,"Granite Packaging, LLC",MD4021-C2,MD4021,MD4021,9462.0,3944.7078,1789.2641999999998,27723.66,27723.66,23784.918
2,PV,OP,00010,124310,20017232,1.0,2020-11-19T00:00:00,2020-11-19T00:00:00,2020-11-19T00:00:00,322114,"Granite Packaging, LLC",MD4023-C2,MD4023,MD4023,11928.0,6218.0664,2820.9719999999998,34710.48,34710.48,29312.0979
2,PV,OP,00010,124312,20017233,1.0,2020-11-19T00:00:00,2020-11-19T00:00:00,2020-11-19T00:00:00,322114,"Granite Packaging, LLC",MD4020C-C2,MD4020C,MD4020C,6978.0,2909.1282,1319.5398,18910.38,18910.38,15969.3242
2,PV,OP,00010,124336,20017682,1.0,2020-12-01T00:00:00,2020-12-01T00:00:00,2020-12-01T00:00:00,322114,"Granite Packaging, LLC",MD4021-C2,MD4021,MD4021,17094.0,7126.4886,3232.4754,50085.42,50085.42,41606.4492
2,PV,OP,00010,135740,22008104,1.0,2022-05-19T00:00:00,2022-05-19T00:00:00,2022-05-23T00:00:00,322114,"Granite Packaging, LLC",MD4021C-C2,MD4021C,MD4021C,4008.0,1670.9352,757.9128,19158.24,19158.24,17953.1695
2,PV,OP,00010,118348,20001962,1.0,2020-01-31T00:00:00,2020-01-31T00:00:00,2020-02-11T00:00:00,322114,"Granite Packaging, LLC",MD4023-C2,MD4023,MD4023,1800.0,938.3399999999999,425.7,5238.0,5238.0,4798.6957
2,PV,OP,00010,118348,20001961,1.0,2020-01-31T00:00:00,2020-01-31T00:00:00,2020-02-11T00:00:00,322114,"Granite Packaging, LLC",MD4023-C2,MD4023,MD4023,7200.0,3753.3599999999997,1702.8,20952.0,20952.0,19194.783
2,PV,OP,00010,118349,20001962,1.0,2020-01-31T00:00:00,2020-01-31T00:00:00,2020-02-11T00:00:00,322114,"Granite Packaging, LLC",MD4023-C2,MD4023,MD4023,6606.0,3443.7077999999997,1562.319,19223.46,19223.46,17611.2134
2,PV,OP,00010,125872,21004302,1.0,2021-02-23T00:00:00,2021-02-23T00:00:00,2021-03-02T00:00:00,322114,"Granite Packaging, LLC",MD4023-C2,MD4023,MD4023,7074.0,3687.6762,1673.001,20585.34,20585.34,17044.7356
2,PV,OP,00010,129368,21019378,1.0,2021-09-30T00:00:00,2021-09-30T00:00:00,2021-10-01T00:00:00,322114,"Granite Packaging, LLC",MD4023-C2,MD4023,MD4023,7200.0,3753.3599999999997,1702.8,21600.0,21600.0,18626.0688
2,PV,OP,00010,133037,21022000,1.0,2021-11-15T00:00:00,2021-11-15T00:00:00,2021-11-15T00:00:00,322114,"Granite Packaging, LLC",MD4023-C2,MD4023,MD4023,546.0,284.6298,129.129,2107.56,2107.56,1845.788
2,PV,OP,00010,133037,21022003,1.0,2021-11-15T00:00:00,2021-11-15T00:00:00,2021-11-15T00:00:00,322114,"Granite Packaging, LLC",MD4023-C2,MD4023,MD4023,11454.0,5970.9702,2708.8709999999996,44212.44,44212.44,38720.9808
2,PV,OP,00010,133038,21022001,1.0,2021-11-15T00:00:00,2021-11-15T00:00:00,2021-11-15T00:00:00,322114,"Granite Packaging, LLC",MD4023-C2,MD4023,MD4023,2166.0,1129.1358,512.259,8360.76,8360.76,7322.3018
2,PV,OP,00010,133038,22002233,1.0,2022-02-09T00:00:00,2022-02-09T00:00:00,2022-02-10T00:00:00,322114,"Granite Packaging, LLC",MD4023-C2,MD4023,MD4023,9996.0,5210.9148,2364.054,38584.56,38584.56,33586.5515
2,PV,OP,00010,133043,21024008,1.0,2021-12-15T00:00:00,2021-12-15T00:00:00,2021-12-16T00:00:00,322114,"Granite Packaging, LLC",MD4022C-C2,MD4022C,MD4022C,3264.0,1360.7616,617.2224,15536.64,15536.64,13740.3947
2,PV,OP,00010,133044,22002215,1.0,2022-02-09T00:00:00,2022-02-09T00:00:00,2022-02-10T00:00:00,322114,"Granite Packaging, LLC",MD4022C-C2,MD4022C,MD4022C,3600.0,1500.84,680.76,17136.0,17136.0,14916.3071
2,PV,OP,00010,133046,22000539,1.0,2022-01-12T00:00:00,2022-01-12T00:00:00,2022-01-12T00:00:00,322114,"Granite Packaging, LLC",MD4023C-C2,MD4023C,MD4023C,450.0,187.605,85.095,2119.5,2119.5,1854.0915
2,PV,OP,00010,133046,22002220,1.0,2022-02-09T00:00:00,2022-02-09T00:00:00,2022-02-10T00:00:00,322114,"Granite Packaging, LLC",MD4023C-C2,MD4023C,MD4023C,3318.0,1383.2742,627.4338,15627.78,15627.78,13603.4527
2,PV,OP,00010,135735,22003107,1.0,2022-02-22T00:00:00,2022-02-22T00:00:00,2022-02-24T00:00:00,322114,"Granite Packaging, LLC",MD4023-C2,MD4023,MD4023,5400.0,2815.02,1277.1,20844.0,20844.0,18695.9799
2,PV,OP,00010,135735,22004215,1.0,2022-03-10T00:00:00,2022-03-10T00:00:00,2022-03-10T00:00:00,322114,"Granite Packaging, LLC",MD4023-C2,MD4023,MD4023,7434.0,3875.3442,1758.1409999999998,28695.24,28695.24,26074.7821
2,PV,OP,00010,135736,22005006,1.0,2022-03-23T00:00:00,2022-03-23T00:00:00,2022-03-24T00:00:00,322114,"Granite Packaging, LLC",MD4023-C2,MD4023,MD4023,9000.0,4691.7,2128.5,34740.0,34740.0,31562.4816
2,PV,OP,00010,135736,22005836,1.0,2022-04-05T00:00:00,2022-04-05T00:00:00,2022-04-12T00:00:00,322114,"Granite Packaging, LLC",MD4023-C2,MD4023,MD4023,930.0,484.80899999999997,219.945,3589.8,3589.8,3307.2307
2,PV,OP,00010,135741,22002222,1.0,2022-02-09T00:00:00,2022-02-09T00:00:00,2022-02-10T00:00:00,322114,"Granite Packaging, LLC",MD4022C-C2,MD4022C,MD4022C,3600.0,1500.84,680.76,17136.0,17136.0,14916.3071
2,PV,OP,00010,135742,22003104,1.0,2022-02-22T00:00:00,2022-02-22T00:00:00,2022-02-24T00:00:00,322114,"Granite Packaging, LLC",MD4022C-C2,MD4022C,MD4022C,438.0,182.6022,82.8258,2084.88,2084.88,1870.0285
2,PV,OP,00010,135743,22004214,1.0,2022-03-10T00:00:00,2022-03-10T00:00:00,2022-03-10T00:00:00,322114,"Granite Packaging, LLC",MD4023C-C2,MD4023C,MD4023C,2910.0,1213.179,550.281,13706.1,13706.1,12454.4548
2,PV,OP,00010,135743,22006142,1.0,2022-04-13T00:00:00,2022-04-13T00:00:00,2022-04-14T00:00:00,322114,"Granite Packaging, LLC",MD4023C-C2,MD4023C,MD4023C,690.0,287.661,130.47899999999998,3249.9,3249.9,3010.4483
2,PV,OP,00010,135744,22006141,1.0,2022-04-13T00:00:00,2022-04-13T00:00:00,2022-04-14T00:00:00,322114,"Granite Packaging, LLC",MD4023C-C2,MD4023C,MD4023C,1110.0,462.759,209.90099999999998,5228.1,5228.1,4842.8952
2,PV,OP,00010,135744,22008100,1.0,2022-04-28T00:00:00,2022-04-28T00:00:00,2022-05-23T00:00:00,322114,"Granite Packaging, LLC",MD4023C-C2,MD4023C,MD4023C,2268.0,945.5292,428.87879999999996,10682.28,10682.28,10010.355
2,PV,OP,00010,118344,20001961,1.0,2020-01-31T00:00:00,2020-01-31T00:00:00,2020-02-11T00:00:00,322114,"Granite Packaging, LLC",MD4021-C1,MD4021,MD4021,6852.0,856.5,388.5084,13087.32,13087.32,11989.7035
2,PV,OP,00010,118345,20001961,1.0,2020-01-31T00:00:00,2020-01-31T00:00:00,2020-02-11T00:00:00,322114,"Granite Packaging, LLC",MD4021-C2,MD4021,MD4021,3600.0,1500.84,680.76,10548.0,10548.0,9663.353
2,PV,OP,00010,118345,20001963,1.0,2020-01-31T00:00:00,2020-01-31T00:00:00,2020-02-11T00:00:00,322114,"Granite Packaging, LLC",MD4021-C2,MD4021,MD4021,10800.0,4502.5199999999995,2042.28,31644.0,31644.0,28990.0589
2,PV,OP,00010,118346,20004264,1.0,2020-03-20T00:00:00,2020-03-20T00:00:00,2020-03-25T00:00:00,322114,"Granite Packaging, LLC",MD4021-C2,MD4021,MD4021,7200.0,3001.68,1361.52,21096.0,21096.0,19334.3975
2,PV,OP,00010,125871,21005140,1.0,2021-02-23T00:00:00,2021-02-23T00:00:00,2021-03-16T00:00:00,322114,"Granite Packaging, LLC",MD4021-C2,MD4021,MD4021,9834.0,4099.7946,1859.6093999999998,28813.62,28813.62,24222.2503
2,PV,OP,00010,125871,21004508,1.0,2021-02-23T00:00:00,2021-02-23T00:00:00,2021-03-03T00:00:00,322114,"Granite Packaging, LLC",MD4021-C2,MD4021,MD4021,6504.0,2711.5176,1229.9063999999998,19056.72,19056.72,15780.6983
2,PV,OP,00010,128547,21018925,1.0,2021-09-14T00:00:00,2021-09-14T00:00:00,2021-09-22T00:00:00,322114,"Granite Packaging, LLC",MD4021-C2,MD4021,MD4021,20298.0,8462.2362,3838.3518,61320.26,61320.26,52236.0375
2,PV,OP,00010,133035,22001461,1.0,2022-01-30T00:00:00,2022-01-30T00:00:00,2022-01-31T00:00:00,322114,"Granite Packaging, LLC",MD4021-C2,MD4021,MD4021,12600.0,5252.94,2382.66,49518.0,49518.0,44178.8702
2,PV,OP,00010,133035,22002230,1.0,2022-02-09T00:00:00,2022-02-09T00:00:00,2022-02-10T00:00:00,322114,"Granite Packaging, LLC",MD4021-C2,MD4021,MD4021,7404.0,3086.7276,1400.0964,29097.72,29097.72,25328.5788
2,PV,OP,00010,133036,22002231,1.0,2022-02-09T00:00:00,2022-02-09T00:00:00,2022-02-10T00:00:00,322114,"Granite Packaging, LLC",MD4021-C2,MD4021,MD4021,4992.0,2081.1648,943.9871999999999,19618.56,19618.56,17077.2914
2,PV,OP,00010,133036,22002232,1.0,2022-02-09T00:00:00,2022-02-09T00:00:00,2022-02-10T00:00:00,322114,"Granite Packaging, LLC",MD4021-C2,MD4021,MD4021,1596.0,665.3724,301.80359999999996,6272.28,6272.28,5459.8071
2,PV,OP,00010,133036,22004216,1.0,2022-03-10T00:00:00,2022-03-10T00:00:00,2022-03-10T00:00:00,322114,"Granite Packaging, LLC",MD4021-C2,MD4021,MD4021,12600.0,5252.94,2382.66,49518.0,49518.0,44996.0014
2,PV,OP,00010,133036,22004218,1.0,2022-03-10T00:00:00,2022-03-10T00:00:00,2022-03-10T00:00:00,322114,"Granite Packaging, LLC",MD4021-C2,MD4021,MD4021,816.0,340.1904,154.3056,3206.88,3206.88,2914.0268
2,PV,OP,00010,133040,21022793,1.0,2021-11-30T00:00:00,2021-11-30T00:00:00,2021-11-30T00:00:00,322114,"Granite Packaging, LLC",MD4020C-C2,MD4020C,MD4020C,5430.0,2263.767,1026.8129999999999,23566.2,23566.2,20877.5912
2,PV,OP,00010,133041,21023819,1.0,2021-12-14T00:00:00,2021-12-14T00:00:00,2021-12-14T00:00:00,322114,"Granite Packaging, LLC",MD4021C-C2,MD4021C,MD4021C,3600.0,1500.84,680.76,17208.0,17208.0,15273.5644
2,PV,OP,00010,133042,22002234,1.0,2022-02-09T00:00:00,2022-02-09T00:00:00,2022-02-10T00:00:00,322114,"Granite Packaging, LLC",MD4021C-C2,MD4021C,MD4021C,3420.0,1425.798,646.722,16347.6,16347.6,14230.0316
2,PV,OP,00010,135733,22004217,1.0,2022-03-10T00:00:00,2022-03-10T00:00:00,2022-03-10T00:00:00,322114,"Granite Packaging, LLC",MD4021-C2,MD4021,MD4021,8184.0,3411.9096,1547.5944,32163.12,32163.12,29225.9742
2,PV,OP,00010,135733,22005004,1.0,2022-03-23T00:00:00,2022-03-23T00:00:00,2022-03-24T00:00:00,322114,"Granite Packaging, LLC",MD4021-C2,MD4021,MD4021,11820.0,4927.758,2235.162,46452.6,46452.6,42203.7804
2,PV,OP,00010,135734,22005005,1.0,2022-03-23T00:00:00,2022-03-23T00:00:00,2022-03-24T00:00:00,322114,"Granite Packaging, LLC",MD4021-C2,MD4021,MD4021,804.0,335.1876,152.0364,3159.72,3159.72,2870.714
2,PV,OP,00010,135734,22005837,1.0,2022-04-06T00:00:00,2022-04-06T00:00:00,2022-04-12T00:00:00,322114,"Granite Packaging, LLC",MD4021-C2,MD4021,MD4021,12600.0,5252.94,2382.66,49518.0,49518.0,45620.2154
2,PV,OP,00010,135734,22006143,1.0,2022-04-13T00:00:00,2022-04-13T00:00:00,2022-04-14T00:00:00,322114,"Granite Packaging, LLC",MD4021-C2,MD4021,MD4021,4206.0,1753.4814,795.3546,16529.58,16529.58,15311.6855
2,PV,OP,00010,135737,22003105,1.0,2022-02-22T00:00:00,2022-02-22T00:00:00,2022-02-24T00:00:00,322114,"Granite Packaging, LLC",MD4020C-C2,MD4020C,MD4020C,4212.0,1755.9828,796.4892,18280.08,18280.08,16396.2775
2,PV,OP,00010,135737,22009860,1.0,2022-06-21T00:00:00,2022-06-21T00:00:00,2022-06-22T00:00:00,322114,"Granite Packaging, LLC",MD4020C-C2,MD4020C,MD4020C,792.0,330.1848,149.7672,3437.28,3437.28,3247.6731
2,PV,OP,00010,135738,22009860,1.0,2022-06-21T00:00:00,2022-06-21T00:00:00,2022-06-22T00:00:00,322114,"Granite Packaging, LLC",MD4020C-C2,MD4020C,MD4020C,630.0,262.647,119.133,2734.2,2734.2,2583.3763
1,OV,OP,00010,122159,192451,1.0,2020-09-11T00:00:00,2020-09-11T00:00:00,2020-09-11T00:00:00,322114,"Granite Packaging, LLC",MD4021-C2,MD4021,MD4021,5400.0,2251.2599999999998,1021.14,15822.0,15822.0,13372.7623
1,OV,OP,00010,122159,193203,1.0,2020-09-29T00:00:00,2020-09-29T00:00:00,2020-09-29T00:00:00,322114,"Granite Packaging, LLC",MD4021-C2,MD4021,MD4021,9462.0,3944.7078,1789.2641999999998,27723.66,27723.66,23658.4677
1,OV,OP,00010,124312,195876,1.0,2020-11-19T00:00:00,2020-11-19T00:00:00,2020-11-19T00:00:00,322114,"Granite Packaging, LLC",MD4020C-C2,MD4020C,MD4020C,6978.0,2909.1282,1319.5398,18910.38,18910.38,15969.3242
1,OV,OP,00010,124336,196312,1.0,2020-12-01T00:00:00,2020-12-01T00:00:00,2020-12-01T00:00:00,322114,"Granite Packaging, LLC",MD4021-C2,MD4021,MD4021,17094.0,7126.4886,3232.4754,50085.42,50085.42,41606.4492
1,OV,OP,00010,135740,228338,1.0,2022-05-19T00:00:00,2022-05-19T00:00:00,2022-05-19T00:00:00,322114,"Granite Packaging, LLC",MD4021C-C2,MD4021C,MD4021C,4008.0,1670.9352,757.9128,19158.24,19158.24,18099.7434
1,OV,OP,00010,133036,222718,1.0,2022-02-09T00:00:00,2022-02-09T00:00:00,2022-02-09T00:00:00,322114,"Granite Packaging, LLC",MD4021-C2,MD4021,MD4021,4992.0,2081.1648,943.9871999999999,19618.56,19618.56,17162.2417
1,OV,OP,00010,133036,222724,1.0,2022-02-09T00:00:00,2022-02-09T00:00:00,2022-02-09T00:00:00,322114,"Granite Packaging, LLC",MD4021-C2,MD4021,MD4021,1596.0,665.3724,301.80359999999996,6272.28,6272.28,5486.9667
1,OV,OP,00010,133036,224492,1.0,2022-03-10T00:00:00,2022-03-10T00:00:00,2022-03-10T00:00:00,322114,"Granite Packaging, LLC",MD4021-C2,MD4021,MD4021,12600.0,5252.94,2382.66,49518.0,49518.0,44996.0014
1,OV,OP,00010,133036,224496,1.0,2022-03-10T00:00:00,2022-03-10T00:00:00,2022-03-10T00:00:00,322114,"Granite Packaging, LLC",MD4021-C2,MD4021,MD4021,816.0,340.1904,154.3056,3206.88,3206.88,2914.0268
1,OV,OP,00010,135734,225257,1.0,2022-03-23T00:00:00,2022-03-23T00:00:00,2022-03-23T00:00:00,322114,"Granite Packaging, LLC",MD4021-C2,MD4021,MD4021,804.0,335.1876,152.0364,3159.72,3159.72,2872.4202
1,OV,OP,00010,135734,226029,1.0,2022-04-06T00:00:00,2022-04-06T00:00:00,2022-04-06T00:00:00,322114,"Granite Packaging, LLC",MD4021-C2,MD4021,MD4021,12600.0,5252.94,2382.66,49518.0,49518.0,45383.0687
1,OV,OP,00010,135734,226433,1.0,2022-04-13T00:00:00,2022-04-13T00:00:00,2022-04-13T00:00:00,322114,"Granite Packaging, LLC",MD4021-C2,MD4021,MD4021,4206.0,1753.4814,795.3546,16529.58,16529.58,15219.4009
1,OV,OP,00010,135735,223479,1.0,2022-02-22T00:00:00,2022-02-22T00:00:00,2022-02-22T00:00:00,322114,"Granite Packaging, LLC",MD4023-C2,MD4023,MD4023,5400.0,2815.02,1277.1,20844.0,20844.0,18374.2778
1,OV,OP,00010,135735,224490,1.0,2022-03-10T00:00:00,2022-03-10T00:00:00,2022-03-10T00:00:00,322114,"Granite Packaging, LLC",MD4023-C2,MD4023,MD4023,7434.0,3875.3442,1758.1409999999998,28695.24,28695.24,26074.7821
1,OV,OP,00010,135737,223483,1.0,2022-02-22T00:00:00,2022-02-22T00:00:00,2022-02-22T00:00:00,322114,"Granite Packaging, LLC",MD4020C-C2,MD4020C,MD4020C,4212.0,1755.9828,796.4892,18280.08,18280.08,16114.1464
1,OV,OP,00010,135737,230298,1.0,2022-06-21T00:00:00,2022-06-21T00:00:00,2022-06-21T00:00:00,322114,"Granite Packaging, LLC",MD4020C-C2,MD4020C,MD4020C,792.0,330.1848,149.7672,3437.28,3437.28,3258.3335
1,OV,OP,00010,135742,223481,1.0,2022-02-22T00:00:00,2022-02-22T00:00:00,2022-02-22T00:00:00,322114,"Granite Packaging, LLC",MD4022C-C2,MD4022C,MD4022C,438.0,182.6022,82.8258,2084.88,2084.88,1837.8509
1,OV,OP,00010,135744,226437,1.0,2022-04-13T00:00:00,2022-04-13T00:00:00,2022-04-13T00:00:00,322114,"Granite Packaging, LLC",MD4023C-C2,MD4023C,MD4023C,1110.0,462.759,209.90099999999998,5228.1,5228.1,4813.7067
1,OV,OP,00010,135744,227192,1.0,2022-04-28T00:00:00,2022-04-28T00:00:00,2022-04-28T00:00:00,322114,"Granite Packaging, LLC",MD4023C-C2,MD4023C,MD4023C,2268.0,945.5292,428.87879999999996,10682.28,10682.28,10130.3715
1,OV,OP,00010,133038,217670,1.0,2021-11-15T00:00:00,2021-11-15T00:00:00,2021-11-15T00:00:00,322114,"Granite Packaging, LLC",MD4023-C2,MD4023,MD4023,2166.0,1129.1358,512.259,8360.76,8360.76,7322.3018
1,OV,OP,00010,133038,222714,1.0,2022-02-09T00:00:00,2022-02-09T00:00:00,2022-02-09T00:00:00,322114,"Granite Packaging, LLC",MD4023-C2,MD4023,MD4023,9996.0,5210.9148,2364.054,38584.56,38584.56,33753.6265
1,OV,OP,00010,133042,220704,1.0,2022-01-05T00:00:00,2022-01-05T00:00:00,2022-01-05T00:00:00,322114,"Granite Packaging, LLC",MD4021C-C2,MD4021C,MD4021C,186.0,77.5434,35.172599999999996,544.98,544.98,480.8644
1,OV,OP,00010,133042,222726,1.0,2022-02-09T00:00:00,2022-02-09T00:00:00,2022-02-09T00:00:00,322114,"Granite Packaging, LLC",MD4021C-C2,MD4021C,MD4021C,3420.0,1425.798,646.722,16347.6,16347.6,14300.8184
1,OV,OP,00010,135736,225261,1.0,2022-03-23T00:00:00,2022-03-23T00:00:00,2022-03-23T00:00:00,322114,"Granite Packaging, LLC",MD4023-C2,MD4023,MD4023,9000.0,4691.7,2128.5,34740.0,34740.0,31581.2412
1,OV,OP,00010,135736,225950,1.0,2022-04-05T00:00:00,2022-04-05T00:00:00,2022-04-05T00:00:00,322114,"Granite Packaging, LLC",MD4023-C2,MD4023,MD4023,930.0,484.80899999999997,219.945,3589.8,3589.8,3286.477
1,OV,OP,00010,135743,224487,1.0,2022-03-10T00:00:00,2022-03-10T00:00:00,2022-03-10T00:00:00,322114,"Granite Packaging, LLC",MD4023C-C2,MD4023C,MD4023C,2910.0,1213.179,550.281,13706.1,13706.1,12454.4548
1,OV,OP,00010,135743,226435,1.0,2022-04-13T00:00:00,2022-04-13T00:00:00,2022-04-13T00:00:00,322114,"Granite Packaging, LLC",MD4023C-C2,MD4023C,MD4023C,690.0,287.661,130.47899999999998,3249.9,3249.9,2992.3042
1,OV,OP,00010,118345,182546,1.0,2020-01-31T00:00:00,2020-01-31T00:00:00,2020-01-31T00:00:00,322114,"Granite Packaging, LLC",MD4021-C2,MD4021,MD4021,3600.0,1500.84,680.76,10548.0,10548.0,9506.5168
1,OV,OP,00010,118345,182554,1.0,2020-01-31T00:00:00,2020-01-31T00:00:00,2020-01-31T00:00:00,322114,"Granite Packaging, LLC",MD4021-C2,MD4021,MD4021,10800.0,4502.5199999999995,2042.28,31644.0,31644.0,28519.5506
1,OV,OP,00010,118346,184937,1.0,2020-03-20T00:00:00,2020-03-20T00:00:00,2020-03-20T00:00:00,322114,"Granite Packaging, LLC",MD4021-C2,MD4021,MD4021,7200.0,3001.68,1361.52,21096.0,21096.0,19627.2226
1,OV,OP,00010,118348,182537,1.0,2020-01-31T00:00:00,2020-01-31T00:00:00,2020-01-31T00:00:00,322114,"Granite Packaging, LLC",MD4023-C2,MD4023,MD4023,1800.0,938.3399999999999,425.7,5238.0,5238.0,4720.813
1,OV,OP,00010,118348,182553,1.0,2020-01-31T00:00:00,2020-01-31T00:00:00,2020-01-31T00:00:00,322114,"Granite Packaging, LLC",MD4023-C2,MD4023,MD4023,7200.0,3753.3599999999997,1702.8,20952.0,20952.0,18883.2519
1,OV,OP,00010,125871,201176,1.0,2021-02-23T00:00:00,2021-02-23T00:00:00,2021-02-23T00:00:00,322114,"Granite Packaging, LLC",MD4021-C2,MD4021,MD4021,9834.0,4099.7946,1859.6093999999998,28813.62,28813.62,23722.8728
1,OV,OP,00010,125871,201184,1.0,2021-02-23T00:00:00,2021-02-23T00:00:00,2021-02-23T00:00:00,322114,"Granite Packaging, LLC",MD4021-C2,MD4021,MD4021,6504.0,2711.5176,1229.9063999999998,19056.72,19056.72,15689.8073
1,OV,OP,00010,125872,201173,1.0,2021-02-23T00:00:00,2021-02-23T00:00:00,2021-02-23T00:00:00,322114,"Granite Packaging, LLC",MD4023-C2,MD4023,MD4023,7074.0,3687.6762,1673.001,20585.34,20585.34,16948.353
1,OV,OP,00010,128547,213490,1.0,2021-09-14T00:00:00,2021-09-14T00:00:00,2021-09-14T00:00:00,322114,"Granite Packaging, LLC",MD4021-C2,MD4021,MD4021,20298.0,8462.2362,3838.3518,61320.26,61320.26,51862.3335
1,OV,OP,00010,128548,210140,1.0,2021-07-20T00:00:00,2021-07-20T00:00:00,2021-07-20T00:00:00,322114,"Granite Packaging, LLC",MD4020C-C2,MD4020C,MD4020C,6162.0,2568.9378,1165.2341999999999,16699.02,16699.02,14182.6497
1,OV,OP,00010,129368,214585,1.0,2021-09-30T00:00:00,2021-09-30T00:00:00,2021-09-30T00:00:00,322114,"Granite Packaging, LLC",MD4023-C2,MD4023,MD4023,7200.0,3753.3599999999997,1702.8,21600.0,21600.0,18657.7279
1,OV,OP,00010,129368,215350,1.0,2021-10-12T00:00:00,2021-10-12T00:00:00,2021-10-12T00:00:00,322114,"Granite Packaging, LLC",MD4023-C2,MD4023,MD4023,4800.0,2502.24,1135.2,14400.0,14400.0,12478.5
1,OV,OP,00010,129369,214594,1.0,2021-09-30T00:00:00,2021-09-30T00:00:00,2021-09-30T00:00:00,322114,"Granite Packaging, LLC",MD4023C-C2,MD4023C,MD4023C,3654.0,1523.3526,690.9714,11071.62,11071.62,9563.4849
1,OV,OP,00010,133035,222135,1.0,2022-01-30T00:00:00,2022-01-30T00:00:00,2022-01-30T00:00:00,322114,"Granite Packaging, LLC",MD4021-C2,MD4021,MD4021,12600.0,5252.94,2382.66,49518.0,49518.0,44410.3223
1,OV,OP,00010,133035,222722,1.0,2022-02-09T00:00:00,2022-02-09T00:00:00,2022-02-09T00:00:00,322114,"Granite Packaging, LLC",MD4021-C2,MD4021,MD4021,7404.0,3086.7276,1400.0964,29097.72,29097.72,25454.5749
1,OV,OP,00010,133037,217664,1.0,2021-11-15T00:00:00,2021-11-15T00:00:00,2021-11-15T00:00:00,322114,"Granite Packaging, LLC",MD4023-C2,MD4023,MD4023,546.0,284.6298,129.129,2107.56,2107.56,1845.788
1,OV,OP,00010,133037,217668,1.0,2021-11-15T00:00:00,2021-11-15T00:00:00,2021-11-15T00:00:00,322114,"Granite Packaging, LLC",MD4023-C2,MD4023,MD4023,11454.0,5970.9702,2708.8709999999996,44212.44,44212.44,38720.9808
1,OV,OP,00010,133040,218637,1.0,2021-11-30T00:00:00,2021-11-30T00:00:00,2021-11-30T00:00:00,322114,"Granite Packaging, LLC",MD4020C-C2,MD4020C,MD4020C,5430.0,2263.767,1026.8129999999999,23566.2,23566.2,20877.5912
1,OV,OP,00010,133041,219564,1.0,2021-12-14T00:00:00,2021-12-14T00:00:00,2021-12-14T00:00:00,322114,"Granite Packaging, LLC",MD4021C-C2,MD4021C,MD4021C,3600.0,1500.84,680.76,17208.0,17208.0,15273.5644
1,OV,OP,00010,133044,222730,1.0,2022-02-09T00:00:00,2022-02-09T00:00:00,2022-02-09T00:00:00,322114,"Granite Packaging, LLC",MD4022C-C2,MD4022C,MD4022C,3600.0,1500.84,680.76,17136.0,17136.0,14990.5077
1,OV,OP,00010,133045,218626,1.0,2021-11-30T00:00:00,2021-11-30T00:00:00,2021-11-30T00:00:00,322114,"Granite Packaging, LLC",MD4023C-C2,MD4023C,MD4023C,3600.0,1500.84,680.76,17064.0,17064.0,15117.2109
1,OV,OP,00010,133046,221133,1.0,2022-01-12T00:00:00,2022-01-12T00:00:00,2022-01-12T00:00:00,322114,"Granite Packaging, LLC",MD4023C-C2,MD4023C,MD4023C,450.0,187.605,85.095,2119.5,2119.5,1854.0915
1,OV,OP,00010,133046,222728,1.0,2022-02-09T00:00:00,2022-02-09T00:00:00,2022-02-09T00:00:00,322114,"Granite Packaging, LLC",MD4023C-C2,MD4023C,MD4023C,3318.0,1383.2742,627.4338,15627.78,15627.78,13671.1226
1,OV,OP,00010,135733,224494,1.0,2022-03-10T00:00:00,2022-03-10T00:00:00,2022-03-10T00:00:00,322114,"Granite Packaging, LLC",MD4021-C2,MD4021,MD4021,8184.0,3411.9096,1547.5944,32163.12,32163.12,29225.9742
1,OV,OP,00010,135733,225255,1.0,2022-03-23T00:00:00,2022-03-23T00:00:00,2022-03-23T00:00:00,322114,"Granite Packaging, LLC",MD4021-C2,MD4021,MD4021,11820.0,4927.758,2235.162,46452.6,46452.6,42228.8648
1,OV,OP,00010,135741,222732,1.0,2022-02-09T00:00:00,2022-02-09T00:00:00,2022-02-09T00:00:00,322114,"Granite Packaging, LLC",MD4022C-C2,MD4022C,MD4022C,3600.0,1500.84,680.76,17136.0,17136.0,14990.5077
1,OV,OP,00010,144320,237194,1.0,2022-10-28T00:00:00,2022-10-28T00:00:00,2022-10-28T00:00:00,322114,"Granite Packaging, LLC",CARN1,CARN1,CARN1,4795.0,4795.0,2175.012,37499.78,37499.78,37749.1235
1,OV,OP,00010,144385,237077,1.0,2022-10-26T00:00:00,2022-10-26T00:00:00,2022-10-26T00:00:00,322114,"Granite Packaging, LLC",THERMOT,THERMOT,THERMOT,33000.0,33000.0,14968.8,19235.7,19235.7,19113.6956
1,OV,OP,00010,118344,182545,1.0,2020-01-31T00:00:00,2020-01-31T00:00:00,2020-01-31T00:00:00,322114,"Granite Packaging, LLC",MD4021-C1,MD4021,MD4021,6852.0,856.5,388.5084,13087.32,13087.32,11795.1107
1,OV,OP,00010,118349,182542,1.0,2020-01-31T00:00:00,2020-01-31T00:00:00,2020-01-31T00:00:00,322114,"Granite Packaging, LLC",MD4023-C2,MD4023,MD4023,6606.0,3443.7077999999997,1562.319,19223.46,19223.46,17325.3836
1,OV,OP,00010,124310,195878,1.0,2020-11-19T00:00:00,2020-11-19T00:00:00,2020-11-19T00:00:00,322114,"Granite Packaging, LLC",MD4023-C2,MD4023,MD4023,11928.0,6218.0664,2820.9719999999998,34710.48,34710.48,29312.0979
1,OV,OP,00010,133043,219740,1.0,2021-12-15T00:00:00,2021-12-15T00:00:00,2021-12-15T00:00:00,322114,"Granite Packaging, LLC",MD4022C-C2,MD4022C,MD4022C,3264.0,1360.7616,617.2224,15536.64,15536.64,13799.4417
1,OV,OP,00010,135738,230300,1.0,2022-06-21T00:00:00,2022-06-21T00:00:00,2022-06-21T00:00:00,322114,"Granite Packaging, LLC",MD4020C-C2,MD4020C,MD4020C,630.0,262.647,119.133,2734.2,2734.2,2591.8562
1,OV,OP,00010,144320,237195,1.0,2022-10-28T00:00:00,2022-10-28T00:00:00,2022-10-28T00:00:00,322114,"Granite Packaging, LLC",CARN1,CARN1,CARN1,4795.0,4795.0,2175.012,575.4,575.4,579.2259
4,OV,OP,00010,133038,220531,1.0,2022-01-03T00:00:00,2021-11-30T00:00:00,2022-01-03T00:00:00,322114,"Granite Packaging, LLC",MD4023-C2,MD4023,MD4023,12996.0,6774.8148,3073.5539999999996,50164.56,50164.56,44436.8759
4,OV,OP,00010,133042,220702,1.0,2022-01-05T00:00:00,2021-12-14T00:00:00,2022-01-05T00:00:00,322114,"Granite Packaging, LLC",MD4021C-C2,MD4021C,MD4021C,3600.0,1500.84,680.76,17208.0,17208.0,15183.5201
4,OV,OP,00010,133036,222716,1.0,2022-02-09T00:00:00,2022-02-09T00:00:00,2022-02-09T00:00:00,322114,"Granite Packaging, LLC",MD4021-C2,MD4021,MD4021,4992.0,2081.1648,943.9871999999999,15080.83,15080.83,13192.6528
1,OV,OP,00010,124310,195879,1.0,2020-11-19T00:00:00,2020-11-19T00:00:00,2020-11-19T00:00:00,322114,"Granite Packaging, LLC",MD4023-C2,MD4023,MD4023,11928.0,6218.0664,2820.9719999999998,746.69,746.69,630.5603
1,OV,OP,00010,124312,195877,1.0,2020-11-19T00:00:00,2020-11-19T00:00:00,2020-11-19T00:00:00,322114,"Granite Packaging, LLC",MD4020C-C2,MD4020C,MD4020C,6978.0,2909.1282,1319.5398,348.9,348.9,294.637
1,OV,OP,00010,124336,196313,1.0,2020-12-01T00:00:00,2020-12-01T00:00:00,2020-12-01T00:00:00,322114,"Granite Packaging, LLC",MD4021-C2,MD4021,MD4021,17094.0,7126.4886,3232.4754,854.7,854.7,710.0077
1,OV,OP,00010,135735,223480,1.0,2022-02-22T00:00:00,2022-02-22T00:00:00,2022-02-22T00:00:00,322114,"Granite Packaging, LLC",MD4023-C2,MD4023,MD4023,5400.0,2815.02,1277.1,338.04,338.04,297.987
1,OV,OP,00010,135735,224491,1.0,2022-03-10T00:00:00,2022-03-10T00:00:00,2022-03-10T00:00:00,322114,"Granite Packaging, LLC",MD4023-C2,MD4023,MD4023,7434.0,3875.3442,1758.1409999999998,465.37,465.37,422.8723
1,OV,OP,00010,133036,222719,1.0,2022-02-09T00:00:00,2022-02-09T00:00:00,2022-02-09T00:00:00,322114,"Granite Packaging, LLC",MD4021-C2,MD4021,MD4021,4992.0,2081.1648,943.9871999999999,249.6,249.6,218.3491
1,OV,OP,00010,133036,222725,1.0,2022-02-09T00:00:00,2022-02-09T00:00:00,2022-02-09T00:00:00,322114,"Granite Packaging, LLC",MD4021-C2,MD4021,MD4021,1596.0,665.3724,301.80359999999996,79.8,79.8,69.8087
1,OV,OP,00010,133036,224493,1.0,2022-03-10T00:00:00,2022-03-10T00:00:00,2022-03-10T00:00:00,322114,"Granite Packaging, LLC",MD4021-C2,MD4021,MD4021,12600.0,5252.94,2382.66,630.0,630.0,572.4682
1,OV,OP,00010,133036,224497,1.0,2022-03-10T00:00:00,2022-03-10T00:00:00,2022-03-10T00:00:00,322114,"Granite Packaging, LLC",MD4021-C2,MD4021,MD4021,816.0,340.1904,154.3056,40.8,40.8,37.0741
1,OV,OP,00010,135734,225258,1.0,2022-03-23T00:00:00,2022-03-23T00:00:00,2022-03-23T00:00:00,322114,"Granite Packaging, LLC",MD4021-C2,MD4021,MD4021,804.0,335.1876,152.0364,40.2,40.2,36.5448
1,OV,OP,00010,135734,226030,1.0,2022-04-06T00:00:00,2022-04-06T00:00:00,2022-04-06T00:00:00,322114,"Granite Packaging, LLC",MD4021-C2,MD4021,MD4021,12600.0,5252.94,2382.66,630.0,630.0,577.3927
1,OV,OP,00010,135734,226434,1.0,2022-04-13T00:00:00,2022-04-13T00:00:00,2022-04-13T00:00:00,322114,"Granite Packaging, LLC",MD4021-C2,MD4021,MD4021,4206.0,1753.4814,795.3546,210.3,210.3,193.6311
1,OV,OP,00010,135737,223484,1.0,2022-02-22T00:00:00,2022-02-22T00:00:00,2022-02-22T00:00:00,322114,"Granite Packaging, LLC",MD4020C-C2,MD4020C,MD4020C,4212.0,1755.9828,796.4892,210.6,210.6,185.6468
1,OV,OP,00010,135737,230299,1.0,2022-06-21T00:00:00,2022-06-21T00:00:00,2022-06-21T00:00:00,322114,"Granite Packaging, LLC",MD4020C-C2,MD4020C,MD4020C,792.0,330.1848,149.7672,39.6,39.6,37.5384
1,OV,OP,00010,135742,223482,1.0,2022-02-22T00:00:00,2022-02-22T00:00:00,2022-02-22T00:00:00,322114,"Granite Packaging, LLC",MD4022C-C2,MD4022C,MD4022C,438.0,182.6022,82.8258,21.9,21.9,19.3052
1,OV,OP,00010,135744,226438,1.0,2022-04-13T00:00:00,2022-04-13T00:00:00,2022-04-13T00:00:00,322114,"Granite Packaging, LLC",MD4023C-C2,MD4023C,MD4023C,1110.0,462.759,209.90099999999998,55.5,55.5,51.1009
1,OV,OP,00010,135744,227193,1.0,2022-04-28T00:00:00,2022-04-28T00:00:00,2022-04-28T00:00:00,322114,"Granite Packaging, LLC",MD4023C-C2,MD4023C,MD4023C,2268.0,945.5292,428.87879999999996,113.4,113.4,107.5411
4,OV,OP,00010,133036,222717,1.0,2022-02-09T00:00:00,2022-02-09T00:00:00,2022-02-09T00:00:00,322114,"Granite Packaging, LLC",MD4021-C2,MD4021,MD4021,4992.0,2081.1648,943.9871999999999,249.6,249.6,218.3491
1,OV,OP,00010,133038,217671,1.0,2021-11-15T00:00:00,2021-11-15T00:00:00,2021-11-15T00:00:00,322114,"Granite Packaging, LLC",MD4023-C2,MD4023,MD4023,2166.0,1129.1358,512.259,135.59,135.59,118.7489
1,OV,OP,00010,133038,222715,1.0,2022-02-09T00:00:00,2022-02-09T00:00:00,2022-02-09T00:00:00,322114,"Granite Packaging, LLC",MD4023-C2,MD4023,MD4023,9996.0,5210.9148,2364.054,625.75,625.75,547.4037
1,OV,OP,00010,133042,222727,1.0,2022-02-09T00:00:00,2022-02-09T00:00:00,2022-02-09T00:00:00,322114,"Granite Packaging, LLC",MD4021C-C2,MD4021C,MD4021C,3420.0,1425.798,646.722,171.0,171.0,149.5902
1,OV,OP,00010,135736,225262,1.0,2022-03-23T00:00:00,2022-03-23T00:00:00,2022-03-23T00:00:00,322114,"Granite Packaging, LLC",MD4023-C2,MD4023,MD4023,9000.0,4691.7,2128.5,563.4,563.4,512.1725
1,OV,OP,00010,135736,225951,1.0,2022-04-05T00:00:00,2022-04-05T00:00:00,2022-04-05T00:00:00,322114,"Granite Packaging, LLC",MD4023-C2,MD4023,MD4023,930.0,484.80899999999997,219.945,58.22,58.22,53.3007
1,OV,OP,00010,135743,224488,1.0,2022-03-10T00:00:00,2022-03-10T00:00:00,2022-03-10T00:00:00,322114,"Granite Packaging, LLC",MD4023C-C2,MD4023C,MD4023C,2910.0,1213.179,550.281,145.5,145.5,132.2129
1,OV,OP,00010,135743,226436,1.0,2022-04-13T00:00:00,2022-04-13T00:00:00,2022-04-13T00:00:00,322114,"Granite Packaging, LLC",MD4023C-C2,MD4023C,MD4023C,690.0,287.661,130.47899999999998,34.5,34.5,31.7654
4,OV,OP,00010,133038,220532,1.0,2022-01-03T00:00:00,2021-11-30T00:00:00,2022-01-03T00:00:00,322114,"Granite Packaging, LLC",MD4023-C2,MD4023,MD4023,12996.0,6774.8148,3073.5539999999996,813.55,813.55,720.6606
4,OV,OP,00010,133042,220703,1.0,2022-01-05T00:00:00,2021-12-14T00:00:00,2022-01-05T00:00:00,322114,"Granite Packaging, LLC",MD4021C-C2,MD4021C,MD4021C,3600.0,1500.84,680.76,180.0,180.0,158.8234
1,OV,OP,00010,125871,201177,1.0,2021-02-23T00:00:00,2021-02-23T00:00:00,2021-02-23T00:00:00,322114,"Granite Packaging, LLC",MD4021-C2,MD4021,MD4021,9834.0,4099.7946,1859.6093999999998,491.7,491.7,404.8272
1,OV,OP,00010,125871,201185,1.0,2021-02-23T00:00:00,2021-02-23T00:00:00,2021-02-23T00:00:00,322114,"Granite Packaging, LLC",MD4021-C2,MD4021,MD4021,6504.0,2711.5176,1229.9063999999998,325.2,325.2,267.7442
1,OV,OP,00010,125872,201174,1.0,2021-02-23T00:00:00,2021-02-23T00:00:00,2021-02-23T00:00:00,322114,"Granite Packaging, LLC",MD4023-C2,MD4023,MD4023,7074.0,3687.6762,1673.001,442.83,442.83,364.5915
1,OV,OP,00010,128547,213491,1.0,2021-09-14T00:00:00,2021-09-14T00:00:00,2021-09-14T00:00:00,322114,"Granite Packaging, LLC",MD4021-C2,MD4021,MD4021,20298.0,8462.2362,3838.3518,1014.9,1014.9,858.3637
1,OV,OP,00010,128548,210141,1.0,2021-07-20T00:00:00,2021-07-20T00:00:00,2021-07-20T00:00:00,322114,"Granite Packaging, LLC",MD4020C-C2,MD4020C,MD4020C,6162.0,2568.9378,1165.2341999999999,308.1,308.1,261.6725
1,OV,OP,00010,129368,214586,1.0,2021-09-30T00:00:00,2021-09-30T00:00:00,2021-09-30T00:00:00,322114,"Granite Packaging, LLC",MD4023-C2,MD4023,MD4023,7200.0,3753.3599999999997,1702.8,450.72,450.72,389.3246
1,OV,OP,00010,129368,215351,1.0,2021-10-12T00:00:00,2021-10-12T00:00:00,2021-10-12T00:00:00,322114,"Granite Packaging, LLC",MD4023-C2,MD4023,MD4023,4800.0,2502.24,1135.2,300.48,300.48,260.3847
1,OV,OP,00010,129369,214595,1.0,2021-09-30T00:00:00,2021-09-30T00:00:00,2021-09-30T00:00:00,322114,"Granite Packaging, LLC",MD4023C-C2,MD4023C,MD4023C,3654.0,1523.3526,690.9714,182.7,182.7,157.8133
1,OV,OP,00010,133035,222136,1.0,2022-01-30T00:00:00,2022-01-30T00:00:00,2022-01-30T00:00:00,322114,"Granite Packaging, LLC",MD4021-C2,MD4021,MD4021,12600.0,5252.94,2382.66,630.0,630.0,565.0168
1,OV,OP,00010,133035,222723,1.0,2022-02-09T00:00:00,2022-02-09T00:00:00,2022-02-09T00:00:00,322114,"Granite Packaging, LLC",MD4021-C2,MD4021,MD4021,7404.0,3086.7276,1400.0964,370.2,370.2,323.8496
1,OV,OP,00010,133037,217665,1.0,2021-11-15T00:00:00,2021-11-15T00:00:00,2021-11-15T00:00:00,322114,"Granite Packaging, LLC",MD4023-C2,MD4023,MD4023,546.0,284.6298,129.129,34.18,34.18,29.9346
1,OV,OP,00010,133037,217669,1.0,2021-11-15T00:00:00,2021-11-15T00:00:00,2021-11-15T00:00:00,322114,"Granite Packaging, LLC",MD4023-C2,MD4023,MD4023,11454.0,5970.9702,2708.8709999999996,717.02,717.02,627.9617
1,OV,OP,00010,133040,218638,1.0,2021-11-30T00:00:00,2021-11-30T00:00:00,2021-11-30T00:00:00,322114,"Granite Packaging, LLC",MD4020C-C2,MD4020C,MD4020C,5430.0,2263.767,1026.8129999999999,271.5,271.5,240.5252
1,OV,OP,00010,133041,219565,1.0,2021-12-14T00:00:00,2021-12-14T00:00:00,2021-12-14T00:00:00,322114,"Granite Packaging, LLC",MD4021C-C2,MD4021C,MD4021C,3600.0,1500.84,680.76,180.0,180.0,159.7653
1,OV,OP,00010,133043,219741,1.0,2021-12-15T00:00:00,2021-12-15T00:00:00,2021-12-15T00:00:00,322114,"Granite Packaging, LLC",MD4022C-C2,MD4022C,MD4022C,3264.0,1360.7616,617.2224,163.2,163.2,144.9521
1,OV,OP,00010,133044,222731,1.0,2022-02-09T00:00:00,2022-02-09T00:00:00,2022-02-09T00:00:00,322114,"Granite Packaging, LLC",MD4022C-C2,MD4022C,MD4022C,3600.0,1500.84,680.76,180.0,180.0,157.4633
1,OV,OP,00010,133045,218627,1.0,2021-11-30T00:00:00,2021-11-30T00:00:00,2021-11-30T00:00:00,322114,"Granite Packaging, LLC",MD4023C-C2,MD4023C,MD4023C,3600.0,1500.84,680.76,180.0,180.0,159.4642
1,OV,OP,00010,133046,221134,1.0,2022-01-12T00:00:00,2022-01-12T00:00:00,2022-01-12T00:00:00,322114,"Granite Packaging, LLC",MD4023C-C2,MD4023C,MD4023C,450.0,187.605,85.095,22.5,22.5,19.6825
1,OV,OP,00010,133046,222729,1.0,2022-02-09T00:00:00,2022-02-09T00:00:00,2022-02-09T00:00:00,322114,"Granite Packaging, LLC",MD4023C-C2,MD4023C,MD4023C,3318.0,1383.2742,627.4338,165.9,165.9,145.1287
1,OV,OP,00010,135733,224495,1.0,2022-03-10T00:00:00,2022-03-10T00:00:00,2022-03-10T00:00:00,322114,"Granite Packaging, LLC",MD4021-C2,MD4021,MD4021,8184.0,3411.9096,1547.5944,409.2,409.2,371.8317
1,OV,OP,00010,135733,225256,1.0,2022-03-23T00:00:00,2022-03-23T00:00:00,2022-03-23T00:00:00,322114,"Granite Packaging, LLC",MD4021-C2,MD4021,MD4021,11820.0,4927.758,2235.162,591.0,591.0,537.2629
1,OV,OP,00010,135738,230301,1.0,2022-06-21T00:00:00,2022-06-21T00:00:00,2022-06-21T00:00:00,322114,"Granite Packaging, LLC",MD4020C-C2,MD4020C,MD4020C,630.0,262.647,119.133,31.5,31.5,29.8601
1,OV,OP,00010,135740,228339,1.0,2022-05-19T00:00:00,2022-05-19T00:00:00,2022-05-19T00:00:00,322114,"Granite Packaging, LLC",MD4021C-C2,MD4021C,MD4021C,4008.0,1670.9352,757.9128,200.4,200.4,189.3279
1,OV,OP,00010,135741,222733,1.0,2022-02-09T00:00:00,2022-02-09T00:00:00,2022-02-09T00:00:00,322114,"Granite Packaging, LLC",MD4022C-C2,MD4022C,MD4022C,3600.0,1500.84,680.76,180.0,180.0,157.4633
1,OV,OP,00010,143650,234574,1.0,2022-09-02T00:00:00,2022-09-02T00:00:00,2022-09-02T00:00:00,322114,"Granite Packaging, LLC",CRTNCLEAR,CRTNCLEAR,CRTNCLEAR,13895.0,13895.0,13895.0,1667.4,1667.4,1662.4485
1,OV,OP,00010,144385,237078,1.0,2022-10-26T00:00:00,2022-10-26T00:00:00,2022-10-26T00:00:00,322114,"Granite Packaging, LLC",THERMOT,THERMOT,THERMOT,33000.0,33000.0,14968.8,3960.0,3960.0,3934.8833
1,OV,OP,00010,133042,220705,1.0,2022-01-05T00:00:00,2022-01-05T00:00:00,2022-01-05T00:00:00,322114,"Granite Packaging, LLC",MD4021C-C2,MD4021C,MD4021C,186.0,77.5434,35.172599999999996,9.3,9.3,8.2059
3,PV,OP,00010,144320,22021071,1.0,2022-10-28T00:00:00,2022-10-28T00:00:00,2022-11-15T00:00:00,322114,"Granite Packaging, LLC",CARN1,CARN1,CARN1,4795.0,4795.0,2175.012,37499.78,37499.78,36159.1066
2,PV,OP,00010,144320,22021077,1.0,2022-10-28T00:00:00,2022-10-28T00:00:00,2022-11-15T00:00:00,322114,"Granite Packaging, LLC",CARN1,CARN1,CARN1,4795.0,4795.0,2175.012,37499.78,37499.78,36159.1066
2,PV,OP,00010,128548,21016229,1.0,2021-07-20T00:00:00,2021-07-20T00:00:00,2021-08-18T00:00:00,322114,"Granite Packaging, LLC",MD4020C-C2,MD4020C,MD4020C,6162.0,2568.9378,1165.2341999999999,16699.02,16699.02,14269.0588
2,PV,OP,00010,129368,21021824,1.0,2021-10-12T00:00:00,2021-10-12T00:00:00,2021-11-15T00:00:00,322114,"Granite Packaging, LLC",MD4023-C2,MD4023,MD4023,4800.0,2502.24,1135.2,14400.0,14400.0,12611.4307
2,PV,OP,00010,129369,21019395,1.0,2021-09-30T00:00:00,2021-09-30T00:00:00,2021-10-01T00:00:00,322114,"Granite Packaging, LLC",MD4023C-C2,MD4023C,MD4023C,3654.0,1523.3526,690.9714,11071.62,11071.62,9547.2572
2,PV,OP,00010,133042,22000540,1.0,2022-01-05T00:00:00,2022-01-05T00:00:00,2022-01-12T00:00:00,322114,"Granite Packaging, LLC",MD4021C-C2,MD4021C,MD4021C,186.0,77.5434,35.172599999999996,544.98,544.98,476.7364
2,PV,OP,00010,133045,21022795,1.0,2021-11-30T00:00:00,2021-11-30T00:00:00,2021-11-30T00:00:00,322114,"Granite Packaging, LLC",MD4023C-C2,MD4023C,MD4023C,3600.0,1500.84,680.76,17064.0,17064.0,15117.2109
2,PV,OP,00010,144700,22021088,1.0,2022-11-15T00:00:00,2022-11-15T00:00:00,2022-11-16T00:00:00,317501,EPS,161190PX-T3,161190PX,161190PX,35100.0,35100.0,15921.36,40575.6,40575.6,39036.182
2,PV,OP,00010,145124,22022451,1.0,2022-12-07T00:00:00,2022-12-07T00:00:00,2022-12-09T00:00:00,317501,EPS,161190PX-T3,161190PX,161190PX,13500.0,13500.0,6123.6,15606.0,15606.0,14789.4582
2,PV,OP,00010,145336,22023308,1.0,2022-12-20T00:00:00,2022-12-20T00:00:00,2022-12-20T00:00:00,317501,EPS,161190PX-T3,161190PX,161190PX,32400.0,32400.0,14696.64,37454.4,37454.4,35221.7245
2,PV,OP,00010,144700,22021088,1.0,2022-11-15T00:00:00,2022-11-15T00:00:00,2022-11-16T00:00:00,317501,EPS,161190PX-T3,161190PX,161190PX,5400.0,5400.0,2449.44,6242.4,6242.4,6005.5665
2,PV,OP,00010,145124,22022451,1.0,2022-12-07T00:00:00,2022-12-07T00:00:00,2022-12-09T00:00:00,317501,EPS,161190PX-T3,161190PX,161190PX,5400.0,5400.0,2449.44,6242.4,6242.4,5915.7833
2,PV,OP,00010,145335,23000195,1.0,2023-01-05T00:00:00,2023-01-05T00:00:00,2023-01-05T00:00:00,317501,EPS,161190PX-T3,161190PX,161190PX,21600.0,21600.0,9797.76,24969.6,24969.6,23735.7197
2,PV,OP,00010,145336,22023308,1.0,2022-12-20T00:00:00,2022-12-20T00:00:00,2022-12-20T00:00:00,317501,EPS,161190PX-T3,161190PX,161190PX,8100.0,8100.0,3674.16,9363.6,9363.6,8805.4311
1,OV,OP,00010,144700,238065,1.0,2022-11-15T00:00:00,2022-11-15T00:00:00,2022-11-15T00:00:00,317501,EPS,161190PX-T3,161190PX,161190PX,35100.0,35100.0,15921.36,40575.6,40575.6,39124.9614
1,OV,OP,00010,145124,239104,1.0,2022-12-07T00:00:00,2022-12-07T00:00:00,2022-12-07T00:00:00,317501,EPS,161190PX-T3,161190PX,161190PX,13500.0,13500.0,6123.6,15606.0,15606.0,14856.7669
1,OV,OP,00010,145336,239757,1.0,2022-12-20T00:00:00,2022-12-20T00:00:00,2022-12-20T00:00:00,317501,EPS,161190PX-T3,161190PX,161190PX,32400.0,32400.0,14696.64,37454.4,37454.4,35221.7245
1,OV,OP,00010,145335,240393,1.0,2023-01-05T00:00:00,2023-01-05T00:00:00,2023-01-05T00:00:00,317501,EPS,161190PX-T3,161190PX,161190PX,21600.0,21600.0,9797.76,24969.6,24969.6,23735.7197
1,OV,OP,00010,145336,239756,1.0,2022-12-20T00:00:00,2022-12-20T00:00:00,2022-12-20T00:00:00,317501,EPS,161190PX-T3,161190PX,161190PX,8100.0,8100.0,3674.16,9363.6,9363.6,8805.4311
1,OV,OP,00010,144700,238063,1.0,2022-11-15T00:00:00,2022-11-15T00:00:00,2022-11-15T00:00:00,317501,EPS,161190PX-T3,161190PX,161190PX,5400.0,5400.0,2449.44,6242.4,6242.4,6019.2248
1,OV,OP,00010,145124,239103,1.0,2022-12-07T00:00:00,2022-12-07T00:00:00,2022-12-07T00:00:00,317501,EPS,161190PX-T3,161190PX,161190PX,5400.0,5400.0,2449.44,6242.4,6242.4,5942.7067
4,OV,OP,00010,145335,240386,1.0,2023-01-05T00:00:00,2023-01-05T00:00:00,2023-01-05T00:00:00,317501,EPS,161190PX-T3,161190PX,161190PX,218900.0,218900.0,99293.04,253048.4,253048.4,240543.9374
2,PV,OP,00010,149088,23011682,1.0,2023-06-06T00:00:00,2023-06-06T00:00:00,2023-06-08T00:00:00,317501,EPS,161190PX-T2,161190PX,161190PX,25300.0,25300.0,11476.08,29246.8,29246.8,27131.0953
2,PV,OP,00010,150271,23014213,1.0,2023-07-14T00:00:00,2023-07-14T00:00:00,2023-07-19T00:00:00,317501,EPS,161190PX-T2,161190PX,161190PX,6900.0,6900.0,3129.84,7976.4,7976.4,7125.2376
2,PV,OP,00010,151969,23019520,1.0,2023-10-03T00:00:00,2023-10-03T00:00:00,2023-10-05T00:00:00,317501,EPS,161190PX-T2,161190PX,161190PX,36800.0,36800.0,16692.48,42540.8,42540.8,40416.5209
2,PV,OP,00010,152890,23022330,1.0,2023-11-21T00:00:00,2023-11-21T00:00:00,2023-11-24T00:00:00,317501,EPS,161190PX-T2,161190PX,161190PX,29900.0,29900.0,13562.64,34564.4,34564.4,31614.7916
2,PV,OP,00010,155270,24002526,1.0,2024-02-06T00:00:00,2024-02-06T00:00:00,2024-02-23T00:00:00,317501,EPS,161190PX-T2,161190PX,161190PX,29900.0,29900.0,13562.64,34564.4,34564.4,31922.1106
2,PV,OP,00010,157852,24005670,1.0,2024-04-23T00:00:00,2024-04-23T00:00:00,2024-04-23T00:00:00,317501,EPS,161190PX-T2,161190PX,161190PX,34500.0,34500.0,15649.2,39882.0,39882.0,37298.2087
2,PV,OP,00010,158769,24007417,1.0,2024-05-28T00:00:00,2024-05-28T00:00:00,2024-05-29T00:00:00,317501,EPS,161190PX-T2,161190PX,161190PX,9200.0,9200.0,4173.12,10911.2,10911.2,10055.1193
2,PV,OP,00010,159525,24008987,1.0,2024-06-20T00:00:00,2024-06-20T00:00:00,2024-06-27T00:00:00,317501,EPS,161190PX-T2,161190PX,161190PX,20700.0,20700.0,9389.52,24550.2,24550.2,22927.8319
2,PV,OP,00010,165411,25002337,1.0,2025-02-11T00:00:00,2025-02-11T00:00:00,2025-02-14T00:00:00,317501,EPS,161190PX-T2,161190PX,161190PX,18400.0,18400.0,8346.24,21822.4,21822.4,20787.3548
2,PV,OP,00010,166362,25004238,1.0,2025-03-24T00:00:00,2025-03-24T00:00:00,2025-03-24T00:00:00,317501,EPS,161190PX-T2,161190PX,161190PX,16100.0,16100.0,7302.96,19094.6,19094.6,17688.0899
2,PV,OP,00010,167260,25006749,1.0,2025-05-13T00:00:00,2025-05-13T00:00:00,2025-05-14T00:00:00,317501,EPS,161190PX-T2,161190PX,161190PX,27600.0,27600.0,12519.36,32733.6,32733.6,29215.9688
2,PV,OP,00010,167955,25006990,1.0,2025-05-20T00:00:00,2025-05-20T00:00:00,2025-05-21T00:00:00,317501,EPS,161190PX-T2,161190PX,161190PX,29900.0,29900.0,13562.64,35461.4,35461.4,31269.281
2,PV,OP,00010,169596,25010857,1.0,2025-07-25T00:00:00,2025-07-25T00:00:00,2025-08-01T00:00:00,317501,EPS,161190PX-T2,161190PX,161190PX,2300.0,2300.0,1043.28,2727.8,2727.8,2360.5448
2,PV,OP,00010,177336,26010631,1.0,2026-06-03T00:00:00,2026-06-03T00:00:00,2026-06-04T00:00:00,317501,EPS,161190PX-T2,161190PX,161190PX,29900.0,29900.0,13562.64,39946.4,39946.4,34351.5711
2,PV,OP,00010,149088,23011682,1.0,2023-06-06T00:00:00,2023-06-06T00:00:00,2023-06-08T00:00:00,317501,EPS,161190PX-T2,161190PX,161190PX,13800.0,13800.0,6259.68,15952.8,15952.8,14798.7792
2,PV,OP,00010,150271,23014213,1.0,2023-07-14T00:00:00,2023-07-14T00:00:00,2023-07-19T00:00:00,317501,EPS,161190PX-T2,161190PX,161190PX,32200.0,32200.0,14605.92,37223.2,37223.2,33251.1086
2,PV,OP,00010,151388,23017766,1.0,2023-09-12T00:00:00,2023-09-12T00:00:00,2023-09-12T00:00:00,317501,EPS,161190PX-T2,161190PX,161190PX,39100.0,39100.0,17735.76,45199.6,45199.6,42142.3307
2,PV,OP,00010,151969,23019520,1.0,2023-10-03T00:00:00,2023-10-03T00:00:00,2023-10-05T00:00:00,317501,EPS,161190PX-T2,161190PX,161190PX,2300.0,2300.0,1043.28,2658.8,2658.8,2526.0326
2,PV,OP,00010,152890,23022330,1.0,2023-11-21T00:00:00,2023-11-21T00:00:00,2023-11-24T00:00:00,317501,EPS,161190PX-T2,161190PX,161190PX,9200.0,9200.0,4173.12,10635.2,10635.2,9727.6282
2,PV,OP,00010,154539,24000581,1.0,2024-01-10T00:00:00,2024-01-10T00:00:00,2024-01-12T00:00:00,317501,EPS,161190PX-T2,161190PX,161190PX,39100.0,39100.0,17735.76,45199.6,45199.6,41240.5716
2,PV,OP,00010,155270,24002526,1.0,2024-02-06T00:00:00,2024-02-06T00:00:00,2024-02-23T00:00:00,317501,EPS,161190PX-T2,161190PX,161190PX,9200.0,9200.0,4173.12,10635.2,10635.2,9822.1879
2,PV,OP,00010,156815,24004361,1.0,2024-03-20T00:00:00,2024-03-20T00:00:00,2024-03-29T00:00:00,317501,EPS,161190PX-T2,161190PX,161190PX,39100.0,39100.0,17735.76,45199.6,45199.6,41887.1654
2,PV,OP,00010,157852,24005670,1.0,2024-04-23T00:00:00,2024-04-23T00:00:00,2024-04-23T00:00:00,317501,EPS,161190PX-T2,161190PX,161190PX,4600.0,4600.0,2086.56,5317.6,5317.6,4973.0945
2,PV,OP,00010,158769,24007417,1.0,2024-05-28T00:00:00,2024-05-28T00:00:00,2024-05-29T00:00:00,317501,EPS,161190PX-T2,161190PX,161190PX,29900.0,29900.0,13562.64,35461.4,35461.4,32679.1376
2,PV,OP,00010,159525,24008987,1.0,2024-06-20T00:00:00,2024-06-20T00:00:00,2024-06-27T00:00:00,317501,EPS,161190PX-T2,161190PX,161190PX,18400.0,18400.0,8346.24,21822.4,21822.4,20380.2951
2,PV,OP,00010,159942,24010475,1.0,2024-07-23T00:00:00,2024-07-23T00:00:00,2024-07-29T00:00:00,317501,EPS,161190PX-T2,161190PX,161190PX,39100.0,39100.0,17735.76,46372.6,46372.6,42859.6112
2,PV,OP,00010,161594,24013836,1.0,2024-10-01T00:00:00,2024-10-01T00:00:00,2024-10-01T00:00:00,317501,EPS,161190PX-T2,161190PX,161190PX,39100.0,39100.0,17735.76,46372.6,46372.6,41901.1777
2,PV,OP,00010,162345,24015473,1.0,2024-11-04T00:00:00,2024-11-04T00:00:00,2024-11-06T00:00:00,317501,EPS,161190PX-T2,161190PX,161190PX,39100.0,39100.0,17735.76,46372.6,46372.6,43214.8717
2,PV,OP,00010,162918,24016815,1.0,2024-11-26T00:00:00,2024-11-26T00:00:00,2024-11-27T00:00:00,317501,EPS,161190PX-T2,161190PX,161190PX,39100.0,39100.0,17735.76,46372.6,46372.6,43850.8116
2,PV,OP,00010,165411,25002337,1.0,2025-02-11T00:00:00,2025-02-11T00:00:00,2025-02-14T00:00:00,317501,EPS,161190PX-T2,161190PX,161190PX,20700.0,20700.0,9389.52,24550.2,24550.2,23385.7742
2,PV,OP,00010,166362,25004238,1.0,2025-03-24T00:00:00,2025-03-24T00:00:00,2025-03-24T00:00:00,317501,EPS,161190PX-T2,161190PX,161190PX,23000.0,23000.0,10432.8,27278.0,27278.0,25268.6998
2,PV,OP,00010,167260,25006749,1.0,2025-05-13T00:00:00,2025-05-13T00:00:00,2025-05-14T00:00:00,317501,EPS,161190PX-T2,161190PX,161190PX,11500.0,11500.0,5216.4,13639.0,13639.0,12173.3203
2,PV,OP,00010,167955,25006990,1.0,2025-05-20T00:00:00,2025-05-20T00:00:00,2025-05-21T00:00:00,317501,EPS,161190PX-T2,161190PX,161190PX,9200.0,9200.0,4173.12,10911.2,10911.2,9621.3172
2,PV,OP,00010,169596,25010857,1.0,2025-07-25T00:00:00,2025-07-25T00:00:00,2025-08-01T00:00:00,317501,EPS,161190PX-T2,161190PX,161190PX,36800.0,36800.0,16692.48,43644.8,43644.8,37768.7173
2,PV,OP,00010,173167,26000638,1.0,2026-01-07T00:00:00,2026-01-07T00:00:00,2026-01-08T00:00:00,317501,EPS,161190PX-T2,161190PX,161190PX,39100.0,39100.0,17735.76,46372.6,46372.6,39780.4428
2,PV,OP,00010,173709,26001136,1.0,2026-01-16T00:00:00,2026-01-16T00:00:00,2026-01-19T00:00:00,317501,EPS,161190PX-T2,161190PX,161190PX,39100.0,39100.0,17735.76,46372.6,46372.6,39830.0197
2,PV,OP,00010,177336,26010631,1.0,2026-06-03T00:00:00,2026-06-03T00:00:00,2026-06-04T00:00:00,317501,EPS,161190PX-T2,161190PX,161190PX,9200.0,9200.0,4173.12,12291.2,12291.2,10569.7142
1,OV,OP,00010,149088,248136,1.0,2023-06-06T00:00:00,2023-06-06T00:00:00,2023-06-06T00:00:00,317501,EPS,161190PX-T2,161190PX,161190PX,25300.0,25300.0,11476.08,29246.8,29246.8,27346.9366
1,OV,OP,00010,150271,249955,1.0,2023-07-14T00:00:00,2023-07-14T00:00:00,2023-07-14T00:00:00,317501,EPS,161190PX-T2,161190PX,161190PX,6900.0,6900.0,3129.84,7976.4,7976.4,7098.8588
1,OV,OP,00010,151969,254057,1.0,2023-10-03T00:00:00,2023-10-03T00:00:00,2023-10-03T00:00:00,317501,EPS,161190PX-T2,161190PX,161190PX,36800.0,36800.0,16692.48,42540.8,42540.8,40697.0775
1,OV,OP,00010,152890,256463,1.0,2023-11-21T00:00:00,2023-11-21T00:00:00,2023-11-21T00:00:00,317501,EPS,161190PX-T2,161190PX,161190PX,29900.0,29900.0,13562.64,34564.4,34564.4,31641.3924
1,OV,OP,00010,155270,260058,1.0,2024-02-06T00:00:00,2024-02-06T00:00:00,2024-02-06T00:00:00,317501,EPS,161190PX-T2,161190PX,161190PX,29900.0,29900.0,13562.64,34564.4,34564.4,32147.4567
1,OV,OP,00010,157852,263985,1.0,2024-04-23T00:00:00,2024-04-23T00:00:00,2024-04-23T00:00:00,317501,EPS,161190PX-T2,161190PX,161190PX,34500.0,34500.0,15649.2,39882.0,39882.0,37298.2087
1,OV,OP,00010,158769,265795,1.0,2024-05-28T00:00:00,2024-05-28T00:00:00,2024-05-28T00:00:00,317501,EPS,161190PX-T2,161190PX,161190PX,9200.0,9200.0,4173.12,10911.2,10911.2,10055.1193
1,OV,OP,00010,159525,266955,1.0,2024-06-20T00:00:00,2024-06-20T00:00:00,2024-06-20T00:00:00,317501,EPS,161190PX-T2,161190PX,161190PX,20700.0,20700.0,9389.52,24550.2,24550.2,22926.0349
1,OV,OP,00010,165411,277444,1.0,2025-02-11T00:00:00,2025-02-11T00:00:00,2025-02-11T00:00:00,317501,EPS,161190PX-T2,161190PX,161190PX,18400.0,18400.0,8346.24,21822.4,21822.4,21090.9153
1,OV,OP,00010,166362,279379,1.0,2025-03-24T00:00:00,2025-03-24T00:00:00,2025-03-24T00:00:00,317501,EPS,161190PX-T2,161190PX,161190PX,16100.0,16100.0,7302.96,19094.6,19094.6,17688.0899
1,OV,OP,00010,167260,281642,1.0,2025-05-13T00:00:00,2025-05-13T00:00:00,2025-05-13T00:00:00,317501,EPS,161190PX-T2,161190PX,161190PX,27600.0,27600.0,12519.36,32733.6,32733.6,29289.1186
1,OV,OP,00010,167955,281960,1.0,2025-05-20T00:00:00,2025-05-20T00:00:00,2025-05-20T00:00:00,317501,EPS,161190PX-T2,161190PX,161190PX,29900.0,29900.0,13562.64,35461.4,35461.4,31510.0213
1,OV,OP,00010,169596,284926,1.0,2025-07-25T00:00:00,2025-07-25T00:00:00,2025-07-25T00:00:00,317501,EPS,161190PX-T2,161190PX,161190PX,2300.0,2300.0,1043.28,2727.8,2727.8,2325.5723
1,OV,OP,00010,175742,295251,1.0,2026-04-07T00:00:00,2026-04-07T00:00:00,2026-04-07T00:00:00,317501,EPS,161190PX-T2,161190PX,161190PX,36800.0,36800.0,16692.48,43644.8,43644.8,37713.4586
1,OV,OP,00010,177336,297538,1.0,2026-06-03T00:00:00,2026-06-03T00:00:00,2026-06-03T00:00:00,317501,EPS,161190PX-T2,161190PX,161190PX,29900.0,29900.0,13562.64,39946.4,39946.4,34422.456
1,OV,OP,00010,149088,248135,1.0,2023-06-06T00:00:00,2023-06-06T00:00:00,2023-06-06T00:00:00,317501,EPS,161190PX-T2,161190PX,161190PX,13800.0,13800.0,6259.68,15952.8,15952.8,14916.5109
1,OV,OP,00010,150271,249954,1.0,2023-07-14T00:00:00,2023-07-14T00:00:00,2023-07-14T00:00:00,317501,EPS,161190PX-T2,161190PX,161190PX,32200.0,32200.0,14605.92,37223.2,37223.2,33128.0078
1,OV,OP,00010,151388,253024,1.0,2023-09-12T00:00:00,2023-09-12T00:00:00,2023-09-12T00:00:00,317501,EPS,161190PX-T2,161190PX,161190PX,39100.0,39100.0,17735.76,45199.6,45199.6,42142.3307
1,OV,OP,00010,151969,254056,1.0,2023-10-03T00:00:00,2023-10-03T00:00:00,2023-10-03T00:00:00,317501,EPS,161190PX-T2,161190PX,161190PX,2300.0,2300.0,1043.28,2658.8,2658.8,2543.5673
1,OV,OP,00010,152890,256462,1.0,2023-11-21T00:00:00,2023-11-21T00:00:00,2023-11-21T00:00:00,317501,EPS,161190PX-T2,161190PX,161190PX,9200.0,9200.0,4173.12,10635.2,10635.2,9735.813
1,OV,OP,00010,154539,258744,1.0,2024-01-10T00:00:00,2024-01-10T00:00:00,2024-01-10T00:00:00,317501,EPS,161190PX-T2,161190PX,161190PX,39100.0,39100.0,17735.76,45199.6,45199.6,41244.2553
1,OV,OP,00010,155270,260057,1.0,2024-02-06T00:00:00,2024-02-06T00:00:00,2024-02-06T00:00:00,317501,EPS,161190PX-T2,161190PX,161190PX,9200.0,9200.0,4173.12,10635.2,10635.2,9891.5251
1,OV,OP,00010,156815,262137,1.0,2024-03-20T00:00:00,2024-03-20T00:00:00,2024-03-20T00:00:00,317501,EPS,161190PX-T2,161190PX,161190PX,39100.0,39100.0,17735.76,45199.6,45199.6,41644.0187
1,OV,OP,00010,157852,263984,1.0,2024-04-23T00:00:00,2024-04-23T00:00:00,2024-04-23T00:00:00,317501,EPS,161190PX-T2,161190PX,161190PX,4600.0,4600.0,2086.56,5317.6,5317.6,4973.0945
1,OV,OP,00010,158769,265794,1.0,2024-05-28T00:00:00,2024-05-28T00:00:00,2024-05-28T00:00:00,317501,EPS,161190PX-T2,161190PX,161190PX,29900.0,29900.0,13562.64,35461.4,35461.4,32679.1376
1,OV,OP,00010,159525,266954,1.0,2024-06-20T00:00:00,2024-06-20T00:00:00,2024-06-20T00:00:00,317501,EPS,161190PX-T2,161190PX,161190PX,18400.0,18400.0,8346.24,21822.4,21822.4,20378.6977
1,OV,OP,00010,159942,268516,1.0,2024-07-23T00:00:00,2024-07-23T00:00:00,2024-07-23T00:00:00,317501,EPS,161190PX-T2,161190PX,161190PX,39100.0,39100.0,17735.76,46372.6,46372.6,42722.9094
1,OV,OP,00010,161594,271561,1.0,2024-10-01T00:00:00,2024-10-01T00:00:00,2024-10-01T00:00:00,317501,EPS,161190PX-T2,161190PX,161190PX,39100.0,39100.0,17735.76,46372.6,46372.6,41901.1777
1,OV,OP,00010,165411,277443,1.0,2025-02-11T00:00:00,2025-02-11T00:00:00,2025-02-11T00:00:00,317501,EPS,161190PX-T2,161190PX,161190PX,20700.0,20700.0,9389.52,24550.2,24550.2,23727.2798
1,OV,OP,00010,167260,281641,1.0,2025-05-13T00:00:00,2025-05-13T00:00:00,2025-05-13T00:00:00,317501,EPS,161190PX-T2,161190PX,161190PX,11500.0,11500.0,5216.4,13639.0,13639.0,12203.7994
1,OV,OP,00010,175742,295250,1.0,2026-04-07T00:00:00,2026-04-07T00:00:00,2026-04-07T00:00:00,317501,EPS,161190PX-T2,161190PX,161190PX,2300.0,2300.0,1043.28,2727.8,2727.8,2357.0912
1,OV,OP,00010,177336,297537,1.0,2026-06-03T00:00:00,2026-06-03T00:00:00,2026-06-03T00:00:00,317501,EPS,161190PX-T2,161190PX,161190PX,9200.0,9200.0,4173.12,12291.2,12291.2,10591.5249
1,OV,OP,00010,162345,273147,1.0,2024-11-04T00:00:00,2024-11-04T00:00:00,2024-11-04T00:00:00,317501,EPS,161190PX-T2,161190PX,161190PX,39100.0,39100.0,17735.76,46372.6,46372.6,42609.5934
1,OV,OP,00010,162918,274230,1.0,2024-11-26T00:00:00,2024-11-26T00:00:00,2024-11-26T00:00:00,317501,EPS,161190PX-T2,161190PX,161190PX,39100.0,39100.0,17735.76,46372.6,46372.6,44248.5402
1,OV,OP,00010,166362,279378,1.0,2025-03-24T00:00:00,2025-03-24T00:00:00,2025-03-24T00:00:00,317501,EPS,161190PX-T2,161190PX,161190PX,23000.0,23000.0,10432.8,27278.0,27278.0,25268.6998
1,OV,OP,00010,169596,284925,1.0,2025-07-25T00:00:00,2025-07-25T00:00:00,2025-07-25T00:00:00,317501,EPS,161190PX-T2,161190PX,161190PX,36800.0,36800.0,16692.48,43644.8,43644.8,37209.156
1,OV,OP,00010,173167,291688,1.0,2026-01-07T00:00:00,2026-01-07T00:00:00,2026-01-07T00:00:00,317501,EPS,161190PX-T2,161190PX,161190PX,39100.0,39100.0,17735.76,46372.6,46372.6,39672.6126
1,OV,OP,00010,173709,292136,1.0,2026-01-16T00:00:00,2026-01-16T00:00:00,2026-01-16T00:00:00,317501,EPS,161190PX-T2,161190PX,161190PX,39100.0,39100.0,17735.76,46372.6,46372.6,39981.1248
1,OV,OP,00010,167955,281959,1.0,2025-05-20T00:00:00,2025-05-20T00:00:00,2025-05-20T00:00:00,317501,EPS,161190PX-T2,161190PX,161190PX,9200.0,9200.0,4173.12,10911.2,10911.2,9695.3912
4,OV,OP,00010,151969,254055,1.0,2023-10-03T00:00:00,2023-10-03T00:00:00,2023-10-03T00:00:00,317501,EPS,161190PX-T2,161190PX,161190PX,22300.0,22300.0,10115.28,25778.8,25778.8,24661.5442
4,OV,OP,00010,159525,266927,1.0,2024-06-20T00:00:00,2024-06-19T00:00:00,2024-06-20T00:00:00,317501,EPS,161190PX-T2,161190PX,161190PX,18400.0,18400.0,8346.24,21822.4,21822.4,20378.6977
4,OV,OP,00010,159525,266927,1.0,2024-06-20T00:00:00,2024-06-19T00:00:00,2024-06-20T00:00:00,317501,EPS,161190PX-T2,161190PX,161190PX,20700.0,20700.0,9389.52,24550.2,24550.2,22926.0349
2,PV,OP,00010,175742,26006272,1.0,2026-04-07T00:00:00,2026-04-07T00:00:00,2026-04-10T00:00:00,317501,EPS,161190PX-T2,161190PX,161190PX,2300.0,2300.0,1043.28,2727.8,2727.8,2326.8873
2,PV,OP,00010,175742,26006272,1.0,2026-04-07T00:00:00,2026-04-07T00:00:00,2026-04-10T00:00:00,317501,EPS,161190PX-T2,161190PX,161190PX,36800.0,36800.0,16692.48,43644.8,43644.8,37230.1972
2,PV,OP,00010,118457,20000657,1.0,2020-01-03T00:00:00,2020-01-03T00:00:00,2020-01-16T00:00:00,317501,EPS,161190PX,161190PX,161190PX,24300.0,24300.0,11022.48,18176.4,18176.4,16327.9583
2,PV,OP,00010,120416,20010669,1.0,2020-04-02T00:00:00,2020-04-02T00:00:00,2020-07-23T00:00:00,317501,EPS,161190PX,161190PX,161190PX,35100.0,35100.0,15921.36,25798.5,25798.5,22196.0645
2,PV,OP,00010,120747,20007330,1.0,2020-05-06T00:00:00,2020-05-06T00:00:00,2020-05-12T00:00:00,317501,EPS,161190PX,161190PX,161190PX,24300.0,24300.0,11022.48,18103.5,18103.5,16664.6755
2,PV,OP,00010,120782,20005844,1.0,2020-04-14T00:00:00,2020-04-14T00:00:00,2020-04-16T00:00:00,317501,EPS,161190PX,161190PX,161190PX,29700.0,29700.0,13471.92,22126.5,22126.5,20410.3377
2,PV,OP,00010,123521,20013034,1.0,2020-08-26T00:00:00,2020-08-26T00:00:00,2020-09-09T00:00:00,317501,EPS,161190PX,161190PX,161190PX,32400.0,32400.0,14696.64,22420.8,22420.8,18982.1667
2,PV,OP,00010,123979,20014372,1.0,2020-09-23T00:00:00,2020-09-23T00:00:00,2020-09-28T00:00:00,317501,EPS,161190PX,161190PX,161190PX,21600.0,21600.0,9797.76,14947.2,14947.2,12822.2732
2,PV,OP,00010,124186,20014788,1.0,2020-10-01T00:00:00,2020-10-01T00:00:00,2020-10-08T00:00:00,317501,EPS,161190PX,161190PX,161190PX,27000.0,27000.0,12247.2,18684.0,18684.0,15897.8849
2,PV,OP,00010,124341,20015480,1.0,2020-10-12T00:00:00,2020-10-12T00:00:00,2020-10-22T00:00:00,317501,EPS,161190PX,161190PX,161190PX,24300.0,24300.0,11022.48,16815.6,16815.6,14220.3795
2,PV,OP,00010,125146,21003623,1.0,2020-11-20T00:00:00,2020-11-20T00:00:00,2021-02-19T00:00:00,317501,EPS,161190PX,161190PX,161190PX,2700.0,2700.0,1224.72,1868.4,1868.4,1539.6171
2,PV,OP,00010,125146,21003623,1.0,2020-11-20T00:00:00,2020-11-20T00:00:00,2021-02-19T00:00:00,317501,EPS,161190PX,161190PX,161190PX,35100.0,35100.0,15921.36,24289.2,24289.2,20015.0222
2,PV,OP,00010,127613,21005146,1.0,2021-03-02T00:00:00,2021-03-02T00:00:00,2021-03-16T00:00:00,317501,EPS,161190PX,161190PX,161190PX,5400.0,5400.0,2449.44,3736.8,3736.8,3141.3514
2,PV,OP,00010,130424,21011165,1.0,2021-06-10T00:00:00,2021-06-10T00:00:00,2021-06-14T00:00:00,317501,EPS,161190PX,161190PX,161190PX,8100.0,8100.0,3674.16,7589.7,7589.7,6258.6085
2,PV,OP,00010,131176,21016232,1.0,2021-08-17T00:00:00,2021-08-17T00:00:00,2021-08-18T00:00:00,317501,EPS,161190PX,161190PX,161190PX,16200.0,16200.0,7348.32,15195.6,15195.6,12984.4092
2,PV,OP,00010,132769,21018991,1.0,2021-09-17T00:00:00,2021-09-17T00:00:00,2021-09-24T00:00:00,317501,EPS,161190PX,161190PX,161190PX,10800.0,10800.0,4898.88,10357.2,10357.2,8840.9235
2,PV,OP,00010,132772,21020900,1.0,2021-10-27T00:00:00,2021-10-27T00:00:00,2021-10-28T00:00:00,317501,EPS,161190PX,161190PX,161190PX,10800.0,10800.0,4898.88,10735.2,10735.2,9186.8439
2,PV,OP,00010,132775,21022198,1.0,2021-11-22T00:00:00,2021-11-22T00:00:00,2021-11-22T00:00:00,317501,EPS,161190PX,161190PX,161190PX,27000.0,27000.0,12247.2,26838.0,26838.0,23833.5208
2,PV,OP,00010,135727,22004690,1.0,2022-03-18T00:00:00,2022-03-18T00:00:00,2022-03-18T00:00:00,317501,EPS,161190PX,161190PX,161190PX,32400.0,32400.0,14696.64,30261.6,30261.6,27399.4427
2,PV,OP,00010,137908,22007474,1.0,2022-05-05T00:00:00,2022-05-05T00:00:00,2022-05-12T00:00:00,317501,EPS,161190PX,161190PX,161190PX,24300.0,24300.0,11022.48,22696.2,22696.2,21855.1991
2,PV,OP,00010,139620,22008113,1.0,2022-05-23T00:00:00,2022-05-23T00:00:00,2022-05-24T00:00:00,317501,EPS,161190PX,161190PX,161190PX,21600.0,21600.0,9797.76,25077.6,25077.6,23345.2043
2,PV,OP,00010,143023,22015254,1.0,2022-08-30T00:00:00,2022-08-30T00:00:00,2022-08-31T00:00:00,317501,EPS,161190PX,161190PX,161190PX,32400.0,32400.0,14696.64,38523.6,38523.6,38267.7879
2,PV,OP,00010,143912,22016979,1.0,2022-09-29T00:00:00,2022-09-29T00:00:00,2022-09-29T00:00:00,317501,EPS,161190PX,161190PX,161190PX,21600.0,21600.0,9797.76,24969.6,24969.6,25542.902
2,PV,OP,00010,120049,20003759,1.0,2020-03-11T00:00:00,2020-03-11T00:00:00,2020-03-18T00:00:00,317501,EPS,161190PX,161190PX,161190PX,18900.0,18900.0,8573.04,13702.5,13702.5,12592.8195
2,PV,OP,00010,120782,20005844,1.0,2020-04-14T00:00:00,2020-04-14T00:00:00,2020-04-16T00:00:00,317501,EPS,161190PX,161190PX,161190PX,10800.0,10800.0,4898.88,8046.0,8046.0,7421.941
2,PV,OP,00010,123521,20013034,1.0,2020-08-26T00:00:00,2020-08-26T00:00:00,2020-09-09T00:00:00,317501,EPS,161190PX,161190PX,161190PX,2700.0,2700.0,1224.72,1868.4,1868.4,1581.8472
2,PV,OP,00010,124341,20015480,1.0,2020-10-12T00:00:00,2020-10-12T00:00:00,2020-10-22T00:00:00,317501,EPS,161190PX,161190PX,161190PX,16200.0,16200.0,7348.32,11210.4,11210.4,9480.253
2,PV,OP,00010,125072,20017000,1.0,2020-11-02T00:00:00,2020-11-02T00:00:00,2020-11-13T00:00:00,317501,EPS,161190PX,161190PX,161190PX,21600.0,21600.0,9797.76,14947.2,14947.2,12650.9469
2,PV,OP,00010,127613,21005146,1.0,2021-03-02T00:00:00,2021-03-02T00:00:00,2021-03-16T00:00:00,317501,EPS,161190PX,161190PX,161190PX,13500.0,13500.0,6123.6,9342.0,9342.0,7853.3785
2,PV,OP,00010,128908,21007889,1.0,2021-04-27T00:00:00,2021-04-27T00:00:00,2021-04-27T00:00:00,317501,EPS,161190PX,161190PX,161190PX,24300.0,24300.0,11022.48,18832.5,18832.5,15590.8768
2,PV,OP,00010,130331,21013145,1.0,2021-07-12T00:00:00,2021-07-12T00:00:00,2021-07-14T00:00:00,317501,EPS,161190PX,161190PX,161190PX,13500.0,13500.0,6123.6,12649.5,12649.5,10697.6379
2,PV,OP,00010,130424,21011165,1.0,2021-06-10T00:00:00,2021-06-10T00:00:00,2021-06-14T00:00:00,317501,EPS,161190PX,161190PX,161190PX,27000.0,27000.0,12247.2,25299.0,25299.0,20862.0285
2,PV,OP,00010,131176,21016232,1.0,2021-08-17T00:00:00,2021-08-17T00:00:00,2021-08-18T00:00:00,317501,EPS,161190PX,161190PX,161190PX,24300.0,24300.0,11022.48,22793.4,22793.4,19476.6138
2,PV,OP,00010,132769,21018991,1.0,2021-09-17T00:00:00,2021-09-17T00:00:00,2021-09-24T00:00:00,317501,EPS,161190PX,161190PX,161190PX,29700.0,29700.0,13471.92,28482.3,28482.3,24312.5397
2,PV,OP,00010,132772,21020994,1.0,2021-10-23T00:00:00,2021-10-23T00:00:00,2021-10-29T00:00:00,317501,EPS,161190PX,161190PX,161190PX,29700.0,29700.0,13471.92,29521.8,29521.8,25555.0532
2,PV,OP,00010,132775,21022198,1.0,2021-11-22T00:00:00,2021-11-22T00:00:00,2021-11-22T00:00:00,317501,EPS,161190PX,161190PX,161190PX,13500.0,13500.0,6123.6,13419.0,13419.0,11916.7604
2,PV,OP,00010,132776,21024570,1.0,2021-12-27T00:00:00,2021-12-27T00:00:00,2021-12-27T00:00:00,317501,EPS,161190PX,161190PX,161190PX,18900.0,18900.0,8573.04,18786.6,18786.6,16584.3953
2,PV,OP,00010,135726,22002431,1.0,2022-02-15T00:00:00,2022-02-15T00:00:00,2022-02-16T00:00:00,317501,EPS,161190PX,161190PX,161190PX,40500.0,40500.0,18370.8,37827.0,37827.0,33239.1674
2,PV,OP,00010,135727,22004690,1.0,2022-03-18T00:00:00,2022-03-18T00:00:00,2022-03-18T00:00:00,317501,EPS,161190PX,161190PX,161190PX,5400.0,5400.0,2449.44,5043.6,5043.6,4566.5738
2,PV,OP,00010,139620,22007851,1.0,2022-05-18T00:00:00,2022-05-18T00:00:00,2022-05-19T00:00:00,317501,EPS,161190PX,161190PX,161190PX,21600.0,21600.0,9797.76,25077.6,25077.6,23692.0576
2,PV,OP,00010,142673,22013204,1.0,2022-08-11T00:00:00,2022-08-11T00:00:00,2022-08-12T00:00:00,317501,EPS,161190PX,161190PX,161190PX,27000.0,27000.0,12247.2,32184.0,32184.0,31374.0864
2,PV,OP,00010,142674,22013907,1.0,2022-08-22T00:00:00,2022-08-22T00:00:00,2022-08-23T00:00:00,317501,EPS,161190PX,161190PX,161190PX,27000.0,27000.0,12247.2,32184.0,32184.0,32275.5313
2,PV,OP,00010,143023,22015254,1.0,2022-08-30T00:00:00,2022-08-30T00:00:00,2022-08-31T00:00:00,317501,EPS,161190PX,161190PX,161190PX,8100.0,8100.0,3674.16,9630.9,9630.9,9566.947
2,PV,OP,00010,143912,22016979,1.0,2022-09-29T00:00:00,2022-09-29T00:00:00,2022-09-29T00:00:00,317501,EPS,161190PX,161190PX,161190PX,18900.0,18900.0,8573.04,21848.4,21848.4,22350.0393
1,OV,OP,00010,132772,216060,1.0,2021-10-23T00:00:00,2021-10-23T00:00:00,2021-10-23T00:00:00,317501,EPS,161190PX,161190PX,161190PX,29700.0,29700.0,13471.92,29521.8,29521.8,25356.7995
1,OV,OP,00010,132772,216333,1.0,2021-10-27T00:00:00,2021-10-27T00:00:00,2021-10-27T00:00:00,317501,EPS,161190PX,161190PX,161190PX,10800.0,10800.0,4898.88,10735.2,10735.2,9254.9362
1,OV,OP,00010,118457,181203,1.0,2020-01-03T00:00:00,2020-01-03T00:00:00,2020-01-03T00:00:00,317501,EPS,161190PX,161190PX,161190PX,24300.0,24300.0,11022.48,18176.4,18176.4,16289.0699
1,OV,OP,00010,120416,185579,1.0,2020-04-02T00:00:00,2020-04-02T00:00:00,2020-04-02T00:00:00,317501,EPS,161190PX,161190PX,161190PX,35100.0,35100.0,15921.36,25798.5,25798.5,23768.6818
1,OV,OP,00010,120747,187178,1.0,2020-05-06T00:00:00,2020-05-06T00:00:00,2020-05-06T00:00:00,317501,EPS,161190PX,161190PX,161190PX,24300.0,24300.0,11022.48,18103.5,18103.5,16755.7198
1,OV,OP,00010,120782,186099,1.0,2020-04-14T00:00:00,2020-04-14T00:00:00,2020-04-14T00:00:00,317501,EPS,161190PX,161190PX,161190PX,29700.0,29700.0,13471.92,22126.5,22126.5,20146.6296
1,OV,OP,00010,123521,191810,1.0,2020-08-26T00:00:00,2020-08-26T00:00:00,2020-08-26T00:00:00,317501,EPS,161190PX,161190PX,161190PX,32400.0,32400.0,14696.64,22420.8,22420.8,18980.1287
1,OV,OP,00010,123979,193001,1.0,2020-09-23T00:00:00,2020-09-23T00:00:00,2020-09-23T00:00:00,317501,EPS,161190PX,161190PX,161190PX,21600.0,21600.0,9797.76,14947.2,14947.2,12801.7058
1,OV,OP,00010,124186,193310,1.0,2020-10-01T00:00:00,2020-10-01T00:00:00,2020-10-01T00:00:00,317501,EPS,161190PX,161190PX,161190PX,27000.0,27000.0,12247.2,18684.0,18684.0,15898.8583
1,OV,OP,00010,124341,193853,1.0,2020-10-12T00:00:00,2020-10-12T00:00:00,2020-10-12T00:00:00,317501,EPS,161190PX,161190PX,161190PX,24300.0,24300.0,11022.48,16815.6,16815.6,14242.9175
1,OV,OP,00010,125146,195939,1.0,2020-11-20T00:00:00,2020-11-20T00:00:00,2020-11-20T00:00:00,317501,EPS,161190PX,161190PX,161190PX,2700.0,2700.0,1224.72,1868.4,1868.4,1575.6632
1,OV,OP,00010,125146,195940,1.0,2020-11-20T00:00:00,2020-11-20T00:00:00,2020-11-20T00:00:00,317501,EPS,161190PX,161190PX,161190PX,35100.0,35100.0,15921.36,24289.2,24289.2,20483.6216
1,OV,OP,00010,127613,201729,1.0,2021-03-02T00:00:00,2021-03-02T00:00:00,2021-03-02T00:00:00,317501,EPS,161190PX,161190PX,161190PX,5400.0,5400.0,2449.44,3736.8,3736.8,3094.0839
1,OV,OP,00010,127613,201730,1.0,2021-03-02T00:00:00,2021-03-02T00:00:00,2021-03-02T00:00:00,317501,EPS,161190PX,161190PX,161190PX,21600.0,21600.0,9797.76,14947.2,14947.2,12376.3354
1,OV,OP,00010,128908,204950,1.0,2021-04-27T00:00:00,2021-04-27T00:00:00,2021-04-27T00:00:00,317501,EPS,161190PX,161190PX,161190PX,16200.0,16200.0,7348.32,12555.0,12555.0,10393.9179
1,OV,OP,00010,130331,209578,1.0,2021-07-12T00:00:00,2021-07-12T00:00:00,2021-07-12T00:00:00,317501,EPS,161190PX,161190PX,161190PX,27000.0,27000.0,12247.2,25299.0,25299.0,21334.2748
1,OV,OP,00010,130424,207592,1.0,2021-06-10T00:00:00,2021-06-10T00:00:00,2021-06-10T00:00:00,317501,EPS,161190PX,161190PX,161190PX,8100.0,8100.0,3674.16,7589.7,7589.7,6234.3982
1,OV,OP,00010,130424,207593,1.0,2021-06-10T00:00:00,2021-06-10T00:00:00,2021-06-10T00:00:00,317501,EPS,161190PX,161190PX,161190PX,5400.0,5400.0,2449.44,5059.8,5059.8,4156.2654
1,OV,OP,00010,131176,211977,1.0,2021-08-17T00:00:00,2021-08-17T00:00:00,2021-08-17T00:00:00,317501,EPS,161190PX,161190PX,161190PX,16200.0,16200.0,7348.32,15195.6,15195.6,12972.7952
1,OV,OP,00010,132769,213653,1.0,2021-09-17T00:00:00,2021-09-17T00:00:00,2021-09-17T00:00:00,317501,EPS,161190PX,161190PX,161190PX,10800.0,10800.0,4898.88,10357.2,10357.2,8827.7057
1,OV,OP,00010,132775,218080,1.0,2021-11-22T00:00:00,2021-11-22T00:00:00,2021-11-22T00:00:00,317501,EPS,161190PX,161190PX,161190PX,27000.0,27000.0,12247.2,26838.0,26838.0,23833.5208
1,OV,OP,00010,132776,220212,1.0,2021-12-27T00:00:00,2021-12-27T00:00:00,2021-12-27T00:00:00,317501,EPS,161190PX,161190PX,161190PX,17793.0,17793.0,8070.9048,17686.24,17686.24,15613.0218
1,OV,OP,00010,135727,224991,1.0,2022-03-18T00:00:00,2022-03-18T00:00:00,2022-03-18T00:00:00,317501,EPS,161190PX,161190PX,161190PX,2700.0,2700.0,1224.72,2521.8,2521.8,2283.2869
1,OV,OP,00010,135727,224991,1.0,2022-03-18T00:00:00,2022-03-18T00:00:00,2022-03-18T00:00:00,317501,EPS,161190PX,161190PX,161190PX,32400.0,32400.0,14696.64,30261.6,30261.6,27399.4427
1,OV,OP,00010,137908,227524,1.0,2022-05-05T00:00:00,2022-05-05T00:00:00,2022-05-05T00:00:00,317501,EPS,161190PX,161190PX,161190PX,24300.0,24300.0,11022.48,22696.2,22696.2,21597.4157
1,OV,OP,00010,139620,228511,1.0,2022-05-23T00:00:00,2022-05-23T00:00:00,2022-05-23T00:00:00,317501,EPS,161190PX,161190PX,161190PX,21600.0,21600.0,9797.76,25077.6,25077.6,23500.1964
1,OV,OP,00010,142673,233377,1.0,2022-08-11T00:00:00,2022-08-11T00:00:00,2022-08-11T00:00:00,317501,EPS,161190PX,161190PX,161190PX,13500.0,13500.0,6123.6,16092.0,16092.0,15567.6679
1,OV,OP,00010,142674,233802,1.0,2022-08-22T00:00:00,2022-08-22T00:00:00,2022-08-22T00:00:00,317501,EPS,161190PX,161190PX,161190PX,13500.0,13500.0,6123.6,16092.0,16092.0,16191.772
1,OV,OP,00010,143023,234351,1.0,2022-08-30T00:00:00,2022-08-30T00:00:00,2022-08-30T00:00:00,317501,EPS,161190PX,161190PX,161190PX,32400.0,32400.0,14696.64,38523.6,38523.6,38451.0061
1,OV,OP,00010,143912,235918,1.0,2022-09-29T00:00:00,2022-09-29T00:00:00,2022-09-29T00:00:00,317501,EPS,161190PX,161190PX,161190PX,21600.0,21600.0,9797.76,24969.6,24969.6,25542.902
1,OV,OP,00010,118457,181202,1.0,2020-01-03T00:00:00,2020-01-03T00:00:00,2020-01-03T00:00:00,317501,EPS,161190PX,161190PX,161190PX,16200.0,16200.0,7348.32,12117.6,12117.6,10859.3799
1,OV,OP,00010,120416,185577,1.0,2020-04-02T00:00:00,2020-04-02T00:00:00,2020-04-02T00:00:00,317501,EPS,161190PX,161190PX,161190PX,5400.0,5400.0,2449.44,3969.0,3969.0,3656.7203
1,OV,OP,00010,120782,186098,1.0,2020-04-14T00:00:00,2020-04-14T00:00:00,2020-04-14T00:00:00,317501,EPS,161190PX,161190PX,161190PX,10800.0,10800.0,4898.88,8046.0,8046.0,7326.0471
1,OV,OP,00010,124341,193852,1.0,2020-10-12T00:00:00,2020-10-12T00:00:00,2020-10-12T00:00:00,317501,EPS,161190PX,161190PX,161190PX,16200.0,16200.0,7348.32,11210.4,11210.4,9495.2783
1,OV,OP,00010,125072,194942,1.0,2020-11-02T00:00:00,2020-11-02T00:00:00,2020-11-02T00:00:00,317501,EPS,161190PX,161190PX,161190PX,21600.0,21600.0,9797.76,14947.2,14947.2,12848.087
1,OV,OP,00010,130424,207591,1.0,2021-06-10T00:00:00,2021-06-10T00:00:00,2021-06-10T00:00:00,317501,EPS,161190PX,161190PX,161190PX,27000.0,27000.0,12247.2,25299.0,25299.0,20781.3272
1,OV,OP,00010,137908,227524,1.0,2022-05-05T00:00:00,2022-05-05T00:00:00,2022-05-05T00:00:00,317501,EPS,161190PX,161190PX,161190PX,16200.0,16200.0,7348.32,15130.8,15130.8,14398.2771
1,OV,OP,00010,143912,235917,1.0,2022-09-29T00:00:00,2022-09-29T00:00:00,2022-09-29T00:00:00,317501,EPS,161190PX,161190PX,161190PX,18900.0,18900.0,8573.04,21848.4,21848.4,22350.0393
1,OV,OP,00010,132775,218079,1.0,2021-11-22T00:00:00,2021-11-22T00:00:00,2021-11-22T00:00:00,317501,EPS,161190PX,161190PX,161190PX,13500.0,13500.0,6123.6,13419.0,13419.0,11916.7604
1,OV,OP,00010,120049,184415,1.0,2020-03-11T00:00:00,2020-03-11T00:00:00,2020-03-11T00:00:00,317501,EPS,161190PX,161190PX,161190PX,18900.0,18900.0,8573.04,13702.5,13702.5,12104.5062
1,OV,OP,00010,120747,187177,1.0,2020-05-06T00:00:00,2020-05-06T00:00:00,2020-05-06T00:00:00,317501,EPS,161190PX,161190PX,161190PX,16200.0,16200.0,7348.32,12069.0,12069.0,11170.4798
1,OV,OP,00010,123521,191809,1.0,2020-08-26T00:00:00,2020-08-26T00:00:00,2020-08-26T00:00:00,317501,EPS,161190PX,161190PX,161190PX,2700.0,2700.0,1224.72,1868.4,1868.4,1581.6774
1,OV,OP,00010,123979,193000,1.0,2020-09-23T00:00:00,2020-09-23T00:00:00,2020-09-23T00:00:00,317501,EPS,161190PX,161190PX,161190PX,18900.0,18900.0,8573.04,13078.8,13078.8,11201.4926
1,OV,OP,00010,124186,193309,1.0,2020-10-01T00:00:00,2020-10-01T00:00:00,2020-10-01T00:00:00,317501,EPS,161190PX,161190PX,161190PX,13500.0,13500.0,6123.6,9342.0,9342.0,7949.4292
1,OV,OP,00010,125146,195938,1.0,2020-11-20T00:00:00,2020-11-20T00:00:00,2020-11-20T00:00:00,317501,EPS,161190PX,161190PX,161190PX,2700.0,2700.0,1224.72,1868.4,1868.4,1575.6632
1,OV,OP,00010,126819,199420,1.0,2021-01-22T00:00:00,2021-01-22T00:00:00,2021-01-22T00:00:00,317501,EPS,161190PX,161190PX,161190PX,40500.0,40500.0,18370.8,28026.0,28026.0,23011.6666
1,OV,OP,00010,127613,201728,1.0,2021-03-02T00:00:00,2021-03-02T00:00:00,2021-03-02T00:00:00,317501,EPS,161190PX,161190PX,161190PX,13500.0,13500.0,6123.6,9342.0,9342.0,7735.2096
1,OV,OP,00010,128908,204949,1.0,2021-04-27T00:00:00,2021-04-27T00:00:00,2021-04-27T00:00:00,317501,EPS,161190PX,161190PX,161190PX,24300.0,24300.0,11022.48,18832.5,18832.5,15590.8768
1,OV,OP,00010,129774,205856,1.0,2021-05-12T00:00:00,2021-05-12T00:00:00,2021-05-12T00:00:00,317501,EPS,161190PX,161190PX,161190PX,40500.0,40500.0,18370.8,35235.0,35235.0,29187.8319
1,OV,OP,00010,130331,209577,1.0,2021-07-12T00:00:00,2021-07-12T00:00:00,2021-07-12T00:00:00,317501,EPS,161190PX,161190PX,161190PX,13500.0,13500.0,6123.6,12649.5,12649.5,10667.1374
1,OV,OP,00010,131175,210344,1.0,2021-07-23T00:00:00,2021-07-23T00:00:00,2021-07-23T00:00:00,317501,EPS,161190PX,161190PX,161190PX,21600.0,21600.0,9797.76,20239.2,20239.2,17207.716
1,OV,OP,00010,131176,211976,1.0,2021-08-17T00:00:00,2021-08-17T00:00:00,2021-08-17T00:00:00,317501,EPS,161190PX,161190PX,161190PX,24300.0,24300.0,11022.48,22793.4,22793.4,19459.1928
1,OV,OP,00010,132769,213652,1.0,2021-09-17T00:00:00,2021-09-17T00:00:00,2021-09-17T00:00:00,317501,EPS,161190PX,161190PX,161190PX,29700.0,29700.0,13471.92,28482.3,28482.3,24276.1906
1,OV,OP,00010,132776,220200,1.0,2021-12-27T00:00:00,2021-12-27T00:00:00,2021-12-27T00:00:00,317501,EPS,161190PX,161190PX,161190PX,18900.0,18900.0,8573.04,18786.6,18786.6,16584.3953
1,OV,OP,00010,135723,221208,1.0,2022-01-13T00:00:00,2022-01-13T00:00:00,2022-01-13T00:00:00,317501,EPS,161190PX,161190PX,161190PX,40500.0,40500.0,18370.8,39001.5,39001.5,34016.8002
1,OV,OP,00010,135726,223058,1.0,2022-02-15T00:00:00,2022-02-15T00:00:00,2022-02-15T00:00:00,317501,EPS,161190PX,161190PX,161190PX,40500.0,40500.0,18370.8,37827.0,37827.0,33286.5079
1,OV,OP,00010,135727,224991,1.0,2022-03-18T00:00:00,2022-03-18T00:00:00,2022-03-18T00:00:00,317501,EPS,161190PX,161190PX,161190PX,5400.0,5400.0,2449.44,5043.6,5043.6,4566.5738
1,OV,OP,00010,139620,228223,1.0,2022-05-18T00:00:00,2022-05-18T00:00:00,2022-05-18T00:00:00,317501,EPS,161190PX,161190PX,161190PX,21600.0,21600.0,9797.76,25077.6,25077.6,23885.1551
1,OV,OP,00010,142673,233376,1.0,2022-08-11T00:00:00,2022-08-11T00:00:00,2022-08-11T00:00:00,317501,EPS,161190PX,161190PX,161190PX,27000.0,27000.0,12247.2,32184.0,32184.0,31135.3359
1,OV,OP,00010,142674,233801,1.0,2022-08-22T00:00:00,2022-08-22T00:00:00,2022-08-22T00:00:00,317501,EPS,161190PX,161190PX,161190PX,27000.0,27000.0,12247.2,32184.0,32184.0,32383.544
1,OV,OP,00010,143023,234350,1.0,2022-08-30T00:00:00,2022-08-30T00:00:00,2022-08-30T00:00:00,317501,EPS,161190PX,161190PX,161190PX,8100.0,8100.0,3674.16,9630.9,9630.9,9612.7515
4,OV,OP,00010,132776,220211,1.0,2021-12-27T00:00:00,2021-12-27T00:00:00,2021-12-27T00:00:00,317501,EPS,161190PX,161190PX,161190PX,18900.0,18900.0,8573.04,18786.6,18786.6,16584.3953
2,PV,OP,00010,118457,20000657,1.0,2020-01-03T00:00:00,2020-01-03T00:00:00,2020-01-16T00:00:00,317501,EPS,161190PX,161190PX,161190PX,16200.0,16200.0,7348.32,12117.6,12117.6,10885.3055
2,PV,OP,00010,120416,20010669,1.0,2020-04-02T00:00:00,2020-04-02T00:00:00,2020-07-23T00:00:00,317501,EPS,161190PX,161190PX,161190PX,5400.0,5400.0,2449.44,3969.0,3969.0,3414.7792
2,PV,OP,00010,120747,20007330,1.0,2020-05-06T00:00:00,2020-05-06T00:00:00,2020-05-12T00:00:00,317501,EPS,161190PX,161190PX,161190PX,16200.0,16200.0,7348.32,12069.0,12069.0,11109.7836
2,PV,OP,00010,123979,20014372,1.0,2020-09-23T00:00:00,2020-09-23T00:00:00,2020-09-28T00:00:00,317501,EPS,161190PX,161190PX,161190PX,18900.0,18900.0,8573.04,13078.8,13078.8,11219.489
2,PV,OP,00010,124186,20014788,1.0,2020-10-01T00:00:00,2020-10-01T00:00:00,2020-10-08T00:00:00,317501,EPS,161190PX,161190PX,161190PX,13500.0,13500.0,6123.6,9342.0,9342.0,7948.9424
2,PV,OP,00010,125146,21003623,1.0,2020-11-20T00:00:00,2020-11-20T00:00:00,2021-02-19T00:00:00,317501,EPS,161190PX,161190PX,161190PX,2700.0,2700.0,1224.72,1868.4,1868.4,1539.6171
2,PV,OP,00010,126819,21001940,1.0,2021-01-22T00:00:00,2021-01-22T00:00:00,2021-02-04T00:00:00,317501,EPS,161190PX,161190PX,161190PX,40500.0,40500.0,18370.8,28026.0,28026.0,23407.276
2,PV,OP,00010,127613,21005146,1.0,2021-03-02T00:00:00,2021-03-02T00:00:00,2021-03-16T00:00:00,317501,EPS,161190PX,161190PX,161190PX,21600.0,21600.0,9797.76,14947.2,14947.2,12565.4055
2,PV,OP,00010,128908,21007889,1.0,2021-04-27T00:00:00,2021-04-27T00:00:00,2021-04-27T00:00:00,317501,EPS,161190PX,161190PX,161190PX,16200.0,16200.0,7348.32,12555.0,12555.0,10393.9179
2,PV,OP,00010,129774,21008983,1.0,2021-05-12T00:00:00,2021-05-12T00:00:00,2021-05-17T00:00:00,317501,EPS,161190PX,161190PX,161190PX,40500.0,40500.0,18370.8,35235.0,35235.0,28990.16
2,PV,OP,00010,130331,21013145,1.0,2021-07-12T00:00:00,2021-07-12T00:00:00,2021-07-14T00:00:00,317501,EPS,161190PX,161190PX,161190PX,27000.0,27000.0,12247.2,25299.0,25299.0,21395.2758
2,PV,OP,00010,130424,21011165,1.0,2021-06-10T00:00:00,2021-06-10T00:00:00,2021-06-14T00:00:00,317501,EPS,161190PX,161190PX,161190PX,5400.0,5400.0,2449.44,5059.8,5059.8,4172.4057
2,PV,OP,00010,131175,21013974,1.0,2021-07-23T00:00:00,2021-07-23T00:00:00,2021-07-23T00:00:00,317501,EPS,161190PX,161190PX,161190PX,21600.0,21600.0,9797.76,20239.2,20239.2,17207.716
2,PV,OP,00010,132776,21024570,1.0,2021-12-27T00:00:00,2021-12-27T00:00:00,2021-12-27T00:00:00,317501,EPS,161190PX,161190PX,161190PX,17793.0,17793.0,8070.9048,17686.24,17686.24,15613.0218
2,PV,OP,00010,135723,22000617,1.0,2022-01-13T00:00:00,2022-01-13T00:00:00,2022-01-14T00:00:00,317501,EPS,161190PX,161190PX,161190PX,40500.0,40500.0,18370.8,39001.5,39001.5,34173.9099
2,PV,OP,00010,135727,22004690,1.0,2022-03-18T00:00:00,2022-03-18T00:00:00,2022-03-18T00:00:00,317501,EPS,161190PX,161190PX,161190PX,2700.0,2700.0,1224.72,2521.8,2521.8,2283.2869
2,PV,OP,00010,137908,22007474,1.0,2022-05-05T00:00:00,2022-05-05T00:00:00,2022-05-12T00:00:00,317501,EPS,161190PX,161190PX,161190PX,16200.0,16200.0,7348.32,15130.8,15130.8,14570.1327
2,PV,OP,00010,142673,22013204,1.0,2022-08-11T00:00:00,2022-08-11T00:00:00,2022-08-12T00:00:00,317501,EPS,161190PX,161190PX,161190PX,13500.0,13500.0,6123.6,16092.0,16092.0,15687.0432
2,PV,OP,00010,142674,22013907,1.0,2022-08-22T00:00:00,2022-08-22T00:00:00,2022-08-23T00:00:00,317501,EPS,161190PX,161190PX,161190PX,13500.0,13500.0,6123.6,16092.0,16092.0,16137.7656
1,OV,OC,00010,134259,213480,1.0,2021-09-14T00:00:00,2021-09-14T00:00:00,2021-09-14T00:00:00,324962,Ascent Industries Co.,??????,,,470.0,470.0,470.0,1880.0,1880.0,1590.0322
2,PV,OC,00010,134259,21018432,1.0,2021-09-14T00:00:00,2021-09-14T00:00:00,2021-09-14T00:00:00,324962,Ascent Industries Co.,??????,,,470.0,470.0,470.0,1880.0,1880.0,1590.0322
1,OV,OC,00010,134259,213481,1.0,2021-09-14T00:00:00,2021-09-14T00:00:00,2021-09-14T00:00:00,324962,Ascent Industries Co.,??????,,,470.0,470.0,470.0,0.0,0.0,0.0
1,OV,OD,00010,2001,229568,1.0,2022-06-09T00:00:00,2022-06-09T00:00:00,2022-06-09T00:00:00,324962,Ascent Industries Co.,WD40-UN,WD40,WD40,10.0,3500.0,1587.5729999999999,8995.0,8995.0,8440.5149
1,OV,OD,00010,2002,228671,1.0,2022-05-25T00:00:00,2022-05-25T00:00:00,2022-05-25T00:00:00,324962,Ascent Industries Co.,WD40-UN,WD40,WD40,18.0,6300.0,2857.6313999999998,16191.0,16191.0,15188.1181
1,OV,OD,00010,2003,229831,1.0,2022-06-14T00:00:00,2022-06-14T00:00:00,2022-06-14T00:00:00,324962,Ascent Industries Co.,WD40-UN,WD40,WD40,1.0,350.0,158.7573,899.5,899.5,863.0886
1,OV,OD,00010,2004,229833,1.0,2022-06-14T00:00:00,2022-06-14T00:00:00,2022-06-14T00:00:00,324962,Ascent Industries Co.,WD40-UN,WD40,WD40,11.0,3850.0,1746.3302999999999,9894.5,9894.5,9493.9746
1,OV,OD,00010,2005,230621,1.0,2022-06-27T00:00:00,2022-06-27T00:00:00,2022-06-27T00:00:00,324962,Ascent Industries Co.,WD40-UN,WD40,WD40,20.0,7000.0,3175.1459999999997,17990.0,17990.0,16969.3176
1,OV,OD,00010,2006,230596,1.0,2022-06-27T00:00:00,2022-06-27T00:00:00,2022-06-27T00:00:00,324962,Ascent Industries Co.,WD40-UN,WD40,WD40,11.0,3850.0,1746.3302999999999,9894.5,9894.5,9333.1247
1,OV,OD,00010,2007,234004,1.0,2022-08-25T00:00:00,2022-08-25T00:00:00,2022-08-25T00:00:00,324962,Ascent Industries Co.,WD40-UN,WD40,WD40,20.0,7000.0,3175.1459999999997,17990.0,17990.0,18062.6256
2,PV,OD,00010,2001,22009206,1.0,2022-06-09T00:00:00,2022-06-09T00:00:00,2022-06-09T00:00:00,324962,Ascent Industries Co.,WD40-UN,WD40,WD40,10.0,3500.0,1587.5729999999999,8995.0,8995.0,8440.5149
2,PV,OD,00010,2002,22008252,1.0,2022-05-25T00:00:00,2022-05-25T00:00:00,2022-05-26T00:00:00,324962,Ascent Industries Co.,WD40-UN,WD40,WD40,18.0,6300.0,2857.6313999999998,16191.0,16191.0,15096.7604
2,PV,OD,00010,2003,22009483,1.0,2022-06-14T00:00:00,2022-06-14T00:00:00,2022-06-15T00:00:00,324962,Ascent Industries Co.,WD40-UN,WD40,WD40,1.0,350.0,158.7573,899.5,899.5,865.8681
2,PV,OD,00010,2004,22009489,1.0,2022-06-14T00:00:00,2022-06-14T00:00:00,2022-06-15T00:00:00,324962,Ascent Industries Co.,WD40-UN,WD40,WD40,11.0,3850.0,1746.3302999999999,9894.5,9894.5,9524.5496
2,PV,OD,00010,2005,22010065,1.0,2022-06-27T00:00:00,2022-06-27T00:00:00,2022-06-27T00:00:00,324962,Ascent Industries Co.,WD40-UN,WD40,WD40,20.0,7000.0,3175.1459999999997,17990.0,17990.0,16969.3176
2,PV,OD,00010,2006,22010060,1.0,2022-06-27T00:00:00,2022-06-27T00:00:00,2022-06-27T00:00:00,324962,Ascent Industries Co.,WD40-UN,WD40,WD40,11.0,3850.0,1746.3302999999999,9894.5,9894.5,9333.1247
2,PV,OD,00010,2007,22014179,1.0,2022-08-25T00:00:00,2022-08-25T00:00:00,2022-08-25T00:00:00,324962,Ascent Industries Co.,WD40-UN,WD40,WD40,20.0,7000.0,3175.1459999999997,17990.0,17990.0,18062.6256
1,OV,OD,00010,2013,277831,1.0,2025-02-19T00:00:00,2025-02-19T00:00:00,2025-02-19T00:00:00,328211,"BPI Packaging, LLC",MD4020-C2,MD4020,MD4020,9834.0,4099.7946,1859.6093999999998,50448.42,50448.42,48482.8487
2,PV,OD,00010,2013,25002509,1.0,2025-02-19T00:00:00,2025-02-19T00:00:00,2025-02-19T00:00:00,328211,"BPI Packaging, LLC",MD4020-C2,MD4020,MD4020,9834.0,4099.7946,1859.6093999999998,50448.42,50448.42,48482.8487
1,OV,OD,00010,2012,256829,1.0,2023-11-30T00:00:00,2023-11-30T00:00:00,2023-11-30T00:00:00,328211,"BPI Packaging, LLC",CRTNCLEAR,CRTNCLEAR,CRTNCLEAR,105.0,105.0,47.628,50.4,50.4,46.2107
2,PV,OD,00010,2012,23023417,1.0,2023-11-30T00:00:00,2023-11-30T00:00:00,2023-12-15T00:00:00,328211,"BPI Packaging, LLC",CRTNCLEAR,CRTNCLEAR,CRTNCLEAR,105.0,105.0,47.628,50.4,50.4,46.2124
1,OV,OC,00020,23000667,23002566,1.0,2023-08-07T00:00:00,2023-08-07T00:00:00,2023-08-07T00:00:00,324808,Cromogenia,??????,,,15.0,33.069,15.0,63.45,69.7952,63.45
2,PV,OC,00020,23000667,23002202,1.0,2023-08-07T00:00:00,2023-08-07T00:00:00,2023-08-21T00:00:00,324808,Cromogenia,??????,,,15.0,33.069,15.0,63.45,69.0843,63.45
1,OV,OD,00010,2001,229569,1.0,2022-06-09T00:00:00,2022-06-09T00:00:00,2022-06-09T00:00:00,324962,Ascent Industries Co.,WD40-UN,WD40,WD40,10.0,3500.0,1587.5729999999999,420.0,420.0,394.1096
1,OV,OD,00010,2002,228672,1.0,2022-05-25T00:00:00,2022-05-25T00:00:00,2022-05-25T00:00:00,324962,Ascent Industries Co.,WD40-UN,WD40,WD40,18.0,6300.0,2857.6313999999998,756.0,756.0,709.1728
1,OV,OD,00010,2003,229832,1.0,2022-06-14T00:00:00,2022-06-14T00:00:00,2022-06-14T00:00:00,324962,Ascent Industries Co.,WD40-UN,WD40,WD40,1.0,350.0,158.7573,42.0,42.0,40.2999
1,OV,OD,00010,2004,229834,1.0,2022-06-14T00:00:00,2022-06-14T00:00:00,2022-06-14T00:00:00,324962,Ascent Industries Co.,WD40-UN,WD40,WD40,11.0,3850.0,1746.3302999999999,462.0,462.0,443.2984
1,OV,OD,00010,2005,230622,1.0,2022-06-27T00:00:00,2022-06-27T00:00:00,2022-06-27T00:00:00,324962,Ascent Industries Co.,WD40-UN,WD40,WD40,20.0,7000.0,3175.1459999999997,840.0,840.0,792.3417
1,OV,OD,00010,2006,230597,1.0,2022-06-27T00:00:00,2022-06-27T00:00:00,2022-06-27T00:00:00,324962,Ascent Industries Co.,WD40-UN,WD40,WD40,11.0,3850.0,1746.3302999999999,462.0,462.0,435.7879
1,OV,OD,00010,2007,234005,1.0,2022-08-25T00:00:00,2022-08-25T00:00:00,2022-08-25T00:00:00,324962,Ascent Industries Co.,WD40-UN,WD40,WD40,20.0,7000.0,3175.1459999999997,840.0,840.0,843.3911
4,OV,OD,00010,2001,229567,1.0,2022-06-09T00:00:00,2022-06-06T00:00:00,2022-06-09T00:00:00,324962,Ascent Industries Co.,WD40-UN,WD40,WD40,10.0,3500.0,1587.5729999999999,420.0,420.0,394.1096
4,OV,OD,00010,2001,229566,1.0,2022-06-09T00:00:00,2022-06-06T00:00:00,2022-06-09T00:00:00,324962,Ascent Industries Co.,WD40-UN,WD40,WD40,10.0,3500.0,1587.5729999999999,8610.0,8610.0,8079.2477
1,OV,OD,00010,2000,236005,2.0,2022-09-30T00:00:00,2022-09-30T00:00:00,2022-09-30T00:00:00,328211,"BPI Packaging, LLC",MD4023-C2,MD4023,MD4023,18816.0,7844.3904,3558.1056,105934.08,105934.08,108230.466
2,PV,OD,00010,2000,22017404,2.0,2022-09-30T00:00:00,2022-09-30T00:00:00,2022-09-30T00:00:00,328211,"BPI Packaging, LLC",MD4023-C2,MD4023,MD4023,18816.0,7844.3904,3558.1056,105934.08,105934.08,108230.466
1,OV,OD,00010,2012,256829,2.0,2023-11-30T00:00:00,2023-11-30T00:00:00,2023-11-30T00:00:00,328211,"BPI Packaging, LLC",CRTNWHITE,CRTNWHITE,CRTNWHITE,144.0,144.0,65.3184,69.12,69.12,63.3747
2,PV,OD,00010,2012,23023417,2.0,2023-11-30T00:00:00,2023-11-30T00:00:00,2023-12-15T00:00:00,328211,"BPI Packaging, LLC",CRTNWHITE,CRTNWHITE,CRTNWHITE,144.0,144.0,65.3184,69.12,69.12,63.3771
2,PV,OP,00020,19001548,20000413,2.0,2020-02-24T00:00:00,2020-02-21T00:00:00,2020-02-28T00:00:00,301843,BIP (Oldbury) Limited,??????,,,10245.0,10245.0,4647.132,8196.0,9038.1964,8196.0
1,OV,OP,00020,19001548,19005151,2.0,2020-02-24T00:00:00,2020-02-21T00:00:00,2019-12-13T00:00:00,301843,BIP (Oldbury) Limited,??????,,,10245.0,10245.0,4647.132,8196.0,9125.4264,8196.0
1,OV,OP,00020,21000818,21003839,2.0,2021-10-25T00:00:00,2021-10-25T00:00:00,2021-10-25T00:00:00,327516,ERCA Advanced Polymer Solutions SRL,U502.E-TO,U502.E,U502,3000.0,6613.8,3000.0,14310.0,16617.6335,14310.0
1,OV,OP,00020,21000818,21003840,2.0,2021-10-25T00:00:00,2021-10-25T00:00:00,2021-10-25T00:00:00,327516,ERCA Advanced Polymer Solutions SRL,U502.E-TO,U502.E,U502,970.0,2138.462,970.0,4626.9,5373.0348,4626.9
1,OV,OP,00020,21002011,22002225,2.0,2022-05-30T00:00:00,2022-05-20T00:00:00,2022-05-30T00:00:00,301843,BIP (Oldbury) Limited,U802.E-TO,U802.E,U802,5000.0,11023.0,5000.0,25600.0,27589.7114,25600.0
1,OV,OP,00020,22000213,22003677,2.0,2022-09-05T00:00:00,2022-09-02T00:00:00,2022-09-05T00:00:00,301843,BIP (Oldbury) Limited,U502.E-TO,U502.E,U502,5000.0,11023.0,5000.0,57575.0,57179.5288,57575.0
1,OV,OP,00020,22000215,22003700,2.0,2022-09-07T00:00:00,2022-09-07T00:00:00,2022-09-07T00:00:00,301843,BIP (Oldbury) Limited,U802.E-TO,U802.E,U802,5000.0,11023.0,5000.0,25725.0,25569.0885,25725.0
1,OV,OP,00020,23001004,23003284,2.0,2023-11-08T00:00:00,2023-11-08T00:00:00,2023-11-08T00:00:00,327516,ERCA Advanced Polymer Solutions SRL,U502.E-TO,U502.E,U502,3000.0,6613.8,3000.0,18810.0,20154.8191,18810.0
1,OV,OP,00020,23001130,23003502,2.0,2023-12-08T00:00:00,2023-12-08T00:00:00,2023-12-08T00:00:00,301843,BIP (Oldbury) Limited,U502.E-TO,U502.E,U502,4975.0,10967.885,4975.0,29566.43,31770.1254,29566.43
1,OV,OP,00020,25000128,25000753,2.0,2025-03-06T00:00:00,2025-03-06T00:00:00,2025-03-06T00:00:00,327516,ERCA Advanced Polymer Solutions SRL,U802.E-PL,U802.E,U802,20.0,44.092,20.0,108.4,117.2664,108.4
2,PV,OP,00020,21000818,21002900,2.0,2021-10-25T00:00:00,2021-10-25T00:00:00,2021-10-28T00:00:00,327516,ERCA Advanced Polymer Solutions SRL,U502.E-TO,U502.E,U502,3000.0,6613.8,3000.0,14310.0,16721.8146,14310.0
2,PV,OP,00020,21000818,21002900,2.0,2021-10-25T00:00:00,2021-10-25T00:00:00,2021-10-28T00:00:00,327516,ERCA Advanced Polymer Solutions SRL,U502.E-TO,U502.E,U502,970.0,2138.462,970.0,4626.9,5406.72,4626.9
2,PV,OP,00020,21002011,22001568,2.0,2022-05-30T00:00:00,2022-05-20T00:00:00,2022-05-30T00:00:00,301843,BIP (Oldbury) Limited,U802.E-TO,U802.E,U802,5000.0,11023.0,5000.0,25600.0,27589.7114,25600.0
2,PV,OP,00020,22000213,22002620,2.0,2022-09-05T00:00:00,2022-09-02T00:00:00,2022-09-07T00:00:00,301843,BIP (Oldbury) Limited,U502.E-TO,U502.E,U502,5000.0,11023.0,5000.0,57575.0,57226.0552,57575.0
2,PV,OP,00020,22000215,22002620,2.0,2022-09-07T00:00:00,2022-09-07T00:00:00,2022-09-07T00:00:00,301843,BIP (Oldbury) Limited,U802.E-TO,U802.E,U802,5000.0,11023.0,5000.0,25725.0,25569.0885,25725.0
2,PV,OP,00020,23001004,23002905,2.0,2023-11-08T00:00:00,2023-11-08T00:00:00,2023-11-13T00:00:00,327516,ERCA Advanced Polymer Solutions SRL,U502.E-TO,U502.E,U502,3000.0,6613.8,3000.0,18810.0,20126.0435,18810.0
2,PV,OP,00020,23001130,23003140,2.0,2023-12-08T00:00:00,2023-12-08T00:00:00,2023-12-11T00:00:00,301843,BIP (Oldbury) Limited,U502.E-TO,U502.E,U502,4975.0,10967.885,4975.0,29566.43,31774.3712,29566.43
2,PV,OP,00020,25000128,25000543,2.0,2025-03-06T00:00:00,2025-03-06T00:00:00,2025-03-18T00:00:00,327516,ERCA Advanced Polymer Solutions SRL,U802.E-PL,U802.E,U802,20.0,44.092,20.0,108.4,118.4583,108.4
1,OV,OP,00020,21001517,21003646,2.0,2021-10-11T00:00:00,2021-10-11T00:00:00,2021-10-11T00:00:00,327516,ERCA Advanced Polymer Solutions SRL,181193EU.E,181193EU.E,181193EU,80.0,176.368,80.0,358.8,415.2151,358.8
2,PV,OP,00020,21001517,21002856,2.0,2021-10-11T00:00:00,2021-10-11T00:00:00,2021-10-20T00:00:00,327516,ERCA Advanced Polymer Solutions SRL,181193EU.E,181193EU.E,181193EU,80.0,176.368,80.0,358.8,417.766,358.8
2,PV,OP,00020,19001289,20000738,2.0,2020-03-09T00:00:00,2020-03-09T00:00:00,2020-04-06T00:00:00,324808,Cromogenia,MDU2012.E-TO,MDU2012.E,MDU2012,12000.0,26455.2,12000.0,28680.0,30999.2254,28680.0
2,PV,OP,00020,19001546,20000125,2.0,2020-01-24T00:00:00,2020-01-24T00:00:00,2020-01-24T00:00:00,324808,Cromogenia,MDU4075.E-TO,MDU4075.E,MDU4075,4000.0,8818.4,4000.0,12600.0,13892.3329,12600.0
2,PV,OP,00020,19001563,20000072,2.0,2020-01-16T00:00:00,2020-01-16T00:00:00,2020-01-20T00:00:00,324808,Cromogenia,171228PX.E,171228PX.E,171228PX,600.0,1322.76,600.0,1848.0,2051.0619,1848.0
2,PV,OP,00020,20000438,20002058,2.0,2020-06-16T00:00:00,2020-06-16T00:00:00,2020-09-07T00:00:00,301843,BIP (Oldbury) Limited,U502.E-TO,U502.E,U502,146.0,321.8716,146.0,460.34,544.0688,460.34
2,PV,OP,00020,20000446,20002227,2.0,2020-09-24T00:00:00,2020-09-24T00:00:00,2020-09-29T00:00:00,324808,Cromogenia,MDU2012B.E-TO,MDU2012B.E,MDU2012B,6000.0,13227.6,6000.0,14400.0,16874.3261,14400.0
2,PV,OP,00020,20000730,20002227,2.0,2020-09-24T00:00:00,2020-09-24T00:00:00,2020-09-29T00:00:00,324808,Cromogenia,MDU2012B.E-TO,MDU2012B.E,MDU2012B,3000.0,6613.8,3000.0,7200.0,8437.163,7200.0
2,PV,OP,00020,21000303,21001839,2.0,2021-07-06T00:00:00,2021-07-06T00:00:00,2021-07-14T00:00:00,324808,Cromogenia,MDU2012B.E-TO,MDU2012B.E,MDU2012B,2000.0,4409.2,2000.0,4800.0,5675.795,4800.0
2,PV,OP,00020,21000303,21001839,2.0,2021-07-06T00:00:00,2021-07-06T00:00:00,2021-07-14T00:00:00,324808,Cromogenia,MDU2012B.E-TO,MDU2012B.E,MDU2012B,1000.0,2204.6,1000.0,2400.0,2837.8975,2400.0
2,PV,OP,00020,21000611,21002198,2.0,2021-08-09T00:00:00,2021-08-09T00:00:00,2021-08-21T00:00:00,324808,Cromogenia,MDU2012B.E-TO,MDU2012B.E,MDU2012B,2000.0,4409.2,2000.0,5400.0,6318.1982,5400.0
2,PV,OP,00020,21000710,21003414,2.0,2021-12-06T00:00:00,2021-12-06T00:00:00,2021-12-14T00:00:00,324808,Cromogenia,MDU2012B.E-TO,MDU2012B.E,MDU2012B,1000.0,2204.6,1000.0,3150.0,3548.9554,3150.0
2,PV,OP,00020,21001059,22000366,2.0,2022-02-01T00:00:00,2022-02-01T00:00:00,2022-02-10T00:00:00,324808,Cromogenia,MDU2012B.E-TO,MDU2012B.E,MDU2012B,1000.0,2204.6,1000.0,3910.0,4491.8463,3910.0
2,PV,OP,00020,21001740,22000787,2.0,2022-03-14T00:00:00,2022-03-11T00:00:00,2022-03-18T00:00:00,324808,Cromogenia,MDU440B.E-TO,MDU440B.E,MDU440B,2000.0,4409.2,2000.0,7140.0,7885.8473,7140.0
2,PV,OP,00020,22000027,22002615,2.0,2022-09-07T00:00:00,2022-09-06T00:00:00,2022-09-07T00:00:00,324808,Cromogenia,MDU440B.E-TO,MDU440B.E,MDU440B,3000.0,6613.8,3000.0,14160.0,14074.1805,14160.0
2,PV,OP,00020,22000056,22001305,2.0,2022-05-03T00:00:00,2022-05-03T00:00:00,2022-05-04T00:00:00,324808,Cromogenia,MDU2012B.E-TO,MDU2012B.E,MDU2012B,3000.0,6613.8,3000.0,11730.0,12362.7385,11730.0
2,PV,OP,00020,22000230,23000058,2.0,2023-01-11T00:00:00,2023-01-11T00:00:00,2023-01-12T00:00:00,324808,Cromogenia,MDU440B.E-TO,MDU440B.E,MDU440B,5000.0,11023.0,5000.0,23600.0,25543.6417,23600.0
2,PV,OP,00020,22000401,22001305,2.0,2022-05-03T00:00:00,2022-05-03T00:00:00,2022-05-04T00:00:00,324808,Cromogenia,MDU2012B.E-LP,MDU2012B.E,MDU2012B,1200.0,2645.52,1200.0,4800.0,5058.9211,4800.0
2,PV,OP,00020,22001473,22003583,2.0,2022-12-14T00:00:00,2022-12-14T00:00:00,2022-12-19T00:00:00,324808,Cromogenia,201118CX.E-LP,201118CX.E,201118CX,120.0,264.552,120.0,494.4,525.2753,494.4
2,PV,OP,00020,23000128,23000857,2.0,2023-03-21T00:00:00,2023-03-21T00:00:00,2023-03-29T00:00:00,324808,Cromogenia,201118CX.E-LP,201118CX.E,201118CX,466.0,1027.3436000000002,466.0,1971.18,2134.0647,1971.18
2,PV,OP,00020,24001404,25000554,2.0,2025-03-07T00:00:00,2025-03-07T00:00:00,2025-03-18T00:00:00,324808,Cromogenia,MDU2012B.E-TO,MDU2012B.E,MDU2012B,2000.0,4409.2,2000.0,6400.0,6993.847,6400.0
2,PV,OP,00020,24001404,25000554,2.0,2025-03-07T00:00:00,2025-03-07T00:00:00,2025-03-18T00:00:00,324808,Cromogenia,MDU2012B.E-TO,MDU2012B.E,MDU2012B,809.0,1783.5214,809.0,2588.8,2829.0111,2588.8
2,PV,OP,00020,24001594,25000378,2.0,2025-02-17T00:00:00,2025-02-17T00:00:00,2025-03-04T00:00:00,301843,BIP (Oldbury) Limited,MPEG2000.E,MPEG2000.E,MPEG2000,175.0,385.805,175.0,1636.25,1723.5963,1636.25
2,PV,OP,00020,25001121,25002230,2.0,2025-10-13T00:00:00,2025-10-13T00:00:00,2025-10-17T00:00:00,327516,ERCA Advanced Polymer Solutions SRL,U2022EU.E-LP,U2022EU.E,U2022EU,600.0,1322.76,600.0,2736.0,3193.6288,2736.0
2,PV,OP,00020,25001123,25002575,2.0,2025-11-24T00:00:00,2025-11-24T00:00:00,2025-11-27T00:00:00,327516,ERCA Advanced Polymer Solutions SRL,U2022EU.E-TO,U2022EU.E,U2022EU,2931.0,6461.6826,2931.0,13189.5,15298.1265,13189.5
2,PV,OP,00020,25001170,25002547,2.0,2025-11-13T00:00:00,2025-11-13T00:00:00,2025-11-24T00:00:00,327516,ERCA Advanced Polymer Solutions SRL,U502.E-TO,U502.E,U502,3000.0,6613.8,3000.0,13500.0,15550.8714,13500.0
2,PV,OP,00020,25001371,26000370,2.0,2026-02-09T00:00:00,2026-02-09T00:00:00,2026-02-12T00:00:00,327516,ERCA Advanced Polymer Solutions SRL,U502.E-TO,U502.E,U502,2000.0,4409.2,2000.0,9000.0,10682.4177,9000.0
2,PV,OP,00020,25001371,26000370,2.0,2026-02-09T00:00:00,2026-02-09T00:00:00,2026-02-12T00:00:00,327516,ERCA Advanced Polymer Solutions SRL,U502.E-TO,U502.E,U502,1000.0,2204.6,1000.0,4500.0,5341.2088,4500.0
2,PV,OP,00020,25001371,26000370,2.0,2026-02-09T00:00:00,2026-02-09T00:00:00,2026-02-12T00:00:00,327516,ERCA Advanced Polymer Solutions SRL,U502.E-TO,U502.E,U502,3000.0,6613.8,3000.0,13500.0,16023.6266,13500.0
2,PV,OP,00020,26000185,26001387,2.0,2026-06-03T00:00:00,2026-05-20T00:00:00,2026-06-04T00:00:00,327516,ERCA Advanced Polymer Solutions SRL,U502.E-TO,U502.E,U502,6000.0,13227.6,6000.0,3900.0,4535.1918,3900.0
1,OV,OP,00020,19001289,20000882,2.0,2020-03-09T00:00:00,2020-03-09T00:00:00,2020-03-09T00:00:00,324808,Cromogenia,MDU2012.E-TO,MDU2012.E,MDU2012,12000.0,26455.2,12000.0,28680.0,32720.1028,28680.0
1,OV,OP,00020,19001546,20000321,2.0,2020-01-24T00:00:00,2020-01-24T00:00:00,2020-01-24T00:00:00,324808,Cromogenia,MDU4075.E-TO,MDU4075.E,MDU4075,4000.0,8818.4,4000.0,12600.0,13892.3329,12600.0
1,OV,OP,00020,19001563,20000223,2.0,2020-01-16T00:00:00,2020-01-16T00:00:00,2020-01-16T00:00:00,324808,Cromogenia,171228PX.E,171228PX.E,171228PX,600.0,1322.76,600.0,1848.0,2057.2067,1848.0
1,OV,OP,00020,20000438,20002211,2.0,2020-06-16T00:00:00,2020-06-16T00:00:00,2020-06-16T00:00:00,301843,BIP (Oldbury) Limited,U502.E-TO,U502.E,U502,146.0,321.8716,146.0,460.34,518.1686,460.34
1,OV,OP,00020,20000446,20003043,2.0,2020-09-24T00:00:00,2020-09-24T00:00:00,2020-09-24T00:00:00,324808,Cromogenia,MDU2012B.E-TO,MDU2012B.E,MDU2012B,6000.0,13227.6,6000.0,14400.0,16795.9181,14400.0
1,OV,OP,00020,20000730,20003044,2.0,2020-09-24T00:00:00,2020-09-24T00:00:00,2020-09-24T00:00:00,324808,Cromogenia,MDU2012B.E-TO,MDU2012B.E,MDU2012B,3000.0,6613.8,3000.0,7200.0,8397.959,7200.0
1,OV,OP,00020,21000303,21002380,2.0,2021-07-06T00:00:00,2021-07-06T00:00:00,2021-07-06T00:00:00,324808,Cromogenia,MDU2012B.E-TO,MDU2012B.E,MDU2012B,2000.0,4409.2,2000.0,4800.0,5672.5325,4800.0
1,OV,OP,00020,21000303,21002381,2.0,2021-07-06T00:00:00,2021-07-06T00:00:00,2021-07-06T00:00:00,324808,Cromogenia,MDU2012B.E-TO,MDU2012B.E,MDU2012B,1000.0,2204.6,1000.0,2400.0,2836.2662,2400.0
1,OV,OP,00020,21000611,21002710,2.0,2021-08-09T00:00:00,2021-08-09T00:00:00,2021-08-09T00:00:00,324808,Cromogenia,MDU2012B.E-TO,MDU2012B.E,MDU2012B,2000.0,4409.2,2000.0,5400.0,6344.2802,5400.0
1,OV,OP,00020,21000710,21004324,2.0,2021-12-06T00:00:00,2021-12-06T00:00:00,2021-12-06T00:00:00,324808,Cromogenia,MDU2012B.E-TO,MDU2012B.E,MDU2012B,1000.0,2204.6,1000.0,3150.0,3553.922,3150.0
1,OV,OP,00020,21001059,22000512,2.0,2022-02-01T00:00:00,2022-02-01T00:00:00,2022-02-01T00:00:00,324808,Cromogenia,MDU2012B.E-TO,MDU2012B.E,MDU2012B,1000.0,2204.6,1000.0,3910.0,4393.8058,3910.0
1,OV,OP,00020,21001740,22001040,2.0,2022-03-14T00:00:00,2022-03-11T00:00:00,2022-03-14T00:00:00,324808,Cromogenia,MDU440B.E-TO,MDU440B.E,MDU440B,2000.0,4409.2,2000.0,7140.0,7839.5229,7140.0
1,OV,OP,00020,22000027,22003703,2.0,2022-09-07T00:00:00,2022-09-06T00:00:00,2022-09-07T00:00:00,324808,Cromogenia,MDU440B.E-TO,MDU440B.E,MDU440B,3000.0,6613.8,3000.0,14160.0,14074.1805,14160.0
1,OV,OP,00020,22000056,22001902,2.0,2022-05-03T00:00:00,2022-05-03T00:00:00,2022-05-03T00:00:00,324808,Cromogenia,MDU2012B.E-TO,MDU2012B.E,MDU2012B,3000.0,6613.8,3000.0,11730.0,12354.8735,11730.0
1,OV,OP,00020,22000230,23000160,2.0,2023-01-11T00:00:00,2023-01-11T00:00:00,2023-01-11T00:00:00,324808,Cromogenia,MDU440B.E-TO,MDU440B.E,MDU440B,5000.0,11023.0,5000.0,23600.0,25356.6495,23600.0
1,OV,OP,00020,22000401,22001897,2.0,2022-05-03T00:00:00,2022-05-03T00:00:00,2022-05-03T00:00:00,324808,Cromogenia,MDU2012B.E-LP,MDU2012B.E,MDU2012B,1200.0,2645.52,1200.0,4800.0,5055.7027,4800.0
1,OV,OP,00020,22001473,22004834,2.0,2022-12-14T00:00:00,2022-12-14T00:00:00,2022-12-14T00:00:00,324808,Cromogenia,201118CX.E-LP,201118CX.E,201118CX,120.0,264.552,120.0,494.4,526.7863,494.4
1,OV,OP,00020,23000128,23000938,2.0,2023-03-21T00:00:00,2023-03-21T00:00:00,2023-03-21T00:00:00,324808,Cromogenia,201118CX.E-LP,201118CX.E,201118CX,466.0,1027.3436000000002,466.0,1971.18,2123.0231,1971.18
1,OV,OP,00020,24001404,25000757,2.0,2025-03-07T00:00:00,2025-03-07T00:00:00,2025-03-07T00:00:00,324808,Cromogenia,MDU2012B.E-TO,MDU2012B.E,MDU2012B,2000.0,4409.2,2000.0,6400.0,6948.4781,6400.0
1,OV,OP,00020,24001404,25000758,2.0,2025-03-07T00:00:00,2025-03-07T00:00:00,2025-03-07T00:00:00,324808,Cromogenia,MDU2012B.E-TO,MDU2012B.E,MDU2012B,809.0,1783.5214,809.0,2588.8,2810.6594,2588.8
1,OV,OP,00020,24001594,25000550,2.0,2025-02-17T00:00:00,2025-02-17T00:00:00,2025-02-17T00:00:00,301843,BIP (Oldbury) Limited,MPEG2000.E,MPEG2000.E,MPEG2000,175.0,385.805,175.0,1636.25,1714.6419,1636.25
1,OV,OP,00020,25001121,25002652,2.0,2025-10-13T00:00:00,2025-10-13T00:00:00,2025-10-13T00:00:00,327516,ERCA Advanced Polymer Solutions SRL,U2022EU.E-LP,U2022EU.E,U2022EU,600.0,1322.76,600.0,2736.0,3166.7052,2736.0
1,OV,OP,00020,25001123,25003008,2.0,2025-11-24T00:00:00,2025-11-24T00:00:00,2025-11-24T00:00:00,327516,ERCA Advanced Polymer Solutions SRL,U2022EU.E-TO,U2022EU.E,U2022EU,2931.0,6461.6826,2931.0,13189.5,15193.2014,13189.5
1,OV,OP,00020,25001170,25002917,2.0,2025-11-13T00:00:00,2025-11-13T00:00:00,2025-11-13T00:00:00,327516,ERCA Advanced Polymer Solutions SRL,U502.E-TO,U502.E,U502,3000.0,6613.8,3000.0,13500.0,15725.151,13500.0
1,OV,OP,00020,25001371,26000414,2.0,2026-02-09T00:00:00,2026-02-09T00:00:00,2026-02-09T00:00:00,327516,ERCA Advanced Polymer Solutions SRL,U502.E-TO,U502.E,U502,2000.0,4409.2,2000.0,9000.0,10707.183,9000.0
1,OV,OP,00020,25001371,26000415,2.0,2026-02-09T00:00:00,2026-02-09T00:00:00,2026-02-09T00:00:00,327516,ERCA Advanced Polymer Solutions SRL,U502.E-TO,U502.E,U502,1000.0,2204.6,1000.0,4500.0,5353.5915,4500.0
1,OV,OP,00020,25001371,26000416,2.0,2026-02-09T00:00:00,2026-02-09T00:00:00,2026-02-09T00:00:00,327516,ERCA Advanced Polymer Solutions SRL,U502.E-TO,U502.E,U502,3000.0,6613.8,3000.0,13500.0,16060.7745,13500.0
1,OV,OP,00020,26000185,26001717,2.0,2026-06-03T00:00:00,2026-05-20T00:00:00,2026-06-03T00:00:00,327516,ERCA Advanced Polymer Solutions SRL,U502.E-TO,U502.E,U502,6000.0,13227.6,6000.0,3900.0,4525.8525,3900.0
4,OV,OP,00020,21001517,21003645,2.0,2021-10-11T00:00:00,2021-10-11T00:00:00,2021-10-11T00:00:00,327516,ERCA Advanced Polymer Solutions SRL,181193EU.E,181193EU.E,181193EU,80.0,176.368,80.0,358.8,415.2151,358.8
4,OV,OP,00020,21002011,22002224,2.0,2022-05-30T00:00:00,2022-05-20T00:00:00,2022-05-30T00:00:00,301843,BIP (Oldbury) Limited,U802.E-TO,U802.E,U802,5000.0,11023.0,5000.0,22700.0,24464.3144,22700.0
4,OV,OP,00020,22000213,22003676,2.0,2022-09-05T00:00:00,2022-09-02T00:00:00,2022-09-05T00:00:00,301843,BIP (Oldbury) Limited,U502.E-TO,U502.E,U502,5000.0,11023.0,5000.0,59470.0,59061.5125,59470.0
4,OV,OP,00020,20001363,21000873,2.0,2021-02-25T00:00:00,2021-02-10T00:00:00,2021-02-25T00:00:00,301843,BIP (Oldbury) Limited,??????,,,5000.0,5000.0,2268.0,4000.0,4891.0392,4000.0
4,OV,OP,00020,19001546,20000320,2.0,2020-01-24T00:00:00,2020-01-24T00:00:00,2020-01-24T00:00:00,324808,Cromogenia,MDU4075.E-TO,MDU4075.E,MDU4075,4000.0,8818.4,4000.0,12560.0,13848.2302,12560.0
4,OV,OP,00020,21001740,22001039,2.0,2022-03-14T00:00:00,2022-03-11T00:00:00,2022-03-14T00:00:00,324808,Cromogenia,MDU440B.E-TO,MDU440B.E,MDU440B,2000.0,4409.2,2000.0,6580.0,7224.6584,6580.0
4,OV,OP,00020,22000027,22003702,2.0,2022-09-07T00:00:00,2022-09-06T00:00:00,2022-09-07T00:00:00,324808,Cromogenia,MDU440B.E-TO,MDU440B.E,MDU440B,3000.0,6613.8,3000.0,10710.0,10645.0899,10710.0
4,OV,OP,00020,21000587,21003160,2.0,2021-09-06T00:00:00,2021-08-12T00:00:00,2021-09-06T00:00:00,301843,BIP (Oldbury) Limited,??????,,,10252.0,10252.0,4650.3072,8201.6,9731.9997,8201.6
1,OV,OP,00020,21000817,21003575,2.0,2021-10-06T00:00:00,2021-10-06T00:00:00,2021-10-06T00:00:00,324808,Cromogenia,MDU4075B.E-LP,MDU4075B.E,MDU4075B,120.0,264.552,120.0,420.0,484.8396,420.0
2,PV,OP,00020,21000817,21002765,2.0,2021-10-06T00:00:00,2021-10-06T00:00:00,2021-10-12T00:00:00,324808,Cromogenia,MDU4075B.E-LP,MDU4075B.E,MDU4075B,120.0,264.552,120.0,420.0,484.6736,420.0
2,PV,OP,00020,20000689,20001821,2.0,2020-08-03T00:00:00,2020-08-03T00:00:00,2020-08-04T00:00:00,324808,Cromogenia,MDU4075B.E-TO,MDU4075B.E,MDU4075B,8000.0,17636.8,8000.0,25200.0,29650.257,25200.0
2,PV,OP,00020,20000929,20002474,2.0,2020-10-27T00:00:00,2020-10-27T00:00:00,2020-10-30T00:00:00,324808,Cromogenia,MDU4075B.E-TO,MDU4075B.E,MDU4075B,9000.0,19841.4,9000.0,28350.0,33019.3527,28350.0
2,PV,OP,00020,20001218,20002473,2.0,2020-10-27T00:00:00,2020-10-27T00:00:00,2020-10-30T00:00:00,324808,Cromogenia,MDU4075B.E-LP,MDU4075B.E,MDU4075B,2040.0,4497.384,2040.0,6609.6,7698.2262,6609.6
2,PV,OP,00020,20001315,21000156,2.0,2021-01-11T00:00:00,2021-01-11T00:00:00,2021-01-25T00:00:00,324808,Cromogenia,MDU4075B.E-LP,MDU4075B.E,MDU4075B,1800.0,3968.28,1800.0,5832.0,7078.4279,5832.0
2,PV,OP,00020,20001503,21000447,2.0,2021-02-16T00:00:00,2021-02-16T00:00:00,2021-02-25T00:00:00,324808,Cromogenia,MDU4075B.E-TO,MDU4075B.E,MDU4075B,3000.0,6613.8,3000.0,9450.0,11555.0801,9450.0
2,PV,OP,00020,20001503,21000447,2.0,2021-02-16T00:00:00,2021-02-16T00:00:00,2021-02-25T00:00:00,324808,Cromogenia,MDU4075B.E-TO,MDU4075B.E,MDU4075B,3000.0,6613.8,3000.0,9450.0,11555.0801,9450.0
2,PV,OP,00020,21000028,21000579,2.0,2021-03-01T00:00:00,2021-03-01T00:00:00,2021-03-08T00:00:00,324808,Cromogenia,MDU4075B.E-TO,MDU4075B.E,MDU4075B,5000.0,11023.0,5000.0,15750.0,18662.8239,15750.0
2,PV,OP,00020,21000172,21000963,2.0,2021-04-16T00:00:00,2021-04-16T00:00:00,2021-04-19T00:00:00,324808,Cromogenia,MDU4075B.E-TO,MDU4075B.E,MDU4075B,8000.0,17636.8,8000.0,25200.0,30314.8944,25200.0
2,PV,OP,00020,21000247,21002045,2.0,2021-07-28T00:00:00,2021-07-28T00:00:00,2021-08-04T00:00:00,324808,Cromogenia,MDU4075B.E-LP,MDU4075B.E,MDU4075B,480.0,1058.208,480.0,1555.2,1841.6672,1555.2
2,PV,OP,00020,21000612,21002691,2.0,2021-10-04T00:00:00,2021-10-04T00:00:00,2021-10-05T00:00:00,324808,Cromogenia,MDU4075B.E-LP,MDU4075B.E,MDU4075B,2400.0,5291.04,2400.0,8400.0,9752.0086,8400.0
2,PV,OP,00020,21000885,21003413,2.0,2021-12-14T00:00:00,2021-12-14T00:00:00,2021-12-14T00:00:00,324808,Cromogenia,MDU4075B.E-TO,MDU4075B.E,MDU4075B,5000.0,11023.0,5000.0,18650.0,21012.0691,18650.0
2,PV,OP,00020,21000999,21003413,2.0,2021-12-14T00:00:00,2021-12-14T00:00:00,2021-12-14T00:00:00,324808,Cromogenia,MDU4075B.E-LP,MDU4075B.E,MDU4075B,1200.0,2645.52,1200.0,4584.0,5164.5751,4584.0
2,PV,OP,00020,21001000,22000348,2.0,2022-02-03T00:00:00,2022-02-03T00:00:00,2022-02-09T00:00:00,324808,Cromogenia,MDU4075B.E-TO,MDU4075B.E,MDU4075B,2000.0,4409.2,2000.0,9040.0,10333.8355,9040.0
2,PV,OP,00020,21001060,22000899,2.0,2022-03-03T00:00:00,2022-03-03T00:00:00,2022-03-30T00:00:00,324808,Cromogenia,MDU4075B.E-TO,MDU4075B.E,MDU4075B,8000.0,17636.8,8000.0,36160.0,40368.2176,36160.0
2,PV,OP,00020,21001266,22000787,2.0,2022-03-17T00:00:00,2022-03-17T00:00:00,2022-03-18T00:00:00,324808,Cromogenia,MDU4075B.E-TO,MDU4075B.E,MDU4075B,4000.0,8818.4,4000.0,18080.0,19968.644,18080.0
2,PV,OP,00020,21001417,22001082,2.0,2022-04-12T00:00:00,2022-04-12T00:00:00,2022-04-12T00:00:00,324808,Cromogenia,MDU4075B.E-TO,MDU4075B.E,MDU4075B,6000.0,13227.6,6000.0,27060.0,29372.001,27060.0
2,PV,OP,00020,21001426,22001305,2.0,2022-04-27T00:00:00,2022-04-27T00:00:00,2022-05-04T00:00:00,324808,Cromogenia,MDU4075B.E-TO,MDU4075B.E,MDU4075B,2000.0,4409.2,2000.0,9020.0,9506.5559,9020.0
2,PV,OP,00020,21001426,22001305,2.0,2022-04-27T00:00:00,2022-04-27T00:00:00,2022-05-04T00:00:00,324808,Cromogenia,MDU4075B.E-TO,MDU4075B.E,MDU4075B,10000.0,22046.0,10000.0,45100.0,47532.7797,45100.0
2,PV,OP,00020,22000057,22001551,2.0,2022-05-24T00:00:00,2022-05-24T00:00:00,2022-05-30T00:00:00,324808,Cromogenia,MDU4075B.E-TO,MDU4075B.E,MDU4075B,4000.0,8818.4,4000.0,18080.0,19485.2336,18080.0
2,PV,OP,00020,23000136,23000921,2.0,2023-04-04T00:00:00,2023-04-04T00:00:00,2023-04-04T00:00:00,324808,Cromogenia,MDU4075B.E-LP,MDU4075B.E,MDU4075B,3600.0,7936.56,3600.0,16524.0,18096.4718,16524.0
2,PV,OP,00020,23001266,23003243,2.0,2023-12-20T00:00:00,2023-12-20T00:00:00,2023-12-21T00:00:00,324808,Cromogenia,MDU4075B.E-LP,MDU4075B.E,MDU4075B,1200.0,2645.52,1200.0,4908.0,5394.7828,4908.0
2,PV,OP,00020,23001336,24000807,2.0,2024-04-12T00:00:00,2024-04-12T00:00:00,2024-04-12T00:00:00,324808,Cromogenia,MDU4075B.E-TO,MDU4075B.E,MDU4075B,5000.0,11023.0,5000.0,20000.0,21295.884,20000.0
2,PV,OP,00020,24000352,24001129,2.0,2024-05-17T00:00:00,2024-05-17T00:00:00,2024-05-28T00:00:00,324808,Cromogenia,MDU4075B.E-LP,MDU4075B.E,MDU4075B,2520.0,5555.592000000001,2520.0,9424.8,10227.2162,9424.8
2,PV,OP,00020,24000544,24001192,2.0,2024-06-24T00:00:00,2024-06-19T00:00:00,2024-06-24T00:00:00,324808,Cromogenia,MDU4075B.E-TO,MDU4075B.E,MDU4075B,1560.0,3439.1760000000004,1560.0,5772.0,6193.0218,5772.0
2,PV,OP,00020,24000545,24001752,2.0,2024-08-06T00:00:00,2024-08-06T00:00:00,2024-08-08T00:00:00,324808,Cromogenia,MDU4075B.E-TO,MDU4075B.E,MDU4075B,5000.0,11023.0,5000.0,18500.0,20188.8002,18500.0
2,PV,OP,00020,24000737,24001752,2.0,2024-08-06T00:00:00,2024-08-06T00:00:00,2024-08-08T00:00:00,324808,Cromogenia,MDU4075B.E-LP,MDU4075B.E,MDU4075B,1560.0,3439.1760000000004,1560.0,5912.4,6452.1223,5912.4
2,PV,OP,00020,24001317,25000461,2.0,2025-03-11T00:00:00,2025-01-21T00:00:00,2025-03-12T00:00:00,324808,Cromogenia,MDU4075B.E-TO,MDU4075B.E,MDU4075B,2000.0,4409.2,2000.0,7300.0,7972.7308,7300.0
2,PV,OP,00020,24001432,25000902,2.0,2025-04-15T00:00:00,2025-04-15T00:00:00,2025-04-23T00:00:00,324808,Cromogenia,MDU4075B.E-TO,MDU4075B.E,MDU4075B,5000.0,11023.0,5000.0,18250.0,20714.1022,18250.0
2,PV,OP,00020,25000181,25000902,2.0,2025-04-15T00:00:00,2025-04-15T00:00:00,2025-04-23T00:00:00,324808,Cromogenia,MDU4075B.E-LP,MDU4075B.E,MDU4075B,5040.0,11111.184000000001,5040.0,19101.6,21680.6847,19101.6
2,PV,OP,00020,25000903,26000041,2.0,2026-01-13T00:00:00,2025-12-30T00:00:00,2026-01-13T00:00:00,324808,Cromogenia,MDU4075B.E-TO,MDU4075B.E,MDU4075B,4000.0,8818.4,4000.0,14560.0,16956.26,14560.0
2,PV,OP,00020,25001246,26001499,2.0,2026-06-16T00:00:00,2026-06-16T00:00:00,2026-06-16T00:00:00,324808,Cromogenia,MDU4075B.E-TO,MDU4075B.E,MDU4075B,2000.0,4409.2,2000.0,7300.0,8479.3829,7300.0
2,PV,OP,00020,26000396,26001499,2.0,2026-06-16T00:00:00,2026-06-16T00:00:00,2026-06-16T00:00:00,324808,Cromogenia,MDU4075B.E-TO,MDU4075B.E,MDU4075B,3800.0,8377.48,3800.0,15276.0,17743.9799,15276.0
1,OV,OP,00020,20000689,20002545,2.0,2020-08-03T00:00:00,2020-08-03T00:00:00,2020-08-03T00:00:00,324808,Cromogenia,MDU4075B.E-TO,MDU4075B.E,MDU4075B,8000.0,17636.8,8000.0,25200.0,29607.3112,25200.0
1,OV,OP,00020,20000929,20003312,2.0,2020-10-27T00:00:00,2020-10-27T00:00:00,2020-10-27T00:00:00,324808,Cromogenia,MDU4075B.E-TO,MDU4075B.E,MDU4075B,9000.0,19841.4,9000.0,28350.0,33544.5393,28350.0
1,OV,OP,00020,20001218,20003310,2.0,2020-10-27T00:00:00,2020-10-27T00:00:00,2020-10-27T00:00:00,324808,Cromogenia,MDU4075B.E-LP,MDU4075B.E,MDU4075B,2040.0,4497.384,2040.0,6609.6,7820.6697,6609.6
1,OV,OP,00020,20001315,21000105,2.0,2021-01-11T00:00:00,2021-01-11T00:00:00,2021-01-11T00:00:00,324808,Cromogenia,MDU4075B.E-LP,MDU4075B.E,MDU4075B,1800.0,3968.28,1800.0,5832.0,7097.5621,5832.0
1,OV,OP,00020,20001503,21000766,2.0,2021-02-16T00:00:00,2021-02-16T00:00:00,2021-02-16T00:00:00,324808,Cromogenia,MDU4075B.E-TO,MDU4075B.E,MDU4075B,3000.0,6613.8,3000.0,9450.0,11442.1706,9450.0
1,OV,OP,00020,20001503,21000767,2.0,2021-02-16T00:00:00,2021-02-16T00:00:00,2021-02-16T00:00:00,324808,Cromogenia,MDU4075B.E-TO,MDU4075B.E,MDU4075B,3000.0,6613.8,3000.0,9450.0,11442.1706,9450.0
1,OV,OP,00020,21000028,21000886,2.0,2021-03-01T00:00:00,2021-03-01T00:00:00,2021-03-01T00:00:00,324808,Cromogenia,MDU4075B.E-TO,MDU4075B.E,MDU4075B,5000.0,11023.0,5000.0,15750.0,18984.7035,15750.0
1,OV,OP,00020,21000172,21001431,2.0,2021-04-16T00:00:00,2021-04-16T00:00:00,2021-04-16T00:00:00,324808,Cromogenia,MDU4075B.E-TO,MDU4075B.E,MDU4075B,8000.0,17636.8,8000.0,25200.0,30149.3455,25200.0
1,OV,OP,00020,21000247,21002599,2.0,2021-07-28T00:00:00,2021-07-28T00:00:00,2021-07-28T00:00:00,324808,Cromogenia,MDU4075B.E-LP,MDU4075B.E,MDU4075B,480.0,1058.208,480.0,1555.2,1836.4943,1555.2
1,OV,OP,00020,21000612,21003528,2.0,2021-10-04T00:00:00,2021-10-04T00:00:00,2021-10-04T00:00:00,324808,Cromogenia,MDU4075B.E-LP,MDU4075B.E,MDU4075B,2400.0,5291.04,2400.0,8400.0,9761.9332,8400.0
1,OV,OP,00020,21000885,21004420,2.0,2021-12-14T00:00:00,2021-12-14T00:00:00,2021-12-14T00:00:00,324808,Cromogenia,MDU4075B.E-TO,MDU4075B.E,MDU4075B,5000.0,11023.0,5000.0,18650.0,21012.0691,18650.0
1,OV,OP,00020,21000999,21004418,2.0,2021-12-14T00:00:00,2021-12-14T00:00:00,2021-12-14T00:00:00,324808,Cromogenia,MDU4075B.E-LP,MDU4075B.E,MDU4075B,1200.0,2645.52,1200.0,4584.0,5164.5751,4584.0
1,OV,OP,00020,21001000,22000537,2.0,2022-02-03T00:00:00,2022-02-03T00:00:00,2022-02-03T00:00:00,324808,Cromogenia,MDU4075B.E-TO,MDU4075B.E,MDU4075B,2000.0,4409.2,2000.0,9040.0,10328.8048,9040.0
1,OV,OP,00020,21001060,22000893,2.0,2022-03-03T00:00:00,2022-03-03T00:00:00,2022-03-03T00:00:00,324808,Cromogenia,MDU4075B.E-TO,MDU4075B.E,MDU4075B,8000.0,17636.8,8000.0,36160.0,39976.1926,36160.0
1,OV,OP,00020,21001266,22001122,2.0,2022-03-17T00:00:00,2022-03-17T00:00:00,2022-03-17T00:00:00,324808,Cromogenia,MDU4075B.E-TO,MDU4075B.E,MDU4075B,4000.0,8818.4,4000.0,18080.0,20072.8897,18080.0
1,OV,OP,00020,21001417,22001585,2.0,2022-04-12T00:00:00,2022-04-12T00:00:00,2022-04-12T00:00:00,324808,Cromogenia,MDU4075B.E-TO,MDU4075B.E,MDU4075B,6000.0,13227.6,6000.0,27060.0,29372.001,27060.0
1,OV,OP,00020,21001426,22001801,2.0,2022-04-27T00:00:00,2022-04-27T00:00:00,2022-04-27T00:00:00,324808,Cromogenia,MDU4075B.E-TO,MDU4075B.E,MDU4075B,2000.0,4409.2,2000.0,9020.0,9511.415,9020.0
1,OV,OP,00020,21001426,22001802,2.0,2022-04-27T00:00:00,2022-04-27T00:00:00,2022-04-27T00:00:00,324808,Cromogenia,MDU4075B.E-TO,MDU4075B.E,MDU4075B,10000.0,22046.0,10000.0,45100.0,47557.0751,45100.0
1,OV,OP,00020,22000057,22002141,2.0,2022-05-24T00:00:00,2022-05-24T00:00:00,2022-05-24T00:00:00,324808,Cromogenia,MDU4075B.E-TO,MDU4075B.E,MDU4075B,4000.0,8818.4,4000.0,18080.0,19421.677,18080.0
1,OV,OP,00020,23000136,23001129,2.0,2023-04-04T00:00:00,2023-04-04T00:00:00,2023-04-04T00:00:00,324808,Cromogenia,MDU4075B.E-LP,MDU4075B.E,MDU4075B,3600.0,7936.56,3600.0,16524.0,18096.4718,16524.0
1,OV,OP,00020,23001266,23003567,2.0,2023-12-20T00:00:00,2023-12-20T00:00:00,2023-12-20T00:00:00,324808,Cromogenia,MDU4075B.E-LP,MDU4075B.E,MDU4075B,1200.0,2645.52,1200.0,4908.0,5377.4065,4908.0
1,OV,OP,00020,23001336,24001052,2.0,2024-04-12T00:00:00,2024-04-12T00:00:00,2024-04-12T00:00:00,324808,Cromogenia,MDU4075B.E-TO,MDU4075B.E,MDU4075B,5000.0,11023.0,5000.0,20000.0,21295.884,20000.0
1,OV,OP,00020,24000352,24001330,2.0,2024-05-17T00:00:00,2024-05-17T00:00:00,2024-05-17T00:00:00,324808,Cromogenia,MDU4075B.E-LP,MDU4075B.E,MDU4075B,2520.0,5555.592000000001,2520.0,9424.8,10243.1299,9424.8
1,OV,OP,00020,24000544,24001738,2.0,2024-06-24T00:00:00,2024-06-19T00:00:00,2024-06-24T00:00:00,324808,Cromogenia,MDU4075B.E-TO,MDU4075B.E,MDU4075B,1560.0,3439.1760000000004,1560.0,5772.0,6193.0218,5772.0
1,OV,OP,00020,24000545,24002172,2.0,2024-08-06T00:00:00,2024-08-06T00:00:00,2024-08-06T00:00:00,324808,Cromogenia,MDU4075B.E-TO,MDU4075B.E,MDU4075B,5000.0,11023.0,5000.0,18500.0,20212.8466,18500.0
1,OV,OP,00020,24000737,24002171,2.0,2024-08-06T00:00:00,2024-08-06T00:00:00,2024-08-06T00:00:00,324808,Cromogenia,MDU4075B.E-LP,MDU4075B.E,MDU4075B,1560.0,3439.1760000000004,1560.0,5912.4,6459.8072,5912.4
1,OV,OP,00020,24001317,25000788,2.0,2025-03-11T00:00:00,2025-01-21T00:00:00,2025-03-11T00:00:00,324808,Cromogenia,MDU4075B.E-TO,MDU4075B.E,MDU4075B,2000.0,4409.2,2000.0,7300.0,7975.7238,7300.0
1,OV,OP,00020,24001432,25001108,2.0,2025-04-15T00:00:00,2025-04-15T00:00:00,2025-04-15T00:00:00,324808,Cromogenia,MDU4075B.E-TO,MDU4075B.E,MDU4075B,5000.0,11023.0,5000.0,18250.0,20598.379,18250.0
1,OV,OP,00020,25000181,25001105,2.0,2025-04-15T00:00:00,2025-04-15T00:00:00,2025-04-15T00:00:00,324808,Cromogenia,MDU4075B.E-LP,MDU4075B.E,MDU4075B,5040.0,11111.184000000001,5040.0,19101.6,21559.5614,19101.6
1,OV,OP,00020,25000903,26000125,2.0,2026-01-13T00:00:00,2025-12-30T00:00:00,2026-01-13T00:00:00,324808,Cromogenia,MDU4075B.E-TO,MDU4075B.E,MDU4075B,4000.0,8818.4,4000.0,14560.0,16956.26,14560.0
1,OV,OP,00020,25001246,26001870,2.0,2026-06-16T00:00:00,2026-06-16T00:00:00,2026-06-16T00:00:00,324808,Cromogenia,MDU4075B.E-TO,MDU4075B.E,MDU4075B,2000.0,4409.2,2000.0,7300.0,8479.3829,7300.0
1,OV,OP,00020,26000396,26001871,2.0,2026-06-16T00:00:00,2026-06-16T00:00:00,2026-06-16T00:00:00,324808,Cromogenia,MDU4075B.E-TO,MDU4075B.E,MDU4075B,3800.0,8377.48,3800.0,15276.0,17743.9799,15276.0
4,OV,OP,00020,20000689,20002544,2.0,2020-08-03T00:00:00,2020-08-03T00:00:00,2020-08-03T00:00:00,324808,Cromogenia,MDU4075B.E-TO,MDU4075B.E,MDU4075B,8000.0,17636.8,8000.0,25200.0,29607.3112,25200.0
4,OV,OP,00020,24000544,24001737,2.0,2024-06-24T00:00:00,2024-06-19T00:00:00,2024-06-24T00:00:00,324808,Cromogenia,MDU4075B.E-TO,MDU4075B.E,MDU4075B,1560.0,3439.1760000000004,1560.0,5694.0,6109.3323,5694.0
4,OV,OP,00020,25001246,26001863,2.0,2026-06-16T00:00:00,2026-06-16T00:00:00,2026-06-16T00:00:00,324808,Cromogenia,MDU4075B.E-TO,MDU4075B.E,MDU4075B,2000.0,4409.2,2000.0,7400.0,8595.5388,7400.0
3,PV,OP,00010,118352,20001881,2.0,2020-02-07T00:00:00,2020-02-07T00:00:00,2020-02-10T00:00:00,322114,"Granite Packaging, LLC",MD4020-C2,MD4020,MD4020,7200.0,3001.68,1361.52,19512.0,19512.0,17877.749
3,PV,OP,00010,144320,22021071,2.0,2022-10-28T00:00:00,2022-10-28T00:00:00,2022-11-15T00:00:00,322114,"Granite Packaging, LLC",PAR1230S,PAR1230S,PAR1230S,624.0,624.0,283.0464,1816.96,1816.96,1752.001
3,PV,OP,00010,144320,22021071,2.0,2022-10-28T00:00:00,2022-10-28T00:00:00,2022-11-15T00:00:00,322114,"Granite Packaging, LLC",PAR1230S,PAR1230S,PAR1230S,1456.0,1456.0,660.4416,4239.58,4239.58,4088.0087
2,PV,OP,00010,135126,21023445,2.0,2021-12-08T00:00:00,2021-12-08T00:00:00,2021-12-09T00:00:00,292774,"Ascent Chemicals Danville, Inc.",??????,,,1.0,1.0,0.4536,-47297.25,-47297.25,-41908.1398
2,PV,OP,00010,140219,22010216,2.0,2022-07-01T00:00:00,2022-07-01T00:00:00,2022-07-01T00:00:00,292774,"Ascent Chemicals Danville, Inc.",??????,,,1.0,1.0,0.4536,4903.38,4903.38,4709.7387
2,PV,OP,00010,119679,20010645,2.0,2020-02-11T00:00:00,1900-01-01T00:00:00,2020-07-23T00:00:00,331380,Ascent Industries Co.,??????,,,0.0,0.0,0.0,-1710.0,-1710.0,-1471.22
2,PV,OP,00010,121683,20007060,2.0,2020-05-05T00:00:00,2020-05-05T00:00:00,2020-05-08T00:00:00,326095,Capital Resin Corporation,??????,,,1.0,1.0,0.4536,560.4,560.4,516.4195
2,PV,OP,00010,127522,21006555,2.0,2021-04-08T00:00:00,2021-04-08T00:00:00,2021-04-09T00:00:00,292774,"Ascent Chemicals Danville, Inc.",??????,,,0.0,0.0,0.0,708.2,708.2,595.3728
2,PV,OP,00010,128507,21006785,2.0,2021-02-22T00:00:00,1900-01-01T00:00:00,2021-04-14T00:00:00,331380,Ascent Industries Co.,??????,,,0.0,0.0,0.0,2600.0,2600.0,2171.4875
2,PV,OP,00010,129363,21007937,2.0,2021-03-22T00:00:00,1900-01-01T00:00:00,2021-04-28T00:00:00,331380,Ascent Industries Co.,??????,,,0.0,0.0,0.0,2600.0,2600.0,2148.4856
2,PV,OP,00010,129555,21009057,2.0,2021-03-29T00:00:00,1900-01-01T00:00:00,2021-05-19T00:00:00,331380,Ascent Industries Co.,??????,,,0.0,0.0,0.0,2600.0,2600.0,2128.256
2,PV,OP,00010,130331,21015359,2.0,2021-08-04T00:00:00,2021-08-04T00:00:00,2021-08-04T00:00:00,317501,EPS,??????,,,1.0,1.0,0.4536,-364.5,-364.5,-307.8028
2,PV,OP,00010,132755,22000392,2.0,2022-01-10T00:00:00,2022-01-10T00:00:00,2022-01-10T00:00:00,292774,"Ascent Chemicals Danville, Inc.",??????,,,1.0,1.0,0.4536,2544.8,2544.8,2246.6131
2,PV,OP,00010,137502,22005679,2.0,2022-04-07T00:00:00,2022-04-07T00:00:00,2022-04-08T00:00:00,292774,"Ascent Chemicals Danville, Inc.",??????,,,1.0,1.0,0.4536,7821.96,7821.96,7193.2183
2,PV,OP,00010,147027,23008978,2.0,2023-05-05T00:00:00,2023-05-05T00:00:00,2023-05-08T00:00:00,328143,Coatings & Adhesives Corporation,??????,,,1.0,1.0,0.4536,116.56,116.56,105.7727
2,PV,OP,00010,143650,22015783,2.0,2022-09-02T00:00:00,2022-09-02T00:00:00,2022-09-12T00:00:00,322114,"Granite Packaging, LLC",CRTNDARK,CRTNDARK,CRTNDARK,19125.0,19125.0,19125.0,12048.75,12048.75,11901.6348
2,PV,OP,00010,144385,22020495,2.0,2022-10-26T00:00:00,2022-10-26T00:00:00,2022-11-04T00:00:00,322114,"Granite Packaging, LLC",INNERC,INNERC,INNERC,7000.0,7000.0,3175.2,2181.9,2181.9,2205.003
2,PV,OP,00010,135734,22005837,2.0,2022-04-12T00:00:00,2022-04-12T00:00:00,2022-04-12T00:00:00,322114,"Granite Packaging, LLC",??????,,,1485.54,1485.54,673.840944,1485.54,1485.54,1368.6065
2,PV,OP,00010,135740,22008104,2.0,2022-05-19T00:00:00,2022-05-19T00:00:00,2022-05-23T00:00:00,322114,"Granite Packaging, LLC",??????,,,19158.24,19158.24,8690.177664,574.75,574.75,538.5977
2,PV,OP,00010,135743,22006142,2.0,2022-04-13T00:00:00,2022-04-13T00:00:00,2022-04-14T00:00:00,322114,"Granite Packaging, LLC",??????,,,1.0,1.0,0.4536,97.5,97.5,90.3162
2,PV,OP,00010,135744,22006141,2.0,2022-04-13T00:00:00,2022-04-13T00:00:00,2022-04-14T00:00:00,322114,"Granite Packaging, LLC",??????,,,1.0,1.0,0.4536,156.84,156.84,145.2841
2,PV,OP,00010,117037,20000345,2.0,2020-01-07T00:00:00,2020-01-07T00:00:00,2020-01-08T00:00:00,322114,"Granite Packaging, LLC",MD4020-C1,MD4020,MD4020,19710.0,2463.75,1117.557,35478.0,35478.0,31915.8101
2,PV,OP,00010,119421,20004515,2.0,2020-03-23T00:00:00,2020-03-23T00:00:00,2020-03-31T00:00:00,328211,"BPI Packaging, LLC",MW40504-C2,MW40504,MW40504,1868.0,1868.0,1868.0,5977.6,5977.6,5421.48
2,PV,OP,00010,119422,20004516,2.0,2020-03-23T00:00:00,2020-03-23T00:00:00,2020-03-31T00:00:00,328211,"BPI Packaging, LLC",MW40514-C2,MW40514,MW40514,1464.0,610.3416,276.8424,4684.8,4684.8,4248.9543
2,PV,OP,00010,139768,22012802,2.0,2022-08-02T00:00:00,2022-08-02T00:00:00,2022-08-04T00:00:00,328143,Coatings & Adhesives Corporation,191245PX-T2,191245PX,191245PX,650.0,650.0,294.84,838.5,838.5,820.3702
2,PV,OP,00010,139768,22012802,2.0,2022-08-02T00:00:00,2022-08-02T00:00:00,2022-08-04T00:00:00,328143,Coatings & Adhesives Corporation,191245PX-T2,191245PX,191245PX,2300.0,2300.0,1043.28,2967.0,2967.0,2902.8484
2,PV,OP,00010,117342,20001687,2.0,2020-01-31T00:00:00,2020-01-31T00:00:00,2020-02-05T00:00:00,328211,"BPI Packaging, LLC",MW40514-C2,MW40514,MW40514,4320.0,1801.008,816.9119999999999,13824.0,13824.0,12570.2904
2,PV,OP,00010,117342,20001685,2.0,2020-01-31T00:00:00,2020-01-31T00:00:00,2020-02-05T00:00:00,328211,"BPI Packaging, LLC",MW40514-C2,MW40514,MW40514,2880.0,1200.672,544.608,9216.0,9216.0,8380.1936
2,PV,OP,00010,117342,20001685,2.0,2020-01-31T00:00:00,2020-01-31T00:00:00,2020-02-05T00:00:00,328211,"BPI Packaging, LLC",MW40514-C2,MW40514,MW40514,2880.0,1200.672,544.608,9216.0,9216.0,8380.1936
2,PV,OP,00010,117342,20001687,2.0,2020-01-31T00:00:00,2020-01-31T00:00:00,2020-02-05T00:00:00,328211,"BPI Packaging, LLC",MW40514-C2,MW40514,MW40514,4320.0,1801.008,816.9119999999999,13824.0,13824.0,12570.2904
2,PV,OP,00010,117342,20001688,2.0,2020-01-31T00:00:00,2020-01-31T00:00:00,2020-02-05T00:00:00,328211,"BPI Packaging, LLC",MW40514-C2,MW40514,MW40514,4320.0,1801.008,816.9119999999999,13824.0,13824.0,12570.2904
2,PV,OP,00010,117342,20001688,2.0,2020-01-31T00:00:00,2020-01-31T00:00:00,2020-02-05T00:00:00,328211,"BPI Packaging, LLC",MW40514-C2,MW40514,MW40514,4320.0,1801.008,816.9119999999999,13824.0,13824.0,12570.2904
2,PV,OP,00010,117342,20001686,2.0,2020-01-31T00:00:00,2020-01-31T00:00:00,2020-02-05T00:00:00,328211,"BPI Packaging, LLC",MW40514-C2,MW40514,MW40514,2880.0,1200.672,544.608,9216.0,9216.0,8380.1936
2,PV,OP,00010,118251,20001261,2.0,2020-01-21T00:00:00,2020-01-21T00:00:00,2020-01-29T00:00:00,292774,"Ascent Chemicals Danville, Inc.",HP1632-T2,HP1632,HP1632,24255.0,24255.0,11002.068,40263.3,40263.3,36551.1043
2,PV,OP,00010,118352,20002342,2.0,2020-02-18T00:00:00,2020-02-18T00:00:00,2020-02-13T00:00:00,322114,"Granite Packaging, LLC",MD4020-C2,MD4020,MD4020,7200.0,3001.68,1361.52,19512.0,19512.0,18011.5194
2,PV,OP,00010,118406,20005616,2.0,2020-03-27T00:00:00,2020-03-27T00:00:00,2020-04-14T00:00:00,322114,"Granite Packaging, LLC",MD4020C-C2,MD4020C,MD4020C,10500.0,4377.45,1985.55,28455.0,28455.0,25908.858
2,PV,OP,00010,119747,20009035,2.0,2020-06-10T00:00:00,2020-06-10T00:00:00,2020-06-10T00:00:00,322114,"Granite Packaging, LLC",MD4020-C1,MD4020,MD4020,1152.0,144.0,65.3184,2073.6,2073.6,1826.1142
2,PV,OP,00010,120791,20005115,2.0,2020-04-07T00:00:00,2020-04-07T00:00:00,2020-04-09T00:00:00,326444,Essential Polymers,DMAEMA,DMAEMA,DMAEMA,964.0,964.0,437.2704,3374.0,3374.0,3085.7676
2,PV,OP,00010,120791,20005115,2.0,2020-04-07T00:00:00,2020-04-07T00:00:00,2020-04-09T00:00:00,326444,Essential Polymers,DMAEMA,DMAEMA,DMAEMA,3176.0,3176.0,1440.6336000000001,11116.0,11116.0,10166.3879
2,PV,OP,00010,121849,20008789,2.0,2020-05-29T00:00:00,2020-05-29T00:00:00,2020-06-08T00:00:00,331380,Ascent Industries Co.,WD40-UN,WD40,WD40,28700.0,28700.0,13018.32,32718.0,32718.0,28964.6761
2,PV,OP,00010,125872,21021827,2.0,2021-11-15T00:00:00,2021-11-15T00:00:00,2021-11-15T00:00:00,322114,"Granite Packaging, LLC",MD4023-C2,MD4023,MD4023,2928.0,1526.3663999999999,692.472,11302.08,11302.08,9898.2916
2,PV,OP,00010,131573,21016177,2.0,2021-08-17T00:00:00,2021-08-17T00:00:00,2021-08-17T00:00:00,328211,"BPI Packaging, LLC",MW40514-C2,MW40514,MW40514,1304.0,543.6376,246.5864,4172.8,4172.8,3562.4049
2,PV,OP,00010,136618,22000676,2.0,2022-01-14T00:00:00,2022-01-14T00:00:00,2022-01-17T00:00:00,292774,"Ascent Chemicals Danville, Inc.",HP1632-T2,HP1632,HP1632,23093.0,23093.0,10474.9848,49649.95,49649.95,43524.1441
2,PV,OP,00010,144031,22019615,2.0,2022-10-27T00:00:00,2022-10-27T00:00:00,2022-10-28T00:00:00,317501,EPS,161190PX-T3,161190PX,161190PX,40500.0,40500.0,18370.8,46818.0,46818.0,47129.3022
2,PV,OP,00010,144320,22021077,2.0,2022-10-28T00:00:00,2022-10-28T00:00:00,2022-11-15T00:00:00,322114,"Granite Packaging, LLC",PAR1230S,PAR1230S,PAR1230S,624.0,624.0,283.0464,1816.96,1816.96,1752.001
2,PV,OP,00010,145130,23016734,2.0,2023-08-24T00:00:00,2023-08-24T00:00:00,2023-08-25T00:00:00,292774,"Ascent Chemicals Danville, Inc.",HP1632-T2,HP1632,HP1632,17640.0,17640.0,8001.504,142178.4,142178.4,131805.0071
2,PV,OP,00010,145335,23000195,2.0,2023-01-05T00:00:00,2023-01-05T00:00:00,2023-01-05T00:00:00,317501,EPS,161190PX-T3,161190PX,161190PX,18900.0,18900.0,8573.04,21848.4,21848.4,20768.7548
2,PV,OP,00010,155886,24002525,2.0,2024-02-23T00:00:00,2024-02-23T00:00:00,2024-02-23T00:00:00,317501,EPS,161190PX-T2,161190PX,161190PX,11500.0,11500.0,5216.4,13294.0,13294.0,12277.7349
2,PV,OP,00010,155886,24002525,2.0,2024-02-23T00:00:00,2024-02-23T00:00:00,2024-02-23T00:00:00,317501,EPS,161190PX-T2,161190PX,161190PX,20700.0,20700.0,9389.52,23929.2,23929.2,22099.9227
2,PV,OP,00010,160790,24011447,2.0,2024-08-13T00:00:00,2024-08-13T00:00:00,2024-08-14T00:00:00,317501,EPS,161190PX-T2,161190PX,161190PX,36800.0,36800.0,16692.48,43644.8,43644.8,39592.7819
2,PV,OP,00010,160792,24016512,2.0,2024-11-21T00:00:00,2024-11-21T00:00:00,2024-11-25T00:00:00,292774,"Ascent Chemicals Danville, Inc.",HP1632-T2,HP1632,HP1632,28665.0,28665.0,13002.444,210690.62,210690.62,201084.2444
2,PV,OP,00010,161854,24013227,2.0,2024-09-19T00:00:00,2024-09-19T00:00:00,2024-09-19T00:00:00,328143,Coatings & Adhesives Corporation,DPE3500-T2,DPE3500,DPE3500,11500.0,11500.0,5216.4,18400.0,18400.0,16507.9961
2,PV,OP,00010,161977,24014831,2.0,2024-10-18T00:00:00,2024-10-18T00:00:00,2024-10-21T00:00:00,292774,"Ascent Chemicals Danville, Inc.",HP1632-T2,HP1632,HP1632,28665.0,28665.0,13002.444,210690.62,210690.62,194703.6897
2,PV,OP,00010,163982,24017978,2.0,2024-12-18T00:00:00,2024-12-18T00:00:00,2024-12-23T00:00:00,317501,EPS,161190PX-T2,161190PX,161190PX,6900.0,6900.0,3129.84,8183.4,8183.4,7862.5502
2,PV,OP,00010,163982,24017978,2.0,2024-12-18T00:00:00,2024-12-18T00:00:00,2024-12-23T00:00:00,317501,EPS,161190PX-T2,161190PX,161190PX,11500.0,11500.0,5216.4,13639.0,13639.0,13104.2503
2,PV,OP,00010,164963,25002285,2.0,2025-01-28T00:00:00,2025-01-28T00:00:00,2025-02-13T00:00:00,331380,Ascent Industries Co.,WD40-UN,WD40,WD40,21700.0,21700.0,9843.12,70742.0,70742.0,67835.19
2,PV,OP,00010,165192,25001712,2.0,2025-01-30T00:00:00,2025-01-30T00:00:00,2025-01-31T00:00:00,292774,"Ascent Chemicals Danville, Inc.",HP1432AT,HP1432AT,HP1432AT,169.0,169.0,76.6584,2551.9,2551.9,2453.8774
2,PV,OP,00010,166762,25006545,2.0,2025-05-08T00:00:00,2025-05-08T00:00:00,2025-05-09T00:00:00,328143,Coatings & Adhesives Corporation,DPE3500-T2,DPE3500,DPE3500,27600.0,27600.0,12519.36,44160.0,44160.0,39182.881
2,PV,OP,00010,168672,25009715,2.0,2025-07-07T00:00:00,2025-07-07T00:00:00,2025-07-08T00:00:00,317501,EPS,161190PX-T2,161190PX,161190PX,34500.0,34500.0,15649.2,40917.0,40917.0,34953.2572
2,PV,OP,00010,169433,25010144,2.0,2025-07-16T00:00:00,2025-07-16T00:00:00,2025-07-17T00:00:00,292774,"Ascent Chemicals Danville, Inc.",HP1632-T2,HP1632,HP1632,3428.0,3428.0,1554.9408,25195.8,25195.8,21728.7748
2,PV,OP,00010,171399,25014293,2.0,2025-10-02T00:00:00,2025-10-02T00:00:00,2025-10-03T00:00:00,317501,EPS,161190PX-T2,161190PX,161190PX,16100.0,16100.0,7302.96,19094.6,19094.6,16254.8664
2,PV,OP,00010,171399,25014293,2.0,2025-10-02T00:00:00,2025-10-02T00:00:00,2025-10-03T00:00:00,317501,EPS,161190PX-T2,161190PX,161190PX,22530.0,22530.0,10219.608,26720.58,26720.58,22746.7167
2,PV,OP,00010,173564,26004049,2.0,2026-03-06T00:00:00,2026-03-06T00:00:00,2026-03-09T00:00:00,292774,"Ascent Chemicals Danville, Inc.",HP1632-T2,HP1632,HP1632,19845.0,19845.0,9001.692000000001,134747.55,134747.55,116239.5428
2,PV,OP,00010,175126,26007293,2.0,2026-04-30T00:00:00,2026-04-30T00:00:00,2026-05-01T00:00:00,292774,"Ascent Chemicals Danville, Inc.",HP1632,HP1632,HP1632,1200.0,1200.0,544.32,8388.0,8388.0,7134.8613
2,PV,OP,00010,177206,26008849,2.0,2026-05-12T00:00:00,2026-05-12T00:00:00,2026-05-13T00:00:00,317501,EPS,161190PX-T2,161190PX,161190PX,4600.0,4600.0,2086.56,6145.6,6145.6,5247.2835
2,PV,OP,00010,176247,26011867,2.0,2026-06-11T00:00:00,2026-06-11T00:00:00,2026-06-19T00:00:00,292774,"Ascent Chemicals Danville, Inc.",HP1632,HP1632,HP1632,1822.0,1822.0,826.4592,12735.78,12735.78,11109.9978
2,PV,OP,00010,117524,20001260,2.0,2020-01-21T00:00:00,2020-01-21T00:00:00,2020-01-29T00:00:00,292774,"Ascent Chemicals Danville, Inc.",HP1432AT-OP,HP1432AT,HP1432AT,6768.0,6768.0,3069.9648,27230.37,27230.37,24719.7843
2,PV,OP,00010,125679,21008496,2.0,2021-02-24T00:00:00,2021-02-24T00:00:00,2021-05-07T00:00:00,292774,"Ascent Chemicals Danville, Inc.",HP1632-T2,HP1632,HP1632,24255.0,24255.0,11002.068,76492.99,76492.99,62888.5893
2,PV,OP,00010,135739,22009856,2.0,2022-06-21T00:00:00,2022-06-21T00:00:00,2022-06-22T00:00:00,322114,"Granite Packaging, LLC",MD4021C-C2,MD4021C,MD4021C,3600.0,1500.84,680.76,17208.0,17208.0,16258.774
2,PV,OP,00010,144320,22021077,2.0,2022-10-28T00:00:00,2022-10-28T00:00:00,2022-11-15T00:00:00,322114,"Granite Packaging, LLC",PAR1230S,PAR1230S,PAR1230S,1456.0,1456.0,660.4416,4239.58,4239.58,4088.0087
2,PV,OP,00010,170233,25017442,2.0,2025-12-01T00:00:00,2025-12-01T00:00:00,2025-12-02T00:00:00,292774,"Ascent Chemicals Danville, Inc.",HP1632-T2,HP1632,HP1632,11025.0,11025.0,5000.94,80482.5,80482.5,69417.9027
2,PV,OP,00010,173564,26004049,2.0,2026-03-06T00:00:00,2026-03-06T00:00:00,2026-03-09T00:00:00,292774,"Ascent Chemicals Danville, Inc.",HP1632-T2,HP1632,HP1632,17640.0,17640.0,8001.504,119775.6,119775.6,103324.0381
2,PV,OP,00010,120049,20004498,2.0,2020-03-20T00:00:00,2020-03-20T00:00:00,2020-03-31T00:00:00,317501,EPS,161190PX,161190PX,161190PX,21600.0,21600.0,9797.76,15876.0,15876.0,14398.9922
2,PV,OP,00010,120534,20004555,2.0,2020-03-30T00:00:00,2020-03-30T00:00:00,2020-03-31T00:00:00,328143,Coatings & Adhesives Corporation,191245PX-T2,191245PX,191245PX,2300.0,2300.0,1043.28,3289.0,3289.0,2983.0112
2,PV,OP,00010,123521,20016186,2.0,2020-09-17T00:00:00,2020-09-17T00:00:00,2020-11-03T00:00:00,317501,EPS,161190PX,161190PX,161190PX,5400.0,5400.0,2449.44,3736.8,3736.8,3187.3832
2,PV,OP,00010,124748,21006050,2.0,2021-04-01T00:00:00,2021-04-01T00:00:00,2021-04-01T00:00:00,328211,"BPI Packaging, LLC",MW40514-C2,MW40514,MW40514,5484.0,2286.2796,1037.0244,7316.09,7316.09,6214.9899
2,PV,OP,00010,125072,20017000,2.0,2020-11-10T00:00:00,2020-11-10T00:00:00,2020-11-13T00:00:00,317501,EPS,161190PX,161190PX,161190PX,18900.0,18900.0,8573.04,13078.8,13078.8,11069.5785
2,PV,OP,00010,125104,21006051,2.0,2021-04-01T00:00:00,2021-04-01T00:00:00,2021-04-01T00:00:00,328211,"BPI Packaging, LLC",MW40504-C2,MW40504,MW40504,2968.0,1237.3591999999999,561.2488,3959.55,3959.55,3363.6223
2,PV,OP,00010,128283,21006859,2.0,2021-04-14T00:00:00,2021-04-14T00:00:00,2021-04-16T00:00:00,331380,Ascent Industries Co.,WD40-UN,WD40,WD40,10150.0,10150.0,4604.04,11571.0,11571.0,9671.4931
2,PV,OP,00010,129556,21012829,2.0,2021-07-07T00:00:00,2021-07-07T00:00:00,2021-07-07T00:00:00,331380,Ascent Industries Co.,WD40-UN,WD40,WD40,10500.0,10500.0,4762.8,11970.0,11970.0,10142.0553
2,PV,OP,00010,131175,21013975,2.0,2021-07-23T00:00:00,2021-07-23T00:00:00,2021-07-23T00:00:00,317501,EPS,161190PX,161190PX,161190PX,18900.0,18900.0,8573.04,17709.3,17709.3,15056.7515
2,PV,OP,00010,135567,21021385,2.0,2021-11-04T00:00:00,2021-11-04T00:00:00,2021-11-04T00:00:00,328211,"BPI Packaging, LLC",??????,,,923.0,923.0,418.6728,762.67,762.67,660.6731
4,OV,OP,00010,135734,226312,2.0,2022-04-12T00:00:00,2022-04-12T00:00:00,2022-04-12T00:00:00,322114,"Granite Packaging, LLC",??????,,,1.0,1.0,0.4536,0.0,0.0,0.0
4,OV,OP,00010,117342,182547,2.0,2020-01-31T00:00:00,2020-01-31T00:00:00,2020-01-31T00:00:00,328211,"BPI Packaging, LLC",MW40514-C2,MW40514,MW40514,4320.0,1801.008,816.9119999999999,13824.0,13824.0,12459.0528
4,OV,OP,00010,118352,182880,2.0,2020-02-07T00:00:00,2020-02-07T00:00:00,2020-02-07T00:00:00,322114,"Granite Packaging, LLC",MD4020-C2,MD4020,MD4020,7200.0,3001.68,1361.52,19512.0,19512.0,17826.5144
4,OV,OP,00010,118352,183296,2.0,2020-02-18T00:00:00,2020-02-07T00:00:00,2020-02-18T00:00:00,322114,"Granite Packaging, LLC",MD4020-C2,MD4020,MD4020,7200.0,3001.68,1361.52,19512.0,19512.0,18068.4242
4,OV,OP,00010,118352,183298,2.0,2020-02-18T00:00:00,2020-02-18T00:00:00,2020-02-18T00:00:00,322114,"Granite Packaging, LLC",MD4020-C2,MD4020,MD4020,7200.0,3001.68,1361.52,19512.0,19512.0,18068.4242
4,OV,OP,00010,118352,183301,2.0,2020-02-18T00:00:00,2020-02-18T00:00:00,2020-02-18T00:00:00,322114,"Granite Packaging, LLC",MD4020-C2,MD4020,MD4020,7200.0,3001.68,1361.52,19512.0,19512.0,18068.4242
4,OV,OP,00010,119422,185021,2.0,2020-03-23T00:00:00,2020-03-23T00:00:00,2020-03-23T00:00:00,328211,"BPI Packaging, LLC",MW40514-C2,MW40514,MW40514,1464.0,610.3416,276.8424,1953.09,1953.09,1806.195
4,OV,OP,00010,120534,185345,2.0,2020-03-30T00:00:00,2020-03-30T00:00:00,2020-03-30T00:00:00,328143,Coatings & Adhesives Corporation,191245PX-T2,191245PX,191245PX,2400.0,2400.0,1088.64,3432.0,3432.0,3112.8312
4,OV,OP,00010,122157,192083,2.0,2020-08-31T00:00:00,2020-08-31T00:00:00,2020-08-31T00:00:00,322114,"Granite Packaging, LLC",MD4020-C1,MD4020,MD4020,2538.0,317.25,143.9046,4568.4,4568.4,3821.8915
4,OV,OP,00010,128548,212024,2.0,2021-08-18T00:00:00,2021-08-18T00:00:00,2021-08-18T00:00:00,322114,"Granite Packaging, LLC",MD4020C-C2,MD4020C,MD4020C,1415.0,589.9135,267.5765,3834.65,3834.65,3276.6501
4,OV,OP,00010,122157,192084,2.0,2020-08-31T00:00:00,2020-08-31T00:00:00,2020-08-31T00:00:00,322114,"Granite Packaging, LLC",MD4020-C1,MD4020,MD4020,2538.0,317.25,143.9046,38.07,38.07,31.8491
4,OV,OP,00010,128548,212025,2.0,2021-08-18T00:00:00,2021-08-18T00:00:00,2021-08-18T00:00:00,322114,"Granite Packaging, LLC",MD4020C-C2,MD4020C,MD4020C,1415.0,589.9135,267.5765,70.75,70.75,60.4548
4,OV,OP,00010,135734,226311,2.0,2022-04-12T00:00:00,2022-04-12T00:00:00,2022-04-12T00:00:00,322114,"Granite Packaging, LLC",??????,,,1.0,1.0,0.4536,1485.54,1485.54,1368.6065
1,OV,OP,00010,127522,203966,2.0,2021-04-08T00:00:00,2021-04-08T00:00:00,2021-04-08T00:00:00,292774,"Ascent Chemicals Danville, Inc.",??????,,,0.0,0.0,0.0,708.2,708.2,594.9177
1,OV,OP,00010,127522,203967,2.0,2021-04-08T00:00:00,2021-04-08T00:00:00,2021-04-08T00:00:00,292774,"Ascent Chemicals Danville, Inc.",??????,,,0.0,0.0,0.0,0.0,0.0,0.0
1,OV,OP,00010,135567,216963,2.0,2021-11-04T00:00:00,2021-11-04T00:00:00,2021-11-04T00:00:00,328211,"BPI Packaging, LLC",??????,,,923.0,923.0,418.6728,762.67,762.67,660.6731
1,OV,OP,00010,121683,187115,2.0,2020-05-05T00:00:00,2020-05-05T00:00:00,2020-05-05T00:00:00,326095,Capital Resin Corporation,??????,,,1.0,1.0,0.4536,560.4,560.4,516.7095
1,OV,OP,00010,130331,211105,2.0,2021-08-04T00:00:00,2021-08-04T00:00:00,2021-08-04T00:00:00,317501,EPS,??????,,,1.0,1.0,0.4536,-364.5,-364.5,-307.8028
1,OV,OP,00010,132755,220951,2.0,2022-01-10T00:00:00,2022-01-10T00:00:00,2022-01-10T00:00:00,292774,"Ascent Chemicals Danville, Inc.",??????,,,1.0,1.0,0.4536,2544.8,2544.8,2246.6131
1,OV,OP,00010,137502,226108,2.0,2022-04-07T00:00:00,2022-04-07T00:00:00,2022-04-07T00:00:00,292774,"Ascent Chemicals Danville, Inc.",??????,,,1.0,1.0,0.4536,7821.96,7821.96,7177.5705
1,OV,OP,00010,147027,246684,2.0,2023-05-05T00:00:00,2023-05-05T00:00:00,2023-05-05T00:00:00,328143,Coatings & Adhesives Corporation,??????,,,1.0,1.0,0.4536,116.56,116.56,105.7291
1,OV,OP,00010,135126,219209,2.0,2021-12-08T00:00:00,2021-12-08T00:00:00,2021-12-08T00:00:00,292774,"Ascent Chemicals Danville, Inc.",??????,,,1.0,1.0,0.4536,-47297.25,-47297.25,-41759.2008
1,OV,OP,00010,140219,230891,2.0,2022-07-01T00:00:00,2022-07-01T00:00:00,2022-07-01T00:00:00,292774,"Ascent Chemicals Danville, Inc.",??????,,,1.0,1.0,0.4536,4903.38,4903.38,4709.7387
1,OV,OP,00010,144385,237077,2.0,2022-10-26T00:00:00,2022-10-26T00:00:00,2022-10-26T00:00:00,322114,"Granite Packaging, LLC",INNERC,INNERC,INNERC,7000.0,7000.0,3175.2,2181.9,2181.9,2168.0611
1,OV,OP,00010,143650,234573,2.0,2022-09-02T00:00:00,2022-09-02T00:00:00,2022-09-02T00:00:00,322114,"Granite Packaging, LLC",CRTNDARK,CRTNDARK,CRTNDARK,19125.0,19125.0,19125.0,12048.75,12048.75,12012.97
1,OV,OP,00010,135734,226313,2.0,2022-04-12T00:00:00,2022-04-12T00:00:00,2022-04-12T00:00:00,322114,"Granite Packaging, LLC",??????,,,1485.54,1485.54,673.840944,1485.54,1485.54,1368.6065
1,OV,OP,00010,135740,228338,2.0,2022-05-19T00:00:00,2022-05-19T00:00:00,2022-05-19T00:00:00,322114,"Granite Packaging, LLC",??????,,,19158.24,19158.24,8690.177664,574.75,574.75,542.9949
1,OV,OP,00010,135743,226435,2.0,2022-04-13T00:00:00,2022-04-13T00:00:00,2022-04-13T00:00:00,322114,"Granite Packaging, LLC",??????,,,1.0,1.0,0.4536,97.5,97.5,89.7719
1,OV,OP,00010,135744,226437,2.0,2022-04-13T00:00:00,2022-04-13T00:00:00,2022-04-13T00:00:00,322114,"Granite Packaging, LLC",??????,,,1.0,1.0,0.4536,156.84,156.84,144.4084
1,OV,OP,00010,117037,181360,2.0,2020-01-07T00:00:00,2020-01-07T00:00:00,2020-01-07T00:00:00,322114,"Granite Packaging, LLC",MD4020-C1,MD4020,MD4020,19710.0,2463.75,1117.557,35478.0,35478.0,31804.3702
1,OV,OP,00010,119422,185022,2.0,2020-03-23T00:00:00,2020-03-23T00:00:00,2020-03-23T00:00:00,328211,"BPI Packaging, LLC",MW40514-C2,MW40514,MW40514,1464.0,610.3416,276.8424,4684.8,4684.8,4332.4487
1,OV,OP,00010,119421,185020,2.0,2020-03-23T00:00:00,2020-03-23T00:00:00,2020-03-23T00:00:00,328211,"BPI Packaging, LLC",MW40504-C2,MW40504,MW40504,1868.0,1868.0,1868.0,5977.6,5977.6,5528.0151
1,OV,OP,00010,135739,230296,2.0,2022-06-21T00:00:00,2022-06-21T00:00:00,2022-06-21T00:00:00,322114,"Granite Packaging, LLC",MD4021C-C2,MD4021C,MD4021C,3600.0,1500.84,680.76,17208.0,17208.0,16312.1429
1,OV,OP,00010,139768,232841,2.0,2022-08-02T00:00:00,2022-08-02T00:00:00,2022-08-02T00:00:00,328143,Coatings & Adhesives Corporation,191245PX-T2,191245PX,191245PX,650.0,650.0,294.84,838.5,838.5,822.5383
1,OV,OP,00010,139768,232842,2.0,2022-08-02T00:00:00,2022-08-02T00:00:00,2022-08-02T00:00:00,328143,Coatings & Adhesives Corporation,191245PX-T2,191245PX,191245PX,2300.0,2300.0,1043.28,2967.0,2967.0,2910.5202
1,OV,OP,00010,117342,182486,2.0,2020-01-31T00:00:00,2020-01-31T00:00:00,2020-01-31T00:00:00,328211,"BPI Packaging, LLC",MW40514-C2,MW40514,MW40514,4320.0,1801.008,816.9119999999999,13824.0,13824.0,12459.0528
1,OV,OP,00010,117342,182487,2.0,2020-01-31T00:00:00,2020-01-31T00:00:00,2020-01-31T00:00:00,328211,"BPI Packaging, LLC",MW40514-C2,MW40514,MW40514,2880.0,1200.672,544.608,9216.0,9216.0,8306.0352
1,OV,OP,00010,117342,182488,2.0,2020-01-31T00:00:00,2020-01-31T00:00:00,2020-01-31T00:00:00,328211,"BPI Packaging, LLC",MW40514-C2,MW40514,MW40514,2880.0,1200.672,544.608,9216.0,9216.0,8306.0352
1,OV,OP,00010,117342,182515,2.0,2020-01-31T00:00:00,2020-01-31T00:00:00,2020-01-31T00:00:00,328211,"BPI Packaging, LLC",MW40514-C2,MW40514,MW40514,4320.0,1801.008,816.9119999999999,13824.0,13824.0,12459.0528
1,OV,OP,00010,117342,182516,2.0,2020-01-31T00:00:00,2020-01-31T00:00:00,2020-01-31T00:00:00,328211,"BPI Packaging, LLC",MW40514-C2,MW40514,MW40514,4320.0,1801.008,816.9119999999999,13824.0,13824.0,12459.0528
1,OV,OP,00010,117342,182522,2.0,2020-01-31T00:00:00,2020-01-31T00:00:00,2020-01-31T00:00:00,328211,"BPI Packaging, LLC",MW40514-C2,MW40514,MW40514,4320.0,1801.008,816.9119999999999,13824.0,13824.0,12459.0528
1,OV,OP,00010,117342,182548,2.0,2020-01-31T00:00:00,2020-01-31T00:00:00,2020-01-31T00:00:00,328211,"BPI Packaging, LLC",MW40514-C2,MW40514,MW40514,2880.0,1200.672,544.608,9216.0,9216.0,8306.0352
1,OV,OP,00010,118251,182043,2.0,2020-01-21T00:00:00,2020-01-21T00:00:00,2020-01-21T00:00:00,292774,"Ascent Chemicals Danville, Inc.",HP1632-T2,HP1632,HP1632,24255.0,24255.0,11002.068,40263.3,40263.3,36333.1107
1,OV,OP,00010,125679,201261,2.0,2021-02-24T00:00:00,2021-02-24T00:00:00,2021-02-24T00:00:00,292774,"Ascent Chemicals Danville, Inc.",HP1632-T2,HP1632,HP1632,24255.0,24255.0,11002.068,76492.99,76492.99,63017.3806
1,OV,OP,00010,117524,182045,2.0,2020-01-21T00:00:00,2020-01-21T00:00:00,2020-01-21T00:00:00,292774,"Ascent Chemicals Danville, Inc.",HP1432AT-OP,HP1432AT,HP1432AT,6768.0,6768.0,3069.9648,27230.37,27230.37,24572.3537
1,OV,OP,00010,118352,183302,2.0,2020-02-18T00:00:00,2020-02-18T00:00:00,2020-02-18T00:00:00,322114,"Granite Packaging, LLC",MD4020-C2,MD4020,MD4020,7200.0,3001.68,1361.52,19512.0,19512.0,18068.4242
1,OV,OP,00010,118406,185275,2.0,2020-03-27T00:00:00,2020-03-27T00:00:00,2020-03-27T00:00:00,322114,"Granite Packaging, LLC",MD4020C-C2,MD4020C,MD4020C,10500.0,4377.45,1985.55,28455.0,28455.0,25488.9134
1,OV,OP,00010,119747,188470,2.0,2020-06-10T00:00:00,2020-06-10T00:00:00,2020-06-10T00:00:00,322114,"Granite Packaging, LLC",MD4020-C1,MD4020,MD4020,1152.0,144.0,65.3184,2073.6,2073.6,1826.1142
1,OV,OP,00010,120049,184886,2.0,2020-03-20T00:00:00,2020-03-20T00:00:00,2020-03-20T00:00:00,317501,EPS,161190PX,161190PX,161190PX,21600.0,21600.0,9797.76,15876.0,15876.0,14770.6573
1,OV,OP,00010,120534,185346,2.0,2020-03-30T00:00:00,2020-03-30T00:00:00,2020-03-30T00:00:00,328143,Coatings & Adhesives Corporation,191245PX-T2,191245PX,191245PX,2300.0,2300.0,1043.28,3289.0,3289.0,2983.1299
1,OV,OP,00010,120791,185794,2.0,2020-04-07T00:00:00,2020-04-07T00:00:00,2020-04-07T00:00:00,326444,Essential Polymers,DMAEMA,DMAEMA,DMAEMA,964.0,964.0,437.2704,3374.0,3374.0,3105.0747
1,OV,OP,00010,120791,185794,2.0,2020-04-07T00:00:00,2020-04-07T00:00:00,2020-04-07T00:00:00,326444,Essential Polymers,DMAEMA,DMAEMA,DMAEMA,3176.0,3176.0,1440.6336000000001,11116.0,11116.0,10229.997
1,OV,OP,00010,121849,187957,2.0,2020-05-29T00:00:00,2020-05-29T00:00:00,2020-05-29T00:00:00,331380,Ascent Industries Co.,WD40-UN,WD40,WD40,28700.0,28700.0,13018.32,32718.0,32718.0,29455.06
1,OV,OP,00010,123521,192739,2.0,2020-09-17T00:00:00,2020-09-17T00:00:00,2020-09-17T00:00:00,317501,EPS,161190PX,161190PX,161190PX,5400.0,5400.0,2449.44,3736.8,3736.8,3160.39
1,OV,OP,00010,124748,203527,2.0,2021-04-01T00:00:00,2021-04-01T00:00:00,2021-04-01T00:00:00,328211,"BPI Packaging, LLC",MW40514-C2,MW40514,MW40514,5484.0,2286.2796,1037.0244,7316.09,7316.09,6214.9899
1,OV,OP,00010,125072,195363,2.0,2020-11-10T00:00:00,2020-11-10T00:00:00,2020-11-10T00:00:00,317501,EPS,161190PX,161190PX,161190PX,18900.0,18900.0,8573.04,13078.8,13078.8,11074.9683
1,OV,OP,00010,125104,203530,2.0,2021-04-01T00:00:00,2021-04-01T00:00:00,2021-04-01T00:00:00,328211,"BPI Packaging, LLC",MW40504-C2,MW40504,MW40504,2968.0,1237.3591999999999,561.2488,3959.55,3959.55,3363.6223
1,OV,OP,00010,125872,217662,2.0,2021-11-15T00:00:00,2021-11-15T00:00:00,2021-11-15T00:00:00,322114,"Granite Packaging, LLC",MD4023-C2,MD4023,MD4023,2928.0,1526.3663999999999,692.472,11302.08,11302.08,9898.2916
1,OV,OP,00010,128283,204347,2.0,2021-04-14T00:00:00,2021-04-14T00:00:00,2021-04-14T00:00:00,331380,Ascent Industries Co.,WD40-UN,WD40,WD40,10150.0,10150.0,4604.04,11571.0,11571.0,9663.9546
1,OV,OP,00010,129556,209358,2.0,2021-07-07T00:00:00,2021-07-07T00:00:00,2021-07-07T00:00:00,331380,Ascent Industries Co.,WD40-UN,WD40,WD40,10500.0,10500.0,4762.8,11970.0,11970.0,10142.0553
1,OV,OP,00010,131175,210343,2.0,2021-07-23T00:00:00,2021-07-23T00:00:00,2021-07-23T00:00:00,317501,EPS,161190PX,161190PX,161190PX,18900.0,18900.0,8573.04,17709.3,17709.3,15056.7515
1,OV,OP,00010,131573,211971,2.0,2021-08-17T00:00:00,2021-08-17T00:00:00,2021-08-17T00:00:00,328211,"BPI Packaging, LLC",MW40514-C2,MW40514,MW40514,1304.0,543.6376,246.5864,4172.8,4172.8,3562.4049
1,OV,OP,00010,136618,221276,2.0,2022-01-14T00:00:00,2022-01-14T00:00:00,2022-01-14T00:00:00,292774,"Ascent Chemicals Danville, Inc.",HP1632-T2,HP1632,HP1632,23093.0,23093.0,10474.9848,49649.95,49649.95,43504.299
1,OV,OP,00010,144031,237152,2.0,2022-10-27T00:00:00,2022-10-27T00:00:00,2022-10-27T00:00:00,317501,EPS,161190PX-T3,161190PX,161190PX,40500.0,40500.0,18370.8,46818.0,46818.0,46889.4396
1,OV,OP,00010,144320,237196,2.0,2022-10-28T00:00:00,2022-10-28T00:00:00,2022-10-28T00:00:00,322114,"Granite Packaging, LLC",PAR1230S,PAR1230S,PAR1230S,624.0,624.0,283.0464,1816.96,1816.96,1829.0413
1,OV,OP,00010,145130,252143,2.0,2023-08-24T00:00:00,2023-08-24T00:00:00,2023-08-24T00:00:00,292774,"Ascent Chemicals Danville, Inc.",HP1632-T2,HP1632,HP1632,17640.0,17640.0,8001.504,142178.4,142178.4,131325.7095
1,OV,OP,00010,145335,240394,2.0,2023-01-05T00:00:00,2023-01-05T00:00:00,2023-01-05T00:00:00,317501,EPS,161190PX-T3,161190PX,161190PX,18900.0,18900.0,8573.04,21848.4,21848.4,20768.7548
1,OV,OP,00010,155886,260866,2.0,2024-02-23T00:00:00,2024-02-23T00:00:00,2024-02-23T00:00:00,317501,EPS,161190PX-T2,161190PX,161190PX,11500.0,11500.0,5216.4,13294.0,13294.0,12277.7349
1,OV,OP,00010,155886,260867,2.0,2024-02-23T00:00:00,2024-02-23T00:00:00,2024-02-23T00:00:00,317501,EPS,161190PX-T2,161190PX,161190PX,20700.0,20700.0,9389.52,23929.2,23929.2,22099.9227
1,OV,OP,00010,160790,269394,2.0,2024-08-13T00:00:00,2024-08-13T00:00:00,2024-08-13T00:00:00,317501,EPS,161190PX-T2,161190PX,161190PX,36800.0,36800.0,16692.48,43644.8,43644.8,39847.3052
1,OV,OP,00010,160792,273977,2.0,2024-11-21T00:00:00,2024-11-21T00:00:00,2024-11-21T00:00:00,292774,"Ascent Chemicals Danville, Inc.",HP1632-T2,HP1632,HP1632,28665.0,28665.0,13002.444,210690.62,210690.62,201136.2428
1,OV,OP,00010,161854,270997,2.0,2024-09-19T00:00:00,2024-09-19T00:00:00,2024-09-19T00:00:00,328143,Coatings & Adhesives Corporation,DPE3500-T2,DPE3500,DPE3500,11500.0,11500.0,5216.4,18400.0,18400.0,16507.9961
1,OV,OP,00010,161977,272377,2.0,2024-10-18T00:00:00,2024-10-18T00:00:00,2024-10-18T00:00:00,292774,"Ascent Chemicals Danville, Inc.",HP1632-T2,HP1632,HP1632,28665.0,28665.0,13002.444,210690.62,210690.62,194119.9924
1,OV,OP,00010,163982,275226,2.0,2024-12-18T00:00:00,2024-12-18T00:00:00,2024-12-18T00:00:00,317501,EPS,161190PX-T2,161190PX,161190PX,6900.0,6900.0,3129.84,8183.4,8183.4,7817.039
1,OV,OP,00010,163982,275226,2.0,2024-12-18T00:00:00,2024-12-18T00:00:00,2024-12-18T00:00:00,317501,EPS,161190PX-T2,161190PX,161190PX,11500.0,11500.0,5216.4,13639.0,13639.0,13028.3983
1,OV,OP,00010,164963,276919,2.0,2025-01-28T00:00:00,2025-01-28T00:00:00,2025-01-28T00:00:00,331380,Ascent Industries Co.,WD40-UN,WD40,WD40,21700.0,21700.0,9843.12,70742.0,70742.0,67859.2706
1,OV,OP,00010,165192,277042,2.0,2025-01-30T00:00:00,2025-01-30T00:00:00,2025-01-30T00:00:00,292774,"Ascent Chemicals Danville, Inc.",HP1432AT,HP1432AT,HP1432AT,169.0,169.0,76.6584,2551.9,2551.9,2449.2077
1,OV,OP,00010,166762,281455,2.0,2025-05-08T00:00:00,2025-05-08T00:00:00,2025-05-08T00:00:00,328143,Coatings & Adhesives Corporation,DPE3500-T2,DPE3500,DPE3500,27600.0,27600.0,12519.36,44160.0,44160.0,39262.9298
1,OV,OP,00010,168672,284052,2.0,2025-07-07T00:00:00,2025-07-07T00:00:00,2025-07-07T00:00:00,317501,EPS,161190PX-T2,161190PX,161190PX,34500.0,34500.0,15649.2,40917.0,40917.0,34871.2268
1,OV,OP,00010,169433,284529,2.0,2025-07-16T00:00:00,2025-07-16T00:00:00,2025-07-16T00:00:00,292774,"Ascent Chemicals Danville, Inc.",HP1632-T2,HP1632,HP1632,3428.0,3428.0,1554.9408,25195.8,25195.8,21667.1887
1,OV,OP,00010,170233,290193,2.0,2025-12-01T00:00:00,2025-12-01T00:00:00,2025-12-01T00:00:00,292774,"Ascent Chemicals Danville, Inc.",HP1632-T2,HP1632,HP1632,11025.0,11025.0,5000.94,80482.5,80482.5,69246.4991
1,OV,OP,00010,171399,287799,2.0,2025-10-02T00:00:00,2025-10-02T00:00:00,2025-10-02T00:00:00,317501,EPS,161190PX-T2,161190PX,161190PX,16100.0,16100.0,7302.96,19094.6,19094.6,16323.2518
1,OV,OP,00010,171399,287800,2.0,2025-10-02T00:00:00,2025-10-02T00:00:00,2025-10-02T00:00:00,317501,EPS,161190PX-T2,161190PX,161190PX,22530.0,22530.0,10219.608,26720.58,26720.58,22842.4138
1,OV,OP,00010,173564,294047,2.0,2026-03-06T00:00:00,2026-03-06T00:00:00,2026-03-06T00:00:00,292774,"Ascent Chemicals Danville, Inc.",HP1632-T2,HP1632,HP1632,17640.0,17640.0,8001.504,119775.6,119775.6,103200.8848
1,OV,OP,00010,173564,294049,2.0,2026-03-06T00:00:00,2026-03-06T00:00:00,2026-03-06T00:00:00,292774,"Ascent Chemicals Danville, Inc.",HP1632-T2,HP1632,HP1632,19845.0,19845.0,9001.692000000001,134747.55,134747.55,116100.9954
1,OV,OP,00010,175126,296192,2.0,2026-04-30T00:00:00,2026-04-30T00:00:00,2026-04-30T00:00:00,292774,"Ascent Chemicals Danville, Inc.",HP1632,HP1632,HP1632,1200.0,1200.0,544.32,8388.0,8388.0,7151.2733
1,OV,OP,00010,177206,296637,2.0,2026-05-12T00:00:00,2026-05-12T00:00:00,2026-05-12T00:00:00,317501,EPS,161190PX-T2,161190PX,161190PX,4600.0,4600.0,2086.56,6145.6,6145.6,5237.8064
1,OV,OP,00010,176247,297913,2.0,2026-06-11T00:00:00,2026-06-11T00:00:00,2026-06-11T00:00:00,292774,"Ascent Chemicals Danville, Inc.",HP1632,HP1632,HP1632,1822.0,1822.0,826.4592,12735.78,12735.78,11060.2697
1,OV,OP,00010,144320,237198,2.0,2022-10-28T00:00:00,2022-10-28T00:00:00,2022-10-28T00:00:00,322114,"Granite Packaging, LLC",PAR1230S,PAR1230S,PAR1230S,1456.0,1456.0,660.4416,4239.58,4239.58,4267.7698
1,OV,OP,00010,135734,226314,2.0,2022-04-12T00:00:00,2022-04-12T00:00:00,2022-04-12T00:00:00,322114,"Granite Packaging, LLC",??????,,,1485.54,1485.54,673.840944,0.0,0.0,0.0
1,OV,OP,00010,135740,228339,2.0,2022-05-19T00:00:00,2022-05-19T00:00:00,2022-05-19T00:00:00,322114,"Granite Packaging, LLC",??????,,,19158.24,19158.24,8690.177664,0.0,0.0,0.0
1,OV,OP,00010,135743,226436,2.0,2022-04-13T00:00:00,2022-04-13T00:00:00,2022-04-13T00:00:00,322114,"Granite Packaging, LLC",??????,,,1.0,1.0,0.4536,0.0,0.0,0.0
1,OV,OP,00010,135744,226438,2.0,2022-04-13T00:00:00,2022-04-13T00:00:00,2022-04-13T00:00:00,322114,"Granite Packaging, LLC",??????,,,1.0,1.0,0.4536,0.0,0.0,0.0
1,OV,OP,00010,121683,187116,2.0,2020-05-05T00:00:00,2020-05-05T00:00:00,2020-05-05T00:00:00,326095,Capital Resin Corporation,??????,,,1.0,1.0,0.4536,0.0,0.0,0.0
1,OV,OP,00010,132755,220952,2.0,2022-01-10T00:00:00,2022-01-10T00:00:00,2022-01-10T00:00:00,292774,"Ascent Chemicals Danville, Inc.",??????,,,1.0,1.0,0.4536,0.0,0.0,0.0
1,OV,OP,00010,135126,219210,2.0,2021-12-08T00:00:00,2021-12-08T00:00:00,2021-12-08T00:00:00,292774,"Ascent Chemicals Danville, Inc.",??????,,,1.0,1.0,0.4536,0.0,0.0,0.0
1,OV,OP,00010,137502,226109,2.0,2022-04-07T00:00:00,2022-04-07T00:00:00,2022-04-07T00:00:00,292774,"Ascent Chemicals Danville, Inc.",??????,,,1.0,1.0,0.4536,0.0,0.0,0.0
1,OV,OP,00010,140219,230892,2.0,2022-07-01T00:00:00,2022-07-01T00:00:00,2022-07-01T00:00:00,292774,"Ascent Chemicals Danville, Inc.",??????,,,1.0,1.0,0.4536,0.0,0.0,0.0
1,OV,OP,00010,145130,252144,2.0,2023-08-24T00:00:00,2023-08-24T00:00:00,2023-08-24T00:00:00,292774,"Ascent Chemicals Danville, Inc.",HP1632-T2,HP1632,HP1632,17640.0,17640.0,8001.504,1023.12,1023.12,945.0237
1,OV,OP,00010,165192,277043,2.0,2025-01-30T00:00:00,2025-01-30T00:00:00,2025-01-30T00:00:00,292774,"Ascent Chemicals Danville, Inc.",HP1432AT,HP1432AT,HP1432AT,169.0,169.0,76.6584,14.53,14.53,13.9453
1,OV,OP,00010,166762,281456,2.0,2025-05-08T00:00:00,2025-05-08T00:00:00,2025-05-08T00:00:00,328143,Coatings & Adhesives Corporation,DPE3500-T2,DPE3500,DPE3500,27600.0,27600.0,12519.36,1242.0,1242.0,1104.2699
1,OV,OP,00010,169433,284530,2.0,2025-07-16T00:00:00,2025-07-16T00:00:00,2025-07-16T00:00:00,292774,"Ascent Chemicals Danville, Inc.",HP1632-T2,HP1632,HP1632,3428.0,3428.0,1554.9408,137.12,137.12,117.9167
1,OV,OP,00010,117524,182046,2.0,2020-01-21T00:00:00,2020-01-21T00:00:00,2020-01-21T00:00:00,292774,"Ascent Chemicals Danville, Inc.",HP1432AT-OP,HP1432AT,HP1432AT,6768.0,6768.0,3069.9648,541.44,541.44,488.5889
1,OV,OP,00010,118251,182044,2.0,2020-01-21T00:00:00,2020-01-21T00:00:00,2020-01-21T00:00:00,292774,"Ascent Chemicals Danville, Inc.",HP1632-T2,HP1632,HP1632,24255.0,24255.0,11002.068,1940.4,1940.4,1750.9933
1,OV,OP,00010,119747,188471,2.0,2020-06-10T00:00:00,2020-06-10T00:00:00,2020-06-10T00:00:00,322114,"Granite Packaging, LLC",MD4020-C1,MD4020,MD4020,1152.0,144.0,65.3184,17.28,17.28,15.2176
1,OV,OP,00010,120791,185795,2.0,2020-04-07T00:00:00,2020-04-07T00:00:00,2020-04-07T00:00:00,326444,Essential Polymers,DMAEMA,DMAEMA,DMAEMA,964.0,964.0,437.2704,96.4,96.4,88.7164
1,OV,OP,00010,120791,185795,2.0,2020-04-07T00:00:00,2020-04-07T00:00:00,2020-04-07T00:00:00,326444,Essential Polymers,DMAEMA,DMAEMA,DMAEMA,3176.0,3176.0,1440.6336000000001,317.6,317.6,292.2856
1,OV,OP,00010,121849,187958,2.0,2020-05-29T00:00:00,2020-05-29T00:00:00,2020-05-29T00:00:00,331380,Ascent Industries Co.,WD40-UN,WD40,WD40,28700.0,28700.0,13018.32,1722.0,1722.0,1550.2663
1,OV,OP,00010,125679,201262,2.0,2021-02-24T00:00:00,2021-02-24T00:00:00,2021-02-24T00:00:00,292774,"Ascent Chemicals Danville, Inc.",HP1632-T2,HP1632,HP1632,24255.0,24255.0,11002.068,1940.4,1940.4,1598.5638
1,OV,OP,00010,125872,217663,2.0,2021-11-15T00:00:00,2021-11-15T00:00:00,2021-11-15T00:00:00,322114,"Granite Packaging, LLC",MD4023-C2,MD4023,MD4023,2928.0,1526.3663999999999,692.472,183.29,183.29,160.5242
1,OV,OP,00010,135739,230297,2.0,2022-06-21T00:00:00,2022-06-21T00:00:00,2022-06-21T00:00:00,322114,"Granite Packaging, LLC",MD4021C-C2,MD4021C,MD4021C,3600.0,1500.84,680.76,180.0,180.0,170.6291
1,OV,OP,00010,136618,221277,2.0,2022-01-14T00:00:00,2022-01-14T00:00:00,2022-01-14T00:00:00,292774,"Ascent Chemicals Danville, Inc.",HP1632-T2,HP1632,HP1632,23093.0,23093.0,10474.9848,1847.44,1847.44,1618.7646
1,OV,OP,00010,144320,237197,2.0,2022-10-28T00:00:00,2022-10-28T00:00:00,2022-10-28T00:00:00,322114,"Granite Packaging, LLC",PAR1230S,PAR1230S,PAR1230S,624.0,624.0,283.0464,74.88,74.88,75.3779
1,OV,OP,00010,144320,237199,2.0,2022-10-28T00:00:00,2022-10-28T00:00:00,2022-10-28T00:00:00,322114,"Granite Packaging, LLC",PAR1230S,PAR1230S,PAR1230S,1456.0,1456.0,660.4416,174.72,174.72,175.8817
1,OV,OP,00010,160792,273978,2.0,2024-11-21T00:00:00,2024-11-21T00:00:00,2024-11-21T00:00:00,292774,"Ascent Chemicals Danville, Inc.",HP1632-T2,HP1632,HP1632,28665.0,28665.0,13002.444,2270.27,2270.27,2167.318
1,OV,OP,00010,161854,270998,2.0,2024-09-19T00:00:00,2024-09-19T00:00:00,2024-09-19T00:00:00,328143,Coatings & Adhesives Corporation,DPE3500-T2,DPE3500,DPE3500,11500.0,11500.0,5216.4,910.8,910.8,817.1458
1,OV,OP,00010,161977,272378,2.0,2024-10-18T00:00:00,2024-10-18T00:00:00,2024-10-18T00:00:00,292774,"Ascent Chemicals Danville, Inc.",HP1632-T2,HP1632,HP1632,28665.0,28665.0,13002.444,2270.27,2270.27,2091.7153
1,OV,OP,00010,170233,290194,2.0,2025-12-01T00:00:00,2025-12-01T00:00:00,2025-12-01T00:00:00,292774,"Ascent Chemicals Danville, Inc.",HP1632-T2,HP1632,HP1632,11025.0,11025.0,5000.94,441.0,441.0,379.4329
1,OV,OP,00010,173564,294048,2.0,2026-03-06T00:00:00,2026-03-06T00:00:00,2026-03-06T00:00:00,292774,"Ascent Chemicals Danville, Inc.",HP1632-T2,HP1632,HP1632,17640.0,17640.0,8001.504,705.6,705.6,607.9581
1,OV,OP,00010,173564,294050,2.0,2026-03-06T00:00:00,2026-03-06T00:00:00,2026-03-06T00:00:00,292774,"Ascent Chemicals Danville, Inc.",HP1632-T2,HP1632,HP1632,19845.0,19845.0,9001.692000000001,793.8,793.8,683.9528
1,OV,OP,00010,175126,296193,2.0,2026-04-30T00:00:00,2026-04-30T00:00:00,2026-04-30T00:00:00,292774,"Ascent Chemicals Danville, Inc.",HP1632,HP1632,HP1632,1200.0,1200.0,544.32,60.0,60.0,51.1536
1,OV,OP,00010,176247,297914,2.0,2026-06-11T00:00:00,2026-06-11T00:00:00,2026-06-11T00:00:00,292774,"Ascent Chemicals Danville, Inc.",HP1632,HP1632,HP1632,1822.0,1822.0,826.4592,91.1,91.1,79.1149
1,OV,OP,00010,143650,234574,2.0,2022-09-02T00:00:00,2022-09-02T00:00:00,2022-09-02T00:00:00,322114,"Granite Packaging, LLC",CRTNDARK,CRTNDARK,CRTNDARK,19125.0,19125.0,19125.0,2295.0,2295.0,2288.1848
1,OV,OP,00010,144385,237078,2.0,2022-10-26T00:00:00,2022-10-26T00:00:00,2022-10-26T00:00:00,322114,"Granite Packaging, LLC",INNERC,INNERC,INNERC,7000.0,7000.0,3175.2,840.0,840.0,834.6722
1,OV,OP,00010,147027,246685,2.0,2023-05-05T00:00:00,2023-05-05T00:00:00,2023-05-05T00:00:00,328143,Coatings & Adhesives Corporation,??????,,,1.0,1.0,0.4536,0.06,0.06,0.0544
4,OV,OP,00010,139001,226168,2.0,2022-04-08T00:00:00,2022-04-08T00:00:00,2022-04-08T00:00:00,292788,Ortec Inc.,APT10-T2,APT10,APT10,2946.0,2946.0,1336.3056,8899.87,8899.87,8184.4842
4,OV,OP,00010,163884,275366,2.0,2024-12-20T00:00:00,2024-12-20T00:00:00,2024-12-20T00:00:00,292788,Ortec Inc.,U601,U601,U601,425.0,425.0,192.78,1217.63,1217.63,1167.4936
4,OV,OP,00010,166360,279598,2.0,2025-03-27T00:00:00,2025-03-27T00:00:00,2025-03-27T00:00:00,292788,Ortec Inc.,U601-OP,U601,U601,13500.0,13500.0,6123.6,35410.5,35410.5,32790.3355
4,OV,OP,00010,166360,279602,2.0,2025-03-27T00:00:00,2025-03-27T00:00:00,2025-03-27T00:00:00,292788,Ortec Inc.,U601-OP,U601,U601,13500.0,13500.0,6123.6,35410.5,35410.5,32790.3355
4,OV,OP,00010,166360,279599,2.0,2025-03-27T00:00:00,2025-03-27T00:00:00,2025-03-27T00:00:00,292788,Ortec Inc.,U601-OP,U601,U601,13500.0,13500.0,6123.6,1161.0,1161.0,1075.093
4,OV,OP,00010,166360,279603,2.0,2025-03-27T00:00:00,2025-03-27T00:00:00,2025-03-27T00:00:00,292788,Ortec Inc.,U601-OP,U601,U601,13500.0,13500.0,6123.6,1161.0,1161.0,1075.093
4,OV,OP,00010,139001,226169,2.0,2022-04-08T00:00:00,2022-04-08T00:00:00,2022-04-08T00:00:00,292788,Ortec Inc.,APT10-T2,APT10,APT10,2946.0,2946.0,1336.3056,235.68,235.68,216.7357
4,OV,OP,00010,163884,275367,2.0,2024-12-20T00:00:00,2024-12-20T00:00:00,2024-12-20T00:00:00,292788,Ortec Inc.,U601,U601,U601,425.0,425.0,192.78,33.66,33.66,32.274
1,OV,OP,00010,139001,226171,2.0,2022-04-08T00:00:00,2022-04-08T00:00:00,2022-04-08T00:00:00,292788,Ortec Inc.,APT10-T2,APT10,APT10,42546.0,42546.0,19298.8656,128531.47,128531.47,118199.9048
1,OV,OP,00010,118977,182760,2.0,2020-02-06T00:00:00,2020-02-06T00:00:00,2020-02-06T00:00:00,292788,Ortec Inc.,U101-OP,U101,U101,18450.0,18450.0,8368.92,37361.25,37361.25,34017.2276
1,OV,OP,00010,119238,184527,2.0,2020-03-12T00:00:00,2020-03-12T00:00:00,2020-03-12T00:00:00,292788,Ortec Inc.,U501-OP,U501,U501,18632.0,18632.0,8451.4752,31245.86,31245.86,27892.9699
1,OV,OP,00010,120504,185902,2.0,2020-04-09T00:00:00,2020-04-09T00:00:00,2020-04-09T00:00:00,292788,Ortec Inc.,U201-T2,U201,U201,15400.0,15400.0,6985.44,37221.8,37221.8,34042.0347
1,OV,OP,00010,120504,185905,2.0,2020-04-09T00:00:00,2020-04-09T00:00:00,2020-04-09T00:00:00,292788,Ortec Inc.,U201-T2,U201,U201,17600.0,17600.0,7983.36,42539.2,42539.2,38905.1825
1,OV,OP,00010,122591,189893,2.0,2020-07-16T00:00:00,2020-07-16T00:00:00,2020-07-16T00:00:00,292788,Ortec Inc.,U201-T2,U201,U201,17600.0,17600.0,7983.36,41606.4,41606.4,36390.1307
1,OV,OP,00010,122591,189895,2.0,2020-07-16T00:00:00,2020-07-16T00:00:00,2020-07-16T00:00:00,292788,Ortec Inc.,U201-T2,U201,U201,15400.0,15400.0,6985.44,36405.6,36405.6,31841.3644
1,OV,OP,00010,122715,191735,2.0,2020-08-25T00:00:00,2020-08-25T00:00:00,2020-08-25T00:00:00,292788,Ortec Inc.,U201-T2,U201,U201,17600.0,17600.0,7983.36,42451.2,42451.2,35920.8343
1,OV,OP,00010,122715,191737,2.0,2020-08-25T00:00:00,2020-08-25T00:00:00,2020-08-25T00:00:00,292788,Ortec Inc.,U201-T2,U201,U201,17600.0,17600.0,7983.36,42451.2,42451.2,35920.8343
1,OV,OP,00010,122715,192178,2.0,2020-09-02T00:00:00,2020-09-02T00:00:00,2020-09-02T00:00:00,292788,Ortec Inc.,U201-T2,U201,U201,15400.0,15400.0,6985.44,37144.8,37144.8,31383.701
1,OV,OP,00010,122735,191704,2.0,2020-08-25T00:00:00,2020-08-25T00:00:00,2020-08-25T00:00:00,292788,Ortec Inc.,U201-T2,U201,U201,8800.0,8800.0,3991.68,21753.6,21753.6,18407.1937
1,OV,OP,00010,131461,209984,2.0,2021-07-16T00:00:00,2021-07-16T00:00:00,2021-07-16T00:00:00,292788,Ortec Inc.,U201-T2,U201,U201,17600.0,17600.0,7983.36,42521.6,42521.6,36004.7864
1,OV,OP,00010,135307,216834,2.0,2021-11-02T00:00:00,2021-11-02T00:00:00,2021-11-02T00:00:00,292788,Ortec Inc.,U501B-OP,U501B,U501B,18115.0,18115.0,8216.964,65811.8,65811.8,56831.7075
1,OV,OP,00010,140863,231575,2.0,2022-07-14T00:00:00,2022-07-14T00:00:00,2022-07-14T00:00:00,292788,Ortec Inc.,U2022-OP,U2022,U2022,16650.0,16650.0,7552.44,62404.2,62404.2,62239.9459
1,OV,OP,00010,154658,259119,2.0,2024-01-18T00:00:00,2024-01-18T00:00:00,2024-01-18T00:00:00,292788,Ortec Inc.,MDU20-T2,MDU20,MDU20,16766.0,16766.0,7605.0576,51555.45,51555.45,47464.3188
1,OV,OP,00010,157568,264900,2.0,2024-05-09T00:00:00,2024-05-09T00:00:00,2024-05-09T00:00:00,292788,Ortec Inc.,U501-OP,U501,U501,18287.0,18287.0,8294.9832,85857.47,85857.47,79717.3816
1,OV,OP,00010,160466,269581,2.0,2024-08-16T00:00:00,2024-08-16T00:00:00,2024-08-16T00:00:00,292788,Ortec Inc.,U502,U502,U502,27.0,27.0,12.2472,131.6,131.6,119.6799
1,OV,OP,00010,160698,270229,2.0,2024-08-30T00:00:00,2024-08-30T00:00:00,2024-08-30T00:00:00,292788,Ortec Inc.,U701-OP,U701,U701,4050.0,4050.0,1837.08,18860.85,18860.85,17052.0888
1,OV,OP,00010,160789,269587,2.0,2024-08-16T00:00:00,2024-08-16T00:00:00,2024-08-16T00:00:00,292788,Ortec Inc.,U201-T2,U201,U201,15400.0,15400.0,6985.44,46384.8,46384.8,42183.3437
1,OV,OP,00010,161435,271013,2.0,2024-09-19T00:00:00,2024-09-19T00:00:00,2024-09-19T00:00:00,292788,Ortec Inc.,MDU20-T2,MDU20,MDU20,15400.0,15400.0,6985.44,45984.4,45984.4,41255.9943
1,OV,OP,00010,161788,271017,2.0,2024-09-19T00:00:00,2024-09-19T00:00:00,2024-09-19T00:00:00,292788,Ortec Inc.,U701-OP,U701,U701,4050.0,4050.0,1837.08,18860.85,18860.85,16921.4586
1,OV,OP,00010,163069,274523,2.0,2024-12-03T00:00:00,2024-12-03T00:00:00,2024-12-03T00:00:00,292788,Ortec Inc.,U2022-OP,U2022,U2022,16650.0,16650.0,7552.44,51964.65,51964.65,49406.5394
1,OV,OP,00010,163177,275033,2.0,2024-12-13T00:00:00,2024-12-13T00:00:00,2024-12-13T00:00:00,292788,Ortec Inc.,U502-OP,U502,U502,9900.0,9900.0,4490.64,48232.8,48232.8,45945.3209
1,OV,OP,00010,163884,275471,2.0,2024-12-26T00:00:00,2024-12-26T00:00:00,2024-12-26T00:00:00,292788,Ortec Inc.,U601,U601,U601,425.0,425.0,192.78,1217.63,1217.63,1168.244
1,OV,OP,00010,164309,275475,2.0,2024-12-26T00:00:00,2024-12-26T00:00:00,2024-12-26T00:00:00,292788,Ortec Inc.,U601,U601,U601,41.0,41.0,18.5976,119.27,119.27,114.4325
1,OV,OP,00010,164770,277002,2.0,2025-01-29T00:00:00,2025-01-29T00:00:00,2025-01-29T00:00:00,292788,Ortec Inc.,MDU20-T2,MDU20,MDU20,15400.0,15400.0,6985.44,45984.4,45984.4,44143.5249
1,OV,OP,00010,165372,277920,2.0,2025-02-20T00:00:00,2025-02-20T00:00:00,2025-02-20T00:00:00,292788,Ortec Inc.,U2022,U2022,U2022,214.0,214.0,97.0704,667.89,667.89,637.601
1,OV,OP,00010,165550,278841,2.0,2025-03-12T00:00:00,2025-03-12T00:00:00,2025-03-12T00:00:00,292788,Ortec Inc.,U101-OP,U101,U101,9450.0,9450.0,4286.52,25354.35,25354.35,23214.9778
1,OV,OP,00010,165975,278847,2.0,2025-03-12T00:00:00,2025-03-12T00:00:00,2025-03-12T00:00:00,292788,Ortec Inc.,U601,U601,U601,120.0,120.0,54.432,343.8,343.8,314.7905
1,OV,OP,00010,166360,279604,2.0,2025-03-27T00:00:00,2025-03-27T00:00:00,2025-03-27T00:00:00,292788,Ortec Inc.,U601-OP,U601,U601,13500.0,13500.0,6123.6,35410.5,35410.5,32790.3355
1,OV,OP,00010,166361,279593,2.0,2025-03-27T00:00:00,2025-03-27T00:00:00,2025-03-27T00:00:00,292788,Ortec Inc.,U601-OP,U601,U601,13950.0,13950.0,6327.72,36590.85,36590.85,33883.3466
1,OV,OP,00010,166454,280582,2.0,2025-04-17T00:00:00,2025-04-17T00:00:00,2025-04-17T00:00:00,292788,Ortec Inc.,MDU20-T2,MDU20,MDU20,15400.0,15400.0,6985.44,45984.4,45984.4,40470.0381
1,OV,OP,00010,166929,281431,2.0,2025-05-08T00:00:00,2025-05-08T00:00:00,2025-05-08T00:00:00,292788,Ortec Inc.,U601-OP,U601,U601,11750.0,11750.0,5329.8,32383.0,32383.0,28791.9261
1,OV,OP,00010,166930,281437,2.0,2025-05-08T00:00:00,2025-05-08T00:00:00,2025-05-08T00:00:00,292788,Ortec Inc.,U601-OP,U601,U601,11750.0,11750.0,5329.8,32383.0,32383.0,28791.9261
1,OV,OP,00010,166931,281550,2.0,2025-05-09T00:00:00,2025-05-09T00:00:00,2025-05-09T00:00:00,292788,Ortec Inc.,U601-OP,U601,U601,14850.0,14850.0,6735.96,40926.6,40926.6,36313.9062
1,OV,OP,00010,167195,281548,2.0,2025-05-09T00:00:00,2025-05-09T00:00:00,2025-05-09T00:00:00,292788,Ortec Inc.,U501,U501,U501,305.0,305.0,138.348,1225.8,1225.8,1087.6444
1,OV,OP,00010,167310,281774,2.0,2025-05-15T00:00:00,2025-05-15T00:00:00,2025-05-15T00:00:00,292788,Ortec Inc.,U101,U101,U101,82.0,82.0,37.1952,209.84,209.84,187.5656
1,OV,OP,00010,168265,283449,2.0,2025-06-20T00:00:00,2025-06-20T00:00:00,2025-06-20T00:00:00,292788,Ortec Inc.,U101-OP,U101,U101,8100.0,8100.0,3674.16,22104.9,22104.9,19189.1112
1,OV,OP,00010,169429,285135,2.0,2025-07-30T00:00:00,2025-07-30T00:00:00,2025-07-30T00:00:00,292788,Ortec Inc.,U2022-OP,U2022,U2022,16650.0,16650.0,7552.44,51997.95,51997.95,45340.4913
1,OV,OP,00010,169780,285139,2.0,2025-07-30T00:00:00,2025-07-30T00:00:00,2025-07-30T00:00:00,292788,Ortec Inc.,MDU20-T2,MDU20,MDU20,15400.0,15400.0,6985.44,45984.4,45984.4,40096.8747
1,OV,OP,00010,170658,286817,2.0,2025-09-09T00:00:00,2025-09-09T00:00:00,2025-09-09T00:00:00,292788,Ortec Inc.,MDU20,MDU20,MDU20,1820.0,1820.0,825.552,5508.41,5508.41,4698.8439
1,OV,OP,00010,171439,288448,2.0,2025-10-17T00:00:00,2025-10-17T00:00:00,2025-10-17T00:00:00,292788,Ortec Inc.,U701,U701,U701,397.0,397.0,180.07920000000001,1529.24,1529.24,1310.1086
1,OV,OP,00010,171733,288442,2.0,2025-10-17T00:00:00,2025-10-17T00:00:00,2025-10-17T00:00:00,292788,Ortec Inc.,U601,U601,U601,105.0,105.0,47.628,305.97,305.97,262.1262
1,OV,OP,00010,172078,289165,2.0,2025-11-05T00:00:00,2025-11-05T00:00:00,2025-11-05T00:00:00,292788,Ortec Inc.,U2022-OP,U2022,U2022,16650.0,16650.0,7552.44,52763.85,52763.85,45945.8161
1,OV,OP,00010,172130,289881,2.0,2025-11-21T00:00:00,2025-11-21T00:00:00,2025-11-21T00:00:00,292788,Ortec Inc.,U101-OP,U101,U101,17550.0,17550.0,7960.68,45489.6,45489.6,39539.2419
1,OV,OP,00010,172186,290697,2.0,2025-12-11T00:00:00,2025-12-11T00:00:00,2025-12-11T00:00:00,292788,Ortec Inc.,U802,U802,U802,170.0,170.0,77.112,483.14,483.14,411.0076
1,OV,OP,00010,172358,289877,2.0,2025-11-21T00:00:00,2025-11-21T00:00:00,2025-11-21T00:00:00,292788,Ortec Inc.,MDU20-T2,MDU20,MDU20,15400.0,15400.0,6985.44,46723.6,46723.6,40611.8261
1,OV,OP,00010,173146,290699,2.0,2025-12-11T00:00:00,2025-12-11T00:00:00,2025-12-11T00:00:00,292788,Ortec Inc.,U601-OP,U601,U601,14400.0,14400.0,6531.84,38404.8,38404.8,32670.9979
1,OV,OP,00010,174529,294053,2.0,2026-03-06T00:00:00,2026-03-06T00:00:00,2026-03-06T00:00:00,292788,Ortec Inc.,U701,U701,U701,107.0,107.0,48.5352,412.16,412.16,355.1247
1,OV,OP,00010,174999,294576,2.0,2026-03-20T00:00:00,2026-03-20T00:00:00,2026-03-20T00:00:00,292788,Ortec Inc.,U701-OP,U701,U701,9450.0,9450.0,4286.52,37214.1,37214.1,32235.7949
1,OV,OP,00010,175079,294926,2.0,2026-03-30T00:00:00,2026-03-30T00:00:00,2026-03-30T00:00:00,292788,Ortec Inc.,U502,U502,U502,155.0,155.0,70.308,667.43,667.43,582.6915
1,OV,OP,00010,175850,295655,2.0,2026-04-16T00:00:00,2026-04-16T00:00:00,2026-04-16T00:00:00,292788,Ortec Inc.,U2022,U2022,U2022,172.0,172.0,78.0192,565.54,565.54,480.0278
1,OV,OP,00010,175909,295917,2.0,2026-04-23T00:00:00,2026-04-23T00:00:00,2026-04-23T00:00:00,292788,Ortec Inc.,MDU20,MDU20,MDU20,1561.0,1561.0,708.0696,4831.3,4831.3,4127.4347
1,OV,OP,00010,176053,296109,2.0,2026-04-28T00:00:00,2026-04-28T00:00:00,2026-04-28T00:00:00,292788,Ortec Inc.,U701-OP,U701,U701,9450.0,9450.0,4286.52,37214.1,37214.1,31769.9116
1,OV,OP,00010,176054,296111,2.0,2026-04-28T00:00:00,2026-04-28T00:00:00,2026-04-28T00:00:00,292788,Ortec Inc.,U701-OP,U701,U701,9450.0,9450.0,4286.52,37214.1,37214.1,31769.9116
1,OV,OP,00010,176619,296998,2.0,2026-05-21T00:00:00,2026-05-21T00:00:00,2026-05-21T00:00:00,292788,Ortec Inc.,U701-OP,U701,U701,9000.0,9000.0,4082.4,35739.0,35739.0,30839.2403
1,OV,OP,00010,177668,298554,2.0,2026-06-25T00:00:00,2026-06-25T00:00:00,2026-06-25T00:00:00,292788,Ortec Inc.,U2022-OP,U2022,U2022,17100.0,17100.0,7756.56,56276.1,56276.1,49433.0951
1,OV,OP,00010,177359,298556,2.0,2026-06-25T00:00:00,2026-06-25T00:00:00,2026-06-25T00:00:00,292788,Ortec Inc.,U502,U502,U502,218.0,218.0,98.8848,947.21,947.21,832.0321
1,OV,OP,00010,177205,299379,2.0,2026-07-14T00:00:00,2026-07-14T00:00:00,2026-07-14T00:00:00,292788,Ortec Inc.,U501,U501,U501,378.0,378.0,171.4608,1602.72,1602.72,1402.6031
1,OV,OP,00010,177545,299381,2.0,2026-07-14T00:00:00,2026-07-14T00:00:00,2026-07-14T00:00:00,292788,Ortec Inc.,U701-OP,U701,U701,9450.0,9450.0,4286.52,37998.45,37998.45,33253.9331
1,OV,OP,00010,178823,300598,2.0,2026-08-15T00:00:00,2026-08-15T00:00:00,2026-08-15T00:00:00,292788,Ortec Inc.,MDU20,MDU20,MDU20,1507.0,1507.0,683.5752,4667.18,4667.18,4034.6842
1,OV,OP,00010,178916,300602,2.0,2026-08-15T00:00:00,2026-08-15T00:00:00,2026-08-15T00:00:00,292788,Ortec Inc.,U2022,U2022,U2022,186.0,186.0,84.3696,612.13,612.13,529.1742
1,OV,OP,00010,154658,259120,2.0,2024-01-18T00:00:00,2024-01-18T00:00:00,2024-01-18T00:00:00,292788,Ortec Inc.,MDU20-T2,MDU20,MDU20,16766.0,16766.0,7605.0576,972.43,972.43,895.2638
1,OV,OP,00010,164770,277003,2.0,2025-01-29T00:00:00,2025-01-29T00:00:00,2025-01-29T00:00:00,292788,Ortec Inc.,MDU20-T2,MDU20,MDU20,15400.0,15400.0,6985.44,1324.4,1324.4,1271.3808
1,OV,OP,00010,165372,277921,2.0,2025-02-20T00:00:00,2025-02-20T00:00:00,2025-02-20T00:00:00,292788,Ortec Inc.,U2022,U2022,U2022,214.0,214.0,97.0704,18.4,18.4,17.5656
1,OV,OP,00010,165550,278842,2.0,2025-03-12T00:00:00,2025-03-12T00:00:00,2025-03-12T00:00:00,292788,Ortec Inc.,U101-OP,U101,U101,9450.0,9450.0,4286.52,812.7,812.7,744.1253
1,OV,OP,00010,165975,278848,2.0,2025-03-12T00:00:00,2025-03-12T00:00:00,2025-03-12T00:00:00,292788,Ortec Inc.,U601,U601,U601,120.0,120.0,54.432,10.32,10.32,9.4492
1,OV,OP,00010,166360,279605,2.0,2025-03-27T00:00:00,2025-03-27T00:00:00,2025-03-27T00:00:00,292788,Ortec Inc.,U601-OP,U601,U601,13500.0,13500.0,6123.6,1161.0,1161.0,1075.093
1,OV,OP,00010,166361,279594,2.0,2025-03-27T00:00:00,2025-03-27T00:00:00,2025-03-27T00:00:00,292788,Ortec Inc.,U601-OP,U601,U601,13950.0,13950.0,6327.72,1199.7,1199.7,1110.9294
1,OV,OP,00010,166454,280583,2.0,2025-04-17T00:00:00,2025-04-17T00:00:00,2025-04-17T00:00:00,292788,Ortec Inc.,MDU20-T2,MDU20,MDU20,15400.0,15400.0,6985.44,1324.4,1324.4,1165.5805
1,OV,OP,00010,166929,281432,2.0,2025-05-08T00:00:00,2025-05-08T00:00:00,2025-05-08T00:00:00,292788,Ortec Inc.,U601-OP,U601,U601,11750.0,11750.0,5329.8,528.75,528.75,470.1149
1,OV,OP,00010,166930,281438,2.0,2025-05-08T00:00:00,2025-05-08T00:00:00,2025-05-08T00:00:00,292788,Ortec Inc.,U601-OP,U601,U601,11750.0,11750.0,5329.8,528.75,528.75,470.1149
1,OV,OP,00010,166931,281551,2.0,2025-05-09T00:00:00,2025-05-09T00:00:00,2025-05-09T00:00:00,292788,Ortec Inc.,U601-OP,U601,U601,14850.0,14850.0,6735.96,668.25,668.25,592.9339
1,OV,OP,00010,167195,281549,2.0,2025-05-09T00:00:00,2025-05-09T00:00:00,2025-05-09T00:00:00,292788,Ortec Inc.,U501,U501,U501,305.0,305.0,138.348,13.73,13.73,12.1825
1,OV,OP,00010,169429,285136,2.0,2025-07-30T00:00:00,2025-07-30T00:00:00,2025-07-30T00:00:00,292788,Ortec Inc.,U2022-OP,U2022,U2022,16650.0,16650.0,7552.44,666.0,666.0,580.73
1,OV,OP,00010,169780,285140,2.0,2025-07-30T00:00:00,2025-07-30T00:00:00,2025-07-30T00:00:00,292788,Ortec Inc.,MDU20-T2,MDU20,MDU20,15400.0,15400.0,6985.44,616.0,616.0,537.1316
1,OV,OP,00010,118977,182761,2.0,2020-02-06T00:00:00,2020-02-06T00:00:00,2020-02-06T00:00:00,292788,Ortec Inc.,U101-OP,U101,U101,18450.0,18450.0,8368.92,1845.0,1845.0,1679.8631
1,OV,OP,00010,119238,184528,2.0,2020-03-12T00:00:00,2020-03-12T00:00:00,2020-03-12T00:00:00,292788,Ortec Inc.,U501-OP,U501,U501,18632.0,18632.0,8451.4752,1117.92,1117.92,997.9597
1,OV,OP,00010,120504,185903,2.0,2020-04-09T00:00:00,2020-04-09T00:00:00,2020-04-09T00:00:00,292788,Ortec Inc.,U201-T2,U201,U201,15400.0,15400.0,6985.44,924.0,924.0,845.065
1,OV,OP,00010,120504,185906,2.0,2020-04-09T00:00:00,2020-04-09T00:00:00,2020-04-09T00:00:00,292788,Ortec Inc.,U201-T2,U201,U201,17600.0,17600.0,7983.36,1056.0,1056.0,965.7886
1,OV,OP,00010,122591,189894,2.0,2020-07-16T00:00:00,2020-07-16T00:00:00,2020-07-16T00:00:00,292788,Ortec Inc.,U201-T2,U201,U201,17600.0,17600.0,7983.36,1056.0,1056.0,923.6074
1,OV,OP,00010,122591,189896,2.0,2020-07-16T00:00:00,2020-07-16T00:00:00,2020-07-16T00:00:00,292788,Ortec Inc.,U201-T2,U201,U201,15400.0,15400.0,6985.44,924.0,924.0,808.1565
1,OV,OP,00010,122715,191736,2.0,2020-08-25T00:00:00,2020-08-25T00:00:00,2020-08-25T00:00:00,292788,Ortec Inc.,U201-T2,U201,U201,17600.0,17600.0,7983.36,1408.0,1408.0,1191.4041
1,OV,OP,00010,122715,191738,2.0,2020-08-25T00:00:00,2020-08-25T00:00:00,2020-08-25T00:00:00,292788,Ortec Inc.,U201-T2,U201,U201,17600.0,17600.0,7983.36,1408.0,1408.0,1191.4041
1,OV,OP,00010,122715,192179,2.0,2020-09-02T00:00:00,2020-09-02T00:00:00,2020-09-02T00:00:00,292788,Ortec Inc.,U201-T2,U201,U201,15400.0,15400.0,6985.44,1232.0,1232.0,1040.9188
1,OV,OP,00010,122735,191705,2.0,2020-08-25T00:00:00,2020-08-25T00:00:00,2020-08-25T00:00:00,292788,Ortec Inc.,U201-T2,U201,U201,8800.0,8800.0,3991.68,704.0,704.0,595.7021
1,OV,OP,00010,131461,209985,2.0,2021-07-16T00:00:00,2021-07-16T00:00:00,2021-07-16T00:00:00,292788,Ortec Inc.,U201-T2,U201,U201,17600.0,17600.0,7983.36,1408.0,1408.0,1192.2115
1,OV,OP,00010,135307,216835,2.0,2021-11-02T00:00:00,2021-11-02T00:00:00,2021-11-02T00:00:00,292788,Ortec Inc.,U501B-OP,U501B,U501B,18115.0,18115.0,8216.964,1449.2,1449.2,1251.4551
1,OV,OP,00010,139001,226172,2.0,2022-04-08T00:00:00,2022-04-08T00:00:00,2022-04-08T00:00:00,292788,Ortec Inc.,APT10-T2,APT10,APT10,42546.0,42546.0,19298.8656,3403.68,3403.68,3130.0868
1,OV,OP,00010,140863,231576,2.0,2022-07-14T00:00:00,2022-07-14T00:00:00,2022-07-14T00:00:00,292788,Ortec Inc.,U2022-OP,U2022,U2022,16650.0,16650.0,7552.44,1332.0,1332.0,1328.494
1,OV,OP,00010,157568,264901,2.0,2024-05-09T00:00:00,2024-05-09T00:00:00,2024-05-09T00:00:00,292788,Ortec Inc.,U501-OP,U501,U501,18287.0,18287.0,8294.9832,1497.71,1497.71,1390.6014
1,OV,OP,00010,160466,269582,2.0,2024-08-16T00:00:00,2024-08-16T00:00:00,2024-08-16T00:00:00,292788,Ortec Inc.,U502,U502,U502,27.0,27.0,12.2472,2.14,2.14,1.9462
1,OV,OP,00010,160698,270230,2.0,2024-08-30T00:00:00,2024-08-30T00:00:00,2024-08-30T00:00:00,292788,Ortec Inc.,U701-OP,U701,U701,4050.0,4050.0,1837.08,320.76,320.76,289.999
1,OV,OP,00010,160789,269588,2.0,2024-08-16T00:00:00,2024-08-16T00:00:00,2024-08-16T00:00:00,292788,Ortec Inc.,U201-T2,U201,U201,15400.0,15400.0,6985.44,1219.68,1219.68,1109.2035
1,OV,OP,00010,161435,271014,2.0,2024-09-19T00:00:00,2024-09-19T00:00:00,2024-09-19T00:00:00,292788,Ortec Inc.,MDU20-T2,MDU20,MDU20,15400.0,15400.0,6985.44,1219.68,1219.68,1094.2648
1,OV,OP,00010,161788,271018,2.0,2024-09-19T00:00:00,2024-09-19T00:00:00,2024-09-19T00:00:00,292788,Ortec Inc.,U701-OP,U701,U701,4050.0,4050.0,1837.08,320.76,320.76,287.7774
1,OV,OP,00010,163069,274524,2.0,2024-12-03T00:00:00,2024-12-03T00:00:00,2024-12-03T00:00:00,292788,Ortec Inc.,U2022-OP,U2022,U2022,16650.0,16650.0,7552.44,1318.68,1318.68,1253.7642
1,OV,OP,00010,163177,275034,2.0,2024-12-13T00:00:00,2024-12-13T00:00:00,2024-12-13T00:00:00,292788,Ortec Inc.,U502-OP,U502,U502,9900.0,9900.0,4490.64,784.08,784.08,746.8944
1,OV,OP,00010,163884,275472,2.0,2024-12-26T00:00:00,2024-12-26T00:00:00,2024-12-26T00:00:00,292788,Ortec Inc.,U601,U601,U601,425.0,425.0,192.78,33.66,33.66,32.2948
1,OV,OP,00010,164309,275476,2.0,2024-12-26T00:00:00,2024-12-26T00:00:00,2024-12-26T00:00:00,292788,Ortec Inc.,U601,U601,U601,41.0,41.0,18.5976,3.25,3.25,3.1182
1,OV,OP,00010,167310,281775,2.0,2025-05-15T00:00:00,2025-05-15T00:00:00,2025-05-15T00:00:00,292788,Ortec Inc.,U101,U101,U101,82.0,82.0,37.1952,3.69,3.69,3.2983
1,OV,OP,00010,168265,283450,2.0,2025-06-20T00:00:00,2025-06-20T00:00:00,2025-06-20T00:00:00,292788,Ortec Inc.,U101-OP,U101,U101,8100.0,8100.0,3674.16,364.5,364.5,316.4199
1,OV,OP,00010,170658,286818,2.0,2025-09-09T00:00:00,2025-09-09T00:00:00,2025-09-09T00:00:00,292788,Ortec Inc.,MDU20,MDU20,MDU20,1820.0,1820.0,825.552,72.8,72.8,62.1006
1,OV,OP,00010,171439,288449,2.0,2025-10-17T00:00:00,2025-10-17T00:00:00,2025-10-17T00:00:00,292788,Ortec Inc.,U701,U701,U701,397.0,397.0,180.07920000000001,15.88,15.88,13.6045
1,OV,OP,00010,171733,288443,2.0,2025-10-17T00:00:00,2025-10-17T00:00:00,2025-10-17T00:00:00,292788,Ortec Inc.,U601,U601,U601,105.0,105.0,47.628,4.2,4.2,3.5982
1,OV,OP,00010,172078,289166,2.0,2025-11-05T00:00:00,2025-11-05T00:00:00,2025-11-05T00:00:00,292788,Ortec Inc.,U2022-OP,U2022,U2022,16650.0,16650.0,7552.44,666.0,666.0,579.9409
1,OV,OP,00010,172130,289882,2.0,2025-11-21T00:00:00,2025-11-21T00:00:00,2025-11-21T00:00:00,292788,Ortec Inc.,U101-OP,U101,U101,17550.0,17550.0,7960.68,702.0,702.0,610.1735
1,OV,OP,00010,172186,290698,2.0,2025-12-11T00:00:00,2025-12-11T00:00:00,2025-12-11T00:00:00,292788,Ortec Inc.,U802,U802,U802,170.0,170.0,77.112,6.8,6.8,5.7848
1,OV,OP,00010,172358,289878,2.0,2025-11-21T00:00:00,2025-11-21T00:00:00,2025-11-21T00:00:00,292788,Ortec Inc.,MDU20-T2,MDU20,MDU20,15400.0,15400.0,6985.44,616.0,616.0,535.4229
1,OV,OP,00010,173146,290700,2.0,2025-12-11T00:00:00,2025-12-11T00:00:00,2025-12-11T00:00:00,292788,Ortec Inc.,U601-OP,U601,U601,14400.0,14400.0,6531.84,576.0,576.0,490.0037
1,OV,OP,00010,174529,294054,2.0,2026-03-06T00:00:00,2026-03-06T00:00:00,2026-03-06T00:00:00,292788,Ortec Inc.,U701,U701,U701,107.0,107.0,48.5352,4.28,4.28,3.6877
1,OV,OP,00010,174999,294577,2.0,2026-03-20T00:00:00,2026-03-20T00:00:00,2026-03-20T00:00:00,292788,Ortec Inc.,U701-OP,U701,U701,9450.0,9450.0,4286.52,378.0,378.0,327.4332
1,OV,OP,00010,175079,294927,2.0,2026-03-30T00:00:00,2026-03-30T00:00:00,2026-03-30T00:00:00,292788,Ortec Inc.,U502,U502,U502,155.0,155.0,70.308,6.2,6.2,5.4128
1,OV,OP,00010,175850,295656,2.0,2026-04-16T00:00:00,2026-04-16T00:00:00,2026-04-16T00:00:00,292788,Ortec Inc.,U2022,U2022,U2022,172.0,172.0,78.0192,6.88,6.88,5.8397
1,OV,OP,00010,175909,295918,2.0,2026-04-23T00:00:00,2026-04-23T00:00:00,2026-04-23T00:00:00,292788,Ortec Inc.,MDU20,MDU20,MDU20,1561.0,1561.0,708.0696,78.05,78.05,66.679
1,OV,OP,00010,176053,296110,2.0,2026-04-28T00:00:00,2026-04-28T00:00:00,2026-04-28T00:00:00,292788,Ortec Inc.,U701-OP,U701,U701,9450.0,9450.0,4286.52,472.5,472.5,403.3762
1,OV,OP,00010,176054,296112,2.0,2026-04-28T00:00:00,2026-04-28T00:00:00,2026-04-28T00:00:00,292788,Ortec Inc.,U701-OP,U701,U701,9450.0,9450.0,4286.52,472.5,472.5,403.3762
1,OV,OP,00010,176619,296999,2.0,2026-05-21T00:00:00,2026-05-21T00:00:00,2026-05-21T00:00:00,292788,Ortec Inc.,U701-OP,U701,U701,9000.0,9000.0,4082.4,450.0,450.0,388.3057
1,OV,OP,00010,177668,298555,2.0,2026-06-25T00:00:00,2026-06-25T00:00:00,2026-06-25T00:00:00,292788,Ortec Inc.,U2022-OP,U2022,U2022,17100.0,17100.0,7756.56,855.0,855.0,751.0346
1,OV,OP,00010,177359,298557,2.0,2026-06-25T00:00:00,2026-06-25T00:00:00,2026-06-25T00:00:00,292788,Ortec Inc.,U502,U502,U502,218.0,218.0,98.8848,10.9,10.9,9.5746
1,OV,OP,00010,177205,299380,2.0,2026-07-14T00:00:00,2026-07-14T00:00:00,2026-07-14T00:00:00,292788,Ortec Inc.,U501,U501,U501,378.0,378.0,171.4608,18.9,18.9,16.5401
1,OV,OP,00010,177545,299382,2.0,2026-07-14T00:00:00,2026-07-14T00:00:00,2026-07-14T00:00:00,292788,Ortec Inc.,U701-OP,U701,U701,9450.0,9450.0,4286.52,472.5,472.5,413.5033
1,OV,OP,00010,178823,300599,2.0,2026-08-15T00:00:00,2026-08-15T00:00:00,2026-08-15T00:00:00,292788,Ortec Inc.,MDU20,MDU20,MDU20,1507.0,1507.0,683.5752,75.35,75.35,65.1386
1,OV,OP,00010,178916,300603,2.0,2026-08-15T00:00:00,2026-08-15T00:00:00,2026-08-15T00:00:00,292788,Ortec Inc.,U2022,U2022,U2022,186.0,186.0,84.3696,9.3,9.3,8.0397
2,PV,OP,00010,120090,20010657,2.0,2020-02-28T00:00:00,1900-01-01T00:00:00,2020-07-23T00:00:00,292788,Ortec Inc.,??????,,,0.0,0.0,0.0,-54396.0,-54396.0,-46800.284
2,PV,OP,00010,118977,20001898,2.0,2020-02-06T00:00:00,2020-02-06T00:00:00,2020-02-10T00:00:00,292788,Ortec Inc.,U101-OP,U101,U101,18450.0,18450.0,8368.92,37361.25,37361.25,34232.0137
2,PV,OP,00010,119238,20003635,2.0,2020-03-12T00:00:00,2020-03-12T00:00:00,2020-03-16T00:00:00,292788,Ortec Inc.,U501-OP,U501,U501,18632.0,18632.0,8451.4752,31245.86,31245.86,27957.5144
2,PV,OP,00010,120504,20005413,2.0,2020-04-09T00:00:00,2020-04-09T00:00:00,2020-04-10T00:00:00,292788,Ortec Inc.,U201-T2,U201,U201,15400.0,15400.0,6985.44,37221.8,37221.8,34034.4675
2,PV,OP,00010,120504,20005413,2.0,2020-04-09T00:00:00,2020-04-09T00:00:00,2020-04-10T00:00:00,292788,Ortec Inc.,U201-T2,U201,U201,17600.0,17600.0,7983.36,42539.2,42539.2,38896.5343
2,PV,OP,00010,122591,20010534,2.0,2020-07-16T00:00:00,2020-07-16T00:00:00,2020-07-22T00:00:00,292788,Ortec Inc.,U201-T2,U201,U201,17600.0,17600.0,7983.36,41606.4,41606.4,35912.0815
2,PV,OP,00010,122591,20010534,2.0,2020-07-16T00:00:00,2020-07-16T00:00:00,2020-07-22T00:00:00,292788,Ortec Inc.,U201-T2,U201,U201,15400.0,15400.0,6985.44,36405.6,36405.6,31423.0713
2,PV,OP,00010,122715,20014659,2.0,2020-08-25T00:00:00,2020-08-25T00:00:00,2020-10-02T00:00:00,292788,Ortec Inc.,U201-T2,U201,U201,17600.0,17600.0,7983.36,42451.2,42451.2,36261.4372
2,PV,OP,00010,122715,20014659,2.0,2020-08-25T00:00:00,2020-08-25T00:00:00,2020-10-02T00:00:00,292788,Ortec Inc.,U201-T2,U201,U201,17600.0,17600.0,7983.36,42451.2,42451.2,36261.4372
2,PV,OP,00010,122735,20014660,2.0,2020-08-25T00:00:00,2020-08-25T00:00:00,2020-10-02T00:00:00,292788,Ortec Inc.,U201-T2,U201,U201,8800.0,8800.0,3991.68,21753.6,21753.6,18581.7315
2,PV,OP,00010,135307,21021175,2.0,2021-11-02T00:00:00,2021-11-02T00:00:00,2021-11-03T00:00:00,292788,Ortec Inc.,U501B-OP,U501B,U501B,18115.0,18115.0,8216.964,65811.8,65811.8,56819.1769
2,PV,OP,00010,140863,22010804,2.0,2022-07-14T00:00:00,2022-07-14T00:00:00,2022-07-14T00:00:00,292788,Ortec Inc.,U2022-OP,U2022,U2022,16650.0,16650.0,7552.44,62404.2,62404.2,62239.9459
2,PV,OP,00010,154658,24000804,2.0,2024-01-18T00:00:00,2024-01-18T00:00:00,2024-01-18T00:00:00,292788,Ortec Inc.,MDU20-T2,MDU20,MDU20,16766.0,16766.0,7605.0576,51555.45,51555.45,47464.3188
2,PV,OP,00010,157568,24006447,2.0,2024-05-09T00:00:00,2024-05-09T00:00:00,2024-05-09T00:00:00,292788,Ortec Inc.,U501-OP,U501,U501,18287.0,18287.0,8294.9832,85857.47,85857.47,79717.3816
2,PV,OP,00010,160466,24011601,2.0,2024-08-16T00:00:00,2024-08-16T00:00:00,2024-08-16T00:00:00,292788,Ortec Inc.,U502,U502,U502,27.0,27.0,12.2472,131.6,131.6,119.6799
2,PV,OP,00010,160698,24012327,2.0,2024-08-30T00:00:00,2024-08-30T00:00:00,2024-09-02T00:00:00,292788,Ortec Inc.,U701-OP,U701,U701,4050.0,4050.0,1837.08,18860.85,18860.85,17039.6595
2,PV,OP,00010,160789,24011736,2.0,2024-08-16T00:00:00,2024-08-16T00:00:00,2024-08-19T00:00:00,292788,Ortec Inc.,U201-T2,U201,U201,15400.0,15400.0,6985.44,46384.8,46384.8,41901.556
2,PV,OP,00010,161435,24013224,2.0,2024-09-19T00:00:00,2024-09-19T00:00:00,2024-09-19T00:00:00,292788,Ortec Inc.,MDU20-T2,MDU20,MDU20,15400.0,15400.0,6985.44,45984.4,45984.4,41255.9943
2,PV,OP,00010,161788,24013222,2.0,2024-09-19T00:00:00,2024-09-19T00:00:00,2024-09-19T00:00:00,292788,Ortec Inc.,U701-OP,U701,U701,4050.0,4050.0,1837.08,18860.85,18860.85,16921.4586
2,PV,OP,00010,163069,24017144,2.0,2024-12-03T00:00:00,2024-12-03T00:00:00,2024-12-06T00:00:00,292788,Ortec Inc.,U2022-OP,U2022,U2022,16650.0,16650.0,7552.44,51964.65,51964.65,49192.5178
2,PV,OP,00010,163177,24017580,2.0,2024-12-13T00:00:00,2024-12-13T00:00:00,2024-12-16T00:00:00,292788,Ortec Inc.,U502-OP,U502,U502,9900.0,9900.0,4490.64,48232.8,48232.8,45886.501
2,PV,OP,00010,163884,25000660,2.0,2024-12-26T00:00:00,2024-12-26T00:00:00,2025-01-09T00:00:00,292788,Ortec Inc.,U601,U601,U601,425.0,425.0,192.78,1217.63,1217.63,1182.4367
2,PV,OP,00010,164309,25000645,2.0,2024-12-26T00:00:00,2024-12-26T00:00:00,2025-01-09T00:00:00,292788,Ortec Inc.,U601,U601,U601,41.0,41.0,18.5976,119.27,119.27,115.8227
2,PV,OP,00010,164770,25001646,2.0,2025-01-29T00:00:00,2025-01-29T00:00:00,2025-01-30T00:00:00,292788,Ortec Inc.,MDU20-T2,MDU20,MDU20,15400.0,15400.0,6985.44,45984.4,45984.4,44133.9188
2,PV,OP,00010,165372,25002625,2.0,2025-02-20T00:00:00,2025-02-20T00:00:00,2025-02-21T00:00:00,292788,Ortec Inc.,U2022,U2022,U2022,214.0,214.0,97.0704,667.89,667.89,638.867
2,PV,OP,00010,165550,25003743,2.0,2025-03-12T00:00:00,2025-03-12T00:00:00,2025-03-13T00:00:00,292788,Ortec Inc.,U101-OP,U101,U101,9450.0,9450.0,4286.52,25354.35,25354.35,23348.1034
2,PV,OP,00010,165975,25003745,2.0,2025-03-12T00:00:00,2025-03-12T00:00:00,2025-03-13T00:00:00,292788,Ortec Inc.,U601,U601,U601,120.0,120.0,54.432,343.8,343.8,316.5957
2,PV,OP,00010,166360,25004837,2.0,2025-03-27T00:00:00,2025-03-27T00:00:00,2025-04-07T00:00:00,292788,Ortec Inc.,U601-OP,U601,U601,13500.0,13500.0,6123.6,35410.5,35410.5,32439.598
2,PV,OP,00010,166361,25004482,2.0,2025-03-27T00:00:00,2025-03-27T00:00:00,2025-03-28T00:00:00,292788,Ortec Inc.,U601-OP,U601,U601,13950.0,13950.0,6327.72,36590.85,36590.85,33805.8619
2,PV,OP,00010,166454,25005487,2.0,2025-04-17T00:00:00,2025-04-17T00:00:00,2025-04-21T00:00:00,292788,Ortec Inc.,MDU20-T2,MDU20,MDU20,15400.0,15400.0,6985.44,45984.4,45984.4,39960.7977
2,PV,OP,00010,166929,25006703,2.0,2025-05-08T00:00:00,2025-05-08T00:00:00,2025-05-13T00:00:00,292788,Ortec Inc.,U601-OP,U601,U601,11750.0,11750.0,5329.8,32383.0,32383.0,28975.4114
2,PV,OP,00010,166930,25006704,2.0,2025-05-08T00:00:00,2025-05-08T00:00:00,2025-05-13T00:00:00,292788,Ortec Inc.,U601-OP,U601,U601,11750.0,11750.0,5329.8,32383.0,32383.0,28975.4114
2,PV,OP,00010,166931,25006705,2.0,2025-05-09T00:00:00,2025-05-09T00:00:00,2025-05-13T00:00:00,292788,Ortec Inc.,U601-OP,U601,U601,14850.0,14850.0,6735.96,40926.6,40926.6,36619.988
2,PV,OP,00010,167195,25006706,2.0,2025-05-09T00:00:00,2025-05-09T00:00:00,2025-05-13T00:00:00,292788,Ortec Inc.,U501,U501,U501,305.0,305.0,138.348,1225.8,1225.8,1096.8119
2,PV,OP,00010,167310,25006852,2.0,2025-05-15T00:00:00,2025-05-15T00:00:00,2025-05-16T00:00:00,292788,Ortec Inc.,U101,U101,U101,82.0,82.0,37.1952,209.84,209.84,188.348
2,PV,OP,00010,168265,25008846,2.0,2025-06-20T00:00:00,2025-06-20T00:00:00,2025-06-23T00:00:00,292788,Ortec Inc.,U101-OP,U101,U101,8100.0,8100.0,3674.16,22104.9,22104.9,19159.159
2,PV,OP,00010,169429,25010821,2.0,2025-07-30T00:00:00,2025-07-30T00:00:00,2025-07-31T00:00:00,292788,Ortec Inc.,U2022-OP,U2022,U2022,16650.0,16650.0,7552.44,51997.95,51997.95,45484.3644
2,PV,OP,00010,169780,25010822,2.0,2025-07-30T00:00:00,2025-07-30T00:00:00,2025-07-31T00:00:00,292788,Ortec Inc.,MDU20-T2,MDU20,MDU20,15400.0,15400.0,6985.44,45984.4,45984.4,40224.109
2,PV,OP,00010,171439,25015327,2.0,2025-10-17T00:00:00,2025-10-17T00:00:00,2025-10-20T00:00:00,292788,Ortec Inc.,U701,U701,U701,397.0,397.0,180.07920000000001,1529.24,1529.24,1311.9339
2,PV,OP,00010,171733,25015334,2.0,2025-10-17T00:00:00,2025-10-17T00:00:00,2025-10-20T00:00:00,292788,Ortec Inc.,U601,U601,U601,105.0,105.0,47.628,305.97,305.97,262.4914
2,PV,OP,00010,172078,25016159,2.0,2025-11-05T00:00:00,2025-11-05T00:00:00,2025-11-06T00:00:00,292788,Ortec Inc.,U2022-OP,U2022,U2022,16650.0,16650.0,7552.44,52763.85,52763.85,45732.1225
2,PV,OP,00010,172130,25016969,2.0,2025-11-21T00:00:00,2025-11-21T00:00:00,2025-11-24T00:00:00,292788,Ortec Inc.,U101-OP,U101,U101,17550.0,17550.0,7960.68,45489.6,45489.6,39490.3679
2,PV,OP,00010,172186,25018236,2.0,2025-12-11T00:00:00,2025-12-11T00:00:00,2025-12-12T00:00:00,292788,Ortec Inc.,U802,U802,U802,170.0,170.0,77.112,483.14,483.14,411.8425
2,PV,OP,00010,172358,25016970,2.0,2025-11-21T00:00:00,2025-11-21T00:00:00,2025-11-24T00:00:00,292788,Ortec Inc.,MDU20-T2,MDU20,MDU20,15400.0,15400.0,6985.44,46723.6,46723.6,40561.6262
2,PV,OP,00010,173146,25018238,2.0,2025-12-11T00:00:00,2025-12-11T00:00:00,2025-12-12T00:00:00,292788,Ortec Inc.,U601-OP,U601,U601,14400.0,14400.0,6531.84,38404.8,38404.8,32737.3614
2,PV,OP,00010,174529,26004057,2.0,2026-03-06T00:00:00,2026-03-06T00:00:00,2026-03-09T00:00:00,292788,Ortec Inc.,U701,U701,U701,107.0,107.0,48.5352,412.16,412.16,355.5485
2,PV,OP,00010,174999,26004773,2.0,2026-03-20T00:00:00,2026-03-20T00:00:00,2026-03-23T00:00:00,292788,Ortec Inc.,U701-OP,U701,U701,9450.0,9450.0,4286.52,37214.1,37214.1,32120.1484
2,PV,OP,00010,175079,26005393,2.0,2026-03-30T00:00:00,2026-03-30T00:00:00,2026-03-31T00:00:00,292788,Ortec Inc.,U502,U502,U502,155.0,155.0,70.308,667.43,667.43,579.5706
2,PV,OP,00010,175850,26006573,2.0,2026-04-16T00:00:00,2026-04-16T00:00:00,2026-04-17T00:00:00,292788,Ortec Inc.,U2022,U2022,U2022,172.0,172.0,78.0192,565.54,565.54,479.2269
2,PV,OP,00010,175909,26006878,2.0,2026-04-23T00:00:00,2026-04-23T00:00:00,2026-04-23T00:00:00,292788,Ortec Inc.,MDU20,MDU20,MDU20,1561.0,1561.0,708.0696,4831.3,4831.3,4127.4347
2,PV,OP,00010,176053,26007134,2.0,2026-04-28T00:00:00,2026-04-28T00:00:00,2026-04-28T00:00:00,292788,Ortec Inc.,U701-OP,U701,U701,9450.0,9450.0,4286.52,37214.1,37214.1,31769.9116
2,PV,OP,00010,176054,26007133,2.0,2026-04-28T00:00:00,2026-04-28T00:00:00,2026-04-28T00:00:00,292788,Ortec Inc.,U701-OP,U701,U701,9450.0,9450.0,4286.52,37214.1,37214.1,31769.9116
2,PV,OP,00010,176619,26009733,2.0,2026-05-21T00:00:00,2026-05-21T00:00:00,2026-05-21T00:00:00,292788,Ortec Inc.,U701-OP,U701,U701,9000.0,9000.0,4082.4,35739.0,35739.0,30839.2403
2,PV,OP,00010,177359,26012413,2.0,2026-06-25T00:00:00,2026-06-25T00:00:00,2026-06-25T00:00:00,292788,Ortec Inc.,U502,U502,U502,218.0,218.0,98.8848,947.21,947.21,832.0321
2,PV,OP,00010,177668,26012414,2.0,2026-06-25T00:00:00,2026-06-25T00:00:00,2026-06-25T00:00:00,292788,Ortec Inc.,U2022-OP,U2022,U2022,17100.0,17100.0,7756.56,56276.1,56276.1,49433.0951
2,PV,OP,00010,177545,26013781,2.0,2026-07-14T00:00:00,2026-07-14T00:00:00,2026-07-14T00:00:00,292788,Ortec Inc.,U701-OP,U701,U701,9450.0,9450.0,4286.52,37998.45,37998.45,33253.9331
2,PV,OP,00010,177205,26013782,2.0,2026-07-14T00:00:00,2026-07-14T00:00:00,2026-07-14T00:00:00,292788,Ortec Inc.,U501,U501,U501,378.0,378.0,171.4608,1602.72,1602.72,1402.6031
2,PV,OP,00010,178823,26015597,2.0,2026-08-15T00:00:00,2026-08-15T00:00:00,2026-08-15T00:00:00,292788,Ortec Inc.,MDU20,MDU20,MDU20,1507.0,1507.0,683.5752,4667.18,4667.18,4034.6842
2,PV,OP,00010,178916,26015598,2.0,2026-08-15T00:00:00,2026-08-15T00:00:00,2026-08-15T00:00:00,292788,Ortec Inc.,U2022,U2022,U2022,186.0,186.0,84.3696,612.13,612.13,529.1742
2,PV,OP,00010,122715,20014659,2.0,2020-09-02T00:00:00,2020-09-02T00:00:00,2020-10-02T00:00:00,292788,Ortec Inc.,U201-T2,U201,U201,15400.0,15400.0,6985.44,37144.8,37144.8,31728.7576
2,PV,OP,00010,131461,21014012,2.0,2021-07-16T00:00:00,2021-07-16T00:00:00,2021-07-26T00:00:00,292788,Ortec Inc.,U201-T2,U201,U201,17600.0,17600.0,7983.36,42521.6,42521.6,36005.6028
2,PV,OP,00010,139001,22006135,2.0,2022-04-08T00:00:00,2022-04-08T00:00:00,2022-04-14T00:00:00,292788,Ortec Inc.,APT10-T2,APT10,APT10,42546.0,42546.0,19298.8656,128531.47,128531.47,119061.3098
2,PV,OP,00010,170658,25012464,2.0,2025-09-09T00:00:00,2025-09-09T00:00:00,2025-09-10T00:00:00,292788,Ortec Inc.,MDU20,MDU20,MDU20,1820.0,1820.0,825.552,5508.41,5508.41,4702.1754
2,PV,OP,00010,131573,21013431,3.0,2021-07-19T00:00:00,2021-07-19T00:00:00,2021-07-20T00:00:00,328211,"BPI Packaging, LLC",??????,,,1.0,1.0,0.4536,293.21,293.21,249.0263
2,PV,OP,00020,24001026,24001897,3.0,2024-08-27T00:00:00,2024-08-27T00:00:00,2024-08-27T00:00:00,301843,BIP (Oldbury) Limited,??????,,,1.0,1.0,0.4536,1100.0,1227.5704,1100.0
2,PV,OP,00010,164963,25002285,3.0,2025-02-12T00:00:00,2025-02-12T00:00:00,2025-02-13T00:00:00,331380,Ascent Industries Co.,??????,,,1.0,1.0,0.4536,1797.0,1797.0,1723.1607
2,PV,OP,00010,125679,21012985,3.0,2021-07-13T00:00:00,2021-07-13T00:00:00,2021-07-13T00:00:00,292774,"Ascent Chemicals Danville, Inc.",??????,,,1.0,1.0,0.4536,4453.0,4453.0,3770.0456
2,PV,OP,00010,127522,21013006,3.0,2021-07-13T00:00:00,2021-07-13T00:00:00,2021-07-13T00:00:00,292774,"Ascent Chemicals Danville, Inc.",??????,,,1.0,1.0,0.4536,15000.0,15000.0,12699.4575
2,PV,OP,00010,128283,21006859,3.0,2021-02-10T00:00:00,1900-01-01T00:00:00,2021-04-16T00:00:00,331380,Ascent Industries Co.,??????,,,0.0,0.0,0.0,1560.0,1560.0,1303.9088
2,PV,OP,00010,129556,21012829,3.0,2021-03-29T00:00:00,1900-01-01T00:00:00,2021-07-07T00:00:00,331380,Ascent Industries Co.,??????,,,0.0,0.0,0.0,1116.0,1116.0,945.5751
2,PV,OP,00010,135567,21021385,3.0,2021-11-04T00:00:00,2021-11-04T00:00:00,2021-11-04T00:00:00,328211,"BPI Packaging, LLC",??????,,,356.0,356.0,161.48160000000001,2089.72,2089.72,1810.248
2,PV,OP,00010,136618,22000676,3.0,2022-01-17T00:00:00,2022-01-17T00:00:00,2022-01-17T00:00:00,292774,"Ascent Chemicals Danville, Inc.",??????,,,1.0,1.0,0.4536,4337.02,4337.02,3801.9189
2,PV,OP,00010,137502,22005679,3.0,2022-04-07T00:00:00,2022-04-07T00:00:00,2022-04-08T00:00:00,292774,"Ascent Chemicals Danville, Inc.",??????,,,1.0,1.0,0.4536,110.0,110.0,101.158
2,PV,OP,00010,139058,22008244,3.0,2022-05-25T00:00:00,2022-05-25T00:00:00,2022-05-25T00:00:00,292774,"Ascent Chemicals Danville, Inc.",??????,,,1.0,1.0,0.4536,8487.39,8487.39,7961.6751
1,OV,OP,00010,135567,216963,3.0,2021-11-04T00:00:00,2021-11-04T00:00:00,2021-11-04T00:00:00,328211,"BPI Packaging, LLC",??????,,,356.0,356.0,161.48160000000001,2089.72,2089.72,1810.248
1,OV,OP,00010,164963,277510,3.0,2025-02-12T00:00:00,2025-02-12T00:00:00,2025-02-12T00:00:00,331380,Ascent Industries Co.,??????,,,1.0,1.0,0.4536,1797.0,1797.0,1729.2943
1,OV,OP,00010,125679,209660,3.0,2021-07-13T00:00:00,2021-07-13T00:00:00,2021-07-13T00:00:00,292774,"Ascent Chemicals Danville, Inc.",??????,,,1.0,1.0,0.4536,4453.0,4453.0,3770.0456
1,OV,OP,00010,127522,209704,3.0,2021-07-13T00:00:00,2021-07-13T00:00:00,2021-07-13T00:00:00,292774,"Ascent Chemicals Danville, Inc.",??????,,,1.0,1.0,0.4536,15000.0,15000.0,12699.4575
1,OV,OP,00010,136618,221342,3.0,2022-01-17T00:00:00,2022-01-17T00:00:00,2022-01-17T00:00:00,292774,"Ascent Chemicals Danville, Inc.",??????,,,1.0,1.0,0.4536,4337.02,4337.02,3801.9189
1,OV,OP,00010,137502,226108,3.0,2022-04-07T00:00:00,2022-04-07T00:00:00,2022-04-07T00:00:00,292774,"Ascent Chemicals Danville, Inc.",??????,,,1.0,1.0,0.4536,110.0,110.0,100.938
1,OV,OP,00010,139058,228648,3.0,2022-05-25T00:00:00,2022-05-25T00:00:00,2022-05-25T00:00:00,292774,"Ascent Chemicals Danville, Inc.",??????,,,1.0,1.0,0.4536,8487.39,8487.39,7961.6751
1,OV,OP,00010,131573,210062,3.0,2021-07-19T00:00:00,2021-07-19T00:00:00,2021-07-19T00:00:00,328211,"BPI Packaging, LLC",??????,,,1.0,1.0,0.4536,293.21,293.21,248.3829
1,OV,OP,00020,24001026,24002318,3.0,2024-08-27T00:00:00,2024-08-27T00:00:00,2024-08-27T00:00:00,301843,BIP (Oldbury) Limited,??????,,,1.0,1.0,0.4536,1100.0,1227.5704,1100.0
2,PV,OP,00010,143650,22015783,3.0,2022-09-02T00:00:00,2022-09-02T00:00:00,2022-09-12T00:00:00,322114,"Granite Packaging, LLC",CRTNWHITE,CRTNWHITE,CRTNWHITE,2600.0,2600.0,1179.36,2002.0,2002.0,1977.5556
1,OV,OP,00010,143650,234573,3.0,2022-09-02T00:00:00,2022-09-02T00:00:00,2022-09-02T00:00:00,322114,"Granite Packaging, LLC",CRTNWHITE,CRTNWHITE,CRTNWHITE,2600.0,2600.0,1179.36,2002.0,2002.0,1996.0549
1,OV,OP,00010,135734,226433,3.0,2022-04-13T00:00:00,2022-04-13T00:00:00,2022-04-13T00:00:00,322114,"Granite Packaging, LLC",??????,,,1.0,1.0,0.4536,495.89,495.89,456.5844
1,OV,OP,00010,135739,230296,3.0,2022-06-21T00:00:00,2022-06-21T00:00:00,2022-06-21T00:00:00,322114,"Granite Packaging, LLC",??????,,,17208.0,17208.0,7805.5488000000005,516.24,516.24,489.3643
1,OV,OP,00010,135744,227192,3.0,2022-04-28T00:00:00,2022-04-28T00:00:00,2022-04-28T00:00:00,322114,"Granite Packaging, LLC",??????,,,1.0,1.0,0.4536,320.47,320.47,303.9127
2,PV,OP,00010,135734,22006143,3.0,2022-04-13T00:00:00,2022-04-13T00:00:00,2022-04-14T00:00:00,322114,"Granite Packaging, LLC",??????,,,1.0,1.0,0.4536,495.89,495.89,459.353
2,PV,OP,00010,135739,22009856,3.0,2022-06-21T00:00:00,2022-06-21T00:00:00,2022-06-22T00:00:00,322114,"Granite Packaging, LLC",??????,,,17208.0,17208.0,7805.5488000000005,516.24,516.24,487.7632
2,PV,OP,00010,135744,22008100,3.0,2022-04-28T00:00:00,2022-04-28T00:00:00,2022-05-23T00:00:00,322114,"Granite Packaging, LLC",??????,,,1.0,1.0,0.4536,320.47,320.47,300.3121
1,OV,OP,00010,115188,188245,3.0,2020-06-04T00:00:00,2020-06-04T00:00:00,2020-06-04T00:00:00,322114,"Granite Packaging, LLC",MD4020-C2,MD4020,MD4020,834.0,347.6946,157.7094,1445.32,1445.32,1276.9129
2,PV,OP,00010,115188,20008593,3.0,2020-06-04T00:00:00,2020-06-04T00:00:00,2020-06-04T00:00:00,322114,"Granite Packaging, LLC",MD4020-C2,MD4020,MD4020,834.0,347.6946,157.7094,1445.32,1445.32,1276.9129
1,OV,OP,00020,20000689,20002545,3.0,2020-08-03T00:00:00,2020-08-03T00:00:00,2020-08-03T00:00:00,324808,Cromogenia,MDU4075B.E-LP,MDU4075B.E,MDU4075B,960.0,2116.416,960.0,3110.4,3654.3881,3110.4
1,OV,OP,00020,20001363,21000874,3.0,2021-02-25T00:00:00,2021-02-10T00:00:00,2021-02-25T00:00:00,301843,BIP (Oldbury) Limited,U802.E-TO,U802.E,U802,5000.0,11023.0,5000.0,17395.0,21269.9067,17395.0
1,OV,OP,00020,21000028,21000768,3.0,2021-02-16T00:00:00,2021-02-16T00:00:00,2021-02-16T00:00:00,324808,Cromogenia,MDU4075B.E-TO,MDU4075B.E,MDU4075B,3000.0,6613.8,3000.0,9450.0,11442.1706,9450.0
1,OV,OP,00020,21000029,21004049,3.0,2021-11-10T00:00:00,2021-11-05T00:00:00,2021-11-10T00:00:00,324808,Cromogenia,MDU440B.E-LP,MDU440B.E,MDU440B,120.0,264.552,120.0,368.4,424.3654,368.4
2,PV,OP,00020,20000689,20001821,3.0,2020-08-03T00:00:00,2020-08-03T00:00:00,2020-08-04T00:00:00,324808,Cromogenia,MDU4075B.E-LP,MDU4075B.E,MDU4075B,960.0,2116.416,960.0,3110.4,3659.6889,3110.4
2,PV,OP,00020,20001363,21000815,3.0,2021-02-25T00:00:00,2021-02-10T00:00:00,2021-03-31T00:00:00,301843,BIP (Oldbury) Limited,U802.E-TO,U802.E,U802,5000.0,11023.0,5000.0,17395.0,20427.6913,17395.0
2,PV,OP,00020,21000028,21000447,3.0,2021-02-16T00:00:00,2021-02-16T00:00:00,2021-02-25T00:00:00,324808,Cromogenia,MDU4075B.E-TO,MDU4075B.E,MDU4075B,3000.0,6613.8,3000.0,9450.0,11555.0801,9450.0
2,PV,OP,00020,21000029,21003047,3.0,2021-11-10T00:00:00,2021-11-05T00:00:00,2021-11-15T00:00:00,324808,Cromogenia,MDU440B.E-LP,MDU440B.E,MDU440B,120.0,264.552,120.0,368.4,420.647,368.4
1,OV,OP,00010,144320,237200,3.0,2022-10-28T00:00:00,2022-10-28T00:00:00,2022-10-28T00:00:00,322114,"Granite Packaging, LLC",UN750,UN750,UN750,1708.56,1708.56,775.0028159999999,14914.53,14914.53,15013.6997
2,PV,OP,00010,120791,20005115,3.0,2020-04-07T00:00:00,2020-04-07T00:00:00,2020-04-09T00:00:00,326444,Essential Polymers,FERSUL7W,FERSUL7W,FERSUL7W,0.6989,0.6989,0.31702104,16.07,16.07,14.6972
2,PV,OP,00010,121849,20008788,3.0,2020-06-01T00:00:00,2020-06-01T00:00:00,2020-06-08T00:00:00,331380,Ascent Industries Co.,WD40-UN,WD40,WD40,11550.0,11550.0,5239.08,13167.0,13167.0,11656.516
2,PV,OP,00010,121849,20008788,3.0,2020-06-01T00:00:00,2020-06-01T00:00:00,2020-06-08T00:00:00,331380,Ascent Industries Co.,WD40-UN,WD40,WD40,16800.0,16800.0,7620.4800000000005,19152.0,19152.0,16954.9324
2,PV,OP,00010,121948,21011173,3.0,2020-09-29T00:00:00,2020-09-29T00:00:00,2021-06-14T00:00:00,328211,"BPI Packaging, LLC",MW40504-C2,MW40504,MW40504,768.0,320.1792,145.22879999999998,1024.57,1024.57,844.8796
2,PV,OP,00010,137796,22002470,3.0,2022-02-17T00:00:00,2022-02-17T00:00:00,2022-02-17T00:00:00,324962,Ascent Industries Co.,161017CX,161017CX,161017CX,200.0,200.0,90.72,242.0,242.0,212.9517
2,PV,OP,00010,145130,23016734,3.0,2023-08-24T00:00:00,2023-08-24T00:00:00,2023-08-25T00:00:00,292774,"Ascent Chemicals Danville, Inc.",HP1632-T2,HP1632,HP1632,8820.0,8820.0,4000.752,71089.2,71089.2,65902.5035
2,PV,OP,00010,146191,23004539,3.0,2023-03-06T00:00:00,2023-03-06T00:00:00,2023-03-06T00:00:00,317501,EPS,161190PX,161190PX,161190PX,39100.0,39100.0,17735.76,45199.6,45199.6,42270.901
2,PV,OP,00010,148765,23010110,3.0,2023-05-16T00:00:00,2023-05-16T00:00:00,2023-05-16T00:00:00,317501,EPS,161190PX-T2,161190PX,161190PX,9200.0,9200.0,4173.12,10635.2,10635.2,9791.048
2,PV,OP,00010,148765,23010110,3.0,2023-05-16T00:00:00,2023-05-16T00:00:00,2023-05-16T00:00:00,317501,EPS,161190PX-T2,161190PX,161190PX,23000.0,23000.0,10432.8,26588.0,26588.0,24477.62
2,PV,OP,00010,148765,23010110,3.0,2023-05-16T00:00:00,2023-05-16T00:00:00,2023-05-16T00:00:00,317501,EPS,161190PX-T2,161190PX,161190PX,5400.0,5400.0,2449.44,6242.4,6242.4,5746.9195
2,PV,OP,00010,160698,24012327,3.0,2024-08-30T00:00:00,2024-08-30T00:00:00,2024-09-02T00:00:00,292788,Ortec Inc.,U701,U701,U701,350.0,350.0,158.76,1629.95,1629.95,1472.5632
2,PV,OP,00010,161788,24013222,3.0,2024-09-19T00:00:00,2024-09-19T00:00:00,2024-09-19T00:00:00,292788,Ortec Inc.,U701,U701,U701,324.0,324.0,146.9664,1508.87,1508.87,1353.7185
2,PV,OP,00010,161854,24015304,3.0,2024-10-29T00:00:00,2024-10-29T00:00:00,2024-11-04T00:00:00,328143,Coatings & Adhesives Corporation,DPE3500-T2,DPE3500,DPE3500,25300.0,25300.0,11476.08,40480.0,40480.0,37195.1613
2,PV,OP,00010,162008,24015305,3.0,2024-10-30T00:00:00,2024-10-30T00:00:00,2024-11-04T00:00:00,292788,Ortec Inc.,U2022-OP,U2022,U2022,16650.0,16650.0,7552.44,51964.65,51964.65,47747.8642
2,PV,OP,00010,163069,24017144,3.0,2024-12-03T00:00:00,2024-12-03T00:00:00,2024-12-06T00:00:00,292788,Ortec Inc.,U2022,U2022,U2022,208.0,208.0,94.3488,649.17,649.17,614.5391
2,PV,OP,00010,163177,24017580,3.0,2024-12-13T00:00:00,2024-12-13T00:00:00,2024-12-16T00:00:00,292788,Ortec Inc.,U502,U502,U502,158.0,158.0,71.6688,769.78,769.78,732.3338
2,PV,OP,00010,163982,24017978,3.0,2024-12-18T00:00:00,2024-12-18T00:00:00,2024-12-23T00:00:00,317501,EPS,161190PX-T2,161190PX,161190PX,20700.0,20700.0,9389.52,24550.2,24550.2,23587.6505
2,PV,OP,00010,165372,25002625,3.0,2025-02-20T00:00:00,2025-02-20T00:00:00,2025-02-21T00:00:00,292788,Ortec Inc.,U2022-OP,U2022,U2022,16650.0,16650.0,7552.44,51964.65,51964.65,49706.5365
2,PV,OP,00010,165550,25003743,3.0,2025-03-12T00:00:00,2025-03-12T00:00:00,2025-03-13T00:00:00,292788,Ortec Inc.,U101,U101,U101,229.0,229.0,103.8744,614.41,614.41,565.7928
2,PV,OP,00010,166361,25004482,3.0,2025-03-27T00:00:00,2025-03-27T00:00:00,2025-03-28T00:00:00,292788,Ortec Inc.,U601,U601,U601,243.0,243.0,110.2248,637.39,637.39,588.8772
2,PV,OP,00010,166454,25005487,3.0,2025-04-17T00:00:00,2025-04-17T00:00:00,2025-04-21T00:00:00,292788,Ortec Inc.,MDU20,MDU20,MDU20,1227.0,1227.0,556.5672,3663.82,3663.82,3183.8878
2,PV,OP,00010,166929,25006703,3.0,2025-05-08T00:00:00,2025-05-08T00:00:00,2025-05-13T00:00:00,292788,Ortec Inc.,U601-OP,U601,U601,2250.0,2250.0,1020.6,472.5,472.5,422.7799
2,PV,OP,00010,166930,25006704,3.0,2025-05-08T00:00:00,2025-05-08T00:00:00,2025-05-13T00:00:00,292788,Ortec Inc.,U601-OP,U601,U601,2250.0,2250.0,1020.6,472.5,472.5,422.7799
2,PV,OP,00010,166931,25006705,3.0,2025-05-09T00:00:00,2025-05-09T00:00:00,2025-05-13T00:00:00,292788,Ortec Inc.,U601-OP,U601,U601,2250.0,2250.0,1020.6,472.5,472.5,422.7799
2,PV,OP,00010,168265,25008846,3.0,2025-06-20T00:00:00,2025-06-20T00:00:00,2025-06-23T00:00:00,292788,Ortec Inc.,U101,U101,U101,372.0,372.0,168.7392,1015.19,1015.19,879.9039
2,PV,OP,00010,168672,25009890,3.0,2025-07-10T00:00:00,2025-07-10T00:00:00,2025-07-11T00:00:00,317501,EPS,161190PX-T2,161190PX,161190PX,4600.0,4600.0,2086.56,5455.6,5455.6,4664.412
2,PV,OP,00010,169429,25010821,3.0,2025-07-30T00:00:00,2025-07-30T00:00:00,2025-07-31T00:00:00,292788,Ortec Inc.,U2022,U2022,U2022,158.0,158.0,71.6688,493.43,493.43,431.6199
2,PV,OP,00010,169780,25010822,3.0,2025-07-30T00:00:00,2025-07-30T00:00:00,2025-07-31T00:00:00,292788,Ortec Inc.,MDU20,MDU20,MDU20,1441.0,1441.0,653.6376,4302.83,4302.83,3763.8308
2,PV,OP,00010,172078,25016159,3.0,2025-11-05T00:00:00,2025-11-05T00:00:00,2025-11-06T00:00:00,292788,Ortec Inc.,U2022,U2022,U2022,176.0,176.0,79.8336,557.74,557.74,483.4112
2,PV,OP,00010,172130,25016969,3.0,2025-11-21T00:00:00,2025-11-21T00:00:00,2025-11-24T00:00:00,292788,Ortec Inc.,U101,U101,U101,260.0,260.0,117.936,673.92,673.92,585.0425
2,PV,OP,00010,172358,25016970,3.0,2025-11-21T00:00:00,2025-11-21T00:00:00,2025-11-24T00:00:00,292788,Ortec Inc.,MDU20,MDU20,MDU20,1045.0,1045.0,474.012,3170.53,3170.53,2752.3961
2,PV,OP,00010,173146,25018238,3.0,2025-12-11T00:00:00,2025-12-11T00:00:00,2025-12-12T00:00:00,292788,Ortec Inc.,U601,U601,U601,162.0,162.0,73.4832,432.05,432.05,368.2919
2,PV,OP,00010,173564,26004049,3.0,2026-03-06T00:00:00,2026-03-06T00:00:00,2026-03-09T00:00:00,292774,"Ascent Chemicals Danville, Inc.",HP1632,HP1632,HP1632,1034.0,1034.0,469.0224,7020.86,7020.86,6056.5224
2,PV,OP,00010,174999,26004773,3.0,2026-03-20T00:00:00,2026-03-20T00:00:00,2026-03-23T00:00:00,292788,Ortec Inc.,U701,U701,U701,147.0,147.0,66.6792,578.89,578.89,499.6502
2,PV,OP,00010,176054,26007133,3.0,2026-04-28T00:00:00,2026-04-28T00:00:00,2026-04-28T00:00:00,292788,Ortec Inc.,U701,U701,U701,223.0,223.0,101.1528,878.17,878.17,749.6993
2,PV,OP,00010,176619,26009733,3.0,2026-05-21T00:00:00,2026-05-21T00:00:00,2026-05-21T00:00:00,292788,Ortec Inc.,U701,U701,U701,238.0,238.0,107.9568,945.1,945.1,815.5283
2,PV,OP,00020,19001289,20001266,3.0,2020-05-26T00:00:00,2020-05-26T00:00:00,2020-05-29T00:00:00,324808,Cromogenia,MDU2012B.E-TO,MDU2012B.E,MDU2012B,8000.0,17636.8,8000.0,19120.0,21238.0543,19120.0
2,PV,OP,00020,19001546,20000321,3.0,2020-02-07T00:00:00,2020-02-07T00:00:00,2020-02-11T00:00:00,324808,Cromogenia,MDU4075.E-TO,MDU4075.E,MDU4075,1000.0,2204.6,1000.0,3150.0,3438.3718,3150.0
2,PV,OP,00020,20000217,20001820,3.0,2020-08-04T00:00:00,2020-08-04T00:00:00,2020-08-04T00:00:00,324808,Cromogenia,MDU440B.E-TO,MDU440B.E,MDU440B,5000.0,11023.0,5000.0,13400.0,15766.4065,13400.0
2,PV,OP,00020,20000217,20001820,3.0,2020-08-04T00:00:00,2020-08-04T00:00:00,2020-08-04T00:00:00,324808,Cromogenia,MDU440B.E-TO,MDU440B.E,MDU440B,5000.0,11023.0,5000.0,13400.0,15766.4065,13400.0
2,PV,OP,00020,20000217,20001820,3.0,2020-08-04T00:00:00,2020-08-04T00:00:00,2020-08-04T00:00:00,324808,Cromogenia,MDU440B.E-TO,MDU440B.E,MDU440B,6000.0,13227.6,6000.0,16080.0,18919.6878,16080.0
2,PV,OP,00020,20000438,20002058,3.0,2020-06-16T00:00:00,2020-06-16T00:00:00,2020-09-07T00:00:00,301843,BIP (Oldbury) Limited,U502.E,U502.E,U502,50.0,110.23,50.0,0.0,0.0,0.0
2,PV,OP,00020,20000481,20001401,3.0,2020-06-04T00:00:00,2020-05-26T00:00:00,2020-06-16T00:00:00,324808,Cromogenia,MDU4075B.E-TO,MDU4075B.E,MDU4075B,944.0,2081.1424,944.0,3020.8,3400.2771,3020.8
2,PV,OP,00020,20000730,20002775,3.0,2020-12-02T00:00:00,2020-12-02T00:00:00,2020-12-04T00:00:00,324808,Cromogenia,MDU2012B.E-TO,MDU2012B.E,MDU2012B,1000.0,2204.6,1000.0,2400.0,2913.888,2400.0
2,PV,OP,00020,20000929,20002325,3.0,2020-10-08T00:00:00,2020-10-08T00:00:00,2020-10-12T00:00:00,324808,Cromogenia,MDU4075B.E-TO,MDU4075B.E,MDU4075B,3000.0,6613.8,3000.0,9450.0,11156.9431,9450.0
2,PV,OP,00020,20001218,20002473,3.0,2020-10-27T00:00:00,2020-10-27T00:00:00,2020-10-30T00:00:00,324808,Cromogenia,MDU4075B.E-TO,MDU4075B.E,MDU4075B,1000.0,2204.6,1000.0,3150.0,3668.817,3150.0
2,PV,OP,00020,20001315,20002775,3.0,2020-12-03T00:00:00,2020-12-03T00:00:00,2020-12-04T00:00:00,324808,Cromogenia,MDU4075B.E-TO,MDU4075B.E,MDU4075B,8000.0,17636.8,8000.0,25200.0,30595.824,25200.0
2,PV,OP,00020,21000247,21001277,3.0,2021-05-18T00:00:00,2021-05-18T00:00:00,2021-05-19T00:00:00,324808,Cromogenia,MDU4075B.E-LP,MDU4075B.E,MDU4075B,840.0,1851.864,840.0,2721.6,3324.8633,2721.6
2,PV,OP,00020,21000247,21001277,3.0,2021-05-18T00:00:00,2021-05-18T00:00:00,2021-05-19T00:00:00,324808,Cromogenia,MDU4075B.E-LP,MDU4075B.E,MDU4075B,480.0,1058.208,480.0,1555.2,1899.9219,1555.2
2,PV,OP,00020,21000303,21003414,3.0,2021-12-06T00:00:00,2021-12-06T00:00:00,2021-12-14T00:00:00,324808,Cromogenia,MDU2012B.E-LP,MDU2012B.E,MDU2012B,1800.0,3968.28,1800.0,5832.0,6570.6374,5832.0
2,PV,OP,00020,21000612,21002448,3.0,2021-09-08T00:00:00,2021-09-08T00:00:00,2021-09-10T00:00:00,324808,Cromogenia,MDU4075B.E-TO,MDU4075B.E,MDU4075B,2000.0,4409.2,2000.0,6820.0,8061.0784,6820.0
2,PV,OP,00020,21000709,22001305,3.0,2022-05-03T00:00:00,2022-05-03T00:00:00,2022-05-04T00:00:00,324808,Cromogenia,MDU2012B.E-LP,MDU2012B.E,MDU2012B,1920.0,4232.832,1920.0,7680.0,8094.2738,7680.0
2,PV,OP,00020,21000709,22001305,3.0,2022-05-03T00:00:00,2022-05-03T00:00:00,2022-05-04T00:00:00,324808,Cromogenia,MDU2012B.E-LP,MDU2012B.E,MDU2012B,480.0,1058.208,480.0,1920.0,2023.5684,1920.0
2,PV,OP,00020,21000817,21002691,3.0,2021-10-05T00:00:00,2021-10-04T00:00:00,2021-10-05T00:00:00,324808,Cromogenia,MDU4075B.E-LP,MDU4075B.E,MDU4075B,2280.0,5026.488,2280.0,7980.0,9264.4081,7980.0
2,PV,OP,00020,21000885,21002448,3.0,2021-09-08T00:00:00,2021-09-08T00:00:00,2021-09-10T00:00:00,324808,Cromogenia,MDU4075B.E-TO,MDU4075B.E,MDU4075B,3000.0,6613.8,3000.0,10230.0,12091.6175,10230.0
2,PV,OP,00020,21000909,22001704,3.0,2022-06-10T00:00:00,2022-06-10T00:00:00,2022-06-13T00:00:00,324808,Cromogenia,MDU2012B.E-TO,MDU2012B.E,MDU2012B,6000.0,13227.6,6000.0,23460.0,24475.0556,23460.0
2,PV,OP,00020,21000999,21002765,3.0,2021-10-06T00:00:00,2021-10-06T00:00:00,2021-10-12T00:00:00,324808,Cromogenia,MDU4075B.E-LP,MDU4075B.E,MDU4075B,1200.0,2645.52,1200.0,4584.0,5289.8663,4584.0
2,PV,OP,00020,21001060,22000348,3.0,2022-02-03T00:00:00,2022-02-03T00:00:00,2022-02-09T00:00:00,324808,Cromogenia,MDU4075B.E-LP,MDU4075B.E,MDU4075B,1680.0,3703.728,1680.0,7744.8,8853.2621,7744.8
2,PV,OP,00020,21001266,22001312,3.0,2022-05-04T00:00:00,2022-04-27T00:00:00,2022-05-04T00:00:00,324808,Cromogenia,MDU4075B.E-LP,MDU4075B.E,MDU4075B,1200.0,2645.52,1200.0,5532.0,5830.4066,5532.0
2,PV,OP,00020,21001417,22000786,3.0,2022-03-16T00:00:00,2022-03-16T00:00:00,2022-03-18T00:00:00,324808,Cromogenia,MDU4075B.E-TO,MDU4075B.E,MDU4075B,1000.0,2204.6,1000.0,4510.0,4981.1164,4510.0
2,PV,OP,00020,21001426,22001551,3.0,2022-05-24T00:00:00,2022-05-24T00:00:00,2022-05-30T00:00:00,324808,Cromogenia,MDU4075B.E-TO,MDU4075B.E,MDU4075B,3000.0,6613.8,3000.0,13530.0,14581.5935,13530.0
2,PV,OP,00020,22000057,22001690,3.0,2022-06-09T00:00:00,2022-06-09T00:00:00,2022-06-10T00:00:00,324808,Cromogenia,MDU4075B.E-TO,MDU4075B.E,MDU4075B,3000.0,6613.8,3000.0,13560.0,14265.3587,13560.0
2,PV,OP,00020,22000058,22000626,3.0,2022-03-01T00:00:00,2022-03-01T00:00:00,2022-03-07T00:00:00,324808,Cromogenia,MDU2012B.E-TO,MDU2012B.E,MDU2012B,6000.0,13227.6,6000.0,23460.0,25477.309,23460.0
2,PV,OP,00020,22000230,22003235,3.0,2022-11-08T00:00:00,2022-11-08T00:00:00,2022-11-14T00:00:00,324808,Cromogenia,MDU440B.E-TO,MDU440B.E,MDU440B,6000.0,13227.6,6000.0,28320.0,29255.0188,28320.0
2,PV,OP,00020,22000401,22001690,3.0,2022-06-09T00:00:00,2022-06-09T00:00:00,2022-06-10T00:00:00,324808,Cromogenia,MDU2012B.E-TO,MDU2012B.E,MDU2012B,2000.0,4409.2,2000.0,7820.0,8226.7776,7820.0
2,PV,OP,00020,22001473,23000058,3.0,2023-01-11T00:00:00,2023-01-11T00:00:00,2023-01-12T00:00:00,324808,Cromogenia,201118CX.E-TO,201118CX.E,201118CX,1000.0,2204.6,1000.0,4120.0,4459.3137,4120.0
2,PV,OP,00020,22001843,23000857,3.0,2023-03-21T00:00:00,2023-03-21T00:00:00,2023-03-29T00:00:00,324808,Cromogenia,MDU4075B.E-TO,MDU4075B.E,MDU4075B,1000.0,2204.6,1000.0,4500.0,4871.849,4500.0
2,PV,OP,00020,23000057,23000922,3.0,2023-04-04T00:00:00,2023-04-04T00:00:00,2023-04-04T00:00:00,324808,Cromogenia,MDU4075B.E-TO,MDU4075B.E,MDU4075B,5000.0,11023.0,5000.0,22500.0,24641.1652,22500.0
2,PV,OP,00020,23000136,23000921,3.0,2023-04-04T00:00:00,2023-04-04T00:00:00,2023-04-04T00:00:00,324808,Cromogenia,MDU4075B.E-TO,MDU4075B.E,MDU4075B,1000.0,2204.6,1000.0,4500.0,4928.233,4500.0
2,PV,OP,00020,23001266,24000652,3.0,2024-03-25T00:00:00,2024-03-25T00:00:00,2024-03-25T00:00:00,324808,Cromogenia,MDU4075B.E-TO,MDU4075B.E,MDU4075B,2000.0,4409.2,2000.0,8000.0,8669.9288,8000.0
2,PV,OP,00020,23001336,24001129,3.0,2024-05-17T00:00:00,2024-05-17T00:00:00,2024-05-28T00:00:00,324808,Cromogenia,MDU4075B.E-TO,MDU4075B.E,MDU4075B,2000.0,4409.2,2000.0,8000.0,8681.1104,8000.0
2,PV,OP,00020,24000352,24001579,3.0,2024-07-16T00:00:00,2024-07-16T00:00:00,2024-07-17T00:00:00,324808,Cromogenia,MDU4075B.E-LP,MDU4075B.E,MDU4075B,960.0,2116.416,960.0,3590.4,3924.2735,3590.4
2,PV,OP,00020,24000544,24001579,3.0,2024-07-16T00:00:00,2024-07-16T00:00:00,2024-07-17T00:00:00,324808,Cromogenia,MDU4075B.E-TO,MDU4075B.E,MDU4075B,2000.0,4409.2,2000.0,7400.0,8088.1304,7400.0
2,PV,OP,00020,24000737,24001752,3.0,2024-08-06T00:00:00,2024-08-06T00:00:00,2024-08-08T00:00:00,324808,Cromogenia,MDU4075B.E-TO,MDU4075B.E,MDU4075B,4000.0,8818.4,4000.0,14800.0,16151.0402,14800.0
2,PV,OP,00020,24001594,25000378,3.0,2025-02-17T00:00:00,2025-02-17T00:00:00,2025-03-04T00:00:00,301843,BIP (Oldbury) Limited,TNPP.E,TNPP.E,TNPP,40.0,88.184,40.0,324.0,341.2958,324.0
2,PV,OP,00020,25000049,25000541,3.0,2025-03-06T00:00:00,2025-03-06T00:00:00,2025-03-18T00:00:00,327516,ERCA Advanced Polymer Solutions SRL,U802.E-TO,U802.E,U802,3000.0,6613.8,3000.0,16260.0,17768.7426,16260.0
2,PV,OP,00020,25000181,25001268,3.0,2025-06-04T00:00:00,2025-06-04T00:00:00,2025-06-12T00:00:00,324808,Cromogenia,MDU4075B.E-TO,MDU4075B.E,MDU4075B,5000.0,11023.0,5000.0,18500.0,21420.854,18500.0
3,PV,OP,00020,21000909,22001689,3.0,2022-06-09T00:00:00,2022-06-09T00:00:00,2022-06-10T00:00:00,324808,Cromogenia,MDU2012B.E-TO,MDU2012B.E,MDU2012B,6000.0,13227.6,6000.0,23460.0,24680.3329,23460.0
2,PV,OP,00010,177206,26010152,3.0,2026-05-27T00:00:00,2026-05-27T00:00:00,2026-05-28T00:00:00,317501,EPS,161190PX-T2,161190PX,161190PX,34500.0,34500.0,15649.2,46092.0,46092.0,39566.3592
2,PV,OP,00010,177668,26012414,3.0,2026-06-25T00:00:00,2026-06-25T00:00:00,2026-06-25T00:00:00,292788,Ortec Inc.,U2022,U2022,U2022,144.0,144.0,65.3184,473.9,473.9,416.2752
2,PV,OP,00010,177545,26013781,3.0,2026-07-14T00:00:00,2026-07-14T00:00:00,2026-07-14T00:00:00,292788,Ortec Inc.,U701,U701,U701,111.0,111.0,50.3496,446.33,446.33,390.6009
1,OV,OP,00010,120791,185794,3.0,2020-04-07T00:00:00,2020-04-07T00:00:00,2020-04-07T00:00:00,326444,Essential Polymers,FERSUL7W,FERSUL7W,FERSUL7W,0.6989,0.6989,0.31702104,16.07,16.07,14.7891
1,OV,OP,00010,121849,188033,3.0,2020-06-01T00:00:00,2020-06-01T00:00:00,2020-06-01T00:00:00,331380,Ascent Industries Co.,WD40-UN,WD40,WD40,11550.0,11550.0,5239.08,13167.0,13167.0,11837.8414
1,OV,OP,00010,121849,188033,3.0,2020-06-01T00:00:00,2020-06-01T00:00:00,2020-06-01T00:00:00,331380,Ascent Industries Co.,WD40-UN,WD40,WD40,16800.0,16800.0,7620.4800000000005,19152.0,19152.0,17218.6784
1,OV,OP,00010,121948,193202,3.0,2020-09-29T00:00:00,2020-09-29T00:00:00,2020-09-29T00:00:00,328211,"BPI Packaging, LLC",MW40504-C2,MW40504,MW40504,768.0,320.1792,145.22879999999998,1024.57,1024.57,874.3346
1,OV,OP,00010,137796,223177,3.0,2022-02-17T00:00:00,2022-02-17T00:00:00,2022-02-17T00:00:00,324962,Ascent Industries Co.,161017CX,161017CX,161017CX,200.0,200.0,90.72,242.0,242.0,212.9517
1,OV,OP,00010,146191,243283,3.0,2023-03-06T00:00:00,2023-03-06T00:00:00,2023-03-06T00:00:00,317501,EPS,161190PX,161190PX,161190PX,39100.0,39100.0,17735.76,45199.6,45199.6,42270.901
1,OV,OP,00010,148765,247127,3.0,2023-05-16T00:00:00,2023-05-16T00:00:00,2023-05-16T00:00:00,317501,EPS,161190PX-T2,161190PX,161190PX,9200.0,9200.0,4173.12,10635.2,10635.2,9791.048
1,OV,OP,00010,148765,247130,3.0,2023-05-16T00:00:00,2023-05-16T00:00:00,2023-05-16T00:00:00,317501,EPS,161190PX-T2,161190PX,161190PX,23000.0,23000.0,10432.8,26588.0,26588.0,24477.62
1,OV,OP,00010,160698,270229,3.0,2024-08-30T00:00:00,2024-08-30T00:00:00,2024-08-30T00:00:00,292788,Ortec Inc.,U701,U701,U701,350.0,350.0,158.76,1629.95,1629.95,1473.6373
1,OV,OP,00010,161788,271019,3.0,2024-09-19T00:00:00,2024-09-19T00:00:00,2024-09-19T00:00:00,292788,Ortec Inc.,U701,U701,U701,324.0,324.0,146.9664,1508.87,1508.87,1353.7185
1,OV,OP,00010,161854,272897,3.0,2024-10-29T00:00:00,2024-10-29T00:00:00,2024-10-29T00:00:00,328143,Coatings & Adhesives Corporation,DPE3500-T2,DPE3500,DPE3500,25300.0,25300.0,11476.08,40480.0,40480.0,37492.3857
1,OV,OP,00010,162008,272943,3.0,2024-10-30T00:00:00,2024-10-30T00:00:00,2024-10-30T00:00:00,292788,Ortec Inc.,U2022-OP,U2022,U2022,16650.0,16650.0,7552.44,51964.65,51964.65,47832.1768
1,OV,OP,00010,163069,274523,3.0,2024-12-03T00:00:00,2024-12-03T00:00:00,2024-12-03T00:00:00,292788,Ortec Inc.,U2022,U2022,U2022,208.0,208.0,94.3488,649.17,649.17,617.2127
1,OV,OP,00010,163177,275035,3.0,2024-12-13T00:00:00,2024-12-13T00:00:00,2024-12-13T00:00:00,292788,Ortec Inc.,U502,U502,U502,158.0,158.0,71.6688,769.78,769.78,733.2726
1,OV,OP,00010,163982,275226,3.0,2024-12-18T00:00:00,2024-12-18T00:00:00,2024-12-18T00:00:00,317501,EPS,161190PX-T2,161190PX,161190PX,20700.0,20700.0,9389.52,24550.2,24550.2,23451.117
1,OV,OP,00010,165372,277924,3.0,2025-02-20T00:00:00,2025-02-20T00:00:00,2025-02-20T00:00:00,292788,Ortec Inc.,U2022-OP,U2022,U2022,16650.0,16650.0,7552.44,51964.65,51964.65,49608.0375
1,OV,OP,00010,165550,278843,3.0,2025-03-12T00:00:00,2025-03-12T00:00:00,2025-03-12T00:00:00,292788,Ortec Inc.,U101,U101,U101,229.0,229.0,103.8744,614.41,614.41,562.5668
1,OV,OP,00010,166361,279593,3.0,2025-03-27T00:00:00,2025-03-27T00:00:00,2025-03-27T00:00:00,292788,Ortec Inc.,U601,U601,U601,243.0,243.0,110.2248,637.39,637.39,590.227
1,OV,OP,00010,166454,280584,3.0,2025-04-17T00:00:00,2025-04-17T00:00:00,2025-04-17T00:00:00,292788,Ortec Inc.,MDU20,MDU20,MDU20,1227.0,1227.0,556.5672,3663.82,3663.82,3224.4617
1,OV,OP,00010,166929,281433,3.0,2025-05-08T00:00:00,2025-05-08T00:00:00,2025-05-08T00:00:00,292788,Ortec Inc.,U601-OP,U601,U601,2250.0,2250.0,1020.6,472.5,472.5,420.1027
1,OV,OP,00010,166930,281439,3.0,2025-05-08T00:00:00,2025-05-08T00:00:00,2025-05-08T00:00:00,292788,Ortec Inc.,U601-OP,U601,U601,2250.0,2250.0,1020.6,472.5,472.5,420.1027
1,OV,OP,00010,166931,281552,3.0,2025-05-09T00:00:00,2025-05-09T00:00:00,2025-05-09T00:00:00,292788,Ortec Inc.,U601-OP,U601,U601,2250.0,2250.0,1020.6,472.5,472.5,419.2462
1,OV,OP,00010,168265,283451,3.0,2025-06-20T00:00:00,2025-06-20T00:00:00,2025-06-20T00:00:00,292788,Ortec Inc.,U101,U101,U101,372.0,372.0,168.7392,1015.19,1015.19,881.2794
1,OV,OP,00010,168672,284251,3.0,2025-07-10T00:00:00,2025-07-10T00:00:00,2025-07-10T00:00:00,317501,EPS,161190PX-T2,161190PX,161190PX,4600.0,4600.0,2086.56,5455.6,5455.6,4667.7426
1,OV,OP,00010,169429,285137,3.0,2025-07-30T00:00:00,2025-07-30T00:00:00,2025-07-30T00:00:00,292788,Ortec Inc.,U2022,U2022,U2022,158.0,158.0,71.6688,493.43,493.43,430.2546
1,OV,OP,00010,169780,285141,3.0,2025-07-30T00:00:00,2025-07-30T00:00:00,2025-07-30T00:00:00,292788,Ortec Inc.,MDU20,MDU20,MDU20,1441.0,1441.0,653.6376,4302.83,4302.83,3751.9253
1,OV,OP,00010,170233,290668,3.0,2025-12-10T00:00:00,2025-12-10T00:00:00,2025-12-10T00:00:00,292774,"Ascent Chemicals Danville, Inc.",HP1632-T2,HP1632,HP1632,13230.0,13230.0,6001.128,96579.0,96579.0,82902.4092
1,OV,OP,00010,172078,289162,3.0,2025-11-05T00:00:00,2025-11-05T00:00:00,2025-11-05T00:00:00,292788,Ortec Inc.,U2022,U2022,U2022,176.0,176.0,79.8336,557.74,557.74,485.67
1,OV,OP,00010,172130,289883,3.0,2025-11-21T00:00:00,2025-11-21T00:00:00,2025-11-21T00:00:00,292788,Ortec Inc.,U101,U101,U101,260.0,260.0,117.936,673.92,673.92,585.7665
1,OV,OP,00010,172358,289879,3.0,2025-11-21T00:00:00,2025-11-21T00:00:00,2025-11-21T00:00:00,292788,Ortec Inc.,MDU20,MDU20,MDU20,1045.0,1045.0,474.012,3170.53,3170.53,2755.8025
1,OV,OP,00010,173146,290701,3.0,2025-12-11T00:00:00,2025-12-11T00:00:00,2025-12-11T00:00:00,292788,Ortec Inc.,U601,U601,U601,162.0,162.0,73.4832,432.05,432.05,367.5453
1,OV,OP,00010,173564,294051,3.0,2026-03-06T00:00:00,2026-03-06T00:00:00,2026-03-06T00:00:00,292774,"Ascent Chemicals Danville, Inc.",HP1632,HP1632,HP1632,1034.0,1034.0,469.0224,7020.86,7020.86,6049.3036
1,OV,OP,00010,174999,294578,3.0,2026-03-20T00:00:00,2026-03-20T00:00:00,2026-03-20T00:00:00,292788,Ortec Inc.,U701,U701,U701,147.0,147.0,66.6792,578.89,578.89,501.4492
1,OV,OP,00010,176054,296113,3.0,2026-04-28T00:00:00,2026-04-28T00:00:00,2026-04-28T00:00:00,292788,Ortec Inc.,U701,U701,U701,223.0,223.0,101.1528,878.17,878.17,749.6993
1,OV,OP,00010,176619,297000,3.0,2026-05-21T00:00:00,2026-05-21T00:00:00,2026-05-21T00:00:00,292788,Ortec Inc.,U701,U701,U701,238.0,238.0,107.9568,945.1,945.1,815.5283
1,OV,OP,00010,177206,297243,3.0,2026-05-27T00:00:00,2026-05-27T00:00:00,2026-05-27T00:00:00,317501,EPS,161190PX-T2,161190PX,161190PX,34500.0,34500.0,15649.2,46092.0,46092.0,39632.8607
1,OV,OP,00020,19001289,20001996,3.0,2020-05-26T00:00:00,2020-05-26T00:00:00,2020-05-26T00:00:00,324808,Cromogenia,MDU2012B.E-TO,MDU2012B.E,MDU2012B,8000.0,17636.8,8000.0,19120.0,20979.0376,19120.0
1,OV,OP,00020,19001546,20000571,3.0,2020-02-07T00:00:00,2020-02-07T00:00:00,2020-02-07T00:00:00,324808,Cromogenia,MDU4075.E-TO,MDU4075.E,MDU4075,1000.0,2204.6,1000.0,3150.0,3447.8306,3150.0
1,OV,OP,00020,20000217,20002577,3.0,2020-08-04T00:00:00,2020-08-04T00:00:00,2020-08-04T00:00:00,324808,Cromogenia,MDU440B.E-TO,MDU440B.E,MDU440B,5000.0,11023.0,5000.0,13400.0,15766.4065,13400.0
1,OV,OP,00020,20000217,20002578,3.0,2020-08-04T00:00:00,2020-08-04T00:00:00,2020-08-04T00:00:00,324808,Cromogenia,MDU440B.E-TO,MDU440B.E,MDU440B,5000.0,11023.0,5000.0,13400.0,15766.4065,13400.0
1,OV,OP,00020,20000217,20002579,3.0,2020-08-04T00:00:00,2020-08-04T00:00:00,2020-08-04T00:00:00,324808,Cromogenia,MDU440B.E-TO,MDU440B.E,MDU440B,6000.0,13227.6,6000.0,16080.0,18919.6878,16080.0
1,OV,OP,00020,20000438,20002211,3.0,2020-06-16T00:00:00,2020-06-16T00:00:00,2020-06-16T00:00:00,301843,BIP (Oldbury) Limited,U502.E,U502.E,U502,50.0,110.23,50.0,0.0,0.0,0.0
1,OV,OP,00020,20000481,20002084,3.0,2020-06-04T00:00:00,2020-05-26T00:00:00,2020-06-04T00:00:00,324808,Cromogenia,MDU4075B.E-TO,MDU4075B.E,MDU4075B,944.0,2081.1424,944.0,3020.8,3419.2015,3020.8
1,OV,OP,00020,20000730,20003732,3.0,2020-12-02T00:00:00,2020-12-02T00:00:00,2020-12-02T00:00:00,324808,Cromogenia,MDU2012B.E-TO,MDU2012B.E,MDU2012B,1000.0,2204.6,1000.0,2400.0,2902.5749,2400.0
1,OV,OP,00020,20000929,20003165,3.0,2020-10-08T00:00:00,2020-10-08T00:00:00,2020-10-08T00:00:00,324808,Cromogenia,MDU4075B.E-TO,MDU4075B.E,MDU4075B,3000.0,6613.8,3000.0,9450.0,11106.1191,9450.0
1,OV,OP,00020,20001218,20003309,3.0,2020-10-27T00:00:00,2020-10-27T00:00:00,2020-10-27T00:00:00,324808,Cromogenia,MDU4075B.E-TO,MDU4075B.E,MDU4075B,1000.0,2204.6,1000.0,3150.0,3727.171,3150.0
1,OV,OP,00020,20001315,20003736,3.0,2020-12-03T00:00:00,2020-12-03T00:00:00,2020-12-03T00:00:00,324808,Cromogenia,MDU4075B.E-TO,MDU4075B.E,MDU4075B,8000.0,17636.8,8000.0,25200.0,30623.3122,25200.0
1,OV,OP,00020,21000247,21001800,3.0,2021-05-18T00:00:00,2021-05-18T00:00:00,2021-05-18T00:00:00,324808,Cromogenia,MDU4075B.E-LP,MDU4075B.E,MDU4075B,840.0,1851.864,840.0,2721.6,3321.0163,2721.6
1,OV,OP,00020,21000247,21001800,3.0,2021-05-18T00:00:00,2021-05-18T00:00:00,2021-05-18T00:00:00,324808,Cromogenia,MDU4075B.E-LP,MDU4075B.E,MDU4075B,480.0,1058.208,480.0,1555.2,1897.7236,1555.2
1,OV,OP,00020,21000303,21004323,3.0,2021-12-06T00:00:00,2021-12-06T00:00:00,2021-12-06T00:00:00,324808,Cromogenia,MDU2012B.E-LP,MDU2012B.E,MDU2012B,1800.0,3968.28,1800.0,5832.0,6579.8327,5832.0
1,OV,OP,00020,21000612,21003222,3.0,2021-09-08T00:00:00,2021-09-08T00:00:00,2021-09-08T00:00:00,324808,Cromogenia,MDU4075B.E-TO,MDU4075B.E,MDU4075B,2000.0,4409.2,2000.0,6820.0,8058.7684,6820.0
1,OV,OP,00020,21000709,22001899,3.0,2022-05-03T00:00:00,2022-05-03T00:00:00,2022-05-03T00:00:00,324808,Cromogenia,MDU2012B.E-LP,MDU2012B.E,MDU2012B,1920.0,4232.832,1920.0,7680.0,8089.1244,7680.0
1,OV,OP,00020,21000709,22001900,3.0,2022-05-03T00:00:00,2022-05-03T00:00:00,2022-05-03T00:00:00,324808,Cromogenia,MDU2012B.E-LP,MDU2012B.E,MDU2012B,480.0,1058.208,480.0,1920.0,2022.2811,1920.0
1,OV,OP,00020,21000817,21003556,3.0,2021-10-05T00:00:00,2021-10-04T00:00:00,2021-10-05T00:00:00,324808,Cromogenia,MDU4075B.E-LP,MDU4075B.E,MDU4075B,2280.0,5026.488,2280.0,7980.0,9264.4081,7980.0
1,OV,OP,00020,21000885,21003223,3.0,2021-09-08T00:00:00,2021-09-08T00:00:00,2021-09-08T00:00:00,324808,Cromogenia,MDU4075B.E-TO,MDU4075B.E,MDU4075B,3000.0,6613.8,3000.0,10230.0,12088.1526,10230.0
1,OV,OP,00020,21000909,22002448,3.0,2022-06-10T00:00:00,2022-06-10T00:00:00,2022-06-10T00:00:00,324808,Cromogenia,MDU2012B.E-TO,MDU2012B.E,MDU2012B,6000.0,13227.6,6000.0,23460.0,24680.3329,23460.0
1,OV,OP,00020,21000999,21003579,3.0,2021-10-06T00:00:00,2021-10-06T00:00:00,2021-10-06T00:00:00,324808,Cromogenia,MDU4075B.E-LP,MDU4075B.E,MDU4075B,1200.0,2645.52,1200.0,4584.0,5291.6784,4584.0
1,OV,OP,00020,21001060,22000536,3.0,2022-02-03T00:00:00,2022-02-03T00:00:00,2022-02-03T00:00:00,324808,Cromogenia,MDU4075B.E-LP,MDU4075B.E,MDU4075B,1680.0,3703.728,1680.0,7744.8,8848.9521,7744.8
1,OV,OP,00020,21001266,22001923,3.0,2022-05-04T00:00:00,2022-04-27T00:00:00,2022-05-04T00:00:00,324808,Cromogenia,MDU4075B.E-LP,MDU4075B.E,MDU4075B,1200.0,2645.52,1200.0,5532.0,5830.4066,5532.0
1,OV,OP,00020,21001417,22001105,3.0,2022-03-16T00:00:00,2022-03-16T00:00:00,2022-03-16T00:00:00,324808,Cromogenia,MDU4075B.E-TO,MDU4075B.E,MDU4075B,1000.0,2204.6,1000.0,4510.0,4958.5569,4510.0
1,OV,OP,00020,21001426,22002140,3.0,2022-05-24T00:00:00,2022-05-24T00:00:00,2022-05-24T00:00:00,324808,Cromogenia,MDU4075B.E-TO,MDU4075B.E,MDU4075B,3000.0,6613.8,3000.0,13530.0,14534.0315,13530.0
1,OV,OP,00020,22000057,22002379,3.0,2022-06-09T00:00:00,2022-06-09T00:00:00,2022-06-09T00:00:00,324808,Cromogenia,MDU4075B.E-TO,MDU4075B.E,MDU4075B,3000.0,6613.8,3000.0,13560.0,14450.7998,13560.0
1,OV,OP,00020,22000058,22000819,3.0,2022-03-01T00:00:00,2022-03-01T00:00:00,2022-03-01T00:00:00,324808,Cromogenia,MDU2012B.E-TO,MDU2012B.E,MDU2012B,6000.0,13227.6,6000.0,23460.0,26045.4984,23460.0
1,OV,OP,00020,22000230,22004385,3.0,2022-11-08T00:00:00,2022-11-08T00:00:00,2022-11-08T00:00:00,324808,Cromogenia,MDU440B.E-TO,MDU440B.E,MDU440B,6000.0,13227.6,6000.0,28320.0,28568.1993,28320.0
1,OV,OP,00020,22000401,22002380,3.0,2022-06-09T00:00:00,2022-06-09T00:00:00,2022-06-09T00:00:00,324808,Cromogenia,MDU2012B.E-TO,MDU2012B.E,MDU2012B,2000.0,4409.2,2000.0,7820.0,8333.7208,7820.0
1,OV,OP,00020,22001473,23000161,3.0,2023-01-11T00:00:00,2023-01-11T00:00:00,2023-01-11T00:00:00,324808,Cromogenia,201118CX.E-TO,201118CX.E,201118CX,1000.0,2204.6,1000.0,4120.0,4426.6693,4120.0
1,OV,OP,00020,22001843,23000940,3.0,2023-03-21T00:00:00,2023-03-21T00:00:00,2023-03-21T00:00:00,324808,Cromogenia,MDU4075B.E-TO,MDU4075B.E,MDU4075B,1000.0,2204.6,1000.0,4500.0,4846.6422,4500.0
1,OV,OP,00020,23000057,23001132,3.0,2023-04-04T00:00:00,2023-04-04T00:00:00,2023-04-04T00:00:00,324808,Cromogenia,MDU4075B.E-TO,MDU4075B.E,MDU4075B,5000.0,11023.0,5000.0,22500.0,24641.1652,22500.0
1,OV,OP,00020,23000136,23001130,3.0,2023-04-04T00:00:00,2023-04-04T00:00:00,2023-04-04T00:00:00,324808,Cromogenia,MDU4075B.E-TO,MDU4075B.E,MDU4075B,1000.0,2204.6,1000.0,4500.0,4928.233,4500.0
1,OV,OP,00020,23001266,24000838,3.0,2024-03-25T00:00:00,2024-03-25T00:00:00,2024-03-25T00:00:00,324808,Cromogenia,MDU4075B.E-TO,MDU4075B.E,MDU4075B,2000.0,4409.2,2000.0,8000.0,8669.9288,8000.0
1,OV,OP,00020,23001336,24001331,3.0,2024-05-17T00:00:00,2024-05-17T00:00:00,2024-05-17T00:00:00,324808,Cromogenia,MDU4075B.E-TO,MDU4075B.E,MDU4075B,2000.0,4409.2,2000.0,8000.0,8694.6184,8000.0
1,OV,OP,00020,24000352,24001969,3.0,2024-07-16T00:00:00,2024-07-16T00:00:00,2024-07-16T00:00:00,324808,Cromogenia,MDU4075B.E-LP,MDU4075B.E,MDU4075B,960.0,2116.416,960.0,3590.4,3908.0883,3590.4
1,OV,OP,00020,24000544,24001970,3.0,2024-07-16T00:00:00,2024-07-16T00:00:00,2024-07-16T00:00:00,324808,Cromogenia,MDU4075B.E-TO,MDU4075B.E,MDU4075B,2000.0,4409.2,2000.0,7400.0,8054.772,7400.0
1,OV,OP,00020,24000737,24002171,3.0,2024-08-06T00:00:00,2024-08-06T00:00:00,2024-08-06T00:00:00,324808,Cromogenia,MDU4075B.E-TO,MDU4075B.E,MDU4075B,4000.0,8818.4,4000.0,14800.0,16170.2772,14800.0
1,OV,OP,00020,24001594,25000551,3.0,2025-02-17T00:00:00,2025-02-17T00:00:00,2025-02-17T00:00:00,301843,BIP (Oldbury) Limited,TNPP.E,TNPP.E,TNPP,40.0,88.184,40.0,324.0,339.5227,324.0
1,OV,OP,00020,25000049,25000735,3.0,2025-03-06T00:00:00,2025-03-06T00:00:00,2025-03-06T00:00:00,327516,ERCA Advanced Polymer Solutions SRL,U802.E-TO,U802.E,U802,3000.0,6613.8,3000.0,16260.0,17589.9623,16260.0
1,OV,OP,00020,25000181,25001543,3.0,2025-06-04T00:00:00,2025-06-04T00:00:00,2025-06-04T00:00:00,324808,Cromogenia,MDU4075B.E-TO,MDU4075B.E,MDU4075B,5000.0,11023.0,5000.0,18500.0,21133.6544,18500.0
1,OV,OP,00010,177668,298554,3.0,2026-06-25T00:00:00,2026-06-25T00:00:00,2026-06-25T00:00:00,292788,Ortec Inc.,U2022,U2022,U2022,144.0,144.0,65.3184,473.9,473.9,416.2752
1,OV,OP,00010,177545,299383,3.0,2026-07-14T00:00:00,2026-07-14T00:00:00,2026-07-14T00:00:00,292788,Ortec Inc.,U701,U701,U701,111.0,111.0,50.3496,446.33,446.33,390.6009
1,OV,OP,00010,138267,225509,3.0,2022-03-28T00:00:00,2022-03-28T00:00:00,2022-03-28T00:00:00,292788,Ortec Inc.,APT10-T2,APT10,APT10,43395.0,43395.0,19683.972,128188.83,128188.83,116801.2394
1,OV,OP,00010,145130,252145,3.0,2023-08-24T00:00:00,2023-08-24T00:00:00,2023-08-24T00:00:00,292774,"Ascent Chemicals Danville, Inc.",HP1632-T2,HP1632,HP1632,8820.0,8820.0,4000.752,71089.2,71089.2,65662.8547
1,OV,OP,00010,148765,247134,3.0,2023-05-16T00:00:00,2023-05-16T00:00:00,2023-05-16T00:00:00,317501,EPS,161190PX-T2,161190PX,161190PX,5400.0,5400.0,2449.44,6242.4,6242.4,5746.9195
1,OV,OP,00010,135734,226434,3.0,2022-04-13T00:00:00,2022-04-13T00:00:00,2022-04-13T00:00:00,322114,"Granite Packaging, LLC",??????,,,1.0,1.0,0.4536,0.0,0.0,0.0
1,OV,OP,00010,125679,209661,3.0,2021-07-13T00:00:00,2021-07-13T00:00:00,2021-07-13T00:00:00,292774,"Ascent Chemicals Danville, Inc.",??????,,,1.0,1.0,0.4536,0.0,0.0,0.0
1,OV,OP,00010,127522,209705,3.0,2021-07-13T00:00:00,2021-07-13T00:00:00,2021-07-13T00:00:00,292774,"Ascent Chemicals Danville, Inc.",??????,,,1.0,1.0,0.4536,0.0,0.0,0.0
1,OV,OP,00010,136618,221343,3.0,2022-01-17T00:00:00,2022-01-17T00:00:00,2022-01-17T00:00:00,292774,"Ascent Chemicals Danville, Inc.",??????,,,1.0,1.0,0.4536,0.0,0.0,0.0
1,OV,OP,00010,137502,226109,3.0,2022-04-07T00:00:00,2022-04-07T00:00:00,2022-04-07T00:00:00,292774,"Ascent Chemicals Danville, Inc.",??????,,,1.0,1.0,0.4536,0.0,0.0,0.0
1,OV,OP,00010,139058,228649,3.0,2022-05-25T00:00:00,2022-05-25T00:00:00,2022-05-25T00:00:00,292774,"Ascent Chemicals Danville, Inc.",??????,,,1.0,1.0,0.4536,0.0,0.0,0.0
1,OV,OP,00010,115188,188246,3.0,2020-06-04T00:00:00,2020-06-04T00:00:00,2020-06-04T00:00:00,322114,"Granite Packaging, LLC",MD4020-C2,MD4020,MD4020,834.0,347.6946,157.7094,41.7,41.7,36.8412
1,OV,OP,00010,144320,237201,3.0,2022-10-28T00:00:00,2022-10-28T00:00:00,2022-10-28T00:00:00,322114,"Granite Packaging, LLC",UN750,UN750,UN750,1708.56,1708.56,775.0028159999999,205.03,205.03,206.3933
4,OV,OP,00020,20000689,20002544,3.0,2020-08-03T00:00:00,2020-08-03T00:00:00,2020-08-03T00:00:00,324808,Cromogenia,MDU4075B.E-LP,MDU4075B.E,MDU4075B,960.0,2116.416,960.0,3110.4,3654.3881,3110.4
4,OV,OP,00020,20001363,21000873,3.0,2021-02-25T00:00:00,2021-02-10T00:00:00,2021-02-25T00:00:00,301843,BIP (Oldbury) Limited,U802.E-TO,U802.E,U802,5000.0,11023.0,5000.0,13395.0,16378.8675,13395.0
4,OV,OP,00020,21000029,21004048,3.0,2021-11-10T00:00:00,2021-11-05T00:00:00,2021-11-10T00:00:00,324808,Cromogenia,MDU440B.E-LP,MDU440B.E,MDU440B,120.0,264.552,120.0,379.2,436.8061,379.2
4,OV,OP,00010,138267,225507,3.0,2022-03-28T00:00:00,2022-03-25T00:00:00,2022-03-28T00:00:00,292788,Ortec Inc.,APT10-T2,APT10,APT10,39600.0,39600.0,17962.56,116978.4,116978.4,106586.6823
4,OV,OP,00020,20000481,20002083,3.0,2020-06-04T00:00:00,2020-05-26T00:00:00,2020-06-04T00:00:00,324808,Cromogenia,MDU4075B.E-TO,MDU4075B.E,MDU4075B,944.0,2081.1424,944.0,2973.6,3365.7765,2973.6
4,OV,OP,00020,21000247,21001782,3.0,2021-05-18T00:00:00,2021-05-18T00:00:00,2021-05-18T00:00:00,324808,Cromogenia,MDU4075B.E-LP,MDU4075B.E,MDU4075B,360.0,793.6560000000001,360.0,1231.2,1502.3645,1231.2
4,OV,OP,00020,21000247,21001798,3.0,2021-05-18T00:00:00,2021-05-18T00:00:00,2021-05-18T00:00:00,324808,Cromogenia,MDU4075B.E-LP,MDU4075B.E,MDU4075B,480.0,1058.208,480.0,1641.6,2003.1527,1641.6
4,OV,OP,00020,21000247,21001782,3.0,2021-05-18T00:00:00,2021-05-18T00:00:00,2021-05-18T00:00:00,324808,Cromogenia,MDU4075B.E-LP,MDU4075B.E,MDU4075B,840.0,1851.864,840.0,2872.8,3505.5173,2872.8
4,OV,OP,00020,21000247,21001798,3.0,2021-05-18T00:00:00,2021-05-18T00:00:00,2021-05-18T00:00:00,324808,Cromogenia,MDU4075B.E-LP,MDU4075B.E,MDU4075B,840.0,1851.864,840.0,2872.8,3505.5173,2872.8
4,OV,OP,00020,21000817,21003555,3.0,2021-10-05T00:00:00,2021-10-04T00:00:00,2021-10-05T00:00:00,324808,Cromogenia,MDU4075B.E-LP,MDU4075B.E,MDU4075B,2280.0,5026.488,2280.0,8709.6,10111.4397,8709.6
4,OV,OP,00020,21000909,22002447,3.0,2022-06-10T00:00:00,2022-06-09T00:00:00,2022-06-10T00:00:00,324808,Cromogenia,MDU2012B.E-TO,MDU2012B.E,MDU2012B,6000.0,13227.6,6000.0,23460.0,24680.3329,23460.0
4,OV,OP,00020,21001266,22001922,3.0,2022-05-04T00:00:00,2022-04-27T00:00:00,2022-05-04T00:00:00,324808,Cromogenia,MDU4075B.E-LP,MDU4075B.E,MDU4075B,1200.0,2645.52,1200.0,5520.0,5817.7593,5520.0
4,OV,OP,00020,21001417,22001104,3.0,2022-03-16T00:00:00,2022-03-16T00:00:00,2022-03-16T00:00:00,324808,Cromogenia,MDU4075B.E-TO,MDU4075B.E,MDU4075B,1000.0,2204.6,1000.0,4520.0,4969.5515,4520.0
4,OV,OP,00020,23001266,24000837,3.0,2024-03-25T00:00:00,2024-03-25T00:00:00,2024-03-25T00:00:00,324808,Cromogenia,MDU4075B.E-TO,MDU4075B.E,MDU4075B,2000.0,4409.2,2000.0,8180.0,8865.0022,8180.0
1,OV,OP,00010,145130,252146,3.0,2023-08-24T00:00:00,2023-08-24T00:00:00,2023-08-24T00:00:00,292774,"Ascent Chemicals Danville, Inc.",HP1632-T2,HP1632,HP1632,8820.0,8820.0,4000.752,511.56,511.56,472.5119
1,OV,OP,00010,165372,277925,3.0,2025-02-20T00:00:00,2025-02-20T00:00:00,2025-02-20T00:00:00,292788,Ortec Inc.,U2022-OP,U2022,U2022,16650.0,16650.0,7552.44,1431.9,1431.9,1366.9629
1,OV,OP,00010,165550,278844,3.0,2025-03-12T00:00:00,2025-03-12T00:00:00,2025-03-12T00:00:00,292788,Ortec Inc.,U101,U101,U101,229.0,229.0,103.8744,19.69,19.69,18.0286
1,OV,OP,00010,166361,279594,3.0,2025-03-27T00:00:00,2025-03-27T00:00:00,2025-03-27T00:00:00,292788,Ortec Inc.,U601,U601,U601,243.0,243.0,110.2248,20.9,20.9,19.3535
1,OV,OP,00010,166454,280585,3.0,2025-04-17T00:00:00,2025-04-17T00:00:00,2025-04-17T00:00:00,292788,Ortec Inc.,MDU20,MDU20,MDU20,1227.0,1227.0,556.5672,105.52,105.52,92.8662
1,OV,OP,00010,166929,281434,3.0,2025-05-08T00:00:00,2025-05-08T00:00:00,2025-05-08T00:00:00,292788,Ortec Inc.,U601-OP,U601,U601,2250.0,2250.0,1020.6,101.25,101.25,90.022
1,OV,OP,00010,166930,281440,3.0,2025-05-08T00:00:00,2025-05-08T00:00:00,2025-05-08T00:00:00,292788,Ortec Inc.,U601-OP,U601,U601,2250.0,2250.0,1020.6,101.25,101.25,90.022
1,OV,OP,00010,166931,281553,3.0,2025-05-09T00:00:00,2025-05-09T00:00:00,2025-05-09T00:00:00,292788,Ortec Inc.,U601-OP,U601,U601,2250.0,2250.0,1020.6,101.25,101.25,89.8385
1,OV,OP,00010,169429,285138,3.0,2025-07-30T00:00:00,2025-07-30T00:00:00,2025-07-30T00:00:00,292788,Ortec Inc.,U2022,U2022,U2022,158.0,158.0,71.6688,6.32,6.32,5.5108
1,OV,OP,00010,169780,285142,3.0,2025-07-30T00:00:00,2025-07-30T00:00:00,2025-07-30T00:00:00,292788,Ortec Inc.,MDU20,MDU20,MDU20,1441.0,1441.0,653.6376,57.64,57.64,50.2602
1,OV,OP,00010,120791,185795,3.0,2020-04-07T00:00:00,2020-04-07T00:00:00,2020-04-07T00:00:00,326444,Essential Polymers,FERSUL7W,FERSUL7W,FERSUL7W,0.6989,0.6989,0.31702104,0.07,0.07,0.0644
1,OV,OP,00010,121849,188034,3.0,2020-06-01T00:00:00,2020-06-01T00:00:00,2020-06-01T00:00:00,331380,Ascent Industries Co.,WD40-UN,WD40,WD40,11550.0,11550.0,5239.08,693.0,693.0,623.0443
1,OV,OP,00010,121849,188034,3.0,2020-06-01T00:00:00,2020-06-01T00:00:00,2020-06-01T00:00:00,331380,Ascent Industries Co.,WD40-UN,WD40,WD40,16800.0,16800.0,7620.4800000000005,1008.0,1008.0,906.2462
1,OV,OP,00010,137796,223178,3.0,2022-02-17T00:00:00,2022-02-17T00:00:00,2022-02-17T00:00:00,324962,Ascent Industries Co.,161017CX,161017CX,161017CX,200.0,200.0,90.72,24.0,24.0,21.1192
1,OV,OP,00010,138267,225510,3.0,2022-03-28T00:00:00,2022-03-28T00:00:00,2022-03-28T00:00:00,292788,Ortec Inc.,APT10-T2,APT10,APT10,43395.0,43395.0,19683.972,3471.6,3471.6,3163.2021
1,OV,OP,00010,160698,270230,3.0,2024-08-30T00:00:00,2024-08-30T00:00:00,2024-08-30T00:00:00,292788,Ortec Inc.,U701,U701,U701,350.0,350.0,158.76,27.72,27.72,25.0616
1,OV,OP,00010,161788,271020,3.0,2024-09-19T00:00:00,2024-09-19T00:00:00,2024-09-19T00:00:00,292788,Ortec Inc.,U701,U701,U701,324.0,324.0,146.9664,25.66,25.66,23.0215
1,OV,OP,00010,161854,272898,3.0,2024-10-29T00:00:00,2024-10-29T00:00:00,2024-10-29T00:00:00,328143,Coatings & Adhesives Corporation,DPE3500-T2,DPE3500,DPE3500,25300.0,25300.0,11476.08,2003.76,2003.76,1855.8731
1,OV,OP,00010,162008,272944,3.0,2024-10-30T00:00:00,2024-10-30T00:00:00,2024-10-30T00:00:00,292788,Ortec Inc.,U2022-OP,U2022,U2022,16650.0,16650.0,7552.44,1318.68,1318.68,1213.8124
1,OV,OP,00010,163069,274524,3.0,2024-12-03T00:00:00,2024-12-03T00:00:00,2024-12-03T00:00:00,292788,Ortec Inc.,U2022,U2022,U2022,208.0,208.0,94.3488,16.47,16.47,15.6592
1,OV,OP,00010,163177,275036,3.0,2024-12-13T00:00:00,2024-12-13T00:00:00,2024-12-13T00:00:00,292788,Ortec Inc.,U502,U502,U502,158.0,158.0,71.6688,12.51,12.51,11.9167
1,OV,OP,00010,168265,283452,3.0,2025-06-20T00:00:00,2025-06-20T00:00:00,2025-06-20T00:00:00,292788,Ortec Inc.,U101,U101,U101,372.0,372.0,168.7392,16.74,16.74,14.5319
1,OV,OP,00010,170233,290669,3.0,2025-12-10T00:00:00,2025-12-10T00:00:00,2025-12-10T00:00:00,292774,"Ascent Chemicals Danville, Inc.",HP1632-T2,HP1632,HP1632,13230.0,13230.0,6001.128,529.2,529.2,454.2598
1,OV,OP,00010,172078,289163,3.0,2025-11-05T00:00:00,2025-11-05T00:00:00,2025-11-05T00:00:00,292788,Ortec Inc.,U2022,U2022,U2022,176.0,176.0,79.8336,7.04,7.04,6.1303
1,OV,OP,00010,172130,289884,3.0,2025-11-21T00:00:00,2025-11-21T00:00:00,2025-11-21T00:00:00,292788,Ortec Inc.,U101,U101,U101,260.0,260.0,117.936,10.4,10.4,9.0396
1,OV,OP,00010,172358,289880,3.0,2025-11-21T00:00:00,2025-11-21T00:00:00,2025-11-21T00:00:00,292788,Ortec Inc.,MDU20,MDU20,MDU20,1045.0,1045.0,474.012,41.8,41.8,36.3323
1,OV,OP,00010,173146,290702,3.0,2025-12-11T00:00:00,2025-12-11T00:00:00,2025-12-11T00:00:00,292788,Ortec Inc.,U601,U601,U601,162.0,162.0,73.4832,6.48,6.48,5.5125
1,OV,OP,00010,173564,294052,3.0,2026-03-06T00:00:00,2026-03-06T00:00:00,2026-03-06T00:00:00,292774,"Ascent Chemicals Danville, Inc.",HP1632,HP1632,HP1632,1034.0,1034.0,469.0224,41.36,41.36,35.6365
1,OV,OP,00010,174999,294579,3.0,2026-03-20T00:00:00,2026-03-20T00:00:00,2026-03-20T00:00:00,292788,Ortec Inc.,U701,U701,U701,147.0,147.0,66.6792,5.88,5.88,5.0934
1,OV,OP,00010,176054,296114,3.0,2026-04-28T00:00:00,2026-04-28T00:00:00,2026-04-28T00:00:00,292788,Ortec Inc.,U701,U701,U701,223.0,223.0,101.1528,11.15,11.15,9.5188
1,OV,OP,00010,176619,297001,3.0,2026-05-21T00:00:00,2026-05-21T00:00:00,2026-05-21T00:00:00,292788,Ortec Inc.,U701,U701,U701,238.0,238.0,107.9568,11.9,11.9,10.2685
4,OV,OP,00010,138267,225508,3.0,2022-03-28T00:00:00,2022-03-25T00:00:00,2022-03-28T00:00:00,292788,Ortec Inc.,APT10-T2,APT10,APT10,39600.0,39600.0,17962.56,3168.0,3168.0,2886.5723
1,OV,OP,00010,177668,298555,3.0,2026-06-25T00:00:00,2026-06-25T00:00:00,2026-06-25T00:00:00,292788,Ortec Inc.,U2022,U2022,U2022,144.0,144.0,65.3184,7.2,7.2,6.3245
1,OV,OP,00010,177545,299384,3.0,2026-07-14T00:00:00,2026-07-14T00:00:00,2026-07-14T00:00:00,292788,Ortec Inc.,U701,U701,U701,111.0,111.0,50.3496,5.55,5.55,4.857
1,OV,OP,00010,143650,234574,3.0,2022-09-02T00:00:00,2022-09-02T00:00:00,2022-09-02T00:00:00,322114,"Granite Packaging, LLC",CRTNWHITE,CRTNWHITE,CRTNWHITE,2600.0,2600.0,1179.36,312.0,312.0,311.0735
2,PV,OP,00010,144320,22021077,3.0,2022-10-28T00:00:00,2022-10-28T00:00:00,2022-11-15T00:00:00,322114,"Granite Packaging, LLC",UN750,UN750,UN750,1708.56,1708.56,775.0028159999999,14914.53,14914.53,14381.3132
3,PV,OP,00010,144320,22021071,3.0,2022-10-28T00:00:00,2022-10-28T00:00:00,2022-11-15T00:00:00,322114,"Granite Packaging, LLC",UN750,UN750,UN750,1708.56,1708.56,775.0028159999999,14914.53,14914.53,14381.3132
2,PV,OP,00010,138267,22005641,3.0,2022-03-28T00:00:00,2022-03-28T00:00:00,2022-04-06T00:00:00,292788,Ortec Inc.,APT10-T2,APT10,APT10,43395.0,43395.0,19683.972,128188.83,128188.83,117484.6012
2,PV,OP,00010,170233,25018210,3.0,2025-12-10T00:00:00,2025-12-10T00:00:00,2025-12-11T00:00:00,292774,"Ascent Chemicals Danville, Inc.",HP1632-T2,HP1632,HP1632,13230.0,13230.0,6001.128,96579.0,96579.0,82159.8422
1,OV,OD,00010,2007,235574,3.0,2022-09-22T00:00:00,2022-09-22T00:00:00,2022-09-22T00:00:00,324962,Ascent Industries Co.,??????,,,-1.0,-470.0,-200.0,-899.5,-899.5,-914.195
2,PV,OD,00010,2007,22016449,3.0,2022-09-22T00:00:00,2022-09-22T00:00:00,2022-09-22T00:00:00,324962,Ascent Industries Co.,??????,,,-1.0,-470.0,-200.0,-899.5,-899.5,-914.195
2,PV,OD,00010,2012,23023417,3.0,2023-11-27T00:00:00,1900-01-01T00:00:00,2023-12-15T00:00:00,328211,"BPI Packaging, LLC",??????,,,0.0,0.0,0.0,85.02,85.02,77.956
1,OV,OD,00010,2007,235575,3.0,2022-09-22T00:00:00,2022-09-22T00:00:00,2022-09-22T00:00:00,324962,Ascent Industries Co.,??????,,,-1.0,-470.0,-200.0,0.0,0.0,0.0
1,OV,OD,00010,2000,236005,3.0,2022-09-30T00:00:00,2022-09-30T00:00:00,2022-09-30T00:00:00,328211,"BPI Packaging, LLC",MD4021-C2,MD4021,MD4021,16848.0,7023.9312,3185.9568,96033.6,96033.6,98115.3684
2,PV,OD,00010,2000,22017404,3.0,2022-09-30T00:00:00,2022-09-30T00:00:00,2022-09-30T00:00:00,328211,"BPI Packaging, LLC",MD4021-C2,MD4021,MD4021,16848.0,7023.9312,3185.9568,96033.6,96033.6,98115.3684
2,PV,OP,00010,139058,22010225,4.0,2022-07-01T00:00:00,2022-07-01T00:00:00,2022-07-02T00:00:00,292774,"Ascent Chemicals Danville, Inc.",??????,,,1.0,1.0,0.4536,4656.03,4656.03,4465.2622
2,PV,OP,00020,23000057,23000857,4.0,2023-01-12T00:00:00,1900-01-01T00:00:00,2023-03-29T00:00:00,324808,Cromogenia,??????,,,0.0,0.0,0.0,120.0,129.916,120.0
2,PV,OP,00010,121948,21011173,4.0,2020-05-21T00:00:00,1900-01-01T00:00:00,2021-06-14T00:00:00,328211,"BPI Packaging, LLC",??????,,,0.0,0.0,0.0,-1024.57,-1024.57,-844.8796
2,PV,OP,00010,127522,21013156,4.0,2021-07-14T00:00:00,2021-07-14T00:00:00,2021-07-14T00:00:00,292774,"Ascent Chemicals Danville, Inc.",??????,,,1.0,1.0,0.4536,3722.57,3722.57,3148.1644
2,PV,OP,00010,131573,21016177,4.0,2021-06-10T00:00:00,1900-01-01T00:00:00,2021-08-17T00:00:00,328211,"BPI Packaging, LLC",??????,,,0.0,0.0,0.0,-293.21,-293.21,-250.3194
2,PV,OP,00020,20000481,20001401,4.0,2020-03-30T00:00:00,1900-01-01T00:00:00,2020-06-16T00:00:00,324808,Cromogenia,??????,,,0.0,0.0,0.0,179.2,201.7114,179.2
2,PV,OP,00020,20000438,20002058,4.0,2020-09-07T00:00:00,2020-06-16T00:00:00,2020-09-07T00:00:00,301843,BIP (Oldbury) Limited,??????,,,10146.0,10146.0,4602.2256,8116.8,9593.1209,8116.8
1,OV,OP,00010,135567,216963,4.0,2021-11-04T00:00:00,2021-11-04T00:00:00,2021-11-04T00:00:00,328211,"BPI Packaging, LLC",??????,,,8280.0,8280.0,3755.808,8287.45,8287.45,7179.1146
1,OV,OP,00010,127522,209770,4.0,2021-07-14T00:00:00,2021-07-14T00:00:00,2021-07-14T00:00:00,292774,"Ascent Chemicals Danville, Inc.",??????,,,1.0,1.0,0.4536,3722.57,3722.57,3148.1644
1,OV,OP,00020,20000438,20002878,4.0,2020-09-07T00:00:00,2020-06-16T00:00:00,2020-09-07T00:00:00,301843,BIP (Oldbury) Limited,??????,,,10146.0,10146.0,4602.2256,8116.8,9593.1209,8116.8
1,OV,OP,00010,139058,230893,4.0,2022-07-01T00:00:00,2022-07-01T00:00:00,2022-07-01T00:00:00,292774,"Ascent Chemicals Danville, Inc.",??????,,,1.0,1.0,0.4536,4656.03,4656.03,4472.1569
2,PV,OP,00010,143650,22015783,4.0,2022-09-02T00:00:00,2022-09-02T00:00:00,2022-09-12T00:00:00,322114,"Granite Packaging, LLC",CADCRTNCLEAR,CADCRTNCLEAR,CADCRTNCLEAR,7768.0,7768.0,7768.0,6991.2,6991.2,6905.8374
1,OV,OP,00010,143650,234573,4.0,2022-09-02T00:00:00,2022-09-02T00:00:00,2022-09-02T00:00:00,322114,"Granite Packaging, LLC",CADCRTNCLEAR,CADCRTNCLEAR,CADCRTNCLEAR,7768.0,7768.0,7768.0,6991.2,6991.2,6970.4389
1,OV,OP,00020,21000028,21000769,4.0,2021-02-16T00:00:00,2021-02-16T00:00:00,2021-02-16T00:00:00,324808,Cromogenia,MDU4075B.E-LP,MDU4075B.E,MDU4075B,360.0,793.6560000000001,360.0,1166.4,1412.2908,1166.4
1,OV,OP,00020,21000885,21003695,4.0,2021-10-12T00:00:00,2021-10-11T00:00:00,2021-10-12T00:00:00,324808,Cromogenia,MDU4075B.E-TO,MDU4075B.E,MDU4075B,2000.0,4409.2,2000.0,7460.0,8608.7266,7460.0
1,OV,OP,00020,21001426,22002378,4.0,2022-06-09T00:00:00,2022-06-09T00:00:00,2022-06-09T00:00:00,324808,Cromogenia,MDU4075B.E-LP,MDU4075B.E,MDU4075B,240.0,529.104,240.0,1104.0,1176.5253,1104.0
1,OV,OP,00020,22001087,22003996,4.0,2022-09-29T00:00:00,2022-09-29T00:00:00,2022-09-29T00:00:00,327516,ERCA Advanced Polymer Solutions SRL,U502.E,U502.E,U502,300.0,661.38,300.0,1350.0,1319.6997,1350.0
1,OV,OP,00020,22001843,23001131,4.0,2023-04-04T00:00:00,2023-04-04T00:00:00,2023-04-04T00:00:00,324808,Cromogenia,MDU4075B.E-TO,MDU4075B.E,MDU4075B,2000.0,4409.2,2000.0,9000.0,9856.4661,9000.0
2,PV,OP,00020,21000028,21000447,4.0,2021-02-16T00:00:00,2021-02-16T00:00:00,2021-02-25T00:00:00,324808,Cromogenia,MDU4075B.E-LP,MDU4075B.E,MDU4075B,360.0,793.6560000000001,360.0,1166.4,1426.227,1166.4
2,PV,OP,00020,21000885,21002765,4.0,2021-10-12T00:00:00,2021-10-11T00:00:00,2021-10-12T00:00:00,324808,Cromogenia,MDU4075B.E-TO,MDU4075B.E,MDU4075B,2000.0,4409.2,2000.0,7460.0,8608.7266,7460.0
2,PV,OP,00020,21001426,22001690,4.0,2022-06-09T00:00:00,2022-06-09T00:00:00,2022-06-10T00:00:00,324808,Cromogenia,MDU4075B.E-LP,MDU4075B.E,MDU4075B,240.0,529.104,240.0,1104.0,1161.4274,1104.0
2,PV,OP,00020,22001087,22002833,4.0,2022-09-29T00:00:00,2022-09-29T00:00:00,2022-09-30T00:00:00,327516,ERCA Advanced Polymer Solutions SRL,U502.E,U502.E,U502,300.0,661.38,300.0,1350.0,1321.3564,1350.0
2,PV,OP,00020,22001843,23000921,4.0,2023-04-04T00:00:00,2023-04-04T00:00:00,2023-04-04T00:00:00,324808,Cromogenia,MDU4075B.E-TO,MDU4075B.E,MDU4075B,2000.0,4409.2,2000.0,9000.0,9856.4661,9000.0
2,PV,OP,00010,120791,20005115,4.0,2020-04-07T00:00:00,2020-04-07T00:00:00,2020-04-09T00:00:00,326444,Essential Polymers,EMA3065,EMA3065,EMA3065,15.0,15.0,6.804,41.07,41.07,37.5615
2,PV,OP,00010,120791,20005115,4.0,2020-04-07T00:00:00,2020-04-07T00:00:00,2020-04-09T00:00:00,326444,Essential Polymers,EMA3065,EMA3065,EMA3065,411.8,411.8,186.79248,1127.51,1127.51,1031.1896
2,PV,OP,00010,135731,22005838,4.0,2022-04-06T00:00:00,2022-04-06T00:00:00,2022-04-12T00:00:00,322114,"Granite Packaging, LLC",MD4020-C2,MD4020,MD4020,14106.0,5880.7914,2667.4446,48947.82,48947.82,45094.9168
2,PV,OP,00010,139002,22007909,4.0,2022-05-19T00:00:00,2022-05-19T00:00:00,2022-05-20T00:00:00,292788,Ortec Inc.,APT10-T2,APT10,APT10,42724.0,42724.0,19379.6064,129325.55,129325.55,122439.3783
2,PV,OP,00010,160789,24011736,4.0,2024-08-16T00:00:00,2024-08-16T00:00:00,2024-08-19T00:00:00,292788,Ortec Inc.,U201,U201,U201,1711.0,1711.0,776.1096,5153.53,5153.53,4655.4243
2,PV,OP,00010,161435,24013224,4.0,2024-09-19T00:00:00,2024-09-19T00:00:00,2024-09-19T00:00:00,292788,Ortec Inc.,MDU20,MDU20,MDU20,1340.0,1340.0,607.824,4001.24,4001.24,3589.8073
2,PV,OP,00010,161854,24015304,4.0,2024-10-29T00:00:00,2024-10-29T00:00:00,2024-11-04T00:00:00,328143,Coatings & Adhesives Corporation,DPE3500-T2,DPE3500,DPE3500,11500.0,11500.0,5216.4,18400.0,18400.0,16906.8915
2,PV,OP,00010,162008,24015305,4.0,2024-10-30T00:00:00,2024-10-30T00:00:00,2024-11-04T00:00:00,292788,Ortec Inc.,U2022,U2022,U2022,241.0,241.0,109.3176,752.16,752.16,691.1243
2,PV,OP,00010,164555,25001110,4.0,2025-01-17T00:00:00,2025-01-17T00:00:00,2025-01-21T00:00:00,292788,Ortec Inc.,U701-OP,U701,U701,9450.0,9450.0,4286.52,41419.35,41419.35,39741.4687
2,PV,OP,00010,164770,25001646,4.0,2025-01-29T00:00:00,2025-01-29T00:00:00,2025-01-30T00:00:00,292788,Ortec Inc.,MDU20,MDU20,MDU20,1399.0,1399.0,634.5864,4177.41,4177.41,4009.3048
2,PV,OP,00010,166929,25006703,4.0,2025-05-08T00:00:00,2025-05-08T00:00:00,2025-05-13T00:00:00,292788,Ortec Inc.,U601-OP,U601,U601,1750.0,1750.0,793.8,4823.0,4823.0,4315.4868
2,PV,OP,00010,166930,25006704,4.0,2025-05-08T00:00:00,2025-05-08T00:00:00,2025-05-13T00:00:00,292788,Ortec Inc.,U601-OP,U601,U601,2200.0,2200.0,997.92,6063.2,6063.2,5425.1834
2,PV,OP,00020,20000362,20001781,4.0,2020-07-29T00:00:00,2020-07-29T00:00:00,2020-07-31T00:00:00,324808,Cromogenia,MDU4075B.E-TO,MDU4075B.E,MDU4075B,10000.0,22046.0,10000.0,31500.0,37230.71,31500.0
2,PV,OP,00020,20000689,20002325,4.0,2020-10-08T00:00:00,2020-10-08T00:00:00,2020-10-12T00:00:00,324808,Cromogenia,MDU4075B.E-TO,MDU4075B.E,MDU4075B,4000.0,8818.4,4000.0,12600.0,14875.9241,12600.0
2,PV,OP,00020,20001315,21000156,4.0,2021-01-11T00:00:00,2021-01-11T00:00:00,2021-01-25T00:00:00,324808,Cromogenia,MDU4075B.E-TO,MDU4075B.E,MDU4075B,3000.0,6613.8,3000.0,9450.0,11469.6748,9450.0
2,PV,OP,00020,21000029,21003047,4.0,2021-11-10T00:00:00,2021-11-05T00:00:00,2021-11-15T00:00:00,324808,Cromogenia,MDU440B.E-LP,MDU440B.E,MDU440B,120.0,264.552,120.0,368.4,420.647,368.4
2,PV,OP,00020,21000247,21002198,4.0,2021-08-05T00:00:00,2021-08-05T00:00:00,2021-08-21T00:00:00,324808,Cromogenia,MDU4075B.E-LP,MDU4075B.E,MDU4075B,1080.0,2380.9680000000003,1080.0,3499.2,4094.1924,3499.2
2,PV,OP,00020,21000817,21002765,4.0,2021-10-11T00:00:00,2021-10-11T00:00:00,2021-10-12T00:00:00,324808,Cromogenia,MDU4075B.E-TO,MDU4075B.E,MDU4075B,3000.0,6613.8,3000.0,10230.0,11805.2645,10230.0
2,PV,OP,00020,21000999,22000348,4.0,2022-02-03T00:00:00,2022-02-03T00:00:00,2022-02-09T00:00:00,324808,Cromogenia,MDU4075B.E-TO,MDU4075B.E,MDU4075B,3000.0,6613.8,3000.0,13560.0,15500.7533,13560.0
2,PV,OP,00020,21001060,22000899,4.0,2022-03-03T00:00:00,2022-03-03T00:00:00,2022-03-30T00:00:00,324808,Cromogenia,MDU4075B.E-LP,MDU4075B.E,MDU4075B,120.0,264.552,120.0,553.2,617.5801,553.2
2,PV,OP,00020,21001266,22000973,4.0,2022-03-30T00:00:00,2022-03-30T00:00:00,2022-04-05T00:00:00,324808,Cromogenia,MDU4075B.E-LP,MDU4075B.E,MDU4075B,1800.0,3968.28,1800.0,8298.0,9063.8581,8298.0
2,PV,OP,00020,21001417,22001082,4.0,2022-04-11T00:00:00,2022-03-31T00:00:00,2022-04-12T00:00:00,324808,Cromogenia,MDU4075B.E-TO,MDU4075B.E,MDU4075B,9000.0,19841.4,9000.0,40590.0,44058.0015,40590.0
2,PV,OP,00020,22000058,22001305,4.0,2022-05-03T00:00:00,2022-05-03T00:00:00,2022-05-04T00:00:00,324808,Cromogenia,MDU2012B.E-LP,MDU2012B.E,MDU2012B,240.0,529.104,240.0,960.0,1011.7842,960.0
2,PV,OP,00020,22001473,23000259,4.0,2023-01-31T00:00:00,2023-01-31T00:00:00,2023-01-31T00:00:00,324808,Cromogenia,201118CX.E-LP,201118CX.E,201118CX,240.0,529.104,240.0,988.8,1073.6416,988.8
2,PV,OP,00020,23000136,23002047,4.0,2023-07-25T00:00:00,2023-07-25T00:00:00,2023-07-28T00:00:00,324808,Cromogenia,MDU4075B.E-LP,MDU4075B.E,MDU4075B,3600.0,7936.56,3600.0,16524.0,18239.6935,16524.0
2,PV,OP,00020,24000352,24001752,4.0,2024-08-06T00:00:00,2024-08-06T00:00:00,2024-08-08T00:00:00,324808,Cromogenia,MDU4075B.E-LP,MDU4075B.E,MDU4075B,600.0,1322.76,600.0,2244.0,2448.8469,2244.0
2,PV,OP,00020,24001594,25000378,4.0,2025-02-17T00:00:00,2025-02-17T00:00:00,2025-03-04T00:00:00,301843,BIP (Oldbury) Limited,BYK016.E,BYK016.E,BYK016,7.0,15.432200000000002,7.0,123.83,130.4403,123.83
1,OV,OP,00010,139002,228354,4.0,2022-05-19T00:00:00,2022-05-19T00:00:00,2022-05-19T00:00:00,292788,Ortec Inc.,APT10-T2,APT10,APT10,42724.0,42724.0,19379.6064,129325.55,129325.55,122180.2875
1,OV,OP,00010,120791,185794,4.0,2020-04-07T00:00:00,2020-04-07T00:00:00,2020-04-07T00:00:00,326444,Essential Polymers,EMA3065,EMA3065,EMA3065,15.0,15.0,6.804,41.07,41.07,37.7965
1,OV,OP,00010,120791,185794,4.0,2020-04-07T00:00:00,2020-04-07T00:00:00,2020-04-07T00:00:00,326444,Essential Polymers,EMA3065,EMA3065,EMA3065,2.2,2.2,0.9979200000000001,6.02,6.02,5.5402
1,OV,OP,00010,120791,185794,4.0,2020-04-07T00:00:00,2020-04-07T00:00:00,2020-04-07T00:00:00,326444,Essential Polymers,EMA3065,EMA3065,EMA3065,411.8,411.8,186.79248,1127.51,1127.51,1037.6416
1,OV,OP,00010,135731,226026,4.0,2022-04-06T00:00:00,2022-04-06T00:00:00,2022-04-06T00:00:00,322114,"Granite Packaging, LLC",MD4020-C2,MD4020,MD4020,14106.0,5880.7914,2667.4446,48947.82,48947.82,44860.5008
1,OV,OP,00010,160789,269589,4.0,2024-08-16T00:00:00,2024-08-16T00:00:00,2024-08-16T00:00:00,292788,Ortec Inc.,U201,U201,U201,1711.0,1711.0,776.1096,5153.53,5153.53,4686.732
1,OV,OP,00010,161435,271015,4.0,2024-09-19T00:00:00,2024-09-19T00:00:00,2024-09-19T00:00:00,292788,Ortec Inc.,MDU20,MDU20,MDU20,1340.0,1340.0,607.824,4001.24,4001.24,3589.8073
1,OV,OP,00010,161854,272897,4.0,2024-10-29T00:00:00,2024-10-29T00:00:00,2024-10-29T00:00:00,328143,Coatings & Adhesives Corporation,DPE3500-T2,DPE3500,DPE3500,11500.0,11500.0,5216.4,18400.0,18400.0,17041.9935
1,OV,OP,00010,162008,272943,4.0,2024-10-30T00:00:00,2024-10-30T00:00:00,2024-10-30T00:00:00,292788,Ortec Inc.,U2022,U2022,U2022,241.0,241.0,109.3176,752.16,752.16,692.3447
1,OV,OP,00010,164555,276445,4.0,2025-01-17T00:00:00,2025-01-17T00:00:00,2025-01-17T00:00:00,292788,Ortec Inc.,U701-OP,U701,U701,9450.0,9450.0,4286.52,41419.35,41419.35,40267.5897
1,OV,OP,00010,164770,277002,4.0,2025-01-29T00:00:00,2025-01-29T00:00:00,2025-01-29T00:00:00,292788,Ortec Inc.,MDU20,MDU20,MDU20,1399.0,1399.0,634.5864,4177.41,4177.41,4010.1774
1,OV,OP,00010,166929,281435,4.0,2025-05-08T00:00:00,2025-05-08T00:00:00,2025-05-08T00:00:00,292788,Ortec Inc.,U601-OP,U601,U601,1750.0,1750.0,793.8,4823.0,4823.0,4288.1592
1,OV,OP,00010,166930,281441,4.0,2025-05-08T00:00:00,2025-05-08T00:00:00,2025-05-08T00:00:00,292788,Ortec Inc.,U601-OP,U601,U601,2200.0,2200.0,997.92,6063.2,6063.2,5390.8287
1,OV,OP,00020,20000362,20002520,4.0,2020-07-29T00:00:00,2020-07-29T00:00:00,2020-07-29T00:00:00,324808,Cromogenia,MDU4075B.E-TO,MDU4075B.E,MDU4075B,10000.0,22046.0,10000.0,31500.0,37071.301,31500.0
1,OV,OP,00020,20000689,20003166,4.0,2020-10-08T00:00:00,2020-10-08T00:00:00,2020-10-08T00:00:00,324808,Cromogenia,MDU4075B.E-TO,MDU4075B.E,MDU4075B,4000.0,8818.4,4000.0,12600.0,14808.1588,12600.0
1,OV,OP,00020,20001315,21000105,4.0,2021-01-11T00:00:00,2021-01-11T00:00:00,2021-01-11T00:00:00,324808,Cromogenia,MDU4075B.E-TO,MDU4075B.E,MDU4075B,3000.0,6613.8,3000.0,9450.0,11500.6793,9450.0
1,OV,OP,00020,21000029,21004049,4.0,2021-11-10T00:00:00,2021-11-05T00:00:00,2021-11-10T00:00:00,324808,Cromogenia,MDU440B.E-LP,MDU440B.E,MDU440B,120.0,264.552,120.0,368.4,424.3654,368.4
1,OV,OP,00020,21000247,21002690,4.0,2021-08-05T00:00:00,2021-08-05T00:00:00,2021-08-05T00:00:00,324808,Cromogenia,MDU4075B.E-LP,MDU4075B.E,MDU4075B,1080.0,2380.9680000000003,1080.0,3499.2,4142.5545,3499.2
1,OV,OP,00020,21000817,21003649,4.0,2021-10-11T00:00:00,2021-10-11T00:00:00,2021-10-11T00:00:00,324808,Cromogenia,MDU4075B.E-TO,MDU4075B.E,MDU4075B,3000.0,6613.8,3000.0,10230.0,11838.4905,10230.0
1,OV,OP,00020,21000999,22000542,4.0,2022-02-03T00:00:00,2022-02-03T00:00:00,2022-02-03T00:00:00,324808,Cromogenia,MDU4075B.E-TO,MDU4075B.E,MDU4075B,3000.0,6613.8,3000.0,13560.0,15493.2072,13560.0
1,OV,OP,00020,21001060,22000892,4.0,2022-03-03T00:00:00,2022-03-03T00:00:00,2022-03-03T00:00:00,324808,Cromogenia,MDU4075B.E-LP,MDU4075B.E,MDU4075B,120.0,264.552,120.0,553.2,611.5827,553.2
1,OV,OP,00020,21001266,22001289,4.0,2022-03-30T00:00:00,2022-03-30T00:00:00,2022-03-30T00:00:00,324808,Cromogenia,MDU4075B.E-LP,MDU4075B.E,MDU4075B,1800.0,3968.28,1800.0,8298.0,9263.7022,8298.0
1,OV,OP,00020,21001417,22001556,4.0,2022-04-11T00:00:00,2022-03-31T00:00:00,2022-04-11T00:00:00,324808,Cromogenia,MDU4075B.E-TO,MDU4075B.E,MDU4075B,9000.0,19841.4,9000.0,40590.0,44141.6331,40590.0
1,OV,OP,00020,22000058,22001901,4.0,2022-05-03T00:00:00,2022-05-03T00:00:00,2022-05-03T00:00:00,324808,Cromogenia,MDU2012B.E-LP,MDU2012B.E,MDU2012B,240.0,529.104,240.0,960.0,1011.1405,960.0
1,OV,OP,00020,22001473,23000403,4.0,2023-01-31T00:00:00,2023-01-31T00:00:00,2023-01-31T00:00:00,324808,Cromogenia,201118CX.E-LP,201118CX.E,201118CX,240.0,529.104,240.0,988.8,1073.6416,988.8
1,OV,OP,00020,23000136,23002412,4.0,2023-07-25T00:00:00,2023-07-25T00:00:00,2023-07-25T00:00:00,324808,Cromogenia,MDU4075B.E-LP,MDU4075B.E,MDU4075B,3600.0,7936.56,3600.0,16524.0,18257.1478,16524.0
1,OV,OP,00020,24000352,24002170,4.0,2024-08-06T00:00:00,2024-08-06T00:00:00,2024-08-06T00:00:00,324808,Cromogenia,MDU4075B.E-LP,MDU4075B.E,MDU4075B,600.0,1322.76,600.0,2244.0,2451.7637,2244.0
1,OV,OP,00020,24001594,25000549,4.0,2025-02-17T00:00:00,2025-02-17T00:00:00,2025-02-17T00:00:00,301843,BIP (Oldbury) Limited,BYK016.E,BYK016.E,BYK016,7.0,15.432200000000002,7.0,123.83,129.7626,123.83
1,OV,OP,00010,127522,209771,4.0,2021-07-14T00:00:00,2021-07-14T00:00:00,2021-07-14T00:00:00,292774,"Ascent Chemicals Danville, Inc.",??????,,,1.0,1.0,0.4536,0.0,0.0,0.0
1,OV,OP,00010,139058,230894,4.0,2022-07-01T00:00:00,2022-07-01T00:00:00,2022-07-01T00:00:00,292774,"Ascent Chemicals Danville, Inc.",??????,,,1.0,1.0,0.4536,0.0,0.0,0.0
4,OV,OP,00020,21000885,21003642,4.0,2021-10-11T00:00:00,2021-10-11T00:00:00,2021-10-11T00:00:00,324808,Cromogenia,MDU4075B.E-TO,MDU4075B.E,MDU4075B,1000.0,2204.6,1000.0,3410.0,3946.1635,3410.0
4,OV,OP,00020,21000885,21003652,4.0,2021-10-11T00:00:00,2021-10-11T00:00:00,2021-10-11T00:00:00,324808,Cromogenia,MDU4075B.E-TO,MDU4075B.E,MDU4075B,2000.0,4409.2,2000.0,6820.0,7892.327,6820.0
4,OV,OP,00020,21000885,21003692,4.0,2021-10-12T00:00:00,2021-10-11T00:00:00,2021-10-12T00:00:00,324808,Cromogenia,MDU4075B.E-TO,MDU4075B.E,MDU4075B,2000.0,4409.2,2000.0,6820.0,7870.1763,6820.0
4,OV,OP,00020,21000885,21003694,4.0,2021-10-12T00:00:00,2021-10-11T00:00:00,2021-10-12T00:00:00,324808,Cromogenia,MDU4075B.E-TO,MDU4075B.E,MDU4075B,2000.0,4409.2,2000.0,6820.0,7870.1763,6820.0
4,OV,OP,00010,139002,228352,4.0,2022-05-19T00:00:00,2022-05-17T00:00:00,2022-05-19T00:00:00,292788,Ortec Inc.,APT10-T2,APT10,APT10,5324.0,5324.0,2414.9664,17606.47,17606.47,16633.709
4,OV,OP,00010,139002,228352,4.0,2022-05-19T00:00:00,2022-05-17T00:00:00,2022-05-19T00:00:00,292788,Ortec Inc.,APT10-T2,APT10,APT10,37400.0,37400.0,16964.64,123681.8,123681.8,116848.3558
4,OV,OP,00020,21000029,21004048,4.0,2021-11-10T00:00:00,2021-11-05T00:00:00,2021-11-10T00:00:00,324808,Cromogenia,MDU440B.E-LP,MDU440B.E,MDU440B,120.0,264.552,120.0,379.2,436.8061,379.2
4,OV,OP,00020,21000817,21003643,4.0,2021-10-11T00:00:00,2021-10-11T00:00:00,2021-10-11T00:00:00,324808,Cromogenia,MDU4075B.E-TO,MDU4075B.E,MDU4075B,3000.0,6613.8,3000.0,10230.0,11838.4905,10230.0
4,OV,OP,00020,21000999,22000539,4.0,2022-02-03T00:00:00,2022-02-03T00:00:00,2022-02-03T00:00:00,324808,Cromogenia,MDU4075B.E-TO,MDU4075B.E,MDU4075B,3000.0,6613.8,3000.0,13560.0,15493.2072,13560.0
4,OV,OP,00020,21000999,22000541,4.0,2022-02-03T00:00:00,2022-02-03T00:00:00,2022-02-03T00:00:00,324808,Cromogenia,MDU4075B.E-TO,MDU4075B.E,MDU4075B,3000.0,6613.8,3000.0,13560.0,15493.2072,13560.0
4,OV,OP,00020,21001417,22001555,4.0,2022-04-11T00:00:00,2022-03-31T00:00:00,2022-04-11T00:00:00,324808,Cromogenia,MDU4075B.E-TO,MDU4075B.E,MDU4075B,9000.0,19841.4,9000.0,40680.0,44239.5081,40680.0
1,OV,OP,00010,164555,276446,4.0,2025-01-17T00:00:00,2025-01-17T00:00:00,2025-01-17T00:00:00,292788,Ortec Inc.,U701-OP,U701,U701,9450.0,9450.0,4286.52,812.7,812.7,790.101
1,OV,OP,00010,164770,277003,4.0,2025-01-29T00:00:00,2025-01-29T00:00:00,2025-01-29T00:00:00,292788,Ortec Inc.,MDU20,MDU20,MDU20,1399.0,1399.0,634.5864,120.31,120.31,115.4937
1,OV,OP,00010,166929,281436,4.0,2025-05-08T00:00:00,2025-05-08T00:00:00,2025-05-08T00:00:00,292788,Ortec Inc.,U601-OP,U601,U601,1750.0,1750.0,793.8,78.75,78.75,70.0171
1,OV,OP,00010,166930,281442,4.0,2025-05-08T00:00:00,2025-05-08T00:00:00,2025-05-08T00:00:00,292788,Ortec Inc.,U601-OP,U601,U601,2200.0,2200.0,997.92,99.0,99.0,88.0215
1,OV,OP,00010,120791,185795,4.0,2020-04-07T00:00:00,2020-04-07T00:00:00,2020-04-07T00:00:00,326444,Essential Polymers,EMA3065,EMA3065,EMA3065,15.0,15.0,6.804,1.5,1.5,1.3804
1,OV,OP,00010,120791,185795,4.0,2020-04-07T00:00:00,2020-04-07T00:00:00,2020-04-07T00:00:00,326444,Essential Polymers,EMA3065,EMA3065,EMA3065,2.2,2.2,0.9979200000000001,0.22,0.22,0.2025
1,OV,OP,00010,120791,185795,4.0,2020-04-07T00:00:00,2020-04-07T00:00:00,2020-04-07T00:00:00,326444,Essential Polymers,EMA3065,EMA3065,EMA3065,411.8,411.8,186.79248,41.18,41.18,37.8977
1,OV,OP,00010,135731,226027,4.0,2022-04-06T00:00:00,2022-04-06T00:00:00,2022-04-06T00:00:00,322114,"Granite Packaging, LLC",MD4020-C2,MD4020,MD4020,14106.0,5880.7914,2667.4446,705.3,705.3,646.4049
1,OV,OP,00010,139002,228355,4.0,2022-05-19T00:00:00,2022-05-19T00:00:00,2022-05-19T00:00:00,292788,Ortec Inc.,APT10-T2,APT10,APT10,42724.0,42724.0,19379.6064,3417.92,3417.92,3229.0792
1,OV,OP,00010,160789,269590,4.0,2024-08-16T00:00:00,2024-08-16T00:00:00,2024-08-16T00:00:00,292788,Ortec Inc.,U201,U201,U201,1711.0,1711.0,776.1096,135.51,135.51,123.2357
1,OV,OP,00010,161435,271016,4.0,2024-09-19T00:00:00,2024-09-19T00:00:00,2024-09-19T00:00:00,292788,Ortec Inc.,MDU20,MDU20,MDU20,1340.0,1340.0,607.824,106.13,106.13,95.217
1,OV,OP,00010,161854,272898,4.0,2024-10-29T00:00:00,2024-10-29T00:00:00,2024-10-29T00:00:00,328143,Coatings & Adhesives Corporation,DPE3500-T2,DPE3500,DPE3500,11500.0,11500.0,5216.4,910.8,910.8,843.5787
1,OV,OP,00010,162008,272944,4.0,2024-10-30T00:00:00,2024-10-30T00:00:00,2024-10-30T00:00:00,292788,Ortec Inc.,U2022,U2022,U2022,241.0,241.0,109.3176,19.09,19.09,17.5719
4,OV,OP,00010,139002,228353,4.0,2022-05-19T00:00:00,2022-05-17T00:00:00,2022-05-19T00:00:00,292788,Ortec Inc.,APT10-T2,APT10,APT10,5324.0,5324.0,2414.9664,425.92,425.92,402.3878
4,OV,OP,00010,139002,228353,4.0,2022-05-19T00:00:00,2022-05-17T00:00:00,2022-05-19T00:00:00,292788,Ortec Inc.,APT10-T2,APT10,APT10,37400.0,37400.0,16964.64,2992.0,2992.0,2826.6914
1,OV,OP,00010,143650,234574,4.0,2022-09-02T00:00:00,2022-09-02T00:00:00,2022-09-02T00:00:00,322114,"Granite Packaging, LLC",CADCRTNCLEAR,CADCRTNCLEAR,CADCRTNCLEAR,7768.0,7768.0,7768.0,932.16,932.16,929.3919
4,OV,OP,00020,20000438,20002877,4.0,2020-09-07T00:00:00,2020-06-16T00:00:00,2020-09-07T00:00:00,301843,BIP (Oldbury) Limited,??????,,,10196.0,10196.0,4624.9056,8156.8,9640.3963,8156.8
2,PV,OP,00010,120791,20005115,4.0,2020-04-07T00:00:00,2020-04-07T00:00:00,2020-04-09T00:00:00,326444,Essential Polymers,EMA3065,EMA3065,EMA3065,2.2,2.2,0.9979200000000001,6.02,6.02,5.5057
2,PV,OP,00010,135567,21021385,4.0,2021-11-04T00:00:00,2021-11-04T00:00:00,2021-11-04T00:00:00,328211,"BPI Packaging, LLC",??????,,,8280.0,8280.0,3755.808,8287.45,8287.45,7179.1146
1,OV,OP,00010,138746,228652,1.001,2022-05-25T00:00:00,2022-05-25T00:00:00,2022-05-25T00:00:00,292774,"Ascent Chemicals Danville, Inc.",??????,,,1.0,1.0,0.4536,9610.2,9610.2,9014.9375
1,OV,OP,00010,138746,231933,2.001,2022-07-19T00:00:00,2022-07-19T00:00:00,2022-07-19T00:00:00,292774,"Ascent Chemicals Danville, Inc.",??????,,,1.0,1.0,0.4536,18828.65,18828.65,18390.174
2,PV,OP,00010,138746,22008245,1.001,2022-05-25T00:00:00,2022-05-25T00:00:00,2022-05-25T00:00:00,292774,"Ascent Chemicals Danville, Inc.",??????,,,1.0,1.0,0.4536,9610.2,9610.2,9014.9375
2,PV,OP,00010,138746,22011195,2.001,2022-07-19T00:00:00,2022-07-19T00:00:00,2022-07-20T00:00:00,292774,"Ascent Chemicals Danville, Inc.",??????,,,1.0,1.0,0.4536,18828.65,18828.65,18434.0919
2,PV,OP,00020,22001843,23000857,5.0,2022-12-06T00:00:00,1900-01-01T00:00:00,2023-03-29T00:00:00,324808,Cromogenia,??????,,,0.0,0.0,0.0,20.0,21.6527,20.0
2,PV,OP,00020,22001843,23000858,6.0,2022-12-06T00:00:00,1900-01-01T00:00:00,2023-03-29T00:00:00,324808,Cromogenia,??????,,,0.0,0.0,0.0,140.0,151.5686,140.0
2,PV,OP,00020,24001594,25000378,7.0,2025-02-18T00:00:00,2025-02-18T00:00:00,2025-03-04T00:00:00,301843,BIP (Oldbury) Limited,??????,,,1.0,1.0,0.4536,1300.0,1369.3966,1300.0
1,OV,OD,00010,2001,229429,2.007,2022-06-07T00:00:00,2022-06-07T00:00:00,2022-06-07T00:00:00,324962,Ascent Industries Co.,??????,,,1.0,1.0,0.4536,3616.0,3616.0,3380.5756
1,OV,OD,00010,2001,229429,3.007,2022-06-07T00:00:00,2022-06-07T00:00:00,2022-06-07T00:00:00,324962,Ascent Industries Co.,??????,,,1.0,1.0,0.4536,-2216.0,-2216.0,-2071.7244
2,PV,OD,00010,2001,22009206,2.007,2022-06-07T00:00:00,2022-06-07T00:00:00,2022-06-09T00:00:00,324962,Ascent Industries Co.,??????,,,1.0,1.0,0.4536,3616.0,3616.0,3393.0964
2,PV,OD,00010,2001,22009111,3.007,2022-06-07T00:00:00,2022-06-07T00:00:00,2022-06-07T00:00:00,324962,Ascent Industries Co.,??????,,,1.0,1.0,0.4536,-2216.0,-2216.0,-2071.7244
2,PV,OP,00010,118251,21012983,5.0,2021-07-13T00:00:00,2021-07-13T00:00:00,2021-07-13T00:00:00,292774,"Ascent Chemicals Danville, Inc.",??????,,,1.0,1.0,0.4536,3701.53,3701.53,3133.8282
2,PV,OP,00010,135567,21021385,8.0,2021-11-04T00:00:00,2021-11-04T00:00:00,2021-11-04T00:00:00,328211,"BPI Packaging, LLC",??????,,,4030.0,4030.0,1828.008,789.88,789.88,684.2441
2,PV,OP,00010,144320,22021329,5.0,2022-11-17T00:00:00,2022-11-17T00:00:00,2022-11-17T00:00:00,322114,"Granite Packaging, LLC",??????,,,1.0,1.0,0.4536,-1829.16,-1829.16,-1769.0796
1,OV,OP,00010,135567,216963,5.0,2021-11-04T00:00:00,2021-11-04T00:00:00,2021-11-04T00:00:00,328211,"BPI Packaging, LLC",??????,,,4275.0,4275.0,1939.14,428.78,428.78,371.4364
1,OV,OP,00010,135567,216963,6.0,2021-11-04T00:00:00,2021-11-04T00:00:00,2021-11-04T00:00:00,328211,"BPI Packaging, LLC",??????,,,819.0,819.0,371.4984,70.11,70.11,60.7337
1,OV,OP,00010,135567,216963,7.0,2021-11-04T00:00:00,2021-11-04T00:00:00,2021-11-04T00:00:00,328211,"BPI Packaging, LLC",??????,,,21833.0,21833.0,9903.4488,1868.9,1868.9,1618.9597
1,OV,OP,00010,135567,216963,8.0,2021-11-04T00:00:00,2021-11-04T00:00:00,2021-11-04T00:00:00,328211,"BPI Packaging, LLC",??????,,,4030.0,4030.0,1828.008,789.88,789.88,684.2441
1,OV,OP,00010,118251,209664,5.0,2021-07-13T00:00:00,2021-07-13T00:00:00,2021-07-13T00:00:00,292774,"Ascent Chemicals Danville, Inc.",??????,,,1.0,1.0,0.4536,3701.53,3701.53,3133.8282
1,OV,OP,00010,144320,238198,5.0,2022-11-17T00:00:00,2022-11-17T00:00:00,2022-11-17T00:00:00,322114,"Granite Packaging, LLC",??????,,,1.0,1.0,0.4536,-1829.16,-1829.16,-1769.0796
1,OV,OP,00020,24001594,25000603,7.0,2025-02-18T00:00:00,2025-02-18T00:00:00,2025-02-18T00:00:00,301843,BIP (Oldbury) Limited,??????,,,1.0,1.0,0.4536,1300.0,1359.2942,1300.0
2,PV,OP,00010,143650,22015783,5.0,2022-09-02T00:00:00,2022-09-02T00:00:00,2022-09-12T00:00:00,322114,"Granite Packaging, LLC",CADCRTNDARK,CADCRTNDARK,CADCRTNDARK,12990.0,12990.0,12990.0,11691.0,11691.0,11548.2529
1,OV,OP,00010,143650,234573,5.0,2022-09-02T00:00:00,2022-09-02T00:00:00,2022-09-02T00:00:00,322114,"Granite Packaging, LLC",CADCRTNDARK,CADCRTNDARK,CADCRTNDARK,12990.0,12990.0,12990.0,11691.0,11691.0,11656.2824
1,OV,OP,00010,135731,226296,5.0,2022-04-11T00:00:00,2022-04-11T00:00:00,2022-04-11T00:00:00,322114,"Granite Packaging, LLC",??????,,,1468.43,1468.43,666.0798480000001,1468.43,1468.43,1350.2803
2,PV,OP,00010,135731,22005838,5.0,2022-04-11T00:00:00,2022-04-11T00:00:00,2022-04-12T00:00:00,322114,"Granite Packaging, LLC",??????,,,1468.43,1468.43,666.0798480000001,1468.43,1468.43,1352.8433
1,OV,OP,00010,115312,188247,5.0,2020-06-04T00:00:00,2020-06-04T00:00:00,2020-06-04T00:00:00,322114,"Granite Packaging, LLC",MD4020-C2,MD4020,MD4020,78.0,32.5182,14.749799999999999,135.17,135.17,119.4201
2,PV,OP,00010,115312,20008593,5.0,2020-06-04T00:00:00,2020-06-04T00:00:00,2020-06-04T00:00:00,322114,"Granite Packaging, LLC",MD4020-C2,MD4020,MD4020,78.0,32.5182,14.749799999999999,135.17,135.17,119.4201
1,OV,OP,00010,114121,188249,13.0,2020-06-04T00:00:00,2020-06-04T00:00:00,2020-06-04T00:00:00,322114,"Granite Packaging, LLC",MD4021-C1,MD4021,MD4021,306.0,38.25,17.3502,394.13,394.13,348.2064
1,OV,OP,00010,114121,188249,14.0,2020-06-04T00:00:00,2020-06-04T00:00:00,2020-06-04T00:00:00,322114,"Granite Packaging, LLC",MD4021-C2,MD4021,MD4021,1092.0,455.2548,206.4972,1406.5,1406.5,1242.6162
1,OV,OP,00020,21000028,21000887,5.0,2021-03-01T00:00:00,2021-03-01T00:00:00,2021-03-01T00:00:00,324808,Cromogenia,MDU4075B.E-LP,MDU4075B.E,MDU4075B,480.0,1058.208,480.0,1555.2,1874.6039,1555.2
1,OV,OP,00020,22001087,22004008,5.0,2022-09-29T00:00:00,2022-09-29T00:00:00,2022-09-29T00:00:00,327516,ERCA Advanced Polymer Solutions SRL,U502.E,U502.E,U502,57.0,125.66220000000001,57.0,256.5,250.7429,256.5
2,PV,OP,00010,114121,20008592,13.0,2020-06-04T00:00:00,2020-06-04T00:00:00,2020-06-04T00:00:00,322114,"Granite Packaging, LLC",MD4021-C1,MD4021,MD4021,306.0,38.25,17.3502,394.13,394.13,348.2064
2,PV,OP,00010,114121,20008592,14.0,2020-06-04T00:00:00,2020-06-04T00:00:00,2020-06-04T00:00:00,322114,"Granite Packaging, LLC",MD4021-C2,MD4021,MD4021,1092.0,455.2548,206.4972,1406.5,1406.5,1242.6162
2,PV,OP,00020,21000028,21000579,5.0,2021-03-01T00:00:00,2021-03-01T00:00:00,2021-03-08T00:00:00,324808,Cromogenia,MDU4075B.E-LP,MDU4075B.E,MDU4075B,480.0,1058.208,480.0,1555.2,1842.8206,1555.2
2,PV,OP,00020,22001087,22002833,5.0,2022-09-29T00:00:00,2022-09-29T00:00:00,2022-09-30T00:00:00,327516,ERCA Advanced Polymer Solutions SRL,U502.E,U502.E,U502,57.0,125.66220000000001,57.0,256.5,251.0577,256.5
2,PV,OP,00010,164555,25001110,5.0,2025-01-17T00:00:00,2025-01-17T00:00:00,2025-01-21T00:00:00,292788,Ortec Inc.,U701,U701,U701,107.0,107.0,48.5352,468.98,468.98,449.9818
2,PV,OP,00020,21000247,21002691,5.0,2021-10-04T00:00:00,2021-10-04T00:00:00,2021-10-05T00:00:00,324808,Cromogenia,MDU4075B.E-LP,MDU4075B.E,MDU4075B,720.0,1587.3120000000001,720.0,2332.8,2708.2721,2332.8
2,PV,OP,00020,21000999,22000366,5.0,2022-02-04T00:00:00,2022-02-01T00:00:00,2022-02-10T00:00:00,324808,Cromogenia,MDU4075B.E-TO,MDU4075B.E,MDU4075B,2000.0,4409.2,2000.0,7960.0,9144.526,7960.0
2,PV,OP,00020,21001417,22001551,5.0,2022-05-25T00:00:00,2022-05-25T00:00:00,2022-05-30T00:00:00,324808,Cromogenia,MDU4075B.E-LP,MDU4075B.E,MDU4075B,2400.0,5291.04,2400.0,11040.0,11898.063,11040.0
2,PV,OP,00020,21001417,22001551,5.0,2022-05-25T00:00:00,2022-05-25T00:00:00,2022-05-30T00:00:00,324808,Cromogenia,MDU4075B.E-LP,MDU4075B.E,MDU4075B,1080.0,2380.9680000000003,1080.0,4968.0,5354.1284,4968.0
2,PV,OP,00020,24001594,25000378,6.0,2025-02-18T00:00:00,2025-02-18T00:00:00,2025-03-04T00:00:00,301843,BIP (Oldbury) Limited,HPF9920.E,HPF9920.E,HPF9920,1367.0,3013.6882,1367.0,7231.43,7617.4582,7231.43
2,PV,OP,00020,24001594,25000378,6.0,2025-02-18T00:00:00,2025-02-18T00:00:00,2025-03-04T00:00:00,301843,BIP (Oldbury) Limited,HPF9920.E,HPF9920.E,HPF9920,315.0,694.4490000000001,315.0,1666.35,1755.3031,1666.35
2,PV,OP,00020,24001594,25000378,6.0,2025-02-18T00:00:00,2025-02-18T00:00:00,2025-03-04T00:00:00,301843,BIP (Oldbury) Limited,HPF9920.E,HPF9920.E,HPF9920,72.0,158.7312,72.0,380.88,401.2121,380.88
2,PV,OP,00020,24001594,25000378,6.0,2025-02-18T00:00:00,2025-02-18T00:00:00,2025-03-04T00:00:00,301843,BIP (Oldbury) Limited,HPF9920.E,HPF9920.E,HPF9920,225.0,496.035,225.0,1190.25,1253.7879,1190.25
1,OV,OP,00010,164555,276447,5.0,2025-01-17T00:00:00,2025-01-17T00:00:00,2025-01-17T00:00:00,292788,Ortec Inc.,U701,U701,U701,107.0,107.0,48.5352,468.98,468.98,455.9389
1,OV,OP,00020,21000247,21003526,5.0,2021-10-04T00:00:00,2021-10-04T00:00:00,2021-10-04T00:00:00,324808,Cromogenia,MDU4075B.E-LP,MDU4075B.E,MDU4075B,720.0,1587.3120000000001,720.0,2332.8,2711.0283,2332.8
1,OV,OP,00020,21000999,22000580,5.0,2022-02-04T00:00:00,2022-02-01T00:00:00,2022-02-04T00:00:00,324808,Cromogenia,MDU4075B.E-TO,MDU4075B.E,MDU4075B,2000.0,4409.2,2000.0,7960.0,9116.2091,7960.0
1,OV,OP,00020,21001417,22002162,5.0,2022-05-25T00:00:00,2022-05-25T00:00:00,2022-05-25T00:00:00,324808,Cromogenia,MDU4075B.E-LP,MDU4075B.E,MDU4075B,2400.0,5291.04,2400.0,11040.0,11768.9789,11040.0
1,OV,OP,00020,21001417,22002163,5.0,2022-05-25T00:00:00,2022-05-25T00:00:00,2022-05-25T00:00:00,324808,Cromogenia,MDU4075B.E-LP,MDU4075B.E,MDU4075B,1080.0,2380.9680000000003,1080.0,4968.0,5296.0405,4968.0
1,OV,OP,00020,24001594,25000599,6.0,2025-02-18T00:00:00,2025-02-18T00:00:00,2025-02-18T00:00:00,301843,BIP (Oldbury) Limited,HPF9920.E,HPF9920.E,HPF9920,1367.0,3013.6882,1367.0,7231.43,7561.262,7231.43
1,OV,OP,00020,24001594,25000600,6.0,2025-02-18T00:00:00,2025-02-18T00:00:00,2025-02-18T00:00:00,301843,BIP (Oldbury) Limited,HPF9920.E,HPF9920.E,HPF9920,315.0,694.4490000000001,315.0,1666.35,1742.3537,1666.35
1,OV,OP,00020,24001594,25000601,6.0,2025-02-18T00:00:00,2025-02-18T00:00:00,2025-02-18T00:00:00,301843,BIP (Oldbury) Limited,HPF9920.E,HPF9920.E,HPF9920,72.0,158.7312,72.0,380.88,398.2523,380.88
1,OV,OP,00020,24001594,25000602,6.0,2025-02-18T00:00:00,2025-02-18T00:00:00,2025-02-18T00:00:00,301843,BIP (Oldbury) Limited,HPF9920.E,HPF9920.E,HPF9920,225.0,496.035,225.0,1190.25,1244.5384,1190.25
1,OV,OP,00010,135731,226297,5.0,2022-04-11T00:00:00,2022-04-11T00:00:00,2022-04-11T00:00:00,322114,"Granite Packaging, LLC",??????,,,1468.43,1468.43,666.0798480000001,0.0,0.0,0.0
1,OV,OD,00010,2001,229430,2.007,2022-06-07T00:00:00,2022-06-07T00:00:00,2022-06-07T00:00:00,324962,Ascent Industries Co.,??????,,,1.0,1.0,0.4536,0.0,0.0,0.0
1,OV,OD,00010,2001,229430,3.007,2022-06-07T00:00:00,2022-06-07T00:00:00,2022-06-07T00:00:00,324962,Ascent Industries Co.,??????,,,1.0,1.0,0.4536,0.0,0.0,0.0
1,OV,OP,00010,118251,209665,5.0,2021-07-13T00:00:00,2021-07-13T00:00:00,2021-07-13T00:00:00,292774,"Ascent Chemicals Danville, Inc.",??????,,,1.0,1.0,0.4536,0.0,0.0,0.0
1,OV,OP,00010,138746,228653,1.001,2022-05-25T00:00:00,2022-05-25T00:00:00,2022-05-25T00:00:00,292774,"Ascent Chemicals Danville, Inc.",??????,,,1.0,1.0,0.4536,0.0,0.0,0.0
1,OV,OP,00010,138746,231934,2.001,2022-07-19T00:00:00,2022-07-19T00:00:00,2022-07-19T00:00:00,292774,"Ascent Chemicals Danville, Inc.",??????,,,1.0,1.0,0.4536,0.0,0.0,0.0
1,OV,OP,00010,144320,238199,5.0,2022-11-17T00:00:00,2022-11-17T00:00:00,2022-11-17T00:00:00,322114,"Granite Packaging, LLC",??????,,,1.0,1.0,0.4536,0.0,0.0,0.0
4,OV,OP,00010,138746,228651,1.001,2022-05-25T00:00:00,2022-05-12T00:00:00,2022-05-25T00:00:00,292774,"Ascent Chemicals Danville, Inc.",??????,,,1.0,1.0,0.4536,0.0,0.0,0.0
4,OV,OP,00010,144320,238197,5.0,2022-11-17T00:00:00,2022-11-16T00:00:00,2022-11-17T00:00:00,322114,"Granite Packaging, LLC",??????,,,1.0,1.0,0.4536,0.0,0.0,0.0
1,OV,OP,00010,115312,188248,5.0,2020-06-04T00:00:00,2020-06-04T00:00:00,2020-06-04T00:00:00,322114,"Granite Packaging, LLC",MD4020-C2,MD4020,MD4020,78.0,32.5182,14.749799999999999,3.9,3.9,3.4456
4,OV,OP,00010,138746,228650,1.001,2022-05-25T00:00:00,2022-05-12T00:00:00,2022-05-25T00:00:00,292774,"Ascent Chemicals Danville, Inc.",??????,,,1.0,1.0,0.4536,7651.55,7651.55,7177.6076
4,OV,OP,00020,22001087,22004007,5.0,2022-09-29T00:00:00,2022-09-29T00:00:00,2022-09-29T00:00:00,327516,ERCA Advanced Polymer Solutions SRL,U502.E,U502.E,U502,60.0,132.276,60.0,270.0,263.9399,270.0
4,OV,OP,00020,21000999,22000579,5.0,2022-02-04T00:00:00,2022-02-01T00:00:00,2022-02-04T00:00:00,324808,Cromogenia,MDU4075B.E-TO,MDU4075B.E,MDU4075B,2000.0,4409.2,2000.0,9040.0,10353.0817,9040.0
1,OV,OP,00010,164555,276448,5.0,2025-01-17T00:00:00,2025-01-17T00:00:00,2025-01-17T00:00:00,292788,Ortec Inc.,U701,U701,U701,107.0,107.0,48.5352,9.2,9.2,8.9442
1,OV,OP,00010,143650,234574,5.0,2022-09-02T00:00:00,2022-09-02T00:00:00,2022-09-02T00:00:00,322114,"Granite Packaging, LLC",CADCRTNDARK,CADCRTNDARK,CADCRTNDARK,12990.0,12990.0,12990.0,1558.8,1558.8,1554.171
4,OV,OP,00010,144320,238196,5.0,2022-11-17T00:00:00,2022-11-16T00:00:00,2022-11-17T00:00:00,322114,"Granite Packaging, LLC",??????,,,1.0,1.0,0.4536,1829.16,1829.16,1769.0796
1,OV,OD,00010,2000,236580,1.001,2022-10-13T00:00:00,2022-10-13T00:00:00,2022-10-13T00:00:00,328211,"BPI Packaging, LLC",MD4020-C2,MD4020,MD4020,18000.0,7504.2,3403.7999999999997,94860.0,94860.0,97047.4337
1,OV,OD,00010,2000,236581,1.002,2022-10-13T00:00:00,2022-10-13T00:00:00,2022-10-13T00:00:00,328211,"BPI Packaging, LLC",MD4020-C2,MD4020,MD4020,19800.0,8254.619999999999,3744.18,104346.0,104346.0,106752.177
1,OV,OD,00010,2000,236582,1.003,2022-10-13T00:00:00,2022-10-13T00:00:00,2022-10-13T00:00:00,328211,"BPI Packaging, LLC",MD4020-C2,MD4020,MD4020,10314.0,4299.9066,1950.3773999999999,54354.78,54354.78,55608.1795
1,OV,OD,00010,2000,236006,4.001,2022-09-30T00:00:00,2022-09-30T00:00:00,2022-09-30T00:00:00,328211,"BPI Packaging, LLC",MD4020C-C2,MD4020C,MD4020C,2058.0,857.9802,389.1678,11504.22,11504.22,11753.6027
1,OV,OD,00010,2000,236583,4.002,2022-10-13T00:00:00,2022-10-13T00:00:00,2022-10-13T00:00:00,328211,"BPI Packaging, LLC",MD4020C-C2,MD4020C,MD4020C,6900.0,2876.61,1304.79,38571.0,38571.0,39460.4318
1,OV,OD,00010,2000,236005,5.0,2022-09-30T00:00:00,2022-09-30T00:00:00,2022-09-30T00:00:00,328211,"BPI Packaging, LLC",MD4023C-C2,MD4023C,MD4023C,4506.0,1878.5514,852.0845999999999,26855.76,26855.76,27437.9257
1,OV,OD,00010,2000,236005,6.0,2022-09-30T00:00:00,2022-09-30T00:00:00,2022-09-30T00:00:00,328211,"BPI Packaging, LLC",MD4021C-C2,MD4021C,MD4021C,5184.0,2161.2096,980.2944,31259.52,31259.52,31937.1482
1,OV,OD,00010,2000,236801,7.001,2022-10-19T00:00:00,2022-10-19T00:00:00,2022-10-19T00:00:00,328211,"BPI Packaging, LLC",MD4022C-C2,MD4022C,MD4022C,14832.0,6183.4608,2804.7311999999997,87805.44,87805.44,89752.2271
2,PV,OD,00010,2000,22020423,1.001,2022-10-13T00:00:00,2022-10-13T00:00:00,2022-11-02T00:00:00,328211,"BPI Packaging, LLC",MD4020-C2,MD4020,MD4020,18000.0,7504.2,3403.7999999999997,94860.0,94860.0,96095.523
2,PV,OD,00010,2000,22020423,1.002,2022-10-13T00:00:00,2022-10-13T00:00:00,2022-11-02T00:00:00,328211,"BPI Packaging, LLC",MD4020-C2,MD4020,MD4020,19800.0,8254.619999999999,3744.18,104346.0,104346.0,105705.0753
2,PV,OD,00010,2000,22017404,4.001,2022-09-30T00:00:00,2022-09-30T00:00:00,2022-09-30T00:00:00,328211,"BPI Packaging, LLC",MD4020C-C2,MD4020C,MD4020C,2058.0,857.9802,389.1678,11504.22,11504.22,11753.6027
2,PV,OD,00010,2000,22017404,5.0,2022-09-30T00:00:00,2022-09-30T00:00:00,2022-09-30T00:00:00,328211,"BPI Packaging, LLC",MD4023C-C2,MD4023C,MD4023C,4506.0,1878.5514,852.0845999999999,26855.76,26855.76,27437.9257
2,PV,OD,00010,2000,22017404,6.0,2022-09-30T00:00:00,2022-09-30T00:00:00,2022-09-30T00:00:00,328211,"BPI Packaging, LLC",MD4021C-C2,MD4021C,MD4021C,5184.0,2161.2096,980.2944,31259.52,31259.52,31937.1482
2,PV,OD,00010,2000,22019708,7.001,2022-10-19T00:00:00,2022-10-19T00:00:00,2022-11-01T00:00:00,328211,"BPI Packaging, LLC",MD4022C-C2,MD4022C,MD4022C,14832.0,6183.4608,2804.7311999999997,87805.44,87805.44,88938.499
1,OV,OD,00010,2010,255281,1.001,2023-10-26T00:00:00,2023-10-26T00:00:00,2023-10-26T00:00:00,292788,Ortec Inc.,GEN926,GEN926,GEN926,1988.0,1988.0,901.7568,115.3,115.3,109.4556
1,OV,OD,00010,2010,255281,1.002,2023-10-26T00:00:00,2023-10-26T00:00:00,2023-10-26T00:00:00,292788,Ortec Inc.,GEN926,GEN926,GEN926,1640.0,1640.0,743.904,95.12,95.12,90.2985
1,OV,OD,00010,2010,255281,1.003,2023-10-26T00:00:00,2023-10-26T00:00:00,2023-10-26T00:00:00,292788,Ortec Inc.,GEN926,GEN926,GEN926,20.0,20.0,9.072,1.16,1.16,1.1012
4,OV,OD,00010,2009,255248,1.001,2023-10-26T00:00:00,2023-10-26T00:00:00,2023-10-26T00:00:00,292788,Ortec Inc.,GEN926,GEN926,GEN926,1988.0,1988.0,901.7568,115.3,115.3,109.4556
4,OV,OD,00010,2009,255248,1.002,2023-10-26T00:00:00,2023-10-26T00:00:00,2023-10-26T00:00:00,292788,Ortec Inc.,GEN926,GEN926,GEN926,1640.0,1640.0,743.904,95.12,95.12,90.2985
4,OV,OD,00010,2009,255248,1.003,2023-10-26T00:00:00,2023-10-26T00:00:00,2023-10-26T00:00:00,292788,Ortec Inc.,GEN926,GEN926,GEN926,20.0,20.0,9.072,1.16,1.16,1.1012
1,OV,OD,00010,2010,255280,1.002,2023-10-26T00:00:00,2023-10-26T00:00:00,2023-10-26T00:00:00,292788,Ortec Inc.,GEN926,GEN926,GEN926,1640.0,1640.0,743.904,0.0,0.0,0.0
1,OV,OD,00010,2010,255280,1.003,2023-10-26T00:00:00,2023-10-26T00:00:00,2023-10-26T00:00:00,292788,Ortec Inc.,GEN926,GEN926,GEN926,20.0,20.0,9.072,0.0,0.0,0.0
4,OV,OD,00010,2009,255250,1.002,2023-10-26T00:00:00,2023-10-26T00:00:00,2023-10-26T00:00:00,292788,Ortec Inc.,GEN926,GEN926,GEN926,1640.0,1640.0,743.904,0.0,0.0,0.0
4,OV,OD,00010,2009,255251,1.003,2023-10-26T00:00:00,2023-10-26T00:00:00,2023-10-26T00:00:00,292788,Ortec Inc.,GEN926,GEN926,GEN926,20.0,20.0,9.072,0.0,0.0,0.0
1,OV,OD,00010,2010,255280,1.001,2023-10-26T00:00:00,2023-10-26T00:00:00,2023-10-26T00:00:00,292788,Ortec Inc.,GEN926,GEN926,GEN926,1988.0,1988.0,901.7568,0.0,0.0,0.0
4,OV,OD,00010,2009,255249,1.001,2023-10-26T00:00:00,2023-10-26T00:00:00,2023-10-26T00:00:00,292788,Ortec Inc.,GEN926,GEN926,GEN926,1988.0,1988.0,901.7568,0.0,0.0,0.0
2,PV,OD,00010,2000,22020423,1.003,2022-10-13T00:00:00,2022-10-13T00:00:00,2022-11-02T00:00:00,328211,"BPI Packaging, LLC",MD4020-C2,MD4020,MD4020,10314.0,4299.9066,1950.3773999999999,54354.78,54354.78,55062.7347
2,PV,OD,00010,2000,22020423,4.002,2022-10-13T00:00:00,2022-10-13T00:00:00,2022-11-02T00:00:00,328211,"BPI Packaging, LLC",MD4020C-C2,MD4020C,MD4020C,6900.0,2876.61,1304.79,38571.0,38571.0,39073.3757
2,PV,OP,00010,135567,21021385,5.0,2021-11-04T00:00:00,2021-11-04T00:00:00,2021-11-04T00:00:00,328211,"BPI Packaging, LLC",??????,,,4275.0,4275.0,1939.14,428.78,428.78,371.4364
2,PV,OP,00010,135567,21021385,6.0,2021-11-04T00:00:00,2021-11-04T00:00:00,2021-11-04T00:00:00,328211,"BPI Packaging, LLC",??????,,,819.0,819.0,371.4984,70.11,70.11,60.7337
2,PV,OP,00010,135567,21021385,7.0,2021-11-04T00:00:00,2021-11-04T00:00:00,2021-11-04T00:00:00,328211,"BPI Packaging, LLC",??????,,,21833.0,21833.0,9903.4488,1868.9,1868.9,1618.9597
1,OV,OD,00010,2001,228520,1.001,2022-05-23T00:00:00,2022-05-23T00:00:00,2022-05-23T00:00:00,324962,Ascent Industries Co.,WD40-UN,WD40,WD40,20.0,7000.0,3175.1459999999997,17220.0,17220.0,16136.8465
1,OV,OD,00010,2001,228522,1.002,2022-05-23T00:00:00,2022-05-23T00:00:00,2022-05-23T00:00:00,324962,Ascent Industries Co.,WD40-UN,WD40,WD40,20.0,7000.0,3175.1459999999997,17220.0,17220.0,16136.8465
1,OV,OD,00010,2001,228524,1.003,2022-05-23T00:00:00,2022-05-23T00:00:00,2022-05-23T00:00:00,324962,Ascent Industries Co.,WD40-UN,WD40,WD40,20.0,7000.0,3175.1459999999997,17220.0,17220.0,16136.8465
1,OV,OD,00010,2001,228528,1.004,2022-05-23T00:00:00,2022-05-23T00:00:00,2022-05-23T00:00:00,324962,Ascent Industries Co.,WD40-UN,WD40,WD40,20.0,7000.0,3175.1459999999997,17220.0,17220.0,16136.8465
1,OV,OD,00010,2001,228534,1.005,2022-05-23T00:00:00,2022-05-23T00:00:00,2022-05-23T00:00:00,324962,Ascent Industries Co.,WD40-UN,WD40,WD40,5.0,1750.0,793.7864999999999,4305.0,4305.0,4034.2116
1,OV,OD,00010,2001,229568,1.006,2022-06-09T00:00:00,2022-06-09T00:00:00,2022-06-09T00:00:00,324962,Ascent Industries Co.,WD40-UN,WD40,WD40,10.0,3500.0,1587.5729999999999,8995.0,8995.0,8440.5149
1,OV,OD,00010,2001,229568,1.007,2022-06-09T00:00:00,2022-06-09T00:00:00,2022-06-09T00:00:00,324962,Ascent Industries Co.,WD40-UN,WD40,WD40,10.0,3500.0,1587.5729999999999,8995.0,8995.0,8440.5149
1,OV,OD,00010,2002,228539,1.001,2022-05-23T00:00:00,2022-05-23T00:00:00,2022-05-23T00:00:00,324962,Ascent Industries Co.,WD40-UN,WD40,WD40,5.0,1750.0,793.7864999999999,4497.5,4497.5,4214.6032
1,OV,OD,00010,2002,228541,1.002,2022-05-23T00:00:00,2022-05-23T00:00:00,2022-05-23T00:00:00,324962,Ascent Industries Co.,WD40-UN,WD40,WD40,20.0,7000.0,3175.1459999999997,17990.0,17990.0,16858.4128
1,OV,OD,00010,2002,228543,1.003,2022-05-23T00:00:00,2022-05-23T00:00:00,2022-05-23T00:00:00,324962,Ascent Industries Co.,WD40-UN,WD40,WD40,20.0,7000.0,3175.1459999999997,17990.0,17990.0,16858.4128
1,OV,OD,00010,2002,228545,1.004,2022-05-23T00:00:00,2022-05-23T00:00:00,2022-05-23T00:00:00,324962,Ascent Industries Co.,WD40-UN,WD40,WD40,10.0,3500.0,1587.5729999999999,8995.0,8995.0,8429.2064
1,OV,OD,00010,2002,228666,1.005,2022-05-25T00:00:00,2022-05-25T00:00:00,2022-05-25T00:00:00,324962,Ascent Industries Co.,WD40-UN,WD40,WD40,20.0,7000.0,3175.1459999999997,17990.0,17990.0,16875.6868
1,OV,OD,00010,2002,228668,1.006,2022-05-25T00:00:00,2022-05-25T00:00:00,2022-05-25T00:00:00,324962,Ascent Industries Co.,WD40-UN,WD40,WD40,21.0,7350.0,3333.9033,18889.5,18889.5,17719.4711
1,OV,OD,00010,2005,230615,1.001,2022-06-27T00:00:00,2022-06-27T00:00:00,2022-06-27T00:00:00,324962,Ascent Industries Co.,WD40-UN,WD40,WD40,20.0,7000.0,3175.1459999999997,17990.0,17990.0,16969.3176
1,OV,OD,00010,2005,230617,1.002,2022-06-27T00:00:00,2022-06-27T00:00:00,2022-06-27T00:00:00,324962,Ascent Industries Co.,WD40-UN,WD40,WD40,20.0,7000.0,3175.1459999999997,17990.0,17990.0,16969.3176
1,OV,OD,00010,2005,230619,1.003,2022-06-27T00:00:00,2022-06-27T00:00:00,2022-06-27T00:00:00,324962,Ascent Industries Co.,WD40-UN,WD40,WD40,20.0,7000.0,3175.1459999999997,17990.0,17990.0,16969.3176
1,OV,OD,00010,2007,231935,1.001,2022-07-19T00:00:00,2022-07-19T00:00:00,2022-07-19T00:00:00,324962,Ascent Industries Co.,WD40-UN,WD40,WD40,4.0,1400.0,635.0292,3598.0,3598.0,3514.2109
1,OV,OD,00010,2007,231937,1.002,2022-07-19T00:00:00,2022-07-19T00:00:00,2022-07-19T00:00:00,324962,Ascent Industries Co.,WD40-UN,WD40,WD40,20.0,7000.0,3175.1459999999997,17990.0,17990.0,17571.0543
1,OV,OD,00010,2007,231939,1.003,2022-07-19T00:00:00,2022-07-19T00:00:00,2022-07-19T00:00:00,324962,Ascent Industries Co.,WD40-UN,WD40,WD40,15.0,5250.0,2381.3594999999996,13492.5,13492.5,13178.2907
1,OV,OD,00010,2007,233998,1.004,2022-08-25T00:00:00,2022-08-25T00:00:00,2022-08-25T00:00:00,324962,Ascent Industries Co.,WD40-UN,WD40,WD40,16.0,5600.0,2540.1168,14392.0,14392.0,14450.1005
1,OV,OD,00010,2007,234000,1.005,2022-08-25T00:00:00,2022-08-25T00:00:00,2022-08-25T00:00:00,324962,Ascent Industries Co.,WD40-UN,WD40,WD40,15.0,5250.0,2381.3594999999996,13492.5,13492.5,13546.9692
1,OV,OD,00010,2007,234002,1.006,2022-08-25T00:00:00,2022-08-25T00:00:00,2022-08-25T00:00:00,324962,Ascent Industries Co.,WD40-UN,WD40,WD40,12.0,4200.0,1905.0875999999998,10794.0,10794.0,10837.5754
2,PV,OD,00010,2001,22008111,1.001,2022-05-23T00:00:00,2022-05-23T00:00:00,2022-05-24T00:00:00,324962,Ascent Industries Co.,WD40-UN,WD40,WD40,20.0,7000.0,3175.1459999999997,17220.0,17220.0,16030.4183
2,PV,OD,00010,2001,22008111,1.002,2022-05-23T00:00:00,2022-05-23T00:00:00,2022-05-24T00:00:00,324962,Ascent Industries Co.,WD40-UN,WD40,WD40,20.0,7000.0,3175.1459999999997,17220.0,17220.0,16030.4183
2,PV,OD,00010,2001,22008111,1.003,2022-05-23T00:00:00,2022-05-23T00:00:00,2022-05-24T00:00:00,324962,Ascent Industries Co.,WD40-UN,WD40,WD40,20.0,7000.0,3175.1459999999997,17220.0,17220.0,16030.4183
2,PV,OD,00010,2001,22008110,1.004,2022-05-23T00:00:00,2022-05-23T00:00:00,2022-05-24T00:00:00,324962,Ascent Industries Co.,WD40-UN,WD40,WD40,20.0,7000.0,3175.1459999999997,17220.0,17220.0,16030.4183
2,PV,OD,00010,2001,22008110,1.005,2022-05-23T00:00:00,2022-05-23T00:00:00,2022-05-24T00:00:00,324962,Ascent Industries Co.,WD40-UN,WD40,WD40,5.0,1750.0,793.7864999999999,4305.0,4305.0,4007.6046
2,PV,OD,00010,2001,22009206,1.006,2022-06-09T00:00:00,2022-06-09T00:00:00,2022-06-09T00:00:00,324962,Ascent Industries Co.,WD40-UN,WD40,WD40,10.0,3500.0,1587.5729999999999,8995.0,8995.0,8440.5149
2,PV,OD,00010,2001,22009206,1.007,2022-06-09T00:00:00,2022-06-09T00:00:00,2022-06-09T00:00:00,324962,Ascent Industries Co.,WD40-UN,WD40,WD40,10.0,3500.0,1587.5729999999999,8995.0,8995.0,8440.5149
2,PV,OD,00010,2002,22008112,1.001,2022-05-23T00:00:00,2022-05-23T00:00:00,2022-05-24T00:00:00,324962,Ascent Industries Co.,WD40-UN,WD40,WD40,5.0,1750.0,793.7864999999999,4497.5,4497.5,4186.8064
2,PV,OD,00010,2002,22008112,1.002,2022-05-23T00:00:00,2022-05-23T00:00:00,2022-05-24T00:00:00,324962,Ascent Industries Co.,WD40-UN,WD40,WD40,20.0,7000.0,3175.1459999999997,17990.0,17990.0,16747.2256
2,PV,OD,00010,2002,22008112,1.003,2022-05-23T00:00:00,2022-05-23T00:00:00,2022-05-24T00:00:00,324962,Ascent Industries Co.,WD40-UN,WD40,WD40,20.0,7000.0,3175.1459999999997,17990.0,17990.0,16747.2256
2,PV,OD,00010,2002,22008112,1.004,2022-05-23T00:00:00,2022-05-23T00:00:00,2022-05-24T00:00:00,324962,Ascent Industries Co.,WD40-UN,WD40,WD40,10.0,3500.0,1587.5729999999999,8995.0,8995.0,8373.6128
2,PV,OD,00010,2002,22008252,1.005,2022-05-25T00:00:00,2022-05-25T00:00:00,2022-05-26T00:00:00,324962,Ascent Industries Co.,WD40-UN,WD40,WD40,20.0,7000.0,3175.1459999999997,17990.0,17990.0,16774.1782
2,PV,OD,00010,2002,22008252,1.006,2022-05-25T00:00:00,2022-05-25T00:00:00,2022-05-26T00:00:00,324962,Ascent Industries Co.,WD40-UN,WD40,WD40,21.0,7350.0,3333.9033,18889.5,18889.5,17612.8871
2,PV,OD,00010,2005,22010065,1.001,2022-06-27T00:00:00,2022-06-27T00:00:00,2022-06-27T00:00:00,324962,Ascent Industries Co.,WD40-UN,WD40,WD40,20.0,7000.0,3175.1459999999997,17990.0,17990.0,16969.3176
2,PV,OD,00010,2005,22010065,1.002,2022-06-27T00:00:00,2022-06-27T00:00:00,2022-06-27T00:00:00,324962,Ascent Industries Co.,WD40-UN,WD40,WD40,20.0,7000.0,3175.1459999999997,17990.0,17990.0,16969.3176
2,PV,OD,00010,2005,22010065,1.003,2022-06-27T00:00:00,2022-06-27T00:00:00,2022-06-27T00:00:00,324962,Ascent Industries Co.,WD40-UN,WD40,WD40,20.0,7000.0,3175.1459999999997,17990.0,17990.0,16969.3176
2,PV,OD,00010,2007,22011196,1.001,2022-07-19T00:00:00,2022-07-19T00:00:00,2022-07-20T00:00:00,324962,Ascent Industries Co.,WD40-UN,WD40,WD40,4.0,1400.0,635.0292,3598.0,3598.0,3522.6032
2,PV,OD,00010,2007,22011196,1.002,2022-07-19T00:00:00,2022-07-19T00:00:00,2022-07-20T00:00:00,324962,Ascent Industries Co.,WD40-UN,WD40,WD40,20.0,7000.0,3175.1459999999997,17990.0,17990.0,17613.016
2,PV,OD,00010,2007,22011196,1.003,2022-07-19T00:00:00,2022-07-19T00:00:00,2022-07-20T00:00:00,324962,Ascent Industries Co.,WD40-UN,WD40,WD40,15.0,5250.0,2381.3594999999996,13492.5,13492.5,13209.762
2,PV,OD,00010,2007,22014179,1.004,2022-08-25T00:00:00,2022-08-25T00:00:00,2022-08-25T00:00:00,324962,Ascent Industries Co.,WD40-UN,WD40,WD40,16.0,5600.0,2540.1168,14392.0,14392.0,14450.1005
2,PV,OD,00010,2007,22014179,1.005,2022-08-25T00:00:00,2022-08-25T00:00:00,2022-08-25T00:00:00,324962,Ascent Industries Co.,WD40-UN,WD40,WD40,15.0,5250.0,2381.3594999999996,13492.5,13492.5,13546.9692
2,PV,OD,00010,2007,22014179,1.006,2022-08-25T00:00:00,2022-08-25T00:00:00,2022-08-25T00:00:00,324962,Ascent Industries Co.,WD40-UN,WD40,WD40,12.0,4200.0,1905.0875999999998,10794.0,10794.0,10837.5754
1,OV,OD,00010,2001,228521,1.001,2022-05-23T00:00:00,2022-05-23T00:00:00,2022-05-23T00:00:00,324962,Ascent Industries Co.,WD40-UN,WD40,WD40,20.0,7000.0,3175.1459999999997,840.0,840.0,787.1632
1,OV,OD,00010,2001,228523,1.002,2022-05-23T00:00:00,2022-05-23T00:00:00,2022-05-23T00:00:00,324962,Ascent Industries Co.,WD40-UN,WD40,WD40,20.0,7000.0,3175.1459999999997,840.0,840.0,787.1632
1,OV,OD,00010,2001,228525,1.003,2022-05-23T00:00:00,2022-05-23T00:00:00,2022-05-23T00:00:00,324962,Ascent Industries Co.,WD40-UN,WD40,WD40,20.0,7000.0,3175.1459999999997,840.0,840.0,787.1632
1,OV,OD,00010,2001,228529,1.004,2022-05-23T00:00:00,2022-05-23T00:00:00,2022-05-23T00:00:00,324962,Ascent Industries Co.,WD40-UN,WD40,WD40,20.0,7000.0,3175.1459999999997,840.0,840.0,787.1632
1,OV,OD,00010,2001,228535,1.005,2022-05-23T00:00:00,2022-05-23T00:00:00,2022-05-23T00:00:00,324962,Ascent Industries Co.,WD40-UN,WD40,WD40,5.0,1750.0,793.7864999999999,210.0,210.0,196.7908
1,OV,OD,00010,2001,229569,1.006,2022-06-09T00:00:00,2022-06-09T00:00:00,2022-06-09T00:00:00,324962,Ascent Industries Co.,WD40-UN,WD40,WD40,10.0,3500.0,1587.5729999999999,420.0,420.0,394.1096
1,OV,OD,00010,2001,229569,1.007,2022-06-09T00:00:00,2022-06-09T00:00:00,2022-06-09T00:00:00,324962,Ascent Industries Co.,WD40-UN,WD40,WD40,10.0,3500.0,1587.5729999999999,420.0,420.0,394.1096
1,OV,OD,00010,2002,228540,1.001,2022-05-23T00:00:00,2022-05-23T00:00:00,2022-05-23T00:00:00,324962,Ascent Industries Co.,WD40-UN,WD40,WD40,5.0,1750.0,793.7864999999999,210.0,210.0,196.7908
1,OV,OD,00010,2002,228542,1.002,2022-05-23T00:00:00,2022-05-23T00:00:00,2022-05-23T00:00:00,324962,Ascent Industries Co.,WD40-UN,WD40,WD40,20.0,7000.0,3175.1459999999997,840.0,840.0,787.1632
1,OV,OD,00010,2002,228544,1.003,2022-05-23T00:00:00,2022-05-23T00:00:00,2022-05-23T00:00:00,324962,Ascent Industries Co.,WD40-UN,WD40,WD40,20.0,7000.0,3175.1459999999997,840.0,840.0,787.1632
1,OV,OD,00010,2002,228546,1.004,2022-05-23T00:00:00,2022-05-23T00:00:00,2022-05-23T00:00:00,324962,Ascent Industries Co.,WD40-UN,WD40,WD40,10.0,3500.0,1587.5729999999999,420.0,420.0,393.5816
1,OV,OD,00010,2002,228667,1.005,2022-05-25T00:00:00,2022-05-25T00:00:00,2022-05-25T00:00:00,324962,Ascent Industries Co.,WD40-UN,WD40,WD40,20.0,7000.0,3175.1459999999997,840.0,840.0,787.9698
1,OV,OD,00010,2002,228669,1.006,2022-05-25T00:00:00,2022-05-25T00:00:00,2022-05-25T00:00:00,324962,Ascent Industries Co.,WD40-UN,WD40,WD40,21.0,7350.0,3333.9033,882.0,882.0,827.3683
1,OV,OD,00010,2005,230616,1.001,2022-06-27T00:00:00,2022-06-27T00:00:00,2022-06-27T00:00:00,324962,Ascent Industries Co.,WD40-UN,WD40,WD40,20.0,7000.0,3175.1459999999997,840.0,840.0,792.3417
1,OV,OD,00010,2005,230618,1.002,2022-06-27T00:00:00,2022-06-27T00:00:00,2022-06-27T00:00:00,324962,Ascent Industries Co.,WD40-UN,WD40,WD40,20.0,7000.0,3175.1459999999997,840.0,840.0,792.3417
1,OV,OD,00010,2005,230620,1.003,2022-06-27T00:00:00,2022-06-27T00:00:00,2022-06-27T00:00:00,324962,Ascent Industries Co.,WD40-UN,WD40,WD40,20.0,7000.0,3175.1459999999997,840.0,840.0,792.3417
1,OV,OD,00010,2007,231936,1.001,2022-07-19T00:00:00,2022-07-19T00:00:00,2022-07-19T00:00:00,324962,Ascent Industries Co.,WD40-UN,WD40,WD40,4.0,1400.0,635.0292,168.0,168.0,164.0877
1,OV,OD,00010,2007,231938,1.002,2022-07-19T00:00:00,2022-07-19T00:00:00,2022-07-19T00:00:00,324962,Ascent Industries Co.,WD40-UN,WD40,WD40,20.0,7000.0,3175.1459999999997,840.0,840.0,820.4383
1,OV,OD,00010,2007,231940,1.003,2022-07-19T00:00:00,2022-07-19T00:00:00,2022-07-19T00:00:00,324962,Ascent Industries Co.,WD40-UN,WD40,WD40,15.0,5250.0,2381.3594999999996,630.0,630.0,615.3287
1,OV,OD,00010,2007,233999,1.004,2022-08-25T00:00:00,2022-08-25T00:00:00,2022-08-25T00:00:00,324962,Ascent Industries Co.,WD40-UN,WD40,WD40,16.0,5600.0,2540.1168,672.0,672.0,674.7129
1,OV,OD,00010,2007,234001,1.005,2022-08-25T00:00:00,2022-08-25T00:00:00,2022-08-25T00:00:00,324962,Ascent Industries Co.,WD40-UN,WD40,WD40,15.0,5250.0,2381.3594999999996,630.0,630.0,632.5433
1,OV,OD,00010,2007,234003,1.006,2022-08-25T00:00:00,2022-08-25T00:00:00,2022-08-25T00:00:00,324962,Ascent Industries Co.,WD40-UN,WD40,WD40,12.0,4200.0,1905.0875999999998,504.0,504.0,506.0346
4,OV,OD,00010,2001,229567,1.006,2022-06-09T00:00:00,2022-06-06T00:00:00,2022-06-09T00:00:00,324962,Ascent Industries Co.,WD40-UN,WD40,WD40,10.0,3500.0,1587.5729999999999,420.0,420.0,394.1096
4,OV,OD,00010,2001,229567,1.007,2022-06-09T00:00:00,2022-06-06T00:00:00,2022-06-09T00:00:00,324962,Ascent Industries Co.,WD40-UN,WD40,WD40,10.0,3500.0,1587.5729999999999,420.0,420.0,394.1096
4,OV,OD,00010,2001,229566,1.006,2022-06-09T00:00:00,2022-06-06T00:00:00,2022-06-09T00:00:00,324962,Ascent Industries Co.,WD40-UN,WD40,WD40,10.0,3500.0,1587.5729999999999,8610.0,8610.0,8079.2477
4,OV,OD,00010,2001,229566,1.007,2022-06-09T00:00:00,2022-06-06T00:00:00,2022-06-09T00:00:00,324962,Ascent Industries Co.,WD40-UN,WD40,WD40,10.0,3500.0,1587.5729999999999,8610.0,8610.0,8079.2477
2,PV,OP,00010,144385,22020495,10.0,2022-10-28T00:00:00,2022-10-28T00:00:00,2022-11-04T00:00:00,322114,"Granite Packaging, LLC",L644032B,L644032B,L644032B,44000.0,44000.0,19958.4,1108.8,1108.8,1120.5405
2,PV,OP,00010,144385,22020495,3.0,2022-10-26T00:00:00,2022-10-26T00:00:00,2022-11-04T00:00:00,322114,"Granite Packaging, LLC",LIDL,LIDL,LIDL,195000.0,195000.0,88452.0,17277.0,17277.0,17459.9375
2,PV,OP,00010,144385,22020495,4.0,2022-10-26T00:00:00,2022-10-26T00:00:00,2022-11-04T00:00:00,322114,"Granite Packaging, LLC",C1,,C1,50100.0,50100.0,22725.36,15090.12,15090.12,15249.9017
2,PV,OP,00010,144385,22020495,5.0,2022-10-26T00:00:00,2022-10-26T00:00:00,2022-11-04T00:00:00,322114,"Granite Packaging, LLC",C1LID,C1LID,C1LID,30000.0,30000.0,13608.0,7695.0,7695.0,7776.4785
2,PV,OP,00010,144385,22020495,6.0,2022-10-26T00:00:00,2022-10-26T00:00:00,2022-11-04T00:00:00,322114,"Granite Packaging, LLC",CORNERB,CORNERB,CORNERB,2000.0,2000.0,907.2,1914.6,1914.6,1934.8727
2,PV,OP,00010,144385,22020495,7.0,2022-10-26T00:00:00,2022-10-26T00:00:00,2022-11-04T00:00:00,322114,"Granite Packaging, LLC",C2LID,C2LID,C2LID,80400.0,80400.0,36469.44,32087.64,32087.64,32427.4
2,PV,OP,00010,144385,22020495,8.0,2022-10-26T00:00:00,2022-10-26T00:00:00,2022-11-04T00:00:00,322114,"Granite Packaging, LLC",C2,,C2,16698.0,16698.0,7574.2128,44476.79,44476.79,44947.7325
2,PV,OP,00010,144385,22020495,9.0,2022-10-28T00:00:00,2022-10-28T00:00:00,2022-11-04T00:00:00,322114,"Granite Packaging, LLC",L644032F,L644032F,L644032F,44000.0,44000.0,19958.4,1069.2,1069.2,1080.5212
2,PV,OP,00010,144385,22020495,11.0,2022-10-28T00:00:00,2022-10-28T00:00:00,2022-11-04T00:00:00,322114,"Granite Packaging, LLC",L644432F,L644432F,L644432F,52400.0,52400.0,23768.64,854.12,854.12,863.1638
2,PV,OP,00010,144385,22020495,12.0,2022-10-28T00:00:00,2022-10-28T00:00:00,2022-11-04T00:00:00,322114,"Granite Packaging, LLC",L644432B,L644432B,L644432B,52400.0,52400.0,23768.64,869.84,869.84,879.0503
2,PV,OP,00010,144385,22020495,13.0,2022-10-26T00:00:00,2022-10-26T00:00:00,2022-11-04T00:00:00,322114,"Granite Packaging, LLC",C1,,C1,2000.0,2000.0,907.2,651.0,651.0,657.8931
2,PV,OP,00010,144385,22020495,14.0,2022-10-26T00:00:00,2022-10-26T00:00:00,2022-11-04T00:00:00,322114,"Granite Packaging, LLC",C1,,C1,12600.0,12600.0,5715.36,3999.24,3999.24,4041.586
2,PV,OP,00010,144385,22020495,15.0,2022-10-28T00:00:00,2022-10-28T00:00:00,2022-11-04T00:00:00,322114,"Granite Packaging, LLC",C1LID,C1LID,C1LID,2000.0,2000.0,907.2,563.6,563.6,569.5677
2,PV,OP,00010,144385,22020495,16.0,2022-10-26T00:00:00,2022-10-26T00:00:00,2022-11-04T00:00:00,322114,"Granite Packaging, LLC",C1LID,C1LID,C1LID,16800.0,16800.0,7620.4800000000005,4579.68,4579.68,4628.1719
1,OV,OP,00010,144385,237187,10.0,2022-10-28T00:00:00,2022-10-28T00:00:00,2022-10-28T00:00:00,322114,"Granite Packaging, LLC",L644032B,L644032B,L644032B,44000.0,44000.0,19958.4,1108.8,1108.8,1116.1726
1,OV,OP,00010,144385,237077,6.0,2022-10-26T00:00:00,2022-10-26T00:00:00,2022-10-26T00:00:00,322114,"Granite Packaging, LLC",CORNERB,CORNERB,CORNERB,2000.0,2000.0,907.2,1914.6,1914.6,1902.4565
1,OV,OP,00010,144385,237077,7.0,2022-10-26T00:00:00,2022-10-26T00:00:00,2022-10-26T00:00:00,322114,"Granite Packaging, LLC",C2LID,C2LID,C2LID,80400.0,80400.0,36469.44,32087.64,32087.64,31884.1209
1,OV,OP,00010,144385,237077,8.0,2022-10-26T00:00:00,2022-10-26T00:00:00,2022-10-26T00:00:00,322114,"Granite Packaging, LLC",C2,,C2,16698.0,16698.0,7574.2128,44476.79,44476.79,44194.6915
1,OV,OP,00010,144385,237187,9.0,2022-10-28T00:00:00,2022-10-28T00:00:00,2022-10-28T00:00:00,322114,"Granite Packaging, LLC",L644032F,L644032F,L644032F,44000.0,44000.0,19958.4,1069.2,1069.2,1076.3093
1,OV,OP,00010,144385,237187,11.0,2022-10-28T00:00:00,2022-10-28T00:00:00,2022-10-28T00:00:00,322114,"Granite Packaging, LLC",L644432F,L644432F,L644432F,52400.0,52400.0,23768.64,854.12,854.12,859.7992
1,OV,OP,00010,144385,237187,12.0,2022-10-28T00:00:00,2022-10-28T00:00:00,2022-10-28T00:00:00,322114,"Granite Packaging, LLC",L644432B,L644432B,L644432B,52400.0,52400.0,23768.64,869.84,869.84,875.6237
1,OV,OP,00010,144385,237077,13.0,2022-10-26T00:00:00,2022-10-26T00:00:00,2022-10-26T00:00:00,322114,"Granite Packaging, LLC",C1,,C1,2000.0,2000.0,907.2,651.0,651.0,646.871
1,OV,OP,00010,144385,237187,15.0,2022-10-28T00:00:00,2022-10-28T00:00:00,2022-10-28T00:00:00,322114,"Granite Packaging, LLC",C1LID,C1LID,C1LID,2000.0,2000.0,907.2,563.6,563.6,567.3475
1,OV,OP,00010,144385,237077,16.0,2022-10-26T00:00:00,2022-10-26T00:00:00,2022-10-26T00:00:00,322114,"Granite Packaging, LLC",C1LID,C1LID,C1LID,16800.0,16800.0,7620.4800000000005,4579.68,4579.68,4550.6329
2,PV,OP,00010,144385,22021077,20.0,2022-10-28T00:00:00,2022-10-28T00:00:00,2022-11-15T00:00:00,322114,"Granite Packaging, LLC",BLACKAN,BLACKAN,BLACKAN,103.0,103.0,46.7208,818.25,818.25,788.9963
2,PV,OP,00010,144385,22021077,20.0,2022-10-28T00:00:00,2022-10-28T00:00:00,2022-11-15T00:00:00,322114,"Granite Packaging, LLC",BLACKAN,BLACKAN,BLACKAN,11.0,11.0,4.9896,87.39,87.39,84.2657
2,PV,OP,00010,144385,22021077,21.0,2022-10-28T00:00:00,2022-10-28T00:00:00,2022-11-15T00:00:00,322114,"Granite Packaging, LLC",YELLOWA,YELLOWA,YELLOWA,83.0,83.0,37.6488,1653.68,1653.68,1594.5585
2,PV,OP,00010,144385,22021077,22.0,2022-10-28T00:00:00,2022-10-28T00:00:00,2022-11-15T00:00:00,322114,"Granite Packaging, LLC",WHITEAR,WHITEAR,WHITEAR,139.0,139.0,63.0504,968.86,968.86,934.2218
2,PV,OP,00010,144385,22021077,22.0,2022-10-28T00:00:00,2022-10-28T00:00:00,2022-11-15T00:00:00,322114,"Granite Packaging, LLC",WHITEAR,WHITEAR,WHITEAR,66.0,66.0,29.9376,460.03,460.03,443.5832
2,PV,OP,00010,144385,22021077,23.0,2022-10-28T00:00:00,2022-10-28T00:00:00,2022-11-15T00:00:00,322114,"Granite Packaging, LLC",BLACKAN,BLACKAN,BLACKAN,66.0,66.0,29.9376,524.32,524.32,505.5748
1,OV,OP,00010,144385,237226,23.0,2022-10-28T00:00:00,2022-10-28T00:00:00,2022-10-28T00:00:00,322114,"Granite Packaging, LLC",BLACKAN,BLACKAN,BLACKAN,66.0,66.0,29.9376,8.12,8.12,8.174
1,OV,OP,00010,144385,237202,17.0,2022-10-28T00:00:00,2022-10-28T00:00:00,2022-10-28T00:00:00,322114,"Granite Packaging, LLC",STEARIC,STEARIC,STEARIC,1500.0,1500.0,680.4,3320.7,3320.7,3342.78
1,OV,OP,00010,144385,237204,18.0,2022-10-28T00:00:00,2022-10-28T00:00:00,2022-10-28T00:00:00,322114,"Granite Packaging, LLC",OK7666,OK7666,OK7666,1763.68,1763.68,800.005248,4685.04,4685.04,4716.1918
1,OV,OP,00010,144385,237206,19.0,2022-10-28T00:00:00,2022-10-28T00:00:00,2022-10-28T00:00:00,322114,"Granite Packaging, LLC",ORANGEA,ORANGEA,ORANGEA,198.0,198.0,89.8128,5132.14,5132.14,5166.2646
1,OV,OP,00010,144385,237208,20.0,2022-10-28T00:00:00,2022-10-28T00:00:00,2022-10-28T00:00:00,322114,"Granite Packaging, LLC",BLACKAN,BLACKAN,BLACKAN,103.0,103.0,46.7208,818.25,818.25,823.6907
1,OV,OP,00010,144385,237212,21.0,2022-10-28T00:00:00,2022-10-28T00:00:00,2022-10-28T00:00:00,322114,"Granite Packaging, LLC",YELLOWA,YELLOWA,YELLOWA,83.0,83.0,37.6488,1653.68,1653.68,1664.6756
1,OV,OP,00010,144385,237214,21.0,2022-10-28T00:00:00,2022-10-28T00:00:00,2022-10-28T00:00:00,322114,"Granite Packaging, LLC",YELLOWA,YELLOWA,YELLOWA,11.0,11.0,4.9896,219.16,219.16,220.6172
1,OV,OP,00010,144385,237216,22.0,2022-10-28T00:00:00,2022-10-28T00:00:00,2022-10-28T00:00:00,322114,"Granite Packaging, LLC",WHITEAR,WHITEAR,WHITEAR,139.0,139.0,63.0504,968.86,968.86,975.3021
1,OV,OP,00010,144385,237218,22.0,2022-10-28T00:00:00,2022-10-28T00:00:00,2022-10-28T00:00:00,322114,"Granite Packaging, LLC",WHITEAR,WHITEAR,WHITEAR,66.0,66.0,29.9376,460.03,460.03,463.0888
1,OV,OP,00010,144385,237220,22.0,2022-10-28T00:00:00,2022-10-28T00:00:00,2022-10-28T00:00:00,322114,"Granite Packaging, LLC",WHITEAR,WHITEAR,WHITEAR,66.0,66.0,29.9376,460.03,460.03,463.0888
1,OV,OP,00010,144385,237225,23.0,2022-10-28T00:00:00,2022-10-28T00:00:00,2022-10-28T00:00:00,322114,"Granite Packaging, LLC",BLACKAN,BLACKAN,BLACKAN,66.0,66.0,29.9376,524.32,524.32,527.8063
1,OV,OP,00010,144385,237077,3.0,2022-10-26T00:00:00,2022-10-26T00:00:00,2022-10-26T00:00:00,322114,"Granite Packaging, LLC",LIDL,LIDL,LIDL,195000.0,195000.0,88452.0,17277.0,17277.0,17167.4189
1,OV,OP,00010,144385,237077,4.0,2022-10-26T00:00:00,2022-10-26T00:00:00,2022-10-26T00:00:00,322114,"Granite Packaging, LLC",C1,,C1,50100.0,50100.0,22725.36,15090.12,15090.12,14994.4094
1,OV,OP,00010,144385,237077,5.0,2022-10-26T00:00:00,2022-10-26T00:00:00,2022-10-26T00:00:00,322114,"Granite Packaging, LLC",C1LID,C1LID,C1LID,30000.0,30000.0,13608.0,7695.0,7695.0,7646.1937
1,OV,OP,00010,144385,237077,14.0,2022-10-26T00:00:00,2022-10-26T00:00:00,2022-10-26T00:00:00,322114,"Granite Packaging, LLC",C1,,C1,12600.0,12600.0,5715.36,3999.24,3999.24,3973.8744
1,OV,OP,00010,144385,237210,20.0,2022-10-28T00:00:00,2022-10-28T00:00:00,2022-10-28T00:00:00,322114,"Granite Packaging, LLC",BLACKAN,BLACKAN,BLACKAN,11.0,11.0,4.9896,87.39,87.39,87.9711
1,OV,OP,00010,144385,237203,17.0,2022-10-28T00:00:00,2022-10-28T00:00:00,2022-10-28T00:00:00,322114,"Granite Packaging, LLC",STEARIC,STEARIC,STEARIC,1500.0,1500.0,680.4,180.0,180.0,181.1969
1,OV,OP,00010,144385,237205,18.0,2022-10-28T00:00:00,2022-10-28T00:00:00,2022-10-28T00:00:00,322114,"Granite Packaging, LLC",OK7666,OK7666,OK7666,1763.68,1763.68,800.005248,211.64,211.64,213.0472
1,OV,OP,00010,144385,237207,19.0,2022-10-28T00:00:00,2022-10-28T00:00:00,2022-10-28T00:00:00,322114,"Granite Packaging, LLC",ORANGEA,ORANGEA,ORANGEA,198.0,198.0,89.8128,23.76,23.76,23.918
1,OV,OP,00010,144385,237209,20.0,2022-10-28T00:00:00,2022-10-28T00:00:00,2022-10-28T00:00:00,322114,"Granite Packaging, LLC",BLACKAN,BLACKAN,BLACKAN,103.0,103.0,46.7208,12.36,12.36,12.4422
1,OV,OP,00010,144385,237211,20.0,2022-10-28T00:00:00,2022-10-28T00:00:00,2022-10-28T00:00:00,322114,"Granite Packaging, LLC",BLACKAN,BLACKAN,BLACKAN,11.0,11.0,4.9896,1.32,1.32,1.3288
1,OV,OP,00010,144385,237213,21.0,2022-10-28T00:00:00,2022-10-28T00:00:00,2022-10-28T00:00:00,322114,"Granite Packaging, LLC",YELLOWA,YELLOWA,YELLOWA,83.0,83.0,37.6488,9.96,9.96,10.0262
1,OV,OP,00010,144385,237215,21.0,2022-10-28T00:00:00,2022-10-28T00:00:00,2022-10-28T00:00:00,322114,"Granite Packaging, LLC",YELLOWA,YELLOWA,YELLOWA,11.0,11.0,4.9896,1.32,1.32,1.3288
1,OV,OP,00010,144385,237217,22.0,2022-10-28T00:00:00,2022-10-28T00:00:00,2022-10-28T00:00:00,322114,"Granite Packaging, LLC",WHITEAR,WHITEAR,WHITEAR,139.0,139.0,63.0504,16.68,16.68,16.7909
1,OV,OP,00010,144385,237219,22.0,2022-10-28T00:00:00,2022-10-28T00:00:00,2022-10-28T00:00:00,322114,"Granite Packaging, LLC",WHITEAR,WHITEAR,WHITEAR,66.0,66.0,29.9376,7.92,7.92,7.9727
1,OV,OP,00010,144385,237221,22.0,2022-10-28T00:00:00,2022-10-28T00:00:00,2022-10-28T00:00:00,322114,"Granite Packaging, LLC",WHITEAR,WHITEAR,WHITEAR,66.0,66.0,29.9376,7.92,7.92,7.9727
1,OV,OP,00010,144385,237188,10.0,2022-10-28T00:00:00,2022-10-28T00:00:00,2022-10-28T00:00:00,322114,"Granite Packaging, LLC",L644032B,L644032B,L644032B,44000.0,44000.0,19958.4,5280.0,5280.0,5315.1078
1,OV,OP,00010,144385,237078,3.0,2022-10-26T00:00:00,2022-10-26T00:00:00,2022-10-26T00:00:00,322114,"Granite Packaging, LLC",LIDL,LIDL,LIDL,195000.0,195000.0,88452.0,23400.0,23400.0,23251.5832
1,OV,OP,00010,144385,237078,4.0,2022-10-26T00:00:00,2022-10-26T00:00:00,2022-10-26T00:00:00,322114,"Granite Packaging, LLC",C1,,C1,50100.0,50100.0,22725.36,6012.0,6012.0,5973.8683
1,OV,OP,00010,144385,237078,5.0,2022-10-26T00:00:00,2022-10-26T00:00:00,2022-10-26T00:00:00,322114,"Granite Packaging, LLC",C1LID,C1LID,C1LID,30000.0,30000.0,13608.0,3600.0,3600.0,3577.1666
1,OV,OP,00010,144385,237078,6.0,2022-10-26T00:00:00,2022-10-26T00:00:00,2022-10-26T00:00:00,322114,"Granite Packaging, LLC",CORNERB,CORNERB,CORNERB,2000.0,2000.0,907.2,240.0,240.0,238.4778
1,OV,OP,00010,144385,237078,7.0,2022-10-26T00:00:00,2022-10-26T00:00:00,2022-10-26T00:00:00,322114,"Granite Packaging, LLC",C2LID,C2LID,C2LID,80400.0,80400.0,36469.44,9648.0,9648.0,9586.8066
1,OV,OP,00010,144385,237078,8.0,2022-10-26T00:00:00,2022-10-26T00:00:00,2022-10-26T00:00:00,322114,"Granite Packaging, LLC",C2,,C2,16698.0,16698.0,7574.2128,2003.76,2003.76,1991.051
1,OV,OP,00010,144385,237188,9.0,2022-10-28T00:00:00,2022-10-28T00:00:00,2022-10-28T00:00:00,322114,"Granite Packaging, LLC",L644032F,L644032F,L644032F,44000.0,44000.0,19958.4,5280.0,5280.0,5315.1078
1,OV,OP,00010,144385,237188,11.0,2022-10-28T00:00:00,2022-10-28T00:00:00,2022-10-28T00:00:00,322114,"Granite Packaging, LLC",L644432F,L644432F,L644432F,52400.0,52400.0,23768.64,6288.0,6288.0,6329.8102
1,OV,OP,00010,144385,237188,12.0,2022-10-28T00:00:00,2022-10-28T00:00:00,2022-10-28T00:00:00,322114,"Granite Packaging, LLC",L644432B,L644432B,L644432B,52400.0,52400.0,23768.64,6288.0,6288.0,6329.8102
1,OV,OP,00010,144385,237078,13.0,2022-10-26T00:00:00,2022-10-26T00:00:00,2022-10-26T00:00:00,322114,"Granite Packaging, LLC",C1,,C1,2000.0,2000.0,907.2,240.0,240.0,238.4778
1,OV,OP,00010,144385,237078,14.0,2022-10-26T00:00:00,2022-10-26T00:00:00,2022-10-26T00:00:00,322114,"Granite Packaging, LLC",C1,,C1,12600.0,12600.0,5715.36,1512.0,1512.0,1502.41
1,OV,OP,00010,144385,237188,15.0,2022-10-28T00:00:00,2022-10-28T00:00:00,2022-10-28T00:00:00,322114,"Granite Packaging, LLC",C1LID,C1LID,C1LID,2000.0,2000.0,907.2,240.0,240.0,241.5958
1,OV,OP,00010,144385,237078,16.0,2022-10-26T00:00:00,2022-10-26T00:00:00,2022-10-26T00:00:00,322114,"Granite Packaging, LLC",C1LID,C1LID,C1LID,16800.0,16800.0,7620.4800000000005,2016.0,2016.0,2003.2133
2,PV,OP,00010,144385,22021077,23.0,2022-10-28T00:00:00,2022-10-28T00:00:00,2022-11-15T00:00:00,322114,"Granite Packaging, LLC",BLACKAN,BLACKAN,BLACKAN,66.0,66.0,29.9376,8.12,8.12,7.8297
2,PV,OP,00010,144385,22021077,17.0,2022-10-28T00:00:00,2022-10-28T00:00:00,2022-11-15T00:00:00,322114,"Granite Packaging, LLC",STEARIC,STEARIC,STEARIC,1500.0,1500.0,680.4,3320.7,3320.7,3201.98
2,PV,OP,00010,144385,22021077,18.0,2022-10-28T00:00:00,2022-10-28T00:00:00,2022-11-15T00:00:00,322114,"Granite Packaging, LLC",OK7666,OK7666,OK7666,1763.68,1763.68,800.005248,4685.04,4685.04,4517.5428
2,PV,OP,00010,144385,22021077,19.0,2022-10-28T00:00:00,2022-10-28T00:00:00,2022-11-15T00:00:00,322114,"Granite Packaging, LLC",ORANGEA,ORANGEA,ORANGEA,198.0,198.0,89.8128,5132.14,5132.14,4948.6583
2,PV,OP,00010,144385,22021077,21.0,2022-10-28T00:00:00,2022-10-28T00:00:00,2022-11-15T00:00:00,322114,"Granite Packaging, LLC",YELLOWA,YELLOWA,YELLOWA,11.0,11.0,4.9896,219.16,219.16,211.3247
2,PV,OP,00010,144385,22021077,22.0,2022-10-28T00:00:00,2022-10-28T00:00:00,2022-11-15T00:00:00,322114,"Granite Packaging, LLC",WHITEAR,WHITEAR,WHITEAR,66.0,66.0,29.9376,460.03,460.03,443.5832
