OrderCo,Branch,OrderNum,LineNum,OpenFlag,GlobalBulk,Bulk,Item2nd,Desc1,Desc2,FHC,NextStatus,USD,EUR,LB,KG,CM,Net,ExtCost,ExtCostUSD,ExtCostEUR,StdExtCostUSD,FSDUnitCost,QtyOrd,RBU,TM,CustName,Country,GlobalParent,PromDate,Chemist,LineType,OrderType
00010,        CIN2,1328475,1.0,N,U501,U501,U501-OP,HYDROSIZE U5-01,,COL,999,19800.0,,4500.0,2041.1660000000002,5427.0,19800.0,14373.0,14373.0,,0.0,3.194,10.0,10240,Samuel Hankins,"AGY Aiken - Aiken, SC",United States,AGY - Global Parent,2021-06-03T00:00:00,Norman Seung,S,S4
00010,        CIN2,1099167,1.0,N,U501,U501,U501-OP,HYDROSIZE U5-01,,COL,999,48807.0,,13050.0,5919.3814,16330.77,48807.0,32476.23,32476.23,,0.0,2.4886,29.0,10240,Samuel Hankins,"AGY Aiken - Aiken, SC",United States,AGY - Global Parent,2020-05-26T00:00:00,Norman Seung,S,S4
00010,        CIN2,1201320,1.0,N,U501,U501,U501-OP,HYDROSIZE U5-01,,COL,999,50490.0,,13500.0,6123.4980000000005,7600.5,50490.0,42889.5,42889.5,,0.0,3.177,30.0,10240,Samuel Hankins,"AGY Aiken - Aiken, SC",United States,AGY - Global Parent,2020-10-22T00:00:00,Norman Seung,S,S4
00010,        CIN2,1214069,1.0,N,U201,U201,U201-OP,HYDROSIZE U2-01,,COL,999,3753.0,,900.0,408.2332,1782.72,3753.0,1970.28,1970.28,,0.0,2.1892,2.0,10240,Samuel Hankins,"Highland Industries - Cheraw, SC",United States,"Highland Industries - Cheraw, SC",2020-11-06T00:00:00,Norman Seung,S,S4
00010,        CIN2,1229140,1.0,N,U501,U501,U501-OP,HYDROSIZE U5-01,,COL,999,1683.0,,450.0,204.1166,153.45,1683.0,1529.55,1529.55,,0.0,3.399,1.0,10240,Samuel Hankins,"AGY Aiken - Aiken, SC",United States,AGY - Global Parent,2020-12-18T00:00:00,Norman Seung,S,S4
00010,        CIN2,1262399,1.0,N,U501,U501,U501-OP,HYDROSIZE U5-01,,COL,999,10098.0,,2700.0,1224.6996,1474.2,10098.0,8623.8,8623.8,,0.0,3.194,6.0,10240,Samuel Hankins,"AGY Aiken - Aiken, SC",United States,AGY - Global Parent,2021-03-17T00:00:00,Norman Seung,S,S4
00010,        CIN2,1285881,1.0,N,U201,U201,U201-OP,HYDROSIZE U2-01,,COL,999,1876.5,,450.0,204.1166,708.48,1876.5,1168.02,1168.02,,0.0,2.5956,1.0,10240,Samuel Hankins,"Highland Industries - Cheraw, SC",United States,"Highland Industries - Cheraw, SC",2021-02-22T00:00:00,Norman Seung,S,S4
00010,        CIN2,1338501,1.0,N,U2022,U2022,U2022-OP,HYDROSIZE U2022,,COL,999,2245.5,,450.0,204.1166,1026.45,2245.5,1219.05,1219.05,,0.0,2.709,1.0,10240,Samuel Hankins,"Vartega Inc- Golden, CO",United States,Vartega - Global Parent,2021-05-26T00:00:00,Norman Seung,S,S4
00010,        CIN2,1060005,1.0,N,U501,U501,U501-OP,HYDROSIZE U5-01,,COL,999,28611.0,,7650.0,3469.9822,9573.21,28611.0,19037.79,19037.79,,0.0,2.4886,17.0,10240,Samuel Hankins,"AGY Aiken - Aiken, SC",United States,AGY - Global Parent,2020-03-04T00:00:00,Norman Seung,S,S4
00010,        CIN2,1085695,1.0,N,U201,U201,U201-OP,HYDROSIZE U2-01,,COL,999,3753.0,,900.0,408.2332,1782.72,3753.0,1970.28,1970.28,,0.0,2.1892,2.0,10240,Samuel Hankins,"Highland Industries - Cheraw, SC",United States,"Highland Industries - Cheraw, SC",2020-04-01T00:00:00,Norman Seung,S,S4
00010,        CIN2,1164973,1.0,N,U501,U501,U501-OP,HYDROSIZE U5-01,,COL,999,50490.0,,13500.0,6123.4980000000005,7600.5,50490.0,42889.5,42889.5,,0.0,3.177,30.0,10240,Samuel Hankins,"AGY Aiken - Aiken, SC",United States,AGY - Global Parent,2020-07-31T00:00:00,Norman Seung,S,S4
00010,        CIN2,1350933,1.0,N,U501,U501,U501-OP,HYDROSIZE U5-01,,COL,999,136.35,,27.0,12.2472,50.11,136.35,86.24,86.24,,0.0,3.194,27.0,10240,Samuel Hankins,"AGY Aiken - Aiken, SC",United States,AGY - Global Parent,2021-05-27T00:00:00,Norman Seung,S,S4
00010,        CIN2,1369688,1.0,N,U501,U501,U501-PL,HYDROSIZE U5-01,,COL,999,638.0,,145.0,65.772,116.83,638.0,521.17,521.17,,0.0,3.5943,145.0,10240,Samuel Hankins,"AGY Aiken - Aiken, SC",United States,AGY - Global Parent,2021-06-28T00:00:00,Norman Seung,S,S4
00010,        CIN2,1050689,1.0,N,U101,U101,U101-OP,HYDROSIZE U1-01,,COL,999,52951.5,,18450.0,8368.92,19627.11,52951.5,33324.39,33324.39,,0.0,1.8062,18450.0,10240,Samuel Hankins,"Johns Manville - Waterville, OH(River)",United States,Johns Manville - Global Parent,2020-01-31T00:00:00,Norman Seung,S,S4
00010,        CIN2,1055688,1.0,N,U101,U101,U101-OP,HYDROSIZE U1-01,,COL,999,51660.0,,18000.0,8164.664000000001,19148.4,51660.0,32511.6,32511.6,,0.0,1.8062,40.0,10240,Samuel Hankins,"Johns Manville - Waterville, OH(River)",United States,Johns Manville - Global Parent,2020-03-09T00:00:00,Norman Seung,S,S4
00010,        CIN2,1222423,1.0,N,U101,U101,U101-OP,HYDROSIZE U1-01,,COL,999,14085.0,,4500.0,2041.1660000000002,4594.5,14085.0,9490.5,9490.5,,0.0,2.109,10.0,10240,Samuel Hankins,"Johns Manville - Waterville, OH(River)",United States,Johns Manville - Global Parent,2021-02-08T00:00:00,Norman Seung,S,S4
00010,        CIN2,1229213,1.0,N,U101,U101,U101-OP,HYDROSIZE U1-01,,COL,999,15498.0,,5400.0,2449.3992,4109.4,15498.0,11388.6,11388.6,,0.0,2.109,12.0,10240,Samuel Hankins,"Johns Manville - Waterville, OH(River)",United States,Johns Manville - Global Parent,2021-02-08T00:00:00,Norman Seung,S,S4
00010,        CIN2,1267652,1.0,N,U502,U502,U502-OP,HYDROSIZE U5-02,,COL,999,6858.0,,1800.0,816.4664,2798.1,6858.0,4059.9,4059.9,,0.0,2.2555,4.0,10240,Samuel Hankins,"Johns Manville - Waterville, OH(River)",United States,Johns Manville - Global Parent,2021-03-26T00:00:00,Norman Seung,S,S4
00010,        CIN2,1298927,1.0,N,U502,U502,U502-OP,HYDROSIZE U5-02,,COL,999,15984.0,,3600.0,1632.9328,3898.8,15984.0,12085.2,12085.2,,0.0,3.357,8.0,10240,Samuel Hankins,"Johns Manville - Waterville, OH(River)",United States,Johns Manville - Global Parent,2021-05-27T00:00:00,Norman Seung,S,S4
00010,        CIN2,1298929,1.0,N,U101,U101,U101-OP,HYDROSIZE U1-01,,COL,999,7650.0,,2250.0,1020.5830000000001,2904.75,7650.0,4745.25,4745.25,,0.0,2.109,5.0,10240,Samuel Hankins,"Johns Manville - Waterville, OH(River)",United States,Johns Manville - Global Parent,2021-05-27T00:00:00,Norman Seung,S,S4
00010,        CIN2,1047557,1.0,N,U501,U501,U501-OP,HYDROSIZE U5-01,,COL,999,6084.0,,1800.0,816.4664,1604.52,6084.0,4479.48,4479.48,,0.0,2.4886,4.0,10240,Samuel Hankins,"Johns Manville - Waterville, OH(River)",United States,Johns Manville - Global Parent,2020-01-23T00:00:00,Norman Seung,S,S4
00010,        CIN2,1052168,1.0,N,U101,U101,U101-OP,HYDROSIZE U1-01,,COL,999,1291.5,,450.0,204.1166,478.71,1291.5,812.79,812.79,,0.0,1.8062,1.0,10240,Samuel Hankins,"Johns Manville - Waterville, OH(River)",United States,Johns Manville - Global Parent,2020-03-26T00:00:00,Norman Seung,S,S4
00010,        CIN2,1058343,1.0,N,U101,U101,U101-OP,HYDROSIZE U1-01,,COL,999,51660.0,,18000.0,8164.664000000001,19148.4,51660.0,32511.6,32511.6,,0.0,1.8062,40.0,10240,Samuel Hankins,"Johns Manville - Waterville, OH(River)",United States,Johns Manville - Global Parent,2020-02-05T00:00:00,Norman Seung,S,S4
00010,        CIN2,1138171,1.0,N,U101,U101,U101-OP,HYDROSIZE U1-01,,COL,999,33579.0,,11700.0,5307.0316,12446.46,33579.0,21132.54,21132.54,,0.0,1.8062,26.0,10240,Samuel Hankins,"Johns Manville - Waterville, OH(River)",United States,Johns Manville - Global Parent,2020-08-06T00:00:00,Norman Seung,S,S4
00010,        CIN2,1216950,1.0,N,U501,U501,U501-OP,HYDROSIZE U5-01,,COL,999,6084.0,,1800.0,816.4664,365.4,6084.0,5718.6,5718.6,,0.0,3.177,4.0,10240,Samuel Hankins,"Johns Manville - Waterville, OH(River)",United States,Johns Manville - Global Parent,2020-11-02T00:00:00,Norman Seung,S,S4
00010,        CIN2,1267653,1.0,N,U101,U101,U101-OP,HYDROSIZE U1-01,,COL,999,1291.5,,450.0,204.1166,342.45,1291.5,949.05,949.05,,0.0,2.109,1.0,10240,Samuel Hankins,"Johns Manville - Waterville, OH(River)",United States,Johns Manville - Global Parent,2021-03-30T00:00:00,Norman Seung,S,S4
00010,        CIN2,1286489,1.0,N,U101,U101,U101-OP,HYDROSIZE U1-01,,COL,999,27121.5,,9450.0,4286.4486,7191.45,27121.5,19930.05,19930.05,,0.0,2.109,21.0,10240,Samuel Hankins,"Johns Manville - Waterville, OH(River)",United States,Johns Manville - Global Parent,2021-04-14T00:00:00,Norman Seung,S,S4
00010,        CIN2,1369660,1.0,N,U101,U101,U101-OP,HYDROSIZE U1-01,,COL,999,6120.0,,1800.0,816.4664,2323.8,6120.0,3796.2,3796.2,,0.0,2.109,4.0,10240,Samuel Hankins,"Johns Manville - Waterville, OH(River)",United States,Johns Manville - Global Parent,2021-09-07T00:00:00,Norman Seung,S,S4
00010,        CIN2,1369674,1.0,N,U101,U101,U101-OP,HYDROSIZE U1-01,,COL,999,22950.0,,6750.0,3061.7490000000003,8714.25,22950.0,14235.75,14235.75,,0.0,2.109,15.0,10240,Samuel Hankins,"Johns Manville - Waterville, OH(River)",United States,Johns Manville - Global Parent,2021-09-02T00:00:00,Norman Seung,S,S4
00010,        CIN2,1381644,1.0,N,U101,U101,U101-OP,HYDROSIZE U1-01,,COL,999,21762.0,,5400.0,2449.3992,5551.2,21762.0,16210.8,16210.8,,0.0,3.002,12.0,10240,Samuel Hankins,"Johns Manville - Waterville, OH(River)",United States,Johns Manville - Global Parent,2022-02-14T00:00:00,Norman Seung,S,S4
00010,        CIN2,1384848,1.0,N,U101,U101,U101-OP,HYDROSIZE U1-01,,COL,999,8235.0,,2250.0,1020.5830000000001,3489.75,8235.0,4745.25,4745.25,,0.0,2.109,5.0,10240,Samuel Hankins,"Johns Manville - Waterville, OH(River)",United States,Johns Manville - Global Parent,2021-07-23T00:00:00,Norman Seung,S,S4
00010,        CIN2,1391810,1.0,N,U502,U502,U502-OP,HYDROSIZE U5-02,,COL,999,7992.0,,1800.0,816.4664,1949.4,7992.0,6042.6,6042.6,,0.0,3.357,4.0,10240,Samuel Hankins,"Johns Manville - Waterville, OH(River)",United States,Johns Manville - Global Parent,2021-09-02T00:00:00,Norman Seung,S,S4
00010,        CIN2,1403428,1.0,N,U101,U101,U101-OP,HYDROSIZE U1-01,,COL,999,4927.5,,1350.0,612.3498,1449.9,4927.5,3477.6,3477.6,,0.0,2.576,3.0,10240,Samuel Hankins,"Johns Manville - Waterville, OH(River)",United States,Johns Manville - Global Parent,2022-01-20T00:00:00,Norman Seung,S,S4
00010,        CIN2,1433321,1.0,N,U502,U502,U502-OP,HYDROSIZE U5-02,,COL,999,73332.0,,9450.0,4286.4486,41608.35,73332.0,31723.65,31723.65,,0.0,3.357,21.0,10240,Samuel Hankins,"Johns Manville - Waterville, OH(River)",United States,Johns Manville - Global Parent,2022-04-04T00:00:00,Norman Seung,S,S4
00010,        CIN2,1442607,1.0,N,U101,U101,U101-OP,HYDROSIZE U1-01,,COL,999,44370.0,,13050.0,5919.3814,10753.2,44370.0,33616.8,33616.8,,0.0,2.576,29.0,10240,Samuel Hankins,"Johns Manville - Waterville, OH(River)",United States,Johns Manville - Global Parent,2022-01-04T00:00:00,Norman Seung,S,S4
00010,        CIN2,1445534,1.0,N,U501,U501,U501-OP,HYDROSIZE U5-01,,COL,999,7110.0,,1800.0,816.4664,432.0,7110.0,6678.0,6678.0,,0.0,3.71,4.0,10240,Samuel Hankins,"Johns Manville - Waterville, OH(River)",United States,Johns Manville - Global Parent,2021-12-14T00:00:00,Norman Seung,S,S4
00010,        CIN2,1445634,1.0,N,U502,U502,U502-OP,HYDROSIZE U5-02,,COL,999,9990.0,,2250.0,1020.5830000000001,2436.75,9990.0,7553.25,7553.25,,0.0,3.357,5.0,10240,Samuel Hankins,"Johns Manville - Waterville, OH(River)",United States,Johns Manville - Global Parent,2021-10-19T00:00:00,Norman Seung,S,S4
00010,        CIN2,1458994,1.0,N,U101,U101,U101-OP,HYDROSIZE U1-01,,COL,999,26280.0,,7200.0,3265.8656,7732.8,26280.0,18547.2,18547.2,,0.0,2.576,16.0,10240,Samuel Hankins,"Johns Manville - Waterville, OH(River)",United States,Johns Manville - Global Parent,2022-01-20T00:00:00,Norman Seung,S,S4
00010,        CIN2,1485393,1.0,N,U101,U101,U101-OP,HYDROSIZE U1-01,,COL,999,14076.0,,3600.0,1632.9328,4802.4,14076.0,9273.6,9273.6,,0.0,2.576,8.0,10240,Samuel Hankins,"Johns Manville - Waterville, OH(River)",United States,Johns Manville - Global Parent,2022-01-20T00:00:00,Norman Seung,S,S4
00010,        CIN2,1522467,1.0,N,U101,U101,U101-OP,HYDROSIZE U1-01,,COL,999,29016.0,,7200.0,3265.8656,6969.6,29016.0,22046.4,22046.4,,0.0,3.062,16.0,10240,Samuel Hankins,"Johns Manville - Waterville, OH(River)",United States,Johns Manville - Global Parent,2022-03-30T00:00:00,Norman Seung,S,S4
00010,        CIN2,1590183,1.0,N,U101,U101,U101-OP,HYDROSIZE U1-01,,COL,999,41544.0,,7200.0,3265.8656,19274.4,41544.0,22269.6,22269.6,,0.0,3.093,16.0,10240,Samuel Hankins,"Johns Manville - Waterville, OH(River)",United States,Johns Manville - Global Parent,2022-07-07T00:00:00,Norman Seung,S,S4
00010,        CIN2,1590184,1.0,N,U101,U101,U101-OP,HYDROSIZE U1-01,,COL,999,31158.0,,5400.0,2449.3992,14455.8,31158.0,16702.2,16702.2,,0.0,3.093,12.0,10240,Samuel Hankins,"Johns Manville - Waterville, OH(River)",United States,Johns Manville - Global Parent,2022-07-05T00:00:00,Norman Seung,S,S4
00010,        CIN2,1603308,1.0,N,U101,U101,U101-OP,HYDROSIZE U1-01,,COL,999,5193.0,,900.0,408.2332,2409.3,5193.0,2783.7,2783.7,,0.0,3.093,2.0,10240,Samuel Hankins,"Johns Manville - Waterville, OH(River)",United States,Johns Manville - Global Parent,2022-07-15T00:00:00,Norman Seung,S,S4
00010,        CIN2,1603324,1.0,N,U101,U101,U101-OP,HYDROSIZE U1-01,,COL,999,15579.0,,2700.0,1224.6996,7227.9,15579.0,8351.1,8351.1,,0.0,3.093,6.0,10240,Samuel Hankins,"Johns Manville - Waterville, OH(River)",United States,Johns Manville - Global Parent,2022-08-15T00:00:00,Norman Seung,S,S4
00010,        CIN2,1648262,1.0,N,U101,U101,U101-OP,HYDROSIZE U1-01,,COL,999,5193.0,,900.0,408.2332,2394.9,5193.0,2798.1,2798.1,,0.0,3.109,2.0,10240,Samuel Hankins,"Johns Manville - Waterville, OH(River)",United States,Johns Manville - Global Parent,2022-09-19T00:00:00,Norman Seung,S,S4
00010,        CIN2,1710917,1.0,N,U101,U101,U101-OP,HYDROSIZE U1-01,,COL,999,41544.0,,7200.0,3265.8656,19159.2,41544.0,22384.8,22384.8,,0.0,3.109,16.0,10240,Samuel Hankins,"Johns Manville - Waterville, OH(River)",United States,Johns Manville - Global Parent,2022-11-30T00:00:00,Norman Seung,S,S4
00010,        CIN2,1377382,1.0,N,U501,U501,U501-OP,HYDROSIZE U5-01,,COL,999,63360.0,,14400.0,6531.7312,17366.4,63360.0,45993.6,45993.6,,0.0,3.194,32.0,10240,Samuel Hankins,"AGY Aiken - Aiken, SC",United States,AGY - Global Parent,2021-08-16T00:00:00,Norman Seung,S,S4
00010,        CIN2,1377383,1.0,N,U501,U501,U501-OP,HYDROSIZE U5-01,,COL,999,13068.0,,2700.0,1224.6996,3402.0,13068.0,9666.0,9666.0,,0.0,3.58,6.0,10240,Samuel Hankins,"AGY Aiken - Aiken, SC",United States,AGY - Global Parent,2021-10-12T00:00:00,Norman Seung,S,S4
00010,        CIN2,1377384,1.0,N,U501,U501,U501-OP,HYDROSIZE U5-01,,COL,999,4356.0,,900.0,408.2332,1017.0,4356.0,3339.0,3339.0,,0.0,3.71,2.0,10240,Samuel Hankins,"AGY Aiken - Aiken, SC",United States,AGY - Global Parent,2021-12-21T00:00:00,Norman Seung,S,S4
00010,        CIN2,1387337,1.0,N,U502,U502,U502-OP,HYDROSIZE U5-02,,COL,999,23535.0,,4500.0,2041.1660000000002,8428.5,23535.0,15106.5,15106.5,,0.0,3.357,10.0,10240,Samuel Hankins,"AGY Aiken - Aiken, SC",United States,AGY - Global Parent,2021-07-26T00:00:00,Norman Seung,S,S4
00010,        CIN2,1405065,1.0,N,U501,U501,U501-OP,HYDROSIZE U5-01,,COL,999,4356.0,,900.0,408.2332,1017.0,4356.0,3339.0,3339.0,,0.0,3.71,2.0,10240,Samuel Hankins,"AGY Aiken - Aiken, SC",United States,AGY - Global Parent,2021-12-21T00:00:00,Norman Seung,S,S4
00010,        CIN2,1508282,1.0,N,U501,U501,U501-OP,HYDROSIZE U5-01,,COL,999,93240.0,,18000.0,8164.664000000001,13428.0,93240.0,79812.0,79812.0,,0.0,4.434,40.0,10240,Samuel Hankins,"AGY Aiken - Aiken, SC",United States,AGY - Global Parent,2022-03-29T00:00:00,Norman Seung,S,S4
00010,        CIN2,1585632,1.0,N,U501,U501,U501-OP,HYDROSIZE U5-01,,COL,999,115560.0,,18000.0,8164.664000000001,35748.0,115560.0,79812.0,79812.0,,0.0,4.434,40.0,10240,Samuel Hankins,"AGY Aiken - Aiken, SC",United States,AGY - Global Parent,2022-05-27T00:00:00,Norman Seung,S,S4
00010,        CIN2,1617007,1.0,N,U501,U501,U501-OP,HYDROSIZE U5-01,,COL,999,134959.5,,17550.0,7960.5474,52105.95,134959.5,82853.55,82853.55,,0.0,4.721,39.0,10240,Samuel Hankins,"AGY Aiken - Aiken, SC",United States,AGY - Global Parent,2022-07-05T00:00:00,Norman Seung,S,S4
00010,        CIN2,1871443,1.0,N,U501,U501,U501-OP,HYDROSIZE U5-01,,COL,999,98280.0,,9000.0,4082.3320000000003,50823.0,98280.0,47457.0,47457.0,,0.0,5.273,20.0,10240,Samuel Hankins,"AGY Aiken - Aiken, SC",United States,AGY - Global Parent,2024-01-05T00:00:00,Norman Seung,S,S4
00010,        CIN2,2103706,1.0,N,U501,U501,U501-OP,HYDROSIZE U5-01,,COL,999,9486.0,,900.0,408.2332,4740.3,9486.0,4745.7,4745.7,,0.0,5.273,2.0,10240,Samuel Hankins,"AGY Aiken - Aiken, SC",United States,AGY - Global Parent,2024-05-14T00:00:00,Norman Seung,S,S4
00010,        CIN2,2155709,1.0,N,U501,U501,U501-OP,HYDROSIZE U5-01,,COL,999,4743.0,,450.0,204.12,2594.61,4743.0,2148.39,2148.39,,0.0,4.7742,450.0,10240,Samuel Hankins,"AGY Aiken - Aiken, SC",United States,AGY - Global Parent,2024-07-25T00:00:00,Norman Seung,S,S4
00010,        CIN2,2172371,1.0,N,U501,U501,U501-OP,HYDROSIZE U5-01,,COL,999,189720.0,,18000.0,8164.664000000001,103784.4,189720.0,85935.6,85935.6,,0.0,4.7742,40.0,10240,Samuel Hankins,"AGY Aiken - Aiken, SC",United States,AGY - Global Parent,2024-08-15T00:00:00,Norman Seung,S,S4
00010,        CIN2,2030219,1.0,N,U101,U101,U101-OP,HYDROSIZE U1-01,,COL,999,8856.0,,1800.0,816.4664,3758.4,8856.0,5097.6,5097.6,,0.0,2.832,4.0,10240,Samuel Hankins,"Johns Manville - Waterville, OH(River)",United States,Johns Manville - Global Parent,2024-01-23T00:00:00,Norman Seung,S,S4
00010,        CIN2,2030284,1.0,N,U502,U502,U502-OP,HYDROSIZE U5-02,,COL,999,19656.0,,5400.0,2449.3992,-6993.0,19656.0,26649.0,26649.0,,0.0,4.935,12.0,10240,Samuel Hankins,"Johns Manville - Waterville, OH(River)",United States,Johns Manville - Global Parent,2024-02-22T00:00:00,Norman Seung,S,S4
00010,        CIN2,2070470,1.0,N,U101,U101,U101-OP,HYDROSIZE U1-01,,COL,999,17712.0,,3600.0,1632.9328,7516.8,17712.0,10195.2,10195.2,,0.0,2.832,8.0,10240,Samuel Hankins,"Johns Manville - Waterville, OH(River)",United States,Johns Manville - Global Parent,2024-03-26T00:00:00,Norman Seung,S,S4
00010,        CIN2,2089449,1.0,N,U502,U502,U502-OP,HYDROSIZE U5-02,,COL,999,10224.0,,1800.0,816.4664,1341.0,10224.0,8883.0,8883.0,,0.0,4.935,4.0,10240,Samuel Hankins,"Johns Manville - Waterville, OH(River)",United States,Johns Manville - Global Parent,2024-05-01T00:00:00,Norman Seung,S,S4
00010,        CIN2,2123371,1.0,N,U502,U502,U502-OP,HYDROSIZE U5-02,,COL,999,30672.0,,5400.0,2449.3992,4023.0,30672.0,26649.0,26649.0,,0.0,4.935,12.0,10240,Samuel Hankins,"Johns Manville - Waterville, OH(River)",United States,Johns Manville - Global Parent,2024-06-10T00:00:00,Norman Seung,S,S4
00010,        CIN2,2179425,1.0,N,U502,U502,U502-OP,HYDROSIZE U5-02,,COL,999,12726.0,,1800.0,816.4664,3810.24,12726.0,8915.76,8915.76,,0.0,4.9532,4.0,10240,Samuel Hankins,"Johns Manville - Waterville, OH(River)",United States,Johns Manville - Global Parent,2024-09-03T00:00:00,Norman Seung,S,S4
00010,        CIN2,2208214,1.0,N,U502,U502,U502-OP,HYDROSIZE U5-02,,COL,999,38178.0,,5400.0,2449.3992,11430.72,38178.0,26747.28,26747.28,,0.0,4.9532,12.0,10240,Samuel Hankins,"Johns Manville - Waterville, OH(River)",United States,Johns Manville - Global Parent,2024-10-02T00:00:00,Norman Seung,S,S4
00010,        CIN2,2267951,1.0,N,U502,U502,U502-OP,HYDROSIZE U5-02,,COL,999,19089.0,,2700.0,1224.6996,5715.36,19089.0,13373.64,13373.64,,0.0,4.9532,6.0,10240,Samuel Hankins,"Johns Manville - Waterville, OH(River)",United States,Johns Manville - Global Parent,2024-12-26T00:00:00,Norman Seung,S,S4
00010,        CIN2,2687458,1.0,N,U2022,U2022,U2022-PL,HYDROSIZE U2022,,COL,999,372.8,,40.0,18.1437,228.55,372.8,144.25,144.25,,0.0,3.6063,1.0,10240,Samuel Hankins,"Highland Industries - Cheraw, SC",United States,"Highland Industries - Cheraw, SC",2026-05-13T00:00:00,Norman Seung,S,S4
00010,        CIN2,2681222,1.0,N,U501,U501,U501-OP,HYDROSIZE U5-01,,COL,999,197280.0,,18000.0,8164.664000000001,124128.0,197280.0,73152.0,73152.0,,0.0,4.064,40.0,10240,Samuel Hankins,"AGY Aiken - Aiken, SC",United States,AGY - Global Parent,2026-07-21T00:00:00,Norman Seung,S,S4
00010,        CIN2,2337627,1.0,N,U101,U101,U101-OP,HYDROSIZE U1-01,,COL,999,17712.0,,3600.0,1632.9328,7516.8,17712.0,10195.2,10195.2,,0.0,2.832,8.0,10240,Samuel Hankins,"Johns Manville - Waterville, OH(River)",United States,Johns Manville - Global Parent,2025-03-17T00:00:00,Norman Seung,S,S4
00010,        CIN2,2374741,1.0,N,U101,U101,U101-OP,HYDROSIZE U1-01,,COL,999,17712.0,,3600.0,1632.9328,7743.6,17712.0,9968.4,9968.4,,0.0,2.769,8.0,10240,Samuel Hankins,"Johns Manville - Waterville, OH(River)",United States,Johns Manville - Global Parent,2025-04-11T00:00:00,Norman Seung,S,S4
00010,        CIN2,2393588,1.0,N,U101,U101,U101-OP,HYDROSIZE U1-01,,COL,999,11070.0,,2250.0,1020.5830000000001,5211.0,11070.0,5859.0,5859.0,,0.0,2.604,5.0,10240,Samuel Hankins,"Johns Manville - Waterville, OH(River)",United States,Johns Manville - Global Parent,2025-06-04T00:00:00,Norman Seung,S,S4
00010,        CIN2,2410296,1.0,N,U101,U101,U101-OP,HYDROSIZE U1-01,,COL,999,17712.0,,3600.0,1632.9328,7725.6,17712.0,9986.4,9986.4,,0.0,2.774,8.0,10240,Samuel Hankins,"Johns Manville - Waterville, OH(River)",United States,Johns Manville - Global Parent,2025-07-17T00:00:00,Norman Seung,S,S4
00010,        CIN2,2364904,1.0,N,U201,U201,U201-OP,HYDROSIZE U2-01,,COL,999,2853.0,,450.0,204.1166,1402.83,2853.0,1450.17,1450.17,,0.0,3.2226,1.0,10240,Samuel Hankins,"Highland Industries - Cheraw, SC",United States,"Highland Industries - Cheraw, SC",2025-03-10T00:00:00,Norman Seung,S,S4
00010,        CIN2,2384655,1.0,N,U501,U501,U501-OP,HYDROSIZE U5-01,,COL,999,184977.0,,17550.0,7960.68,101189.79,184977.0,83787.21,83787.21,,0.0,4.7742,17550.0,10240,Samuel Hankins,"AGY Aiken - Aiken, SC",United States,AGY - Global Parent,2025-05-20T00:00:00,Norman Seung,S,S4
00010,        CIN2,2396121,1.0,N,U201,U201,U201-OP,HYDROSIZE U2-01,,COL,999,2853.0,,450.0,204.1166,1402.83,2853.0,1450.17,1450.17,,0.0,3.2226,1.0,10240,Samuel Hankins,"Highland Industries - Cheraw, SC",United States,"Highland Industries - Cheraw, SC",2025-05-05T00:00:00,Norman Seung,S,S4
00010,        CIN2,1606270,1.0,N,U501,U501,U501-OP,HYDROSIZE U5-01,,COL,999,196560.0,,18000.0,8164.664000000001,111582.0,196560.0,84978.0,84978.0,,0.0,4.721,40.0,10240,Samuel Hankins,"AGY Aiken - Aiken, SC",United States,AGY - Global Parent,2023-01-20T00:00:00,Norman Seung,S,S4
00010,        CIN2,1616901,1.0,N,U501,U501,U501-OP,HYDROSIZE U5-01,,COL,999,4914.0,,450.0,204.1166,2557.8,4914.0,2356.2,2356.2,,0.0,5.236,1.0,10240,Samuel Hankins,"AGY Aiken - Aiken, SC",United States,AGY - Global Parent,2023-01-27T00:00:00,Norman Seung,S,S4
00010,        CIN2,1616917,1.0,N,U501,U501,U501-OP,HYDROSIZE U5-01,,COL,999,4914.0,,450.0,204.1166,2789.55,4914.0,2124.45,2124.45,,0.0,4.721,1.0,10240,Samuel Hankins,"AGY Aiken - Aiken, SC",United States,AGY - Global Parent,2023-01-20T00:00:00,Norman Seung,S,S4
00010,        CIN2,1723794,1.0,N,U101,U101,U101-OP,HYDROSIZE U1-01,,COL,999,31158.0,,5400.0,2449.3992,14369.4,31158.0,16788.6,16788.6,,0.0,3.109,12.0,10240,Samuel Hankins,"Johns Manville - Waterville, OH(River)",United States,Johns Manville - Global Parent,2023-01-04T00:00:00,Norman Seung,S,S4
00010,        CIN2,1971665,1.0,N,U501,U501,U501-OP,HYDROSIZE U5-01,,COL,999,4914.0,,450.0,204.1166,2541.15,4914.0,2372.85,2372.85,,0.0,5.273,1.0,10240,Samuel Hankins,"AGY Aiken - Aiken, SC",United States,AGY - Global Parent,2023-11-06T00:00:00,Norman Seung,S,S4
00010,        CIN2,1977033,1.0,N,U502,U502,U502-OP,HYDROSIZE U5-02,,COL,999,4500.0,,900.0,408.2332,58.5,4500.0,4441.5,4441.5,,0.0,4.935,2.0,10240,Samuel Hankins,"Johns Manville - Waterville, OH(River)",United States,Johns Manville - Global Parent,2023-10-12T00:00:00,Norman Seung,S,S4
00010,        CIN2,1997629,1.0,N,U502,U502,U502-OP,HYDROSIZE U5-02,,COL,999,9000.0,,1800.0,816.4664,117.0,9000.0,8883.0,8883.0,,0.0,4.935,4.0,10240,Samuel Hankins,"Johns Manville - Waterville, OH(River)",United States,Johns Manville - Global Parent,2023-11-30T00:00:00,Norman Seung,S,S4
00010,        CIN2,1291404,1.0,N,U2022,U2022,U2022-OP,HYDROSIZE U2022,,PPA,999,1953.0,,450.0,204.1166,733.95,1953.0,1219.05,1219.05,,0.0,2.709,1.0,10240,Samuel Hankins,"Vartega Inc- Golden, CO",United States,Vartega - Global Parent,2021-03-08T00:00:00,Norman Seung,S,S4
00010,        CIN2,1072407,1.0,N,U204,U204,U204-PL,HYDROSIZE U2-04,,PPA,999,285.2,,40.0,18.1437,208.92,285.2,76.28,76.28,,0.0,1.9069,1.0,10240,Samuel Hankins,"Carbon Conversions - Lake City, SC",United States,"Carbon Conversions - Lake City, SC",2020-02-11T00:00:00,Norman Seung,S,S4
00010,        CIN2,1045424,1.0,N,U601,U601,U601-OP,HYDROSIZE U6-01,,COB,999,4086.0,,1800.0,816.4664,1613.7,4086.0,2472.3,2472.3,,0.0,1.3735,4.0,10240,Samuel Hankins,"Owens Corning - Amarillo, TX",United States,Owens Corning Vetrotex - Global Parent,2020-02-12T00:00:00,Norman Seung,S,S4
00010,        CIN2,1681092,1.0,N,U101,U101,U101-OP,HYDROSIZE U1-01,,CLL,999,10854.0,,1800.0,816.4664,5257.8,10854.0,5596.2,5596.2,,0.0,3.109,4.0,10240,Samuel Hankins,"Johns Manville - Waterville, OH(River)",United States,Johns Manville - Global Parent,2022-11-18T00:00:00,Norman Seung,S,S4
00010,        CIN2,1445633,1.0,N,U2022,U2022,U2022-OP,HYDROSIZE U2022,,PPA,999,2245.5,,450.0,204.1166,1026.45,2245.5,1219.05,1219.05,,0.0,2.709,1.0,10240,Samuel Hankins,"Vartega Inc- Golden, CO",United States,Vartega - Global Parent,2021-11-15T00:00:00,Norman Seung,S,S4
00010,        CIN2,1502501,1.0,N,U2022,U2022,U2022-OP,HYDROSIZE U2022,,PPA,999,4491.0,,900.0,408.2332,2115.0,4491.0,2376.0,2376.0,,0.0,2.64,2.0,10240,Samuel Hankins,"Vartega Inc- Golden, CO",United States,Vartega - Global Parent,2022-01-10T00:00:00,Norman Seung,S,S4
00010,        CIN2,1581510,1.0,N,U2022,U2022,U2022-OP,HYDROSIZE U2022,,PPA,999,5553.0,,900.0,408.2332,2418.3,5553.0,3134.7,3134.7,,0.0,3.483,2.0,10240,Samuel Hankins,"Vartega Inc- Golden, CO",United States,Vartega - Global Parent,2022-05-03T00:00:00,Norman Seung,S,S4
00010,        CIN2,1581528,1.0,N,U2022,U2022,U2022-OP,HYDROSIZE U2022,,PPA,999,5688.0,,900.0,408.2332,2242.8,5688.0,3445.2,3445.2,,0.0,3.828,2.0,10240,Samuel Hankins,"Vartega Inc- Golden, CO",United States,Vartega - Global Parent,2022-08-02T00:00:00,Norman Seung,S,S4
00010,        CIN2,2051224,1.0,N,U501,U501,U501-PL,HYDROSIZE U5-01,,PPA,999,782.4,,80.0,36.2874,342.14,782.4,440.26,440.26,,0.0,5.5033,2.0,10240,Samuel Hankins,"William Barnet  & Son - Spartanburg, SC",United States,"William Barnet  & Son - Spartanburg, SC",2024-01-24T00:00:00,Norman Seung,S,S4
00010,        CIN2,2081087,1.0,N,U2022,U2022,U2022-OP,HYDROSIZE U2022,,PPA,999,24255.0,,4950.0,2245.2826,8053.15,24255.0,16201.85,16201.85,,0.0,3.2731,11.0,10240,Samuel Hankins,"Vartega - Denver, CO",United States,Vartega - Global Parent,2024-12-09T00:00:00,Norman Seung,S,S4
00010,        CIN2,2279436,1.0,N,U2022,U2022,U2022-OP,HYDROSIZE U2022,,PPA,999,6615.0,,1350.0,612.3498,1855.98,6615.0,4759.02,4759.02,,0.0,3.5252,3.0,10240,Samuel Hankins,"Vartega - Denver, CO",United States,Vartega - Global Parent,2024-11-18T00:00:00,Norman Seung,S,S4
00010,        CIN2,2303762,1.0,N,U2022,U2022,U2022-OP,HYDROSIZE U2022,,PPA,999,63180.0,,11700.0,5307.0316,23463.18,63180.0,39716.82,39716.82,,0.0,3.3946,26.0,10240,Samuel Hankins,"Vartega - Denver, CO",United States,Vartega - Global Parent,2024-12-30T00:00:00,Norman Seung,S,S4
00010,        CIN2,2589668,1.0,N,U502,U502,U502-OP,HYDROSIZE U5-02,,COB,999,9544.5,,1350.0,612.3498,2860.38,9544.5,6684.12,6684.12,,0.0,4.9512,3.0,10240,Samuel Hankins,"Johns Manville - Waterville, OH(River)",United States,Johns Manville - Global Parent,2026-01-05T00:00:00,Norman Seung,S,S4
00010,        CIN2,2617003,1.0,N,U502,U502,U502-OP,HYDROSIZE U5-02,,COB,999,12726.0,,1800.0,816.4664,3813.84,12726.0,8912.16,8912.16,,0.0,4.9512,4.0,10240,Samuel Hankins,"Johns Manville - Waterville, OH(River)",United States,Johns Manville - Global Parent,2026-03-31T00:00:00,Norman Seung,S,S4
00010,        CIN2,2626839,1.0,N,U502,U502,U502-OP,HYDROSIZE U5-02,,COB,999,38178.0,,5400.0,2449.3992,11441.52,38178.0,26736.48,26736.48,,0.0,4.9512,12.0,10240,Samuel Hankins,"Johns Manville - Waterville, OH(River)",United States,Johns Manville - Global Parent,2026-04-07T00:00:00,Norman Seung,S,S4
00010,        CIN2,2647796,1.0,N,U2022,U2022,U2022-OP,HYDROSIZE U2022,,PPA,999,1553.66,,262.0,118.8432,724.95,1553.66,828.71,828.71,,0.0,3.163,262.0,10240,Samuel Hankins,"William Barnet  & Son - Spartanburg, SC",United States,"William Barnet  & Son - Spartanburg, SC",2026-03-23T00:00:00,Norman Seung,S,S4
00010,        CIN2,2663657,1.0,N,U101,U101,U101-OP,HYDROSIZE U1-01,,COB,999,6642.0,,1350.0,612.3498,3088.8,6642.0,3553.2,3553.2,,0.0,2.632,3.0,10240,Samuel Hankins,"Johns Manville - Waterville, OH(River)",United States,Johns Manville - Global Parent,2026-04-14T00:00:00,Norman Seung,S,S4
00010,        CIN2,2673583,1.0,N,U502,U502,U502-OP,HYDROSIZE U5-02,,COB,999,19845.0,,2700.0,1224.6996,8083.8,19845.0,11761.2,11761.2,,0.0,4.356,6.0,10240,Samuel Hankins,"Johns Manville - Waterville, OH(River)",United States,Johns Manville - Global Parent,2026-06-03T00:00:00,Norman Seung,S,S4
00010,        CIN2,2711919,1.0,N,U502,U502,U502-OP,HYDROSIZE U5-02,,PPB,999,6615.0,,900.0,408.2332,2694.6,6615.0,3920.4,3920.4,,0.0,4.356,2.0,10240,Samuel Hankins,"Johns Manville - Waterville, OH(River)",United States,Johns Manville - Global Parent,2026-07-01T00:00:00,Norman Seung,S,S4
00010,        CIN2,2701214,1.0,N,U2022,U2022,U2022-OP,HYDROSIZE U2022,,PPA,999,22212.0,,3600.0,1632.9328,10195.2,22212.0,12016.8,12016.8,,0.0,3.338,8.0,10240,Samuel Hankins,"William Barnet  & Son - Spartanburg, SC",United States,"William Barnet  & Son - Spartanburg, SC",2026-07-07T00:00:00,Norman Seung,S,S4
00010,        CIN2,2695179,1.0,N,U502,U502,U502-OP,HYDROSIZE U5-02,,COB,999,39690.0,,5400.0,2449.3992,16167.6,39690.0,23522.4,23522.4,,0.0,4.356,12.0,10240,Samuel Hankins,"Johns Manville - Waterville, OH(River)",United States,Johns Manville - Global Parent,2026-07-28T00:00:00,Norman Seung,S,S4
00010,        CIN2,2723347,1.0,N,U502,U502,U502-OP,HYDROSIZE U5-02,,COB,999,26460.0,,3600.0,1632.9328,10778.4,26460.0,15681.6,15681.6,,0.0,4.356,8.0,10240,Samuel Hankins,"Johns Manville - Waterville, OH(River)",United States,Johns Manville - Global Parent,2026-08-13T00:00:00,Norman Seung,S,S4
00010,        CIN2,2488677,1.0,N,U101,U101,U101-OP,HYDROSIZE U1-01,,COB,999,22140.0,,4500.0,2041.1660000000002,10296.0,22140.0,11844.0,11844.0,,0.0,2.632,10.0,10240,Samuel Hankins,"Johns Manville - Waterville, OH(River)",United States,Johns Manville - Global Parent,2025-10-30T00:00:00,Norman Seung,S,S4
00010,        CIN2,2510632,1.0,N,U502,U502,U502-OP,HYDROSIZE U5-02,,COB,999,25452.0,,3600.0,1632.9328,7627.68,25452.0,17824.32,17824.32,,0.0,4.9512,8.0,10240,Samuel Hankins,"Johns Manville - Waterville, OH(River)",United States,Johns Manville - Global Parent,2025-10-17T00:00:00,Norman Seung,S,S4
00010,        CIN2,2526553,1.0,N,U101,U101,U101-OP,HYDROSIZE U1-01,,COB,999,17712.0,,3600.0,1632.9328,8236.8,17712.0,9475.2,9475.2,,0.0,2.632,8.0,10240,Samuel Hankins,"Johns Manville - Waterville, OH(River)",United States,Johns Manville - Global Parent,2025-12-01T00:00:00,Norman Seung,S,S4
00010,        CIN2,2547842,1.0,N,U101,U101,U101-OP,HYDROSIZE U1-01,,COB,999,11070.0,,2250.0,1020.5830000000001,5148.0,11070.0,5922.0,5922.0,,0.0,2.632,5.0,10240,Samuel Hankins,"Johns Manville - Waterville, OH(River)",United States,Johns Manville - Global Parent,2025-12-22T00:00:00,Norman Seung,S,S4
00010,        CIN2,2303764,1.0,N,U2022,U2022,U2022-OP,HYDROSIZE U2022,,PPA,999,29160.0,,5400.0,2449.3992,11842.2,29160.0,17317.8,17317.8,,0.0,3.207,12.0,10240,Samuel Hankins,"Vartega - Denver, CO",United States,Vartega - Global Parent,2025-04-02T00:00:00,Norman Seung,S,S4
00010,        CIN2,2390799,1.0,N,U2022,U2022,U2022-OP,HYDROSIZE U2022,,PPA,999,30456.0,,5400.0,2449.3992,13375.8,30456.0,17080.2,17080.2,,0.0,3.163,12.0,10240,Samuel Hankins,"Vartega - Denver, CO",United States,Vartega - Global Parent,2025-09-10T00:00:00,Norman Seung,S,S4
00010,        CIN2,2414281,1.0,N,U501,U501,U501-OP,HYDROSIZE U5-01,,PPA,999,3051.55,,450.0,204.1166,903.16,3051.55,2148.39,2148.39,,0.0,4.7742,1.0,10240,Samuel Hankins,"Electric Glass Fiber America- Shelby, NC",United States,Nippon Electric Glass - Global Parent,2025-05-28T00:00:00,Norman Seung,S,S4
00010,        CIN2,2453645,1.0,N,U2022,U2022,U2022-PL,HYDROSIZE U2022,,PPA,999,758.4,,120.0,54.4311,343.07,758.4,415.33,415.33,,0.0,3.4611,3.0,10240,Samuel Hankins,"William Barnet  & Son - Spartanburg, SC",United States,"William Barnet  & Son - Spartanburg, SC",2025-07-01T00:00:00,Norman Seung,S,S4
00010,        CIN2,2483261,1.0,N,U2022,U2022,U2022-OP,HYDROSIZE U2022,,PPA,999,2844.0,,450.0,204.1166,1400.85,2844.0,1443.15,1443.15,,0.0,3.207,1.0,10240,Samuel Hankins,"William Barnet  & Son - Spartanburg, SC",United States,"William Barnet  & Son - Spartanburg, SC",2025-08-08T00:00:00,Norman Seung,S,S4
00010,        CIN2,2569944,1.0,N,U2022,U2022,U2022-OP,HYDROSIZE U2022,,PPA,999,2844.0,,450.0,204.1166,1420.65,2844.0,1423.35,1423.35,,0.0,3.163,1.0,10240,Samuel Hankins,"William Barnet  & Son - Spartanburg, SC",United States,"William Barnet  & Son - Spartanburg, SC",2025-12-03T00:00:00,Norman Seung,S,S4
00010,        CIN2,1780418,1.0,N,U501,U501,U501-OP,HYDROSIZE U5-01,,PPA,999,6102.0,,900.0,408.2332,1389.6,6102.0,4712.4,4712.4,,0.0,5.236,2.0,10240,Samuel Hankins,"Master Carbon Fibers, Inc. - Jasper, GA",United States,"Master Carbon Fibers, Inc. - Jasper, GA",2023-01-31T00:00:00,Norman Seung,S,S4
00010,        CIN2,1787148,1.0,N,U2022,U2022,U2022-OP,HYDROSIZE U2022,,PPA,999,5319.0,,900.0,408.2332,1873.8,5319.0,3445.2,3445.2,,0.0,3.828,2.0,10240,Samuel Hankins,"Vartega Inc- Golden, CO",United States,Vartega - Global Parent,2023-03-21T00:00:00,Norman Seung,S,S4
00010,        CIN2,1886727,1.0,N,U2022,U2022,U2022-OP,HYDROSIZE U2022,,PPA,999,10548.0,,1800.0,816.4664,3981.6,10548.0,6566.4,6566.4,,0.0,3.648,4.0,10240,Samuel Hankins,"Vartega Inc- Golden, CO",United States,Vartega - Global Parent,2023-06-15T00:00:00,Norman Seung,S,S4
00010,        CIN2,1886743,1.0,N,U2022,U2022,U2022-OP,HYDROSIZE U2022,,PPA,999,31644.0,,5400.0,2449.3992,11944.8,31644.0,19699.2,19699.2,,0.0,3.648,12.0,10240,Samuel Hankins,"Vartega Inc- Golden, CO",United States,Vartega - Global Parent,2023-06-27T00:00:00,Norman Seung,S,S4
00010,        CIN2,1886744,1.0,N,U2022,U2022,U2022-OP,HYDROSIZE U2022,,PPA,999,31644.0,,5400.0,2449.3992,11944.8,31644.0,19699.2,19699.2,,0.0,3.648,12.0,10240,Samuel Hankins,"Vartega Inc- Golden, CO",United States,Vartega - Global Parent,2023-07-31T00:00:00,Norman Seung,S,S4
00010,        CIN2,1886745,1.0,N,U2022,U2022,U2022-OP,HYDROSIZE U2022,,PPA,999,5274.0,,900.0,408.2332,2090.88,5274.0,3183.12,3183.12,,0.0,3.5368,2.0,10240,Samuel Hankins,"Vartega Inc- Golden, CO",United States,Vartega - Global Parent,2023-09-29T00:00:00,Norman Seung,S,S4
00010,        CIN2,1886746,1.0,N,U2022,U2022,U2022-OP,HYDROSIZE U2022,,PPA,999,5274.0,,900.0,408.2332,2090.88,5274.0,3183.12,3183.12,,0.0,3.5368,2.0,10240,Samuel Hankins,"Vartega Inc- Golden, CO",United States,Vartega - Global Parent,2023-09-25T00:00:00,Norman Seung,S,S4
00010,        CIN2,1886762,1.0,N,U2022,U2022,U2022-OP,HYDROSIZE U2022,,PPA,999,29007.0,,4950.0,2245.2826,11499.84,29007.0,17507.16,17507.16,,0.0,3.5368,11.0,10240,Samuel Hankins,"Vartega Inc- Golden, CO",United States,Vartega - Global Parent,2023-10-23T00:00:00,Norman Seung,S,S4
00010,        CIN2,1890159,1.0,N,U502,U502,U502-PL,HYDROSIZE U5-02,,PPA,999,392.8,,40.0,18.1437,245.17,392.8,147.63,147.63,,0.0,3.6907,1.0,10240,Samuel Hankins,"William Barnet  & Son - Spartanburg, SC",United States,"William Barnet  & Son - Spartanburg, SC",2023-06-20T00:00:00,Norman Seung,S,S4
00010,        CIN2,2013313,1.0,N,U502,U502,U502-OP,HYDROSIZE U5-02,,PPA,999,4419.0,,450.0,204.1166,2198.25,4419.0,2220.75,2220.75,,0.0,4.935,1.0,10240,Samuel Hankins,"William Barnet  & Son - Spartanburg, SC",United States,"William Barnet  & Son - Spartanburg, SC",2023-11-29T00:00:00,Norman Seung,S,S4
00010,        CIN2,2022629,1.0,N,U502,U502,U502-OP,HYDROSIZE U5-02,,PPA,999,38191.5,,4050.0,1837.0494,18204.75,38191.5,19986.75,19986.75,,0.0,4.935,9.0,10240,Samuel Hankins,"William Barnet  & Son - Spartanburg, SC",United States,"William Barnet  & Son - Spartanburg, SC",2023-12-05T00:00:00,Norman Seung,S,S4
00010,        CIN2,1319314,1.0,N,U204,U204,U204-OP,HYDROSIZE U2-04,,PPA,999,2101.5,,450.0,204.1166,947.7,2101.5,1153.8,1153.8,,0.0,2.564,1.0,10240,Brendan Schloerb,"Sheldahl Flexible Tech - Northfield, MN",United States,"Sheldahl Flexible Tech - Northfield, MN",2021-06-01T00:00:00,Norman Seung,S,S4
00010,        CIN2,1028630,1.0,N,U204,U204,U204-OP,HYDROSIZE U2-04,,PPA,999,23112.0,,7200.0,3265.8656,7786.8,23112.0,15325.2,15325.2,,0.0,2.1285,16.0,10240,Brendan Schloerb,"Lite Fibers - Ellwood City, PA",United States,"Lite Fibers - Ellwood City, PA",2020-01-02T00:00:00,Norman Seung,S,S4
00010,        CIN2,1059839,1.0,N,U204,U204,U204-OP,HYDROSIZE U2-04,,PPA,999,23112.0,,7200.0,3265.8656,7786.8,23112.0,15325.2,15325.2,,0.0,2.1285,16.0,10240,Brendan Schloerb,"Lite Fibers - Ellwood City, PA",United States,"Lite Fibers - Ellwood City, PA",2020-02-27T00:00:00,Norman Seung,S,S4
00010,        CIN2,1074622,1.0,N,U204,U204,U204-OP,HYDROSIZE U2-04,,PPA,999,17334.0,,5400.0,2449.3992,5840.1,17334.0,11493.9,11493.9,,0.0,2.1285,12.0,10240,Brendan Schloerb,"Lite Fibers - Ellwood City, PA",United States,"Lite Fibers - Ellwood City, PA",2020-03-19T00:00:00,Norman Seung,S,S4
00010,        CIN2,1149003,1.0,N,U204,U204,U204-OP,HYDROSIZE U2-04,,PPA,999,1827.0,,450.0,204.1166,656.55,1827.0,1170.45,1170.45,,0.0,2.601,1.0,10240,Brendan Schloerb,"Sheldahl Flexible Tech - Northfield, MN",United States,"Sheldahl Flexible Tech - Northfield, MN",2020-10-01T00:00:00,Norman Seung,S,S4
00010,        CIN2,1169446,1.0,N,U204,U204,U204-OP,HYDROSIZE U2-04,,PPA,999,1827.0,,450.0,204.1166,556.65,1827.0,1270.35,1270.35,,0.0,2.823,1.0,10240,Brendan Schloerb,"Sheldahl Flexible Tech - Northfield, MN",United States,"Sheldahl Flexible Tech - Northfield, MN",2020-12-01T00:00:00,Norman Seung,S,S4
00010,        CIN2,1176389,1.0,N,U204,U204,U204-OP,HYDROSIZE U2-04,,PPA,999,21667.5,,6750.0,3061.7490000000003,4110.75,21667.5,17556.75,17556.75,,0.0,2.601,15.0,10240,Brendan Schloerb,"Lite Fibers - Ellwood City, PA",United States,"Lite Fibers - Ellwood City, PA",2020-09-29T00:00:00,Norman Seung,S,S4
00010,        CIN2,1209386,1.0,N,U201,U201,U201-OP,HYDROSIZE U2-01,,PPA,999,6426.0,,1800.0,816.4664,2485.44,6426.0,3940.56,3940.56,,0.0,2.1892,4.0,10240,Brendan Schloerb,"Mitsubishi Chemical - Sacramento, CA",United States,Mitsubishi Chemical F&C-Global Parent,2020-11-11T00:00:00,Norman Seung,S,S4
00010,        CIN2,1216165,1.0,N,U204,U204,U204-OP,HYDROSIZE U2-04,,PPA,999,1827.0,,450.0,204.1166,673.2,1827.0,1153.8,1153.8,,0.0,2.564,1.0,10240,Brendan Schloerb,"Sheldahl Flexible Tech - Northfield, MN",United States,"Sheldahl Flexible Tech - Northfield, MN",2021-03-01T00:00:00,Norman Seung,S,S4
00010,        CIN2,1234611,1.0,N,U204,U204,U204-OP,HYDROSIZE U2-04,,PPA,999,1827.0,,450.0,204.1166,673.2,1827.0,1153.8,1153.8,,0.0,2.564,1.0,10240,Brendan Schloerb,"Sheldahl Flexible Tech - Northfield, MN",United States,"Sheldahl Flexible Tech - Northfield, MN",2021-03-08T00:00:00,Norman Seung,S,S4
00010,        CIN2,1252181,1.0,N,U201,U201,U201-OP,HYDROSIZE U2-01,,PPA,999,6426.0,,1800.0,816.4664,6350.4,6426.0,75.6,75.6,,0.0,0.042,4.0,10240,Brendan Schloerb,"Mitsubishi Chemical - Sacramento, CA",United States,Mitsubishi Chemical F&C-Global Parent,2021-01-18T00:00:00,Norman Seung,S,S4
00010,        CIN2,1267596,1.0,N,U204,U204,U204-OP,HYDROSIZE U2-04,,PPA,999,1444.5,,450.0,204.1166,290.7,1444.5,1153.8,1153.8,,0.0,2.564,1.0,10240,Brendan Schloerb,"Lite Fibers - Ellwood City, PA",United States,"Lite Fibers - Ellwood City, PA",2021-02-23T00:00:00,Norman Seung,S,S4
00010,        CIN2,1284673,1.0,N,U601,U601,U601-OP,HYDROSIZE U6-01,,PPA,999,1485.0,,450.0,204.1166,464.4,1485.0,1020.6,1020.6,,0.0,2.268,1.0,10240,Brendan Schloerb,"Electro Fiber - Schenectady, NY",United States,"Electro Fiber - Schenectady, NY",2021-03-08T00:00:00,Norman Seung,S,S4
00010,        CIN2,1298318,1.0,N,U204,U204,U204-OP,HYDROSIZE U2-04,,PPA,999,1827.0,,450.0,204.1166,673.2,1827.0,1153.8,1153.8,,0.0,2.564,1.0,10240,Brendan Schloerb,"Sheldahl Flexible Tech - Northfield, MN",United States,"Sheldahl Flexible Tech - Northfield, MN",2021-04-06T00:00:00,Norman Seung,S,S4
00010,        CIN2,1341025,1.0,N,U204,U204,U204-OP,HYDROSIZE U2-04,,PPA,999,18225.0,,4500.0,2041.1660000000002,6687.0,18225.0,11538.0,11538.0,,0.0,2.564,10.0,10240,Brendan Schloerb,"Lite Fibers - Ellwood City, PA",United States,"Lite Fibers - Ellwood City, PA",2021-07-28T00:00:00,Norman Seung,S,S4
00010,        CIN2,1107567,1.0,N,U204,U204,U204-OP,HYDROSIZE U2-04,,PPA,999,23112.0,,7200.0,3265.8656,7786.8,23112.0,15325.2,15325.2,,0.0,2.1285,16.0,10240,Brendan Schloerb,"Lite Fibers - Ellwood City, PA",United States,"Lite Fibers - Ellwood City, PA",2020-05-20T00:00:00,Norman Seung,S,S4
00010,        CIN2,1164249,1.0,N,U204,U204,U204-OP,HYDROSIZE U2-04,,PPA,999,6516.0,,1800.0,816.4664,1834.2,6516.0,4681.8,4681.8,,0.0,2.601,4.0,10240,Brendan Schloerb,"Mitsubishi Chemical - Sacramento, CA",United States,Mitsubishi Chemical F&C-Global Parent,2020-09-14T00:00:00,Norman Seung,S,S4
00010,        CIN2,1330332,1.0,N,U201,U201,U201-OP,HYDROSIZE U2-01,,PPA,999,14976.0,,3600.0,1632.9328,5526.0,14976.0,9450.0,9450.0,,0.0,2.625,8.0,10240,Brendan Schloerb,"Mitsubishi Chemical - Sacramento, CA",United States,Mitsubishi Chemical F&C-Global Parent,2021-05-25T00:00:00,Norman Seung,S,S4
00010,        CIN2,1057757,1.0,N,U204,U204,U204-OP,HYDROSIZE U2-04,,PPA,999,6516.0,,1800.0,816.4664,2684.7,6516.0,3831.3,3831.3,,0.0,2.1285,4.0,10240,Brendan Schloerb,"Mitsubishi Chemical - Sacramento, CA",United States,Mitsubishi Chemical F&C-Global Parent,2020-01-13T00:00:00,Norman Seung,S,S4
00010,        CIN2,1059828,1.0,N,U204,U204,U204-OP,HYDROSIZE U2-04,,PPA,999,13032.0,,3600.0,1632.9328,5369.4,13032.0,7662.6,7662.6,,0.0,2.1285,8.0,10240,Brendan Schloerb,"Mitsubishi Chemical - Sacramento, CA",United States,Mitsubishi Chemical F&C-Global Parent,2020-03-02T00:00:00,Norman Seung,S,S4
00010,        CIN2,1074623,1.0,N,U204,U204,U204-OP,HYDROSIZE U2-04,,PPA,999,23112.0,,7200.0,3265.8656,7786.8,23112.0,15325.2,15325.2,,0.0,2.1285,16.0,10240,Brendan Schloerb,"Lite Fibers - Ellwood City, PA",United States,"Lite Fibers - Ellwood City, PA",2020-04-22T00:00:00,Norman Seung,S,S4
00010,        CIN2,1118199,1.0,N,U204,U204,U204-OP,HYDROSIZE U2-04,,PPA,999,23112.0,,7200.0,3265.8656,7786.8,23112.0,15325.2,15325.2,,0.0,2.1285,16.0,10240,Brendan Schloerb,"Lite Fibers - Ellwood City, PA",United States,"Lite Fibers - Ellwood City, PA",2020-06-16T00:00:00,Norman Seung,S,S4
00010,        CIN2,1160999,1.0,N,U204,U204,U204-OP,HYDROSIZE U2-04,,PPA,999,23112.0,,7200.0,3265.8656,4384.8,23112.0,18727.2,18727.2,,0.0,2.601,16.0,10240,Brendan Schloerb,"Lite Fibers - Ellwood City, PA",United States,"Lite Fibers - Ellwood City, PA",2020-09-01T00:00:00,Norman Seung,S,S4
00010,        CIN2,1190097,1.0,N,U204,U204,U204-OP,HYDROSIZE U2-04,,PPA,999,23112.0,,7200.0,3265.8656,4384.8,23112.0,18727.2,18727.2,,0.0,2.601,16.0,10240,Brendan Schloerb,"Lite Fibers - Ellwood City, PA",United States,"Lite Fibers - Ellwood City, PA",2020-10-20T00:00:00,Norman Seung,S,S4
00010,        CIN2,1209361,1.0,N,U204,U204,U204-OP,HYDROSIZE U2-04,,PPA,999,21667.5,,6750.0,3061.7490000000003,4110.75,21667.5,17556.75,17556.75,,0.0,2.601,15.0,10240,Brendan Schloerb,"Lite Fibers - Ellwood City, PA",United States,"Lite Fibers - Ellwood City, PA",2020-11-03T00:00:00,Norman Seung,S,S4
00010,        CIN2,1267542,1.0,N,U204,U204,U204-OP,HYDROSIZE U2-04,,PPA,999,17334.0,,5400.0,2449.3992,3488.4,17334.0,13845.6,13845.6,,0.0,2.564,12.0,10240,Brendan Schloerb,"Lite Fibers - Ellwood City, PA",United States,"Lite Fibers - Ellwood City, PA",2021-01-20T00:00:00,Norman Seung,S,S4
00010,        CIN2,1280224,1.0,N,U204,U204,U204-OP,HYDROSIZE U2-04,,PPA,999,23112.0,,7200.0,3265.8656,4651.2,23112.0,18460.8,18460.8,,0.0,2.564,16.0,10240,Brendan Schloerb,"Lite Fibers - Ellwood City, PA",United States,"Lite Fibers - Ellwood City, PA",2021-03-29T00:00:00,Norman Seung,S,S4
00010,        CIN2,1295100,1.0,N,U201,U201,U201-OP,HYDROSIZE U2-01,,PPA,999,6426.0,,1800.0,816.4664,1856.52,6426.0,4569.48,4569.48,,0.0,2.5386,4.0,10240,Brendan Schloerb,"Mitsubishi Chemical - Sacramento, CA",United States,Mitsubishi Chemical F&C-Global Parent,2021-04-20T00:00:00,Norman Seung,S,S4
00010,        CIN2,1312725,1.0,N,U204,U204,U204-OP,HYDROSIZE U2-04,,PPA,999,13032.0,,3600.0,1632.9328,3801.6,13032.0,9230.4,9230.4,,0.0,2.564,8.0,10240,Brendan Schloerb,"Mitsubishi Chemical - Sacramento, CA",United States,Mitsubishi Chemical F&C-Global Parent,2021-04-20T00:00:00,Norman Seung,S,S4
00010,        CIN2,1320220,1.0,N,U204,U204,U204-OP,HYDROSIZE U2-04,,PPA,999,4333.5,,1350.0,612.3498,872.1,4333.5,3461.4,3461.4,,0.0,2.564,3.0,10240,Brendan Schloerb,"Lite Fibers - Ellwood City, PA",United States,"Lite Fibers - Ellwood City, PA",2021-05-04T00:00:00,Norman Seung,S,S4
00010,        CIN2,1345385,1.0,N,U201,U201,U201-OP,HYDROSIZE U2-01,,PPA,999,11232.0,,2700.0,1224.6996,4144.5,11232.0,7087.5,7087.5,,0.0,2.625,6.0,10240,Brendan Schloerb,"Mitsubishi Chemical - Sacramento, CA",United States,Mitsubishi Chemical F&C-Global Parent,2021-07-09T00:00:00,Norman Seung,S,S4
00010,        CIN2,1118198,1.0,N,U204,U204,U204-OP,HYDROSIZE U2-04,,PPA,999,1444.5,,450.0,204.1166,486.67,1444.5,957.83,957.83,,0.0,2.1285,1.0,10240,Brendan Schloerb,"Lite Fibers - Ellwood City, PA",United States,"Lite Fibers - Ellwood City, PA",2020-06-02T00:00:00,Norman Seung,S,S4
00010,        CIN2,1209232,1.0,N,U204,U204,U204-OP,HYDROSIZE U2-04,,PPA,999,1827.0,,450.0,204.1166,556.65,1827.0,1270.35,1270.35,,0.0,2.823,1.0,10240,Brendan Schloerb,"Sheldahl Flexible Tech - Northfield, MN",United States,"Sheldahl Flexible Tech - Northfield, MN",2021-01-05T00:00:00,Norman Seung,S,S4
00010,        CIN2,1328447,1.0,N,U204,U204,U204-OP,HYDROSIZE U2-04,,PPA,999,2101.5,,450.0,204.1166,947.7,2101.5,1153.8,1153.8,,0.0,2.564,1.0,10240,Brendan Schloerb,"Sheldahl Flexible Tech - Northfield, MN",United States,"Sheldahl Flexible Tech - Northfield, MN",2021-06-29T00:00:00,Norman Seung,S,S4
00010,        CIN2,1355915,1.0,N,U204,U204,U204-OP,HYDROSIZE U2-04,,PPA,999,2101.5,,450.0,204.1166,947.7,2101.5,1153.8,1153.8,,0.0,2.564,1.0,10240,Brendan Schloerb,"Sheldahl Flexible Tech - Northfield, MN",United States,"Sheldahl Flexible Tech - Northfield, MN",2021-08-09T00:00:00,Norman Seung,S,S4
00010,        CIN2,1567435,1.0,N,U204,U204,U204-OP,HYDROSIZE U2-04,,PPA,999,36216.0,,7200.0,3265.8656,12060.0,36216.0,24156.0,24156.0,,0.0,3.355,16.0,10240,Brendan Schloerb,"Lite Fibers - Ellwood City, PA",United States,"Lite Fibers - Ellwood City, PA",2022-05-27T00:00:00,Norman Seung,S,S4
00010,        CIN2,1590150,1.0,N,U201,U201,U201-OP,HYDROSIZE U2-01,,PPA,999,5085.0,,900.0,408.2332,2009.88,5085.0,3075.12,3075.12,,0.0,3.4168,2.0,10240,Brendan Schloerb,"Mitsubishi Chemical - Sacramento, CA",United States,Mitsubishi Chemical F&C-Global Parent,2022-05-18T00:00:00,Norman Seung,S,S4
00010,        CIN2,1369517,1.0,N,U204,U204,U204-OP,HYDROSIZE U2-04,,PPA,999,2101.5,,450.0,204.1166,855.0,2101.5,1246.5,1246.5,,0.0,2.77,1.0,10240,Brendan Schloerb,"Sheldahl Flexible Tech - Northfield, MN",United States,"Sheldahl Flexible Tech - Northfield, MN",2021-09-02T00:00:00,Norman Seung,S,S4
00010,        CIN2,1371306,1.0,N,U201,U201,U201-OP,HYDROSIZE U2-01,,PPA,999,21060.0,,5400.0,2449.3992,6885.0,21060.0,14175.0,14175.0,,0.0,2.625,12.0,10240,Brendan Schloerb,"Mitsubishi Chemical - Sacramento, CA",United States,Mitsubishi Chemical F&C-Global Parent,2021-08-19T00:00:00,Norman Seung,S,S4
00010,        CIN2,1377261,1.0,N,U204,U204,U204-OP,HYDROSIZE U2-04,,PPA,999,27288.0,,7200.0,3265.8656,7344.0,27288.0,19944.0,19944.0,,0.0,2.77,16.0,10240,Brendan Schloerb,"Lite Fibers - Ellwood City, PA",United States,"Lite Fibers - Ellwood City, PA",2021-08-30T00:00:00,Norman Seung,S,S4
00010,        CIN2,1382298,1.0,N,U204,U204,U204-OP,HYDROSIZE U2-04,,PPA,999,2101.5,,450.0,204.1166,855.0,2101.5,1246.5,1246.5,,0.0,2.77,1.0,10240,Brendan Schloerb,"Sheldahl Flexible Tech - Northfield, MN",United States,"Sheldahl Flexible Tech - Northfield, MN",2021-09-16T00:00:00,Norman Seung,S,S4
00010,        CIN2,1398647,1.0,N,U2023,U2023,U2023-OP,HYDROSIZE U2023,,PPA,999,2074.5,,450.0,204.1166,1173.6,2074.5,900.9,900.9,,0.0,2.002,1.0,10240,Brendan Schloerb,"Mitsubishi Chemical - Sacramento, CA",United States,Mitsubishi Chemical F&C-Global Parent,2022-04-14T00:00:00,Norman Seung,S,S4
00010,        CIN2,1422742,1.0,N,U204,U204,U204-OP,HYDROSIZE U2-04,,PPA,999,13644.0,,3600.0,1632.9328,3672.0,13644.0,9972.0,9972.0,,0.0,2.77,8.0,10240,Brendan Schloerb,"Lite Fibers - Ellwood City, PA",United States,"Lite Fibers - Ellwood City, PA",2021-10-05T00:00:00,Norman Seung,S,S4
00010,        CIN2,1433247,1.0,N,U601,U601,U601-OP,HYDROSIZE U6-01,,COL,999,1516.5,,450.0,204.1166,414.45,1516.5,1102.05,1102.05,,0.0,2.449,1.0,10240,Brendan Schloerb,"Zoltek Prepreg Ops-St Peters, MO",United States,Zoltek - Global Parent,2021-11-10T00:00:00,Norman Seung,S,S4
00010,        CIN2,1434791,1.0,N,U204,U204,U204-OP,HYDROSIZE U2-04,,PPA,999,27288.0,,7200.0,3265.8656,6631.2,27288.0,20656.8,20656.8,,0.0,2.869,16.0,10240,Brendan Schloerb,"Lite Fibers - Ellwood City, PA",United States,"Lite Fibers - Ellwood City, PA",2021-10-28T00:00:00,Norman Seung,S,S4
00010,        CIN2,1448289,1.0,N,U204,U204,U204-OP,HYDROSIZE U2-04,,PPA,999,15192.0,,3600.0,1632.9328,4860.0,15192.0,10332.0,10332.0,,0.0,2.87,8.0,10240,Brendan Schloerb,"Mitsubishi Chemical - Sacramento, CA",United States,Mitsubishi Chemical F&C-Global Parent,2021-12-13T00:00:00,Norman Seung,S,S4
00010,        CIN2,1453481,1.0,N,U204,U204,U204-OP,HYDROSIZE U2-04,,PPA,999,17055.0,,4500.0,2041.1660000000002,4140.0,17055.0,12915.0,12915.0,,0.0,2.87,10.0,10240,Brendan Schloerb,"Lite Fibers - Ellwood City, PA",United States,"Lite Fibers - Ellwood City, PA",2021-11-29T00:00:00,Norman Seung,S,S4
00010,        CIN2,1479042,1.0,N,U204,U204,U204-OP,HYDROSIZE U2-04,,PPA,999,2101.5,,450.0,204.1166,603.9,2101.5,1497.6,1497.6,,0.0,3.328,1.0,10240,Brendan Schloerb,"Sheldahl Flexible Tech - Northfield, MN",United States,"Sheldahl Flexible Tech - Northfield, MN",2022-01-31T00:00:00,Norman Seung,S,S4
00010,        CIN2,1480607,1.0,N,U204,U204,U204-OP,HYDROSIZE U2-04,,PPA,999,2227.5,,450.0,204.1166,729.9,2227.5,1497.6,1497.6,,0.0,3.328,1.0,10240,Brendan Schloerb,"Sheldahl Flexible Tech - Northfield, MN",United States,"Sheldahl Flexible Tech - Northfield, MN",2022-02-15T00:00:00,Norman Seung,S,S4
00010,        CIN2,1482613,1.0,N,U204,U204,U204-OP,HYDROSIZE U2-04,,PPA,999,27288.0,,7200.0,3265.8656,3326.4,27288.0,23961.6,23961.6,,0.0,3.328,16.0,10240,Brendan Schloerb,"Lite Fibers - Ellwood City, PA",United States,"Lite Fibers - Ellwood City, PA",2022-02-15T00:00:00,Norman Seung,S,S4
00010,        CIN2,1499075,1.0,N,U204,U204,U204-OP,HYDROSIZE U2-04,,PPA,999,2227.5,,450.0,204.1166,729.9,2227.5,1497.6,1497.6,,0.0,3.328,1.0,10240,Brendan Schloerb,"Sheldahl Flexible Tech - Northfield, MN",United States,"Sheldahl Flexible Tech - Northfield, MN",2022-02-23T00:00:00,Norman Seung,S,S4
00010,        CIN2,1507551,1.0,N,U204,U204,U204-OP,HYDROSIZE U2-04,,PPA,999,5116.5,,1350.0,612.3498,623.7,5116.5,4492.8,4492.8,,0.0,3.328,3.0,10240,Brendan Schloerb,"Lite Fibers - Ellwood City, PA",United States,"Lite Fibers - Ellwood City, PA",2022-02-28T00:00:00,Norman Seung,S,S4
00010,        CIN2,1527877,1.0,N,U204,U204,U204-OP,HYDROSIZE U2-04,,PPA,999,23652.0,,5400.0,2449.3992,5680.8,23652.0,17971.2,17971.2,,0.0,3.328,12.0,10240,Brendan Schloerb,"Mitsubishi Chemical - Sacramento, CA",United States,Mitsubishi Chemical F&C-Global Parent,2022-04-08T00:00:00,Norman Seung,S,S4
00010,        CIN2,1541848,1.0,N,U204,U204,U204-OP,HYDROSIZE U2-04,,PPA,999,2227.5,,450.0,204.1166,729.9,2227.5,1497.6,1497.6,,0.0,3.328,1.0,10240,Brendan Schloerb,"Sheldahl Flexible Tech - Northfield, MN",United States,"Sheldahl Flexible Tech - Northfield, MN",2022-03-02T00:00:00,Norman Seung,S,S4
00010,        CIN2,1543364,1.0,N,U601,U601,U601-OP,HYDROSIZE U6-01,,PPA,999,1813.5,,450.0,204.1166,590.4,1813.5,1223.1,1223.1,,0.0,2.718,1.0,10240,Brendan Schloerb,"Electro Fiber - Schenectady, NY",United States,"Electro Fiber - Schenectady, NY",2022-06-03T00:00:00,Norman Seung,S,S4
00010,        CIN2,1546544,1.0,N,U204,U204,U204-OP,HYDROSIZE U2-04,,PPA,999,2227.5,,450.0,204.1166,729.9,2227.5,1497.6,1497.6,,0.0,3.328,1.0,10240,Brendan Schloerb,"Sheldahl Flexible Tech - Northfield, MN",United States,"Sheldahl Flexible Tech - Northfield, MN",2022-03-15T00:00:00,Norman Seung,S,S4
00010,        CIN2,1547348,1.0,N,U204,U204,U204-OP,HYDROSIZE U2-04,,PPA,999,10233.0,,2700.0,1224.6996,1247.4,10233.0,8985.6,8985.6,,0.0,3.328,6.0,10240,Brendan Schloerb,"Lite Fibers - Ellwood City, PA",United States,"Lite Fibers - Ellwood City, PA",2022-04-11T00:00:00,Norman Seung,S,S4
00010,        CIN2,1558070,1.0,N,U201,U201,U201-OP,HYDROSIZE U2-01,,PPA,999,22410.0,,5400.0,2449.3992,3959.28,22410.0,18450.72,18450.72,,0.0,3.4168,12.0,10240,Brendan Schloerb,"Mitsubishi Chemical - Sacramento, CA",United States,Mitsubishi Chemical F&C-Global Parent,2022-04-15T00:00:00,Norman Seung,S,S4
00010,        CIN2,1603425,1.0,N,U601,U601,U601-OP,HYDROSIZE U6-01,,PPA,999,2439.0,,450.0,204.1166,1215.9,2439.0,1223.1,1223.1,,0.0,2.718,1.0,10240,Brendan Schloerb,"Electro Fiber - Schenectady, NY",United States,"Electro Fiber - Schenectady, NY",2022-08-04T00:00:00,Norman Seung,S,S4
00010,        CIN2,1613945,1.0,N,U204,U204,U204-OP,HYDROSIZE U2-04,,PPA,999,22761.0,,4050.0,1837.0494,9173.25,22761.0,13587.75,13587.75,,0.0,3.355,9.0,10240,Brendan Schloerb,"Mitsubishi Chemical - Sacramento, CA",United States,Mitsubishi Chemical F&C-Global Parent,2022-06-15T00:00:00,Norman Seung,S,S4
00010,        CIN2,1639130,1.0,N,U204,U204,U204-OP,HYDROSIZE U2-04,,PPA,999,37296.0,,7200.0,3265.8656,13140.0,37296.0,24156.0,24156.0,,0.0,3.355,16.0,10240,Brendan Schloerb,"Lite Fibers - Ellwood City, PA",United States,"Lite Fibers - Ellwood City, PA",2022-07-25T00:00:00,Norman Seung,S,S4
00010,        CIN2,1639131,1.0,N,U204,U204,U204-OP,HYDROSIZE U2-04,,PPA,999,9324.0,,1800.0,816.4664,3285.0,9324.0,6039.0,6039.0,,0.0,3.355,4.0,10240,Brendan Schloerb,"Lite Fibers - Ellwood City, PA",United States,"Lite Fibers - Ellwood City, PA",2022-08-08T00:00:00,Norman Seung,S,S4
00010,        CIN2,1677111,1.0,N,U204,U204,U204-OP,HYDROSIZE U2-04,,PPA,999,31158.0,,5400.0,2449.3992,10967.4,31158.0,20190.6,20190.6,,0.0,3.739,12.0,10240,Brendan Schloerb,"Mitsubishi Chemical - Sacramento, CA",United States,Mitsubishi Chemical F&C-Global Parent,2022-09-22T00:00:00,Norman Seung,S,S4
00010,        CIN2,1713288,1.0,N,U601,U601,U601-OP,HYDROSIZE U6-01,,PPA,999,2439.0,,450.0,204.1166,1163.7,2439.0,1275.3,1275.3,,0.0,2.834,1.0,10240,Brendan Schloerb,"Electro Fiber - Schenectady, NY",United States,"Electro Fiber - Schenectady, NY",2022-11-08T00:00:00,Norman Seung,S,S4
00010,        CIN2,2087924,1.0,N,U601,U601,U601-OP,HYDROSIZE U6-01,,PPA,999,2560.5,,450.0,204.1166,1287.0,2560.5,1273.5,1273.5,,0.0,2.83,1.0,10240,Brendan Schloerb,"Electro Fiber - Schenectady, NY",United States,"Electro Fiber - Schenectady, NY",2024-03-04T00:00:00,Norman Seung,S,S4
00010,        CIN2,2109112,1.0,N,U201,U201,U201-OP,HYDROSIZE U2-01,,PPA,999,26100.0,,4500.0,2041.1660000000002,11634.75,26100.0,14465.25,14465.25,,0.0,3.2145,10.0,10240,Brendan Schloerb,"Mitsubishi Chemical - Sacramento, CA",United States,Mitsubishi Chemical F&C-Global Parent,2024-05-03T00:00:00,Norman Seung,S,S4
00010,        CIN2,2109622,1.0,N,U204,U204,U204-OP,HYDROSIZE U2-04,,PPA,999,31158.0,,5400.0,2449.3992,13811.58,31158.0,17346.42,17346.42,,0.0,3.2123,12.0,10240,Brendan Schloerb,"Mitsubishi Chemical - Sacramento, CA",United States,Mitsubishi Chemical F&C-Global Parent,2024-06-06T00:00:00,Norman Seung,S,S4
00010,        CIN2,2128074,1.0,N,U201,U201,U201-OP,HYDROSIZE U2-01,,PPA,999,27423.0,,4950.0,2245.2826,11511.22,27423.0,15911.78,15911.78,,0.0,3.2145,11.0,10240,Brendan Schloerb,"Mitsubishi Chemical - Sacramento, CA",United States,Mitsubishi Chemical F&C-Global Parent,2024-05-08T00:00:00,Norman Seung,S,S4
00010,        CIN2,2133536,1.0,N,U201,U201,U201-OP,HYDROSIZE U2-01,,PPA,999,27423.0,,4950.0,2245.2826,11501.32,27423.0,15921.68,15921.68,,0.0,3.2165,11.0,10240,Brendan Schloerb,"Mitsubishi Chemical - Sacramento, CA",United States,Mitsubishi Chemical F&C-Global Parent,2024-07-01T00:00:00,Norman Seung,S,S4
00010,        CIN2,2133552,1.0,N,U204,U204,U204-OP,HYDROSIZE U2-04,,PPA,999,41544.0,,7200.0,3265.8656,18658.8,41544.0,22885.2,22885.2,,0.0,3.1785,16.0,10240,Brendan Schloerb,"Mitsubishi Chemical - Sacramento, CA",United States,Mitsubishi Chemical F&C-Global Parent,2024-10-07T00:00:00,Norman Seung,S,S4
00010,        CIN2,2605385,1.0,N,U201,U201,U201-OP,HYDROSIZE U2-01,,PPA,999,2171.68,,392.0,177.8112,920.77,2171.68,1250.91,1250.91,,0.0,3.1911,392.0,10240,Brendan Schloerb,"Mitsubishi Chemical - Sacramento, CA",United States,Mitsubishi Chemical F&C-Global Parent,2026-01-13T00:00:00,Norman Seung,S,S4
00010,        CIN2,2618528,1.0,N,U204,U204,U204-OP,HYDROSIZE U2-04,,PPA,999,11322.0,,1800.0,816.4664,5504.76,11322.0,5817.24,5817.24,,0.0,3.2318,4.0,10240,Brendan Schloerb,"Mitsubishi Chemical - Sacramento, CA",United States,Mitsubishi Chemical F&C-Global Parent,2026-05-13T00:00:00,Norman Seung,S,S4
00010,        CIN2,2723346,1.0,N,U2022,U2022,U2022-OP,HYDROSIZE U2022,,PPA,999,10890.0,,1800.0,816.4664,4881.6,10890.0,6008.4,6008.4,,0.0,3.338,4.0,10240,Brendan Schloerb,"Mitsubishi Chemical - Sacramento, CA",United States,Mitsubishi Chemical F&C-Global Parent,2026-07-17T00:00:00,Norman Seung,S,S4
00010,        CIN2,2382408,1.0,N,U204,U204,U204-OP,HYDROSIZE U2-04,,PPA,999,10386.0,,1800.0,816.4664,4794.84,10386.0,5591.16,5591.16,,0.0,3.1062,4.0,10240,Brendan Schloerb,"Mitsubishi Chemical - Sacramento, CA",United States,Mitsubishi Chemical F&C-Global Parent,2025-09-17T00:00:00,Norman Seung,S,S4
00010,        CIN2,2393587,1.0,N,U601,U601,U601-OP,HYDROSIZE U6-01,,PPA,999,2560.5,,450.0,204.1166,1232.55,2560.5,1327.95,1327.95,,0.0,2.951,1.0,10240,Brendan Schloerb,"Electro Fiber - Schenectady, NY",United States,"Electro Fiber - Schenectady, NY",2025-04-14T00:00:00,Norman Seung,S,S4
00010,        CIN2,2488661,1.0,N,U204,U204,U204-OP,HYDROSIZE U2-04,,PPA,999,31158.0,,5400.0,2449.3992,14369.4,31158.0,16788.6,16788.6,,0.0,3.109,12.0,10240,Brendan Schloerb,"Mitsubishi Chemical - Sacramento, CA",United States,Mitsubishi Chemical F&C-Global Parent,2025-12-30T00:00:00,Norman Seung,S,S4
00010,        CIN2,2517528,1.0,N,U601,U601,U601-OP,HYDROSIZE U6-01,,PPA,999,2560.5,,450.0,204.1166,1231.2,2560.5,1329.3,1329.3,,0.0,2.954,1.0,10240,Brendan Schloerb,"Electro Fiber - Schenectady, NY",United States,"Electro Fiber - Schenectady, NY",2025-11-04T00:00:00,Norman Seung,S,S4
00010,        CIN2,1945116,1.0,N,U204,U204,U204-OP,HYDROSIZE U2-04,,PPD,999,0.0,,450.0,204.1166,-1634.27,0.0,1634.27,1634.27,,0.0,3.6317,1.0,10240,Brendan Schloerb,"Avient Protective Mat.- Greenville, NC",United States,Avient - Global Parent,2023-08-29T00:00:00,Norman Seung,S,S4
00010,        CIN2,1693648,1.0,N,U204,U204,U204-OP,HYDROSIZE U2-04,,PPA,999,20979.0,,4050.0,1837.0494,5898.82,20979.0,15080.18,15080.18,,0.0,3.7235,9.0,10240,Brendan Schloerb,"Lite Fibers - Ellwood City, PA",United States,"Lite Fibers - Ellwood City, PA",2023-02-01T00:00:00,Norman Seung,S,S4
00010,        CIN2,1760028,1.0,N,U201,U201,U201-OP,HYDROSIZE U2-01,,PPA,999,10440.0,,1800.0,816.4664,3588.3,10440.0,6851.7,6851.7,,0.0,3.8065,4.0,10240,Brendan Schloerb,"Mitsubishi Chemical - Sacramento, CA",United States,Mitsubishi Chemical F&C-Global Parent,2023-02-08T00:00:00,Norman Seung,S,S4
00010,        CIN2,1796067,1.0,N,U201,U201,U201-OP,HYDROSIZE U2-01,,PPA,999,29916.0,,5400.0,2449.3992,9381.42,29916.0,20534.58,20534.58,,0.0,3.8027,12.0,10240,Brendan Schloerb,"Mitsubishi Chemical - Sacramento, CA",United States,Mitsubishi Chemical F&C-Global Parent,2023-03-02T00:00:00,Norman Seung,S,S4
00010,        CIN2,1828043,1.0,N,U601,U601,U601-OP,HYDROSIZE U6-01,,PPA,999,2439.0,,450.0,204.1166,1165.5,2439.0,1273.5,1273.5,,0.0,2.83,1.0,10240,Brendan Schloerb,"Electro Fiber - Schenectady, NY",United States,"Electro Fiber - Schenectady, NY",2023-03-30T00:00:00,Norman Seung,S,S4
00010,        CIN2,1875093,1.0,N,U204,U204,U204-OP,HYDROSIZE U2-04,,PPD,999,2889.0,,450.0,204.1166,1254.73,2889.0,1634.27,1634.27,,0.0,3.6317,1.0,10240,Brendan Schloerb,"Avient Protective Mat.- Greenville, NC",United States,Avient - Global Parent,2023-06-16T00:00:00,Norman Seung,S,S4
00010,        CIN2,1915849,1.0,N,U201,U201,U201-OP,HYDROSIZE U2-01,,PPA,999,29916.0,,5400.0,2449.3992,10385.82,29916.0,19530.18,19530.18,,0.0,3.6167,12.0,10240,Brendan Schloerb,"Mitsubishi Chemical - Sacramento, CA",United States,Mitsubishi Chemical F&C-Global Parent,2023-08-07T00:00:00,Norman Seung,S,S4
00010,        CIN2,1942485,1.0,N,U601,U601,U601-OP,HYDROSIZE U6-01,,PPA,999,2560.5,,450.0,204.1166,1287.0,2560.5,1273.5,1273.5,,0.0,2.83,1.0,10240,Brendan Schloerb,"Electro Fiber - Schenectady, NY",United States,"Electro Fiber - Schenectady, NY",2023-08-22T00:00:00,Norman Seung,S,S4
00010,        CIN2,1338531,1.0,N,U204,U204,U204-OP,HYDROSIZE U2-04,,PPA,999,4275.0,,900.0,408.2332,1967.4,4275.0,2307.6,2307.6,,0.0,2.564,2.0,10240,Moses Martinez,"Carbitex - Kennewick, WA",United States,"Carbitex - Kennewick, WA",2021-06-01T00:00:00,Norman Seung,S,S4
00010,        CIN2,1101904,1.0,N,U501,U501,U501-OP,HYDROSIZE U5-01,,COL,999,7200.0,,1800.0,816.4664,2720.52,7200.0,4479.48,4479.48,,0.0,2.4886,4.0,10240,GENERIC TM,"Milliken-Valway, La Grange, GA",United States,Milliken - Global Parent,2020-05-27T00:00:00,Norman Seung,S,S4
00010,        CIN2,1105297,1.0,N,U601,U601,U601-OP,HYDROSIZE U6-01,,PPA,999,1318.5,,450.0,204.1166,700.42,1318.5,618.08,618.08,,0.0,1.3735,1.0,10240,GENERIC TM,General Atomics - San Diego CA,United States,General Atomics - San Diego CA,2020-06-04T00:00:00,Norman Seung,S,S4
00010,        CIN2,1109530,1.0,N,U204,U204,U204-PL,HYDROSIZE U2-04,,PPA,999,570.4,,80.0,36.2874,417.85,570.4,152.55,152.55,,0.0,1.9069,2.0,10240,Moses Martinez,"Concordia Mfg - Coventry, RI",United States,"Concordia Mfg - Coventry, RI",2020-04-20T00:00:00,Norman Seung,S,S4
00010,        CIN2,1140871,1.0,N,U1001,U1001,U1001-OP,HYDROSIZE U10-01,,PPA,999,3429.0,,1350.0,612.3498,-477.36,3429.0,3906.36,3906.36,,0.0,2.8936,3.0,10240,Moses Martinez,"Cabot Corporation-Billerica,MA",United States,"Cabot Corporation-Billerica,MA",2020-06-15T00:00:00,Norman Seung,S,S4
00010,        CIN2,1166011,1.0,N,U601,U601,U601-OP,HYDROSIZE U6-01,,COL,999,1318.5,,450.0,204.1166,700.42,1318.5,618.08,618.08,,0.0,1.3735,1.0,10240,Moses Martinez,"SGL Composites - Moses Lake,  WA",United States,SGL Carbon - Global Parent,2020-08-03T00:00:00,Norman Seung,S,S4
00010,        CIN2,1278431,1.0,N,U601,U601,U601-PL,HYDROSIZE U6-01,,PPI,999,237.2,,40.0,18.1437,220.5,237.2,16.7,16.7,,0.0,0.4174,1.0,10240,Moses Martinez,"Nanotech Labs - Yadkinville, NC",United States,"Nanotech Labs - Yadkinville, NC",2021-02-09T00:00:00,Norman Seung,S,S4
00010,        CIN2,1312021,1.0,N,U204,U204,U204-OP,HYDROSIZE U2-04,,PPA,999,3717.0,,900.0,408.2332,1409.4,3717.0,2307.6,2307.6,,0.0,2.564,2.0,10240,Moses Martinez,"Carbitex - Kennewick, WA",United States,"Carbitex - Kennewick, WA",2021-04-01T00:00:00,Norman Seung,S,S4
00010,        CIN2,1313381,1.0,N,U204,U204,U204-PL,HYDROSIZE U2-04,,PPA,999,330.4,,80.0,36.2874,91.89,330.4,238.51,238.51,,0.0,2.9814,2.0,10240,Moses Martinez,"Century Design Inc - San Diego,CA",United States,"Carbitex - Kennewick, WA",2021-04-01T00:00:00,Norman Seung,S,S4
00010,        CIN2,1347959,1.0,N,U204,U204,U204-OP,HYDROSIZE U2-04,,PPA,999,4275.0,,900.0,408.2332,1967.4,4275.0,2307.6,2307.6,,0.0,2.564,2.0,10240,Moses Martinez,"Carbitex - Kennewick, WA",United States,"Carbitex - Kennewick, WA",2021-08-04T00:00:00,Norman Seung,S,S4
00010,        CIN2,1364534,1.0,N,U204,U204,U204-OP,HYDROSIZE U2-04,,PPA,999,4275.0,,900.0,408.2336,1967.4,4275.0,2307.6,2307.6,,0.0,2.564,2.0,10240,Moses Martinez,"Carbitex - Kennewick, WA",United States,"Carbitex - Kennewick, WA",2021-08-04T00:00:00,Norman Seung,S,S4
00010,        CIN2,1193862,1.0,N,U204,U204,U204-OP,HYDROSIZE U2-04,,PPA,999,3717.0,,900.0,408.2332,1376.1,3717.0,2340.9,2340.9,,0.0,2.601,2.0,10240,Moses Martinez,"Carbitex - Kennewick, WA",United States,"Carbitex - Kennewick, WA",2020-09-11T00:00:00,Norman Seung,S,S4
00010,        CIN2,1078337,1.0,N,U204,U204,U204-OP,HYDROSIZE U2-04,,PPA,999,3717.0,,900.0,408.2332,1801.35,3717.0,1915.65,1915.65,,0.0,2.1285,2.0,10240,Moses Martinez,"Carbitex - Kennewick, WA",United States,"Carbitex - Kennewick, WA",2020-02-17T00:00:00,Norman Seung,S,S4
00010,        CIN2,1144489,1.0,N,U501,U501,U501-OP,HYDROSIZE U5-01,,COL,999,7200.0,,1800.0,816.4664,1481.4,7200.0,5718.6,5718.6,,0.0,3.177,4.0,10240,GENERIC TM,"Milliken-Valway, La Grange, GA",United States,Milliken - Global Parent,2020-06-29T00:00:00,Norman Seung,S,S4
00010,        CIN2,1204673,1.0,N,U501,U501,U501-OP,HYDROSIZE U5-01,,COL,999,7200.0,,1800.0,816.4664,1481.4,7200.0,5718.6,5718.6,,0.0,3.177,4.0,10240,GENERIC TM,"Milliken-Valway, La Grange, GA",United States,Milliken - Global Parent,2020-10-09T00:00:00,Norman Seung,S,S4
00010,        CIN2,1214134,1.0,N,U204,U204,U204-OP,HYDROSIZE U2-04,,PPA,999,5575.5,,1350.0,612.3498,2064.15,5575.5,3511.35,3511.35,,0.0,2.601,3.0,10240,Moses Martinez,"Carbitex - Kennewick, WA",United States,"Carbitex - Kennewick, WA",2020-10-21T00:00:00,Norman Seung,S,S4
00010,        CIN2,1068859,1.0,N,U501,U501,U501-OP,HYDROSIZE U5-01,,COL,999,1800.0,,450.0,204.1166,680.13,1800.0,1119.87,1119.87,,0.0,2.4886,1.0,10240,GENERIC TM,"Milliken-Valway, La Grange, GA",United States,Milliken - Global Parent,2020-02-10T00:00:00,Norman Seung,S,S4
00010,        CIN2,1073037,1.0,N,U201,U201,U201-OP,HYDROSIZE U2-01,,PPA,999,1831.5,,450.0,204.1166,846.36,1831.5,985.14,985.14,,0.0,2.1892,1.0,10240,Moses Martinez,"Omnia - Oxford, NC (J DISPENNETTE)",United States,"Omnia - Oxford, NC (J DISPENNETTE)",2020-02-05T00:00:00,Norman Seung,S,S4
00010,        CIN2,1155745,1.0,N,U601,U601,U601-PL,HYDROSIZE U6-01,,PPA,999,237.2,,40.0,18.1437,175.39,237.2,61.81,61.81,,0.0,1.5453,1.0,10240,Moses Martinez,"Nanotech Labs - Yadkinville, NC",United States,"Nanotech Labs - Yadkinville, NC",2020-07-08T00:00:00,Norman Seung,S,S4
00010,        CIN2,1231407,1.0,N,U501,U501,U501-PL,HYDROSIZE U5-01,,PPA,999,295.6,,40.0,18.1437,-129.01,295.6,424.61,424.61,,0.0,10.6153,1.0,10240,Moses Martinez,"Concordia Mfg - Coventry, RI",United States,"Concordia Mfg - Coventry, RI",2020-11-23T00:00:00,Norman Seung,S,S4
00010,        CIN2,1710031,1.0,N,U601,U601,U601-OP,HYDROSIZE U6-01,,COL,999,2245.5,,450.0,204.1166,970.2,2245.5,1275.3,1275.3,,0.0,2.834,1.0,10240,Moses Martinez,"SGL Composites - Moses Lake,  WA",United States,SGL Carbon - Global Parent,2022-12-20T00:00:00,Norman Seung,S,S4
00010,        CIN2,1398459,1.0,N,U502,U502,U502-OP,HYDROSIZE U5-02,,PPA,999,2290.5,,450.0,204.1166,779.85,2290.5,1510.65,1510.65,,0.0,3.357,1.0,10240,Moses Martinez,"SOURCE Global - Tempe, AZ DO NOT USE",United States,"SOURCE Global - Tempe, AZ DO NOT USE",2021-10-01T00:00:00,Norman Seung,S,S4
00010,        CIN2,1420612,1.0,N,U204,U204,U204-OP,HYDROSIZE U2-04,,PPA,999,7848.0,,1800.0,816.4664,2862.0,7848.0,4986.0,4986.0,,0.0,2.77,4.0,10240,Moses Martinez,"Carbitex - Kennewick, WA",United States,"Carbitex - Kennewick, WA",2021-10-04T00:00:00,Norman Seung,S,S4
00010,        CIN2,1440441,1.0,N,U204,U204,U204-OP,HYDROSIZE U2-04,,PPA,999,4275.0,,900.0,408.2332,1692.9,4275.0,2582.1,2582.1,,0.0,2.869,2.0,10240,Moses Martinez,"Carbitex - Kennewick, WA",United States,"Carbitex - Kennewick, WA",2021-11-01T00:00:00,Norman Seung,S,S4
00010,        CIN2,1443985,1.0,N,U502,U502,U502-OP,HYDROSIZE U5-02,,PPI,999,2290.5,,450.0,204.1166,779.85,2290.5,1510.65,1510.65,,0.0,3.357,1.0,10240,Moses Martinez,"SOURCE Global - Tempe, AZ DO NOT USE",United States,"SOURCE Global - Tempe, AZ DO NOT USE",2022-04-04T00:00:00,Norman Seung,S,S4
00010,        CIN2,1504057,1.0,N,U204,U204,U204-OP,HYDROSIZE U2-04,,PPA,999,2088.0,,450.0,204.1166,590.4,2088.0,1497.6,1497.6,,0.0,3.328,1.0,10240,Moses Martinez,"Carbitex - Kennewick, WA",United States,"Carbitex - Kennewick, WA",2022-03-07T00:00:00,Norman Seung,S,S4
00010,        CIN2,1533274,1.0,N,U501,U501,U501-PL,HYDROSIZE U5-01,,PPA,999,671.2,,80.0,36.2874,284.42,671.2,386.78,386.78,,0.0,4.8347,2.0,10240,Moses Martinez,"Concordia Mfg - Coventry, RI",United States,"Concordia Mfg - Coventry, RI",2022-03-01T00:00:00,Norman Seung,S,S4
00010,        CIN2,1543996,1.0,N,U2022,U2022,U2022-PL,HYDROSIZE U2022,,COL,999,634.4,,80.0,36.2874,391.14,634.4,243.26,243.26,,0.0,3.0407,2.0,10240,Moses Martinez,"Omnia - Oxford, NC (J DISPENNETTE)",United States,"Omnia - Oxford, NC (J DISPENNETTE)",2022-03-21T00:00:00,Norman Seung,S,S4
00010,        CIN2,1586497,1.0,N,U2022,U2022,U2022-PL,HYDROSIZE U2022,,COL,999,366.8,,40.0,18.1437,210.06,366.8,156.74,156.74,,0.0,3.9184,1.0,10240,Moses Martinez,"Omnia - Oxford, NC (J DISPENNETTE)",United States,"Omnia - Oxford, NC (J DISPENNETTE)",2022-05-12T00:00:00,Norman Seung,S,S4
00010,        CIN2,1590923,1.0,N,U204,U204,U204-OP,HYDROSIZE U2-04,,PPA,999,5643.0,,900.0,408.2332,2623.5,5643.0,3019.5,3019.5,,0.0,3.355,2.0,10240,Moses Martinez,"Carbitex - Kennewick, WA",United States,"Carbitex - Kennewick, WA",2022-05-25T00:00:00,Norman Seung,S,S4
00010,        CIN2,1592570,1.0,N,U601,U601,U601-PL,HYDROSIZE U6-01,,PPI,999,639.2,,80.0,36.2874,386.93,639.2,252.27,252.27,,0.0,3.1534,2.0,10240,Moses Martinez,"Nanotech Labs - Yadkinville, NC",United States,"Nanotech Labs - Yadkinville, NC",2022-07-05T00:00:00,Norman Seung,S,S4
00010,        CIN2,1691587,1.0,N,U2022,U2022,U2022-PL,HYDROSIZE U2022,,COL,999,745.6,,80.0,36.2874,403.82,745.6,341.78,341.78,,0.0,4.2722,2.0,10240,Moses Martinez,"Omnia - Oxford, NC (J DISPENNETTE)",United States,"Omnia - Oxford, NC (J DISPENNETTE)",2022-09-29T00:00:00,Norman Seung,S,S4
00010,        CIN2,1710918,1.0,N,U501,U501,U501-PL,HYDROSIZE U5-01,,COL,999,391.2,,40.0,18.1437,184.59,391.2,206.61,206.61,,0.0,5.1652,1.0,10240,Moses Martinez,"Omnia - Oxford, NC (J DISPENNETTE)",United States,"Omnia - Oxford, NC (J DISPENNETTE)",2022-11-08T00:00:00,Norman Seung,S,S4
00010,        CIN2,1712366,1.0,N,U601,U601,U601-PL,HYDROSIZE U6-01,,PPI,999,639.2,,80.0,36.2874,376.94,639.2,262.26,262.26,,0.0,3.2782,2.0,10240,Moses Martinez,"Nanotech Labs - Yadkinville, NC",United States,"Nanotech Labs - Yadkinville, NC",2022-11-28T00:00:00,Norman Seung,S,S4
00010,        CIN2,1749371,1.0,N,U204,U204,U204-PL,HYDROSIZE U2-04,,PPA,999,753.6,,80.0,36.2874,429.02,753.6,324.58,324.58,,0.0,4.0572,2.0,10240,Moses Martinez,"Concordia Mfg - Coventry, RI",United States,"Concordia Mfg - Coventry, RI",2022-12-14T00:00:00,Norman Seung,S,S4
00010,        CIN2,2102856,1.0,N,U204,U204,U204-PL,HYDROSIZE U2-04,,PPA,999,301.44,,32.0,14.5152,194.84,301.44,106.6,106.6,,0.0,3.3313,32.0,10240,Moses Martinez,"Concordia Mfg - Coventry, RI",United States,"Concordia Mfg - Coventry, RI",2024-05-07T00:00:00,Norman Seung,S,S4
00010,        CIN2,2039141,1.0,N,U501,U501,U501-PL,HYDROSIZE U5-01,,COL,999,1173.6,,120.0,54.4311,513.2,1173.6,660.4,660.4,,0.0,5.5033,3.0,10240,Moses Martinez,"Omnia - Oxford, NC (J DISPENNETTE)",United States,"Omnia - Oxford, NC (J DISPENNETTE)",2024-01-03T00:00:00,Norman Seung,S,S4
00010,        CIN2,2373896,1.0,N,U2022,U2022,U2022-PL,HYDROSIZE U2022,,COL,999,252.8,,40.0,18.1437,114.36,252.8,138.44,138.44,,0.0,3.4611,1.0,10240,Moses Martinez,"Omnia - Oxford, NC (J DISPENNETTE)",United States,"Omnia - Oxford, NC (J DISPENNETTE)",2025-03-31T00:00:00,Norman Seung,S,S4
00010,        CIN2,1838702,1.0,N,U601,U601,U601-OP,HYDROSIZE U6-01,,PPI,999,2245.5,,450.0,204.1166,972.0,2245.5,1273.5,1273.5,,0.0,2.83,1.0,10240,Moses Martinez,"Nanotech Labs - Yadkinville, NC",United States,"Nanotech Labs - Yadkinville, NC",2023-04-17T00:00:00,Norman Seung,S,S4
00010,        CIN2,1912712,1.0,N,U501,U501,U501-PL,HYDROSIZE U5-01,,COL,999,391.2,,40.0,18.1437,166.91,391.2,224.29,224.29,,0.0,5.6073,1.0,10240,Moses Martinez,"Omnia - Oxford, NC (J DISPENNETTE)",United States,"Omnia - Oxford, NC (J DISPENNETTE)",2023-07-28T00:00:00,Norman Seung,S,S4
00010,        CIN2,1079760,1.0,N,HP1632,HP1632,HP1632-PL,HYDROSIZE HP-1632,,PPA,999,356.8,,40.0,18.1437,172.25,356.8,184.55,184.55,,0.0,4.6137,1.0,10240,Samuel Hankins,"Carbon Conversions - Lake City, SC",United States,"Carbon Conversions - Lake City, SC",2020-02-21T00:00:00,Roxana McMican,S,S4
00010,        CIN2,1135966,1.0,N,HP1632,HP1632,HP1632-PL,HYDROSIZE HP-1632,,PPA,999,1784.0,,200.0,90.71849999999999,861.26,1784.0,922.74,922.74,,0.0,4.6137,5.0,10240,Brendan Schloerb,"Xactiv - Fairport, NY",United States,"Xactiv - Fairport, NY",2020-06-05T00:00:00,Roxana McMican,S,S4
00010,        CIN2,1236653,1.0,N,HP1632,HP1632,HP1632-OP,HYDROSIZE HP-1632,,PPA,999,10241.56,,1852.0,840.0532,4211.45,10241.56,6030.11,6030.11,,0.0,3.256,4.0,10240,Brendan Schloerb,"Davlyn - Spring City, PA",United States,"Davlyn - Spring City, PA",2021-03-10T00:00:00,Roxana McMican,S,S4
00010,        CIN2,1243454,1.0,N,HP1632,HP1632,HP1632-PL,HYDROSIZE HP-1632,,COL,999,1420.8,,240.0,108.8622,1330.13,1420.8,90.67,90.67,,0.0,0.3778,6.0,10240,Brendan Schloerb,"Mitsubishi Chem Adv Material - Mesa, AZ",United States,Mitsubishi Chemical F&C-Global Parent,2020-12-14T00:00:00,Roxana McMican,S,S4
00010,        CIN2,1267001,1.0,N,HP1632,HP1632,HP1632-PL,HYDROSIZE HP-1632,,PPA,999,2140.8,,240.0,108.8622,1283.74,2140.8,857.06,857.06,,0.0,3.5711,6.0,10240,Brendan Schloerb,"Xactiv - Fairport, NY",United States,"Xactiv - Fairport, NY",2021-03-01T00:00:00,Roxana McMican,S,S4
00010,        CIN2,1126010,1.0,N,HP1632,HP1632,HP1632-PL,HYDROSIZE HP-1632,,PPA,999,713.6,,80.0,36.2874,344.5,713.6,369.1,369.1,,0.0,4.6137,2.0,10240,Brendan Schloerb,"Xactiv - Fairport, NY",United States,"Xactiv - Fairport, NY",2020-05-20T00:00:00,Roxana McMican,S,S4
00010,        CIN2,1204281,1.0,N,HP1632,HP1632,HP1632-PL,HYDROSIZE HP-1632,,PPA,999,2140.8,,240.0,108.8622,1033.51,2140.8,1107.29,1107.29,,0.0,4.6137,6.0,10240,Brendan Schloerb,"Xactiv - Fairport, NY",United States,"Xactiv - Fairport, NY",2020-10-07T00:00:00,Roxana McMican,S,S4
00010,        CIN2,1308419,1.0,N,HP1632,HP1632,HP1632-PL,HYDROSIZE HP-1632,,PPA,999,1420.8,,240.0,108.8622,754.46,1420.8,666.34,666.34,,0.0,2.7764,6.0,10240,Brendan Schloerb,"Mitsubishi Chem Adv Material - Mesa, AZ",United States,Mitsubishi Chemical F&C-Global Parent,2021-06-08T00:00:00,Roxana McMican,S,S4
00010,        CIN2,1072490,1.0,N,HP1632,HP1632,HP1632-PL,HYDROSIZE HP-1632,,PPA,999,2497.6,,280.0,127.0059,1205.76,2497.6,1291.84,1291.84,,0.0,4.6137,7.0,10240,Brendan Schloerb,"Xactiv - Fairport, NY",United States,"Xactiv - Fairport, NY",2020-02-11T00:00:00,Roxana McMican,S,S4
00010,        CIN2,1164334,1.0,N,HP1632,HP1632,HP1632-PL,HYDROSIZE HP-1632,,PPA,999,2140.8,,240.0,108.8622,1033.51,2140.8,1107.29,1107.29,,0.0,4.6137,6.0,10240,Brendan Schloerb,"Xactiv - Fairport, NY",United States,"Xactiv - Fairport, NY",2020-07-29T00:00:00,Roxana McMican,S,S4
00010,        CIN2,1205832,1.0,N,HP1632,HP1632,HP1632-OP,HYDROSIZE HP-1632,,PPA,999,5481.92,,926.0,420.0266,2045.44,5481.92,3436.48,3436.48,,0.0,3.7111,2.0,10240,Brendan Schloerb,"Davlyn - Spring City, PA",United States,"Davlyn - Spring City, PA",2020-10-29T00:00:00,Roxana McMican,S,S4
00010,        CIN2,1265177,1.0,N,HP1632,HP1632,HP1632-OP,HYDROSIZE HP-1632,,PPB,999,1830.43,,331.0,150.1416,1798.22,1830.43,32.21,32.21,,0.0,0.0973,331.0,10240,Brendan Schloerb,"Davlyn - Spring City, PA",United States,"Davlyn - Spring City, PA",2021-01-11T00:00:00,Roxana McMican,S,S4
00010,        CIN2,1289381,1.0,N,HP1632,HP1632,HP1632-OP,HYDROSIZE HP-1632,,PPA,999,10241.56,,1852.0,840.0532,4211.45,10241.56,6030.11,6030.11,,0.0,3.256,4.0,10240,Brendan Schloerb,"Davlyn - Spring City, PA",United States,"Davlyn - Spring City, PA",2021-03-10T00:00:00,Roxana McMican,S,S4
00010,        CIN2,1290152,1.0,N,HP1632,HP1632,HP1632-PL,HYDROSIZE HP-1632,,PPA,999,713.6,,80.0,36.2874,427.91,713.6,285.69,285.69,,0.0,3.5711,2.0,10240,Moses Martinez,"Concordia Mfg - Coventry, RI",United States,"Concordia Mfg - Coventry, RI",2021-03-09T00:00:00,Roxana McMican,S,S4
00010,        CIN2,1356500,1.0,N,HP1632,HP1632,HP1632-PL,HYDROSIZE HP-1632,,PPA,999,2854.4,,320.0,145.1496,1965.95,2854.4,888.45,888.45,,0.0,2.7764,8.0,10240,Brendan Schloerb,"Xactiv - Fairport, NY",United States,"Xactiv - Fairport, NY",2021-06-24T00:00:00,Roxana McMican,S,S4
00010,        CIN2,1594858,1.0,N,HP1632,HP1632,HP1632-PL,HYDROSIZE HP-1632,,PPB,999,0.0,,40.0,18.1437,-315.14,0.0,315.14,315.14,,0.0,7.8784,1.0,10240,Moses Martinez,"Concordia Mfg - Coventry, RI",United States,"Concordia Mfg - Coventry, RI",2022-05-24T00:00:00,Roxana McMican,S,S4
00010,        CIN2,1099875,1.0,N,HP1632,HP1632,HP1632-OP,HYDROSIZE HP-1632,,COL,999,15362.34,,2778.0,1260.0798,5052.9,15362.34,10309.44,10309.44,,0.0,3.7111,6.0,10240,Brendan Schloerb,"Zoltek - St. Charles, MO",United States,Zoltek - Global Parent,2020-05-26T00:00:00,Roxana McMican,S,S4
00010,        CIN2,1184298,1.0,N,HP1632,HP1632,HP1632-OP,HYDROSIZE HP-1632,,COL,999,20483.12,,3704.0,1680.1064,6737.21,20483.12,13745.91,13745.91,,0.0,3.7111,8.0,10240,Brendan Schloerb,"Zoltek - St. Charles, MO",United States,Zoltek - Global Parent,2020-09-02T00:00:00,Roxana McMican,S,S4
00010,        CIN2,1241586,1.0,N,HP1632,HP1632,HP1632-OP,HYDROSIZE HP-1632,,COL,999,20483.12,,3704.0,1680.1064,8422.9,20483.12,12060.22,12060.22,,0.0,3.256,8.0,10240,Brendan Schloerb,"Zoltek - St. Charles, MO",United States,Zoltek - Global Parent,2021-03-01T00:00:00,Roxana McMican,S,S4
00010,        CIN2,1320837,1.0,N,HP1632,HP1632,HP1632-OP,HYDROSIZE HP-1632,,COL,999,20483.12,,3704.0,1680.1064,8408.45,20483.12,12074.67,12074.67,,0.0,3.2599,8.0,10240,Brendan Schloerb,"Zoltek - St. Charles, MO",United States,Zoltek - Global Parent,2021-05-13T00:00:00,Roxana McMican,S,S4
00010,        CIN2,1342895,1.0,N,HP1632,HP1632,HP1632-OP,HYDROSIZE HP-1632,,COB,999,15362.34,,2778.0,1260.0798,8442.62,15362.34,6919.72,6919.72,,0.0,2.4909,6.0,10240,Brendan Schloerb,"Zoltek - St. Charles, MO",United States,Zoltek - Global Parent,2021-06-25T00:00:00,Roxana McMican,S,S4
00010,        CIN2,1585613,1.0,N,HP1632,HP1632,HP1632-PL,HYDROSIZE HP-1632,,PPA,999,689.2,,40.0,18.1437,374.06,689.2,315.14,315.14,,0.0,7.8784,1.0,10240,Samuel Hankins,"Vartega Inc- Golden, CO",United States,Vartega - Global Parent,2022-05-17T00:00:00,Roxana McMican,S,S4
00010,        CIN2,1681073,1.0,N,HP1632,HP1632,HP1632-PL,HYDROSIZE HP-1632,,PPA,999,1870.56,,240.0,108.8622,-199.25,1870.56,2069.81,2069.81,,0.0,8.6242,6.0,10240,Brendan Schloerb,"Mitsubishi Chem Adv Material - Mesa, AZ",United States,Mitsubishi Chemical F&C-Global Parent,2022-09-15T00:00:00,Roxana McMican,S,S4
00010,        CIN2,1373390,1.0,N,HP1632,HP1632,HP1632-OP,HYDROSIZE HP-1632,,PPA,999,10241.56,,1852.0,840.0532,5628.41,10241.56,4613.15,4613.15,,0.0,2.4909,4.0,10240,Brendan Schloerb,"Davlyn - Spring City, PA",United States,"Davlyn - Spring City, PA",2021-08-27T00:00:00,Roxana McMican,S,S4
00010,        CIN2,1391834,1.0,N,HP1632,HP1632,HP1632-PL,HYDROSIZE HP-1632,,PPA,999,2854.4,,320.0,145.1496,1823.42,2854.4,1030.98,1030.98,,0.0,3.2218,8.0,10240,Brendan Schloerb,"Xactiv - Fairport, NY",United States,"Xactiv - Fairport, NY",2021-08-31T00:00:00,Roxana McMican,S,S4
00010,        CIN2,1482574,1.0,N,HP1632,HP1632,HP1632-OP,HYDROSIZE HP-1632,,PPA,999,20372.0,,1852.0,840.0532,13922.97,20372.0,6449.03,6449.03,,0.0,3.4822,4.0,10240,Brendan Schloerb,"Davlyn - Spring City, PA",United States,"Davlyn - Spring City, PA",2022-01-10T00:00:00,Roxana McMican,S,S4
00010,        CIN2,1485473,1.0,N,HP1632,HP1632,HP1632-PL,HYDROSIZE HP-1632,,PPA,999,4604.8,,320.0,145.1496,3397.98,4604.8,1206.82,1206.82,,0.0,3.7713,8.0,10240,Brendan Schloerb,"Xactiv - Fairport, NY",United States,"Xactiv - Fairport, NY",2021-12-20T00:00:00,Roxana McMican,S,S4
00010,        CIN2,1541159,1.0,N,HP1632,HP1632,HP1632-PL,HYDROSIZE HP-1632,,PPA,999,8288.0,,560.0,254.0118,4333.06,8288.0,3954.94,3954.94,,0.0,7.0624,14.0,10240,Brendan Schloerb,"Xactiv - Fairport, NY",United States,"Xactiv - Fairport, NY",2022-04-05T00:00:00,Roxana McMican,S,S4
00010,        CIN2,1562763,1.0,N,HP1632,HP1632,HP1632-PL,HYDROSIZE HP-1632,,PPA,999,592.0,,40.0,18.1437,309.5,592.0,282.5,282.5,,0.0,7.0624,1.0,10240,Moses Martinez,"Concordia Mfg - Coventry, RI",United States,"Concordia Mfg - Coventry, RI",2022-04-11T00:00:00,Roxana McMican,S,S4
00010,        CIN2,1566717,1.0,N,HP1632,HP1632,HP1632-PL,HYDROSIZE HP-1632,,PPA,999,1378.4,,80.0,36.2874,748.13,1378.4,630.27,630.27,,0.0,7.8784,2.0,10240,Moses Martinez,"Concordia Mfg - Coventry, RI",United States,"Concordia Mfg - Coventry, RI",2022-05-12T00:00:00,Roxana McMican,S,S4
00010,        CIN2,1617696,1.0,N,HP1632,HP1632,HP1632-PL,HYDROSIZE HP-1632,,PPA,999,24811.2,,1440.0,653.1732,14264.06,24811.2,10547.14,10547.14,,0.0,7.3244,36.0,10240,Brendan Schloerb,"Xactiv - Fairport, NY",United States,"Xactiv - Fairport, NY",2022-06-27T00:00:00,Roxana McMican,S,S4
00010,        CIN2,1618664,1.0,N,HP1632,HP1632,HP1632-PL,HYDROSIZE HP-1632,,COL,999,569.2,,40.0,18.1437,276.22,569.2,292.98,292.98,,0.0,7.3244,1.0,10240,Moses Martinez,"Omnia - Oxford, NC (J DISPENNETTE)",United States,"Omnia - Oxford, NC (J DISPENNETTE)",2022-06-29T00:00:00,Roxana McMican,S,S4
00010,        CIN2,1655078,1.0,N,HP1632,HP1632,HP1632-OP,HYDROSIZE HP-1632,,PPA,999,25631.68,,1852.0,840.0532,10255.26,25631.68,15376.42,15376.42,,0.0,8.3026,4.0,10240,Brendan Schloerb,"Davlyn - Spring City, PA",United States,"Davlyn - Spring City, PA",2022-08-24T00:00:00,Roxana McMican,S,S4
00010,        CIN2,2033186,1.0,N,HP1632,HP1632,HP1632-OP,HYDROSIZE HP-1632,,PPA,999,25631.68,,1852.0,840.0532,11519.25,25631.68,14112.43,14112.43,,0.0,7.6201,4.0,10240,Brendan Schloerb,"Davlyn - Spring City, PA",United States,"Davlyn - Spring City, PA",2024-01-04T00:00:00,Roxana McMican,S,S4
00010,        CIN2,2062699,1.0,N,HP1632,HP1632,HP1632-OP,HYDROSIZE HP-1632,,COL,999,100600.64,,7408.0,3360.2128,44138.35,100600.64,56462.29,56462.29,,0.0,7.6218,16.0,10240,Brendan Schloerb,"Zoltek - St. Charles, MO",United States,Zoltek - Global Parent,2024-05-13T00:00:00,Roxana McMican,S,S4
00010,        CIN2,2077290,1.0,N,HP1632,HP1632,HP1632-OP,HYDROSIZE HP-1632,,PPA,999,25631.68,,1852.0,840.0532,11516.11,25631.68,14115.57,14115.57,,0.0,7.6218,4.0,10240,Brendan Schloerb,"Davlyn - Spring City, PA",United States,"Davlyn - Spring City, PA",2024-04-30T00:00:00,Roxana McMican,S,S4
00010,        CIN2,2083446,1.0,N,HP1632,HP1632,HP1632-PL,HYDROSIZE HP-1632,,PPA,999,19986.8,,1160.0,526.1673,11010.37,19986.8,8976.43,8976.43,,0.0,7.7383,29.0,10240,Brendan Schloerb,"Xactiv - Fairport, NY",United States,"Xactiv - Fairport, NY",2024-05-13T00:00:00,Roxana McMican,S,S4
00010,        CIN2,2102857,1.0,N,HP1632,HP1632,HP1632-PL,HYDROSIZE HP-1632,,PPA,999,689.2,,40.0,18.1437,382.82,689.2,306.38,306.38,,0.0,7.6596,1.0,10240,Moses Martinez,"Concordia Mfg - Coventry, RI",United States,"Concordia Mfg - Coventry, RI",2024-06-14T00:00:00,Roxana McMican,S,S4
00010,        CIN2,2136562,1.0,N,HP1632,HP1632,HP1632-OP,HYDROSIZE HP-1632,,PPA,999,25631.68,,1852.0,840.0532,11516.11,25631.68,14115.57,14115.57,,0.0,7.6218,4.0,10240,Brendan Schloerb,"Davlyn - Spring City, PA",United States,"Davlyn - Spring City, PA",2024-05-13T00:00:00,Roxana McMican,S,S4
00010,        CIN2,2136563,1.0,N,HP1632,HP1632,HP1632-OP,HYDROSIZE HP-1632,,PPA,999,23846.32,,1723.0,781.5528,10845.77,23846.32,13000.55,13000.55,,0.0,7.5453,1723.0,10240,Brendan Schloerb,"Davlyn - Spring City, PA",United States,"Davlyn - Spring City, PA",2024-08-01T00:00:00,Roxana McMican,S,S4
00010,        CIN2,2140352,1.0,N,HP1632,HP1632,HP1632-PL,HYDROSIZE HP-1632,,COL,999,689.2,,40.0,18.1437,379.67,689.2,309.53,309.53,,0.0,7.7383,1.0,10240,Brendan Schloerb,"Xactiv - Fairport, NY",United States,"Xactiv - Fairport, NY",2024-05-13T00:00:00,Roxana McMican,S,S4
00010,        CIN2,2205883,1.0,N,HP1632,HP1632,HP1632-OP,HYDROSIZE HP-1632,,COL,999,100600.64,,7408.0,3360.2128,44705.06,100600.64,55895.58,55895.58,,0.0,7.5453,16.0,10240,Brendan Schloerb,"Zoltek - St. Charles, MO",United States,Zoltek - Global Parent,2024-10-31T00:00:00,Roxana McMican,S,S4
00010,        CIN2,2245292,1.0,N,HP1632,HP1632,HP1632-OP,HYDROSIZE HP-1632,,PPA,999,25631.68,,1852.0,840.0532,11657.78,25631.68,13973.9,13973.9,,0.0,7.5453,4.0,10240,Brendan Schloerb,"Davlyn - Spring City, PA",United States,"Davlyn - Spring City, PA",2024-11-04T00:00:00,Roxana McMican,S,S4
00010,        CIN2,2216603,1.0,N,HP1632,HP1632,HP1632-PL,HYDROSIZE HP-1632,,COL,999,689.2,,40.0,18.1437,382.68,689.2,306.52,306.52,,0.0,7.6629,1.0,10240,Moses Martinez,"Omnia - Oxford, NC (J DISPENNETTE)",United States,"Omnia - Oxford, NC (J DISPENNETTE)",2024-08-23T00:00:00,Roxana McMican,S,S4
00010,        CIN2,2224693,1.0,N,HP1632,HP1632,HP1632-PL,HYDROSIZE HP-1632,,COL,999,689.2,,40.0,18.1437,382.3,689.2,306.9,306.9,,0.0,7.6726,1.0,10240,Brendan Schloerb,"Zoltek Prepreg Ops-St Peters, MO",United States,Zoltek - Global Parent,2024-09-04T00:00:00,Roxana McMican,S,S4
00010,        CIN2,2611667,1.0,N,HP1632,HP1632,HP1632-OP,HYDROSIZE HP-1632,,PPA,999,6070.5,,450.0,204.12,2701.8,6070.5,3368.7,3368.7,,0.0,7.486,450.0,10240,Samuel Hankins,"William Barnet  & Son - Spartanburg, SC",United States,"William Barnet  & Son - Spartanburg, SC",2026-02-02T00:00:00,Roxana McMican,S,S4
00010,        CIN2,2657471,1.0,N,HP1632,HP1632,HP1632-OP,HYDROSIZE HP-1632,,COL,999,98378.24,,7408.0,3360.2128,47080.06,98378.24,51298.18,51298.18,,0.0,6.9247,16.0,10240,Brendan Schloerb,"Zoltek - St. Charles, MO",United States,Zoltek - Global Parent,2026-04-08T00:00:00,Roxana McMican,S,S4
00010,        CIN2,2670496,1.0,N,HP1632,HP1632,HP1632-PL,HYDROSIZE HP-1632,,COL,999,1138.4,,80.0,36.2874,568.54,1138.4,569.86,569.86,,0.0,7.1232,2.0,10240,Samuel Hankins,"Southeast Nonwovens - Clover, SC",United States,"Southeast Nonwovens - Clover, SC",2026-04-14T00:00:00,Roxana McMican,S,S4
00010,        CIN2,2717111,1.0,N,HP1632,HP1632,HP1632-OP,HYDROSIZE HP-1632,,PPA,999,27428.12,,1852.0,840.0532,14211.88,27428.12,13216.24,13216.24,,0.0,7.1362,4.0,10240,Brendan Schloerb,"Davlyn - Spring City, PA",United States,"Davlyn - Spring City, PA",2026-06-29T00:00:00,Roxana McMican,S,S4
00010,        CIN2,2255675,1.0,N,HP1632,HP1632,HP1632-OP,HYDROSIZE HP-1632,,PPA,999,25631.68,,1852.0,840.0532,11630.93,25631.68,14000.75,14000.75,,0.0,7.5598,4.0,10240,Brendan Schloerb,"Davlyn - Spring City, PA",United States,"Davlyn - Spring City, PA",2025-03-12T00:00:00,Roxana McMican,S,S4
00010,        CIN2,2330959,1.0,N,HP1632,HP1632,HP1632-PL,HYDROSIZE HP-1632,,PPA,999,1378.4,,80.0,36.2874,763.09,1378.4,615.31,615.31,,0.0,7.6914,2.0,10240,Brendan Schloerb,"Xactiv - Fairport, NY",United States,"Xactiv - Fairport, NY",2025-01-27T00:00:00,Roxana McMican,S,S4
00010,        CIN2,2363520,1.0,N,HP1632,HP1632,HP1632-OP,HYDROSIZE HP-1632,,PPA,999,25631.68,,1852.0,840.0532,11703.71,25631.68,13927.97,13927.97,,0.0,7.5205,4.0,10240,Brendan Schloerb,"Davlyn - Spring City, PA",United States,"Davlyn - Spring City, PA",2025-05-29T00:00:00,Roxana McMican,S,S4
00010,        CIN2,2363521,1.0,N,HP1632,HP1632,HP1632-OP,HYDROSIZE HP-1632,,PPA,999,25631.68,,1852.0,840.0532,11630.93,25631.68,14000.75,14000.75,,0.0,7.5598,4.0,10240,Brendan Schloerb,"Davlyn - Spring City, PA",United States,"Davlyn - Spring City, PA",2025-04-23T00:00:00,Roxana McMican,S,S4
00010,        CIN2,2372494,1.0,N,HP1632,HP1632,HP1632-OP,HYDROSIZE HP-1632,,COL,999,50300.32,,3704.0,1680.1064,22444.39,50300.32,27855.93,27855.93,,0.0,7.5205,8.0,10240,Brendan Schloerb,"Zoltek - St. Charles, MO",United States,Zoltek - Global Parent,2025-07-02T00:00:00,Roxana McMican,S,S4
00010,        CIN2,2410365,1.0,N,HP1632,HP1632,HP1632-PL,HYDROSIZE HP-1632,,PPA,999,2276.8,,160.0,72.5748,1046.37,2276.8,1230.43,1230.43,,0.0,7.6902,4.0,10240,Samuel Hankins,"Carbon Fiber Recycling - Tazewell, TN",United States,"Carbon Fiber Recycling - Tazewell, TN",2025-05-02T00:00:00,Roxana McMican,S,S4
00010,        CIN2,2425638,1.0,N,HP1632,HP1632,HP1632-PL,HYDROSIZE HP-1632,,PPA,999,1138.4,,80.0,36.2874,523.18,1138.4,615.22,615.22,,0.0,7.6902,2.0,10240,Samuel Hankins,"William Barnet  & Son - Spartanburg, SC",United States,"William Barnet  & Son - Spartanburg, SC",2025-05-23T00:00:00,Roxana McMican,S,S4
00010,        CIN2,2452147,1.0,N,HP1632,HP1632,HP1632-PL,HYDROSIZE HP-1632,,PPA,999,13784.0,,800.0,362.87399999999997,7664.72,13784.0,6119.28,6119.28,,0.0,7.6491,20.0,10240,Brendan Schloerb,"Xactiv - Fairport, NY",United States,"Xactiv - Fairport, NY",2025-12-04T00:00:00,Roxana McMican,S,S4
00010,        CIN2,2507012,1.0,N,HP1632,HP1632,HP1632-PL,HYDROSIZE HP-1632,,PPA,999,1138.4,,80.0,36.2874,526.47,1138.4,611.93,611.93,,0.0,7.6491,2.0,10240,Samuel Hankins,"William Barnet  & Son - Spartanburg, SC",United States,"William Barnet  & Son - Spartanburg, SC",2025-09-11T00:00:00,Roxana McMican,S,S4
00010,        CIN2,2533631,1.0,N,HP1632,HP1632,HP1632-PL,HYDROSIZE HP-1632,,PPA,999,7581.2,,440.0,199.58069999999998,4215.6,7581.2,3365.6,3365.6,,0.0,7.6491,11.0,10240,Brendan Schloerb,"Xactiv - Fairport, NY",United States,"Xactiv - Fairport, NY",2025-10-17T00:00:00,Roxana McMican,S,S4
00010,        CIN2,2534245,1.0,N,HP1632,HP1632,HP1632-OP,HYDROSIZE HP-1632,,COL,999,100600.64,,7408.0,3360.2128,45169.54,100600.64,55431.1,55431.1,,0.0,7.4826,16.0,10240,Brendan Schloerb,"Zoltek - St. Charles, MO",United States,Zoltek - Global Parent,2025-12-04T00:00:00,Roxana McMican,S,S4
00010,        CIN2,1677862,1.0,N,HP1632,HP1632,HP1632-OP,30/22,,COL,999,12575.08,,926.0,420.0266,4887.43,12575.08,7687.65,7687.65,,0.0,8.302,2.0,10240,Brendan Schloerb,"Zoltek - St. Charles, MO",United States,Zoltek - Global Parent,2023-01-04T00:00:00,Roxana McMican,S,S4
00010,        CIN2,1732726,1.0,N,HP1632,HP1632,HP1632-OP,HYDROSIZE HP-1632,,PPA,999,25631.68,,1852.0,840.0532,10344.72,25631.68,15286.96,15286.96,,0.0,8.2543,4.0,10240,Brendan Schloerb,"Davlyn - Spring City, PA",United States,"Davlyn - Spring City, PA",2023-03-07T00:00:00,Roxana McMican,S,S4
00010,        CIN2,1799792,1.0,N,HP1632,HP1632,HP1632-OP,HYDROSIZE HP-1632,,PPA,999,25631.68,,1852.0,840.0532,10344.72,25631.68,15286.96,15286.96,,0.0,8.2543,4.0,10240,Brendan Schloerb,"Davlyn - Spring City, PA",United States,"Davlyn - Spring City, PA",2023-03-07T00:00:00,Roxana McMican,S,S4
00010,        CIN2,1816503,1.0,N,HP1632,HP1632,HP1632-PL,HYDROSIZE HP-1632,,PPA,999,1378.4,,80.0,36.2874,700.78,1378.4,677.62,677.62,,0.0,8.4703,2.0,10240,Samuel Hankins,"Carbon Conversions - Lake City, SC",United States,"Carbon Conversions - Lake City, SC",2023-04-04T00:00:00,Roxana McMican,S,S4
00010,        CIN2,1869688,1.0,N,HP1632,HP1632,HP1632-PL,HYDROSIZE HP-1632,,PPI,999,689.2,,40.0,18.1437,350.39,689.2,338.81,338.81,,0.0,8.4703,1.0,10240,Moses Martinez,"Tetrahedron - Hopedale, MA",United States,"Tetrahedron - Hopedale, MA",2023-05-22T00:00:00,Roxana McMican,S,S4
00010,        CIN2,1870481,1.0,N,HP1632,HP1632,HP1632-PL,HYDROSIZE HP-1632,,COL,999,689.2,,40.0,18.1437,350.39,689.2,338.81,338.81,,0.0,8.4703,1.0,10240,Samuel Hankins,"Master Carbon Fibers, Inc. - Jasper, GA",United States,"Master Carbon Fibers, Inc. - Jasper, GA",2023-05-22T00:00:00,Roxana McMican,S,S4
00010,        CIN2,1913558,1.0,N,HP1632,HP1632,HP1632-PL,HYDROSIZE HP-1632,,COB,999,2276.8,,160.0,72.5748,921.55,2276.8,1355.25,1355.25,,0.0,8.4703,4.0,10240,Samuel Hankins,"R&M Int'l - Master Carbon, Jasper, GA",United States,"R&M Int'l - Norristown, PA",2023-07-18T00:00:00,Roxana McMican,S,S4
00010,        CIN2,1949378,1.0,N,HP1632,HP1632,HP1632-PL,HYDROSIZE HP-1632,,COB,999,1707.6,,120.0,54.4311,693.32,1707.6,1014.28,1014.28,,0.0,8.4523,3.0,10240,Samuel Hankins,"R&M Int'l - Master Carbon, Jasper, GA",United States,"R&M Int'l - Norristown, PA",2023-09-06T00:00:00,Roxana McMican,S,S4
00010,        CIN2,1953947,1.0,N,HP1632,HP1632,HP1632-OP,HYDROSIZE HP-1632,,PPA,999,25631.68,,1852.0,840.0532,10371.94,25631.68,15259.74,15259.74,,0.0,8.2396,4.0,10240,Brendan Schloerb,"Davlyn - Spring City, PA",United States,"Davlyn - Spring City, PA",2023-09-13T00:00:00,Roxana McMican,S,S4
00010,        CIN2,2029417,1.0,N,HP1632,HP1632,HP1632-PL,HYDROSIZE HP-1632,,PPA,999,689.2,,40.0,18.1437,351.11,689.2,338.09,338.09,,0.0,8.4523,1.0,10240,Moses Martinez,"Concordia Mfg - Coventry, RI",United States,"Concordia Mfg - Coventry, RI",2023-12-20T00:00:00,Roxana McMican,S,S4
00010,        CIN2,1116979,1.0,N,HP1432AT,HP1432AT,HP1432AT-PL,HYDROSIZE HP-1432AT,,COL,999,73464.0,,2400.0,1088.6219999999998,48526.32,73464.0,24937.68,24937.68,,0.0,10.3907,60.0,10240,Moses Martinez,"Northrop (ATK) - Corinne, UT (Bldg M3)",United States,ATK - Global Parent,2020-05-11T00:00:00,Jake Hoffman,S,S4
00010,        CIN2,1116997,1.0,N,HP1432AT,HP1432AT,HP1432AT-PL,HYDROSIZE HP-1432AT,,COL,999,73464.0,,2400.0,1088.6219999999998,48526.32,73464.0,24937.68,24937.68,,0.0,10.3907,60.0,10240,Moses Martinez,"Northrop (ATK) - Corinne, UT (Bldg M3)",United States,ATK - Global Parent,2020-09-01T00:00:00,Jake Hoffman,S,S4
00010,        CIN2,1124858,1.0,N,HP1432AT,HP1432AT,HP1432AT-PL,HYDROSIZE HP-1432AT,,COL,999,56322.4,,1840.0,834.6102,37203.51,56322.4,19118.89,19118.89,,0.0,10.3907,46.0,10240,Moses Martinez,"Northrop (ATK) - Corinne, UT (Bldg M3)",United States,ATK - Global Parent,2020-10-16T00:00:00,Jake Hoffman,S,S4
00010,        CIN2,1124859,1.0,N,HP1432AT,HP1432AT,HP1432AT-PL,HYDROSIZE HP-1432AT,,COL,999,73464.0,,2400.0,1088.6219999999998,62807.52,73464.0,10656.48,10656.48,,0.0,4.4402,60.0,10240,Moses Martinez,"Northrop (ATK) - Corinne, UT (Bldg M3)",United States,ATK - Global Parent,2021-02-22T00:00:00,Jake Hoffman,S,S4
00010,        CIN2,1603305,1.0,N,U701,U701,U701-OP,HYDROSIZE U7-01,,COL,999,29767.5,,4050.0,1837.0494,8403.75,29767.5,21363.75,21363.75,,0.0,5.275,9.0,10240,Samuel Hankins,"Johns Manville - Waterville, OH(River)",United States,Johns Manville - Global Parent,2022-07-29T00:00:00,.,S,S4
00010,        CIN2,1731204,1.0,N,U701,U701,U701-OP,HYDROSIZE U7-01,,COL,999,9922.5,,1350.0,612.3498,2801.25,9922.5,7121.25,7121.25,,0.0,5.275,3.0,10240,Samuel Hankins,"Johns Manville - Waterville, OH(River)",United States,Johns Manville - Global Parent,2022-11-30T00:00:00,.,S,S4
00010,        CIN2,1453401,1.0,N,HP1432AT,HP1432AT,HP1432AT-PL,HYDROSIZE HP-1432AT,,PPA,999,2796.0,,80.0,36.2874,2442.16,2796.0,353.84,353.84,,0.0,4.423,2.0,10240,Brendan Schloerb,"Xactiv - Fairport, NY",United States,"Xactiv - Fairport, NY",2021-11-01T00:00:00,Jake Hoffman,S,S4
00010,        CIN2,1477672,1.0,N,HP1432AT,HP1432AT,HP1432AT-PL,HYDROSIZE HP-1432AT,,PPA,999,1398.0,,40.0,18.1437,1221.08,1398.0,176.92,176.92,,0.0,4.423,1.0,10240,Brendan Schloerb,"Xactiv - Fairport, NY",United States,"Xactiv - Fairport, NY",2021-12-20T00:00:00,Jake Hoffman,S,S4
00010,        CIN2,1617848,1.0,N,HP1432AT,HP1432AT,HP1432AT-PL,HYDROSIZE HP-1432AT,,COL,999,96656.0,,2800.0,1270.059,65339.4,96656.0,31316.6,31316.6,,0.0,11.1845,70.0,10240,Moses Martinez,"Northrop (ATK) - Corinne, UT (Bldg M3)",United States,ATK - Global Parent,2022-06-24T00:00:00,Jake Hoffman,S,S4
00010,        CIN2,2083379,1.0,N,HP1432AT,HP1432AT,HP1432AT-PL,HYDROSIZE HP-1432AT,,PPA,999,161828.0,,4600.0,2086.5254999999997,87733.5,161828.0,74094.5,74094.5,,0.0,16.1075,115.0,10240,Moses Martinez,"Northrop (ATK) - Corinne, UT (Bldg M3)",United States,ATK - Global Parent,2024-05-13T00:00:00,Jake Hoffman,S,S4
00010,        CIN2,2082608,1.0,N,U701,U701,U701-OP,HYDROSIZE U7-01,,COL,999,29767.5,,4050.0,1837.0494,10048.05,29767.5,19719.45,19719.45,,0.0,4.869,9.0,10240,Samuel Hankins,"Johns Manville - Waterville, OH(River)",United States,Johns Manville - Global Parent,2024-04-15T00:00:00,.,S,S4
00010,        CIN2,2188440,1.0,N,U701,U701,U701-OP,HYDROSIZE U7-01,,COL,999,9922.5,,1350.0,612.36,3462.88,9922.5,6459.62,6459.62,,0.0,4.7849,1350.0,10240,Samuel Hankins,"Johns Manville - Waterville, OH(River)",United States,Johns Manville - Global Parent,2024-09-06T00:00:00,.,S,S4
00010,        CIN2,2305412,1.0,N,U701,U701,U701-OP,HYDROSIZE U7-01,,COL,999,29767.5,,4050.0,1837.0494,10585.89,29767.5,19181.61,19181.61,,0.0,4.7362,9.0,10240,Samuel Hankins,"Johns Manville - Waterville, OH(River)",United States,Johns Manville - Global Parent,2024-12-16T00:00:00,.,S,S4
00010,        CIN2,2606045,1.0,N,U701,U701,U701-OP,HYDROSIZE U7-01,,COB,999,39690.0,,5400.0,2449.3992,18673.2,39690.0,21016.8,21016.8,,0.0,3.892,12.0,10240,Samuel Hankins,"Johns Manville - Waterville, OH(River)",United States,Johns Manville - Global Parent,2026-03-06T00:00:00,.,S,S4
00010,        CIN2,2617004,1.0,N,U701,U701,U701-OP,HYDROSIZE U7-01,,COB,999,29767.5,,4050.0,1837.0494,14004.9,29767.5,15762.6,15762.6,,0.0,3.892,9.0,10240,Samuel Hankins,"Johns Manville - Waterville, OH(River)",United States,Johns Manville - Global Parent,2026-03-25T00:00:00,.,S,S4
00010,        CIN2,2626783,1.0,N,U701,U701,U701-OP,HYDROSIZE U7-01,,COB,999,39690.0,,5400.0,2449.3992,18673.2,39690.0,21016.8,21016.8,,0.0,3.892,12.0,10240,Samuel Hankins,"Johns Manville - Waterville, OH(River)",United States,Johns Manville - Global Parent,2026-04-07T00:00:00,.,S,S4
00010,        CIN2,2635221,1.0,N,U701,U701,U701-OP,HYDROSIZE U7-01,,COB,999,13752.0,,1800.0,816.4664,6514.2,13752.0,7237.8,7237.8,,0.0,4.021,4.0,10240,Samuel Hankins,"Johns Manville - Waterville, OH(River)",United States,Johns Manville - Global Parent,2026-05-28T00:00:00,.,S,S4
00010,        CIN2,2652921,1.0,N,U701,U701,U701-OP,HYDROSIZE U7-01,,COB,999,19845.0,,2700.0,1224.6996,9336.6,19845.0,10508.4,10508.4,,0.0,3.892,6.0,10240,Samuel Hankins,"Johns Manville - Waterville, OH(River)",United States,Johns Manville - Global Parent,2026-05-06T00:00:00,.,S,S4
00010,        CIN2,2687442,1.0,N,HP1432AT,HP1432AT,HP1432AT-PL,HYDROSIZE HP-1432AT,,PPA,999,1556.0,,40.0,18.1437,939.67,1556.0,616.33,616.33,,0.0,15.4083,1.0,10240,Brendan Schloerb,"Xactiv - Fairport, NY",United States,"Xactiv - Fairport, NY",2026-05-08T00:00:00,Jake Hoffman,S,S4
00010,        CIN2,2695060,1.0,N,U701,U701,U701-OP,HYDROSIZE U7-01,,COB,999,58446.0,,7650.0,3469.9822,27685.35,58446.0,30760.65,30760.65,,0.0,4.021,17.0,10240,Samuel Hankins,"Johns Manville - Waterville, OH(River)",United States,Johns Manville - Global Parent,2026-07-21T00:00:00,.,S,S4
00010,        CIN2,2417394,1.0,N,HP1432AT,HP1432AT,HP1432AT-PL,HYDROSIZE HP-1432AT,,COL,999,129462.4,,3680.0,1669.2204,75301.26,129462.4,54161.14,54161.14,,0.0,14.7177,92.0,10240,Moses Martinez,"Northrop (ATK) - Corinne, UT (Bldg M3)",United States,ATK - Global Parent,2025-09-22T00:00:00,Jake Hoffman,S,S4
00010,        CIN2,2306170,1.0,N,U701,U701,U701-OP,HYDROSIZE U7-01,,COL,999,66150.0,,9000.0,4082.3320000000003,23524.2,66150.0,42625.8,42625.8,,0.0,4.7362,20.0,10240,Samuel Hankins,"Johns Manville - Waterville, OH(River)",United States,Johns Manville - Global Parent,2025-01-27T00:00:00,.,S,S4
00010,        CIN2,2510615,1.0,N,U701,U701,U701-OP,HYDROSIZE U7-01,,COB,999,66150.0,,9000.0,4082.3320000000003,25929.0,66150.0,40221.0,40221.0,,0.0,4.469,20.0,10240,Samuel Hankins,"Johns Manville - Waterville, OH(River)",United States,Johns Manville - Global Parent,2025-10-22T00:00:00,.,S,S4
00010,        CIN2,2547823,1.0,N,U701,U701,U701-OP,HYDROSIZE U7-01,,COB,999,19470.15,,2649.0,1201.5864,9160.24,19470.15,10309.91,10309.91,,0.0,3.892,2649.0,10240,Samuel Hankins,"Johns Manville - Waterville, OH(River)",United States,Johns Manville - Global Parent,2025-12-29T00:00:00,.,S,S4
00010,        CIN2,2327145,1.0,N,HP1432AT,HP1432AT,HP1432AT-PL,HYDROSIZE HP-1432AT,,COL,999,161828.0,,4600.0,2086.5254999999997,90832.52,161828.0,70995.48,70995.48,,0.0,15.4338,115.0,10240,Moses Martinez,"Northrop (ATK) - Corinne, UT (Bldg M3)",United States,"Stars and Stripes Aerospace-Palestine,TX",2025-02-07T00:00:00,Jake Hoffman,S,S4
00010,        CIN2,2354181,1.0,N,HP1432AT,HP1432AT,HP1432AT-PL,HYDROSIZE HP-1432AT,,COL,999,194193.6,,5520.0,2503.8306,108964.25,194193.6,85229.35,85229.35,,0.0,15.4401,138.0,10240,Moses Martinez,"Northrop (ATK) - Corinne, UT (Bldg M3)",United States,"Stars and Stripes Aerospace-Palestine,TX",2025-06-11T00:00:00,Jake Hoffman,S,S4
00010,        CIN2,2394564,1.0,N,HP1432AT,HP1432AT,HP1432AT-PL,HYDROSIZE HP-1432AT,,COB,999,1407.2,,40.0,18.1437,789.6,1407.2,617.6,617.6,,0.0,15.4401,1.0,10240,Samuel Hankins,"Stars and Stripes Aerospace-Palestine,TX",United States,"Stars and Stripes Aerospace-Palestine,TX",2025-04-14T00:00:00,Jake Hoffman,S,S4
00010,        CIN2,2520643,1.0,N,HP1432AT,HP1432AT,HP1432AT-PL,HYDROSIZE HP-1432AT,,COL,999,197008.0,,5600.0,2540.118,114588.88,197008.0,82419.12,82419.12,,0.0,14.7177,140.0,10240,Moses Martinez,"Northrop (ATK) - Corinne, UT (Bldg M3)",United States,ATK - Global Parent,2025-12-09T00:00:00,Jake Hoffman,S,S4
00010,        CIN2,1907443,1.0,N,HP1432AT,HP1432AT,HP1432AT-PL,HYDROSIZE HP-1432AT,,COL,999,15188.8,,440.0,199.58069999999998,8077.43,15188.8,7111.37,7111.37,,0.0,16.1622,11.0,10240,Moses Martinez,"Northrop (ATK) - Corinne, UT (Bldg M3)",United States,ATK - Global Parent,2023-09-26T00:00:00,Jake Hoffman,S,S4
00010,        CIN2,1781013,1.0,N,HP1432AT,HP1432AT,HP1432AT-PL,HYDROSIZE HP-1432AT,,COL,999,41424.0,,1200.0,544.3109999999999,41023.56,41424.0,400.44,400.44,,0.0,0.3337,30.0,10240,Moses Martinez,"Northrop (ATK) - Corinne, UT (Bldg M3)",United States,ATK - Global Parent,2023-03-07T00:00:00,Jake Hoffman,S,S4
00010,        CIN2,1781032,1.0,N,HP1432AT,HP1432AT,HP1432AT-PL,HYDROSIZE HP-1432AT,,COL,999,41424.0,,1200.0,544.3109999999999,41023.56,41424.0,400.44,400.44,,0.0,0.3337,30.0,10240,Moses Martinez,"Northrop (ATK) - Corinne, UT (Bldg M3)",United States,ATK - Global Parent,2023-03-07T00:00:00,Jake Hoffman,S,S4
00010,        CIN2,1781033,1.0,N,HP1432AT,HP1432AT,HP1432AT-PL,HYDROSIZE HP-1432AT,,COL,999,67659.2,,1960.0,889.0413,67005.15,67659.2,654.05,654.05,,0.0,0.3337,49.0,10240,Moses Martinez,"Northrop (ATK) - Corinne, UT (Bldg M3)",United States,ATK - Global Parent,2023-03-13T00:00:00,Jake Hoffman,S,S4
00010,        CIN2,1789250,1.0,N,U701,U701,U701-OP,HYDROSIZE U7-01,,COL,999,52920.0,,7200.0,3265.8656,14940.0,52920.0,37980.0,37980.0,,0.0,5.275,16.0,10240,Samuel Hankins,"Johns Manville - Waterville, OH(River)",United States,Johns Manville - Global Parent,2023-03-23T00:00:00,.,S,S4
00010,        CIN2,1817300,1.0,N,HP1432AT,HP1432AT,HP1432AT-PL,HYDROSIZE HP-1432AT,,COL,999,82848.0,,2400.0,1088.6219999999998,82047.12,82848.0,800.88,800.88,,0.0,0.3337,60.0,10240,Moses Martinez,"Northrop (ATK) - Corinne, UT (Bldg M3)",United States,ATK - Global Parent,2023-03-09T00:00:00,Jake Hoffman,S,S4
00010,        CIN2,1830598,1.0,N,HP1432AT,HP1432AT,HP1432AT-PL,HYDROSIZE HP-1432AT,,COL,999,111844.8,,3240.0,1469.6397,75608.32,111844.8,36236.48,36236.48,,0.0,11.1841,81.0,10240,Moses Martinez,"Northrop (ATK) - Corinne, UT (Bldg M3)",United States,ATK - Global Parent,2023-04-17T00:00:00,Jake Hoffman,S,S4
00010,        CIN2,1847836,1.0,N,U701,U701,U701-OP,HYDROSIZE U7-01,,COL,999,29767.5,,4050.0,1837.0494,8403.75,29767.5,21363.75,21363.75,,0.0,5.275,9.0,10240,Samuel Hankins,"Johns Manville - Waterville, OH(River)",United States,Johns Manville - Global Parent,2023-06-06T00:00:00,.,S,S4
00010,        CIN2,1866171,1.0,N,U701,U701,U701-OP,HYDROSIZE U7-01,,COL,999,9922.5,,1350.0,612.3498,2801.25,9922.5,7121.25,7121.25,,0.0,5.275,3.0,10240,Samuel Hankins,"Johns Manville - Waterville, OH(River)",United States,Johns Manville - Global Parent,2023-05-17T00:00:00,.,S,S4
00010,        CIN2,1971016,1.0,N,U701,U701,U701-OP,HYDROSIZE U7-01,,COL,999,19845.0,,2700.0,1224.6996,6698.7,19845.0,13146.3,13146.3,,0.0,4.869,6.0,10240,Samuel Hankins,"Johns Manville - Waterville, OH(River)",United States,Johns Manville - Global Parent,2023-11-29T00:00:00,.,S,S4
00010,        CIN2,1976968,1.0,N,HP1432AT,HP1432AT,HP1432AT-PL,HYDROSIZE HP-1432AT,,PPB,999,15479.2,,440.0,199.58069999999998,8227.47,15479.2,7251.73,7251.73,,0.0,16.4812,11.0,10240,Moses Martinez,"Northrop (ATK) - Corinne, UT (Bldg M3)",United States,ATK - Global Parent,2023-10-09T00:00:00,Jake Hoffman,S,S4
00010,        CIN2,1176979,1.0,N,MDU20,MDU20,MDU20-T2,MICHEM DISPERSION URETHANE 20,,COL,999,30448.0,,8800.0,3991.6132,8078.4,30448.0,22369.6,22369.6,,0.0,2.542,4.0,10220,Abbie Wootton,"Monarch Color - Adv Bonded, Charlotte,NC",United States,Monarch Color - Global Parent,2020-09-14T00:00:00,Norman Seung,S,S4
00010,        CIN2,1088283,1.0,N,MDU4075,MDU4075.E,MDU4075.E-PL,MICHEM DISP. URETHANE 4075,,PPA,999,473.02,,79.3664,36.0,325.68,473.02,147.34,147.34,,0.0,4.0929,2.0,10220,Tammy Patton,"Syensqo Fluorides - Cincinnati, Ohio",United States,Syensqo - Global Parent,2020-03-20T00:00:00,.,S,S4
00010,        CIN2,1219821,1.0,N,MDU4075B,MDU4075B.E,MDU4075B.E-OP,MICHEM DISP. URETHANE 4075B,,PPA,999,4626.0,,1800.0,816.4664,4425.67,4626.0,200.33,200.33,,0.0,0.2455,4.0,10220,Tammy Patton,"CrystaLac Store, Inc - Mountain City, TN",United States,"CrystaLac Store, Inc - Mountain City, TN",2020-12-04T00:00:00,Marcos Pedreira,S,S4
00010,        CIN2,1222376,1.0,N,MDU4075B,MDU4075B.E,MDU4075B.E-OP,MICHEM DISP. URETHANE 4075B,,PPA,999,1834.97,,1644.0315078800002,745.7278,1834.97,1834.97,0.0,0.0,,0.0,0.0,745.7278,10220,Tammy Patton,"CrystaLac Store, Inc - Mountain City, TN",United States,"CrystaLac Store, Inc - Mountain City, TN",2020-11-23T00:00:00,Marcos Pedreira,S,S4
00010,        CIN2,1225647,1.0,N,MDU4075B,MDU4075B.E,MDU4075B.E-OP,MICHEM DISP. URETHANE 4075B,,PPA,999,4626.0,,1800.0,816.4664,1631.69,4626.0,2994.31,2994.31,,0.0,3.6695,4.0,10220,Tammy Patton,"CrystaLac Store, Inc - Mountain City, TN",United States,"CrystaLac Store, Inc - Mountain City, TN",2021-02-10T00:00:00,Marcos Pedreira,S,S4
00010,        CIN2,1323952,1.0,N,MDU4075B,MDU4075B.E,MDU4075B.E-OP,MICHEM DISP. URETHANE 4075B,,COL,999,6939.0,,2700.0,1224.6996,2264.54,6939.0,4674.46,4674.46,,0.0,3.819,6.0,10220,Tammy Patton,"CrystaLac Store, Inc - Mountain City, TN",United States,"CrystaLac Store, Inc - Mountain City, TN",2021-04-27T00:00:00,Marcos Pedreira,S,S4
00010,        CIN2,1365314,1.0,N,MDU4075B,MDU4075B.E,MDU4075B.E-OP,MICHEM DISP. URETHANE 4075B,,COL,999,10836.0,,3600.0,1632.9328,4571.89,10836.0,6264.11,6264.11,,0.0,3.8383,8.0,10220,Tammy Patton,"CrystaLac Store, Inc - Mountain City, TN",United States,"CrystaLac Store, Inc - Mountain City, TN",2021-07-01T00:00:00,Marcos Pedreira,S,S4
00010,        CIN2,1058805,1.0,N,MDU20,MDU20,MDU20-T2,MICHEM DISPERSION URETHANE 20,,PPA,999,53284.0,,15400.0,6985.3231,24042.48,53284.0,29241.52,29241.52,,0.0,1.8988,7.0,10220,Abbie Wootton,"Monarch Color - Adv Bonded, Charlotte,NC",United States,Monarch Color - Global Parent,2020-02-18T00:00:00,Norman Seung,S,S4
00010,        CIN2,1101915,1.0,N,U201,U201,U201-T2,HYDROSIZE U2-01,,COL,999,11220.0,,4400.0,1995.8066,1657.92,11220.0,9562.08,9562.08,,0.0,2.1732,2.0,10220,Bryan Fuka,Advanced Polymer Technology- Evans Ci PA,United States,Advanced Polymer Tech. -- Global Parent,2020-04-07T00:00:00,Norman Seung,S,S4
00010,        CIN2,1106025,1.0,N,U201,U201,U201-T2,HYDROSIZE U2-01,,COL,999,16830.0,,6600.0,2993.7099,2486.88,16830.0,14343.12,14343.12,,0.0,2.1732,3.0,10220,Bryan Fuka,Advanced Polymer Technology- Evans Ci PA,United States,Advanced Polymer Tech. -- Global Parent,2020-04-20T00:00:00,Norman Seung,S,S4
00010,        CIN2,1114789,1.0,N,U201,U201,U201-T2,HYDROSIZE U2-01,,COL,999,11220.0,,4400.0,1995.8066,1657.92,11220.0,9562.08,9562.08,,0.0,2.1732,2.0,10220,Bryan Fuka,Advanced Polymer Technology- Evans Ci PA,United States,Advanced Polymer Tech. -- Global Parent,2020-04-28T00:00:00,Norman Seung,S,S4
00010,        CIN2,1116473,1.0,N,U201,U201,U201-T2,HYDROSIZE U2-01,,COL,999,11220.0,,4400.0,1995.8066,1657.92,11220.0,9562.08,9562.08,,0.0,2.1732,2.0,10220,Bryan Fuka,Advanced Polymer Technology- Evans Ci PA,United States,Advanced Polymer Tech. -- Global Parent,2020-05-05T00:00:00,Norman Seung,S,S4
00010,        CIN2,1120153,1.0,N,MDU4075,MDU4075.E,MDU4075.E-OP,MICHEM DISP. URETHANE 4075,,PPA,999,4626.0,,1800.0,816.4664,1561.5,4626.0,3064.5,3064.5,,0.0,1.7025,4.0,10220,Tammy Patton,"CrystaLac Store, Inc - Mountain City, TN",United States,"CrystaLac Store, Inc - Mountain City, TN",2020-05-29T00:00:00,.,S,S4
00010,        CIN2,1124890,1.0,N,U201,U201,U201-T2,HYDROSIZE U2-01,,COL,999,11220.0,,4400.0,1995.8066,1657.92,11220.0,9562.08,9562.08,,0.0,2.1732,2.0,10220,Bryan Fuka,Advanced Polymer Technology- Evans Ci PA,United States,Advanced Polymer Tech. -- Global Parent,2020-05-22T00:00:00,Norman Seung,S,S4
00010,        CIN2,1126025,1.0,N,U201,U201,U201-T2,HYDROSIZE U2-01,,COL,999,16830.0,,6600.0,2993.7099,2486.88,16830.0,14343.12,14343.12,,0.0,2.1732,3.0,10220,Bryan Fuka,Advanced Polymer Technology- Evans Ci PA,United States,Advanced Polymer Tech. -- Global Parent,2020-05-22T00:00:00,Norman Seung,S,S4
00010,        CIN2,1129404,1.0,N,U201,U201,U201-T2,HYDROSIZE U2-01,,COL,999,11220.0,,4400.0,1995.8066,1657.92,11220.0,9562.08,9562.08,,0.0,2.1732,2.0,10220,Bryan Fuka,Advanced Polymer Technology- Evans Ci PA,United States,Advanced Polymer Tech. -- Global Parent,2020-05-28T00:00:00,Norman Seung,S,S4
00010,        CIN2,1133720,1.0,N,APT10,APT10,APT10-T2,ADVANCED POLYMER TECHNOLOGY 10,,PPD,999,92664.0,,39600.0,17962.2594,19396.08,92664.0,73267.92,73267.92,,0.0,1.8502,18.0,10220,Bryan Fuka,Advanced Polymer Technology- Evans Ci PA,United States,Advanced Polymer Tech. -- Global Parent,2020-06-12T00:00:00,Chris Vogt,S,S4
00010,        CIN2,1160224,1.0,N,U201,U201,U201-T2,HYDROSIZE U2-01,,COL,999,11220.0,,4400.0,1995.8066,343.2,11220.0,10876.8,10876.8,,0.0,2.472,2.0,10220,Bryan Fuka,Advanced Polymer Technology- Evans Ci PA,United States,Advanced Polymer Tech. -- Global Parent,2020-07-28T00:00:00,Norman Seung,S,S4
00010,        CIN2,1165616,1.0,N,U201,U201,U201-OP,HYDROSIZE U2-01,,PPA,999,1921.5,,450.0,204.1166,936.36,1921.5,985.14,985.14,,0.0,2.1892,1.0,10220,Tammy Patton,"Key Polymer - Lawrence, MA",United States,"Key Polymer - Lawrence, MA",2020-08-14T00:00:00,Norman Seung,S,S4
00010,        CIN2,1218106,1.0,N,MDU20,MDU20,MDU20-T2,MICHEM DISPERSION URETHANE 20,,PPA,999,45672.0,,13200.0,5987.4198,12117.6,45672.0,33554.4,33554.4,,0.0,2.542,6.0,10220,Abbie Wootton,"Monarch Color - Adv Bonded, Charlotte,NC",United States,Monarch Color - Global Parent,2020-11-23T00:00:00,Norman Seung,S,S4
00010,        CIN2,1226244,1.0,N,MDU20,MDU20,MDU20-T2,MICHEM DISPERSION URETHANE 20,,PPA,999,15224.0,,4400.0,1995.8066,4039.2,15224.0,11184.8,11184.8,,0.0,2.542,2.0,10220,Abbie Wootton,"Monarch Color - Adv Bonded, Charlotte,NC",United States,Monarch Color - Global Parent,2020-12-17T00:00:00,Norman Seung,S,S4
00010,        CIN2,1237776,1.0,N,MDU20,MDU20,MDU20-T2,MICHEM DISPERSION URETHANE 20,,PPA,999,15224.0,,4400.0,1995.8066,4039.2,15224.0,11184.8,11184.8,,0.0,2.542,2.0,10220,Abbie Wootton,"Monarch Color - Adv Bonded, Charlotte,NC",United States,Monarch Color - Global Parent,2021-01-11T00:00:00,Norman Seung,S,S4
00010,        CIN2,1245361,1.0,N,U201,U201,U201-OP,HYDROSIZE U2-01,,PPA,999,3843.0,,900.0,408.2332,3805.2,3843.0,37.8,37.8,,0.0,0.042,2.0,10220,Tammy Patton,"Key Polymer - Lawrence, MA",United States,"Key Polymer - Lawrence, MA",2021-01-21T00:00:00,Norman Seung,S,S4
00010,        CIN2,1250335,1.0,N,MDU20,MDU20,MDU20-T2,MICHEM DISPERSION URETHANE 20,,PPA,999,15224.0,,4400.0,1995.8066,4039.2,15224.0,11184.8,11184.8,,0.0,2.542,2.0,10220,Abbie Wootton,"Monarch Color - Charlotte, NC (SalemCh)",United States,Monarch Color - Global Parent,2020-12-17T00:00:00,Norman Seung,S,S4
00010,        CIN2,1262483,1.0,N,MDU20,MDU20,MDU20-T2,MICHEM DISPERSION URETHANE 20,,PPA,999,53284.0,,15400.0,6985.3231,12107.48,53284.0,41176.52,41176.52,,0.0,2.6738,7.0,10220,Abbie Wootton,"Monarch Color - Adv Bonded, Charlotte,NC",United States,Monarch Color - Global Parent,2021-02-23T00:00:00,Norman Seung,S,S4
00010,        CIN2,1298851,1.0,N,U201,U201,U201-T2,HYDROSIZE U2-01,,COL,999,11220.0,,4400.0,1995.8066,44.44,11220.0,11175.56,11175.56,,0.0,2.5399,2.0,10220,Bryan Fuka,Advanced Polymer Technology- Evans Ci PA,United States,Advanced Polymer Tech. -- Global Parent,2021-03-09T00:00:00,Norman Seung,S,S4
00010,        CIN2,1308309,1.0,N,MDU20,MDU20,MDU20-T2,MICHEM DISPERSION URETHANE 20,,PPA,999,45672.0,,13200.0,5987.4198,9213.6,45672.0,36458.4,36458.4,,0.0,2.762,6.0,10220,Abbie Wootton,"Monarch Col-Chaski Cour.,Charlotte,N-BUD",United States,Monarch Color - Global Parent,2021-04-30T00:00:00,Norman Seung,S,S4
00010,        CIN2,1329240,1.0,N,MDU20,MDU20,MDU20-T2,MICHEM DISPERSION URETHANE 20,,PPA,999,55902.0,,15400.0,6985.3231,13367.2,55902.0,42534.8,42534.8,,0.0,2.762,7.0,10220,Abbie Wootton,"Monarch Col-Chaski Cour.,Charlotte,N-BUD",United States,Monarch Color - Global Parent,2021-05-11T00:00:00,Norman Seung,S,S4
00010,        CIN2,1339061,1.0,N,U201,U201,U201-T2,HYDROSIZE U2-01,,COL,999,11792.0,,4400.0,1995.8066,827.2,11792.0,10964.8,10964.8,,0.0,2.492,2.0,10220,Bryan Fuka,Advanced Polymer Technology- Evans Ci PA,United States,Advanced Polymer Tech. -- Global Parent,2021-05-14T00:00:00,Norman Seung,S,S4
00010,        CIN2,1343367,1.0,N,APT10,APT10,APT10-T2,ADVANCED POLYMER TECHNOLOGY 10,,PPD,999,10824.0,,4400.0,1995.8066,1183.16,10824.0,9640.84,9640.84,,0.0,2.1911,2.0,10220,Bryan Fuka,Advanced Polymer Technology- Evans Ci PA,United States,Advanced Polymer Tech. -- Global Parent,2021-05-18T00:00:00,Chris Vogt,S,S4
00010,        CIN2,1092943,1.0,N,U201,U201,U201-T2,HYDROSIZE U2-01,,COL,999,5610.0,,2200.0,997.9033,828.96,5610.0,4781.04,4781.04,,0.0,2.1732,1.0,10220,Bryan Fuka,Advanced Polymer Technology- Evans Ci PA,United States,Advanced Polymer Tech. -- Global Parent,2020-03-30T00:00:00,Norman Seung,S,S4
00010,        CIN2,1120948,1.0,N,U201,U201,U201-T2,HYDROSIZE U2-01,,COL,999,5610.0,,2200.0,997.9033,828.96,5610.0,4781.04,4781.04,,0.0,2.1732,1.0,10220,Bryan Fuka,Advanced Polymer Technology- Evans Ci PA,United States,Advanced Polymer Tech. -- Global Parent,2020-05-21T00:00:00,Norman Seung,S,S4
00010,        CIN2,1140373,1.0,N,U201,U201,U201-T2,HYDROSIZE U2-01,,COL,999,11220.0,,4400.0,1995.8066,343.2,11220.0,10876.8,10876.8,,0.0,2.472,2.0,10220,Bryan Fuka,Advanced Polymer Technology- Evans Ci PA,United States,Advanced Polymer Tech. -- Global Parent,2020-06-25T00:00:00,Norman Seung,S,S4
00010,        CIN2,1192905,1.0,N,U201,U201,U201-T2,HYDROSIZE U2-01,,COL,999,11220.0,,4400.0,1995.8066,343.2,11220.0,10876.8,10876.8,,0.0,2.472,2.0,10220,Bryan Fuka,Advanced Polymer Technology- Evans Ci PA,United States,Advanced Polymer Tech. -- Global Parent,2020-09-14T00:00:00,Norman Seung,S,S4
00010,        CIN2,1225645,1.0,N,MDU4075B,MDU4075B.E,MDU4075B.E-OP,MICHEM DISP. URETHANE 4075B,,PPA,999,6939.0,,2700.0,1224.6996,6638.39,6939.0,300.61,300.61,,0.0,0.2456,6.0,10220,Tammy Patton,"CrystaLac Store, Inc - Mountain City, TN",United States,"CrystaLac Store, Inc - Mountain City, TN",2020-12-09T00:00:00,Marcos Pedreira,S,S4
00010,        CIN2,1225646,1.0,N,MDU4075B,MDU4075B.E,MDU4075B.E-OP,MICHEM DISP. URETHANE 4075B,,PPA,999,4626.0,,1800.0,816.4664,1356.04,4626.0,3269.96,3269.96,,0.0,4.0073,4.0,10220,Tammy Patton,"CrystaLac Store, Inc - Mountain City, TN",United States,"CrystaLac Store, Inc - Mountain City, TN",2021-01-12T00:00:00,Marcos Pedreira,S,S4
00010,        CIN2,1323954,1.0,N,MDU4075B,MDU4075B.E,MDU4075B.E-OP,MICHEM DISP. URETHANE 4075B,,PPA,999,6939.0,,2700.0,1224.6996,2264.54,6939.0,4674.46,4674.46,,0.0,3.819,6.0,10220,Tammy Patton,"CrystaLac Store, Inc - Mountain City, TN",United States,"CrystaLac Store, Inc - Mountain City, TN",2021-04-30T00:00:00,Marcos Pedreira,S,S4
00010,        CIN2,1068771,1.0,N,U201,U201,U201-T2,HYDROSIZE U2-01,,COL,999,11220.0,,4400.0,1995.8066,1657.92,11220.0,9562.08,9562.08,,0.0,2.1732,2.0,10220,Bryan Fuka,Advanced Polymer Technology- Evans Ci PA,United States,Advanced Polymer Tech. -- Global Parent,2020-01-30T00:00:00,Norman Seung,S,S4
00010,        CIN2,1073558,1.0,N,MDU4075,MDU4075.E,MDU4075.E-OP,MICHEM DISP. URETHANE 4075,,PPA,999,2664.0,,900.0,408.2332,1131.75,2664.0,1532.25,1532.25,,0.0,1.7025,2.0,10220,Tammy Patton,"CrystaLac Store, Inc - Mountain City, TN",United States,"CrystaLac Store, Inc - Mountain City, TN",2020-02-13T00:00:00,.,S,S4
00010,        CIN2,1077128,1.0,N,U201,U201,U201-T2,HYDROSIZE U2-01,,COL,999,16830.0,,6600.0,2993.7099,2486.88,16830.0,14343.12,14343.12,,0.0,2.1732,3.0,10220,Bryan Fuka,Advanced Polymer Technology- Evans Ci PA,United States,Advanced Polymer Tech. -- Global Parent,2020-02-18T00:00:00,Norman Seung,S,S4
00010,        CIN2,1080880,1.0,N,MDU20,MDU20,MDU20-T2,MICHEM DISPERSION URETHANE 20,,PPA,999,38060.0,,11000.0,4989.5165,17173.2,38060.0,20886.8,20886.8,,0.0,1.8988,5.0,10220,Abbie Wootton,"Monarch Color - Adv Bonded, Charlotte,NC",United States,Monarch Color - Global Parent,2020-02-20T00:00:00,Norman Seung,S,S4
00010,        CIN2,1083908,1.0,N,U201,U201,U201-T2,HYDROSIZE U2-01,,COL,999,11220.0,,4400.0,1995.8066,1657.92,11220.0,9562.08,9562.08,,0.0,2.1732,2.0,10220,Bryan Fuka,Advanced Polymer Technology- Evans Ci PA,United States,Advanced Polymer Tech. -- Global Parent,2020-02-26T00:00:00,Norman Seung,S,S4
00010,        CIN2,1091265,1.0,N,U201,U201,U201-T2,HYDROSIZE U2-01,,COL,999,16830.0,,6600.0,2993.7099,2486.88,16830.0,14343.12,14343.12,,0.0,2.1732,3.0,10220,Bryan Fuka,Advanced Polymer Technology- Evans Ci PA,United States,Advanced Polymer Tech. -- Global Parent,2020-03-11T00:00:00,Norman Seung,S,S4
00010,        CIN2,1102860,1.0,N,MDU20,MDU20,MDU20-T2,MICHEM DISPERSION URETHANE 20,,PPA,999,53284.0,,15400.0,6985.3231,15400.0,53284.0,37884.0,37884.0,,0.0,2.46,7.0,10220,Abbie Wootton,"Monarch Color - Adv Bonded, Charlotte,NC",United States,Monarch Color - Global Parent,2020-04-09T00:00:00,Norman Seung,S,S4
00010,        CIN2,1132589,1.0,N,U201,U201,U201-T2,HYDROSIZE U2-01,,COL,999,16830.0,,6600.0,2993.7099,2486.88,16830.0,14343.12,14343.12,,0.0,2.1732,3.0,10220,Bryan Fuka,Advanced Polymer Technology- Evans Ci PA,United States,Advanced Polymer Tech. -- Global Parent,2020-06-08T00:00:00,Norman Seung,S,S4
00010,        CIN2,1133691,1.0,N,MDU4075,MDU4075.E,MDU4075.E-OP,MICHEM DISP. URETHANE 4075,,PPA,999,4626.0,,1800.0,816.4664,1561.5,4626.0,3064.5,3064.5,,0.0,1.7025,4.0,10220,Tammy Patton,"CrystaLac Store, Inc - Mountain City, TN",United States,"CrystaLac Store, Inc - Mountain City, TN",2020-06-29T00:00:00,.,S,S4
00010,        CIN2,1157400,1.0,N,APT10,APT10,APT10-T2,ADVANCED POLYMER TECHNOLOGY 10,,PPD,999,87516.0,,37400.0,16964.356099999997,7450.08,87516.0,80065.92,80065.92,,0.0,2.1408,17.0,10220,Bryan Fuka,Advanced Polymer Technology- Evans Ci PA,United States,Advanced Polymer Tech. -- Global Parent,2020-07-21T00:00:00,Chris Vogt,S,S4
00010,        CIN2,1173515,1.0,N,U201,U201,U201-T2,HYDROSIZE U2-01,,COL,999,11220.0,,4400.0,1995.8066,343.2,11220.0,10876.8,10876.8,,0.0,2.472,2.0,10220,Bryan Fuka,Advanced Polymer Technology- Evans Ci PA,United States,Advanced Polymer Tech. -- Global Parent,2020-08-21T00:00:00,Norman Seung,S,S4
00010,        CIN2,1200111,1.0,N,MDU20,MDU20,MDU20-T2,MICHEM DISPERSION URETHANE 20,,PPA,999,53284.0,,15400.0,6985.3231,14137.2,53284.0,39146.8,39146.8,,0.0,2.542,7.0,10220,Abbie Wootton,"Monarch Color - Adv Bonded, Charlotte,NC",United States,Monarch Color - Global Parent,2020-10-12T00:00:00,Norman Seung,S,S4
00010,        CIN2,1216406,1.0,N,U201,U201,U201-T2,HYDROSIZE U2-01,,COL,999,11220.0,,4400.0,1995.8066,607.2,11220.0,10612.8,10612.8,,0.0,2.412,2.0,10220,Bryan Fuka,Advanced Polymer Technology- Evans Ci PA,United States,Advanced Polymer Tech. -- Global Parent,2020-10-22T00:00:00,Norman Seung,S,S4
00010,        CIN2,1247066,1.0,N,MDU20,MDU20,MDU20-T2,MICHEM DISPERSION URETHANE 20,,PPA,999,22836.0,,6600.0,2993.7099,5188.92,22836.0,17647.08,17647.08,,0.0,2.6738,3.0,10220,Abbie Wootton,"Monarch Color - Adv Bonded, Charlotte,NC",United States,Monarch Color - Global Parent,2021-02-01T00:00:00,Norman Seung,S,S4
00010,        CIN2,1264404,1.0,N,U201,U201,U201-T2,HYDROSIZE U2-01,,COL,999,11220.0,,4400.0,1995.8066,607.2,11220.0,10612.8,10612.8,,0.0,2.412,2.0,10220,Bryan Fuka,Advanced Polymer Technology- Evans Ci PA,United States,Advanced Polymer Tech. -- Global Parent,2021-01-18T00:00:00,Norman Seung,S,S4
00010,        CIN2,1295935,1.0,N,MDU20,MDU20,MDU20-T2,MICHEM DISPERSION URETHANE 20,,PPA,999,53284.0,,15400.0,6985.3231,10749.2,53284.0,42534.8,42534.8,,0.0,2.762,7.0,10220,Abbie Wootton,"Monarch Col-Chaski Cour.,Charlotte,N-BUD",United States,Monarch Color - Global Parent,2021-04-07T00:00:00,Norman Seung,S,S4
00010,        CIN2,1295936,1.0,N,MDU20,MDU20,MDU20-T2,MICHEM DISPERSION URETHANE 20,,PPA,999,38060.0,,11000.0,4989.5165,7678.0,38060.0,30382.0,30382.0,,0.0,2.762,5.0,10220,Abbie Wootton,"Monarch Col-Chaski Cour.,Charlotte,N-BUD",United States,Monarch Color - Global Parent,2021-04-22T00:00:00,Norman Seung,S,S4
00010,        CIN2,1302014,1.0,N,U201,U201,U201-T2,HYDROSIZE U2-01,,COL,999,11220.0,,4400.0,1995.8066,44.44,11220.0,11175.56,11175.56,,0.0,2.5399,2.0,10220,Bryan Fuka,Advanced Polymer Technology- Evans Ci PA,United States,Advanced Polymer Tech. -- Global Parent,2021-03-15T00:00:00,Norman Seung,S,S4
00010,        CIN2,1304547,1.0,N,U201,U201,U201-T2,HYDROSIZE U2-01,,COL,999,11220.0,,4400.0,1995.8066,44.44,11220.0,11175.56,11175.56,,0.0,2.5399,2.0,10220,Bryan Fuka,Advanced Polymer Technology- Evans Ci PA,United States,Advanced Polymer Tech. -- Global Parent,2021-03-24T00:00:00,Norman Seung,S,S4
00010,        CIN2,1058396,1.0,N,MDU4075,MDU4075.E,MDU4075.E-OP,MICHEM DISP. URETHANE 4075,,PPA,999,1332.0,,450.0,204.1166,565.87,1332.0,766.13,766.13,,0.0,1.7025,1.0,10220,Tammy Patton,"CrystaLac Store, Inc - Mountain City, TN",United States,"CrystaLac Store, Inc - Mountain City, TN",2020-01-15T00:00:00,.,S,S4
00010,        CIN2,1067200,1.0,N,MDU4075,MDU4075.E,MDU4075.E-OP,MICHEM DISP. URETHANE 4075,,PPA,999,1332.0,,450.0,204.1166,565.87,1332.0,766.13,766.13,,0.0,1.7025,1.0,10220,Tammy Patton,"CrystaLac Store, Inc - Mountain City, TN",United States,"CrystaLac Store, Inc - Mountain City, TN",2020-01-30T00:00:00,.,S,S4
00010,        CIN2,1187797,1.0,N,U201,U201,U201-T2,HYDROSIZE U2-01,,COL,999,5610.0,,2200.0,997.9033,171.6,5610.0,5438.4,5438.4,,0.0,2.472,1.0,10220,Bryan Fuka,Advanced Polymer Technology- Evans Ci PA,United States,Advanced Polymer Tech. -- Global Parent,2020-09-10T00:00:00,Norman Seung,S,S4
00010,        CIN2,1196112,1.0,N,U201,U201,U201-T2,HYDROSIZE U2-01,,COL,999,5610.0,,2200.0,997.9033,303.6,5610.0,5306.4,5306.4,,0.0,2.412,1.0,10220,Bryan Fuka,Advanced Polymer Technology- Evans Ci PA,United States,Advanced Polymer Tech. -- Global Parent,2020-09-28T00:00:00,Norman Seung,S,S4
00010,        CIN2,1229965,1.0,N,U201,U201,U201-T2,HYDROSIZE U2-01,,COL,999,5610.0,,2200.0,997.9033,303.6,5610.0,5306.4,5306.4,,0.0,2.412,1.0,10220,Bryan Fuka,Advanced Polymer Technology- Evans Ci PA,United States,Advanced Polymer Tech. -- Global Parent,2020-11-18T00:00:00,Norman Seung,S,S4
00010,        CIN2,1278282,1.0,N,U201,U201,U201-T2,HYDROSIZE U2-01,,COL,999,5610.0,,2200.0,997.9033,165.88,5610.0,5444.12,5444.12,,0.0,2.4746,1.0,10220,Bryan Fuka,Advanced Polymer Technology- Evans Ci PA,United States,Advanced Polymer Tech. -- Global Parent,2021-02-24T00:00:00,Norman Seung,S,S4
00010,        CIN2,1337761,1.0,N,U201,U201,U201-T2,HYDROSIZE U2-01,,COL,999,5896.0,,2200.0,997.9033,413.6,5896.0,5482.4,5482.4,,0.0,2.492,1.0,10220,Bryan Fuka,Advanced Polymer Technology- Evans Ci PA,United States,Advanced Polymer Tech. -- Global Parent,2021-05-14T00:00:00,Norman Seung,S,S4
00010,        CIN2,1135918,1.0,N,APT10,APT10,APT10,ADVANCED POLYMER TECHNOLOGY 10,,PPD,999,102212.0,,44440.0,20157.984,23762.07,102212.0,78449.93,78449.93,,0.0,1.7653,44440.0,10220,Bryan Fuka,Advanced Polymer Technology- Evans Ci PA,United States,Advanced Polymer Tech. -- Global Parent,2020-06-15T00:00:00,Chris Vogt,S,S4
00010,        CIN2,1152313,1.0,N,APT10,APT10,APT10,ADVANCED POLYMER TECHNOLOGY 10,,PPD,999,95818.0,,41660.0,18896.976,10169.21,95818.0,85648.79,85648.79,,0.0,2.0559,41660.0,10220,Bryan Fuka,Advanced Polymer Technology- Evans Ci PA,United States,Advanced Polymer Tech. -- Global Parent,2020-07-20T00:00:00,Chris Vogt,S,S4
00010,        CIN2,1096358,1.0,N,APT10,APT10,APT10,ADVANCED POLYMER TECHNOLOGY 10,,PPD,999,102810.0,,44700.0,20275.920000000002,29904.3,102810.0,72905.7,72905.7,,0.0,1.631,44700.0,10220,Bryan Fuka,Advanced Polymer Technology- Evans Ci PA,United States,Advanced Polymer Tech. -- Global Parent,2020-04-16T00:00:00,Chris Vogt,S,S4
00010,        CIN2,1145564,1.0,N,APT10,APT10,APT10,ADVANCED POLYMER TECHNOLOGY 10,,PPD,999,103500.0,,45000.0,20412.0,24061.5,103500.0,79438.5,79438.5,,0.0,1.7653,45000.0,10220,Bryan Fuka,Advanced Polymer Technology- Evans Ci PA,United States,Advanced Polymer Tech. -- Global Parent,2020-06-29T00:00:00,Chris Vogt,S,S4
00010,        CIN2,1146209,1.0,N,APT10,APT10,APT10,ADVANCED POLYMER TECHNOLOGY 10,,PPD,999,57592.0,,25040.0,11358.144,6112.26,57592.0,51479.74,51479.74,,0.0,2.0559,25040.0,10220,Bryan Fuka,Advanced Polymer Technology- Evans Ci PA,United States,Advanced Polymer Tech. -- Global Parent,2020-07-06T00:00:00,Chris Vogt,S,S4
00010,        CIN2,1515591,1.0,N,APT10,APT10,APT10,ADVANCED POLYMER TECHNOLOGY 10,,PPD,999,146563.2,,43620.0,19786.032,45225.22,146563.2,101337.98,101337.98,,0.0,2.3232,43620.0,10220,Bryan Fuka,Advanced Polymer Technology- Evans Ci PA,United States,Advanced Polymer Tech. -- Global Parent,2022-02-10T00:00:00,Chris Vogt,S,S4
00010,        CIN2,1537185,1.0,N,APT10,APT10,APT10,ADVANCED POLYMER TECHNOLOGY 10,,PPD,999,138450.0,,35500.0,16102.8,30743.0,138450.0,107707.0,107707.0,,0.0,3.034,35500.0,10220,Bryan Fuka,Advanced Polymer Technology- Evans Ci PA,United States,Advanced Polymer Tech. -- Global Parent,2022-03-21T00:00:00,Chris Vogt,S,S4
00010,        CIN2,1400555,1.0,N,MDU4075B,MDU4075B.E,MDU4075B.E-OP,MICHEM DISP. URETHANE 4075B,,COL,999,10836.0,,3600.0,1632.9328,4527.34,10836.0,6308.66,6308.66,,0.0,3.8656,8.0,10220,Tammy Patton,"CrystaLac Store, Inc - Mountain City, TN",United States,"CrystaLac Store, Inc - Mountain City, TN",2021-08-26T00:00:00,Marcos Pedreira,S,S4
00010,        CIN2,1386664,1.0,N,APT10,APT10,APT10-T2,ADVANCED POLYMER TECHNOLOGY 10,,PPD,999,36960.0,,13200.0,5987.4198,7968.84,36960.0,28991.16,28991.16,,0.0,2.1963,6.0,10220,Bryan Fuka,Advanced Polymer Technology- Evans Ci PA,United States,Advanced Polymer Tech. -- Global Parent,2021-08-06T00:00:00,Chris Vogt,S,S4
00010,        CIN2,1391010,1.0,N,U201,U201,U201-T2,HYDROSIZE U2-01,,COL,999,12452.0,,4400.0,1995.8066,1487.2,12452.0,10964.8,10964.8,,0.0,2.492,2.0,10220,Bryan Fuka,Advanced Polymer Technology- Evans Ci PA,United States,Advanced Polymer Tech. -- Global Parent,2021-08-12T00:00:00,Norman Seung,S,S4
00010,        CIN2,1405774,1.0,N,U201,U201,U201-OP,HYDROSIZE U2-01,,PPA,999,4419.0,,900.0,408.2332,1870.2,4419.0,2548.8,2548.8,,0.0,2.832,2.0,10220,Tammy Patton,"Key Polymer - Lawrence, MA",United States,"Key Polymer - Lawrence, MA",2021-08-26T00:00:00,Norman Seung,S,S4
00010,        CIN2,1409238,1.0,N,APT10,APT10,APT10-T2,ADVANCED POLYMER TECHNOLOGY 10,,PPD,999,43120.0,,15400.0,6985.3231,6856.08,43120.0,36263.92,36263.92,,0.0,2.3548,7.0,10220,Bryan Fuka,Advanced Polymer Technology- Evans Ci PA,United States,Advanced Polymer Tech. -- Global Parent,2021-09-07T00:00:00,Chris Vogt,S,S4
00010,        CIN2,1434101,1.0,N,MDU4075B,MDU4075B.E,MDU4075B.E-PL,MICHEM DISP. URETHANE 4075B,,PPA,999,448.0,,70.0,31.7514,323.72,448.0,124.28,124.28,,0.0,1.7754,2.0,10220,Tammy Patton,"Syensqo Fluorides - Cincinnati, Ohio",United States,Syensqo - Global Parent,2021-10-18T00:00:00,Marcos Pedreira,S,S4
00010,        CIN2,1458256,1.0,N,APT10,APT10,APT10-T2,ADVANCED POLYMER TECHNOLOGY 10,,PPD,999,25696.0,,8800.0,3991.6132,4292.64,25696.0,21403.36,21403.36,,0.0,2.4322,4.0,10220,Bryan Fuka,Advanced Polymer Technology- Evans Ci PA,United States,Advanced Polymer Tech. -- Global Parent,2022-01-06T00:00:00,Chris Vogt,S,S4
00010,        CIN2,1458444,1.0,N,MDU20,MDU20,MDU20-T2,MICHEM DISPERSION URETHANE 20,,COL,999,55902.0,,15400.0,6985.3231,13367.2,55902.0,42534.8,42534.8,,0.0,2.762,7.0,10220,Abbie Wootton,"Monarch Col-Chaski Cour.,Charlotte,N-BUD",United States,Monarch Color - Global Parent,2021-11-09T00:00:00,Norman Seung,S,S4
00010,        CIN2,1459179,1.0,N,MDU20,MDU20,MDU20-T2,MICHEM DISPERSION URETHANE 20,,PPA,999,7986.0,,2200.0,997.9033,1909.6,7986.0,6076.4,6076.4,,0.0,2.762,1.0,10220,Abbie Wootton,"Monarch Col-Chaski Cour.,Charlotte,N-BUD",United States,Monarch Color - Global Parent,2022-01-04T00:00:00,Norman Seung,S,S4
00010,        CIN2,1479814,1.0,N,APT10,APT10,APT10-T2,ADVANCED POLYMER TECHNOLOGY 10,,PPD,999,25696.0,,8800.0,3991.6132,4292.64,25696.0,21403.36,21403.36,,0.0,2.4322,4.0,10220,Bryan Fuka,Advanced Polymer Technology- Evans Ci PA,United States,Advanced Polymer Tech. -- Global Parent,2021-12-06T00:00:00,Chris Vogt,S,S4
00010,        CIN2,1487726,1.0,N,U201,U201,U201-T2,HYDROSIZE U2-01,,COL,999,13420.0,,4400.0,1995.8066,1144.0,13420.0,12276.0,12276.0,,0.0,2.79,2.0,10220,Bryan Fuka,Advanced Polymer Technology- Evans Ci PA,United States,Advanced Polymer Tech. -- Global Parent,2022-01-12T00:00:00,Norman Seung,S,S4
00010,        CIN2,1492668,1.0,N,HP1632,HP1632,HP1632-PL,HYDROSIZE HP-1632,,COB,999,575.6,,40.0,18.1437,424.75,575.6,150.85,150.85,,0.0,3.7713,1.0,10220,Abbie Wootton,"ENEVATE Corp - Irvine,CA",United States,"ENEVATE Corp - Irvine,CA",2021-12-28T00:00:00,Roxana McMican,S,S4
00010,        CIN2,1505473,1.0,N,MDU20,MDU20,MDU20-T2,MICHEM DISPERSION URETHANE 20,,PPA,999,10318.0,,2200.0,997.9033,4184.62,10318.0,6133.38,6133.38,,0.0,2.7879,1.0,10220,Abbie Wootton,"Monarch Col-Chaski Cour.,Charlotte,N-BUD",United States,Monarch Color - Global Parent,2022-03-09T00:00:00,Norman Seung,S,S4
00010,        CIN2,1515479,1.0,N,U201,U201,U201-T2,HYDROSIZE U2-01,,COL,999,6710.0,,2200.0,997.9033,572.0,6710.0,6138.0,6138.0,,0.0,2.79,1.0,10220,Bryan Fuka,Advanced Polymer Technology- Evans Ci PA,United States,Advanced Polymer Tech. -- Global Parent,2022-02-08T00:00:00,Norman Seung,S,S4
00010,        CIN2,1515571,1.0,N,U201,U201,U201-T2,HYDROSIZE U2-01,,COL,999,13420.0,,4400.0,1995.8066,1144.0,13420.0,12276.0,12276.0,,0.0,2.79,2.0,10220,Bryan Fuka,Advanced Polymer Technology- Evans Ci PA,United States,Advanced Polymer Tech. -- Global Parent,2022-01-31T00:00:00,Norman Seung,S,S4
00010,        CIN2,1530002,1.0,N,U201,U201,U201-T2,HYDROSIZE U2-01,,COL,999,9240.0,,2200.0,997.9033,3102.0,9240.0,6138.0,6138.0,,0.0,2.79,1.0,10220,Bryan Fuka,Advanced Polymer Technology- Evans Ci PA,United States,Advanced Polymer Tech. -- Global Parent,2022-02-15T00:00:00,Norman Seung,S,S4
00010,        CIN2,1539262,1.0,N,MDU4075B,MDU4075B.E,MDU4075B.E-PL,MICHEM DISP. URETHANE 4075B,,PPA,999,452.2,,70.0,31.7514,376.4,452.2,75.8,75.8,,0.0,1.0829,2.0,10220,Tammy Patton,"Syensqo Fluorides - Cincinnati, Ohio",United States,Syensqo - Global Parent,2022-03-24T00:00:00,Marcos Pedreira,S,S4
00010,        CIN2,1543357,1.0,N,U201,U201,U201-T2,HYDROSIZE U2-01,,COL,999,18480.0,,4400.0,1995.8066,3735.6,18480.0,14744.4,14744.4,,0.0,3.351,2.0,10220,Bryan Fuka,Advanced Polymer Technology- Evans Ci PA,United States,Advanced Polymer Tech. -- Global Parent,2022-05-31T00:00:00,Norman Seung,S,S4
00010,        CIN2,1543359,1.0,N,U201,U201,U201-T2,HYDROSIZE U2-01,,COL,999,9240.0,,2200.0,997.9033,1966.8,9240.0,7273.2,7273.2,,0.0,3.306,1.0,10220,Bryan Fuka,Advanced Polymer Technology- Evans Ci PA,United States,Advanced Polymer Tech. -- Global Parent,2022-03-28T00:00:00,Norman Seung,S,S4
00010,        CIN2,1543360,1.0,N,U201,U201,U201-T2,HYDROSIZE U2-01,,COL,999,9240.0,,2200.0,997.9033,2057.0,9240.0,7183.0,7183.0,,0.0,3.265,1.0,10220,Bryan Fuka,Advanced Polymer Technology- Evans Ci PA,United States,Advanced Polymer Tech. -- Global Parent,2022-04-13T00:00:00,Norman Seung,S,S4
00010,        CIN2,1543361,1.0,N,U201,U201,U201-T2,HYDROSIZE U2-01,,COL,999,9240.0,,2200.0,997.9033,1161.6,9240.0,8078.4,8078.4,,0.0,3.672,1.0,10220,Bryan Fuka,Advanced Polymer Technology- Evans Ci PA,United States,Advanced Polymer Tech. -- Global Parent,2022-10-31T00:00:00,Norman Seung,S,S4
00010,        CIN2,1553398,1.0,N,APT10,APT10,APT10-T2,ADVANCED POLYMER TECHNOLOGY 10,,PPD,999,158400.0,,39600.0,17962.2594,38253.6,158400.0,120146.4,120146.4,,0.0,3.034,18.0,10220,Bryan Fuka,Advanced Polymer Technology- Evans Ci PA,United States,Advanced Polymer Tech. -- Global Parent,2022-04-13T00:00:00,Chris Vogt,S,S4
00010,        CIN2,1555099,1.0,N,MDU20,MDU20,MDU20-T2,MICHEM DISPERSION URETHANE 20,,PPA,999,82236.0,,15400.0,6985.3231,39302.34,82236.0,42933.66,42933.66,,0.0,2.7879,7.0,10220,Abbie Wootton,"Monarch Col-Chaski Cour.,Charlotte,N-BUD",United States,Monarch Color - Global Parent,2022-05-04T00:00:00,Norman Seung,S,S4
00010,        CIN2,1581611,1.0,N,MDU20,MDU20,MDU20-T2,MICHEM DISPERSION URETHANE 20,,PPA,999,11748.0,,2200.0,997.9033,5614.62,11748.0,6133.38,6133.38,,0.0,2.7879,1.0,10220,Abbie Wootton,"Monarch Col-Chaski Cour.,Charlotte,N-BUD",United States,Monarch Color - Global Parent,2022-05-09T00:00:00,Norman Seung,S,S4
00010,        CIN2,1589444,1.0,N,APT10,APT10,APT10-T2,ADVANCED POLYMER TECHNOLOGY 10,,PPD,999,8800.0,,2200.0,997.9033,2125.2,8800.0,6674.8,6674.8,,0.0,3.034,1.0,10220,Bryan Fuka,Advanced Polymer Technology- Evans Ci PA,United States,Advanced Polymer Tech. -- Global Parent,2022-05-20T00:00:00,Chris Vogt,S,S4
00010,        CIN2,1589480,1.0,N,MDU4075B,MDU4075B.E,MDU4075B.E-PL,MICHEM DISP. URETHANE 4075B,,PPA,999,1356.6,,210.0,95.2542,1120.85,1356.6,235.75,235.75,,0.0,1.1226,6.0,10220,Tammy Patton,"Syensqo Fluorides - Cincinnati, Ohio",United States,Syensqo - Global Parent,2022-06-08T00:00:00,Marcos Pedreira,S,S4
00010,        CIN2,1590248,1.0,N,MDU4075B,MDU4075B.E,MDU4075B.E-PL,MICHEM DISP. URETHANE 4075B,,PPA,999,452.2,,70.0,31.7514,373.62,452.2,78.58,78.58,,0.0,1.1226,2.0,10220,Tammy Patton,"Syensqo Fluorides - Cincinnati, Ohio",United States,Syensqo - Global Parent,2022-05-24T00:00:00,Marcos Pedreira,S,S4
00010,        CIN2,1600349,1.0,N,APT10,APT10,APT10-T2,ADVANCED POLYMER TECHNOLOGY 10,,PPD,999,17600.0,,4400.0,1995.8066,4250.4,17600.0,13349.6,13349.6,,0.0,3.034,2.0,10220,Bryan Fuka,Advanced Polymer Technology- Evans Ci PA,United States,Advanced Polymer Tech. -- Global Parent,2022-06-07T00:00:00,Chris Vogt,S,S4
00010,        CIN2,1611045,1.0,N,MDU4075B,MDU4075B.E,MDU4075B.E-PL,MICHEM DISP. URETHANE 4075B,,PPA,999,1381.8,,210.0,95.2542,1146.05,1381.8,235.75,235.75,,0.0,1.1226,6.0,10220,Tammy Patton,"Syensqo Fluorides - Cincinnati, Ohio",United States,Syensqo - Global Parent,2022-06-27T00:00:00,Marcos Pedreira,S,S4
00010,        CIN2,1621674,1.0,N,MDU20,MDU20,MDU20-T2,MICHEM DISPERSION URETHANE 20,,PPA,999,36234.0,,6600.0,2993.7099,12104.4,36234.0,24129.6,24129.6,,0.0,3.656,3.0,10220,Abbie Wootton,"Monarch Col-Chaski Cour.,Charlotte,N-BUD",United States,Monarch Color - Global Parent,2022-06-23T00:00:00,Norman Seung,S,S4
00010,        CIN2,1626983,1.0,N,APT10,APT10,APT10-T2,ADVANCED POLYMER TECHNOLOGY 10,,COL,999,35816.0,,8800.0,3991.6132,9116.8,35816.0,26699.2,26699.2,,0.0,3.034,4.0,10220,Bryan Fuka,Advanced Polymer Technology- Evans Ci PA,United States,Advanced Polymer Tech. -- Global Parent,2022-07-28T00:00:00,Chris Vogt,S,S4
00010,        CIN2,1638444,1.0,N,U201,U201,U201-T2,HYDROSIZE U2-01,,PPA,999,28424.0,,8800.0,3991.6132,-1064.8,28424.0,29488.8,29488.8,,0.0,3.351,4.0,10220,Brent Harris,"Ortec - Easley, SC (Pickens)",United States,"Ortec - Easley, SC (Pickens)",2022-07-14T00:00:00,Norman Seung,S,S4
00010,        CIN2,1638468,1.0,N,U201,U201,U201-T2,HYDROSIZE U2-01,,PPA,999,42636.0,,13200.0,5987.4198,-1597.2,42636.0,44233.2,44233.2,,0.0,3.351,6.0,10220,Brent Harris,"Ortec - Easley, SC (Pickens)",United States,"Ortec - Easley, SC (Pickens)",2022-07-14T00:00:00,Norman Seung,S,S4
00010,        CIN2,1640716,1.0,N,APT10,APT10,APT10-T2,ADVANCED POLYMER TECHNOLOGY 10,,COL,999,32670.0,,11000.0,4989.5165,-704.0,32670.0,33374.0,33374.0,,0.0,3.034,5.0,10220,Bryan Fuka,"Advanced Polymer Tech.-Zelienople,PA",United States,Advanced Polymer Tech. -- Global Parent,2022-08-01T00:00:00,Chris Vogt,S,S4
00010,        CIN2,1681736,1.0,N,MDU20,MDU20,MDU20-T2,MICHEM DISPERSION URETHANE 20,,PPA,999,48312.0,,8800.0,3991.6132,16139.2,48312.0,32172.8,32172.8,,0.0,3.656,4.0,10220,Abbie Wootton,"Monarch Col-Chaski Cour.,Charlotte,N-BUD",United States,Monarch Color - Global Parent,2022-09-09T00:00:00,Norman Seung,S,S4
00010,        CIN2,1737490,1.0,N,MDU20,MDU20,MDU20-T2,MICHEM DISPERSION URETHANE 20,,PPA,999,48312.0,,8800.0,3991.6132,16517.6,48312.0,31794.4,31794.4,,0.0,3.613,4.0,10220,Abbie Wootton,"Monarch Col-Chaski Cour.,Charlotte,N-BUD",United States,Monarch Color - Global Parent,2022-11-29T00:00:00,Norman Seung,S,S4
00010,        CIN2,1970888,1.0,N,U201,U201,U201-T2,HYDROSIZE U2-01,,COL,999,9020.0,,2200.0,997.9033,2200.0,9020.0,6820.0,6820.0,,0.0,3.1,1.0,10220,Bryan Fuka,Advanced Polymer Technology- Evans Ci PA,United States,Advanced Polymer Tech. -- Global Parent,2024-01-22T00:00:00,Norman Seung,S,S4
00010,        CIN2,1970904,1.0,N,U201,U201,U201-T2,HYDROSIZE U2-01,,COL,999,9020.0,,2200.0,997.9033,2200.0,9020.0,6820.0,6820.0,,0.0,3.1,1.0,10220,Bryan Fuka,Advanced Polymer Technology- Evans Ci PA,United States,Advanced Polymer Tech. -- Global Parent,2024-03-06T00:00:00,Norman Seung,S,S4
00010,        CIN2,1970905,1.0,N,U201,U201,U201-T2,HYDROSIZE U2-01,,COL,999,9020.0,,2200.0,997.9033,2200.0,9020.0,6820.0,6820.0,,0.0,3.1,1.0,10220,Bryan Fuka,Advanced Polymer Technology- Evans Ci PA,United States,Advanced Polymer Tech. -- Global Parent,2024-04-03T00:00:00,Norman Seung,S,S4
00010,        CIN2,1970907,1.0,N,U201,U201,U201-T2,HYDROSIZE U2-01,,COL,999,9020.0,,2200.0,997.9033,2213.42,9020.0,6806.58,6806.58,,0.0,3.0939,1.0,10220,Bryan Fuka,Advanced Polymer Technology- Evans Ci PA,United States,Advanced Polymer Tech. -- Global Parent,2024-05-06T00:00:00,Norman Seung,S,S4
00010,        CIN2,1970908,1.0,N,U201,U201,U201-T2,HYDROSIZE U2-01,,COL,999,9020.0,,2200.0,997.9033,2213.42,9020.0,6806.58,6806.58,,0.0,3.0939,1.0,10220,Bryan Fuka,Advanced Polymer Technology- Evans Ci PA,United States,Advanced Polymer Tech. -- Global Parent,2024-06-05T00:00:00,Norman Seung,S,S4
00010,        CIN2,1970909,1.0,N,U201,U201,U201-T2,HYDROSIZE U2-01,,COL,999,9020.0,,2200.0,997.9033,2213.42,9020.0,6806.58,6806.58,,0.0,3.0939,1.0,10220,Bryan Fuka,Advanced Polymer Technology- Evans Ci PA,United States,Advanced Polymer Tech. -- Global Parent,2024-07-03T00:00:00,Norman Seung,S,S4
00010,        CIN2,1970910,1.0,N,U201,U201,U201-T2,HYDROSIZE U2-01,,COL,999,9020.0,,2200.0,997.9033,2213.42,9020.0,6806.58,6806.58,,0.0,3.0939,1.0,10220,Bryan Fuka,Advanced Polymer Technology- Evans Ci PA,United States,Advanced Polymer Tech. -- Global Parent,2024-07-03T00:00:00,Norman Seung,S,S4
00010,        CIN2,1986839,1.0,N,MDU20,MDU20,MDU20-T2,MICHEM DISPERSION URETHANE 20,,COL,999,84546.0,,15400.0,6985.3231,36790.6,84546.0,47755.4,47755.4,,0.0,3.101,7.0,10220,Abbie Wootton,"Monarch Color - Charlotte, NC (SalemCh)",United States,Monarch Color - Global Parent,2024-01-24T00:00:00,Norman Seung,S,S4
00010,        CIN2,2072858,1.0,N,MDU20,MDU20,MDU20-T2,MICHEM DISPERSION URETHANE 20,,COL,999,84546.0,,15400.0,6985.3231,36790.6,84546.0,47755.4,47755.4,,0.0,3.101,7.0,10220,Abbie Wootton,"Monarch Color - Charlotte, NC (SalemCh)",United States,Monarch Color - Global Parent,2024-02-14T00:00:00,Norman Seung,S,S4
00010,        CIN2,2138965,1.0,N,MDU20,MDU20,MDU20-T2,MICHEM DISPERSION URETHANE 20,,COL,999,48312.0,,8800.0,3991.6132,21338.24,48312.0,26973.76,26973.76,,0.0,3.0652,4.0,10220,Abbie Wootton,"Monarch Color - Charlotte, NC (SalemCh)",United States,Monarch Color - Global Parent,2024-07-23T00:00:00,Norman Seung,S,S4
00010,        CIN2,2146638,1.0,N,MDU20,MDU20,MDU20-T2,MICHEM DISPERSION URETHANE 20,,COL,999,36234.0,,6600.0,2993.7099,15767.4,36234.0,20466.6,20466.6,,0.0,3.101,3.0,10220,Abbie Wootton,"Monarch Color - Charlotte, NC (SalemCh)",United States,Monarch Color - Global Parent,2024-05-17T00:00:00,Norman Seung,S,S4
00010,        CIN2,2160020,1.0,N,U201,U201,U201-T2,HYDROSIZE U2-01,,COL,999,9020.0,,2200.0,997.9033,2213.42,9020.0,6806.58,6806.58,,0.0,3.0939,1.0,10220,Bryan Fuka,Advanced Polymer Technology- Evans Ci PA,United States,Advanced Polymer Tech. -- Global Parent,2024-07-03T00:00:00,Norman Seung,S,S4
00010,        CIN2,2173917,1.0,N,U201,U201,U201-T2,HYDROSIZE U2-01,,COL,999,27060.0,,6600.0,2993.7099,6640.26,27060.0,20419.74,20419.74,,0.0,3.0939,3.0,10220,Bryan Fuka,Advanced Polymer Technology- Evans Ci PA,United States,Advanced Polymer Tech. -- Global Parent,2024-07-31T00:00:00,Norman Seung,S,S4
00010,        CIN2,2189910,1.0,N,U201,U201,U201-T2,HYDROSIZE U2-01,,COL,999,27060.0,,6600.0,2993.7099,6640.26,27060.0,20419.74,20419.74,,0.0,3.0939,3.0,10220,Bryan Fuka,Advanced Polymer Technology- Evans Ci PA,United States,Advanced Polymer Tech. -- Global Parent,2024-08-20T00:00:00,Norman Seung,S,S4
00010,        CIN2,2210584,1.0,N,MDU20,MDU20,MDU20-T2,MICHEM DISPERSION URETHANE 20,,COL,999,12078.0,,2200.0,997.9033,5334.56,12078.0,6743.44,6743.44,,0.0,3.0652,1.0,10220,Abbie Wootton,"Monarch Color - Charlotte, NC (SalemCh)",United States,Monarch Color - Global Parent,2024-10-08T00:00:00,Norman Seung,S,S4
00010,        CIN2,2311402,1.0,N,MDU20,MDU20,MDU20-T2,MICHEM DISPERSION URETHANE 20,,COL,999,12078.0,,2200.0,997.9033,5334.56,12078.0,6743.44,6743.44,,0.0,3.0652,1.0,10220,Abbie Wootton,"Monarch Color - Charlotte, NC (SalemCh)",United States,Monarch Color - Global Parent,2024-12-30T00:00:00,Norman Seung,S,S4
00010,        CIN2,2633521,1.0,N,ABEX2525,ABEX2525,ABEX2525-PD,ABEX 2525/40 DR400,,PPA,999,6706.8,,1380.0,625.9575,3.73,6706.8,6703.07,6703.07,,0.0,4.8573,3.0,10220,Brent Harris,"Ortec - Easley, SC (Pickens)",United States,"Ortec - Easley, SC (Pickens)",2026-02-19T00:00:00,Roxana McMican,S,S4
00010,        CIN2,2310003,1.0,N,MDU20,MDU20,MDU20-T2,MICHEM DISPERSION URETHANE 20,,COL,999,7680.51,,1399.0,634.5864,3392.3,7680.51,4288.21,4288.21,,0.0,3.0652,1399.0,10220,Abbie Wootton,"Monarch Color - Charlotte, NC (SalemCh)",United States,Monarch Color - Global Parent,2025-02-05T00:00:00,Norman Seung,S,S4
00010,        CIN2,2363556,1.0,N,MDU20,MDU20,MDU20-T2,MICHEM DISPERSION URETHANE 20,,COL,999,84546.0,,15400.0,6985.3231,37341.92,84546.0,47204.08,47204.08,,0.0,3.0652,7.0,10220,Abbie Wootton,"Monarch Color - Charlotte, NC (SalemCh)",United States,Monarch Color - Global Parent,2025-04-28T00:00:00,Norman Seung,S,S4
00010,        CIN2,2379433,1.0,N,U201,U201,U201-T2,HYDROSIZE U2-01,,COL,999,36080.0,,8800.0,3991.6132,8877.44,36080.0,27202.56,27202.56,,0.0,3.0912,4.0,10220,Bryan Fuka,Advanced Polymer Technology- Evans Ci PA,United States,Advanced Polymer Tech. -- Global Parent,2025-05-20T00:00:00,Norman Seung,S,S4
00010,        CIN2,2462768,1.0,N,MDU20,MDU20,MDU20-T2,MICHEM DISPERSION URETHANE 20,,COL,999,84546.0,,15400.0,6985.3231,37341.92,84546.0,47204.08,47204.08,,0.0,3.0652,7.0,10220,Abbie Wootton,"Monarch Color - Charlotte, NC(Brookshire",United States,Monarch Color - Global Parent,2025-08-04T00:00:00,Norman Seung,S,S4
00010,        CIN2,2474912,1.0,N,MDU20,MDU20,MDU20-T2,MICHEM DISPERSION URETHANE 20,,COL,999,84546.0,,15400.0,6985.3231,37945.6,84546.0,46600.4,46600.4,,0.0,3.026,7.0,10220,Abbie Wootton,"Monarch Color - Charlotte, NC (SalemCh)",United States,Monarch Color - Global Parent,2025-09-23T00:00:00,Norman Seung,S,S4
00010,        CIN2,2496930,1.0,N,MDU20,MDU20,MDU20-T2,MICHEM DISPERSION URETHANE 20,,COL,999,72468.0,,13200.0,5987.4198,32524.8,72468.0,39943.2,39943.2,,0.0,3.026,6.0,10220,Abbie Wootton,"Monarch Color - Charlotte, NC (SalemCh)",United States,Monarch Color - Global Parent,2025-10-22T00:00:00,Norman Seung,S,S4
00010,        CIN2,1785539,1.0,N,U201,U201,U201-T2,HYDROSIZE U2-01,,COL,999,19140.0,,4400.0,1995.8066,2983.2,19140.0,16156.8,16156.8,,0.0,3.672,2.0,10220,Bryan Fuka,Advanced Polymer Technology- Evans Ci PA,United States,Advanced Polymer Tech. -- Global Parent,2023-02-01T00:00:00,Norman Seung,S,S4
00010,        CIN2,1785699,1.0,N,APT10,APT10,APT10-T2,ADVANCED POLYMER TECHNOLOGY 10,,COL,999,53284.0,,15400.0,6985.3231,6560.4,53284.0,46723.6,46723.6,,0.0,3.034,7.0,10220,Bryan Fuka,Advanced Polymer Technology- Evans Ci PA,United States,Advanced Polymer Tech. -- Global Parent,2023-01-30T00:00:00,Chris Vogt,S,S4
00010,        CIN2,1790124,1.0,N,U201,U201,U201-OP,HYDROSIZE U2-01,,PPA,999,2925.0,,450.0,204.1166,1213.78,2925.0,1711.22,1711.22,,0.0,3.8027,1.0,10220,Tammy Patton,"Key Polymer - Lawrence, MA",United States,"Key Polymer - Lawrence, MA",2023-03-29T00:00:00,Norman Seung,S,S4
00010,        CIN2,1796176,1.0,N,MDU20,MDU20,MDU20-T2,MICHEM DISPERSION URETHANE 20,,PPA,999,60390.0,,11000.0,4989.5165,20647.0,60390.0,39743.0,39743.0,,0.0,3.613,5.0,10220,Abbie Wootton,"Monarch Col-Chaski Cour.,Charlotte,N-BUD",United States,Monarch Color - Global Parent,2023-02-13T00:00:00,Norman Seung,S,S4
00010,        CIN2,1797583,1.0,N,U201,U201,U201-T2,HYDROSIZE U2-01,,COL,999,9570.0,,2200.0,997.9033,1900.8,9570.0,7669.2,7669.2,,0.0,3.486,1.0,10220,Bryan Fuka,Advanced Polymer Technology- Evans Ci PA,United States,Advanced Polymer Tech. -- Global Parent,2023-07-31T00:00:00,Norman Seung,S,S4
00010,        CIN2,1797617,1.0,N,U201,U201,U201-T2,HYDROSIZE U2-01,,COL,999,9570.0,,2200.0,997.9033,1491.6,9570.0,8078.4,8078.4,,0.0,3.672,1.0,10220,Bryan Fuka,Advanced Polymer Technology- Evans Ci PA,United States,Advanced Polymer Tech. -- Global Parent,2023-04-03T00:00:00,Norman Seung,S,S4
00010,        CIN2,1797618,1.0,N,U201,U201,U201-T2,HYDROSIZE U2-01,,COL,999,9570.0,,2200.0,997.9033,1491.6,9570.0,8078.4,8078.4,,0.0,3.672,1.0,10220,Bryan Fuka,Advanced Polymer Technology- Evans Ci PA,United States,Advanced Polymer Tech. -- Global Parent,2023-02-28T00:00:00,Norman Seung,S,S4
00010,        CIN2,1800711,1.0,N,MDU20,MDU20,MDU20-T2,MICHEM DISPERSION URETHANE 20,,PPA,999,24156.0,,4400.0,1995.8066,8602.0,24156.0,15554.0,15554.0,,0.0,3.535,2.0,10220,Abbie Wootton,"Monarch Col-Chaski Cour.,Charlotte,N-BUD",United States,Monarch Color - Global Parent,2023-02-27T00:00:00,Norman Seung,S,S4
00010,        CIN2,1807587,1.0,N,U201,U201,U201-OP,HYDROSIZE U2-01,,PPA,999,2925.0,,450.0,204.1166,1213.78,2925.0,1711.22,1711.22,,0.0,3.8027,1.0,10220,Tammy Patton,"Key Polymer - Lawrence, MA",United States,"Key Polymer - Lawrence, MA",2023-04-24T00:00:00,Norman Seung,S,S4
00010,        CIN2,1828911,1.0,N,U201,U201,U201-OP,HYDROSIZE U2-01,,PPA,999,8221.5,,1350.0,612.3498,3087.85,8221.5,5133.65,5133.65,,0.0,3.8027,3.0,10220,Tammy Patton,"Key Polymer - Lawrence, MA",United States,"Key Polymer - Lawrence, MA",2023-04-24T00:00:00,Norman Seung,S,S4
00010,        CIN2,1834175,1.0,N,U201,U201,U201-OP,HYDROSIZE U2-01,,PPA,999,2740.5,,450.0,204.1166,1112.98,2740.5,1627.52,1627.52,,0.0,3.6167,1.0,10220,Tammy Patton,"Key Polymer - Lawrence, MA",United States,"Key Polymer - Lawrence, MA",2023-06-26T00:00:00,Norman Seung,S,S4
00010,        CIN2,1844105,1.0,N,U201,U201,U201-OP,HYDROSIZE U2-01,,PPA,999,8221.5,,1350.0,612.3498,3087.85,8221.5,5133.65,5133.65,,0.0,3.8027,3.0,10220,Tammy Patton,"Key Polymer - Lawrence, MA",United States,"Key Polymer - Lawrence, MA",2023-04-18T00:00:00,Norman Seung,S,S4
00010,        CIN2,1847676,1.0,N,U201,U201,U201-T2,HYDROSIZE U2-01,,COL,999,9570.0,,2200.0,997.9033,1900.8,9570.0,7669.2,7669.2,,0.0,3.486,1.0,10220,Bryan Fuka,Advanced Polymer Technology- Evans Ci PA,United States,Advanced Polymer Tech. -- Global Parent,2023-05-31T00:00:00,Norman Seung,S,S4
00010,        CIN2,1900770,1.0,N,MDU20,MDU20,MDU20-T2,MICHEM DISPERSION URETHANE 20,,PPA,999,48312.0,,8800.0,3991.6132,17292.0,48312.0,31020.0,31020.0,,0.0,3.525,4.0,10220,Abbie Wootton,"Monarch Color - Charlotte, NC (SalemCh)",United States,Monarch Color - Global Parent,2023-06-29T00:00:00,Norman Seung,S,S4
00010,        CIN2,1916587,1.0,N,MDU20,MDU20,MDU20-T2,MICHEM DISPERSION URETHANE 20,,COL,999,48312.0,,8800.0,3991.6132,17292.0,48312.0,31020.0,31020.0,,0.0,3.525,4.0,10220,Abbie Wootton,"Monarch Color - Charlotte, NC (SalemCh)",United States,Monarch Color - Global Parent,2023-07-20T00:00:00,Norman Seung,S,S4
00010,        CIN2,1918231,1.0,N,MDU20,MDU20,MDU20-T2,MICHEM DISPERSION URETHANE 20,,COL,999,48312.0,,8800.0,3991.6132,17292.0,48312.0,31020.0,31020.0,,0.0,3.525,4.0,10220,Abbie Wootton,"Monarch Color - Charlotte, NC (SalemCh)",United States,Monarch Color - Global Parent,2023-07-24T00:00:00,Norman Seung,S,S4
00010,        CIN2,1955625,1.0,N,MDU20,MDU20,MDU20-T2,MICHEM DISPERSION URETHANE 20,,PPA,999,84546.0,,15400.0,6985.3231,30261.0,84546.0,54285.0,54285.0,,0.0,3.525,7.0,10220,Abbie Wootton,"Monarch Color - Charlotte, NC (SalemCh)",United States,Monarch Color - Global Parent,2023-09-13T00:00:00,Norman Seung,S,S4
00010,        CIN2,1969343,1.0,N,MDU20,MDU20,MDU20-T2,MICHEM DISPERSION URETHANE 20,,PPA,999,84546.0,,15400.0,6985.3231,30261.0,84546.0,54285.0,54285.0,,0.0,3.525,7.0,10220,Abbie Wootton,"Monarch Color - Charlotte, NC (SalemCh)",United States,Monarch Color - Global Parent,2023-09-26T00:00:00,Norman Seung,S,S4
00010,        CIN2,1971666,1.0,N,U201,U201,U201-T2,HYDROSIZE U2-01,,COL,999,36080.0,,8800.0,3991.6132,5403.2,36080.0,30676.8,30676.8,,0.0,3.486,4.0,10220,Bryan Fuka,Advanced Polymer Technology- Evans Ci PA,United States,Advanced Polymer Tech. -- Global Parent,2023-11-21T00:00:00,Norman Seung,S,S4
00010,        CIN2,1358226,1.0,N,191245PX,191245PX,191245PX-T2,EXPERIMENTAL PRODUCT 191245PX,,COL,999,9890.0,,2300.0,1043.2625,7199.0,9890.0,2691.0,2691.0,,0.0,1.17,1.0,10230,Dave Jeffers,"Monadnock Paper - Bennington, NH",United States,"Monadnock Paper - Bennington, NH",2021-07-15T00:00:00,Kaitlyn Slack,S,S4
00010,        CIN2,1173418,1.0,N,191245PX,191245PX,191245PX-T2,EXPERIMENTAL PRODUCT 191245PX,,COL,999,51000.0,,11500.0,5216.3125,27457.2,51000.0,23542.8,23542.8,,0.0,1.9619,5.0,10230,Andrew Suski,"Mohawk Paper - Cohoes, NY DO NOT REOPEN",United States,Mohawk - Global Parent,2020-08-07T00:00:00,Kaitlyn Slack,S,S4
00010,        CIN2,1196839,1.0,N,191245PX,191245PX,191245PX-T2,EXPERIMENTAL PRODUCT 191245PX,,COL,999,19366.0,,4600.0,2086.56,13984.0,19366.0,5382.0,5382.0,,0.0,1.17,4600.0,10230,GENERIC TM,"Mohawk Paper -WFD - Waterford, NY",United States,Mohawk - Global Parent,2020-10-07T00:00:00,Kaitlyn Slack,S,S4
00010,        CIN2,1113601,1.0,N,191245PX,191245PX,191245PX-T2,EXPERIMENTAL PRODUCT 191245PX,,PPB,999,0.0,,2300.0,1043.28,-4464.53,0.0,4464.53,4464.53,,0.0,1.9411,2300.0,10230,Andrew Suski,"Mohawk Paper - Cohoes, NY DO NOT REOPEN",United States,Mohawk - Global Parent,2020-04-29T00:00:00,Kaitlyn Slack,S,S4
00010,        CIN2,1185456,1.0,N,191245PX,191245PX,191245PX-T2,EXPERIMENTAL PRODUCT 191245PX,,COL,999,9683.0,,2300.0,1043.28,5170.63,9683.0,4512.37,4512.37,,0.0,1.9619,2300.0,10230,GENERIC TM,"Mohawk Paper -WFD - Waterford, NY",United States,Mohawk - Global Parent,2020-09-02T00:00:00,Kaitlyn Slack,S,S4
00010,        CIN2,1207533,1.0,N,191245PX,191245PX,191245PX-T2,EXPERIMENTAL PRODUCT 191245PX,,COL,999,38732.0,,9200.0,4173.12,27968.0,38732.0,10764.0,10764.0,,0.0,1.17,9200.0,10230,GENERIC TM,"Mohawk Paper -WFD - Waterford, NY",United States,Mohawk - Global Parent,2020-10-15T00:00:00,Kaitlyn Slack,S,S4
00010,        CIN2,1207534,1.0,N,191245PX,191245PX,191245PX-T2,EXPERIMENTAL PRODUCT 191245PX,,COL,999,48415.0,,11500.0,5216.4,34960.0,48415.0,13455.0,13455.0,,0.0,1.17,11500.0,10230,GENERIC TM,"Mohawk Paper -WFD - Waterford, NY",United States,Mohawk - Global Parent,2020-10-28T00:00:00,Kaitlyn Slack,S,S4
00010,        CIN2,1287029,1.0,N,191245PX,191245PX,191245PX-T2,EXPERIMENTAL PRODUCT 191245PX,,COL,999,9890.0,,2300.0,1043.28,7199.0,9890.0,2691.0,2691.0,,0.0,1.17,2300.0,10230,Dave Jeffers,"Monadnock Paper - Bennington, NH",United States,"Monadnock Paper - Bennington, NH",2021-03-08T00:00:00,Kaitlyn Slack,S,S4
00010,        CIN2,1091229,1.0,N,191245PX,191245PX,191245PX-T2,EXPERIMENTAL PRODUCT 191245PX,,PPB,999,0.0,,4600.0,2086.525,-9317.28,0.0,9317.28,9317.28,,0.0,1.9411,2.0,10230,Andrew Suski,"Mohawk Paper - Cohoes, NY DO NOT REOPEN",United States,Mohawk - Global Parent,2020-03-16T00:00:00,Kaitlyn Slack,S,S4
00010,        CIN2,1177018,1.0,N,191245PX,191245PX,191245PX-T2,EXPERIMENTAL PRODUCT 191245PX,,COL,999,61200.0,,13800.0,6259.575000000001,32948.64,61200.0,28251.36,28251.36,,0.0,1.9619,6.0,10230,Andrew Suski,"Mohawk Paper - Cohoes, NY DO NOT REOPEN",United States,Mohawk - Global Parent,2020-08-17T00:00:00,Kaitlyn Slack,S,S4
00010,        CIN2,1167759,1.0,N,191245PX,191245PX,191245PX-T2,EXPERIMENTAL PRODUCT 191245PX,,COL,999,10200.0,,2300.0,1043.2625,5491.44,10200.0,4708.56,4708.56,,0.0,1.9619,1.0,10230,Andrew Suski,"Mohawk Paper - Cohoes, NY DO NOT REOPEN",United States,Mohawk - Global Parent,2020-07-28T00:00:00,Kaitlyn Slack,S,S4
00010,        CIN2,1168312,1.0,N,191245PX,191245PX,191245PX-T2,EXPERIMENTAL PRODUCT 191245PX,,COL,999,10320.0,,2300.0,1043.2625,5611.44,10320.0,4708.56,4708.56,,0.0,1.9619,1.0,10230,Dave Jeffers,"Monadnock Paper - Bennington, NH",United States,"Monadnock Paper - Bennington, NH",2020-08-06T00:00:00,Kaitlyn Slack,S,S4
00010,        CIN2,1555835,1.0,N,191245PX,191245PX,191245PX-T2,EXPERIMENTAL PRODUCT 191245PX,,COL,999,9890.0,,2300.0,1043.2625,7199.0,9890.0,2691.0,2691.0,,0.0,1.17,1.0,10230,Dave Jeffers,"Monadnock Paper - Bennington, NH",United States,"Monadnock Paper - Bennington, NH",2022-04-18T00:00:00,Kaitlyn Slack,S,S4
00010,        CIN2,1595699,1.0,N,191245PX,191245PX,191245PX-T2,EXPERIMENTAL PRODUCT 191245PX,,COL,999,9890.0,,2300.0,1043.2625,7199.0,9890.0,2691.0,2691.0,,0.0,1.17,1.0,10230,Dave Jeffers,"Monadnock Paper - Bennington, NH",United States,"Monadnock Paper - Bennington, NH",2022-05-19T00:00:00,Kaitlyn Slack,S,S4
00010,        CIN2,1677095,1.0,N,191245PX,191245PX,191245PX-T2,EXPERIMENTAL PRODUCT 191245PX,,COL,999,11178.0,,2300.0,1043.2625,8211.0,11178.0,2967.0,2967.0,,0.0,1.29,1.0,10230,Dave Jeffers,"Monadnock Paper - Bennington, NH",United States,"Monadnock Paper - Bennington, NH",2022-10-10T00:00:00,Kaitlyn Slack,S,S4
00010,        CIN2,1444807,1.0,N,191245PX,191245PX,191245PX-T2,EXPERIMENTAL PRODUCT 191245PX,,COL,999,9890.0,,2300.0,1043.2625,7199.0,9890.0,2691.0,2691.0,,0.0,1.17,1.0,10230,Dave Jeffers,"Monadnock Paper - Bennington, NH",United States,"Monadnock Paper - Bennington, NH",2021-11-05T00:00:00,Kaitlyn Slack,S,S4
00010,        CIN2,1489144,1.0,N,191245PX,191245PX,191245PX-T2,EXPERIMENTAL PRODUCT 191245PX,,COL,999,9890.0,,2300.0,1043.2625,7199.0,9890.0,2691.0,2691.0,,0.0,1.17,1.0,10230,Dave Jeffers,"Monadnock Paper - Bennington, NH",United States,"Monadnock Paper - Bennington, NH",2022-01-04T00:00:00,Kaitlyn Slack,S,S4
00010,        CIN2,1504683,1.0,N,191245PX,191245PX,191245PX-T2,EXPERIMENTAL PRODUCT 191245PX,,COL,999,9890.0,,2300.0,1043.2625,7199.0,9890.0,2691.0,2691.0,,0.0,1.17,1.0,10230,Dave Jeffers,"Monadnock Paper - Bennington, NH",United States,"Monadnock Paper - Bennington, NH",2022-01-24T00:00:00,Kaitlyn Slack,S,S4
00010,        CIN2,1525296,1.0,N,191245PX,191245PX,191245PX-T2,EXPERIMENTAL PRODUCT 191245PX,,COL,999,9890.0,,2300.0,1043.2625,7199.0,9890.0,2691.0,2691.0,,0.0,1.17,1.0,10230,Dave Jeffers,"Monadnock Paper - Bennington, NH",United States,"Monadnock Paper - Bennington, NH",2022-02-16T00:00:00,Kaitlyn Slack,S,S4
00010,        CIN2,1528542,1.0,N,191245PX,191245PX,191245PX-T2,EXPERIMENTAL PRODUCT 191245PX,,COL,999,9890.0,,2300.0,1043.2625,7199.0,9890.0,2691.0,2691.0,,0.0,1.17,1.0,10230,Dave Jeffers,"Monadnock Paper - Bennington, NH",United States,"Monadnock Paper - Bennington, NH",2022-03-02T00:00:00,Kaitlyn Slack,S,S4
00010,        CIN2,1532076,1.0,N,191245PX,191245PX,191245PX-T2,EXPERIMENTAL PRODUCT 191245PX,,COL,999,9890.0,,2300.0,1043.2625,7199.0,9890.0,2691.0,2691.0,,0.0,1.17,1.0,10230,Dave Jeffers,"Monadnock Paper - Bennington, NH",United States,"Monadnock Paper - Bennington, NH",2022-03-15T00:00:00,Kaitlyn Slack,S,S4
00010,        CIN2,2086383,1.0,N,191245PX,191245PX,191245PX-FD,EXPERIMENTAL PRODUCT 191245PX,,COB,999,1966.5,,450.0,204.1166,1136.11,1966.5,830.39,830.39,,0.0,1.8453,1.0,10230,Dave Jeffers,"Utopia - Mukwonago,WI",United States,Utopia - Global Parent,2024-03-11T00:00:00,Kaitlyn Slack,S,S4
00010,        CIN2,2118045,1.0,N,191245PX,191245PX,191245PX-FD,EXPERIMENTAL PRODUCT 191245PX,,COB,999,1966.5,,450.0,204.1166,1136.11,1966.5,830.39,830.39,,0.0,1.8453,1.0,10230,Dave Jeffers,"Utopia - Mukwonago,WI",United States,Utopia - Global Parent,2024-04-12T00:00:00,Kaitlyn Slack,S,S4
00010,        CIN2,2035650,1.0,N,191245PX,191245PX,191245PX-FD,EXPERIMENTAL PRODUCT 191245PX,,COB,999,1966.5,,450.0,204.1166,1136.11,1966.5,830.39,830.39,,0.0,1.8453,1.0,10230,Dave Jeffers,"Utopia - Mukwonago,WI",United States,Utopia - Global Parent,2024-01-08T00:00:00,Kaitlyn Slack,S,S4
00010,        CIN2,2099286,1.0,N,191245PX,191245PX,191245PX-T2,EXPERIMENTAL PRODUCT 191245PX,,COL,999,11396.0,,2300.0,1043.2625,7876.0,11396.0,3520.0,3520.0,,0.0,1.6,1.0,10230,Dave Jeffers,"Monadnock Paper - Bennington, NH",United States,"Monadnock Paper - Bennington, NH",2024-03-27T00:00:00,Kaitlyn Slack,S,S4
00010,        CIN2,1949377,1.0,N,191245PX,191245PX,191245PX-T2,EXPERIMENTAL PRODUCT 191245PX,,COL,999,11914.0,,2300.0,1043.2625,8234.0,11914.0,3680.0,3680.0,,0.0,1.6,1.0,10230,Dave Jeffers,"Monadnock Paper - Bennington, NH",United States,"Monadnock Paper - Bennington, NH",2023-09-08T00:00:00,Kaitlyn Slack,S,S4
00010,        CIN2,1802991,1.0,N,191245PX,191245PX,191245PX-T2,EXPERIMENTAL PRODUCT 191245PX,,COL,999,11914.0,,2300.0,1043.2625,8947.0,11914.0,2967.0,2967.0,,0.0,1.29,1.0,10230,Dave Jeffers,"Monadnock Paper - Bennington, NH",United States,"Monadnock Paper - Bennington, NH",2023-03-01T00:00:00,Kaitlyn Slack,S,S4
00010,        CIN2,2006623,1.0,N,191245PX,191245PX,191245PX-T2,EXPERIMENTAL PRODUCT 191245PX,,COL,999,11396.0,,2300.0,1043.2625,7876.0,11396.0,3520.0,3520.0,,0.0,1.6,1.0,10230,Dave Jeffers,"Monadnock Paper - Bennington, NH",United States,"Monadnock Paper - Bennington, NH",2023-11-29T00:00:00,Kaitlyn Slack,S,S4
00010,        CINC,1106982,1.0,N,WAV501,WAV501,WAV501,WAKO V-501 INITIATOR,,PPD,999,1750.32,,39.0,17.6904,1750.32,1750.32,0.0,0.0,,0.0,0.0,39.0,10230,GENERIC TM,Coatings & Adhesives (One-Time Only P&P),United States,Coatings & Adhesives (One-Time Only P&P),2020-04-13T00:00:00,Kaitlyn Slack,S,S4
00010,        GRAN,1117587,1.0,N,MD4020,MD4020,MD4020-C1,KILZ CLR SLG WAX L6440 2.4 OZ,,PPD,999,27060.48,,1296.0,587.8656,8398.08,27060.48,18662.4,18662.4,,0.0,1.8,10368.0,10220,Abbie Wootton,"Behr Process LLC - McDonough, GA",United States,Behr - Global Parent,2020-06-26T00:00:00,Chris Vogt,S,S4
00010,        GRAN,1076525,1.0,N,MD4020,MD4020,MD4020-C1,KILZ CLR SLG WAX L6440 2.4 OZ,,PPD,999,19543.68,,936.0,424.5696,8640.4,19543.68,10903.28,10903.28,,0.0,1.4561,7488.0,10220,Abbie Wootton,"Behr Process LLC - McDonough, GA",United States,Behr - Global Parent,2020-04-09T00:00:00,Chris Vogt,S,S4
00010,        CINC,1129895,1.0,N,MW40504,MW40504,MW40504-C2,MINWAX CLEAR WAX,,COB,999,68328.0,,7304.088,3313.0319999999997,11388.0,68328.0,56940.0,56940.0,,0.0,3.25,17520.0,10220,Bryan Fuka,"Sherwin Williams - Romeoville, IL",United States,Sherwin Williams - Global Parent,2020-09-29T00:00:00,Becky McCloskey,S,S4
00010,        GRAN,1196720,1.0,N,MD4020,MD4020,MD4020-C1,KILZ CLR SLG WAX L6440 2.4 OZ,,PPD,999,43065.0,,2062.5,935.55,13365.0,43065.0,29700.0,29700.0,,0.0,1.8,16500.0,10220,Abbie Wootton,"Behr Process LLC - McDonough, GA",United States,Behr - Global Parent,2020-12-03T00:00:00,Chris Vogt,S,S4
00010,        GRAN,1196722,1.0,N,MD4023,MD4023,MD4023-C2,BEHR CHALK DECO WAX WHT 7150 H,,PPD,999,48666.24,,6218.0664,2820.9719999999998,13955.76,48666.24,34710.48,34710.48,,0.0,2.91,11928.0,10220,Abbie Wootton,"Behr Process LLC - McDonough, GA",United States,Behr - Global Parent,2020-11-19T00:00:00,Chris Vogt,S,S4
00010,        GRAN,1201951,1.0,N,MD4021,MD4021,MD4021-C2,BEHR CHALK DECO WAX DRK 7160 H,,PPD,999,74529.84,,7126.4886,3232.4754,24444.42,74529.84,50085.42,50085.42,,0.0,2.93,17094.0,10220,Abbie Wootton,"Behr Process LLC - McDonough, GA",United States,Behr - Global Parent,2020-12-03T00:00:00,Chris Vogt,S,S4
00010,        CINC,1048134,1.0,N,MW40504,MW40504,MW40504-C2,MINWAX CLEAR WAX,,COB,999,16848.0,,1801.008,816.9119999999999,2808.0,16848.0,14040.0,14040.0,,0.0,3.25,4320.0,10220,Bryan Fuka,"Sherwin Williams - Fredericksburg, PA",United States,Sherwin Williams - Global Parent,2020-02-05T00:00:00,Becky McCloskey,S,S4
00010,        CINC,1048146,1.0,N,MW40504,MW40504,MW40504-C2,MINWAX CLEAR WAX,,COB,999,11232.0,,1200.672,544.608,1872.0,11232.0,9360.0,9360.0,,0.0,3.25,2880.0,10220,Bryan Fuka,"Sherwin Williams - Winterhaven, FL",United States,Sherwin Williams - Global Parent,2020-02-05T00:00:00,Becky McCloskey,S,S4
00010,        CINC,1048147,1.0,N,MW40504,MW40504,MW40504-C2,MINWAX CLEAR WAX,,COB,999,11232.0,,1200.672,544.608,1872.0,11232.0,9360.0,9360.0,,0.0,3.25,2880.0,10220,Bryan Fuka,"Sherwin Williams - Waco, TX",United States,Sherwin Williams - Global Parent,2020-02-05T00:00:00,Becky McCloskey,S,S4
00010,        CINC,1048149,1.0,N,MW40504,MW40504,MW40504-C2,MINWAX CLEAR WAX,,COB,999,16848.0,,1801.008,816.9119999999999,2808.0,16848.0,14040.0,14040.0,,0.0,3.25,4320.0,10220,Bryan Fuka,Sherwin Williams (Salisbury)-Statesville,United States,Sherwin Williams - Global Parent,2020-02-05T00:00:00,Becky McCloskey,S,S4
00010,        CINC,1048151,1.0,N,MW40504,MW40504,MW40504-C2,MINWAX CLEAR WAX,,COB,999,16848.0,,1801.008,816.9119999999999,2808.0,16848.0,14040.0,14040.0,,0.0,3.25,4320.0,10220,Bryan Fuka,"Sherwin Williams - Romeoville, IL",United States,Sherwin Williams - Global Parent,2020-02-06T00:00:00,Becky McCloskey,S,S4
00010,        CINC,1149516,1.0,N,WD40,WD40,WD40-SP,WAX DISPERSION 40,,COL,999,557.1,,90.0,40.8234,396.48,557.1,160.62,160.62,,0.0,1.7847,3.0,10220,GENERIC TM,"Barentz - Brothers Res, Burlington, NC",United States,Barentz - Global Parent,2020-07-20T00:00:00,Gary Singer,S,S4
00010,        CINC,1208271,1.0,N,WD40,WD40,WD40-SP,WAX DISPERSION 40,,COL,999,174.6,,30.0,13.6078,133.57,174.6,41.03,41.03,,0.0,1.3675,1.0,10220,GENERIC TM,"Davies, D.W. - Racine, WI",United States,"Davies, D.W. - Racine, WI",2020-11-20T00:00:00,Gary Singer,S,S4
00010,        CINC,1316403,1.0,N,APT10,APT10,APT10-T2,ADVANCED POLYMER TECHNOLOGY 10,,PPD,999,92664.0,,39600.0,17962.2594,8157.6,92664.0,84506.4,84506.4,,0.0,2.134,18.0,10220,Bryan Fuka,Advanced Polymer Technology- Evans Ci PA,United States,Advanced Polymer Tech. -- Global Parent,2021-04-12T00:00:00,Chris Vogt,S,S4
00010,        CINC,1122033,1.0,N,WD40,WD40,WD40-UN,WAX DISPERSION 40,,PPD,999,15120.0,,8400.0,3810.1751999999997,6445.32,15120.0,8674.68,8674.68,,0.0,1.0327,24.0,10220,Abbie Wootton,Behr Process LLC -Santa Ana CA (W Alton),United States,Behr - Global Parent,2020-05-29T00:00:00,Gary Singer,S,S4
00010,        CINC,1160969,1.0,N,WD40,WD40,WD40-UN,WAX DISPERSION 40,,PPD,999,26932.5,,15750.0,7144.0785,8032.5,26932.5,18900.0,18900.0,,0.0,1.2,45.0,10220,Abbie Wootton,Behr Process LLC -Santa Ana CA (W Alton),United States,Behr - Global Parent,2020-08-03T00:00:00,Gary Singer,S,S4
00010,        CINC,1160972,1.0,N,WD40,WD40,WD40-UN,WAX DISPERSION 40,,PPD,999,22144.5,,12950.0,5874.0201,6604.5,22144.5,15540.0,15540.0,,0.0,1.2,37.0,10220,Abbie Wootton,Behr Process LLC -Santa Ana CA (W Alton),United States,Behr - Global Parent,2020-08-06T00:00:00,Gary Singer,S,S4
00010,        CINC,1276380,1.0,N,WD40,WD40,WD40-UN,WAX DISPERSION 40,,PPD,999,9576.0,,5600.0,2540.1168,2856.0,9576.0,6720.0,6720.0,,0.0,1.2,16.0,10220,Abbie Wootton,Behr Process LLC -Santa Ana CA (W Alton),United States,Behr - Global Parent,2021-01-29T00:00:00,Gary Singer,S,S4
00010,        CINC,1280914,1.0,N,WD40,WD40,WD40-UN,WAX DISPERSION 40,,PPD,999,44289.0,,25900.0,11748.0402,18878.51,44289.0,25410.49,25410.49,,0.0,0.9811,74.0,10220,Abbie Wootton,Behr Process LLC -Santa Ana CA (W Alton),United States,Behr - Global Parent,2021-03-19T00:00:00,Gary Singer,S,S4
00010,        CINC,1317106,1.0,N,WD40,WD40,WD40-UN,WAX DISPERSION 40,,PPD,999,30523.5,,17850.0,8096.622299999999,8389.5,30523.5,22134.0,22134.0,,0.0,1.24,51.0,10220,Abbie Wootton,Behr Process LLC -Santa Ana CA (W Alton),United States,Behr - Global Parent,2021-04-16T00:00:00,Gary Singer,S,S4
00010,        CINC,1346028,1.0,N,WD40,WD40,WD40-UN,WAX DISPERSION 40,,PPD,999,20048.0,,11200.0,5080.2336,6720.0,20048.0,13328.0,13328.0,,0.0,1.19,32.0,10220,Abbie Wootton,Behr Process LLC -Santa Ana CA (W Alton),United States,Behr - Global Parent,2021-07-26T00:00:00,Gary Singer,S,S4
00010,        CINC,1346030,1.0,N,WD40,WD40,WD40-UN,WAX DISPERSION 40,,PPD,999,8144.5,,4550.0,2063.8449,2730.0,8144.5,5414.5,5414.5,,0.0,1.19,13.0,10220,Abbie Wootton,Behr Process LLC -Santa Ana CA (W Alton),United States,Behr - Global Parent,2021-06-25T00:00:00,Gary Singer,S,S4
00010,        CINC,1346500,1.0,N,WD40,WD40,WD40-UN,WAX DISPERSION 40,,PPD,999,21301.0,,11900.0,5397.7482,6545.0,21301.0,14756.0,14756.0,,0.0,1.24,34.0,10220,Abbie Wootton,Behr Process LLC -Santa Ana CA (W Alton),United States,Behr - Global Parent,2021-06-03T00:00:00,Gary Singer,S,S4
00010,        CINC,1066703,1.0,N,WD40,WD40,WD40-UN,WAX DISPERSION 40,,PPD,999,7560.0,,4200.0,1905.0875999999998,3222.66,7560.0,4337.34,4337.34,,0.0,1.0327,12.0,10220,Abbie Wootton,Behr Process LLC -Santa Ana CA (W Alton),United States,Behr - Global Parent,2020-02-27T00:00:00,Gary Singer,S,S4
00010,        CINC,1074110,1.0,N,WD40,WD40,WD40-UN,WAX DISPERSION 40,,COL,999,9114.0,,4200.0,1905.0875999999998,4776.66,9114.0,4337.34,4337.34,,0.0,1.0327,12.0,10220,Tammy Patton,"Gemini Ctgs - El Reno, OK",United States,Gemini Coatings - Global Parent,2020-03-06T00:00:00,Gary Singer,S,S4
00010,        CINC,1077752,1.0,N,WD40,WD40,WD40-UN,WAX DISPERSION 40,,PPD,999,23310.0,,12950.0,5874.0201,9936.53,23310.0,13373.47,13373.47,,0.0,1.0327,37.0,10220,Abbie Wootton,Behr Process LLC -Santa Ana CA (W Alton),United States,Behr - Global Parent,2020-03-06T00:00:00,Gary Singer,S,S4
00010,        CINC,1081276,1.0,N,WD40,WD40,WD40-UN,WAX DISPERSION 40,,COL,999,12152.0,,5600.0,2540.1168,6368.88,12152.0,5783.12,5783.12,,0.0,1.0327,16.0,10220,Tammy Patton,"Gemini Ctgs - El Reno, OK",United States,Gemini Coatings - Global Parent,2020-03-06T00:00:00,Gary Singer,S,S4
00010,        CINC,1088199,1.0,N,WD40,WD40,WD40-UN,WAX DISPERSION 40,,PPD,999,13860.0,,7700.0,3492.6605999999997,5908.21,13860.0,7951.79,7951.79,,0.0,1.0327,22.0,10220,Abbie Wootton,Behr Process LLC -Santa Ana CA (W Alton),United States,Behr - Global Parent,2020-04-14T00:00:00,Gary Singer,S,S4
00010,        CINC,1118129,1.0,N,WD40,WD40,WD40-UN,WAX DISPERSION 40,,PPD,999,10080.0,,5600.0,2540.1168,4296.88,10080.0,5783.12,5783.12,,0.0,1.0327,16.0,10220,Abbie Wootton,Behr Process LLC -Santa Ana CA (W Alton),United States,Behr - Global Parent,2020-05-07T00:00:00,Gary Singer,S,S4
00010,        CINC,1118130,1.0,N,WD40,WD40,WD40-UN,WAX DISPERSION 40,,PPD,999,7560.0,,4200.0,1905.0875999999998,3222.66,7560.0,4337.34,4337.34,,0.0,1.0327,12.0,10220,Abbie Wootton,Behr Process LLC -Santa Ana CA (W Alton),United States,Behr - Global Parent,2020-05-07T00:00:00,Gary Singer,S,S4
00010,        CINC,1120363,1.0,N,WD40,WD40,WD40-UN,WAX DISPERSION 40,,COL,999,12152.0,,5600.0,2540.1168,6368.88,12152.0,5783.12,5783.12,,0.0,1.0327,16.0,10220,Tammy Patton,"Gemini Ctgs - El Reno, OK",United States,Gemini Coatings - Global Parent,2020-05-27T00:00:00,Gary Singer,S,S4
00010,        CINC,1128046,1.0,N,WD40,WD40,WD40-UN,WAX DISPERSION 40,,COL,999,12152.0,,5600.0,2540.1168,6368.88,12152.0,5783.12,5783.12,,0.0,1.0327,16.0,10220,Tammy Patton,"Gemini Ctgs - El Reno, OK",United States,Gemini Coatings - Global Parent,2020-05-27T00:00:00,Gary Singer,S,S4
00010,        CINC,1152885,1.0,N,WD40,WD40,WD40-UN,WAX DISPERSION 40,,COL,999,759.5,,350.0,158.7573,339.5,759.5,420.0,420.0,,0.0,1.2,1.0,10220,Tammy Patton,"Gemini Ctgs - El Reno, OK",United States,Gemini Coatings - Global Parent,2020-07-24T00:00:00,Gary Singer,S,S4
00010,        CINC,1269558,1.0,N,WD40,WD40,WD40-UN,WAX DISPERSION 40,,COL,999,3948.0,,1400.0,635.0292,2268.0,3948.0,1680.0,1680.0,,0.0,1.2,4.0,10220,Tammy Patton,"Gemini Ctgs - El Reno, OK",United States,Gemini Coatings - Global Parent,2021-01-29T00:00:00,Gary Singer,S,S4
00010,        CINC,1280168,1.0,N,WD40,WD40,WD40-UN,WAX DISPERSION 40,,COL,999,987.0,,350.0,158.7573,567.0,987.0,420.0,420.0,,0.0,1.2,1.0,10220,Tammy Patton,"Farwest Paint - Tukwila, WA",United States,"Farwest Paint - Tukwila, WA",2021-02-08T00:00:00,Gary Singer,S,S4
00010,        CINC,1298895,1.0,N,WD40,WD40,WD40-UN,WAX DISPERSION 40,,COL,999,3797.5,,1750.0,793.7864999999999,1627.5,3797.5,2170.0,2170.0,,0.0,1.24,5.0,10220,Tammy Patton,"Gemini Ctgs - El Reno, OK",United States,Gemini Coatings - Global Parent,2021-04-05T00:00:00,Gary Singer,S,S4
00010,        CINC,1302601,1.0,N,WD40,WD40,WD40-UN,WAX DISPERSION 40,,COL,999,12152.0,,5600.0,2540.1168,5208.0,12152.0,6944.0,6944.0,,0.0,1.24,16.0,10220,Tammy Patton,"Gemini Ctgs - El Reno, OK",United States,Gemini Coatings - Global Parent,2021-04-08T00:00:00,Gary Singer,S,S4
00010,        CINC,1311495,1.0,N,WD40,WD40,WD40-UN,WAX DISPERSION 40,,COL,999,12152.0,,5600.0,2540.1168,5208.0,12152.0,6944.0,6944.0,,0.0,1.24,16.0,10220,Tammy Patton,"Gemini Ctgs - El Reno, OK",United States,Gemini Coatings - Global Parent,2021-04-14T00:00:00,Gary Singer,S,S4
00010,        CINC,1342178,1.0,N,WD40,WD40,WD40-UN,WAX DISPERSION 40,,COL,999,1155.0,,350.0,158.7573,721.0,1155.0,434.0,434.0,,0.0,1.24,1.0,10220,GENERIC TM,"Barentz - Beaver Research, Portage, MI",United States,Barentz - Global Parent,2021-05-17T00:00:00,Gary Singer,S,S4
00010,        CINC,1048028,1.0,N,WD40,WD40,WD40-UN,WAX DISPERSION 40,,COL,999,9114.0,,4200.0,1905.0875999999998,4742.64,9114.0,4371.36,4371.36,,0.0,1.0408,12.0,10220,Tammy Patton,"Gemini Ctgs - El Reno, OK",United States,Gemini Coatings - Global Parent,2020-01-20T00:00:00,Gary Singer,S,S4
00010,        CINC,1138048,1.0,N,WD40,WD40,WD40-UN,WAX DISPERSION 40,,COL,999,12152.0,,5600.0,2540.1168,5432.0,12152.0,6720.0,6720.0,,0.0,1.2,16.0,10220,Tammy Patton,"Gemini Ctgs - El Reno, OK",United States,Gemini Coatings - Global Parent,2020-06-24T00:00:00,Gary Singer,S,S4
00010,        GRAN,1138251,1.0,N,MD4020,MD4020,MD4020-C1,KILZ CLR SLG WAX L6440 2.4 OZ,,PPD,999,6624.18,,317.25,143.9046,2055.78,6624.18,4568.4,4568.4,,0.0,1.8,2538.0,10220,Abbie Wootton,"Behr Process LLC - McDonough, GA",United States,Behr - Global Parent,2020-07-01T00:00:00,Chris Vogt,S,S4
00010,        CINC,1160974,1.0,N,WD40,WD40,WD40-UN,WAX DISPERSION 40,,PPD,999,35910.0,,21000.0,9525.437999999998,10710.0,35910.0,25200.0,25200.0,,0.0,1.2,60.0,10220,Abbie Wootton,Behr Process LLC -Santa Ana CA (W Alton),United States,Behr - Global Parent,2020-08-13T00:00:00,Gary Singer,S,S4
00010,        GRAN,1011881,1.0,N,MD4020,MD4020,MD4020-C1,KILZ CLR SLG WAX L6440 2.4 OZ,,PPD,999,51443.1,,2463.75,1117.557,22743.37,51443.1,28699.73,28699.73,,0.0,1.4561,19710.0,10220,Abbie Wootton,"Behr Process LLC - McDonough, GA",United States,Behr - Global Parent,2020-01-31T00:00:00,Chris Vogt,S,S4
00010,        GRAN,1044493,1.0,N,MD4020,MD4020,MD4020-C1,KILZ CLR SLG WAX L6440 2.4 OZ,,PPD,999,36080.64,,1728.0,783.8208,15951.51,36080.64,20129.13,20129.13,,0.0,1.4561,13824.0,10220,Abbie Wootton,"Behr Process LLC - McDonough, GA",United States,Behr - Global Parent,2020-03-31T00:00:00,Chris Vogt,S,S4
00010,        GRAN,1070943,1.0,N,MD4020,MD4020,MD4020-C2,BEHR CHALK DECO WAX CLR 7140 H,,PPD,999,7378.56,,840.4704,381.2256,1652.72,7378.56,5725.84,5725.84,,0.0,2.8402,2016.0,10220,Abbie Wootton,"Behr Process LLC - McDonough, GA",United States,Behr - Global Parent,2020-03-31T00:00:00,Chris Vogt,S,S4
00010,        GRAN,1070956,1.0,N,MD4020,MD4020,MD4020-C2,BEHR CHALK DECO WAX CLR 7140 H,,PPD,999,39528.0,,4502.5199999999995,2042.28,8853.84,39528.0,30674.16,30674.16,,0.0,2.8402,10800.0,10220,Abbie Wootton,"Behr Process LLC - McDonough, GA",United States,Behr - Global Parent,2020-01-31T00:00:00,Chris Vogt,S,S4
00010,        GRAN,1070958,1.0,N,MD4021,MD4021,MD4021-C1,KILZ DRK SLG WAX L6444 2.4 OZ,,PPD,999,19528.2,,856.5,388.5084,8929.53,19528.2,10598.67,10598.67,,0.0,1.5468,6852.0,10220,Abbie Wootton,"Behr Process LLC - McDonough, GA",United States,Behr - Global Parent,2020-01-31T00:00:00,Chris Vogt,S,S4
00010,        CINC,1085654,1.0,N,MW40504,MW40504,MW40504-C2,MINWAX CLEAR WAX,,COB,999,16848.0,,1801.008,816.9119999999999,2808.0,16848.0,14040.0,14040.0,,0.0,3.25,4320.0,10220,Bryan Fuka,"Sherwin Williams - Romeoville, IL",United States,Sherwin Williams - Global Parent,2020-02-28T00:00:00,Becky McCloskey,S,S4
00010,        CINC,1122031,1.0,N,WD40,WD40,WD40-UN,WAX DISPERSION 40,,PPD,999,14364.0,,8400.0,3810.1751999999997,5689.32,14364.0,8674.68,8674.68,,0.0,1.0327,24.0,10220,Abbie Wootton,Behr Process LLC -Santa Ana CA (W Alton),United States,Behr - Global Parent,2020-06-03T00:00:00,Gary Singer,S,S4
00010,        CINC,1148939,1.0,N,WD40,WD40,WD40-UN,WAX DISPERSION 40,,PPD,999,9576.0,,5600.0,2540.1168,2856.0,9576.0,6720.0,6720.0,,0.0,1.2,16.0,10220,Abbie Wootton,Behr Process LLC -Santa Ana CA (W Alton),United States,Behr - Global Parent,2020-07-10T00:00:00,Gary Singer,S,S4
00010,        CINC,1136894,1.0,N,WD40,WD40,WD40-UN,WAX DISPERSION 40,,COL,999,12152.0,,5600.0,2540.1168,6368.88,12152.0,5783.12,5783.12,,0.0,1.0327,16.0,10220,Tammy Patton,"Gemini Ctgs - El Reno, OK",United States,Gemini Coatings - Global Parent,2020-06-12T00:00:00,Gary Singer,S,S4
00010,        CINC,1156768,1.0,N,WD40,WD40,WD40-UN,WAX DISPERSION 40,,COL,999,12152.0,,5600.0,2540.1168,5432.0,12152.0,6720.0,6720.0,,0.0,1.2,16.0,10220,Tammy Patton,"Gemini Ctgs - El Reno, OK",United States,Gemini Coatings - Global Parent,2020-07-27T00:00:00,Gary Singer,S,S4
00010,        CINC,1285108,1.0,N,WD40,WD40,WD40-UN,WAX DISPERSION 40,,COL,999,12152.0,,5600.0,2540.1168,5432.0,12152.0,6720.0,6720.0,,0.0,1.2,16.0,10220,Tammy Patton,"Gemini Ctgs - El Reno, OK",United States,Gemini Coatings - Global Parent,2021-03-01T00:00:00,Gary Singer,S,S4
00010,        CINC,1087257,1.0,N,WD40,WD40,WD40-UN,WAX DISPERSION 40,,COL,999,2961.0,,1050.0,476.27189999999996,1876.66,2961.0,1084.34,1084.34,,0.0,1.0327,3.0,10220,Tammy Patton,"Gemini Ctgs - El Reno, OK",United States,Gemini Coatings - Global Parent,2020-03-31T00:00:00,Gary Singer,S,S4
00010,        CINC,1105994,1.0,N,WD40,WD40,WD40-UN,WAX DISPERSION 40,,PPD,999,7560.0,,4200.0,1905.0875999999998,3222.66,7560.0,4337.34,4337.34,,0.0,1.0327,12.0,10220,Abbie Wootton,Behr Process LLC -Santa Ana CA (W Alton),United States,Behr - Global Parent,2020-05-05T00:00:00,Gary Singer,S,S4
00010,        CINC,1118128,1.0,N,WD40,WD40,WD40-UN,WAX DISPERSION 40,,PPD,999,15120.0,,8400.0,3810.1751999999997,6445.32,15120.0,8674.68,8674.68,,0.0,1.0327,24.0,10220,Abbie Wootton,Behr Process LLC -Santa Ana CA (W Alton),United States,Behr - Global Parent,2020-05-01T00:00:00,Gary Singer,S,S4
00010,        CINC,1122032,1.0,N,WD40,WD40,WD40-UN,WAX DISPERSION 40,,PPD,999,9576.0,,5600.0,2540.1168,2856.0,9576.0,6720.0,6720.0,,0.0,1.2,16.0,10220,Abbie Wootton,Behr Process LLC -Santa Ana CA (W Alton),United States,Behr - Global Parent,2020-06-30T00:00:00,Gary Singer,S,S4
00010,        CINC,1146221,1.0,N,WD40,WD40,WD40-UN,WAX DISPERSION 40,,COL,999,12152.0,,5600.0,2540.1168,5432.0,12152.0,6720.0,6720.0,,0.0,1.2,16.0,10220,Tammy Patton,"Gemini Ctgs - El Reno, OK",United States,Gemini Coatings - Global Parent,2020-07-15T00:00:00,Gary Singer,S,S4
00010,        CINC,1149000,1.0,N,WD40,WD40,WD40-UN,WAX DISPERSION 40,,PPD,999,16758.0,,9800.0,4445.2044,4998.0,16758.0,11760.0,11760.0,,0.0,1.2,28.0,10220,Abbie Wootton,Behr Process LLC -Santa Ana CA (W Alton),United States,Behr - Global Parent,2020-07-16T00:00:00,Gary Singer,S,S4
00010,        CINC,1164462,1.0,N,WD40,WD40,WD40-UN,WAX DISPERSION 40,,COL,999,12152.0,,5600.0,2540.1168,5432.0,12152.0,6720.0,6720.0,,0.0,1.2,16.0,10220,Tammy Patton,"Gemini Ctgs - El Reno, OK",United States,Gemini Coatings - Global Parent,2020-08-04T00:00:00,Gary Singer,S,S4
00010,        CINC,1275739,1.0,N,WD40,WD40,WD40-UN,WAX DISPERSION 40,,COL,999,12152.0,,5600.0,2540.1168,5432.0,12152.0,6720.0,6720.0,,0.0,1.2,16.0,10220,Tammy Patton,"Gemini Ctgs - El Reno, OK",United States,Gemini Coatings - Global Parent,2021-02-09T00:00:00,Gary Singer,S,S4
00010,        CINC,1315015,1.0,N,WD40,WD40,WD40-UN,WAX DISPERSION 40,,COL,999,18987.5,,8750.0,3968.9325,8137.5,18987.5,10850.0,10850.0,,0.0,1.24,25.0,10220,Tammy Patton,"Gemini Ctgs - El Reno, OK",United States,Gemini Coatings - Global Parent,2021-04-20T00:00:00,Gary Singer,S,S4
00010,        CINC,1133676,1.0,N,WD40,WD40,WD40-UN,WAX DISPERSION 40,,COB,999,9355.5,,3850.0,1746.3302999999999,4735.5,9355.5,4620.0,4620.0,,0.0,1.2,11.0,10220,Brendan Schloerb,"Benjamin Moore - Milford, MA",United States,Benjamin Moore - Global Parent,2020-06-22T00:00:00,Gary Singer,S,S4
00010,        CINC,1167683,1.0,N,WD40,WD40,WD40-UN,WAX DISPERSION 40,,COB,999,9355.5,,3850.0,1746.3302999999999,4735.5,9355.5,4620.0,4620.0,,0.0,1.2,11.0,10220,Brendan Schloerb,"Benjamin Moore - Milford, MA",United States,Benjamin Moore - Global Parent,2020-08-12T00:00:00,Gary Singer,S,S4
00010,        CINC,1284522,1.0,N,WD40,WD40,WD40-UN,WAX DISPERSION 40,,COB,999,9355.5,,3850.0,1746.3302999999999,4581.5,9355.5,4774.0,4774.0,,0.0,1.24,11.0,10220,Brendan Schloerb,"Benjamin Moore - Milford, MA",United States,Benjamin Moore - Global Parent,2021-04-08T00:00:00,Gary Singer,S,S4
00010,        CINC,1306386,1.0,N,WD40,WD40,WD40-UN,WAX DISPERSION 40,,COL,999,1116.5,,350.0,158.7573,682.5,1116.5,434.0,434.0,,0.0,1.24,1.0,10220,GENERIC TM,"Barentz - Chicago Aerosol,Bridgeview, IL",United States,Barentz - Global Parent,2021-04-08T00:00:00,Gary Singer,S,S4
00010,        CINC,1311993,1.0,N,WD40,WD40,WD40-UN,WAX DISPERSION 40,,PPA,999,1036.0,,350.0,158.7573,602.0,1036.0,434.0,434.0,,0.0,1.24,1.0,10220,Tammy Patton,"Standard Paints - Mansfield, TX",United States,Standard Paint - Global Parent,2021-04-26T00:00:00,Gary Singer,S,S4
00010,        CINC,1088769,1.0,N,WD40,WD40,WD40-UN,WAX DISPERSION 40,,COB,999,5103.0,,2100.0,952.5437999999999,2934.33,5103.0,2168.67,2168.67,,0.0,1.0327,6.0,10220,Brendan Schloerb,"Benjamin Moore - Milford, MA",United States,Benjamin Moore - Global Parent,2020-03-31T00:00:00,Gary Singer,S,S4
00010,        CINC,1142153,1.0,N,WD40,WD40,WD40-UN,WAX DISPERSION 40,,COB,999,1036.0,,350.0,158.7573,674.55,1036.0,361.45,361.45,,0.0,1.0327,1.0,10220,Tammy Patton,"Standard Paints - Mansfield, TX",United States,Standard Paint - Global Parent,2020-06-16T00:00:00,Gary Singer,S,S4
00010,        CINC,1221878,1.0,N,WD40,WD40,WD40-UN,WAX DISPERSION 40,,PPA,999,1036.0,,350.0,158.7573,616.0,1036.0,420.0,420.0,,0.0,1.2,1.0,10220,Tammy Patton,"Standard Paints - Mansfield, TX",United States,Standard Paint - Global Parent,2020-11-03T00:00:00,Gary Singer,S,S4
00010,        CINC,1285224,1.0,N,WD40,WD40,WD40-UN,WAX DISPERSION 40,,COB,999,1778.0,,700.0,317.5146,910.0,1778.0,868.0,868.0,,0.0,1.24,2.0,10220,Brendan Schloerb,"Benjamin Moore - Milford, MA",United States,Benjamin Moore - Global Parent,2021-05-14T00:00:00,Gary Singer,S,S4
00010,        CINC,1174260,1.0,N,WD40,WD40,WD40-SP,WAX DISPERSION 40,,COL,999,1222.2,,210.0,95.2546,935.02,1222.2,287.18,287.18,,0.0,1.3675,7.0,10220,Tammy Patton,"Altima Int-Coral Gables, FL",United States,Altima - GLOBAL PARENT,2020-08-21T00:00:00,Gary Singer,S,S4
00010,        CINC,1311965,1.0,N,APT10,APT10,APT10,ADVANCED POLYMER TECHNOLOGY 10,,PPD,999,99590.0,,43300.0,19640.88,11245.01,99590.0,88344.99,88344.99,,0.0,2.0403,43300.0,10220,Bryan Fuka,Advanced Polymer Technology- Evans Ci PA,United States,Advanced Polymer Tech. -- Global Parent,2021-04-06T00:00:00,Chris Vogt,S,S4
00010,        CINC,1321996,1.0,N,APT10,APT10,APT10,ADVANCED POLYMER TECHNOLOGY 10,,PPD,999,110642.4,,45720.0,20738.592,14799.56,110642.4,95842.84,95842.84,,0.0,2.0963,45720.0,10220,Bryan Fuka,Advanced Polymer Technology- Evans Ci PA,United States,Advanced Polymer Tech. -- Global Parent,2021-05-12T00:00:00,Chris Vogt,S,S4
00010,        CINC,1343428,1.0,N,APT10,APT10,APT10,ADVANCED POLYMER TECHNOLOGY 10,,PPD,999,110110.0,,45500.0,20638.8,14691.95,110110.0,95418.05,95418.05,,0.0,2.0971,45500.0,10220,Bryan Fuka,Advanced Polymer Technology- Evans Ci PA,United States,Advanced Polymer Tech. -- Global Parent,2021-06-21T00:00:00,Chris Vogt,S,S4
00010,        CINC,1352173,1.0,N,APT10,APT10,APT10,ADVANCED POLYMER TECHNOLOGY 10,,PPD,999,108270.8,,44740.0,20294.064,14451.02,108270.8,93819.78,93819.78,,0.0,2.097,44740.0,10220,Bryan Fuka,Advanced Polymer Technology- Evans Ci PA,United States,Advanced Polymer Tech. -- Global Parent,2021-06-29T00:00:00,Chris Vogt,S,S4
00010,        CINC,1356498,1.0,N,APT10,APT10,APT10,ADVANCED POLYMER TECHNOLOGY 10,,PPD,999,105947.6,,43780.0,19858.608,14140.94,105947.6,91806.66,91806.66,,0.0,2.097,43780.0,10220,Bryan Fuka,Advanced Polymer Technology- Evans Ci PA,United States,Advanced Polymer Tech. -- Global Parent,2021-07-09T00:00:00,Chris Vogt,S,S4
00010,        CINC,1368907,1.0,N,APT10,APT10,APT10,ADVANCED POLYMER TECHNOLOGY 10,,PPD,999,117774.0,,43620.0,19786.032,26302.86,117774.0,91471.14,91471.14,,0.0,2.097,43620.0,10220,Bryan Fuka,Advanced Polymer Technology- Evans Ci PA,United States,Advanced Polymer Tech. -- Global Parent,2021-08-18T00:00:00,Chris Vogt,S,S4
00010,        CINC,1408478,1.0,N,APT10,APT10,APT10,ADVANCED POLYMER TECHNOLOGY 10,,PPD,999,120150.0,,44500.0,20185.2,19851.45,120150.0,100298.55,100298.55,,0.0,2.2539,44500.0,10220,Bryan Fuka,Advanced Polymer Technology- Evans Ci PA,United States,Advanced Polymer Tech. -- Global Parent,2021-09-10T00:00:00,Chris Vogt,S,S4
00010,        CINC,1443954,1.0,N,APT10,APT10,APT10,ADVANCED POLYMER TECHNOLOGY 10,,PPD,999,123516.0,,43800.0,19867.68,21851.82,123516.0,101664.18,101664.18,,0.0,2.3211,43800.0,10220,Bryan Fuka,Advanced Polymer Technology- Evans Ci PA,United States,Advanced Polymer Tech. -- Global Parent,2021-11-02T00:00:00,Chris Vogt,S,S4
00010,        CINC,1692988,1.0,N,WD40,WD40,WD40-UN,WAX DISPERSION 40,,COB,999,5890.5,,1050.0,476.27189999999996,3066.0,5890.5,2824.5,2824.5,,0.0,2.69,3.0,10220,Brendan Schloerb,"Benjamin Moore - Milford, MA",United States,Benjamin Moore - Global Parent,2022-10-03T00:00:00,Gary Singer,S,S4
00010,        CINC,1310619,1.0,N,WD40,WD40,WD40-UN,WAX DISPERSION 40,,COB,999,9779.0,,3850.0,1746.3302999999999,5197.5,9779.0,4581.5,4581.5,,0.0,1.19,11.0,10220,Brendan Schloerb,"Benjamin Moore - Milford, MA",United States,Benjamin Moore - Global Parent,2021-07-22T00:00:00,Gary Singer,S,S4
00010,        CINC,1346032,1.0,N,WD40,WD40,WD40-UN,WAX DISPERSION 40,,PPD,999,20072.5,,10850.0,4921.476299999999,7161.0,20072.5,12911.5,12911.5,,0.0,1.19,31.0,10220,Abbie Wootton,Behr Process LLC -Santa Ana CA (W Alton),United States,Behr - Global Parent,2021-10-07T00:00:00,Gary Singer,S,S4
00010,        CINC,1356448,1.0,N,WD40,WD40,WD40-UN,WAX DISPERSION 40,,COB,999,9779.0,,3850.0,1746.3302999999999,5197.5,9779.0,4581.5,4581.5,,0.0,1.19,11.0,10220,Brendan Schloerb,"Benjamin Moore - Milford, MA",United States,Benjamin Moore - Global Parent,2021-08-31T00:00:00,Gary Singer,S,S4
00010,        CINC,1356449,1.0,N,WD40,WD40,WD40-UN,WAX DISPERSION 40,,COB,999,10010.0,,3850.0,1746.3302999999999,5428.5,10010.0,4581.5,4581.5,,0.0,1.19,11.0,10220,Brendan Schloerb,"Benjamin Moore - Milford, MA",United States,Benjamin Moore - Global Parent,2021-11-22T00:00:00,Gary Singer,S,S4
00010,        CINC,1443407,1.0,N,WD40,WD40,WD40-UN,WAX DISPERSION 40,,PPA,999,1099.0,,350.0,158.7573,682.5,1099.0,416.5,416.5,,0.0,1.19,1.0,10220,Tammy Patton,"Standard Paints - Mansfield, TX",United States,Standard Paint - Global Parent,2021-10-15T00:00:00,Gary Singer,S,S4
00010,        CINC,1482598,1.0,N,WD40,WD40,WD40-UN,WAX DISPERSION 40,,PPA,999,1099.0,,350.0,158.7573,682.5,1099.0,416.5,416.5,,0.0,1.19,1.0,10220,Tammy Patton,"Standard Paints - Mansfield, TX",United States,Standard Paint - Global Parent,2021-12-27T00:00:00,Gary Singer,S,S4
00010,        GRAN,1237302,1.0,N,MD4020,MD4020,MD4020-C2,BEHR CHALK DECO WAX CLR 7140 H,,PPD,999,46116.0,,5252.94,2382.66,11970.0,46116.0,34146.0,34146.0,,0.0,2.71,12600.0,10220,Abbie Wootton,"Behr Process LLC - McDonough, GA",United States,Behr - Global Parent,2021-07-28T00:00:00,Chris Vogt,S,S4
00010,        GRAN,1290841,1.0,N,MD4020,MD4020,MD4020-C2,BEHR CHALK DECO WAX CLR 7140 H,,PPD,999,20005.56,,2278.7754,1033.6206,5192.7,20005.56,14812.86,14812.86,,0.0,2.71,5466.0,10220,Abbie Wootton,"Behr Process LLC - McDonough, GA",United States,Behr - Global Parent,2021-07-28T00:00:00,Chris Vogt,S,S4
00010,        GRAN,1309073,1.0,N,MD4023,MD4023,MD4023-C2,BEHR CHALK DECO WAX WHT 7150 H,,PPD,999,30024.0,,3753.3599999999997,1702.8,9072.0,30024.0,20952.0,20952.0,,0.0,2.91,7200.0,10220,Abbie Wootton,"Behr Process LLC - McDonough, GA",United States,Behr - Global Parent,2021-09-30T00:00:00,Chris Vogt,S,S4
00010,        GRAN,1386803,1.0,N,MD4020,MD4020,MD4020-C2,BEHR CHALK DECO WAX CLR 7140 H,,PPD,999,22557.36,,2031.1368,921.2951999999999,5651.52,22557.36,16905.84,16905.84,,0.0,3.47,4872.0,10220,Abbie Wootton,"Behr Process LLC - McDonough, GA",United States,Behr - Global Parent,2022-01-04T00:00:00,Chris Vogt,S,S4
00010,        GRAN,1454890,1.0,N,MD4020,MD4020,MD4020-C2,BEHR CHALK DECO WAX CLR 7140 H,,PPD,999,65310.78,,5880.7914,2667.4446,16362.96,65310.78,48947.82,48947.82,,0.0,3.47,14106.0,10220,Abbie Wootton,"Behr Process LLC - McDonough, GA",United States,Behr - Global Parent,2022-04-13T00:00:00,Chris Vogt,S,S4
00010,        CINC,1376693,1.0,N,WD40,WD40,WD40-UN,WAX DISPERSION 40,,PPD,999,41440.0,,22400.0,10160.4672,14784.0,41440.0,26656.0,26656.0,,0.0,1.19,64.0,10220,Abbie Wootton,Behr Process LLC -Santa Ana CA (W Alton),United States,Behr - Global Parent,2021-12-15T00:00:00,Gary Singer,S,S4
00010,        CINC,1381155,1.0,N,APT10,APT10,APT10-T2,ADVANCED POLYMER TECHNOLOGY 10,,PPD,999,81180.0,,33000.0,14968.5495,8702.1,81180.0,72477.9,72477.9,,0.0,2.1963,15.0,10220,Bryan Fuka,Advanced Polymer Technology- Evans Ci PA,United States,Advanced Polymer Tech. -- Global Parent,2021-07-29T00:00:00,Chris Vogt,S,S4
00010,        CINC,1428389,1.0,N,WD40,WD40,WD40-SP,WAX DISPERSION 40,,COB,999,190.8,,30.0,13.6078,149.77,190.8,41.03,41.03,,0.0,1.3675,1.0,10220,GENERIC TM,"Barentz - Brothers Res, Burlington, NC",United States,Barentz - Global Parent,2021-10-01T00:00:00,Gary Singer,S,S4
00010,        CINC,1485395,1.0,N,MW40514,MW40514,MW40514-C2,MINWAX WHITE WAX,,COL,999,31420.44,,3096.7332,1404.6348,7279.44,31420.44,24141.0,24141.0,,0.0,3.25,7428.0,10220,Bryan Fuka,"Minwax Company - Flora, IL",United States,Sherwin Williams - Global Parent,2022-01-27T00:00:00,Becky McCloskey,S,S4
00010,        CINC,1494037,1.0,N,WD40,WD40,WD40-UN,WAX DISPERSION 40,,PPD,999,12302.5,,6650.0,3016.3886999999995,4389.0,12302.5,7913.5,7913.5,,0.0,1.19,19.0,10220,Abbie Wootton,Behr Process LLC -Santa Ana CA (W Alton),United States,Behr - Global Parent,2022-01-11T00:00:00,Gary Singer,S,S4
00010,        CINC,1494148,1.0,N,MW40504,MW40504,MW40504-C2,MINWAX CLEAR WAX,,COB,999,4328.24,,436.9112,198.1768,974.64,4328.24,3353.6,3353.6,,0.0,3.2,1048.0,10220,Bryan Fuka,"Sherwin Williams - Romeoville, IL",United States,Sherwin Williams - Global Parent,2022-01-05T00:00:00,Becky McCloskey,S,S4
00010,        CINC,1494149,1.0,N,MW40504,MW40504,MW40504-C2,MINWAX CLEAR WAX,,COB,999,65419.2,,6603.696,2995.344,14731.2,65419.2,50688.0,50688.0,,0.0,3.2,15840.0,10220,Bryan Fuka,"Sherwin Williams - Romeoville, IL",United States,Sherwin Williams - Global Parent,2022-01-04T00:00:00,Becky McCloskey,S,S4
00010,        CINC,1507497,1.0,N,WD40,WD40,WD40-UN,WAX DISPERSION 40,,PPD,999,2646.0,,1400.0,635.0292,980.0,2646.0,1666.0,1666.0,,0.0,1.19,4.0,10220,Abbie Wootton,Behr Process LLC -Santa Ana CA (W Alton),United States,Behr - Global Parent,2022-02-21T00:00:00,Gary Singer,S,S4
00010,        CINC,1063219,1.0,N,WD40,WD40,WD40-UN,WAX DISPERSION 40,,COL,999,2884.0,,1400.0,635.0292,1438.22,2884.0,1445.78,1445.78,,0.0,1.0327,4.0,10220,Bryan Fuka,"Sherwin Williams - Columbus, OH",United States,Sherwin Williams - Global Parent,2020-02-27T00:00:00,Gary Singer,S,SZ
00010,        CINC,1073473,1.0,N,WD40,WD40,WD40-UN,WAX DISPERSION 40,,COL,999,2884.0,,1400.0,635.0292,1438.22,2884.0,1445.78,1445.78,,0.0,1.0327,4.0,10220,Bryan Fuka,"Sherwin Williams - Columbus, OH",United States,Sherwin Williams - Global Parent,2020-02-27T00:00:00,Gary Singer,S,SZ
00010,        CINC,1103508,1.0,N,WD40,WD40,WD40-UN,WAX DISPERSION 40,,COL,999,2884.0,,1400.0,635.0292,1438.22,2884.0,1445.78,1445.78,,0.0,1.0327,4.0,10220,Bryan Fuka,"Sherwin Williams - Columbus, OH",United States,Sherwin Williams - Global Parent,2020-04-21T00:00:00,Gary Singer,S,SZ
00010,        CINC,1145642,1.0,N,WD40,WD40,WD40-UN,WAX DISPERSION 40,,COL,999,2884.0,,1400.0,635.0292,1204.0,2884.0,1680.0,1680.0,,0.0,1.2,4.0,10220,Bryan Fuka,"Sherwin Williams - Columbus, OH",United States,Sherwin Williams - Global Parent,2020-06-30T00:00:00,Gary Singer,S,SZ
00010,        CINC,1162171,1.0,N,WD40,WD40,WD40-UN,WAX DISPERSION 40,,COL,999,2884.0,,1400.0,635.0292,1204.0,2884.0,1680.0,1680.0,,0.0,1.2,4.0,10220,Bryan Fuka,"Sherwin Williams - Columbus, OH",United States,Sherwin Williams - Global Parent,2020-07-29T00:00:00,Gary Singer,S,SZ
00010,        CINC,1210071,1.0,N,WD40,WD40,WD40-UN,WAX DISPERSION 40,,COL,999,2884.0,,1400.0,635.0292,1204.0,2884.0,1680.0,1680.0,,0.0,1.2,4.0,10220,Bryan Fuka,"Sherwin Williams - Columbus, OH",United States,Sherwin Williams - Global Parent,2020-10-27T00:00:00,Gary Singer,S,SZ
00010,        CINC,1229964,1.0,N,WD40,WD40,WD40-UN,WAX DISPERSION 40,,COL,999,2884.0,,1400.0,635.0292,1204.0,2884.0,1680.0,1680.0,,0.0,1.2,4.0,10220,Bryan Fuka,"Sherwin Williams - Columbus, OH",United States,Sherwin Williams - Global Parent,2020-11-24T00:00:00,Gary Singer,S,SZ
00010,        CINC,1267623,1.0,N,WD40,WD40,WD40-UN,WAX DISPERSION 40,,COL,999,2884.0,,1400.0,635.0292,1204.0,2884.0,1680.0,1680.0,,0.0,1.2,4.0,10220,Bryan Fuka,"Sherwin Williams - Columbus, OH",United States,Sherwin Williams - Global Parent,2021-01-21T00:00:00,Gary Singer,S,SZ
00010,        CINC,1290166,1.0,N,WD40,WD40,WD40-UN,WAX DISPERSION 40,,COL,999,2884.0,,1400.0,635.0292,1204.0,2884.0,1680.0,1680.0,,0.0,1.2,4.0,10220,Bryan Fuka,"Sherwin Williams - Columbus, OH",United States,Sherwin Williams - Global Parent,2021-03-03T00:00:00,Gary Singer,S,SZ
00010,        CINC,1365919,1.0,N,WD40,WD40,WD40-UN,WAX DISPERSION 40,,COL,999,6048.0,,2800.0,1270.0584,2716.0,6048.0,3332.0,3332.0,,0.0,1.19,8.0,10220,Bryan Fuka,"Sherwin Williams - Columbus, OH",United States,Sherwin Williams - Global Parent,2021-07-16T00:00:00,Gary Singer,S,SZ
00010,        GRAN,1141021,1.0,N,MD4021S,MD4021S,MD4021S-C1,SBH WAX DARK S6444 2.4 OZ,,PPD,999,8208.0,,360.0,163.296,7462.66,8208.0,745.34,745.34,,0.0,0.2588,2880.0,10220,Abbie Wootton,Behr Process LLC -Santa Ana CA (W Alton),United States,Behr - Global Parent,2020-06-10T00:00:00,Chris Vogt,SR,CO
00010,        CINC,1144487,1.0,N,WD40,WD40,WD40-UN,WAX DISPERSION 40,,COL,999,1442.0,,700.0,317.5146,602.0,1442.0,840.0,840.0,,0.0,1.2,2.0,10220,Bryan Fuka,"Sherwin Williams - Greensboro, NC-BUDGET",United States,Sherwin Williams - Global Parent,2020-07-01T00:00:00,Gary Singer,S,SZ
00010,        GRAN,1124799,1.0,N,MD4020,MD4020,MD4020-C2,BEHR CHALK DECO WAX CLR 7140 H,,PPD,999,-31798.08,,-3622.0272,-1642.9008,-7122.42,-31798.08,-24675.66,-24675.66,,0.0,2.8402,-8688.0,10220,Abbie Wootton,"Behr Process LLC - McDonough, GA",United States,Behr - Global Parent,2020-05-12T00:00:00,Chris Vogt,C,CO
00010,        GRAN,1124800,1.0,N,MD4020,MD4020,MD4020-C2,BEHR CHALK DECO WAX CLR 7140 H,,PPD,999,-18490.32,,-2106.1788,-955.3331999999999,-4141.63,-18490.32,-14348.69,-14348.69,,0.0,2.8402,-5052.0,10220,Abbie Wootton,"Behr Process LLC - McDonough, GA",United States,Behr - Global Parent,2020-05-12T00:00:00,Chris Vogt,C,CO
00010,        GRAN,1124807,1.0,N,MD4020,MD4020,MD4020-C2,BEHR CHALK DECO WAX CLR 7140 H,,PPD,999,-1207.8,,-137.577,-62.403,-270.53,-1207.8,-937.27,-937.27,,0.0,2.8402,-330.0,10220,Abbie Wootton,"Behr Process LLC - McDonough, GA",United States,Behr - Global Parent,2020-05-12T00:00:00,Chris Vogt,C,CO
00010,        GRAN,1124822,1.0,N,MD4020,MD4020,MD4020-C2,BEHR CHALK DECO WAX CLR 7140 H,,PPD,999,-5929.2,,-675.378,-306.342,-1328.08,-5929.2,-4601.12,-4601.12,,0.0,2.8402,-1620.0,10220,Abbie Wootton,"Behr Process LLC - McDonough, GA",United States,Behr - Global Parent,2020-05-12T00:00:00,Chris Vogt,C,CO
00010,        GRAN,1124823,1.0,N,MD4020,MD4020,MD4020-C2,BEHR CHALK DECO WAX CLR 7140 H,,PPD,999,-12275.64,,-1398.2826,-634.2414,-2749.61,-12275.64,-9526.03,-9526.03,,0.0,2.8402,-3354.0,10220,Abbie Wootton,"Behr Process LLC - McDonough, GA",United States,Behr - Global Parent,2020-05-12T00:00:00,Chris Vogt,C,CO
00010,        GRAN,1133065,1.0,N,MD4021S,MD4021S,MD4021S-C1,ITEM #S644432,,PPD,999,-8208.0,,-360.0,-163.296,-7462.66,-8208.0,-745.34,-745.34,,0.0,0.2588,-2880.0,10220,Abbie Wootton,Behr Process LLC -Santa Ana CA (W Alton),United States,Behr - Global Parent,2020-05-27T00:00:00,Chris Vogt,C,CO
00010,        CIN2,1590148,1.0,N,U201,U201,U201-OP,HYDROSIZE U2-01,,PPA,999,-11205.0,,-2700.0,-1224.6996,-1979.64,-11205.0,-9225.36,-9225.36,,0.0,3.4168,-6.0,10240,Brendan Schloerb,"Mitsubishi Chemical - Sacramento, CA",United States,Mitsubishi Chemical F&C-Global Parent,2022-05-10T00:00:00,Norman Seung,C,CO
00010,        CIN2,1479042,1.0,N,U204,U204,U204-OP,HYDROSIZE U2-04,,PPA,999,-2101.5,,-450.0,-204.12,-603.9,-2101.5,-1497.6,-1497.6,,0.0,3.328,-450.0,10240,Brendan Schloerb,"Sheldahl Flexible Tech - Northfield, MN",United States,"Sheldahl Flexible Tech - Northfield, MN",2022-02-21T00:00:00,Norman Seung,C,CO
00010,        CIN2,1480607,1.0,N,U204,U204,U204-OP,HYDROSIZE U2-04,,PPA,999,-2227.5,,-450.0,-204.12,-729.9,-2227.5,-1497.6,-1497.6,,0.0,3.328,-450.0,10240,Brendan Schloerb,"Sheldahl Flexible Tech - Northfield, MN",United States,"Sheldahl Flexible Tech - Northfield, MN",2022-04-14T00:00:00,Norman Seung,C,CO
00010,        CIN2,1499075,1.0,N,U204,U204,U204-OP,HYDROSIZE U2-04,,PPA,999,-2227.5,,-450.0,-204.12,-729.9,-2227.5,-1497.6,-1497.6,,0.0,3.328,-450.0,10240,Brendan Schloerb,"Sheldahl Flexible Tech - Northfield, MN",United States,"Sheldahl Flexible Tech - Northfield, MN",2022-04-14T00:00:00,Norman Seung,C,CO
00010,        CIN2,1638444,1.0,N,U201,U201,U201-T2,HYDROSIZE U2-01,,PPA,999,-99484.0,,-30800.0,-13970.88,3726.8,-99484.0,-103210.8,-103210.8,,0.0,3.351,-30800.0,10220,Brent Harris,"Ortec - Easley, SC (Pickens)",United States,"Ortec - Easley, SC (Pickens)",2022-07-28T00:00:00,Norman Seung,C,CO
00010,        CIN2,1638468,1.0,N,U201,U201,U201-T2,HYDROSIZE U2-01,,PPA,999,-127908.0,,-39600.0,-17962.56,4791.6,-127908.0,-132699.6,-132699.6,,0.0,3.351,-39600.0,10220,Brent Harris,"Ortec - Easley, SC (Pickens)",United States,"Ortec - Easley, SC (Pickens)",2022-07-28T00:00:00,Norman Seung,C,CO
00010,        DANC,1682244,1.0,N,WD40,WD40,WD40-UN,WAX DISPERSION 40,,PPD,999,-1592.5,,-350.0,-158.76,-651.0,-1592.5,-941.5,-941.5,,0.0,2.69,-350.0,10220,Abbie Wootton,Behr Process LLC -Santa Ana CA (W Alton),United States,Behr - Global Parent,2022-09-08T00:00:00,Gary Singer,C,CO
00010,        CINC,1087257,1.0,N,WD40,WD40,WD40-UN,WAX DISPERSION 40,,COL,999,-682.5,,-1.0,-0.4536,-681.47,-682.5,-1.03,-1.03,,0.0,1.0327,-1.0,10220,Tammy Patton,"Gemini Ctgs - El Reno, OK",United States,Gemini Coatings - Global Parent,2020-04-22T00:00:00,Gary Singer,C,CO
00010,        CINC,1269558,1.0,N,WD40,WD40,WD40-UN,WAX DISPERSION 40,,COL,999,-2002.0,,-1.0,-0.4536,-2000.8,-2002.0,-1.2,-1.2,,0.0,1.2,-1.0,10220,Tammy Patton,"Gemini Ctgs - El Reno, OK",United States,Gemini Coatings - Global Parent,2021-02-10T00:00:00,Gary Singer,C,CO
00010,        CIN2,1341025,1.0,N,U204,U204,U204-OP,HYDROSIZE U2-04,,PPA,999,-1872.0,,-1.0,-0.4536,-1869.44,-1872.0,-2.56,-2.56,,0.0,2.564,-1.0,10240,Brendan Schloerb,"Lite Fibers - Ellwood City, PA",United States,"Lite Fibers - Ellwood City, PA",2021-07-30T00:00:00,Norman Seung,C,CO
00010,        CIN2,1443985,1.0,N,U502,U502,U502-OP,HYDROSIZE U5-02,,COB,999,-155.88,,-1.0,-0.4536,-151.0,-155.88,-4.88,-4.88,,0.0,4.88,-1.0,10240,Moses Martinez,"SOURCE Global - Tempe, AZ DO NOT USE",United States,"SOURCE Global - Tempe, AZ DO NOT USE",2022-05-25T00:00:00,Norman Seung,C,CO
00010,        DANC,1581592,1.0,N,WD40,WD40,WD40-UN,WAX DISPERSION 40,,PPA,999,-1034.5,,-1.0,-0.4536,-1031.81,-1034.5,-2.69,-2.69,,0.0,2.69,-1.0,10220,Tammy Patton,"Altima C/O Plus Cargo - Miami, FL",United States,Altima - GLOBAL PARENT,2022-06-22T00:00:00,Gary Singer,C,CO
00010,        CIN2,1590150,1.0,N,U201,U201,U201-OP,HYDROSIZE U2-01,,PPA,999,-4050.0,,-1.0,-0.4536,-4046.51,-4050.0,-3.49,-3.49,,0.0,3.492,-1.0,10240,Brendan Schloerb,"Mitsubishi Chemical - Sacramento, CA",United States,Mitsubishi Chemical F&C-Global Parent,2022-06-02T00:00:00,Norman Seung,C,CO
00010,        CIN2,1112576,1.0,N,ABEX2525,ABEX2525,ABEX2525,ABEX2525 40 Surfactant,,,999,-3491.4,,1380.0,625.968,-6292.8,-3491.4,2801.4,2801.4,,0.0,2.03,1380.0,CIN2,,Cinci Raw Material Returns,United States,Cinci Raw Material Returns,2020-04-27T00:00:00,Roxana McMican,SV,SR
00010,        CINC,1101864,1.0,N,WD40,WD40,WD40-UN,WAX DISPERSION 40,,COL,999,1442.0,,700.0,317.5146,719.11,1442.0,722.89,722.89,,0.0,1.0327,2.0,10220,Bryan Fuka,"Sherwin Williams - Greensboro, NC-BUDGET",United States,Sherwin Williams - Global Parent,2020-04-21T00:00:00,Gary Singer,S,SZ
00010,        CINC,1116942,1.0,N,WD40,WD40,WD40-UN,WAX DISPERSION 40,,COL,999,1442.0,,700.0,317.5146,719.11,1442.0,722.89,722.89,,0.0,1.0327,2.0,10220,Bryan Fuka,"Sherwin Williams - Greensboro, NC-BUDGET",United States,Sherwin Williams - Global Parent,2020-05-11T00:00:00,Gary Singer,S,SZ
00010,        CINC,1142822,1.0,N,WD40,WD40,WD40-UN,WAX DISPERSION 40,,COL,999,721.0,,350.0,158.7573,301.0,721.0,420.0,420.0,,0.0,1.2,1.0,10220,Bryan Fuka,"Sherwin Williams - Greensboro, NC-BUDGET",United States,Sherwin Williams - Global Parent,2020-06-23T00:00:00,Gary Singer,S,SZ
00010,        CINC,1342270,1.0,N,WD40,WD40,WD40-UN,WAX DISPERSION 40,,COL,999,3780.0,,1750.0,793.7864999999999,1610.0,3780.0,2170.0,2170.0,,0.0,1.24,5.0,10220,Bryan Fuka,"Minwax Company - Flora, IL",United States,Sherwin Williams - Global Parent,2021-05-19T00:00:00,Gary Singer,S,SZ
00010,        CIN2,1065107,1.0,N,191245PX,191245PX,191245PX-T2,EXPERIMENTAL PRODUCT 191245PX,,PPB,999,0.0,,4600.0,2086.525,-12229.92,0.0,12229.92,12229.92,,0.0,2.5479,2.0,10230,Andrew Suski,"Domtar - Rothschild, WI",United States,"Domtar - Rothschild, WI",2020-01-30T00:00:00,Kaitlyn Slack,S,SA
00010,        CIN2,1085607,1.0,N,191245PX,191245PX,191245PX-T2,EXPERIMENTAL PRODUCT 191245PX,,PPB,999,0.0,,6900.0,3129.7875000000004,-13975.92,0.0,13975.92,13975.92,,0.0,1.9411,3.0,10230,Andrew Suski,"Domtar - Rothschild, WI",United States,"Domtar - Rothschild, WI",2020-03-09T00:00:00,Kaitlyn Slack,S,SA
00010,        CIN2,1117591,1.0,N,191245PX,191245PX,191245PX-PL,EXPERIMENTAL PRODUCT 191245PX,,PPB,999,0.0,,80.0,36.2874,-159.93,0.0,159.93,159.93,,0.0,1.9991,2.0,10230,Dave Jeffers,"S-One/ Utopia - New Berlin, WI BUDGET",United States,S-One Labels - GLOBAL PARENT,2020-05-07T00:00:00,Kaitlyn Slack,S,SA
00010,        CIN2,1164976,1.0,N,U204,U204,U204-PL,HYDROSIZE U2-04,,COL,999,0.0,,40.0,18.1437,-76.28,0.0,76.28,76.28,,0.0,1.9069,1.0,10240,Brendan Schloerb,"Barrday Corp - Charlotte, NC",United States,Barrday - Global Parent,2020-07-28T00:00:00,Norman Seung,S,SA
00010,        CIN2,1229242,1.0,N,U201,U201,U201-OP,HYDROSIZE U2-01,,PPB,999,854.0,,200.0,90.72,416.16,854.0,437.84,437.84,,0.0,2.1892,200.0,10240,Brendan Schloerb,"Barrday Corp - Charlotte, NC",United States,Barrday - Global Parent,2020-11-18T00:00:00,Norman Seung,S,SA
00010,        CIN2,1234808,1.0,N,U204,U204,U204-OP,HYDROSIZE U2-04,,PPB,999,0.0,,214.0,97.0704,-604.12,0.0,604.12,604.12,,0.0,2.823,214.0,10240,Brendan Schloerb,"Barrday Corp - Charlotte, NC",United States,Barrday - Global Parent,2020-11-24T00:00:00,Norman Seung,S,SA
00010,        CIN2,1382918,1.0,N,U201,U201,U201-PL,HYDROSIZE U2-01,,PPB,999,0.0,,40.0,18.1437,-116.64,0.0,116.64,116.64,,0.0,2.916,1.0,10240,Samuel Hankins,"AGY Aiken - Aiken, SC",United States,AGY - Global Parent,2021-07-20T00:00:00,Norman Seung,S,SA
00010,        CIN2,1453944,1.0,N,U204,U204,U204-PL,HYDROSIZE U2-04,,PPB,999,0.0,,40.0,18.1437,-131.72,0.0,131.72,131.72,,0.0,3.293,1.0,10240,Brendan Schloerb,"Barrday Corp - Charlotte, NC",United States,Barrday - Global Parent,2021-11-02T00:00:00,Norman Seung,S,SA
00010,        CIN2,1612640,1.0,N,U204,U204,U204-PL,HYDROSIZE U2-04,,PPB,999,0.0,,40.0,18.1437,-151.62,0.0,151.62,151.62,,0.0,3.7904,1.0,10240,Brendan Schloerb,"Barrday Corp - Charlotte, NC",United States,Barrday - Global Parent,2022-06-14T00:00:00,Norman Seung,S,SA
00010,        CIN2,1686242,1.0,N,U701,U701,U701-OP,HYDROSIZE U7-01,,PPB,999,0.0,,129.0,58.5144,-680.48,0.0,680.48,680.48,,0.0,5.275,129.0,10240,Samuel Hankins,"AGY Aiken - Aiken, SC",United States,AGY - Global Parent,2022-09-20T00:00:00,.,S,SA
00010,        CINC,1124291,1.0,N,WD40,WD40,WD40-UN,WAX DISPERSION 40,,COL,999,2163.0,,1050.0,476.27189999999996,1078.66,2163.0,1084.34,1084.34,,0.0,1.0327,3.0,10220,Bryan Fuka,"Sherwin Williams - Columbus, OH",United States,Sherwin Williams - Global Parent,2020-05-19T00:00:00,Gary Singer,S,SZ
00010,        CINC,1174166,1.0,N,WD40,WD40,WD40-UN,WAX DISPERSION 40,,COL,999,5768.0,,2800.0,1270.0584,2408.0,5768.0,3360.0,3360.0,,0.0,1.2,8.0,10220,Bryan Fuka,"Sherwin Williams - Columbus, OH",United States,Sherwin Williams - Global Parent,2020-08-19T00:00:00,Gary Singer,S,SZ
00010,        CINC,1247215,1.0,N,WD40,WD40,WD40-UN,WAX DISPERSION 40,,COL,999,2884.0,,1400.0,635.0292,1204.0,2884.0,1680.0,1680.0,,0.0,1.2,4.0,10220,Bryan Fuka,"Sherwin Williams - Columbus, OH",United States,Sherwin Williams - Global Parent,2020-12-17T00:00:00,Gary Singer,S,SZ
00010,        CINC,1323898,1.0,N,WD40,WD40,WD40-UN,WAX DISPERSION 40,,COL,999,5768.0,,2800.0,1270.0584,2296.0,5768.0,3472.0,3472.0,,0.0,1.24,8.0,10220,Bryan Fuka,"Sherwin Williams - Columbus, OH",United States,Sherwin Williams - Global Parent,2021-04-16T00:00:00,Gary Singer,S,SZ
00010,        CINC,1203562,1.0,N,WD40,WD40,WD40-UN,WAX DISPERSION 40,,COL,999,5047.0,,2450.0,1111.3011,2107.0,5047.0,2940.0,2940.0,,0.0,1.2,7.0,10220,Bryan Fuka,"Sherwin Williams - Garland, TX",United States,Sherwin Williams - Global Parent,2020-10-05T00:00:00,Gary Singer,S,SZ
00010,        CINC,1058992,1.0,N,WD40,WD40,WD40-UN,WAX DISPERSION 40,,COL,999,1442.0,,700.0,317.5146,713.44,1442.0,728.56,728.56,,0.0,1.0408,2.0,10220,Bryan Fuka,"Sherwin Williams - Greensboro, NC-BUDGET",United States,Sherwin Williams - Global Parent,2020-01-15T00:00:00,Gary Singer,S,SZ
00010,        CINC,1085211,1.0,N,WD40,WD40,WD40-UN,WAX DISPERSION 40,,COL,999,2163.0,,1050.0,476.27189999999996,1078.66,2163.0,1084.34,1084.34,,0.0,1.0327,3.0,10220,Bryan Fuka,"Minwax Company - Flora, IL",United States,Sherwin Williams - Global Parent,2020-03-12T00:00:00,Gary Singer,S,SZ
00010,        CINC,1092025,1.0,N,WD40,WD40,WD40-UN,WAX DISPERSION 40,,COL,999,2163.0,,1050.0,476.27189999999996,1078.66,2163.0,1084.34,1084.34,,0.0,1.0327,3.0,10220,Bryan Fuka,"Minwax Company - Flora, IL",United States,Sherwin Williams - Global Parent,2020-03-19T00:00:00,Gary Singer,S,SZ
00010,        CINC,1148353,1.0,N,WD40,WD40,WD40-UN,WAX DISPERSION 40,,COL,999,1442.0,,700.0,317.5146,602.0,1442.0,840.0,840.0,,0.0,1.2,2.0,10220,Bryan Fuka,"Sherwin Williams - Greensboro, NC-BUDGET",United States,Sherwin Williams - Global Parent,2020-07-13T00:00:00,Gary Singer,S,SZ
00010,        CINC,1186624,1.0,N,WD40,WD40,WD40-UN,WAX DISPERSION 40,,COL,999,1442.0,,700.0,317.5146,602.0,1442.0,840.0,840.0,,0.0,1.2,2.0,10220,Bryan Fuka,"Minwax Company - Flora, IL",United States,Sherwin Williams - Global Parent,2020-09-08T00:00:00,Gary Singer,S,SZ
00010,        CINC,1196917,1.0,N,WD40,WD40,WD40-UN,WAX DISPERSION 40,,COL,999,721.0,,350.0,158.7573,301.0,721.0,420.0,420.0,,0.0,1.2,1.0,10220,Bryan Fuka,"Minwax Company - Flora, IL",United States,Sherwin Williams - Global Parent,2020-09-21T00:00:00,Gary Singer,S,SZ
00010,        CIN2,1145643,1.0,N,U502,U502,U502-PL,HYDROSIZE U5-02,,PPB,999,0.0,,120.0,54.4311,-268.62,0.0,268.62,268.62,,0.0,2.2385,3.0,10240,Samuel Hankins,"Electric Glass Fiber America- Shelby, NC",United States,Nippon Electric Glass - Global Parent,2020-06-22T00:00:00,Norman Seung,S,SA
00010,        CIN2,1059350,1.0,N,191245PX,191245PX,191245PX-T2,EXPERIMENTAL PRODUCT 191245PX,,PPB,999,0.0,,2300.0,1043.2625,-4614.72,0.0,4614.72,4614.72,,0.0,1.9228,1.0,10230,Dave Jeffers,"Monadnock Paper - Bennington, NH",United States,"Monadnock Paper - Bennington, NH",2020-01-14T00:00:00,Kaitlyn Slack,S,SA
00010,        CIN2,1091873,1.0,N,191245PX,191245PX,191245PX-PL,EXPERIMENTAL PRODUCT 191245PX,,PPB,999,0.0,,40.0,18.1437,-79.96,0.0,79.96,79.96,,0.0,1.9991,1.0,10230,Andrew Suski,"Mohawk Paper - Cohoes, NY DO NOT REOPEN",United States,Mohawk - Global Parent,2020-03-11T00:00:00,Kaitlyn Slack,S,SA
00010,        CIN2,1109464,1.0,N,191245PX,191245PX,191245PX-PL,EXPERIMENTAL PRODUCT 191245PX,,PPB,999,0.0,,40.0,18.1437,-79.96,0.0,79.96,79.96,,0.0,1.9991,1.0,10230,Andrew Suski,"Mohawk Paper - Cohoes, NY DO NOT REOPEN",United States,Mohawk - Global Parent,2020-04-17T00:00:00,Kaitlyn Slack,S,SA
00010,        CIN2,1125899,1.0,N,191245PX,191245PX,191245PX-PL,EXPERIMENTAL PRODUCT 191245PX,,PPB,999,0.0,,40.0,18.1437,-79.96,0.0,79.96,79.96,,0.0,1.9991,1.0,10230,Dave Jeffers,"S-One/ Utopia - New Berlin, WI BUDGET",United States,S-One Labels - GLOBAL PARENT,2020-05-14T00:00:00,Kaitlyn Slack,S,SA
00010,        CIN2,1184392,1.0,N,U601,U601,U601-OP,HYDROSIZE U6-01,,PPB,999,0.0,,450.0,204.1166,-618.08,0.0,618.08,618.08,,0.0,1.3735,1.0,10240,Samuel Hankins,"Owens Corning - Amarillo, TX",United States,Owens Corning Vetrotex - Global Parent,2020-08-31T00:00:00,Norman Seung,S,SA
00010,        CIN2,1454783,1.0,N,U204,U204,U204-PL,HYDROSIZE U2-04,,PPB,999,0.0,,40.0,18.1437,-131.72,0.0,131.72,131.72,,0.0,3.293,1.0,10240,Brendan Schloerb,"Barrday Corp - Charlotte, NC",United States,Barrday - Global Parent,2021-11-02T00:00:00,Norman Seung,S,SA
00010,        CINC,1722,1.0,N,WD40,WD40,WD40-UN,WAX DISPERSION 40,,COL,999,-5047.0,,-2450.0,-1111.3011,-2107.0,-5047.0,-2940.0,-2940.0,,0.0,1.2,-7.0,10220,Bryan Fuka,"Sherwin Williams - Garland, TX",United States,Sherwin Williams - Global Parent,2020-11-17T00:00:00,Gary Singer,C,CM
00010,        CIN2,1734,1.0,N,U201,U201,U201-OP,HYDROSIZE U2-01,,PPA,999,-854.0,,-200.0,-90.72,-416.16,-854.0,-437.84,-437.84,,0.0,2.1892,-200.0,10240,Brendan Schloerb,"Barrday Corp - Charlotte, NC",United States,Barrday - Global Parent,2020-12-15T00:00:00,Norman Seung,C,CM
00010,        CINC,1373452,1.0,N,WD40,WD40,WD40-UN,WAX DISPERSION 40,,COL,999,3024.0,,1400.0,635.0292,1358.0,3024.0,1666.0,1666.0,,0.0,1.19,4.0,10220,Bryan Fuka,"Sherwin Williams - Columbus, OH",United States,Sherwin Williams - Global Parent,2021-07-27T00:00:00,Gary Singer,S,SZ
00010,        CINC,1377367,1.0,N,WD40,WD40,WD40-UN,WAX DISPERSION 40,,COL,999,3780.0,,1750.0,793.7864999999999,1697.5,3780.0,2082.5,2082.5,,0.0,1.19,5.0,10220,Bryan Fuka,"Minwax Company - Flora, IL",United States,Sherwin Williams - Global Parent,2021-07-15T00:00:00,Gary Singer,S,SZ
00010,        CINC,1469174,1.0,N,WD40,WD40,WD40-UN,WAX DISPERSION 40,,COL,999,3108.0,,1400.0,635.0292,1442.0,3108.0,1666.0,1666.0,,0.0,1.19,4.0,10220,Bryan Fuka,"Sherwin Williams - Columbus, OH",United States,Sherwin Williams - Global Parent,2021-12-09T00:00:00,Gary Singer,S,SZ
00010,        CINC,1493471,1.0,N,WD40,WD40,WD40-UN,WAX DISPERSION 40,,COL,999,3108.0,,1400.0,635.0292,1442.0,3108.0,1666.0,1666.0,,0.0,1.19,4.0,10220,Bryan Fuka,"Sherwin Williams - Columbus, OH",United States,Sherwin Williams - Global Parent,2022-01-12T00:00:00,Gary Singer,S,SZ
00010,        CINC,1519725,1.0,N,WD40,WD40,WD40-UN,WAX DISPERSION 40,,PPI,999,7000.0,,1400.0,635.0292,5484.5,7000.0,1515.5,1515.5,,0.0,1.0825,4.0,10220,Bryan Fuka,"Sherwin Williams - Columbus, OH",United States,Sherwin Williams - Global Parent,2022-06-10T00:00:00,Gary Singer,S,SZ
00010,        CINC,1523251,1.0,N,WD40,WD40,WD40-UN,WAX DISPERSION 40,,COL,999,5250.0,,1050.0,476.27189999999996,2425.5,5250.0,2824.5,2824.5,,0.0,2.69,3.0,10220,Bryan Fuka,"Sherwin Williams - Columbus, OH",United States,Sherwin Williams - Global Parent,2022-04-18T00:00:00,Gary Singer,S,SZ
00010,        CINC,1581527,1.0,N,WD40,WD40,WD40-UN,WAX DISPERSION 40,,PPI,999,3500.0,,700.0,317.5146,2742.25,3500.0,757.75,757.75,,0.0,1.0825,2.0,10220,Bryan Fuka,"Sherwin Williams - Columbus, OH",United States,Sherwin Williams - Global Parent,2022-06-10T00:00:00,Gary Singer,S,SZ
00010,        CINC,1621707,1.0,N,WD40,WD40,WD40-UN,WAX DISPERSION 40,,COL,999,1750.0,,350.0,158.7573,808.5,1750.0,941.5,941.5,,0.0,2.69,1.0,10220,Bryan Fuka,"Minwax Company - Flora, IL",United States,Sherwin Williams - Global Parent,2022-08-09T00:00:00,Gary Singer,S,SZ
00010,        CINC,1624764,1.0,N,WD40,WD40,WD40-UN,WAX DISPERSION 40,,COL,999,7000.0,,1400.0,635.0292,3234.0,7000.0,3766.0,3766.0,,0.0,2.69,4.0,10220,Bryan Fuka,"Sherwin Williams - Columbus, OH",United States,Sherwin Williams - Global Parent,2022-08-09T00:00:00,Gary Singer,S,SZ
00010,        CINC,1639002,1.0,N,WD40,WD40,WD40-UN,WAX DISPERSION 40,,COL,999,7000.0,,1400.0,635.0292,3234.0,7000.0,3766.0,3766.0,,0.0,2.69,4.0,10220,Bryan Fuka,"Sherwin Williams - Columbus, OH",United States,Sherwin Williams - Global Parent,2022-09-07T00:00:00,Gary Singer,S,SZ
00010,        CINC,1670402,1.0,N,WD40,WD40,WD40-UN,WAX DISPERSION 40,,COL,999,1750.0,,350.0,158.7573,808.5,1750.0,941.5,941.5,,0.0,2.69,1.0,10220,Bryan Fuka,"Sherwin Williams - Greensboro, NC-BUDGET",United States,Sherwin Williams - Global Parent,2022-09-21T00:00:00,Gary Singer,S,SZ
00010,        CINC,1686326,1.0,N,WD40,WD40,WD40-UN,WAX DISPERSION 40,,COL,999,10500.0,,2100.0,952.5437999999999,4851.0,10500.0,5649.0,5649.0,,0.0,2.69,6.0,10220,Bryan Fuka,"Minwax Company - Flora, IL",United States,Sherwin Williams - Global Parent,2022-11-14T00:00:00,Gary Singer,S,SZ
00010,        CINC,1698330,1.0,N,WD40,WD40,WD40-UN,WAX DISPERSION 40,,COL,999,17500.0,,3500.0,1587.5729999999999,8085.0,17500.0,9415.0,9415.0,,0.0,2.69,10.0,10220,Bryan Fuka,"Sherwin Williams - Columbus, OH",United States,Sherwin Williams - Global Parent,2022-12-01T00:00:00,Gary Singer,S,SZ
00010,        CINC,1658986,1.0,N,WD40,WD40,WD40-UN,WAX DISPERSION 40,,COL,999,7000.0,,1400.0,635.0292,3234.0,7000.0,3766.0,3766.0,,0.0,2.69,4.0,10220,Bryan Fuka,"Sherwin Williams - Columbus, OH",United States,Sherwin Williams - Global Parent,2022-08-31T00:00:00,Gary Singer,S,SZ
00010,        CIN2,1814,1.0,N,U502,U502,U502-OP,HYDROSIZE U5-02,,COL,999,-23535.0,,-4500.0,-2041.1660000000002,-8428.5,-23535.0,-15106.5,-15106.5,,0.0,3.357,-10.0,10240,Samuel Hankins,"AGY Aiken - Aiken, SC",United States,AGY - Global Parent,2021-08-17T00:00:00,Norman Seung,C,CM
00010,        CIN2,1898,1.0,N,U201,U201,U201-OP,HYDROSIZE U2-01,,PPA,999,-11205.0,,-2700.0,-1224.6996,-1979.64,-11205.0,-9225.36,-9225.36,,0.0,3.4168,-6.0,10240,Brendan Schloerb,"Mitsubishi Chemical - Sacramento, CA",United States,Mitsubishi Chemical F&C-Global Parent,2022-04-28T00:00:00,Norman Seung,C,CM
00010,        DANC,1591811,1.0,N,WD40,WD40,WD40-UN,WAX DISPERSION 40,,COB,999,21598.5,,3850.0,1746.3302999999999,11242.0,21598.5,10356.5,10356.5,,0.0,2.69,11.0,10220,Brendan Schloerb,"Benjamin Moore - Milford, MA",United States,Benjamin Moore - Global Parent,2022-06-14T00:00:00,Gary Singer,D,SD
00010,        DANC,1612424,1.0,N,WD40,WD40,WD40-UN,WAX DISPERSION 40,,COB,999,21598.5,,3850.0,1746.3302999999999,11242.0,21598.5,10356.5,10356.5,,0.0,2.69,11.0,10220,Brendan Schloerb,"Benjamin Moore - Milford, MA",United States,Benjamin Moore - Global Parent,2022-06-14T00:00:00,Gary Singer,D,SD
00010,        BPIP,1543215,1.0,N,MD4020,MD4020,MD4020-C2,BEHR CHALK DECO WAX CLR 7140 H,,PPD,999,133740.0,,7504.2,3403.7999999999997,41400.0,133740.0,92340.0,92340.0,,0.0,5.13,18000.0,10220,Abbie Wootton,"Behr Process LLC - McDonough, GA",United States,Behr - Global Parent,2022-10-21T00:00:00,Chris Vogt,D,SD
00010,        DANC,1575575,1.0,N,WD40,WD40,WD40-UN,WAX DISPERSION 40,,PPD,999,30100.0,,7000.0,3175.1459999999997,11270.0,30100.0,18830.0,18830.0,,0.0,2.69,20.0,10220,Abbie Wootton,Behr Process LLC -Santa Ana CA (W Alton),United States,Behr - Global Parent,2022-06-01T00:00:00,Gary Singer,D,SD
00010,        DANC,1581494,1.0,N,WD40,WD40,WD40-UN,WAX DISPERSION 40,,PPD,999,7525.0,,1750.0,793.7864999999999,2817.5,7525.0,4707.5,4707.5,,0.0,2.69,5.0,10220,Abbie Wootton,Behr Process LLC -Santa Ana CA (W Alton),United States,Behr - Global Parent,2022-05-25T00:00:00,Gary Singer,D,SD
00010,        DANC,1581592,1.0,N,WD40,WD40,WD40-UN,WAX DISPERSION 40,,PPA,999,2100.0,,350.0,158.7573,1158.5,2100.0,941.5,941.5,,0.0,2.69,1.0,10220,Tammy Patton,"Altima C/O Plus Cargo - Miami, FL",United States,Altima - GLOBAL PARENT,2022-06-17T00:00:00,Gary Singer,D,SD
00010,        DANC,1592487,1.0,N,WD40,WD40,WD40-UN,WAX DISPERSION 40,,PPD,999,30100.0,,7000.0,3175.1459999999997,11270.0,30100.0,18830.0,18830.0,,0.0,2.69,20.0,10220,Abbie Wootton,Behr Process LLC -Santa Ana CA (W Alton),United States,Behr - Global Parent,2022-06-20T00:00:00,Gary Singer,D,SD
00010,        DANC,1634526,1.0,N,WD40,WD40,WD40-UN,WAX DISPERSION 40,,PPD,999,6370.0,,1400.0,635.0292,2604.0,6370.0,3766.0,3766.0,,0.0,2.69,4.0,10220,Abbie Wootton,Behr Process LLC -Santa Ana CA (W Alton),United States,Behr - Global Parent,2022-07-25T00:00:00,Gary Singer,D,SD
00010,        CIN2,2067435,1.0,N,U501,U501,U501-PL,HYDROSIZE U5-01,,PPB,999,0.0,,80.0,36.2874,-440.26,0.0,440.26,440.26,,0.0,5.5033,2.0,10240,Samuel Hankins,"Electric Glass Fiber America- Shelby, NC",United States,Nippon Electric Glass - Global Parent,2024-02-12T00:00:00,Norman Seung,S,SA
00010,        CIN2,2101319,1.0,N,U2022,U2022,U2022-PL,HYDROSIZE U2022,,PPB,999,0.0,,40.0,18.1437,-150.68,0.0,150.68,150.68,,0.0,3.7671,1.0,10240,Brendan Schloerb,"Mitsubishi Chemical - Sacramento, CA",United States,Mitsubishi Chemical F&C-Global Parent,2024-03-27T00:00:00,Norman Seung,S,SA
00010,        CIN2,2209833,1.0,N,HP1632,HP1632,HP1632-PL,HYDROSIZE HP-1632,,PPB,999,0.0,,40.0,18.1437,-306.52,0.0,306.52,306.52,,0.0,7.6629,1.0,10240,Samuel Hankins,"University of Tennessee - Knoxville, TN",United States,"University of Tennessee - Knoxville, TN",2024-08-19T00:00:00,Roxana McMican,S,SA
00010,        CIN2,2094950,1.0,N,U501,U501,U501-PL,HYDROSIZE U5-01,,PPB,999,0.0,,40.0,18.1437,-220.13,0.0,220.13,220.13,,0.0,5.5033,1.0,10240,Moses Martinez,"Interfacial Consultants - Prescott, WI",United States,"Interfacial Consultants - Prescott, WI",2024-03-12T00:00:00,Norman Seung,S,SA
00010,        CIN2,2189143,1.0,N,HP1632,HP1632,HP1632-PL,HYDROSIZE HP-1632,,PPB,999,0.0,,40.0,18.1437,-306.52,0.0,306.52,306.52,,0.0,7.6629,1.0,10240,Samuel Hankins,"Carbon Conversions - Lake City, SC",United States,"Carbon Conversions - Lake City, SC",2024-07-17T00:00:00,Roxana McMican,S,SA
00010,        CIN2,2213,1.0,N,HP1432AT,HP1432AT,HP1432AT-PL,HYDROSIZE HP-1432AT,,COL,999,-15188.8,,-440.0,-199.58069999999998,-8077.43,-15188.8,-7111.37,-7111.37,,0.0,16.1622,-11.0,10240,Moses Martinez,"Northrop (ATK) - Corinne, UT (Bldg M3)",United States,ATK - Global Parent,2023-12-13T00:00:00,Jake Hoffman,C,CM
00010,        CIN2,2379,1.0,N,U2022,U2022,U2022-OP,HYDROSIZE U2022,,PPA,999,-29007.0,,-4950.0,-2245.2826,-11499.84,-29007.0,-17507.16,-17507.16,,0.0,3.5368,-11.0,10240,Samuel Hankins,"Vartega Inc- Golden, CO",United States,Vartega - Global Parent,2024-10-25T00:00:00,Norman Seung,C,CM
00010,        CIN2,2618528,1.0,N,U204,U204,U204-OP,HYDROSIZE U2-04,,PPA,999,-1404.0,,1.0,0.4536,-1404.0,-1404.0,0.0,0.0,,0.0,0.0,1.0,10240,Brendan Schloerb,"Mitsubishi Chemical - Sacramento, CA",United States,Mitsubishi Chemical F&C-Global Parent,2026-05-28T00:00:00,Norman Seung,SR,CO
00010,        CIN2,2569895,1.0,N,U601,U601,U601-PL,HYDROSIZE U6-01,,PPB,999,0.0,,40.0,18.1437,-120.01,0.0,120.01,120.01,,0.0,3.0002,1.0,10240,Samuel Hankins,"Soarce Inc-Orlando, FL",United States,"Soarce Inc-Orlando, FL",2026-02-02T00:00:00,Norman Seung,S,SA
00010,        CIN2,2763624,1.0,N,U2022,U2022,U2022-PL,HYDROSIZE U2022,,PPB,999,0.0,,40.0,18.1437,-144.25,0.0,144.25,144.25,,0.0,3.6063,1.0,10240,Samuel Hankins,"AGY Aiken - Aiken, SC",United States,AGY - Global Parent,2026-08-19T00:00:00,Norman Seung,S,SA
00010,        CIN2,2763739,1.0,N,HP1632,HP1632,HP1632-PL,HYDROSIZE HP-1632,,PPB,999,0.0,,40.0,18.1437,-292.33,0.0,292.33,292.33,,0.0,7.3083,1.0,10240,Samuel Hankins,"China Jushi USA - Columbia, SC",United States,Jushi - Global Parent,2026-08-14T00:00:00,Roxana McMican,S,SA
00010,        CIN2,2440706,1.0,N,HP1632,HP1632,HP1632-PL,HYDROSIZE HP-1632,,PPB,999,0.0,,40.0,18.1437,-305.96,0.0,305.96,305.96,,0.0,7.6491,1.0,10240,Samuel Hankins,"University of Tennessee - Knoxville, TN",United States,"University of Tennessee - Knoxville, TN",2025-06-25T00:00:00,Roxana McMican,S,SA
00010,        CIN2,2404315,1.0,N,U601,U601,U601-OP,HYDROSIZE U6-01,,,999,-19919.25,,6750.0,3061.8,-39838.5,-19919.25,19919.25,19919.25,,0.0,2.951,6750.0,CIN2,,Cinci Raw Material Returns,United States,Cinci Raw Material Returns,2025-04-23T00:00:00,Norman Seung,SV,SR
00010,        CIN2,2408832,1.0,N,HP1432AT,HP1432AT,HP1432AT-PL,HYDROSIZE HP-1432AT,,,999,-6793.64,,440.0,199.584,-13587.28,-6793.64,6793.64,6793.64,,0.0,15.4401,440.0,CIN2,,Cinci Raw Material Returns,United States,Cinci Raw Material Returns,2025-04-28T00:00:00,Jake Hoffman,SV,SR
00010,        CIN2,2330198,1.0,N,U101,U101,U101-PL,HYDROSIZE U1-01,,PPB,999,0.0,,80.0,36.2874,-247.52,0.0,247.52,247.52,,0.0,3.094,2.0,10240,Samuel Hankins,"AGY Aiken - Aiken, SC",United States,AGY - Global Parent,2025-01-27T00:00:00,Norman Seung,S,SA
00010,        CIN2,2411940,1.0,N,U2022,U2022,U2022-PL,HYDROSIZE U2022,,PPB,999,0.0,,160.0,72.5748,-553.78,0.0,553.78,553.78,,0.0,3.4611,4.0,10240,Brendan Schloerb,"Mitsubishi Chemical - Sacramento, CA",United States,Mitsubishi Chemical F&C-Global Parent,2025-05-07T00:00:00,Norman Seung,S,SA
00010,        CIN2,2563113,1.0,N,U502,U502,U502-PL,HYDROSIZE U5-02,,PPB,999,0.0,,40.0,18.1437,-144.44,0.0,144.44,144.44,,0.0,3.611,1.0,10240,Samuel Hankins,"Soarce Inc-Orlando, FL",United States,"Soarce Inc-Orlando, FL",2025-12-10T00:00:00,Norman Seung,S,SA
00010,        CIN2,2337150,1.0,N,U601,U601,U601-PL,HYDROSIZE U6-01,,PPB,999,0.0,,40.0,18.1437,-128.25,0.0,128.25,128.25,,0.0,3.2063,1.0,10240,Samuel Hankins,"Owens Corning - Amarillo, TX",United States,Owens Corning Vetrotex - Global Parent,2025-01-29T00:00:00,Norman Seung,S,SA
00010,        CIN2,2546914,1.0,N,U204,U204,U204-PL,HYDROSIZE U2-04,,PPB,999,0.0,,80.0,36.2874,-262.41,0.0,262.41,262.41,,0.0,3.2801,2.0,10240,Brendan Schloerb,"Fiber Line - Hickory, NC",United States,Fiber Line - Global Parent,2025-10-30T00:00:00,Norman Seung,S,SA
00010,        CIN2,2427081,1.0,N,U2022,U2022,U2022-PL,HYDROSIZE U2022,,PPB,999,0.0,,40.0,18.1437,-138.44,0.0,138.44,138.44,,0.0,3.4611,1.0,10240,Samuel Hankins,"Teijin Carbon America - Rockwood, TN",United States,Teijin Carbon - Global Parent,2025-05-28T00:00:00,Norman Seung,S,SA
00010,        CIN2,2582054,1.0,N,U2022,U2022,U2022-PL,HYDROSIZE U2022,,PPB,999,0.0,,120.0,54.4311,-410.05,0.0,410.05,410.05,,0.0,3.4171,3.0,10240,Samuel Hankins,"Teijin Carbon America - Rockwood, TN",United States,Teijin Carbon - Global Parent,2025-12-17T00:00:00,Norman Seung,S,SA
00010,        CINC,2320309,1.0,N,WD40,WD40,WD40-UN,WAX DISPERSION 40,,PPI,999,146247.5,,21350.0,9684.1953,88816.0,146247.5,57431.5,57431.5,,0.0,2.69,61.0,10220,Bryan Fuka,"Sherwin Williams - Columbus, OH",United States,Sherwin Williams - Global Parent,2025-01-30T00:00:00,Gary Singer,S,SZ
00010,        BPIP,2345909,1.0,N,MD4020,MD4020,MD4020-C2,BEHR CHALK DECO WAX CLR 7140 H,,COL,999,73066.62,,4099.7946,1859.6093999999998,22618.2,73066.62,50448.42,50448.42,,0.0,5.13,9834.0,10220,Abbie Wootton,"Behr Process LLC - McDonough, GA",United States,Behr - Global Parent,2025-02-25T00:00:00,Chris Vogt,D,SD
00010,        CIN2,2402,1.0,N,U101,U101,U101-OP,HYDROSIZE U1-01,,COL,999,-17712.0,,-3600.0,-1632.9328,-7516.8,-17712.0,-10195.2,-10195.2,,0.0,2.832,-8.0,10240,Samuel Hankins,"Johns Manville - Waterville, OH(River)",United States,Johns Manville - Global Parent,2025-01-29T00:00:00,Norman Seung,C,CM
00010,        CIN2,1812774,1.0,N,191245PX,191245PX,191245PX-PL,EXPERIMENTAL PRODUCT 191245PX,,PPB,999,0.0,,40.0,18.1437,-68.6,0.0,68.6,68.6,,0.0,1.715,1.0,10230,Dave Jeffers,"Utopia - Mukwonago,WI",United States,Utopia - Global Parent,2023-03-07T00:00:00,Kaitlyn Slack,S,SA
00010,        CIN2,1805974,1.0,N,191245PX,191245PX,191245PX-PL,EXPERIMENTAL PRODUCT 191245PX,,PPB,999,0.0,,40.0,18.1437,-68.6,0.0,68.6,68.6,,0.0,1.715,1.0,10230,Dave Jeffers,"Utopia - Mukwonago,WI",United States,Utopia - Global Parent,2023-03-02T00:00:00,Kaitlyn Slack,S,SA
00010,        CIN2,1812034,1.0,N,191245PX,191245PX,191245PX-T2,EXPERIMENTAL PRODUCT 191245PX,,PPA,999,0.0,,6900.0,3129.7875000000004,-9342.6,0.0,9342.6,9342.6,,0.0,1.354,3.0,10230,Andrew Suski,"Finch Paper - Glens Falls, NY",United States,"Finch Paper - Glens Falls, NY",2023-03-16T00:00:00,Kaitlyn Slack,S,SA
00010,        CIN2,1902161,1.0,N,U201,U201,U201-PL,HYDROSIZE U2-01,,PPB,999,0.0,,40.0,18.1437,-152.81,0.0,152.81,152.81,,0.0,3.8203,1.0,10240,Samuel Hankins,"Vartega Inc- Golden, CO",United States,Vartega - Global Parent,2023-07-10T00:00:00,Norman Seung,S,SA
00010,        CIN2,1932664,1.0,N,U201,U201,U201-PL,HYDROSIZE U2-01,,PPB,999,0.0,,40.0,18.1437,-152.81,0.0,152.81,152.81,,0.0,3.8203,1.0,10220,Brendan Schloerb,"Worthen Industries - Nashua, NH",United States,"Worthen Industries - Nashua, NH",2023-08-14T00:00:00,Norman Seung,S,SA
00010,        CIN2,1938842,1.0,N,191245PX,191245PX,191245PX-PL,EXPERIMENTAL PRODUCT 191245PX,,PPB,999,0.0,,40.0,18.1437,-81.0,0.0,81.0,81.0,,0.0,2.025,1.0,10230,Moses Martinez,"SUNY - Syracuse, NY",United States,"SUNY - Syracuse, NY",2023-08-21T00:00:00,Kaitlyn Slack,S,SA
00010,        CIN2,1763794,1.0,N,191245PX,191245PX,191245PX-PL,EXPERIMENTAL PRODUCT 191245PX,,PPB,999,0.0,,40.0,18.1437,-68.6,0.0,68.6,68.6,,0.0,1.715,1.0,10230,Dave Jeffers,"Wausau Coated - Wausau, WI",United States,Wausau Coated - Global Parent,2023-01-09T00:00:00,Kaitlyn Slack,S,SA
00010,        CIN2,2008,1.0,N,HP1432AT,HP1432AT,HP1432AT-PL,HYDROSIZE HP-1432AT,,COL,999,-41424.0,,-1200.0,-544.3109999999999,-41023.56,-41424.0,-400.44,-400.44,,0.0,0.3337,-30.0,10240,Moses Martinez,"Northrop (ATK) - Corinne, UT (Bldg M3)",United States,ATK - Global Parent,2023-03-08T00:00:00,Jake Hoffman,C,CM
00010,        CINC,1818923,1.0,N,WD40,WD40,WD40-UN,WAX DISPERSION 40,,COL,999,24500.0,,4900.0,2222.6022,11319.0,24500.0,13181.0,13181.0,,0.0,2.69,14.0,10220,Bryan Fuka,"Sherwin Williams - Columbus, OH",United States,Sherwin Williams - Global Parent,2023-04-04T00:00:00,Gary Singer,S,SZ
00010,        CIN2,1059843,1.0,N,U470,U470,U470-PL,HYDROSIZE LINK U470,,PPB,999,0.0,,40.0,18.1437,-103.85,0.0,103.85,103.85,,0.0,2.5962,1.0,10240,GENERIC TM,Seechem International - Seoul,South Korea,Seechem International - Seoul,2020-01-21T00:00:00,Marcos Pedreira,S,SA
00010,        CIN2,1529063,1.0,N,U204,U204,U204-PL,HYDROSIZE U2-04,,PPB,999,0.0,,40.0,18.1437,-149.15,0.0,149.15,149.15,,0.0,3.7287,1.0,10240,"Dai,Zhaochen(Vincent)","HERLI Technochem-ChenChem, Taipei,Taiwan",Taiwan,HERLI Technologies - Global Parent,2022-02-22T00:00:00,Norman Seung,S,SA
00010,        CIN2,1394551,1.0,N,U101,U101,U101-PL,HYDROSIZE U1-01,,PPB,999,0.0,,40.0,18.1437,-101.31,0.0,101.31,101.31,,0.0,2.5327,1.0,10240,"Dai,Zhaochen(Vincent)","HERLI Technochem-ChenChem, Taipei,Taiwan",Taiwan,HERLI Technologies - Global Parent,2021-08-09T00:00:00,Norman Seung,S,SA
00010,        CIN2,1608638,1.0,N,HP1632,HP1632,HP1632-PL,HYDROSIZE HP-1632,,PPB,999,0.0,,40.0,18.1437,-292.98,0.0,292.98,292.98,,0.0,7.3244,1.0,10240,Philippe Chabanne,KIT Germany - Germany,Germany,KIT Germany - Germany,2022-06-07T00:00:00,Roxana McMican,S,SA
00010,        CIN2,1444775,1.0,N,U501B,U501B,U501B-OP,HYDROSIZE U5-01B,,PPI,999,-9540.0,,-1.0,-0.4536,-9536.3,-9540.0,-3.7,-3.7,,0.0,3.7,-1.0,10240,"Dai,Zhaochen(Vincent)","HERLI Technochem-ChenChem, Taipei,Taiwan",Taiwan,HERLI Technologies - Global Parent,2021-11-23T00:00:00,Marcos Pedreira,C,CO
00010,        CIN2,1152754,1.0,N,U201,U201,U201-PL,HYDROSIZE U2-01,,PPB,999,0.0,,40.0,18.1437,-94.44,0.0,94.44,94.44,,0.0,2.361,1.0,10240,"Dai,Zhaochen(Vincent)","HERLI Technochem-ChenChem, Taipei,Taiwan",Taiwan,HERLI Technologies - Global Parent,2020-07-07T00:00:00,Norman Seung,S,SA
00010,        CIN2,2744398,1.0,N,U802,U802,U802-PL,HYDROSIZE U8-02,,PPB,999,0.0,,40.0,18.1437,-139.98,0.0,139.98,139.98,,0.0,3.4995,1.0,10240,Ethan Cheng,"Chenchem, Taiwan",Taiwan,HERLI Technologies - Global Parent,2026-07-22T00:00:00,Norman Seung,S,SA
00010,        CIN2,2373880,1.0,N,U601,U601,U601-PL,HYDROSIZE U6-01,,PPB,999,0.0,,40.0,18.1437,-128.2,0.0,128.2,128.2,,0.0,3.2051,1.0,10240,Samuel Hankins,Owens Corning - India,India,Owens Corning Vetrotex - Global Parent,2025-04-03T00:00:00,Norman Seung,S,SA
00010,        CIN2,2484,1.0,N,HP1632,HP1632,HP1632-OP,HYDROSIZE HP-1632,,PPA,999,-26353.96,,-1852.0,-840.0532,-12496.18,-26353.96,-13857.78,-13857.78,,0.0,7.4826,-4.0,10240,Brendan Schloerb,"Albarrie - Barrie, ONT, CA",Canada,"Albarrie - Barrie, ONT, CA",2025-12-10T00:00:00,Roxana McMican,C,CM
00010,        CIN2,1885558,1.0,N,HP1432AT,HP1432AT,HP1432AT-PL,HYDROSIZE HP-1432AT,,PPB,999,0.0,,120.0,54.4311,-1342.09,0.0,1342.09,1342.09,,0.0,11.1841,3.0,10240,Brendan Schloerb,"Albarrie - Barrie, ONT, CA",Canada,"Albarrie - Barrie, ONT, CA",2023-06-09T00:00:00,Jake Hoffman,S,SA
00010,        CIN2,1833302,1.0,N,U601,U601,U601-PL,HYDROSIZE U6-01,,PPB,999,0.0,,40.0,18.1437,-126.57,0.0,126.57,126.57,,0.0,3.1643,1.0,10240,Samuel Hankins,Owens Corning - India,India,Owens Corning Vetrotex - Global Parent,2023-04-07T00:00:00,Norman Seung,S,SA
00010,        CIN2,1879560,1.0,N,HP1432AT,HP1432AT,HP1432AT-PL,HYDROSIZE HP-1432AT,,PPB,999,0.0,,120.0,54.4311,-1342.09,0.0,1342.09,1342.09,,0.0,11.1841,3.0,10240,Brendan Schloerb,"Albarrie - Barrie, ONT, CA",Canada,"Albarrie - Barrie, ONT, CA",2023-06-01T00:00:00,Jake Hoffman,S,SA
00030,        SING,1238210,1.0,N,U601,U601,U601-OP,HYDROSIZE U6-01,,EXW,999,2370.48,,899.4768,408.0,1071.78,2370.48,1298.7,1298.7,,0.0,1.443,408.0,30240,Brandon Lee,HoJoo Communication-Korea,South Korea,HoJoo Communication-Korea,2020-12-29T00:00:00,Norman Seung,S,S4
00010,        CINC,1336545,1.0,N,WD40,WD40,WD40-UN,WAX DISPERSION 40,,COL,999,2866.5,,1050.0,476.27189999999996,1617.0,2866.5,1249.5,1249.5,,0.0,1.19,3.0,10220,GENERIC TM,"Omya/  K-G Spray-Pak - Vaughan, ON, CA",Canada,Omya - Global Parent,2021-06-15T00:00:00,Gary Singer,S,S4
00010,        CINC,1063550,1.0,N,WD40,WD40,WD40-UN,WAX DISPERSION 40,,PPB,999,917.0,,350.0,158.7573,555.55,917.0,361.45,361.45,,0.0,1.0327,1.0,10220,GENERIC TM,"Omya/  K-G Spray-Pak - Vaughan, ON, CA",Canada,Omya - Global Parent,2020-02-27T00:00:00,Gary Singer,S,S4
00010,        CINC,1290921,1.0,N,WD40,WD40,WD40-UN,WAX DISPERSION 40,,COL,999,3668.0,,1400.0,635.0292,2294.46,3668.0,1373.54,1373.54,,0.0,0.9811,4.0,10220,GENERIC TM,"Omya/Peinture Denalt-St. Leonard,QC,Ca",Canada,Omya - Global Parent,2021-03-19T00:00:00,Gary Singer,S,S4
00010,        CINC,1300330,1.0,N,WD40,WD40,WD40-UN,WAX DISPERSION 40,,COL,999,4466.0,,1400.0,635.0292,3092.46,4466.0,1373.54,1373.54,,0.0,0.9811,4.0,10220,GENERIC TM,"Barentz - Northspec - Toronto,ONT, CA",Canada,Barentz - Global Parent,2021-03-18T00:00:00,Gary Singer,S,S4
00010,        CINC,1355971,1.0,N,WD40,WD40,WD40-UN,WAX DISPERSION 40,,COL,999,7644.0,,2800.0,1270.0584,4312.0,7644.0,3332.0,3332.0,,0.0,1.19,8.0,10220,GENERIC TM,"Omya/Peinture Denalt-St. Leonard,QC,Ca",Canada,Omya - Global Parent,2021-06-22T00:00:00,Gary Singer,S,S4
00010,        CINC,1234209,1.0,N,WD40,WD40,WD40-UN,WAX DISPERSION 40,,COL,999,917.0,,350.0,158.7573,497.0,917.0,420.0,420.0,,0.0,1.2,1.0,10220,GENERIC TM,"Omya/  K-G Spray-Pak - Vaughan, ON, CA",Canada,Omya - Global Parent,2021-01-07T00:00:00,Gary Singer,S,S4
00010,        CIN2,1140503,1.0,N,HP1632,HP1632,HP1632-OP,HYDROSIZE HP-1632,,PPA,999,10241.56,,1852.0,840.0532,3368.6,10241.56,6872.96,6872.96,,0.0,3.7111,4.0,10240,Brendan Schloerb,"Albarrie - Barrie, ONT, CA",Canada,"Albarrie - Barrie, ONT, CA",2020-06-15T00:00:00,Roxana McMican,S,S4
00010,        CIN2,1177693,1.0,N,HP1632,HP1632,HP1632-OP,HYDROSIZE HP-1632,,PPA,999,10241.56,,1852.0,840.0532,3368.6,10241.56,6872.96,6872.96,,0.0,3.7111,4.0,10240,Brendan Schloerb,"Albarrie - Barrie, ONT, CA",Canada,"Albarrie - Barrie, ONT, CA",2020-08-20T00:00:00,Roxana McMican,S,S4
00010,        CIN2,1277809,1.0,N,HP1632,HP1632,HP1632-OP,HYDROSIZE HP-1632,,PPA,999,10241.56,,1852.0,840.0532,4211.45,10241.56,6030.11,6030.11,,0.0,3.256,4.0,10240,Brendan Schloerb,"Albarrie - Barrie, ONT, CA",Canada,"Albarrie - Barrie, ONT, CA",2021-03-01T00:00:00,Roxana McMican,S,S4
00010,        CIN2,1085589,1.0,N,HP1632,HP1632,HP1632-OP,HYDROSIZE HP-1632,,PPA,999,10241.56,,1852.0,840.0532,3368.6,10241.56,6872.96,6872.96,,0.0,3.7111,4.0,10240,Brendan Schloerb,"Albarrie - Barrie, ONT, CA",Canada,"Albarrie - Barrie, ONT, CA",2020-03-24T00:00:00,Roxana McMican,S,S4
00010,        CIN2,1214118,1.0,N,HP1632,HP1632,HP1632-OP,HYDROSIZE HP-1632,,PPA,999,10241.56,,1852.0,840.0532,3368.6,10241.56,6872.96,6872.96,,0.0,3.7111,4.0,10240,Brendan Schloerb,"Albarrie - Barrie, ONT, CA",Canada,"Albarrie - Barrie, ONT, CA",2020-10-26T00:00:00,Roxana McMican,S,S4
00010,        CIN2,1316479,1.0,N,HP1632,HP1632,HP1632-OP,HYDROSIZE HP-1632,,PPA,999,10241.56,,1852.0,840.0532,4201.26,10241.56,6040.3,6040.3,,0.0,3.2615,4.0,10240,Brendan Schloerb,"Albarrie - Barrie, ONT, CA",Canada,"Albarrie - Barrie, ONT, CA",2021-04-12T00:00:00,Roxana McMican,S,S4
00030,        SING,1076803,1.0,N,HP1632,HP1632,HP1632-PL,HYDROSIZE HP-1632,,EXW,999,500.04,,79.3656,36.0,112.49,500.04,387.55,387.55,,0.0,4.8831,36.0,30240,Brandon Lee,SHIN-A T&C - Korea - MAP,South Korea,SHIN-A T&C - Korea - MAP,2020-02-20T00:00:00,Roxana McMican,S,S4
00030,        SING,1129557,1.0,N,HP1632,HP1632,HP1632-OP,HYDROSIZE HP-1632,,EXW,999,9912.71,,1851.996276,840.06,-5997.04,9912.71,15909.75,15909.75,,0.0,8.5906,840.06,30240,Brandon Lee,SHIN-A T&C - Korea - MAP,South Korea,SHIN-A T&C - Korea - MAP,2020-06-05T00:00:00,Roxana McMican,S,S4
00030,        SING,1200391,1.0,N,U601,U601,U601-OP,HYDROSIZE U6-01,,EXW,999,1185.24,,449.7384,204.0,535.89,1185.24,649.35,649.35,,0.0,1.443,204.0,30240,Brandon Lee,HoJoo Communication-Korea,South Korea,HoJoo Communication-Korea,2020-10-05T00:00:00,Norman Seung,S,S4
00030,        SING,1217784,1.0,N,U601,U601,U601-PL,HYDROSIZE U6-01,,EXW,999,513.36,,158.7312,72.0,253.76,513.36,259.6,259.6,,0.0,1.6355,72.0,30240,Brandon Lee,HoJoo Communication-Korea,South Korea,HoJoo Communication-Korea,2020-11-03T00:00:00,Norman Seung,S,S4
00030,        SING,1545582,1.0,N,U601,U601,U601-OP,HYDROSIZE U6-01,,EXW,999,14412.6,,4047.6456000000003,1836.0,2847.82,14412.6,11564.78,11564.78,,0.0,2.8555,1836.0,30240,Brandon Lee,HoJoo Communication-Korea,South Korea,HoJoo Communication-Korea,2022-06-20T00:00:00,Norman Seung,S,S4
00010,        CIN2,1084611,1.0,N,U501,U501,U501-OP,HYDROSIZE U5-01,,PPI,999,27054.0,,8100.0,3674.0988,6896.34,27054.0,20157.66,20157.66,,0.0,2.4886,18.0,10240,"Dai,Zhaochen(Vincent)","HERLI Technochem-ChenChem, Taipei,Taiwan",Taiwan,HERLI Technologies - Global Parent,2020-04-15T00:00:00,Norman Seung,S,S4
00010,        CIN2,1065774,1.0,N,U501,U501,U501-OP,HYDROSIZE U5-01,,PPI,999,10521.0,,3150.0,1428.8162,2681.91,10521.0,7839.09,7839.09,,0.0,2.4886,7.0,10240,"Dai,Zhaochen(Vincent)","HERLI Technochem-ChenChem, Taipei,Taiwan",Taiwan,HERLI Technologies - Global Parent,2020-04-06T00:00:00,Norman Seung,S,S4
00010,        CIN2,1233532,1.0,N,U501,U501,U501-OP,HYDROSIZE U5-01,,PPI,999,42084.0,,12600.0,5715.2648,1839.6,42084.0,40244.4,40244.4,,0.0,3.194,28.0,10240,"Dai,Zhaochen(Vincent)","HERLI Technochem-ChenChem, Taipei,Taiwan",Taiwan,HERLI Technologies - Global Parent,2021-03-30T00:00:00,Norman Seung,S,S4
00010,        CIN2,1458979,1.0,N,U501B,U501B,U501B-OP,HYDROSIZE U5-01B,,PPI,999,30060.0,,9000.0,4082.3320000000003,-3240.0,30060.0,33300.0,33300.0,,0.0,3.7,20.0,10240,"Dai,Zhaochen(Vincent)","HERLI Technochem-ChenChem, Taipei,Taiwan",Taiwan,HERLI Technologies - Global Parent,2021-11-04T00:00:00,Marcos Pedreira,S,S4
00010,        CINC,1373391,1.0,N,WD40,WD40,WD40-UN,WAX DISPERSION 40,,COL,999,1911.0,,700.0,317.5146,1078.0,1911.0,833.0,833.0,,0.0,1.19,2.0,10220,GENERIC TM,"Omya/  K-G Spray-Pak - Vaughan, ON, CA",Canada,Omya - Global Parent,2021-08-20T00:00:00,Gary Singer,S,S4
00010,        CIN2,1695982,1.0,N,HP1632,HP1632,HP1632-OP,HYDROSIZE HP-1632,,PPA,999,49744.72,,3704.0,1680.1064,18981.52,49744.72,30763.2,30763.2,,0.0,8.3054,8.0,10240,Brendan Schloerb,"Albarrie - Barrie, ONT, CA",Canada,"Albarrie - Barrie, ONT, CA",2022-10-05T00:00:00,Roxana McMican,S,S4
00010,        CIN2,1402754,1.0,N,HP1632,HP1632,HP1632-OP,HYDROSIZE HP-1632,,PPA,999,15667.92,,1852.0,840.0532,10251.56,15667.92,5416.36,5416.36,,0.0,2.9246,4.0,10240,Brendan Schloerb,"Albarrie - Barrie, ONT, CA",Canada,"Albarrie - Barrie, ONT, CA",2021-09-17T00:00:00,Roxana McMican,S,S4
00010,        CIN2,1449650,1.0,N,HP1632,HP1632,HP1632-OP,HYDROSIZE HP-1632,,COL,999,20372.0,,1852.0,840.0532,13923.34,20372.0,6448.66,6448.66,,0.0,3.482,4.0,10240,Brendan Schloerb,"Albarrie - Barrie, ONT, CA",Canada,"Albarrie - Barrie, ONT, CA",2021-11-24T00:00:00,Roxana McMican,S,S4
00010,        CIN2,1514866,1.0,N,HP1632,HP1632,HP1632-OP,HYDROSIZE HP-1632,,PPA,999,40744.0,,3704.0,1680.1064,20050.49,40744.0,20693.51,20693.51,,0.0,5.5868,8.0,10240,Brendan Schloerb,"Albarrie - Barrie, ONT, CA",Canada,"Albarrie - Barrie, ONT, CA",2022-03-14T00:00:00,Roxana McMican,S,S4
00010,        CIN2,1640025,1.0,N,HP1632,HP1632,HP1632-OP,HYDROSIZE HP-1632,,PPA,999,12436.18,,926.0,420.0266,4747.97,12436.18,7688.21,7688.21,,0.0,8.3026,2.0,10240,Brendan Schloerb,"Albarrie - Barrie, ONT, CA",Canada,"Albarrie - Barrie, ONT, CA",2022-08-04T00:00:00,Roxana McMican,S,S4
00010,        CIN2,1644537,1.0,N,HP1632,HP1632,HP1632-OP,HYDROSIZE HP-1632,,PPA,999,12436.18,,926.0,420.0266,5943.44,12436.18,6492.74,6492.74,,0.0,7.0116,2.0,10240,Brendan Schloerb,"Albarrie - Barrie, ONT, CA",Canada,"Albarrie - Barrie, ONT, CA",2022-07-22T00:00:00,Roxana McMican,S,S4
00010,        CIN2,2123441,1.0,N,HP1632,HP1632,HP1632-OP,HYDROSIZE HP-1632,,PPA,999,25631.68,,1852.0,840.0532,11516.11,25631.68,14115.57,14115.57,,0.0,7.6218,4.0,10240,Brendan Schloerb,"Albarrie - Barrie, ONT, CA",Canada,"Albarrie - Barrie, ONT, CA",2024-05-06T00:00:00,Roxana McMican,S,S4
00010,        CIN2,2209683,1.0,N,HP1632,HP1632,HP1632-OP,HYDROSIZE HP-1632,,PPA,999,25631.68,,1852.0,840.0532,11657.78,25631.68,13973.9,13973.9,,0.0,7.5453,4.0,10240,Brendan Schloerb,"Albarrie - Barrie, ONT, CA",Canada,"Albarrie - Barrie, ONT, CA",2024-08-14T00:00:00,Roxana McMican,S,S4
00010,        CIN2,2284128,1.0,N,HP1632,HP1632,HP1632-OP,HYDROSIZE HP-1632,,PPA,999,25631.68,,1852.0,840.0532,11645.38,25631.68,13986.3,13986.3,,0.0,7.552,4.0,10240,Brendan Schloerb,"Albarrie - Barrie, ONT, CA",Canada,"Albarrie - Barrie, ONT, CA",2024-12-02T00:00:00,Roxana McMican,S,S4
00030,        SING,2134056,1.0,N,U2022,U2022,U2022-OP,HYDROSIZE U2022,,CIF,999,38492.32,,9449.90767,4286.45,5408.84,38492.32,33083.48,33083.48,,0.0,3.5009,4286.45,30240,Brandon Lee,Caldic - Japan,Japan,Connell Caldic Japan- Global Parent,2024-06-10T00:00:00,Norman Seung,S,S4
00030,        SING,2156126,1.0,N,U2022,U2022,U2022-OP,HYDROSIZE U2022,,CIP,999,17388.74,,3149.976572,1428.82,6360.89,17388.74,11027.85,11027.85,,0.0,3.5009,1428.82,30240,Brandon Lee,Caldic - Japan,Japan,Connell Caldic Japan- Global Parent,2024-06-28T00:00:00,Norman Seung,S,S4
00030,        SING,2167583,1.0,N,U2022,U2022,U2022-OP,HYDROSIZE U2022,,CIP,999,2484.14,,450.00295200000005,204.12,908.71,2484.14,1575.43,1575.43,,0.0,3.5009,204.12,30240,Brandon Lee,Caldic - Japan,Japan,Connell Caldic Japan- Global Parent,2024-07-18T00:00:00,Norman Seung,S,S4
00030,        SING,2197143,1.0,N,U2022,U2022,U2022-OP,HYDROSIZE U2022,,CIF,999,35150.9,,7649.917908,3469.98,8369.06,35150.9,26781.84,26781.84,,0.0,3.5009,3469.98,30240,Brandon Lee,Caldic - Japan,Japan,Connell Caldic Japan- Global Parent,2024-10-11T00:00:00,Norman Seung,S,S4
00030,        SING,2258398,1.0,N,U2022,U2022,U2022-OP,HYDROSIZE U2022,,CIF,999,70301.9,,15299.857862,6939.97,16738.14,70301.9,53563.76,53563.76,,0.0,3.5009,6939.97,30240,Brandon Lee,Caldic - Japan,Japan,Connell Caldic Japan- Global Parent,2024-12-10T00:00:00,Norman Seung,S,S4
00030,        SING,2274437,1.0,N,U2022,U2022,U2022-OP,HYDROSIZE U2022,,EXW,999,5498.9,,1349.98681,612.35,772.69,5498.9,4726.21,4726.21,,0.0,3.5009,612.35,30240,Brandon Lee,Caldic - Japan,Japan,Connell Caldic Japan- Global Parent,2024-11-08T00:00:00,Norman Seung,S,S4
00010,        CIN2,2204431,1.0,N,HP1632,HP1632,HP1632-OP,HYDROSIZE HP-1632,,PPI,999,19405.25,,1389.0,630.0399,8924.83,19405.25,10480.42,10480.42,,0.0,7.5453,3.0,10240,Brandon Lee,"Connell Brothers Japan - Tokyo, Japan",Japan,Connell Caldic Japan- Global Parent,2024-09-19T00:00:00,Roxana McMican,S,S4
00030,        SNG4,2607351,1.0,N,U2022,U2022,U2022-PL,HYDROSIZE U2022,,EXW,999,2106.0,,357.14520000000005,162.0,819.09,2106.0,1286.91,1286.91,,0.0,3.6033,162.0,30240,Rohan Aranjo,Exzone(M) c/o Premium Ind.,Malaysia,Premium Industries Resources - Singapore,2026-01-30T00:00:00,Norman Seung,S,S4
00030,        SING,2622673,1.0,N,U2022,U2022,U2022-OP,HYDROSIZE U2022,,CIF,999,2067.74,,450.00295200000005,204.12,573.18,2067.74,1494.56,1494.56,,0.0,3.3212,204.12,30240,Brandon Lee,Caldic - Japan,Japan,Connell Caldic Japan- Global Parent,2026-03-11T00:00:00,Norman Seung,S,S4
00030,        SNG4,2645220,1.0,N,U2022,U2022,U2022-PL,HYDROSIZE U2022,,EXW,999,2106.0,,357.14520000000005,162.0,818.19,2106.0,1287.81,1287.81,,0.0,3.6058,162.0,30240,Rohan Aranjo,Exzone(M) c/o Premium Ind.,Malaysia,Premium Industries Resources - Singapore,2026-04-02T00:00:00,Norman Seung,S,S4
00030,        SING,2648134,1.0,N,U2022,U2022,U2022-OP,HYDROSIZE U2022,,CIF,999,70301.9,,15299.857862,6939.97,19487.55,70301.9,50814.35,50814.35,,0.0,3.3212,6939.97,30240,Brandon Lee,Caldic - Japan,Japan,Connell Caldic Japan- Global Parent,2026-05-07T00:00:00,Norman Seung,S,S4
00030,        SNG4,2712130,1.0,N,U2022,U2022,U2022-PL,HYDROSIZE U2022,,EXW,999,1179.34,,199.99822556,90.7186,458.18,1179.34,721.16,721.16,,0.0,3.6058,90.7186,30240,Rohan Aranjo,Exzone(M) c/o Premium Ind.,Malaysia,Premium Industries Resources - Singapore,2026-06-29T00:00:00,Norman Seung,S,S4
00010,        CIN2,2549408,1.0,N,HP1632,HP1632,HP1632-OP,HYDROSIZE HP-1632,,PPA,999,26353.96,,1852.0,840.0532,12489.89,26353.96,13864.07,13864.07,,0.0,7.486,4.0,10240,Brendan Schloerb,"Albarrie - Barrie, ONT, CA",Canada,"Albarrie - Barrie, ONT, CA",2026-02-09T00:00:00,Roxana McMican,S,S4
00010,        CIN2,2549409,1.0,N,HP1632,HP1632,HP1632-OP,HYDROSIZE HP-1632,,PPA,999,26353.96,,1852.0,840.0532,13529.42,26353.96,12824.54,12824.54,,0.0,6.9247,4.0,10240,Brendan Schloerb,"Albarrie - Barrie, ONT, CA",Canada,"Albarrie - Barrie, ONT, CA",2026-04-07T00:00:00,Roxana McMican,S,S4
00010,        CIN2,2611579,1.0,N,HP1632,HP1632,HP1632-OP,HYDROSIZE HP-1632,,PPA,999,26353.96,,1852.0,840.0532,12489.89,26353.96,13864.07,13864.07,,0.0,7.486,4.0,10240,Brendan Schloerb,"Albarrie - Barrie, ONT, CA",Canada,"Albarrie - Barrie, ONT, CA",2026-02-09T00:00:00,Roxana McMican,S,S4
00010,        CIN2,2549410,1.0,N,HP1632,HP1632,HP1632-OP,HYDROSIZE HP-1632,,PPA,999,26640.0,,1800.0,816.48,13794.84,26640.0,12845.16,12845.16,,0.0,7.1362,1800.0,10240,Brendan Schloerb,"Albarrie - Barrie, ONT, CA",Canada,"Albarrie - Barrie, ONT, CA",2026-06-17T00:00:00,Roxana McMican,S,S4
00010,        CIN2,2256645,1.0,N,U601,U601,U601-OP,HYDROSIZE U6-01,,PPD,999,4613.04,,900.0,408.2332,1963.26,4613.04,2649.78,2649.78,,0.0,2.9442,2.0,10240,Ethan Cheng,"Chenchem, Taiwan",Taiwan,HERLI Technologies - Global Parent,2025-01-14T00:00:00,Norman Seung,S,S4
00010,        CIN2,2331519,1.0,N,U601,U601,U601-OP,HYDROSIZE U6-01,,PPD,999,18452.16,,3600.0,1632.9328,7828.56,18452.16,10623.6,10623.6,,0.0,2.951,8.0,10240,Ethan Cheng,"Chenchem, Taiwan",Taiwan,HERLI Technologies - Global Parent,2025-04-01T00:00:00,Norman Seung,S,S4
00010,        CIN2,2348251,1.0,N,HP1632,HP1632,HP1632-OP,HYDROSIZE HP-1632,,PPI,999,25873.67,,1852.0,840.0532,11872.92,25873.67,14000.75,14000.75,,0.0,7.5598,4.0,10240,Brandon Lee,"Connell Brothers Japan - Tokyo, Japan",Japan,Connell Caldic Japan- Global Parent,2025-03-12T00:00:00,Roxana McMican,S,S4
00030,        SING,2327571,1.0,N,U2022,U2022,U2022-PL,HYDROSIZE U2022,,CIF,999,235.82,,39.991444,18.14,73.27,235.82,162.55,162.55,,0.0,4.0646,18.14,30240,Rohan Aranjo,Premium Multi Industries - Malaysia,Malaysia,Premium Industries Resources - Singapore,2025-03-14T00:00:00,Norman Seung,S,S4
00030,        SING,2435907,1.0,N,U2022,U2022,U2022-OP,HYDROSIZE U2022,,CIF,999,43421.74,,9449.90767,4286.45,10338.26,43421.74,33083.48,33083.48,,0.0,3.5009,4286.45,30240,Brandon Lee,Caldic - Japan,Japan,Connell Caldic Japan- Global Parent,2025-08-19T00:00:00,Norman Seung,S,S4
00030,        SNG4,2485910,1.0,N,U2022,U2022,U2022-PL,HYDROSIZE U2022,,EXW,999,468.0,,79.3656,36.0,444.34,468.0,23.66,23.66,,0.0,0.2981,36.0,30240,Rohan Aranjo,Premium Multi Industries - Malaysia,Malaysia,Premium Industries Resources - Singapore,2025-08-14T00:00:00,Norman Seung,S,S4
00030,        SNG4,2525605,1.0,N,U2022,U2022,U2022-PL,HYDROSIZE U2022,,EXW,999,1638.0,,277.7796,126.0,619.82,1638.0,1018.18,1018.18,,0.0,3.6654,126.0,30240,Rohan Aranjo,Premium Multi Industries - Malaysia,Malaysia,Premium Industries Resources - Singapore,2025-10-30T00:00:00,Norman Seung,S,S4
00030,        SING,2527739,1.0,N,U2022,U2022,U2022-OP,HYDROSIZE U2022,,CIF,999,16541.58,,3599.9574780000003,1632.93,4585.29,16541.58,11956.29,11956.29,,0.0,3.3212,1632.93,30240,Brandon Lee,Caldic - Japan,Japan,Connell Caldic Japan- Global Parent,2025-12-23T00:00:00,Norman Seung,S,S4
00010,        CIN2,2332330,1.0,N,HP1632,HP1632,HP1632-OP,HYDROSIZE HP-1632,,PPA,999,25631.68,,1852.0,840.0532,11642.23,25631.68,13989.45,13989.45,,0.0,7.5537,4.0,10240,Brendan Schloerb,"Albarrie - Barrie, ONT, CA",Canada,"Albarrie - Barrie, ONT, CA",2025-02-03T00:00:00,Roxana McMican,S,S4
00010,        CIN2,2433205,1.0,N,HP1632,HP1632,HP1632-OP,HYDROSIZE HP-1632,,PPA,999,11711.29,,823.0,373.3128,5521.92,11711.29,6189.37,6189.37,,0.0,7.5205,823.0,10240,Brendan Schloerb,"Albarrie - Barrie, ONT, CA",Canada,"Albarrie - Barrie, ONT, CA",2025-06-11T00:00:00,Roxana McMican,S,S4
00010,        CIN2,2469564,1.0,N,HP1632,HP1632,HP1632-OP,HYDROSIZE HP-1632,,PPA,999,13176.98,,926.0,420.0266,6250.69,13176.98,6926.29,6926.29,,0.0,7.4798,2.0,10240,Brendan Schloerb,"Albarrie - Barrie, ONT, CA",Canada,"Albarrie - Barrie, ONT, CA",2025-09-15T00:00:00,Roxana McMican,S,S4
00010,        CIN2,2470455,1.0,N,HP1632,HP1632,HP1632-OP,HYDROSIZE HP-1632,,PPA,999,26353.96,,1852.0,840.0532,12425.99,26353.96,13927.97,13927.97,,0.0,7.5205,4.0,10240,Brendan Schloerb,"Albarrie - Barrie, ONT, CA",Canada,"Albarrie - Barrie, ONT, CA",2025-07-24T00:00:00,Roxana McMican,S,S4
00010,        CIN2,2549404,1.0,N,HP1632,HP1632,HP1632-OP,HYDROSIZE HP-1632,,PPA,999,26353.96,,1852.0,840.0532,12496.18,26353.96,13857.78,13857.78,,0.0,7.4826,4.0,10240,Brendan Schloerb,"Albarrie - Barrie, ONT, CA",Canada,"Albarrie - Barrie, ONT, CA",2025-12-04T00:00:00,Roxana McMican,S,S4
00010,        CIN2,1806716,1.0,N,HP1632,HP1632,HP1632-OP,HYDROSIZE HP-1632,,PPA,999,24872.36,,1852.0,840.0532,9585.4,24872.36,15286.96,15286.96,,0.0,8.2543,4.0,10240,Brendan Schloerb,"Albarrie - Barrie, ONT, CA",Canada,"Albarrie - Barrie, ONT, CA",2023-03-07T00:00:00,Roxana McMican,S,S4
00010,        CIN2,1842513,1.0,N,HP1632,HP1632,HP1632-OP,HYDROSIZE HP-1632,,PPA,999,6218.09,,463.0,210.0133,2396.35,6218.09,3821.74,3821.74,,0.0,8.2543,1.0,10240,Brendan Schloerb,"Albarrie - Barrie, ONT, CA",Canada,"Albarrie - Barrie, ONT, CA",2023-04-19T00:00:00,Roxana McMican,S,S4
00010,        CIN2,1922527,1.0,N,HP1432AT,HP1432AT,HP1432AT-OP,HYDROSIZE HP-1432AT,,PPA,999,33336.0,,3704.0,1680.1064,-7444.67,33336.0,40780.67,40780.67,,0.0,11.0099,8.0,10240,Brendan Schloerb,"Albarrie - Barrie, ONT, CA",Canada,"Albarrie - Barrie, ONT, CA",2023-08-02T00:00:00,Jake Hoffman,S,S4
00010,        CIN2,1922528,1.0,N,HP1432AT,HP1432AT,HP1432AT-OP,HYDROSIZE HP-1432AT,,PPA,999,16668.0,,1852.0,840.0532,-13945.0,16668.0,30613.0,30613.0,,0.0,16.5297,4.0,10240,Brendan Schloerb,"Albarrie - Barrie, ONT, CA",Canada,"Albarrie - Barrie, ONT, CA",2023-10-25T00:00:00,Jake Hoffman,S,S4
00030,        SNG4,2608262,1.0,N,U2022,U2022,U2022-OP,HYDROSIZE U2022,,COL,999,2843.97,,449.996,204.1181856,1349.44,2843.97,1494.53,1494.53,,0.0,3.3212,449.996,SNG4,,Singapore Manufacturing,Singapore,Singapore Manufacturing,2026-01-17T00:00:00,Norman Seung,S,ST
00030,        SNG4,2649604,1.0,N,U2022,U2022,U2022-OP,HYDROSIZE U2022,,COL,999,2843.97,,449.996,204.1181856,1349.44,2843.97,1494.53,1494.53,,0.0,3.3212,449.996,SNG4,,Singapore Manufacturing,Singapore,Singapore Manufacturing,2026-03-16T00:00:00,Norman Seung,S,ST
00030,        SNG4,2721401,1.0,N,U2022,U2022,U2022-OP,HYDROSIZE U2022,,COL,999,2956.5,,450.0,204.12,1461.96,2956.5,1494.54,1494.54,,0.0,3.3212,450.0,SNG4,,Singapore Manufacturing,Singapore,Singapore Manufacturing,2026-06-16T00:00:00,Norman Seung,S,ST
00030,        SING,2610406,1.0,N,U2022,U2022,U2022-PL,HYDROSIZE U2022,,,999,1297.178,,360.0,163.2933,0.0,1297.178,1297.19,1297.19,,0.0,3.6033,9.0,SING,,TVS SCS SINGAPORE PTE LTD,Singapore,TVS SCS SINGAPORE PTE LTD,2026-01-19T00:00:00,Norman Seung,S,ST
00030,        SING,2653239,1.0,N,U2022,U2022,U2022-PL,HYDROSIZE U2022,,,999,1298.0867,,360.0,163.2933,0.0,1298.0867,1298.09,1298.09,,0.0,3.6058,9.0,SING,,TVS SCS SINGAPORE PTE LTD,Singapore,TVS SCS SINGAPORE PTE LTD,2026-03-18T00:00:00,Norman Seung,S,ST
00030,        SING,2653255,1.0,N,U2022,U2022,U2022-PL,HYDROSIZE U2022,,,999,1298.0867,,360.0,163.2933,0.0,1298.0867,1298.09,1298.09,,0.0,3.6058,9.0,SING,,TVS SCS SINGAPORE PTE LTD,Singapore,TVS SCS SINGAPORE PTE LTD,2026-03-18T00:00:00,Norman Seung,S,ST
00030,        SING,2722933,1.0,N,U2022,U2022,U2022-PL,HYDROSIZE U2022,,,999,576.93,,160.0,72.5748,0.0,576.93,576.93,576.93,,0.0,3.6058,4.0,SING,,TVS SCS SINGAPORE PTE LTD,Singapore,TVS SCS SINGAPORE PTE LTD,2026-06-17T00:00:00,Norman Seung,S,ST
00030,        SNG4,2488886,1.0,N,U2022,U2022,U2022-OP,HYDROSIZE U2022,,COL,999,2844.04,,450.007,204.1231752,1268.61,2844.04,1575.43,1575.43,,0.0,3.5009,450.007,SNG4,,Singapore Manufacturing,Singapore,Singapore Manufacturing,2025-08-12T00:00:00,Norman Seung,S,ST
00030,        SING,2489712,1.0,N,U2022,U2022,U2022-PL,HYDROSIZE U2022,,,999,23.8462,,80.0,36.2874,0.0,23.8462,23.85,23.85,,0.0,0.2981,2.0,SING,,TVS SCS SINGAPORE PTE LTD,Singapore,TVS SCS SINGAPORE PTE LTD,2025-08-13T00:00:00,Norman Seung,S,ST
00030,        SING,2535987,1.0,N,U2022,U2022,U2022-PL,HYDROSIZE U2022,,,999,1026.3036,,280.0,127.0059,0.0,1026.3036,1026.31,1026.31,,0.0,3.6654,7.0,SING,,TVS SCS SINGAPORE PTE LTD,Singapore,TVS SCS SINGAPORE PTE LTD,2025-10-13T00:00:00,Norman Seung,S,ST
00010,        CIN2,1460418,1.0,N,U470,U470,U470-PL,HYDROSIZE LINK U470,,PPB,999,0.0,,40.0,18.1437,-152.92,0.0,152.92,152.92,,0.0,3.8229,1.0,10200,,Michelman New Material Shanghai Co Ltd,China,Michelman Asia-Pacific - Global Parent,2021-11-19T00:00:00,Marcos Pedreira,S,SA
00010,        CIN2,1059841,1.0,N,HP1632,HP1632,HP1632-PL,HYDROSIZE HP-1632,,PPB,999,0.0,,120.0,54.4311,-552.82,0.0,552.82,552.82,,0.0,4.6068,3.0,10200,,"Michelman Asia-Pacific - SHIN-A T&C, Seo",South Korea,Michelman Asia-Pacific - Global Parent,2020-01-16T00:00:00,Roxana McMican,S,SA
00010,        CIN2,1273236,1.0,N,U470,U470,U470-OP,HYDROSIZE LINK U470,,PPI,999,-12847.76,,-1.0,-0.4536,-12844.36,-12847.76,-3.4,-3.4,,0.0,3.399,-1.0,10200,,Michelman New Material Shanghai Co Ltd,China,Michelman Asia-Pacific - Global Parent,2021-06-02T00:00:00,Marcos Pedreira,C,CO
00010,        CIN2,1354550,1.0,N,U470,U470,U470-OP,HYDROSIZE LINK U470,,PPI,999,-225.75,,-2.2046,-1.0,-218.26,-225.75,-7.49,-7.49,,0.0,3.399,-1.0,10200,,Michelman New Material Shanghai Co Ltd,China,Michelman Asia-Pacific - Global Parent,2021-06-01T00:00:00,Marcos Pedreira,C,CO
00010,        CIN2,1341319,1.0,N,U204,U204,U204-PL,HYDROSIZE U2-04,,PPB,999,0.0,,40.0,18.1437,-118.57,0.0,118.57,118.57,,0.0,2.9643,1.0,10200,,Michelman New Material Shanghai Co Ltd,China,Michelman Asia-Pacific - Global Parent,2021-05-18T00:00:00,Norman Seung,S,SA
00010,        CIN2,1696840,1.0,N,U601,U601,U601-PL,HYDROSIZE U6-01,,CLL,999,0.0,,80.0,36.2874,-262.26,0.0,262.26,262.26,,0.0,3.2782,2.0,10200,,Michelman New Material Shanghai Co Ltd,China,Michelman Asia-Pacific - Global Parent,2022-11-14T00:00:00,Norman Seung,S,SA
00010,        CIN2,1699081,1.0,N,U204,U204,U204-PL,HYDROSIZE U2-04,,PPB,999,0.0,,40.0,18.1437,-162.29,0.0,162.29,162.29,,0.0,4.0572,1.0,10200,,Michelman New Material Shanghai Co Ltd,China,Michelman Asia-Pacific - Global Parent,2022-11-11T00:00:00,Norman Seung,S,SA
00010,        CIN2,1312641,1.0,N,HP1632,HP1632,HP1632-PL,HYDROSIZE HP-1632,,PPI,999,599.95,,160.0,72.5748,28.57,599.95,571.38,571.38,,0.0,3.5711,4.0,10200,,"Michelman Japan - Tokyo, Japan",Japan,Michelman Asia-Pacific - Global Parent,2021-04-02T00:00:00,Roxana McMican,S,S4
00010,        CIN2,1905,1.0,N,U601,U601,U601-OP,HYDROSIZE U6-01,,PPI,999,-17979.66,,-6300.0,-2857.6324,-856.26,-17979.66,-17123.4,-17123.4,,0.0,2.718,-14.0,10200,,Michelman New Material Shanghai Co Ltd,China,Michelman Asia-Pacific - Global Parent,2022-05-17T00:00:00,Norman Seung,C,CM
00010,        CIN2,2236797,1.0,N,U2022,U2022,U2022-PL,HYDROSIZE U2022,,PPI,999,-290.94,,-80.0,-36.2874,-14.64,-290.94,-276.3,-276.3,,0.0,3.4538,-2.0,10200,,Michelman Int'l - Belgium (Jost),Belgium,Michelman International - Global Parent,2024-10-17T00:00:00,Norman Seung,C,CO
00010,        CIN2,2558365,1.0,N,U502,U502,U502-PL,HYDROSIZE U5-02,,PPI,999,0.0,,80.0,36.2874,-288.88,0.0,288.88,288.88,,0.0,3.611,2.0,10200,,Michelman New Material Shanghai Co Ltd,China,Michelman Asia-Pacific - Global Parent,2025-11-18T00:00:00,Norman Seung,S,SA
00010,        CIN2,1812770,1.0,N,191245PX,191245PX,191245PX-PL,EXPERIMENTAL PRODUCT 191245PX,,PPB,999,0.0,,80.0,36.2874,-138.48,0.0,138.48,138.48,,0.0,1.731,2.0,10200,,Michelman International SARL - Luxembour,Luxembourg,Michelman International - Global Parent,2023-03-13T00:00:00,Kaitlyn Slack,S,SA
00010,        CIN2,1853744,1.0,N,HP1632,HP1632,HP1632-PL,HYDROSIZE HP-1632,,PPB,999,0.0,,40.0,18.1437,-338.81,0.0,338.81,338.81,,0.0,8.4703,1.0,10200,,Michelman International SARL - Luxembour,Luxembourg,Michelman International - Global Parent,2023-05-08T00:00:00,Roxana McMican,S,SA
00010,        CIN2,1295701,1.0,N,U2022,U2022,U2022-OP,HYDROSIZE U2022,,CLL,999,29440.19,,10350.0,4694.6818,1402.04,29440.19,28038.15,28038.15,,0.0,2.709,23.0,10200,,"Michelman Japan - Tokyo, Japan",Japan,Michelman Asia-Pacific - Global Parent,2021-04-28T00:00:00,Norman Seung,S,S5
00010,        CIN2,1103453,1.0,N,U601,U601,U601-OP,HYDROSIZE U6-01,,PPI,999,6489.85,,4500.0,2041.1660000000002,309.1,6489.85,6180.75,6180.75,,0.0,1.3735,10.0,10200,,Michelman New Material Shanghai Co Ltd,China,Michelman Asia-Pacific - Global Parent,2020-04-09T00:00:00,Norman Seung,S,S5
00010,        CIN2,1128794,1.0,N,HP1632,HP1632,HP1632-OP,HYDROSIZE HP-1632,,CLL,999,7216.64,,1852.0,840.0532,343.68,7216.64,6872.96,6872.96,,0.0,3.7111,4.0,10200,,"Michelman Asia-Pacific - SHIN-A T&C, Seo",South Korea,Michelman Asia-Pacific - Global Parent,2020-06-02T00:00:00,Roxana McMican,S,S5
00010,        CIN2,1200097,1.0,N,U601,U601,U601-OP,HYDROSIZE U6-01,,CLL,999,648.99,,450.0,204.1166,30.91,648.99,618.08,618.08,,0.0,1.3735,1.0,10200,,Michelman Asia-Pacific - HoJoo Communica,South Korea,Michelman Asia-Pacific - Global Parent,2020-09-29T00:00:00,Norman Seung,S,S5
00010,        CIN2,1231316,1.0,N,HP1632,HP1632,HP1632-T2,HYDROSIZE HP-1632,,PPI,999,69756.94,,15435.0,7001.1984,3321.61,69756.94,66435.33,66435.33,,0.0,4.3042,7.0,10200,,Michelman Int'l - Belgium SRL,Belgium,Michelman International - Global Parent,2020-12-02T00:00:00,Roxana McMican,S,S5
00010,        CIN2,1240953,1.0,N,U601,U601,U601-OP,HYDROSIZE U6-01,,CLL,999,1682.59,,900.0,408.2332,80.14,1682.59,1602.45,1602.45,,0.0,1.7805,2.0,10200,,Michelman Asia-Pacific - HoJoo Communica,South Korea,Michelman Asia-Pacific - Global Parent,2020-12-22T00:00:00,Norman Seung,S,S5
00010,        CIN2,1240983,1.0,N,HP1632,HP1632,HP1632-PL,HYDROSIZE HP-1632,,PPI,999,15.87,,40.0,18.1437,0.76,15.87,15.11,15.11,,0.0,0.3778,1.0,10200,,"Michelman Japan - Tokyo, Japan",Japan,Michelman Asia-Pacific - Global Parent,2020-12-17T00:00:00,Roxana McMican,S,S5
00010,        CIN2,1272075,1.0,N,191245PX,191245PX,191245PX-T2,EXPERIMENTAL PRODUCT 191245PX,,PPI,999,2825.55,,2300.0,1043.28,134.55,2825.55,2691.0,2691.0,,0.0,1.17,2300.0,10200,,Michelman Int'l - Belgium SRL,Belgium,Michelman International - Global Parent,2021-01-21T00:00:00,Kaitlyn Slack,S,S5
00010,        CIN2,1300137,1.0,N,HP1632,HP1632,HP1632-OP,HYDROSIZE HP-1632,,PPI,999,4748.72,,1389.0,630.0399,226.14,4748.72,4522.58,4522.58,,0.0,3.256,3.0,10200,,"Michelman Japan - Tokyo, Japan",Japan,Michelman Asia-Pacific - Global Parent,2021-03-15T00:00:00,Roxana McMican,S,S5
00010,        CIN2,1315823,1.0,N,U470,U470,U470-OP,HYDROSIZE LINK U470,,PPI,999,25696.51,,7200.0,3265.8656,1223.71,25696.51,24472.8,24472.8,,0.0,3.399,16.0,10200,,Michelman New Material Shanghai Co Ltd,China,Michelman Asia-Pacific - Global Parent,2021-04-12T00:00:00,Marcos Pedreira,S,S5
00010,        CIN2,1317530,1.0,N,U601,U601,U601-OP,HYDROSIZE U6-01,,PPI,999,12859.59,,5400.0,2449.3992,612.39,12859.59,12247.2,12247.2,,0.0,2.268,12.0,10200,,Michelman New Material Shanghai Co Ltd,China,Michelman Asia-Pacific - Global Parent,2021-04-15T00:00:00,Norman Seung,S,S5
00010,        CIN2,1354596,1.0,N,191245PX,191245PX,191245PX-T2,EXPERIMENTAL PRODUCT 191245PX,,PPI,999,8476.65,,6900.0,3129.7875000000004,403.65,8476.65,8073.0,8073.0,,0.0,1.17,3.0,10200,,Michelman Int'l - Belgium SRL,Belgium,Michelman International - Global Parent,2021-07-07T00:00:00,Kaitlyn Slack,S,S5
00010,        CIN2,1076537,1.0,N,HP1632,HP1632,HP1632-PL,HYDROSIZE HP-1632,,CLL,999,387.55,,80.0,36.2874,18.45,387.55,369.1,369.1,,0.0,4.6137,2.0,10200,,"Michelman Asia-Pacific - SHIN-A T&C, Seo",South Korea,Michelman Asia-Pacific - Global Parent,2020-02-17T00:00:00,Roxana McMican,S,S5
00010,        CIN2,1151787,1.0,N,U2022,U2022,U2022-OP,HYDROSIZE U2022,,CLL,999,19706.24,,8100.0,3674.0988,938.54,19706.24,18767.7,18767.7,,0.0,2.317,18.0,10200,,"Michelman Japan - Tokyo, Japan",Japan,Michelman Asia-Pacific - Global Parent,2020-08-18T00:00:00,Norman Seung,S,S5
00010,        CIN2,1263287,1.0,N,HP1632,HP1632,HP1632-OP,HYDROSIZE HP-1632,,PPI,999,3165.82,,926.0,420.0266,150.76,3165.82,3015.06,3015.06,,0.0,3.256,2.0,10200,,"Michelman Japan - Tokyo, Japan",Japan,Michelman Asia-Pacific - Global Parent,2021-03-15T00:00:00,Roxana McMican,S,S5
00010,        CIN2,1268285,1.0,N,U470,U470,U470-OP,HYDROSIZE LINK U470,,PPI,999,12848.18,,3600.0,1632.9328,611.78,12848.18,12236.4,12236.4,,0.0,3.399,8.0,10200,,Michelman New Material Shanghai Co Ltd,China,Michelman Asia-Pacific - Global Parent,2021-01-19T00:00:00,Marcos Pedreira,S,S5
00010,        CIN2,1273178,1.0,N,HP1632,HP1632,HP1632-PL,HYDROSIZE HP-1632,,PPI,999,149.99,,40.0,18.1437,7.15,149.99,142.84,142.84,,0.0,3.5711,1.0,10200,,"Michelman Japan - Tokyo, Japan",Japan,Michelman Asia-Pacific - Global Parent,2021-03-01T00:00:00,Roxana McMican,S,S5
00010,        CIN2,1273236,1.0,N,U470,U470,U470-OP,HYDROSIZE LINK U470,,PPI,999,20878.29,,5850.0,2653.5158,994.14,20878.29,19884.15,19884.15,,0.0,3.399,13.0,10200,,Michelman New Material Shanghai Co Ltd,China,Michelman Asia-Pacific - Global Parent,2021-01-27T00:00:00,Marcos Pedreira,S,S5
00010,        CIN2,1339139,1.0,N,191245PX,191245PX,191245PX-T2,EXPERIMENTAL PRODUCT 191245PX,,PPI,999,8476.65,,6900.0,3129.84,403.65,8476.65,8073.0,8073.0,,0.0,1.17,6900.0,10200,,Michelman Int'l - Belgium SRL,Belgium,Michelman International - Global Parent,2021-05-13T00:00:00,Kaitlyn Slack,S,S5
00010,        CIN2,1354595,1.0,N,191245PX,191245PX,191245PX-T2,EXPERIMENTAL PRODUCT 191245PX,,PPI,999,5651.1,,4600.0,2086.56,269.1,5651.1,5382.0,5382.0,,0.0,1.17,4600.0,10200,,Michelman Int'l - Belgium SRL,Belgium,Michelman International - Global Parent,2021-07-01T00:00:00,Kaitlyn Slack,S,S5
00010,        CIN2,1354597,1.0,N,191245PX,191245PX,191245PX-T2,EXPERIMENTAL PRODUCT 191245PX,,PPI,999,8476.65,,6900.0,3129.7875000000004,403.65,8476.65,8073.0,8073.0,,0.0,1.17,3.0,10200,,Michelman Int'l - Belgium SRL,Belgium,Michelman International - Global Parent,2021-07-13T00:00:00,Kaitlyn Slack,S,S5
00010,        CIN2,1201307,1.0,N,191245PX,191245PX,191245PX-PL,EXPERIMENTAL PRODUCT 191245PX,,PPI,999,2136.38,,880.0,399.16139999999996,101.73,2136.38,2034.65,2034.65,,0.0,2.3121,22.0,10200,,Michelman Int'l - Belgium SRL,Belgium,Michelman International - Global Parent,2020-09-30T00:00:00,Kaitlyn Slack,S,S5
00010,        CIN2,1204660,1.0,N,U2022,U2022,U2022-OP,HYDROSIZE U2022,,CLL,999,14787.42,,5400.0,2449.3992,704.22,14787.42,14083.2,14083.2,,0.0,2.608,12.0,10200,,"Michelman Japan - Tokyo, Japan",Japan,Michelman Asia-Pacific - Global Parent,2020-11-30T00:00:00,Norman Seung,S,S5
00010,        CIN2,1217560,1.0,N,U601,U601,U601-PL,HYDROSIZE U6-01,,CLL,999,259.61,,160.0,72.5748,12.36,259.61,247.25,247.25,,0.0,1.5453,4.0,10200,,Michelman Asia-Pacific - HoJoo Communica,South Korea,Michelman Asia-Pacific - Global Parent,2020-10-30T00:00:00,Norman Seung,S,S5
00010,        CIN2,1230658,1.0,N,HP1632,HP1632,HP1632-PL,HYDROSIZE HP-1632,,PPI,999,34.41,,80.0,36.2874,1.64,34.41,32.77,32.77,,0.0,0.4096,2.0,10200,,"Michelman Japan - Tokyo, Japan",Japan,Michelman Asia-Pacific - Global Parent,2021-01-08T00:00:00,Roxana McMican,S,S5
00010,        CIN2,1240996,1.0,N,U2022,U2022,U2022-OP,HYDROSIZE U2022,,CLL,999,28160.18,,9900.0,4490.5652,1341.08,28160.18,26819.1,26819.1,,0.0,2.709,22.0,10200,,"Michelman Japan - Tokyo, Japan",Japan,Michelman Asia-Pacific - Global Parent,2021-02-05T00:00:00,Norman Seung,S,S5
00010,        CIN2,1303228,1.0,N,HP1632,HP1632,HP1632-T2,HYDROSIZE HP-1632,,PPI,999,103199.29,,17640.0,8001.3696,-4778.68,103199.29,107977.97,107977.97,,0.0,6.1212,8.0,10200,,Michelman Int'l - Belgium (Jost),Belgium,Michelman International - Global Parent,2021-11-15T00:00:00,Roxana McMican,S,S5
00010,        CIN2,1386079,1.0,N,HP1632,HP1632,HP1632-PL,HYDROSIZE HP-1632,,PPI,999,235.21,,80.0,36.2874,22.92,235.21,212.29,212.29,,0.0,2.6536,2.0,10200,,"Michelman Japan - Tokyo, Japan",Japan,Michelman Asia-Pacific - Global Parent,2021-07-29T00:00:00,Roxana McMican,S,S5
00010,        CIN2,1396131,1.0,N,HP1632,HP1632,HP1632-OP,HYDROSIZE HP-1632,,PPI,999,4265.35,,1389.0,630.0399,203.08,4265.35,4062.27,4062.27,,0.0,2.9246,3.0,10200,,"Michelman Japan - Tokyo, Japan",Japan,Michelman Asia-Pacific - Global Parent,2021-11-16T00:00:00,Roxana McMican,S,S5
00010,        CIN2,1403546,1.0,N,HP1632,HP1632,HP1632-PL,HYDROSIZE HP-1632,,PPI,999,117.6,,40.0,18.144,5.6,117.6,112.0,112.0,,0.0,2.8001,40.0,10200,,"Michelman Japan - Tokyo, Japan",Japan,Michelman Asia-Pacific - Global Parent,2021-08-25T00:00:00,Roxana McMican,S,S5
00010,        CIN2,1404832,1.0,N,U2022,U2022,U2022-OP,HYDROSIZE U2022,,CLL,999,28160.18,,9900.0,4490.5652,1341.08,28160.18,26819.1,26819.1,,0.0,2.709,22.0,10200,,"Michelman Japan - Tokyo, Japan",Japan,Michelman Asia-Pacific - Global Parent,2021-10-07T00:00:00,Norman Seung,S,S5
00010,        CIN2,1405758,1.0,N,191245PX,191245PX,191245PX-T2,EXPERIMENTAL PRODUCT 191245PX,,PPI,999,2825.55,,2300.0,1043.2625,134.55,2825.55,2691.0,2691.0,,0.0,1.17,1.0,10200,,Michelman Int'l - Belgium SRL,Belgium,Michelman International - Global Parent,2021-08-25T00:00:00,Kaitlyn Slack,S,S5
00010,        CIN2,1423520,1.0,N,HP1632,HP1632,HP1632-T2,HYDROSIZE HP-1632,,PPI,999,155894.16,,24255.0,11001.8832,7424.45,155894.16,148469.71,148469.71,,0.0,6.1212,11.0,10200,,Michelman Int'l - Belgium (Jost),Belgium,Michelman International - Global Parent,2021-11-23T00:00:00,Roxana McMican,S,S5
00010,        CIN2,1423521,1.0,N,HP1632,HP1632,HP1632-T2,HYDROSIZE HP-1632,,PPI,999,128097.49,,19845.0,9001.5408,6100.35,128097.49,121997.14,121997.14,,0.0,6.1475,9.0,10200,,Michelman Int'l - Belgium (Jost),Belgium,Michelman International - Global Parent,2022-03-02T00:00:00,Roxana McMican,S,S5
00010,        CIN2,1423522,1.0,N,HP1632,HP1632,HP1632-T2,HYDROSIZE HP-1632,,PPI,999,239248.01,,33075.0,15002.568,11394.33,239248.01,227853.68,227853.68,,0.0,6.889,15.0,10200,,Michelman Int'l - Belgium (Jost),Belgium,Michelman International - Global Parent,2022-06-01T00:00:00,Roxana McMican,S,S5
00010,        CIN2,1432450,1.0,N,U2022,U2022,U2022-OP,HYDROSIZE U2022,,CLL,999,43658.65,,15750.0,7144.081,2078.65,43658.65,41580.0,41580.0,,0.0,2.64,35.0,10200,,"Michelman Japan - Tokyo, Japan",Japan,Michelman Asia-Pacific - Global Parent,2021-12-15T00:00:00,Norman Seung,S,S5
00010,        CIN2,1434029,1.0,N,HP1632,HP1632,HP1632-OP,HYDROSIZE HP-1632,,PPI,999,13542.19,,3704.0,1680.1064,644.86,13542.19,12897.33,12897.33,,0.0,3.482,8.0,10200,,Michelman Int'l - Belgium SRL,Belgium,Michelman International - Global Parent,2022-01-04T00:00:00,Roxana McMican,S,S5
00010,        CIN2,1434045,1.0,N,HP1632,HP1632,HP1632-OP,HYDROSIZE HP-1632,,PPI,999,5078.6,,1389.0,630.0399,241.82,5078.6,4836.78,4836.78,,0.0,3.4822,3.0,10200,,Michelman Int'l - Belgium SRL,Belgium,Michelman International - Global Parent,2022-02-07T00:00:00,Roxana McMican,S,S5
00010,        CIN2,1438244,1.0,N,HP1632,HP1632,HP1632-T2,HYDROSIZE HP-1632,,PPI,999,38699.73,,6615.0,3000.5136,1842.93,38699.73,36856.8,36856.8,,0.0,5.5717,3.0,10200,,Michelman Int'l - Belgium SRL,Belgium,Michelman International - Global Parent,2021-10-06T00:00:00,Roxana McMican,S,S5
00010,        CIN2,1440328,1.0,N,U601,U601,U601-OP,HYDROSIZE U6-01,,PPI,999,4628.6,,1800.0,816.4664,220.4,4628.6,4408.2,4408.2,,0.0,2.449,4.0,10200,,Michelman New Material Shanghai Co Ltd,China,Michelman Asia-Pacific - Global Parent,2021-10-28T00:00:00,Norman Seung,S,S5
00010,        CIN2,1455447,1.0,N,191245PX,191245PX,191245PX-T2,EXPERIMENTAL PRODUCT 191245PX,,PPI,999,2825.55,,2300.0,1043.2625,134.55,2825.55,2691.0,2691.0,,0.0,1.17,1.0,10200,,Michelman Int'l - Belgium SRL,Belgium,Michelman International - Global Parent,2021-11-30T00:00:00,Kaitlyn Slack,S,S5
00010,        CIN2,1464004,1.0,N,HP1632,HP1632,HP1632-PL,HYDROSIZE HP-1632,,PPI,999,633.58,,160.0,72.5748,30.17,633.58,603.41,603.41,,0.0,3.7713,4.0,10200,,"Michelman Japan - Tokyo, Japan",Japan,Michelman Asia-Pacific - Global Parent,2021-12-03T00:00:00,Roxana McMican,S,S5
00010,        CIN2,1474127,1.0,N,HP1632,HP1632,HP1632-T2,HYDROSIZE HP-1632,,PPI,999,14233.05,,2205.0,1000.1712,677.81,14233.05,13555.24,13555.24,,0.0,6.1475,1.0,10200,,Michelman Int'l - Belgium (Jost),Belgium,Michelman International - Global Parent,2022-02-08T00:00:00,Roxana McMican,S,S5
00010,        CIN2,1478453,1.0,N,HP1632,HP1632,HP1632-T2,HYDROSIZE HP-1632,,PPI,999,42516.59,,6615.0,3000.5136,2024.85,42516.59,40491.74,40491.74,,0.0,6.1212,3.0,10200,,Michelman Int'l - Belgium (Jost),Belgium,Michelman International - Global Parent,2021-12-27T00:00:00,Roxana McMican,S,S5
00010,        CIN2,1489887,1.0,N,HP1632,HP1632,HP1632-OP,HYDROSIZE HP-1632,,PPI,999,5078.6,,1389.0,630.0399,241.82,5078.6,4836.78,4836.78,,0.0,3.4822,3.0,10200,,Michelman Int'l - Belgium SRL,Belgium,Michelman International - Global Parent,2022-02-07T00:00:00,Roxana McMican,S,S5
00010,        CIN2,1513992,1.0,N,HP1632,HP1632,HP1632-T2,HYDROSIZE HP-1632,,PPI,999,107427.6,,15435.0,7001.1984,-7455.11,107427.6,114882.71,114882.71,,0.0,7.443,7.0,10200,,Michelman Int'l - Belgium (Jost),Belgium,Michelman International - Global Parent,2022-05-03T00:00:00,Roxana McMican,S,S5
00010,        CIN2,1514751,1.0,N,HP1632,HP1632,HP1632-T2,HYDROSIZE HP-1632,,PPI,999,18938.75,,2205.0,1000.1712,901.85,18938.75,18036.9,18036.9,,0.0,8.18,1.0,10200,,Michelman Int'l - Belgium (Jost),Belgium,Michelman International - Global Parent,2022-10-07T00:00:00,Roxana McMican,S,S5
00010,        CIN2,1519636,1.0,N,U2022,U2022,U2022-OP,HYDROSIZE U2022,,CLL,999,33679.53,,12150.0,5511.1482000000005,1603.53,33679.53,32076.0,32076.0,,0.0,2.64,27.0,10200,,"Michelman Japan - Tokyo, Japan",Japan,Michelman Asia-Pacific - Global Parent,2022-04-25T00:00:00,Norman Seung,S,S5
00010,        CIN2,1528417,1.0,N,U601,U601,U601-OP,HYDROSIZE U6-01,,PPI,999,9257.19,,3600.0,1632.9328,440.79,9257.19,8816.4,8816.4,,0.0,2.449,8.0,10200,,Michelman New Material Shanghai Co Ltd,China,Michelman Asia-Pacific - Global Parent,2022-02-17T00:00:00,Norman Seung,S,S5
00010,        CIN2,1529954,1.0,N,HP1632,HP1632,HP1632-OP,HYDROSIZE HP-1632,,PPI,999,9162.12,,1389.0,630.0399,-227.66,9162.12,9389.78,9389.78,,0.0,6.7601,3.0,10200,,Michelman Int'l - Belgium SRL,Belgium,Michelman International - Global Parent,2022-04-27T00:00:00,Roxana McMican,S,S5
00010,        CIN2,1543210,1.0,N,HP1632,HP1632,HP1632-T2,HYDROSIZE HP-1632,,PPI,999,46040.4,,6615.0,3000.5136,-3195.05,46040.4,49235.45,49235.45,,0.0,7.443,3.0,10200,,Michelman Int'l - Belgium (Jost),Belgium,Michelman International - Global Parent,2022-05-03T00:00:00,Roxana McMican,S,S5
00010,        CIN2,1547132,1.0,N,U601,U601,U601-OP,HYDROSIZE U6-01,,PPI,999,10274.09,,3600.0,1632.9328,489.29,10274.09,9784.8,9784.8,,0.0,2.718,8.0,10200,,Michelman New Material Shanghai Co Ltd,China,Michelman Asia-Pacific - Global Parent,2022-03-11T00:00:00,Norman Seung,S,S5
00010,        CIN2,1550478,1.0,N,U601,U601,U601-OP,HYDROSIZE U6-01,,PPI,999,3852.77,,1350.0,612.3498,183.47,3852.77,3669.3,3669.3,,0.0,2.718,3.0,10200,,Michelman Int'l - Belgium SRL,Belgium,Michelman International - Global Parent,2022-06-07T00:00:00,Norman Seung,S,S5
00010,        CIN2,1575638,1.0,N,U601,U601,U601-OP,HYDROSIZE U6-01,,PPI,999,5137.02,,1800.0,816.4664,244.62,5137.02,4892.4,4892.4,,0.0,2.718,4.0,10200,,Michelman Int'l - Belgium SRL,Belgium,Michelman International - Global Parent,2022-08-18T00:00:00,Norman Seung,S,S5
00010,        CIN2,1579077,1.0,N,U601,U601,U601-OP,HYDROSIZE U6-01,,PPI,999,17979.66,,6300.0,2857.6324,856.26,17979.66,17123.4,17123.4,,0.0,2.718,14.0,10200,,Michelman New Material Shanghai Co Ltd,China,Michelman Asia-Pacific - Global Parent,2022-05-12T00:00:00,Norman Seung,S,S5
00010,        CIN2,1596267,1.0,N,HP1632,HP1632,HP1632-PL,HYDROSIZE HP-1632,,PPI,999,2647.14,,320.0,145.1496,303.33,2647.14,2343.81,2343.81,,0.0,7.3244,8.0,10200,,"Michelman Japan-Shibusawa Whse-Tokyo, JP",Japan,Michelman Asia-Pacific - Global Parent,2022-06-06T00:00:00,Roxana McMican,S,S5
00010,        CIN2,1597046,1.0,N,U601,U601,U601-OP,HYDROSIZE U6-01,,PPI,999,7705.57,,2700.0,1224.6996,366.97,7705.57,7338.6,7338.6,,0.0,2.718,6.0,10200,,Michelman New Material Shanghai Co Ltd,China,Michelman Asia-Pacific - Global Parent,2022-05-26T00:00:00,Norman Seung,S,S5
00010,        CIN2,1603287,1.0,N,U601,U601,U601-OP,HYDROSIZE U6-01,,CLL,999,14126.88,,4950.0,2245.2826,672.78,14126.88,13454.1,13454.1,,0.0,2.718,11.0,10200,,Michelman New Material Shanghai Co Ltd,China,Michelman Asia-Pacific - Global Parent,2022-06-02T00:00:00,Norman Seung,S,S5
00010,        CIN2,1607108,1.0,N,U2022,U2022,U2022-OP,HYDROSIZE U2022,,CLL,999,57599.76,,15750.0,7144.081,-2691.24,57599.76,60291.0,60291.0,,0.0,3.828,35.0,10200,,"Michelman Japan - Tokyo, Japan",Japan,Michelman Asia-Pacific - Global Parent,2022-08-01T00:00:00,Norman Seung,S,S5
00010,        CIN2,1624591,1.0,N,HP1632,HP1632,HP1632-T2,HYDROSIZE HP-1632,,PPI,999,37877.49,,4410.0,2000.3424,1803.69,37877.49,36073.8,36073.8,,0.0,8.18,2.0,10200,,Michelman Int'l - Belgium (Jost),Belgium,Michelman International - Global Parent,2022-11-11T00:00:00,Roxana McMican,S,S5
00010,        CIN2,1632964,1.0,N,U2022,U2022,U2022-PL,HYDROSIZE U2022,,PPI,999,164.57,,40.0,18.1437,7.83,164.57,156.74,156.74,,0.0,3.9184,1.0,10200,,Michelman Int'l - Belgium SRL,Belgium,Michelman International - Global Parent,2022-07-13T00:00:00,Norman Seung,S,S5
00010,        CIN2,1637441,1.0,N,U470,U470,U470-OP,HYDROSIZE LINK U470,,CLL,999,12848.26,,3600.0,1632.9328,611.86,12848.26,12236.4,12236.4,,0.0,3.399,8.0,10200,,Michelman New Material Shanghai Co Ltd,China,Michelman Asia-Pacific - Global Parent,2022-07-29T00:00:00,Marcos Pedreira,S,S5
00010,        CIN2,1643601,1.0,N,U601,U601,U601-OP,HYDROSIZE U6-01,,PPI,999,11558.35,,4050.0,1837.0494,550.45,11558.35,11007.9,11007.9,,0.0,2.718,9.0,10200,,Michelman New Material Shanghai Co Ltd,China,Michelman Asia-Pacific - Global Parent,2022-08-04T00:00:00,Norman Seung,S,S5
00010,        CIN2,1644392,1.0,N,U601,U601,U601-OP,HYDROSIZE U6-01,,CLL,999,5137.05,,1800.0,816.4664,244.65,5137.05,4892.4,4892.4,,0.0,2.718,4.0,10200,,Michelman New Material Shanghai Co Ltd,China,Michelman Asia-Pacific - Global Parent,2022-08-17T00:00:00,Norman Seung,S,S5
00010,        CIN2,1650535,1.0,N,HP1632,HP1632,HP1632-PL,HYDROSIZE HP-1632,,PPI,999,3076.25,,400.0,181.43699999999998,-366.11,3076.25,3442.36,3442.36,,0.0,8.6059,10.0,10200,,"Michelman Japan-Shibusawa Whse-Tokyo, JP",Japan,Michelman Asia-Pacific - Global Parent,2022-07-29T00:00:00,Roxana McMican,S,S5
00010,        CIN2,1686136,1.0,N,HP1632,HP1632,HP1632-OP,HYDROSIZE HP-1632,,PPI,999,12113.02,,1389.0,630.0399,576.82,12113.02,11536.2,11536.2,,0.0,8.3054,3.0,10200,,"Michelman Japan-Shibusawa Whse-Tokyo, JP",Japan,Michelman Asia-Pacific - Global Parent,2022-09-27T00:00:00,Roxana McMican,S,S5
00010,        CIN2,1692171,1.0,N,U601,U601,U601-PL,HYDROSIZE U6-01,,PPI,999,413.05,,120.0,54.4311,19.67,413.05,393.38,393.38,,0.0,3.2782,3.0,10200,,Michelman Int'l - Belgium SRL,Belgium,Michelman International - Global Parent,2022-11-09T00:00:00,Norman Seung,S,S5
00010,        CIN2,1693056,1.0,N,U601,U601,U601-OP,HYDROSIZE U6-01,,CLL,999,20085.84,,6750.0,3061.7490000000003,956.34,20085.84,19129.5,19129.5,,0.0,2.834,15.0,10200,,Michelman New Material Shanghai Co Ltd,China,Michelman Asia-Pacific - Global Parent,2022-10-18T00:00:00,Norman Seung,S,S5
00010,        CIN2,1696725,1.0,N,U601,U601,U601-OP,HYDROSIZE U6-01,,CLL,999,5356.22,,1800.0,816.4664,255.02,5356.22,5101.2,5101.2,,0.0,2.834,4.0,10200,,Michelman New Material Shanghai Co Ltd,China,Michelman Asia-Pacific - Global Parent,2022-12-12T00:00:00,Norman Seung,S,S5
00010,        CIN2,1728395,1.0,N,U601,U601,U601-OP,HYDROSIZE U6-01,,CLL,999,34815.46,,11700.0,5307.0316,1657.66,34815.46,33157.8,33157.8,,0.0,2.834,26.0,10200,,Michelman New Material Shanghai Co Ltd,China,Michelman Asia-Pacific - Global Parent,2022-11-14T00:00:00,Norman Seung,S,S5
00010,        CIN2,1753134,1.0,N,U601,U601,U601-OP,HYDROSIZE U6-01,,CLL,999,16068.67,,5400.0,2449.3992,765.07,16068.67,15303.6,15303.6,,0.0,2.834,12.0,10200,,Michelman New Material Shanghai Co Ltd,China,Michelman Asia-Pacific - Global Parent,2022-12-14T00:00:00,Norman Seung,S,S5
00010,        CIN2,1402802,1.0,N,U601,U601,U601-OP,HYDROSIZE U6-01,,CLL,999,18514.39,,7200.0,3265.8656,881.59,18514.39,17632.8,17632.8,,0.0,2.449,16.0,10200,,Michelman New Material Shanghai Co Ltd,China,Michelman Asia-Pacific - Global Parent,2021-09-23T00:00:00,Norman Seung,S,S5
00010,        CIN2,1513256,1.0,N,U601,U601,U601-OP,HYDROSIZE U6-01,,CLL,999,20548.19,,7200.0,3265.8656,978.59,20548.19,19569.6,19569.6,,0.0,2.718,16.0,10200,,Michelman New Material Shanghai Co Ltd,China,Michelman Asia-Pacific - Global Parent,2022-03-17T00:00:00,Norman Seung,S,S5
00010,        CIN2,1545783,1.0,N,U601,U601,U601-OP,HYDROSIZE U6-01,,CLL,999,11558.35,,4050.0,1837.0494,550.45,11558.35,11007.9,11007.9,,0.0,2.718,9.0,10200,,Michelman Asia-Pacific - HoJoo Communica,South Korea,Michelman Asia-Pacific - Global Parent,2022-06-15T00:00:00,Norman Seung,S,S5
00010,        CIN2,2167746,1.0,N,U2022,U2022,U2022-OP,HYDROSIZE U2022,,PPI,999,1576.35,,450.0,204.1166,75.06,1576.35,1501.29,1501.29,,0.0,3.3362,1.0,10200,,Michelman Asia Pacific - Caldic Japan,Japan,Michelman Asia-Pacific - Global Parent,2024-07-12T00:00:00,Norman Seung,S,S5
00010,        CIN2,1886986,1.0,N,HP1632,HP1632,HP1632-T2,HYDROSIZE HP-1632,,PPI,999,260743.46,,33075.0,15002.568,12416.36,260743.46,248327.1,248327.1,,0.0,7.508,15.0,10200,,Michelman Int'l - Belgium (Jost),Belgium,Michelman International - Global Parent,2024-01-03T00:00:00,Roxana McMican,S,S5
00010,        CIN2,2039161,1.0,N,U601,U601,U601-PL,HYDROSIZE U6-01,,PPI,999,514.13,,160.0,72.5748,24.48,514.13,489.65,489.65,,0.0,3.0603,4.0,10200,,Michelman Int'l - Belgium SRL,Belgium,Michelman International - Global Parent,2024-01-02T00:00:00,Norman Seung,S,S5
00010,        CIN2,2056682,1.0,N,HP1632,HP1632,HP1632-OP,HYDROSIZE HP-1632,,PPI,999,3667.1,,463.0,210.0133,174.64,3667.1,3492.46,3492.46,,0.0,7.5431,1.0,10200,,Michelman Int'l - Belgium (Jost),Belgium,Michelman International - Global Parent,2024-06-10T00:00:00,Roxana McMican,S,S5
00010,        CIN2,2076335,1.0,N,U2022,U2022,U2022-PL,HYDROSIZE U2022,,PPI,999,158.22,,40.0,18.1437,7.54,158.22,150.68,150.68,,0.0,3.7671,1.0,10200,,Michelman Int'l - Belgium SRL,Belgium,Michelman International - Global Parent,2024-02-20T00:00:00,Norman Seung,S,S5
00010,        CIN2,2077345,1.0,N,U601,U601,U601-OP,HYDROSIZE U6-01,,CLL,999,13371.69,,4500.0,2041.1660000000002,636.69,13371.69,12735.0,12735.0,,0.0,2.83,10.0,10200,,Michelman New Material Shanghai Co Ltd,China,Michelman Asia-Pacific - Global Parent,2024-03-04T00:00:00,Norman Seung,S,S5
00010,        CIN2,2093323,1.0,N,U2022,U2022,U2022-PL,HYDROSIZE U2022,,PPI,999,9.67,,40.0,18.1437,0.46,9.67,9.21,9.21,,0.0,0.2303,1.0,10200,,Michelman Int'l - Belgium SRL,Belgium,Michelman International - Global Parent,2024-04-16T00:00:00,Norman Seung,S,S5
00010,        CIN2,2157277,1.0,N,U2022,U2022,U2022-PL,HYDROSIZE U2022,,PPI,999,145.04,,40.0,18.1437,6.91,145.04,138.13,138.13,,0.0,3.4532,1.0,10200,,Michelman Int'l - Belgium SRL,Belgium,Michelman International - Global Parent,2024-06-19T00:00:00,Norman Seung,S,S5
00010,        CIN2,2160291,1.0,N,HP1632,HP1632,HP1632-T2,HYDROSIZE HP-1632,,PPI,999,34401.53,,4410.0,2000.3424,1638.32,34401.53,32763.21,32763.21,,0.0,7.4293,2.0,10200,,Michelman Int'l - Belgium (Jost),Belgium,Michelman International - Global Parent,2024-07-30T00:00:00,Roxana McMican,S,S5
00010,        CIN2,2161892,1.0,N,HP1632,HP1632,HP1632-T2,HYDROSIZE HP-1632,,PPI,999,86003.82,,11025.0,5000.856,4095.79,86003.82,81908.03,81908.03,,0.0,7.4293,5.0,10200,,Michelman Int'l - Belgium (Jost),Belgium,Michelman International - Global Parent,2024-12-11T00:00:00,Roxana McMican,S,S5
00010,        CIN2,2172533,1.0,N,191245PX,191245PX,191245PX-T2,EXPERIMENTAL PRODUCT 191245PX,,PPI,999,27041.28,,16096.0,7301.1456,1287.68,27041.28,25753.6,25753.6,,0.0,1.6,16096.0,10200,,Michelman Int'l - Belgium SRL,Belgium,Michelman International - Global Parent,2024-06-28T00:00:00,Kaitlyn Slack,S,S5
00010,        CIN2,2176875,1.0,N,U2022,U2022,U2022-PL,HYDROSIZE U2022,,PPB,999,0.0,,40.0,18.1437,-138.02,0.0,138.02,138.02,,0.0,3.4505,1.0,10200,,Michelman Int'l - Belgium SRL,Belgium,Michelman International - Global Parent,2024-07-01T00:00:00,Norman Seung,S,S5
00010,        CIN2,2197404,1.0,N,U2022,U2022,U2022-OP,HYDROSIZE U2022,,PPI,999,6305.41,,1800.0,816.4664,300.25,6305.41,6005.16,6005.16,,0.0,3.3362,4.0,10200,,Michelman Asia Pacific - Caldic Japan,Japan,Michelman Asia-Pacific - Global Parent,2024-10-08T00:00:00,Norman Seung,S,S5
00010,        CIN2,2225531,1.0,N,U601,U601,U601-PL,HYDROSIZE U6-01,,PPB,999,258.16,,80.0,36.2874,12.3,258.16,245.86,245.86,,0.0,3.0733,2.0,10200,,Michelman Int'l - Belgium SRL,Belgium,Michelman International - Global Parent,2024-09-03T00:00:00,Norman Seung,S,S5
00010,        CIN2,2236797,1.0,N,U2022,U2022,U2022-PL,HYDROSIZE U2022,,PPI,999,290.94,,80.0,36.2874,13.86,290.94,277.08,277.08,,0.0,3.4635,2.0,10200,,Michelman Int'l - Belgium (Jost),Belgium,Michelman International - Global Parent,2024-09-19T00:00:00,Norman Seung,S,S5
00010,        CIN2,2258836,1.0,N,U2022,U2022,U2022-OP,HYDROSIZE U2022,,PPI,999,52192.06,,15300.0,6939.9644,2485.42,52192.06,49706.64,49706.64,,0.0,3.2488,34.0,10200,,Michelman Asia Pacific - Caldic Japan,Japan,Michelman Asia-Pacific - Global Parent,2024-12-04T00:00:00,Norman Seung,S,S5
00010,        CIN2,2263378,1.0,N,U2022,U2022,U2022-PL,HYDROSIZE U2022,,PPI,999,19.62,,80.0,36.2874,0.93,19.62,18.69,18.69,,0.0,0.2336,2.0,10200,,Michelman Int'l - Belgium (Jost),Belgium,Michelman International - Global Parent,2024-10-18T00:00:00,Norman Seung,S,S5
00010,        CIN2,2273997,1.0,N,U2022,U2022,U2022-OP,HYDROSIZE U2022,,PPI,999,24391.75,,6750.0,3061.7490000000003,1161.62,24391.75,23230.13,23230.13,,0.0,3.4415,15.0,10200,,Michelman Asia Pacific - Caldic Japan,Japan,Michelman Asia-Pacific - Global Parent,2024-11-04T00:00:00,Norman Seung,S,S5
00010,        CIN2,2474977,1.0,N,HP1632,HP1632,HP1632-T2,HYDROSIZE HP-1632,,PPI,999,136971.07,,17640.0,8001.3696,6523.27,136971.07,130447.8,130447.8,,0.0,7.395,8.0,10200,,Michelman Int'l - Belgium (Jost),Belgium,Michelman International - Global Parent,2026-02-03T00:00:00,Roxana McMican,S,S5
00010,        CIN2,2575218,1.0,N,HP1632,HP1632,HP1632-T2,HYDROSIZE HP-1632,,PPI,999,136971.07,,17640.0,8001.3696,6523.27,136971.07,130447.8,130447.8,,0.0,7.395,8.0,10200,,Michelman Int'l - Belgium (Jost),Belgium,Michelman International - Global Parent,2026-03-19T00:00:00,Roxana McMican,S,S5
00010,        CIN2,2578950,1.0,N,HP1632,HP1632,HP1632-T2,HYDROSIZE HP-1632,,PPI,999,15813.16,,2205.0,1000.1712,753.01,15813.16,15060.15,15060.15,,0.0,6.83,1.0,10200,,Michelman Int'l - Belgium (Jost),Belgium,Michelman International - Global Parent,2026-05-06T00:00:00,Roxana McMican,S,S5
00010,        CIN2,2622813,1.0,N,U2022,U2022,U2022-OP,HYDROSIZE U2022,,PPI,999,1494.52,,450.0,204.1166,71.17,1494.52,1423.35,1423.35,,0.0,3.163,1.0,10200,,Michelman Asia Pacific - Caldic Japan,Japan,Michelman Asia-Pacific - Global Parent,2026-03-05T00:00:00,Norman Seung,S,S5
00010,        CIN2,2623716,1.0,N,HP1632,HP1632,HP1632-T2,HYDROSIZE HP-1632,,PPI,999,110692.1,,15435.0,7001.1984,5271.05,110692.1,105421.05,105421.05,,0.0,6.83,7.0,10200,,Michelman Int'l - Belgium (Jost),Belgium,Michelman International - Global Parent,2026-05-19T00:00:00,Roxana McMican,S,S5
00010,        CIN2,2645756,1.0,N,U2022,U2022,U2022-OP,HYDROSIZE U2022,,PPI,999,5978.09,,1800.0,816.4664,284.69,5978.09,5693.4,5693.4,,0.0,3.163,4.0,10200,,Michelman Asia Pacific - TVS SCS SING,Singapore,Michelman Asia-Pacific - Global Parent,2026-03-13T00:00:00,Norman Seung,S,S5
00010,        CIN2,2647597,1.0,N,U2022,U2022,U2022-OP,HYDROSIZE U2022,,PPI,999,50813.78,,15300.0,6939.9644,2419.88,50813.78,48393.9,48393.9,,0.0,3.163,34.0,10200,,Michelman Asia Pacific - Caldic Japan,Japan,Michelman Asia-Pacific - Global Parent,2026-04-21T00:00:00,Norman Seung,S,S5
00010,        CIN2,2658435,1.0,N,HP1632,HP1632,HP1632-PL,HYDROSIZE HP-1632,,PPI,999,299.18,,40.0,18.1437,14.25,299.18,284.93,284.93,,0.0,7.1232,1.0,10200,,Michelman Int'l - Belgium SRL,Belgium,Michelman International - Global Parent,2026-04-06T00:00:00,Roxana McMican,S,S5
00010,        CIN2,2673602,1.0,N,U601,U601,U601-OP,HYDROSIZE U6-01,,PPI,999,346.77,,122.0,55.3392,16.52,346.77,330.25,330.25,,0.0,2.707,122.0,10200,,Michelman Int'l - Belgium SRL,Belgium,Michelman International - Global Parent,2026-04-21T00:00:00,Norman Seung,S,S5
00010,        CIN2,2629816,1.0,N,HP1632,HP1632,HP1632-T2,HYDROSIZE HP-1632,,PPI,999,130394.88,,17640.0,8001.3696,6209.28,130394.88,124185.6,124185.6,,0.0,7.04,8.0,10200,,Michelman Int'l - Belgium (Jost),Belgium,Michelman International - Global Parent,2026-07-01T00:00:00,Roxana McMican,S,S5
00010,        CIN2,2712802,1.0,N,HP1632,HP1632,HP1632-PL,HYDROSIZE HP-1632,,PPI,999,1120.36,,146.0,66.2256,53.35,1120.36,1067.01,1067.01,,0.0,7.3083,146.0,10200,,Michelman Int'l - Belgium SRL,Belgium,Michelman International - Global Parent,2026-07-02T00:00:00,Roxana McMican,S,S5
00010,        CIN2,2331011,1.0,N,U2022,U2022,U2022-PL,HYDROSIZE U2022,,PPI,999,149.28,,40.0,18.1437,7.1,149.28,142.18,142.18,,0.0,3.5544,1.0,10200,,Michelman Asia-Pacific-Premium Malaysia,Malaysia,Michelman Asia-Pacific - Global Parent,2025-03-10T00:00:00,Norman Seung,S,S5
00010,        CIN2,2336293,1.0,N,U2022,U2022,U2022-OP,HYDROSIZE U2022,,PPI,999,1515.3,,450.0,204.1166,72.15,1515.3,1443.15,1443.15,,0.0,3.207,1.0,10200,,Michelman Asia Pacific - TVS SCS SING,Singapore,Michelman Asia-Pacific - Global Parent,2025-03-24T00:00:00,Norman Seung,S,S5
00010,        CIN2,2341540,1.0,N,HP1632,HP1632,HP1632-PL,HYDROSIZE HP-1632,,PPI,999,322.44,,40.0,18.1437,15.36,322.44,307.08,307.08,,0.0,7.6771,1.0,10200,,Michelman Int'l - Belgium SRL,Belgium,Michelman International - Global Parent,2025-02-10T00:00:00,Roxana McMican,S,S5
00010,        CIN2,2351910,1.0,N,HP1632,HP1632,HP1632-T2,HYDROSIZE HP-1632,,PPI,999,154092.46,,19845.0,9001.5408,7338.68,154092.46,146753.78,146753.78,,0.0,7.395,9.0,10200,,Michelman Int'l - Belgium (Jost),Belgium,Michelman International - Global Parent,2025-06-09T00:00:00,Roxana McMican,S,S5
00010,        CIN2,2371473,1.0,N,U601,U601,U601-OP,HYDROSIZE U6-01,,CLL,999,9737.96,,3150.0,1428.8162,463.73,9737.96,9274.23,9274.23,,0.0,2.9442,7.0,10200,,Michelman New Material Shanghai Co Ltd,China,Michelman Asia-Pacific - Global Parent,2025-03-14T00:00:00,Norman Seung,S,S5
00010,        CIN2,2377662,1.0,N,U601,U601,U601-OP,HYDROSIZE U6-01,,CLL,999,2646.95,,900.0,408.2332,126.05,2646.95,2520.9,2520.9,,0.0,2.801,2.0,10200,,Michelman New Material Shanghai Co Ltd,China,Michelman Asia-Pacific - Global Parent,2025-06-02T00:00:00,Norman Seung,S,S5
00010,        CIN2,2379848,1.0,N,U601,U601,U601-OP,HYDROSIZE U6-01,,CLL,999,11154.74,,3600.0,1632.9328,531.14,11154.74,10623.6,10623.6,,0.0,2.951,8.0,10200,,Michelman New Material Shanghai Co Ltd,China,Michelman Asia-Pacific - Global Parent,2025-04-01T00:00:00,Norman Seung,S,S5
00010,        CIN2,2426088,1.0,N,HP1632,HP1632,HP1632-PL,HYDROSIZE HP-1632,,PPI,999,321.26,,40.0,18.1437,15.3,321.26,305.96,305.96,,0.0,7.6491,1.0,10200,,Michelman Int'l - Belgium SRL,Belgium,Michelman International - Global Parent,2025-06-09T00:00:00,Roxana McMican,S,S5
00010,        CIN2,2436676,1.0,N,U2022,U2022,U2022-OP,HYDROSIZE U2022,,PPI,999,31821.34,,9450.0,4286.4486,1515.19,31821.34,30306.15,30306.15,,0.0,3.207,21.0,10200,,Michelman Asia Pacific - Caldic Japan,Japan,Michelman Asia-Pacific - Global Parent,2025-08-18T00:00:00,Norman Seung,S,S5
00010,        CIN2,2474976,1.0,N,HP1632,HP1632,HP1632-T2,HYDROSIZE HP-1632,,PPI,999,68485.54,,8820.0,4000.6848,3261.64,68485.54,65223.9,65223.9,,0.0,7.395,4.0,10200,,Michelman Int'l - Belgium (Jost),Belgium,Michelman International - Global Parent,2025-12-23T00:00:00,Roxana McMican,S,S5
00010,        CIN2,2526621,1.0,N,U2022,U2022,U2022-OP,HYDROSIZE U2022,,PPI,999,2989.05,,900.0,408.2332,142.35,2989.05,2846.7,2846.7,,0.0,3.163,2.0,10200,,Michelman Asia Pacific - TVS SCS SING,Singapore,Michelman Asia-Pacific - Global Parent,2025-11-05T00:00:00,Norman Seung,S,S5
00010,        CIN2,2528857,1.0,N,U2022,U2022,U2022-OP,HYDROSIZE U2022,,PPI,999,11956.18,,3600.0,1632.9328,569.38,11956.18,11386.8,11386.8,,0.0,3.163,8.0,10200,,Michelman Asia Pacific - Caldic Japan,Japan,Michelman Asia-Pacific - Global Parent,2025-12-10T00:00:00,Norman Seung,S,S5
00010,        CIN2,1607864,1.0,N,U2022,U2022,U2022-OP,HYDROSIZE U2022,,CLL,999,63305.79,,15750.0,7144.081,3014.79,63305.79,60291.0,60291.0,,0.0,3.828,35.0,10200,,"Michelman Japan - Tokyo, Japan",Japan,Michelman Asia-Pacific - Global Parent,2023-01-10T00:00:00,Norman Seung,S,S5
00010,        CIN2,1624607,1.0,N,HP1632,HP1632,HP1632-T2,HYDROSIZE HP-1632,,PPI,999,282553.11,,33075.0,15002.568,13454.91,282553.11,269098.2,269098.2,,0.0,8.136,15.0,10200,,Michelman Int'l - Belgium (Jost),Belgium,Michelman International - Global Parent,2023-01-31T00:00:00,Roxana McMican,S,S5
00010,        CIN2,1670998,1.0,N,U470,U470,U470-OP,HYDROSIZE LINK U470,,CLL,999,20759.82,,3600.0,1632.9328,988.62,20759.82,19771.2,19771.2,,0.0,5.492,8.0,10200,,Michelman New Material Shanghai Co Ltd,China,Michelman Asia-Pacific - Global Parent,2023-04-19T00:00:00,Marcos Pedreira,S,S5
00010,        CIN2,1727408,1.0,N,U601,U601,U601-OP,HYDROSIZE U6-01,,PPI,999,9360.23,,3150.0,1428.8162,445.73,9360.23,8914.5,8914.5,,0.0,2.83,7.0,10200,,Michelman Int'l - Belgium SRL,Belgium,Michelman International - Global Parent,2023-01-16T00:00:00,Norman Seung,S,S5
00010,        CIN2,1749504,1.0,N,U601,U601,U601-OP,HYDROSIZE U6-01,,CLL,999,10697.43,,3600.0,1632.9328,509.43,10697.43,10188.0,10188.0,,0.0,2.83,8.0,10200,,Michelman New Material Shanghai Co Ltd,China,Michelman Asia-Pacific - Global Parent,2023-01-16T00:00:00,Norman Seung,S,S5
00010,        CIN2,1780240,1.0,N,U2022,U2022,U2022-OP,HYDROSIZE U2022,,PPI,999,68890.07,,12150.0,5511.1482000000005,24566.87,68890.07,44323.2,44323.2,,0.0,3.648,27.0,10200,,"Michelman Japan - Tokyo, Japan",Japan,Michelman Asia-Pacific - Global Parent,2023-04-05T00:00:00,Norman Seung,S,S5
00010,        CIN2,1784129,1.0,N,HP1632,HP1632,HP1632-OP,HYDROSIZE HP-1632,,PPI,999,16051.28,,1852.0,840.0532,764.32,16051.28,15286.96,15286.96,,0.0,8.2543,4.0,10200,,Michelman Int'l - Belgium SRL,Belgium,Michelman International - Global Parent,2023-03-03T00:00:00,Roxana McMican,S,S5
00010,        CIN2,1790086,1.0,N,HP1632,HP1632,HP1632-OP,HYDROSIZE HP-1632,,PPI,999,20064.11,,2315.0,1050.0665,955.41,20064.11,19108.7,19108.7,,0.0,8.2543,5.0,10200,,Michelman Int'l - Belgium SRL,Belgium,Michelman International - Global Parent,2023-03-03T00:00:00,Roxana McMican,S,S5
00010,        CIN2,1802090,1.0,N,HP1632,HP1632,HP1632-OP,HYDROSIZE HP-1632,,PPI,999,4012.82,,463.0,210.0133,191.08,4012.82,3821.74,3821.74,,0.0,8.2543,1.0,10200,,Michelman Int'l - Belgium SRL,Belgium,Michelman International - Global Parent,2023-05-04T00:00:00,Roxana McMican,S,S5
00010,        CIN2,1808280,1.0,N,191245PX,191245PX,191245PX-PL,EXPERIMENTAL PRODUCT 191245PX,,PPI,999,145.41,,80.0,36.2874,8.21,145.41,137.2,137.2,,0.0,1.715,2.0,10200,,Michelman Int'l - Belgium SRL,Belgium,Michelman International - Global Parent,2023-03-10T00:00:00,Kaitlyn Slack,S,S5
00010,        CIN2,1812735,1.0,N,HP1632,HP1632,HP1632-OP,HYDROSIZE HP-1632,,PPI,999,8025.64,,926.0,420.0266,382.16,8025.64,7643.48,7643.48,,0.0,8.2543,2.0,10200,,Michelman Int'l - Belgium SRL,Belgium,Michelman International - Global Parent,2023-03-27T00:00:00,Roxana McMican,S,S5
00010,        CIN2,1821223,1.0,N,191245PX,191245PX,191245PX-T2,EXPERIMENTAL PRODUCT 191245PX,,PPI,999,3473.0,,2300.0,1043.2625,138.0,3473.0,3335.0,3335.0,,0.0,1.45,1.0,10200,,Michelman Int'l - Belgium SRL,Belgium,Michelman International - Global Parent,2023-03-24T00:00:00,Kaitlyn Slack,S,S5
00010,        CIN2,1828799,1.0,N,U601,U601,U601-OP,HYDROSIZE U6-01,,PPI,999,1337.18,,450.0,204.1166,63.68,1337.18,1273.5,1273.5,,0.0,2.83,1.0,10200,,Michelman Int'l - Belgium SRL,Belgium,Michelman International - Global Parent,2023-04-06T00:00:00,Norman Seung,S,S5
00010,        CIN2,1881102,1.0,N,HP1632,HP1632,HP1632-PL,HYDROSIZE HP-1632,,PPI,999,2960.18,,200.0,90.71849999999999,1266.12,2960.18,1694.06,1694.06,,0.0,8.4703,5.0,10200,,"Michelman Japan-Shibusawa Whse-Tokyo, JP",Japan,Michelman Asia-Pacific - Global Parent,2023-06-07T00:00:00,Roxana McMican,S,S5
00010,        CIN2,1886968,1.0,N,HP1632,HP1632,HP1632-T2,HYDROSIZE HP-1632,,PPI,999,93976.0,,11025.0,5000.856,4475.05,93976.0,89500.95,89500.95,,0.0,8.118,5.0,10200,,Michelman Int'l - Belgium (Jost),Belgium,Michelman International - Global Parent,2023-10-23T00:00:00,Roxana McMican,S,S5
00010,        CIN2,1915831,1.0,N,U601,U601,U601-OP,HYDROSIZE U6-01,,CLL,999,5348.68,,1800.0,816.4664,254.68,5348.68,5094.0,5094.0,,0.0,2.83,4.0,10200,,Michelman New Material Shanghai Co Ltd,China,Michelman Asia-Pacific - Global Parent,2023-08-03T00:00:00,Norman Seung,S,S5
00010,        CIN2,1926483,1.0,N,HP1632,HP1632,HP1632-PL,HYDROSIZE HP-1632,,PPI,999,711.5,,80.0,36.2874,33.88,711.5,677.62,677.62,,0.0,8.4703,2.0,10200,,Michelman Int'l - Belgium SRL,Belgium,Michelman International - Global Parent,2023-08-28T00:00:00,Roxana McMican,S,S5
00010,        CIN2,1932641,1.0,N,191245PX,191245PX,191245PX-T2,EXPERIMENTAL PRODUCT 191245PX,,PPI,999,11592.0,,6900.0,3129.7875000000004,552.0,11592.0,11040.0,11040.0,,0.0,1.6,3.0,10200,,Michelman Int'l - Belgium SRL,Belgium,Michelman International - Global Parent,2023-08-29T00:00:00,Kaitlyn Slack,S,S5
00010,        CIN2,1944451,1.0,N,HP1632,HP1632,HP1632-T2,HYDROSIZE HP-1632,,PPI,999,37590.4,,4410.0,2000.3424,1790.02,37590.4,35800.38,35800.38,,0.0,8.118,2.0,10200,,Michelman Int'l - Belgium (Jost),Belgium,Michelman International - Global Parent,2023-09-07T00:00:00,Roxana McMican,S,S5
00010,        CIN2,1965054,1.0,N,U204,U204,U204-PL,HYDROSIZE U2-04,,PPI,999,162.09,,40.0,18.1437,7.72,162.09,154.37,154.37,,0.0,3.8593,1.0,10200,,"Michelman Asia-Pacific - Rans Carbon, KR",South Korea,Michelman Asia-Pacific - Global Parent,2023-10-16T00:00:00,Norman Seung,S,S5
00010,        CIN2,1975308,1.0,N,U601,U601,U601-PL,HYDROSIZE U6-01,,PPI,999,132.9,,40.0,18.1437,6.33,132.9,126.57,126.57,,0.0,3.1643,1.0,10200,,Michelman Int'l - Belgium (Jost),Belgium,Michelman International - Global Parent,2023-10-16T00:00:00,Norman Seung,S,S5
00010,        CIN2,2006491,1.0,N,HP1632,HP1632,HP1632-OP,HYDROSIZE HP-1632,,PPI,999,21135.76,,1852.0,840.0532,5876.02,21135.76,15259.74,15259.74,,0.0,8.2396,4.0,10200,,"Michelman Japan-Shibusawa Whse-Tokyo, JP",Japan,Michelman Asia-Pacific - Global Parent,2023-11-27T00:00:00,Roxana McMican,S,S5
00010,        CIN2,2019386,1.0,N,U701,U701,U701-PL,HYDROSIZE U7-01,,PPI,999,262.13,,120.0,54.4311,12.48,262.13,249.65,249.65,,0.0,2.0804,3.0,10200,,Michelman Int'l - Belgium SRL,Belgium,Michelman International - Global Parent,2023-12-06T00:00:00,.,S,S5
00010,        CIN2,2027744,1.0,N,HP1632,HP1632,HP1632-PL,HYDROSIZE HP-1632,,PPI,999,8880.44,,600.0,272.15549999999996,3809.06,8880.44,5071.38,5071.38,,0.0,8.4523,15.0,10200,,"Michelman Japan-Shibusawa Whse-Tokyo, JP",Japan,Michelman Asia-Pacific - Global Parent,2023-12-18T00:00:00,Roxana McMican,S,S5
00010,        CIN2,1384848,1.0,N,U101,U101,U101-OP,HYDROSIZE U1-01,CREDIT FOR PRICING,COL,999,-1287.0,,-1.0,-0.4536,-1284.89,-1287.0,-2.11,-2.11,,0.0,2.109,-1.0,10240,Samuel Hankins,"Johns Manville - Waterville, OH(River)",United States,Johns Manville - Global Parent,2021-07-27T00:00:00,Norman Seung,C,CO
00010,        CIN2,1164429,1.0,N,MDU4075,MDU4075.E,MDU4075.E-PL,NOT ACTIVE - SEE MDU4075B.E,MICHEM DISP. URETHANE 4075,PPA,999,946.04,,158.7328,72.0,651.35,946.04,294.69,294.69,,0.0,4.0929,4.0,10220,Tammy Patton,"Syensqo Fluorides - Cincinnati, Ohio",United States,Syensqo - Global Parent,2020-08-06T00:00:00,.,S,S4
00030,        SNG4,1177775,1.0,N,NP4LF,NP4LF.S,NP4LF.S,SULF NP 4 LF,60% CO436 non-ethanol,COL,999,2228.18,,1723.5964037200001,781.8182,0.0,2228.18,2228.18,2228.18,,0.0,2.85,781.8182,SNG4,,Singapore Manufacturing,Singapore,Singapore Manufacturing,2020-08-14T00:00:00,Daming Cheng,S,ST
00030,        SNG4,1207223,1.0,N,NP4LF,NP4LF.S,NP4LF.S,SULF NP 4 LF,60% CO436 non-ethanol,COL,999,2228.18,,1723.5964037200001,781.8182,0.0,2228.18,2228.18,2228.18,,0.0,2.85,781.8182,SNG4,,Singapore Manufacturing,Singapore,Singapore Manufacturing,2020-10-05T00:00:00,Daming Cheng,S,ST
00030,        SNG4,1285449,1.0,N,NP4LF,NP4LF.S,NP4LF.S,SULF NP 4 LF,60% CO436 non-ethanol,COL,999,4456.36,,3447.1928074400003,1563.6364,0.0,4456.36,4456.36,4456.36,,0.0,2.85,1563.6364,SNG4,,Singapore Manufacturing,Singapore,Singapore Manufacturing,2021-02-10T00:00:00,Daming Cheng,S,ST
00030,        SNG4,1336963,1.0,N,NP4LF,NP4LF.S,NP4LF.S,SULF NP 4 LF,60% CO436 non-ethanol,COL,999,2223.53,,1720.0002602000002,780.187,0.0,2223.53,2223.53,2223.53,,0.0,2.85,780.187,SNG4,,Singapore Manufacturing,Singapore,Singapore Manufacturing,2021-05-04T00:00:00,Daming Cheng,S,ST
00030,        SNG4,1410237,1.0,N,NP4LF,NP4LF.S,NP4LF.S,SULF NP 4 LF,60% CO436 non-ethanol,COL,999,2408.0,,1723.5964037200001,781.8182,0.0,2408.0,2408.0,2408.0,,0.0,3.08,781.8182,SNG4,,Singapore Manufacturing,Singapore,Singapore Manufacturing,2021-08-27T00:00:00,Daming Cheng,S,ST
00030,        SNG4,1449455,1.0,N,NP4LF,NP4LF.S,NP4LF.S,SULF NP 4 LF,60% CO436 non-ethanol,COL,999,2408.0,,1723.5964037200001,781.8182,0.0,2408.0,2408.0,2408.0,,0.0,3.08,781.8182,SNG4,,Singapore Manufacturing,Singapore,Singapore Manufacturing,2021-10-21T00:00:00,Daming Cheng,S,ST
00030,        SNG4,1502091,1.0,N,NP4LF,NP4LF.S,NP4LF.S,SULF NP 4 LF,60% CO436 non-ethanol,COL,999,2831.75,,1723.5964037200001,781.8182,0.0,2831.75,2831.75,2831.75,,0.0,3.622,781.8182,SNG4,,Singapore Manufacturing,Singapore,Singapore Manufacturing,2022-01-03T00:00:00,Daming Cheng,S,ST
00030,        SNG4,1514275,1.0,N,NP4LF,NP4LF.S,NP4LF.S,SULF NP 4 LF,60% CO436 non-ethanol,COL,999,2831.75,,1723.5964037200001,781.8182,0.0,2831.75,2831.75,2831.75,,0.0,3.622,781.8182,SNG4,,Singapore Manufacturing,Singapore,Singapore Manufacturing,2022-01-20T00:00:00,Daming Cheng,S,ST
00030,        SNG4,1561569,1.0,N,NP4LF,NP4LF.S,NP4LF.S,SULF NP 4 LF,60% CO436 non-ethanol,COL,999,2831.75,,1723.5964037200001,781.8182,0.0,2831.75,2831.75,2831.75,,0.0,3.622,781.8182,SNG4,,Singapore Manufacturing,Singapore,Singapore Manufacturing,2022-03-31T00:00:00,Daming Cheng,S,ST
00030,        SNG4,1709751,1.0,N,NP4LF,NP4LF.S,NP4LF.S,SULF NP 4 LF,60% CO436 non-ethanol,COL,999,2825.88,,1720.0289200000002,780.2,0.0,2825.88,2825.88,2825.88,,0.0,3.622,780.2,SNG4,,Singapore Manufacturing,Singapore,Singapore Manufacturing,2022-10-17T00:00:00,Daming Cheng,S,ST
00030,        SNG4,2156047,1.0,N,NP4LF,NP4LF.S,NP4LF.S,SULF NP 4 LF,60% CO436 non-ethanol,COL,999,3390.75,,1720.0289200000002,780.2,0.0,3390.75,3390.75,3390.75,,0.0,4.346,780.2,SNG4,,Singapore Manufacturing,Singapore,Singapore Manufacturing,2024-05-29T00:00:00,Daming Cheng,S,ST
00030,        SNG4,2173490,1.0,N,NP4LF,NP4LF.S,NP4LF.S,SULF NP 4 LF,60% CO436 non-ethanol,COL,999,3390.75,,1720.0289200000002,780.2,0.0,3390.75,3390.75,3390.75,,0.0,4.346,780.2,SNG4,,Singapore Manufacturing,Singapore,Singapore Manufacturing,2024-06-21T00:00:00,Daming Cheng,S,ST
00030,        SNG4,2219679,1.0,N,NP4LF,NP4LF.S,NP4LF.S,SULF NP 4 LF,60% CO436 non-ethanol,COL,999,3390.75,,1720.0289200000002,780.2,0.0,3390.75,3390.75,3390.75,,0.0,4.346,780.2,SNG4,,Singapore Manufacturing,Singapore,Singapore Manufacturing,2024-08-22T00:00:00,Daming Cheng,S,ST
00030,        SNG4,2274434,1.0,N,NP4LF,NP4LF.S,NP4LF.S,SULF NP4-LF,60% CO436 non-ethanol,COL,999,3390.66,,1719.9848279999999,780.18,0.0,3390.66,3390.66,3390.66,,0.0,4.346,780.18,SNG4,,Singapore Manufacturing,Singapore,Singapore Manufacturing,2024-11-01T00:00:00,Daming Cheng,S,ST
00030,        SNG4,2283639,1.0,N,NP4LF,NP4LF.S,NP4LF.S,SULF NP4-LF,60% CO436 non-ethanol,COL,999,3390.66,,1719.9848279999999,780.18,0.0,3390.66,3390.66,3390.66,,0.0,4.346,780.18,SNG4,,Singapore Manufacturing,Singapore,Singapore Manufacturing,2024-11-13T00:00:00,Daming Cheng,S,ST
00030,        SNG4,2601152,1.0,N,NP4LF,NP4LF.S,NP4LF.S,SULF NP4-LF,60% CO436 non-ethanol,COL,999,3698.15,,1720.0289200000002,780.2,0.0,3698.15,3698.15,3698.15,,0.0,4.74,780.2,SNG4,,Singapore Manufacturing,Singapore,Singapore Manufacturing,2026-01-07T00:00:00,Daming Cheng,S,ST
00030,        SNG4,2611783,1.0,N,NP4LF,NP4LF.S,NP4LF.S,SULF NP4-LF,60% CO436 non-ethanol,COL,999,3698.15,,1720.0289200000002,780.2,0.0,3698.15,3698.15,3698.15,,0.0,4.74,780.2,SNG4,,Singapore Manufacturing,Singapore,Singapore Manufacturing,2026-01-22T00:00:00,Daming Cheng,S,ST
00030,        SNG4,2617160,1.0,N,NP4LF,NP4LF.S,NP4LF.S,SULF NP4-LF,60% CO436 non-ethanol,COL,999,3698.15,,1720.0289200000002,780.2,0.0,3698.15,3698.15,3698.15,,0.0,4.74,780.2,SNG4,,Singapore Manufacturing,Singapore,Singapore Manufacturing,2026-01-28T00:00:00,Daming Cheng,S,ST
00030,        SNG4,2649554,1.0,N,NP4LF,NP4LF.S,NP4LF.S,SULF NP4-LF,60% CO436 non-ethanol,COL,999,3698.15,,1720.0289200000002,780.2,0.0,3698.15,3698.15,3698.15,,0.0,4.74,780.2,SNG4,,Singapore Manufacturing,Singapore,Singapore Manufacturing,2026-03-13T00:00:00,Daming Cheng,S,ST
00030,        SNG4,2659657,1.0,N,NP4LF,NP4LF.S,NP4LF.S,SULF NP4-LF,60% CO436 non-ethanol,COL,999,3698.15,,1720.0289200000002,780.2,0.0,3698.15,3698.15,3698.15,,0.0,4.74,780.2,SNG4,,Singapore Manufacturing,Singapore,Singapore Manufacturing,2026-03-27T00:00:00,Daming Cheng,S,ST
00030,        SNG4,2670898,1.0,N,NP4LF,NP4LF.S,NP4LF.S,SULF NP4-LF,60% CO436 non-ethanol,COL,999,3698.15,,1720.0289200000002,780.2,0.0,3698.15,3698.15,3698.15,,0.0,4.74,780.2,SNG4,,Singapore Manufacturing,Singapore,Singapore Manufacturing,2026-04-10T00:00:00,Daming Cheng,S,ST
00030,        SNG4,2332652,1.0,N,NP4LF,NP4LF.S,NP4LF.S,SULF NP4-LF,60% CO436 non-ethanol,COL,999,3698.05,,1719.9848279999999,780.18,0.0,3698.05,3698.05,3698.05,,0.0,4.74,780.18,SNG4,,Singapore Manufacturing,Singapore,Singapore Manufacturing,2025-01-17T00:00:00,Daming Cheng,S,ST
00030,        SNG4,2358349,1.0,N,NP4LF,NP4LF.S,NP4LF.S,SULF NP4-LF,60% CO436 non-ethanol,COL,999,3698.15,,1720.0289200000002,780.2,0.0,3698.15,3698.15,3698.15,,0.0,4.74,780.2,SNG4,,Singapore Manufacturing,Singapore,Singapore Manufacturing,2025-02-21T00:00:00,Daming Cheng,S,ST
00030,        SNG4,2445525,1.0,N,NP4LF,NP4LF.S,NP4LF.S,SULF NP4-LF,60% CO436 non-ethanol,COL,999,3698.15,,1720.0289200000002,780.2,0.0,3698.15,3698.15,3698.15,,0.0,4.74,780.2,SNG4,,Singapore Manufacturing,Singapore,Singapore Manufacturing,2025-06-17T00:00:00,Daming Cheng,S,ST
00030,        SNG4,2584547,1.0,N,NP4LF,NP4LF.S,NP4LF.S,SULF NP4-LF,60% CO436 non-ethanol,COL,999,3698.15,,1720.0289200000002,780.2,0.0,3698.15,3698.15,3698.15,,0.0,4.74,780.2,SNG4,,Singapore Manufacturing,Singapore,Singapore Manufacturing,2025-12-17T00:00:00,Daming Cheng,S,ST
00030,        SNG4,1993322,1.0,N,NP4LF,NP4LF.S,NP4LF.S,SULF NP 4 LF,60% CO436 non-ethanol,COL,999,3390.75,,1720.0289200000002,780.2,0.0,3390.75,3390.75,3390.75,,0.0,4.346,780.2,SNG4,,Singapore Manufacturing,Singapore,Singapore Manufacturing,2023-10-27T00:00:00,Daming Cheng,S,ST
00030,        SNG4,2039653,1.0,N,NP4LF,NP4LF.S,NP4LF.S,SULF NP 4 LF,60% CO436 non-ethanol,COL,999,3390.75,,1720.0289200000002,780.2,0.0,3390.75,3390.75,3390.75,,0.0,4.346,780.2,SNG4,,Singapore Manufacturing,Singapore,Singapore Manufacturing,2023-12-27T00:00:00,Daming Cheng,S,ST
00030,        SNG4,1855083,1.0,N,NP4LF,NP4LF.S,NP4LF.S,SULF NP 4 LF,60% CO436 non-ethanol,COL,999,3446.03,,1719.9709390200003,780.1737,0.0,3446.03,3446.03,3446.03,,0.0,4.417,780.1737,SNG4,,Singapore Manufacturing,Singapore,Singapore Manufacturing,2023-05-02T00:00:00,Daming Cheng,S,ST
00030,        SNG4,1405410,1.0,N,NP4LF,NP4LF.S,NP4LF.S,SULF NP 4 LF,60% CO436 non-ethanol,COL,999,0.0,,1720.0002602000002,780.187,-2402.98,0.0,2402.98,2402.98,,0.0,3.08,780.187,SNG4,,Singapore Manufacturing,Singapore,Singapore Manufacturing,2021-08-20T00:00:00,Daming Cheng,S,ST
00030,        SNG4,1062770,1.0,N,NP4LF,NP4LF.S,NP4LF.S,SULF NP 4 LF,60% CO436 non-ethanol,COL,999,0.0,,1723.5964037200001,781.8182,-3522.87,0.0,3522.87,3522.87,,0.0,4.506,781.8182,SNG4,,Singapore Manufacturing,Singapore,Singapore Manufacturing,2020-01-17T00:00:00,Daming Cheng,S,ST
00030,        SNG4,1077458,1.0,N,NP4LF,NP4LF.S,NP4LF.S,SULF NP 4 LF,60% CO436 non-ethanol,COL,999,0.0,,1715.57959628,778.1818,-3506.49,0.0,3506.49,3506.49,,0.0,4.506,778.1818,SNG4,,Singapore Manufacturing,Singapore,Singapore Manufacturing,2020-02-17T00:00:00,Daming Cheng,S,ST
00030,        SNG4,1080551,1.0,N,NP4LF,NP4LF.S,NP4LF.S,SULF NP 4 LF,60% CO436 non-ethanol,COL,999,0.0,,1723.5964037200001,781.8182,-3522.87,0.0,3522.87,3522.87,,0.0,4.506,781.8182,SNG4,,Singapore Manufacturing,Singapore,Singapore Manufacturing,2020-02-20T00:00:00,Daming Cheng,S,ST
00030,        SNG4,1084781,1.0,N,NP4LF,NP4LF.S,NP4LF.S,SULF NP 4 LF,60% CO436 non-ethanol,,999,0.0,,1723.5964037200001,781.8182,-3522.87,0.0,3522.87,3522.87,,0.0,4.506,781.8182,SNG4,,Singapore Manufacturing,Singapore,Singapore Manufacturing,2020-02-28T00:00:00,Daming Cheng,S,ST
00030,        SNG4,1085279,1.0,N,NP4LF,NP4LF.S,NP4LF.S,SULF NP 4 LF,60% CO436 non-ethanol,COL,999,0.0,,1723.5964037200001,781.8182,-3522.87,0.0,3522.87,3522.87,,0.0,4.506,781.8182,SNG4,,Singapore Manufacturing,Singapore,Singapore Manufacturing,2020-03-02T00:00:00,Daming Cheng,S,ST
00030,        SNG4,1090996,1.0,N,NP4LF,NP4LF.S,NP4LF.S,SULF NP 4 LF,60% CO436 non-ethanol,COL,999,0.0,,1723.5964037200001,781.8182,-3522.87,0.0,3522.87,3522.87,,0.0,4.506,781.8182,SNG4,,Singapore Manufacturing,Singapore,Singapore Manufacturing,2020-03-10T00:00:00,Daming Cheng,S,ST
00030,        SNG4,1110365,1.0,N,NP4LF,NP4LF.S,NP4LF.S,SULF NP 4 LF,60% CO436 non-ethanol,,999,0.0,,1723.5964037200001,781.8182,-3522.87,0.0,3522.87,3522.87,,0.0,4.506,781.8182,SNG4,,Singapore Manufacturing,Singapore,Singapore Manufacturing,2020-04-17T00:00:00,Daming Cheng,S,ST
00030,        SNG4,1122252,1.0,N,NP4LF,NP4LF.S,NP4LF.S,SULF NP 4 LF,60% CO436 non-ethanol,COL,999,0.0,,1723.5964037200001,781.8182,-3522.87,0.0,3522.87,3522.87,,0.0,4.506,781.8182,SNG4,,Singapore Manufacturing,Singapore,Singapore Manufacturing,2020-05-11T00:00:00,Daming Cheng,S,ST
00030,        SNG4,1130118,1.0,N,NP4LF,NP4LF.S,NP4LF.S,SULF NP 4 LF,60% CO436 non-ethanol,COL,999,0.0,,1723.5964037200001,781.8182,-3522.87,0.0,3522.87,3522.87,,0.0,4.506,781.8182,SNG4,,Singapore Manufacturing,Singapore,Singapore Manufacturing,2020-05-22T00:00:00,Daming Cheng,S,ST
00030,        SNG4,1135453,1.0,N,NP4LF,NP4LF.S,NP4LF.S,SULF NP 4 LF,60% CO436 non-ethanol,COL,999,0.0,,1723.5964037200001,781.8182,-3522.87,0.0,3522.87,3522.87,,0.0,4.506,781.8182,SNG4,,Singapore Manufacturing,Singapore,Singapore Manufacturing,2020-06-01T00:00:00,Daming Cheng,S,ST
00030,        SNG4,1148007,1.0,N,NP4LF,NP4LF.S,NP4LF.S,SULF NP 4 LF,60% CO436 non-ethanol,COL,999,0.0,,1723.5964037200001,781.8182,-2228.18,0.0,2228.18,2228.18,,0.0,2.85,781.8182,SNG4,,Singapore Manufacturing,Singapore,Singapore Manufacturing,2020-06-24T00:00:00,Daming Cheng,S,ST
00030,        SNG4,1155332,1.0,N,NP4LF,NP4LF.S,NP4LF.S,SULF NP 4 LF,60% CO436 non-ethanol,COL,999,0.0,,1723.5964037200001,781.8182,-2228.18,0.0,2228.18,2228.18,,0.0,2.85,781.8182,SNG4,,Singapore Manufacturing,Singapore,Singapore Manufacturing,2020-07-07T00:00:00,Daming Cheng,S,ST
00030,        SNG4,1160002,1.0,N,NP4LF,NP4LF.S,NP4LF.S,SULF NP 4 LF,60% CO436 non-ethanol,COL,999,0.0,,1723.5964037200001,781.8182,-2228.18,0.0,2228.18,2228.18,,0.0,2.85,781.8182,SNG4,,Singapore Manufacturing,Singapore,Singapore Manufacturing,2020-07-15T00:00:00,Daming Cheng,S,ST
00030,        SNG4,1199198,1.0,N,NP4LF,NP4LF.S,NP4LF.S,SULF NP 4 LF,60% CO436 non-ethanol,COL,999,0.0,,1723.5964037200001,781.8182,-2228.18,0.0,2228.18,2228.18,,0.0,2.85,781.8182,SNG4,,Singapore Manufacturing,Singapore,Singapore Manufacturing,2020-09-22T00:00:00,Daming Cheng,S,ST
00030,        SNG4,1200379,1.0,N,NP4LF,NP4LF.S,NP4LF.S,SULF NP 4 LF,60% CO436 non-ethanol,COL,999,0.0,,1723.5964037200001,781.8182,-2228.18,0.0,2228.18,2228.18,,0.0,2.85,781.8182,SNG4,,Singapore Manufacturing,Singapore,Singapore Manufacturing,2020-09-24T00:00:00,Daming Cheng,S,ST
00030,        SNG4,1244794,1.0,N,NP4LF,NP4LF.S,NP4LF.S,SULF NP 4 LF,60% CO436 non-ethanol,COL,999,0.0,,1723.5964037200001,781.8182,-2228.18,0.0,2228.18,2228.18,,0.0,2.85,781.8182,SNG4,,Singapore Manufacturing,Singapore,Singapore Manufacturing,2020-12-08T00:00:00,Daming Cheng,S,ST
00030,        SNG4,1245522,1.0,N,NP4LF,NP4LF.S,NP4LF.S,SULF NP 4 LF,60% CO436 non-ethanol,COL,999,0.0,,1723.5964037200001,781.8182,-2228.18,0.0,2228.18,2228.18,,0.0,2.85,781.8182,SNG4,,Singapore Manufacturing,Singapore,Singapore Manufacturing,2020-12-09T00:00:00,Daming Cheng,S,ST
00030,        SNG4,1246746,1.0,N,NP4LF,NP4LF.S,NP4LF.S,SULF NP 4 LF,60% CO436 non-ethanol,COL,999,0.0,,1723.5964037200001,781.8182,-2228.18,0.0,2228.18,2228.18,,0.0,2.85,781.8182,SNG4,,Singapore Manufacturing,Singapore,Singapore Manufacturing,2020-12-11T00:00:00,Daming Cheng,S,ST
00030,        SNG4,1262262,1.0,N,NP4LF,NP4LF.S,NP4LF.S,SULF NP 4 LF,60% CO436 non-ethanol,COL,999,0.0,,1723.5964037200001,781.8182,-2228.18,0.0,2228.18,2228.18,,0.0,2.85,781.8182,SNG4,,Singapore Manufacturing,Singapore,Singapore Manufacturing,2021-01-05T00:00:00,Daming Cheng,S,ST
00030,        SNG4,1271137,1.0,N,NP4LF,NP4LF.S,NP4LF.S,SULF NP 4 LF,60% CO436 non-ethanol,COL,999,0.0,,1723.5964037200001,781.8182,-2228.18,0.0,2228.18,2228.18,,0.0,2.85,781.8182,SNG4,,Singapore Manufacturing,Singapore,Singapore Manufacturing,2021-01-19T00:00:00,Daming Cheng,S,ST
00030,        SNG4,1290456,1.0,N,NP4LF,NP4LF.S,NP4LF.S,SULF NP 4 LF,60% CO436 non-ethanol,COL,999,0.0,,1723.5964037200001,781.8182,-2228.18,0.0,2228.18,2228.18,,0.0,2.85,781.8182,SNG4,,Singapore Manufacturing,Singapore,Singapore Manufacturing,2021-02-19T00:00:00,Daming Cheng,S,ST
00030,        SNG4,1294246,1.0,N,NP4LF,NP4LF.S,NP4LF.S,SULF NP 4 LF,60% CO436 non-ethanol,COL,999,0.0,,1723.5964037200001,781.8182,-2228.18,0.0,2228.18,2228.18,,0.0,2.85,781.8182,SNG4,,Singapore Manufacturing,Singapore,Singapore Manufacturing,2021-02-25T00:00:00,Daming Cheng,S,ST
00030,        SNG4,1295597,1.0,N,NP4LF,NP4LF.S,NP4LF.S,SULF NP 4 LF,60% CO436 non-ethanol,COL,999,0.0,,1723.5964037200001,781.8182,-2228.18,0.0,2228.18,2228.18,,0.0,2.85,781.8182,SNG4,,Singapore Manufacturing,Singapore,Singapore Manufacturing,2021-03-01T00:00:00,Daming Cheng,S,ST
00030,        SNG4,1304385,1.0,N,NP4LF,NP4LF.S,NP4LF.S,SULF NP 4 LF,60% CO436 non-ethanol,COL,999,0.0,,1723.5964037200001,781.8182,-2228.18,0.0,2228.18,2228.18,,0.0,2.85,781.8182,SNG4,,Singapore Manufacturing,Singapore,Singapore Manufacturing,2021-03-15T00:00:00,Daming Cheng,S,ST
00030,        SNG4,1332003,1.0,N,NP4LF,NP4LF.S,NP4LF.S,SULF NP 4 LF,60% CO436 non-ethanol,COL,999,0.0,,1720.0002602000002,780.187,-2223.53,0.0,2223.53,2223.53,,0.0,2.85,780.187,SNG4,,Singapore Manufacturing,Singapore,Singapore Manufacturing,2021-04-27T00:00:00,Daming Cheng,S,ST
00030,        SNG4,1333907,1.0,N,NP4LF,NP4LF.S,NP4LF.S,SULF NP 4 LF,60% CO436 non-ethanol,COL,999,0.0,,3440.0005204000004,1560.374,-4447.07,0.0,4447.07,4447.07,,0.0,2.85,1560.374,SNG4,,Singapore Manufacturing,Singapore,Singapore Manufacturing,2021-04-30T00:00:00,Daming Cheng,S,ST
00030,        SNG4,1360040,1.0,N,NP4LF,NP4LF.S,NP4LF.S,SULF NP 4 LF,60% CO436 non-ethanol,COL,999,0.0,,1720.0002602000002,780.187,-2223.53,0.0,2223.53,2223.53,,0.0,2.85,780.187,SNG4,,Singapore Manufacturing,Singapore,Singapore Manufacturing,2021-06-11T00:00:00,Daming Cheng,S,ST
00030,        SNG4,1362460,1.0,N,NP4LF,NP4LF.S,NP4LF.S,SULF NP 4 LF,60% CO436 non-ethanol,COL,999,0.0,,1720.0002602000002,780.187,-2223.53,0.0,2223.53,2223.53,,0.0,2.85,780.187,SNG4,,Singapore Manufacturing,Singapore,Singapore Manufacturing,2021-06-15T00:00:00,Daming Cheng,S,ST
00030,        SNG4,1377763,1.0,N,NP4LF,NP4LF.S,NP4LF.S,SULF NP 4 LF,60% CO436 non-ethanol,COL,999,0.0,,1720.0002602000002,780.187,-2402.98,0.0,2402.98,2402.98,,0.0,3.08,780.187,SNG4,,Singapore Manufacturing,Singapore,Singapore Manufacturing,2021-07-09T00:00:00,Daming Cheng,S,ST
00030,        SNG4,1380854,1.0,N,NP4LF,NP4LF.S,NP4LF.S,SULF NP 4 LF,60% CO436 non-ethanol,COL,999,0.0,,1720.0002602000002,780.187,-2402.98,0.0,2402.98,2402.98,,0.0,3.08,780.187,SNG4,,Singapore Manufacturing,Singapore,Singapore Manufacturing,2021-07-14T00:00:00,Daming Cheng,S,ST
00030,        SNG4,1399639,1.0,N,NP4LF,NP4LF.S,NP4LF.S,SULF NP 4 LF,60% CO436 non-ethanol,COL,999,0.0,,1720.0002602000002,780.187,-2402.98,0.0,2402.98,2402.98,,0.0,3.08,780.187,SNG4,,Singapore Manufacturing,Singapore,Singapore Manufacturing,2021-08-13T00:00:00,Daming Cheng,S,ST
00030,        SNG4,1408315,1.0,N,NP4LF,NP4LF.S,NP4LF.S,SULF NP 4 LF,60% CO436 non-ethanol,COL,999,0.0,,1705.58923092,773.6502,-2382.84,0.0,2382.84,2382.84,,0.0,3.08,773.6502,SNG4,,Singapore Manufacturing,Singapore,Singapore Manufacturing,2021-08-25T00:00:00,Daming Cheng,S,ST
00030,        SNG4,1412573,1.0,N,NP4LF,NP4LF.S,NP4LF.S,SULF NP 4 LF,60% CO436 non-ethanol,COL,999,0.0,,1723.5964037200001,781.8182,-2408.0,0.0,2408.0,2408.0,,0.0,3.08,781.8182,SNG4,,Singapore Manufacturing,Singapore,Singapore Manufacturing,2021-08-31T00:00:00,Daming Cheng,S,ST
00030,        SNG4,1433761,1.0,N,NP4LF,NP4LF.S,NP4LF.S,SULF NP 4 LF,60% CO436 non-ethanol,COL,999,0.0,,1723.5964037200001,781.8182,-2408.0,0.0,2408.0,2408.0,,0.0,3.08,781.8182,SNG4,,Singapore Manufacturing,Singapore,Singapore Manufacturing,2021-09-30T00:00:00,Daming Cheng,S,ST
00030,        SNG4,1477259,1.0,N,NP4LF,NP4LF.S,NP4LF.S,SULF NP 4 LF,60% CO436 non-ethanol,COL,999,0.0,,1723.5964037200001,781.8182,-2408.0,0.0,2408.0,2408.0,,0.0,3.08,781.8182,SNG4,,Singapore Manufacturing,Singapore,Singapore Manufacturing,2021-11-30T00:00:00,Daming Cheng,S,ST
00030,        SNG4,1493751,1.0,N,NP4LF,NP4LF.S,NP4LF.S,SULF NP 4 LF,60% CO436 non-ethanol,COL,999,0.0,,1723.5964037200001,781.8182,-2408.0,0.0,2408.0,2408.0,,0.0,3.08,781.8182,SNG4,,Singapore Manufacturing,Singapore,Singapore Manufacturing,2021-12-23T00:00:00,Daming Cheng,S,ST
00030,        SNG4,1504429,1.0,N,NP4LF,NP4LF.S,NP4LF.S,SULF NP 4 LF,60% CO436 non-ethanol,COL,999,0.0,,1723.5964037200001,781.8182,-2831.75,0.0,2831.75,2831.75,,0.0,3.622,781.8182,SNG4,,Singapore Manufacturing,Singapore,Singapore Manufacturing,2022-01-07T00:00:00,Daming Cheng,S,ST
00030,        SNG4,1531555,1.0,N,NP4LF,NP4LF.S,NP4LF.S,SULF NP 4 LF,60% CO436 non-ethanol,COL,999,0.0,,1723.5964037200001,781.8182,-2831.75,0.0,2831.75,2831.75,,0.0,3.622,781.8182,SNG4,,Singapore Manufacturing,Singapore,Singapore Manufacturing,2022-02-15T00:00:00,Daming Cheng,S,ST
00030,        SNG4,1532878,1.0,N,NP4LF,NP4LF.S,NP4LF.S,SULF NP 4 LF,60% CO436 non-ethanol,COL,999,0.0,,1723.5964037200001,781.8182,-2831.75,0.0,2831.75,2831.75,,0.0,3.622,781.8182,SNG4,,Singapore Manufacturing,Singapore,Singapore Manufacturing,2022-02-17T00:00:00,Daming Cheng,S,ST
00030,        SNG4,1542247,1.0,N,NP4LF,NP4LF.S,NP4LF.S,SULF NP 4 LF,60% CO436 non-ethanol,COL,999,0.0,,1723.5964037200001,781.8182,-2831.75,0.0,2831.75,2831.75,,0.0,3.622,781.8182,SNG4,,Singapore Manufacturing,Singapore,Singapore Manufacturing,2022-03-03T00:00:00,Daming Cheng,S,ST
00030,        SNG4,1543686,1.0,N,NP4LF,NP4LF.S,NP4LF.S,SULF NP 4 LF,60% CO436 non-ethanol,COL,999,0.0,,1723.5964037200001,781.8182,-2831.75,0.0,2831.75,2831.75,,0.0,3.622,781.8182,SNG4,,Singapore Manufacturing,Singapore,Singapore Manufacturing,2022-03-07T00:00:00,Daming Cheng,S,ST
00030,        SNG4,1561711,1.0,N,NP4LF,NP4LF.S,NP4LF.S,SULF NP 4 LF,60% CO436 non-ethanol,COL,999,0.0,,1723.5964037200001,781.8182,-2831.75,0.0,2831.75,2831.75,,0.0,3.622,781.8182,SNG4,,Singapore Manufacturing,Singapore,Singapore Manufacturing,2022-04-01T00:00:00,Daming Cheng,S,ST
00030,        SNG4,1585430,1.0,N,NP4LF,NP4LF.S,NP4LF.S,SULF NP 4 LF,60% CO436 non-ethanol,COL,999,0.0,,1718.2017475200003,779.3712,-2822.88,0.0,2822.88,2822.88,,0.0,3.622,779.3712,SNG4,,Singapore Manufacturing,Singapore,Singapore Manufacturing,2022-05-06T00:00:00,Daming Cheng,S,ST
00030,        SNG4,1596883,1.0,N,NP4LF,NP4LF.S,NP4LF.S,SULF NP 4 LF,60% CO436 non-ethanol,COL,999,0.0,,1718.2017475200003,779.3712,-2822.88,0.0,2822.88,2822.88,,0.0,3.622,779.3712,SNG4,,Singapore Manufacturing,Singapore,Singapore Manufacturing,2022-05-20T00:00:00,Daming Cheng,S,ST
00030,        SNG4,1607645,1.0,N,NP4LF,NP4LF.S,NP4LF.S,SULF NP 4 LF,60% CO436 non-ethanol,COL,999,0.0,,1718.2017475200003,779.3712,-2822.88,0.0,2822.88,2822.88,,0.0,3.622,779.3712,SNG4,,Singapore Manufacturing,Singapore,Singapore Manufacturing,2022-06-03T00:00:00,Daming Cheng,S,ST
00030,        SNG4,1613754,1.0,N,NP4LF,NP4LF.S,NP4LF.S,SULF NP 4 LF,60% CO436 non-ethanol,COL,999,0.0,,1718.2017475200003,779.3712,-2822.88,0.0,2822.88,2822.88,,0.0,3.622,779.3712,SNG4,,Singapore Manufacturing,Singapore,Singapore Manufacturing,2022-06-13T00:00:00,Daming Cheng,S,ST
00030,        SNG4,1628177,1.0,N,NP4LF,NP4LF.S,NP4LF.S,SULF NP 4 LF,60% CO436 non-ethanol,COL,999,0.0,,1718.2017475200003,779.3712,-2822.88,0.0,2822.88,2822.88,,0.0,3.622,779.3712,SNG4,,Singapore Manufacturing,Singapore,Singapore Manufacturing,2022-06-30T00:00:00,Daming Cheng,S,ST
00030,        SNG4,1629731,1.0,N,NP4LF,NP4LF.S,NP4LF.S,SULF NP 4 LF,60% CO436 non-ethanol,COL,999,0.0,,1718.2017475200003,779.3712,-2822.88,0.0,2822.88,2822.88,,0.0,3.622,779.3712,SNG4,,Singapore Manufacturing,Singapore,Singapore Manufacturing,2022-07-01T00:00:00,Daming Cheng,S,ST
00030,        SNG4,1644232,1.0,N,NP4LF,NP4LF.S,NP4LF.S,SULF NP 4 LF,60% CO436 non-ethanol,COL,999,0.0,,1718.2017475200003,779.3712,-2822.88,0.0,2822.88,2822.88,,0.0,3.622,779.3712,SNG4,,Singapore Manufacturing,Singapore,Singapore Manufacturing,2022-07-21T00:00:00,Daming Cheng,S,ST
00030,        SNG4,1685836,1.0,N,NP4LF,NP4LF.S,NP4LF.S,SULF NP 4 LF,60% CO436 non-ethanol,COL,999,0.0,,1718.2017475200003,779.3712,-2822.88,0.0,2822.88,2822.88,,0.0,3.622,779.3712,SNG4,,Singapore Manufacturing,Singapore,Singapore Manufacturing,2022-09-14T00:00:00,Daming Cheng,S,ST
00030,        SNG4,1687397,1.0,N,NP4LF,NP4LF.S,NP4LF.S,SULF NP 4 LF,60% CO436 non-ethanol,COL,999,0.0,,0.00022046000000000001,0.0001,0.0,0.0,0.0,0.0,,0.0,3.622,0.0001,SNG4,,Singapore Manufacturing,Singapore,Singapore Manufacturing,2022-09-16T00:00:00,Daming Cheng,S,ST
00030,        SNG4,1709752,1.0,N,NP4LF,NP4LF.S,NP4LF.S,SULF NP 4 LF,60% CO436 non-ethanol,COL,999,0.0,,1720.0289200000002,780.2,-2825.88,0.0,2825.88,2825.88,,0.0,3.622,780.2,SNG4,,Singapore Manufacturing,Singapore,Singapore Manufacturing,2022-10-18T00:00:00,Daming Cheng,S,ST
00030,        SNG4,1749093,1.0,N,NP4LF,NP4LF.S,NP4LF.S,SULF NP 4 LF,60% CO436 non-ethanol,COL,999,0.0,,1720.0289200000002,780.2,-2825.88,0.0,2825.88,2825.88,,0.0,3.622,780.2,SNG4,,Singapore Manufacturing,Singapore,Singapore Manufacturing,2022-12-09T00:00:00,Daming Cheng,S,ST
00030,        SNG4,1764811,1.0,N,NP4LF,NP4LF.S,NP4LF.S,SULF NP 4 LF,60% CO436 non-ethanol,COL,999,0.0,,1720.0289200000002,780.2,-2825.88,0.0,2825.88,2825.88,,0.0,3.622,780.2,SNG4,,Singapore Manufacturing,Singapore,Singapore Manufacturing,2022-12-30T00:00:00,Daming Cheng,S,ST
00030,        SNG4,2067007,1.0,N,NP4LF,NP4LF.S,NP4LF.S,SULF NP 4 LF,60% CO436 non-ethanol,COL,999,0.0,,1720.0289200000002,780.2,-3390.75,0.0,3390.75,3390.75,,0.0,4.346,780.2,SNG4,,Singapore Manufacturing,Singapore,Singapore Manufacturing,2024-02-02T00:00:00,Daming Cheng,S,ST
00030,        SNG4,2067646,1.0,N,NP4LF,NP4LF.S,NP4LF.S,SULF NP 4 LF,60% CO436 non-ethanol,COL,999,0.0,,1720.0289200000002,780.2,-3390.75,0.0,3390.75,3390.75,,0.0,4.346,780.2,SNG4,,Singapore Manufacturing,Singapore,Singapore Manufacturing,2024-02-05T00:00:00,Daming Cheng,S,ST
00030,        SNG4,2078289,1.0,N,NP4LF,NP4LF.S,NP4LF.S,SULF NP 4 LF,60% CO436 non-ethanol,COL,999,0.0,,1720.0289200000002,780.2,-3390.75,0.0,3390.75,3390.75,,0.0,4.346,780.2,SNG4,,Singapore Manufacturing,Singapore,Singapore Manufacturing,2024-02-19T00:00:00,Daming Cheng,S,ST
00030,        SNG4,2091964,1.0,N,NP4LF,NP4LF.S,NP4LF.S,SULF NP 4 LF,60% CO436 non-ethanol,COL,999,0.0,,1720.0289200000002,780.2,-3390.75,0.0,3390.75,3390.75,,0.0,4.346,780.2,SNG4,,Singapore Manufacturing,Singapore,Singapore Manufacturing,2024-03-06T00:00:00,Daming Cheng,S,ST
00030,        SNG4,2112236,1.0,N,NP4LF,NP4LF.S,NP4LF.S,SULF NP 4 LF,60% CO436 non-ethanol,COL,999,0.0,,1720.0289200000002,780.2,-3390.75,0.0,3390.75,3390.75,,0.0,4.346,780.2,SNG4,,Singapore Manufacturing,Singapore,Singapore Manufacturing,2024-04-03T00:00:00,Daming Cheng,S,ST
00030,        SNG4,2125307,1.0,N,NP4LF,NP4LF.S,NP4LF.S,SULF NP 4 LF,60% CO436 non-ethanol,COL,999,0.0,,1720.0289200000002,780.2,-3390.75,0.0,3390.75,3390.75,,0.0,4.346,780.2,SNG4,,Singapore Manufacturing,Singapore,Singapore Manufacturing,2024-04-22T00:00:00,Daming Cheng,S,ST
00030,        SNG4,2181074,1.0,N,NP4LF,NP4LF.S,NP4LF.S,SULF NP 4 LF,60% CO436 non-ethanol,COL,999,0.0,,1720.0289200000002,780.2,-3390.75,0.0,3390.75,3390.75,,0.0,4.346,780.2,SNG4,,Singapore Manufacturing,Singapore,Singapore Manufacturing,2024-07-02T00:00:00,Daming Cheng,S,ST
00030,        SNG4,2186539,1.0,N,NP4LF,NP4LF.S,NP4LF.S,SULF NP 4 LF,60% CO436 non-ethanol,COL,999,0.0,,1719.543908,779.98,-3389.79,0.0,3389.79,3389.79,,0.0,4.346,779.98,SNG4,,Singapore Manufacturing,Singapore,Singapore Manufacturing,2024-07-09T00:00:00,Daming Cheng,S,ST
00030,        SNG4,2191706,1.0,N,NP4LF,NP4LF.S,NP4LF.S,SULF NP 4 LF,60% CO436 non-ethanol,COL,999,0.0,,1720.0289200000002,780.2,-3390.75,0.0,3390.75,3390.75,,0.0,4.346,780.2,SNG4,,Singapore Manufacturing,Singapore,Singapore Manufacturing,2024-07-16T00:00:00,Daming Cheng,S,ST
00030,        SNG4,2231475,1.0,N,NP4LF,NP4LF.S,NP4LF.S,SULF NP 4 LF,60% CO436 non-ethanol,COL,999,0.0,,1720.0289200000002,780.2,-3390.75,0.0,3390.75,3390.75,,0.0,4.346,780.2,SNG4,,Singapore Manufacturing,Singapore,Singapore Manufacturing,2024-09-06T00:00:00,Daming Cheng,S,ST
00030,        SNG4,2236529,1.0,N,NP4LF,NP4LF.S,NP4LF.S,SULF NP 4 LF,60% CO436 non-ethanol,COL,999,0.0,,3440.0578400000004,1560.4,-6781.5,0.0,6781.5,6781.5,,0.0,4.346,1560.4,SNG4,,Singapore Manufacturing,Singapore,Singapore Manufacturing,2024-09-13T00:00:00,Daming Cheng,S,ST
00030,        SNG4,2242448,1.0,N,NP4LF,NP4LF.S,NP4LF.S,SULF NP 4 LF,60% CO436 non-ethanol,COL,999,0.0,,1720.0289200000002,780.2,-3390.75,0.0,3390.75,3390.75,,0.0,4.346,780.2,SNG4,,Singapore Manufacturing,Singapore,Singapore Manufacturing,2024-09-20T00:00:00,Daming Cheng,S,ST
00030,        SNG4,2257765,1.0,N,NP4LF,NP4LF.S,NP4LF.S,SULF NP 4 LF,60% CO436 non-ethanol,COL,999,0.0,,1719.9848279999999,780.18,-3390.66,0.0,3390.66,3390.66,,0.0,4.346,780.18,SNG4,,Singapore Manufacturing,Singapore,Singapore Manufacturing,2024-10-11T00:00:00,Daming Cheng,S,ST
00030,        SNG4,2260793,1.0,N,NP4LF,NP4LF.S,NP4LF.S,SULF NP 4 LF,60% CO436 non-ethanol,COL,999,0.0,,1719.9848279999999,780.18,-3390.66,0.0,3390.66,3390.66,,0.0,4.346,780.18,SNG4,,Singapore Manufacturing,Singapore,Singapore Manufacturing,2024-10-15T00:00:00,Daming Cheng,S,ST
00030,        SNG4,2728753,1.0,N,NP4LF,NP4LF.S,NP4LF.S,SULF NP4-LF,60% CO436 non-ethanol,COL,999,0.0,,1719.9848279999999,780.18,-3698.05,0.0,3698.05,3698.05,,0.0,4.74,780.18,SNG4,,Singapore Manufacturing,Singapore,Singapore Manufacturing,2026-06-26T00:00:00,Daming Cheng,S,ST
00030,        SNG4,2657303,1.0,N,NP4LF,NP4LF.S,NP4LF.S,SULF NP4-LF,60% CO436 non-ethanol,COL,999,0.0,,1720.0289200000002,780.2,-3698.15,0.0,3698.15,3698.15,,0.0,4.74,780.2,SNG4,,Singapore Manufacturing,Singapore,Singapore Manufacturing,2026-03-24T00:00:00,Daming Cheng,S,ST
00030,        SNG4,2680754,1.0,N,NP4LF,NP4LF.S,NP4LF.S,SULF NP4-LF,60% CO436 non-ethanol,COL,999,0.0,,1720.0289200000002,780.2,-3698.15,0.0,3698.15,3698.15,,0.0,4.74,780.2,SNG4,,Singapore Manufacturing,Singapore,Singapore Manufacturing,2026-04-24T00:00:00,Daming Cheng,S,ST
00030,        SNG4,2705227,1.0,N,NP4LF,NP4LF.S,NP4LF.S,SULF NP4-LF,60% CO436 non-ethanol,COL,999,0.0,,1720.0289200000002,780.2,-3698.15,0.0,3698.15,3698.15,,0.0,4.74,780.2,SNG4,,Singapore Manufacturing,Singapore,Singapore Manufacturing,2026-05-26T00:00:00,Daming Cheng,S,ST
00030,        SNG4,2707635,1.0,N,NP4LF,NP4LF.S,NP4LF.S,SULF NP4-LF,60% CO436 non-ethanol,COL,999,0.0,,1719.676184,780.04,-3697.39,0.0,3697.39,3697.39,,0.0,4.74,780.04,SNG4,,Singapore Manufacturing,Singapore,Singapore Manufacturing,2026-05-29T00:00:00,Daming Cheng,S,ST
00030,        SNG4,2708366,1.0,N,NP4LF,NP4LF.S,NP4LF.S,SULF NP4-LF,60% CO436 non-ethanol,COL,999,0.0,,1719.9848279999999,780.18,-3698.05,0.0,3698.05,3698.05,,0.0,4.74,780.18,SNG4,,Singapore Manufacturing,Singapore,Singapore Manufacturing,2026-06-02T00:00:00,Daming Cheng,S,ST
00030,        SNG4,2716048,1.0,N,NP4LF,NP4LF.S,NP4LF.S,SULF NP4-LF,60% CO436 non-ethanol,COL,999,0.0,,1719.9848279999999,780.18,-3698.05,0.0,3698.05,3698.05,,0.0,4.74,780.18,SNG4,,Singapore Manufacturing,Singapore,Singapore Manufacturing,2026-06-09T00:00:00,Daming Cheng,S,ST
00030,        SNG4,2743196,1.0,N,NP4LF,NP4LF.S,NP4LF.S,SULF NP4-LF,60% CO436 non-ethanol,COL,999,0.0,,1719.9848279999999,780.18,-3698.05,0.0,3698.05,3698.05,,0.0,4.74,780.18,SNG4,,Singapore Manufacturing,Singapore,Singapore Manufacturing,2026-07-15T00:00:00,Daming Cheng,S,ST
00030,        SNG4,2347718,1.0,N,NP4LF,NP4LF.S,NP4LF.S,SULF NP4-LF,60% CO436 non-ethanol,COL,999,0.0,,1719.8966440000002,780.14,-3697.86,0.0,3697.86,3697.86,,0.0,4.74,780.14,SNG4,,Singapore Manufacturing,Singapore,Singapore Manufacturing,2025-02-07T00:00:00,Daming Cheng,S,ST
00030,        SNG4,2356916,1.0,N,NP4LF,NP4LF.S,NP4LF.S,SULF NP4-LF,60% CO436 non-ethanol,COL,999,0.0,,1719.6805932000002,780.042,-3697.4,0.0,3697.4,3697.4,,0.0,4.74,780.042,SNG4,,Singapore Manufacturing,Singapore,Singapore Manufacturing,2025-02-19T00:00:00,Daming Cheng,S,ST
00030,        SNG4,2369761,1.0,N,NP4LF,NP4LF.S,NP4LF.S,SULF NP4-LF,60% CO436 non-ethanol,COL,999,0.0,,1720.0289200000002,780.2,-3698.15,0.0,3698.15,3698.15,,0.0,4.74,780.2,SNG4,,Singapore Manufacturing,Singapore,Singapore Manufacturing,2025-03-10T00:00:00,Daming Cheng,S,ST
00030,        SNG4,2464653,1.0,N,NP4LF,NP4LF.S,NP4LF.S,SULF NP4-LF,60% CO436 non-ethanol,COL,999,0.0,,1720.0289200000002,780.2,-3698.15,0.0,3698.15,3698.15,,0.0,4.74,780.2,SNG4,,Singapore Manufacturing,Singapore,Singapore Manufacturing,2025-07-14T00:00:00,Daming Cheng,S,ST
00030,        SNG4,2467638,1.0,N,NP4LF,NP4LF.S,NP4LF.S,SULF NP4-LF,60% CO436 non-ethanol,COL,999,0.0,,1720.0289200000002,780.2,-3698.15,0.0,3698.15,3698.15,,0.0,4.74,780.2,SNG4,,Singapore Manufacturing,Singapore,Singapore Manufacturing,2025-07-16T00:00:00,Daming Cheng,S,ST
00030,        SNG4,2469962,1.0,N,NP4LF,NP4LF.S,NP4LF.S,SULF NP4-LF,60% CO436 non-ethanol,COL,999,0.0,,1720.0289200000002,780.2,-3698.15,0.0,3698.15,3698.15,,0.0,4.74,780.2,SNG4,,Singapore Manufacturing,Singapore,Singapore Manufacturing,2025-07-21T00:00:00,Daming Cheng,S,ST
00030,        SNG4,2501881,1.0,N,NP4LF,NP4LF.S,NP4LF.S,SULF NP4-LF,60% CO436 non-ethanol,COL,999,0.0,,1720.0289200000002,780.2,-3698.15,0.0,3698.15,3698.15,,0.0,4.74,780.2,SNG4,,Singapore Manufacturing,Singapore,Singapore Manufacturing,2025-09-01T00:00:00,Daming Cheng,S,ST
00030,        SNG4,2517879,1.0,N,NP4LF,NP4LF.S,NP4LF.S,SULF NP4-LF,60% CO436 non-ethanol,COL,999,0.0,,1720.0289200000002,780.2,-3698.15,0.0,3698.15,3698.15,,0.0,4.74,780.2,SNG4,,Singapore Manufacturing,Singapore,Singapore Manufacturing,2025-09-22T00:00:00,Daming Cheng,S,ST
00030,        SNG4,2573919,1.0,N,NP4LF,NP4LF.S,NP4LF.S,SULF NP4-LF,60% CO436 non-ethanol,COL,999,0.0,,1720.0289200000002,780.2,-3698.15,0.0,3698.15,3698.15,,0.0,4.74,780.2,SNG4,,Singapore Manufacturing,Singapore,Singapore Manufacturing,2025-12-03T00:00:00,Daming Cheng,S,ST
00030,        SNG4,2575555,1.0,N,NP4LF,NP4LF.S,NP4LF.S,SULF NP4-LF,60% CO436 non-ethanol,COL,999,0.0,,1720.0289200000002,780.2,-3698.15,0.0,3698.15,3698.15,,0.0,4.74,780.2,SNG4,,Singapore Manufacturing,Singapore,Singapore Manufacturing,2025-12-05T00:00:00,Daming Cheng,S,ST
00030,        SNG4,2452404,1.0,N,NP4LF,NP4LF.S,NP4LF.S,SULF NP4-LF,60% CO436 non-ethanol,COL,999,0.0,,1720.0289200000002,780.2,-3698.15,0.0,3698.15,3698.15,,0.0,4.74,780.2,SNG4,,Singapore Manufacturing,Singapore,Singapore Manufacturing,2025-06-26T00:00:00,Daming Cheng,S,ST
00030,        SNG4,2540824,1.0,N,NP4LF,NP4LF.S,NP4LF.S,SULF NP4-LF,60% CO436 non-ethanol,COL,999,0.0,,1720.0289200000002,780.2,-3698.15,0.0,3698.15,3698.15,,0.0,4.74,780.2,SNG4,,Singapore Manufacturing,Singapore,Singapore Manufacturing,2025-10-20T00:00:00,Daming Cheng,S,ST
00030,        SNG4,1770076,1.0,N,NP4LF,NP4LF.S,NP4LF.S,SULF NP 4 LF,60% CO436 non-ethanol,COL,999,0.0,,1720.0289200000002,780.2,-2825.88,0.0,2825.88,2825.88,,0.0,3.622,780.2,SNG4,,Singapore Manufacturing,Singapore,Singapore Manufacturing,2023-01-06T00:00:00,Daming Cheng,S,ST
00030,        SNG4,1794950,1.0,N,NP4LF,NP4LF.S,NP4LF.S,SULF NP 4 LF,60% CO436 non-ethanol,COL,999,0.0,,1720.0289200000002,780.2,-2825.88,0.0,2825.88,2825.88,,0.0,3.622,780.2,SNG4,,Singapore Manufacturing,Singapore,Singapore Manufacturing,2023-02-08T00:00:00,Daming Cheng,S,ST
00030,        SNG4,1800206,1.0,N,NP4LF,NP4LF.S,NP4LF.S,SULF NP 4 LF,60% CO436 non-ethanol,COL,999,0.0,,1720.0289200000002,780.2,-2825.88,0.0,2825.88,2825.88,,0.0,3.622,780.2,SNG4,,Singapore Manufacturing,Singapore,Singapore Manufacturing,2023-02-15T00:00:00,Daming Cheng,S,ST
00030,        SNG4,1801791,1.0,N,NP4LF,NP4LF.S,NP4LF.S,SULF NP 4 LF,60% CO436 non-ethanol,COL,999,0.0,,1720.0289200000002,780.2,-2825.88,0.0,2825.88,2825.88,,0.0,3.622,780.2,SNG4,,Singapore Manufacturing,Singapore,Singapore Manufacturing,2023-02-17T00:00:00,Daming Cheng,S,ST
00030,        SNG4,1804749,1.0,N,NP4LF,NP4LF.S,NP4LF.S,SULF NP 4 LF,60% CO436 non-ethanol,COL,999,0.0,,1720.0289200000002,780.2,-2825.88,0.0,2825.88,2825.88,,0.0,3.622,780.2,SNG4,,Singapore Manufacturing,Singapore,Singapore Manufacturing,2023-02-21T00:00:00,Daming Cheng,S,ST
00030,        SNG4,1822384,1.0,N,NP4LF,NP4LF.S,NP4LF.S,SULF NP 4 LF,60% CO436 non-ethanol,COL,999,0.0,,1720.0289200000002,780.2,-2825.88,0.0,2825.88,2825.88,,0.0,3.622,780.2,SNG4,,Singapore Manufacturing,Singapore,Singapore Manufacturing,2023-03-17T00:00:00,Daming Cheng,S,ST
00030,        SNG4,1852742,1.0,N,NP4LF,NP4LF.S,NP4LF.S,SULF NP 4 LF,60% CO436 non-ethanol,COL,999,0.0,,1720.0289200000002,780.2,-3446.14,0.0,3446.14,3446.14,,0.0,4.417,780.2,SNG4,,Singapore Manufacturing,Singapore,Singapore Manufacturing,2023-04-26T00:00:00,Daming Cheng,S,ST
00030,        SNG4,1899588,1.0,N,NP4LF,NP4LF.S,NP4LF.S,SULF NP 4 LF,60% CO436 non-ethanol,COL,999,0.0,,1720.0289200000002,780.2,-3487.49,0.0,3487.49,3487.49,,0.0,4.47,780.2,SNG4,,Singapore Manufacturing,Singapore,Singapore Manufacturing,2023-06-27T00:00:00,Daming Cheng,S,ST
00030,        SNG4,1904870,1.0,N,NP4LF,NP4LF.S,NP4LF.S,SULF NP 4 LF,60% CO436 non-ethanol,COL,999,0.0,,1720.0289200000002,780.2,-3477.35,0.0,3477.35,3477.35,,0.0,4.457,780.2,SNG4,,Singapore Manufacturing,Singapore,Singapore Manufacturing,2023-07-04T00:00:00,Daming Cheng,S,ST
00030,        SNG4,1906245,1.0,N,NP4LF,NP4LF.S,NP4LF.S,SULF NP 4 LF,60% CO436 non-ethanol,COL,999,0.0,,1720.0289200000002,780.2,-3477.35,0.0,3477.35,3477.35,,0.0,4.457,780.2,SNG4,,Singapore Manufacturing,Singapore,Singapore Manufacturing,2023-07-06T00:00:00,Daming Cheng,S,ST
00030,        SNG4,1911615,1.0,N,NP4LF,NP4LF.S,NP4LF.S,SULF NP 4 LF,60% CO436 non-ethanol,COL,999,0.0,,1720.0289200000002,780.2,-3477.35,0.0,3477.35,3477.35,,0.0,4.457,780.2,SNG4,,Singapore Manufacturing,Singapore,Singapore Manufacturing,2023-07-13T00:00:00,Daming Cheng,S,ST
00030,        SNG4,1922977,1.0,N,NP4LF,NP4LF.S,NP4LF.S,SULF NP 4 LF,60% CO436 non-ethanol,COL,999,0.0,,1720.0289200000002,780.2,-3477.35,0.0,3477.35,3477.35,,0.0,4.457,780.2,SNG4,,Singapore Manufacturing,Singapore,Singapore Manufacturing,2023-07-28T00:00:00,Daming Cheng,S,ST
00030,        SNG4,2000799,1.0,N,NP4LF,NP4LF.S,NP4LF.S,SULF NP 4 LF,60% CO436 non-ethanol,COL,999,0.0,,1720.0289200000002,780.2,-3390.75,0.0,3390.75,3390.75,,0.0,4.346,780.2,SNG4,,Singapore Manufacturing,Singapore,Singapore Manufacturing,2023-11-07T00:00:00,Daming Cheng,S,ST
00030,        SNG4,2033470,1.0,N,NP4LF,NP4LF.S,NP4LF.S,SULF NP 4 LF,60% CO436 non-ethanol,COL,999,0.0,,1719.9848279999999,780.18,-3390.66,0.0,3390.66,3390.66,,0.0,4.346,780.18,SNG4,,Singapore Manufacturing,Singapore,Singapore Manufacturing,2023-12-20T00:00:00,Daming Cheng,S,ST
00030,        SNG4,1897358,1.0,N,NP4LF,NP4LF.S,NP4LF.S,SULF NP 4 LF,60% CO436 non-ethanol,COL,999,0.0,,1720.0289200000002,780.2,-3487.49,0.0,3487.49,3487.49,,0.0,4.47,780.2,SNG4,,Singapore Manufacturing,Singapore,Singapore Manufacturing,2023-06-26T00:00:00,Daming Cheng,S,ST
00030,        SNG4,1907925,1.0,N,NP4LF,NP4LF.S,NP4LF.S,SULF NP 4 LF,60% CO436 non-ethanol,COL,999,0.0,,1720.0289200000002,780.2,-3477.35,0.0,3477.35,3477.35,,0.0,4.457,780.2,SNG4,,Singapore Manufacturing,Singapore,Singapore Manufacturing,2023-07-10T00:00:00,Daming Cheng,S,ST
00030,        SNG4,1913238,1.0,N,NP4LF,NP4LF.S,NP4LF.S,SULF NP 4 LF,60% CO436 non-ethanol,COL,999,0.0,,1720.0289200000002,780.2,-3477.35,0.0,3477.35,3477.35,,0.0,4.457,780.2,SNG4,,Singapore Manufacturing,Singapore,Singapore Manufacturing,2023-07-17T00:00:00,Daming Cheng,S,ST
00030,        SNG4,2019720,1.0,N,NP4LF,NP4LF.S,NP4LF.S,SULF NP 4 LF,60% CO436 non-ethanol,COL,999,0.0,,1720.0289200000002,780.2,-3390.75,0.0,3390.75,3390.75,,0.0,4.346,780.2,SNG4,,Singapore Manufacturing,Singapore,Singapore Manufacturing,2023-12-04T00:00:00,Daming Cheng,S,ST
00030,        SNG4,2030389,1.0,N,NP4LF,NP4LF.S,NP4LF.S,SULF NP 4 LF,60% CO436 non-ethanol,COL,999,0.0,,1720.0289200000002,780.2,-3390.75,0.0,3390.75,3390.75,,0.0,4.346,780.2,SNG4,,Singapore Manufacturing,Singapore,Singapore Manufacturing,2023-12-18T00:00:00,Daming Cheng,S,ST
00030,        SNG4,1687397,1.001,N,NP4LF,NP4LF.S,NP4LF.S,SULF NP 4 LF,60% CO436 non-ethanol,COL,999,0.0,,3436.39798354,1558.7399,-5645.76,0.0,5645.76,5645.76,,0.0,3.622,1558.7399,SNG4,,Singapore Manufacturing,Singapore,Singapore Manufacturing,2022-09-16T00:00:00,Daming Cheng,S,ST
00030,        SNG4,1408315,2.0,N,NP4LF,NP4LF.S,NP4LF.S,SULF NP 4 LF,60% CO436 non-ethanol,COL,999,0.0,,1723.5964037200001,781.8182,-2408.0,0.0,2408.0,2408.0,,0.0,3.08,781.8182,SNG4,,Singapore Manufacturing,Singapore,Singapore Manufacturing,2021-08-25T00:00:00,Daming Cheng,S,ST
00030,        SNG4,2707635,1.001,N,NP4LF,NP4LF.S,NP4LF.S,SULF NP4-LF,60% CO436 non-ethanol,COL,999,0.0,,1720.161196,780.26,-3698.43,0.0,3698.43,3698.43,,0.0,4.74,780.26,SNG4,,Singapore Manufacturing,Singapore,Singapore Manufacturing,2026-05-29T00:00:00,Daming Cheng,S,ST
00030,        SNG4,2033470,1.001,N,NP4LF,NP4LF.S,NP4LF.S,SULF NP 4 LF,60% CO436 non-ethanol,COL,999,0.0,,0.044092000000000006,0.02,-0.09,0.0,0.09,0.09,,0.0,4.346,0.02,SNG4,,Singapore Manufacturing,Singapore,Singapore Manufacturing,2023-12-20T00:00:00,Daming Cheng,S,ST
00010,        CIN2,1109988,2.0,N,U601,U601,U601-OP,HYDROSIZE U6-01,,PPI,999,5191.88,,3600.0,1632.9328,247.28,5191.88,4944.6,4944.6,,0.0,1.3735,8.0,10200,,Michelman New Material Shanghai Co Ltd,China,Michelman Asia-Pacific - Global Parent,2020-06-19T00:00:00,Norman Seung,S,S5
00010,        CIN2,1204660,2.0,N,U2022,U2022,U2022-OP,HYDROSIZE U2022,,CLL,999,9858.28,,3600.0,1632.9328,469.48,9858.28,9388.8,9388.8,,0.0,2.608,8.0,10200,,"Michelman Japan - Tokyo, Japan",Japan,Michelman Asia-Pacific - Global Parent,2020-11-25T00:00:00,Norman Seung,S,S5
00010,        CIN2,1231316,2.0,N,HP1632,HP1632,HP1632-T2,HYDROSIZE HP-1632,,PPI,999,79722.22,,17640.0,8001.3696,3796.13,79722.22,75926.09,75926.09,,0.0,4.3042,8.0,10200,,Michelman Int'l - Belgium SRL,Belgium,Michelman International - Global Parent,2020-12-02T00:00:00,Roxana McMican,S,S5
00010,        CIN2,1120190,2.0,N,U601,U601,U601-PL,HYDROSIZE U6-01,,PPI,999,0.0,,40.0,18.1437,-61.81,0.0,61.81,61.81,,0.0,1.5453,1.0,10200,,Michelman New Material Shanghai Co Ltd,China,Michelman Asia-Pacific - Global Parent,2020-05-14T00:00:00,Norman Seung,S,SA
00010,        CIN2,1065774,1.001,N,U501,U501,U501-OP,HYDROSIZE U5-01,,PPI,999,61623.0,,18450.0,8368.7806,15708.33,61623.0,45914.67,45914.67,,0.0,2.4886,41.0,10240,"Dai,Zhaochen(Vincent)","HERLI Technochem-ChenChem, Taipei,Taiwan",Taiwan,HERLI Technologies - Global Parent,2020-04-06T00:00:00,Norman Seung,S,S4
00010,        CIN2,1065774,1.002,N,U501,U501,U501-OP,HYDROSIZE U5-01,,PPI,999,33066.0,,9900.0,4490.5652,8428.86,33066.0,24637.14,24637.14,,0.0,2.4886,22.0,10240,"Dai,Zhaochen(Vincent)","HERLI Technochem-ChenChem, Taipei,Taiwan",Taiwan,HERLI Technologies - Global Parent,2020-04-06T00:00:00,Norman Seung,S,S4
00010,        CIN2,1084611,1.001,N,U501,U501,U501-OP,HYDROSIZE U5-01,,PPI,999,61623.0,,18450.0,8368.7806,15708.33,61623.0,45914.67,45914.67,,0.0,2.4886,41.0,10240,"Dai,Zhaochen(Vincent)","HERLI Technochem-ChenChem, Taipei,Taiwan",Taiwan,HERLI Technologies - Global Parent,2020-04-15T00:00:00,Norman Seung,S,S4
00010,        CIN2,1084611,1.002,N,U501,U501,U501-OP,HYDROSIZE U5-01,,PPI,999,16533.0,,4950.0,2245.2826,4214.43,16533.0,12318.57,12318.57,,0.0,2.4886,11.0,10240,"Dai,Zhaochen(Vincent)","HERLI Technochem-ChenChem, Taipei,Taiwan",Taiwan,HERLI Technologies - Global Parent,2020-04-15T00:00:00,Norman Seung,S,S4
00010,        CIN2,1233532,1.001,N,U501,U501,U501-OP,HYDROSIZE U5-01,,PPI,999,12024.0,,3600.0,1632.9328,525.6,12024.0,11498.4,11498.4,,0.0,3.194,8.0,10240,"Dai,Zhaochen(Vincent)","HERLI Technochem-ChenChem, Taipei,Taiwan",Taiwan,HERLI Technologies - Global Parent,2021-03-30T00:00:00,Norman Seung,S,S4
00010,        CIN2,1233532,7.0,N,U501,U501,U501-OP,HYDROSIZE U5-01,,PPI,999,48096.0,,14400.0,6531.7312,2102.4,48096.0,45993.6,45993.6,,0.0,3.194,32.0,10240,"Dai,Zhaochen(Vincent)","HERLI Technochem-ChenChem, Taipei,Taiwan",Taiwan,HERLI Technologies - Global Parent,2021-03-30T00:00:00,Norman Seung,S,S4
00010,        CIN2,1282728,1.001,N,U501,U501,U501-OP,HYDROSIZE U5-01,,PPI,999,31548.59,,9450.0,4286.4486,1365.29,31548.59,30183.3,30183.3,,0.0,3.194,21.0,10240,"Dai,Zhaochen(Vincent)","HERLI Technochem-ChenChem, Taipei,Taiwan",Taiwan,HERLI Technologies - Global Parent,2021-02-23T00:00:00,Norman Seung,S,S4
00010,        CIN2,1282728,1.002,N,U501,U501,U501-OP,HYDROSIZE U5-01,,PPI,999,21032.39,,6300.0,2857.6324,910.19,21032.39,20122.2,20122.2,,0.0,3.194,14.0,10240,"Dai,Zhaochen(Vincent)","HERLI Technochem-ChenChem, Taipei,Taiwan",Taiwan,HERLI Technologies - Global Parent,2021-02-23T00:00:00,Norman Seung,S,S4
00010,        CIN2,1076537,1.001,N,HP1632,HP1632,HP1632-PL,HYDROSIZE HP-1632,,CLL,999,1550.2,,320.0,145.1496,73.82,1550.2,1476.38,1476.38,,0.0,4.6137,8.0,10200,,"Michelman Asia-Pacific - SHIN-A T&C, Seo",South Korea,Michelman Asia-Pacific - Global Parent,2020-02-17T00:00:00,Roxana McMican,S,S5
00010,        CIN2,1109988,5.0,N,U470,U470,U470-OP,HYDROSIZE LINK U470,,PPI,999,13839.03,,5850.0,2653.5158,658.98,13839.03,13180.05,13180.05,,0.0,2.253,13.0,10200,,Michelman New Material Shanghai Co Ltd,China,Michelman Asia-Pacific - Global Parent,2020-06-19T00:00:00,Marcos Pedreira,S,S5
00010,        CIN2,1109988,5.001,N,U470,U470,U470-OP,HYDROSIZE LINK U470,,PPI,999,8516.32,,3600.0,1632.9328,405.52,8516.32,8110.8,8110.8,,0.0,2.253,8.0,10200,,Michelman New Material Shanghai Co Ltd,China,Michelman Asia-Pacific - Global Parent,2020-06-19T00:00:00,Marcos Pedreira,S,S5
00010,        CIN2,1173482,3.0,N,191245PX,191245PX,191245PX-OP,EXPERIMENTAL PRODUCT 191245PX,,PPI,999,1892.07,,900.0,408.2332,90.09,1892.07,1801.98,1801.98,,0.0,2.0022,2.0,10200,,Michelman Int'l - Belgium SRL,Belgium,Michelman International - Global Parent,2020-08-12T00:00:00,Kaitlyn Slack,S,S5
00010,        CIN2,1189347,3.0,N,U501,U501,U501-OP,HYDROSIZE U5-01,,PPI,999,1501.13,,450.0,204.1166,71.48,1501.13,1429.65,1429.65,,0.0,3.177,1.0,10200,,Michelman New Material Shanghai Co Ltd,China,Michelman Asia-Pacific - Global Parent,2020-09-09T00:00:00,Norman Seung,S,S5
00010,        CIN2,1204660,2.001,N,U2022,U2022,U2022-OP,HYDROSIZE U2022,,CLL,999,18484.28,,6750.0,3061.7490000000003,880.28,18484.28,17604.0,17604.0,,0.0,2.608,15.0,10200,,"Michelman Japan - Tokyo, Japan",Japan,Michelman Asia-Pacific - Global Parent,2020-11-25T00:00:00,Norman Seung,S,S5
00010,        CIN2,1240996,1.001,N,U2022,U2022,U2022-OP,HYDROSIZE U2022,,CLL,999,16640.11,,5850.0,2653.5158,792.46,16640.11,15847.65,15847.65,,0.0,2.709,13.0,10200,,"Michelman Japan - Tokyo, Japan",Japan,Michelman Asia-Pacific - Global Parent,2021-02-05T00:00:00,Norman Seung,S,S5
00010,        CIN2,1307689,3.0,N,191245PX,191245PX,191245PX-OP,EXPERIMENTAL PRODUCT 191245PX,,PPI,999,1902.78,,900.0,408.2332,90.63,1902.78,1812.15,1812.15,,0.0,2.0135,2.0,10200,,Michelman Int'l - Belgium SRL,Belgium,Michelman International - Global Parent,2021-03-29T00:00:00,Kaitlyn Slack,S,S5
00010,        CIN2,1354595,1.001,N,191245PX,191245PX,191245PX-T2,EXPERIMENTAL PRODUCT 191245PX,,PPI,999,2825.55,,2300.0,1043.28,134.55,2825.55,2691.0,2691.0,,0.0,1.17,2300.0,10200,,Michelman Int'l - Belgium SRL,Belgium,Michelman International - Global Parent,2021-07-01T00:00:00,Kaitlyn Slack,S,S5
00010,        CIN2,1048152,1.5,N,181192IX,181192IX,181192IX-PL,EXPERIMENTAL PRODUCT 181192IX,,PPB,999,0.0,,80.0,36.2874,-183.39,0.0,183.39,183.39,,0.0,2.2924,2.0,10200,,Michelman New Material Shanghai Co Ltd,China,Michelman Asia-Pacific - Global Parent,2020-01-02T00:00:00,Norman Seung,S,SA
00010,        CIN2,1062096,1.5,N,181136IX,181136IX,181136IX-PL,EXPERIMENTAL PREPOLYMER,,PPB,999,0.0,,40.0,18.1437,-63.52,0.0,63.52,63.52,,0.0,1.588,1.0,10200,,Michelman New Material Shanghai Co Ltd,China,Michelman Asia-Pacific - Global Parent,2020-05-01T00:00:00,Norman Seung,S,SA
00010,        CIN2,1366951,6.0,N,U204,U204,U204-PL,HYDROSIZE U2-04,,PPB,999,0.0,,40.0,18.1437,-118.57,0.0,118.57,118.57,,0.0,2.9643,1.0,10200,,"Michelman Japan - Tokyo, Japan",Japan,Michelman Asia-Pacific - Global Parent,2021-06-28T00:00:00,Norman Seung,S,SA
00010,        CIN2,1408984,3.0,N,U101,U101,U101-PL,HYDROSIZE U1-01,,PPB,999,0.0,,40.0,18.1437,-101.31,0.0,101.31,101.31,,0.0,2.5327,1.0,10240,"Dai,Zhaochen(Vincent)","HERLI Technochem-ChenChem, Taipei,Taiwan",Taiwan,HERLI Technologies - Global Parent,2021-08-31T00:00:00,Norman Seung,S,SA
00030,        SING,1076803,1.001,N,HP1632,HP1632,HP1632-PL,HYDROSIZE HP-1632,,EXW,999,2000.16,,317.4624,144.0,449.96,2000.16,1550.2,1550.2,,0.0,4.8831,144.0,30240,Brandon Lee,SHIN-A T&C - Korea - MAP,South Korea,SHIN-A T&C - Korea - MAP,2020-02-20T00:00:00,Roxana McMican,S,S4
00010,        CIN2,1258202,4.0,N,U470,U470,U470-PL,HYDROSIZE LINK U470,,CLL,999,0.0,,40.0,18.1437,-152.65,0.0,152.65,152.65,,0.0,3.8163,1.0,10200,,Michelman New Material Shanghai Co Ltd,China,Michelman Asia-Pacific - Global Parent,2021-03-24T00:00:00,Marcos Pedreira,S,SA
00010,        CIN2,1258202,3.0,N,U501,U501,U501-PL,HYDROSIZE U5-01,,CLL,999,0.0,,40.0,18.1437,-16.7,0.0,16.7,16.7,,0.0,0.4174,1.0,10200,,Michelman New Material Shanghai Co Ltd,China,Michelman Asia-Pacific - Global Parent,2021-03-24T00:00:00,Norman Seung,S,SA
00010,        CINC,1290921,1.001,N,WD40,WD40,WD40-UN,WAX DISPERSION 40,,COL,999,3668.0,,1400.0,635.0292,2294.46,3668.0,1373.54,1373.54,,0.0,0.9811,4.0,10220,GENERIC TM,"Omya/Peinture Denalt-St. Leonard,QC,Ca",Canada,Omya - Global Parent,2021-03-19T00:00:00,Gary Singer,S,S4
00010,        CINC,1315666,1.001,N,WD40,WD40,WD40-UN,WAX DISPERSION 40,,COL,999,14672.0,,5600.0,2540.1168,7728.0,14672.0,6944.0,6944.0,,0.0,1.24,16.0,10220,GENERIC TM,"Omya/Peinture Denalt-St. Leonard,QC,Ca",Canada,Omya - Global Parent,2021-04-28T00:00:00,Gary Singer,S,S4
00010,        CIN2,1295701,1.001,N,U2022,U2022,U2022-OP,HYDROSIZE U2022,,CLL,999,15360.1,,5400.0,2449.3992,731.5,15360.1,14628.6,14628.6,,0.0,2.709,12.0,10200,,"Michelman Japan - Tokyo, Japan",Japan,Michelman Asia-Pacific - Global Parent,2021-04-28T00:00:00,Norman Seung,S,S5
00010,        CIN2,1258202,2.0,N,U2022,U2022,U2022-PL,HYDROSIZE U2022,,CLL,999,0.0,,40.0,18.1437,-16.7,0.0,16.7,16.7,,0.0,0.4174,1.0,10200,,Michelman New Material Shanghai Co Ltd,China,Michelman Asia-Pacific - Global Parent,2021-03-24T00:00:00,Norman Seung,S,SA
00010,        CIN2,1389795,2.0,N,U201,U201,U201-PL,HYDROSIZE U2-01,,PPB,999,0.0,,40.0,18.1437,-124.92,0.0,124.92,124.92,,0.0,3.123,1.0,10240,Brandon Lee,HoJoo Communication - KR (CINC),South Korea,HoJoo Communication - KR (CINC),2021-08-25T00:00:00,Norman Seung,S,SA
00010,        CIN2,1316479,2.0,N,HP1632,HP1632,HP1632-OP,HYDROSIZE HP-1632,,PPA,999,10241.56,,1852.0,840.0532,4201.26,10241.56,6040.3,6040.3,,0.0,3.2615,4.0,10240,Brendan Schloerb,"Albarrie - Barrie, ONT, CA",Canada,"Albarrie - Barrie, ONT, CA",2021-04-12T00:00:00,Roxana McMican,S,S4
00010,        CIN2,1444775,2.0,N,U501B,U501B,U501B-OP,HYDROSIZE U5-01B,,PPI,999,39600.0,,9000.0,4082.3320000000003,6300.0,39600.0,33300.0,33300.0,,0.0,3.7,20.0,10240,"Dai,Zhaochen(Vincent)","HERLI Technochem-ChenChem, Taipei,Taiwan",Taiwan,HERLI Technologies - Global Parent,2021-11-08T00:00:00,Marcos Pedreira,S,S4
00010,        CIN2,1449650,2.0,N,HP1632,HP1632,HP1632-OP,HYDROSIZE HP-1632,,PPA,999,20372.0,,1852.0,840.0532,13923.34,20372.0,6448.66,6448.66,,0.0,3.482,4.0,10240,Brendan Schloerb,"Albarrie - Barrie, ONT, CA",Canada,"Albarrie - Barrie, ONT, CA",2021-12-20T00:00:00,Roxana McMican,S,S4
00010,        CIN2,1414228,3.0,N,U601,U601,U601-OP,HYDROSIZE U6-01,,CLL,999,17357.24,,6750.0,3061.7490000000003,826.49,17357.24,16530.75,16530.75,,0.0,2.449,15.0,10200,,Michelman New Material Shanghai Co Ltd,China,Michelman Asia-Pacific - Global Parent,2021-10-05T00:00:00,Norman Seung,S,S5
00010,        CIN2,1487589,9.0,N,U204,U204,U204-OP,HYDROSIZE U2-04,,CLL,999,1572.48,,450.0,204.1166,74.88,1572.48,1497.6,1497.6,,0.0,3.328,1.0,10200,,Michelman New Material Shanghai Co Ltd,China,Michelman Asia-Pacific - Global Parent,2022-02-07T00:00:00,Norman Seung,S,S5
00010,        CIN2,1487589,9.001,N,U204,U204,U204-OP,HYDROSIZE U2-04,,CLL,999,1572.48,,450.0,204.1166,74.88,1572.48,1497.6,1497.6,,0.0,3.328,1.0,10200,,Michelman New Material Shanghai Co Ltd,China,Michelman Asia-Pacific - Global Parent,2022-02-07T00:00:00,Norman Seung,S,S5
00010,        CIN2,1514751,1.001,N,HP1632,HP1632,HP1632-T2,HYDROSIZE HP-1632,,PPI,999,132571.22,,15435.0,7001.1984,6312.92,132571.22,126258.3,126258.3,,0.0,8.18,7.0,10200,,Michelman Int'l - Belgium (Jost),Belgium,Michelman International - Global Parent,2022-10-07T00:00:00,Roxana McMican,S,S5
00010,        CIN2,1514751,1.002,N,HP1632,HP1632,HP1632-T2,HYDROSIZE HP-1632,,PPI,999,132571.22,,15435.0,7001.1984,6312.92,132571.22,126258.3,126258.3,,0.0,8.18,7.0,10200,,Michelman Int'l - Belgium (Jost),Belgium,Michelman International - Global Parent,2022-10-07T00:00:00,Roxana McMican,S,S5
00010,        CIN2,1696725,1.001,N,U601,U601,U601-OP,HYDROSIZE U6-01,,CLL,999,2678.11,,900.0,408.2332,127.51,2678.11,2550.6,2550.6,,0.0,2.834,2.0,10200,,Michelman New Material Shanghai Co Ltd,China,Michelman Asia-Pacific - Global Parent,2022-12-12T00:00:00,Norman Seung,S,S5
00010,        CIN2,1696725,1.002,N,U601,U601,U601-OP,HYDROSIZE U6-01,,CLL,999,18746.78,,6300.0,2857.6324,892.58,18746.78,17854.2,17854.2,,0.0,2.834,14.0,10200,,Michelman New Material Shanghai Co Ltd,China,Michelman Asia-Pacific - Global Parent,2022-12-12T00:00:00,Norman Seung,S,S5
00010,        CIN2,1284588,3.0,N,HP1632,HP1632,HP1632-T2,HYDROSIZE HP-1632,,PPI,999,38699.73,,6615.0,3000.5136,1842.93,38699.73,36856.8,36856.8,,0.0,5.5717,3.0,10200,,Michelman Int'l - Belgium (Jost),Belgium,Michelman International - Global Parent,2021-09-07T00:00:00,Roxana McMican,S,S5
00010,        CIN2,1284588,3.001,N,HP1632,HP1632,HP1632-T2,HYDROSIZE HP-1632,,PPI,999,12899.91,,2205.0,1000.1712,614.31,12899.91,12285.6,12285.6,,0.0,5.5717,1.0,10200,,Michelman Int'l - Belgium (Jost),Belgium,Michelman International - Global Parent,2021-09-07T00:00:00,Roxana McMican,S,S5
00010,        CIN2,1284588,4.0,N,HP1632,HP1632,HP1632-T2,HYDROSIZE HP-1632,,PPI,999,38699.73,,6615.0,3000.5136,1842.93,38699.73,36856.8,36856.8,,0.0,5.5717,3.0,10200,,Michelman Int'l - Belgium (Jost),Belgium,Michelman International - Global Parent,2021-10-04T00:00:00,Roxana McMican,S,S5
00010,        CIN2,1371952,2.0,N,HP1632,HP1632,HP1632-OP,HYDROSIZE HP-1632,,PPI,999,3650.29,,1389.0,630.0399,190.43,3650.29,3459.86,3459.86,,0.0,2.4909,3.0,10200,,Michelman Int'l - Belgium SRL,Belgium,Michelman International - Global Parent,2021-08-27T00:00:00,Roxana McMican,S,S5
00010,        CIN2,1423521,1.001,N,HP1632,HP1632,HP1632-T2,HYDROSIZE HP-1632,,PPI,999,28466.11,,4410.0,2000.3424,1355.63,28466.11,27110.48,27110.48,,0.0,6.1475,2.0,10200,,Michelman Int'l - Belgium (Jost),Belgium,Michelman International - Global Parent,2022-03-02T00:00:00,Roxana McMican,S,S5
00010,        CIN2,1423521,1.002,N,HP1632,HP1632,HP1632-T2,HYDROSIZE HP-1632,,PPI,999,14233.05,,2205.0,1000.1712,677.81,14233.05,13555.24,13555.24,,0.0,6.1475,1.0,10200,,Michelman Int'l - Belgium (Jost),Belgium,Michelman International - Global Parent,2022-03-02T00:00:00,Roxana McMican,S,S5
00010,        CIN2,1464004,1.001,N,HP1632,HP1632,HP1632-PL,HYDROSIZE HP-1632,,PPI,999,316.79,,80.0,36.2874,15.09,316.79,301.7,301.7,,0.0,3.7713,2.0,10200,,"Michelman Japan - Tokyo, Japan",Japan,Michelman Asia-Pacific - Global Parent,2021-12-03T00:00:00,Roxana McMican,S,S5
00010,        CIN2,1513992,1.001,N,HP1632,HP1632,HP1632-T2,HYDROSIZE HP-1632,,PPI,999,76734.0,,11025.0,5000.856,-5325.08,76734.0,82059.08,82059.08,,0.0,7.443,5.0,10200,,Michelman Int'l - Belgium (Jost),Belgium,Michelman International - Global Parent,2022-05-03T00:00:00,Roxana McMican,S,S5
00010,        CIN2,1513992,3.0,N,HP1632,HP1632,HP1632-T2,HYDROSIZE HP-1632,,PPI,999,46040.4,,6615.0,3000.5136,-3195.05,46040.4,49235.45,49235.45,,0.0,7.443,3.0,10200,,Michelman Int'l - Belgium (Jost),Belgium,Michelman International - Global Parent,2022-05-03T00:00:00,Roxana McMican,S,S5
00010,        CIN2,1551860,1.001,N,U2022,U2022,U2022-OP,HYDROSIZE U2022,,CLL,999,43658.65,,15750.0,7144.081,-11198.6,43658.65,54857.25,54857.25,,0.0,3.483,35.0,10200,,"Michelman Japan - Tokyo, Japan",Japan,Michelman Asia-Pacific - Global Parent,2022-04-27T00:00:00,Norman Seung,S,S5
00010,        CIN2,1624591,1.001,N,HP1632,HP1632,HP1632-T2,HYDROSIZE HP-1632,,PPI,999,151509.96,,17640.0,8001.3696,7214.76,151509.96,144295.2,144295.2,,0.0,8.18,8.0,10200,,Michelman Int'l - Belgium (Jost),Belgium,Michelman International - Global Parent,2022-11-11T00:00:00,Roxana McMican,S,S5
00010,        CIN2,1624591,1.002,N,HP1632,HP1632,HP1632-T2,HYDROSIZE HP-1632,,PPI,999,94693.73,,11025.0,5000.856,4509.23,94693.73,90184.5,90184.5,,0.0,8.18,5.0,10200,,Michelman Int'l - Belgium (Jost),Belgium,Michelman International - Global Parent,2022-11-11T00:00:00,Roxana McMican,S,S5
00010,        CIN2,1637441,1.001,N,U470,U470,U470-OP,HYDROSIZE LINK U470,,CLL,999,8030.16,,2250.0,1020.5830000000001,382.41,8030.16,7647.75,7647.75,,0.0,3.399,5.0,10200,,Michelman New Material Shanghai Co Ltd,China,Michelman Asia-Pacific - Global Parent,2022-07-29T00:00:00,Marcos Pedreira,S,S5
00010,        CIN2,1644392,1.001,N,U601,U601,U601-OP,HYDROSIZE U6-01,,CLL,999,1284.26,,450.0,204.1166,61.16,1284.26,1223.1,1223.1,,0.0,2.718,1.0,10200,,Michelman New Material Shanghai Co Ltd,China,Michelman Asia-Pacific - Global Parent,2022-08-17T00:00:00,Norman Seung,S,S5
00030,        SING,2197143,3.0,N,U2022,U2022,U2022-OP,HYDROSIZE U2022,,CIF,999,8270.84,,1799.9897620000002,816.47,1969.2,8270.84,6301.64,6301.64,,0.0,3.5009,816.47,30240,Brandon Lee,Caldic - Japan,Japan,Connell Caldic Japan- Global Parent,2024-10-11T00:00:00,Norman Seung,S,S4
00030,        SING,2258398,3.0,N,U2022,U2022,U2022-OP,HYDROSIZE U2022,,CIF,999,2067.74,,450.00295200000005,204.12,492.31,2067.74,1575.43,1575.43,,0.0,3.5009,204.12,30240,Brandon Lee,Caldic - Japan,Japan,Connell Caldic Japan- Global Parent,2024-12-10T00:00:00,Norman Seung,S,S4
00030,        SING,2274437,1.001,N,U2022,U2022,U2022-OP,HYDROSIZE U2022,,EXW,999,27494.51,,6749.934050000001,3061.75,3863.45,27494.51,23631.06,23631.06,,0.0,3.5009,3061.75,30240,Brandon Lee,Caldic - Japan,Japan,Connell Caldic Japan- Global Parent,2024-11-08T00:00:00,Norman Seung,S,S4
00010,        CIN2,2039161,4.0,N,U601,U601,U601-PL,HYDROSIZE U6-01,,PPI,999,128.53,,40.0,18.1437,6.12,128.53,122.41,122.41,,0.0,3.0603,1.0,10200,,Michelman Int'l - Belgium SRL,Belgium,Michelman International - Global Parent,2024-01-02T00:00:00,Norman Seung,S,S5
00010,        CIN2,2056682,1.001,N,HP1632,HP1632,HP1632-OP,HYDROSIZE HP-1632,,PPI,999,7334.2,,926.0,420.0266,349.29,7334.2,6984.91,6984.91,,0.0,7.5431,2.0,10200,,Michelman Int'l - Belgium (Jost),Belgium,Michelman International - Global Parent,2024-06-10T00:00:00,Roxana McMican,S,S5
00010,        CIN2,2096108,1.001,N,191245PX,191245PX,191245PX-T2,EXPERIMENTAL PRODUCT 191245PX,,PPI,999,42504.0,,25300.0,11475.8875,2024.0,42504.0,40480.0,40480.0,,0.0,1.6,11.0,10200,,Michelman Int'l - Belgium SRL,Belgium,Michelman International - Global Parent,2024-04-16T00:00:00,Kaitlyn Slack,S,S5
00010,        CIN2,2103875,3.0,N,U601,U601,U601-OP,HYDROSIZE U6-01,,CLL,999,6685.85,,2250.0,1020.5830000000001,318.35,6685.85,6367.5,6367.5,,0.0,2.83,5.0,10200,,Michelman New Material Shanghai Co Ltd,China,Michelman Asia-Pacific - Global Parent,2024-04-15T00:00:00,Norman Seung,S,S5
00010,        CIN2,2103875,3.001,N,U601,U601,U601-OP,HYDROSIZE U6-01,,CLL,999,9360.18,,3150.0,1428.8162,445.68,9360.18,8914.5,8914.5,,0.0,2.83,7.0,10200,,Michelman New Material Shanghai Co Ltd,China,Michelman Asia-Pacific - Global Parent,2024-04-15T00:00:00,Norman Seung,S,S5
00010,        CIN2,2136709,1.001,N,U2022,U2022,U2022-OP,HYDROSIZE U2022,,PPI,999,9452.49,,2700.0,1224.6996,450.15,9452.49,9002.34,9002.34,,0.0,3.3342,6.0,10200,,Michelman Asia Pacific - Caldic Japan,Japan,Michelman Asia-Pacific - Global Parent,2024-06-04T00:00:00,Norman Seung,S,S5
00010,        CIN2,2136709,1.002,N,U2022,U2022,U2022-OP,HYDROSIZE U2022,,PPI,999,23631.22,,6750.0,3061.7490000000003,1125.37,23631.22,22505.85,22505.85,,0.0,3.3342,15.0,10200,,Michelman Asia Pacific - Caldic Japan,Japan,Michelman Asia-Pacific - Global Parent,2024-06-04T00:00:00,Norman Seung,S,S5
00010,        CIN2,2145123,2.0,N,U601,U601,U601-PL,HYDROSIZE U6-01,,PPI,999,257.06,,80.0,36.2874,12.24,257.06,244.82,244.82,,0.0,3.0603,2.0,10200,,Michelman Int'l - Belgium SRL,Belgium,Michelman International - Global Parent,2024-06-04T00:00:00,Norman Seung,S,S5
00010,        CIN2,2160255,1.001,N,U2022,U2022,U2022-OP,HYDROSIZE U2022,,PPI,999,11027.9,,3150.0,1428.8162,525.17,11027.9,10502.73,10502.73,,0.0,3.3342,7.0,10200,,Michelman Asia Pacific - Caldic Japan,Japan,Michelman Asia-Pacific - Global Parent,2024-06-13T00:00:00,Norman Seung,S,S5
00010,        CIN2,2161892,1.001,N,HP1632,HP1632,HP1632-T2,HYDROSIZE HP-1632,,PPI,999,172007.64,,22050.0,10001.712,8191.57,172007.64,163816.07,163816.07,,0.0,7.4293,10.0,10200,,Michelman Int'l - Belgium (Jost),Belgium,Michelman International - Global Parent,2024-12-11T00:00:00,Roxana McMican,S,S5
00010,        CIN2,2197404,1.001,N,U2022,U2022,U2022-OP,HYDROSIZE U2022,,PPI,999,26798.01,,7650.0,3469.9822,1276.08,26798.01,25521.93,25521.93,,0.0,3.3362,17.0,10200,,Michelman Asia Pacific - Caldic Japan,Japan,Michelman Asia-Pacific - Global Parent,2024-10-08T00:00:00,Norman Seung,S,S5
00010,        CIN2,2258836,1.001,N,U2022,U2022,U2022-OP,HYDROSIZE U2022,,PPI,999,1535.06,,450.0,204.1166,73.1,1535.06,1461.96,1461.96,,0.0,3.2488,1.0,10200,,Michelman Asia Pacific - Caldic Japan,Japan,Michelman Asia-Pacific - Global Parent,2024-12-04T00:00:00,Norman Seung,S,S5
00010,        CIN2,2273997,1.001,N,U2022,U2022,U2022-OP,HYDROSIZE U2022,,PPI,999,4878.35,,1350.0,612.3498,232.32,4878.35,4646.03,4646.03,,0.0,3.4415,3.0,10200,,Michelman Asia Pacific - Caldic Japan,Japan,Michelman Asia-Pacific - Global Parent,2024-11-04T00:00:00,Norman Seung,S,S5
00010,        CIN2,2575218,1.001,N,HP1632,HP1632,HP1632-T2,HYDROSIZE HP-1632,,PPI,999,119849.69,,15435.0,7001.1984,5707.86,119849.69,114141.83,114141.83,,0.0,7.395,7.0,10200,,Michelman Int'l - Belgium (Jost),Belgium,Michelman International - Global Parent,2026-03-19T00:00:00,Roxana McMican,S,S5
00010,        CIN2,2578950,1.001,N,HP1632,HP1632,HP1632-T2,HYDROSIZE HP-1632,,PPI,999,79065.79,,11025.0,5000.856,3765.04,79065.79,75300.75,75300.75,,0.0,6.83,5.0,10200,,Michelman Int'l - Belgium (Jost),Belgium,Michelman International - Global Parent,2026-05-06T00:00:00,Roxana McMican,S,S5
00010,        CIN2,2578950,1.002,N,HP1632,HP1632,HP1632-T2,HYDROSIZE HP-1632,,PPI,999,110692.1,,15435.0,7001.1984,5271.05,110692.1,105421.05,105421.05,,0.0,6.83,7.0,10200,,Michelman Int'l - Belgium (Jost),Belgium,Michelman International - Global Parent,2026-05-06T00:00:00,Roxana McMican,S,S5
00010,        CIN2,2623716,1.001,N,HP1632,HP1632,HP1632-T2,HYDROSIZE HP-1632,,PPI,999,15813.16,,2205.0,1000.1712,753.01,15813.16,15060.15,15060.15,,0.0,6.83,1.0,10200,,Michelman Int'l - Belgium (Jost),Belgium,Michelman International - Global Parent,2026-05-19T00:00:00,Roxana McMican,S,S5
00010,        CIN2,2673602,1.002,N,U601,U601,U601-OP,HYDROSIZE U6-01,,PPI,999,2558.16,,900.0,408.24,121.86,2558.16,2436.3,2436.3,,0.0,2.707,900.0,10200,,Michelman Int'l - Belgium SRL,Belgium,Michelman International - Global Parent,2026-04-21T00:00:00,Norman Seung,S,S5
00030,        SNG4,2712130,1.001,N,U2022,U2022,U2022-PL,HYDROSIZE U2022,,EXW,999,943.47,,159.99862454,72.5749,366.54,943.47,576.93,576.93,,0.0,3.6058,72.5749,30240,Rohan Aranjo,Exzone(M) c/o Premium Ind.,Malaysia,Premium Industries Resources - Singapore,2026-06-29T00:00:00,Norman Seung,S,S4
00010,        CIN2,2580461,2.0,N,HP1632,HP1632,HP1632-OP,HYDROSIZE HP-1632,,PPA,999,26353.96,,1852.0,840.0532,12489.89,26353.96,13864.07,13864.07,,0.0,7.486,4.0,10240,Brendan Schloerb,"Albarrie - Barrie, ONT, CA",Canada,"Albarrie - Barrie, ONT, CA",2026-01-05T00:00:00,Roxana McMican,S,S4
00030,        SING,2722933,2.0,N,U2022,U2022,U2022-PL,HYDROSIZE U2022,,,999,721.16,,200.0,90.71849999999999,0.0,721.16,721.16,721.16,,0.0,3.6058,5.0,SING,,TVS SCS SINGAPORE PTE LTD,Singapore,TVS SCS SINGAPORE PTE LTD,2026-06-17T00:00:00,Norman Seung,S,ST
00010,        CIN2,2629816,1.001,N,HP1632,HP1632,HP1632-T2,HYDROSIZE HP-1632,,PPI,999,114095.52,,15435.0,7001.1984,5433.12,114095.52,108662.4,108662.4,,0.0,7.04,7.0,10200,,Michelman Int'l - Belgium (Jost),Belgium,Michelman International - Global Parent,2026-07-01T00:00:00,Roxana McMican,S,S5
00010,        CIN2,2426070,3.0,N,U601,U601,U601-PL,HYDROSIZE U6-01,,CLL,999,0.0,,40.0,18.1437,-122.2,0.0,122.2,122.2,,0.0,3.0551,1.0,10200,,Michelman Asia-Pacific - HoJoo Communica,South Korea,Michelman Asia-Pacific - Global Parent,2025-06-18T00:00:00,Norman Seung,S,SA
00010,        CIN2,2426072,2.0,N,U601,U601,U601-PL,HYDROSIZE U6-01,,CLL,999,0.0,,40.0,18.1437,-122.2,0.0,122.2,122.2,,0.0,3.0551,1.0,10200,,Michelman Asia-Pacific - HoJoo Communica,South Korea,Michelman Asia-Pacific - Global Parent,2025-06-18T00:00:00,Norman Seung,S,SA
00010,        CIN2,2256645,2.0,N,U204,U204,U204-PL,HYDROSIZE U2-04,,PPD,999,870.9,,160.0,72.5748,338.53,870.9,532.37,532.37,,0.0,3.3273,4.0,10240,Ethan Cheng,"Chenchem, Taiwan",Taiwan,HERLI Technologies - Global Parent,2025-01-14T00:00:00,Norman Seung,S,S4
00010,        CIN2,2160272,2.0,N,HP1632,HP1632,HP1632-T2,HYDROSIZE HP-1632,,PPI,999,17200.76,,2205.0,1000.1712,819.15,17200.76,16381.61,16381.61,,0.0,7.4293,1.0,10200,,Michelman Int'l - Belgium (Jost),Belgium,Michelman International - Global Parent,2025-01-16T00:00:00,Roxana McMican,S,S5
00010,        CIN2,2160272,2.001,N,HP1632,HP1632,HP1632-T2,HYDROSIZE HP-1632,,PPI,999,17200.76,,2205.0,1000.1712,819.15,17200.76,16381.61,16381.61,,0.0,7.4293,1.0,10200,,Michelman Int'l - Belgium (Jost),Belgium,Michelman International - Global Parent,2025-01-16T00:00:00,Roxana McMican,S,S5
00010,        CIN2,2351910,1.001,N,HP1632,HP1632,HP1632-T2,HYDROSIZE HP-1632,,PPI,999,102728.3,,13230.0,6001.0272,4892.45,102728.3,97835.85,97835.85,,0.0,7.395,6.0,10200,,Michelman Int'l - Belgium (Jost),Belgium,Michelman International - Global Parent,2025-06-09T00:00:00,Roxana McMican,S,S5
00010,        CIN2,2377662,1.001,N,U601,U601,U601-OP,HYDROSIZE U6-01,,CLL,999,47645.03,,16200.0,7348.1976,2268.83,47645.03,45376.2,45376.2,,0.0,2.801,36.0,10200,,Michelman New Material Shanghai Co Ltd,China,Michelman Asia-Pacific - Global Parent,2025-06-02T00:00:00,Norman Seung,S,S5
00010,        CIN2,2377662,1.002,N,U601,U601,U601-OP,HYDROSIZE U6-01,,CLL,999,27792.93,,9450.0,4286.4486,1323.48,27792.93,26469.45,26469.45,,0.0,2.801,21.0,10200,,Michelman New Material Shanghai Co Ltd,China,Michelman Asia-Pacific - Global Parent,2025-06-02T00:00:00,Norman Seung,S,S5
00010,        CIN2,2379848,1.001,N,U601,U601,U601-OP,HYDROSIZE U6-01,,CLL,999,27886.85,,9000.0,4082.3320000000003,1327.85,27886.85,26559.0,26559.0,,0.0,2.951,20.0,10200,,Michelman New Material Shanghai Co Ltd,China,Michelman Asia-Pacific - Global Parent,2025-04-01T00:00:00,Norman Seung,S,S5
00010,        CIN2,2379848,2.0,N,U601,U601,U601-OP,HYDROSIZE U6-01,,CLL,999,13943.42,,4500.0,2041.1660000000002,663.92,13943.42,13279.5,13279.5,,0.0,2.951,10.0,10200,,Michelman New Material Shanghai Co Ltd,China,Michelman Asia-Pacific - Global Parent,2025-04-01T00:00:00,Norman Seung,S,S5
00010,        CIN2,2379848,2.001,N,U601,U601,U601-OP,HYDROSIZE U6-01,,CLL,999,30675.53,,9900.0,4490.5652,1460.63,30675.53,29214.9,29214.9,,0.0,2.951,22.0,10200,,Michelman New Material Shanghai Co Ltd,China,Michelman Asia-Pacific - Global Parent,2025-04-01T00:00:00,Norman Seung,S,S5
00010,        CIN2,2426263,2.0,N,U601,U601,U601-OP,HYDROSIZE U6-01,,CLL,999,2646.95,,900.0,408.2332,126.05,2646.95,2520.9,2520.9,,0.0,2.801,2.0,10200,,Michelman Asia-Pacific - HoJoo Communica,South Korea,Michelman Asia-Pacific - Global Parent,2025-06-13T00:00:00,Norman Seung,S,S5
00010,        CIN2,2436676,1.001,N,U2022,U2022,U2022-OP,HYDROSIZE U2022,,PPI,999,21214.23,,6300.0,2857.6324,1010.13,21214.23,20204.1,20204.1,,0.0,3.207,14.0,10200,,Michelman Asia Pacific - Caldic Japan,Japan,Michelman Asia-Pacific - Global Parent,2025-08-18T00:00:00,Norman Seung,S,S5
00010,        CIN2,2528857,1.001,N,U2022,U2022,U2022-OP,HYDROSIZE U2022,,PPI,999,40352.12,,12150.0,5511.1482000000005,1921.67,40352.12,38430.45,38430.45,,0.0,3.163,27.0,10200,,Michelman Asia Pacific - Caldic Japan,Japan,Michelman Asia-Pacific - Global Parent,2025-12-10T00:00:00,Norman Seung,S,S5
00010,        CIN2,2522751,2.0,N,U601,U601,U601-PL,HYDROSIZE U6-01,,COL,999,958.8,,120.0,54.4311,592.19,958.8,366.61,366.61,,0.0,3.0551,3.0,10240,Samuel Hankins,"Linamar - Ariss, ON, CA",Canada,"Linamar - Ariss, ON, CA",2025-10-09T00:00:00,Norman Seung,S,S4
00030,        SING,2425879,2.0,N,U601,U601,U601-OP,HYDROSIZE U6-01,,EXW,999,3735.3,,899.983858,408.23,1163.9,3735.3,2571.4,2571.4,,0.0,2.8555,408.23,30240,Brandon Lee,HoJoo Communication-Korea,South Korea,HoJoo Communication-Korea,2025-06-20T00:00:00,Norman Seung,S,S4
00030,        SING,2435907,3.0,N,U2022,U2022,U2022-OP,HYDROSIZE U2022,,CIF,999,28947.89,,6299.953144,2857.64,6892.18,28947.89,22055.71,22055.71,,0.0,3.5009,2857.64,30240,Brandon Lee,Caldic - Japan,Japan,Connell Caldic Japan- Global Parent,2025-08-19T00:00:00,Norman Seung,S,S4
00030,        SING,2527739,3.0,N,U2022,U2022,U2022-OP,HYDROSIZE U2022,,CIF,999,55828.05,,12149.903336000001,5511.16,15475.42,55828.05,40352.63,40352.63,,0.0,3.3212,5511.16,30240,Brandon Lee,Caldic - Japan,Japan,Connell Caldic Japan- Global Parent,2025-12-23T00:00:00,Norman Seung,S,S4
00010,        CIN2,1561853,2.0,N,U501,U501,U501-PL,HYDROSIZE U5-01,,PPB,999,0.0,,40.0,18.1437,-224.29,0.0,224.29,224.29,,0.0,5.6073,1.0,10200,,Michelman New Material Shanghai Co Ltd,China,Michelman Asia-Pacific - Global Parent,2023-06-30T00:00:00,Norman Seung,S,SA
00010,        CIN2,1768956,2.0,N,MDU4075B,MDU4075B.E,MDU4075B.E-TO,MICHEM DISP. URETHANE 4075B,,PPI,999,4853.2,,4409.2,1999.9796,323.6,4853.2,4529.6,4529.6,,0.0,2.2648,2.0,10200,,Michelman Int'l - Belgium (Jost),Belgium,Michelman International - Global Parent,2023-03-15T00:00:00,Marcos Pedreira,S,S5
00010,        CIN2,1768956,2.001,N,MDU4075B,MDU4075B.E,MDU4075B.E-TO,MICHEM DISP. URETHANE 4075B,,PPI,999,4853.2,,4409.2,1999.9796,323.6,4853.2,4529.6,4529.6,,0.0,2.2648,2.0,10200,,Michelman Int'l - Belgium (Jost),Belgium,Michelman International - Global Parent,2023-03-15T00:00:00,Marcos Pedreira,S,S5
00010,        CIN2,1768956,2.002,N,MDU4075B,MDU4075B.E,MDU4075B.E-TO,MICHEM DISP. URETHANE 4075B,,PPI,999,2426.6,,2204.6,999.9898,161.8,2426.6,2264.8,2264.8,,0.0,2.2648,1.0,10200,,Michelman Int'l - Belgium (Jost),Belgium,Michelman International - Global Parent,2023-03-15T00:00:00,Marcos Pedreira,S,S5
00010,        CIN2,1842513,1.001,N,HP1632,HP1632,HP1632-OP,HYDROSIZE HP-1632,,PPA,999,18654.27,,1389.0,630.0399,7189.05,18654.27,11465.22,11465.22,,0.0,8.2543,3.0,10240,Brendan Schloerb,"Albarrie - Barrie, ONT, CA",Canada,"Albarrie - Barrie, ONT, CA",2023-04-19T00:00:00,Roxana McMican,S,S4
00010,        CIN2,1922528,1.001,N,HP1432AT,HP1432AT,HP1432AT-OP,HYDROSIZE HP-1432AT,,PPA,999,4167.0,,463.0,210.0133,-3486.25,4167.0,7653.25,7653.25,,0.0,16.5297,1.0,10240,Brendan Schloerb,"Albarrie - Barrie, ONT, CA",Canada,"Albarrie - Barrie, ONT, CA",2023-10-25T00:00:00,Jake Hoffman,S,S4
00010,        CIN2,1780240,1.001,N,U2022,U2022,U2022-OP,HYDROSIZE U2022,,PPI,999,20411.87,,3600.0,1632.9328,7279.07,20411.87,13132.8,13132.8,,0.0,3.648,8.0,10200,,"Michelman Japan - Tokyo, Japan",Japan,Michelman Asia-Pacific - Global Parent,2023-04-05T00:00:00,Norman Seung,S,S5
00010,        CIN2,1841700,2.0,N,U470,U470,U470-OP,HYDROSIZE LINK U470,,CLL,999,5189.96,,900.0,408.2332,247.16,5189.96,4942.8,4942.8,,0.0,5.492,2.0,10200,,Michelman New Material Shanghai Co Ltd,China,Michelman Asia-Pacific - Global Parent,2023-05-04T00:00:00,Marcos Pedreira,S,S5
00010,        CIN2,1886968,1.001,N,HP1632,HP1632,HP1632-T2,HYDROSIZE HP-1632,,PPI,999,150361.6,,17640.0,8001.3696,7160.08,150361.6,143201.52,143201.52,,0.0,8.118,8.0,10200,,Michelman Int'l - Belgium (Jost),Belgium,Michelman International - Global Parent,2023-10-23T00:00:00,Roxana McMican,S,S5
00010,        CIN2,1886968,1.002,N,HP1632,HP1632,HP1632-T2,HYDROSIZE HP-1632,,PPI,999,37590.4,,4410.0,2000.3424,1790.02,37590.4,35800.38,35800.38,,0.0,8.118,2.0,10200,,Michelman Int'l - Belgium (Jost),Belgium,Michelman International - Global Parent,2023-10-23T00:00:00,Roxana McMican,S,S5
00010,        CIN2,1911912,1.001,N,191245PX,191245PX,191245PX-T2,EXPERIMENTAL PRODUCT 191245PX,,PPI,999,11592.0,,6900.0,3129.7875000000004,552.0,11592.0,11040.0,11040.0,,0.0,1.6,3.0,10200,,Michelman Int'l - Belgium SRL,Belgium,Michelman International - Global Parent,2023-08-28T00:00:00,Kaitlyn Slack,S,S5
00010,        CIN2,1915831,1.001,N,U601,U601,U601-OP,HYDROSIZE U6-01,,CLL,999,4011.51,,1350.0,612.3498,191.01,4011.51,3820.5,3820.5,,0.0,2.83,3.0,10200,,Michelman New Material Shanghai Co Ltd,China,Michelman Asia-Pacific - Global Parent,2023-08-03T00:00:00,Norman Seung,S,S5
00010,        CIN2,1915831,1.002,N,U601,U601,U601-OP,HYDROSIZE U6-01,,CLL,999,38777.91,,13050.0,5919.3814,1846.41,38777.91,36931.5,36931.5,,0.0,2.83,29.0,10200,,Michelman New Material Shanghai Co Ltd,China,Michelman Asia-Pacific - Global Parent,2023-08-03T00:00:00,Norman Seung,S,S5
00010,        CIN2,1915831,1.003,N,U601,U601,U601-OP,HYDROSIZE U6-01,,CLL,999,4011.51,,1350.0,612.3498,191.01,4011.51,3820.5,3820.5,,0.0,2.83,3.0,10200,,Michelman New Material Shanghai Co Ltd,China,Michelman Asia-Pacific - Global Parent,2023-08-03T00:00:00,Norman Seung,S,S5
00010,        CIN2,1944451,1.001,N,HP1632,HP1632,HP1632-T2,HYDROSIZE HP-1632,,PPI,999,37590.4,,4410.0,2000.3424,1790.02,37590.4,35800.38,35800.38,,0.0,8.118,2.0,10200,,Michelman Int'l - Belgium (Jost),Belgium,Michelman International - Global Parent,2023-09-07T00:00:00,Roxana McMican,S,S5
00010,        CIN2,1965054,2.0,N,U601,U601,U601-PL,HYDROSIZE U6-01,,PPI,999,132.9,,40.0,18.1437,6.33,132.9,126.57,126.57,,0.0,3.1643,1.0,10200,,"Michelman Asia-Pacific - Rans Carbon, KR",South Korea,Michelman Asia-Pacific - Global Parent,2023-10-16T00:00:00,Norman Seung,S,S5
00010,        CIN2,1965054,3.0,N,U501,U501,U501-PL,HYDROSIZE U5-01,,PPI,999,235.51,,40.0,18.1437,11.22,235.51,224.29,224.29,,0.0,5.6073,1.0,10200,,"Michelman Asia-Pacific - Rans Carbon, KR",South Korea,Michelman Asia-Pacific - Global Parent,2023-10-16T00:00:00,Norman Seung,S,S5
00010,        CIN2,1965054,4.0,N,U2022,U2022,U2022-PL,HYDROSIZE U2022,,PPI,999,162.59,,40.0,18.1437,7.75,162.59,154.84,154.84,,0.0,3.8711,1.0,10200,,"Michelman Asia-Pacific - Rans Carbon, KR",South Korea,Michelman Asia-Pacific - Global Parent,2023-10-16T00:00:00,Norman Seung,S,S5
00010,        CIN2,1980718,2.0,N,U601,U601,U601-OP,HYDROSIZE U6-01,,CLL,999,13371.69,,4500.0,2041.1660000000002,636.69,13371.69,12735.0,12735.0,,0.0,2.83,10.0,10200,,Michelman New Material Shanghai Co Ltd,China,Michelman Asia-Pacific - Global Parent,2023-10-30T00:00:00,Norman Seung,S,S5
00010,        CIN2,1980718,3.0,N,U204,U204,U204-OP,HYDROSIZE U2-04,,CLL,999,3435.16,,900.0,408.2332,163.57,3435.16,3271.59,3271.59,,0.0,3.6351,2.0,10200,,Michelman New Material Shanghai Co Ltd,China,Michelman Asia-Pacific - Global Parent,2023-10-30T00:00:00,Norman Seung,S,S5
00030,        SING,1961444,3.0,N,U204,U204,U204-PL,HYDROSIZE U2-04,,CIF,999,248.34,,39.991444,18.14,86.28,248.34,162.06,162.06,,0.0,4.0523,18.14,30240,Brandon Lee,RANS Carbon - Korea,South Korea,RANS Carbon - Korea,2023-10-23T00:00:00,Norman Seung,S,S4
00030,        SING,1961444,4.0,N,U2022,U2022,U2022-PL,HYDROSIZE U2022,,CIF,999,248.34,,39.991444,18.14,85.79,248.34,162.55,162.55,,0.0,4.0646,18.14,30240,Brandon Lee,RANS Carbon - Korea,South Korea,RANS Carbon - Korea,2023-10-23T00:00:00,Norman Seung,S,S4
00030,        SING,1961444,5.0,N,U501,U501,U501-PL,HYDROSIZE U5-01,,CIF,999,333.96,,39.991444,18.14,98.5,333.96,235.46,235.46,,0.0,5.8877,18.14,30240,Brandon Lee,RANS Carbon - Korea,South Korea,RANS Carbon - Korea,2023-10-23T00:00:00,Norman Seung,S,S4
00030,        SING,1961444,7.0,N,U601,U601,U601-PL,HYDROSIZE U6-01,,CIF,999,201.9,,39.991444,18.14,69.03,201.9,132.87,132.87,,0.0,3.3225,18.14,30240,Brandon Lee,RANS Carbon - Korea,South Korea,RANS Carbon - Korea,2023-10-23T00:00:00,Norman Seung,S,S4
00010,        CIN2,1157974,3.0,N,MDU4075,MDU4075.E,MDU4075.E-PL,NOT ACTIVE - SEE MDU4075B.E,MICHEM DISP. URETHANE 4075,PPA,999,473.02,,79.3664,36.0,325.68,473.02,147.34,147.34,,0.0,4.0929,2.0,10220,Tammy Patton,"Syensqo Fluorides - Cincinnati, Ohio",United States,Syensqo - Global Parent,2020-07-20T00:00:00,.,S,S4
00010,        CIN2,1875093,3.0,N,U802,U802.E,U802.E-TO,HYDROSIZE U8-02,XP78,PPD,999,2971.06,,2204.6,999.9898,-3418.94,2971.06,6390.0,6390.0,,0.0,6.39,1.0,10240,Brendan Schloerb,"Avient Protective Mat.- Greenville, NC",United States,Avient - Global Parent,2023-07-28T00:00:00,Marcos Pedreira,S,S4
00010,        CINC,1124291,1.001,N,WD40,WD40,WD40-UN,WAX DISPERSION 40,,COL,999,721.0,,350.0,158.7573,359.55,721.0,361.45,361.45,,0.0,1.0327,1.0,10220,Bryan Fuka,"Sherwin Williams - Columbus, OH",United States,Sherwin Williams - Global Parent,2020-05-19T00:00:00,Gary Singer,S,SZ
00010,        CINC,1192808,3.0,N,WD40,WD40,WD40-UN,WAX DISPERSION 40,,COL,999,2884.0,,1400.0,635.0292,1204.0,2884.0,1680.0,1680.0,,0.0,1.2,4.0,10220,Bryan Fuka,"Sherwin Williams - Columbus, OH",United States,Sherwin Williams - Global Parent,2020-09-17T00:00:00,Gary Singer,S,SZ
00010,        CINC,1349719,2.001,N,WD40,WD40,WD40-UN,WAX DISPERSION 40,,COL,999,4536.0,,2100.0,952.5437999999999,1932.0,4536.0,2604.0,2604.0,,0.0,1.24,6.0,10220,Bryan Fuka,"Sherwin Williams - Columbus, OH",United States,Sherwin Williams - Global Parent,2021-06-03T00:00:00,Gary Singer,S,SZ
00010,        GRAN,1141019,7.0,N,MD4020,MD4020,MD4020-C2,BEHR CHALK DECO WAX CLR 7140 H,,PPD,999,31798.08,,3622.0272,1642.9008,7122.42,31798.08,24675.66,24675.66,,0.0,2.8402,8688.0,10220,Abbie Wootton,"Behr Process LLC - McDonough, GA",United States,Behr - Global Parent,2020-06-10T00:00:00,Chris Vogt,SR,CO
00010,        GRAN,1141019,8.0,N,MD4020,MD4020,MD4020-C2,BEHR CHALK DECO WAX CLR 7140 H,,PPD,999,18490.32,,2106.1788,955.3331999999999,4141.63,18490.32,14348.69,14348.69,,0.0,2.8402,5052.0,10220,Abbie Wootton,"Behr Process LLC - McDonough, GA",United States,Behr - Global Parent,2020-06-10T00:00:00,Chris Vogt,SR,CO
00010,        GRAN,1141019,15.0,N,MD4020,MD4020,MD4020-C2,BEHR CHALK DECO WAX CLR 7140 H,,PPD,999,1207.8,,137.577,62.403,270.53,1207.8,937.27,937.27,,0.0,2.8402,330.0,10220,Abbie Wootton,"Behr Process LLC - McDonough, GA",United States,Behr - Global Parent,2020-06-10T00:00:00,Chris Vogt,SR,CO
00010,        GRAN,1141019,18.0,N,MD4020,MD4020,MD4020-C2,BEHR CHALK DECO WAX CLR 7140 H,,PPD,999,5929.2,,675.378,306.342,1328.08,5929.2,4601.12,4601.12,,0.0,2.8402,1620.0,10220,Abbie Wootton,"Behr Process LLC - McDonough, GA",United States,Behr - Global Parent,2020-06-10T00:00:00,Chris Vogt,SR,CO
00010,        GRAN,1141019,19.0,N,MD4020,MD4020,MD4020-C2,BEHR CHALK DECO WAX CLR 7140 H,,PPD,999,12275.64,,1398.2826,634.2414,2749.61,12275.64,9526.03,9526.03,,0.0,2.8402,3354.0,10220,Abbie Wootton,"Behr Process LLC - McDonough, GA",United States,Behr - Global Parent,2020-06-10T00:00:00,Chris Vogt,SR,CO
00010,        CIN2,1382918,4.0,N,U502,U502,U502-PL,HYDROSIZE U5-02,,PPB,999,0.0,,40.0,18.1437,-89.54,0.0,89.54,89.54,,0.0,2.2385,1.0,10240,Samuel Hankins,"AGY Aiken - Aiken, SC",United States,AGY - Global Parent,2021-07-20T00:00:00,Norman Seung,S,SA
00010,        CIN2,1422727,3.0,N,APT11,APT11,APT11-FD,ADVANCED POLYMER TECHNOLOGY 11,,PPB,999,0.0,,450.0,204.1166,-1359.63,0.0,1359.63,1359.63,,0.0,3.0214,1.0,10220,Bryan Fuka,Advanced Polymer Technology- Evans Ci PA,United States,Advanced Polymer Tech. -- Global Parent,2021-09-30T00:00:00,Scott Smallwood,S,SA
00010,        CIN2,1565977,3.0,N,191245PX,191245PX,191245PX-PL,EXPERIMENTAL PRODUCT 191245PX,,PPB,999,0.0,,40.0,18.1437,-21.78,0.0,21.78,21.78,,0.0,0.5445,1.0,10240,Brendan Schloerb,"Ques Industries - Cleveland, OH",United States,"Ques Industries - Cleveland, OH",2022-04-19T00:00:00,Kaitlyn Slack,S,SA
00010,        CINC,1074051,3.0,N,WD40,WD40,WD40-UN,WAX DISPERSION 40,,COL,999,1442.0,,700.0,317.5146,719.11,1442.0,722.89,722.89,,0.0,1.0327,2.0,10220,Bryan Fuka,"Sherwin Williams - Greensboro, NC-BUDGET",United States,Sherwin Williams - Global Parent,2020-02-27T00:00:00,Gary Singer,S,SZ
00010,        CINC,1203562,1.001,N,WD40,WD40,WD40-UN,WAX DISPERSION 40,,COL,999,721.0,,350.0,158.7573,301.0,721.0,420.0,420.0,,0.0,1.2,1.0,10220,Bryan Fuka,"Sherwin Williams - Garland, TX",United States,Sherwin Williams - Global Parent,2020-10-05T00:00:00,Gary Singer,S,SZ
00010,        CIN2,1509199,2.0,N,HP1632,HP1632,HP1632-PL,HYDROSIZE HP-1632,,PPB,999,0.0,,40.0,18.1437,-150.93,0.0,150.93,150.93,,0.0,3.7733,1.0,10240,Samuel Hankins,"Owens Corning - Granville, OH",United States,Owens Corning Vetrotex - Global Parent,2022-01-24T00:00:00,Roxana McMican,S,SA
00010,        CIN2,1647815,2.0,N,U101,U101,U101-PL,HYDROSIZE U1-01,,PPB,999,0.0,,80.0,36.2874,-281.5,0.0,281.5,281.5,,0.0,3.5187,2.0,10240,Samuel Hankins,"Carbon Conversions - Lake City, SC",United States,"Carbon Conversions - Lake City, SC",2022-08-03T00:00:00,Norman Seung,S,SA
00010,        CINC,1088320,2.0,N,WD40,WD40,WD40-UN,WAX DISPERSION 40,,COL,999,2884.0,,1400.0,635.0292,1438.22,2884.0,1445.78,1445.78,,0.0,1.0327,4.0,10220,Bryan Fuka,"Sherwin Williams - Columbus, OH",United States,Sherwin Williams - Global Parent,2020-04-07T00:00:00,Gary Singer,S,SZ
00010,        CINC,1300988,2.0,N,WD40,WD40,WD40-UN,WAX DISPERSION 40,,COL,999,2884.0,,1400.0,635.0292,1148.0,2884.0,1736.0,1736.0,,0.0,1.24,4.0,10220,Bryan Fuka,"Sherwin Williams - Columbus, OH",United States,Sherwin Williams - Global Parent,2021-04-08T00:00:00,Gary Singer,S,SZ
00010,        CINC,1349719,2.0,N,WD40,WD40,WD40-UN,WAX DISPERSION 40,,COL,999,1512.0,,700.0,317.5146,644.0,1512.0,868.0,868.0,,0.0,1.24,2.0,10220,Bryan Fuka,"Sherwin Williams - Columbus, OH",United States,Sherwin Williams - Global Parent,2021-06-03T00:00:00,Gary Singer,S,SZ
00010,        CINC,1722,2.0,N,WD40,WD40,WD40-UN,WAX DISPERSION 40,,COL,999,-721.0,,-350.0,-158.7573,-301.0,-721.0,-420.0,-420.0,,0.0,1.2,-1.0,10220,Bryan Fuka,"Sherwin Williams - Garland, TX",United States,Sherwin Williams - Global Parent,2020-11-17T00:00:00,Gary Singer,C,CM
00010,        CINC,1523251,1.001,N,WD40,WD40,WD40-UN,WAX DISPERSION 40,,COL,999,1750.0,,350.0,158.7573,808.5,1750.0,941.5,941.5,,0.0,2.69,1.0,10220,Bryan Fuka,"Sherwin Williams - Columbus, OH",United States,Sherwin Williams - Global Parent,2022-04-18T00:00:00,Gary Singer,S,SZ
00010,        CINC,1581527,2.0,N,WD40,WD40,WD40-UN,WAX DISPERSION 40,,PPI,999,3500.0,,700.0,317.5146,2742.25,3500.0,757.75,757.75,,0.0,1.0825,2.0,10220,Bryan Fuka,"Sherwin Williams - Columbus, OH",United States,Sherwin Williams - Global Parent,2022-06-10T00:00:00,Gary Singer,S,SZ
00010,        CINC,1621707,2.0,N,WD40,WD40,WD40-UN,WAX DISPERSION 40,,COL,999,3500.0,,700.0,317.5146,1617.0,3500.0,1883.0,1883.0,,0.0,2.69,2.0,10220,Bryan Fuka,"Minwax Company - Flora, IL",United States,Sherwin Williams - Global Parent,2022-08-09T00:00:00,Gary Singer,S,SZ
00010,        CINC,1698330,1.001,N,WD40,WD40,WD40-UN,WAX DISPERSION 40,,COL,999,1750.0,,350.0,158.7573,808.5,1750.0,941.5,941.5,,0.0,2.69,1.0,10220,Bryan Fuka,"Sherwin Williams - Columbus, OH",United States,Sherwin Williams - Global Parent,2022-12-01T00:00:00,Gary Singer,S,SZ
00010,        BPIP,1543215,1.001,N,MD4020,MD4020,MD4020-C2,BEHR CHALK DECO WAX CLR 7140 H,,PPD,999,147114.0,,8254.619999999999,3744.18,45540.0,147114.0,101574.0,101574.0,,0.0,5.13,19800.0,10220,Abbie Wootton,"Behr Process LLC - McDonough, GA",United States,Behr - Global Parent,2022-10-21T00:00:00,Chris Vogt,D,SD
00010,        BPIP,1543215,1.002,N,MD4020,MD4020,MD4020-C2,BEHR CHALK DECO WAX CLR 7140 H,,PPD,999,76633.02,,4299.9066,1950.3773999999999,23722.2,76633.02,52910.82,52910.82,,0.0,5.13,10314.0,10220,Abbie Wootton,"Behr Process LLC - McDonough, GA",United States,Behr - Global Parent,2022-10-21T00:00:00,Chris Vogt,D,SD
00010,        BPIP,1543215,2.0,N,MD4023,MD4023,MD4023-C2,BEHR CHALK DECO WAX WHT 7150 H,,PPD,999,148270.08,,7844.3904,3558.1056,45722.88,148270.08,102547.2,102547.2,,0.0,5.45,18816.0,10220,Abbie Wootton,"Behr Process LLC - McDonough, GA",United States,Behr - Global Parent,2022-10-03T00:00:00,Chris Vogt,D,SD
00010,        BPIP,1543215,3.0,N,MD4021,MD4021,MD4021-C2,BEHR CHALK DECO WAX DRK 7160 H,,PPD,999,134784.0,,7023.9312,3185.9568,41783.04,134784.0,93000.96,93000.96,,0.0,5.52,16848.0,10220,Abbie Wootton,"Behr Process LLC - McDonough, GA",United States,Behr - Global Parent,2022-10-03T00:00:00,Chris Vogt,D,SD
00010,        BPIP,1543215,4.0,N,MD4020C,MD4020C,MD4020C-C2,BEHR CHALK DECO WAX CLR 7140C,,PPD,999,16114.14,,857.9802,389.1678,5062.68,16114.14,11051.46,11051.46,,0.0,5.37,2058.0,10220,Abbie Wootton,"Behr Process LLC - McDonough, GA",United States,Behr - Global Parent,2022-10-03T00:00:00,Chris Vogt,D,SD
00010,        BPIP,1543215,4.001,N,MD4020C,MD4020C,MD4020C-C2,BEHR CHALK DECO WAX CLR 7140C,,PPD,999,54027.0,,2876.61,1304.79,16974.0,54027.0,37053.0,37053.0,,0.0,5.37,6900.0,10220,Abbie Wootton,"Behr Process LLC - McDonough, GA",United States,Behr - Global Parent,2022-10-21T00:00:00,Chris Vogt,D,SD
00010,        BPIP,1543215,5.0,N,MD4023C,MD4023C,MD4023C-C2,BEHR CHALK DECO WAX WHT 7150C,,PPD,999,37129.44,,1878.5514,852.0845999999999,11490.3,37129.44,25639.14,25639.14,,0.0,5.69,4506.0,10220,Abbie Wootton,"Behr Process LLC - McDonough, GA",United States,Behr - Global Parent,2022-10-03T00:00:00,Chris Vogt,D,SD
00010,        BPIP,1543215,6.0,N,MD4021C,MD4021C,MD4021C-C2,BEHR CHALK DECO WAX DRK 7160C,,PPD,999,42050.0,,2084.5,945.5,13250.0,42050.0,28800.0,28800.0,,0.0,5.76,5000.0,10220,Abbie Wootton,"Behr Process LLC - McDonough, GA",United States,Behr - Global Parent,2022-10-03T00:00:00,Chris Vogt,D,SD
00010,        BPIP,1543215,7.0,N,MD4022C,MD4022C,MD4022C-C2,BEHR CHALK DECO WAX BLK 7170C,,PPD,999,122957.28,,6183.4608,2804.7311999999997,39008.16,122957.28,83949.12,83949.12,,0.0,5.66,14832.0,10220,Abbie Wootton,"Behr Process LLC - McDonough, GA",United States,Behr - Global Parent,2022-10-21T00:00:00,Chris Vogt,D,SD
00010,        DANC,1575575,1.001,N,WD40,WD40,WD40-UN,WAX DISPERSION 40,,PPD,999,30100.0,,7000.0,3175.1459999999997,11270.0,30100.0,18830.0,18830.0,,0.0,2.69,20.0,10220,Abbie Wootton,Behr Process LLC -Santa Ana CA (W Alton),United States,Behr - Global Parent,2022-06-01T00:00:00,Gary Singer,D,SD
00010,        DANC,1575575,1.002,N,WD40,WD40,WD40-UN,WAX DISPERSION 40,,PPD,999,30100.0,,7000.0,3175.1459999999997,11270.0,30100.0,18830.0,18830.0,,0.0,2.69,20.0,10220,Abbie Wootton,Behr Process LLC -Santa Ana CA (W Alton),United States,Behr - Global Parent,2022-06-01T00:00:00,Gary Singer,D,SD
00010,        DANC,1575575,1.003,N,WD40,WD40,WD40-UN,WAX DISPERSION 40,,PPD,999,30100.0,,7000.0,3175.1459999999997,11270.0,30100.0,18830.0,18830.0,,0.0,2.69,20.0,10220,Abbie Wootton,Behr Process LLC -Santa Ana CA (W Alton),United States,Behr - Global Parent,2022-06-01T00:00:00,Gary Singer,D,SD
00010,        DANC,1575575,1.004,N,WD40,WD40,WD40-UN,WAX DISPERSION 40,,PPD,999,7525.0,,1750.0,793.7864999999999,2817.5,7525.0,4707.5,4707.5,,0.0,2.69,5.0,10220,Abbie Wootton,Behr Process LLC -Santa Ana CA (W Alton),United States,Behr - Global Parent,2022-06-01T00:00:00,Gary Singer,D,SD
00010,        DANC,1575575,1.005,N,WD40,WD40,WD40-UN,WAX DISPERSION 40,,PPD,999,15050.0,,3500.0,1587.5729999999999,5635.0,15050.0,9415.0,9415.0,,0.0,2.69,10.0,10220,Abbie Wootton,Behr Process LLC -Santa Ana CA (W Alton),United States,Behr - Global Parent,2022-06-01T00:00:00,Gary Singer,D,SD
00010,        DANC,1575575,1.006,N,WD40,WD40,WD40-UN,WAX DISPERSION 40,,PPD,999,15050.0,,3500.0,1587.5729999999999,5635.0,15050.0,9415.0,9415.0,,0.0,2.69,10.0,10220,Abbie Wootton,Behr Process LLC -Santa Ana CA (W Alton),United States,Behr - Global Parent,2022-06-01T00:00:00,Gary Singer,D,SD
00010,        DANC,1575575,1.007,N,WD40,WD40,WD40-UN,WAX DISPERSION 40,,PPD,999,15050.0,,3500.0,1587.5729999999999,5635.0,15050.0,9415.0,9415.0,,0.0,2.69,10.0,10220,Abbie Wootton,Behr Process LLC -Santa Ana CA (W Alton),United States,Behr - Global Parent,2022-06-01T00:00:00,Gary Singer,D,SD
00010,        DANC,1581494,1.001,N,WD40,WD40,WD40-UN,WAX DISPERSION 40,,PPD,999,30100.0,,7000.0,3175.1459999999997,11270.0,30100.0,18830.0,18830.0,,0.0,2.69,20.0,10220,Abbie Wootton,Behr Process LLC -Santa Ana CA (W Alton),United States,Behr - Global Parent,2022-05-25T00:00:00,Gary Singer,D,SD
00010,        DANC,1581494,1.002,N,WD40,WD40,WD40-UN,WAX DISPERSION 40,,PPD,999,30100.0,,7000.0,3175.1459999999997,11270.0,30100.0,18830.0,18830.0,,0.0,2.69,20.0,10220,Abbie Wootton,Behr Process LLC -Santa Ana CA (W Alton),United States,Behr - Global Parent,2022-05-25T00:00:00,Gary Singer,D,SD
00010,        DANC,1581494,1.003,N,WD40,WD40,WD40-UN,WAX DISPERSION 40,,PPD,999,15050.0,,3500.0,1587.5729999999999,5635.0,15050.0,9415.0,9415.0,,0.0,2.69,10.0,10220,Abbie Wootton,Behr Process LLC -Santa Ana CA (W Alton),United States,Behr - Global Parent,2022-05-25T00:00:00,Gary Singer,D,SD
00010,        DANC,1581494,1.004,N,WD40,WD40,WD40-UN,WAX DISPERSION 40,,PPD,999,30100.0,,7000.0,3175.1459999999997,11270.0,30100.0,18830.0,18830.0,,0.0,2.69,20.0,10220,Abbie Wootton,Behr Process LLC -Santa Ana CA (W Alton),United States,Behr - Global Parent,2022-05-25T00:00:00,Gary Singer,D,SD
00010,        DANC,1581494,1.005,N,WD40,WD40,WD40-UN,WAX DISPERSION 40,,PPD,999,31605.0,,7350.0,3333.9033,11833.5,31605.0,19771.5,19771.5,,0.0,2.69,21.0,10220,Abbie Wootton,Behr Process LLC -Santa Ana CA (W Alton),United States,Behr - Global Parent,2022-05-25T00:00:00,Gary Singer,D,SD
00010,        DANC,1581494,1.006,N,WD40,WD40,WD40-UN,WAX DISPERSION 40,,PPD,999,27090.0,,6300.0,2857.6313999999998,10143.0,27090.0,16947.0,16947.0,,0.0,2.69,18.0,10220,Abbie Wootton,Behr Process LLC -Santa Ana CA (W Alton),United States,Behr - Global Parent,2022-05-25T00:00:00,Gary Singer,D,SD
00010,        DANC,1592487,1.001,N,WD40,WD40,WD40-UN,WAX DISPERSION 40,,PPD,999,30100.0,,7000.0,3175.1459999999997,11270.0,30100.0,18830.0,18830.0,,0.0,2.69,20.0,10220,Abbie Wootton,Behr Process LLC -Santa Ana CA (W Alton),United States,Behr - Global Parent,2022-06-20T00:00:00,Gary Singer,D,SD
00010,        DANC,1592487,1.002,N,WD40,WD40,WD40-UN,WAX DISPERSION 40,,PPD,999,30100.0,,7000.0,3175.1459999999997,11270.0,30100.0,18830.0,18830.0,,0.0,2.69,20.0,10220,Abbie Wootton,Behr Process LLC -Santa Ana CA (W Alton),United States,Behr - Global Parent,2022-06-20T00:00:00,Gary Singer,D,SD
00010,        DANC,1592487,1.003,N,WD40,WD40,WD40-UN,WAX DISPERSION 40,,PPD,999,30100.0,,7000.0,3175.1459999999997,11270.0,30100.0,18830.0,18830.0,,0.0,2.69,20.0,10220,Abbie Wootton,Behr Process LLC -Santa Ana CA (W Alton),United States,Behr - Global Parent,2022-06-20T00:00:00,Gary Singer,D,SD
00010,        DANC,1634526,1.001,N,WD40,WD40,WD40-UN,WAX DISPERSION 40,,PPD,999,31850.0,,7000.0,3175.1459999999997,13020.0,31850.0,18830.0,18830.0,,0.0,2.69,20.0,10220,Abbie Wootton,Behr Process LLC -Santa Ana CA (W Alton),United States,Behr - Global Parent,2022-07-25T00:00:00,Gary Singer,D,SD
00010,        DANC,1634526,1.002,N,WD40,WD40,WD40-UN,WAX DISPERSION 40,,PPD,999,23887.5,,5250.0,2381.3594999999996,9765.0,23887.5,14122.5,14122.5,,0.0,2.69,15.0,10220,Abbie Wootton,Behr Process LLC -Santa Ana CA (W Alton),United States,Behr - Global Parent,2022-07-25T00:00:00,Gary Singer,D,SD
00010,        DANC,1634526,1.003,N,WD40,WD40,WD40-UN,WAX DISPERSION 40,,PPD,999,25480.0,,5600.0,2540.1168,10416.0,25480.0,15064.0,15064.0,,0.0,2.69,16.0,10220,Abbie Wootton,Behr Process LLC -Santa Ana CA (W Alton),United States,Behr - Global Parent,2022-08-05T00:00:00,Gary Singer,D,SD
00010,        DANC,1634526,1.004,N,WD40,WD40,WD40-UN,WAX DISPERSION 40,,PPD,999,23887.5,,5250.0,2381.3594999999996,9765.0,23887.5,14122.5,14122.5,,0.0,2.69,15.0,10220,Abbie Wootton,Behr Process LLC -Santa Ana CA (W Alton),United States,Behr - Global Parent,2022-08-05T00:00:00,Gary Singer,D,SD
00010,        DANC,1634526,1.005,N,WD40,WD40,WD40-UN,WAX DISPERSION 40,,PPD,999,19110.0,,4200.0,1905.0875999999998,7812.0,19110.0,11298.0,11298.0,,0.0,2.69,12.0,10220,Abbie Wootton,Behr Process LLC -Santa Ana CA (W Alton),United States,Behr - Global Parent,2022-08-05T00:00:00,Gary Singer,D,SD
00010,        DANC,1634526,1.006,N,WD40,WD40,WD40-UN,WAX DISPERSION 40,,PPD,999,31850.0,,7000.0,3175.1459999999997,13020.0,31850.0,18830.0,18830.0,,0.0,2.69,20.0,10220,Abbie Wootton,Behr Process LLC -Santa Ana CA (W Alton),United States,Behr - Global Parent,2022-08-05T00:00:00,Gary Singer,D,SD
00010,        CIN2,2209833,3.0,N,U601,U601,U601-PL,HYDROSIZE U6-01,,PPB,999,0.0,,40.0,18.1437,-122.54,0.0,122.54,122.54,,0.0,3.0636,1.0,10240,Samuel Hankins,"University of Tennessee - Knoxville, TN",United States,"University of Tennessee - Knoxville, TN",2024-08-19T00:00:00,Norman Seung,S,SA
00010,        CIN2,2379,2.0,N,U2022,U2022,U2022-OP,HYDROSIZE U2022,,PPA,999,-10548.0,,-1800.0,-816.4664,-4181.76,-10548.0,-6366.24,-6366.24,,0.0,3.5368,-4.0,10240,Samuel Hankins,"Vartega Inc- Golden, CO",United States,Vartega - Global Parent,2024-10-25T00:00:00,Norman Seung,C,CM
00010,        CIN2,2379,3.0,N,U2022,U2022,U2022-OP,HYDROSIZE U2022,,PPA,999,-7911.0,,-1350.0,-612.3498,-3407.13,-7911.0,-4503.87,-4503.87,,0.0,3.3362,-3.0,10240,Samuel Hankins,"Vartega Inc- Golden, CO",United States,Vartega - Global Parent,2024-10-25T00:00:00,Norman Seung,C,CM
00010,        CIN2,2617642,3.0,N,U802,U802,U802-PL,HYDROSIZE U8-02,,PPB,999,0.0,,40.0,18.1437,-143.64,0.0,143.64,143.64,,0.0,3.5909,1.0,10240,Samuel Hankins,"AGY Aiken - Aiken, SC",United States,AGY - Global Parent,2026-02-06T00:00:00,Norman Seung,S,SA
00010,        CIN2,2619260,2.0,N,U2022,U2022,U2022-PL,HYDROSIZE U2022,,PPB,999,0.0,,40.0,18.1437,-138.25,0.0,138.25,138.25,,0.0,3.4562,1.0,10240,Samuel Hankins,"Teijin Carbon America - Rockwood, TN",United States,Teijin Carbon - Global Parent,2026-02-12T00:00:00,Norman Seung,S,SA
00010,        CIN2,2357456,2.0,N,U204,U204,U204-OP,HYDROSIZE U2-04,,PPB,999,0.0,,450.0,204.1166,-1433.39,0.0,1433.39,1433.39,,0.0,3.1853,1.0,10240,Samuel Hankins,"Carbon Conversions - Lake City, SC",United States,"Carbon Conversions - Lake City, SC",2025-04-23T00:00:00,Norman Seung,S,SA
00010,        CIN2,2563113,4.0,N,U2022,U2022,U2022-PL,HYDROSIZE U2022,,PPB,999,0.0,,40.0,18.1437,-136.68,0.0,136.68,136.68,,0.0,3.4171,1.0,10240,Samuel Hankins,"Soarce Inc-Orlando, FL",United States,"Soarce Inc-Orlando, FL",2025-12-10T00:00:00,Norman Seung,S,SA
00010,        CIN2,2522965,3.0,N,U802,U802,U802-OP,HYDROSIZE U8-02,,PPB,999,0.0,,450.0,204.1166,-37.31,0.0,37.31,37.31,,0.0,0.0829,1.0,10240,Samuel Hankins,"Johns Manville - Waterville, OH(River)",United States,Johns Manville - Global Parent,2025-12-16T00:00:00,Norman Seung,S,SA
00010,        CIN2,1821867,2.0,N,191245PX,191245PX,191245PX-PL,EXPERIMENTAL PRODUCT 191245PX,,PPB,999,0.0,,80.0,36.2874,-148.72,0.0,148.72,148.72,,0.0,1.859,2.0,10230,Dave Jeffers,"Utopia - Mukwonago,WI",United States,Utopia - Global Parent,2023-03-23T00:00:00,Kaitlyn Slack,S,SA
00010,        CIN2,1839500,2.0,N,191245PX,191245PX,191245PX-PL,EXPERIMENTAL PRODUCT 191245PX,,PPB,999,0.0,,80.0,36.2874,-171.76,0.0,171.76,171.76,,0.0,2.147,2.0,10230,Dave Jeffers,"Utopia - Mukwonago,WI",United States,Utopia - Global Parent,2023-04-13T00:00:00,Kaitlyn Slack,S,SA
00010,        CIN2,1889997,2.0,N,191245PX,191245PX,191245PX-PL,EXPERIMENTAL PRODUCT 191245PX,,PPB,999,0.0,,80.0,36.2874,-162.0,0.0,162.0,162.0,,0.0,2.025,2.0,10230,Dave Jeffers,"Utopia - Mukwonago,WI",United States,Utopia - Global Parent,2023-06-19T00:00:00,Kaitlyn Slack,S,SA
00010,        CIN2,1902178,3.0,N,U101,U101,U101-PL,HYDROSIZE U1-01,,PPB,999,0.0,,40.0,18.1437,-126.63,0.0,126.63,126.63,,0.0,3.1658,1.0,10240,Samuel Hankins,"Vartega Inc- Golden, CO",United States,Vartega - Global Parent,2023-07-13T00:00:00,Norman Seung,S,SA
00010,        CIN2,1992292,3.0,N,U2022,U2022,U2022-PL,HYDROSIZE U2022,,PPB,999,0.0,,40.0,18.1437,-154.84,0.0,154.84,154.84,,0.0,3.8711,1.0,10220,Brendan Schloerb,"Worthen Industries - Nashua, NH",United States,"Worthen Industries - Nashua, NH",2023-11-03T00:00:00,Norman Seung,S,SA
00010,        CIN2,2008,2.0,N,HP1432AT,HP1432AT,HP1432AT-PL,HYDROSIZE HP-1432AT,,COL,999,-41424.0,,-1200.0,-544.3109999999999,-41023.56,-41424.0,-400.44,-400.44,,0.0,0.3337,-30.0,10240,Moses Martinez,"Northrop (ATK) - Corinne, UT (Bldg M3)",United States,ATK - Global Parent,2023-03-08T00:00:00,Jake Hoffman,C,CM
00010,        CIN2,2057,3.0,N,191245PX,191245PX,191245PX-T2,EXPERIMENTAL PRODUCT 191245PX,,PPA,999,-29842.5,,-1730.0,-784.728,-27084.88,-29842.5,-2757.62,-2757.62,,0.0,1.594,-1730.0,10230,Andrew Suski,"Domtar - Rothschild, WI",United States,"Domtar - Rothschild, WI",2023-07-03T00:00:00,Kaitlyn Slack,C,CM
00010,        CINC,1106982,2.001,N,DMAEMA,DMAEMA,DMAEMA,DIMETHYLAMINOETHYL METHACRYLAT,,PPD,999,11116.0,,3176.0,1440.6336000000001,11116.0,11116.0,0.0,0.0,,0.0,0.0,3176.0,10230,GENERIC TM,Coatings & Adhesives (One-Time Only P&P),United States,Coatings & Adhesives (One-Time Only P&P),2020-04-13T00:00:00,Kaitlyn Slack,S,S4
00010,        CINC,1106982,4.001,N,EMA3065,EMA3065,EMA3065,DISPONIL A 3065,,PPD,999,6.03,,2.2,0.9979200000000001,6.03,6.03,0.0,0.0,,0.0,0.0,2.2,10230,GENERIC TM,Coatings & Adhesives (One-Time Only P&P),United States,Coatings & Adhesives (One-Time Only P&P),2020-04-13T00:00:00,Kaitlyn Slack,S,S4
00010,        CINC,1106982,4.002,N,EMA3065,EMA3065,EMA3065,DISPONIL A 3065,,PPD,999,1128.33,,411.8,186.79248,1128.33,1128.33,0.0,0.0,,0.0,0.0,411.8,10230,GENERIC TM,Coatings & Adhesives (One-Time Only P&P),United States,Coatings & Adhesives (One-Time Only P&P),2020-04-13T00:00:00,Kaitlyn Slack,S,S4
00010,        CINC,1106982,4.0,N,EMA3065,EMA3065,EMA3065,DISPONIL A 3065,,PPD,999,41.1,,15.0,6.804,41.1,41.1,0.0,0.0,,0.0,0.0,15.0,10230,GENERIC TM,Coatings & Adhesives (One-Time Only P&P),United States,Coatings & Adhesives (One-Time Only P&P),2020-04-13T00:00:00,Kaitlyn Slack,S,S4
00010,        CINC,1106982,3.0,N,FERSUL7W,FERSUL7W,FERSUL7W,IRON(II) SULFATE HEPTAHYDRATE,,PPD,999,16.07,,0.6989,0.31702104,16.07,16.07,0.0,0.0,,0.0,0.0,0.6989,10230,GENERIC TM,Coatings & Adhesives (One-Time Only P&P),United States,Coatings & Adhesives (One-Time Only P&P),2020-04-13T00:00:00,Kaitlyn Slack,S,S4
00010,        CINC,1106982,2.0,N,DMAEMA,DMAEMA,DMAEMA,DIMETHYLAMINOETHYL METHACRYLAT,,PPD,999,3374.0,,964.0,437.2704,3374.0,3374.0,0.0,0.0,,0.0,0.0,964.0,10230,GENERIC TM,Coatings & Adhesives (One-Time Only P&P),United States,Coatings & Adhesives (One-Time Only P&P),2020-04-13T00:00:00,Kaitlyn Slack,S,S4
00010,        CINC,1873376,2.0,N,STODSO,STODSO,STODSO-UN,MINERAL SPIRITS 66/3,,COL,999,68.8,,1376.0,624.1432,-1276.1,68.8,1344.9,1344.9,,0.0,0.9774,4.0,10230,Robert Raux,"GDB International - Nashville, IL",United States,GDB International - Global Parent,2023-06-13T00:00:00,.,S,S4
00010,        CINC,1873376,2.001,N,STODSO,STODSO,STODSO-UN,MINERAL SPIRITS 66/3,,COL,999,189.2,,3784.0,1716.3937999999998,-3509.28,189.2,3698.48,3698.48,,0.0,0.9774,11.0,10230,Robert Raux,"GDB International - Nashville, IL",United States,GDB International - Global Parent,2023-06-13T00:00:00,.,S,S4
00010,        CIN2,1196839,1.004,N,191245PX,191245PX,191245PX-T2,EXPERIMENTAL PRODUCT 191245PX,,COL,999,9683.0,,2300.0,1043.28,6992.0,9683.0,2691.0,2691.0,,0.0,1.17,2300.0,10230,GENERIC TM,"Mohawk Paper -WFD - Waterford, NY",United States,Mohawk - Global Parent,2020-10-07T00:00:00,Kaitlyn Slack,S,S4
00010,        CIN2,1196839,1.005,N,191245PX,191245PX,191245PX-T2,EXPERIMENTAL PRODUCT 191245PX,,COL,999,19366.0,,4600.0,2086.56,13984.0,19366.0,5382.0,5382.0,,0.0,1.17,4600.0,10230,GENERIC TM,"Mohawk Paper -WFD - Waterford, NY",United States,Mohawk - Global Parent,2020-10-07T00:00:00,Kaitlyn Slack,S,S4
00010,        CIN2,1196839,1.006,N,191245PX,191245PX,191245PX-T2,EXPERIMENTAL PRODUCT 191245PX,,COL,999,116196.0,,27600.0,12519.36,83904.0,116196.0,32292.0,32292.0,,0.0,1.17,27600.0,10230,GENERIC TM,"Mohawk Paper -WFD - Waterford, NY",United States,Mohawk - Global Parent,2020-10-07T00:00:00,Kaitlyn Slack,S,S4
00010,        CIN2,1113601,1.001,N,191245PX,191245PX,191245PX-T2,EXPERIMENTAL PRODUCT 191245PX,,PPB,999,0.0,,4600.0,2086.56,-8929.06,0.0,8929.06,8929.06,,0.0,1.9411,4600.0,10230,Andrew Suski,"Mohawk Paper - Cohoes, NY DO NOT REOPEN",United States,Mohawk - Global Parent,2020-04-29T00:00:00,Kaitlyn Slack,S,S4
00010,        CIN2,1185456,1.001,N,191245PX,191245PX,191245PX-T2,EXPERIMENTAL PRODUCT 191245PX,,COL,999,154928.0,,36800.0,16692.48,82730.08,154928.0,72197.92,72197.92,,0.0,1.9619,36800.0,10230,GENERIC TM,"Mohawk Paper -WFD - Waterford, NY",United States,Mohawk - Global Parent,2020-09-02T00:00:00,Kaitlyn Slack,S,S4
00010,        CIN2,1196838,1.001,N,191245PX,191245PX,191245PX-T2,EXPERIMENTAL PRODUCT 191245PX,,COL,999,164611.0,,39100.0,17735.76,118864.0,164611.0,45747.0,45747.0,,0.0,1.17,39100.0,10230,GENERIC TM,"Mohawk Paper -WFD - Waterford, NY",United States,Mohawk - Global Parent,2020-10-02T00:00:00,Kaitlyn Slack,S,S4
00010,        CIN2,1207533,1.001,N,191245PX,191245PX,191245PX-T2,EXPERIMENTAL PRODUCT 191245PX,,COL,999,125879.0,,29900.0,13562.64,90896.0,125879.0,34983.0,34983.0,,0.0,1.17,29900.0,10230,GENERIC TM,"Mohawk Paper -WFD - Waterford, NY",United States,Mohawk - Global Parent,2020-10-15T00:00:00,Kaitlyn Slack,S,S4
00010,        CIN2,1207534,1.001,N,191245PX,191245PX,191245PX-T2,EXPERIMENTAL PRODUCT 191245PX,,COL,999,116196.0,,27600.0,12519.36,83904.0,116196.0,32292.0,32292.0,,0.0,1.17,27600.0,10230,GENERIC TM,"Mohawk Paper -WFD - Waterford, NY",United States,Mohawk - Global Parent,2020-10-28T00:00:00,Kaitlyn Slack,S,S4
00010,        CIN2,1177018,1.001,N,191245PX,191245PX,191245PX-T2,EXPERIMENTAL PRODUCT 191245PX,,COL,999,20400.0,,4600.0,2086.525,10982.88,20400.0,9417.12,9417.12,,0.0,1.9619,2.0,10230,Andrew Suski,"Mohawk Paper - Cohoes, NY DO NOT REOPEN",United States,Mohawk - Global Parent,2020-08-17T00:00:00,Kaitlyn Slack,S,S4
00010,        CIN2,1185456,2.0,N,191245PX,191245PX,191245PX-T2,EXPERIMENTAL PRODUCT 191245PX,,COL,999,161664.0,,36800.0,16692.2,86327.04,161664.0,75336.96,75336.96,,0.0,1.9619,16.0,10230,GENERIC TM,"Mohawk Paper -WFD - Waterford, NY",United States,Mohawk - Global Parent,2020-09-22T00:00:00,Kaitlyn Slack,S,S4
00010,        CIN2,2124269,2.0,N,191245PX,191245PX,191245PX-T2,EXPERIMENTAL PRODUCT 191245PX,,PPA,999,132112.0,,36800.0,16692.48,73232.0,132112.0,58880.0,58880.0,,0.0,1.6,36800.0,10230,Andrew Suski,"Finch Paper - Glens Falls, NY",United States,"Finch Paper - Glens Falls, NY",2024-04-23T00:00:00,Kaitlyn Slack,S,S4
00010,        CIN2,1833617,2.0,N,191245PX,191245PX,191245PX-T2,EXPERIMENTAL PRODUCT 191245PX,,PPA,999,39675.0,,2300.0,1043.2625,36008.8,39675.0,3666.2,3666.2,,0.0,1.594,1.0,10230,Andrew Suski,"Domtar - Rothschild, WI",United States,"Domtar - Rothschild, WI",2023-04-04T00:00:00,Kaitlyn Slack,S,S4
00010,        CIN2,2002106,4.0,N,191245PX,191245PX,191245PX-FD,EXPERIMENTAL PRODUCT 191245PX,,COB,999,1966.5,,450.0,204.1166,1151.82,1966.5,814.68,814.68,,0.0,1.8104,1.0,10230,Dave Jeffers,"Utopia - Mukwonago,WI",United States,Utopia - Global Parent,2023-12-04T00:00:00,Kaitlyn Slack,S,S4
00010,        CIN2,1124859,3.0,N,HP1432AT,HP1432AT,HP1432AT-PL,HYDROSIZE HP-1432AT,,COL,999,2448.8,,80.0,36.2874,2093.58,2448.8,355.22,355.22,,0.0,4.4402,2.0,10240,Moses Martinez,"Northrop (ATK) - Corinne, UT (Bldg M3)",United States,ATK - Global Parent,2021-02-22T00:00:00,Jake Hoffman,S,S4
00010,        CIN2,1124859,2.0,N,HP1432AT,HP1432AT,HP1432AT-PL,HYDROSIZE HP-1432AT,,COL,999,14692.8,,480.0,217.7244,12561.5,14692.8,2131.3,2131.3,,0.0,4.4402,12.0,10240,Moses Martinez,"Northrop (ATK) - Corinne, UT (Bldg M3)",United States,ATK - Global Parent,2021-02-22T00:00:00,Jake Hoffman,S,S4
00010,        CIN2,1267001,2.0,N,HP1632,HP1632,HP1632-PL,HYDROSIZE HP-1632,,PPA,999,2140.8,,240.0,108.8622,1283.74,2140.8,857.06,857.06,,0.0,3.5711,6.0,10240,Brendan Schloerb,"Xactiv - Fairport, NY",United States,"Xactiv - Fairport, NY",2021-03-01T00:00:00,Roxana McMican,S,S4
00010,        CIN2,1091833,2.0,N,HP1632,HP1632,HP1632-PL,HYDROSIZE HP-1632,,COL,999,473.6,,80.0,36.2874,104.5,473.6,369.1,369.1,,0.0,4.6137,2.0,10240,Brendan Schloerb,"Mitsubishi Chem Adv Material - Mesa, AZ",United States,Mitsubishi Chemical F&C-Global Parent,2020-03-11T00:00:00,Roxana McMican,S,S4
00010,        CIN2,1477672,1.001,N,HP1432AT,HP1432AT,HP1432AT-PL,HYDROSIZE HP-1432AT,,PPA,999,2796.0,,80.0,36.2874,2442.16,2796.0,353.84,353.84,,0.0,4.423,2.0,10240,Brendan Schloerb,"Xactiv - Fairport, NY",United States,"Xactiv - Fairport, NY",2021-12-20T00:00:00,Jake Hoffman,S,S4
00010,        CIN2,1581733,3.0,N,HP1632,HP1632,HP1632-OP,HYDROSIZE HP-1632,,PPA,999,38447.52,,2778.0,1260.0798,17401.11,38447.52,21046.41,21046.41,,0.0,7.5761,6.0,10240,Brendan Schloerb,"Davlyn - Spring City, PA",United States,"Davlyn - Spring City, PA",2022-05-09T00:00:00,Roxana McMican,S,S4
00010,        CIN2,1342895,2.0,N,HP1632,HP1632,HP1632-OP,HYDROSIZE HP-1632,,COB,999,5120.78,,926.0,420.0266,2814.21,5120.78,2306.57,2306.57,,0.0,2.4909,2.0,10240,Brendan Schloerb,"Zoltek - St. Charles, MO",United States,Zoltek - Global Parent,2021-08-27T00:00:00,Roxana McMican,S,S4
00010,        CIN2,1397949,3.0,N,U701,U701,U701-OP,HYDROSIZE U7-01,,COL,999,26775.0,,4500.0,2041.1660000000002,9409.5,26775.0,17365.5,17365.5,,0.0,3.859,10.0,10240,Samuel Hankins,"Johns Manville - Waterville, OH(River)",United States,Johns Manville - Global Parent,2021-10-11T00:00:00,.,S,S4
00010,        CIN2,1422887,2.0,N,HP1632,HP1632,HP1632-OP,HYDROSIZE HP-1632,,COL,999,25465.0,,2315.0,1050.0665,17404.17,25465.0,8060.83,8060.83,,0.0,3.482,5.0,10240,Brendan Schloerb,"Zoltek - St. Charles, MO",United States,Zoltek - Global Parent,2021-12-08T00:00:00,Roxana McMican,S,S4
00010,        CIN2,1422887,2.001,N,HP1632,HP1632,HP1632-OP,HYDROSIZE HP-1632,,COL,999,15279.0,,1389.0,630.0399,10442.5,15279.0,4836.5,4836.5,,0.0,3.482,3.0,10240,Brendan Schloerb,"Zoltek - St. Charles, MO",United States,Zoltek - Global Parent,2021-12-08T00:00:00,Roxana McMican,S,S4
00010,        CIN2,1480590,2.0,N,U701,U701,U701-OP,HYDROSIZE U7-01,,COL,999,21996.0,,3600.0,1632.9328,6732.0,21996.0,15264.0,15264.0,,0.0,4.24,8.0,10240,Samuel Hankins,"Johns Manville - Waterville, OH(River)",United States,Johns Manville - Global Parent,2022-02-14T00:00:00,.,S,S4
00010,        CIN2,1480590,2.001,N,U701,U701,U701-OP,HYDROSIZE U7-01,,COL,999,8248.5,,1350.0,612.3498,2524.5,8248.5,5724.0,5724.0,,0.0,4.24,3.0,10240,Samuel Hankins,"Johns Manville - Waterville, OH(River)",United States,Johns Manville - Global Parent,2022-02-14T00:00:00,.,S,S4
00010,        CIN2,1480590,2.002,N,U701,U701,U701-OP,HYDROSIZE U7-01,,COL,999,24745.5,,4050.0,1837.0494,7573.5,24745.5,17172.0,17172.0,,0.0,4.24,9.0,10240,Samuel Hankins,"Johns Manville - Waterville, OH(River)",United States,Johns Manville - Global Parent,2022-02-14T00:00:00,.,S,S4
00010,        CIN2,1519727,2.0,N,HP1632,HP1632,HP1632-OP,HYDROSIZE HP-1632,,COL,999,59671.44,,5556.0,2520.1596,22112.32,59671.44,37559.12,37559.12,,0.0,6.7601,12.0,10240,Brendan Schloerb,"Zoltek - St. Charles, MO",United States,Zoltek - Global Parent,2022-04-11T00:00:00,Roxana McMican,S,S4
00010,        CIN2,1603305,1.001,N,U701,U701,U701-OP,HYDROSIZE U7-01,,COL,999,23152.5,,3150.0,1428.8162,6536.25,23152.5,16616.25,16616.25,,0.0,5.275,7.0,10240,Samuel Hankins,"Johns Manville - Waterville, OH(River)",United States,Johns Manville - Global Parent,2022-07-29T00:00:00,.,S,S4
00010,        CIN2,1607228,2.0,N,HP1632,HP1632,HP1632-OP,HYDROSIZE HP-1632,,COL,999,100600.64,,7408.0,3360.2128,48658.71,100600.64,51941.93,51941.93,,0.0,7.0116,16.0,10240,Brendan Schloerb,"Zoltek - St. Charles, MO",United States,Zoltek - Global Parent,2022-06-28T00:00:00,Roxana McMican,S,S4
00010,        CIN2,1731204,1.001,N,U701,U701,U701-OP,HYDROSIZE U7-01,,COL,999,33075.0,,4500.0,2041.1660000000002,9337.5,33075.0,23737.5,23737.5,,0.0,5.275,10.0,10240,Samuel Hankins,"Johns Manville - Waterville, OH(River)",United States,Johns Manville - Global Parent,2022-11-30T00:00:00,.,S,S4
00010,        CIN2,2271832,2.0,N,HP1632,HP1632,HP1632-PL,HYDROSIZE HP-1632,,PPB,999,0.0,,120.0,54.4311,-919.55,0.0,919.55,919.55,,0.0,7.6629,3.0,10240,Samuel Hankins,"University of Tennessee - Knoxville, TN",United States,"University of Tennessee - Knoxville, TN",2024-11-12T00:00:00,Roxana McMican,S,S4
00010,        CIN2,2051224,3.0,N,HP1632,HP1632,HP1632-PL,HYDROSIZE HP-1632,,PPA,999,1378.4,,80.0,36.2874,759.34,1378.4,619.06,619.06,,0.0,7.7383,2.0,10240,Samuel Hankins,"William Barnet  & Son - Spartanburg, SC",United States,"William Barnet  & Son - Spartanburg, SC",2024-01-24T00:00:00,Roxana McMican,S,S4
00010,        CIN2,2082608,1.001,N,U701,U701,U701-OP,HYDROSIZE U7-01,,COL,999,23152.5,,3150.0,1428.8162,7815.15,23152.5,15337.35,15337.35,,0.0,4.869,7.0,10240,Samuel Hankins,"Johns Manville - Waterville, OH(River)",United States,Johns Manville - Global Parent,2024-04-15T00:00:00,.,S,S4
00010,        CIN2,2188440,1.001,N,U701,U701,U701-OP,HYDROSIZE U7-01,,COL,999,29767.5,,4050.0,1837.08,10388.65,29767.5,19378.85,19378.85,,0.0,4.7849,4050.0,10240,Samuel Hankins,"Johns Manville - Waterville, OH(River)",United States,Johns Manville - Global Parent,2024-09-06T00:00:00,.,S,S4
00010,        CIN2,2188440,1.002,N,U701,U701,U701-OP,HYDROSIZE U7-01,,COL,999,7276.5,,990.0,449.064,2539.45,7276.5,4737.05,4737.05,,0.0,4.7849,990.0,10240,Samuel Hankins,"Johns Manville - Waterville, OH(River)",United States,Johns Manville - Global Parent,2024-09-06T00:00:00,.,S,S4
00010,        CIN2,2617004,1.001,N,U701,U701,U701-OP,HYDROSIZE U7-01,,COB,999,9922.5,,1350.0,612.3498,4668.3,9922.5,5254.2,5254.2,,0.0,3.892,3.0,10240,Samuel Hankins,"Johns Manville - Waterville, OH(River)",United States,Johns Manville - Global Parent,2026-03-25T00:00:00,.,S,S4
00010,        CIN2,2635221,1.001,N,U701,U701,U701-OP,HYDROSIZE U7-01,,COB,999,72198.0,,9450.0,4286.4486,34199.55,72198.0,37998.45,37998.45,,0.0,4.021,21.0,10240,Samuel Hankins,"Johns Manville - Waterville, OH(River)",United States,Johns Manville - Global Parent,2026-05-28T00:00:00,.,S,S4
00010,        CIN2,2635221,1.002,N,U701,U701,U701-OP,HYDROSIZE U7-01,,COB,999,10314.0,,1350.0,612.3498,4885.65,10314.0,5428.35,5428.35,,0.0,4.021,3.0,10240,Samuel Hankins,"Johns Manville - Waterville, OH(River)",United States,Johns Manville - Global Parent,2026-05-28T00:00:00,.,S,S4
00010,        CIN2,2652921,1.001,N,U701,U701,U701-OP,HYDROSIZE U7-01,,COB,999,69457.5,,9450.0,4286.4486,32678.1,69457.5,36779.4,36779.4,,0.0,3.892,21.0,10240,Samuel Hankins,"Johns Manville - Waterville, OH(River)",United States,Johns Manville - Global Parent,2026-05-06T00:00:00,.,S,S4
00010,        CIN2,2652921,1.002,N,U701,U701,U701-OP,HYDROSIZE U7-01,,COB,999,56227.5,,7650.0,3469.9822,26453.7,56227.5,29773.8,29773.8,,0.0,3.892,17.0,10240,Samuel Hankins,"Johns Manville - Waterville, OH(River)",United States,Johns Manville - Global Parent,2026-05-06T00:00:00,.,S,S4
00010,        CIN2,2695060,1.001,N,U701,U701,U701-OP,HYDROSIZE U7-01,,COB,999,3438.0,,450.0,204.1166,1628.55,3438.0,1809.45,1809.45,,0.0,4.021,1.0,10240,Samuel Hankins,"Johns Manville - Waterville, OH(River)",United States,Johns Manville - Global Parent,2026-07-21T00:00:00,.,S,S4
00010,        CIN2,2695060,1.002,N,U701,U701,U701-OP,HYDROSIZE U7-01,,COB,999,72198.0,,9450.0,4286.4486,34199.55,72198.0,37998.45,37998.45,,0.0,4.021,21.0,10240,Samuel Hankins,"Johns Manville - Waterville, OH(River)",United States,Johns Manville - Global Parent,2026-07-21T00:00:00,.,S,S4
00010,        CIN2,2372494,1.001,N,HP1632,HP1632,HP1632-OP,HYDROSIZE HP-1632,,COL,999,50300.32,,3704.0,1680.1064,22444.39,50300.32,27855.93,27855.93,,0.0,7.5205,8.0,10240,Brendan Schloerb,"Zoltek - St. Charles, MO",United States,Zoltek - Global Parent,2025-07-02T00:00:00,Roxana McMican,S,S4
00010,        CIN2,2394564,1.001,N,HP1432AT,HP1432AT,HP1432AT-PL,HYDROSIZE HP-1432AT,,COB,999,5628.8,,160.0,72.5748,3158.38,5628.8,2470.42,2470.42,,0.0,15.4401,4.0,10240,Samuel Hankins,"Stars and Stripes Aerospace-Palestine,TX",United States,"Stars and Stripes Aerospace-Palestine,TX",2025-04-14T00:00:00,Jake Hoffman,S,S4
00010,        CIN2,2446727,2.0,N,HP1632,HP1632,HP1632-PL,HYDROSIZE HP-1632,,PPA,999,689.2,,40.0,18.1437,383.24,689.2,305.96,305.96,,0.0,7.6491,1.0,10240,Brendan Schloerb,"Xactiv - Fairport, NY",United States,"Xactiv - Fairport, NY",2025-06-19T00:00:00,Roxana McMican,S,S4
00010,        CIN2,2510615,1.001,N,U701,U701,U701-OP,HYDROSIZE U7-01,,COB,999,52920.0,,7200.0,3265.8656,20743.2,52920.0,32176.8,32176.8,,0.0,4.469,16.0,10240,Samuel Hankins,"Johns Manville - Waterville, OH(River)",United States,Johns Manville - Global Parent,2025-10-22T00:00:00,.,S,S4
00010,        CIN2,1677862,1.001,N,HP1632,HP1632,HP1632-OP,30/22,,COL,999,88025.56,,6482.0,2940.1861999999996,34212.0,88025.56,53813.56,53813.56,,0.0,8.302,14.0,10240,Brendan Schloerb,"Zoltek - St. Charles, MO",United States,Zoltek - Global Parent,2023-01-04T00:00:00,Roxana McMican,S,S4
00010,        CIN2,1847836,1.001,N,U701,U701,U701-OP,HYDROSIZE U7-01,,COL,999,13230.0,,1800.0,816.4664,3735.0,13230.0,9495.0,9495.0,,0.0,5.275,4.0,10240,Samuel Hankins,"Johns Manville - Waterville, OH(River)",United States,Johns Manville - Global Parent,2023-06-06T00:00:00,.,S,S4
00010,        CIN2,1907443,1.001,N,HP1432AT,HP1432AT,HP1432AT-PL,HYDROSIZE HP-1432AT,,COL,999,13808.0,,400.0,181.43699999999998,7343.12,13808.0,6464.88,6464.88,,0.0,16.1622,10.0,10240,Moses Martinez,"Northrop (ATK) - Corinne, UT (Bldg M3)",United States,ATK - Global Parent,2023-09-26T00:00:00,Jake Hoffman,S,S4
00010,        CIN2,1907443,1.002,N,HP1432AT,HP1432AT,HP1432AT-PL,HYDROSIZE HP-1432AT,,COL,999,129795.2,,3760.0,1705.5077999999999,69025.33,129795.2,60769.87,60769.87,,0.0,16.1622,94.0,10240,Moses Martinez,"Northrop (ATK) - Corinne, UT (Bldg M3)",United States,ATK - Global Parent,2023-09-26T00:00:00,Jake Hoffman,S,S4
00010,        CIN2,1949378,1.001,N,HP1632,HP1632,HP1632-PL,HYDROSIZE HP-1632,,COB,999,1138.4,,80.0,36.2874,462.22,1138.4,676.18,676.18,,0.0,8.4523,2.0,10240,Samuel Hankins,"R&M Int'l - Master Carbon, Jasper, GA",United States,"R&M Int'l - Norristown, PA",2023-09-06T00:00:00,Roxana McMican,S,S4
00010,        CIN2,1971016,1.001,N,U701,U701,U701-OP,HYDROSIZE U7-01,,COL,999,29767.5,,4050.0,1837.0494,10048.05,29767.5,19719.45,19719.45,,0.0,4.869,9.0,10240,Samuel Hankins,"Johns Manville - Waterville, OH(River)",United States,Johns Manville - Global Parent,2023-11-29T00:00:00,.,S,S4
00010,        CIN2,1298929,1.001,N,U101,U101,U101-OP,HYDROSIZE U1-01,,COL,999,1530.0,,450.0,204.1166,580.95,1530.0,949.05,949.05,,0.0,2.109,1.0,10240,Samuel Hankins,"Johns Manville - Waterville, OH(River)",United States,Johns Manville - Global Parent,2021-05-27T00:00:00,Norman Seung,S,S4
00010,        CIN2,1298929,1.002,N,U101,U101,U101-OP,HYDROSIZE U1-01,,COL,999,21420.0,,6300.0,2857.6324,8133.3,21420.0,13286.7,13286.7,,0.0,2.109,14.0,10240,Samuel Hankins,"Johns Manville - Waterville, OH(River)",United States,Johns Manville - Global Parent,2021-05-27T00:00:00,Norman Seung,S,S4
00010,        CIN2,1267653,1.001,N,U101,U101,U101-OP,HYDROSIZE U1-01,,COL,999,24538.5,,8550.0,3878.2154,6506.55,24538.5,18031.95,18031.95,,0.0,2.109,19.0,10240,Samuel Hankins,"Johns Manville - Waterville, OH(River)",United States,Johns Manville - Global Parent,2021-03-30T00:00:00,Norman Seung,S,S4
00010,        CIN2,1286489,1.001,N,U101,U101,U101-OP,HYDROSIZE U1-01,,COL,999,19372.5,,6750.0,3061.7490000000003,5136.75,19372.5,14235.75,14235.75,,0.0,2.109,15.0,10240,Samuel Hankins,"Johns Manville - Waterville, OH(River)",United States,Johns Manville - Global Parent,2021-04-14T00:00:00,Norman Seung,S,S4
00010,        CIN2,1052168,1.001,N,U101,U101,U101-OP,HYDROSIZE U1-01,,COL,999,50368.5,,17550.0,7960.5474,18669.69,50368.5,31698.81,31698.81,,0.0,1.8062,39.0,10240,Samuel Hankins,"Johns Manville - Waterville, OH(River)",United States,Johns Manville - Global Parent,2020-03-26T00:00:00,Norman Seung,S,S4
00010,        CIN2,1222423,1.001,N,U101,U101,U101-OP,HYDROSIZE U1-01,,COL,999,8451.0,,2700.0,1224.6996,2756.7,8451.0,5694.3,5694.3,,0.0,2.109,6.0,10240,Samuel Hankins,"Johns Manville - Waterville, OH(River)",United States,Johns Manville - Global Parent,2021-02-08T00:00:00,Norman Seung,S,S4
00010,        CIN2,1044459,2.0,N,U101,U101,U101-OP,HYDROSIZE U1-01,,COL,999,50368.5,,17550.0,7960.68,18669.69,50368.5,31698.81,31698.81,,0.0,1.8062,17550.0,10240,Samuel Hankins,"Johns Manville - Waterville, OH(River)",United States,Johns Manville - Global Parent,2020-01-16T00:00:00,Norman Seung,S,S4
00010,        CIN2,1102244,2.0,N,U601,U601,U601-OP,HYDROSIZE U6-01,,COB,999,4086.0,,1800.0,816.4664,1613.7,4086.0,2472.3,2472.3,,0.0,1.3735,4.0,10240,Samuel Hankins,"Owens Corning - Amarillo, TX",United States,Owens Corning Vetrotex - Global Parent,2020-04-07T00:00:00,Norman Seung,S,S4
00010,        CIN2,1216976,2.0,N,U601,U601,U601-PL,HYDROSIZE U6-01,,COL,999,711.6,,120.0,54.4311,526.16,711.6,185.44,185.44,,0.0,1.5453,3.0,10240,Moses Martinez,"SGL Composites - Moses Lake,  WA",United States,SGL Carbon - Global Parent,2020-11-16T00:00:00,Norman Seung,S,S4
00010,        CIN2,1267596,1.002,N,U204,U204,U204-OP,HYDROSIZE U2-04,,PPA,999,20223.0,,6300.0,2857.6324,4069.8,20223.0,16153.2,16153.2,,0.0,2.564,14.0,10240,Brendan Schloerb,"Lite Fibers - Ellwood City, PA",United States,"Lite Fibers - Ellwood City, PA",2021-02-23T00:00:00,Norman Seung,S,S4
00010,        CIN2,1350933,2.001,N,U501,U501,U501-OP,HYDROSIZE U5-01,,COL,999,136.35,,27.0,12.2472,50.11,136.35,86.24,86.24,,0.0,3.194,27.0,10240,Samuel Hankins,"AGY Aiken - Aiken, SC",United States,AGY - Global Parent,2021-05-27T00:00:00,Norman Seung,S,S4
00010,        CIN2,1252181,3.0,N,U201,U201,U201-OP,HYDROSIZE U2-01,,PPA,999,6426.0,,1800.0,816.4664,6350.4,6426.0,75.6,75.6,,0.0,0.042,4.0,10240,Brendan Schloerb,"Mitsubishi Chemical - Sacramento, CA",United States,Mitsubishi Chemical F&C-Global Parent,2021-01-18T00:00:00,Norman Seung,S,S4
00010,        CIN2,1091833,3.0,N,U501,U501,U501-PL,HYDROSIZE U5-01,,COL,999,351.2,,80.0,36.2874,138.37,351.2,212.83,212.83,,0.0,2.6604,2.0,10240,Brendan Schloerb,"Mitsubishi Chem Adv Material - Mesa, AZ",United States,Mitsubishi Chemical F&C-Global Parent,2020-03-11T00:00:00,Norman Seung,S,S4
00010,        CIN2,1328475,3.0,N,U501,U501,U501-OP,HYDROSIZE U5-01,,COL,999,21780.0,,4950.0,2245.2826,5969.7,21780.0,15810.3,15810.3,,0.0,3.194,11.0,10240,Samuel Hankins,"AGY Aiken - Aiken, SC",United States,AGY - Global Parent,2021-06-15T00:00:00,Norman Seung,S,S4
00010,        CIN2,1350933,3.0,N,U501,U501,U501-OP,HYDROSIZE U5-01,,COL,999,1565.5,,310.0,140.616,575.36,1565.5,990.14,990.14,,0.0,3.194,310.0,10240,Samuel Hankins,"AGY Aiken - Aiken, SC",United States,AGY - Global Parent,2021-05-27T00:00:00,Norman Seung,S,S4
00010,        CIN2,1074622,1.001,N,U204,U204,U204-OP,HYDROSIZE U2-04,,PPA,999,5778.0,,1800.0,816.4664,1946.7,5778.0,3831.3,3831.3,,0.0,2.1285,4.0,10240,Brendan Schloerb,"Lite Fibers - Ellwood City, PA",United States,"Lite Fibers - Ellwood City, PA",2020-03-19T00:00:00,Norman Seung,S,S4
00010,        CIN2,1099167,1.001,N,U501,U501,U501-OP,HYDROSIZE U5-01,,COL,999,1683.0,,450.0,204.1166,563.13,1683.0,1119.87,1119.87,,0.0,2.4886,1.0,10240,Samuel Hankins,"AGY Aiken - Aiken, SC",United States,AGY - Global Parent,2020-05-26T00:00:00,Norman Seung,S,S4
00010,        CIN2,1140871,1.001,N,U1001,U1001,U1001-OP,HYDROSIZE U10-01,,PPA,999,1143.0,,450.0,204.1166,-159.12,1143.0,1302.12,1302.12,,0.0,2.8936,1.0,10240,Moses Martinez,"Cabot Corporation-Billerica,MA",United States,"Cabot Corporation-Billerica,MA",2020-06-15T00:00:00,Norman Seung,S,S4
00010,        CIN2,1176389,1.001,N,U204,U204,U204-OP,HYDROSIZE U2-04,,PPA,999,1444.5,,450.0,204.1166,274.05,1444.5,1170.45,1170.45,,0.0,2.601,1.0,10240,Brendan Schloerb,"Lite Fibers - Ellwood City, PA",United States,"Lite Fibers - Ellwood City, PA",2020-09-29T00:00:00,Norman Seung,S,S4
00010,        CIN2,1229140,1.001,N,U501,U501,U501-OP,HYDROSIZE U5-01,,COL,999,48807.0,,13050.0,5919.3814,4450.05,48807.0,44356.95,44356.95,,0.0,3.399,29.0,10240,Samuel Hankins,"AGY Aiken - Aiken, SC",United States,AGY - Global Parent,2020-12-18T00:00:00,Norman Seung,S,S4
00010,        CIN2,1262399,1.001,N,U501,U501,U501-OP,HYDROSIZE U5-01,,COL,999,20196.0,,5400.0,2449.3992,2948.4,20196.0,17247.6,17247.6,,0.0,3.194,12.0,10240,Samuel Hankins,"AGY Aiken - Aiken, SC",United States,AGY - Global Parent,2021-03-17T00:00:00,Norman Seung,S,S4
00010,        CIN2,1267596,1.001,N,U204,U204,U204-OP,HYDROSIZE U2-04,,PPA,999,1444.5,,450.0,204.1166,290.7,1444.5,1153.8,1153.8,,0.0,2.564,1.0,10240,Brendan Schloerb,"Lite Fibers - Ellwood City, PA",United States,"Lite Fibers - Ellwood City, PA",2021-02-23T00:00:00,Norman Seung,S,S4
00010,        CIN2,1341025,1.001,N,U204,U204,U204-OP,HYDROSIZE U2-04,,PPA,999,10935.0,,2700.0,1224.6996,4012.2,10935.0,6922.8,6922.8,,0.0,2.564,6.0,10240,Brendan Schloerb,"Lite Fibers - Ellwood City, PA",United States,"Lite Fibers - Ellwood City, PA",2021-07-28T00:00:00,Norman Seung,S,S4
00010,        CIN2,1060005,1.001,N,U501,U501,U501-OP,HYDROSIZE U5-01,,COL,999,21879.0,,5850.0,2653.5158,7320.69,21879.0,14558.31,14558.31,,0.0,2.4886,13.0,10240,Samuel Hankins,"AGY Aiken - Aiken, SC",United States,AGY - Global Parent,2020-03-04T00:00:00,Norman Seung,S,S4
00010,        CIN2,1068859,1.001,N,U501,U501,U501-OP,HYDROSIZE U5-01,,COL,999,5400.0,,1350.0,612.3498,2040.39,5400.0,3359.61,3359.61,,0.0,2.4886,3.0,10240,GENERIC TM,"Milliken-Valway, La Grange, GA",United States,Milliken - Global Parent,2020-02-10T00:00:00,Norman Seung,S,S4
00010,        CIN2,1107504,1.001,N,U201,U201,U201-OP,HYDROSIZE U2-01,,PPA,999,5346.0,,1350.0,612.3498,2390.58,5346.0,2955.42,2955.42,,0.0,2.1892,3.0,10240,Brendan Schloerb,"Mitsubishi Chemical - Sacramento, CA",United States,Mitsubishi Chemical F&C-Global Parent,2020-04-15T00:00:00,Norman Seung,S,S4
00010,        CIN2,1118198,1.001,N,U204,U204,U204-OP,HYDROSIZE U2-04,,PPA,999,21667.5,,6750.0,3061.7490000000003,7300.12,21667.5,14367.38,14367.38,,0.0,2.1285,15.0,10240,Brendan Schloerb,"Lite Fibers - Ellwood City, PA",United States,"Lite Fibers - Ellwood City, PA",2020-06-02T00:00:00,Norman Seung,S,S4
00010,        CIN2,1209361,1.001,N,U204,U204,U204-OP,HYDROSIZE U2-04,,PPA,999,1444.5,,450.0,204.1166,274.05,1444.5,1170.45,1170.45,,0.0,2.601,1.0,10240,Brendan Schloerb,"Lite Fibers - Ellwood City, PA",United States,"Lite Fibers - Ellwood City, PA",2020-11-03T00:00:00,Norman Seung,S,S4
00010,        CIN2,1267542,1.001,N,U204,U204,U204-OP,HYDROSIZE U2-04,,PPA,999,5778.0,,1800.0,816.4664,1162.8,5778.0,4615.2,4615.2,,0.0,2.564,4.0,10240,Brendan Schloerb,"Lite Fibers - Ellwood City, PA",United States,"Lite Fibers - Ellwood City, PA",2021-01-20T00:00:00,Norman Seung,S,S4
00010,        CIN2,1320220,1.001,N,U204,U204,U204-OP,HYDROSIZE U2-04,,PPA,999,18778.5,,5850.0,2653.5158,3779.1,18778.5,14999.4,14999.4,,0.0,2.564,13.0,10240,Brendan Schloerb,"Lite Fibers - Ellwood City, PA",United States,"Lite Fibers - Ellwood City, PA",2021-05-04T00:00:00,Norman Seung,S,S4
00010,        CIN2,1107504,2.0,N,U201,U201,U201-OP,HYDROSIZE U2-01,,PPA,999,5346.0,,1350.0,612.3498,2390.58,5346.0,2955.42,2955.42,,0.0,2.1892,3.0,10240,Brendan Schloerb,"Mitsubishi Chemical - Sacramento, CA",United States,Mitsubishi Chemical F&C-Global Parent,2020-06-15T00:00:00,Norman Seung,S,S4
00010,        CIN2,1209386,2.0,N,U204,U204,U204-OP,HYDROSIZE U2-04,,PPA,999,6516.0,,1800.0,816.4664,1834.2,6516.0,4681.8,4681.8,,0.0,2.601,4.0,10240,Brendan Schloerb,"Mitsubishi Chemical - Sacramento, CA",United States,Mitsubishi Chemical F&C-Global Parent,2020-11-11T00:00:00,Norman Seung,S,S4
00010,        CIN2,1212239,2.0,N,U201,U201,U201-PL,HYDROSIZE U2-01,,PPA,999,282.8,,40.0,18.1437,188.36,282.8,94.44,94.44,,0.0,2.361,1.0,10240,Moses Martinez,"Concordia Mfg - Coventry, RI",United States,"Concordia Mfg - Coventry, RI",2020-10-23T00:00:00,Norman Seung,S,S4
00010,        CIN2,1252181,2.0,N,U204,U204,U204-OP,HYDROSIZE U2-04,,PPA,999,6516.0,,1800.0,816.4664,1900.8,6516.0,4615.2,4615.2,,0.0,2.564,4.0,10240,Brendan Schloerb,"Mitsubishi Chemical - Sacramento, CA",United States,Mitsubishi Chemical F&C-Global Parent,2021-01-18T00:00:00,Norman Seung,S,S4
00010,        CIN2,1295100,2.0,N,U204,U204,U204-OP,HYDROSIZE U2-04,,PPA,999,9774.0,,2700.0,1224.6996,2851.2,9774.0,6922.8,6922.8,,0.0,2.564,6.0,10240,Brendan Schloerb,"Mitsubishi Chemical - Sacramento, CA",United States,Mitsubishi Chemical F&C-Global Parent,2021-03-09T00:00:00,Norman Seung,S,S4
00010,        CIN2,1345385,2.0,N,U204,U204,U204-OP,HYDROSIZE U2-04,,PPA,999,15192.0,,3600.0,1632.9328,5961.6,15192.0,9230.4,9230.4,,0.0,2.564,8.0,10240,Brendan Schloerb,"Mitsubishi Chemical - Sacramento, CA",United States,Mitsubishi Chemical F&C-Global Parent,2021-06-21T00:00:00,Norman Seung,S,S4
00010,        CIN2,1311951,2.0,N,U204,U204,U204-OP,HYDROSIZE U2-04,,PPA,999,2101.5,,450.0,204.1166,947.7,2101.5,1153.8,1153.8,,0.0,2.564,1.0,10240,Brendan Schloerb,"Sheldahl Flexible Tech - Northfield, MN",United States,"Sheldahl Flexible Tech - Northfield, MN",2021-05-24T00:00:00,Norman Seung,S,S4
00010,        CIN2,1330332,2.0,N,U204,U204,U204-OP,HYDROSIZE U2-04,,PPA,999,14832.0,,3600.0,1632.9328,5601.6,14832.0,9230.4,9230.4,,0.0,2.564,8.0,10240,Brendan Schloerb,"Mitsubishi Chemical - Sacramento, CA",United States,Mitsubishi Chemical F&C-Global Parent,2021-05-25T00:00:00,Norman Seung,S,S4
00010,        CIN2,1262399,2.0,N,U501,U501,U501-OP,HYDROSIZE U5-01,,COL,999,20196.0,,5400.0,2449.3992,2948.4,20196.0,17247.6,17247.6,,0.0,3.194,12.0,10240,Samuel Hankins,"AGY Aiken - Aiken, SC",United States,AGY - Global Parent,2021-02-01T00:00:00,Norman Seung,S,S4
00010,        CIN2,1350933,2.0,N,U501,U501,U501-OP,HYDROSIZE U5-01,,COL,999,338.35,,67.0,30.3912,124.35,338.35,214.0,214.0,,0.0,3.194,67.0,10240,Samuel Hankins,"AGY Aiken - Aiken, SC",United States,AGY - Global Parent,2021-05-27T00:00:00,Norman Seung,S,S4
00010,        CIN2,1328475,4.0,N,U501,U501,U501-OP,HYDROSIZE U5-01,,COL,999,5940.0,,1350.0,612.3498,1628.1,5940.0,4311.9,4311.9,,0.0,3.194,3.0,10240,Samuel Hankins,"AGY Aiken - Aiken, SC",United States,AGY - Global Parent,2021-08-16T00:00:00,Norman Seung,S,S4
00010,        CIN2,1371306,2.0,N,U204,U204,U204-OP,HYDROSIZE U2-04,,PPA,999,16038.0,,4050.0,1837.0494,5653.8,16038.0,10384.2,10384.2,,0.0,2.564,9.0,10240,Brendan Schloerb,"Mitsubishi Chemical - Sacramento, CA",United States,Mitsubishi Chemical F&C-Global Parent,2021-08-19T00:00:00,Norman Seung,S,S4
00010,        CIN2,1371306,2.001,N,U204,U204,U204-OP,HYDROSIZE U2-04,,PPA,999,12474.0,,3150.0,1428.8162,4397.4,12474.0,8076.6,8076.6,,0.0,2.564,7.0,10240,Brendan Schloerb,"Mitsubishi Chemical - Sacramento, CA",United States,Mitsubishi Chemical F&C-Global Parent,2021-08-19T00:00:00,Norman Seung,S,S4
00010,        CIN2,1377383,1.001,N,U501,U501,U501-OP,HYDROSIZE U5-01,,COL,999,74052.0,,15300.0,6939.9644,19278.0,74052.0,54774.0,54774.0,,0.0,3.58,34.0,10240,Samuel Hankins,"AGY Aiken - Aiken, SC",United States,AGY - Global Parent,2021-10-12T00:00:00,Norman Seung,S,S4
00010,        CIN2,1377384,1.001,N,U501,U501,U501-OP,HYDROSIZE U5-01,,COL,999,82764.0,,17100.0,7756.4308,19323.0,82764.0,63441.0,63441.0,,0.0,3.71,38.0,10240,Samuel Hankins,"AGY Aiken - Aiken, SC",United States,AGY - Global Parent,2021-12-21T00:00:00,Norman Seung,S,S4
00010,        CIN2,1393447,2.0,N,U101,U101,U101-OP,HYDROSIZE U1-01,,PPA,999,1281.0,,300.0,136.08,648.3,1281.0,632.7,632.7,,0.0,2.109,300.0,10240,Brendan Schloerb,"Mitsubishi Chem Adv Material - Mesa, AZ",United States,Mitsubishi Chemical F&C-Global Parent,2021-08-05T00:00:00,Norman Seung,S,S4
00010,        CIN2,1405065,1.001,N,U501,U501,U501-OP,HYDROSIZE U5-01,,COL,999,82764.0,,17100.0,7756.4308,19323.0,82764.0,63441.0,63441.0,,0.0,3.71,38.0,10240,Samuel Hankins,"AGY Aiken - Aiken, SC",United States,AGY - Global Parent,2021-12-21T00:00:00,Norman Seung,S,S4
00010,        CIN2,1422742,1.001,N,U204,U204,U204-OP,HYDROSIZE U2-04,,PPA,999,13644.0,,3600.0,1632.9328,3672.0,13644.0,9972.0,9972.0,,0.0,2.77,8.0,10240,Brendan Schloerb,"Lite Fibers - Ellwood City, PA",United States,"Lite Fibers - Ellwood City, PA",2021-10-05T00:00:00,Norman Seung,S,S4
00010,        CIN2,1453481,1.001,N,U204,U204,U204-OP,HYDROSIZE U2-04,,PPA,999,10233.0,,2700.0,1224.6996,2484.0,10233.0,7749.0,7749.0,,0.0,2.87,6.0,10240,Brendan Schloerb,"Lite Fibers - Ellwood City, PA",United States,"Lite Fibers - Ellwood City, PA",2021-11-29T00:00:00,Norman Seung,S,S4
00010,        CIN2,1463259,3.0,N,U204,U204,U204-OP,HYDROSIZE U2-04,,PPA,999,2101.5,,450.0,204.1166,810.0,2101.5,1291.5,1291.5,,0.0,2.87,1.0,10240,Brendan Schloerb,"Sheldahl Flexible Tech - Northfield, MN",United States,"Sheldahl Flexible Tech - Northfield, MN",2021-12-13T00:00:00,Norman Seung,S,S4
00010,        CIN2,1504057,1.001,N,U204,U204,U204-OP,HYDROSIZE U2-04,,PPA,999,6264.0,,1350.0,612.3498,1771.2,6264.0,4492.8,4492.8,,0.0,3.328,3.0,10240,Moses Martinez,"Carbitex - Kennewick, WA",United States,"Carbitex - Kennewick, WA",2022-03-07T00:00:00,Norman Seung,S,S4
00010,        CIN2,1507551,1.001,N,U204,U204,U204-OP,HYDROSIZE U2-04,,PPA,999,22171.5,,5850.0,2653.5158,2702.7,22171.5,19468.8,19468.8,,0.0,3.328,13.0,10240,Brendan Schloerb,"Lite Fibers - Ellwood City, PA",United States,"Lite Fibers - Ellwood City, PA",2022-02-28T00:00:00,Norman Seung,S,S4
00010,        CIN2,1547348,1.001,N,U204,U204,U204-OP,HYDROSIZE U2-04,,PPA,999,17055.0,,4500.0,2041.1660000000002,2079.0,17055.0,14976.0,14976.0,,0.0,3.328,10.0,10240,Brendan Schloerb,"Lite Fibers - Ellwood City, PA",United States,"Lite Fibers - Ellwood City, PA",2022-04-11T00:00:00,Norman Seung,S,S4
00010,        CIN2,1581529,3.0,N,U201,U201,U201-OP,HYDROSIZE U2-01,,PPA,999,11205.0,,2700.0,1224.6996,1979.64,11205.0,9225.36,9225.36,,0.0,3.4168,6.0,10240,Brendan Schloerb,"Mitsubishi Chemical - Sacramento, CA",United States,Mitsubishi Chemical F&C-Global Parent,2022-05-11T00:00:00,Norman Seung,S,S4
00010,        CIN2,1613945,2.0,N,U204,U204,U204-OP,HYDROSIZE U2-04,,PPA,999,7587.0,,1350.0,612.3498,3057.75,7587.0,4529.25,4529.25,,0.0,3.355,3.0,10240,Brendan Schloerb,"Mitsubishi Chemical - Sacramento, CA",United States,Mitsubishi Chemical F&C-Global Parent,2022-06-15T00:00:00,Norman Seung,S,S4
00010,        CIN2,1639131,1.001,N,U204,U204,U204-OP,HYDROSIZE U2-04,,PPA,999,27972.0,,5400.0,2449.3992,9855.0,27972.0,18117.0,18117.0,,0.0,3.355,12.0,10240,Brendan Schloerb,"Lite Fibers - Ellwood City, PA",United States,"Lite Fibers - Ellwood City, PA",2022-08-08T00:00:00,Norman Seung,S,S4
00010,        CIN2,1660437,1.001,N,U204,U204,U204-OP,HYDROSIZE U2-04,,PPA,999,37296.0,,7200.0,3265.8656,10375.2,37296.0,26920.8,26920.8,,0.0,3.739,16.0,10240,Brendan Schloerb,"Lite Fibers - Ellwood City, PA",United States,"Lite Fibers - Ellwood City, PA",2022-09-21T00:00:00,Norman Seung,S,S4
00010,        CIN2,1328475,2.0,N,U501,U501,U501-OP,HYDROSIZE U5-01,,COL,999,79200.0,,18000.0,8164.664000000001,21708.0,79200.0,57492.0,57492.0,,0.0,3.194,40.0,10240,Samuel Hankins,"AGY Aiken - Aiken, SC",United States,AGY - Global Parent,2021-08-12T00:00:00,Norman Seung,S,S4
00010,        CIN2,1590150,1.001,N,U201,U201,U201-OP,HYDROSIZE U2-01,,PPA,999,5085.0,,900.0,408.2332,2009.88,5085.0,3075.12,3075.12,,0.0,3.4168,2.0,10240,Brendan Schloerb,"Mitsubishi Chemical - Sacramento, CA",United States,Mitsubishi Chemical F&C-Global Parent,2022-05-18T00:00:00,Norman Seung,S,S4
00010,        CIN2,1590150,1.002,N,U201,U201,U201-OP,HYDROSIZE U2-01,,PPA,999,5085.0,,900.0,408.2332,2009.88,5085.0,3075.12,3075.12,,0.0,3.4168,2.0,10240,Brendan Schloerb,"Mitsubishi Chemical - Sacramento, CA",United States,Mitsubishi Chemical F&C-Global Parent,2022-05-18T00:00:00,Norman Seung,S,S4
00010,        CIN2,1603324,2.0,N,U101,U101,U101-OP,HYDROSIZE U1-01,,COL,999,67509.0,,11700.0,5307.0316,31320.9,67509.0,36188.1,36188.1,,0.0,3.093,26.0,10240,Samuel Hankins,"Johns Manville - Waterville, OH(River)",United States,Johns Manville - Global Parent,2022-07-18T00:00:00,Norman Seung,S,S4
00010,        CIN2,1369660,1.001,N,U101,U101,U101-OP,HYDROSIZE U1-01,,COL,999,1530.0,,450.0,204.1166,580.95,1530.0,949.05,949.05,,0.0,2.109,1.0,10240,Samuel Hankins,"Johns Manville - Waterville, OH(River)",United States,Johns Manville - Global Parent,2021-09-07T00:00:00,Norman Seung,S,S4
00010,        CIN2,1369660,1.002,N,U101,U101,U101-OP,HYDROSIZE U1-01,,COL,999,53550.0,,15750.0,7144.081,20333.25,53550.0,33216.75,33216.75,,0.0,2.109,35.0,10240,Samuel Hankins,"Johns Manville - Waterville, OH(River)",United States,Johns Manville - Global Parent,2021-09-07T00:00:00,Norman Seung,S,S4
00010,        CIN2,1369674,1.001,N,U101,U101,U101-OP,HYDROSIZE U1-01,,COL,999,1530.0,,450.0,204.1166,580.95,1530.0,949.05,949.05,,0.0,2.109,1.0,10240,Samuel Hankins,"Johns Manville - Waterville, OH(River)",United States,Johns Manville - Global Parent,2021-09-02T00:00:00,Norman Seung,S,S4
00010,        CIN2,1381644,2.0,N,U101,U101,U101-OP,HYDROSIZE U1-01,,COL,999,6120.0,,1800.0,816.4664,2323.8,6120.0,3796.2,3796.2,,0.0,2.109,4.0,10240,Samuel Hankins,"Johns Manville - Waterville, OH(River)",United States,Johns Manville - Global Parent,2021-09-29T00:00:00,Norman Seung,S,S4
00010,        CIN2,1384848,1.002,N,U101,U101,U101-OP,HYDROSIZE U1-01,,COL,999,1530.0,,450.0,204.1166,580.95,1530.0,949.05,949.05,,0.0,2.109,1.0,10240,Samuel Hankins,"Johns Manville - Waterville, OH(River)",United States,Johns Manville - Global Parent,2021-07-23T00:00:00,Norman Seung,S,S4
00010,        CIN2,1384848,1.003,N,U101,U101,U101-OP,HYDROSIZE U1-01,,COL,999,9882.0,,2700.0,1224.6996,4187.7,9882.0,5694.3,5694.3,,0.0,2.109,6.0,10240,Samuel Hankins,"Johns Manville - Waterville, OH(River)",United States,Johns Manville - Global Parent,2021-07-23T00:00:00,Norman Seung,S,S4
00010,        CIN2,1403428,1.001,N,U101,U101,U101-OP,HYDROSIZE U1-01,,COL,999,21352.5,,5850.0,2653.5158,6282.9,21352.5,15069.6,15069.6,,0.0,2.576,13.0,10240,Samuel Hankins,"Johns Manville - Waterville, OH(River)",United States,Johns Manville - Global Parent,2022-01-20T00:00:00,Norman Seung,S,S4
00010,        CIN2,1433321,2.0,N,U502,U502,U502-OP,HYDROSIZE U5-02,,COL,999,66348.0,,8550.0,3878.2154,37645.65,66348.0,28702.35,28702.35,,0.0,3.357,19.0,10240,Samuel Hankins,"Johns Manville - Waterville, OH(River)",United States,Johns Manville - Global Parent,2022-04-25T00:00:00,Norman Seung,S,S4
00010,        CIN2,1442607,2.0,N,U101,U101,U101-OP,HYDROSIZE U1-01,,COL,999,16830.0,,4950.0,2245.2826,4078.8,16830.0,12751.2,12751.2,,0.0,2.576,11.0,10240,Samuel Hankins,"Johns Manville - Waterville, OH(River)",United States,Johns Manville - Global Parent,2022-01-04T00:00:00,Norman Seung,S,S4
00010,        CIN2,1499627,2.0,N,U501,U501,U501-OP,HYDROSIZE U5-01,,COL,999,3861.0,,900.0,408.2332,522.0,3861.0,3339.0,3339.0,,0.0,3.71,2.0,10240,Samuel Hankins,"Johns Manville - Waterville, OH(River)",United States,Johns Manville - Global Parent,2022-01-20T00:00:00,Norman Seung,S,S4
00010,        CIN2,1524492,2.0,N,U101,U101,U101-OP,HYDROSIZE U1-01,,COL,999,3627.0,,900.0,408.2332,871.2,3627.0,2755.8,2755.8,,0.0,3.062,2.0,10240,Samuel Hankins,"Johns Manville - Waterville, OH(River)",United States,Johns Manville - Global Parent,2022-04-06T00:00:00,Norman Seung,S,S4
00010,        CIN2,1524492,2.001,N,U101,U101,U101-OP,HYDROSIZE U1-01,,COL,999,36270.0,,9000.0,4082.3320000000003,8712.0,36270.0,27558.0,27558.0,,0.0,3.062,20.0,10240,Samuel Hankins,"Johns Manville - Waterville, OH(River)",United States,Johns Manville - Global Parent,2022-04-06T00:00:00,Norman Seung,S,S4
00010,        CIN2,1545971,2.0,N,U601,U601,U601-OP,HYDROSIZE U6-01,,COL,999,4653.0,,900.0,408.2332,2206.8,4653.0,2446.2,2446.2,,0.0,2.718,2.0,10240,Brendan Schloerb,"Zoltek - St. Charles, MO",United States,Zoltek - Global Parent,2022-03-09T00:00:00,Norman Seung,S,S4
00010,        CIN2,1603308,1.001,N,U101,U101,U101-OP,HYDROSIZE U1-01,,COL,999,36351.0,,6300.0,2857.6324,16865.1,36351.0,19485.9,19485.9,,0.0,3.093,14.0,10240,Samuel Hankins,"Johns Manville - Waterville, OH(River)",United States,Johns Manville - Global Parent,2022-07-15T00:00:00,Norman Seung,S,S4
00010,        CIN2,1635319,4.0,N,U601,U601,U601-OP,HYDROSIZE U6-01,,COL,999,4491.0,,900.0,408.2332,1940.4,4491.0,2550.6,2550.6,,0.0,2.834,2.0,10240,Moses Martinez,"SGL Composites - Moses Lake,  WA",United States,SGL Carbon - Global Parent,2022-10-13T00:00:00,Norman Seung,S,S4
00010,        CIN2,1648262,1.001,N,U101,U101,U101-OP,HYDROSIZE U1-01,,COL,999,25965.0,,4500.0,2041.1660000000002,11974.5,25965.0,13990.5,13990.5,,0.0,3.109,10.0,10240,Samuel Hankins,"Johns Manville - Waterville, OH(River)",United States,Johns Manville - Global Parent,2022-09-19T00:00:00,Norman Seung,S,S4
00010,        CIN2,2271832,4.0,N,U601,U601,U601-PL,HYDROSIZE U6-01,,PPB,999,0.0,,120.0,54.4311,-367.63,0.0,367.63,367.63,,0.0,3.0636,3.0,10240,Samuel Hankins,"University of Tennessee - Knoxville, TN",United States,"University of Tennessee - Knoxville, TN",2024-11-12T00:00:00,Norman Seung,S,S4
00010,        CIN2,2081086,1.001,N,U2022,U2022,U2022-OP,HYDROSIZE U2022,,PPA,999,39555.0,,6750.0,3061.7490000000003,17035.65,39555.0,22519.35,22519.35,,0.0,3.3362,15.0,10240,Samuel Hankins,"Vartega - Denver, CO",United States,Vartega - Global Parent,2024-07-11T00:00:00,Norman Seung,S,S4
00010,        CIN2,2103706,1.001,N,U501,U501,U501-OP,HYDROSIZE U5-01,,COL,999,184977.0,,17550.0,7960.5474,92435.85,184977.0,92541.15,92541.15,,0.0,5.273,39.0,10240,Samuel Hankins,"AGY Aiken - Aiken, SC",United States,AGY - Global Parent,2024-05-14T00:00:00,Norman Seung,S,S4
00010,        CIN2,2128074,1.001,N,U201,U201,U201-OP,HYDROSIZE U2-01,,PPA,999,2493.0,,450.0,204.1166,1046.47,2493.0,1446.53,1446.53,,0.0,3.2145,1.0,10240,Brendan Schloerb,"Mitsubishi Chemical - Sacramento, CA",United States,Mitsubishi Chemical F&C-Global Parent,2024-05-08T00:00:00,Norman Seung,S,S4
00010,        CIN2,2133536,1.001,N,U201,U201,U201-OP,HYDROSIZE U2-01,,PPA,999,12465.0,,2250.0,1020.5830000000001,5227.87,12465.0,7237.13,7237.13,,0.0,3.2165,5.0,10240,Brendan Schloerb,"Mitsubishi Chemical - Sacramento, CA",United States,Mitsubishi Chemical F&C-Global Parent,2024-07-01T00:00:00,Norman Seung,S,S4
00010,        CIN2,2155709,1.001,N,U501,U501,U501-OP,HYDROSIZE U5-01,,COL,999,2666.62,,253.0,114.7608,1458.75,2666.62,1207.87,1207.87,,0.0,4.7742,253.0,10240,Samuel Hankins,"AGY Aiken - Aiken, SC",United States,AGY - Global Parent,2024-07-25T00:00:00,Norman Seung,S,S4
00010,        CIN2,2155709,1.002,N,U501,U501,U501-OP,HYDROSIZE U5-01,,COL,999,184977.0,,17550.0,7960.68,101189.79,184977.0,83787.21,83787.21,,0.0,4.7742,17550.0,10240,Samuel Hankins,"AGY Aiken - Aiken, SC",United States,AGY - Global Parent,2024-07-25T00:00:00,Norman Seung,S,S4
00010,        CIN2,2155709,1.003,N,U501,U501,U501-OP,HYDROSIZE U5-01,,COL,999,4289.78,,407.0,184.6152,2346.68,4289.78,1943.1,1943.1,,0.0,4.7742,407.0,10240,Samuel Hankins,"AGY Aiken - Aiken, SC",United States,AGY - Global Parent,2024-07-25T00:00:00,Norman Seung,S,S4
00010,        CIN2,2251233,2.0,N,U201,U201,U201-OP,HYDROSIZE U2-01,,COL,999,2853.0,,450.0,204.1166,1406.56,2853.0,1446.44,1446.44,,0.0,3.2143,1.0,10240,Samuel Hankins,"Highland Industries - Cheraw, SC",United States,"Highland Industries - Cheraw, SC",2024-10-08T00:00:00,Norman Seung,S,S4
00010,        CIN2,2267951,1.001,N,U502,U502,U502-OP,HYDROSIZE U5-02,,COL,999,6363.0,,900.0,408.2332,1905.12,6363.0,4457.88,4457.88,,0.0,4.9532,2.0,10240,Samuel Hankins,"Johns Manville - Waterville, OH(River)",United States,Johns Manville - Global Parent,2024-12-26T00:00:00,Norman Seung,S,S4
00010,        CIN2,2605385,1.001,N,U201,U201,U201-OP,HYDROSIZE U2-01,,PPA,999,9972.0,,1800.0,816.48,4228.02,9972.0,5743.98,5743.98,,0.0,3.1911,1800.0,10240,Brendan Schloerb,"Mitsubishi Chemical - Sacramento, CA",United States,Mitsubishi Chemical F&C-Global Parent,2026-01-13T00:00:00,Norman Seung,S,S4
00010,        CIN2,2618528,1.001,N,U204,U204,U204-OP,HYDROSIZE U2-04,,PPA,999,22644.0,,3600.0,1632.9328,11009.52,22644.0,11634.48,11634.48,,0.0,3.2318,8.0,10240,Brendan Schloerb,"Mitsubishi Chemical - Sacramento, CA",United States,Mitsubishi Chemical F&C-Global Parent,2026-05-13T00:00:00,Norman Seung,S,S4
00010,        CIN2,2647796,1.001,N,U2022,U2022,U2022-OP,HYDROSIZE U2022,,PPA,999,8005.5,,1350.0,612.36,3735.45,8005.5,4270.05,4270.05,,0.0,3.163,1350.0,10240,Samuel Hankins,"William Barnet  & Son - Spartanburg, SC",United States,"William Barnet  & Son - Spartanburg, SC",2026-03-23T00:00:00,Norman Seung,S,S4
00010,        CIN2,2695216,1.001,N,U2022,U2022,U2022-OP,HYDROSIZE U2022,,PPA,999,2776.5,,450.0,204.12,1274.4,2776.5,1502.1,1502.1,,0.0,3.338,450.0,10240,Samuel Hankins,"William Barnet  & Son - Spartanburg, SC",United States,"William Barnet  & Son - Spartanburg, SC",2026-05-20T00:00:00,Norman Seung,S,S4
00010,        CIN2,2695216,2.0,N,U2022,U2022,U2022-OP,HYDROSIZE U2022,,PPA,999,2529.7,,410.0,185.976,1161.12,2529.7,1368.58,1368.58,,0.0,3.338,410.0,10240,Samuel Hankins,"William Barnet  & Son - Spartanburg, SC",United States,"William Barnet  & Son - Spartanburg, SC",2026-05-20T00:00:00,Norman Seung,S,S4
00010,        CIN2,2697383,2.0,N,U2022,U2022,U2022-OP,HYDROSIZE U2022,,COL,999,15309.0,,2700.0,1224.6996,6296.4,15309.0,9012.6,9012.6,,0.0,3.338,6.0,10240,Samuel Hankins,"Teijin Carbon America - Rockwood, TN",United States,Teijin Carbon - Global Parent,2026-07-08T00:00:00,Norman Seung,S,S4
00010,        CIN2,2696503,2.0,N,U2022,U2022,U2022-OP,HYDROSIZE U2022,,COL,999,2551.5,,450.0,204.1166,1049.4,2551.5,1502.1,1502.1,,0.0,3.338,1.0,10240,Samuel Hankins,"Teijin Carbon America - Rockwood, TN",United States,Teijin Carbon - Global Parent,2026-07-08T00:00:00,Norman Seung,S,S4
00010,        CIN2,2262627,2.0,N,U101,U101,U101-OP,HYDROSIZE U1-01,,COL,999,17712.0,,3600.0,1632.9328,7516.8,17712.0,10195.2,10195.2,,0.0,2.832,8.0,10240,Samuel Hankins,"Johns Manville - Waterville, OH(River)",United States,Johns Manville - Global Parent,2025-01-22T00:00:00,Norman Seung,S,S4
00010,        CIN2,2382408,1.001,N,U204,U204,U204-OP,HYDROSIZE U2-04,,PPA,999,7789.5,,1350.0,612.3498,3596.13,7789.5,4193.37,4193.37,,0.0,3.1062,3.0,10240,Brendan Schloerb,"Mitsubishi Chemical - Sacramento, CA",United States,Mitsubishi Chemical F&C-Global Parent,2025-09-17T00:00:00,Norman Seung,S,S4
00010,        CIN2,2382408,1.002,N,U204,U204,U204-OP,HYDROSIZE U2-04,,PPA,999,2596.5,,450.0,204.1166,1198.71,2596.5,1397.79,1397.79,,0.0,3.1062,1.0,10240,Brendan Schloerb,"Mitsubishi Chemical - Sacramento, CA",United States,Mitsubishi Chemical F&C-Global Parent,2025-09-17T00:00:00,Norman Seung,S,S4
00010,        CIN2,2382408,1.003,N,U204,U204,U204-OP,HYDROSIZE U2-04,,PPA,999,10386.0,,1800.0,816.4664,4794.84,10386.0,5591.16,5591.16,,0.0,3.1062,4.0,10240,Brendan Schloerb,"Mitsubishi Chemical - Sacramento, CA",United States,Mitsubishi Chemical F&C-Global Parent,2025-09-17T00:00:00,Norman Seung,S,S4
00010,        CIN2,2384655,2.0,N,U501,U501,U501-OP,HYDROSIZE U5-01,,COL,999,3214.7,,305.0,138.348,1758.57,3214.7,1456.13,1456.13,,0.0,4.7742,305.0,10240,Samuel Hankins,"AGY Aiken - Aiken, SC",United States,AGY - Global Parent,2025-05-20T00:00:00,Norman Seung,S,S4
00010,        CIN2,2393588,1.001,N,U101,U101,U101-OP,HYDROSIZE U1-01,,COL,999,15498.0,,3150.0,1428.8162,7295.4,15498.0,8202.6,8202.6,,0.0,2.604,7.0,10240,Samuel Hankins,"Johns Manville - Waterville, OH(River)",United States,Johns Manville - Global Parent,2025-06-04T00:00:00,Norman Seung,S,S4
00010,        CIN2,2395489,2.0,N,U601,U601,U601-PL,HYDROSIZE U6-01,,PPA,999,319.6,,40.0,18.1437,191.4,319.6,128.2,128.2,,0.0,3.2051,1.0,10240,Moses Martinez,"Rocket Fibers - Hatfield, PA",United States,"Rocket Fibers - Hatfield, PA",2025-04-22T00:00:00,Norman Seung,S,S4
00010,        CIN2,2425638,2.0,N,U601,U601,U601-OP,HYDROSIZE U6-01,,PPA,999,2245.5,,450.0,204.1166,1044.9,2245.5,1200.6,1200.6,,0.0,2.668,1.0,10240,Samuel Hankins,"William Barnet  & Son - Spartanburg, SC",United States,"William Barnet  & Son - Spartanburg, SC",2025-05-23T00:00:00,Norman Seung,S,S4
00010,        CIN2,2461975,2.0,N,U502,U502,U502-OP,HYDROSIZE U5-02,,COB,999,25452.0,,3600.0,1632.9328,7627.68,25452.0,17824.32,17824.32,,0.0,4.9512,8.0,10240,Samuel Hankins,"Johns Manville - Waterville, OH(River)",United States,Johns Manville - Global Parent,2025-08-19T00:00:00,Norman Seung,S,S4
00010,        CIN2,2547842,1.001,N,U101,U101,U101-OP,HYDROSIZE U1-01,,COB,999,42066.0,,8550.0,3878.2154,19562.4,42066.0,22503.6,22503.6,,0.0,2.632,19.0,10240,Samuel Hankins,"Johns Manville - Waterville, OH(River)",United States,Johns Manville - Global Parent,2025-12-22T00:00:00,Norman Seung,S,S4
00010,        CIN2,1616901,1.001,N,U501,U501,U501-OP,HYDROSIZE U5-01,,COL,999,191646.0,,17550.0,7960.5474,99754.2,191646.0,91891.8,91891.8,,0.0,5.236,39.0,10240,Samuel Hankins,"AGY Aiken - Aiken, SC",United States,AGY - Global Parent,2023-01-27T00:00:00,Norman Seung,S,S4
00010,        CIN2,1616917,1.001,N,U501,U501,U501-OP,HYDROSIZE U5-01,,COL,999,191646.0,,17550.0,7960.5474,108792.45,191646.0,82853.55,82853.55,,0.0,4.721,39.0,10240,Samuel Hankins,"AGY Aiken - Aiken, SC",United States,AGY - Global Parent,2023-01-20T00:00:00,Norman Seung,S,S4
00010,        CIN2,1693648,1.001,N,U204,U204,U204-OP,HYDROSIZE U2-04,,PPA,999,16317.0,,3150.0,1428.8162,4587.97,16317.0,11729.03,11729.03,,0.0,3.7235,7.0,10240,Brendan Schloerb,"Lite Fibers - Ellwood City, PA",United States,"Lite Fibers - Ellwood City, PA",2023-02-01T00:00:00,Norman Seung,S,S4
00010,        CIN2,1760028,2.0,N,U204,U204,U204-OP,HYDROSIZE U2-04,,PPA,999,10386.0,,1800.0,816.4664,3683.7,10386.0,6702.3,6702.3,,0.0,3.7235,4.0,10240,Brendan Schloerb,"Mitsubishi Chemical - Sacramento, CA",United States,Mitsubishi Chemical F&C-Global Parent,2023-02-08T00:00:00,Norman Seung,S,S4
00010,        CIN2,1760028,2.001,N,U204,U204,U204-OP,HYDROSIZE U2-04,,PPA,999,20772.0,,3600.0,1632.9328,7367.4,20772.0,13404.6,13404.6,,0.0,3.7235,8.0,10240,Brendan Schloerb,"Mitsubishi Chemical - Sacramento, CA",United States,Mitsubishi Chemical F&C-Global Parent,2023-02-08T00:00:00,Norman Seung,S,S4
00010,        CIN2,1779663,2.0,N,U2022,U2022,U2022-OP,HYDROSIZE U2022,,COL,999,2844.0,,450.0,204.1166,1121.4,2844.0,1722.6,1722.6,,0.0,3.828,1.0,10240,Moses Martinez,"Omnia - Oxford, NC (J DISPENNETTE)",United States,"Omnia - Oxford, NC (J DISPENNETTE)",2023-01-30T00:00:00,Norman Seung,S,S4
00010,        CIN2,1787148,1.001,N,U2022,U2022,U2022-OP,HYDROSIZE U2022,,PPA,999,26595.0,,4500.0,2041.1660000000002,9369.0,26595.0,17226.0,17226.0,,0.0,3.828,10.0,10240,Samuel Hankins,"Vartega Inc- Golden, CO",United States,Vartega - Global Parent,2023-03-21T00:00:00,Norman Seung,S,S4
00010,        CIN2,1787148,2.0,N,U2023,U2023,U2023-PL,HYDROSIZE U2023,,PPA,999,324.8,,40.0,18.1437,238.13,324.8,86.67,86.67,,0.0,2.1668,1.0,10240,Samuel Hankins,"Vartega Inc- Golden, CO",United States,Vartega - Global Parent,2023-03-13T00:00:00,Norman Seung,S,S4
00010,        CIN2,1886745,1.001,N,U2022,U2022,U2022-OP,HYDROSIZE U2022,,PPA,999,26370.0,,4500.0,2041.1660000000002,10454.4,26370.0,15915.6,15915.6,,0.0,3.5368,10.0,10240,Samuel Hankins,"Vartega Inc- Golden, CO",United States,Vartega - Global Parent,2023-09-29T00:00:00,Norman Seung,S,S4
00010,        CIN2,1886746,1.001,N,U2022,U2022,U2022-OP,HYDROSIZE U2022,,PPA,999,26370.0,,4500.0,2041.1660000000002,10454.4,26370.0,15915.6,15915.6,,0.0,3.5368,10.0,10240,Samuel Hankins,"Vartega Inc- Golden, CO",United States,Vartega - Global Parent,2023-09-25T00:00:00,Norman Seung,S,S4
00010,        CIN2,1886746,1.002,N,U2022,U2022,U2022-OP,HYDROSIZE U2022,,PPA,999,10548.0,,1800.0,816.4664,4181.76,10548.0,6366.24,6366.24,,0.0,3.5368,4.0,10240,Samuel Hankins,"Vartega Inc- Golden, CO",United States,Vartega - Global Parent,2023-09-25T00:00:00,Norman Seung,S,S4
00010,        CIN2,1886762,1.002,N,U2022,U2022,U2022-OP,HYDROSIZE U2022,,PPA,999,23733.0,,4050.0,1837.0494,9408.96,23733.0,14324.04,14324.04,,0.0,3.5368,9.0,10240,Samuel Hankins,"Vartega Inc- Golden, CO",United States,Vartega - Global Parent,2023-10-23T00:00:00,Norman Seung,S,S4
00010,        CIN2,1890159,2.0,N,U601,U601,U601-PL,HYDROSIZE U6-01,,PPA,999,399.6,,40.0,18.1437,273.03,399.6,126.57,126.57,,0.0,3.1643,1.0,10240,Samuel Hankins,"William Barnet  & Son - Spartanburg, SC",United States,"William Barnet  & Son - Spartanburg, SC",2023-06-20T00:00:00,Norman Seung,S,S4
00010,        CIN2,1971665,1.001,N,U501,U501,U501-OP,HYDROSIZE U5-01,,COL,999,93366.0,,8550.0,3878.2154,48281.85,93366.0,45084.15,45084.15,,0.0,5.273,19.0,10240,Samuel Hankins,"AGY Aiken - Aiken, SC",United States,AGY - Global Parent,2023-11-06T00:00:00,Norman Seung,S,S4
00010,        CIN2,1302013,2.0,N,APT10,APT10,APT10,ADVANCED POLYMER TECHNOLOGY 10,,PPD,999,100556.0,,43720.0,19831.392,7441.14,100556.0,93114.86,93114.86,,0.0,2.1298,43720.0,10220,Bryan Fuka,Advanced Polymer Technology- Evans Ci PA,United States,Advanced Polymer Tech. -- Global Parent,2021-03-22T00:00:00,Chris Vogt,S,S4
00010,        CINC,1352172,2.0,N,APT10,APT10,APT10,ADVANCED POLYMER TECHNOLOGY 10,,PPD,999,105899.2,,43760.0,19849.536,14134.48,105899.2,91764.72,91764.72,,0.0,2.097,43760.0,10220,Bryan Fuka,Advanced Polymer Technology- Evans Ci PA,United States,Advanced Polymer Tech. -- Global Parent,2021-07-01T00:00:00,Chris Vogt,S,S4
00010,        CINC,1174260,1.001,N,WD40,WD40,WD40-SP,WAX DISPERSION 40,,COL,999,174.6,,30.0,13.6078,133.57,174.6,41.03,41.03,,0.0,1.3675,1.0,10220,Tammy Patton,"Altima Int-Coral Gables, FL",United States,Altima - GLOBAL PARENT,2020-08-21T00:00:00,Gary Singer,S,S4
00010,        CIN2,1065712,1.001,N,MDU4075,MDU4075.E,MDU4075.E-TO,MICHEM DISP. URETHANE 4075,,COL,999,11331.64,,4409.245,2000.0,4039.04,11331.64,7292.6,7292.6,,0.0,3.6463,2.0,10220,Tammy Patton,"Ohio Concrete/Nature Stone-Bedford, OH",United States,Ohio Concrete - Global Parent,2020-01-28T00:00:00,.,S,S4
00010,        CINC,1088769,1.001,N,WD40,WD40,WD40-UN,WAX DISPERSION 40,,COB,999,4252.5,,1750.0,793.7864999999999,2445.27,4252.5,1807.23,1807.23,,0.0,1.0327,5.0,10220,Brendan Schloerb,"Benjamin Moore - Milford, MA",United States,Benjamin Moore - Global Parent,2020-03-31T00:00:00,Gary Singer,S,S4
00010,        CIN2,1135993,1.002,N,MDU4075,MDU4075.E,MDU4075.E-TO,MICHEM DISP. URETHANE 4075,,COL,999,11331.64,,4409.245,2000.0,4039.04,11331.64,7292.6,7292.6,,0.0,3.6463,2.0,10220,Tammy Patton,"Ohio Concrete/Nature Stone-Bedford, OH",United States,Ohio Concrete - Global Parent,2020-06-04T00:00:00,.,S,S4
00010,        CIN2,1157999,1.003,N,MDU4075,MDU4075.E,MDU4075.E-TO,MICHEM DISP. URETHANE 4075,,COL,999,11331.64,,4409.245,2000.0,4039.04,11331.64,7292.6,7292.6,,0.0,3.6463,2.0,10220,Tammy Patton,"Ohio Concrete/Nature Stone-Bedford, OH",United States,Ohio Concrete - Global Parent,2020-07-13T00:00:00,.,S,S4
00010,        CINC,1285224,1.001,N,WD40,WD40,WD40-UN,WAX DISPERSION 40,,COB,999,889.0,,350.0,158.7573,455.0,889.0,434.0,434.0,,0.0,1.24,1.0,10220,Brendan Schloerb,"Benjamin Moore - Milford, MA",United States,Benjamin Moore - Global Parent,2021-05-14T00:00:00,Gary Singer,S,S4
00010,        CINC,1285224,1.002,N,WD40,WD40,WD40-UN,WAX DISPERSION 40,,COB,999,7112.0,,2800.0,1270.0584,3640.0,7112.0,3472.0,3472.0,,0.0,1.24,8.0,10220,Brendan Schloerb,"Benjamin Moore - Milford, MA",United States,Benjamin Moore - Global Parent,2021-05-14T00:00:00,Gary Singer,S,S4
00010,        CIN2,1207652,6.0,N,MDU4075B,MDU4075B.E,MDU4075B.E-OP,MICHEM DISP. URETHANE 4075B,,COL,999,3067.04,,450.0,204.1166,3067.04,3067.04,0.0,0.0,,0.0,0.0,1.0,10220,Tammy Patton,"Ohio Concrete/Nature Stone-Bedford, OH",United States,Ohio Concrete - Global Parent,2020-11-16T00:00:00,Marcos Pedreira,S,S4
00010,        CINC,1259586,1.002,N,WD40,WD40,WD40-UN,WAX DISPERSION 40,,COB,999,9355.5,,3850.0,1746.3302999999999,4735.5,9355.5,4620.0,4620.0,,0.0,1.2,11.0,10220,Brendan Schloerb,"Benjamin Moore - Milford, MA",United States,Benjamin Moore - Global Parent,2021-02-08T00:00:00,Gary Singer,S,S4
00010,        CINC,1048028,5.0,N,WD40,WD40,WD40-UN,WAX DISPERSION 40,,COL,999,303.8,,140.0,63.504,158.09,303.8,145.71,145.71,,0.0,1.0408,140.0,10220,Tammy Patton,"Gemini Ctgs - El Reno, OK",United States,Gemini Coatings - Global Parent,2020-01-20T00:00:00,Gary Singer,S,S4
00010,        CINC,1048028,6.0,N,WD40,WD40,WD40-UN,WAX DISPERSION 40,,COL,999,266.91,,123.0,55.7928,138.89,266.91,128.02,128.02,,0.0,1.0408,123.0,10220,Tammy Patton,"Gemini Ctgs - El Reno, OK",United States,Gemini Coatings - Global Parent,2020-01-20T00:00:00,Gary Singer,S,S4
00010,        CINC,1269558,1.002,N,WD40,WD40,WD40-UN,WAX DISPERSION 40,,COL,999,10206.0,,4200.0,1905.0875999999998,5166.0,10206.0,5040.0,5040.0,,0.0,1.2,12.0,10220,Tammy Patton,"Gemini Ctgs - El Reno, OK",United States,Gemini Coatings - Global Parent,2021-01-29T00:00:00,Gary Singer,S,S4
00010,        CINC,1067281,6.0,N,MW40514,MW40514,MW40514-C2,MINWAX WHITE WAX,,COB,999,5856.0,,610.3416,276.8424,1098.0,5856.0,4758.0,4758.0,,0.0,3.25,1464.0,10220,Bryan Fuka,"Sherwin Williams - Romeoville, IL",United States,Sherwin Williams - Global Parent,2020-03-24T00:00:00,Becky McCloskey,S,S4
00010,        CINC,1067281,7.0,N,MW40504,MW40504,MW40504-C2,MINWAX CLEAR WAX,,COB,999,7285.2,,778.7692,353.23879999999997,1214.2,7285.2,6071.0,6071.0,,0.0,3.25,1868.0,10220,Bryan Fuka,"Sherwin Williams - Romeoville, IL",United States,Sherwin Williams - Global Parent,2020-03-24T00:00:00,Becky McCloskey,S,S4
00010,        CINC,1084979,1.002,N,WD40,WD40,WD40-UN,WAX DISPERSION 40,,PPB,999,12152.0,,5600.0,2540.1168,6368.88,12152.0,5783.12,5783.12,,0.0,1.0327,16.0,10220,Tammy Patton,"Gemini Ctgs - El Reno, OK",United States,Gemini Coatings - Global Parent,2020-03-23T00:00:00,Gary Singer,S,S4
00010,        CIN2,1295922,4.001,N,MDU20,MDU20,MDU20-T2,MICHEM DISPERSION URETHANE 20,,PPA,999,22836.0,,6600.0,2993.7099,4847.04,22836.0,17988.96,17988.96,,0.0,2.7256,3.0,10220,Abbie Wootton,"Monarch Col-Chaski Cour.,Charlotte,N-BUD",United States,Monarch Color - Global Parent,2021-03-15T00:00:00,Norman Seung,S,S4
00010,        CINC,1048028,4.0,N,WD40,WD40,WD40-UN,WAX DISPERSION 40,,COL,999,323.33,,149.0,67.5864,168.25,323.33,155.08,155.08,,0.0,1.0408,149.0,10220,Tammy Patton,"Gemini Ctgs - El Reno, OK",United States,Gemini Coatings - Global Parent,2020-01-20T00:00:00,Gary Singer,S,S4
00010,        CIN2,1295922,4.0,N,MDU20,MDU20,MDU20-T2,MICHEM DISPERSION URETHANE 20,,PPA,999,30448.0,,8800.0,3991.6132,6462.72,30448.0,23985.28,23985.28,,0.0,2.7256,4.0,10220,Abbie Wootton,"Monarch Col-Chaski Cour.,Charlotte,N-BUD",United States,Monarch Color - Global Parent,2021-03-15T00:00:00,Norman Seung,S,S4
00010,        CINC,1048028,3.0,N,WD40,WD40,WD40-UN,WAX DISPERSION 40,,COL,999,713.93,,329.0,149.2344,371.51,713.93,342.42,342.42,,0.0,1.0408,329.0,10220,Tammy Patton,"Gemini Ctgs - El Reno, OK",United States,Gemini Coatings - Global Parent,2020-01-20T00:00:00,Gary Singer,S,S4
00010,        CINC,1048076,3.0,N,MW40514,MW40514,MW40514-C2,MINWAX WHITE WAX,,COB,999,11520.0,,1200.672,544.608,2160.0,11520.0,9360.0,9360.0,,0.0,3.25,2880.0,10220,Bryan Fuka,"Sherwin Williams - Reno, NV",United States,Sherwin Williams - Global Parent,2020-02-03T00:00:00,Becky McCloskey,S,S4
00010,        CIN2,1129404,1.001,N,U201,U201,U201-T2,HYDROSIZE U2-01,,COL,999,22440.0,,8800.0,3991.6132,3315.84,22440.0,19124.16,19124.16,,0.0,2.1732,4.0,10220,Bryan Fuka,Advanced Polymer Technology- Evans Ci PA,United States,Advanced Polymer Tech. -- Global Parent,2020-05-28T00:00:00,Norman Seung,S,S4
00010,        CINC,1152885,1.001,N,WD40,WD40,WD40-UN,WAX DISPERSION 40,,COL,999,11392.5,,5250.0,2381.3594999999996,5092.5,11392.5,6300.0,6300.0,,0.0,1.2,15.0,10220,Tammy Patton,"Gemini Ctgs - El Reno, OK",United States,Gemini Coatings - Global Parent,2020-07-24T00:00:00,Gary Singer,S,S4
00010,        CIN2,1176979,1.001,N,MDU20,MDU20,MDU20-T2,MICHEM DISPERSION URETHANE 20,,COL,999,22836.0,,6600.0,2993.7099,6058.8,22836.0,16777.2,16777.2,,0.0,2.542,3.0,10220,Abbie Wootton,"Monarch Color - Adv Bonded, Charlotte,NC",United States,Monarch Color - Global Parent,2020-09-14T00:00:00,Norman Seung,S,S4
00010,        CIN2,1226244,1.001,N,MDU20,MDU20,MDU20-T2,MICHEM DISPERSION URETHANE 20,,PPA,999,22836.0,,6600.0,2993.7099,6058.8,22836.0,16777.2,16777.2,,0.0,2.542,3.0,10220,Abbie Wootton,"Monarch Color - Adv Bonded, Charlotte,NC",United States,Monarch Color - Global Parent,2020-12-17T00:00:00,Norman Seung,S,S4
00010,        CIN2,1237776,1.001,N,MDU20,MDU20,MDU20-T2,MICHEM DISPERSION URETHANE 20,,PPA,999,38060.0,,11000.0,4989.5165,10098.0,38060.0,27962.0,27962.0,,0.0,2.542,5.0,10220,Abbie Wootton,"Monarch Color - Adv Bonded, Charlotte,NC",United States,Monarch Color - Global Parent,2021-01-11T00:00:00,Norman Seung,S,S4
00010,        CIN2,1343367,1.001,N,APT10,APT10,APT10-T2,ADVANCED POLYMER TECHNOLOGY 10,,PPD,999,86592.0,,35200.0,15966.4528,9465.28,86592.0,77126.72,77126.72,,0.0,2.1911,16.0,10220,Bryan Fuka,Advanced Polymer Technology- Evans Ci PA,United States,Advanced Polymer Tech. -- Global Parent,2021-05-18T00:00:00,Chris Vogt,S,S4
00010,        CIN2,1347766,1.001,N,U201,U201,U201-T2,HYDROSIZE U2-01,,COL,999,11792.0,,4400.0,1995.8066,827.2,11792.0,10964.8,10964.8,,0.0,2.492,2.0,10220,Bryan Fuka,Advanced Polymer Technology- Evans Ci PA,United States,Advanced Polymer Tech. -- Global Parent,2021-06-11T00:00:00,Norman Seung,S,S4
00010,        CIN2,1120948,1.001,N,U201,U201,U201-T2,HYDROSIZE U2-01,,COL,999,5610.0,,2200.0,997.9033,828.96,5610.0,4781.04,4781.04,,0.0,2.1732,1.0,10220,Bryan Fuka,Advanced Polymer Technology- Evans Ci PA,United States,Advanced Polymer Tech. -- Global Parent,2020-05-21T00:00:00,Norman Seung,S,S4
00010,        CIN2,1152993,1.001,N,U201,U201,U201-T2,HYDROSIZE U2-01,,COL,999,16830.0,,6600.0,2993.7099,514.8,16830.0,16315.2,16315.2,,0.0,2.472,3.0,10220,Bryan Fuka,Advanced Polymer Technology- Evans Ci PA,United States,Advanced Polymer Tech. -- Global Parent,2020-07-07T00:00:00,Norman Seung,S,S4
00010,        CIN2,1080880,1.001,N,MDU20,MDU20,MDU20-T2,MICHEM DISPERSION URETHANE 20,,PPA,999,7612.0,,2200.0,997.9033,3434.64,7612.0,4177.36,4177.36,,0.0,1.8988,1.0,10220,Abbie Wootton,"Monarch Color - Adv Bonded, Charlotte,NC",United States,Monarch Color - Global Parent,2020-02-20T00:00:00,Norman Seung,S,S4
00010,        CINC,1087257,1.001,N,WD40,WD40,WD40-UN,WAX DISPERSION 40,,COL,999,9873.5,,4550.0,2063.8449,5174.71,9873.5,4698.79,4698.79,,0.0,1.0327,13.0,10220,Tammy Patton,"Gemini Ctgs - El Reno, OK",United States,Gemini Coatings - Global Parent,2020-03-31T00:00:00,Gary Singer,S,S4
00010,        CIN2,1132589,1.001,N,U201,U201,U201-T2,HYDROSIZE U2-01,,COL,999,16830.0,,6600.0,2993.7099,2486.88,16830.0,14343.12,14343.12,,0.0,2.1732,3.0,10220,Bryan Fuka,Advanced Polymer Technology- Evans Ci PA,United States,Advanced Polymer Tech. -- Global Parent,2020-06-08T00:00:00,Norman Seung,S,S4
00010,        CIN2,1156248,1.001,N,U201,U201,U201-T2,HYDROSIZE U2-01,,COL,999,11220.0,,4400.0,1995.8066,343.2,11220.0,10876.8,10876.8,,0.0,2.472,2.0,10220,Bryan Fuka,Advanced Polymer Technology- Evans Ci PA,United States,Advanced Polymer Tech. -- Global Parent,2020-07-17T00:00:00,Norman Seung,S,S4
00010,        CIN2,1196112,1.001,N,U201,U201,U201-T2,HYDROSIZE U2-01,,COL,999,5610.0,,2200.0,997.9033,303.6,5610.0,5306.4,5306.4,,0.0,2.412,1.0,10220,Bryan Fuka,Advanced Polymer Technology- Evans Ci PA,United States,Advanced Polymer Tech. -- Global Parent,2020-09-28T00:00:00,Norman Seung,S,S4
00010,        CIN2,1229965,1.001,N,U201,U201,U201-T2,HYDROSIZE U2-01,,COL,999,5610.0,,2200.0,997.9033,303.6,5610.0,5306.4,5306.4,,0.0,2.412,1.0,10220,Bryan Fuka,Advanced Polymer Technology- Evans Ci PA,United States,Advanced Polymer Tech. -- Global Parent,2020-11-18T00:00:00,Norman Seung,S,S4
00010,        CIN2,1247066,1.001,N,MDU20,MDU20,MDU20-T2,MICHEM DISPERSION URETHANE 20,,PPA,999,30448.0,,8800.0,3991.6132,6918.56,30448.0,23529.44,23529.44,,0.0,2.6738,4.0,10220,Abbie Wootton,"Monarch Color - Adv Bonded, Charlotte,NC",United States,Monarch Color - Global Parent,2021-02-01T00:00:00,Norman Seung,S,S4
00010,        CIN2,1295936,1.001,N,MDU20,MDU20,MDU20-T2,MICHEM DISPERSION URETHANE 20,,PPA,999,15224.0,,4400.0,1995.8066,3071.2,15224.0,12152.8,12152.8,,0.0,2.762,2.0,10220,Abbie Wootton,"Monarch Col-Chaski Cour.,Charlotte,N-BUD",United States,Monarch Color - Global Parent,2021-04-22T00:00:00,Norman Seung,S,S4
00010,        CIN2,1352174,1.001,N,U201,U201,U201-T2,HYDROSIZE U2-01,,COL,999,11792.0,,4400.0,1995.8066,827.2,11792.0,10964.8,10964.8,,0.0,2.492,2.0,10220,Bryan Fuka,Advanced Polymer Technology- Evans Ci PA,United States,Advanced Polymer Tech. -- Global Parent,2021-06-30T00:00:00,Norman Seung,S,S4
00010,        CIN2,1372107,1.001,N,U201,U201,U201-T2,HYDROSIZE U2-01,,COL,999,11792.0,,4400.0,1995.8066,827.2,11792.0,10964.8,10964.8,,0.0,2.492,2.0,10220,Bryan Fuka,Advanced Polymer Technology- Evans Ci PA,United States,Advanced Polymer Tech. -- Global Parent,2021-07-14T00:00:00,Norman Seung,S,S4
00010,        CINC,1129895,2.0,N,MW40504,MW40504,MW40504-C2,MINWAX CLEAR WAX,,COB,999,2995.2,,320.1792,145.22879999999998,499.2,2995.2,2496.0,2496.0,,0.0,3.25,768.0,10220,Bryan Fuka,"Sherwin Williams - Romeoville, IL",United States,Sherwin Williams - Global Parent,2020-09-29T00:00:00,Becky McCloskey,S,S4
00010,        CINC,1185996,2.0,N,MW40514,MW40514,MW40514-C2,MINWAX WHITE WAX,,COB,999,71056.0,,7405.8116,3359.1724,13323.0,71056.0,57733.0,57733.0,,0.0,3.25,17764.0,10220,Bryan Fuka,"Sherwin Williams - Romeoville, IL",United States,Sherwin Williams - Global Parent,2020-11-12T00:00:00,Becky McCloskey,S,S4
00010,        CIN2,1199631,2.0,N,MDU4075B,MDU4075B.E,MDU4075B.E-OP,MICHEM DISP. URETHANE 4075B,,PPA,999,4626.0,,1800.0,816.4664,4425.67,4626.0,200.33,200.33,,0.0,0.2455,4.0,10220,Tammy Patton,"CrystaLac Store, Inc - Mountain City, TN",United States,"CrystaLac Store, Inc - Mountain City, TN",2020-12-04T00:00:00,Marcos Pedreira,S,S4
00010,        CINC,1048076,2.0,N,MW40504,MW40504,MW40504-C2,MINWAX CLEAR WAX,,COB,999,11232.0,,1200.672,544.608,1872.0,11232.0,9360.0,9360.0,,0.0,3.25,2880.0,10220,Bryan Fuka,"Sherwin Williams - Reno, NV",United States,Sherwin Williams - Global Parent,2020-02-03T00:00:00,Becky McCloskey,S,S4
00010,        CINC,1048134,2.0,N,MW40514,MW40514,MW40514-C2,MINWAX WHITE WAX,,COB,999,17280.0,,1801.008,816.9119999999999,3240.0,17280.0,14040.0,14040.0,,0.0,3.25,4320.0,10220,Bryan Fuka,"Sherwin Williams - Fredericksburg, PA",United States,Sherwin Williams - Global Parent,2020-02-05T00:00:00,Becky McCloskey,S,S4
00010,        CINC,1048146,2.0,N,MW40514,MW40514,MW40514-C2,MINWAX WHITE WAX,,COB,999,11520.0,,1200.672,544.608,2160.0,11520.0,9360.0,9360.0,,0.0,3.25,2880.0,10220,Bryan Fuka,"Sherwin Williams - Winterhaven, FL",United States,Sherwin Williams - Global Parent,2020-02-05T00:00:00,Becky McCloskey,S,S4
00010,        CINC,1048147,2.0,N,MW40514,MW40514,MW40514-C2,MINWAX WHITE WAX,,COB,999,11520.0,,1200.672,544.608,2160.0,11520.0,9360.0,9360.0,,0.0,3.25,2880.0,10220,Bryan Fuka,"Sherwin Williams - Waco, TX",United States,Sherwin Williams - Global Parent,2020-02-05T00:00:00,Becky McCloskey,S,S4
00010,        CINC,1048149,2.0,N,MW40514,MW40514,MW40514-C2,MINWAX WHITE WAX,,COB,999,17280.0,,1801.008,816.9119999999999,3240.0,17280.0,14040.0,14040.0,,0.0,3.25,4320.0,10220,Bryan Fuka,Sherwin Williams (Salisbury)-Statesville,United States,Sherwin Williams - Global Parent,2020-02-05T00:00:00,Becky McCloskey,S,S4
00010,        CINC,1048151,2.0,N,MW40514,MW40514,MW40514-C2,MINWAX WHITE WAX,,COB,999,17280.0,,1801.008,816.9119999999999,3240.0,17280.0,14040.0,14040.0,,0.0,3.25,4320.0,10220,Bryan Fuka,"Sherwin Williams - Romeoville, IL",United States,Sherwin Williams - Global Parent,2020-02-06T00:00:00,Becky McCloskey,S,S4
00010,        CINC,1048028,2.0,N,WD40,WD40,WD40-UN,WAX DISPERSION 40,,COL,999,759.5,,350.0,158.76,395.22,759.5,364.28,364.28,,0.0,1.0408,350.0,10220,Tammy Patton,"Gemini Ctgs - El Reno, OK",United States,Gemini Coatings - Global Parent,2020-01-20T00:00:00,Gary Singer,S,S4
00010,        CIN2,1054107,2.0,N,MDU20,MDU20,MDU20-T2,MICHEM DISPERSION URETHANE 20,,PPA,999,15224.0,,4400.0,1995.8066,6869.28,15224.0,8354.72,8354.72,,0.0,1.8988,2.0,10220,Abbie Wootton,"Monarch Color - Adv Bonded, Charlotte,NC",United States,Monarch Color - Global Parent,2020-02-06T00:00:00,Norman Seung,S,S4
00010,        CIN2,1080880,2.0,N,MDU20,MDU20,MDU20-T2,MICHEM DISPERSION URETHANE 20,,PPA,999,7612.0,,2200.0,997.9033,3434.64,7612.0,4177.36,4177.36,,0.0,1.8988,1.0,10220,Abbie Wootton,"Monarch Color - Adv Bonded, Charlotte,NC",United States,Monarch Color - Global Parent,2020-03-23T00:00:00,Norman Seung,S,S4
00010,        CIN2,1093047,2.0,N,APT10,APT10,APT10-T2,ADVANCED POLYMER TECHNOLOGY 10,,PPD,999,94644.0,,39600.0,17962.2594,26464.68,94644.0,68179.32,68179.32,,0.0,1.7217,18.0,10220,Bryan Fuka,Advanced Polymer Technology- Evans Ci PA,United States,Advanced Polymer Tech. -- Global Parent,2020-04-17T00:00:00,Chris Vogt,S,S4
00010,        CIN2,1099339,2.0,N,MDU4075,MDU4075.E,MDU4075.E-OP,MICHEM DISP. URETHANE 4075,,PPA,999,2664.0,,900.0,408.2332,1131.75,2664.0,1532.25,1532.25,,0.0,1.7025,2.0,10220,Tammy Patton,"CrystaLac Store, Inc - Mountain City, TN",United States,"CrystaLac Store, Inc - Mountain City, TN",2020-05-27T00:00:00,.,S,S4
00010,        CIN2,1137742,2.0,N,U201,U201,U201-OP,HYDROSIZE U2-01,,PPA,999,1921.5,,450.0,204.1166,936.36,1921.5,985.14,985.14,,0.0,2.1892,1.0,10220,Tammy Patton,"Key Polymer - Lawrence, MA",United States,"Key Polymer - Lawrence, MA",2020-06-15T00:00:00,Norman Seung,S,S4
00010,        CINC,1206033,2.0,N,WD40,WD40,WD40-UN,WAX DISPERSION 40,,COL,999,1974.0,,700.0,317.5146,1134.0,1974.0,840.0,840.0,,0.0,1.2,2.0,10220,Tammy Patton,"Maverix Solutions - Irwindale, CA",United States,"Maverix Solutions-(SOLD TO) Santa Ana,CA",2020-10-14T00:00:00,Gary Singer,S,S4
00010,        CIN2,1218106,2.0,N,MDU20,MDU20,MDU20-T2,MICHEM DISPERSION URETHANE 20,,PPA,999,7612.0,,2200.0,997.9033,2019.6,7612.0,5592.4,5592.4,,0.0,2.542,1.0,10220,Abbie Wootton,"Monarch Color - Adv Bonded, Charlotte,NC",United States,Monarch Color - Global Parent,2020-10-29T00:00:00,Norman Seung,S,S4
00010,        CINC,1298895,2.0,N,WD40,WD40,WD40-UN,WAX DISPERSION 40,,COL,999,8354.5,,3850.0,1746.3302999999999,3580.5,8354.5,4774.0,4774.0,,0.0,1.24,11.0,10220,Tammy Patton,"Gemini Ctgs - El Reno, OK",United States,Gemini Coatings - Global Parent,2021-04-08T00:00:00,Gary Singer,S,S4
00010,        CINC,1325819,2.0,N,WD40,WD40,WD40-UN,WAX DISPERSION 40,,PPI,999,987.0,,350.0,158.7573,553.0,987.0,434.0,434.0,,0.0,1.24,1.0,10220,Tammy Patton,"Maverix Solutions - Irwindale, CA",United States,"Maverix Solutions-(SOLD TO) Santa Ana,CA",2021-04-26T00:00:00,Gary Singer,S,S4
00010,        CIN2,1328589,2.0,N,U201,U201,U201-OP,HYDROSIZE U2-01,,PPA,999,4419.0,,900.0,408.2332,2056.5,4419.0,2362.5,2362.5,,0.0,2.625,2.0,10220,Tammy Patton,"Key Polymer - Lawrence, MA",United States,"Key Polymer - Lawrence, MA",2021-07-09T00:00:00,Norman Seung,S,S4
00010,        CINC,1340787,2.0,N,APT10,APT10,APT10-T2,ADVANCED POLYMER TECHNOLOGY 10,,PPD,999,97416.0,,39600.0,17962.2594,10648.44,97416.0,86767.56,86767.56,,0.0,2.1911,18.0,10220,Bryan Fuka,Advanced Polymer Technology- Evans Ci PA,United States,Advanced Polymer Tech. -- Global Parent,2021-05-24T00:00:00,Chris Vogt,S,S4
00010,        CINC,1074110,2.0,N,WD40,WD40,WD40-UN,WAX DISPERSION 40,,PPB,999,3038.0,,1400.0,635.0292,1592.22,3038.0,1445.78,1445.78,,0.0,1.0327,4.0,10220,Tammy Patton,"Gemini Ctgs - El Reno, OK",United States,Gemini Coatings - Global Parent,2020-02-26T00:00:00,Gary Singer,S,S4
00010,        CINC,1085654,2.0,N,MW40514,MW40514,MW40514-C2,MINWAX WHITE WAX,,COB,999,15280.0,,1592.558,722.362,2865.0,15280.0,12415.0,12415.0,,0.0,3.25,3820.0,10220,Bryan Fuka,"Sherwin Williams - Romeoville, IL",United States,Sherwin Williams - Global Parent,2020-02-28T00:00:00,Becky McCloskey,S,S4
00010,        CINC,1208271,2.0,N,WD40,WD40,WD40-SP,WAX DISPERSION 40,,COL,999,174.6,,30.0,13.6078,133.57,174.6,41.03,41.03,,0.0,1.3675,1.0,10220,GENERIC TM,"Davies, D.W. - Racine, WI",United States,"Davies, D.W. - Racine, WI",2020-10-08T00:00:00,Gary Singer,S,S4
00010,        CIN2,1308309,2.0,N,MDU20,MDU20,MDU20-T2,MICHEM DISPERSION URETHANE 20,,PPA,999,7612.0,,2200.0,997.9033,1535.6,7612.0,6076.4,6076.4,,0.0,2.762,1.0,10220,Abbie Wootton,"Monarch Col-Chaski Cour.,Charlotte,N-BUD",United States,Monarch Color - Global Parent,2021-05-11T00:00:00,Norman Seung,S,S4
00010,        CIN2,1386664,1.001,N,APT10,APT10,APT10-T2,ADVANCED POLYMER TECHNOLOGY 10,,PPD,999,73920.0,,26400.0,11974.8396,15937.68,73920.0,57982.32,57982.32,,0.0,2.1963,12.0,10220,Bryan Fuka,Advanced Polymer Technology- Evans Ci PA,United States,Advanced Polymer Tech. -- Global Parent,2021-08-06T00:00:00,Chris Vogt,S,S4
00010,        CIN2,1405792,3.0,N,MDU4075B,MDU4075B.E,MDU4075B.E-PL,MICHEM DISP. URETHANE 4075B,,PPA,999,448.0,,70.0,31.7514,323.72,448.0,124.28,124.28,,0.0,1.7754,2.0,10220,Tammy Patton,"Syensqo Fluorides - Cincinnati, Ohio",United States,Syensqo - Global Parent,2021-09-14T00:00:00,Marcos Pedreira,S,S4
00010,        CIN2,1409238,1.001,N,APT10,APT10,APT10-T2,ADVANCED POLYMER TECHNOLOGY 10,,PPD,999,6160.0,,2200.0,997.9033,979.44,6160.0,5180.56,5180.56,,0.0,2.3548,1.0,10220,Bryan Fuka,Advanced Polymer Technology- Evans Ci PA,United States,Advanced Polymer Tech. -- Global Parent,2021-09-07T00:00:00,Chris Vogt,S,S4
00010,        CIN2,1409238,1.002,N,APT10,APT10,APT10-T2,ADVANCED POLYMER TECHNOLOGY 10,,PPD,999,61600.0,,22000.0,9979.033,9794.4,61600.0,51805.6,51805.6,,0.0,2.3548,10.0,10220,Bryan Fuka,Advanced Polymer Technology- Evans Ci PA,United States,Advanced Polymer Tech. -- Global Parent,2021-09-07T00:00:00,Chris Vogt,S,S4
00010,        CIN2,1458256,1.001,N,APT10,APT10,APT10-T2,ADVANCED POLYMER TECHNOLOGY 10,,PPD,999,25696.0,,8800.0,3991.6132,4292.64,25696.0,21403.36,21403.36,,0.0,2.4322,4.0,10220,Bryan Fuka,Advanced Polymer Technology- Evans Ci PA,United States,Advanced Polymer Tech. -- Global Parent,2022-01-06T00:00:00,Chris Vogt,S,S4
00010,        CIN2,1458256,1.002,N,APT10,APT10,APT10-T2,ADVANCED POLYMER TECHNOLOGY 10,,PPD,999,25696.0,,8800.0,3991.6132,4292.64,25696.0,21403.36,21403.36,,0.0,2.4322,4.0,10220,Bryan Fuka,Advanced Polymer Technology- Evans Ci PA,United States,Advanced Polymer Tech. -- Global Parent,2022-01-06T00:00:00,Chris Vogt,S,S4
00010,        CIN2,1458256,1.003,N,APT10,APT10,APT10-T2,ADVANCED POLYMER TECHNOLOGY 10,,PPD,999,19272.0,,6600.0,2993.7099,3219.48,19272.0,16052.52,16052.52,,0.0,2.4322,3.0,10220,Bryan Fuka,Advanced Polymer Technology- Evans Ci PA,United States,Advanced Polymer Tech. -- Global Parent,2022-01-06T00:00:00,Chris Vogt,S,S4
00010,        CIN2,1458256,2.0,N,U201,U201,U201-T2,HYDROSIZE U2-01,,PPD,999,13420.0,,4400.0,1995.8066,1144.0,13420.0,12276.0,12276.0,,0.0,2.79,2.0,10220,Bryan Fuka,Advanced Polymer Technology- Evans Ci PA,United States,Advanced Polymer Tech. -- Global Parent,2022-01-06T00:00:00,Norman Seung,S,S4
00010,        CIN2,1459179,1.001,N,MDU20,MDU20,MDU20-T2,MICHEM DISPERSION URETHANE 20,,PPA,999,47916.0,,13200.0,5987.4198,11457.6,47916.0,36458.4,36458.4,,0.0,2.762,6.0,10220,Abbie Wootton,"Monarch Col-Chaski Cour.,Charlotte,N-BUD",United States,Monarch Color - Global Parent,2022-01-04T00:00:00,Norman Seung,S,S4
00010,        CIN2,1469145,2.0,N,U201,U201,U201-T2,HYDROSIZE U2-01,,COL,999,6710.0,,2200.0,997.9033,572.0,6710.0,6138.0,6138.0,,0.0,2.79,1.0,10220,Bryan Fuka,Advanced Polymer Technology- Evans Ci PA,United States,Advanced Polymer Tech. -- Global Parent,2021-11-22T00:00:00,Norman Seung,S,S4
00010,        CIN2,1505473,1.001,N,MDU20,MDU20,MDU20-T2,MICHEM DISPERSION URETHANE 20,,PPA,999,61908.0,,13200.0,5987.4198,25107.72,61908.0,36800.28,36800.28,,0.0,2.7879,6.0,10220,Abbie Wootton,"Monarch Col-Chaski Cour.,Charlotte,N-BUD",United States,Monarch Color - Global Parent,2022-03-09T00:00:00,Norman Seung,S,S4
00010,        CIN2,1505473,2.0,N,MDU20,MDU20,MDU20-T2,MICHEM DISPERSION URETHANE 20,,PPA,999,20636.0,,4400.0,1995.8066,8369.24,20636.0,12266.76,12266.76,,0.0,2.7879,2.0,10220,Abbie Wootton,"Monarch Col-Chaski Cour.,Charlotte,N-BUD",United States,Monarch Color - Global Parent,2022-03-16T00:00:00,Norman Seung,S,S4
00010,        CIN2,1505473,2.001,N,MDU20,MDU20,MDU20-T2,MICHEM DISPERSION URETHANE 20,,PPA,999,51590.0,,11000.0,4989.5165,20923.1,51590.0,30666.9,30666.9,,0.0,2.7879,5.0,10220,Abbie Wootton,"Monarch Col-Chaski Cour.,Charlotte,N-BUD",United States,Monarch Color - Global Parent,2022-03-16T00:00:00,Norman Seung,S,S4
00010,        CIN2,1515479,1.001,N,U201,U201,U201-T2,HYDROSIZE U2-01,,COL,999,20130.0,,6600.0,2993.7099,1716.0,20130.0,18414.0,18414.0,,0.0,2.79,3.0,10220,Bryan Fuka,Advanced Polymer Technology- Evans Ci PA,United States,Advanced Polymer Tech. -- Global Parent,2022-02-08T00:00:00,Norman Seung,S,S4
00010,        CIN2,1515570,1.001,N,U201,U201,U201-T2,HYDROSIZE U2-01,,COL,999,6710.0,,2200.0,997.9033,572.0,6710.0,6138.0,6138.0,,0.0,2.79,1.0,10220,Bryan Fuka,Advanced Polymer Technology- Evans Ci PA,United States,Advanced Polymer Tech. -- Global Parent,2022-02-10T00:00:00,Norman Seung,S,S4
00010,        CIN2,1515570,1.002,N,U201,U201,U201-T2,HYDROSIZE U2-01,,COL,999,20130.0,,6600.0,2993.7099,1716.0,20130.0,18414.0,18414.0,,0.0,2.79,3.0,10220,Bryan Fuka,Advanced Polymer Technology- Evans Ci PA,United States,Advanced Polymer Tech. -- Global Parent,2022-02-10T00:00:00,Norman Seung,S,S4
00010,        CIN2,1537171,2.0,N,APT10,APT10,APT10-T2,ADVANCED POLYMER TECHNOLOGY 10,,PPD,999,158400.0,,39600.0,17962.2594,38253.6,158400.0,120146.4,120146.4,,0.0,3.034,18.0,10220,Bryan Fuka,Advanced Polymer Technology- Evans Ci PA,United States,Advanced Polymer Tech. -- Global Parent,2022-03-16T00:00:00,Chris Vogt,S,S4
00010,        CIN2,1543359,1.001,N,U201,U201,U201-T2,HYDROSIZE U2-01,,COL,999,9240.0,,2200.0,997.9033,1966.8,9240.0,7273.2,7273.2,,0.0,3.306,1.0,10220,Bryan Fuka,Advanced Polymer Technology- Evans Ci PA,United States,Advanced Polymer Tech. -- Global Parent,2022-03-28T00:00:00,Norman Seung,S,S4
00010,        CIN2,1581611,1.001,N,MDU20,MDU20,MDU20-T2,MICHEM DISPERSION URETHANE 20,,PPA,999,23496.0,,4400.0,1995.8066,11229.24,23496.0,12266.76,12266.76,,0.0,2.7879,2.0,10220,Abbie Wootton,"Monarch Col-Chaski Cour.,Charlotte,N-BUD",United States,Monarch Color - Global Parent,2022-05-09T00:00:00,Norman Seung,S,S4
00010,        CIN2,1581611,1.002,N,MDU20,MDU20,MDU20-T2,MICHEM DISPERSION URETHANE 20,,PPA,999,46992.0,,8800.0,3991.6132,22458.48,46992.0,24533.52,24533.52,,0.0,2.7879,4.0,10220,Abbie Wootton,"Monarch Col-Chaski Cour.,Charlotte,N-BUD",United States,Monarch Color - Global Parent,2022-05-09T00:00:00,Norman Seung,S,S4
00010,        CIN2,1589444,1.001,N,APT10,APT10,APT10-T2,ADVANCED POLYMER TECHNOLOGY 10,,PPD,999,149600.0,,37400.0,16964.356099999997,36128.4,149600.0,113471.6,113471.6,,0.0,3.034,17.0,10220,Bryan Fuka,Advanced Polymer Technology- Evans Ci PA,United States,Advanced Polymer Tech. -- Global Parent,2022-05-20T00:00:00,Chris Vogt,S,S4
00010,        CIN2,1600349,1.001,N,APT10,APT10,APT10-T2,ADVANCED POLYMER TECHNOLOGY 10,,PPD,999,140800.0,,35200.0,15966.4528,34003.2,140800.0,106796.8,106796.8,,0.0,3.034,16.0,10220,Bryan Fuka,Advanced Polymer Technology- Evans Ci PA,United States,Advanced Polymer Tech. -- Global Parent,2022-06-07T00:00:00,Chris Vogt,S,S4
00010,        CIN2,1617075,1.001,N,APT10,APT10,APT10-T2,ADVANCED POLYMER TECHNOLOGY 10,,COL,999,26862.0,,6600.0,2993.7099,6837.6,26862.0,20024.4,20024.4,,0.0,3.034,3.0,10220,Bryan Fuka,Advanced Polymer Technology- Evans Ci PA,United States,Advanced Polymer Tech. -- Global Parent,2022-06-20T00:00:00,Chris Vogt,S,S4
00010,        CIN2,1617075,1.002,N,APT10,APT10,APT10-T2,ADVANCED POLYMER TECHNOLOGY 10,,COL,999,134310.0,,33000.0,14968.5495,34188.0,134310.0,100122.0,100122.0,,0.0,3.034,15.0,10220,Bryan Fuka,Advanced Polymer Technology- Evans Ci PA,United States,Advanced Polymer Tech. -- Global Parent,2022-06-20T00:00:00,Chris Vogt,S,S4
00010,        CIN2,1621674,1.001,N,MDU20,MDU20,MDU20-T2,MICHEM DISPERSION URETHANE 20,,PPA,999,48312.0,,8800.0,3991.6132,16139.2,48312.0,32172.8,32172.8,,0.0,3.656,4.0,10220,Abbie Wootton,"Monarch Col-Chaski Cour.,Charlotte,N-BUD",United States,Monarch Color - Global Parent,2022-06-23T00:00:00,Norman Seung,S,S4
00010,        CIN2,1626983,1.001,N,APT10,APT10,APT10-T2,ADVANCED POLYMER TECHNOLOGY 10,,COL,999,125356.0,,30800.0,13970.6462,31908.8,125356.0,93447.2,93447.2,,0.0,3.034,14.0,10220,Bryan Fuka,Advanced Polymer Technology- Evans Ci PA,United States,Advanced Polymer Tech. -- Global Parent,2022-07-28T00:00:00,Chris Vogt,S,S4
00010,        CIN2,1638444,1.001,N,U201,U201,U201-T2,HYDROSIZE U2-01,,PPA,999,28424.0,,8800.0,3991.6132,-1064.8,28424.0,29488.8,29488.8,,0.0,3.351,4.0,10220,Brent Harris,"Ortec - Easley, SC (Pickens)",United States,"Ortec - Easley, SC (Pickens)",2022-07-14T00:00:00,Norman Seung,S,S4
00010,        CIN2,1638444,1.002,N,U201,U201,U201-T2,HYDROSIZE U2-01,,PPA,999,28424.0,,8800.0,3991.6132,-1064.8,28424.0,29488.8,29488.8,,0.0,3.351,4.0,10220,Brent Harris,"Ortec - Easley, SC (Pickens)",United States,"Ortec - Easley, SC (Pickens)",2022-07-14T00:00:00,Norman Seung,S,S4
00010,        CIN2,1638444,1.003,N,U201,U201,U201-T2,HYDROSIZE U2-01,,PPA,999,14212.0,,4400.0,1995.8066,-532.4,14212.0,14744.4,14744.4,,0.0,3.351,2.0,10220,Brent Harris,"Ortec - Easley, SC (Pickens)",United States,"Ortec - Easley, SC (Pickens)",2022-07-14T00:00:00,Norman Seung,S,S4
00010,        CIN2,1638468,1.001,N,U201,U201,U201-T2,HYDROSIZE U2-01,,PPA,999,56848.0,,17600.0,7983.2264,-2129.6,56848.0,58977.6,58977.6,,0.0,3.351,8.0,10220,Brent Harris,"Ortec - Easley, SC (Pickens)",United States,"Ortec - Easley, SC (Pickens)",2022-07-14T00:00:00,Norman Seung,S,S4
00010,        CIN2,1638468,1.002,N,U201,U201,U201-T2,HYDROSIZE U2-01,,PPA,999,28424.0,,8800.0,3991.6132,-1064.8,28424.0,29488.8,29488.8,,0.0,3.351,4.0,10220,Brent Harris,"Ortec - Easley, SC (Pickens)",United States,"Ortec - Easley, SC (Pickens)",2022-07-14T00:00:00,Norman Seung,S,S4
00010,        CIN2,1640716,1.001,N,APT10,APT10,APT10-T2,ADVANCED POLYMER TECHNOLOGY 10,,COL,999,84942.0,,28600.0,12972.7429,-1830.4,84942.0,86772.4,86772.4,,0.0,3.034,13.0,10220,Bryan Fuka,"Advanced Polymer Tech.-Zelienople,PA",United States,Advanced Polymer Tech. -- Global Parent,2022-08-01T00:00:00,Chris Vogt,S,S4
00010,        CIN2,1681736,1.001,N,MDU20,MDU20,MDU20-T2,MICHEM DISPERSION URETHANE 20,,PPA,999,36234.0,,6600.0,2993.7099,12104.4,36234.0,24129.6,24129.6,,0.0,3.656,3.0,10220,Abbie Wootton,"Monarch Col-Chaski Cour.,Charlotte,N-BUD",United States,Monarch Color - Global Parent,2022-09-09T00:00:00,Norman Seung,S,S4
00010,        CIN2,1737490,1.001,N,MDU20,MDU20,MDU20-T2,MICHEM DISPERSION URETHANE 20,,PPA,999,36234.0,,6600.0,2993.7099,12388.2,36234.0,23845.8,23845.8,,0.0,3.613,3.0,10220,Abbie Wootton,"Monarch Col-Chaski Cour.,Charlotte,N-BUD",United States,Monarch Color - Global Parent,2022-11-29T00:00:00,Norman Seung,S,S4
00010,        CINC,1359582,2.0,N,APT10,APT10,APT10-T2,ADVANCED POLYMER TECHNOLOGY 10,,PPD,999,21648.0,,8800.0,3991.6132,2320.56,21648.0,19327.44,19327.44,,0.0,2.1963,4.0,10220,Bryan Fuka,Advanced Polymer Technology- Evans Ci PA,United States,Advanced Polymer Tech. -- Global Parent,2021-07-14T00:00:00,Chris Vogt,S,S4
00010,        CINC,1359582,2.001,N,APT10,APT10,APT10-T2,ADVANCED POLYMER TECHNOLOGY 10,,PPD,999,10824.0,,4400.0,1995.8066,1160.28,10824.0,9663.72,9663.72,,0.0,2.1963,2.0,10220,Bryan Fuka,Advanced Polymer Technology- Evans Ci PA,United States,Advanced Polymer Tech. -- Global Parent,2021-07-14T00:00:00,Chris Vogt,S,S4
00010,        CINC,1359582,2.002,N,APT10,APT10,APT10-T2,ADVANCED POLYMER TECHNOLOGY 10,,PPD,999,48708.0,,19800.0,8981.1297,5221.26,48708.0,43486.74,43486.74,,0.0,2.1963,9.0,10220,Bryan Fuka,Advanced Polymer Technology- Evans Ci PA,United States,Advanced Polymer Tech. -- Global Parent,2021-07-14T00:00:00,Chris Vogt,S,S4
00010,        CINC,1381155,1.001,N,APT10,APT10,APT10-T2,ADVANCED POLYMER TECHNOLOGY 10,,PPD,999,16236.0,,6600.0,2993.7099,1740.42,16236.0,14495.58,14495.58,,0.0,2.1963,3.0,10220,Bryan Fuka,Advanced Polymer Technology- Evans Ci PA,United States,Advanced Polymer Tech. -- Global Parent,2021-07-29T00:00:00,Chris Vogt,S,S4
00010,        CINC,1384793,2.0,N,MW40504,MW40504,MW40504-C2,MINWAX CLEAR WAX,,COL,999,4328.24,,436.9112,198.1768,974.64,4328.24,3353.6,3353.6,,0.0,3.2,1048.0,10220,Bryan Fuka,"Minwax Company - Flora, IL",United States,Sherwin Williams - Global Parent,2021-11-05T00:00:00,Becky McCloskey,S,S4
00010,        CINC,1405082,3.0,N,MW40514,MW40514,MW40514-C2,MINWAX WHITE WAX,,COL,999,5515.92,,543.6376,246.5864,1277.92,5515.92,4238.0,4238.0,,0.0,3.25,1304.0,10220,Bryan Fuka,"Minwax Company - Flora, IL",United States,Sherwin Williams - Global Parent,2021-10-15T00:00:00,Becky McCloskey,S,S4
00010,        CINC,1405082,3.001,N,MW40514,MW40514,MW40514-C2,MINWAX WHITE WAX,,COL,999,28324.08,,2791.5624,1266.2136,6562.08,28324.08,21762.0,21762.0,,0.0,3.25,6696.0,10220,Bryan Fuka,"Minwax Company - Flora, IL",United States,Sherwin Williams - Global Parent,2021-10-15T00:00:00,Becky McCloskey,S,S4
00010,        CINC,1428389,1.001,N,WD40,WD40,WD40-SP,WAX DISPERSION 40,,COB,999,381.6,,60.0,27.2156,299.55,381.6,82.05,82.05,,0.0,1.3675,2.0,10220,GENERIC TM,"Barentz - Brothers Res, Burlington, NC",United States,Barentz - Global Parent,2021-10-01T00:00:00,Gary Singer,S,S4
00010,        CINC,1494148,2.0,N,MW40504,MW40504,MW40504-C2,MINWAX CLEAR WAX,,COB,999,59472.0,,6003.36,2723.04,13392.0,59472.0,46080.0,46080.0,,0.0,3.2,14400.0,10220,Bryan Fuka,"Sherwin Williams - Romeoville, IL",United States,Sherwin Williams - Global Parent,2022-01-05T00:00:00,Becky McCloskey,S,S4
00010,        CINC,1494148,4.0,N,MW40504,MW40504,MW40504-C2,MINWAX CLEAR WAX,,COB,999,7929.6,,800.448,363.072,1785.6,7929.6,6144.0,6144.0,,0.0,3.2,1920.0,10220,Bryan Fuka,"Sherwin Williams - Romeoville, IL",United States,Sherwin Williams - Global Parent,2022-01-05T00:00:00,Becky McCloskey,S,S4
00010,        CINC,1692988,1.001,N,WD40,WD40,WD40-UN,WAX DISPERSION 40,,COB,999,9817.5,,1750.0,793.7864999999999,5110.0,9817.5,4707.5,4707.5,,0.0,2.69,5.0,10220,Brendan Schloerb,"Benjamin Moore - Milford, MA",United States,Benjamin Moore - Global Parent,2022-10-03T00:00:00,Gary Singer,S,S4
00010,        CINC,1692988,1.002,N,WD40,WD40,WD40-UN,WAX DISPERSION 40,,COB,999,1963.5,,350.0,158.7573,1022.0,1963.5,941.5,941.5,,0.0,2.69,1.0,10220,Brendan Schloerb,"Benjamin Moore - Milford, MA",United States,Benjamin Moore - Global Parent,2022-10-03T00:00:00,Gary Singer,S,S4
00010,        CINC,1692988,1.003,N,WD40,WD40,WD40-UN,WAX DISPERSION 40,,COB,999,3927.0,,700.0,317.5146,2044.0,3927.0,1883.0,1883.0,,0.0,2.69,2.0,10220,Brendan Schloerb,"Benjamin Moore - Milford, MA",United States,Benjamin Moore - Global Parent,2022-10-03T00:00:00,Gary Singer,S,S4
00010,        CINC,1479815,2.0,N,APT10,APT10,APT10,ADVANCED POLYMER TECHNOLOGY 10,,PPD,999,122060.88,,43284.0,19633.6224,21538.12,122060.88,100522.76,100522.76,,0.0,2.3224,43284.0,10220,Bryan Fuka,Advanced Polymer Technology- Evans Ci PA,United States,Advanced Polymer Tech. -- Global Parent,2022-01-03T00:00:00,Chris Vogt,S,S4
00010,        CIN2,2210584,1.001,N,MDU20,MDU20,MDU20-T2,MICHEM DISPERSION URETHANE 20,,COL,999,36234.0,,6600.0,2993.7099,16003.68,36234.0,20230.32,20230.32,,0.0,3.0652,3.0,10220,Abbie Wootton,"Monarch Color - Charlotte, NC (SalemCh)",United States,Monarch Color - Global Parent,2024-10-08T00:00:00,Norman Seung,S,S4
00010,        CIN2,2239825,2.0,N,U2022,U2022,U2022-PL,HYDROSIZE U2022,,PPI,999,1118.4,,120.0,54.4311,702.78,1118.4,415.62,415.62,,0.0,3.4635,3.0,10220,Tammy Patton,"Nitech Corp. -  Taylorsville, NC",United States,"Nitech Corp. -  Taylorsville, NC",2024-09-24T00:00:00,Norman Seung,S,S4
00010,        CIN2,2597945,2.0,N,U2022,U2022,U2022-PL,HYDROSIZE U2022,,PPI,999,5592.0,,600.0,272.15549999999996,3518.28,5592.0,2073.72,2073.72,,0.0,3.4562,15.0,10220,Tammy Patton,"Nitech Corp. -  Taylorsville, NC",United States,"Nitech Corp. -  Taylorsville, NC",2026-01-12T00:00:00,Norman Seung,S,S4
00010,        CIN2,2648556,2.0,N,MDU20,MDU20,MDU20-T2,MICHEM DISPERSION URETHANE 20,,COL,999,12078.0,,2200.0,997.9033,5420.8,12078.0,6657.2,6657.2,,0.0,3.026,1.0,10220,Abbie Wootton,"Monarch Color - Charlotte, NC(Brookshire",United States,Monarch Color - Global Parent,2026-04-28T00:00:00,Norman Seung,S,S4
00010,        CIN2,2648556,2.001,N,MDU20,MDU20,MDU20-T2,MICHEM DISPERSION URETHANE 20,,COL,999,36234.0,,6600.0,2993.7099,16262.4,36234.0,19971.6,19971.6,,0.0,3.026,3.0,10220,Abbie Wootton,"Monarch Color - Charlotte, NC(Brookshire",United States,Monarch Color - Global Parent,2026-04-28T00:00:00,Norman Seung,S,S4
00010,        CIN2,2648556,2.002,N,MDU20,MDU20,MDU20-T2,MICHEM DISPERSION URETHANE 20,,COL,999,36234.0,,6600.0,2993.7099,16262.4,36234.0,19971.6,19971.6,,0.0,3.026,3.0,10220,Abbie Wootton,"Monarch Color - Charlotte, NC(Brookshire",United States,Monarch Color - Global Parent,2026-04-28T00:00:00,Norman Seung,S,S4
00010,        CIN2,2669951,2.0,N,U2022,U2022,U2022-PL,HYDROSIZE U2022,,PPI,999,5592.0,,600.0,272.15549999999996,3518.28,5592.0,2073.72,2073.72,,0.0,3.4562,15.0,10220,Tammy Patton,"Nitech Corp. -  Taylorsville, NC",United States,"Nitech Corp. -  Taylorsville, NC",2026-04-20T00:00:00,Norman Seung,S,S4
00010,        CIN2,2728310,2.0,N,U2022,U2022,U2022-PL,HYDROSIZE U2022,,PPI,999,9187.2,,960.0,435.4488,5725.15,9187.2,3462.05,3462.05,,0.0,3.6063,24.0,10220,Tammy Patton,"Nitech Corp. -  Taylorsville, NC",United States,"Nitech Corp. -  Taylorsville, NC",2026-07-13T00:00:00,Norman Seung,S,S4
00010,        CIN2,2310003,1.001,N,MDU20,MDU20,MDU20-T2,MICHEM DISPERSION URETHANE 20,,COL,999,84546.0,,15400.0,6985.44,37341.92,84546.0,47204.08,47204.08,,0.0,3.0652,15400.0,10220,Abbie Wootton,"Monarch Color - Charlotte, NC (SalemCh)",United States,Monarch Color - Global Parent,2025-02-05T00:00:00,Norman Seung,S,S4
00010,        CIN2,2312097,2.0,N,U2022,U2022,U2022-PL,HYDROSIZE U2022,,PPI,999,1864.0,,200.0,90.71849999999999,1149.88,1864.0,714.12,714.12,,0.0,3.5706,5.0,10220,Tammy Patton,"Nitech Corp. -  Taylorsville, NC",United States,"Nitech Corp. -  Taylorsville, NC",2025-01-20T00:00:00,Norman Seung,S,S4
00010,        CIN2,2408910,2.0,N,U2022,U2022,U2022-PL,HYDROSIZE U2022,,PPI,999,2609.6,,280.0,127.0059,1640.49,2609.6,969.11,969.11,,0.0,3.4611,7.0,10220,Tammy Patton,"Nitech Corp. -  Taylorsville, NC",United States,"Nitech Corp. -  Taylorsville, NC",2025-05-07T00:00:00,Norman Seung,S,S4
00010,        CIN2,2458939,3.0,N,ABEX2525,ABEX2525,ABEX2525-PD,ABEX 2525/40 DR400,,PPA,999,5147.4,,1380.0,625.9575,-700.21,5147.4,5847.61,5847.61,,0.0,4.2374,3.0,10220,Brent Harris,"Ortec - Easley, SC (Pickens)",United States,"Ortec - Easley, SC (Pickens)",2025-07-11T00:00:00,Roxana McMican,S,S4
00010,        CIN2,2526555,2.0,N,U2022,U2022,U2022-PL,HYDROSIZE U2022,,PPI,999,3355.2,,360.0,163.2933,2125.04,3355.2,1230.16,1230.16,,0.0,3.4171,9.0,10220,Tammy Patton,"Nitech Corp. -  Taylorsville, NC",United States,"Nitech Corp. -  Taylorsville, NC",2025-10-08T00:00:00,Norman Seung,S,S4
00010,        CIN2,2526555,2.001,N,U2022,U2022,U2022-PL,HYDROSIZE U2022,,PPI,999,1118.4,,120.0,54.4311,708.35,1118.4,410.05,410.05,,0.0,3.4171,3.0,10220,Tammy Patton,"Nitech Corp. -  Taylorsville, NC",United States,"Nitech Corp. -  Taylorsville, NC",2025-10-08T00:00:00,Norman Seung,S,S4
00010,        CIN2,1785699,1.001,N,APT10,APT10,APT10-T2,ADVANCED POLYMER TECHNOLOGY 10,,COL,999,15224.0,,4400.0,1995.8066,1874.4,15224.0,13349.6,13349.6,,0.0,3.034,2.0,10220,Bryan Fuka,Advanced Polymer Technology- Evans Ci PA,United States,Advanced Polymer Tech. -- Global Parent,2023-01-30T00:00:00,Chris Vogt,S,S4
00010,        CIN2,1800711,1.001,N,MDU20,MDU20,MDU20-T2,MICHEM DISPERSION URETHANE 20,,PPA,999,36234.0,,6600.0,2993.7099,12903.0,36234.0,23331.0,23331.0,,0.0,3.535,3.0,10220,Abbie Wootton,"Monarch Col-Chaski Cour.,Charlotte,N-BUD",United States,Monarch Color - Global Parent,2023-02-27T00:00:00,Norman Seung,S,S4
00010,        CIN2,1834175,1.001,N,U201,U201,U201-OP,HYDROSIZE U2-01,,PPA,999,24664.5,,4050.0,1837.0494,10016.86,24664.5,14647.64,14647.64,,0.0,3.6167,9.0,10220,Tammy Patton,"Key Polymer - Lawrence, MA",United States,"Key Polymer - Lawrence, MA",2023-06-26T00:00:00,Norman Seung,S,S4
00010,        CIN2,1955625,1.001,N,MDU20,MDU20,MDU20-T2,MICHEM DISPERSION URETHANE 20,,PPA,999,12078.0,,2200.0,997.9033,4323.0,12078.0,7755.0,7755.0,,0.0,3.525,1.0,10220,Abbie Wootton,"Monarch Color - Charlotte, NC (SalemCh)",United States,Monarch Color - Global Parent,2023-09-13T00:00:00,Norman Seung,S,S4
00010,        CINC,1346032,3.0,N,WD40,WD40,WD40-UN,WAX DISPERSION 40,,PPD,999,7770.0,,4200.0,1905.0875999999998,2772.0,7770.0,4998.0,4998.0,,0.0,1.19,12.0,10220,Abbie Wootton,Behr Process LLC -Santa Ana CA (W Alton),United States,Behr - Global Parent,2021-10-07T00:00:00,Gary Singer,S,S4
00010,        CINC,1346032,2.0,N,WD40,WD40,WD40-UN,WAX DISPERSION 40,,PPD,999,23957.5,,12950.0,5874.0201,8547.0,23957.5,15410.5,15410.5,,0.0,1.19,37.0,10220,Abbie Wootton,Behr Process LLC -Santa Ana CA (W Alton),United States,Behr - Global Parent,2021-10-07T00:00:00,Gary Singer,S,S4
00010,        GRAN,1138251,5.0,N,MD4020,MD4020,MD4020-C1,KILZ CLR SLG WAX L6440 2.4 OZ,,PPD,999,31507.92,,1509.0,684.4824,9778.32,31507.92,21729.6,21729.6,,0.0,1.8,12072.0,10220,Abbie Wootton,"Behr Process LLC - McDonough, GA",United States,Behr - Global Parent,2020-08-31T00:00:00,Chris Vogt,S,S4
00010,        GRAN,1138251,6.0,N,MD4020,MD4020,MD4020-C1,KILZ CLR SLG WAX L6440 2.4 OZ,,PPD,999,20107.44,,963.0,436.8168,6240.24,20107.44,13867.2,13867.2,,0.0,1.8,7704.0,10220,Abbie Wootton,"Behr Process LLC - McDonough, GA",United States,Behr - Global Parent,2020-08-31T00:00:00,Chris Vogt,S,S4
00010,        GRAN,1138251,7.0,N,MD4020,MD4020,MD4020-C2,BEHR CHALK DECO WAX CLR 7140 H,,PPD,999,39528.0,,4502.5199999999995,2042.28,10260.0,39528.0,29268.0,29268.0,,0.0,2.71,10800.0,10220,Abbie Wootton,"Behr Process LLC - McDonough, GA",United States,Behr - Global Parent,2020-08-31T00:00:00,Chris Vogt,S,S4
00010,        GRAN,1138251,8.0,N,MD4020,MD4020,MD4020-C2,BEHR CHALK DECO WAX CLR 7140 H,,PPD,999,14647.32,,1668.4338,756.7782,3801.9,14647.32,10845.42,10845.42,,0.0,2.71,4002.0,10220,Abbie Wootton,"Behr Process LLC - McDonough, GA",United States,Behr - Global Parent,2020-08-31T00:00:00,Chris Vogt,S,S4
00010,        GRAN,1138251,9.0,N,MD4020,MD4020,MD4020-C2,BEHR CHALK DECO WAX CLR 7140 H,,PPD,999,48904.92,,5570.6178,2526.7542,12693.9,48904.92,36211.02,36211.02,,0.0,2.71,13362.0,10220,Abbie Wootton,"Behr Process LLC - McDonough, GA",United States,Behr - Global Parent,2020-09-30T00:00:00,Chris Vogt,S,S4
00010,        GRAN,1138251,10.0,N,MD4021,MD4021,MD4021-C2,BEHR CHALK DECO WAX DRK 7160 H,,PPD,999,41254.32,,3944.7078,1789.2641999999998,13530.66,41254.32,27723.66,27723.66,,0.0,2.93,9462.0,10220,Abbie Wootton,"Behr Process LLC - McDonough, GA",United States,Behr - Global Parent,2020-09-30T00:00:00,Chris Vogt,S,S4
00010,        GRAN,1237302,5.0,N,MD4021,MD4021,MD4021-C2,BEHR CHALK DECO WAX DRK 7160 H,,PPD,999,42876.24,,4099.7946,1859.6093999999998,14062.62,42876.24,28813.62,28813.62,,0.0,2.93,9834.0,10220,Abbie Wootton,"Behr Process LLC - McDonough, GA",United States,Behr - Global Parent,2021-02-23T00:00:00,Chris Vogt,S,S4
00010,        GRAN,1237302,6.0,N,MD4021,MD4021,MD4021-C2,BEHR CHALK DECO WAX DRK 7160 H,,PPD,999,28357.44,,2711.5176,1229.9063999999998,9300.72,28357.44,19056.72,19056.72,,0.0,2.93,6504.0,10220,Abbie Wootton,"Behr Process LLC - McDonough, GA",United States,Behr - Global Parent,2021-02-23T00:00:00,Chris Vogt,S,S4
00010,        GRAN,1237302,7.0,N,MD4023,MD4023,MD4023-C2,BEHR CHALK DECO WAX WHT 7150 H,,PPD,999,28861.92,,3687.6762,1673.001,8276.58,28861.92,20585.34,20585.34,,0.0,2.91,7074.0,10220,Abbie Wootton,"Behr Process LLC - McDonough, GA",United States,Behr - Global Parent,2021-02-23T00:00:00,Chris Vogt,S,S4
00010,        GRAN,1237302,8.0,N,MD4020,MD4020,MD4020-C2,BEHR CHALK DECO WAX CLR 7140 H,,PPD,999,13176.0,,1500.84,680.76,3420.0,13176.0,9756.0,9756.0,,0.0,2.71,3600.0,10220,Abbie Wootton,"Behr Process LLC - McDonough, GA",United States,Behr - Global Parent,2021-02-23T00:00:00,Chris Vogt,S,S4
00010,        GRAN,1237302,9.0,N,MD4020,MD4020,MD4020-C2,BEHR CHALK DECO WAX CLR 7140 H,,PPD,999,65880.0,,7504.2,3403.7999999999997,17100.0,65880.0,48780.0,48780.0,,0.0,2.71,18000.0,10220,Abbie Wootton,"Behr Process LLC - McDonough, GA",United States,Behr - Global Parent,2021-02-23T00:00:00,Chris Vogt,S,S4
00010,        CINC,1077763,1.002,N,WD40,WD40,WD40-UN,WAX DISPERSION 40,,PPD,999,6300.0,,3500.0,1587.5729999999999,2685.55,6300.0,3614.45,3614.45,,0.0,1.0327,10.0,10220,Abbie Wootton,Behr Process LLC -Santa Ana CA (W Alton),United States,Behr - Global Parent,2020-03-18T00:00:00,Gary Singer,S,S4
00010,        CINC,1118130,2.001,N,WD40,WD40,WD40-UN,WAX DISPERSION 40,,PPD,999,2520.0,,1400.0,635.0292,1074.22,2520.0,1445.78,1445.78,,0.0,1.0327,4.0,10220,Abbie Wootton,Behr Process LLC -Santa Ana CA (W Alton),United States,Behr - Global Parent,2020-05-29T00:00:00,Gary Singer,S,S4
00010,        CINC,1121344,1.002,N,WD40,WD40,WD40-UN,WAX DISPERSION 40,,PPD,999,13860.0,,7700.0,3492.6605999999997,5908.21,13860.0,7951.79,7951.79,,0.0,1.0327,22.0,10220,Abbie Wootton,Behr Process LLC -Santa Ana CA (W Alton),United States,Behr - Global Parent,2020-05-26T00:00:00,Gary Singer,S,S4
00010,        CINC,1122033,2.001,N,WD40,WD40,WD40-UN,WAX DISPERSION 40,,PPD,999,25200.0,,14000.0,6350.2919999999995,10742.2,25200.0,14457.8,14457.8,,0.0,1.0327,40.0,10220,Abbie Wootton,Behr Process LLC -Santa Ana CA (W Alton),United States,Behr - Global Parent,2020-05-29T00:00:00,Gary Singer,S,S4
00010,        CINC,1122033,2.002,N,WD40,WD40,WD40-UN,WAX DISPERSION 40,,PPD,999,7560.0,,4200.0,1905.0875999999998,3222.66,7560.0,4337.34,4337.34,,0.0,1.0327,12.0,10220,Abbie Wootton,Behr Process LLC -Santa Ana CA (W Alton),United States,Behr - Global Parent,2020-05-29T00:00:00,Gary Singer,S,S4
00010,        CINC,1160972,1.002,N,WD40,WD40,WD40-UN,WAX DISPERSION 40,,PPD,999,5386.5,,3150.0,1428.8156999999999,1606.5,5386.5,3780.0,3780.0,,0.0,1.2,9.0,10220,Abbie Wootton,Behr Process LLC -Santa Ana CA (W Alton),United States,Behr - Global Parent,2020-08-06T00:00:00,Gary Singer,S,S4
00010,        CINC,1276380,1.002,N,WD40,WD40,WD40-UN,WAX DISPERSION 40,,PPD,999,11970.0,,7000.0,3175.1459999999997,3570.0,11970.0,8400.0,8400.0,,0.0,1.2,20.0,10220,Abbie Wootton,Behr Process LLC -Santa Ana CA (W Alton),United States,Behr - Global Parent,2021-01-29T00:00:00,Gary Singer,S,S4
00010,        GRAN,1070943,5.0,N,MD4023,MD4023,MD4023-C2,BEHR CHALK DECO WAX WHT 7150 H,,PPD,999,7344.0,,938.3399999999999,425.7,1413.54,7344.0,5930.46,5930.46,,0.0,3.2947,1800.0,10220,Abbie Wootton,"Behr Process LLC - McDonough, GA",United States,Behr - Global Parent,2020-01-31T00:00:00,Chris Vogt,S,S4
00010,        GRAN,1070943,6.0,N,MD4021,MD4021,MD4021-C2,BEHR CHALK DECO WAX DRK 7160 H,,PPD,999,15696.0,,1500.84,680.76,4362.12,15696.0,11333.88,11333.88,,0.0,3.1483,3600.0,10220,Abbie Wootton,"Behr Process LLC - McDonough, GA",United States,Behr - Global Parent,2020-01-31T00:00:00,Chris Vogt,S,S4
00010,        GRAN,1070943,7.0,N,MD4020,MD4020,MD4020-C2,BEHR CHALK DECO WAX CLR 7140 H,,PPD,999,26352.0,,3001.68,1361.52,5902.56,26352.0,20449.44,20449.44,,0.0,2.8402,7200.0,10220,Abbie Wootton,"Behr Process LLC - McDonough, GA",United States,Behr - Global Parent,2020-03-10T00:00:00,Chris Vogt,S,S4
00010,        GRAN,1070943,8.0,N,MD4020,MD4020,MD4020-C2,BEHR CHALK DECO WAX CLR 7140 H,,PPD,999,16448.04,,1873.5486,849.8154,3684.18,16448.04,12763.86,12763.86,,0.0,2.8402,4494.0,10220,Abbie Wootton,"Behr Process LLC - McDonough, GA",United States,Behr - Global Parent,2020-03-31T00:00:00,Chris Vogt,S,S4
00010,        GRAN,1070943,9.0,N,MD4020,MD4020,MD4020-C2,BEHR CHALK DECO WAX CLR 7140 H,,PPD,999,6346.44,,722.9046,327.89939999999996,1421.53,6346.44,4924.91,4924.91,,0.0,2.8402,1734.0,10220,Abbie Wootton,"Behr Process LLC - McDonough, GA",United States,Behr - Global Parent,2020-03-31T00:00:00,Chris Vogt,S,S4
00010,        CINC,1122031,3.001,N,WD40,WD40,WD40-UN,WAX DISPERSION 40,,PPD,999,27531.0,,16100.0,7302.835799999999,10904.53,27531.0,16626.47,16626.47,,0.0,1.0327,46.0,10220,Abbie Wootton,Behr Process LLC -Santa Ana CA (W Alton),United States,Behr - Global Parent,2020-06-03T00:00:00,Gary Singer,S,S4
00010,        CINC,1122031,3.002,N,WD40,WD40,WD40-UN,WAX DISPERSION 40,,PPD,999,1795.5,,1050.0,476.27189999999996,711.16,1795.5,1084.34,1084.34,,0.0,1.0327,3.0,10220,Abbie Wootton,Behr Process LLC -Santa Ana CA (W Alton),United States,Behr - Global Parent,2020-06-03T00:00:00,Gary Singer,S,S4
00010,        CINC,1122032,1.002,N,WD40,WD40,WD40-UN,WAX DISPERSION 40,,PPD,999,1795.5,,1050.0,476.27189999999996,535.5,1795.5,1260.0,1260.0,,0.0,1.2,3.0,10220,Abbie Wootton,Behr Process LLC -Santa Ana CA (W Alton),United States,Behr - Global Parent,2020-06-30T00:00:00,Gary Singer,S,S4
00010,        CINC,1148939,1.002,N,WD40,WD40,WD40-UN,WAX DISPERSION 40,,PPD,999,24538.5,,14350.0,6509.0493,7318.5,24538.5,17220.0,17220.0,,0.0,1.2,41.0,10220,Abbie Wootton,Behr Process LLC -Santa Ana CA (W Alton),United States,Behr - Global Parent,2020-07-10T00:00:00,Gary Singer,S,S4
00010,        GRAN,1070943,4.0,N,MD4020,MD4020,MD4020-C2,BEHR CHALK DECO WAX CLR 7140 H,,PPD,999,26352.0,,3001.68,1361.52,5902.56,26352.0,20449.44,20449.44,,0.0,2.8402,7200.0,10220,Abbie Wootton,"Behr Process LLC - McDonough, GA",United States,Behr - Global Parent,2020-01-31T00:00:00,Chris Vogt,S,S4
00010,        GRAN,1196722,4.0,N,MD4020,MD4020,MD4020-C2,BEHR CHALK DECO WAX CLR 7140 H,,PPD,999,36255.96,,4129.8114,1873.2246,9410.7,36255.96,26845.26,26845.26,,0.0,2.71,9906.0,10220,Abbie Wootton,"Behr Process LLC - McDonough, GA",United States,Behr - Global Parent,2020-12-03T00:00:00,Chris Vogt,S,S4
00010,        CINC,1346028,3.0,N,WD40,WD40,WD40-UN,WAX DISPERSION 40,,PPD,999,10650.5,,5950.0,2698.8741,3570.0,10650.5,7080.5,7080.5,,0.0,1.19,17.0,10220,Abbie Wootton,Behr Process LLC -Santa Ana CA (W Alton),United States,Behr - Global Parent,2021-07-26T00:00:00,Gary Singer,S,S4
00010,        GRAN,1044493,3.0,N,MD4020,MD4020,MD4020-C1,KILZ CLR SLG WAX L6440 2.4 OZ,,PPD,999,16536.96,,792.0,359.2512,7311.11,16536.96,9225.85,9225.85,,0.0,1.4561,6336.0,10220,Abbie Wootton,"Behr Process LLC - McDonough, GA",United States,Behr - Global Parent,2020-04-07T00:00:00,Chris Vogt,S,S4
00010,        GRAN,1138251,3.0,N,MD4021,MD4021,MD4021-C2,BEHR CHALK DECO WAX DRK 7160 H,,PPD,999,23544.0,,2251.2599999999998,1021.14,7722.0,23544.0,15822.0,15822.0,,0.0,2.93,5400.0,10220,Abbie Wootton,"Behr Process LLC - McDonough, GA",United States,Behr - Global Parent,2020-09-11T00:00:00,Chris Vogt,S,S4
00010,        GRAN,1196722,3.0,N,MD4020C,MD4020C,MD4020C-C2,BEHR CHALK DECO WAX CLR 7140C,,PPD,999,25539.48,,2909.1282,1319.5398,6629.1,25539.48,18910.38,18910.38,,0.0,2.71,6978.0,10220,Abbie Wootton,"Behr Process LLC - McDonough, GA",United States,Behr - Global Parent,2020-11-19T00:00:00,Chris Vogt,S,S4
00010,        GRAN,1070943,3.0,N,MD4021,MD4021,MD4021-C2,BEHR CHALK DECO WAX DRK 7160 H,,PPD,999,47088.0,,4502.5199999999995,2042.28,13086.36,47088.0,34001.64,34001.64,,0.0,3.1483,10800.0,10220,Abbie Wootton,"Behr Process LLC - McDonough, GA",United States,Behr - Global Parent,2020-01-31T00:00:00,Chris Vogt,S,S4
00010,        GRAN,1070955,3.0,N,MD4023,MD4023,MD4023-C2,BEHR CHALK DECO WAX WHT 7150 H,,PPD,999,26952.48,,3443.7077999999997,1562.319,5187.69,26952.48,21764.79,21764.79,,0.0,3.2947,6606.0,10220,Abbie Wootton,"Behr Process LLC - McDonough, GA",United States,Behr - Global Parent,2020-01-31T00:00:00,Chris Vogt,S,S4
00010,        CINC,1122031,3.0,N,WD40,WD40,WD40-UN,WAX DISPERSION 40,,PPD,999,4189.5,,2450.0,1111.3011,1659.38,4189.5,2530.12,2530.12,,0.0,1.0327,7.0,10220,Abbie Wootton,Behr Process LLC -Santa Ana CA (W Alton),United States,Behr - Global Parent,2020-06-03T00:00:00,Gary Singer,S,S4
00010,        CINC,1077763,1.001,N,WD40,WD40,WD40-UN,WAX DISPERSION 40,,PPD,999,8820.0,,4900.0,2222.6022,3759.77,8820.0,5060.23,5060.23,,0.0,1.0327,14.0,10220,Abbie Wootton,Behr Process LLC -Santa Ana CA (W Alton),United States,Behr - Global Parent,2020-03-18T00:00:00,Gary Singer,S,S4
00010,        CINC,1121344,1.001,N,WD40,WD40,WD40-UN,WAX DISPERSION 40,,PPD,999,1260.0,,700.0,317.5146,537.11,1260.0,722.89,722.89,,0.0,1.0327,2.0,10220,Abbie Wootton,Behr Process LLC -Santa Ana CA (W Alton),United States,Behr - Global Parent,2020-05-26T00:00:00,Gary Singer,S,S4
00010,        CINC,1160969,1.001,N,WD40,WD40,WD40-UN,WAX DISPERSION 40,,PPD,999,20947.5,,12250.0,5556.505499999999,6247.5,20947.5,14700.0,14700.0,,0.0,1.2,35.0,10220,Abbie Wootton,Behr Process LLC -Santa Ana CA (W Alton),United States,Behr - Global Parent,2020-08-03T00:00:00,Gary Singer,S,S4
00010,        CINC,1160972,1.001,N,WD40,WD40,WD40-UN,WAX DISPERSION 40,,PPD,999,20349.0,,11900.0,5397.7482,6069.0,20349.0,14280.0,14280.0,,0.0,1.2,34.0,10220,Abbie Wootton,Behr Process LLC -Santa Ana CA (W Alton),United States,Behr - Global Parent,2020-08-06T00:00:00,Gary Singer,S,S4
00010,        CINC,1276380,1.001,N,WD40,WD40,WD40-UN,WAX DISPERSION 40,,PPD,999,26334.0,,15400.0,6985.321199999999,7854.0,26334.0,18480.0,18480.0,,0.0,1.2,44.0,10220,Abbie Wootton,Behr Process LLC -Santa Ana CA (W Alton),United States,Behr - Global Parent,2021-01-29T00:00:00,Gary Singer,S,S4
00010,        CINC,1317106,1.001,N,WD40,WD40,WD40-UN,WAX DISPERSION 40,,PPD,999,11970.0,,7000.0,3175.1459999999997,3290.0,11970.0,8680.0,8680.0,,0.0,1.24,20.0,10220,Abbie Wootton,Behr Process LLC -Santa Ana CA (W Alton),United States,Behr - Global Parent,2021-04-16T00:00:00,Gary Singer,S,S4
00010,        CINC,1317107,1.001,N,WD40,WD40,WD40-UN,WAX DISPERSION 40,,PPD,999,47880.0,,28000.0,12700.583999999999,13160.0,47880.0,34720.0,34720.0,,0.0,1.24,80.0,10220,Abbie Wootton,Behr Process LLC -Santa Ana CA (W Alton),United States,Behr - Global Parent,2021-04-29T00:00:00,Gary Singer,S,S4
00010,        CINC,1346030,1.001,N,WD40,WD40,WD40-UN,WAX DISPERSION 40,,PPD,999,40722.5,,22750.0,10319.224499999998,13650.0,40722.5,27072.5,27072.5,,0.0,1.19,65.0,10220,Abbie Wootton,Behr Process LLC -Santa Ana CA (W Alton),United States,Behr - Global Parent,2021-06-25T00:00:00,Gary Singer,S,S4
00010,        CINC,1346500,1.001,N,WD40,WD40,WD40-UN,WAX DISPERSION 40,,PPD,999,28819.0,,16100.0,7302.835799999999,8855.0,28819.0,19964.0,19964.0,,0.0,1.24,46.0,10220,Abbie Wootton,Behr Process LLC -Santa Ana CA (W Alton),United States,Behr - Global Parent,2021-06-03T00:00:00,Gary Singer,S,S4
00010,        CINC,1160974,1.001,N,WD40,WD40,WD40-UN,WAX DISPERSION 40,,PPD,999,11970.0,,7000.0,3175.1459999999997,3570.0,11970.0,8400.0,8400.0,,0.0,1.2,20.0,10220,Abbie Wootton,Behr Process LLC -Santa Ana CA (W Alton),United States,Behr - Global Parent,2020-08-13T00:00:00,Gary Singer,S,S4
00010,        CINC,1148939,1.001,N,WD40,WD40,WD40-UN,WAX DISPERSION 40,,PPD,999,13765.5,,8050.0,3651.4178999999995,4105.5,13765.5,9660.0,9660.0,,0.0,1.2,23.0,10220,Abbie Wootton,Behr Process LLC -Santa Ana CA (W Alton),United States,Behr - Global Parent,2020-07-10T00:00:00,Gary Singer,S,S4
00010,        CINC,1122032,1.001,N,WD40,WD40,WD40-UN,WAX DISPERSION 40,,PPD,999,2992.5,,1750.0,793.7864999999999,892.5,2992.5,2100.0,2100.0,,0.0,1.2,5.0,10220,Abbie Wootton,Behr Process LLC -Santa Ana CA (W Alton),United States,Behr - Global Parent,2020-06-30T00:00:00,Gary Singer,S,S4
00010,        GRAN,1117587,2.0,N,MD4020,MD4020,MD4020-C1,KILZ CLR SLG WAX L6440 2.4 OZ,,PPD,999,25557.12,,1224.0,555.2064,7931.52,25557.12,17625.6,17625.6,,0.0,1.8,9792.0,10220,Abbie Wootton,"Behr Process LLC - McDonough, GA",United States,Behr - Global Parent,2020-07-01T00:00:00,Chris Vogt,S,S4
00010,        GRAN,1196722,2.0,N,MD4020,MD4020,MD4020-C2,BEHR CHALK DECO WAX CLR 7140 H,,PPD,999,56437.2,,6428.598,2915.922,14649.0,56437.2,41788.2,41788.2,,0.0,2.71,15420.0,10220,Abbie Wootton,"Behr Process LLC - McDonough, GA",United States,Behr - Global Parent,2020-11-17T00:00:00,Chris Vogt,S,S4
00010,        CINC,1118130,2.0,N,WD40,WD40,WD40-UN,WAX DISPERSION 40,,PPD,999,5040.0,,2800.0,1270.0584,2148.44,5040.0,2891.56,2891.56,,0.0,1.0327,8.0,10220,Abbie Wootton,Behr Process LLC -Santa Ana CA (W Alton),United States,Behr - Global Parent,2020-05-29T00:00:00,Gary Singer,S,S4
00010,        CINC,1122033,2.0,N,WD40,WD40,WD40-UN,WAX DISPERSION 40,,PPD,999,2520.0,,1400.0,635.0292,1074.22,2520.0,1445.78,1445.78,,0.0,1.0327,4.0,10220,Abbie Wootton,Behr Process LLC -Santa Ana CA (W Alton),United States,Behr - Global Parent,2020-05-29T00:00:00,Gary Singer,S,S4
00010,        CINC,1346028,2.0,N,WD40,WD40,WD40-UN,WAX DISPERSION 40,,PPD,999,19421.5,,10850.0,4921.476299999999,6510.0,19421.5,12911.5,12911.5,,0.0,1.19,31.0,10220,Abbie Wootton,Behr Process LLC -Santa Ana CA (W Alton),United States,Behr - Global Parent,2021-07-26T00:00:00,Gary Singer,S,S4
00010,        GRAN,1070943,2.0,N,MD4023,MD4023,MD4023-C2,BEHR CHALK DECO WAX WHT 7150 H,,PPD,999,29376.0,,3753.3599999999997,1702.8,5654.16,29376.0,23721.84,23721.84,,0.0,3.2947,7200.0,10220,Abbie Wootton,"Behr Process LLC - McDonough, GA",United States,Behr - Global Parent,2020-01-31T00:00:00,Chris Vogt,S,S4
00010,        CINC,1317106,2.0,N,WD40,WD40,WD40-UN,WAX DISPERSION 40,,PPD,999,5386.5,,3150.0,1428.8156999999999,1480.5,5386.5,3906.0,3906.0,,0.0,1.24,9.0,10220,Abbie Wootton,Behr Process LLC -Santa Ana CA (W Alton),United States,Behr - Global Parent,2021-04-22T00:00:00,Gary Singer,S,S4
00010,        GRAN,1044493,2.0,N,MD4020C,MD4020C,MD4020C-C2,BEHR CHALK DECO WAX CLR 7140C,,PPD,999,38430.0,,4377.45,1985.55,26804.4,38430.0,11625.6,11625.6,,0.0,1.1072,10500.0,10220,Abbie Wootton,"Behr Process LLC - McDonough, GA",United States,Behr - Global Parent,2020-03-31T00:00:00,Chris Vogt,S,S4
00010,        GRAN,1070955,2.0,N,MD4020,MD4020,MD4020-C2,BEHR CHALK DECO WAX CLR 7140 H,,PPD,999,65880.0,,7504.2,3403.7999999999997,14756.4,65880.0,51123.6,51123.6,,0.0,2.8402,18000.0,10220,Abbie Wootton,"Behr Process LLC - McDonough, GA",United States,Behr - Global Parent,2020-01-31T00:00:00,Chris Vogt,S,S4
00010,        GRAN,1070956,2.0,N,MD4021,MD4021,MD4021-C2,BEHR CHALK DECO WAX DRK 7160 H,,PPD,999,31392.0,,3001.68,1361.52,8724.24,31392.0,22667.76,22667.76,,0.0,3.1483,7200.0,10220,Abbie Wootton,"Behr Process LLC - McDonough, GA",United States,Behr - Global Parent,2020-03-31T00:00:00,Chris Vogt,S,S4
00010,        GRAN,1076525,2.0,N,MD4020,MD4020,MD4020-C1,KILZ CLR SLG WAX L6440 2.4 OZ,,PPD,999,33073.92,,1584.0,718.5024,14622.22,33073.92,18451.7,18451.7,,0.0,1.4561,12672.0,10220,Abbie Wootton,"Behr Process LLC - McDonough, GA",United States,Behr - Global Parent,2020-04-30T00:00:00,Chris Vogt,S,S4
00010,        CINC,1077752,2.0,N,WD40,WD40,WD40-UN,WAX DISPERSION 40,,PPD,999,1890.0,,1050.0,476.27189999999996,805.66,1890.0,1084.34,1084.34,,0.0,1.0327,3.0,10220,Abbie Wootton,Behr Process LLC -Santa Ana CA (W Alton),United States,Behr - Global Parent,2020-02-28T00:00:00,Gary Singer,S,S4
00010,        GRAN,1454906,4.0,N,MD4023C,MD4023C,MD4023C-C2,BEHR CHALK DECO WAX WHT 7150C,,PPD,999,6970.8,,462.759,209.90099999999998,1742.7,6970.8,5228.1,5228.1,,0.0,4.71,1110.0,10220,Abbie Wootton,"Behr Process LLC - McDonough, GA",United States,Behr - Global Parent,2022-04-18T00:00:00,Chris Vogt,S,S4
00010,        GRAN,1454906,10.0,N,MD4021,MD4021,MD4021-C2,BEHR CHALK DECO WAX DRK 7160 H,,PPD,999,22544.16,,1753.4814,795.3546,5509.86,22544.16,17034.3,17034.3,,0.0,4.05,4206.0,10220,Abbie Wootton,"Behr Process LLC - McDonough, GA",United States,Behr - Global Parent,2022-04-18T00:00:00,Chris Vogt,S,S4
00010,        GRAN,1237302,4.0,N,MD4020,MD4020,MD4020-C1,KILZ CLR SLG WAX L6440 2.4 OZ,,PPD,999,46087.38,,2207.25,1001.2086,14302.98,46087.38,31784.4,31784.4,,0.0,1.8,17658.0,10220,Abbie Wootton,"Behr Process LLC - McDonough, GA",United States,Behr - Global Parent,2021-09-30T00:00:00,Chris Vogt,S,S4
00010,        GRAN,1290841,2.0,N,MD4020C,MD4020C,MD4020C-C2,BEHR CHALK DECO WAX CLR 7140C,,PPD,999,22552.92,,2568.9378,1165.2341999999999,5853.9,22552.92,16699.02,16699.02,,0.0,2.71,6162.0,10220,Abbie Wootton,"Behr Process LLC - McDonough, GA",United States,Behr - Global Parent,2021-07-28T00:00:00,Chris Vogt,S,S4
00010,        GRAN,1290841,3.0,N,MD4021,MD4021,MD4021-C2,BEHR CHALK DECO WAX DRK 7160 H,,PPD,999,88499.28,,8462.2362,3838.3518,27179.02,88499.28,61320.26,61320.26,,0.0,3.021,20298.0,10220,Abbie Wootton,"Behr Process LLC - McDonough, GA",United States,Behr - Global Parent,2021-09-30T00:00:00,Chris Vogt,S,S4
00010,        GRAN,1290841,4.0,N,MD4020,MD4020,MD4020-C2,BEHR CHALK DECO WAX CLR 7140 H,,PPD,999,32940.0,,3752.1,1701.8999999999999,8550.0,32940.0,24390.0,24390.0,,0.0,2.71,9000.0,10220,Abbie Wootton,"Behr Process LLC - McDonough, GA",United States,Behr - Global Parent,2021-07-07T00:00:00,Chris Vogt,S,S4
00010,        GRAN,1290841,5.0,N,MD4020,MD4020,MD4020-C2,BEHR CHALK DECO WAX CLR 7140 H,,PPD,999,3667.32,,417.7338,189.4782,951.9,3667.32,2715.42,2715.42,,0.0,2.71,1002.0,10220,Abbie Wootton,"Behr Process LLC - McDonough, GA",United States,Behr - Global Parent,2021-07-07T00:00:00,Chris Vogt,S,S4
00010,        GRAN,1290841,6.0,N,MD4020,MD4020,MD4020-C2,BEHR CHALK DECO WAX CLR 7140 H,,PPD,999,35860.68,,4084.7862,1852.8018,9308.1,35860.68,26552.58,26552.58,,0.0,2.71,9798.0,10220,Abbie Wootton,"Behr Process LLC - McDonough, GA",United States,Behr - Global Parent,2021-07-07T00:00:00,Chris Vogt,S,S4
00010,        GRAN,1290841,7.0,N,MD4020,MD4020,MD4020-C2,BEHR CHALK DECO WAX CLR 7140 H,,PPD,999,19764.0,,2251.2599999999998,1021.14,5130.0,19764.0,14634.0,14634.0,,0.0,2.71,5400.0,10220,Abbie Wootton,"Behr Process LLC - McDonough, GA",United States,Behr - Global Parent,2021-07-07T00:00:00,Chris Vogt,S,S4
00010,        GRAN,1290841,8.0,N,MD4020,MD4020,MD4020-C2,BEHR CHALK DECO WAX CLR 7140 H,,PPD,999,46116.0,,5252.94,2382.66,11970.0,46116.0,34146.0,34146.0,,0.0,2.71,12600.0,10220,Abbie Wootton,"Behr Process LLC - McDonough, GA",United States,Behr - Global Parent,2021-07-07T00:00:00,Chris Vogt,S,S4
00010,        GRAN,1309073,2.0,N,MD4023C,MD4023C,MD4023C-C2,BEHR CHALK DECO WAX WHT 7150C,,PPD,999,15346.8,,1523.3526,690.9714,10389.42,15346.8,4957.38,4957.38,,0.0,1.3567,3654.0,10220,Abbie Wootton,"Behr Process LLC - McDonough, GA",United States,Behr - Global Parent,2021-09-30T00:00:00,Chris Vogt,S,S4
00010,        GRAN,1347763,2.0,N,MD4021C,MD4021C,MD4021C-C2,BEHR CHALK DECO WAX DRK 7160C,,PPD,999,14004.48,,1303.2294,591.1265999999999,10349.25,14004.48,3655.23,3655.23,,0.0,1.1693,3126.0,10220,Abbie Wootton,"Behr Process LLC - McDonough, GA",United States,Behr - Global Parent,2021-09-30T00:00:00,Chris Vogt,S,S4
00010,        CINC,1376693,2.0,N,WD40,WD40,WD40-UN,WAX DISPERSION 40,,PPD,999,1295.0,,700.0,317.5146,462.0,1295.0,833.0,833.0,,0.0,1.19,2.0,10220,Abbie Wootton,Behr Process LLC -Santa Ana CA (W Alton),United States,Behr - Global Parent,2021-12-15T00:00:00,Gary Singer,S,S4
00010,        CINC,1376693,3.0,N,WD40,WD40,WD40-UN,WAX DISPERSION 40,,PPD,999,9065.0,,4900.0,2222.6022,3234.0,9065.0,5831.0,5831.0,,0.0,1.19,14.0,10220,Abbie Wootton,Behr Process LLC -Santa Ana CA (W Alton),United States,Behr - Global Parent,2021-12-15T00:00:00,Gary Singer,S,S4
00010,        GRAN,1386789,2.0,N,MD4020C,MD4020C,MD4020C-C2,BEHR CHALK DECO WAX CLR 7140C,,PPD,999,31439.7,,2263.767,1026.8129999999999,7873.5,31439.7,23566.2,23566.2,,0.0,4.34,5430.0,10220,Abbie Wootton,"Behr Process LLC - McDonough, GA",United States,Behr - Global Parent,2021-11-30T00:00:00,Chris Vogt,S,S4
00010,        GRAN,1386789,5.0,N,MD4021,MD4021,MD4021-C2,BEHR CHALK DECO WAX DRK 7160 H,,PPD,999,67536.0,,5252.94,2382.66,16506.0,67536.0,51030.0,51030.0,,0.0,4.05,12600.0,10220,Abbie Wootton,"Behr Process LLC - McDonough, GA",United States,Behr - Global Parent,2022-03-14T00:00:00,Chris Vogt,S,S4
00010,        GRAN,1386789,6.0,N,MD4021C,MD4021C,MD4021C-C2,BEHR CHALK DECO WAX DRK 7160C,,PPD,999,21785.4,,1425.798,646.722,5266.8,21785.4,16518.6,16518.6,,0.0,4.83,3420.0,10220,Abbie Wootton,"Behr Process LLC - McDonough, GA",United States,Behr - Global Parent,2022-02-10T00:00:00,Chris Vogt,S,S4
00010,        GRAN,1386789,7.0,N,MD4022C,MD4022C,MD4022C-C2,BEHR CHALK DECO WAX BLK 7170C,,PPD,999,22824.0,,1500.84,680.76,5508.0,22824.0,17316.0,17316.0,,0.0,4.81,3600.0,10220,Abbie Wootton,"Behr Process LLC - McDonough, GA",United States,Behr - Global Parent,2022-02-10T00:00:00,Chris Vogt,S,S4
00010,        GRAN,1386789,8.0,N,MD4021C,MD4021C,MD4021C-C2,BEHR CHALK DECO WAX DRK 7160C,,PPD,999,1184.82,,77.5434,35.172599999999996,286.44,1184.82,898.38,898.38,,0.0,4.83,186.0,10220,Abbie Wootton,"Behr Process LLC - McDonough, GA",United States,Behr - Global Parent,2022-01-04T00:00:00,Chris Vogt,S,S4
00010,        GRAN,1386789,9.0,N,MD4023C,MD4023C,MD4023C-C2,BEHR CHALK DECO WAX WHT 7150C,,PPD,999,2826.0,,187.605,85.095,706.5,2826.0,2119.5,2119.5,,0.0,4.71,450.0,10220,Abbie Wootton,"Behr Process LLC - McDonough, GA",United States,Behr - Global Parent,2022-01-28T00:00:00,Chris Vogt,S,S4
00010,        GRAN,1386789,10.0,N,MD4020,MD4020,MD4020-C2,BEHR CHALK DECO WAX CLR 7140 H,,PPD,999,215239.44,,19380.8472,8790.880799999999,53926.08,215239.44,161313.36,161313.36,,0.0,3.47,46488.0,10220,Abbie Wootton,"Behr Process LLC - McDonough, GA",United States,Behr - Global Parent,2022-01-31T00:00:00,Chris Vogt,S,S4
00010,        GRAN,1386789,11.0,N,MD4021,MD4021,MD4021-C2,BEHR CHALK DECO WAX DRK 7160 H,,PPD,999,26757.12,,2081.1648,943.9871999999999,11676.29,26757.12,15080.83,15080.83,,0.0,3.021,4992.0,10220,Abbie Wootton,"Behr Process LLC - McDonough, GA",United States,Behr - Global Parent,2022-02-10T00:00:00,Chris Vogt,S,S4
00010,        GRAN,1386789,12.0,N,MD4023,MD4023,MD4023-C2,BEHR CHALK DECO WAX WHT 7150 H,,PPD,999,51479.4,,5210.9148,2364.054,12894.84,51479.4,38584.56,38584.56,,0.0,3.86,9996.0,10220,Abbie Wootton,"Behr Process LLC - McDonough, GA",United States,Behr - Global Parent,2022-02-10T00:00:00,Chris Vogt,S,S4
00010,        GRAN,1386789,13.0,N,MD4021,MD4021,MD4021-C2,BEHR CHALK DECO WAX DRK 7160 H,,PPD,999,8554.56,,665.3724,301.80359999999996,3733.04,8554.56,4821.52,4821.52,,0.0,3.021,1596.0,10220,Abbie Wootton,"Behr Process LLC - McDonough, GA",United States,Behr - Global Parent,2022-02-10T00:00:00,Chris Vogt,S,S4
00010,        GRAN,1386789,14.0,N,MD4021,MD4021,MD4021-C2,BEHR CHALK DECO WAX DRK 7160 H,,PPD,999,4373.76,,340.1904,154.3056,1068.96,4373.76,3304.8,3304.8,,0.0,4.05,816.0,10220,Abbie Wootton,"Behr Process LLC - McDonough, GA",United States,Behr - Global Parent,2022-03-14T00:00:00,Chris Vogt,S,S4
00010,        GRAN,1386789,15.0,N,MD4020C,MD4020C,MD4020C-C2,BEHR CHALK DECO WAX CLR 7140C,,PPD,999,4932.9,,262.647,119.133,2198.7,4932.9,2734.2,2734.2,,0.0,4.34,630.0,10220,Abbie Wootton,"Behr Process LLC - McDonough, GA",United States,Behr - Global Parent,2022-06-28T00:00:00,Chris Vogt,S,S4
00010,        GRAN,1386789,16.0,N,MD4020C,MD4020C,MD4020C-C2,BEHR CHALK DECO WAX CLR 7140C,,PPD,999,6201.36,,330.1848,149.7672,2764.08,6201.36,3437.28,3437.28,,0.0,4.34,792.0,10220,Abbie Wootton,"Behr Process LLC - McDonough, GA",United States,Behr - Global Parent,2022-06-28T00:00:00,Chris Vogt,S,S4
00010,        GRAN,1386803,2.0,N,MD4020C,MD4020C,MD4020C-C2,BEHR CHALK DECO WAX CLR 7140C,,PPD,999,29285.82,,2108.6802,956.4677999999999,7334.1,29285.82,21951.72,21951.72,,0.0,4.34,5058.0,10220,Abbie Wootton,"Behr Process LLC - McDonough, GA",United States,Behr - Global Parent,2021-10-29T00:00:00,Chris Vogt,S,S4
00010,        GRAN,1386803,4.0,N,MD4023C,MD4023C,MD4023C-C2,BEHR CHALK DECO WAX WHT 7150C,,PPD,999,22608.0,,1500.84,680.76,17723.88,22608.0,4884.12,4884.12,,0.0,1.3567,3600.0,10220,Abbie Wootton,"Behr Process LLC - McDonough, GA",United States,Behr - Global Parent,2021-11-30T00:00:00,Chris Vogt,S,S4
00010,        GRAN,1386803,5.0,N,MD4021,MD4021,MD4021-C2,BEHR CHALK DECO WAX DRK 7160 H,,PPD,999,39685.44,,3086.7276,1400.0964,17317.96,39685.44,22367.48,22367.48,,0.0,3.021,7404.0,10220,Abbie Wootton,"Behr Process LLC - McDonough, GA",United States,Behr - Global Parent,2022-02-10T00:00:00,Chris Vogt,S,S4
00010,        GRAN,1386803,6.0,N,MD4021C,MD4021C,MD4021C-C2,BEHR CHALK DECO WAX DRK 7160C,,PPD,999,22932.0,,1500.84,680.76,5544.0,22932.0,17388.0,17388.0,,0.0,4.83,3600.0,10220,Abbie Wootton,"Behr Process LLC - McDonough, GA",United States,Behr - Global Parent,2022-01-04T00:00:00,Chris Vogt,S,S4
00010,        GRAN,1386803,7.0,N,MD4022C,MD4022C,MD4022C-C2,BEHR CHALK DECO WAX BLK 7170C,,PPD,999,20693.76,,1360.7616,617.2224,4993.92,20693.76,15699.84,15699.84,,0.0,4.81,3264.0,10220,Abbie Wootton,"Behr Process LLC - McDonough, GA",United States,Behr - Global Parent,2022-01-04T00:00:00,Chris Vogt,S,S4
00010,        GRAN,1386803,8.0,N,MD4020,MD4020,MD4020-C2,BEHR CHALK DECO WAX CLR 7140 H,,PPD,999,33947.16,,3056.7108,1386.4812,6525.48,33947.16,27421.68,27421.68,,0.0,3.74,7332.0,10220,Abbie Wootton,"Behr Process LLC - McDonough, GA",United States,Behr - Global Parent,2021-10-29T00:00:00,Chris Vogt,S,S4
00010,        GRAN,1386803,9.0,N,MD4020,MD4020,MD4020-C2,BEHR CHALK DECO WAX CLR 7140 H,,PPD,999,91674.0,,8254.619999999999,3744.18,17622.0,91674.0,74052.0,74052.0,,0.0,3.74,19800.0,10220,Abbie Wootton,"Behr Process LLC - McDonough, GA",United States,Behr - Global Parent,2021-10-29T00:00:00,Chris Vogt,S,S4
00010,        GRAN,1386803,10.0,N,MD4020,MD4020,MD4020-C2,BEHR CHALK DECO WAX CLR 7140 H,,PPD,999,41670.0,,3752.1,1701.8999999999999,8010.0,41670.0,33660.0,33660.0,,0.0,3.74,9000.0,10220,Abbie Wootton,"Behr Process LLC - McDonough, GA",United States,Behr - Global Parent,2021-10-29T00:00:00,Chris Vogt,S,S4
00010,        GRAN,1386803,11.0,N,MD4020,MD4020,MD4020-C2,BEHR CHALK DECO WAX CLR 7140 H,,PPD,999,41670.0,,3752.1,1701.8999999999999,8010.0,41670.0,33660.0,33660.0,,0.0,3.74,9000.0,10220,Abbie Wootton,"Behr Process LLC - McDonough, GA",United States,Behr - Global Parent,2021-10-29T00:00:00,Chris Vogt,S,S4
00010,        GRAN,1386803,12.0,N,MD4020,MD4020,MD4020-C2,BEHR CHALK DECO WAX CLR 7140 H,,PPD,999,16279.08,,1465.8204,664.8756,3129.24,16279.08,13149.84,13149.84,,0.0,3.74,3516.0,10220,Abbie Wootton,"Behr Process LLC - McDonough, GA",United States,Behr - Global Parent,2021-10-29T00:00:00,Chris Vogt,S,S4
00010,        GRAN,1386803,13.0,N,MD4023,MD4023,MD4023-C2,BEHR CHALK DECO WAX WHT 7150 H,,PPD,999,15079.2,,1526.3663999999999,692.472,3777.12,15079.2,11302.08,11302.08,,0.0,3.86,2928.0,10220,Abbie Wootton,"Behr Process LLC - McDonough, GA",United States,Behr - Global Parent,2022-01-04T00:00:00,Chris Vogt,S,S4
00010,        GRAN,1386803,14.0,N,MD4023,MD4023,MD4023-C2,BEHR CHALK DECO WAX WHT 7150 H,,PPD,999,11154.9,,1129.1358,512.259,2794.14,11154.9,8360.76,8360.76,,0.0,3.86,2166.0,10220,Abbie Wootton,"Behr Process LLC - McDonough, GA",United States,Behr - Global Parent,2022-01-04T00:00:00,Chris Vogt,S,S4
00010,        GRAN,1386803,15.0,N,MD4023,MD4023,MD4023-C2,BEHR CHALK DECO WAX WHT 7150 H,,PPD,999,58988.1,,5970.9702,2708.8709999999996,14775.66,58988.1,44212.44,44212.44,,0.0,3.86,11454.0,10220,Abbie Wootton,"Behr Process LLC - McDonough, GA",United States,Behr - Global Parent,2022-01-04T00:00:00,Chris Vogt,S,S4
00010,        GRAN,1386803,16.0,N,MD4023,MD4023,MD4023-C2,BEHR CHALK DECO WAX WHT 7150 H,,PPD,999,2811.9,,284.6298,129.129,704.34,2811.9,2107.56,2107.56,,0.0,3.86,546.0,10220,Abbie Wootton,"Behr Process LLC - McDonough, GA",United States,Behr - Global Parent,2022-01-04T00:00:00,Chris Vogt,S,S4
00010,        GRAN,1386803,17.0,N,MD4023,MD4023,MD4023-C2,BEHR CHALK DECO WAX WHT 7150 H,,PPD,999,24720.0,,2502.24,1135.2,6192.0,24720.0,18528.0,18528.0,,0.0,3.86,4800.0,10220,Abbie Wootton,"Behr Process LLC - McDonough, GA",United States,Behr - Global Parent,2022-01-04T00:00:00,Chris Vogt,S,S4
00010,        GRAN,1386803,18.0,N,MD4021,MD4021,MD4021-C2,BEHR CHALK DECO WAX DRK 7160 H,,PPD,999,67536.0,,5252.94,2382.66,29471.4,67536.0,38064.6,38064.6,,0.0,3.021,12600.0,10220,Abbie Wootton,"Behr Process LLC - McDonough, GA",United States,Behr - Global Parent,2022-01-31T00:00:00,Chris Vogt,S,S4
00010,        GRAN,1386803,19.0,N,MD4023C,MD4023C,MD4023C-C2,BEHR CHALK DECO WAX WHT 7150C,,PPD,999,20837.04,,1383.2742,627.4338,5209.26,20837.04,15627.78,15627.78,,0.0,4.71,3318.0,10220,Abbie Wootton,"Behr Process LLC - McDonough, GA",United States,Behr - Global Parent,2022-02-10T00:00:00,Chris Vogt,S,S4
00010,        GRAN,1454890,2.0,N,MD4020C,MD4020C,MD4020C-C2,BEHR CHALK DECO WAX CLR 7140C,,PPD,999,24387.48,,1755.9828,796.4892,6107.4,24387.48,18280.08,18280.08,,0.0,4.34,4212.0,10220,Abbie Wootton,"Behr Process LLC - McDonough, GA",United States,Behr - Global Parent,2022-02-28T00:00:00,Chris Vogt,S,S4
00010,        GRAN,1454890,3.0,N,MD4023,MD4023,MD4023-C2,BEHR CHALK DECO WAX WHT 7150 H,,PPD,999,27810.0,,2815.02,1277.1,6966.0,27810.0,20844.0,20844.0,,0.0,3.86,5400.0,10220,Abbie Wootton,"Behr Process LLC - McDonough, GA",United States,Behr - Global Parent,2022-02-28T00:00:00,Chris Vogt,S,S4
00010,        GRAN,1454890,4.0,N,MD4023C,MD4023C,MD4023C-C2,BEHR CHALK DECO WAX WHT 7150C,,PPD,999,18274.8,,1213.179,550.281,4568.7,18274.8,13706.1,13706.1,,0.0,4.71,2910.0,10220,Abbie Wootton,"Behr Process LLC - McDonough, GA",United States,Behr - Global Parent,2022-03-14T00:00:00,Chris Vogt,S,S4
00010,        GRAN,1454890,5.0,N,MD4021,MD4021,MD4021-C2,BEHR CHALK DECO WAX DRK 7160 H,,PPD,999,43866.24,,3411.9096,1547.5944,10721.04,43866.24,33145.2,33145.2,,0.0,4.05,8184.0,10220,Abbie Wootton,"Behr Process LLC - McDonough, GA",United States,Behr - Global Parent,2022-03-14T00:00:00,Chris Vogt,S,S4
00010,        GRAN,1454890,7.0,N,MD4022C,MD4022C,MD4022C-C2,BEHR CHALK DECO WAX BLK 7170C,,PPD,999,22824.0,,1500.84,680.76,5508.0,22824.0,17316.0,17316.0,,0.0,4.81,3600.0,10220,Abbie Wootton,"Behr Process LLC - McDonough, GA",United States,Behr - Global Parent,2022-02-10T00:00:00,Chris Vogt,S,S4
00010,        GRAN,1454890,8.0,N,MD4020,MD4020,MD4020-C2,BEHR CHALK DECO WAX CLR 7140 H,,PPD,999,1444.56,,130.0728,58.999199999999995,361.92,1444.56,1082.64,1082.64,,0.0,3.47,312.0,10220,Abbie Wootton,"Behr Process LLC - McDonough, GA",United States,Behr - Global Parent,2022-01-31T00:00:00,Chris Vogt,S,S4
00010,        GRAN,1454890,9.0,N,MD4020,MD4020,MD4020-C2,BEHR CHALK DECO WAX CLR 7140 H,,PPD,999,13167.72,,1185.6636,537.8004,3299.04,13167.72,9868.68,9868.68,,0.0,3.47,2844.0,10220,Abbie Wootton,"Behr Process LLC - McDonough, GA",United States,Behr - Global Parent,2022-02-10T00:00:00,Chris Vogt,S,S4
00010,        GRAN,1454890,10.0,N,MD4023,MD4023,MD4023-C2,BEHR CHALK DECO WAX WHT 7150 H,,PPD,999,38285.1,,3875.3442,1758.1409999999998,9589.86,38285.1,28695.24,28695.24,,0.0,3.86,7434.0,10220,Abbie Wootton,"Behr Process LLC - McDonough, GA",United States,Behr - Global Parent,2022-03-14T00:00:00,Chris Vogt,S,S4
00010,        GRAN,1454890,11.0,N,MD4021,MD4021,MD4021-C2,BEHR CHALK DECO WAX DRK 7160 H,,PPD,999,63355.2,,4927.758,2235.162,15484.2,63355.2,47871.0,47871.0,,0.0,4.05,11820.0,10220,Abbie Wootton,"Behr Process LLC - McDonough, GA",United States,Behr - Global Parent,2022-03-28T00:00:00,Chris Vogt,S,S4
00010,        GRAN,1454890,12.0,N,MD4020,MD4020,MD4020-C2,BEHR CHALK DECO WAX CLR 7140 H,,PPD,999,41670.0,,3752.1,1701.8999999999999,10440.0,41670.0,31230.0,31230.0,,0.0,3.47,9000.0,10220,Abbie Wootton,"Behr Process LLC - McDonough, GA",United States,Behr - Global Parent,2022-04-13T00:00:00,Chris Vogt,S,S4
00010,        GRAN,1454890,15.0,N,MD4023C,MD4023C,MD4023C-C2,BEHR CHALK DECO WAX WHT 7150C,,PPD,999,4333.2,,287.661,130.47899999999998,1083.3,4333.2,3249.9,3249.9,,0.0,4.71,690.0,10220,Abbie Wootton,"Behr Process LLC - McDonough, GA",United States,Behr - Global Parent,2022-04-25T00:00:00,Chris Vogt,S,S4
00010,        GRAN,1454890,16.0,N,MD4021C,MD4021C,MD4021C-C2,BEHR CHALK DECO WAX DRK 7160C,,PPD,999,30276.0,,1500.84,680.76,12888.0,30276.0,17388.0,17388.0,,0.0,4.83,3600.0,10220,Abbie Wootton,"Behr Process LLC - McDonough, GA",United States,Behr - Global Parent,2022-06-28T00:00:00,Chris Vogt,S,S4
00010,        GRAN,1454906,3.0,N,MD4023,MD4023,MD4023-C2,BEHR CHALK DECO WAX WHT 7150 H,,PPD,999,46350.0,,4691.7,2128.5,11610.0,46350.0,34740.0,34740.0,,0.0,3.86,9000.0,10220,Abbie Wootton,"Behr Process LLC - McDonough, GA",United States,Behr - Global Parent,2022-03-28T00:00:00,Chris Vogt,S,S4
00010,        GRAN,1454906,5.0,N,MD4021,MD4021,MD4021-C2,BEHR CHALK DECO WAX DRK 7160 H,,PPD,999,4309.44,,335.1876,152.0364,1053.24,4309.44,3256.2,3256.2,,0.0,4.05,804.0,10220,Abbie Wootton,"Behr Process LLC - McDonough, GA",United States,Behr - Global Parent,2022-03-28T00:00:00,Chris Vogt,S,S4
00010,        GRAN,1454906,6.0,N,MD4021C,MD4021C,MD4021C-C2,BEHR CHALK DECO WAX DRK 7160C,,PPD,999,25530.96,,1670.9352,757.9128,6172.32,25530.96,19358.64,19358.64,,0.0,4.83,4008.0,10220,Abbie Wootton,"Behr Process LLC - McDonough, GA",United States,Behr - Global Parent,2022-05-23T00:00:00,Chris Vogt,S,S4
00010,        GRAN,1454906,7.0,N,MD4022C,MD4022C,MD4022C-C2,BEHR CHALK DECO WAX BLK 7170C,,PPD,999,2776.92,,182.6022,82.8258,670.14,2776.92,2106.78,2106.78,,0.0,4.81,438.0,10220,Abbie Wootton,"Behr Process LLC - McDonough, GA",United States,Behr - Global Parent,2022-02-28T00:00:00,Chris Vogt,S,S4
00010,        GRAN,1454906,8.0,N,MD4023,MD4023,MD4023-C2,BEHR CHALK DECO WAX WHT 7150 H,,PPD,999,4789.5,,484.80899999999997,219.945,1199.7,4789.5,3589.8,3589.8,,0.0,3.86,930.0,10220,Abbie Wootton,"Behr Process LLC - McDonough, GA",United States,Behr - Global Parent,2022-04-13T00:00:00,Chris Vogt,S,S4
00010,        GRAN,1454906,9.0,N,MD4021,MD4021,MD4021-C2,BEHR CHALK DECO WAX DRK 7160 H,,PPD,999,67536.0,,5252.94,2382.66,16506.0,67536.0,51030.0,51030.0,,0.0,4.05,12600.0,10220,Abbie Wootton,"Behr Process LLC - McDonough, GA",United States,Behr - Global Parent,2022-04-13T00:00:00,Chris Vogt,S,S4
00010,        GRAN,1454906,12.0,N,MD4023C,MD4023C,MD4023C-C2,BEHR CHALK DECO WAX WHT 7150C,,PPD,999,14243.04,,945.5292,428.87879999999996,3560.76,14243.04,10682.28,10682.28,,0.0,4.71,2268.0,10220,Abbie Wootton,"Behr Process LLC - McDonough, GA",United States,Behr - Global Parent,2022-05-06T00:00:00,Chris Vogt,S,S4
00010,        CINC,1494037,1.001,N,WD40,WD40,WD40-UN,WAX DISPERSION 40,,PPD,999,647.5,,350.0,158.7573,231.0,647.5,416.5,416.5,,0.0,1.19,1.0,10220,Abbie Wootton,Behr Process LLC -Santa Ana CA (W Alton),United States,Behr - Global Parent,2022-01-11T00:00:00,Gary Singer,S,S4
00010,        CINC,1494037,1.002,N,WD40,WD40,WD40-UN,WAX DISPERSION 40,,PPD,999,1942.5,,1050.0,476.27189999999996,693.0,1942.5,1249.5,1249.5,,0.0,1.19,3.0,10220,Abbie Wootton,Behr Process LLC -Santa Ana CA (W Alton),United States,Behr - Global Parent,2022-01-11T00:00:00,Gary Singer,S,S4
00010,        CINC,1494037,1.003,N,WD40,WD40,WD40-UN,WAX DISPERSION 40,,PPD,999,4532.5,,2450.0,1111.3011,1617.0,4532.5,2915.5,2915.5,,0.0,1.19,7.0,10220,Abbie Wootton,Behr Process LLC -Santa Ana CA (W Alton),United States,Behr - Global Parent,2022-01-11T00:00:00,Gary Singer,S,S4
00010,        CINC,1507497,1.001,N,WD40,WD40,WD40-UN,WAX DISPERSION 40,,PPD,999,661.5,,350.0,158.7573,245.0,661.5,416.5,416.5,,0.0,1.19,1.0,10220,Abbie Wootton,Behr Process LLC -Santa Ana CA (W Alton),United States,Behr - Global Parent,2022-02-21T00:00:00,Gary Singer,S,S4
00010,        CINC,1507497,1.002,N,WD40,WD40,WD40-UN,WAX DISPERSION 40,,PPD,999,8599.5,,4550.0,2063.8449,3185.0,8599.5,5414.5,5414.5,,0.0,1.19,13.0,10220,Abbie Wootton,Behr Process LLC -Santa Ana CA (W Alton),United States,Behr - Global Parent,2022-02-21T00:00:00,Gary Singer,S,S4
00010,        CIN2,1093047,1.0,N,APT10,APT10,APT10-T2,ADVANCED POLYMER TECHNOLOGY 10,,PPA,999,-1980.0,,-1.0,-0.4536,-1978.14,-1980.0,-1.86,-1.86,,-2.1963,1.856,-1.0,10220,Bryan Fuka,AdvancedPolymerTech(Bill-to)- Harmony PA,United States,Advanced Polymer Tech. -- Global Parent,2020-05-11T00:00:00,Chris Vogt,C,CO
00010,        GRAN,1124779,1.0,N,MD4020,MD4020,MD4020-C1,KILZ CLR SLG WAX L6440 2.4 OZ,,PPD,999,-33379.2,,-1140.0,-517.104,-20099.57,-33379.2,-13279.63,-13279.63,,-16416.0,1.4561,-9120.0,10220,Abbie Wootton,"Behr Process LLC - McDonough, GA",United States,Behr - Global Parent,2020-05-12T00:00:00,Chris Vogt,C,CO
00010,        GRAN,1124780,1.0,N,MD4020,MD4020,MD4020-C1,KILZ CLR SLG WAX L6440 2.4 OZ,,PPD,999,-18322.2,,-877.5,-398.034,-8100.38,-18322.2,-10221.82,-10221.82,,-12636.0,1.4561,-7020.0,10220,Abbie Wootton,"Behr Process LLC - McDonough, GA",United States,Behr - Global Parent,2020-05-12T00:00:00,Chris Vogt,C,CO
00010,        GRAN,1124781,1.0,N,MD4021,MD4021,MD4021-C1,KILZ DRK SLG WAX L6444 2.4 OZ,,PPD,999,-20024.1,,-878.25,-398.37420000000003,-9156.28,-20024.1,-10867.82,-10867.82,,-10867.8168,1.5468,-7026.0,10220,Abbie Wootton,"Behr Process LLC - McDonough, GA",United States,Behr - Global Parent,2020-05-12T00:00:00,Chris Vogt,C,CO
00010,        GRAN,1124782,1.0,N,MD4020,MD4020,MD4020-C1,KILZ CLR SLG WAX L6440 2.4 OZ,,PPD,999,-10319.94,,-494.25,-224.1918,-4562.52,-10319.94,-5757.42,-5757.42,,-7117.2,1.4561,-3954.0,10220,Abbie Wootton,"Behr Process LLC - McDonough, GA",United States,Behr - Global Parent,2020-05-12T00:00:00,Chris Vogt,C,CO
00010,        GRAN,1124785,1.0,N,MD4020,MD4020,MD4020-C1,KILZ CLR SLG WAX L6440 2.4 OZ,,PPD,999,-18040.32,,-864.0,-391.9104,-7975.76,-18040.32,-10064.56,-10064.56,,-12441.6,1.4561,-6912.0,10220,Abbie Wootton,"Behr Process LLC - McDonough, GA",United States,Behr - Global Parent,2020-05-12T00:00:00,Chris Vogt,C,CO
00010,        GRAN,1124787,1.0,N,MD4021,MD4021,MD4021-C1,KILZ DRK SLG WAX L6444 2.4 OZ,,PPD,999,-7182.0,,-315.0,-142.88400000000001,-3284.06,-7182.0,-3897.94,-3897.94,,-3897.936,1.5468,-2520.0,10220,Abbie Wootton,"Behr Process LLC - McDonough, GA",United States,Behr - Global Parent,2020-05-12T00:00:00,Chris Vogt,C,CO
00010,        GRAN,1124801,1.0,N,MD4020C,MD4020C,MD4020C-C2,BEHR CHALK DECO WAX CLR 7140C,,PPD,999,-24112.08,,-2746.5371999999998,-1245.7908,-6258.6,-24112.08,-17853.48,-17853.48,,-17853.48,2.71,-6588.0,10220,Abbie Wootton,"Behr Process LLC - McDonough, GA",United States,Behr - Global Parent,2020-05-12T00:00:00,Chris Vogt,C,CO
00010,        GRAN,1124802,1.0,N,MD4022C,MD4022C,MD4022C-C2,BEHR CHALK DECO WAX BLK 7170C,,PPD,999,-14436.0,,-1500.84,-680.76,-9326.16,-14436.0,-5109.84,-5109.84,,-5109.84,1.4194,-3600.0,10220,Abbie Wootton,"Behr Process LLC - McDonough, GA",United States,Behr - Global Parent,2020-05-12T00:00:00,Chris Vogt,C,CO
00010,        GRAN,1124803,1.0,N,MD4023C,MD4023C,MD4023C-C2,BEHR CHALK DECO WAX WHT 7150C,,PPD,999,-14688.0,,-1500.84,-680.76,-9803.88,-14688.0,-4884.12,-4884.12,,-4884.12,1.3567,-3600.0,10220,Abbie Wootton,"Behr Process LLC - McDonough, GA",United States,Behr - Global Parent,2020-05-12T00:00:00,Chris Vogt,C,CO
00010,        GRAN,1124804,1.0,N,MD4021C,MD4021C,MD4021C-C2,BEHR CHALK DECO WAX DRK 7160C,,PPD,999,-15722.16,,-1503.3414,-681.8946,-11505.66,-15722.16,-4216.5,-4216.5,,-4216.4958,1.1693,-3606.0,10220,Abbie Wootton,"Behr Process LLC - McDonough, GA",United States,Behr - Global Parent,2020-05-12T00:00:00,Chris Vogt,C,CO
00010,        GRAN,1124805,1.0,N,MD4021,MD4021,MD4021-C1,KILZ DRK SLG WAX L6444 2.4 OZ,,PPD,999,-25137.0,,-1102.5,-500.094,-11494.22,-25137.0,-13642.78,-13642.78,,-13642.776,1.5468,-8820.0,10220,Abbie Wootton,"Behr Process LLC - McDonough, GA",United States,Behr - Global Parent,2020-05-12T00:00:00,Chris Vogt,C,CO
00010,        GRAN,1124806,1.0,N,MD4020,MD4020,MD4020-C1,KILZ CLR SLG WAX L6440 2.4 OZ,,PPD,999,-2677.86,,-128.25,-58.1742,-1183.9,-2677.86,-1493.96,-1493.96,,-1846.8,1.4561,-1026.0,10220,Abbie Wootton,"Behr Process LLC - McDonough, GA",United States,Behr - Global Parent,2020-05-12T00:00:00,Chris Vogt,C,CO
00010,        GRAN,1124808,1.0,N,MD4021,MD4021,MD4021-C2,BEHR CHALK DECO WAX DRK 7160 H,,PPD,999,-31261.2,,-2989.173,-1355.847,-8687.89,-31261.2,-22573.31,-22573.31,,-21008.1,3.1483,-7170.0,10220,Abbie Wootton,"Behr Process LLC - McDonough, GA",United States,Behr - Global Parent,2020-05-12T00:00:00,Chris Vogt,C,CO
00010,        GRAN,1124809,1.0,N,MD4023,MD4023,MD4023-C2,BEHR CHALK DECO WAX WHT 7150 H,,PPD,999,-6071.04,,-775.6944,-351.912,-1168.53,-6071.04,-4902.51,-4902.51,,-4330.08,3.2947,-1488.0,10220,Abbie Wootton,"Behr Process LLC - McDonough, GA",United States,Behr - Global Parent,2020-05-12T00:00:00,Chris Vogt,C,CO
00010,        GRAN,1124824,1.0,N,MD4023,MD4023,MD4023-C2,BEHR CHALK DECO WAX WHT 7150 H,,PPD,999,-2105.28,,-268.9908,-122.03399999999999,-405.21,-2105.28,-1700.07,-1700.07,,-1501.56,3.2947,-516.0,10220,Abbie Wootton,"Behr Process LLC - McDonough, GA",United States,Behr - Global Parent,2020-05-12T00:00:00,Chris Vogt,C,CO
00010,        GRAN,1133067,1.0,N,MD4021,MD4021,MD4021-C2,ITEM 716016,,PPD,999,-50331.84,,-4812.6936,-2182.9703999999997,-13987.86,-50331.84,-36343.98,-36343.98,,-33823.92,3.1483,-11544.0,10220,Abbie Wootton,Behr Process LLC -Santa Ana CA (W Alton),United States,Behr - Global Parent,2020-05-27T00:00:00,Chris Vogt,C,CO
00010,        GRAN,1141019,1.0,N,MD4020,MD4020,MD4020-C1,KILZ CLR SLG WAX L6440 2.4 OZ,,PPD,999,33379.2,,1140.0,517.104,20099.57,33379.2,13279.63,13279.63,,16416.0,1.4561,9120.0,10220,Abbie Wootton,"Behr Process LLC - McDonough, GA",United States,Behr - Global Parent,2020-06-10T00:00:00,Chris Vogt,SR,CO
00010,        CIN2,1162086,1.0,N,APT10,APT10,APT10,ADVANCED POLYMER TECHNOLOGY 10,,PPA,999,-874.0,,-380.0,-172.368,-92.76,-874.0,-781.24,-781.24,,-796.86,2.0559,-380.0,10220,Bryan Fuka,AdvancedPolymerTech(Bill-to)- Harmony PA,United States,Advanced Polymer Tech. -- Global Parent,2020-07-17T00:00:00,Chris Vogt,C,CO
00010,        CIN2,1207652,1.0,N,MDU4075B,MDU4075B.E,MDU4075B.E-OP,MICHEM DISP. URETHANE 4075B,,COL,999,-1675.84,,-1.0,-0.4536,-1674.21,-1675.84,-1.63,-1.63,,-8.4675,3.5983,-1.0,10220,Tammy Patton,"Ohio Concrete/Nature Stone-Bedford, OH",United States,Ohio Concrete - Global Parent,2021-01-21T00:00:00,Marcos Pedreira,C,CO
00010,        CINC,1359582,1.0,N,APT10,APT10,APT10-T2,ADVANCED POLYMER TECHNOLOGY 10,,PPA,999,-1320.0,,-1.0,-0.4536,-1317.8,-1320.0,-2.2,-2.2,,-2.1963,2.1963,-1.0,10220,Bryan Fuka,AdvancedPolymerTech(Bill-to)- Harmony PA,United States,Advanced Polymer Tech. -- Global Parent,2021-07-21T00:00:00,Chris Vogt,C,CO
00010,        GRAN,1386803,1.0,N,MD4023C,MD4023C,MD4023C-C2,BEHR CHALK DECO WAX WHT 7150C,,PPD,999,-1770.96,,-0.4169,-0.1891,-1766.25,-1770.96,-4.71,-4.71,,-4.71,4.71,-1.0,10220,Abbie Wootton,"Behr Process LLC - McDonough, GA",United States,Behr - Global Parent,2022-03-29T00:00:00,Chris Vogt,C,CO
00010,        GRAN,1437763,1.0,N,MD4021C,MD4021C,MD4021C-C2,BEHR CHALK DECO WAX DRK 7160C,,PPD,999,-268.8,,-25.014,-11.346,-198.64,-268.8,-70.16,-70.16,,-70.158,1.1693,-60.0,10220,Abbie Wootton,"Behr Process LLC - McDonough, GA",United States,Behr - Global Parent,2021-10-29T00:00:00,Chris Vogt,C,CO
00010,        GRAN,1454890,1.0,N,MD4023,MD4023,MD4023-C2,BEHR CHALK DECO WAX WHT 7150 H,,PPD,999,-18540.0,,-1876.6799999999998,-851.4,-4644.0,-18540.0,-13896.0,-13896.0,,-13896.0,3.86,-3600.0,10220,Abbie Wootton,"Behr Process LLC - McDonough, GA",United States,Behr - Global Parent,2022-08-02T00:00:00,Chris Vogt,C,CO
00010,        CINC,1494148,1.0,N,MW40504,MW40504,MW40504-C2,MINWAX CLEAR WAX,,COB,999,-5947.2,,-1.0,-1.0,-5939.52,-5947.2,-7.68,-7.68,,-1.3341,3.2,-1.0,10220,Bryan Fuka,"Sherwin Williams - Romeoville, IL",United States,Sherwin Williams - Global Parent,2022-08-23T00:00:00,Becky McCloskey,C,CO
00010,        GRAN,1753962,1.0,N,MD4021,MD4021,MD4021-C2,BEHR CHALK DECO WAX DRK 7160 H,UNRESOLVED QTY DISCREPANCY,PPD,999,-6886.62,,-1.0,-1.0,-6872.95,-6886.62,-13.67,-13.67,,-2.3763,5.7,-1.0,10220,Abbie Wootton,"Behr Process LLC - McDonough, GA",United States,Behr - Global Parent,2022-12-14T00:00:00,Chris Vogt,C,CO
00010,        GRAN,1141019,2.0,N,MD4020,MD4020,MD4020-C1,KILZ CLR SLG WAX L6440 2.4 OZ,,PPD,999,18322.2,,877.5,398.034,8100.38,18322.2,10221.82,10221.82,,12636.0,1.4561,7020.0,10220,Abbie Wootton,"Behr Process LLC - McDonough, GA",United States,Behr - Global Parent,2020-06-10T00:00:00,Chris Vogt,SR,CO
00010,        GRAN,1141019,3.0,N,MD4021,MD4021,MD4021-C1,KILZ DRK SLG WAX L6444 2.4 OZ,,PPD,999,20024.1,,878.25,398.37420000000003,9156.28,20024.1,10867.82,10867.82,,10867.8168,1.5468,7026.0,10220,Abbie Wootton,"Behr Process LLC - McDonough, GA",United States,Behr - Global Parent,2020-06-10T00:00:00,Chris Vogt,SR,CO
00010,        GRAN,1141019,4.0,N,MD4020,MD4020,MD4020-C1,KILZ CLR SLG WAX L6440 2.4 OZ,,PPD,999,10319.94,,494.25,224.1918,4562.52,10319.94,5757.42,5757.42,,7117.2,1.4561,3954.0,10220,Abbie Wootton,"Behr Process LLC - McDonough, GA",United States,Behr - Global Parent,2020-06-10T00:00:00,Chris Vogt,SR,CO
00010,        GRAN,1141019,5.0,N,MD4020,MD4020,MD4020-C1,KILZ CLR SLG WAX L6440 2.4 OZ,,PPD,999,18040.32,,864.0,391.9104,7975.76,18040.32,10064.56,10064.56,,12441.6,1.4561,6912.0,10220,Abbie Wootton,"Behr Process LLC - McDonough, GA",United States,Behr - Global Parent,2020-06-10T00:00:00,Chris Vogt,SR,CO
00010,        GRAN,1141019,6.0,N,MD4021,MD4021,MD4021-C1,KILZ DRK SLG WAX L6444 2.4 OZ,,PPD,999,7182.0,,315.0,142.88400000000001,3284.06,7182.0,3897.94,3897.94,,3897.936,1.5468,2520.0,10220,Abbie Wootton,"Behr Process LLC - McDonough, GA",United States,Behr - Global Parent,2020-06-10T00:00:00,Chris Vogt,SR,CO
00010,        GRAN,1141019,9.0,N,MD4020C,MD4020C,MD4020C-C2,BEHR CHALK DECO WAX CLR 7140C,,PPD,999,24112.08,,2746.5371999999998,1245.7908,6258.6,24112.08,17853.48,17853.48,,17853.48,2.71,6588.0,10220,Abbie Wootton,"Behr Process LLC - McDonough, GA",United States,Behr - Global Parent,2020-06-10T00:00:00,Chris Vogt,SR,CO
00010,        GRAN,1141019,10.0,N,MD4022C,MD4022C,MD4022C-C2,BEHR CHALK DECO WAX BLK 7170C,,PPD,999,14436.0,,1500.84,680.76,9326.16,14436.0,5109.84,5109.84,,5109.84,1.4194,3600.0,10220,Abbie Wootton,"Behr Process LLC - McDonough, GA",United States,Behr - Global Parent,2020-06-10T00:00:00,Chris Vogt,SR,CO
00010,        GRAN,1141019,11.0,N,MD4023C,MD4023C,MD4023C-C2,BEHR CHALK DECO WAX WHT 7150C,,PPD,999,14688.0,,1500.84,680.76,9803.88,14688.0,4884.12,4884.12,,4884.12,1.3567,3600.0,10220,Abbie Wootton,"Behr Process LLC - McDonough, GA",United States,Behr - Global Parent,2020-06-10T00:00:00,Chris Vogt,SR,CO
00010,        GRAN,1141019,12.0,N,MD4021C,MD4021C,MD4021C-C2,BEHR CHALK DECO WAX DRK 7160C,,PPD,999,15722.16,,1503.3414,681.8946,11505.66,15722.16,4216.5,4216.5,,4216.4958,1.1693,3606.0,10220,Abbie Wootton,"Behr Process LLC - McDonough, GA",United States,Behr - Global Parent,2020-06-10T00:00:00,Chris Vogt,SR,CO
00010,        GRAN,1141019,13.0,N,MD4021,MD4021,MD4021-C1,KILZ DRK SLG WAX L6444 2.4 OZ,,PPD,999,25137.0,,1102.5,500.094,11494.22,25137.0,13642.78,13642.78,,13642.776,1.5468,8820.0,10220,Abbie Wootton,"Behr Process LLC - McDonough, GA",United States,Behr - Global Parent,2020-06-10T00:00:00,Chris Vogt,SR,CO
00010,        GRAN,1141019,14.0,N,MD4020,MD4020,MD4020-C1,KILZ CLR SLG WAX L6440 2.4 OZ,,PPD,999,2677.86,,128.25,58.1742,1183.9,2677.86,1493.96,1493.96,,1846.8,1.4561,1026.0,10220,Abbie Wootton,"Behr Process LLC - McDonough, GA",United States,Behr - Global Parent,2020-06-10T00:00:00,Chris Vogt,SR,CO
00010,        GRAN,1141019,16.0,N,MD4021,MD4021,MD4021-C2,BEHR CHALK DECO WAX DRK 7160 H,,PPD,999,31261.2,,2989.173,1355.847,8687.89,31261.2,22573.31,22573.31,,21008.1,3.1483,7170.0,10220,Abbie Wootton,"Behr Process LLC - McDonough, GA",United States,Behr - Global Parent,2020-06-10T00:00:00,Chris Vogt,SR,CO
00010,        GRAN,1141019,17.0,N,MD4023,MD4023,MD4023-C2,BEHR CHALK DECO WAX WHT 7150 H,,PPD,999,6071.04,,775.6944,351.912,1168.53,6071.04,4902.51,4902.51,,4330.08,3.2947,1488.0,10220,Abbie Wootton,"Behr Process LLC - McDonough, GA",United States,Behr - Global Parent,2020-06-10T00:00:00,Chris Vogt,SR,CO
00010,        GRAN,1141019,20.0,N,MD4023,MD4023,MD4023-C2,BEHR CHALK DECO WAX WHT 7150 H,,PPD,999,2105.28,,268.9908,122.03399999999999,405.21,2105.28,1700.07,1700.07,,1501.56,3.2947,516.0,10220,Abbie Wootton,"Behr Process LLC - McDonough, GA",United States,Behr - Global Parent,2020-06-10T00:00:00,Chris Vogt,SR,CO
00010,        GRAN,1141021,2.0,N,MD4021,MD4021,MD4021-C2,BEHR CHALK DECO WAX DRK 7160 H,,PPD,999,50331.84,,4812.6936,2182.9703999999997,13987.86,50331.84,36343.98,36343.98,,33823.92,3.1483,11544.0,10220,Abbie Wootton,Behr Process LLC -Santa Ana CA (W Alton),United States,Behr - Global Parent,2020-06-10T00:00:00,Chris Vogt,SR,CO
00030,        SING,2743123,1.0,Y,U2022,U2022,U2022-OP,HYDROSIZE U2022,,CIF,540,73299.49,,15750.10332,7144.2,20989.77,73299.49,52309.72,52309.72,,,3.3212,7144.2,30240,Brandon Lee,Caldic - Japan,Japan,Connell Caldic Japan- Global Parent,2026-09-02T00:00:00,Norman Seung,S,S4
00010,        CIN2,2734561,1.0,Y,HP1632,HP1632,HP1632-OP,HYDROSIZE HP-1632,,COL,540,90970.24,,7408.0,3360.2128,37947.48,90970.24,53022.76,53022.76,,,7.1575,16.0,10240,Brendan Schloerb,"Zoltek - St. Charles, MO",United States,Zoltek - Global Parent,2026-12-18T00:00:00,Roxana McMican,S,S4
00010,        CIN2,2737269,1.0,Y,HP1632,HP1632,HP1632-OP,HYDROSIZE HP-1632,,PPI,540,13918.52,,1852.0,840.0532,662.83,13918.52,13255.69,13255.69,,,7.1575,4.0,10200,,Michelman Int'l - Belgium SRL,Belgium,Michelman International - Global Parent,2026-11-09T00:00:00,Roxana McMican,S,S5
00010,        CIN2,2732783,1.0,Y,HP1632,HP1632,HP1632-PL,HYDROSIZE HP-1632,,PPA,540,14240.0,,800.0,362.87399999999997,8393.36,14240.0,5846.64,5846.64,,,7.3083,20.0,10240,Brendan Schloerb,"Xactiv - Fairport, NY",United States,"Xactiv - Fairport, NY",2026-12-16T00:00:00,Roxana McMican,S,S4
00010,        CIN2,2733551,1.0,Y,U2022,U2022,U2022-OP,HYDROSIZE U2022,,COL,540,12757.5,,2250.0,1020.5830000000001,5247.0,12757.5,7510.5,7510.5,,,3.338,5.0,10240,Samuel Hankins,"Teijin Carbon America - Rockwood, TN",United States,Teijin Carbon - Global Parent,2026-08-21T00:00:00,Norman Seung,S,S4
00010,        CIN2,2744056,1.0,Y,U2022,U2022,U2022-OP,HYDROSIZE U2022,,PPI,540,55202.37,,15750.0,7144.081,2628.87,55202.37,52573.5,52573.5,,,3.338,35.0,10200,,Michelman Asia Pacific - Caldic Japan,Japan,Michelman Asia-Pacific - Global Parent,2026-09-02T00:00:00,Norman Seung,S,S5
00010,        CIN2,2708884,1.0,Y,U204,U204,U204-OP,HYDROSIZE U2-04,,PPA,540,32562.0,,5400.0,2449.3992,14971.5,32562.0,17590.5,17590.5,,,3.2575,12.0,10240,Brendan Schloerb,"Mitsubishi Chemical - Sacramento, CA",United States,Mitsubishi Chemical F&C-Global Parent,2026-09-03T00:00:00,Norman Seung,S,S4
00010,        CIN2,2739301,1.0,Y,MDU20,MDU20,MDU20-T2,MICHEM DISPERSION URETHANE 20,,COL,540,87934.0,,15400.0,6985.3231,39501.0,87934.0,48433.0,48433.0,,,3.145,7.0,10220,Abbie Wootton,"Monarch Color - Charlotte, NC (SalemCh)",United States,Monarch Color - Global Parent,2026-09-09T00:00:00,Norman Seung,S,S4
00010,        CIN2,2701152,1.0,Y,HP1632,HP1632,HP1632-T2,HYDROSIZE HP-1632,,PPI,540,244490.4,,33075.0,15002.568,18588.15,244490.4,225902.25,225902.25,,,6.83,15.0,10200,,Michelman Int'l - Belgium (Jost),Belgium,Michelman International - Global Parent,2026-08-31T00:00:00,Roxana McMican,S,S5
00010,        CIN2,2755409,1.0,Y,HP1632,HP1632,HP1632-T2,HYDROSIZE HP-1632,,PPI,540,244490.4,,33075.0,15002.568,11642.4,244490.4,232848.0,232848.0,,,7.04,15.0,10200,,Michelman Int'l - Belgium (Jost),Belgium,Michelman International - Global Parent,2026-10-19T00:00:00,Roxana McMican,S,S5
00010,        CIN2,2756021,1.0,Y,HP1632,HP1632,HP1632-T2,HYDROSIZE HP-1632,,PPI,540,244490.4,,33075.0,15002.568,11642.4,244490.4,232848.0,232848.0,,,7.04,15.0,10200,,Michelman Int'l - Belgium (Jost),Belgium,Michelman International - Global Parent,2026-11-30T00:00:00,Roxana McMican,S,S5
00010,        CIN2,2645790,1.0,Y,HP1632,HP1632,HP1632-T2,HYDROSIZE HP-1632,,PPI,540,0.0,,15435.0,7001.1984,0.0,0.0,0.0,0.0,,,7.395,7.0,10200,,Michelman Int'l - Belgium (Jost),Belgium,Michelman International - Global Parent,2026-08-26T00:00:00,Roxana McMican,S,S5
00020,        AUBA,20001323,1.0,N,MDU440B,MDU440B.E,MDU440B.E-TO,MICHEM DISP. URETHANE 440B,,DAP,999,-3420.1417,-2900.0,2.2046,1.0,-2902.68,-2900.0,2.68,3.1607,2.68,3.2285,2.68,1.0,20220,Luc Vanderstappen,Pebeo (X)  Gemenos FR,France,Pebeo (X)  Gemenos FR,2020-09-08T00:00:00,Marcos Pedreira,SR,CO
00020,        AUBA,26001242,1.0,Y,HP1632,HP1632,HP1632-OP,HYDROSIZE HP-1632,,DAP,530,26983.8625,23630.72,1852.0,840.0532,8832.68,23630.72,14798.04,16897.8464,14798.04,,7.9903,4.0,20220,Luc Vanderstappen,Sobotram (S) Chalon sur Saone FR,France,Safic France - Global Parent,2026-12-10T00:00:00,Roxana McMican,S,S4
00020,        AUBA,26001422,1.0,Y,HP1632,HP1632,HP1632-T2,HYDROSIZE HP-1632,,DAP,535,150893.5119,132142.77,8820.0,4000.6848,70625.92,132142.77,61516.85,70245.9434,61516.85,,6.9747,4.0,20240,Philippe Chabanne,Technical Fibre (X) Cumbria GB,United Kingdom,Technical Fibre Products - Global Parent,2026-10-06T00:00:00,Roxana McMican,S,S4
00020,        AUBA,1193,1.0,N,191245PX,191245PX,191245PX-T2,EXPERIMENTAL PRODUCT 191245PX,,DAP,999,115009.0208,94739.66,20700.0,9389.362500000001,65049.65,94739.66,29690.01,36042.1283,29690.01,,1.4343,9.0,20230,Thierry Van Migem,Koehler papierfabrik (S) Oberkirch DE,Germany,Koehler - Global Parent,2021-12-31T00:00:00,Kaitlyn Slack,S,SB
00020,        AUBA,26001495,1.0,Y,MDU4075B,MDU4075B.E,MDU4075B.E-LP,MICHEM DISP. URETHANE 4075B,,EXW,525,1616.927,1416.0,529.1094,240.0,518.4,1416.0,897.6,1024.9673,897.6,,3.74,2.0,20220,Luc Vanderstappen,Keyser & Mackay (X) Koeln DE,Germany,K&M Deutchland - Global Parent,2026-11-13T00:00:00,Marcos Pedreira,S,S4
00020,        AUBA,26001467,11.0,Y,MDU4075B,MDU4075B.E,MDU4075B.E-LP,MICHEM DISP. URETHANE 4075B,,DAP,540,808.4635,708.0,264.5547,120.0,259.2,708.0,448.8,512.4836,448.8,,3.74,1.0,20220,Luc Vanderstappen,Sobotram (S) Chalon sur Saone FR,France,Safic France - Global Parent,2026-08-21T00:00:00,Marcos Pedreira,S,S4
00020,        AUBA,26000439,1.0,Y,HP1632,HP1632,HP1632-T2,HYDROSIZE HP-1632,,EXW,540,145608.4266,125834.4707,15435.0,7001.1984,18180.3,125834.4707,107654.49,124571.5965,107654.49,,6.9747,7.0,20240,Philippe Chabanne,SGL Carbon (X Bsto USD) Ross Shire GB,United Kingdom,SGL Carbon - Global Parent,2026-10-28T00:00:00,Roxana McMican,S,S4
00020,        AUBA,26000792,1.0,Y,HP1632,HP1632,HP1632-T2,HYDROSIZE HP-1632,,EXW,540,147054.6674,125834.4707,15435.0,7001.1984,18180.3,125834.4707,107654.49,125808.891,107654.49,,6.9747,7.0,20240,Philippe Chabanne,SGL Carbon (X Bsto USD) Ross Shire GB,United Kingdom,SGL Carbon - Global Parent,2026-11-05T00:00:00,Roxana McMican,S,S4
00020,        AUBA,26000793,1.0,Y,HP1632,HP1632,HP1632-T2,HYDROSIZE HP-1632,,EXW,540,168062.477,143810.8237,17640.0,8001.3696,20777.47,143810.8237,123033.71,143781.5981,123033.71,,6.9747,8.0,20240,Philippe Chabanne,SGL Carbon (X Bsto USD) Ross Shire GB,United Kingdom,SGL Carbon - Global Parent,2026-11-05T00:00:00,Roxana McMican,S,S4
00020,        AUBA,26001408,1.0,Y,HP1632,HP1632,HP1632-T2,HYDROSIZE HP-1632,,EXW,540,143690.0801,125834.4707,15435.0,7001.1984,18180.3,125834.4707,107654.49,122930.4038,107654.49,,6.9747,7.0,20240,Philippe Chabanne,SGL Carbon (X Bsto USD) Ross Shire GB,United Kingdom,SGL Carbon - Global Parent,2026-12-16T00:00:00,Roxana McMican,S,S4
00020,        AUBA,26001409,1.0,Y,HP1632,HP1632,HP1632-T2,HYDROSIZE HP-1632,,EXW,540,164217.2344,143810.8237,17640.0,8001.3696,20777.47,143810.8237,123033.71,140491.8982,123033.71,,6.9747,8.0,20240,Philippe Chabanne,SGL Carbon (X Bsto USD) Ross Shire GB,United Kingdom,SGL Carbon - Global Parent,2027-01-06T00:00:00,Roxana McMican,S,S4
00020,        AUBA,26001410,1.0,Y,HP1632,HP1632,HP1632-T2,HYDROSIZE HP-1632,,EXW,540,143690.0801,125834.4707,15435.0,7001.1984,18180.3,125834.4707,107654.49,122930.4038,107654.49,,6.9747,7.0,20240,Philippe Chabanne,SGL Carbon (X Bsto USD) Ross Shire GB,United Kingdom,SGL Carbon - Global Parent,2027-02-02T00:00:00,Roxana McMican,S,S4
00020,        AUBA,26001411,1.0,Y,HP1632,HP1632,HP1632-T2,HYDROSIZE HP-1632,,EXW,540,164217.2344,143810.8237,17640.0,8001.3696,20777.47,143810.8237,123033.71,140491.8982,123033.71,,6.9747,8.0,20240,Philippe Chabanne,SGL Carbon (X Bsto USD) Ross Shire GB,United Kingdom,SGL Carbon - Global Parent,2027-02-02T00:00:00,Roxana McMican,S,S4
00020,        AUBA,26000286,1.001,Y,HP1632,HP1632,HP1632-T2,HYDROSIZE HP-1632,,EXW,560,21261.7813,17976.353,2205.0,1000.1712,2597.19,17976.353,15379.21,18189.9744,15379.21,,6.9747,1.0,20240,Philippe Chabanne,SGL Carbon (X Bsto USD) Ross Shire GB,United Kingdom,SGL Carbon - Global Parent,2026-08-24T00:00:00,Roxana McMican,S,S4
00020,        AUBA,26000286,1.0,Y,HP1632,HP1632,HP1632-T2,HYDROSIZE HP-1632,,EXW,560,127570.688,107858.1178,13230.0,6001.0272,15583.11,107858.1178,92275.28,109139.87,92275.28,,6.9747,6.0,20240,Philippe Chabanne,SGL Carbon (X Bsto USD) Ross Shire GB,United Kingdom,SGL Carbon - Global Parent,2026-08-24T00:00:00,Roxana McMican,S,S4
00020,        AUBA,26000438,1.001,Y,HP1632,HP1632,HP1632-T2,HYDROSIZE HP-1632,,EXW,560,20801.2038,17976.353,2205.0,1000.1712,2597.19,17976.353,15379.21,17795.939,15379.21,,6.9747,1.0,20240,Philippe Chabanne,SGL Carbon (X Bsto USD) Ross Shire GB,United Kingdom,SGL Carbon - Global Parent,2026-08-24T00:00:00,Roxana McMican,S,S4
00020,        AUBA,26000438,1.0,Y,HP1632,HP1632,HP1632-T2,HYDROSIZE HP-1632,,EXW,560,145608.4266,125834.4707,15435.0,7001.1984,18180.3,125834.4707,107654.49,124571.5965,107654.49,,6.9747,7.0,20240,Philippe Chabanne,SGL Carbon (X Bsto USD) Ross Shire GB,United Kingdom,SGL Carbon - Global Parent,2026-08-24T00:00:00,Roxana McMican,S,S4
00020,        AUBA,26001521,1.0,Y,MDU4075B,MDU4075B.E,MDU4075B.E-LP,MICHEM DISP. URETHANE 4075B,,EXW,560,808.4635,708.0,264.5547,120.0,259.2,708.0,448.8,512.4836,448.8,,3.74,1.0,20220,Luc Vanderstappen,Safic (X) Istanbul TR,Turkey,Safic Turkey - Global Parent,2026-08-20T00:00:00,Marcos Pedreira,S,S4
00020,        AUBA,26001489,2.0,Y,MDU4075B,MDU4075B.E,MDU4075B.E-LP,MICHEM DISP. URETHANE 4075B,,EXW,560,808.4635,708.0,264.5547,120.0,259.2,708.0,448.8,512.4836,448.8,,3.74,1.0,20220,Luc Vanderstappen,Safic (X) Istanbul TR,Turkey,Safic Turkey - Global Parent,2026-08-20T00:00:00,Marcos Pedreira,S,S4
00020,        AUBA,26001431,1.0,Y,MDU2012B,MDU2012B.E,MDU2012B.E-LP,MICHEM DISP. URETHANE 2012B,,EXW,560,3185.8943,2790.0,1322.7735000000002,600.0,667.5,2790.0,2122.5,2423.6777,2122.5,,3.5375,5.0,20220,Luc Vanderstappen,Safic (X) Istanbul TR,Turkey,Safic Turkey - Global Parent,2026-08-20T00:00:00,Marcos Pedreira,S,S4
00020,        AUBA,26001488,1.0,N,MDU2012B,MDU2012B.E,MDU2012B.E-LP,MICHEM DISP. URETHANE 2012B,,EXW,620,637.1789,558.0,264.5547,120.0,133.5,558.0,424.5,484.7355,424.5,,3.5375,1.0,20220,Luc Vanderstappen,"Keyser & Mackay (S) Rhenen, NL",Netherlands,K&M Netherlands - Global Parent,2026-08-21T00:00:00,Marcos Pedreira,S,S4
00020,        AUBA,26001448,1.0,Y,U502,U502.E,U502.E-TO,HYDROSIZE U5-02,,EXW,540,0.0,0.0,13227.735,6000.0,0.0,0.0,0.0,0.0,0.0,,5.2,6.0,20240,Philippe Chabanne,Johns Manville (X) Trnava SK,Slovakia (Slovak Republic),Johns Manville - Global Parent,2026-09-07T00:00:00,Norman Seung,S,S4
00020,        AUBA,21000774,1.0,N,191245PX,191245PX,191245PX-OP,EXPERIMENTAL PRODUCT 191245PX,,DAP,999,0.0,0.0,900.0,408.2332,-2366.64,0.0,2366.64,2818.7816,2366.64,0.0,2.6296,2.0,20230,Thierry Van Migem,Koehler papierfabrik (S) Oberkirch DE,Germany,Koehler - Global Parent,2021-04-16T00:00:00,Kaitlyn Slack,S,SA
00020,        AUBA,1764,1.0,N,U502,U502.E,U502.E-TO,HYDROSIZE U5-02,XP75,EXW,999,-13457.7098,-11299.05,-4186.535400000001,-1899.0,-3792.3,-11299.05,-7506.75,-8940.8988,-7506.75,0.0,3.953,-1899.0,20240,Philippe Chabanne,Johns Manville (X) Trnava SK,Slovakia (Slovak Republic),Johns Manville - Global Parent,2021-03-29T00:00:00,Norman Seung,SR,CO
00020,        AUBA,21000782,1.0,N,U502,U502.E,U502.E-TO,HYDROSIZE U5-02,XP75,EXW,999,-13457.7098,-11299.05,4186.535400000001,1899.0,-18805.8,-11299.05,7506.75,8940.8988,7506.75,0.0,3.953,1899.0,20240,Philippe Chabanne,Johns Manville (X) Trnava SK,Slovakia (Slovak Republic),Johns Manville - Global Parent,2021-03-29T00:00:00,Norman Seung,SR,CO
00020,        AUBA,21000901,1.0,N,U502,U502.E,U502.E-TO,HYDROSIZE U5-02,XP75,EXW,999,13503.6065,11299.05,-4186.535400000001,-1899.0,18087.98,11299.05,-6788.93,-8113.5175,-6788.93,0.0,3.575,-1899.0,20240,Philippe Chabanne,Johns Manville (X) Trnava SK,Slovakia (Slovak Republic),Johns Manville - Global Parent,2021-04-09T00:00:00,Norman Seung,SR,CO
00020,        AUBA,21000902,1.0,N,U502,U502.E,U502.E-TO,HYDROSIZE U5-02,XP75,EXW,999,-13503.6065,-11299.05,-4186.535400000001,-1899.0,-4510.12,-11299.05,-6788.93,-8113.5175,-6788.93,0.0,3.575,-1899.0,20240,Philippe Chabanne,Johns Manville (X) Trnava SK,Slovakia (Slovak Republic),Johns Manville - Global Parent,2021-04-09T00:00:00,Norman Seung,SR,CO
00020,        AUBA,22001772,1.0,N,U802,U802.E,U802.E-TO,HYDROSIZE U8-02,XP78,EXW,999,-406.6513,-410.0,2.2046,1.0,-415.13,-410.0,5.13,5.0881,5.13,0.0,5.1291,1.0,20240,Philippe Chabanne,Johns Manville (X) Trnava SK,Slovakia (Slovak Republic),Johns Manville - Global Parent,2022-09-21T00:00:00,Marcos Pedreira,SR,CO
00020,        AUBA,20002092,1.0,N,MDU4075B,MDU4075B.E,MDU4075B.E-TO,MICHEM DISP. URETHANE 4075,,CPT,999,3892.4731,3307.4812,2204.6225,1000.0,157.5,3307.4812,3150.0,3707.1383,3150.0,0.0,3.15,1.0,20200,,Michelman Inc. Kemper(S) Cincinnati US,United States,Michelman - Global Parent,2020-11-04T00:00:00,Marcos Pedreira,S,S5
00020,        AUBA,20002177,1.0,N,MDU4075B,MDU4075B.E,MDU4075B.E-TO,MICHEM DISP. URETHANE 4075,,CPT,999,3892.4463,3307.4584,2204.6225,1000.0,157.5,3307.4584,3150.0,3707.1383,3150.0,0.0,3.15,1.0,20200,,Michelman Inc. Kemper(S) Cincinnati US,United States,Michelman - Global Parent,2020-12-01T00:00:00,Marcos Pedreira,S,S5
00020,        AUBA,20002253,1.0,N,MDU4075B,MDU4075B.E,MDU4075B.E-TO,MICHEM DISP. URETHANE 4075,,CPT,999,15569.8476,13229.8868,8818.49,4000.0,630.0,13229.8868,12600.0,14828.5532,12600.0,0.0,3.15,4.0,20200,,Michelman Inc. Kemper(S) Cincinnati US,United States,Michelman - Global Parent,2020-11-18T00:00:00,Marcos Pedreira,S,S5
00020,        AUBA,20002471,1.0,N,MDU4075B,MDU4075B.E,MDU4075B.E-TO,MICHEM DISP. URETHANE 4075,,CIF,999,15660.2826,13229.8338,8818.49,4000.0,630.0,13229.8338,12600.0,14914.7422,12600.0,0.0,3.15,4.0,20200,,Michelman Inc. Kemper(S) Cincinnati US,United States,Michelman - Global Parent,2020-12-01T00:00:00,Marcos Pedreira,S,S5
00020,        AUBA,20002502,1.0,N,MDU4075B,MDU4075B.E,MDU4075B.E-LP,MICHEM DISP. URETHANE 4075,,CPT,999,488.851,401.9191,264.5547,120.0,13.12,401.9191,388.8,472.8944,388.8,0.0,3.24,1.0,20200,,Michelman (X) Shanghai PC,China,Michelman Asia-Pacific - Global Parent,2020-12-04T00:00:00,Marcos Pedreira,S,S5
00020,        AUBA,21000302,1.0,N,MDU4075B,MDU4075B.E,MDU4075B.E-TO,MICHEM DISP. URETHANE 4075,,CIF,999,16003.1097,13230.1377,8818.49,4000.0,630.0,13230.1377,12600.0,15240.8983,12600.0,0.0,3.15,4.0,20200,,Michelman Inc. Kemper(S) Cincinnati US,United States,Michelman - Global Parent,2021-02-19T00:00:00,Marcos Pedreira,S,S5
00020,        AUBA,21001013,1.0,N,MDU4075B,MDU4075B.E,MDU4075B.E-TO,MICHEM DISP. URETHANE 4075,,CIF,999,8558.237,7161.0461,4409.245,2000.0,341.0,7161.0461,6820.0,8150.6495,6820.0,0.0,3.41,2.0,20200,,Michelman Inc. Kemper(S) Cincinnati US,United States,Michelman - Global Parent,2021-08-13T00:00:00,Marcos Pedreira,S,S5
00020,        AUBA,21001657,1.0,N,MDU4075B,MDU4075B.E,MDU4075B.E-LP,MICHEM DISP. URETHANE 4075,,CIF,999,1475.3721,1224.7091,793.6641000000001,360.0,58.32,1224.7091,1166.4,1405.1287,1166.4,0.0,3.24,3.0,20200,,Michelman Inc. Kemper(S) Cincinnati US,United States,Michelman - Global Parent,2021-10-19T00:00:00,Marcos Pedreira,S,S5
00020,        AUBA,21002126,1.0,N,MDU4075B,MDU4075B.E,MDU4075B.E-TO,MICHEM DISP. URETHANE 4075,,CIF,999,8429.4323,7160.9526,4409.245,2000.0,341.0,7160.9526,6820.0,8028.0839,6820.0,0.0,3.41,2.0,20200,,Michelman Inc. Kemper(S) Cincinnati US,United States,Michelman - Global Parent,2021-10-21T00:00:00,Marcos Pedreira,S,S5
00020,        AUBA,21001657,1.001,N,MDU4075B,MDU4075B.E,MDU4075B.E-LP,MICHEM DISP. URETHANE 4075,,CIF,999,5409.7011,4490.603,2910.1017,1320.0,213.84,4490.603,4276.8,5152.1386,4276.8,0.0,3.24,11.0,20200,,Michelman Inc. Kemper(S) Cincinnati US,United States,Michelman - Global Parent,2021-10-19T00:00:00,Marcos Pedreira,S,S5
00020,        AUBA,20001482,2.0,N,U2022EU,U2022EU.E,U2022EU.E-PL,HYDROSIZE U2022EU,,DAP,999,0.0,0.0,39.6832,18.0,-86.56,0.0,86.56,99.0157,86.56,0.0,4.809,1.0,20200,,Michelman Inc. Kemper(S) Cincinnati US,United States,Michelman - Global Parent,2020-07-17T00:00:00,Norman Seung,S,SA
00020,        AUBA,21001695,2.0,N,U802,U802.E,U802.E-PL,HYDROSIZE U8-02,XP78,DAP,999,0.0,0.0,39.6832,18.0,-77.27,0.0,77.27,93.085,77.27,0.0,4.2926,1.0,20200,,Michelman (X) Shanghai PC,China,Michelman Asia-Pacific - Global Parent,2021-08-23T00:00:00,Marcos Pedreira,S,SA
00020,        AUBA,20001496,2.0,N,191245PX,191245PX,191245PX-OP,EXPERIMENTAL PRODUCT 191245PX,,EXW,999,0.0,0.0,450.0,204.1166,-1249.38,0.0,1249.38,1429.1618,1249.38,0.0,2.7764,1.0,20230,Alexandre Pomes,Safic UK (S) CHESHIRE GB,United Kingdom,Safic Alcan UK - Global Parent,2020-10-01T00:00:00,Kaitlyn Slack,S,SA
00020,        AUBA,21000209,2.0,N,191245PX,191245PX,191245PX-PL,EXPERIMENTAL PRODUCT 191245PX,,EXW,999,0.0,0.0,879.0,398.7078075,-2677.35,0.0,2677.35,3258.2886,2677.35,0.0,3.0459,21.975,20230,GENERIC TM,Arjo Wiggins (S Safic UK) Aberdeen UK,United Kingdom,Safic Alcan UK - Global Parent,2021-02-08T00:00:00,Kaitlyn Slack,S,SA
00020,        AUBA,22000786,3.0,N,191245PX,191245PX,191245PX-PL,EXPERIMENTAL PRODUCT 191245PX,,CPT,999,0.0,0.0,40.0,18.1437,-121.84,0.0,121.84,134.1459,121.84,0.0,3.0459,1.0,20230,Tomasz Machnik,HP (X Euros) Rehovot IL,Israel,Hewlett Packard - Global Parent,2022-04-08T00:00:00,Kaitlyn Slack,S,SA
00020,        AUBA,1649,1.0,N,U2022EU,U2022EU.E,U2022EU.E-PL,HYDROSIZE U2022EU,,DAP,999,0.0,0.0,-79.3664,-36.0,173.12,0.0,-173.12,-194.7612,-173.12,0.0,4.809,-2.0,20240,Philippe Chabanne,Indorama (S) Erlenbach DE,Germany,Indorama (X) Obernburg DE,2020-06-16T00:00:00,Norman Seung,C,CM
00020,        AUBA,1763,1.0,N,U502,U502.E,U502.E-TO,HYDROSIZE U5-02,XP75,EXW,999,-7086.735,-5950.0,-2204.6225,-1000.0,-1997.0,-5950.0,-3953.0,-4708.2123,-3953.0,0.0,3.953,-1.0,20240,Philippe Chabanne,Johns Manville (X) Trnava SK,Slovakia (Slovak Republic),Johns Manville - Global Parent,2021-03-01T00:00:00,Norman Seung,C,CM
00020,        AUBA,1764,1.0,N,U502,U502.E,U502.E-TO,HYDROSIZE U5-02,XP75,EXW,999,13457.7098,11299.05,4186.535400000001,1899.0,5070.33,11299.05,6228.72,7418.7039,6228.72,0.0,3.28,1899.0,20240,Philippe Chabanne,Johns Manville (X) Trnava SK,Slovakia (Slovak Republic),Johns Manville - Global Parent,2021-03-01T00:00:00,Norman Seung,C,CM
00020,        AUBA,1895,1.0,N,191245PX,191245PX,191245PX-T2,EXPERIMENTAL PRODUCT 191245PX,,DAP,999,-11401.0529,-10526.63,-2300.0,-1043.2625,-7018.9,-10526.63,-3507.73,-3799.1091,-3507.73,0.0,1.5251,-1.0,20230,Thierry Van Migem,Koehler papierfabrik (S) Greiz DE,Germany,Koehler - Global Parent,2022-04-13T00:00:00,Kaitlyn Slack,C,CM
00020,        AUBA,1896,1.0,N,HP1632,HP1632,HP1632-OP,HYDROSIZE HP-1632,,DAP,999,-13142.7016,-12134.7,-1389.0,-630.0399,-6837.47,-12134.7,-5297.23,-5737.2587,-5297.23,0.0,3.8137,-3.0,20220,Luc Vanderstappen,Sobotram (S) Chalon sur Saone FR,France,Safic France - Global Parent,2022-04-13T00:00:00,Roxana McMican,C,CM
00034,        SHAN,1625,1.0,N,U601,U601,U601-OP,HYDROSIZE U6-01,,EXW,999,-5453.3866,-4925.3793,-1799.83544,-816.4,-19227.15,-38291.36,-19064.21,-2715.0905,-2452.2103,0.0,10.5922,-816.4,34240,Ethan Cheng,Jushi Group,China,Jushi - Global Parent,2020-03-24T00:00:00,Norman Seung,C,CM
00034,        SHAN,1625,2.0,N,U601,U601,U601-OP,HYDROSIZE U6-01,,EXW,999,-4090.0399,-3694.0345,-1349.8765799999999,-612.3,-14420.36,-28718.52,-14298.16,-2036.3182,-1839.158,0.0,10.5922,-612.3,34240,Ethan Cheng,Jushi Group,China,Jushi - Global Parent,2020-03-24T00:00:00,Norman Seung,C,CM
00020,        AUBA,24001327,4.0,N,U502,U502.E,U502.E-PL,HYDROSIZE U5-02,HYDROSIZE U5-02,DAP,999,0.0,0.0,39.6832,18.0,-128.85,0.0,128.85,138.7118,128.85,0.0,7.1583,1.0,20240,Ethan Cheng,Chenchem (X) Taipei TW,Taiwan,Chenchem (X) Taipei TW,2024-07-15T00:00:00,Norman Seung,S,SA
00020,        AUBA,24002277,1.0,N,MDU2012B,MDU2012B.E,MDU2012B.E-LP,MICHEM DISP. URETHANE 2012B,,DAP,999,567.9633,534.0,2.2046,1.0,530.52,534.0,3.48,3.7013,3.48,0.0,3.4797,1.0,20220,Luc Vanderstappen,SurTec (X) Zwingenberg DE,Germany,Surtec - Global Parent,2024-11-28T00:00:00,Marcos Pedreira,SR,CO
00020,        AUBA,24001760,1.0,N,MDU2012B,MDU2012B.E,MDU2012B.E-LP,MICHEM DISP. URETHANE 2012B,,DAP,999,-582.2574,-534.0,2.2046,1.0,-537.48,-534.0,3.48,3.7945,3.48,0.0,3.4797,1.0,20220,Luc Vanderstappen,SurTec (S Bensheim) Zwingenberg DE,Germany,Surtec - Global Parent,2024-10-16T00:00:00,Marcos Pedreira,SR,CO
00020,        AUBA,24000310,1.0,N,U2022,U2022,U2022-PL,HYDROSIZE U2022,,DAP,999,241.6733,223.89,40.0,18.1437,26.73,223.89,197.16,212.8202,197.16,0.0,4.9291,1.0,20240,Tomasz Machnik,Deutsche Basalt (X) Sangerhausen DE,Germany,Deutsche Basalt (X) Sangerhausen DE,2024-03-01T00:00:00,Norman Seung,S,SA
00020,        AUBA,24001768,1.0,N,U2022,U2022,U2022-PL,HYDROSIZE U2022,,DAP,999,456.2579,410.77,80.0,36.2874,100.95,410.77,309.82,344.1289,309.82,0.0,3.8727,2.0,20240,Tomasz Machnik,Deutsche Basalt (X) Sangerhausen DE,Germany,Deutsche Basalt (X) Sangerhausen DE,2024-11-05T00:00:00,Norman Seung,S,SA
00020,        AUB2,24001049,1.0,N,U802,U802.E,U802.E-TO,HYDROSIZE U8-02,,CIF,999,5829.0812,5393.7895,2204.6225,1000.0,256.8,5393.7895,5137.0,5551.5682,5137.0,0.0,5.137,1.0,20200,,Michelman Inc. Kemper(S) Cincinnati US,United States,Michelman - Global Parent,2024-06-03T00:00:00,Marcos Pedreira,S,S5
00020,        AUBA,2533,1.0,N,U502,U502.E,U502.E-TO,HYDROSIZE U5-02,,EXW,999,-5674.8954,-4856.0,-1763.698,-800.0,-1256.0,-4856.0,-3600.0,-4207.0889,-3600.0,0.0,4.5,-0.8,20240,Philippe Chabanne,Johns Manville (X) Trnava SK,Slovakia (Slovak Republic),Johns Manville - Global Parent,2026-04-17T00:00:00,Norman Seung,C,CM
00020,        AUBA,25000018,1.0,N,U502,U502.E,U502.E-TO,HYDROSIZE U5-02,,DAP,999,-4904.9299,-4350.0,2.2046,1.0,-4350.0,-4350.0,0.0,0.0,0.0,0.0,0.0,1.0,20240,Philippe Chabanne,Sisecam (S) Balikesir TR,Turkey,Sisecam - Global Parent,2025-05-01T00:00:00,Norman Seung,SR,CO
00020,        AUBA,25001736,1.0,N,MDU2012B,MDU2012B.E,MDU2012B.E-LP,MICHEM DISP. URETHANE 2012B,,EXW,999,-186.6028,-160.2,2.2046,1.0,-160.2,-160.2,0.0,0.0,0.0,0.0,0.0,1.0,20220,Luc Vanderstappen,Keyser & Mackay (X) Koeln DE,Germany,K&M Deutchland - Global Parent,2025-10-15T00:00:00,Marcos Pedreira,SR,CO
00020,        AUBA,25000131,6.0,N,U502,U502.E,U502.E-PL,HYDROSIZE U5-02,HYDROSIZE U5-02,CPT,999,0.0,0.0,39.6832,18.0,-150.3,0.0,150.3,155.5276,150.3,0.0,7.5152,1.0,20200,,Michelman (X) Shanghai PC,China,Michelman Asia-Pacific - Global Parent,2025-03-28T00:00:00,Norman Seung,S,SA
00020,        AUBA,25000131,7.0,N,U802,U802.E,U802.E-PL,HYDROSIZE U8-02,HYDROSIZE U8-02,CPT,999,0.0,0.0,39.6832,18.0,-102.8,0.0,102.8,106.3755,102.8,0.0,5.14,1.0,20200,,Michelman (X) Shanghai PC,China,Michelman Asia-Pacific - Global Parent,2025-03-28T00:00:00,Marcos Pedreira,S,SA
00020,        AUBA,25000830,1.0,N,MDU2012B,MDU2012B.E,MDU2012B.E-LP,MICHEM DISP. URETHANE 2012B,,EXW,999,1160.2759,1034.0503,529.1094,240.0,189.38,1034.0503,844.66,947.7669,844.66,0.0,3.5194,2.0,20200,,Michelman (X) Shanghai PC,China,Michelman Asia-Pacific - Global Parent,2025-05-19T00:00:00,Marcos Pedreira,S,S5
00020,        AUBA,25001275,1.0,N,MDU4075B,MDU4075B.E,MDU4075B.E-LP,MICHEM DISP. URETHANE 4075B,,EXW,999,799.8005,683.7029,264.5547,120.0,234.9,683.7029,448.8,525.0094,448.8,0.0,3.74,1.0,20200,,Michelman (X) Shanghai PC,China,Michelman Asia-Pacific - Global Parent,2025-07-07T00:00:00,Marcos Pedreira,S,S5
00020,        AUBA,2014,2.0,N,MDU2012B,MDU2012B.E,MDU2012B.E-TO,MICHEM DISP. URETHANE 2012B,,EXW,999,-17663.4298,-16500.0,-7500.0,-3000.0,-4770.0,-16500.0,-11730.0,-12557.0929,-11730.0,0.0,3.91,-3.0,20220,Luc Vanderstappen,Teknos (S Termidor) Vamdrup DK,Denmark,Ab Termidor - Global Parent,2023-03-23T00:00:00,Marcos Pedreira,C,CM
00020,        AUBA,23001642,1.0,N,U502,U502.E,U502.E-TO,HYDROSIZE U5-02,XP75,EXW,999,-13357.8488,-12500.0,2.2046,1.0,-12500.0,-12500.0,0.0,0.0,0.0,0.0,0.0,1.0,20240,Philippe Chabanne,Johns Manville (X) Trnava SK,Slovakia (Slovak Republic),Johns Manville - Global Parent,2023-09-13T00:00:00,Norman Seung,SR,CO
00020,        AUBA,1992,1.0,N,191245PX,191245PX,191245PX-T2,EXPERIMENTAL PRODUCT 191245PX,,DAP,999,-11141.9999,-10526.63,-2300.0,-1043.2625,-7227.74,-10526.63,-3298.89,-3491.7378,-3298.89,0.0,1.4343,-1.0,20230,Thierry Van Migem,Koehler papierfabrik (S) Oberkirch DE,Germany,Koehler - Global Parent,2023-01-16T00:00:00,Kaitlyn Slack,C,CM
00020,        AUBA,2009,1.0,N,MDU4075B,MDU4075B.E,MDU4075B.E-TO,MICHEM DISP. URETHANE 4075B,,EXW,999,-6208.9632,-5800.0,-2204.6225,-1000.0,-1280.0,-5800.0,-4520.0,-4838.7093,-4520.0,0.0,4.52,-1.0,20220,Luc Vanderstappen,Transportes Davi (S) Barcelona ES,Spain,K&M Spain - Global Parent,2023-03-13T00:00:00,Marcos Pedreira,C,CM
00020,        AUBA,23001371,1.0,N,U802,U802.E,U802.E-TO,HYDROSIZE U8-02,XP78,CPT,999,5836.6008,5385.6923,2204.6225,1000.0,256.4,5385.6923,5129.3,5558.7424,5129.3,0.0,5.1293,1.0,20200,,Michelman Inc. Kemper(S) Cincinnati US,United States,Michelman - Global Parent,2023-07-05T00:00:00,Marcos Pedreira,S,S5
00020,        AUBA,23002236,1.0,N,U802,U802.E,U802.E-TO,HYDROSIZE U8-02,,CPT,999,5690.5672,5385.7428,2204.6225,1000.0,256.4,5385.7428,5129.3,5419.6102,5129.3,0.0,5.1293,1.0,20200,,Michelman Inc. Kemper(S) Cincinnati US,United States,Michelman - Global Parent,2023-11-10T00:00:00,Marcos Pedreira,S,S5
00020,        AUBA,20000759,1.0,N,181193EU,181193EU.E,181193EU.E-TO,EXPERIMENTAL 181193EU.E,EXPERIMENTAL 181193EU.E,DAP,999,16837.1171,15210.0,6613.8675,3000.0,4830.0,15210.0,10380.0,11490.4192,10380.0,0.0,3.46,3.0,20240,Philippe Chabanne,3B Fiberglass (S) Battice BE,Belgium,3B - Global Parent,2020-03-30T00:00:00,Molly Li,S,S4
00020,        AUBA,21000565,1.0,N,181193EU,181193EU.E,181193EU.E-TO,EXPERIMENTAL 181193EU.E,XP77,DAP,999,20795.6963,17460.0,6613.8675,3000.0,7080.0,17460.0,10380.0,12363.0772,10380.0,0.0,3.46,3.0,20240,Philippe Chabanne,3B Fiberglass (S) Battice BE,Belgium,3B - Global Parent,2021-04-07T00:00:00,Molly Li,S,S4
00020,        AUBA,21001176,1.0,N,181193EU,181193EU.E,181193EU.E-TO,EXPERIMENTAL 181193EU.E,XP77,DAP,999,24218.2626,19950.0,6613.8675,3000.0,7290.0,19950.0,12660.0,15368.5817,12660.0,0.0,4.22,3.0,20240,Philippe Chabanne,3B Fiberglass (S) Battice BE,Belgium,3B - Global Parent,2021-07-12T00:00:00,Molly Li,S,S4
00020,        AUBA,21001458,1.0,N,181193EU,181193EU.E,181193EU.E-TO,EXPERIMENTAL 181193EU.E,XP77,DAP,999,24033.1944,19950.0,6613.8675,3000.0,6495.0,19950.0,13455.0,16208.8537,13455.0,0.0,4.485,3.0,20240,Philippe Chabanne,3B Fiberglass (S) Battice BE,Belgium,3B - Global Parent,2021-08-23T00:00:00,Molly Li,S,S4
00020,        AUBA,21000715,1.0,N,U502,U502.E,U502.E-PL,HYDROSIZE U5-02,XP75,EXW,999,173.0116,145.26,39.6832,18.0,71.06,145.26,74.2,88.3758,74.2,0.0,4.1223,1.0,20240,Laurence Vast,Coats (X) Nilufer TR,Turkey,Coats - GLOBAL PARENT,2021-03-29T00:00:00,Norman Seung,S,S4
00020,        AUBA,21000734,1.0,N,U502,U502.E,U502.E-PL,HYDROSIZE U5-02,XP75,EXW,999,389.3297,326.88,79.3664,36.0,174.47,326.88,152.41,181.5276,152.41,0.0,4.2336,2.0,20240,Laurence Vast,Coats (X) Nilufer TR,Turkey,Coats - GLOBAL PARENT,2021-05-04T00:00:00,Norman Seung,S,S4
00020,        AUBA,20001652,10.0,N,181193EU,181193EU.E,181193EU.E-PL,EXPERIMENTAL 181193EU.E,EXPERIMENTAL 181193EU.E,DAP,999,169.6419,143.46,39.6832,18.0,65.54,143.46,77.92,92.1406,77.92,0.0,4.329,1.0,20240,Philippe Chabanne,Polski Bazalt (S) Tarnowiec PL,Poland,Polski Bazalt (X) Radzymin PL,2020-09-14T00:00:00,Molly Li,S,S4
00020,        AUBA,21000155,2.0,N,U502,U502.E,U502.E-PL,HYDROSIZE U5-02,XP75,DAP,999,176.7789,145.26,39.6832,18.0,71.06,145.26,74.2,90.3001,74.2,0.0,4.1223,1.0,20240,Philippe Chabanne,Citeve (X) Famalicao PT,Portugal,Citeve (X) Famalicao PT,2021-03-01T00:00:00,Norman Seung,S,S4
00020,        AUBA,21000616,2.0,N,U502,U502.E,U502.E-TO,HYDROSIZE U5-02,XP75,DAP,999,0.0,0.0,2204.6,1000.0,-3953.0,0.0,3953.0,4708.2123,3953.0,0.0,3.953,1000.0,20240,Julien Verron,Erca (X) Marnate IT,Italy,Erca - Global Parent,2021-03-18T00:00:00,Norman Seung,S,S4
00020,        AUBA,21000616,2.001,N,U502,U502.E,U502.E-TO,HYDROSIZE U5-02,XP75,DAP,999,0.0,0.0,4186.535400000001,1899.0,-7506.75,0.0,7506.75,8940.8988,7506.75,0.0,3.953,1899.0,20240,Julien Verron,Erca (X) Marnate IT,Italy,Erca - Global Parent,2021-03-18T00:00:00,Norman Seung,S,S4
00020,        AUBA,21000818,2.0,N,181193EU,181193EU.E,181193EU.E-PL,EXPERIMENTAL 181193EU.E,XP77,DAP,999,0.0,0.0,39.6832,18.0,-79.44,0.0,79.44,94.6168,79.44,0.0,4.4136,1.0,20240,Philippe Chabanne,Sisecam (S) Balikesir TR,Turkey,Sisecam - Global Parent,2021-05-21T00:00:00,Molly Li,S,S4
00020,        AUBA,21000945,2.0,N,181193EU,181193EU.E,181193EU.E-TO,EXPERIMENTAL 181193EU.E,XP77,DAP,999,0.0,0.0,6613.8675,3000.0,-10380.0,0.0,10380.0,12405.2408,10380.0,0.0,3.46,3.0,20240,Philippe Chabanne,3B Fiberglass (S) Battice BE,Belgium,3B - Global Parent,2021-06-10T00:00:00,Molly Li,S,S4
00020,        AUBA,21002772,4.0,N,U502,U502.E,U502.E-TO,HYDROSIZE U5-02,XP75,DAP,999,9642.2198,8450.0,2204.6225,1000.0,3680.0,8450.0,4770.0,5443.0045,4770.0,0.0,4.77,1.0,20240,Philippe Chabanne,Sisecam (S) Balikesir TR,Turkey,Sisecam - Global Parent,2022-01-06T00:00:00,Norman Seung,S,S4
00020,        AUBA,21002772,9.0,N,U502,U502.E,U502.E-TO,HYDROSIZE U5-02,XP75,DAP,999,9352.9532,8196.5,2138.462,970.0,3569.6,8196.5,4626.9,5279.7144,4626.9,0.0,4.77,970.0,20240,Philippe Chabanne,Sisecam (S) Balikesir TR,Turkey,Sisecam - Global Parent,2022-01-06T00:00:00,Norman Seung,S,S4
00020,        AUBA,22001870,2.0,N,U502,U502.E,U502.E,HYDROSIZE U5-02,XP75,EXW,999,959.3897,967.29,125.66220000000001,57.0,780.33,967.29,186.96,185.433,186.96,0.0,3.28,57.0,20240,Laurence Vast,Coats (X) Nilufer TR,Turkey,Coats - GLOBAL PARENT,2022-10-04T00:00:00,Norman Seung,S,S4
00020,        AUBA,26000153,1.0,N,U2022EU,U2022EU.E,U2022EU.E-PL,HYDROSIZE U2022EU,HYDROSIZE U2022EU,DAP,999,273.4481,233.1,39.6832,18.0,144.39,233.1,88.71,104.0651,88.71,0.0,4.9282,1.0,20240,Laurence Vast,TECNALIA (S) Donostia ES,Spain,Tecnalia (X) Derio ES,2026-02-04T00:00:00,Norman Seung,S,S4
00020,        AUBA,26000257,1.0,N,U2022EU,U2022EU.E,U2022EU.E-PL,HYDROSIZE U2022EU,HYDROSIZE U2022EU,DAP,999,0.0,0.0,39.6832,18.0,-88.71,0.0,88.71,104.923,88.71,0.0,4.9282,1.0,20240,Laurence Vast,TECNALIA (S) Donostia ES,Spain,Tecnalia (X) Derio ES,2026-02-12T00:00:00,Norman Seung,S,S4
00020,        AUBA,26001299,2.0,N,U2022EU,U2022EU.E,U2022EU.E-PL,HYDROSIZE U2022EU,HYDROSIZE U2022EU,DAP,999,272.3426,238.5,39.6832,18.0,149.79,238.5,88.71,101.2977,88.71,0.0,4.9282,1.0,20240,Laurence Vast,UBE (X) Castellon ES,Spain,UBE (X) Castellon ES,2026-08-12T00:00:00,Norman Seung,S,S4
00020,        AUBA,26001412,1.0,N,U2022EU,U2022EU.E,U2022EU.E-PL,HYDROSIZE U2022EU,HYDROSIZE U2022EU,DAP,999,188.2761,164.88,39.6832,18.0,76.17,164.88,88.71,101.2977,88.71,0.0,4.9282,1.0,20240,Philippe Chabanne,Teijin (S) Wuppertal DE,Germany,Teijin (X) Heinsberg DE,2026-08-13T00:00:00,Norman Seung,S,S4
00034,        SHAN,2414693,1.0,N,U802,U802.E,U802.E-PL,HYDROSIZE U8-02,HYDROSIZE U8-02,DDP,999,275.782,244.5704,39.6832,18.0,1991.15,1991.15,0.0,0.0,0.0,0.0,0.0,1.0,34240,Ethan Cheng,Jiangxi Shuobang-China,China,Jiangxi Shuobang-China,2025-05-07T00:00:00,Marcos Pedreira,S,S4
00034,        SHAN,2477565,1.0,N,U502,U502.E,U502.E-PL,HYDROSIZE U5-02,HYDROSIZE U5-02,DDP,999,117.2243,100.2036,22.046,10.0,472.79,840.71,367.92,51.3009,43.8521,0.0,36.7922,10.0,34240,Ethan Cheng,Anhui Zhishi-China,China,Anhui Zhishi-China,2025-07-28T00:00:00,Norman Seung,S,S4
00020,        AUBA,25000408,5.0,N,U2022EU,U2022EU.E,U2022EU.E-PL,HYDROSIZE U2022EU,HYDROSIZE U2022EU,DAP,999,267.5836,257.0,44.092,20.0,158.44,257.0,98.56,102.6188,98.56,0.0,4.9282,20.0,20240,Laurence Vast,Canoe (X) Pessac FR,France,Canoe (X) Pessac FR,2025-06-16T00:00:00,Norman Seung,S,S4
00020,        AUBA,25000961,1.0,N,U2022EU,U2022EU.E,U2022EU.E-PL,HYDROSIZE U2022EU,HYDROSIZE U2022EU,DAP,999,289.7855,257.0,44.092,20.0,158.44,257.0,98.56,111.1333,98.56,0.0,4.9282,20.0,20220,Tomasz Machnik,Coates (X) Nürnberg DE,Germany,Coates (X) Nürnberg DE,2025-07-30T00:00:00,Norman Seung,S,S4
00020,        AUBA,21000448,1.0,N,U802,U802.E,U802.E-TO,HYDROSIZE U8-02,XP78,EXW,999,14442.5655,11940.0,6613.8675,3000.0,1926.6,11940.0,10013.4,12112.1596,10013.4,0.0,3.3378,3.0,20240,Philippe Chabanne,Johns Manville (X) Trnava SK,Slovakia (Slovak Republic),Johns Manville - Global Parent,2021-04-02T00:00:00,Marcos Pedreira,S,S4
00020,        AUBA,20002511,1.0,N,U802,U802.E,U802.E-TO,HYDROSIZE U8-02,XP78,EXW,999,10679.0446,8780.0,4409.245,2000.0,1730.4,8780.0,7049.6,8574.3728,7049.6,0.0,3.5248,2.0,20240,Philippe Chabanne,Johns Manville (X) Trnava SK,Slovakia (Slovak Republic),Johns Manville - Global Parent,2021-01-15T00:00:00,Marcos Pedreira,S,S4
00020,        AUBA,20002722,1.0,N,U802,U802.E,U802.E-TO,HYDROSIZE U8-02,XP78,EXW,999,24204.2128,19900.0,11023.1125,5000.0,3211.0,19900.0,16689.0,20298.6989,16689.0,0.0,3.3378,5.0,20240,Philippe Chabanne,Johns Manville (X) Trnava SK,Slovakia (Slovak Republic),Johns Manville - Global Parent,2021-02-11T00:00:00,Marcos Pedreira,S,S4
00020,        AUBA,21000449,1.0,N,U502,U502.E,U502.E-TO,HYDROSIZE U5-02,XP75,EXW,999,21591.2725,17850.0,6613.8675,3000.0,5991.0,17850.0,11859.0,14344.5883,11859.0,0.0,3.953,3.0,20240,Philippe Chabanne,Johns Manville (X) Trnava SK,Slovakia (Slovak Republic),Johns Manville - Global Parent,2021-03-24T00:00:00,Norman Seung,S,S4
00020,        AUBA,21000457,1.0,N,U802,U802.E,U802.E-TO,HYDROSIZE U8-02,XP78,EXW,999,14442.5655,11940.0,6613.8675,3000.0,1926.6,11940.0,10013.4,12112.1596,10013.4,0.0,3.3378,3.0,20240,Philippe Chabanne,Johns Manville (X) Trnava SK,Slovakia (Slovak Republic),Johns Manville - Global Parent,2021-04-19T00:00:00,Marcos Pedreira,S,S4
00020,        AUBA,21000897,1.0,N,U502,U502.E,U502.E-TO,HYDROSIZE U5-02,XP75,EXW,999,14221.8078,11900.0,4409.245,2000.0,4240.0,11900.0,7660.0,9154.5418,7660.0,0.0,3.83,2.0,20240,Philippe Chabanne,Johns Manville (X) Trnava SK,Slovakia (Slovak Republic),Johns Manville - Global Parent,2021-05-07T00:00:00,Norman Seung,S,S4
00020,        AUBA,21001012,1.0,N,U502,U502.E,U502.E-TO,HYDROSIZE U5-02,XP75,EXW,999,25061.4546,20970.0,6613.8675,3000.0,9480.0,20970.0,11490.0,13731.8128,11490.0,0.0,3.83,3.0,20240,Philippe Chabanne,Johns Manville (X) Trnava SK,Slovakia (Slovak Republic),Johns Manville - Global Parent,2021-05-07T00:00:00,Norman Seung,S,S4
00020,        AUBA,21001116,1.0,N,U502,U502.E,U502.E-TO,HYDROSIZE U5-02,XP75,EXW,999,16970.993,13980.0,4409.245,2000.0,5320.0,13980.0,8660.0,10512.7897,8660.0,0.0,4.33,2.0,20240,Philippe Chabanne,Johns Manville (X) Trnava SK,Slovakia (Slovak Republic),Johns Manville - Global Parent,2021-06-15T00:00:00,Norman Seung,S,S4
00020,        AUBA,21001157,1.0,N,U802,U802.E,U802.E-TO,HYDROSIZE U8-02,XP78,EXW,999,7125.7898,5869.93,2735.9086,1241.0,1726.23,5869.93,4143.7,5030.2363,4143.7,0.0,3.339,1241.0,20240,Philippe Chabanne,Johns Manville (X) Trnava SK,Slovakia (Slovak Republic),Johns Manville - Global Parent,2021-06-16T00:00:00,Marcos Pedreira,S,S4
00020,        AUBA,21001326,1.0,N,U802,U802.E,U802.E-TO,HYDROSIZE U8-02,XP78,EXW,999,17225.9221,14190.0,6613.8675,3000.0,4173.0,14190.0,10017.0,12160.1171,10017.0,0.0,3.339,3.0,20240,Philippe Chabanne,Johns Manville (X) Trnava SK,Slovakia (Slovak Republic),Johns Manville - Global Parent,2021-06-24T00:00:00,Marcos Pedreira,S,S4
00020,        AUBA,21001409,1.0,N,U802,U802.E,U802.E-TO,HYDROSIZE U8-02,XP78,EXW,999,11396.1914,9460.0,4409.245,2000.0,2782.0,9460.0,6678.0,8044.7956,6678.0,0.0,3.339,2.0,20240,Philippe Chabanne,Johns Manville (X) Trnava SK,Slovakia (Slovak Republic),Johns Manville - Global Parent,2021-06-24T00:00:00,Marcos Pedreira,S,S4
00020,        AUBA,21001444,1.0,N,U802,U802.E,U802.E-TO,HYDROSIZE U8-02,XP78,EXW,999,5698.0957,4730.0,2204.6225,1000.0,1391.0,4730.0,3339.0,4022.3978,3339.0,0.0,3.339,1.0,20240,Philippe Chabanne,Johns Manville (X) Trnava SK,Slovakia (Slovak Republic),Johns Manville - Global Parent,2021-08-17T00:00:00,Marcos Pedreira,S,S4
00020,        AUBA,21001547,1.0,N,U802,U802.E,U802.E-TO,HYDROSIZE U8-02,XP78,EXW,999,11396.1914,9460.0,4409.245,2000.0,2782.0,9460.0,6678.0,8044.7956,6678.0,0.0,3.339,2.0,20240,Philippe Chabanne,Johns Manville (X) Trnava SK,Slovakia (Slovak Republic),Johns Manville - Global Parent,2021-08-17T00:00:00,Marcos Pedreira,S,S4
00020,        AUBA,21001853,1.0,N,U502,U502.E,U502.E-TO,HYDROSIZE U5-02,XP75,EXW,999,16533.9866,13980.0,4409.245,2000.0,5320.0,13980.0,8660.0,10242.0833,8660.0,0.0,4.33,2.0,20240,Philippe Chabanne,Johns Manville (X) Trnava SK,Slovakia (Slovak Republic),Johns Manville - Global Parent,2021-07-26T00:00:00,Norman Seung,S,S4
00020,        AUBA,21001862,1.0,N,U802,U802.E,U802.E-TO,HYDROSIZE U8-02,XP78,EXW,999,16782.3512,14190.0,6613.8675,3000.0,4173.0,14190.0,10017.0,11846.9917,10017.0,0.0,3.339,3.0,20240,Philippe Chabanne,Johns Manville (X) Trnava SK,Slovakia (Slovak Republic),Johns Manville - Global Parent,2021-08-17T00:00:00,Marcos Pedreira,S,S4
00020,        AUBA,21002029,1.0,N,U502,U502.E,U502.E-TO,HYDROSIZE U5-02,XP75,EXW,999,18928.3855,16080.0,4409.245,2000.0,5122.0,16080.0,10958.0,12899.0826,10958.0,0.0,5.479,2.0,20240,Philippe Chabanne,Johns Manville (X) Trnava SK,Slovakia (Slovak Republic),Johns Manville - Global Parent,2021-10-12T00:00:00,Norman Seung,S,S4
00020,        AUBA,21002329,1.0,N,U502,U502.E,U502.E-TO,HYDROSIZE U5-02,XP75,EXW,999,47348.0625,40200.0,11023.1125,5000.0,16350.0,40200.0,23850.0,28090.8281,23850.0,0.0,4.77,5.0,20240,Philippe Chabanne,Johns Manville (X) Trnava SK,Slovakia (Slovak Republic),Johns Manville - Global Parent,2021-11-09T00:00:00,Norman Seung,S,S4
00020,        AUBA,21002622,1.0,N,U502,U502.E,U502.E-TO,HYDROSIZE U5-02,XP75,EXW,999,27974.7523,24120.0,6613.8675,3000.0,9810.0,24120.0,14310.0,16596.9612,14310.0,0.0,4.77,3.0,20240,Philippe Chabanne,Johns Manville (X) Trnava SK,Slovakia (Slovak Republic),Johns Manville - Global Parent,2021-12-13T00:00:00,Norman Seung,S,S4
00020,        AUBA,21003007,1.0,N,U502,U502.E,U502.E-TO,HYDROSIZE U5-02,XP75,EXW,999,114906.3367,101648.64,21799.0848,9888.0,54482.88,101648.64,47165.76,53317.4344,47165.76,0.0,4.77,9888.0,20240,Philippe Chabanne,Johns Manville (X) Trnava SK,Slovakia (Slovak Republic),Johns Manville - Global Parent,2022-02-23T00:00:00,Norman Seung,S,S4
00020,        AUBA,21003076,1.0,N,U502,U502.E,U502.E-TO,HYDROSIZE U5-02,XP75,EXW,999,44086.6413,39000.0,6613.8675,3000.0,18615.0,39000.0,20385.0,23043.7483,20385.0,0.0,6.795,3.0,20240,Philippe Chabanne,Johns Manville (X) Trnava SK,Slovakia (Slovak Republic),Johns Manville - Global Parent,2022-03-03T00:00:00,Norman Seung,S,S4
00020,        AUBA,22000206,1.0,N,U502,U502.E,U502.E-TO,HYDROSIZE U5-02,XP75,EXW,999,101586.5865,89700.0,13227.735,6000.0,41022.0,89700.0,48678.0,55128.5603,48678.0,0.0,8.113,6.0,20240,Philippe Chabanne,Johns Manville (X) Trnava SK,Slovakia (Slovak Republic),Johns Manville - Global Parent,2022-06-03T00:00:00,Norman Seung,S,S4
00020,        AUBA,22000689,1.0,N,U802,U802.E,U802.E-TO,HYDROSIZE U8-02,XP78,EXW,999,24739.4722,22470.0,6613.8675,3000.0,7082.7,22470.0,15387.3,16941.4188,15387.3,0.0,5.1291,3.0,20240,Philippe Chabanne,Johns Manville (X) Trnava SK,Slovakia (Slovak Republic),Johns Manville - Global Parent,2022-06-03T00:00:00,Marcos Pedreira,S,S4
00020,        AUBA,22000752,1.0,N,U502,U502.E,U502.E-TO,HYDROSIZE U5-02,XP75,EXW,999,65839.806,59800.0,8818.49,4000.0,27348.0,59800.0,32452.0,35729.6552,32452.0,0.0,8.113,4.0,20240,Philippe Chabanne,Johns Manville (X) Trnava SK,Slovakia (Slovak Republic),Johns Manville - Global Parent,2022-07-12T00:00:00,Norman Seung,S,S4
00020,        AUBA,22000788,1.0,N,U502,U502.E,U502.E-TO,HYDROSIZE U5-02,XP75,EXW,999,82299.7575,74750.0,11023.0,5000.0,34185.0,74750.0,40565.0,44662.0691,40565.0,0.0,8.113,5000.0,20240,Philippe Chabanne,Johns Manville (X) Trnava SK,Slovakia (Slovak Republic),Johns Manville - Global Parent,2022-07-12T00:00:00,Norman Seung,S,S4
00020,        AUBA,22001322,1.0,N,U502,U502.E,U502.E-TO,HYDROSIZE U5-02,XP75,EXW,999,88821.9612,84000.0,8818.49,4000.0,51548.0,84000.0,32452.0,34314.8843,32452.0,0.0,8.113,4.0,20240,Philippe Chabanne,Johns Manville (X) Trnava SK,Slovakia (Slovak Republic),Johns Manville - Global Parent,2022-09-09T00:00:00,Norman Seung,S,S4
00020,        AUBA,22001359,1.0,N,U502,U502.E,U502.E-TO,HYDROSIZE U5-02,XP75,EXW,999,34894.3419,33000.0,4409.245,2000.0,9970.0,33000.0,23030.0,24352.021,23030.0,0.0,11.515,2.0,20240,Philippe Chabanne,Johns Manville (X) Trnava SK,Slovakia (Slovak Republic),Johns Manville - Global Parent,2022-10-04T00:00:00,Norman Seung,S,S4
00020,        AUBA,22001772,1.0,N,U802,U802.E,U802.E-TO,HYDROSIZE U8-02 new BOM,XP78,EXW,999,9838.7298,9720.0,2204.6225,1000.0,4590.9,9720.0,5129.1,5191.752,5129.1,0.0,5.1291,1.0,20240,Philippe Chabanne,Johns Manville (X) Trnava SK,Slovakia (Slovak Republic),Johns Manville - Global Parent,2022-09-14T00:00:00,Marcos Pedreira,S,S4
00020,        AUBA,21000448,2.0,N,U802,U802.E,U802.E-TO,HYDROSIZE U8-02,XP78,EXW,999,4814.1885,3980.0,2204.6225,1000.0,642.2,3980.0,3337.8,4037.3865,3337.8,0.0,3.3378,1.0,20240,Philippe Chabanne,Johns Manville (X) Trnava SK,Slovakia (Slovak Republic),Johns Manville - Global Parent,2021-04-02T00:00:00,Marcos Pedreira,S,S4
00020,        AUBA,20002511,2.0,N,U502,U502.E,U502.E-TO,HYDROSIZE U5-02,XP75,EXW,999,21710.814,17850.0,6613.8675,3000.0,5991.0,17850.0,11859.0,14424.008,11859.0,0.0,3.953,3.0,20240,Philippe Chabanne,Johns Manville (X) Trnava SK,Slovakia (Slovak Republic),Johns Manville - Global Parent,2021-01-15T00:00:00,Norman Seung,S,S4
00020,        AUBA,20002511,2.001,N,U502,U502.E,U502.E-TO,HYDROSIZE U5-02,XP75,EXW,999,7236.938,5950.0,2204.6225,1000.0,1997.0,5950.0,3953.0,4808.0027,3953.0,0.0,3.953,1.0,20240,Philippe Chabanne,Johns Manville (X) Trnava SK,Slovakia (Slovak Republic),Johns Manville - Global Parent,2021-01-15T00:00:00,Norman Seung,S,S4
00020,        AUBA,20002722,2.0,N,U502,U502.E,U502.E-TO,HYDROSIZE U5-02,XP75,EXW,999,14473.876,11900.0,4409.245,2000.0,5340.0,11900.0,6560.0,7978.8762,6560.0,0.0,3.28,2.0,20240,Philippe Chabanne,Johns Manville (X) Trnava SK,Slovakia (Slovak Republic),Johns Manville - Global Parent,2021-02-11T00:00:00,Norman Seung,S,S4
00020,        AUBA,20002722,2.001,N,U502,U502.E,U502.E-TO,HYDROSIZE U5-02,XP75,EXW,999,7236.938,5950.0,2204.6225,1000.0,2670.0,5950.0,3280.0,3989.4381,3280.0,0.0,3.28,1.0,20240,Philippe Chabanne,Johns Manville (X) Trnava SK,Slovakia (Slovak Republic),Johns Manville - Global Parent,2021-02-11T00:00:00,Norman Seung,S,S4
00020,        AUBA,21000166,2.0,N,U502,U502.E,U502.E-TO,HYDROSIZE U5-02,XP75,EXW,999,28964.1883,23800.0,8818.49,4000.0,10680.0,23800.0,13120.0,15966.813,13120.0,0.0,3.28,4.0,20240,Philippe Chabanne,Johns Manville (X) Trnava SK,Slovakia (Slovak Republic),Johns Manville - Global Parent,2021-02-26T00:00:00,Norman Seung,S,S4
00020,        AUBA,21000449,1.001,N,U502,U502.E,U502.E-TO,HYDROSIZE U5-02,XP75,EXW,999,21591.2725,17850.0,6613.8675,3000.0,5991.0,17850.0,11859.0,14344.5883,11859.0,0.0,3.953,3.0,20240,Philippe Chabanne,Johns Manville (X) Trnava SK,Slovakia (Slovak Republic),Johns Manville - Global Parent,2021-03-24T00:00:00,Norman Seung,S,S4
00020,        AUBA,21000457,2.0,N,U502,U502.E,U502.E-TO,HYDROSIZE U5-02,XP75,EXW,999,21591.2725,17850.0,6613.8675,3000.0,7125.0,17850.0,10725.0,12972.9074,10725.0,0.0,3.575,3.0,20240,Philippe Chabanne,Johns Manville (X) Trnava SK,Slovakia (Slovak Republic),Johns Manville - Global Parent,2021-04-19T00:00:00,Norman Seung,S,S4
00020,        AUBA,21000457,2.001,N,U502,U502.E,U502.E-TO,HYDROSIZE U5-02,XP75,EXW,999,21591.2725,17850.0,6613.8675,3000.0,7125.0,17850.0,10725.0,12972.9074,10725.0,0.0,3.575,3.0,20240,Philippe Chabanne,Johns Manville (X) Trnava SK,Slovakia (Slovak Republic),Johns Manville - Global Parent,2021-04-19T00:00:00,Norman Seung,S,S4
00020,        AUBA,21000846,2.0,N,U802,U802.E,U802.E-TO,HYDROSIZE U8-02,XP78,EXW,999,16958.6095,14190.0,6613.8675,3000.0,4173.0,14190.0,10017.0,11971.4159,10017.0,0.0,3.339,3.0,20240,Philippe Chabanne,Johns Manville (X) Trnava SK,Slovakia (Slovak Republic),Johns Manville - Global Parent,2021-05-07T00:00:00,Marcos Pedreira,S,S4
00020,        AUBA,21001012,1.001,N,U502,U502.E,U502.E-TO,HYDROSIZE U5-02,XP75,EXW,999,25061.4546,20970.0,6613.8675,3000.0,9480.0,20970.0,11490.0,13731.8128,11490.0,0.0,3.83,3.0,20240,Philippe Chabanne,Johns Manville (X) Trnava SK,Slovakia (Slovak Republic),Johns Manville - Global Parent,2021-05-07T00:00:00,Norman Seung,S,S4
00020,        AUBA,21001012,2.0,N,U502,U502.E,U502.E-TO,HYDROSIZE U5-02,XP75,EXW,999,6883.5462,5759.76,1816.5904,824.0,2603.84,5759.76,3155.92,3771.6712,3155.92,0.0,3.83,824.0,20240,Philippe Chabanne,Johns Manville (X) Trnava SK,Slovakia (Slovak Republic),Johns Manville - Global Parent,2021-05-07T00:00:00,Norman Seung,S,S4
00020,        AUBA,21001326,2.0,N,U502,U502.E,U502.E-TO,HYDROSIZE U5-02,XP75,EXW,999,8983.2152,7400.0,2204.6225,1000.0,3070.0,7400.0,4330.0,5256.3948,4330.0,0.0,4.33,1.0,20240,Philippe Chabanne,Johns Manville (X) Trnava SK,Slovakia (Slovak Republic),Johns Manville - Global Parent,2021-06-24T00:00:00,Norman Seung,S,S4
00020,        AUBA,21001326,2.001,N,U502,U502.E,U502.E-TO,HYDROSIZE U5-02,XP75,EXW,999,8983.2152,7400.0,2204.6225,1000.0,3070.0,7400.0,4330.0,5256.3948,4330.0,0.0,4.33,1.0,20240,Philippe Chabanne,Johns Manville (X) Trnava SK,Slovakia (Slovak Republic),Johns Manville - Global Parent,2021-06-24T00:00:00,Norman Seung,S,S4
00020,        AUBA,21001853,1.001,N,U502,U502.E,U502.E-TO,HYDROSIZE U5-02,XP75,EXW,999,8266.9933,6990.0,2204.6225,1000.0,2660.0,6990.0,4330.0,5121.0416,4330.0,0.0,4.33,1.0,20240,Philippe Chabanne,Johns Manville (X) Trnava SK,Slovakia (Slovak Republic),Johns Manville - Global Parent,2021-07-26T00:00:00,Norman Seung,S,S4
00020,        AUBA,21001862,2.0,N,U502,U502.E,U502.E-TO,HYDROSIZE U5-02,XP75,EXW,999,16533.9866,13980.0,4409.245,2000.0,5320.0,13980.0,8660.0,10242.0833,8660.0,0.0,4.33,2.0,20240,Philippe Chabanne,Johns Manville (X) Trnava SK,Slovakia (Slovak Republic),Johns Manville - Global Parent,2021-08-17T00:00:00,Norman Seung,S,S4
00020,        AUBA,21001862,2.001,N,U502,U502.E,U502.E-TO,HYDROSIZE U5-02,XP75,EXW,999,24800.9799,20970.0,6613.8675,3000.0,7980.0,20970.0,12990.0,15363.1249,12990.0,0.0,4.33,3.0,20240,Philippe Chabanne,Johns Manville (X) Trnava SK,Slovakia (Slovak Republic),Johns Manville - Global Parent,2021-08-17T00:00:00,Norman Seung,S,S4
00020,        AUBA,21001862,2.002,N,U502,U502.E,U502.E-TO,HYDROSIZE U5-02,XP75,EXW,999,8266.9933,6990.0,2204.6225,1000.0,2660.0,6990.0,4330.0,5121.0416,4330.0,0.0,4.33,1.0,20240,Philippe Chabanne,Johns Manville (X) Trnava SK,Slovakia (Slovak Republic),Johns Manville - Global Parent,2021-08-17T00:00:00,Norman Seung,S,S4
00020,        AUBA,21002029,1.001,N,U502,U502.E,U502.E-TO,HYDROSIZE U5-02,XP75,EXW,999,9464.1927,8040.0,2204.6225,1000.0,2561.0,8040.0,5479.0,6449.5413,5479.0,0.0,5.479,1.0,20240,Philippe Chabanne,Johns Manville (X) Trnava SK,Slovakia (Slovak Republic),Johns Manville - Global Parent,2021-10-12T00:00:00,Norman Seung,S,S4
00020,        AUBA,21002029,1.002,N,U502,U502.E,U502.E-TO,HYDROSIZE U5-02,XP75,EXW,999,28392.5782,24120.0,6613.8675,3000.0,7683.0,24120.0,16437.0,19348.6239,16437.0,0.0,5.479,3.0,20240,Philippe Chabanne,Johns Manville (X) Trnava SK,Slovakia (Slovak Republic),Johns Manville - Global Parent,2021-10-12T00:00:00,Norman Seung,S,S4
00020,        AUBA,21002029,2.0,N,U802,U802.E,U802.E-TO,HYDROSIZE U8-02,XP78,EXW,999,35336.5883,30019.06,9334.2764,4234.0,10817.87,30019.06,19201.19,22602.4581,19201.19,0.0,4.535,4234.0,20240,Philippe Chabanne,Johns Manville (X) Trnava SK,Slovakia (Slovak Republic),Johns Manville - Global Parent,2021-10-12T00:00:00,Marcos Pedreira,S,S4
00020,        AUBA,21002329,2.0,N,U802,U802.E,U802.E-TO,HYDROSIZE U8-02,XP78,EXW,999,25052.0719,21270.0,6613.8675,3000.0,7665.0,21270.0,13605.0,16024.1391,13605.0,0.0,4.535,3.0,20240,Philippe Chabanne,Johns Manville (X) Trnava SK,Slovakia (Slovak Republic),Johns Manville - Global Parent,2021-11-09T00:00:00,Marcos Pedreira,S,S4
00020,        AUBA,21002840,2.0,N,U502,U502.E,U502.E-TO,HYDROSIZE U5-02,XP75,EXW,999,46722.2033,40945.2,10097.068000000001,4580.0,19098.6,40945.2,21846.6,24928.9608,21846.6,0.0,4.77,4580.0,20240,Philippe Chabanne,Johns Manville (X) Trnava SK,Slovakia (Slovak Republic),Johns Manville - Global Parent,2022-01-11T00:00:00,Norman Seung,S,S4
00020,        AUBA,21003076,2.0,N,U802,U802.E,U802.E-TO,HYDROSIZE U8-02,XP78,EXW,999,21726.0551,19219.34,5657.0036,2566.0,7582.27,19219.34,11637.07,13154.8546,11637.07,0.0,4.5351,2566.0,20240,Philippe Chabanne,Johns Manville (X) Trnava SK,Slovakia (Slovak Republic),Johns Manville - Global Parent,2022-03-03T00:00:00,Marcos Pedreira,S,S4
00020,        AUBA,22000788,1.001,N,U502,U502.E,U502.E-TO,HYDROSIZE U5-02,XP75,EXW,999,3868.0886,3513.25,518.081,235.0,1606.69,3513.25,1906.56,2099.1228,1906.56,0.0,8.113,235.0,20240,Philippe Chabanne,Johns Manville (X) Trnava SK,Slovakia (Slovak Republic),Johns Manville - Global Parent,2022-07-12T00:00:00,Norman Seung,S,S4
00020,        AUBA,22001969,2.0,N,U802,U802.E,U802.E-TO,HYDROSIZE U8-02,XP78,EXW,999,27701.8817,27930.0,6613.8675,3000.0,12542.7,27930.0,15387.3,15261.6242,15387.3,0.0,5.1291,3.0,20240,Philippe Chabanne,Johns Manville (X) Trnava SK,Slovakia (Slovak Republic),Johns Manville - Global Parent,2022-10-27T00:00:00,Marcos Pedreira,S,S4
00020,        AUBA,22001969,2.001,N,U802,U802.E,U802.E-TO,HYDROSIZE U8-02,XP78,EXW,999,18467.9212,18620.0,4409.245,2000.0,8361.8,18620.0,10258.2,10174.4162,10258.2,0.0,5.1291,2.0,20240,Philippe Chabanne,Johns Manville (X) Trnava SK,Slovakia (Slovak Republic),Johns Manville - Global Parent,2022-10-27T00:00:00,Marcos Pedreira,S,S4
00020,        AUBA,22001661,1.0,N,U502,U502.E,U502.E-TO,HYDROSIZE U5-02,XP75,EXW,999,76523.454,75600.0,7936.56,3600.0,34146.0,75600.0,41454.0,41960.3606,41454.0,0.0,11.515,3600.0,20240,Philippe Chabanne,Johns Manville (X) Trnava SK,Slovakia (Slovak Republic),Johns Manville - Global Parent,2023-02-22T00:00:00,Norman Seung,S,S4
00020,        AUBA,22001662,1.0,N,U502,U502.E,U502.E-TO,HYDROSIZE U5-02,XP75,EXW,999,42513.03,42000.0,4409.245,2000.0,18920.8,42000.0,23079.2,23361.1124,23079.2,0.0,11.5396,2.0,20240,Philippe Chabanne,Johns Manville (X) Trnava SK,Slovakia (Slovak Republic),Johns Manville - Global Parent,2023-03-14T00:00:00,Norman Seung,S,S4
00020,        AUBA,22001662,1.001,N,U502,U502.E,U502.E-TO,HYDROSIZE U5-02,XP75,EXW,999,21256.515,21000.0,2204.6225,1000.0,9460.4,21000.0,11539.6,11680.5562,11539.6,0.0,11.5396,1.0,20240,Philippe Chabanne,Johns Manville (X) Trnava SK,Slovakia (Slovak Republic),Johns Manville - Global Parent,2023-03-14T00:00:00,Norman Seung,S,S4
00020,        AUBA,22001663,1.0,N,U502,U502.E,U502.E-TO,HYDROSIZE U5-02,XP75,EXW,999,16701.5475,16500.0,2204.6225,1000.0,4935.8,16500.0,11564.2,11705.4567,11564.2,0.0,11.5642,1.0,20240,Philippe Chabanne,Johns Manville (X) Trnava SK,Slovakia (Slovak Republic),Johns Manville - Global Parent,2023-05-08T00:00:00,Norman Seung,S,S4
00020,        AUBA,22001663,1.001,N,U502,U502.E,U502.E-TO,HYDROSIZE U5-02,XP75,EXW,999,33403.095,33000.0,4409.245,2000.0,9871.6,33000.0,23128.4,23410.9134,23128.4,0.0,11.5642,2.0,20240,Philippe Chabanne,Johns Manville (X) Trnava SK,Slovakia (Slovak Republic),Johns Manville - Global Parent,2023-05-08T00:00:00,Norman Seung,S,S4
00020,        AUBA,22001663,2.0,N,U502,U502.E,U502.E,HYDROSIZE U5-02,XP75,EXW,999,5010.4642,4950.0,661.38,300.0,3888.3,4950.0,1061.7,1074.6687,1061.7,0.0,3.539,300.0,20240,Philippe Chabanne,Johns Manville (X) Trnava SK,Slovakia (Slovak Republic),Johns Manville - Global Parent,2023-05-08T00:00:00,Norman Seung,S,S4
00020,        AUBA,22001664,1.0,N,U502,U502.E,U502.E-TO,HYDROSIZE U5-02,XP75,EXW,999,16701.5475,16500.0,2204.6225,1000.0,4935.8,16500.0,11564.2,11705.4567,11564.2,0.0,11.5642,1.0,20240,Philippe Chabanne,Johns Manville (X) Trnava SK,Slovakia (Slovak Republic),Johns Manville - Global Parent,2023-06-09T00:00:00,Norman Seung,S,S4
00020,        AUBA,22001664,1.001,N,U502,U502.E,U502.E-TO,HYDROSIZE U5-02,XP75,EXW,999,16701.5475,16500.0,2204.6225,1000.0,4935.8,16500.0,11564.2,11705.4567,11564.2,0.0,11.5642,1.0,20240,Philippe Chabanne,Johns Manville (X) Trnava SK,Slovakia (Slovak Republic),Johns Manville - Global Parent,2023-06-09T00:00:00,Norman Seung,S,S4
00020,        AUBA,22002199,1.0,N,U502,U502.E,U502.E-TO,HYDROSIZE U5-02,XP75,EXW,999,32444.6925,33000.0,4409.245,2000.0,9871.6,33000.0,23128.4,22739.2068,23128.4,0.0,11.5642,2.0,20240,Philippe Chabanne,Johns Manville (X) Trnava SK,Slovakia (Slovak Republic),Johns Manville - Global Parent,2023-06-09T00:00:00,Norman Seung,S,S4
00020,        AUBA,23001642,1.0,N,U502,U502.E,U502.E-TO,HYDROSIZE U5-02,XP75,EXW,999,105003.9655,95000.0,11023.1125,5000.0,37179.0,95000.0,57821.0,63909.8346,57821.0,0.0,11.5642,5.0,20240,Philippe Chabanne,Johns Manville (X) Trnava SK,Slovakia (Slovak Republic),Johns Manville - Global Parent,2023-08-24T00:00:00,Norman Seung,S,S4
00020,        AUBA,23001663,1.0,N,U502,U502.E,U502.E-TO,HYDROSIZE U5-02,XP75,EXW,999,34870.9233,31950.0,6613.8675,3000.0,13140.0,31950.0,18810.0,20529.6422,18810.0,0.0,6.27,3.0,20240,Philippe Chabanne,Johns Manville (X) Trnava SK,Slovakia (Slovak Republic),Johns Manville - Global Parent,2023-11-08T00:00:00,Norman Seung,S,S4
00020,        AUBA,23001984,1.0,N,U502,U502.E,U502.E-TO,HYDROSIZE U5-02,XP75,EXW,999,56619.9135,52983.75,10967.885,4975.0,21790.5,52983.75,31193.25,33333.9772,31193.25,0.0,6.27,4975.0,20240,Philippe Chabanne,Johns Manville (X) Trnava SK,Slovakia (Slovak Republic),Johns Manville - Global Parent,2023-12-13T00:00:00,Norman Seung,S,S4
00034,        SHAN,1303582,2.0,N,U601,U601,U601-OP,HYDROSIZE U6-01,,EXW,999,1166.5373,979.3912,449.95886,204.1,2827.12,7593.1805,4766.05,732.2064,614.7394,0.0,10.5922,204.1,34240,Ethan Cheng,HERLI Technochem Pte Ltd,Taiwan,HERLI Technochem Pte Ltd,2021-03-12T00:00:00,Norman Seung,S,S4
00020,        AUB2,21002234,2.0,N,HP1632,HP1632,HP1632-T2,HYDROSIZE HP-1632,,DAP,999,213277.3914,181079.2392,17640.0,8001.3696,53217.53,181079.2392,127861.78,150597.2028,127861.78,0.0,7.2484,8.0,20240,Philippe Chabanne,SGL Carbon (X Bsto USD) Ross Shire GB,United Kingdom,SGL Carbon - Global Parent,2022-08-09T00:00:00,Roxana McMican,S,S4
00034,        SHAN,1063421,2.0,N,U2022,U2022,U2022-OP,HYDROSIZE U2022,,DDP,999,0.0,0.0,44.092,20.0,-793.17,0.0,793.17,114.5511,103.1227,0.0,17.9889,20.0,34240,Ethan Cheng,Shanghai Rongyi-China,China,Shanghai Rongyi-China,2020-01-17T00:00:00,Norman Seung,S,S4
00034,        SHAN,1092769,2.0,N,U2022,U2022,U2022-OP,HYDROSIZE U2022,,EXW,999,0.0,0.0,44.092,20.0,-793.17,0.0,793.17,112.9618,102.0247,0.0,17.9889,20.0,34240,Ethan Cheng,WEIYUAN NEIHUA-China,China,Sichuan Weibo Group -Global Parent,2020-03-13T00:00:00,Norman Seung,S,S4
00034,        SHAN,1132707,2.0,N,U470,U470,U470-OP,HYDROSIZE LINK U470,,,999,3052.7417,2795.3172,6749.3829000000005,3061.5,-101464.87,21674.2,123139.07,17343.744,15881.2212,0.0,18.2445,3061.5,34240,Ethan Cheng,CHENGDU JIANGZHONG-China,China,CHENGDU JIANGZHONG-China,2020-05-27T00:00:00,Marcos Pedreira,S,S4
00034,        SHAN,1219550,2.0,N,U2022EU,U2022EU.E,U2022EU.E-TO,HYDROSIZE U2022EU,,EXW,999,0.0,0.0,4409.245,2000.0,-94744.8,0.0,94744.8,14082.9713,11966.3819,0.0,47.3724,2.0,34240,Ethan Cheng,SHANGHAI JINYE-China,China,SHANGHAI JINYE-China,2020-10-26T00:00:00,Norman Seung,S,S4
00034,        SHAN,1220933,2.0,N,U2022,U2022,U2022-OP,HYDROSIZE U2022,,DDP,999,0.0,0.0,6299.424040000001,2857.4,-113319.67,0.0,113319.67,16843.9604,14312.4103,0.0,17.9889,2857.4,34240,"Wang,Lu( Leon)",Shanghai Share Chemical-China,China,Shanghai Share Chemical-China,2020-10-29T00:00:00,Norman Seung,S,S4
00034,        SHAN,1229657,2.0,N,U470,U470,U470-OP,HYDROSIZE LINK U470,,,999,1093.5741,923.8428,2249.7943,1020.5,-33821.63,7224.73,41046.36,6212.9987,5248.6925,0.0,18.2445,1020.5,34240,Ethan Cheng,CHENGDU JIANGZHONG-China,China,CHENGDU JIANGZHONG-China,2020-11-12T00:00:00,Marcos Pedreira,S,S4
00034,        SHAN,1368590,2.0,N,U470,U470,U470-OP,HYDROSIZE LINK U470,,,999,0.0,0.0,1349.8765799999999,612.3,-34962.74,0.0,34962.74,5443.5168,4518.4097,0.0,25.9007,612.3,34240,Ethan Cheng,CHENGDU JIANGZHONG-China,China,CHENGDU JIANGZHONG-China,2021-06-24T00:00:00,Marcos Pedreira,S,S4
00034,        SHAN,1402243,2.0,N,U601,U601,U601-OP,HYDROSIZE U6-01,,EXW,999,14051.3161,11936.6752,4049.6297400000003,1836.9,15326.09,91032.17,75706.08,11685.6498,9927.0279,0.0,18.6837,1836.9,34240,Ethan Cheng,Jushi Group,China,Jushi - Global Parent,2021-08-17T00:00:00,Norman Seung,S,S4
00034,        SHAN,1578130,2.0,N,U601,U601,U601-OP,HYDROSIZE U6-01,,EXW,999,6358.4579,5843.4197,899.91772,408.2,23996.43,40820.0,16823.57,2620.5772,2408.3092,0.0,18.6837,408.2,34240,Ethan Cheng,Jushi Group,China,Jushi - Global Parent,2022-04-25T00:00:00,Norman Seung,S,S4
00034,        SHAN,1638038,2.0,N,U204,U204,U204-OP,HYDROSIZE U2-04,,DDP,999,0.0,0.0,44.092,20.0,-1086.2,0.0,1086.2,161.3765,158.1409,0.0,24.6346,20.0,34240,"Wang,Lu( Leon)",Shanghai Share Chemical-China,China,Shanghai Share Chemical-China,2022-07-13T00:00:00,Norman Seung,S,S4
00034,        SHAN,1692558,2.0,N,U601,U601,U601-OP,HYDROSIZE U6-01,,DDP,999,2425.427,2445.2593,449.95886,204.1,7389.15,16978.22,9589.07,1369.8485,1381.0495,0.0,21.2986,204.1,34240,Ethan Cheng,Jushi Group,China,Jushi - Global Parent,2022-09-23T00:00:00,Norman Seung,S,S4
00034,        SHAN,1698663,2.0,N,U204,U204,U204-OP,HYDROSIZE U2-04,,DDP,999,88.4945,89.2181,22.046,10.0,76.37,619.47,543.1,77.5847,78.2191,0.0,24.6346,10.0,34240,Ethan Cheng,Xi'an Jiaotong University-China,China,Xi'an Jiaotong University-China,2022-10-10T00:00:00,Norman Seung,S,S4
00034,        SHAN,1220933,7.0,N,U601,U601,U601-OP,HYDROSIZE U6-01,,DDP,999,0.0,0.0,449.95886,204.1,-4766.05,0.0,4766.05,708.4309,601.9578,0.0,10.5922,204.1,34240,"Wang,Lu( Leon)",Shanghai Share Chemical-China,China,Shanghai Share Chemical-China,2020-10-29T00:00:00,Norman Seung,S,S4
00034,        SHAN,1220933,13.0,N,U470,U470,U470-OP,HYDROSIZE LINK U470,,DDP,999,0.0,0.0,2249.7943,1020.5,-41046.36,0.0,41046.36,6101.1761,5184.2045,0.0,18.2445,1020.5,34240,"Wang,Lu( Leon)",Shanghai Share Chemical-China,China,Shanghai Share Chemical-China,2020-10-29T00:00:00,Marcos Pedreira,S,S4
00034,        SHAN,1076937,3.0,N,U601,U601,U601-OP,HYDROSIZE U6-01,,EXW,999,5475.1552,5014.2383,1799.83544,816.4,19227.15,38291.36,19064.21,2725.9285,2496.4507,0.0,10.5922,816.4,34240,Ethan Cheng,Jushi Group,China,Jushi - Global Parent,2020-02-12T00:00:00,Norman Seung,S,S4
00034,        SHAN,1076937,4.0,N,U601,U601,U601-OP,HYDROSIZE U6-01,,EXW,999,4106.3664,3760.6787,1349.8765799999999,612.3,14420.36,28718.52,14298.16,2044.4467,1872.3383,0.0,10.5922,612.3,34240,Ethan Cheng,Jushi Group,China,Jushi - Global Parent,2020-02-12T00:00:00,Norman Seung,S,S4
00034,        SHAN,1076937,5.0,N,U601,U601,U601-OP,HYDROSIZE U6-01,,EXW,999,4106.3664,3760.6787,1349.8765799999999,612.3,14420.36,28718.52,14298.16,2044.4467,1872.3383,0.0,10.5922,612.3,34240,Ethan Cheng,Jushi Group,China,Jushi - Global Parent,2020-02-12T00:00:00,Norman Seung,S,S4
00034,        SHAN,1076937,6.0,N,U601,U601,U601-OP,HYDROSIZE U6-01,,EXW,999,2737.5776,2507.1191,899.91772,408.2,9613.57,19145.68,9532.11,1362.965,1248.226,0.0,10.5922,408.2,34240,Ethan Cheng,Jushi Group,China,Jushi - Global Parent,2020-02-12T00:00:00,Norman Seung,S,S4
00034,        SHAN,1109755,7.0,N,U501,U501,U501-OP,HYDROSIZE U5-01,,DDP,999,0.0,0.0,1349.8765799999999,612.3,-26757.24,0.0,26757.24,3783.2169,3480.2553,0.0,19.822,612.3,34240,"Wang,Lu( Leon)",Shanghai Share Chemical-China,China,Shanghai Share Chemical-China,2020-04-17T00:00:00,Norman Seung,S,S4
00034,        SHAN,1109755,8.0,N,U502,U502,U502-OP,HYDROSIZE U5-02,,DDP,999,0.0,0.0,1799.83544,816.4,-32488.46,0.0,32488.46,4593.5564,4225.7025,0.0,18.0508,816.4,34240,"Wang,Lu( Leon)",Shanghai Share Chemical-China,China,Shanghai Share Chemical-China,2020-04-17T00:00:00,Norman Seung,S,S4
00034,        SHAN,1219550,3.0,N,U2022,U2022,U2022-OP,HYDROSIZE U2022,,EXW,999,0.0,0.0,4499.5886,2041.0,-80942.62,0.0,80942.62,12031.4001,10223.15,0.0,17.9889,2041.0,34240,Ethan Cheng,SHANGHAI JINYE-China,China,SHANGHAI JINYE-China,2020-10-26T00:00:00,Norman Seung,S,S4
00034,        SHAN,1220933,3.0,N,U2022,U2022,U2022-OP,HYDROSIZE U2022,,DDP,999,0.0,0.0,953.0485800000001,432.3,-17144.29,0.0,17144.29,2548.3461,2165.3444,0.0,17.9889,432.3,34240,"Wang,Lu( Leon)",Shanghai Share Chemical-China,China,Shanghai Share Chemical-China,2020-10-29T00:00:00,Norman Seung,S,S4
00034,        SHAN,1220933,4.0,N,U601,U601,U601-OP,HYDROSIZE U6-01,,DDP,999,0.0,0.0,1349.8765799999999,612.3,-14298.16,0.0,14298.16,2125.2942,1805.8748,0.0,10.5922,612.3,34240,"Wang,Lu( Leon)",Shanghai Share Chemical-China,China,Shanghai Share Chemical-China,2020-10-29T00:00:00,Norman Seung,S,S4
00034,        SHAN,1220933,5.0,N,U601,U601,U601-OP,HYDROSIZE U6-01,,DDP,999,0.0,0.0,1349.8765799999999,612.3,-14298.16,0.0,14298.16,2125.2942,1805.8748,0.0,10.5922,612.3,34240,"Wang,Lu( Leon)",Shanghai Share Chemical-China,China,Shanghai Share Chemical-China,2020-10-29T00:00:00,Norman Seung,S,S4
00034,        SHAN,1220933,6.0,N,U601,U601,U601-OP,HYDROSIZE U6-01,,DDP,999,0.0,0.0,405.86686000000003,184.1,-4299.02,0.0,4299.02,639.0111,542.9714,0.0,10.5922,184.1,34240,"Wang,Lu( Leon)",Shanghai Share Chemical-China,China,Shanghai Share Chemical-China,2020-10-29T00:00:00,Norman Seung,S,S4
00034,        SHAN,1220933,8.0,N,U601,U601,U601-PL,HYDROSIZE U6-01,,DDP,999,0.0,0.0,79.3656,36.0,-1043.94,0.0,1043.94,155.1724,131.8509,0.0,13.0493,36.0,34240,"Wang,Lu( Leon)",Shanghai Share Chemical-China,China,Shanghai Share Chemical-China,2020-10-29T00:00:00,Norman Seung,S,S4
00034,        SHAN,1220933,11.0,N,U2023,U2023,U2023-OP,HYDROSIZE U2023,,DDP,999,0.0,0.0,440.92,200.0,-7178.17,0.0,7178.17,1066.9711,906.6115,0.0,16.28,200.0,34240,"Wang,Lu( Leon)",Shanghai Share Chemical-China,China,Shanghai Share Chemical-China,2020-10-29T00:00:00,Norman Seung,S,S4
00034,        SHAN,1220933,12.0,N,U2023,U2023,U2023-PL,HYDROSIZE U2023,,DDP,999,0.0,0.0,277.7796,126.0,-4306.22,0.0,4306.22,640.0813,543.8808,0.0,15.5023,126.0,34240,"Wang,Lu( Leon)",Shanghai Share Chemical-China,China,Shanghai Share Chemical-China,2020-10-29T00:00:00,Norman Seung,S,S4
00034,        SHAN,1220933,14.0,N,U470,U470,U470-OP,HYDROSIZE LINK U470,,DDP,999,0.0,0.0,5399.5063199999995,2449.2,-98511.26,0.0,98511.26,14642.822,12442.0904,0.0,18.2445,2449.2,34240,"Wang,Lu( Leon)",Shanghai Share Chemical-China,China,Shanghai Share Chemical-China,2020-10-29T00:00:00,Marcos Pedreira,S,S4
00034,        SHAN,1220933,15.0,N,U470,U470,U470-OP,HYDROSIZE LINK U470,,DDP,999,0.0,0.0,7649.30062,3469.7,-139557.61,0.0,139557.61,20743.9967,17626.2936,0.0,18.2445,3469.7,34240,"Wang,Lu( Leon)",Shanghai Share Chemical-China,China,Shanghai Share Chemical-China,2020-10-29T00:00:00,Marcos Pedreira,S,S4
00034,        SHAN,1220933,16.0,N,U501,U501,U501-OP,HYDROSIZE U5-01,,DDP,999,0.0,0.0,1932.1092354000002,876.399,-38298.26,0.0,38298.26,5692.6955,4837.1162,0.0,19.822,876.399,34240,"Wang,Lu( Leon)",Shanghai Share Chemical-China,China,Shanghai Share Chemical-China,2020-10-29T00:00:00,Norman Seung,S,S4
00034,        SHAN,1368590,3.0,N,U501,U501,U501-OP,HYDROSIZE U5-01,,,999,0.0,0.0,449.95886,204.1,-8919.08,0.0,8919.08,1388.6544,1152.6573,0.0,19.822,204.1,34240,Ethan Cheng,CHENGDU JIANGZHONG-China,China,CHENGDU JIANGZHONG-China,2021-06-24T00:00:00,Norman Seung,S,S4
00034,        SHAN,2006250,2.0,N,U601,U601,U601-OP,HYDROSIZE U6-01,,DDP,999,8839.9493,7997.1078,1799.83544,816.4,22085.36,63578.05,41492.69,5769.181,5219.1207,0.0,23.0402,816.4,34240,Ethan Cheng,Jushi Group,China,Jushi - Global Parent,2024-02-06T00:00:00,Norman Seung,S,S4
00034,        SHAN,2111530,4.0,N,U601,U601,U601-OP,HYDROSIZE U6-01,,DDP,999,19766.7333,18428.08,4049.6297400000003,1836.9,47262.49,143050.61,95788.12,13236.0024,12339.6268,0.0,23.6398,1836.9,34240,Ethan Cheng,Jushi Group,China,Jushi - Global Parent,2024-04-03T00:00:00,Norman Seung,S,S4
00034,        SHAN,2159834,2.0,N,U204,U204,U204-OP,HYDROSIZE U2-04,,DDP,999,610.0285,566.6391,88.184,40.0,1774.11,4424.78,2650.67,365.4383,339.4459,0.0,30.0581,40.0,34240,Ethan Cheng,Jiangxi Shuobang-China,China,Jiangxi Shuobang-China,2024-06-14T00:00:00,Norman Seung,S,S4
00034,        SHAN,2359228,2.0,N,U601,U601,U601-OP,HYDROSIZE U6-01,,DDP,999,74692.1963,71734.9523,13498.765800000001,6123.0,223648.59,542942.33,319293.74,43925.0163,42185.9191,0.0,23.6398,6123.0,34240,Ethan Cheng,Owens Corning Composites (China) Co. Ltd,China,Owens Corning Vetrotex - Global Parent,2025-04-09T00:00:00,Norman Seung,S,S4
00034,        SHAN,2359228,3.0,N,U601,U601,U601-OP,HYDROSIZE U6-01,,DDP,999,49794.7971,47823.3011,8999.1772,4082.0,149099.06,361961.55,212862.49,29283.3437,28123.9456,0.0,23.6398,4082.0,34240,Ethan Cheng,Owens Corning Composites (China) Co. Ltd,China,Owens Corning Vetrotex - Global Parent,2025-04-09T00:00:00,Norman Seung,S,S4
00034,        SHAN,2378001,2.0,N,U601,U601,U601-OP,HYDROSIZE U6-01,,DDP,999,89853.6551,83269.6757,16198.518960000001,7347.6,268378.31,651530.8,383152.49,52841.1729,48969.2638,0.0,23.6398,7347.6,34240,Ethan Cheng,Owens Corning Composites (China) Co. Ltd,China,Owens Corning Vetrotex - Global Parent,2025-10-15T00:00:00,Norman Seung,S,S4
00034,        SHAN,2378001,3.0,N,U601,U601,U601-OP,HYDROSIZE U6-01,,DDP,999,52414.6317,48573.9771,9449.13606,4286.1,156554.01,380059.63,223505.62,30824.0177,28565.404,0.0,23.6398,4286.1,34240,Ethan Cheng,Owens Corning Composites (China) Co. Ltd,China,Owens Corning Vetrotex - Global Parent,2025-10-15T00:00:00,Norman Seung,S,S4
00034,        SHAN,1816050,2.0,N,U601,U601,U601-OP,HYDROSIZE U6-01,,DDP,999,69162.108,64603.3235,13498.765800000001,6123.0,165640.19,476835.36,311195.17,45136.9922,42161.8108,0.0,23.0402,6123.0,34240,Ethan Cheng,Jushi Group,China,Jushi - Global Parent,2023-03-07T00:00:00,Norman Seung,S,S4
00034,        SHAN,1831305,2.0,N,U470,U470,U470-OP,HYDROSIZE LINK U470,,DDP,999,0.0,0.0,449.95886,204.1,-11654.25,0.0,11654.25,1690.379,1578.9586,0.0,25.9007,204.1,34240,Ethan Cheng,Jushi Group,China,Jushi - Global Parent,2023-03-28T00:00:00,Marcos Pedreira,S,S4
00034,        SHAN,1835954,2.0,N,U601,U601,U601-OP,HYDROSIZE U6-01,,DDP,999,32328.1439,29447.9597,6299.424040000001,2857.4,77298.76,222523.17,145224.41,21098.1878,19218.5047,0.0,23.0402,2857.4,34240,Ethan Cheng,Jushi Group,China,Jushi - Global Parent,2023-05-05T00:00:00,Norman Seung,S,S4
00034,        SHAN,1835954,3.0,N,U601,U601,U601-OP,HYDROSIZE U6-01,,DDP,999,18473.2255,16827.4059,3599.67088,1632.8,44170.72,127156.1,82985.38,12056.1077,10982.003,0.0,23.0402,1632.8,34240,Ethan Cheng,Jushi Group,China,Jushi - Global Parent,2023-05-05T00:00:00,Norman Seung,S,S4
00034,        SHAN,1990322,2.0,N,U601,U601,U601-OP,HYDROSIZE U6-01,,DDP,999,6553.9738,6202.7464,1349.8765799999999,612.3,16564.02,47683.54,31119.52,4277.294,4048.0738,0.0,23.0402,612.3,34240,Ethan Cheng,Jushi Group,China,Jushi - Global Parent,2023-11-07T00:00:00,Norman Seung,S,S4
00034,        SHAN,1990322,3.0,N,U601,U601,U601-OP,HYDROSIZE U6-01,,DDP,999,10923.2888,10337.9098,2249.7943,1020.5,27606.7,79472.56,51865.86,7128.8224,6746.7889,0.0,23.0402,1020.5,34240,Ethan Cheng,Jushi Group,China,Jushi - Global Parent,2023-11-07T00:00:00,Norman Seung,S,S4
00020,        AUB2,21002236,2.0,N,HP1632,HP1632,HP1632-T2,HYDROSIZE HP-1632,,DAP,999,26941.8905,22874.5157,2205.0,1000.1712,5549.87,22874.5157,17324.69,20405.2364,17324.69,0.0,7.857,1.0,20240,Philippe Chabanne,SGL Carbon (X Bsto USD) Ross Shire GB,United Kingdom,SGL Carbon - Global Parent,2023-02-28T00:00:00,Roxana McMican,S,S4
00020,        AUB2,21002236,2.001,N,HP1632,HP1632,HP1632-T2,HYDROSIZE HP-1632,,DAP,999,188593.2445,160121.6191,15435.0,7001.1984,38849.11,160121.6191,121272.8,142836.6198,121272.8,0.0,7.857,7.0,20240,Philippe Chabanne,SGL Carbon (X Bsto USD) Ross Shire GB,United Kingdom,SGL Carbon - Global Parent,2023-02-28T00:00:00,Roxana McMican,S,S4
00020,        AUB2,22001421,2.0,N,HP1632,HP1632,HP1632-T2,HYDROSIZE HP-1632,,DAP,999,23066.3024,21814.0804,2205.0,1000.1712,2663.2,21814.0804,19150.87,20250.2123,19150.87,0.0,8.6852,1.0,20240,Philippe Chabanne,SGL Carbon (X Bsto USD) Ross Shire GB,United Kingdom,SGL Carbon - Global Parent,2023-04-27T00:00:00,Roxana McMican,S,S4
00020,        AUB2,22001421,2.001,N,HP1632,HP1632,HP1632-T2,HYDROSIZE HP-1632,,DAP,999,138397.8243,130884.4916,13230.0,6001.0272,15979.19,130884.4916,114905.2,121501.2526,114905.2,0.0,8.6852,6.0,20240,Philippe Chabanne,SGL Carbon (X Bsto USD) Ross Shire GB,United Kingdom,SGL Carbon - Global Parent,2023-04-27T00:00:00,Roxana McMican,S,S4
00020,        AUB2,22001422,2.0,N,HP1632,HP1632,HP1632-T2,HYDROSIZE HP-1632,,FCA,999,46276.0365,43763.8059,4410.0,2000.3424,5462.02,43763.8059,38301.73,40500.414,38301.73,0.0,8.6852,2.0,20240,Philippe Chabanne,SGL Carbon (X Bsto USD) Ross Shire GB,United Kingdom,SGL Carbon - Global Parent,2023-07-26T00:00:00,Roxana McMican,S,S4
00020,        AUB2,22001422,2.001,N,HP1632,HP1632,HP1632-T2,HYDROSIZE HP-1632,,FCA,999,115690.101,109409.5238,11025.0,5000.856,13655.06,109409.5238,95754.33,101251.0403,95754.33,0.0,8.6852,5.0,20240,Philippe Chabanne,SGL Carbon (X Bsto USD) Ross Shire GB,United Kingdom,SGL Carbon - Global Parent,2023-07-26T00:00:00,Roxana McMican,S,S4
00020,        AUB2,22001422,2.002,N,HP1632,HP1632,HP1632-T2,HYDROSIZE HP-1632,,FCA,999,23138.0183,21881.903,2205.0,1000.1712,2731.01,21881.903,19150.87,20250.2123,19150.87,0.0,8.6852,1.0,20240,Philippe Chabanne,SGL Carbon (X Bsto USD) Ross Shire GB,United Kingdom,SGL Carbon - Global Parent,2023-07-26T00:00:00,Roxana McMican,S,S4
00020,        AUBA,20000170,1.002,N,HP1632,HP1632,HP1632-T2,HYDROSIZE HP-1632,,FCA,999,33518.0373,30175.0818,6615.0,3000.5136,5006.23,30175.0818,25168.75,27957.0775,25168.75,0.0,3.8048,3.0,20240,Philippe Chabanne,SGL Carbon (X Bsto USD) Ross Shire GB,United Kingdom,SGL Carbon - Global Parent,2020-02-05T00:00:00,Roxana McMican,S,S4
00020,        AUBA,20000170,1.003,N,HP1632,HP1632,HP1632-T2,HYDROSIZE HP-1632,,FCA,999,33518.0373,30175.0818,6615.0,3000.5136,5006.23,30175.0818,25168.75,27957.0775,25168.75,0.0,3.8048,3.0,20240,Philippe Chabanne,SGL Carbon (X Bsto USD) Ross Shire GB,United Kingdom,SGL Carbon - Global Parent,2020-02-05T00:00:00,Roxana McMican,S,S4
00020,        AUBA,20000838,3.0,N,HP1632,HP1632,HP1632-T2,HYDROSIZE HP-1632,,FCA,999,10044.1902,9240.0533,2205.0,1000.188,850.5,9240.0533,8389.58,9119.7025,8389.58,0.0,3.8048,2205.0,20240,Philippe Chabanne,SGL Carbon (X Bsto USD) Ross Shire GB,United Kingdom,SGL Carbon - Global Parent,2020-10-15T00:00:00,Roxana McMican,S,S4
00020,        AUBA,20000838,3.002,N,HP1632,HP1632,HP1632-T2,HYDROSIZE HP-1632,,FCA,999,30132.5798,27720.1684,6615.0,3000.564,2551.49,27720.1684,25168.75,27359.1184,25168.75,0.0,3.8048,6615.0,20240,Philippe Chabanne,SGL Carbon (X Bsto USD) Ross Shire GB,United Kingdom,SGL Carbon - Global Parent,2020-10-15T00:00:00,Roxana McMican,S,S4
00020,        AUBA,20000838,3.003,N,HP1632,HP1632,HP1632-T2,HYDROSIZE HP-1632,,FCA,999,20042.8383,18438.2106,4400.0,1995.84,1697.13,18438.2106,16741.12,18198.0545,16741.12,0.0,3.8048,4400.0,20240,Philippe Chabanne,SGL Carbon (X Bsto USD) Ross Shire GB,United Kingdom,SGL Carbon - Global Parent,2020-10-15T00:00:00,Roxana McMican,S,S4
00020,        AUBA,20000838,3.004,N,HP1632,HP1632,HP1632-T2,HYDROSIZE HP-1632,,FCA,999,10044.1902,9240.0533,2205.0,1000.188,850.5,9240.0533,8389.58,9119.7025,8389.58,0.0,3.8048,2205.0,20240,Philippe Chabanne,SGL Carbon (X Bsto USD) Ross Shire GB,United Kingdom,SGL Carbon - Global Parent,2020-10-15T00:00:00,Roxana McMican,S,S4
00020,        AUBA,21002231,3.0,N,HP1632,HP1632,HP1632-T2,HYDROSIZE HP-1632,,FCA,999,167395.0515,142123.6839,15435.0,7001.1984,54148.86,142123.6839,87974.87,103617.9016,87974.87,0.0,5.6997,7.0,20240,Philippe Chabanne,SGL Carbon (X Bsto USD) Ross Shire GB,United Kingdom,SGL Carbon - Global Parent,2022-02-01T00:00:00,Roxana McMican,S,S4
00020,        AUBA,21002232,2.0,N,HP1632,HP1632,HP1632-T2,HYDROSIZE HP-1632,,FCA,999,199260.8806,169178.779,17640.0,8001.3696,68636.04,169178.779,100542.71,118420.4606,100542.71,0.0,5.6997,8.0,20240,Philippe Chabanne,SGL Carbon (X Bsto USD) Ross Shire GB,United Kingdom,SGL Carbon - Global Parent,2022-04-11T00:00:00,Roxana McMican,S,S4
00020,        AUBA,21002233,2.0,N,HP1632,HP1632,HP1632-T2,HYDROSIZE HP-1632,,FCA,999,179283.6743,152217.5001,15435.0,7001.1984,64242.6,152217.5001,87974.87,103617.9016,87974.87,0.0,5.6997,7.0,20240,Philippe Chabanne,SGL Carbon (X Bsto USD) Ross Shire GB,United Kingdom,SGL Carbon - Global Parent,2022-06-27T00:00:00,Roxana McMican,S,S4
00020,        AUBA,21002233,2.001,N,HP1632,HP1632,HP1632-T2,HYDROSIZE HP-1632,,FCA,999,76835.862,65236.0728,6615.0,3000.5136,27532.54,65236.0728,37703.52,44407.6772,37703.52,0.0,5.6997,3.0,20240,Philippe Chabanne,SGL Carbon (X Bsto USD) Ross Shire GB,United Kingdom,SGL Carbon - Global Parent,2022-06-27T00:00:00,Roxana McMican,S,S4
00020,        AUBA,21002235,2.0,N,HP1632,HP1632,HP1632-T2,HYDROSIZE HP-1632,,DAP,999,182643.1051,155069.7629,15435.0,7001.1984,33796.99,155069.7629,121272.8,142836.6198,121272.8,0.0,7.857,7.0,20240,Philippe Chabanne,SGL Carbon (X Bsto USD) Ross Shire GB,United Kingdom,SGL Carbon - Global Parent,2022-11-24T00:00:00,Roxana McMican,S,S4
00020,        AUBA,22000184,1.001,N,HP1632,HP1632,HP1632-T2,HYDROSIZE HP-1632,,FCA,999,71673.6139,63287.1267,6615.0,3000.5136,25583.68,63287.1267,37703.52,42699.7982,37703.52,0.0,5.6997,3.0,20240,Philippe Chabanne,SGL Carbon (X Bsto USD) Ross Shire GB,United Kingdom,SGL Carbon - Global Parent,2022-03-07T00:00:00,Roxana McMican,S,S4
00020,        AUBA,20000103,2.0,N,HP1632,HP1632,HP1632-PL,HYDROSIZE HP-1632,,EXW,999,838.4096,754.79,160.0,72.5748,174.89,754.79,579.9,644.1444,579.9,0.0,3.6244,4.0,20240,Laurence Vast,Coats (X) Nilufer TR,Turkey,Coats - GLOBAL PARENT,2020-02-17T00:00:00,Roxana McMican,S,S4
00020,        AUBA,20001411,2.0,N,U502,U502.E,U502.E-TO,HYDROSIZE U5-02,,EXW,999,5921.3818,5176.5,1918.0020000000002,870.0,1719.12,5176.5,3457.38,3954.8859,3457.38,0.0,3.974,870.0,20240,Philippe Chabanne,Johns Manville (X) Trnava SK,Slovakia (Slovak Republic),Johns Manville - Global Parent,2020-07-30T00:00:00,Norman Seung,S,S4
00020,        AUBA,20000129,2.0,N,HP1632,HP1632,HP1632-PL,HYDROSIZE HP-1632,,DAP,999,1453.096,1308.17,200.0,90.71849999999999,583.29,1308.17,724.88,805.186,724.88,0.0,3.6244,5.0,20240,Tomasz Machnik,Evonik Creavis (S) Marl DE,Germany,Evonik Creavis (X) Marl DE,2020-01-29T00:00:00,Roxana McMican,S,S4
00020,        AUBA,21001038,2.0,N,U2022EU,U2022EU.E,U2022EU.E-PL,HYDROSIZE U2022EU,,DAP,999,150.7512,126.14,37.4782,17.0,42.95,126.14,83.19,99.4212,83.19,0.0,4.8936,17.0,20240,Tomasz Machnik,Carbon Fiber Conv. (X) Niederzissen DE,Germany,Carbon Fiber Conv. (X) Niederzissen DE,2021-05-04T00:00:00,Norman Seung,S,S4
00020,        AUBA,22001158,2.0,N,U2022EU,U2022EU.E,U2022EU.E-PD,HYDROSIZE U2022EU,,DAP,999,1760.9796,1666.25,341.713,155.0,1018.41,1666.25,647.84,684.671,647.84,0.0,4.1796,155.0,20240,Philippe Chabanne,Gividi (X) Brugherio IT,Italy,Gividi (X) Brugherio IT,2022-06-10T00:00:00,Norman Seung,S,S4
00020,        AUBA,22001844,4.0,N,U601,U601,U601-PL,HYDROSIZE U6-01,,DAP,999,931.8167,939.49,120.0,54.4311,179.59,939.49,759.9,753.6935,759.9,0.0,6.3325,3.0,20240,Philippe Chabanne,Saint-Gobain Adfors (S) Litomysl CZ,Czech Republic,Saint Gobain - Global Parent,2022-11-28T00:00:00,Norman Seung,S,S4
00020,        AUBA,20000624,1.001,N,U502,U502.E,U502.E-TO,HYDROSIZE U5-02,,EXW,999,19759.5359,17850.0,6613.8675,3000.0,5928.0,17850.0,11922.0,13197.3774,11922.0,0.0,3.974,3.0,20240,Philippe Chabanne,Johns Manville (X) Trnava SK,Slovakia (Slovak Republic),Johns Manville - Global Parent,2020-04-17T00:00:00,Norman Seung,S,S4
00020,        AUBA,20001411,3.0,N,U502,U502.E,U502.E-TO,HYDROSIZE U5-02,,EXW,999,5308.825,4641.0,1719.5880000000002,780.0,1541.28,4641.0,3099.72,3545.7598,3099.72,0.0,3.974,780.0,20240,Philippe Chabanne,Johns Manville (X) Trnava SK,Slovakia (Slovak Republic),Johns Manville - Global Parent,2020-07-30T00:00:00,Norman Seung,S,S4
00020,        AUBA,20002184,1.001,N,HP1632,HP1632,HP1632-OP,HYDROSIZE HP-1632,,DAP,999,6623.9147,5628.42,926.0,420.0266,2096.93,5628.42,3531.49,4156.1022,3531.49,0.0,3.8137,2.0,20240,Philippe Chabanne,Technical Fibre (X) Cumbria GB,United Kingdom,Technical Fibre Products - Global Parent,2020-10-28T00:00:00,Roxana McMican,S,S4
00020,        AUBA,21000236,1.001,N,HP1632,HP1632,HP1632-OP,HYDROSIZE HP-1632,,DAP,999,16881.3999,13871.52,2315.0,1050.0665,5042.8,13871.52,8828.72,10744.3995,8828.72,0.0,3.8137,5.0,20240,Philippe Chabanne,Technical Fibre (X) Cumbria GB,United Kingdom,Technical Fibre Products - Global Parent,2021-02-05T00:00:00,Roxana McMican,S,S4
00020,        AUBA,20000976,1.001,N,U802,U802.E,U802.E-TO,HYDROSIZE U8-02,,EXW,999,8652.7373,7960.0,4409.245,2000.0,926.0,7960.0,7034.0,7646.15,7034.0,0.0,3.517,2.0,20240,Philippe Chabanne,Johns Manville (X) Trnava SK,Slovakia (Slovak Republic),Johns Manville - Global Parent,2020-05-12T00:00:00,Marcos Pedreira,S,S4
00020,        AUBA,20001070,1.002,N,U802,U802.E,U802.E-TO,HYDROSIZE U8-02,,EXW,999,13038.4907,11940.0,6613.8675,3000.0,1389.0,11940.0,10551.0,11521.7015,10551.0,0.0,3.517,3.0,20240,Philippe Chabanne,Johns Manville (X) Trnava SK,Slovakia (Slovak Republic),Johns Manville - Global Parent,2020-05-20T00:00:00,Marcos Pedreira,S,S4
00020,        AUBA,20001996,3.0,N,U502,U502.E,U502.E-PD,HYDROSIZE U5-02,,DAP,999,7500.7245,6360.0,2204.6225,1000.0,2188.2,6360.0,4171.8,4920.0507,4171.8,0.0,4.1718,5.0,20240,Philippe Chabanne,Sisecam (S) Balikesir TR,Turkey,Sisecam - Global Parent,2020-10-12T00:00:00,Norman Seung,S,S4
00020,        AUBA,22000571,3.0,N,U601,U601,U601-OP,HYDROSIZE U6-01,,DAP,999,7483.6628,6797.15,1350.0,612.3498,4889.46,6797.15,1907.69,2100.3669,1907.69,0.0,1.4131,3.0,20240,Philippe Chabanne,Zoltek RT ( X AUBA) Nyergesujfalu HU,Hungary,Zoltek - Global Parent,2022-07-27T00:00:00,Norman Seung,S,S4
00020,        AUBA,21001757,3.0,N,191245PX,191245PX,191245PX-T2,EXPERIMENTAL PRODUCT 191245PX,,DAP,999,37349.1759,31579.89,6900.0,3129.7875000000004,21683.22,31579.89,9896.67,11704.6788,9896.67,0.0,1.4343,3.0,20230,Thierry Van Migem,Koehler papierfabrik (S) Oberkirch DE,Germany,Koehler - Global Parent,2021-08-25T00:00:00,Kaitlyn Slack,S,S4
00020,        AUBA,23002617,2.0,N,U502,U502.E,U502.E-TO,HYDROSIZE U5-02,,EXW,999,23252.6711,21300.0,4409.245,2000.0,9616.0,21300.0,11684.0,12755.1272,11684.0,0.0,5.842,2.0,20240,Philippe Chabanne,Johns Manville (X) Trnava SK,Slovakia (Slovak Republic),Johns Manville - Global Parent,2024-02-28T00:00:00,Norman Seung,S,S4
00020,        AUBA,24001344,2.0,N,191245PX,191245PX,191245PX-T2,EXPERIMENTAL PRODUCT 191245PX,,DAP,999,14716.8329,13562.55,4600.0,2086.525,4628.43,13562.55,8934.12,9694.486,8934.12,0.0,1.9422,2.0,20230,Marie-Annette Mahy,Mandeure  (X) Mandeure FR,France,Clairefontaine - Global Parent,2024-08-02T00:00:00,Kaitlyn Slack,S,S4
00020,        AUBA,23002210,2.0,N,U502,U502.E,U502.E-TO,HYDROSIZE U5-02,,EXW,999,22505.5459,21300.0,4409.245,2000.0,9616.0,21300.0,11684.0,12345.2957,11684.0,0.0,5.842,2.0,20240,Philippe Chabanne,Johns Manville (X) Trnava SK,Slovakia (Slovak Republic),Johns Manville - Global Parent,2024-01-24T00:00:00,Norman Seung,S,S4
00020,        AUBA,23002300,1.001,N,U502,U502.E,U502.E-TO,HYDROSIZE U5-02,,EXW,999,11511.5509,10650.0,2204.6,1000.0,4808.0,10650.0,5842.0,6314.5991,5842.0,0.0,5.842,1000.0,20240,Philippe Chabanne,Johns Manville (X) Trnava SK,Slovakia (Slovak Republic),Johns Manville - Global Parent,2024-01-24T00:00:00,Norman Seung,S,S4
00020,        AUBA,23002300,1.002,N,U502,U502.E,U502.E-TO,HYDROSIZE U5-02,,EXW,999,11511.5509,10650.0,2204.6,1000.0,4808.0,10650.0,5842.0,6314.5991,5842.0,0.0,5.842,1000.0,20240,Philippe Chabanne,Johns Manville (X) Trnava SK,Slovakia (Slovak Republic),Johns Manville - Global Parent,2024-01-24T00:00:00,Norman Seung,S,S4
00020,        AUBA,23002578,4.0,N,191245PX,191245PX,191245PX-T2,EXPERIMENTAL PRODUCT 191245PX,,DAP,999,14236.4424,13040.92,4600.0,2086.525,4402.58,13040.92,8638.34,9430.2572,8638.34,0.0,1.8779,2.0,20230,Krist Vanderstiggel,Soconomar (S) Piacenza IT,Italy,Soconomar - Global Parent,2024-01-16T00:00:00,Kaitlyn Slack,S,S4
00020,        AUBA,24000067,3.0,N,U502,U502.E,U502.E-TO,HYDROSIZE U5-02,,DAP,999,25436.617,23300.0,4409.245,2000.0,12100.0,23300.0,11200.0,12227.0434,11200.0,0.0,5.6,2.0,20240,Philippe Chabanne,Sisecam (S) Balikesir TR,Turkey,Sisecam - Global Parent,2024-04-18T00:00:00,Norman Seung,S,S4
00020,        AUBA,23001268,1.001,N,HP1632,HP1632,HP1632-T2,HYDROSIZE HP-1632,,DAP,999,49745.5838,45902.4727,4410.0,2000.3424,11175.96,45902.4727,34726.55,37633.9748,34726.55,0.0,7.8745,2.0,20240,Philippe Chabanne,SGL Carbon (X Bsto USD) Ross Shire GB,United Kingdom,SGL Carbon - Global Parent,2024-12-16T00:00:00,Roxana McMican,S,S4
00020,        AUBA,26000706,2.0,N,U601,U601,U601-OP,HYDROSIZE U6-01,,DAP,999,5667.6733,4849.82,900.0,408.2332,1970.9,4849.82,2878.92,3364.409,2878.92,0.0,3.1988,2.0,20240,Laurence Vast,APK (S Stefker) Geel BE,Belgium,Stefker (X) Hasselt BE,2026-05-05T00:00:00,Norman Seung,S,S4
00020,        AUBA,26000706,5.0,N,U601,U601,U601-OP,HYDROSIZE U6-01,,DAP,999,768.2845,657.42,121.99881618,55.3383,267.17,657.42,390.25,456.0601,390.25,0.0,3.1988,55.3383,20240,Laurence Vast,APK (S Stefker) Geel BE,Belgium,Stefker (X) Hasselt BE,2026-05-05T00:00:00,Norman Seung,S,S4
00020,        AUBA,25002273,1.001,N,U502,U502.E,U502.E-TO,HYDROSIZE U5-02,,EXW,999,21058.8179,18210.0,6613.8675,3000.0,4710.0,18210.0,13500.0,15611.9738,13500.0,0.0,4.5,3.0,20240,Philippe Chabanne,Johns Manville (X) Trnava SK,Slovakia (Slovak Republic),Johns Manville - Global Parent,2026-02-11T00:00:00,Norman Seung,S,S4
00020,        AUBA,25002466,1.001,N,U502,U502.E,U502.E-TO,HYDROSIZE U5-02,,EXW,999,21327.5429,18210.0,6613.8675,3000.0,4710.0,18210.0,13500.0,15811.1932,13500.0,0.0,4.5,3.0,20240,Philippe Chabanne,Johns Manville (X) Trnava SK,Slovakia (Slovak Republic),Johns Manville - Global Parent,2026-03-11T00:00:00,Norman Seung,S,S4
00020,        AUBA,25002466,1.002,N,U502,U502.E,U502.E-TO,HYDROSIZE U5-02,,EXW,999,14218.3619,12140.0,4409.245,2000.0,3140.0,12140.0,9000.0,10540.7955,9000.0,0.0,4.5,2.0,20240,Philippe Chabanne,Johns Manville (X) Trnava SK,Slovakia (Slovak Republic),Johns Manville - Global Parent,2026-03-11T00:00:00,Norman Seung,S,S4
00020,        AUBA,25002472,1.001,N,U502,U502.E,U502.E-TO,HYDROSIZE U5-02,,EXW,999,21327.5429,18210.0,6613.8675,3000.0,4710.0,18210.0,13500.0,15811.1932,13500.0,0.0,4.5,3.0,20240,Philippe Chabanne,Johns Manville (X) Trnava SK,Slovakia (Slovak Republic),Johns Manville - Global Parent,2026-01-09T00:00:00,Norman Seung,S,S4
00020,        AUBA,26000601,1.001,N,U502,U502.E,U502.E-TO,HYDROSIZE U5-02,,EXW,999,21071.5667,18210.0,6613.8675,3000.0,4710.0,18210.0,13500.0,15621.4251,13500.0,0.0,4.5,3.0,20240,Philippe Chabanne,Johns Manville (X) Trnava SK,Slovakia (Slovak Republic),Johns Manville - Global Parent,2026-05-21T00:00:00,Norman Seung,S,S4
00020,        AUBA,26000813,1.001,N,U502,U502.E,U502.E-TO,HYDROSIZE U5-02,,EXW,999,23664.875,20250.0,6613.8675,3000.0,4800.0,20250.0,15450.0,18055.4231,15450.0,0.0,5.15,3.0,20240,Philippe Chabanne,Johns Manville (X) Trnava SK,Slovakia (Slovak Republic),Johns Manville - Global Parent,2026-06-09T00:00:00,Norman Seung,S,S4
00020,        AUBA,26000240,1.001,N,HP1632,HP1632,HP1632-T2,HYDROSIZE HP-1632,,EXW,999,138912.7059,117447.5361,15435.0,7001.1984,7797.1,117447.5361,109650.24,129690.3455,109650.24,0.0,7.104,7.0,20240,Philippe Chabanne,SGL Carbon (X Bsto USD) Ross Shire GB,United Kingdom,SGL Carbon - Global Parent,2026-04-30T00:00:00,Roxana McMican,S,S4
00020,        AUBA,25002244,1.002,N,HP1632,HP1632,HP1632-T2,HYDROSIZE HP-1632,,EXW,999,103709.0784,89679.4077,11025.0,5000.856,12783.38,89679.4077,76896.07,88925.8834,76896.07,0.0,6.9747,5.0,20240,Philippe Chabanne,SGL Carbon (X Bsto USD) Ross Shire GB,United Kingdom,SGL Carbon - Global Parent,2026-06-19T00:00:00,Roxana McMican,S,S4
00020,        AUBA,25002243,1.001,N,HP1632,HP1632,HP1632-T2,HYDROSIZE HP-1632,,EXW,999,141916.6451,122718.2891,15435.0,7001.1984,15064.06,122718.2891,107654.49,124496.2276,107654.49,0.0,6.9747,7.0,20240,Philippe Chabanne,SGL Carbon (X Bsto USD) Ross Shire GB,United Kingdom,SGL Carbon - Global Parent,2026-06-19T00:00:00,Roxana McMican,S,S4
00020,        AUBA,26000959,1.001,N,U502,U502.E,U502.E-TO,HYDROSIZE U5-02,,EXW,999,23653.3507,20250.0,6613.8675,3000.0,4800.0,20250.0,15450.0,18046.6305,15450.0,0.0,5.15,3.0,20240,Philippe Chabanne,Johns Manville (X) Trnava SK,Slovakia (Slovak Republic),Johns Manville - Global Parent,2026-07-07T00:00:00,Norman Seung,S,S4
00020,        AUBA,25000040,3.0,N,U802,U802.E,U802.E-TO,HYDROSIZE U8-02,,EXW,999,27100.9249,26190.0,6613.8675,3000.0,10806.0,26190.0,15384.0,15919.0771,15384.0,0.0,5.128,3.0,20240,Philippe Chabanne,Johns Manville (X) Trnava SK,Slovakia (Slovak Republic),Johns Manville - Global Parent,2025-03-11T00:00:00,Marcos Pedreira,S,S4
00020,        AUBA,25000489,2.0,N,U2022EU,U2022EU.E,U2022EU.E-PD,HYDROSIZE U2022EU,,DAP,999,2589.2602,2400.0,529.104,240.0,1304.14,2400.0,1095.86,1182.2778,1095.86,0.0,4.5661,240.0,20240,Tomasz Machnik,Deutsche Basalt (X) Sangerhausen DE,Germany,Deutsche Basalt (X) Sangerhausen DE,2025-06-16T00:00:00,Norman Seung,S,S4
00020,        AUBA,25001832,5.0,N,U2022EU,U2022EU.E,U2022EU.E-LP,HYDROSIZE U2022EU,,DAP,999,5947.9521,5070.0,1322.7735000000002,600.0,2334.0,5070.0,2736.0,3209.7824,2736.0,0.0,4.56,5.0,20220,Tomasz Machnik,Coates (X) Nürnberg DE,Germany,Coates (X) Nürnberg DE,2025-10-20T00:00:00,Norman Seung,S,S4
00020,        AUBA,24001122,1.001,N,HP1632,HP1632,HP1632-T2,HYDROSIZE HP-1632,,FCA,999,62178.3199,57535.0993,6615.0,3000.5136,5445.4,57535.0993,52089.82,56293.5935,52089.82,0.0,7.8745,3.0,20240,Philippe Chabanne,SGL Carbon (X Bsto USD) Ross Shire GB,United Kingdom,SGL Carbon - Global Parent,2025-03-10T00:00:00,Roxana McMican,S,S4
00020,        AUBA,24001123,1.002,N,HP1632,HP1632,HP1632-T2,HYDROSIZE HP-1632,,FCA,999,100606.9162,93094.0064,11025.0,5000.856,4230.33,93094.0064,88863.71,96035.2247,88863.71,0.0,8.0602,5.0,20240,Philippe Chabanne,SGL Carbon (X Bsto USD) Ross Shire GB,United Kingdom,SGL Carbon - Global Parent,2025-05-06T00:00:00,Roxana McMican,S,S4
00020,        AUBA,23002064,2.0,N,U802,U802.E,U802.E-TO,HYDROSIZE U8-02,,EXW,999,29510.7933,27930.0,6613.8675,3000.0,12542.1,27930.0,15387.9,16258.8305,15387.9,0.0,5.1293,3.0,20240,Philippe Chabanne,Johns Manville (X) Trnava SK,Slovakia (Slovak Republic),Johns Manville - Global Parent,2023-11-16T00:00:00,Marcos Pedreira,S,S4
00020,        AUBA,23001646,3.0,N,HP1632,HP1632,HP1632-PL,HYDROSIZE HP-1632,,EXW,999,1428.684,1292.57,80.0,36.2874,965.56,1292.57,327.01,361.4458,327.01,0.0,4.0876,2.0,20240,Laurence Vast,Coats (X) Nilufer TR,Turkey,Coats - GLOBAL PARENT,2023-10-19T00:00:00,Roxana McMican,S,S4
00020,        AUBA,23002315,3.0,N,U701,U701,U701-PL,HYDROSIZE U7-01,,EXW,999,1870.9567,1730.93,120.0,54.4311,1439.43,1730.93,291.5,315.0814,291.5,0.0,2.4292,3.0,20240,Philippe Chabanne,Johns Manville (X) Trnava SK,Slovakia (Slovak Republic),Johns Manville - Global Parent,2023-12-13T00:00:00,.,S,S4
00020,        AUBA,22002546,2.0,N,U601,U601,U601-OP,HYDROSIZE U6-01,,DAP,999,18541.5133,17517.47,3150.0,1428.8162,6916.77,17517.47,10600.7,11220.4,10600.7,0.0,3.3653,7.0,20240,Philippe Chabanne,Saint-Gobain Adfors (S) Litomysl CZ,Czech Republic,Saint Gobain - Global Parent,2023-03-08T00:00:00,Norman Seung,S,S4
00020,        AUBA,23002319,2.0,N,191245PX,191245PX,191245PX-T2,EXPERIMENTAL PRODUCT 191245PX,,DAP,999,18042.7293,16692.37,4600.0,2086.525,8495.17,16692.37,8197.2,8860.3272,8197.2,0.0,1.782,2.0,20230,Marie-Annette Mahy,Clairefontaine (X) Clairefontaine FR,France,Clairefontaine - Global Parent,2023-11-24T00:00:00,Kaitlyn Slack,S,S4
00020,        AUBA,23000706,1.001,N,U2022EU,U2022EU.E,U2022EU.E-PD,HYDROSIZE U2022EU,,DAP,999,9137.881,8536.0,1763.698,800.0,4883.12,8536.0,3652.88,3910.4479,3652.88,0.0,4.5661,4.0,20240,Philippe Chabanne,Indorama (S) Erlenbach DE,Germany,Indorama (X) Obernburg DE,2023-05-09T00:00:00,Norman Seung,S,S4
00020,        AUBA,23000487,2.0,N,HP1632,HP1632,HP1632-OP,HYDROSIZE HP-1632,,DAP,999,15557.8098,14533.07,926.0,420.0266,8157.37,14533.07,6375.7,6825.2563,6375.7,0.0,6.8852,2.0,20240,Philippe Chabanne,Technical Fibre (X) Cumbria GB,United Kingdom,Technical Fibre Products - Global Parent,2023-06-19T00:00:00,Roxana McMican,S,S4
00020,        AUBA,22001423,2.0,N,HP1632,HP1632,HP1632-T2,HYDROSIZE HP-1632,,FCA,999,165271.9152,156299.6436,15435.0,7001.1984,22243.85,156299.6436,134056.06,141751.4543,134056.06,0.0,8.6852,7.0,20240,Philippe Chabanne,SGL Carbon (X Bsto USD) Ross Shire GB,United Kingdom,SGL Carbon - Global Parent,2023-08-18T00:00:00,Roxana McMican,S,S4
00020,        AUBA,23001264,1.001,N,HP1632,HP1632,HP1632-T2,HYDROSIZE HP-1632,,DAP,999,48027.2646,44316.9028,4410.0,2000.3424,6015.13,44316.9028,38301.73,41508.4811,38301.73,0.0,8.6852,2.0,20240,Philippe Chabanne,SGL Carbon (X Bsto USD) Ross Shire GB,United Kingdom,SGL Carbon - Global Parent,2023-12-05T00:00:00,Roxana McMican,S,S4
00020,        AUBA,20000705,2.0,N,MDU4075,MDU4075.E,MDU4075.E-LP,MICHEM DISP. URETHANE 4075,,DAP,999,7591.6469,6858.0,3968.3205000000003,1800.0,1260.0,6858.0,5598.0,6196.8561,5598.0,0.0,3.11,15.0,20220,Luc Vanderstappen,Tanatex Chemicals (S) Ede NL,Netherlands,Tanatex Chemicals B.V (X) Ede NL,2020-04-07T00:00:00,.,S,S4
00020,        AUBA,20001047,2.0,N,MDU2012B,MDU2012B.E,MDU2012B.E-LP,MICHEM DISP. URETHANE 2012B,,DAP,999,2409.8276,2206.8,793.6641000000001,360.0,1171.26,2206.8,1035.54,1130.8106,1035.54,0.0,2.8765,3.0,20220,Luc Vanderstappen,SurTec (X) Zwingenberg DE,Germany,Surtec - Global Parent,2020-06-05T00:00:00,Marcos Pedreira,S,S4
00020,        AUBA,20001222,2.0,N,MDU440,MDU440.E,MDU440.E-TO,MICHEM DISP. URETHANE 440,,DAP,999,12825.0821,11400.0,6613.8675,3000.0,3630.0,11400.0,7770.0,8741.3059,7770.0,0.0,2.59,3.0,20220,Luc Vanderstappen,Duralex (X) Bobigny FR,France,Duralex (X) Bobigny FR,2020-06-24T00:00:00,.,S,S4
00020,        AUBA,20002166,2.0,N,MDU4075B,MDU4075B.E,MDU4075B.E-LP,MICHEM DISP. URETHANE 4075,,DAP,999,8070.9697,6858.0,3968.3205000000003,1800.0,1026.0,6858.0,5832.0,6863.5018,5832.0,0.0,3.24,15.0,20220,Luc Vanderstappen,Tanatex Chemicals (S) Ede NL,Netherlands,Tanatex Chemicals B.V (X) Ede NL,2020-11-16T00:00:00,Marcos Pedreira,S,S4
00020,        AUBA,20002417,2.0,N,MDU4075B,MDU4075B.E,MDU4075B.E-LP,MICHEM DISP. URETHANE 4075,,DAP,999,1210.2248,1022.4,529.1094,240.0,244.8,1022.4,777.6,920.4527,777.6,0.0,3.24,2.0,20220,Luc Vanderstappen,Sobotram (S) Chalon sur Saone FR,France,Safic France - Global Parent,2020-12-07T00:00:00,Marcos Pedreira,S,S4
00020,        AUBA,21001131,2.0,N,MDU2012B,MDU2012B.E,MDU2012B.E-LP,MICHEM DISP. URETHANE 2012B,,DAP,999,541.8457,446.35,249.11980000000003,113.0,116.82,446.35,329.53,400.0323,329.53,0.0,2.9162,113.0,20220,Luc Vanderstappen,Keyser & Mackay Alblas (S) Emsbueren DE,Germany,K&M Deutchland - Global Parent,2021-05-28T00:00:00,Marcos Pedreira,S,S4
00020,        AUBA,21001672,2.0,N,HP1632,HP1632,HP1632-OP,HYDROSIZE HP-1632,,DAP,999,14618.326,12134.7,1389.0,630.0399,6837.47,12134.7,5297.23,6381.4215,5297.23,0.0,3.8137,3.0,20220,Luc Vanderstappen,Sobotram (S) Chalon sur Saone FR,France,Safic France - Global Parent,2021-10-15T00:00:00,Roxana McMican,S,S4
00020,        AUBA,21001849,2.0,N,MDU4075B,MDU4075B.E,MDU4075B.E-LP,MICHEM DISP. URETHANE 4075,,DAP,999,7118.8392,6019.2,3174.6564000000003,1440.0,1353.6,6019.2,4665.6,5517.9519,4665.6,0.0,3.24,12.0,20220,Luc Vanderstappen,Tanatex Chemicals (S) Ede NL,Netherlands,Tanatex Chemicals B.V (X) Ede NL,2021-10-06T00:00:00,Marcos Pedreira,S,S4
00020,        AUBA,21001851,2.0,N,MDU4075B,MDU4075B.E,MDU4075B.E-LP,MICHEM DISP. URETHANE 4075,,DAP,999,5932.366,5016.0,2645.5470000000005,1200.0,432.0,5016.0,4584.0,5421.4445,4584.0,0.0,3.82,10.0,20220,Luc Vanderstappen,Tanatex Chemicals (S) Ede NL,Netherlands,Tanatex Chemicals B.V (X) Ede NL,2021-12-16T00:00:00,Marcos Pedreira,S,S4
00020,        AUBA,21001918,2.0,N,MDU4075B,MDU4075B.E,MDU4075B.E-LP,MICHEM DISP. URETHANE 4075,,DAP,999,2372.9464,2006.4,1058.2188,480.0,451.2,2006.4,1555.2,1839.3173,1555.2,0.0,3.24,4.0,20220,Luc Vanderstappen,Tanatex Chemicals (S) Ede NL,Netherlands,Tanatex Chemicals B.V (X) Ede NL,2021-08-02T00:00:00,Marcos Pedreira,S,S4
00020,        AUBA,21002986,2.0,N,MDU4075B,MDU4075B.E,MDU4075B.E-LP,MICHEM DISP. URETHANE 4075,,DAP,999,5480.3086,4848.0,2116.4376,960.0,1180.8,4848.0,3667.2,4145.5008,3667.2,0.0,3.82,8.0,20220,Luc Vanderstappen,smartGLEIT (X) Hohenwart DE,Germany,MacDermid - Global Parent,2022-02-03T00:00:00,Marcos Pedreira,S,S4
00020,        AUBA,20000111,2.0,N,MDU2012,MDU2012.E,MDU2012.E-TO,MICHEM DISP. URETHANE 2012,,EXW,999,18605.6538,16750.0,11023.1125,5000.0,5150.0,16750.0,11600.0,12885.1095,11600.0,0.0,2.32,5.0,20220,Luc Vanderstappen,Transportes Davi (S) Barcelona ES,Spain,K&M Spain - Global Parent,2020-03-16T00:00:00,.,S,S4
00020,        AUBA,20000855,2.0,N,MDU4075,MDU4075.E,MDU4075.E-LP,MICHEM DISP. URETHANE 4075,,FCA,999,3146.2918,2894.4,1587.3282000000002,720.0,655.2,2894.4,2239.2,2434.0715,2239.2,0.0,3.11,6.0,20220,Luc Vanderstappen,Keyser & Mackay (X) Koeln DE,Germany,K&M Deutchland - Global Parent,2020-04-17T00:00:00,.,S,S4
00020,        AUBA,20000873,2.0,N,MDU2012B,MDU2012B.E,MDU2012B.E-TO,MICHEM DISP. URETHANE 2012B,,EXW,999,18207.7073,16750.0,12500.0,5000.0,4800.0,16750.0,11950.0,12989.9762,11950.0,0.0,2.39,5.0,20220,Luc Vanderstappen,"Keyser & Mackay (S) Rhenen, NL",Netherlands,K&M Netherlands - Global Parent,2020-05-28T00:00:00,Marcos Pedreira,S,S4
00020,        AUBA,20000950,2.0,N,MDU4075B,MDU4075B.E,MDU4075B.E-LP,MICHEM DISP. URETHANE 4075,,EXW,999,1072.2437,986.4,529.1094,240.0,208.8,986.4,777.6,845.2724,777.6,0.0,3.24,2.0,20220,Luc Vanderstappen,Keyser & Mackay (X) Koeln DE,Germany,K&M Deutchland - Global Parent,2020-06-02T00:00:00,Marcos Pedreira,S,S4
00020,        AUBA,20001416,2.0,N,MDU2012,MDU2012.E,MDU2012.E-LP,MICHEM DISP. URETHANE 2012,,EXW,999,944.4012,825.6,529.1094,240.0,188.93,825.6,636.67,728.2848,636.67,0.0,2.6528,2.0,20220,Luc Vanderstappen,"Keyser & Mackay (S) Rhenen, NL",Netherlands,K&M Netherlands - Global Parent,2020-07-16T00:00:00,.,S,S4
00020,        AUBA,20001949,2.0,N,MDU2012B,MDU2012B.E,MDU2012B.E-LP,MICHEM DISP. URETHANE 2012B,,EXW,999,1460.5184,1238.4,793.6641000000001,360.0,202.86,1238.4,1035.54,1221.2736,1035.54,0.0,2.8765,3.0,20220,Luc Vanderstappen,Safic (X) Lainate IT,Italy,Safic Italy - Global Parent,2020-10-05T00:00:00,Marcos Pedreira,S,S4
00020,        AUBA,20002151,2.0,N,MDU4075B,MDU4075B.E,MDU4075B.E-LP,MICHEM DISP. URETHANE 4075,,EXW,999,386.9546,328.8,176.368,80.0,69.6,328.8,259.2,305.0445,259.2,0.0,3.24,80.0,20220,Luc Vanderstappen,Keyser & Mackay (X) Koeln DE,Germany,K&M Deutchland - Global Parent,2020-11-04T00:00:00,Marcos Pedreira,S,S4
00020,        AUBA,21000117,2.0,N,MDU2012B,MDU2012B.E,MDU2012B.E-LP,MICHEM DISP. URETHANE 2012B,,EXW,999,1004.7409,825.6,529.1094,240.0,138.24,825.6,687.36,836.5052,687.36,0.0,2.864,2.0,20220,Luc Vanderstappen,Safic (X) Lainate IT,Italy,Safic Italy - Global Parent,2021-01-27T00:00:00,Marcos Pedreira,S,S4
00020,        AUBA,21000612,2.0,N,MDU4075B,MDU4075B.E,MDU4075B.E-TO,MICHEM DISP. URETHANE 4075,,FCA,999,15507.4437,13020.0,6613.8675,3000.0,3570.0,13020.0,9450.0,11255.4027,9450.0,0.0,3.15,3.0,20220,Luc Vanderstappen,Safic UK (S) CHESHIRE GB,United Kingdom,Safic Alcan UK - Global Parent,2021-04-01T00:00:00,Marcos Pedreira,S,S4
00020,        AUBA,21000687,2.0,N,MDU2012B,MDU2012B.E,MDU2012B.E-TO,MICHEM DISP. URETHANE 2012B,,EXW,999,8384.9772,7040.0,5000.0,2000.0,2260.0,7040.0,4780.0,5693.209,4780.0,0.0,2.39,2.0,20220,Luc Vanderstappen,Safic (X) Istanbul TR,Turkey,Safic Turkey - Global Parent,2021-04-07T00:00:00,Marcos Pedreira,S,S4
00020,        AUBA,21001041,2.0,N,MDU4075B,MDU4075B.E,MDU4075B.E-LP,MICHEM DISP. URETHANE 4075,,EXW,999,1270.6408,1063.2,529.1094,240.0,285.6,1063.2,777.6,929.3175,777.6,0.0,3.24,2.0,20220,Luc Vanderstappen,Sandhag (S Termidor) Eskilstuna SE,Sweden,Ab Termidor - Global Parent,2021-05-05T00:00:00,Marcos Pedreira,S,S4
00020,        AUBA,21001415,2.0,N,MDU2012B,MDU2012B.E,MDU2012B.E-LP,MICHEM DISP. URETHANE 2012B,,EXW,999,1101.5515,914.4,529.1094,240.0,136.8,914.4,777.6,936.7525,777.6,0.0,3.24,2.0,20220,Luc Vanderstappen,Safic (X) Lainate IT,Italy,Safic Italy - Global Parent,2022-01-05T00:00:00,Marcos Pedreira,S,S4
00020,        AUBA,20000705,2.001,N,MDU4075,MDU4075.E,MDU4075.E-LP,MICHEM DISP. URETHANE 4075,,DAP,999,2530.549,2286.0,1322.7735000000002,600.0,420.0,2286.0,1866.0,2065.6187,1866.0,0.0,3.11,5.0,20220,Luc Vanderstappen,Tanatex Chemicals (S) Ede NL,Netherlands,Tanatex Chemicals B.V (X) Ede NL,2020-04-07T00:00:00,.,S,S4
00020,        AUBA,20000729,4.0,N,MDU2012B,MDU2012B.E,MDU2012B.E-TO,MICHEM DISP. URETHANE 2012B,,DAP,999,7416.7446,6700.0,5000.0,2000.0,1920.0,6700.0,4780.0,5291.3491,4780.0,0.0,2.39,2.0,20220,Luc Vanderstappen,Sobotram (S) Chalon sur Saone FR,France,Safic France - Global Parent,2020-05-28T00:00:00,Marcos Pedreira,S,S4
00020,        AUBA,20001597,3.001,N,MDU440B,MDU440B.E,MDU440B.E-TO,MICHEM DISP. URETHANE 440B,,DAP,999,3513.193,3071.25,2149.485,975.0,458.25,3071.25,2613.0,2989.0023,2613.0,0.0,2.68,975.0,20220,Luc Vanderstappen,Pebeo (X)  Gemenos FR,France,Pebeo (X)  Gemenos FR,2020-09-29T00:00:00,Marcos Pedreira,S,S4
00020,        AUBA,21000142,2.001,N,MDU440B,MDU440B.E,MDU440B.E-TO,MICHEM DISP. URETHANE 440B,,DAP,999,15333.982,12600.0,8818.49,4000.0,1880.0,12600.0,10720.0,13046.0545,10720.0,0.0,2.68,4.0,20220,Luc Vanderstappen,Pebeo (X)  Gemenos FR,France,Pebeo (X)  Gemenos FR,2021-03-10T00:00:00,Marcos Pedreira,S,S4
00020,        AUBA,21000202,4.001,N,MDU4075B,MDU4075B.E,MDU4075B.E-TO,MICHEM DISP. URETHANE 4075,,DAP,999,9784.5409,8040.0,4409.245,2000.0,1740.0,8040.0,6300.0,7666.991,6300.0,0.0,3.15,2.0,20220,Luc Vanderstappen,Keyser & Mackay Alblas (S) Emsbueren DE,Germany,K&M Deutchland - Global Parent,2021-02-26T00:00:00,Marcos Pedreira,S,S4
00020,        AUBA,21000202,4.002,N,MDU4075B,MDU4075B.E,MDU4075B.E-TO,MICHEM DISP. URETHANE 4075,,DAP,999,9784.5409,8040.0,4409.245,2000.0,1740.0,8040.0,6300.0,7666.991,6300.0,0.0,3.15,2.0,20220,Luc Vanderstappen,Keyser & Mackay Alblas (S) Emsbueren DE,Germany,K&M Deutchland - Global Parent,2021-02-26T00:00:00,Marcos Pedreira,S,S4
00020,        AUBA,21000314,2.001,N,MDU4075B,MDU4075B.E,MDU4075B.E-LP,MICHEM DISP. URETHANE 4075,,DAP,999,6083.2957,5029.2,2910.1017,1320.0,752.4,5029.2,4276.8,5173.1963,4276.8,0.0,3.24,11.0,20220,Luc Vanderstappen,Tanatex Chemicals (S) Ede NL,Netherlands,Tanatex Chemicals B.V (X) Ede NL,2021-02-26T00:00:00,Marcos Pedreira,S,S4
00020,        AUBA,21000314,2.002,N,MDU4075B,MDU4075B.E,MDU4075B.E-LP,MICHEM DISP. URETHANE 4075,,DAP,999,1659.0806,1371.6,793.6641000000001,360.0,205.2,1371.6,1166.4,1410.8717,1166.4,0.0,3.24,3.0,20220,Luc Vanderstappen,Tanatex Chemicals (S) Ede NL,Netherlands,Tanatex Chemicals B.V (X) Ede NL,2021-02-26T00:00:00,Marcos Pedreira,S,S4
00020,        AUBA,21000792,1.002,N,MDU4075B,MDU4075B.E,MDU4075B.E-LP,MICHEM DISP. URETHANE 4075,,DAP,999,4550.7558,3820.8,2116.4376,960.0,710.4,3820.8,3110.4,3704.6354,3110.4,0.0,3.24,8.0,20220,Luc Vanderstappen,Tanatex Chemicals (S) Ede NL,Netherlands,Tanatex Chemicals B.V (X) Ede NL,2021-04-15T00:00:00,Marcos Pedreira,S,S4
00020,        AUBA,21001024,1.002,N,MDU4075B,MDU4075B.E,MDU4075B.E-LP,MICHEM DISP. URETHANE 4075,,DAP,999,2283.138,1910.4,1058.2188,480.0,355.2,1910.4,1555.2,1858.6349,1555.2,0.0,3.24,4.0,20220,Luc Vanderstappen,Tanatex Chemicals (S) Ede NL,Netherlands,Tanatex Chemicals B.V (X) Ede NL,2021-05-28T00:00:00,Marcos Pedreira,S,S4
00020,        AUBA,21001198,1.002,N,MDU4075B,MDU4075B.E,MDU4075B.E-LP,MICHEM DISP. URETHANE 4075,,DAP,999,2898.9078,2388.0,1322.7735000000002,600.0,444.0,2388.0,1944.0,2359.9149,1944.0,0.0,3.24,5.0,20220,Luc Vanderstappen,Tanatex Chemicals (S) Ede NL,Netherlands,Tanatex Chemicals B.V (X) Ede NL,2021-06-10T00:00:00,Marcos Pedreira,S,S4
00020,        AUBA,21001198,1.003,N,MDU4075B,MDU4075B.E,MDU4075B.E-LP,MICHEM DISP. URETHANE 4075,,DAP,999,2319.1263,1910.4,1058.2188,480.0,355.2,1910.4,1555.2,1887.9319,1555.2,0.0,3.24,4.0,20220,Luc Vanderstappen,Tanatex Chemicals (S) Ede NL,Netherlands,Tanatex Chemicals B.V (X) Ede NL,2021-06-10T00:00:00,Marcos Pedreira,S,S4
00020,        AUBA,21001680,1.002,N,MDU4075B,MDU4075B.E,MDU4075B.E-LP,MICHEM DISP. URETHANE 4075,,DAP,999,1812.7895,1504.8,793.6641000000001,360.0,338.4,1504.8,1166.4,1405.1287,1166.4,0.0,3.24,3.0,20220,Luc Vanderstappen,Tanatex Chemicals (S) Ede NL,Netherlands,Tanatex Chemicals B.V (X) Ede NL,2021-07-20T00:00:00,Marcos Pedreira,S,S4
00020,        AUBA,21001680,1.003,N,MDU4075B,MDU4075B.E,MDU4075B.E-LP,MICHEM DISP. URETHANE 4075,,DAP,999,1208.5263,1003.2,529.1094,240.0,225.6,1003.2,777.6,936.7525,777.6,0.0,3.24,2.0,20220,Luc Vanderstappen,Tanatex Chemicals (S) Ede NL,Netherlands,Tanatex Chemicals B.V (X) Ede NL,2021-07-20T00:00:00,Marcos Pedreira,S,S4
00020,        AUBA,21003083,1.002,N,MDU2012B,MDU2012B.E,MDU2012B.E-TO,MICHEM DISP. URETHANE 2012B,,DAP,999,5550.3951,4910.0,2455.0,982.0,1816.7,4910.0,3093.3,3496.7489,3093.3,0.0,3.15,0.982,20220,Luc Vanderstappen,SurTec (X) Zwingenberg DE,Germany,Surtec - Global Parent,2022-02-23T00:00:00,Marcos Pedreira,S,S4
00020,        AUBA,22000768,4.0,N,HP1632,HP1632,HP1632-OP,HYDROSIZE HP-1632,,DAP,999,14331.4541,13016.76,1389.0,630.0399,9177.84,13016.76,3838.92,4226.6513,3838.92,0.0,2.7638,3.0,20220,Luc Vanderstappen,Sobotram (S) Chalon sur Saone FR,France,Safic France - Global Parent,2022-04-15T00:00:00,Roxana McMican,S,S4
00020,        AUBA,22000852,1.002,N,MDU4075B,MDU4075B.E,MDU4075B.E-LP,MICHEM DISP. URETHANE 4075B,,DAP,999,6433.4221,5940.0,2380.9923000000003,1080.0,961.2,5940.0,4978.8,5392.3775,4978.8,0.0,4.61,9.0,20220,Luc Vanderstappen,Tanatex Chemicals (S) Ede NL,Netherlands,Tanatex Chemicals B.V (X) Ede NL,2022-05-05T00:00:00,Marcos Pedreira,S,S4
00020,        AUBA,22000852,3.001,N,MDU4075B,MDU4075B.E,MDU4075B.E-TO,MICHEM DISP. URETHANE 4075B,,DAP,999,11913.7447,11000.0,4409.245,2000.0,1960.0,11000.0,9040.0,9790.932,9040.0,0.0,4.52,2.0,20220,Luc Vanderstappen,Tanatex Chemicals (S) Ede NL,Netherlands,Tanatex Chemicals B.V (X) Ede NL,2022-05-05T00:00:00,Marcos Pedreira,S,S4
00020,        AUBA,22001551,1.002,N,MDU4075B,MDU4075B.E,MDU4075B.E-LP,MICHEM DISP. URETHANE 4075B,,DAP,999,5185.3592,5082.0,1851.8829,840.0,1209.6,5082.0,3872.4,3951.158,3872.4,0.0,4.61,7.0,20220,Luc Vanderstappen,Tanatex Chemicals (S) Ede NL,Netherlands,Tanatex Chemicals B.V (X) Ede NL,2022-08-19T00:00:00,Marcos Pedreira,S,S4
00020,        AUBA,22001551,1.003,N,MDU4075B,MDU4075B.E,MDU4075B.E-LP,MICHEM DISP. URETHANE 4075B,,DAP,999,5185.3592,5082.0,1851.8829,840.0,1209.6,5082.0,3872.4,3951.158,3872.4,0.0,4.61,7.0,20220,Luc Vanderstappen,Tanatex Chemicals (S) Ede NL,Netherlands,Tanatex Chemicals B.V (X) Ede NL,2022-08-19T00:00:00,Marcos Pedreira,S,S4
00020,        AUBA,22001557,8.0,N,MDU2012B,MDU2012B.E,MDU2012B.E-LP,MICHEM DISP. URETHANE 2012B,,DAP,999,1371.3347,1344.0,529.1094,240.0,384.0,1344.0,960.0,979.5248,960.0,0.0,4.0,2.0,20220,Luc Vanderstappen,Keyser & Mackay Alblas (S) Emsbueren DE,Germany,K&M Deutchland - Global Parent,2022-08-04T00:00:00,Marcos Pedreira,S,S4
00020,        AUBA,22001557,10.0,N,MDU4075B,MDU4075B.E,MDU4075B.E-LP,MICHEM DISP. URETHANE 4075B,,DAP,999,1518.2634,1488.0,529.1094,240.0,381.6,1488.0,1106.4,1128.9023,1106.4,0.0,4.61,2.0,20220,Luc Vanderstappen,Keyser & Mackay Alblas (S) Emsbueren DE,Germany,K&M Deutchland - Global Parent,2022-08-04T00:00:00,Marcos Pedreira,S,S4
00020,        AUBA,22002010,2.001,N,MDU4075B,MDU4075B.E,MDU4075B.E-LP,MICHEM DISP. URETHANE 4075B,,DAP,999,3600.352,3630.0,1322.7735000000002,600.0,864.0,3630.0,2766.0,2743.4087,2766.0,0.0,4.61,5.0,20220,Luc Vanderstappen,Tanatex Chemicals (S) Ede NL,Netherlands,Tanatex Chemicals B.V (X) Ede NL,2022-10-06T00:00:00,Marcos Pedreira,S,S4
00020,        AUBA,22002010,2.002,N,MDU4075B,MDU4075B.E,MDU4075B.E-LP,MICHEM DISP. URETHANE 4075B,,DAP,999,7200.704,7260.0,2645.5470000000005,1200.0,1728.0,7260.0,5532.0,5486.8174,5532.0,0.0,4.61,10.0,20220,Luc Vanderstappen,Tanatex Chemicals (S) Ede NL,Netherlands,Tanatex Chemicals B.V (X) Ede NL,2022-10-06T00:00:00,Marcos Pedreira,S,S4
00020,        AUBA,20000036,1.001,N,MDU440,MDU440.E,MDU440.E-TO,MICHEM DISP. URETHANE 440,,DAP,999,13496.0414,12150.0,6613.8675,3000.0,4380.0,12150.0,7770.0,8630.8018,7770.0,0.0,2.59,3.0,20220,Luc Vanderstappen,Duralex (X) Bobigny FR,France,Duralex (X) Bobigny FR,2020-01-13T00:00:00,.,S,S4
00020,        AUBA,20000087,1.001,N,MDU4075,MDU4075.E,MDU4075.E-LP,MICHEM DISP. URETHANE 4075,,DAP,999,7109.9145,6400.8,3703.7658,1680.0,1176.0,6400.8,5224.8,5803.631,5224.8,0.0,3.11,14.0,20220,Luc Vanderstappen,Tanatex Chemicals (S) Ede NL,Netherlands,Tanatex Chemicals B.V (X) Ede NL,2020-02-12T00:00:00,.,S,S4
00020,        AUBA,20001465,1.001,N,MDU4075B,MDU4075B.E,MDU4075B.E-LP,MICHEM DISP. URETHANE 4075,,DAP,999,4183.9169,3657.6,2116.4376,960.0,547.2,3657.6,3110.4,3557.9766,3110.4,0.0,3.24,8.0,20220,Luc Vanderstappen,Tanatex Chemicals (S) Ede NL,Netherlands,Tanatex Chemicals B.V (X) Ede NL,2020-08-13T00:00:00,Marcos Pedreira,S,S4
00020,        AUBA,20001811,1.001,N,MDU4075B,MDU4075B.E,MDU4075B.E-LP,MICHEM DISP. URETHANE 4075,,DAP,999,7548.8424,6400.8,3703.7658,1680.0,957.6,6400.8,5443.2,6419.488,5443.2,0.0,3.24,14.0,20220,Luc Vanderstappen,Tanatex Chemicals (S) Ede NL,Netherlands,Tanatex Chemicals B.V (X) Ede NL,2020-09-21T00:00:00,Marcos Pedreira,S,S4
00020,        AUBA,20002080,1.001,N,MDU4075B,MDU4075B.E,MDU4075B.E-LP,MICHEM DISP. URETHANE 4075,,DAP,999,5380.6464,4572.0,2645.5470000000005,1200.0,684.0,4572.0,3888.0,4575.6678,3888.0,0.0,3.24,10.0,20220,Luc Vanderstappen,Tanatex Chemicals (S) Ede NL,Netherlands,Tanatex Chemicals B.V (X) Ede NL,2020-10-30T00:00:00,Marcos Pedreira,S,S4
00020,        AUBA,20002358,1.001,N,MDU440B,MDU440B.E,MDU440B.E-TO,MICHEM DISP. URETHANE 440B,,DAP,999,14914.7422,12600.0,8818.49,4000.0,1880.0,12600.0,10720.0,12689.368,10720.0,0.0,2.68,4.0,20220,Luc Vanderstappen,Pebeo (X)  Gemenos FR,France,Pebeo (X)  Gemenos FR,2021-01-14T00:00:00,Marcos Pedreira,S,S4
00020,        AUBA,21000032,1.001,N,MDU4075B,MDU4075B.E,MDU4075B.E-TO,MICHEM DISP. URETHANE 4075,,DAP,999,9273.4082,7620.0,4409.245,2000.0,1320.0,7620.0,6300.0,7666.991,6300.0,0.0,3.15,2.0,20220,Luc Vanderstappen,Tanatex Chemicals (S) Ede NL,Netherlands,Tanatex Chemicals B.V (X) Ede NL,2021-01-19T00:00:00,Marcos Pedreira,S,S4
00020,        AUBA,21001024,1.001,N,MDU4075B,MDU4075B.E,MDU4075B.E-LP,MICHEM DISP. URETHANE 4075,,DAP,999,3424.7069,2865.6,1587.3282000000002,720.0,532.8,2865.6,2332.8,2787.9524,2332.8,0.0,3.24,6.0,20220,Luc Vanderstappen,Tanatex Chemicals (S) Ede NL,Netherlands,Tanatex Chemicals B.V (X) Ede NL,2021-05-28T00:00:00,Marcos Pedreira,S,S4
00020,        AUBA,21001680,1.001,N,MDU4075B,MDU4075B.E,MDU4075B.E-LP,MICHEM DISP. URETHANE 4075,,DAP,999,1812.7895,1504.8,793.6641000000001,360.0,338.4,1504.8,1166.4,1405.1287,1166.4,0.0,3.24,3.0,20220,Luc Vanderstappen,Tanatex Chemicals (S) Ede NL,Netherlands,Tanatex Chemicals B.V (X) Ede NL,2021-07-20T00:00:00,Marcos Pedreira,S,S4
00020,        AUBA,21001840,1.001,N,MDU4075B,MDU4075B.E,MDU4075B.E-TO,MICHEM DISP. URETHANE 4075,,DAP,999,16108.2187,13620.0,6613.8675,3000.0,3390.0,13620.0,10230.0,12098.9044,10230.0,0.0,3.41,3.0,20220,Luc Vanderstappen,Keyser & Mackay Alblas (S) Emsbueren DE,Germany,K&M Deutchland - Global Parent,2021-08-12T00:00:00,Marcos Pedreira,S,S4
00020,        AUBA,21002393,1.001,N,MDU4075B,MDU4075B.E,MDU4075B.E-TO,MICHEM DISP. URETHANE 4075,,DAP,999,14769.7688,12540.0,6613.8675,3000.0,2310.0,12540.0,10230.0,12049.0219,10230.0,0.0,3.41,3.0,20220,Luc Vanderstappen,Tanatex Chemicals (S) Ede NL,Netherlands,Tanatex Chemicals B.V (X) Ede NL,2021-10-19T00:00:00,Marcos Pedreira,S,S4
00020,        AUBA,22000306,1.001,N,MDU440B,MDU440B.E,MDU440B.E-TO,MICHEM DISP. URETHANE 440B,,DAP,999,23135.6155,20400.0,6613.8675,3000.0,9690.0,20400.0,10710.0,12146.1981,10710.0,0.0,3.57,3.0,20220,Luc Vanderstappen,Pebeo (X)  Gemenos FR,France,Pebeo (X)  Gemenos FR,2022-09-13T00:00:00,Marcos Pedreira,S,S4
00020,        AUBA,22000852,1.001,N,MDU4075B,MDU4075B.E,MDU4075B.E-LP,MICHEM DISP. URETHANE 4075B,,DAP,999,2144.474,1980.0,793.6641000000001,360.0,320.4,1980.0,1659.6,1797.4592,1659.6,0.0,4.61,3.0,20220,Luc Vanderstappen,Tanatex Chemicals (S) Ede NL,Netherlands,Tanatex Chemicals B.V (X) Ede NL,2022-05-05T00:00:00,Marcos Pedreira,S,S4
00020,        AUBA,22001029,1.001,N,MDU4075B,MDU4075B.E,MDU4075B.E-TO,MICHEM DISP. URETHANE 4075B,,DAP,999,29063.43,27500.0,11023.1125,5000.0,4900.0,27500.0,22600.0,23884.8552,22600.0,0.0,4.52,5.0,20220,Luc Vanderstappen,Tanatex Chemicals (S) Ede NL,Netherlands,Tanatex Chemicals B.V (X) Ede NL,2022-05-19T00:00:00,Marcos Pedreira,S,S4
00020,        AUBA,22001536,1.001,N,MDU4075B,MDU4075B.E,MDU4075B.E-TO,MICHEM DISP. URETHANE 4075B,,DAP,999,12346.0934,12100.0,4409.245,2000.0,3060.0,12100.0,9040.0,9223.8582,9040.0,0.0,4.52,2.0,20220,Luc Vanderstappen,Tanatex Chemicals (S) Ede NL,Netherlands,Tanatex Chemicals B.V (X) Ede NL,2022-08-18T00:00:00,Marcos Pedreira,S,S4
00020,        AUBA,22001557,1.001,N,MDU4075B,MDU4075B.E,MDU4075B.E-TO,MICHEM DISP. URETHANE 4075B,,DAP,999,18672.1909,18300.0,6613.8675,3000.0,4740.0,18300.0,13560.0,13835.7873,13560.0,0.0,4.52,3.0,20220,Luc Vanderstappen,Keyser & Mackay Alblas (S) Emsbueren DE,Germany,K&M Deutchland - Global Parent,2022-08-04T00:00:00,Marcos Pedreira,S,S4
00020,        AUBA,22001843,1.001,N,MDU4075B,MDU4075B.E,MDU4075B.E-LP,MICHEM DISP. URETHANE 4075B,,DAP,999,2213.7701,2232.0,793.6641000000001,360.0,572.4,2232.0,1659.6,1646.0452,1659.6,0.0,4.61,3.0,20220,Luc Vanderstappen,Coventya (X) Gutersloh DE,Germany,MacDermid - Global Parent,2022-09-15T00:00:00,Marcos Pedreira,S,S4
00020,        AUBA,22002009,1.001,N,MDU4075B,MDU4075B.E,MDU4075B.E-TO,MICHEM DISP. URETHANE 4075B,,DAP,999,12001.1732,12100.0,4409.245,2000.0,3060.0,12100.0,9040.0,8966.1658,9040.0,0.0,4.52,2.0,20220,Luc Vanderstappen,Tanatex Chemicals (S) Ede NL,Netherlands,Tanatex Chemicals B.V (X) Ede NL,2022-10-06T00:00:00,Marcos Pedreira,S,S4
00020,        AUBA,20001343,1.001,N,MDU4075B,MDU4075B.E,MDU4075B.E-TO,MICHEM DISP. URETHANE 4075,,EXW,999,23456.4001,20850.0,11023.1125,5000.0,5100.0,20850.0,15750.0,17718.8634,15750.0,0.0,3.15,5.0,20220,Luc Vanderstappen,Safic UK (S) CHESHIRE GB,United Kingdom,Safic Alcan UK - Global Parent,2020-08-05T00:00:00,Marcos Pedreira,S,S4
00020,        AUBA,20001087,5.0,N,MDU4075B,MDU4075B.E,MDU4075B.E-TO,MICHEM DISP. URETHANE 4075,,EXW,999,9107.2875,8340.0,4409.245,2000.0,2040.0,8340.0,6300.0,6879.6057,6300.0,0.0,3.15,2.0,20220,Luc Vanderstappen,Safic UK (S) CHESHIRE GB,United Kingdom,Safic Alcan UK - Global Parent,2020-06-02T00:00:00,Marcos Pedreira,S,S4
00020,        AUBA,21000358,1.001,N,MDU2012B,MDU2012B.E,MDU2012B.E-TO,MICHEM DISP. URETHANE 2012B,,EXW,999,16208.5743,13400.0,10000.0,4000.0,3840.0,13400.0,9560.0,11563.7292,9560.0,0.0,2.39,4.0,20220,Luc Vanderstappen,Teknos (S Termidor) Vamdrup DK,Denmark,Ab Termidor - Global Parent,2021-03-05T00:00:00,Marcos Pedreira,S,S4
00020,        AUBA,21001041,2.001,N,MDU4075B,MDU4075B.E,MDU4075B.E-LP,MICHEM DISP. URETHANE 4075,,EXW,999,3811.9225,3189.6,1587.3282000000002,720.0,856.8,3189.6,2332.8,2787.9524,2332.8,0.0,3.24,6.0,20220,Luc Vanderstappen,Sandhag (S Termidor) Eskilstuna SE,Sweden,Ab Termidor - Global Parent,2021-05-05T00:00:00,Marcos Pedreira,S,S4
00020,        AUBA,21001251,1.001,N,MDU2012B,MDU2012B.E,MDU2012B.E-TO,MICHEM DISP. URETHANE 2012B,,EXW,999,8303.4043,6840.0,5000.0,2000.0,2060.0,6840.0,4780.0,5802.6714,4780.0,0.0,2.39,2.0,20220,Luc Vanderstappen,Transportes Davi (S) Barcelona ES,Spain,K&M Spain - Global Parent,2021-05-28T00:00:00,Marcos Pedreira,S,S4
00020,        AUBA,21001595,1.001,N,MDU2012B,MDU2012B.E,MDU2012B.E-TO,MICHEM DISP. URETHANE 2012B,,EXW,999,20599.8809,17100.0,12500.0,5000.0,5150.0,17100.0,11950.0,14395.8232,11950.0,0.0,2.39,5.0,20220,Luc Vanderstappen,Transportes Davi (S) Barcelona ES,Spain,K&M Spain - Global Parent,2021-07-20T00:00:00,Marcos Pedreira,S,S4
00020,        AUBA,21002479,1.001,N,MDU2012B,MDU2012B.E,MDU2012B.E-TO,MICHEM DISP. URETHANE 2012B,,EXW,999,12943.5421,11160.0,7500.0,3000.0,3060.0,11160.0,8100.0,9394.5064,8100.0,0.0,2.7,3.0,20220,Luc Vanderstappen,"Keyser & Mackay (S) Rhenen, NL",Netherlands,K&M Netherlands - Global Parent,2021-12-09T00:00:00,Marcos Pedreira,S,S4
00020,        AUBA,22000130,1.001,N,MDU2012B,MDU2012B.E,MDU2012B.E-TO,MICHEM DISP. URETHANE 2012B,,EXW,999,11325.149,10000.0,5000.0,2000.0,3700.0,10000.0,6300.0,7134.8439,6300.0,0.0,3.15,2.0,20220,Luc Vanderstappen,"Keyser & Mackay (S) Rhenen, NL",Netherlands,K&M Netherlands - Global Parent,2022-02-16T00:00:00,Marcos Pedreira,S,S4
00020,        AUBA,22001360,6.0,N,MDU4075B,MDU4075B.E,MDU4075B.E-TO,MICHEM DISP. URETHANE 4075B,,FCA,999,19350.4987,18300.0,6613.8675,3000.0,4740.0,18300.0,13560.0,14338.4023,13560.0,0.0,4.52,3.0,20220,Luc Vanderstappen,Safic UK (S) CHESHIRE GB,United Kingdom,Safic Alcan UK - Global Parent,2022-07-07T00:00:00,Marcos Pedreira,S,S4
00020,        AUBA,20001323,3.0,N,MDU440B,MDU440B.E,MDU440B.E-TO,MICHEM DISP. URETHANE 440B,,DAP,999,20981.3843,18650.0,11023.1125,5000.0,5250.0,18650.0,13400.0,15075.0965,13400.0,0.0,2.68,5.0,20220,Luc Vanderstappen,Pebeo (X)  Gemenos FR,France,Pebeo (X)  Gemenos FR,2020-08-18T00:00:00,Marcos Pedreira,S,S4
00020,        AUBA,20001515,3.0,N,MDU2012B,MDU2012B.E,MDU2012B.E-TO,MICHEM DISP. URETHANE 2012B,,EXW,999,15328.2171,13400.0,10000.0,4000.0,3840.0,13400.0,9560.0,10935.6534,9560.0,0.0,2.39,4.0,20220,Luc Vanderstappen,Transportes Davi (S) Barcelona ES,Spain,K&M Spain - Global Parent,2020-08-17T00:00:00,Marcos Pedreira,S,S4
00020,        AUBA,20001597,3.0,N,MDU440B,MDU440B.E,MDU440B.E-TO,MICHEM DISP. URETHANE 440B,,DAP,999,14413.0997,12600.0,8818.4,4000.0,1880.0,12600.0,10720.0,12262.5737,10720.0,0.0,2.68,4000.0,20220,Luc Vanderstappen,Pebeo (X)  Gemenos FR,France,Pebeo (X)  Gemenos FR,2020-09-29T00:00:00,Marcos Pedreira,S,S4
00020,        AUBA,20002125,3.0,N,MDU2012B,MDU2012B.E,MDU2012B.E-LP,MICHEM DISP. URETHANE 2012B,,EXW,999,971.6233,825.6,529.1094,240.0,135.24,825.6,690.36,812.4635,690.36,0.0,2.8765,2.0,20220,Luc Vanderstappen,Safic (X) Lainate IT,Italy,Safic Italy - Global Parent,2020-11-02T00:00:00,Marcos Pedreira,S,S4
00020,        AUBA,20002151,3.0,N,MDU4075B,MDU4075B.E,MDU4075B.E-LP,MICHEM DISP. URETHANE 4075,,EXW,999,183.8034,156.18,83.7748,38.0,33.06,156.18,123.12,144.8961,123.12,0.0,3.24,38.0,20220,Luc Vanderstappen,Keyser & Mackay (X) Koeln DE,Germany,K&M Deutchland - Global Parent,2020-11-04T00:00:00,Marcos Pedreira,S,S4
00020,        AUBA,21000202,3.0,N,MDU4075B,MDU4075B.E,MDU4075B.E-LP,MICHEM DISP. URETHANE 4075,,DAP,999,7802.8063,6411.6,3439.2111000000004,1560.0,1357.2,6411.6,5054.4,6151.1174,5054.4,0.0,3.24,13.0,20220,Luc Vanderstappen,Keyser & Mackay Alblas (S) Emsbueren DE,Germany,K&M Deutchland - Global Parent,2021-02-26T00:00:00,Marcos Pedreira,S,S4
00020,        AUBA,21000409,3.0,N,MDU2012B,MDU2012B.E,MDU2012B.E-TO,MICHEM DISP. URETHANE 2012B,,EXW,999,11793.5522,9750.0,7500.0,3000.0,2580.0,9750.0,7170.0,8672.7969,7170.0,0.0,2.39,3.0,20220,Luc Vanderstappen,Transportes Davi (S) Barcelona ES,Spain,K&M Spain - Global Parent,2021-03-26T00:00:00,Marcos Pedreira,S,S4
00020,        AUBA,21001260,3.0,N,MDU4075B,MDU4075B.E,MDU4075B.E-LP,MICHEM DISP. URETHANE 4075,,DAP,999,8696.7235,7164.0,3968.3205000000003,1800.0,1332.0,7164.0,5832.0,7079.7447,5832.0,0.0,3.24,15.0,20220,Luc Vanderstappen,Tanatex Chemicals (S) Ede NL,Netherlands,Tanatex Chemicals B.V (X) Ede NL,2021-06-02T00:00:00,Marcos Pedreira,S,S4
00020,        AUBA,24001567,7.0,N,MDU4075B,MDU4075B.E,MDU4075B.E-TO,MICHEM DISP. URETHANE 4075B,,DAP,999,18504.7363,16800.0,6613.8675,3000.0,5850.0,16800.0,10950.0,12061.1228,10950.0,0.0,3.65,3.0,20220,Luc Vanderstappen,Keyser & Mackay Alblas (S) Emsbueren DE,Germany,K&M Deutchland - Global Parent,2024-08-30T00:00:00,Marcos Pedreira,S,S4
00020,        AUBA,24001658,1.001,N,MDU2012B,MDU2012B.E,MDU2012B.E-TO,MICHEM DISP. URETHANE 2012B,,EXW,999,4599.7487,4176.0,2400.0,960.0,1152.0,4176.0,3024.0,3330.8525,3024.0,0.0,3.15,0.96,20220,Luc Vanderstappen,"Keyser & Mackay (S) Rhenen, NL",Netherlands,K&M Netherlands - Global Parent,2024-08-28T00:00:00,Marcos Pedreira,S,S4
00020,        AUBA,24001410,6.001,N,HP1632,HP1632,HP1632-OP,HYDROSIZE HP-1632,,DAP,999,12820.9428,11815.36,926.0,420.0266,4257.26,11815.36,7558.1,8201.3555,7558.1,0.0,8.1621,2.0,20220,Luc Vanderstappen,Sobotram (S) Chalon sur Saone FR,France,Safic France - Global Parent,2024-09-02T00:00:00,Roxana McMican,S,S4
00020,        AUBA,23002525,1.001,N,MDU4075B,MDU4075B.E,MDU4075B.E-LP,MICHEM DISP. URETHANE 4075B,,EXW,999,1493.411,1368.0,529.1094,240.0,386.4,1368.0,981.6,1071.5879,981.6,0.0,4.09,2.0,20220,Luc Vanderstappen,Keyser & Mackay (X) Koeln DE,Germany,K&M Deutchland - Global Parent,2024-02-12T00:00:00,Marcos Pedreira,S,S4
00020,        AUBA,24000162,2.0,N,MDU4075B,MDU4075B.E,MDU4075B.E-LP,MICHEM DISP. URETHANE 4075B,,DAP,999,11397.3511,10440.0,3968.3205000000003,1800.0,3078.0,10440.0,7362.0,8037.0976,7362.0,0.0,4.09,15.0,20220,Luc Vanderstappen,Tanatex Chemicals (S) Ede NL,Netherlands,Tanatex Chemicals B.V (X) Ede NL,2024-02-01T00:00:00,Marcos Pedreira,S,S4
00020,        AUBA,24000166,5.0,N,MDU4075B,MDU4075B.E,MDU4075B.E-TO,MICHEM DISP. URETHANE 4075B,,FCA,999,12227.0434,11200.0,4409.245,2000.0,3200.0,11200.0,8000.0,8733.6024,8000.0,0.0,4.0,2.0,20220,Luc Vanderstappen,Safic UK (S) CHESHIRE GB,United Kingdom,Safic Alcan UK - Global Parent,2024-02-09T00:00:00,Marcos Pedreira,S,S4
00020,        AUBA,24000390,1.001,N,MDU4075B,MDU4075B.E,MDU4075B.E-LP,MICHEM DISP. URETHANE 4075B,,DAP,999,7512.8244,6960.0,2645.5470000000005,1200.0,2052.0,6960.0,4908.0,5297.8366,4908.0,0.0,4.09,10.0,20220,Luc Vanderstappen,Tanatex Chemicals (S) Ede NL,Netherlands,Tanatex Chemicals B.V (X) Ede NL,2024-03-06T00:00:00,Marcos Pedreira,S,S4
00020,        AUBA,24001346,2.0,N,MDU2012B,MDU2012B.E,MDU2012B.E-TO,MICHEM DISP. URETHANE 2012B,,EXW,999,9440.4405,8700.0,5000.0,2000.0,566.4,8700.0,8133.6,8825.8352,8133.6,0.0,4.0668,2.0,20220,Luc Vanderstappen,Transportes Davi (S) Barcelona ES,Spain,K&M Spain - Global Parent,2024-07-22T00:00:00,Marcos Pedreira,S,S4
00020,        AUBA,24001497,1.001,N,MDU4075B,MDU4075B.E,MDU4075B.E-TO,MICHEM DISP. URETHANE 4075B,,DAP,999,12153.2107,11200.0,4409.245,2000.0,3900.0,11200.0,7300.0,7921.2891,7300.0,0.0,3.65,2.0,20220,Luc Vanderstappen,Tanatex Chemicals (S) Ede NL,Netherlands,Tanatex Chemicals B.V (X) Ede NL,2024-08-29T00:00:00,Marcos Pedreira,S,S4
00020,        AUBA,24001638,1.001,N,MDU4075B,MDU4075B.E,MDU4075B.E-LP,MICHEM DISP. URETHANE 4075B,,DAP,999,5921.5156,5376.0,2116.4376,960.0,1785.6,5376.0,3590.4,3954.7265,3590.4,0.0,3.74,8.0,20220,Luc Vanderstappen,Tanatex Chemicals (S) Ede NL,Netherlands,Tanatex Chemicals B.V (X) Ede NL,2024-09-09T00:00:00,Marcos Pedreira,S,S4
00020,        AUBA,24001638,1.002,N,MDU4075B,MDU4075B.E,MDU4075B.E-LP,MICHEM DISP. URETHANE 4075B,,DAP,999,4441.1367,4032.0,1587.3282000000002,720.0,1339.2,4032.0,2692.8,2966.0449,2692.8,0.0,3.74,6.0,20220,Luc Vanderstappen,Tanatex Chemicals (S) Ede NL,Netherlands,Tanatex Chemicals B.V (X) Ede NL,2024-09-09T00:00:00,Marcos Pedreira,S,S4
00020,        AUBA,24002158,3.0,N,MDU4075B,MDU4075B.E,MDU4075B.E-TO,MICHEM DISP. URETHANE 4075B,,DAP,999,11912.339,11200.0,4409.245,2000.0,3900.0,11200.0,7300.0,7764.2924,7300.0,0.0,3.65,2.0,20220,Luc Vanderstappen,"Keyser & Mackay (S) Rhenen, NL",Netherlands,K&M Netherlands - Global Parent,2024-11-21T00:00:00,Marcos Pedreira,S,S4
00020,        AUBA,24002158,3.001,N,MDU4075B,MDU4075B.E,MDU4075B.E-TO,MICHEM DISP. URETHANE 4075B,,DAP,999,11912.339,11200.0,4409.245,2000.0,3900.0,11200.0,7300.0,7764.2924,7300.0,0.0,3.65,2.0,20220,Luc Vanderstappen,"Keyser & Mackay (S) Rhenen, NL",Netherlands,K&M Netherlands - Global Parent,2024-11-21T00:00:00,Marcos Pedreira,S,S4
00020,        AUBA,24002165,3.002,N,MDU2012B,MDU2012B.E,MDU2012B.E-TO,MICHEM DISP. URETHANE 2012B,,EXW,999,9253.3348,8700.0,5000.0,2000.0,2300.0,8700.0,6400.0,6807.0509,6400.0,0.0,3.2,2.0,20220,Luc Vanderstappen,Transportes Davi (S) Barcelona ES,Spain,K&M Spain - Global Parent,2024-11-27T00:00:00,Marcos Pedreira,S,S4
00020,        AUBA,26000085,2.0,N,MDU4075B,MDU4075B.E,MDU4075B.E-TO,MICHEM DISP. URETHANE 4075B,,FCA,999,13138.6494,11200.0,4409.245,2000.0,3900.0,11200.0,7300.0,8563.584,7300.0,0.0,3.65,2.0,20220,Luc Vanderstappen,Safic UK (S) CHESHIRE GB,United Kingdom,Safic Alcan UK - Global Parent,2026-01-30T00:00:00,Marcos Pedreira,S,S4
00020,        AUBA,26000668,6.0,N,MDU2012B,MDU2012B.E,MDU2012B.E-TO,MICHEM DISP. URETHANE 2012B,,EXW,999,10167.1315,8700.0,5000.0,2000.0,2300.0,8700.0,6400.0,7479.2691,6400.0,0.0,3.2,2.0,20220,Luc Vanderstappen,Safic (X) Istanbul TR,Turkey,Safic Turkey - Global Parent,2026-04-30T00:00:00,Marcos Pedreira,S,S4
00020,        AUBA,25002447,2.0,N,MDU2012B,MDU2012B.E,MDU2012B.E-TO,MICHEM DISP. URETHANE 2012B,,EXW,999,10189.4356,8700.0,5000.0,2000.0,2300.0,8700.0,6400.0,7495.6768,6400.0,0.0,3.2,2.0,20220,Luc Vanderstappen,Transportes Davi (S) Barcelona ES,Spain,K&M Spain - Global Parent,2026-01-27T00:00:00,Marcos Pedreira,S,S4
00020,        AUBA,26000401,5.0,N,MDU4075B,MDU4075B.E,MDU4075B.E-TO,MICHEM DISP. URETHANE 4075B,,FCA,999,13246.9557,11200.0,4409.245,2000.0,3900.0,11200.0,7300.0,8634.1765,7300.0,0.0,3.65,2.0,20220,Luc Vanderstappen,Safic UK (S) CHESHIRE GB,United Kingdom,Safic Alcan UK - Global Parent,2026-03-12T00:00:00,Marcos Pedreira,S,S4
00020,        AUBA,26001255,1.001,N,MDU2012B,MDU2012B.E,MDU2012B.E-LP,MICHEM DISP. URETHANE 2012B,,EXW,999,1274.3577,1116.0,529.1094,240.0,267.0,1116.0,849.0,969.4711,849.0,0.0,3.5375,2.0,20220,Luc Vanderstappen,Safic (X) Lainate IT,Italy,Safic Italy - Global Parent,2026-07-22T00:00:00,Marcos Pedreira,S,S4
00020,        AUBA,25000432,2.0,N,MDU2012B,MDU2012B.E,MDU2012B.E-TO,MICHEM DISP. URETHANE 2012B,,EXW,999,9386.0681,8700.0,5000.0,2000.0,2300.0,8700.0,6400.0,6904.6938,6400.0,0.0,3.2,2.0,20220,Luc Vanderstappen,Transportes Davi (S) Barcelona ES,Spain,K&M Spain - Global Parent,2025-03-14T00:00:00,Marcos Pedreira,S,S4
00020,        AUBA,25001107,1.001,N,MDU2012B,MDU2012B.E,MDU2012B.E-LP,MICHEM DISP. URETHANE 2012B,,EXW,999,1845.133,1602.0,793.6641000000001,360.0,335.02,1602.0,1266.98,1459.2675,1266.98,0.0,3.5194,3.0,20220,Luc Vanderstappen,Safic (X) Lainate IT,Italy,Safic Italy - Global Parent,2025-06-16T00:00:00,Marcos Pedreira,S,S4
00020,        AUBA,25001335,2.0,N,MDU4075B,MDU4075B.E,MDU4075B.E-TO,MICHEM DISP. URETHANE 4075B,,EXW,999,26203.679,22400.0,8818.49,4000.0,7800.0,22400.0,14600.0,17079.1837,14600.0,0.0,3.65,4.0,20220,Luc Vanderstappen,"Keyser & Mackay (S) Rhenen, NL",Netherlands,K&M Netherlands - Global Parent,2025-07-31T00:00:00,Marcos Pedreira,S,S4
00020,        AUBA,24002348,1.001,N,MDU4075B,MDU4075B.E,MDU4075B.E-LP,MICHEM DISP. URETHANE 4075B,,DAP,999,3520.9175,3360.0,1322.7735000000002,600.0,1116.0,3360.0,2244.0,2351.4699,2244.0,0.0,3.74,5.0,20220,Luc Vanderstappen,Tanatex Chemicals (S) Ede NL,Netherlands,Tanatex Chemicals B.V (X) Ede NL,2025-01-10T00:00:00,Marcos Pedreira,S,S4
00020,        AUBA,25000454,1.001,N,MDU4075B,MDU4075B.E,MDU4075B.E-TO,MICHEM DISP. URETHANE 4075B,,DAP,999,12083.2141,11200.0,4409.245,2000.0,3900.0,11200.0,7300.0,7875.6663,7300.0,0.0,3.65,2.0,20220,Luc Vanderstappen,Tanatex Chemicals (S) Ede NL,Netherlands,Tanatex Chemicals B.V (X) Ede NL,2025-03-27T00:00:00,Marcos Pedreira,S,S4
00020,        AUBA,25000666,1.001,N,MDU4075B,MDU4075B.E,MDU4075B.E-LP,MICHEM DISP. URETHANE 4075B,,DAP,999,11310.4565,10080.0,3968.3205000000003,1800.0,3348.0,10080.0,6732.0,7553.7692,6732.0,0.0,3.74,15.0,20220,Luc Vanderstappen,Tanatex Chemicals (S) Ede NL,Netherlands,Tanatex Chemicals B.V (X) Ede NL,2025-04-25T00:00:00,Marcos Pedreira,S,S4
00020,        AUBA,25001242,1.001,N,MDU4075B,MDU4075B.E,MDU4075B.E-TO,MICHEM DISP. URETHANE 4075B,,DAP,999,12899.8061,11200.0,4409.245,2000.0,3900.0,11200.0,7300.0,8407.9093,7300.0,0.0,3.65,2.0,20220,Luc Vanderstappen,Tanatex Chemicals (S) Ede NL,Netherlands,Tanatex Chemicals B.V (X) Ede NL,2025-07-11T00:00:00,Marcos Pedreira,S,S4
00020,        AUBA,25001944,1.001,N,MDU4075B,MDU4075B.E,MDU4075B.E-TO,MICHEM DISP. URETHANE 4075B,,DAP,999,13045.8888,11200.0,4409.245,2000.0,3900.0,11200.0,7300.0,8503.124,7300.0,0.0,3.65,2.0,20220,Luc Vanderstappen,Tanatex Chemicals (S) Ede NL,Netherlands,Tanatex Chemicals B.V (X) Ede NL,2025-11-05T00:00:00,Marcos Pedreira,S,S4
00020,        AUBA,23001125,1.001,N,MDU2012B,MDU2012B.E,MDU2012B.E-LP,MICHEM DISP. URETHANE 2012B,,EXW,999,3656.7962,3360.0,1322.7735000000002,600.0,496.92,3360.0,2863.08,3115.9822,2863.08,0.0,4.7718,5.0,20220,Luc Vanderstappen,Safic Alcan (X) Ruse BG,Bulgaria,Safic Bulgaria - Global Parent,2023-05-30T00:00:00,Marcos Pedreira,S,S4
00020,        AUBA,22002600,1.001,N,MDU2012B,MDU2012B.E,MDU2012B.E-LP,MICHEM DISP. URETHANE 2012B,,EXW,999,1422.5681,1344.0,529.1094,240.0,384.0,1344.0,960.0,1016.1201,960.0,0.0,4.0,2.0,20220,Luc Vanderstappen,"Keyser & Mackay (S) Rhenen, NL",Netherlands,K&M Netherlands - Global Parent,2023-01-02T00:00:00,Marcos Pedreira,S,S4
00020,        AUBA,23000991,1.001,N,MDU2012B,MDU2012B.E,MDU2012B.E-LP,MICHEM DISP. URETHANE 2012B,,EXW,999,1462.7185,1344.0,529.1094,240.0,198.77,1344.0,1145.23,1246.3907,1145.23,0.0,4.7718,2.0,20220,Luc Vanderstappen,Safic Alcan (X) Ruse BG,Bulgaria,Safic Bulgaria - Global Parent,2023-05-09T00:00:00,Marcos Pedreira,S,S4
00020,        AUBA,23001454,3.0,N,MDU2012B,MDU2012B.E,MDU2012B.E-TO,MICHEM DISP. URETHANE 2012B,,EXW,999,12158.3539,11000.0,5000.0,2000.0,2866.4,11000.0,8133.6,8990.1079,8133.6,0.0,4.0668,2.0,20220,Luc Vanderstappen,Transportes Davi (S) Barcelona ES,Spain,K&M Spain - Global Parent,2023-07-19T00:00:00,Marcos Pedreira,S,S4
00020,        AUBA,23002008,1.001,N,MDU2012B,MDU2012B.E,MDU2012B.E-TO,MICHEM DISP. URETHANE 2012B,,EXW,999,23509.8138,22000.0,10000.0,4000.0,5732.8,22000.0,16267.2,17383.5838,16267.2,0.0,4.0668,4.0,20220,Luc Vanderstappen,Transportes Davi (S) Barcelona ES,Spain,K&M Spain - Global Parent,2023-10-04T00:00:00,Marcos Pedreira,S,S4
00020,        AUBA,23001227,2.0,N,MDU4075B,MDU4075B.E,MDU4075B.E-TO,MICHEM DISP. URETHANE 4075B,,FCA,999,13221.4255,12200.0,4409.245,2000.0,3200.0,12200.0,9000.0,9753.5106,9000.0,0.0,4.5,2.0,20220,Luc Vanderstappen,Safic UK (S) CHESHIRE GB,United Kingdom,Safic Alcan UK - Global Parent,2023-07-28T00:00:00,Marcos Pedreira,S,S4
00020,        AUBA,23001886,3.0,N,MDU2012B,MDU2012B.E,MDU2012B.E-TO,MICHEM DISP. URETHANE 2012B,,EXW,999,11754.9069,11000.0,5000.0,2000.0,2866.4,11000.0,8133.6,8691.7919,8133.6,0.0,4.0668,2.0,20220,Luc Vanderstappen,Teknos (S Termidor) Vamdrup DK,Denmark,Ab Termidor - Global Parent,2023-09-20T00:00:00,Marcos Pedreira,S,S4
00020,        AUBA,22002346,5.001,N,MDU4075B,MDU4075B.E,MDU4075B.E-LP,MICHEM DISP. URETHANE 4075B,,DAP,999,1518.4238,1488.0,529.1094,240.0,381.6,1488.0,1106.4,1129.0216,1106.4,0.0,4.61,2.0,20220,Luc Vanderstappen,Sobotram (S) Chalon sur Saone FR,France,Safic France - Global Parent,2023-01-05T00:00:00,Marcos Pedreira,S,S4
00020,        AUBA,22002366,1.003,N,MDU4075B,MDU4075B.E,MDU4075B.E-LP,MICHEM DISP. URETHANE 4075B,,DAP,999,1518.4238,1488.0,529.1094,240.0,381.6,1488.0,1106.4,1129.0216,1106.4,0.0,4.61,2.0,20220,Luc Vanderstappen,Coventya (X) Gutersloh DE,Germany,MacDermid - Global Parent,2023-01-02T00:00:00,Marcos Pedreira,S,S4
00020,        AUBA,22002576,1.001,N,MDU4075B,MDU4075B.E,MDU4075B.E-LP,MICHEM DISP. URETHANE 4075B,,DAP,999,11526.612,10890.0,3968.3205000000003,1800.0,2592.0,10890.0,8298.0,8783.0878,8298.0,0.0,4.61,15.0,20220,Luc Vanderstappen,Tanatex Chemicals (S) Ede NL,Netherlands,Tanatex Chemicals B.V (X) Ede NL,2023-01-02T00:00:00,Marcos Pedreira,S,S4
00020,        AUBA,23000150,2.001,N,MDU4075B,MDU4075B.E,MDU4075B.E-LP,MICHEM DISP. URETHANE 4075B,,DAP,999,11546.5035,10710.0,3968.3205000000003,1800.0,2412.0,10710.0,8298.0,8946.1145,8298.0,0.0,4.61,15.0,20220,Luc Vanderstappen,Tanatex Chemicals (S) Ede NL,Netherlands,Tanatex Chemicals B.V (X) Ede NL,2023-02-09T00:00:00,Marcos Pedreira,S,S4
00020,        AUBA,23000644,1.001,N,MDU4075B,MDU4075B.E,MDU4075B.E-TO,MICHEM DISP. URETHANE 4075B,,DAP,999,31847.6993,29750.0,11023.1125,5000.0,7250.0,29750.0,22500.0,24086.4952,22500.0,0.0,4.5,5.0,20220,Luc Vanderstappen,Tanatex Chemicals (S) Ede NL,Netherlands,Tanatex Chemicals B.V (X) Ede NL,2023-04-07T00:00:00,Marcos Pedreira,S,S4
00020,        AUBA,23000684,1.001,N,MDU4075B,MDU4075B.E,MDU4075B.E-LP,MICHEM DISP. URETHANE 4075B,,DAP,999,9172.1374,8568.0,3174.6564000000003,1440.0,1929.6,8568.0,6638.4,7106.4796,6638.4,0.0,4.61,12.0,20220,Luc Vanderstappen,Tanatex Chemicals (S) Ede NL,Netherlands,Tanatex Chemicals B.V (X) Ede NL,2023-04-07T00:00:00,Marcos Pedreira,S,S4
00020,        AUBA,23000883,3.0,N,MDU4075B,MDU4075B.E,MDU4075B.E-TO,MICHEM DISP. URETHANE 4075B,,DAP,999,13392.4378,12200.0,4409.245,2000.0,3200.0,12200.0,9000.0,9879.6672,9000.0,0.0,4.5,2.0,20220,Luc Vanderstappen,Keyser & Mackay Alblas (S) Emsbueren DE,Germany,K&M Deutchland - Global Parent,2023-04-26T00:00:00,Marcos Pedreira,S,S4
00020,        AUBA,23000883,3.001,N,MDU4075B,MDU4075B.E,MDU4075B.E-TO,MICHEM DISP. URETHANE 4075B,,DAP,999,40177.3133,36600.0,13227.735,6000.0,9600.0,36600.0,27000.0,29639.0016,27000.0,0.0,4.5,6.0,20220,Luc Vanderstappen,Keyser & Mackay Alblas (S) Emsbueren DE,Germany,K&M Deutchland - Global Parent,2023-04-26T00:00:00,Marcos Pedreira,S,S4
00020,        AUBA,23000883,5.001,N,MDU2012B,MDU2012B.E,MDU2012B.E-LP,MICHEM DISP. URETHANE 2012B,,DAP,999,1475.3636,1344.0,529.1094,240.0,198.77,1344.0,1145.23,1257.1657,1145.23,0.0,4.7718,2.0,20220,Luc Vanderstappen,Keyser & Mackay Alblas (S) Emsbueren DE,Germany,K&M Deutchland - Global Parent,2023-04-26T00:00:00,Marcos Pedreira,S,S4
00020,        AUBA,20001565,2.0,N,MDU2012B,MDU2012B.E,MDU2012B.E-TO,MICHEM DISP. URETHANE 2012B,,EXW,999,3832.0543,3350.0,2500.0,1000.0,960.0,3350.0,2390.0,2733.9134,2390.0,0.0,2.39,1.0,20220,Luc Vanderstappen,Safic (X) Istanbul TR,Turkey,Safic Turkey - Global Parent,2020-08-05T00:00:00,Marcos Pedreira,S,S4
00020,        AUBA,21000142,2.0,N,MDU440B,MDU440B.E,MDU440B.E-TO,MICHEM DISP. URETHANE 440B,,DAP,999,3833.4955,3150.0,2204.6225,1000.0,470.0,3150.0,2680.0,3261.5136,2680.0,0.0,2.68,1.0,20220,Luc Vanderstappen,Pebeo (X)  Gemenos FR,France,Pebeo (X)  Gemenos FR,2021-03-10T00:00:00,Marcos Pedreira,S,S4
00020,        AUBA,21000202,2.0,N,MDU2012B,MDU2012B.E,MDU2012B.E-LP,MICHEM DISP. URETHANE 2012B,,DAP,999,480.4648,394.8,264.5547,120.0,51.12,394.8,343.68,418.2526,343.68,0.0,2.864,1.0,20220,Luc Vanderstappen,Keyser & Mackay Alblas (S) Emsbueren DE,Germany,K&M Deutchland - Global Parent,2021-02-26T00:00:00,Marcos Pedreira,S,S4
00020,        AUBA,21000314,2.0,N,MDU4075B,MDU4075B.E,MDU4075B.E-LP,MICHEM DISP. URETHANE 4075,,DAP,999,553.0269,457.2,264.5547,120.0,68.4,457.2,388.8,470.2906,388.8,0.0,3.24,1.0,20220,Luc Vanderstappen,Tanatex Chemicals (S) Ede NL,Netherlands,Tanatex Chemicals B.V (X) Ede NL,2021-02-26T00:00:00,Marcos Pedreira,S,S4
00020,        AUBA,21003083,2.0,N,MDU2012B,MDU2012B.E,MDU2012B.E-TO,MICHEM DISP. URETHANE 2012B,,DAP,999,5652.1335,5000.0,2500.0,1000.0,1850.0,5000.0,3150.0,3560.8441,3150.0,0.0,3.15,1.0,20220,Luc Vanderstappen,SurTec (X) Zwingenberg DE,Germany,Surtec - Global Parent,2022-02-23T00:00:00,Marcos Pedreira,S,S4
00020,        AUBA,22002250,2.0,N,MDU2012B,MDU2012B.E,MDU2012B.E-TO,MICHEM DISP. URETHANE 2012B,,EXW,999,5407.4488,5500.0,2500.0,1000.0,1590.0,5500.0,3910.0,3844.2045,3910.0,0.0,3.91,1.0,20220,Luc Vanderstappen,Safic (X) Istanbul TR,Turkey,Safic Turkey - Global Parent,2022-11-09T00:00:00,Marcos Pedreira,S,S4
00020,        AUBA,20001012,2.0,N,MDU4075B,MDU4075B.E,MDU4075B.E-LP,MICHEM DISP. URETHANE 4075,,EXW,999,555.6884,511.2,264.5547,120.0,122.4,511.2,388.8,422.6362,388.8,0.0,3.24,1.0,20220,Luc Vanderstappen,Safic (X) Lainate IT,Italy,Safic Italy - Global Parent,2020-06-02T00:00:00,Marcos Pedreira,S,S4
00020,        AUBA,20001194,2.0,N,MDU4075B,MDU4075B.E,MDU4075B.E-TO,MICHEM DISP. URETHANE 4075,,FCA,999,4691.28,4170.0,2204.6225,1000.0,1020.0,4170.0,3150.0,3543.7727,3150.0,0.0,3.15,1.0,20220,Luc Vanderstappen,FlaektGroup (S) Joenkoeping SE,Sweden,Ab Termidor - Global Parent,2020-08-03T00:00:00,Marcos Pedreira,S,S4
00020,        AUBA,20001391,2.0,N,MDU4075B,MDU4075B.E,MDU4075B.E-LP,MICHEM DISP. URETHANE 4075,,EXW,999,575.1037,511.2,264.5547,120.0,122.4,511.2,388.8,437.4028,388.8,0.0,3.24,1.0,20220,Luc Vanderstappen,Safic Alcan (X) Ruse BG,Bulgaria,Safic Bulgaria - Global Parent,2020-07-15T00:00:00,Marcos Pedreira,S,S4
00020,        AUBA,20002321,2.0,N,MDU4075B,MDU4075B.E,MDU4075B.E-TO,MICHEM DISP. URETHANE 4075,,EXW,999,4936.0694,4170.0,2204.6225,1000.0,1020.0,4170.0,3150.0,3728.6856,3150.0,0.0,3.15,1.0,20220,Luc Vanderstappen,Transportes Davi (S) Barcelona ES,Spain,K&M Spain - Global Parent,2020-11-20T00:00:00,Marcos Pedreira,S,S4
00020,        AUBA,21000348,2.0,N,MDU2012B,MDU2012B.E,MDU2012B.E-LP,MICHEM DISP. URETHANE 2012B,,EXW,999,499.3209,412.8,264.5547,120.0,69.12,412.8,343.68,415.7136,343.68,0.0,2.864,1.0,20220,Luc Vanderstappen,Keyser & Mackay (X) Koeln DE,Germany,K&M Deutchland - Global Parent,2021-02-16T00:00:00,Marcos Pedreira,S,S4
00020,        AUBA,21001396,2.0,N,MDU2012B,MDU2012B.E,MDU2012B.E-TO,MICHEM DISP. URETHANE 2012B,,EXW,999,4481.3776,3720.0,2500.0,1000.0,1020.0,3720.0,2700.0,3252.6128,2700.0,0.0,2.7,1.0,20220,Luc Vanderstappen,Safic Alcan (X) Ruse BG,Bulgaria,Safic Bulgaria - Global Parent,2021-09-02T00:00:00,Marcos Pedreira,S,S4
00020,        AUBA,21001820,2.0,N,MDU440B,MDU440B.E,MDU440B.E-LP,MICHEM DISP. URETHANE 440B,,EXW,999,642.9095,543.6,264.5547,120.0,164.4,543.6,379.2,448.4755,379.2,0.0,3.16,1.0,20220,Luc Vanderstappen,Safic (X) Lainate IT,Italy,Safic Italy - Global Parent,2021-11-09T00:00:00,Marcos Pedreira,S,S4
00020,        AUBA,22000925,2.0,N,MDU4075B,MDU4075B.E,MDU4075B.E-TO,MICHEM DISP. URETHANE 4075B,,FCA,999,6606.713,6100.0,2204.6225,1000.0,1580.0,6100.0,4520.0,4895.466,4520.0,0.0,4.52,1.0,20220,Luc Vanderstappen,FlaektGroup (S) Joenkoeping SE,Sweden,Ab Termidor - Global Parent,2022-06-08T00:00:00,Marcos Pedreira,S,S4
00020,        AUBA,22002162,2.0,N,MDU2012B,MDU2012B.E,MDU2012B.E-TO,MICHEM DISP. URETHANE 2012B,,EXW,999,5407.4488,5500.0,2500.0,1000.0,1590.0,5500.0,3910.0,3844.2045,3910.0,0.0,3.91,1.0,20220,Luc Vanderstappen,Transportes Davi (S) Barcelona ES,Spain,K&M Spain - Global Parent,2022-11-04T00:00:00,Marcos Pedreira,S,S4
00020,        AUBA,19002563,1.002,N,MDU4075,MDU4075.E,MDU4075.E-TO,MICHEM DISP. URETHANE 4075,,DAP,999,4234.6626,3810.0,2204.6225,1000.0,700.0,3810.0,3110.0,3456.6406,3110.0,0.0,3.11,1.0,20220,Luc Vanderstappen,Tanatex Chemicals B.V (X) Ede NL,Netherlands,Tanatex Chemicals B.V (X) Ede NL,2020-01-14T00:00:00,.,S,S4
00020,        AUBA,20000476,4.0,N,MDU4075,MDU4075.E,MDU4075.E-LP,MICHEM DISP. URETHANE 4075,,DAP,999,558.1577,511.2,264.5547,120.0,138.0,511.2,373.2,407.4813,373.2,0.0,3.11,1.0,20220,Luc Vanderstappen,Sobotram (S) Chalon sur Saone FR,France,Safic France - Global Parent,2020-04-01T00:00:00,.,S,S4
00020,        AUBA,21000202,4.0,N,MDU4075B,MDU4075B.E,MDU4075B.E-TO,MICHEM DISP. URETHANE 4075,,DAP,999,4892.2705,4020.0,2204.6225,1000.0,870.0,4020.0,3150.0,3833.4955,3150.0,0.0,3.15,1.0,20220,Luc Vanderstappen,Keyser & Mackay Alblas (S) Emsbueren DE,Germany,K&M Deutchland - Global Parent,2021-02-26T00:00:00,Marcos Pedreira,S,S4
00020,        AUBA,21000767,8.0,N,MDU4075B,MDU4075B.E,MDU4075B.E-LP,MICHEM DISP. URETHANE 4075,,DAP,999,633.1611,531.6,264.5547,120.0,142.8,531.6,388.8,463.0794,388.8,0.0,3.24,1.0,20220,Luc Vanderstappen,Sobotram (S) Chalon sur Saone FR,France,Safic France - Global Parent,2021-06-03T00:00:00,Marcos Pedreira,S,S4
00020,        AUBA,21000767,8.001,N,MDU4075B,MDU4075B.E,MDU4075B.E-LP,MICHEM DISP. URETHANE 4075,,DAP,999,633.1611,531.6,264.5547,120.0,142.8,531.6,388.8,463.0794,388.8,0.0,3.24,1.0,20220,Luc Vanderstappen,Sobotram (S) Chalon sur Saone FR,France,Safic France - Global Parent,2021-06-03T00:00:00,Marcos Pedreira,S,S4
00020,        AUBA,21001024,1.003,N,MDU4075B,MDU4075B.E,MDU4075B.E-LP,MICHEM DISP. URETHANE 4075,,DAP,999,570.7845,477.6,264.5547,120.0,88.8,477.6,388.8,464.6587,388.8,0.0,3.24,1.0,20220,Luc Vanderstappen,Tanatex Chemicals (S) Ede NL,Netherlands,Tanatex Chemicals B.V (X) Ede NL,2021-05-28T00:00:00,Marcos Pedreira,S,S4
00020,        AUBA,22000384,8.0,N,MDU4075B,MDU4075B.E,MDU4075B.E-LP,MICHEM DISP. URETHANE 4075B,,DAP,999,802.942,708.0,264.5547,120.0,154.8,708.0,553.2,627.3835,553.2,0.0,4.61,1.0,20220,Luc Vanderstappen,Sobotram (S) Chalon sur Saone FR,France,Safic France - Global Parent,2022-04-06T00:00:00,Marcos Pedreira,S,S4
00020,        AUBA,22000385,4.0,N,MDU2012B,MDU2012B.E,MDU2012B.E-TO,MICHEM DISP. URETHANE 2012B,,DAP,999,5670.494,5000.0,2500.0,1000.0,1090.0,5000.0,3910.0,4434.3263,3910.0,0.0,3.91,1.0,20220,Luc Vanderstappen,Sobotram (S) Chalon sur Saone FR,France,Safic France - Global Parent,2022-05-06T00:00:00,Marcos Pedreira,S,S4
00020,        AUBA,19002384,1.001,N,MDU440,MDU440.E,MDU440.E-TO,MICHEM DISP. URETHANE 440,,DAP,999,4121.277,3730.0,2204.6225,1000.0,1140.0,3730.0,2590.0,2861.691,2590.0,0.0,2.59,1.0,20220,Luc Vanderstappen,Pebeo (X)  Gemenos FR,France,Pebeo (X)  Gemenos FR,2020-01-07T00:00:00,.,S,S4
00020,        AUBA,19002563,1.001,N,MDU4075,MDU4075.E,MDU4075.E-TO,MICHEM DISP. URETHANE 4075,,DAP,999,4234.6626,3810.0,2204.6225,1000.0,700.0,3810.0,3110.0,3456.6406,3110.0,0.0,3.11,1.0,20220,Luc Vanderstappen,Tanatex Chemicals B.V (X) Ede NL,Netherlands,Tanatex Chemicals B.V (X) Ede NL,2020-01-14T00:00:00,.,S,S4
00020,        AUBA,20001690,1.001,N,MDU4075B,MDU4075B.E,MDU4075B.E-LP,MICHEM DISP. URETHANE 4075,,DAP,999,604.4955,511.2,264.5547,120.0,122.4,511.2,388.8,459.7572,388.8,0.0,3.24,1.0,20220,Luc Vanderstappen,Sobotram (S) Chalon sur Saone FR,France,Safic France - Global Parent,2020-08-21T00:00:00,Marcos Pedreira,S,S4
00020,        AUBA,21000792,1.001,N,MDU4075B,MDU4075B.E,MDU4075B.E-LP,MICHEM DISP. URETHANE 4075,,DAP,999,568.8445,477.6,264.5547,120.0,88.8,477.6,388.8,463.0794,388.8,0.0,3.24,1.0,20220,Luc Vanderstappen,Tanatex Chemicals (S) Ede NL,Netherlands,Tanatex Chemicals B.V (X) Ede NL,2021-04-15T00:00:00,Marcos Pedreira,S,S4
00020,        AUBA,21000942,1.001,N,MDU4075B,MDU4075B.E,MDU4075B.E-TO,MICHEM DISP. URETHANE 4075,,DAP,999,4756.5374,3980.0,2204.6225,1000.0,830.0,3980.0,3150.0,3764.5962,3150.0,0.0,3.15,1.0,20220,Luc Vanderstappen,Tanatex Chemicals (S) Ede NL,Netherlands,Tanatex Chemicals B.V (X) Ede NL,2021-05-18T00:00:00,Marcos Pedreira,S,S4
00020,        AUBA,21001198,1.001,N,MDU4075B,MDU4075B.E,MDU4075B.E-LP,MICHEM DISP. URETHANE 4075,,DAP,999,579.7816,477.6,264.5547,120.0,88.8,477.6,388.8,471.983,388.8,0.0,3.24,1.0,20220,Luc Vanderstappen,Tanatex Chemicals (S) Ede NL,Netherlands,Tanatex Chemicals B.V (X) Ede NL,2021-06-10T00:00:00,Marcos Pedreira,S,S4
00020,        AUBA,22001551,1.001,N,MDU4075B,MDU4075B.E,MDU4075B.E-LP,MICHEM DISP. URETHANE 4075B,,DAP,999,740.7656,726.0,264.5547,120.0,172.8,726.0,553.2,564.4511,553.2,0.0,4.61,1.0,20220,Luc Vanderstappen,Tanatex Chemicals (S) Ede NL,Netherlands,Tanatex Chemicals B.V (X) Ede NL,2022-08-19T00:00:00,Marcos Pedreira,S,S4
00020,        AUBA,22001865,1.001,N,MDU4075B,MDU4075B.E,MDU4075B.E-TO,MICHEM DISP. URETHANE 4075B,,DAP,999,6000.5866,6050.0,2204.6225,1000.0,1530.0,6050.0,4520.0,4483.0829,4520.0,0.0,4.52,1.0,20220,Luc Vanderstappen,Tanatex Chemicals (S) Ede NL,Netherlands,Tanatex Chemicals B.V (X) Ede NL,2022-09-16T00:00:00,Marcos Pedreira,S,S4
00020,        AUBA,20000576,5.0,N,MDU4075,MDU4075.E,MDU4075.E-TO,MICHEM DISP. URETHANE 4075,,EXW,999,4616.0933,4170.0,2204.6225,1000.0,1060.0,4170.0,3110.0,3442.6978,3110.0,0.0,3.11,1.0,20220,Luc Vanderstappen,Safic UK (S) CHESHIRE GB,United Kingdom,Safic Alcan UK - Global Parent,2020-04-01T00:00:00,.,S,S4
00020,        AUBA,22001614,9.0,N,MDU2012B,MDU2012B.E,MDU2012B.E-TO,MICHEM DISP. URETHANE 2012B,,EXW,999,5611.8606,5500.0,2500.0,1000.0,1590.0,5500.0,3910.0,3989.5228,3910.0,0.0,3.91,1.0,20220,Luc Vanderstappen,Transportes Davi (S) Barcelona ES,Spain,K&M Spain - Global Parent,2022-09-22T00:00:00,Marcos Pedreira,S,S4
00020,        AUBA,20000421,1.001,N,MDU2012,MDU2012.E,MDU2012.E-TO,MICHEM DISP. URETHANE 2012,,EXW,999,3657.7236,3350.0,2204.6225,1000.0,1030.0,3350.0,2320.0,2533.1101,2320.0,0.0,2.32,1.0,20220,Luc Vanderstappen,"Keyser & Mackay (S) Rhenen, NL",Netherlands,K&M Netherlands - Global Parent,2020-03-16T00:00:00,.,S,S4
00020,        AUBA,21000274,1.001,N,MDU2012B,MDU2012B.E,MDU2012B.E-TO,MICHEM DISP. URETHANE 2012B,,EXW,999,4052.1436,3350.0,2500.0,1000.0,960.0,3350.0,2390.0,2890.9323,2390.0,0.0,2.39,1.0,20220,Luc Vanderstappen,"Keyser & Mackay (S) Rhenen, NL",Netherlands,K&M Netherlands - Global Parent,2021-02-05T00:00:00,Marcos Pedreira,S,S4
00020,        AUBA,21000686,4.0,N,MDU2012B,MDU2012B.E,MDU2012B.E-TO,MICHEM DISP. URETHANE 2012B,,EXW,999,4001.9209,3360.0,2500.0,1000.0,970.0,3360.0,2390.0,2846.6045,2390.0,0.0,2.39,1.0,20220,Luc Vanderstappen,Safic (X) Istanbul TR,Turkey,Safic Turkey - Global Parent,2021-04-15T00:00:00,Marcos Pedreira,S,S4
00020,        AUBA,21001249,1.001,N,MDU2012B,MDU2012B.E,MDU2012B.E-TO,MICHEM DISP. URETHANE 2012B,,EXW,999,4273.097,3520.0,2500.0,1000.0,1130.0,3520.0,2390.0,2901.3357,2390.0,0.0,2.39,1.0,20220,Luc Vanderstappen,"Keyser & Mackay (S) Rhenen, NL",Netherlands,K&M Netherlands - Global Parent,2021-05-28T00:00:00,Marcos Pedreira,S,S4
00020,        AUBA,21001320,1.001,N,MDU4075B,MDU4075B.E,MDU4075B.E-TO,MICHEM DISP. URETHANE 4075,,EXW,999,5268.5343,4340.0,2204.6225,1000.0,1190.0,4340.0,3150.0,3823.9362,3150.0,0.0,3.15,1.0,20220,Luc Vanderstappen,Keyser & Mackay (X) Koeln DE,Germany,K&M Deutchland - Global Parent,2021-06-04T00:00:00,Marcos Pedreira,S,S4
00020,        AUBA,22000130,1.002,N,MDU2012B,MDU2012B.E,MDU2012B.E-TO,MICHEM DISP. URETHANE 2012B,,EXW,999,5662.5745,5000.0,2500.0,1000.0,1850.0,5000.0,3150.0,3567.4219,3150.0,0.0,3.15,1.0,20220,Luc Vanderstappen,"Keyser & Mackay (S) Rhenen, NL",Netherlands,K&M Netherlands - Global Parent,2022-02-16T00:00:00,Marcos Pedreira,S,S4
00020,        AUBA,22001929,1.001,N,MDU2012B,MDU2012B.E,MDU2012B.E-TO,MICHEM DISP. URETHANE 2012B,,EXW,999,5455.0788,5500.0,2500.0,1000.0,1590.0,5500.0,3910.0,3878.0651,3910.0,0.0,3.91,1.0,20220,Luc Vanderstappen,"Keyser & Mackay (S) Rhenen, NL",Netherlands,K&M Netherlands - Global Parent,2022-09-22T00:00:00,Marcos Pedreira,S,S4
00020,        AUBA,22002250,7.001,N,MDU2012B,MDU2012B.E,MDU2012B.E-LP,MICHEM DISP. URETHANE 2012B,,EXW,999,660.6919,672.0,264.5547,120.0,192.0,672.0,480.0,471.9228,480.0,0.0,4.0,1.0,20220,Luc Vanderstappen,Safic (X) Istanbul TR,Turkey,Safic Turkey - Global Parent,2022-11-09T00:00:00,Marcos Pedreira,S,S4
00020,        AUBA,22002306,1.001,N,MDU2012B,MDU2012B.E,MDU2012B.E-LP,MICHEM DISP. URETHANE 2012B,,EXW,999,685.7398,672.0,264.5547,120.0,192.0,672.0,480.0,489.8141,480.0,0.0,4.0,1.0,20220,Luc Vanderstappen,Safic (X) Lainate IT,Italy,Safic Italy - Global Parent,2022-11-14T00:00:00,Marcos Pedreira,S,S4
00020,        AUBA,20000484,3.0,N,MDU2012,MDU2012.E,MDU2012.E-TO,MICHEM DISP. URETHANE 2012,,EXW,999,3657.7236,3350.0,2204.6225,1000.0,1030.0,3350.0,2320.0,2533.1101,2320.0,0.0,2.32,1.0,20220,Luc Vanderstappen,Safic (X) Istanbul TR,Turkey,Safic Turkey - Global Parent,2020-04-03T00:00:00,.,S,S4
00020,        AUBA,20001111,3.0,N,MDU4075,MDU4075.E,MDU4075.E-TO,MICHEM DISP. URETHANE 4075,,FCA,999,4553.6438,4170.0,2204.6225,1000.0,1060.0,4170.0,3110.0,3396.1228,3110.0,0.0,3.11,1.0,20220,Luc Vanderstappen,Sandhag (S Termidor) Eskilstuna SE,Sweden,Ab Termidor - Global Parent,2020-06-02T00:00:00,.,S,S4
00020,        AUBA,20001332,3.0,N,MDU4075,MDU4075.E,MDU4075.E-TO,MICHEM DISP. URETHANE 4075,,EXW,999,4522.5289,4020.0,2204.6225,1000.0,910.0,4020.0,3110.0,3498.7724,3110.0,0.0,3.11,1.0,20220,Luc Vanderstappen,Keyser & Mackay (X) Koeln DE,Germany,K&M Deutchland - Global Parent,2020-07-02T00:00:00,.,S,S4
00020,        AUBA,22000852,3.0,N,MDU4075B,MDU4075B.E,MDU4075B.E-TO,MICHEM DISP. URETHANE 4075B,,DAP,999,5956.8724,5500.0,2204.6225,1000.0,980.0,5500.0,4520.0,4895.466,4520.0,0.0,4.52,1.0,20220,Luc Vanderstappen,Tanatex Chemicals (S) Ede NL,Netherlands,Tanatex Chemicals B.V (X) Ede NL,2022-05-05T00:00:00,Marcos Pedreira,S,S4
00020,        AUBA,24001410,6.0,N,HP1632,HP1632,HP1632-OP,HYDROSIZE HP-1632,,DAP,999,6410.4714,5907.68,463.0,210.0133,2128.63,5907.68,3779.05,4100.6778,3779.05,0.0,8.1621,1.0,20220,Luc Vanderstappen,Sobotram (S) Chalon sur Saone FR,France,Safic France - Global Parent,2024-09-02T00:00:00,Roxana McMican,S,S4
00020,        AUBA,24000115,2.0,N,MDU4075B,MDU4075B.E,MDU4075B.E-LP,MICHEM DISP. URETHANE 4075B,,DAP,999,746.723,684.0,264.5547,120.0,235.2,684.0,448.8,489.9551,448.8,0.0,3.74,1.0,20220,Luc Vanderstappen,Sobotram (S) Chalon sur Saone FR,France,Safic France - Global Parent,2024-06-04T00:00:00,Marcos Pedreira,S,S4
00020,        AUBA,24000376,8.0,N,MDU4075B,MDU4075B.E,MDU4075B.E-LP,MICHEM DISP. URETHANE 4075B,,DAP,999,738.3293,684.0,264.5547,120.0,193.2,684.0,490.8,529.7837,490.8,0.0,4.09,1.0,20220,Luc Vanderstappen,Sobotram (S) Chalon sur Saone FR,France,Safic France - Global Parent,2024-04-05T00:00:00,Marcos Pedreira,S,S4
00020,        AUBA,24000640,1.001,N,MDU2012B,MDU2012B.E,MDU2012B.E-TO,MICHEM DISP. URETHANE 2012B,,EXW,999,3804.6404,3500.0,2500.0,1000.0,-566.8,3500.0,4066.8,4420.7747,4066.8,0.0,4.0668,1.0,20220,Luc Vanderstappen,Transportes Davi (S) Barcelona ES,Spain,K&M Spain - Global Parent,2024-05-17T00:00:00,Marcos Pedreira,S,S4
00020,        AUBA,24000640,1.002,N,MDU2012B,MDU2012B.E,MDU2012B.E-TO,MICHEM DISP. URETHANE 2012B,,EXW,999,3804.6404,3500.0,2500.0,1000.0,-566.8,3500.0,4066.8,4420.7747,4066.8,0.0,4.0668,1.0,20220,Luc Vanderstappen,Transportes Davi (S) Barcelona ES,Spain,K&M Spain - Global Parent,2024-05-17T00:00:00,Marcos Pedreira,S,S4
00020,        AUBA,24000981,1.001,N,MDU2012B,MDU2012B.E,MDU2012B.E-TO,MICHEM DISP. URETHANE 2012B,,EXW,999,3782.4584,3500.0,2500.0,1000.0,-566.8,3500.0,4066.8,4395.0005,4066.8,0.0,4.0668,1.0,20220,Luc Vanderstappen,Transportes Davi (S) Barcelona ES,Spain,K&M Spain - Global Parent,2024-05-17T00:00:00,Marcos Pedreira,S,S4
00020,        AUBA,24001019,7.0,N,MDU4075B,MDU4075B.E,MDU4075B.E-LP,MICHEM DISP. URETHANE 4075B,,FCA,999,739.2004,684.0,264.5547,120.0,235.2,684.0,448.8,485.0192,448.8,0.0,3.74,1.0,20220,Luc Vanderstappen,Safic UK (S) CHESHIRE GB,United Kingdom,Safic Alcan UK - Global Parent,2024-06-07T00:00:00,Marcos Pedreira,S,S4
00020,        AUBA,24001072,2.0,N,MDU4075B,MDU4075B.E,MDU4075B.E-TO,MICHEM DISP. URETHANE 4075B,,FCA,999,6051.9334,5600.0,2204.6225,1000.0,1950.0,5600.0,3650.0,3944.5638,3650.0,0.0,3.65,1.0,20220,Luc Vanderstappen,Safic UK (S) CHESHIRE GB,United Kingdom,Safic Alcan UK - Global Parent,2024-06-07T00:00:00,Marcos Pedreira,S,S4
00020,        AUBA,24001174,3.0,N,MDU4075B,MDU4075B.E,MDU4075B.E-TO,MICHEM DISP. URETHANE 4075B,,FCA,999,6028.6055,5600.0,2204.6225,1000.0,1950.0,5600.0,3650.0,3929.359,3650.0,0.0,3.65,1.0,20220,Luc Vanderstappen,Safic UK (S) CHESHIRE GB,United Kingdom,Safic Alcan UK - Global Parent,2024-06-24T00:00:00,Marcos Pedreira,S,S4
00020,        AUBA,24001409,7.0,N,MDU4075B,MDU4075B.E,MDU4075B.E-LP,MICHEM DISP. URETHANE 4075B,,DAP,999,742.2139,684.0,264.5547,120.0,235.2,684.0,448.8,486.9965,448.8,0.0,3.74,1.0,20220,Luc Vanderstappen,Sobotram (S) Chalon sur Saone FR,France,Safic France - Global Parent,2024-08-05T00:00:00,Marcos Pedreira,S,S4
00020,        AUBA,24001433,6.0,N,MDU4075B,MDU4075B.E,MDU4075B.E-TO,MICHEM DISP. URETHANE 4075B,,FCA,999,6076.6054,5600.0,2204.6225,1000.0,1950.0,5600.0,3650.0,3960.6446,3650.0,0.0,3.65,1.0,20220,Luc Vanderstappen,Safic UK (S) CHESHIRE GB,United Kingdom,Safic Alcan UK - Global Parent,2024-08-02T00:00:00,Marcos Pedreira,S,S4
00020,        AUBA,24001718,2.0,N,MDU4075B,MDU4075B.E,MDU4075B.E-TO,MICHEM DISP. URETHANE 4075B,,FCA,999,6220.1334,5600.0,2204.6225,1000.0,1950.0,5600.0,3650.0,4054.1941,3650.0,0.0,3.65,1.0,20220,Luc Vanderstappen,Safic UK (S) CHESHIRE GB,United Kingdom,Safic Alcan UK - Global Parent,2024-09-20T00:00:00,Marcos Pedreira,S,S4
00020,        AUBA,24002165,3.001,N,MDU2012B,MDU2012B.E,MDU2012B.E-TO,MICHEM DISP. URETHANE 2012B,,EXW,999,4626.6674,4350.0,2500.0,1000.0,1150.0,4350.0,3200.0,3403.5254,3200.0,0.0,3.2,1.0,20220,Luc Vanderstappen,Transportes Davi (S) Barcelona ES,Spain,K&M Spain - Global Parent,2024-11-27T00:00:00,Marcos Pedreira,S,S4
00020,        AUBA,24002302,1.001,N,MDU2012B,MDU2012B.E,MDU2012B.E-TO,MICHEM DISP. URETHANE 2012B,,EXW,999,4558.3306,4350.0,2500.0,1000.0,1150.0,4350.0,3200.0,3353.2547,3200.0,0.0,3.2,1.0,20220,Luc Vanderstappen,Teknos (S Termidor) Vamdrup DK,Denmark,Ab Termidor - Global Parent,2024-12-09T00:00:00,Marcos Pedreira,S,S4
00020,        AUBA,25002447,2.001,N,MDU2012B,MDU2012B.E,MDU2012B.E-TO,MICHEM DISP. URETHANE 2012B,,EXW,999,5094.7178,4350.0,2500.0,1000.0,1150.0,4350.0,3200.0,3747.8384,3200.0,0.0,3.2,1.0,20220,Luc Vanderstappen,Transportes Davi (S) Barcelona ES,Spain,K&M Spain - Global Parent,2026-01-27T00:00:00,Marcos Pedreira,S,S4
00020,        AUBA,26000161,1.001,N,MDU4075B,MDU4075B.E,MDU4075B.E-TO,MICHEM DISP. URETHANE 4075B,,DAP,999,6569.3247,5600.0,2204.6225,1000.0,1950.0,5600.0,3650.0,4281.792,3650.0,0.0,3.65,1.0,20220,Luc Vanderstappen,Tanatex Chemicals (S) Ede NL,Netherlands,Tanatex Chemicals B.V (X) Ede NL,2026-02-23T00:00:00,Marcos Pedreira,S,S4
00020,        AUBA,26000161,1.002,N,MDU4075B,MDU4075B.E,MDU4075B.E-TO,MICHEM DISP. URETHANE 4075B,,DAP,999,6569.3247,5600.0,2204.6225,1000.0,1950.0,5600.0,3650.0,4281.792,3650.0,0.0,3.65,1.0,20220,Luc Vanderstappen,Tanatex Chemicals (S) Ede NL,Netherlands,Tanatex Chemicals B.V (X) Ede NL,2026-02-23T00:00:00,Marcos Pedreira,S,S4
00020,        AUBA,26000599,3.0,N,MDU4075B,MDU4075B.E,MDU4075B.E-TO,MICHEM DISP. URETHANE 4075B,,EXW,999,6479.9986,5600.0,2204.6225,1000.0,1950.0,5600.0,3650.0,4223.5705,3650.0,0.0,3.65,1.0,20220,Luc Vanderstappen,"Keyser & Mackay (S) Rhenen, NL",Netherlands,K&M Netherlands - Global Parent,2026-04-22T00:00:00,Marcos Pedreira,S,S4
00020,        AUBA,26001158,1.001,N,MDU2012B,MDU2012B.E,MDU2012B.E-TO,MICHEM DISP. URETHANE 2012B,,EXW,999,5236.8657,4550.0,2500.0,1000.0,1350.0,4550.0,3200.0,3683.0704,3200.0,0.0,3.2,1.0,20220,Luc Vanderstappen,"Keyser & Mackay (S) Rhenen, NL",Netherlands,K&M Netherlands - Global Parent,2026-06-30T00:00:00,Marcos Pedreira,S,S4
00020,        AUBA,26001053,1.001,N,MDU4075B,MDU4075B.E,MDU4075B.E-TO,MICHEM DISP. URETHANE 4075B,,EXW,999,6675.5651,5800.0,2204.6225,1000.0,1780.0,5800.0,4020.0,4626.8572,4020.0,0.0,4.02,1.0,20220,Luc Vanderstappen,FlaektGroup (S) Joenkoeping SE,Sweden,Ab Termidor - Global Parent,2026-07-30T00:00:00,Marcos Pedreira,S,S4
00020,        AUBA,24002262,2.0,N,MDU4075B,MDU4075B.E,MDU4075B.E-LP,MICHEM DISP. URETHANE 4075B,,EXW,999,727.5036,684.0,264.5547,120.0,235.2,684.0,448.8,477.3444,448.8,0.0,3.74,1.0,20220,Luc Vanderstappen,Safic (X) Lainate IT,Italy,Safic Italy - Global Parent,2025-01-07T00:00:00,Marcos Pedreira,S,S4
00020,        AUBA,24002441,2.0,N,MDU4075B,MDU4075B.E,MDU4075B.E-TO,MICHEM DISP. URETHANE 4075B,,FCA,999,5868.1958,5600.0,2204.6225,1000.0,1950.0,5600.0,3650.0,3824.8062,3650.0,0.0,3.65,1.0,20220,Luc Vanderstappen,Safic UK (S) CHESHIRE GB,United Kingdom,Safic Alcan UK - Global Parent,2025-01-23T00:00:00,Marcos Pedreira,S,S4
00020,        AUBA,25001334,2.0,N,MDU2012B,MDU2012B.E,MDU2012B.E-TO,MICHEM DISP. URETHANE 2012B,,EXW,999,5088.6609,4350.0,2500.0,1000.0,1150.0,4350.0,3200.0,3743.3827,3200.0,0.0,3.2,1.0,20220,Luc Vanderstappen,Transportes Davi (S) Barcelona ES,Spain,K&M Spain - Global Parent,2025-08-19T00:00:00,Marcos Pedreira,S,S4
00020,        AUBA,25001334,2.001,N,MDU2012B,MDU2012B.E,MDU2012B.E-TO,MICHEM DISP. URETHANE 2012B,,EXW,999,5088.6609,4350.0,2500.0,1000.0,1150.0,4350.0,3200.0,3743.3827,3200.0,0.0,3.2,1.0,20220,Luc Vanderstappen,Transportes Davi (S) Barcelona ES,Spain,K&M Spain - Global Parent,2025-08-19T00:00:00,Marcos Pedreira,S,S4
00020,        AUBA,25001545,8.0,N,MDU4075B,MDU4075B.E,MDU4075B.E-TO,MICHEM DISP. URETHANE 4075B,,FCA,999,6522.2304,5600.0,2204.6225,1000.0,1950.0,5600.0,3650.0,4251.0966,3650.0,0.0,3.65,1.0,20220,Luc Vanderstappen,Safic UK (S) CHESHIRE GB,United Kingdom,Safic Alcan UK - Global Parent,2025-08-21T00:00:00,Marcos Pedreira,S,S4
00020,        AUBA,25001090,2.0,N,MDU4075B,MDU4075B.E,MDU4075B.E-TO,MICHEM DISP. URETHANE 4075B,,FCA,999,6449.903,5600.0,2204.6225,1000.0,1950.0,5600.0,3650.0,4203.9547,3650.0,0.0,3.65,1.0,20220,Luc Vanderstappen,Safic UK (S) CHESHIRE GB,United Kingdom,Safic Alcan UK - Global Parent,2025-06-20T00:00:00,Marcos Pedreira,S,S4
00020,        AUBA,25000500,4.0,N,MDU4075B,MDU4075B.E,MDU4075B.E-LP,MICHEM DISP. URETHANE 4075B,,DAP,999,737.9391,684.0,264.5547,120.0,235.2,684.0,448.8,484.1916,448.8,0.0,3.74,1.0,20220,Luc Vanderstappen,Sobotram (S) Chalon sur Saone FR,France,Safic France - Global Parent,2025-03-31T00:00:00,Marcos Pedreira,S,S4
00020,        AUBA,22002437,1.001,N,MDU2012B,MDU2012B.E,MDU2012B.E-LP,MICHEM DISP. URETHANE 2012B,,EXW,999,685.7398,672.0,264.5547,120.0,192.0,672.0,480.0,489.8141,480.0,0.0,4.0,1.0,20220,Luc Vanderstappen,Safic (X) Lainate IT,Italy,Safic Italy - Global Parent,2023-01-10T00:00:00,Marcos Pedreira,S,S4
00020,        AUBA,22002604,1.001,N,MDU4075B,MDU4075B.E,MDU4075B.E-LP,MICHEM DISP. URETHANE 4075B,,EXW,999,787.493,744.0,264.5547,120.0,190.8,744.0,553.2,585.5392,553.2,0.0,4.61,1.0,20220,Luc Vanderstappen,Transportes Davi (S) Barcelona ES,Spain,K&M Spain - Global Parent,2023-01-17T00:00:00,Marcos Pedreira,S,S4
00020,        AUBA,23000579,3.0,N,MDU2012B,MDU2012B.E,MDU2012B.E-TO,MICHEM DISP. URETHANE 2012B,,EXW,999,5887.81,5500.0,2500.0,1000.0,1433.2,5500.0,4066.8,4353.5537,4066.8,0.0,4.0668,1.0,20220,Luc Vanderstappen,Safic (X) Istanbul TR,Turkey,Safic Turkey - Global Parent,2023-03-22T00:00:00,Marcos Pedreira,S,S4
00020,        AUBA,23000587,2.0,N,MDU2012B,MDU2012B.E,MDU2012B.E-LP,MICHEM DISP. URETHANE 2012B,,EXW,999,719.3833,672.0,264.5547,120.0,145.69,672.0,526.31,563.4206,526.31,0.0,4.3859,1.0,20220,Luc Vanderstappen,Safic (X) Lainate IT,Italy,Safic Italy - Global Parent,2023-03-17T00:00:00,Marcos Pedreira,S,S4
00020,        AUBA,23001692,2.0,N,MDU4075B,MDU4075B.E,MDU4075B.E-TO,MICHEM DISP. URETHANE 4075B,,FCA,999,6657.6724,6100.0,2204.6225,1000.0,1600.0,6100.0,4500.0,4911.3976,4500.0,0.0,4.5,1.0,20220,Luc Vanderstappen,Safic UK (S) CHESHIRE GB,United Kingdom,Safic Alcan UK - Global Parent,2023-08-09T00:00:00,Marcos Pedreira,S,S4
00020,        AUBA,23002027,3.0,N,MDU4075B,MDU4075B.E,MDU4075B.E-TO,MICHEM DISP. URETHANE 4075B,,FCA,999,6518.6302,6100.0,2204.6225,1000.0,1600.0,6100.0,4500.0,4808.8256,4500.0,0.0,4.5,1.0,20220,Luc Vanderstappen,Safic UK (S) CHESHIRE GB,United Kingdom,Safic Alcan UK - Global Parent,2023-10-09T00:00:00,Marcos Pedreira,S,S4
00020,        AUBA,23001737,5.0,N,MDU4075B,MDU4075B.E,MDU4075B.E-TO,MICHEM DISP. URETHANE 4075B,,FCA,999,6657.6724,6100.0,2204.6225,1000.0,1600.0,6100.0,4500.0,4911.3976,4500.0,0.0,4.5,1.0,20220,Luc Vanderstappen,Safic UK (S) CHESHIRE GB,United Kingdom,Safic Alcan UK - Global Parent,2023-09-05T00:00:00,Marcos Pedreira,S,S4
00020,        AUBA,23002127,1.001,N,MDU2012B,MDU2012B.E,MDU2012B.E-LP,MICHEM DISP. URETHANE 2012B,,EXW,999,710.0341,672.0,264.5547,120.0,99.38,672.0,572.62,605.0294,572.62,0.0,4.7718,1.0,20220,Luc Vanderstappen,Safic (X) Istanbul TR,Turkey,Safic Turkey - Global Parent,2023-11-10T00:00:00,Marcos Pedreira,S,S4
00020,        AUBA,22002366,1.002,N,MDU4075B,MDU4075B.E,MDU4075B.E-LP,MICHEM DISP. URETHANE 4075B,,DAP,999,759.2119,744.0,264.5547,120.0,190.8,744.0,553.2,564.5108,553.2,0.0,4.61,1.0,20220,Luc Vanderstappen,Coventya (X) Gutersloh DE,Germany,MacDermid - Global Parent,2023-01-02T00:00:00,Marcos Pedreira,S,S4
00020,        AUBA,22002516,6.0,N,MDU2012B,MDU2012B.E,MDU2012B.E-TO,MICHEM DISP. URETHANE 2012B,,DAP,999,5821.5212,5500.0,2500.0,1000.0,1590.0,5500.0,3910.0,4138.5723,3910.0,0.0,3.91,1.0,20220,Luc Vanderstappen,Sobotram (S) Chalon sur Saone FR,France,Safic France - Global Parent,2023-03-02T00:00:00,Marcos Pedreira,S,S4
00020,        AUBA,22002545,1.001,N,MDU4075B,MDU4075B.E,MDU4075B.E-TO,MICHEM DISP. URETHANE 4075B,,DAP,999,6403.6733,6050.0,2204.6225,1000.0,1530.0,6050.0,4520.0,4784.232,4520.0,0.0,4.52,1.0,20220,Luc Vanderstappen,Tanatex Chemicals (S) Ede NL,Netherlands,Tanatex Chemicals B.V (X) Ede NL,2023-01-09T00:00:00,Marcos Pedreira,S,S4
00020,        AUBA,23000034,1.001,N,MDU4075B,MDU4075B.E,MDU4075B.E-TO,MICHEM DISP. URETHANE 4075B,,DAP,999,6414.7242,5950.0,2204.6225,1000.0,1430.0,5950.0,4520.0,4873.0341,4520.0,0.0,4.52,1.0,20220,Luc Vanderstappen,Tanatex Chemicals (S) Ede NL,Netherlands,Tanatex Chemicals B.V (X) Ede NL,2023-01-27T00:00:00,Marcos Pedreira,S,S4
00020,        AUBA,23000458,1.001,N,MDU4075B,MDU4075B.E,MDU4075B.E-LP,MICHEM DISP. URETHANE 4075B,,DAP,999,796.9029,744.0,264.5547,120.0,190.8,744.0,553.2,592.5359,553.2,0.0,4.61,1.0,20220,Luc Vanderstappen,Keyser & Mackay (X) Koeln DE,Germany,K&M Deutchland - Global Parent,2023-03-02T00:00:00,Marcos Pedreira,S,S4
00020,        AUBA,23001187,1.001,N,MDU2012B,MDU2012B.E,MDU2012B.E-LP,MICHEM DISP. URETHANE 2012B,,EXW,999,731.3592,672.0,264.5547,120.0,99.38,672.0,572.62,623.2008,572.62,0.0,4.7718,1.0,20220,Luc Vanderstappen,Safic (X) Istanbul TR,Turkey,Safic Turkey - Global Parent,2023-06-08T00:00:00,Marcos Pedreira,S,S4
00020,        AUBA,23001200,3.0,N,MDU4075B,MDU4075B.E,MDU4075B.E-LP,MICHEM DISP. URETHANE 4075B,,DAP,999,806.2902,744.0,264.5547,120.0,190.8,744.0,553.2,599.5158,553.2,0.0,4.61,1.0,20220,Luc Vanderstappen,Sobotram (S) Chalon sur Saone FR,France,Safic France - Global Parent,2023-06-15T00:00:00,Marcos Pedreira,S,S4
00020,        AUBA,23001601,7.0,N,MDU4075B,MDU4075B.E,MDU4075B.E-LP,MICHEM DISP. URETHANE 4075B,,DAP,999,822.3468,744.0,264.5547,120.0,190.8,744.0,553.2,611.4547,553.2,0.0,4.61,1.0,20220,Luc Vanderstappen,Sobotram (S) Chalon sur Saone FR,France,Safic France - Global Parent,2023-10-05T00:00:00,Marcos Pedreira,S,S4
00020,        AUBA,23001871,5.0,N,MDU4075B,MDU4075B.E,MDU4075B.E-LP,MICHEM DISP. URETHANE 4075B,,DAP,999,795.0592,744.0,264.5547,120.0,190.8,744.0,553.2,591.165,553.2,0.0,4.61,1.0,20220,Luc Vanderstappen,Keyser & Mackay Alblas (S) Emsbueren DE,Germany,K&M Deutchland - Global Parent,2023-09-22T00:00:00,Marcos Pedreira,S,S4
00020,        AUBA,23002133,10.0,N,MDU4075B,MDU4075B.E,MDU4075B.E-LP,MICHEM DISP. URETHANE 4075B,,DAP,999,786.1092,744.0,264.5547,120.0,190.8,744.0,553.2,584.5102,553.2,0.0,4.61,1.0,20220,Luc Vanderstappen,Sobotram (S) Chalon sur Saone FR,France,Safic France - Global Parent,2023-11-02T00:00:00,Marcos Pedreira,S,S4
00020,        AUBA,20000170,1.001,N,HP1632,HP1632,HP1632-T2,HYDROSIZE HP-1632,,FCA,999,11172.6757,10058.3575,2205.0,1000.1712,1668.75,10058.3575,8389.58,9319.0221,8389.58,0.0,3.8048,1.0,20240,Philippe Chabanne,SGL Carbon (X Bsto USD) Ross Shire GB,United Kingdom,SGL Carbon - Global Parent,2020-02-05T00:00:00,Roxana McMican,S,S4
00020,        AUBA,20000181,1.003,N,HP1632,HP1632,HP1632-T2,HYDROSIZE HP-1632,,FCA,999,10805.8495,9728.1171,2205.0,1000.1712,1338.59,9728.1171,8389.58,9319.0221,8389.58,0.0,3.8048,1.0,20240,Philippe Chabanne,SGL Carbon (X Bsto USD) Ross Shire GB,United Kingdom,SGL Carbon - Global Parent,2020-06-03T00:00:00,Roxana McMican,S,S4
00020,        AUBA,22000185,1.001,N,HP1632,HP1632,HP1632-T2,HYDROSIZE HP-1632,,FCA,999,24250.6924,21413.1332,2205.0,1000.1712,8845.25,21413.1332,12567.84,14233.2661,12567.84,0.0,5.6997,1.0,20240,Philippe Chabanne,SGL Carbon (X Bsto USD) Ross Shire GB,United Kingdom,SGL Carbon - Global Parent,2022-06-03T00:00:00,Roxana McMican,S,S4
00020,        AUBA,22000185,1.002,N,HP1632,HP1632,HP1632-T2,HYDROSIZE HP-1632,,FCA,999,24250.6924,21413.1332,2205.0,1000.1712,8845.25,21413.1332,12567.84,14233.2661,12567.84,0.0,5.6997,1.0,20240,Philippe Chabanne,SGL Carbon (X Bsto USD) Ross Shire GB,United Kingdom,SGL Carbon - Global Parent,2022-06-03T00:00:00,Roxana McMican,S,S4
00020,        AUBA,19002622,2.0,N,MDU4075,MDU4075.E,MDU4075.E-TO,MICHEM DISP. URETHANE 4075,,DAP,999,4634.7882,4170.0,2204.6225,1000.0,1060.0,4170.0,3110.0,3456.6406,3110.0,0.0,3.11,1.0,20220,GENERIC TM,F Willich (XC - K&M) Dortmund DE,Germany,F Willich (XC - K&M) Dortmund DE,2020-01-09T00:00:00,.,S,S4
00020,        AUBA,20000714,2.0,N,HP1632,HP1632,HP1632-OP,HYDROSIZE HP-1632,,DAP,999,3161.7582,2856.21,463.0,210.0133,1090.47,2856.21,1765.74,1954.6332,1765.74,0.0,3.8137,1.0,20240,Philippe Chabanne,Procotex (X) Plouay FR,France,Procotex - Global Parent,2020-03-26T00:00:00,Roxana McMican,S,S4
00020,        AUBA,20000946,2.0,N,U502,U502.E,U502.E-PD,HYDROSIZE U5-02,,DAP,999,1510.9679,1390.0,440.9245,200.0,487.44,1390.0,902.56,981.1074,902.56,0.0,4.5128,1.0,20240,Philippe Chabanne,Sisecam (S) Balikesir TR,Turkey,Sisecam - Global Parent,2020-05-07T00:00:00,Norman Seung,S,S4
00020,        AUBA,20001497,2.0,N,191245PX,191245PX,191245PX-OP,EXPERIMENTAL PRODUCT 191245PX,,DAP,999,0.0,0.0,450.0,204.1166,-1249.38,0.0,1249.38,1429.1618,1249.38,0.0,2.7764,1.0,20230,GENERIC TM,Arjo Wiggins (S Safic UK) Aberdeen UK,United Kingdom,Safic Alcan UK - Global Parent,2020-09-24T00:00:00,Kaitlyn Slack,S,S4
00020,        AUBA,20001781,2.0,N,U502,U502.E,U502.E-PL,HYDROSIZE U5-02,,DAP,999,176.0274,148.86,39.6832,18.0,62.06,148.86,86.8,102.6413,86.8,0.0,4.822,1.0,20240,Philippe Chabanne,SGL Carbon (X) Ross Shire GB,United Kingdom,SGL Carbon - Global Parent,2020-09-14T00:00:00,Norman Seung,S,S4
00020,        AUBA,20002140,2.0,N,U802,U802.E,U802.E-PL,HYDROSIZE U8-02,,DAP,999,172.2231,146.34,39.6832,18.0,67.25,146.34,79.09,93.0786,79.09,0.0,4.3941,1.0,20240,Philippe Chabanne,Saint-Gobain Adfors (S) Litomysl CZ,Czech Republic,Saint Gobain - Global Parent,2020-11-12T00:00:00,Marcos Pedreira,S,S4
00020,        AUBA,20002581,2.0,N,U2022EU,U2022EU.E,U2022EU.E-PL,HYDROSIZE U2022EU,,DAP,999,194.1932,159.66,39.6832,18.0,73.58,159.66,86.08,104.6984,86.08,0.0,4.7823,1.0,20240,Tomasz Machnik,Lehmann (S) Hamburg DE,Germany,Lehmann (X) Hamburg DE,2021-01-04T00:00:00,Norman Seung,S,S4
00020,        AUBA,20001749,1.001,N,U502,U502.E,U502.E-TO,HYDROSIZE U5-02,,EXW,999,7035.8928,5950.0,2204.6225,1000.0,1997.0,5950.0,3953.0,4674.4344,3953.0,0.0,3.953,1.0,20240,Philippe Chabanne,Johns Manville (X) Trnava SK,Slovakia (Slovak Republic),Johns Manville - Global Parent,2020-09-21T00:00:00,Norman Seung,S,S4
00020,        AUBA,20001652,5.0,N,U2022EU,U2022EU.E,U2022EU.E-PL,HYDROSIZE U2022EU,,DAP,999,188.7984,159.66,39.6832,18.0,73.1,159.66,86.56,102.3575,86.56,0.0,4.809,1.0,20240,Philippe Chabanne,Polski Bazalt (S) Tarnowiec PL,Poland,Polski Bazalt (X) Radzymin PL,2020-09-14T00:00:00,Norman Seung,S,S4
00020,        AUBA,20001652,7.0,N,U802,U802.E,U802.E-PL,HYDROSIZE U8-02,,DAP,999,165.5977,140.04,39.6832,18.0,61.09,140.04,78.95,93.3586,78.95,0.0,4.386,1.0,20240,Philippe Chabanne,Polski Bazalt (S) Tarnowiec PL,Poland,Polski Bazalt (X) Radzymin PL,2020-09-14T00:00:00,Marcos Pedreira,S,S4
00020,        AUBA,22001457,9.0,N,U2022,U2022,U2022-PL,HYDROSIZE U2022,,DAP,999,315.4131,298.29,40.0,18.1437,0.46,298.29,297.83,314.9267,297.83,0.0,7.4458,1.0,20240,Philippe Chabanne,JSC Vaineda (X) Vilnius LT,Lithuania,JSC Vaineda (X) Vilnius LT,2022-07-28T00:00:00,Norman Seung,S,S4
00020,        AUBA,20002597,1.001,N,U2022EU,U2022EU.E,U2022EU.E-TO,HYDROSIZE U2022EU,,DAP,999,8830.2806,7260.0,2204.6225,1000.0,3320.0,7260.0,3940.0,4792.1909,3940.0,0.0,3.94,1.0,20240,Philippe Chabanne,Procotex (X) Plouay FR,France,Procotex - Global Parent,2021-01-05T00:00:00,Norman Seung,S,S4
00020,        AUBA,20001070,1.001,N,U802,U802.E,U802.E-TO,HYDROSIZE U8-02,,EXW,999,4346.1636,3980.0,2204.6225,1000.0,463.0,3980.0,3517.0,3840.5672,3517.0,0.0,3.517,1.0,20240,Philippe Chabanne,Johns Manville (X) Trnava SK,Slovakia (Slovak Republic),Johns Manville - Global Parent,2020-05-20T00:00:00,Marcos Pedreira,S,S4
00020,        AUBA,20002265,1.001,N,U802,U802.E,U802.E-TO,HYDROSIZE U8-02,,EXW,999,4711.1646,3980.0,2204.6225,1000.0,454.9,3980.0,3525.1,4172.6951,3525.1,0.0,3.5251,1.0,20240,Philippe Chabanne,Johns Manville (X) Trnava SK,Slovakia (Slovak Republic),Johns Manville - Global Parent,2020-12-01T00:00:00,Marcos Pedreira,S,S4
00020,        AUBA,20001652,3.0,N,HP1632,HP1632,HP1632-PL,HYDROSIZE HP-1632,,DAP,999,313.6707,265.26,40.0,18.1437,120.28,265.26,144.98,171.4393,144.98,0.0,3.6244,1.0,20240,Philippe Chabanne,Polski Bazalt (S) Tarnowiec PL,Poland,Polski Bazalt (X) Radzymin PL,2020-09-14T00:00:00,Roxana McMican,S,S4
00020,        AUBA,21001757,2.0,N,191245PX,191245PX,191245PX-T2,EXPERIMENTAL PRODUCT 191245PX,,DAP,999,12449.7253,10526.63,2300.0,1043.2625,7227.74,10526.63,3298.89,3901.5596,3298.89,0.0,1.4343,1.0,20230,Thierry Van Migem,Koehler papierfabrik (S) Oberkirch DE,Germany,Koehler - Global Parent,2021-08-25T00:00:00,Kaitlyn Slack,S,S4
00020,        AUBA,23002617,2.001,N,U502,U502.E,U502.E-TO,HYDROSIZE U5-02,,EXW,999,11626.3356,10650.0,2204.6225,1000.0,4808.0,10650.0,5842.0,6377.5636,5842.0,0.0,5.842,1.0,20240,Philippe Chabanne,Johns Manville (X) Trnava SK,Slovakia (Slovak Republic),Johns Manville - Global Parent,2024-02-28T00:00:00,Norman Seung,S,S4
00020,        AUBA,24000780,3.0,N,U601,U601,U601-PL,HYDROSIZE U6-01,,DAP,999,281.9844,262.9,40.0,18.1437,125.05,262.9,137.85,147.8568,137.85,0.0,3.4463,1.0,20240,Laurence Vast,Canoe (S) Lacq FR,France,Canoe (X) Pessac FR,2024-09-16T00:00:00,Norman Seung,S,S4
00020,        AUBA,24000979,5.0,N,U2022,U2022,U2022-PL,HYDROSIZE U2022,,DAP,999,241.9585,223.89,40.0,18.1437,68.98,223.89,154.91,167.4116,154.91,0.0,3.8727,1.0,20240,Laurence Vast,Tampere Uni (S) Tampere FI,Finland,Tampere Uni (X) Tampere FI,2024-08-19T00:00:00,Norman Seung,S,S4
00020,        AUBA,24000067,3.001,N,U502,U502.E,U502.E-TO,HYDROSIZE U5-02,,DAP,999,12718.3085,11650.0,2204.6225,1000.0,6050.0,11650.0,5600.0,6113.5217,5600.0,0.0,5.6,1.0,20240,Philippe Chabanne,Sisecam (S) Balikesir TR,Turkey,Sisecam - Global Parent,2024-04-18T00:00:00,Norman Seung,S,S4
00020,        AUBA,24001367,1.001,N,U802,U802.E,U802.E-TO,HYDROSIZE U8-02,,EXW,999,10102.3564,9310.0,2204.6225,1000.0,4182.0,9310.0,5128.0,5564.4343,5128.0,0.0,5.128,1.0,20240,Philippe Chabanne,Johns Manville (X) Trnava SK,Slovakia (Slovak Republic),Johns Manville - Global Parent,2024-08-01T00:00:00,Marcos Pedreira,S,S4
00020,        AUBA,23001265,1.001,N,HP1632,HP1632,HP1632-T2,HYDROSIZE HP-1632,,DAP,999,24194.3596,22325.2165,2205.0,1000.1712,3439.21,22325.2165,18886.05,20467.2543,18886.05,0.0,8.5651,1.0,20240,Philippe Chabanne,SGL Carbon (X Bsto USD) Ross Shire GB,United Kingdom,SGL Carbon - Global Parent,2024-02-05T00:00:00,Roxana McMican,S,S4
00020,        AUBA,26000580,2.0,N,HP1632,HP1632,HP1632-PL,HYDROSIZE HP-1632,,EXW,999,747.8381,646.28,40.0,18.1437,345.79,646.28,300.49,347.7098,300.49,0.0,7.5123,1.0,20240,Laurence Vast,Coats (X) Nilufer TR,Turkey,Coats - GLOBAL PARENT,2026-04-17T00:00:00,Roxana McMican,S,S4
00020,        AUBA,25002244,1.001,N,HP1632,HP1632,HP1632-T2,HYDROSIZE HP-1632,,EXW,999,20741.8157,17935.8815,2205.0,1000.1712,2556.68,17935.8815,15379.21,17785.1721,15379.21,0.0,6.9747,1.0,20240,Philippe Chabanne,SGL Carbon (X Bsto USD) Ross Shire GB,United Kingdom,SGL Carbon - Global Parent,2026-06-19T00:00:00,Roxana McMican,S,S4
00020,        AUBA,25000134,2.0,N,HP1632,HP1632,HP1632-PL,HYDROSIZE HP-1632,,EXW,999,668.7585,646.28,40.0,18.1437,78.9,646.28,567.38,587.1143,567.38,0.0,14.1844,1.0,20240,Laurence Vast,Coats (X) Nilufer TR,Turkey,Coats - GLOBAL PARENT,2025-03-14T00:00:00,Roxana McMican,S,S4
00020,        AUBA,25000555,2.0,N,U2022EU,U2022EU.E,U2022EU.E-TO,HYDROSIZE U2022EU,,DAP,999,7454.9115,6910.0,2204.6225,1000.0,2823.0,6910.0,4087.0,4409.2943,4087.0,0.0,4.087,1.0,20240,Philippe Chabanne,Besler Kayseri TR,Turkey,Besler - Global parent,2025-06-16T00:00:00,Norman Seung,S,S4
00020,        AUBA,25001439,1.001,N,HP1632,HP1632,HP1632-T2,HYDROSIZE HP-1632,,DAP,999,38376.2823,32805.65,2205.0,1000.1712,16779.49,32805.65,16026.16,18747.5158,16026.16,0.0,7.2681,1.0,20240,Philippe Chabanne,Technical Fibre (X) Cumbria GB,United Kingdom,Technical Fibre Products - Global Parent,2025-10-20T00:00:00,Roxana McMican,S,S4
00020,        AUBA,24001123,1.001,N,HP1632,HP1632,HP1632-T2,HYDROSIZE HP-1632,,FCA,999,20121.3813,18618.7995,2205.0,1000.1712,846.07,18618.7995,17772.74,19207.0428,17772.74,0.0,8.0602,1.0,20240,Philippe Chabanne,SGL Carbon (X Bsto USD) Ross Shire GB,United Kingdom,SGL Carbon - Global Parent,2025-05-06T00:00:00,Roxana McMican,S,S4
00020,        AUBA,23001179,2.0,N,191245PX,191245PX,191245PX-T2,EXPERIMENTAL PRODUCT 191245PX,,DAP,999,2270.8596,2086.55,2300.0,1043.2625,-1421.18,2086.55,3507.73,3817.5755,3507.73,0.0,1.5251,1.0,20230,Marie-Annette Mahy,Clairefontaine (X) Clairefontaine FR,France,Clairefontaine - Global Parent,2023-06-12T00:00:00,Kaitlyn Slack,S,S4
00020,        AUBA,23001819,2.0,N,191245PX,191245PX,191245PX-T2,EXPERIMENTAL PRODUCT 191245PX,,DAP,999,9109.2129,8346.19,2300.0,1043.2625,4247.59,8346.19,4098.6,4473.301,4098.6,0.0,1.782,1.0,20230,Marie-Annette Mahy,Clairefontaine (X) Clairefontaine FR,France,Clairefontaine - Global Parent,2023-09-15T00:00:00,Kaitlyn Slack,S,S4
00020,        AUBA,22000186,1.001,N,HP1632,HP1632,HP1632-T2,HYDROSIZE HP-1632,,FCA,999,23912.6943,21114.6841,2205.0,1000.1712,3789.95,21114.6841,17324.69,19620.4696,17324.69,0.0,7.857,1.0,20240,Philippe Chabanne,SGL Carbon (X Bsto USD) Ross Shire GB,United Kingdom,SGL Carbon - Global Parent,2023-01-10T00:00:00,Roxana McMican,S,S4
00034,        SHAN,1303582,1.0,N,U601,U601,U601-OP,HYDROSIZE U6-01,,EXW,999,3499.6118,2938.1736,1349.8765799999999,612.3,8481.36,22779.5414,14298.16,2196.6206,1844.2196,0.0,10.5922,612.3,34240,Ethan Cheng,HERLI Technochem Pte Ltd,Taiwan,HERLI Technochem Pte Ltd,2021-03-12T00:00:00,Norman Seung,S,S4
00034,        SHAN,1360643,1.0,N,U601,U601,U601-OP,HYDROSIZE U6-01,,EXW,999,3484.4698,2892.2961,1349.8765799999999,612.3,8073.64,22380.1297,14306.48,2227.4445,1848.8979,0.0,10.5922,612.3,34240,Ethan Cheng,HERLI Technochem Pte Ltd,Taiwan,HERLI Technochem Pte Ltd,2021-06-18T00:00:00,Norman Seung,S,S4
00020,        AUB2,25002333,1.0,N,U502,U502.E,U502.E-TO,HYDROSIZE U5-02,,DAP,999,14218.3619,12140.0,4409.245,2000.0,3140.0,12140.0,9000.0,10540.7955,9000.0,0.0,4.5,2.0,20240,Philippe Chabanne,Johns Manville (X) Trnava SK,Slovakia (Slovak Republic),Johns Manville - Global Parent,2025-12-29T00:00:00,Norman Seung,S,S4
00020,        AUB2,22001420,1.0,N,HP1632,HP1632,HP1632-T2,HYDROSIZE HP-1632,,DAP,999,188963.8621,178705.4035,17640.0,8001.3696,40107.8,178705.4035,138597.48,146553.5713,138597.48,0.0,7.857,8.0,20240,Philippe Chabanne,SGL Carbon (X Bsto USD) Ross Shire GB,United Kingdom,SGL Carbon - Global Parent,2023-03-24T00:00:00,Roxana McMican,S,S4
00034,        SHAN,1128974,1.0,N,U601,U601,U601-OP,HYDROSIZE U6-01,,EXW,999,6741.5208,6173.0376,2249.7943,1020.5,24033.95,47864.21,23830.26,3356.4159,3073.3839,0.0,10.5922,1020.5,34240,Ethan Cheng,Jushi Group,China,Jushi - Global Parent,2020-05-21T00:00:00,Norman Seung,S,S4
00034,        SHAN,1200034,1.0,N,U470,U470,U470-OP,HYDROSIZE LINK U470,,EXW,999,1550.227,1314.3969,449.95886,204.1,2356.97,10566.24,8209.27,1204.4239,1021.1995,0.0,18.2445,204.1,34240,Ethan Cheng,Jushi Group,China,Jushi - Global Parent,2020-09-23T00:00:00,Marcos Pedreira,S,S4
00034,        SHAN,1331290,1.0,N,U601,U601,U601-OP,HYDROSIZE U6-01,,EXW,999,7333.716,6136.1008,2249.7943,1020.5,24033.95,47864.21,23830.26,3651.2534,3054.9941,0.0,10.5922,1020.5,34240,Ethan Cheng,Jushi Group,China,Jushi - Global Parent,2021-04-26T00:00:00,Norman Seung,S,S4
00034,        SHAN,1628994,1.0,N,U601,U601,U601-OP,HYDROSIZE U6-01,,DDP,999,27543.4233,26046.5633,7199.34176,3265.6,30951.34,184376.43,153425.09,22919.6986,21674.117,0.0,21.2986,3265.6,34240,Ethan Cheng,Jushi Group,China,Jushi - Global Parent,2022-07-04T00:00:00,Norman Seung,S,S4
00034,        SHAN,1666848,1.0,N,U601,U601,U601-OP,HYDROSIZE U6-01,,DDP,999,26069.9688,25753.9899,4049.6297400000003,1836.9,90886.13,177187.74,86301.61,12697.7199,12543.8182,0.0,21.2986,1836.9,34240,Ethan Cheng,Jushi Group,China,Jushi - Global Parent,2022-08-24T00:00:00,Norman Seung,S,S4
00034,        SHAN,1063421,1.0,N,U501,U501,U501-OP,HYDROSIZE U5-01,,DDP,999,0.0,0.0,44.092,20.0,-873.99,0.0,873.99,126.2233,113.6304,0.0,19.822,20.0,34240,Ethan Cheng,Shanghai Rongyi-China,China,Shanghai Rongyi-China,2020-01-17T00:00:00,Norman Seung,S,S4
00034,        SHAN,1092769,1.0,N,U2022EU,U2022EU.E,U2022EU.E-TO,HYDROSIZE U2022EU,,EXW,999,0.0,0.0,44.092,20.0,-947.45,0.0,947.45,134.9341,121.8695,0.0,47.3724,20.0,34240,Ethan Cheng,WEIYUAN NEIHUA-China,China,Sichuan Weibo Group -Global Parent,2020-03-13T00:00:00,Norman Seung,S,S4
00034,        SHAN,1116690,1.0,N,U601,U601,U601-OP,HYDROSIZE U6-01,,EXW,999,1915.3394,1761.9582,449.95886,204.1,8780.41,13546.46,4766.05,673.8737,619.9096,0.0,10.5922,204.1,34240,Ethan Cheng,Sinoma science & technology-CN,China,Sinoma science & technology-CN,2020-04-28T00:00:00,Norman Seung,S,S4
00034,        SHAN,1129685,1.0,N,U601,U601,U601-OP,HYDROSIZE U6-01,,EXW,999,0.0,0.0,44.092,20.0,-467.03,0.0,467.03,65.7797,60.2328,0.0,10.5922,20.0,34240,Ethan Cheng,Jushi Group,China,Jushi - Global Parent,2020-05-22T00:00:00,Norman Seung,S,S4
00034,        SHAN,1131764,1.0,N,U501,U501,U501-OP,HYDROSIZE U5-01,,EXW,999,0.0,0.0,44.092,20.0,-873.99,0.0,873.99,123.0987,112.7183,0.0,19.822,20.0,34240,Ethan Cheng,JIANGSU CHANGHAI COMPOSITE-China,China,JIANGSU CHANGHAI COMPOSITE-China,2020-05-25T00:00:00,Norman Seung,S,S4
00034,        SHAN,1131778,1.0,N,U501,U501,U501-OP,HYDROSIZE U5-01,,EXW,999,162.0358,148.372,44.092,20.0,276.45,1150.44,873.99,123.0987,112.7183,0.0,19.822,20.0,34240,Ethan Cheng,Shenzhen Huizeyuan-China,China,Shenzhen Huizeyuan-China,2020-05-25T00:00:00,Norman Seung,S,S4
00034,        SHAN,1132707,1.0,N,U2022,U2022,U2022-OP,HYDROSIZE U2022,,,999,4616.9525,4227.6249,10207.73892,4630.2,-150845.97,32779.96,183625.93,25863.1246,23682.1995,0.0,17.9889,4630.2,34240,Ethan Cheng,CHENGDU JIANGZHONG-China,China,CHENGDU JIANGZHONG-China,2020-05-27T00:00:00,Norman Seung,S,S4
00034,        SHAN,1132826,1.0,N,U601,U601,U601-OP,HYDROSIZE U6-01,,EXW,999,6741.5208,6173.0376,2249.7943,1020.5,24033.95,47864.21,23830.26,3356.4159,3073.3839,0.0,10.5922,1020.5,34240,Ethan Cheng,Jushi Group,China,Jushi - Global Parent,2020-05-27T00:00:00,Norman Seung,S,S4
00034,        SHAN,1147589,1.0,N,U601,U601,U601-OP,HYDROSIZE U6-01,,EXW,999,8106.7284,7205.7651,2699.7531599999998,1224.6,28840.73,57437.05,28596.32,4036.1161,3587.5513,0.0,10.5922,1224.6,34240,Ethan Cheng,Jushi Group,China,Jushi - Global Parent,2020-06-23T00:00:00,Norman Seung,S,S4
00034,        SHAN,1177309,1.0,N,U470,U470,U470-OP,HYDROSIZE LINK U470,,EXW,999,1523.6603,1288.497,449.95886,204.1,2356.97,10566.24,8209.27,1183.7833,1001.077,0.0,18.2445,204.1,34240,Ethan Cheng,Jushi Group,China,Jushi - Global Parent,2020-08-13T00:00:00,Marcos Pedreira,S,S4
00034,        SHAN,1177407,1.0,N,U601,U601,U601-OP,HYDROSIZE U6-01,,EXW,999,9767.0547,8259.5974,2249.7943,1020.5,43902.06,67732.32,23830.26,3436.3426,2905.9739,0.0,10.5922,1020.5,34240,Ethan Cheng,Nanjing Fiberglass Institute,China,Nanjing Fiberglass Institute,2020-09-04T00:00:00,Norman Seung,S,S4
00034,        SHAN,1185222,1.0,N,U470,U470,U470-OP,HYDROSIZE LINK U470,,EXW,999,1748.2746,1478.4441,449.95886,204.1,3914.62,12123.89,8209.27,1183.7833,1001.077,0.0,18.2445,204.1,34240,Ethan Cheng,Shanghai Muyun Trading-China,China,Shanghai Muyun Trading-China,2020-08-27T00:00:00,Marcos Pedreira,S,S4
00034,        SHAN,1211907,1.0,N,U470,U470,U470-OP,HYDROSIZE LINK U470,,EXW,999,6282.3087,5338.1139,1799.83544,816.4,9427.86,42264.95,32837.09,4880.9412,4147.3639,0.0,18.2445,816.4,34240,Ethan Cheng,Jushi Group,China,Jushi - Global Parent,2020-10-16T00:00:00,Marcos Pedreira,S,S4
00034,        SHAN,1213074,1.0,N,U470,U470,U470-OP,HYDROSIZE LINK U470,,EXW,999,1570.5775,1334.5288,449.95886,204.1,2356.97,10566.24,8209.27,1220.2349,1036.8407,0.0,18.2445,204.1,34240,Ethan Cheng,Jushi Group,China,Jushi - Global Parent,2020-10-16T00:00:00,Marcos Pedreira,S,S4
00034,        SHAN,1216565,1.0,N,U802,U802,U802-OP,HYDROSIZE U8-02,,EXW,999,1610.8474,1368.7463,1349.8765799999999,612.3,-7567.05,10837.16,18404.21,2735.622,2324.4738,0.0,13.634,612.3,34240,Ethan Cheng,Changsha Zhengming-China,China,Changsha Zhengming-China,2020-10-21T00:00:00,Norman Seung,S,S4
00034,        SHAN,1216577,1.0,N,U470,U470,U470-OP,HYDROSIZE LINK U470,,EXW,999,0.0,0.0,44.092,20.0,-804.44,0.0,804.44,119.5728,101.6017,0.0,18.2445,20.0,34240,Ethan Cheng,Jushi Group,China,Jushi - Global Parent,2020-10-21T00:00:00,Marcos Pedreira,S,S4
00034,        SHAN,1219550,1.0,N,U2022EU,U2022EU.E,U2022EU.E-TO,HYDROSIZE U2022EU,,EXW,999,0.0,0.0,2160.5080000000003,980.0,-46424.95,0.0,46424.95,6900.6556,5863.5269,0.0,47.3724,980.0,34240,Ethan Cheng,SHANGHAI JINYE-China,China,SHANGHAI JINYE-China,2020-10-26T00:00:00,Norman Seung,S,S4
00034,        SHAN,1220980,1.0,N,U601,U601,U601-PL,HYDROSIZE U6-01,,EXW,999,0.0,0.0,79.3656,36.0,-1043.94,0.0,1043.94,155.1724,131.8509,0.0,13.0493,36.0,34240,Ethan Cheng,Jushi Group,China,Jushi - Global Parent,2020-10-28T00:00:00,Norman Seung,S,S4
00034,        SHAN,1229657,1.0,N,U470,U470,U470-OP,HYDROSIZE LINK U470,,,999,4374.2981,3695.3726,8999.1772,4082.0,-135286.5,28898.93,164185.43,24851.9933,20994.7686,0.0,18.2445,4082.0,34240,Ethan Cheng,CHENGDU JIANGZHONG-China,China,CHENGDU JIANGZHONG-China,2020-11-12T00:00:00,Marcos Pedreira,S,S4
00034,        SHAN,1231726,1.0,N,U470,U470,U470-OP,HYDROSIZE LINK U470,,EXW,999,6397.4511,5404.5164,1799.83544,816.4,9427.86,42264.95,32837.09,4970.3993,4198.9542,0.0,18.2445,816.4,34240,Ethan Cheng,Jushi Group,China,Jushi - Global Parent,2020-11-17T00:00:00,Marcos Pedreira,S,S4
00034,        SHAN,1249873,1.0,N,U601,U601,U601-OP,HYDROSIZE U6-01,,DDP,999,3036.9456,2496.8197,899.91772,408.2,10336.05,19868.16,9532.11,1457.0297,1197.8945,0.0,10.5922,408.2,34240,Ethan Cheng,Xinyitu(Zhejiang) -China,China,Xinyitu(Zhejiang) -China,2020-12-15T00:00:00,Norman Seung,S,S4
00034,        SHAN,1254277,1.0,N,MDU4075B,MDU4075B.E,MDU4075B.E-LP,MICHEM DISP. URETHANE 4075,,EXW,999,1634.5997,1343.8834,264.552,120.0,7047.49,10693.8,3646.31,557.3564,458.2296,0.0,30.3859,120.0,34220,Debbie Ding,Guangzhou Yangsong-China,China,Guangzhou Yangsong-China,2020-12-22T00:00:00,Marcos Pedreira,S,S4
00034,        SHAN,1268628,1.0,N,U470,U470,U470-OP,HYDROSIZE LINK U470,,EXW,999,1909.941,1569.3636,449.95886,204.1,4163.17,12372.44,8209.27,1267.2699,1041.2925,0.0,18.2445,204.1,34240,Ethan Cheng,Shanghai Muyun Trading-China,China,Shanghai Muyun Trading-China,2021-01-14T00:00:00,Marcos Pedreira,S,S4
00034,        SHAN,1271654,1.0,N,U470,U470,U470-OP,HYDROSIZE LINK U470,,EXW,999,491.8,404.1031,132.276,60.0,772.53,3185.84,2413.31,372.5441,306.1127,0.0,18.2445,60.0,34240,Ethan Cheng,Nanjing Fiberglass Institute,China,Nanjing Fiberglass Institute,2021-01-19T00:00:00,Marcos Pedreira,S,S4
00034,        SHAN,1272228,1.0,N,U470,U470,U470-OP,HYDROSIZE LINK U470,,EXW,999,6424.097,5278.5631,1799.83544,816.4,8777.68,41614.77,32837.09,5069.0813,4165.1714,0.0,18.2445,816.4,34240,Ethan Cheng,Jushi Group,China,Jushi - Global Parent,2021-01-20T00:00:00,Marcos Pedreira,S,S4
00034,        SHAN,1277953,1.0,N,U470,U470,U470-OP,HYDROSIZE LINK U470,,EXW,999,3212.0477,2639.2809,899.91772,408.2,4388.84,20807.38,16418.54,2534.5399,2082.5851,0.0,18.2445,408.2,34240,Ethan Cheng,Jushi Group,China,Jushi - Global Parent,2021-02-02T00:00:00,Marcos Pedreira,S,S4
00034,        SHAN,1295519,1.0,N,U470,U470,U470-OP,HYDROSIZE LINK U470,,EXW,999,1913.3634,1581.7985,449.95886,204.1,4157.11,12366.38,8209.27,1270.1629,1050.0576,0.0,18.2445,204.1,34240,Ethan Cheng,Shanghai Muyun Trading-China,China,Shanghai Muyun Trading-China,2021-03-02T00:00:00,Marcos Pedreira,S,S4
00034,        SHAN,1312906,1.0,N,U470,U470,U470-OP,HYDROSIZE LINK U470,,EXW,999,1900.773,1595.8344,449.95886,204.1,4163.17,12372.44,8209.27,1261.1869,1058.8563,0.0,18.2445,204.1,34240,Ethan Cheng,Shanghai Muyun Trading-China,China,Shanghai Muyun Trading-China,2021-03-26T00:00:00,Marcos Pedreira,S,S4
00034,        SHAN,1317348,1.0,N,U601,U601,U601-OP,HYDROSIZE U6-01,,EXW,999,2933.4858,2454.4398,899.91772,408.2,9613.57,19145.68,9532.11,1460.5023,1221.9984,0.0,10.5922,408.2,34240,Ethan Cheng,Jushi Group,China,Jushi - Global Parent,2021-04-02T00:00:00,Norman Seung,S,S4
00034,        SHAN,1329616,1.0,N,U470,U470,U470-OP,HYDROSIZE LINK U470,,EXW,999,0.0,0.0,1799.83544,816.4,-32837.09,0.0,32837.09,5031.2727,4209.6525,0.0,18.2445,816.4,34240,Ethan Cheng,Yitai Fiberglass-China,China,Yitai Fiberglass-China,2021-04-23T00:00:00,Marcos Pedreira,S,S4
00034,        SHAN,1368590,1.0,N,U470,U470,U470-OP,HYDROSIZE LINK U470,,,999,0.0,0.0,269.975316,122.46,-6992.55,0.0,6992.55,1088.7037,903.6822,0.0,25.9007,122.46,34240,Ethan Cheng,CHENGDU JIANGZHONG-China,China,CHENGDU JIANGZHONG-China,2021-06-24T00:00:00,Marcos Pedreira,S,S4
00034,        SHAN,1395083,1.0,N,U470,U470,U470-OP,HYDROSIZE LINK U470,,DDP,999,8140.8495,6915.6993,1799.83544,816.4,6123.93,52740.91,46616.98,7195.5873,6112.6935,0.0,25.9007,816.4,34240,Ethan Cheng,Shanghai Muyun Trading-China,China,Shanghai Muyun Trading-China,2021-08-05T00:00:00,Marcos Pedreira,S,S4
00034,        SHAN,1398220,1.0,N,U470,U470,U470-OP,HYDROSIZE LINK U470,,DDP,999,1393.9814,1184.1954,449.95886,204.1,-2623.27,9030.98,11654.25,1798.8976,1528.174,0.0,25.9007,204.1,34240,Ethan Cheng,Jilin Shengxin Carbon Fiber-CN,China,Jilin Shengxin Carbon Fiber-CN,2021-08-10T00:00:00,Marcos Pedreira,S,S4
00034,        SHAN,1432826,1.0,N,U470,U470,U470-OP,HYDROSIZE LINK U470,,DDP,999,2041.7434,1733.4503,449.95886,204.1,1530.98,13185.23,11654.25,1804.6699,1532.1738,0.0,25.9007,204.1,34240,Ethan Cheng,Jilin Shengxin Carbon Fiber-CN,China,Jilin Shengxin Carbon Fiber-CN,2021-09-28T00:00:00,Marcos Pedreira,S,S4
00034,        SHAN,1463735,1.0,N,U601,U601,U601-OP,HYDROSIZE U6-01,,DDP,999,6556.7248,5745.1593,1799.83544,816.4,8256.54,41903.69,33647.15,5264.8133,4613.1555,0.0,18.6837,816.4,34240,Ethan Cheng,Jushi Group,China,Jushi - Global Parent,2021-11-10T00:00:00,Norman Seung,S,S4
00034,        SHAN,1469432,1.0,N,U601,U601,U601-OP,HYDROSIZE U6-01,,DDP,999,26226.8994,22980.6373,7199.34176,3265.6,33026.18,167614.76,134588.58,21059.2501,18452.6192,0.0,18.6837,3265.6,34240,Ethan Cheng,Jushi Group,China,Jushi - Global Parent,2021-11-19T00:00:00,Norman Seung,S,S4
00034,        SHAN,1495097,1.0,N,U601,U601,U601-OP,HYDROSIZE U6-01,,DDP,999,6577.9365,5818.9517,1799.83544,816.4,8256.54,41903.69,33647.15,5281.8455,4672.4081,0.0,18.6837,816.4,34240,Ethan Cheng,Jushi Group,China,Jushi - Global Parent,2021-12-24T00:00:00,Norman Seung,S,S4
00034,        SHAN,1497107,1.0,N,U601,U601,U601-OP,HYDROSIZE U6-01,,DDP,999,18089.3258,16002.1176,4949.54746,2245.1,22705.5,115235.15,92529.65,14525.0731,12849.1206,0.0,18.6837,2245.1,34240,Ethan Cheng,Jushi Group,China,Jushi - Global Parent,2022-01-05T00:00:00,Norman Seung,S,S4
00034,        SHAN,1515200,1.0,N,U470,U470,U470-OP,HYDROSIZE LINK U470,,DDP,999,9093.9898,8029.4788,1799.83544,816.4,11181.28,57798.26,46616.98,7334.725,6476.1474,0.0,25.9007,816.4,34240,Ethan Cheng,Jiangsu Zengtuo-China,China,Jiangsu Zengtuo-China,2022-01-21T00:00:00,Marcos Pedreira,S,S4
00034,        SHAN,1541530,1.0,N,U601,U601,U601-OP,HYDROSIZE U6-01,,DDP,999,25735.916,23373.679,3599.67088,1632.8,95985.71,163280.0,67294.29,10606.8116,9633.2382,0.0,18.6837,1632.8,34240,Ethan Cheng,Jushi Group,China,Jushi - Global Parent,2022-03-01T00:00:00,Norman Seung,S,S4
00034,        SHAN,1555696,1.0,N,U601,U601,U601-OP,HYDROSIZE U6-01,,DDP,999,19301.937,17530.2592,2699.7531599999998,1224.6,71989.28,122460.0,50470.72,7955.1091,7224.929,0.0,18.6837,1224.6,34240,Ethan Cheng,Jushi Group,China,Jushi - Global Parent,2022-03-23T00:00:00,Norman Seung,S,S4
00034,        SHAN,1589051,1.0,N,U470,U470,U470-OP,HYDROSIZE LINK U470,,DDP,999,4315.7441,4083.3055,899.91772,408.2,5590.64,28899.13,23308.49,3480.8479,3293.3754,0.0,25.9007,408.2,34240,Ethan Cheng,Jiangsu Zengtuo-China,China,Jiangsu Zengtuo-China,2022-05-10T00:00:00,Marcos Pedreira,S,S4
00034,        SHAN,1600521,1.0,N,U470,U470,U470-OP,HYDROSIZE LINK U470,,DDP,999,8631.4881,8166.6109,1799.83544,816.4,11181.28,57798.26,46616.98,6961.6959,6586.7509,0.0,25.9007,816.4,34240,Ethan Cheng,Shanghai Muyun Trading-China,China,Shanghai Muyun Trading-China,2022-05-26T00:00:00,Marcos Pedreira,S,S4
00034,        SHAN,1602327,1.0,N,U470,U470,U470-OP,HYDROSIZE LINK U470,,EXW,999,211.4524,200.064,44.092,20.0,273.92,1415.93,1142.01,170.5457,161.3604,0.0,25.9007,20.0,34240,Ethan Cheng,Shanghai Rongrong -China,China,Shanghai Rongrong -China,2022-05-26T00:00:00,Marcos Pedreira,S,S4
00034,        SHAN,1615999,1.0,N,U601,U601,U601-OP,HYDROSIZE U6-01,,DDP,999,18293.9198,17299.7283,2699.7531599999998,1224.6,71989.28,122460.0,50470.72,7539.6644,7129.9179,0.0,18.6837,1224.6,34240,Ethan Cheng,Jushi Group,China,Jushi - Global Parent,2022-06-13T00:00:00,Norman Seung,S,S4
00034,        SHAN,1626546,1.0,N,U204,U204,U204-OP,HYDROSIZE U2-04,,DDP,999,1888.7524,1786.1072,449.95886,204.1,1558.7,12643.36,11084.66,1655.903,1565.9122,0.0,24.6346,204.1,34240,Ethan Cheng,Worldful polymer-China,China,Worldful polymer-China,2022-06-27T00:00:00,Norman Seung,S,S4
00034,        SHAN,1631811,1.0,N,U204,U204,U204-OP,HYDROSIZE U2-04,,DDP,999,0.0,0.0,88.184,40.0,-2172.4,0.0,2172.4,322.753,316.2819,0.0,24.6346,40.0,34240,Ethan Cheng,Nantong Fuyuan-China,China,Nantong Fuyuan-China,2022-07-04T00:00:00,Norman Seung,S,S4
00034,        SHAN,1638038,1.0,N,U470,U470,U470-OP,HYDROSIZE LINK U470,,DDP,999,0.0,0.0,44.092,20.0,-1142.01,0.0,1142.01,169.6682,166.2664,0.0,25.9007,20.0,34240,"Wang,Lu( Leon)",Shanghai Share Chemical-China,China,Shanghai Share Chemical-China,2022-07-13T00:00:00,Marcos Pedreira,S,S4
00034,        SHAN,1666832,1.0,N,U601,U601,U601-OP,HYDROSIZE U6-01,,DDP,999,20170.3225,19925.8497,4949.54746,2245.1,31610.32,137090.07,105479.75,15519.436,15331.334,0.0,21.2986,2245.1,34240,Ethan Cheng,Jushi Group,China,Jushi - Global Parent,2022-08-19T00:00:00,Norman Seung,S,S4
00034,        SHAN,1669744,1.0,N,U470,U470,U470-OP,HYDROSIZE LINK U470,,DDP,999,0.0,0.0,449.95886,204.1,-11654.25,0.0,11654.25,1714.7119,1693.9289,0.0,25.9007,204.1,34240,Ethan Cheng,Jushi Group,China,Jushi - Global Parent,2022-08-23T00:00:00,Marcos Pedreira,S,S4
00034,        SHAN,1672238,1.0,N,U470,U470,U470-OP,HYDROSIZE LINK U470,,DDP,999,0.0,0.0,352.736,160.0,-9136.11,0.0,9136.11,1344.2132,1327.9208,0.0,25.9007,160.0,34240,Ethan Cheng,Jushi Group,China,Jushi - Global Parent,2022-08-26T00:00:00,Marcos Pedreira,S,S4
00034,        SHAN,1692558,1.0,N,U601,U601,U601-OP,HYDROSIZE U6-01,,DDP,999,9701.7095,9781.0385,1799.83544,816.4,29556.62,67912.89,38356.27,5479.3926,5524.1966,0.0,21.2986,816.4,34240,Ethan Cheng,Jushi Group,China,Jushi - Global Parent,2022-09-23T00:00:00,Norman Seung,S,S4
00034,        SHAN,1693273,1.0,N,U470,U470,U470-OP,HYDROSIZE LINK U470,,DDP,999,6543.4967,6597.0017,1799.83544,816.4,-811.88,45805.1,46616.98,6659.478,6713.9313,0.0,25.9007,816.4,34240,Ethan Cheng,Jushi Group,China,Jushi - Global Parent,2022-09-23T00:00:00,Marcos Pedreira,S,S4
00034,        SHAN,1712096,1.0,N,U470,U470,U470-OP,HYDROSIZE LINK U470,,DDP,999,4023.6634,4091.9868,899.91772,408.2,5590.64,28899.13,23308.49,3245.2714,3300.3773,0.0,25.9007,408.2,34240,Ethan Cheng,Jiangsu Zengtuo-China,China,Jiangsu Zengtuo-China,2022-10-21T00:00:00,Marcos Pedreira,S,S4
00034,        SHAN,1738610,1.0,N,U204,U204,U204-OP,HYDROSIZE U2-04,,DDP,999,1599.3743,1566.9078,264.552,120.0,4951.83,11469.02,6517.19,908.8332,890.3844,0.0,24.6346,120.0,34230,"Wang,Lu( Leon)",Dongguan Gkey trading-China,China,Dongguan Gkey trading-China,2022-12-01T00:00:00,Norman Seung,S,S4
00034,        SHAN,2006250,1.0,N,U601,U601,U601-OP,HYDROSIZE U6-01,,DDP,999,17679.8986,15994.2156,3599.67088,1632.8,44170.72,127156.1,82985.38,11538.3619,10438.2413,0.0,23.0402,1632.8,34240,Ethan Cheng,Jushi Group,China,Jushi - Global Parent,2024-02-06T00:00:00,Norman Seung,S,S4
00034,        SHAN,2043984,1.0,N,U601,U601,U601-OP,HYDROSIZE U6-01,,DDP,999,33425.7773,30617.5985,6749.3829000000005,3061.5,82820.09,238417.68,155597.59,21814.5332,19981.8425,0.0,23.0402,3061.5,34240,Ethan Cheng,Jushi Group,China,Jushi - Global Parent,2024-01-08T00:00:00,Norman Seung,S,S4
00034,        SHAN,2124782,1.0,N,U204,U204,U204-OP,HYDROSIZE U2-04,,DDP,999,269.0226,250.8037,44.092,20.0,621.57,1946.9,1325.33,183.1341,170.7318,0.0,30.0581,20.0,34240,Ethan Cheng,Heilongjiang Hongyu-China,China,Heilongjiang Hongyu-China,2024-04-22T00:00:00,Norman Seung,S,S4
00034,        SHAN,2124798,1.0,N,U204,U204,U204-OP,HYDROSIZE U2-04,,DDP,999,0.0,0.0,44.092,20.0,-1325.33,0.0,1325.33,183.1341,170.7318,0.0,30.0581,20.0,34240,Ethan Cheng,Jushi Group,China,Jushi - Global Parent,2024-04-23T00:00:00,Norman Seung,S,S4
00034,        SHAN,2141736,1.0,N,U601,U601,U601-OP,HYDROSIZE U6-01,,DDP,999,2502.2586,2315.3417,449.95886,204.1,7454.96,18098.08,10643.12,1471.5284,1361.6063,0.0,23.6398,204.1,34240,Ethan Cheng,Owens Corning Composites (China) Co. Ltd,China,Owens Corning Vetrotex - Global Parent,2024-05-13T00:00:00,Norman Seung,S,S4
00034,        SHAN,2144535,1.0,N,U601,U601,U601-OP,HYDROSIZE U6-01,,DDP,999,2502.2586,2315.3417,449.95886,204.1,7454.96,18098.08,10643.12,1471.5284,1361.6063,0.0,23.6398,204.1,34240,Ethan Cheng,Owens Corning Composites (China) Co. Ltd,China,Owens Corning Vetrotex - Global Parent,2024-05-21T00:00:00,Norman Seung,S,S4
00034,        SHAN,2151523,1.0,N,U204,U204,U204-OP,HYDROSIZE U2-04,,DDP,999,1529.4363,1415.1884,220.46,100.0,4435.28,11061.95,6626.67,916.21,847.7698,0.0,30.0581,100.0,34240,Ethan Cheng,Jiangsu Deqing-China,China,Jiangsu Deqing-China,2024-05-28T00:00:00,Norman Seung,S,S4
00034,        SHAN,2152332,1.0,N,U204,U204,U204-OP,HYDROSIZE U2-04,,DDP,999,0.0,0.0,88.184,40.0,-2650.67,0.0,2650.67,366.4843,339.1082,0.0,30.0581,40.0,34240,Ethan Cheng,Jiangsu Deqing-China,China,Jiangsu Deqing-China,2024-05-27T00:00:00,Norman Seung,S,S4
00034,        SHAN,2219170,1.0,N,U601,U601,U601-OP,HYDROSIZE U6-01,,DDP,999,11112.7593,10088.3024,2249.7943,1020.5,26256.94,79472.56,53215.62,7441.2146,6755.2281,0.0,23.6398,1020.5,34240,Ethan Cheng,Jushi Group,China,Jushi - Global Parent,2024-08-22T00:00:00,Norman Seung,S,S4
00034,        SHAN,2220490,1.0,N,U601,U601,U601-OP,HYDROSIZE U6-01,,DDP,999,17780.4155,16141.2843,3599.67088,1632.8,42011.1,127156.1,85145.0,11905.9446,10808.3659,0.0,23.6398,1632.8,34240,Ethan Cheng,Jushi Group,China,Jushi - Global Parent,2024-08-22T00:00:00,Norman Seung,S,S4
00034,        SHAN,2234814,1.0,N,U204,U204,U204-OP,HYDROSIZE U2-04,,DDP,999,0.0,0.0,44.092,20.0,-1325.33,0.0,1325.33,187.2986,168.6252,0.0,30.0581,20.0,34240,Ethan Cheng,Jiangsu Zengtuo-China,China,Jiangsu Zengtuo-China,2024-09-11T00:00:00,Norman Seung,S,S4
00034,        SHAN,2236471,1.0,N,U470,U470,U470-OP,HYDROSIZE LINK U470,,DDP,999,0.0,0.0,22.046,10.0,-958.93,0.0,958.93,135.5181,122.0072,0.0,43.4962,10.0,34240,Ethan Cheng,Jiangsu Zengtuo-China,China,Jiangsu Zengtuo-China,2024-09-12T00:00:00,Marcos Pedreira,S,S4
00034,        SHAN,2416944,1.0,N,MDU2012B,MDU2012B.E,MDU2012B.E-LP,MICHEM DISP. URETHANE 2012B,,EXW,999,2912.2578,2582.6626,529.1094,240.0,10098.55,21026.54,10927.99,1513.5692,1342.2708,0.0,45.5333,2.0,34220,Robin Li,A-Star - China,China,A-Star-Global Parent,2025-05-27T00:00:00,Marcos Pedreira,S,S4
00034,        SHAN,2359228,1.0,N,U601,U601,U601-OP,HYDROSIZE U6-01,,DDP,999,19917.9188,19129.3204,3599.67088,1632.8,59639.62,144784.62,85145.0,11713.338,11249.5788,0.0,23.6398,1632.8,34240,Ethan Cheng,Owens Corning Composites (China) Co. Ltd,China,Owens Corning Vetrotex - Global Parent,2025-04-09T00:00:00,Norman Seung,S,S4
00034,        SHAN,2371471,1.0,N,U601,U601,U601-OP,HYDROSIZE U6-01,,DDP,999,20303.0051,18815.3131,3149.7120200000004,1428.7,72715.66,147217.53,74501.87,10274.6721,9521.8009,0.0,23.6398,1428.7,34240,Ethan Cheng,Owens Corning Composites (China) Co. Ltd,China,Owens Corning Vetrotex - Global Parent,2025-03-24T00:00:00,Norman Seung,S,S4
00034,        SHAN,2378001,1.0,N,U601,U601,U601-OP,HYDROSIZE U6-01,,DDP,999,4991.8703,4626.0937,899.91772,408.2,14909.91,36196.16,21286.25,2935.6208,2720.5147,0.0,23.6398,408.2,34240,Ethan Cheng,Owens Corning Composites (China) Co. Ltd,China,Owens Corning Vetrotex - Global Parent,2025-10-15T00:00:00,Norman Seung,S,S4
00034,        SHAN,2394025,1.0,N,U601,U601,U601-OP,HYDROSIZE U6-01,,DDP,999,4964.3468,4422.5627,899.91772,408.2,14909.91,36196.16,21286.25,2919.4347,2600.8221,0.0,23.6398,408.2,34240,Ethan Cheng,Owens Corning Composites (China) Co. Ltd,China,Owens Corning Vetrotex - Global Parent,2025-04-09T00:00:00,Norman Seung,S,S4
00034,        SHAN,2516373,1.0,N,U204,U204,U204-OP,HYDROSIZE U2-04,,DDP,999,0.0,0.0,22.046,10.0,-662.67,0.0,662.67,93.0033,79.2743,0.0,30.0581,10.0,34240,Ethan Cheng,Jushi Group,China,Jushi - Global Parent,2025-09-17T00:00:00,Norman Seung,S,S4
00034,        SHAN,2569621,1.0,N,U502,U502,U502-PL,HYDROSIZE U5-02,,DDP,999,105.8776,91.5537,22.046,10.0,349.41,752.21,402.8,56.6963,49.026,0.0,18.2709,10.0,34240,Ethan Cheng,5Elem Hi-Tech Corporation,China,5Elem Hi-Tech Corporation,2025-11-26T00:00:00,Norman Seung,S,S4
00034,        SHAN,2576470,1.0,N,U502,U502,U502-PL,HYDROSIZE U5-02,,DDP,999,119.306,101.8653,22.046,10.0,437.91,840.71,402.8,57.1618,48.8056,0.0,18.2709,10.0,34240,"Wang,Lu( Leon)",Dongguan Gkey trading-China,China,Dongguan Gkey trading-China,2025-12-05T00:00:00,Norman Seung,S,S4
00034,        SHAN,2462466,1.0,N,MDU4075B,MDU4075B.E,MDU4075B.E-LP,MICHEM DISP. URETHANE 4075B,,EXW,999,1843.5023,1575.8303,264.552,120.0,9574.93,13221.24,3646.31,508.4229,434.6011,0.0,30.3859,120.0,34220,Robin Li,A-Star - China,China,A-Star-Global Parent,2025-07-17T00:00:00,Marcos Pedreira,S,S4
00034,        SHAN,1816050,1.0,N,U601,U601,U601-OP,HYDROSIZE U6-01,,DDP,999,34581.054,32301.6617,6749.3829000000005,3061.5,82820.09,238417.68,155597.59,22568.4968,21080.9061,0.0,23.0402,3061.5,34240,Ethan Cheng,Jushi Group,China,Jushi - Global Parent,2023-03-07T00:00:00,Norman Seung,S,S4
00034,        SHAN,1760457,1.0,N,U601,U601,U601-OP,HYDROSIZE U6-01,,DDP,999,21423.1559,20239.5501,5399.5063199999995,2449.2,34483.99,149552.81,115068.82,16483.3898,15572.7007,0.0,21.2986,2449.2,34240,Ethan Cheng,Jushi Group,China,Jushi - Global Parent,2023-01-05T00:00:00,Norman Seung,S,S4
00034,        SHAN,1831305,1.0,N,U470,U470,U470-OP,HYDROSIZE LINK U470,,DDP,999,0.0,0.0,1799.83544,816.4,-46616.98,0.0,46616.98,6761.5132,6315.8316,0.0,25.9007,816.4,34240,Ethan Cheng,Jushi Group,China,Jushi - Global Parent,2023-03-28T00:00:00,Marcos Pedreira,S,S4
00034,        SHAN,1835954,1.0,N,U601,U601,U601-OP,HYDROSIZE U6-01,,DDP,999,4618.3056,4206.8508,899.91772,408.2,11042.68,31789.02,20746.34,3014.0262,2745.5001,0.0,23.0402,408.2,34240,Ethan Cheng,Jushi Group,China,Jushi - Global Parent,2023-05-05T00:00:00,Norman Seung,S,S4
00034,        SHAN,1870225,1.0,N,U204,U204,U204-OP,HYDROSIZE U2-04,,DDP,999,209.1866,192.1998,33.069,15.0,645.53,1460.18,814.65,116.7074,107.2303,0.0,24.6346,15.0,34240,Ethan Cheng,Heilongjiang Hongyu-China,China,Heilongjiang Hongyu-China,2023-05-19T00:00:00,Norman Seung,S,S4
00034,        SHAN,1889774,1.0,N,U470,U470,U470-OP,HYDROSIZE LINK U470,,DDP,999,13662.8487,12605.7569,3599.67088,1632.8,-58892.96,97678.99,156571.95,21900.5015,20206.0642,0.0,43.4962,1632.8,34240,Ethan Cheng,Jushi Group,China,Jushi - Global Parent,2023-06-13T00:00:00,Marcos Pedreira,S,S4
00034,        SHAN,1915520,1.0,N,U470,U470,U470-OP,HYDROSIZE LINK U470,,DDP,999,0.0,0.0,44.092,20.0,-1917.83,0.0,1917.83,266.6568,241.2325,0.0,43.4962,20.0,34240,"Wang,Lu( Leon)",Shanghai Share Chemical-China,China,Shanghai Share Chemical-China,2023-07-17T00:00:00,Marcos Pedreira,S,S4
00034,        SHAN,1965857,1.0,N,U470,U470,U470-OP,HYDROSIZE LINK U470,,DDP,999,2991.9725,2799.7111,802.6948600000001,364.1,-13132.94,21781.55,34914.49,4795.9486,4487.7654,0.0,43.4962,364.1,34240,Ethan Cheng,Jushi Group,China,Jushi - Global Parent,2023-10-09T00:00:00,Marcos Pedreira,S,S4
00034,        SHAN,1990322,1.0,N,U601,U601,U601-OP,HYDROSIZE U6-01,,DDP,999,8738.6313,8270.3281,1799.83544,816.4,22085.36,63578.05,41492.69,5703.0582,5397.4314,0.0,23.0402,816.4,34240,Ethan Cheng,Jushi Group,China,Jushi - Global Parent,2023-11-07T00:00:00,Norman Seung,S,S4
00034,        SHAN,2036042,1.0,N,U601,U601,U601-OP,HYDROSIZE U6-01,,DDP,999,589.8924,540.3159,110.23,50.0,1662.34,4203.54,2541.2,356.6124,326.6415,0.0,23.0402,50.0,34240,Ethan Cheng,Owens Corning Composites (China) Co. Ltd,China,Owens Corning Vetrotex - Global Parent,2023-12-25T00:00:00,Norman Seung,S,S4
00034,        SHAN,1806989,1.0,N,U470,U470,U470-OP,HYDROSIZE LINK U470,,DDP,999,2113.855,1973.5064,449.95886,204.1,2795.32,14449.57,11654.25,1704.9224,1591.7246,0.0,25.9007,204.1,34240,Ethan Cheng,Nanjing Fiberglass Institute,China,Nanjing Fiberglass Institute,2023-03-07T00:00:00,Marcos Pedreira,S,S4
00034,        SHAN,1817780,1.0,N,U470,U470,U470-OP,HYDROSIZE LINK U470,,EXW,999,0.0,0.0,1799.83544,816.4,-46616.98,0.0,46616.98,6761.5132,6315.8316,0.0,25.9007,816.4,34240,Ethan Cheng,Jushi Group,China,Jushi - Global Parent,2023-03-15T00:00:00,Marcos Pedreira,S,S4
00034,        SHAN,1978198,1.0,N,U470,U470,U470-OP,HYDROSIZE LINK U470,,DDP,999,182.4517,172.6741,22.046,10.0,368.5,1327.43,958.93,131.8023,124.7391,0.0,43.4962,10.0,34240,Ethan Cheng,Well Grand Chemical-China,China,Well Grand Chemical-China,2023-10-09T00:00:00,Marcos Pedreira,S,S4
00020,        AUBA,19002686,1.0,N,HP1632,HP1632,HP1632-PL,HYDROSIZE HP-1632,,DAP,999,581.5937,523.27,80.0,36.2874,233.32,523.27,289.95,322.2678,289.95,0.0,3.6244,2.0,20240,Laurence Vast,Isomatex (X) Gembloux BE,Belgium,Isomatex - Global Parent,2020-01-28T00:00:00,Roxana McMican,S,S4
00020,        AUBA,21001171,1.0,N,191245PX,191245PX,191245PX-T2,EXPERIMENTAL PRODUCT 191245PX,,DAP,999,38336.3443,31579.89,6900.0,3129.7875000000004,21683.22,31579.89,9896.67,12014.0428,9896.67,0.0,1.4343,3.0,20230,Thierry Van Migem,Koehler papierfabrik (S) Oberkirch DE,Germany,Koehler - Global Parent,2021-06-09T00:00:00,Kaitlyn Slack,S,S4
00020,        AUBA,21002344,1.0,N,191245PX,191245PX,191245PX-T2,EXPERIMENTAL PRODUCT 191245PX,,DAP,999,37195.1892,31579.89,6900.0,3129.7875000000004,21683.22,31579.89,9896.67,11656.4216,9896.67,0.0,1.4343,3.0,20230,Thierry Van Migem,Koehler papierfabrik (S) Oberkirch DE,Germany,Koehler - Global Parent,2021-10-11T00:00:00,Kaitlyn Slack,S,S4
00020,        AUBA,24000068,1.0,N,191245PX,191245PX,191245PX-T2,EXPERIMENTAL PRODUCT 191245PX,,DAP,999,18223.0653,16692.37,4600.0,2086.525,8054.03,16692.37,8638.34,9430.4784,8638.34,0.0,1.8779,2.0,20230,Marie-Annette Mahy,Clairefontaine (X) Clairefontaine FR,France,Clairefontaine - Global Parent,2024-02-13T00:00:00,Kaitlyn Slack,S,S4
00020,        AUBA,24000555,1.0,N,191245PX,191245PX,191245PX-T2,EXPERIMENTAL PRODUCT 191245PX,,DAP,999,36857.6056,33906.39,11500.0,5216.3125,11571.09,33906.39,22335.3,24279.3667,22335.3,0.0,1.9422,5.0,20230,Marie-Annette Mahy,Clairefontaine (X) Clairefontaine FR,France,Clairefontaine - Global Parent,2024-06-04T00:00:00,Kaitlyn Slack,S,S4
00020,        AUBA,24000556,1.0,N,191245PX,191245PX,191245PX-T2,EXPERIMENTAL PRODUCT 191245PX,,DAP,999,29486.0823,27125.11,9200.0,4173.05,9256.87,27125.11,17868.24,19423.4934,17868.24,0.0,1.9422,4.0,20230,Marie-Annette Mahy,Clairefontaine (X) Clairefontaine FR,France,Clairefontaine - Global Parent,2024-06-11T00:00:00,Kaitlyn Slack,S,S4
00020,        AUBA,23002582,1.0,N,U601,U601,U601-PL,HYDROSIZE U6-01,,DAP,999,1435.0282,1314.52,200.0,90.71849999999999,596.62,1314.52,717.9,783.7133,717.9,0.0,3.5895,5.0,20240,Laurence Vast,APK (S Stefker) Geel BE,Belgium,Stefker (X) Hasselt BE,2024-01-11T00:00:00,Norman Seung,S,S4
00020,        AUBA,24001480,1.0,N,191245PX,191245PX,191245PX-T2,EXPERIMENTAL PRODUCT 191245PX,,EXW,999,35362.8591,32589.25,11495.4,5214.225975,10262.88,32589.25,22326.37,24226.5249,22326.37,0.0,1.9422,4.998,20230,Krist Vanderstiggel,Soconomar (S) Piacenza IT,Italy,Soconomar - Global Parent,2024-08-19T00:00:00,Kaitlyn Slack,S,S4
00020,        AUBA,26001058,1.0,N,HP1632,HP1632,HP1632-PL,HYDROSIZE HP-1632,,EXW,999,2736.199,2377.32,145.5036,66.0,1384.87,2377.32,992.45,1142.2698,992.45,0.0,6.8207,66.0,20240,Laurence Vast,Coats (X) Nilufer TR,Turkey,Coats - GLOBAL PARENT,2026-08-10T00:00:00,Roxana McMican,S,S4
00020,        AUBA,23000484,1.0,N,191245PX,191245PX,191245PX-T2,EXPERIMENTAL PRODUCT 191245PX,,DAP,999,2173.4583,2030.3,2238.0,1015.1568,-1382.87,2030.3,3413.17,3653.8357,3413.17,0.0,1.5251,2238.0,20230,Krist Vanderstiggel,Soconomar (S) Piacenza IT,Italy,Soconomar - Global Parent,2023-03-20T00:00:00,Kaitlyn Slack,S,S4
00020,        AUBA,20001128,1.0,N,U2022EU,U2022EU.E,U2022EU.E-PL,HYDROSIZE U2022EU,,DAP,999,348.6977,319.32,79.3664,36.0,146.2,319.32,173.12,189.0472,173.12,0.0,4.809,2.0,20240,Philippe Chabanne,Indorama (S) Erlenbach DE,Germany,Indorama (X) Obernburg DE,2020-06-05T00:00:00,Norman Seung,S,S4
00020,        AUBA,20001243,1.0,N,U2022EU,U2022EU.E,U2022EU.E-PL,HYDROSIZE U2022EU,,DAP,999,0.0,0.0,79.3664,36.0,-173.12,0.0,173.12,194.7612,173.12,0.0,4.809,2.0,20240,Philippe Chabanne,Indorama (S) Erlenbach DE,Germany,Indorama (X) Obernburg DE,2020-06-10T00:00:00,Norman Seung,S,S4
00020,        AUBA,20001908,1.0,N,U2022EU,U2022EU.E,U2022EU.E-PL,HYDROSIZE U2022EU,,DAP,999,148.7644,126.14,37.4782,17.0,44.39,126.14,81.75,96.4126,81.75,0.0,4.809,17.0,20240,Philippe Chabanne,Tampere University (S) Tampere FI,Finland,Tampere University (X) Tampere FI,2020-10-08T00:00:00,Norman Seung,S,S4
00020,        AUBA,19002477,1.0,N,U502,U502.E,U502.E-TO,HYDROSIZE U5-02,,EXW,999,19393.7572,17552.5,6503.570000000001,2950.0,5829.2,17552.5,11723.3,12953.0742,11723.3,0.0,3.974,2950.0,20240,Philippe Chabanne,Johns Manville (X) Trnava SK,Slovakia (Slovak Republic),Johns Manville - Global Parent,2020-01-10T00:00:00,Norman Seung,S,S4
00020,        AUBA,20000206,1.0,N,U502,U502.E,U502.E-TO,HYDROSIZE U5-02,,EXW,999,19827.5176,17850.0,6613.8675,3000.0,5928.0,17850.0,11922.0,13242.7823,11922.0,0.0,3.974,3.0,20240,Philippe Chabanne,Johns Manville (X) Trnava SK,Slovakia (Slovak Republic),Johns Manville - Global Parent,2020-03-03T00:00:00,Norman Seung,S,S4
00020,        AUBA,20000860,1.0,N,U502,U502.E,U502.E-TO,HYDROSIZE U5-02,,EXW,999,19403.4373,17850.0,6613.8675,3000.0,5928.0,17850.0,11922.0,12959.5395,11922.0,0.0,3.974,3.0,20240,Philippe Chabanne,Johns Manville (X) Trnava SK,Slovakia (Slovak Republic),Johns Manville - Global Parent,2020-05-12T00:00:00,Norman Seung,S,S4
00020,        AUBA,20001749,1.0,N,U502,U502.E,U502.E-TO,HYDROSIZE U5-02,,EXW,999,14071.7857,11900.0,4409.245,2000.0,3994.0,11900.0,7906.0,9348.8687,7906.0,0.0,3.953,2.0,20240,Philippe Chabanne,Johns Manville (X) Trnava SK,Slovakia (Slovak Republic),Johns Manville - Global Parent,2020-09-21T00:00:00,Norman Seung,S,S4
00020,        AUBA,20001876,1.0,N,U502,U502.E,U502.E-TO,HYDROSIZE U5-02,,EXW,999,21051.5617,17850.0,6613.8675,3000.0,5991.0,17850.0,11859.0,13986.0208,11859.0,0.0,3.953,3.0,20240,Philippe Chabanne,Johns Manville (X) Trnava SK,Slovakia (Slovak Republic),Johns Manville - Global Parent,2020-10-05T00:00:00,Norman Seung,S,S4
00020,        AUBA,20002084,1.0,N,U502,U502.E,U502.E-TO,HYDROSIZE U5-02,,EXW,999,21007.117,17850.0,6613.8675,3000.0,5991.0,17850.0,11859.0,13956.493,11859.0,0.0,3.953,3.0,20240,Philippe Chabanne,Johns Manville (X) Trnava SK,Slovakia (Slovak Republic),Johns Manville - Global Parent,2020-11-03T00:00:00,Norman Seung,S,S4
00020,        AUBA,20000069,1.0,N,HP1632,HP1632,HP1632-OP,HYDROSIZE HP-1632,,DAP,999,6251.9662,5628.42,926.0,420.0266,2096.93,5628.42,3531.49,3922.7272,3531.49,0.0,3.8137,2.0,20240,Philippe Chabanne,Technical Fibre (X) Cumbria GB,United Kingdom,Technical Fibre Products - Global Parent,2020-01-28T00:00:00,Roxana McMican,S,S4
00020,        AUBA,20000921,1.0,N,HP1632,HP1632,HP1632-OP,HYDROSIZE HP-1632,,DAP,999,6118.2462,5628.42,926.0,420.0266,2096.93,5628.42,3531.49,3838.826,3531.49,0.0,3.8137,2.0,20240,Philippe Chabanne,Technical Fibre (X) Cumbria GB,United Kingdom,Technical Fibre Products - Global Parent,2020-04-28T00:00:00,Roxana McMican,S,S4
00020,        AUBA,21002409,1.0,N,HP1632,HP1632,HP1632-OP,HYDROSIZE HP-1632,,DAP,999,30932.2301,26262.44,2315.0,1050.0665,19864.24,26262.44,6398.2,7535.8799,6398.2,0.0,2.7638,5.0,20240,Philippe Chabanne,Technical Fibre (X) Cumbria GB,United Kingdom,Technical Fibre Products - Global Parent,2022-03-04T00:00:00,Roxana McMican,S,S4
00020,        AUBA,22000916,1.0,N,U601,U601,U601-OP,HYDROSIZE U6-01,,DAP,999,10505.4534,9699.72,1800.0,816.4664,7156.14,9699.72,2543.58,2754.8693,2543.58,0.0,1.4131,4.0,20240,Philippe Chabanne,Zoltek RT ( X AUBA) Nyergesujfalu HU,Hungary,Zoltek - Global Parent,2022-10-18T00:00:00,Norman Seung,S,S4
00020,        AUBA,22001771,1.0,N,HP1632,HP1632,HP1632-OP,HYDROSIZE HP-1632,,DAP,999,17161.6498,16954.55,1389.0,630.0399,7391.01,16954.55,9563.54,9680.3586,9563.54,0.0,6.8852,3.0,20240,Philippe Chabanne,Technical Fibre (X) Cumbria GB,United Kingdom,Technical Fibre Products - Global Parent,2022-08-26T00:00:00,Roxana McMican,S,S4
00020,        AUBA,22002359,1.0,N,HP1632,HP1632,HP1632-OP,HYDROSIZE HP-1632,,DAP,999,17263.7234,16917.82,1385.9905,628.67481355,7375.0,16917.82,9542.82,9737.9335,9542.82,0.0,6.8852,2.9935,20240,Philippe Chabanne,Technical Fibre (X) Cumbria GB,United Kingdom,Technical Fibre Products - Global Parent,2022-11-18T00:00:00,Roxana McMican,S,S4
00020,        AUBA,20000955,1.0,N,U2022EU,U2022EU.E,U2022EU.E-TO,HYDROSIZE U2022EU,,DAP,999,15783.6364,14520.0,4409.245,2000.0,6640.0,14520.0,7880.0,8565.7751,7880.0,0.0,3.94,2.0,20240,Philippe Chabanne,Procotex (X) Plouay FR,France,Procotex - Global Parent,2020-04-27T00:00:00,Norman Seung,S,S4
00020,        AUBA,20001962,1.0,N,U802,U802.E,U802.E-TO,HYDROSIZE U8-02,,EXW,999,13997.0596,11868.36,6574.117200000001,2982.0,1356.51,11868.36,10511.85,12397.247,10511.85,0.0,3.5251,2982.0,20240,Philippe Chabanne,Johns Manville (X) Trnava SK,Slovakia (Slovak Republic),Johns Manville - Global Parent,2020-11-03T00:00:00,Marcos Pedreira,S,S4
00020,        AUBA,20002265,1.0,N,U802,U802.E,U802.E-TO,HYDROSIZE U8-02,,EXW,999,9422.3292,7960.0,4409.245,2000.0,909.8,7960.0,7050.2,8345.3901,7050.2,0.0,3.5251,2.0,20240,Philippe Chabanne,Johns Manville (X) Trnava SK,Slovakia (Slovak Republic),Johns Manville - Global Parent,2020-12-01T00:00:00,Marcos Pedreira,S,S4
00020,        AUBA,20000181,1.0,N,HP1632,HP1632,HP1632-T2,HYDROSIZE HP-1632,,FCA,999,64835.1266,58368.7294,13230.0,6001.0272,8031.51,58368.7294,50337.5,55914.155,50337.5,0.0,3.8048,6.0,20240,Philippe Chabanne,SGL Carbon (X Bsto USD) Ross Shire GB,United Kingdom,SGL Carbon - Global Parent,2020-06-03T00:00:00,Roxana McMican,S,S4
00020,        AUBA,20000839,1.0,N,HP1632,HP1632,HP1632-T2,HYDROSIZE HP-1632,,FCA,999,78378.957,72103.9453,17600.0,7983.36,-420.66,72103.9453,72524.32,78835.9158,72524.32,0.0,4.1207,17600.0,20240,Philippe Chabanne,SGL Carbon (X Bsto USD) Ross Shire GB,United Kingdom,SGL Carbon - Global Parent,2021-02-03T00:00:00,Roxana McMican,S,S4
00020,        AUBA,20002644,1.0,N,HP1632,HP1632,HP1632-T2,HYDROSIZE HP-1632,,FCA,999,77237.586,63502.4975,15435.0,7001.1984,-100.76,63502.4975,63603.0,77359.8264,63603.0,0.0,4.1207,7.0,20240,Philippe Chabanne,SGL Carbon (X Bsto USD) Ross Shire GB,United Kingdom,SGL Carbon - Global Parent,2021-04-15T00:00:00,Roxana McMican,S,S4
00020,        AUBA,20002645,1.0,N,HP1632,HP1632,HP1632-T2,HYDROSIZE HP-1632,,FCA,999,118654.868,97554.5825,17640.0,8001.3696,24865.38,97554.5825,72689.15,88411.2389,72689.15,0.0,4.1207,8.0,20240,Philippe Chabanne,SGL Carbon (X Bsto USD) Ross Shire GB,United Kingdom,SGL Carbon - Global Parent,2021-05-03T00:00:00,Roxana McMican,S,S4
00020,        AUBA,20002646,1.0,N,HP1632,HP1632,HP1632-T2,HYDROSIZE HP-1632,,FCA,999,73821.0317,60693.5058,8820.0,4000.6848,24348.86,60693.5058,36344.57,44205.6134,36344.57,0.0,4.1207,4.0,20240,Philippe Chabanne,SGL Carbon (X Bsto USD) Ross Shire GB,United Kingdom,SGL Carbon - Global Parent,2021-10-11T00:00:00,Roxana McMican,S,S4
00020,        AUBA,20002647,1.0,N,HP1632,HP1632,HP1632-T2,HYDROSIZE HP-1632,,FCA,999,197180.583,162116.1422,17640.0,8001.3696,61573.16,162116.1422,100542.71,122289.3039,100542.71,0.0,5.6997,8.0,20240,Philippe Chabanne,SGL Carbon (X Bsto USD) Ross Shire GB,United Kingdom,SGL Carbon - Global Parent,2022-01-05T00:00:00,Roxana McMican,S,S4
00020,        AUBA,21002198,1.0,N,HP1632,HP1632,HP1632-T2,HYDROSIZE HP-1632,,FCA,999,53614.1774,45520.1294,6615.0,3000.5136,18261.64,45520.1294,27258.43,32105.3196,27258.43,0.0,4.1207,3.0,20240,Philippe Chabanne,SGL Carbon (X Bsto USD) Ross Shire GB,United Kingdom,SGL Carbon - Global Parent,2021-10-14T00:00:00,Roxana McMican,S,S4
00020,        AUBA,21002689,1.0,N,HP1632,HP1632,HP1632-T2,HYDROSIZE HP-1632,,FCA,999,69428.7481,60844.1763,6615.0,3000.5136,23140.64,60844.1763,37703.52,43023.1511,37703.52,0.0,5.6997,3.0,20240,Philippe Chabanne,SGL Carbon (X Bsto USD) Ross Shire GB,United Kingdom,SGL Carbon - Global Parent,2021-11-26T00:00:00,Roxana McMican,S,S4
00020,        AUBA,22000184,1.0,N,HP1632,HP1632,HP1632-T2,HYDROSIZE HP-1632,,FCA,999,95564.8151,84382.8325,8820.0,4000.6848,34111.59,84382.8325,50271.35,56933.0529,50271.35,0.0,5.6997,4.0,20240,Philippe Chabanne,SGL Carbon (X Bsto USD) Ross Shire GB,United Kingdom,SGL Carbon - Global Parent,2022-03-07T00:00:00,Roxana McMican,S,S4
00020,        AUBA,22000185,1.0,N,HP1632,HP1632,HP1632-T2,HYDROSIZE HP-1632,,FCA,999,72752.0877,64239.4089,6615.0,3000.5136,26535.76,64239.4089,37703.52,42699.7982,37703.52,0.0,5.6997,3.0,20240,Philippe Chabanne,SGL Carbon (X Bsto USD) Ross Shire GB,United Kingdom,SGL Carbon - Global Parent,2022-06-03T00:00:00,Roxana McMican,S,S4
00020,        AUBA,23002300,1.0,N,U502,U502.E,U502.E-TO,HYDROSIZE U5-02,,EXW,999,11131.6697,10298.55,2131.8482,967.0,4649.34,10298.55,5649.21,6106.213,5649.21,0.0,5.842,967.0,20240,Philippe Chabanne,Johns Manville (X) Trnava SK,Slovakia (Slovak Republic),Johns Manville - Global Parent,2024-01-24T00:00:00,Norman Seung,S,S4
00020,        AUBA,24001774,1.0,N,U502,U502.E,U502.E-TO,HYDROSIZE U5-02,,EXW,999,23445.793,21108.3,4369.5172,1982.0,10009.1,21108.3,11099.2,12328.3043,11099.2,0.0,5.6,1982.0,20240,Philippe Chabanne,Johns Manville (X) Trnava SK,Slovakia (Slovak Republic),Johns Manville - Global Parent,2024-10-16T00:00:00,Norman Seung,S,S4
00020,        AUBA,24001529,1.0,N,U802,U802.E,U802.E-TO,HYDROSIZE U8-02,,EXW,999,28847.5622,26190.0,6613.8675,3000.0,10806.0,26190.0,15384.0,16945.0514,15384.0,0.0,5.128,3.0,20240,Philippe Chabanne,Johns Manville (X) Trnava SK,Slovakia (Slovak Republic),Johns Manville - Global Parent,2024-10-29T00:00:00,Marcos Pedreira,S,S4
00020,        AUBA,23001788,1.0,N,HP1632,HP1632,HP1632-T2,HYDROSIZE HP-1632,,DAP,999,73356.1769,67211.58,4410.0,2000.3424,29439.49,67211.58,37772.09,41225.2787,37772.09,0.0,8.5651,2.0,20240,Philippe Chabanne,Technical Fibre (X) Cumbria GB,United Kingdom,Technical Fibre Products - Global Parent,2024-03-29T00:00:00,Roxana McMican,S,S4
00020,        AUBA,24001146,1.0,N,HP1632,HP1632,HP1632-T2,HYDROSIZE HP-1632,,DAP,999,72355.7325,67211.58,4410.0,2000.3424,32589.55,67211.58,34622.03,37271.8859,34622.03,0.0,7.8508,2.0,20240,Philippe Chabanne,Technical Fibre (X) Cumbria GB,United Kingdom,Technical Fibre Products - Global Parent,2024-09-27T00:00:00,Roxana McMican,S,S4
00020,        AUBA,24001862,1.0,N,U802,U802.E,U802.E-TO,HYDROSIZE U8-02,,EXW,999,29090.2308,26190.0,6613.8675,3000.0,10806.0,26190.0,15384.0,17087.5949,15384.0,0.0,5.128,3.0,20240,Philippe Chabanne,Johns Manville (X) Trnava SK,Slovakia (Slovak Republic),Johns Manville - Global Parent,2024-12-02T00:00:00,Marcos Pedreira,S,S4
00020,        AUBA,23001265,1.0,N,HP1632,HP1632,HP1632-T2,HYDROSIZE HP-1632,,DAP,999,169360.5269,156276.5249,15435.0,7001.1984,24074.49,156276.5249,132202.32,143270.7477,132202.32,0.0,8.5651,7.0,20240,Philippe Chabanne,SGL Carbon (X Bsto USD) Ross Shire GB,United Kingdom,SGL Carbon - Global Parent,2024-02-05T00:00:00,Roxana McMican,S,S4
00020,        AUBA,23001266,1.0,N,HP1632,HP1632,HP1632-T2,HYDROSIZE HP-1632,,DAP,999,169201.9829,156130.2292,15435.0,7001.1984,23928.09,156130.2292,132202.32,143270.7477,132202.32,0.0,8.5651,7.0,20240,Philippe Chabanne,SGL Carbon (X Bsto USD) Ross Shire GB,United Kingdom,SGL Carbon - Global Parent,2024-03-26T00:00:00,Roxana McMican,S,S4
00020,        AUBA,23001267,1.0,N,HP1632,HP1632,HP1632-T2,HYDROSIZE HP-1632,,DAP,999,194415.7729,179396.1198,17640.0,8001.3696,40908.41,179396.1198,138488.11,150082.8054,138488.11,0.0,7.8508,8.0,20240,Philippe Chabanne,SGL Carbon (X Bsto USD) Ross Shire GB,United Kingdom,SGL Carbon - Global Parent,2024-06-21T00:00:00,Roxana McMican,S,S4
00020,        AUBA,23001268,1.0,N,HP1632,HP1632,HP1632-T2,HYDROSIZE HP-1632,,DAP,999,124363.9544,114756.1771,11025.0,5000.856,27939.92,114756.1771,86816.36,94084.9208,86816.36,0.0,7.8745,5.0,20240,Philippe Chabanne,SGL Carbon (X Bsto USD) Ross Shire GB,United Kingdom,SGL Carbon - Global Parent,2024-12-16T00:00:00,Roxana McMican,S,S4
00020,        AUBA,25002273,1.0,N,U502,U502.E,U502.E-TO,HYDROSIZE U5-02,,EXW,999,21058.8179,18210.0,6613.8675,3000.0,4710.0,18210.0,13500.0,15611.9738,13500.0,0.0,4.5,3.0,20240,Philippe Chabanne,Johns Manville (X) Trnava SK,Slovakia (Slovak Republic),Johns Manville - Global Parent,2026-02-11T00:00:00,Norman Seung,S,S4
00020,        AUBA,26000690,1.0,N,U502,U502.E,U502.E-TO,HYDROSIZE U5-02,,DAP,999,33656.711,28800.0,6613.8675,3000.0,13350.0,28800.0,15450.0,18055.4231,15450.0,0.0,5.15,3.0,20240,Philippe Chabanne,Sisecam (S) Balikesir TR,Turkey,Sisecam - Global Parent,2026-06-24T00:00:00,Norman Seung,S,S4
00020,        AUBA,26000389,1.0,N,U502,U502.E,U502.E-TO,HYDROSIZE U5-02,,EXW,999,43076.2612,36420.0,13227.735,6000.0,9420.0,36420.0,27000.0,31934.6253,27000.0,0.0,4.5,6.0,20240,Philippe Chabanne,Johns Manville (X) Trnava SK,Slovakia (Slovak Republic),Johns Manville - Global Parent,2026-04-22T00:00:00,Norman Seung,S,S4
00020,        AUBA,26000601,1.0,N,U502,U502.E,U502.E-TO,HYDROSIZE U5-02,,EXW,999,21071.5667,18210.0,6613.8675,3000.0,4710.0,18210.0,13500.0,15621.4251,13500.0,0.0,4.5,3.0,20240,Philippe Chabanne,Johns Manville (X) Trnava SK,Slovakia (Slovak Republic),Johns Manville - Global Parent,2026-05-21T00:00:00,Norman Seung,S,S4
00020,        AUBA,26000813,1.0,N,U502,U502.E,U502.E-TO,HYDROSIZE U5-02,,EXW,999,23664.875,20250.0,6613.8675,3000.0,4800.0,20250.0,15450.0,18055.4231,15450.0,0.0,5.15,3.0,20240,Philippe Chabanne,Johns Manville (X) Trnava SK,Slovakia (Slovak Republic),Johns Manville - Global Parent,2026-06-09T00:00:00,Norman Seung,S,S4
00020,        AUBA,25000254,1.0,N,HP1632,HP1632,HP1632-T2,HYDROSIZE HP-1632,,FCA,999,73410.445,70506.8664,8820.0,4000.6848,6402.31,70506.8664,64104.64,66744.5652,64104.64,0.0,7.2681,4.0,20240,Philippe Chabanne,SGL Carbon (X Bsto USD) Ross Shire GB,United Kingdom,SGL Carbon - Global Parent,2026-01-09T00:00:00,Roxana McMican,S,S4
00020,        AUBA,25001460,1.0,N,HP1632,HP1632,HP1632-T2,HYDROSIZE HP-1632,,DAP,999,166333.3494,142188.6988,17640.0,8001.3696,16873.94,142188.6988,125314.56,146593.862,125314.56,0.0,7.104,8.0,20240,Philippe Chabanne,SGL Carbon (X Bsto USD) Ross Shire GB,United Kingdom,SGL Carbon - Global Parent,2026-03-11T00:00:00,Roxana McMican,S,S4
00020,        AUBA,25002242,1.0,N,HP1632,HP1632,HP1632-T2,HYDROSIZE HP-1632,,EXW,999,135821.3223,117447.5361,15435.0,7001.1984,7797.1,117447.5361,109650.24,126804.1977,109650.24,0.0,7.104,7.0,20240,Philippe Chabanne,SGL Carbon (X Bsto USD) Ross Shire GB,United Kingdom,SGL Carbon - Global Parent,2026-04-30T00:00:00,Roxana McMican,S,S4
00020,        AUBA,25002433,1.0,N,HP1632,HP1632,HP1632-T2,HYDROSIZE HP-1632,,DAP,999,61247.9292,52295.0438,6615.0,3000.5136,4216.63,52295.0438,48078.48,56309.4917,48078.48,0.0,7.2681,3.0,20240,Philippe Chabanne,SGL Carbon (X Bsto USD) Ross Shire GB,United Kingdom,SGL Carbon - Global Parent,2026-02-09T00:00:00,Roxana McMican,S,S4
00020,        AUBA,26000959,1.0,N,U502,U502.E,U502.E-TO,HYDROSIZE U5-02,,EXW,999,23653.3507,20250.0,6613.8675,3000.0,4800.0,20250.0,15450.0,18046.6305,15450.0,0.0,5.15,3.0,20240,Philippe Chabanne,Johns Manville (X) Trnava SK,Slovakia (Slovak Republic),Johns Manville - Global Parent,2026-07-07T00:00:00,Norman Seung,S,S4
00020,        AUBA,26000814,1.0,N,U802,U802.E,U802.E-TO,HYDROSIZE U8-02,,EXW,999,21339.2897,18260.0,4409.245,2000.0,7980.0,18260.0,10280.0,12013.576,10280.0,0.0,5.14,2.0,20240,Philippe Chabanne,Johns Manville (X) Trnava SK,Slovakia (Slovak Republic),Johns Manville - Global Parent,2026-07-07T00:00:00,Marcos Pedreira,S,S4
00020,        AUBA,25002345,1.0,N,HP1632,HP1632,HP1632-T2,HYDROSIZE HP-1632,,DAP,999,77382.7789,66071.39,4410.0,2000.3424,35312.96,66071.39,30758.43,36024.2578,30758.43,0.0,6.9747,2.0,20240,Philippe Chabanne,Technical Fibre (X) Cumbria GB,United Kingdom,Technical Fibre Products - Global Parent,2026-08-13T00:00:00,Roxana McMican,S,S4
00020,        AUBA,25001419,1.0,N,U802,U802.E,U802.E-TO,HYDROSIZE U8-02,,EXW,999,30637.2479,26190.0,6613.8675,3000.0,9930.0,26190.0,16260.0,19021.0634,16260.0,0.0,5.42,3.0,20240,Philippe Chabanne,Johns Manville (X) Trnava SK,Slovakia (Slovak Republic),Johns Manville - Global Parent,2025-08-06T00:00:00,Marcos Pedreira,S,S4
00020,        AUBA,25000502,1.0,N,U502,U502.E,U502.E-TO,HYDROSIZE U5-02,,EXW,999,22753.1237,21090.0,6613.8675,3000.0,6630.0,21090.0,14460.0,15600.2925,14460.0,0.0,4.82,3.0,20240,Philippe Chabanne,Johns Manville (X) Trnava SK,Slovakia (Slovak Republic),Johns Manville - Global Parent,2025-04-30T00:00:00,Norman Seung,S,S4
00020,        AUBA,25001915,1.0,N,U502,U502.E,U502.E-TO,HYDROSIZE U5-02,,EXW,999,21211.2174,18210.0,6613.8675,3000.0,3750.0,18210.0,14460.0,16843.1743,14460.0,0.0,4.82,3.0,20240,Philippe Chabanne,Johns Manville (X) Trnava SK,Slovakia (Slovak Republic),Johns Manville - Global Parent,2025-11-04T00:00:00,Norman Seung,S,S4
00020,        AUBA,25002049,1.0,N,U502,U502.E,U502.E-TO,HYDROSIZE U5-02,,EXW,999,21211.2174,18210.0,6613.8675,3000.0,3750.0,18210.0,14460.0,16843.1743,14460.0,0.0,4.82,3.0,20240,Philippe Chabanne,Johns Manville (X) Trnava SK,Slovakia (Slovak Republic),Johns Manville - Global Parent,2025-11-21T00:00:00,Norman Seung,S,S4
00020,        AUBA,24001147,1.0,N,HP1632,HP1632,HP1632-T2,HYDROSIZE HP-1632,,DAP,999,72355.7325,67211.58,4410.0,2000.3424,32485.03,67211.58,34726.55,37384.4055,34726.55,0.0,7.8745,2.0,20240,Philippe Chabanne,Technical Fibre (X) Cumbria GB,United Kingdom,Technical Fibre Products - Global Parent,2025-03-25T00:00:00,Roxana McMican,S,S4
00020,        AUBA,25000018,1.0,N,U502,U502.E,U502.E-TO,HYDROSIZE U5-02,,DAP,999,36165.6099,34950.0,6613.8675,3000.0,20490.0,34950.0,14460.0,14962.939,14460.0,0.0,4.82,3.0,20240,Philippe Chabanne,Sisecam (S) Balikesir TR,Turkey,Sisecam - Global Parent,2025-04-04T00:00:00,Norman Seung,S,S4
00020,        AUBA,24001122,1.0,N,HP1632,HP1632,HP1632-T2,HYDROSIZE HP-1632,,FCA,999,103630.543,95891.8413,11025.0,5000.856,9075.67,95891.8413,86816.36,93822.6486,86816.36,0.0,7.8745,5.0,20240,Philippe Chabanne,SGL Carbon (X Bsto USD) Ross Shire GB,United Kingdom,SGL Carbon - Global Parent,2025-03-10T00:00:00,Roxana McMican,S,S4
00020,        AUBA,25000253,1.0,N,HP1632,HP1632,HP1632-T2,HYDROSIZE HP-1632,,FCA,999,146987.619,141173.8674,17640.0,8001.3696,-1008.0,141173.8674,142181.93,148037.1952,142181.93,0.0,8.0602,8.0,20240,Philippe Chabanne,SGL Carbon (X Bsto USD) Ross Shire GB,United Kingdom,SGL Carbon - Global Parent,2025-09-03T00:00:00,Roxana McMican,S,S4
00020,        AUBA,23002198,1.0,N,U502,U502.E,U502.E-TO,HYDROSIZE U5-02,,EXW,999,33758.3189,31950.0,6613.8675,3000.0,13140.0,31950.0,18810.0,19874.6159,18810.0,0.0,6.27,3.0,20240,Philippe Chabanne,Johns Manville (X) Trnava SK,Slovakia (Slovak Republic),Johns Manville - Global Parent,2023-11-27T00:00:00,Norman Seung,S,S4
00020,        AUBA,23000141,1.0,N,HP1632,HP1632,HP1632-OP,HYDROSIZE HP-1632,,DAP,999,29525.0024,27386.02,1852.0,840.0532,14634.63,27386.02,12751.39,13747.336,12751.39,0.0,6.8852,4.0,20240,Philippe Chabanne,Technical Fibre (X) Cumbria GB,United Kingdom,Technical Fibre Products - Global Parent,2023-05-10T00:00:00,Roxana McMican,S,S4
00020,        AUBA,23000199,1.0,N,HP1632,HP1632,HP1632-OP,HYDROSIZE HP-1632,,DAP,999,38502.5112,35713.14,2315.0,1050.0665,19773.9,35713.14,15939.24,17184.1727,15939.24,0.0,6.8852,5.0,20240,Philippe Chabanne,Technical Fibre (X) Cumbria GB,United Kingdom,Technical Fibre Products - Global Parent,2023-04-27T00:00:00,Roxana McMican,S,S4
00020,        AUBA,23001787,1.0,N,HP1632,HP1632,HP1632-T2,HYDROSIZE HP-1632,,DAP,999,73356.8754,67212.22,4410.0,2000.3424,28910.49,67212.22,38301.73,41803.3393,38301.73,0.0,8.6852,2.0,20240,Philippe Chabanne,Technical Fibre (X) Cumbria GB,United Kingdom,Technical Fibre Products - Global Parent,2023-10-20T00:00:00,Roxana McMican,S,S4
00020,        AUBA,23000220,1.0,N,U2022EU,U2022EU.E,U2022EU.E-TO,HYDROSIZE U2022EU,,DAP,999,20324.731,18975.46,4208.6243525,1909.0,11454.0,18975.46,7521.46,8056.2817,7521.46,0.0,3.94,1.909,20240,Philippe Chabanne,Procotex (X) Plouay FR,France,Procotex - Global Parent,2023-02-15T00:00:00,Norman Seung,S,S4
00020,        AUBA,22000186,1.0,N,HP1632,HP1632,HP1632-T2,HYDROSIZE HP-1632,,FCA,999,167388.881,147802.8068,15435.0,7001.1984,26529.67,147802.8068,121272.8,137343.253,121272.8,0.0,7.857,7.0,20240,Philippe Chabanne,SGL Carbon (X Bsto USD) Ross Shire GB,United Kingdom,SGL Carbon - Global Parent,2023-01-10T00:00:00,Roxana McMican,S,S4
00020,        AUBA,23001264,1.0,N,HP1632,HP1632,HP1632-T2,HYDROSIZE HP-1632,,DAP,999,120068.1714,110792.2661,11025.0,5000.856,15037.81,110792.2661,95754.33,103771.2081,95754.33,0.0,8.6852,5.0,20240,Philippe Chabanne,SGL Carbon (X Bsto USD) Ross Shire GB,United Kingdom,SGL Carbon - Global Parent,2023-12-05T00:00:00,Roxana McMican,S,S4
00020,        AUBA,22000057,1.0,N,HP1632,HP1632,HP1632-OP,HYDROSIZE HP-1632,,DAP,999,14741.6746,13016.76,1389.0,630.0399,9177.84,13016.76,3838.92,4347.6341,3838.92,0.0,2.7638,3.0,20220,Luc Vanderstappen,Sobotram (S) Chalon sur Saone FR,France,Safic France - Global Parent,2022-03-04T00:00:00,Roxana McMican,S,S4
00020,        AUBA,19002384,1.0,N,MDU440,MDU440.E,MDU440.E-TO,MICHEM DISP. URETHANE 440,,DAP,999,16485.108,14920.0,8818.49,4000.0,4560.0,14920.0,10360.0,11446.764,10360.0,0.0,2.59,4.0,20220,Luc Vanderstappen,Pebeo (X)  Gemenos FR,France,Pebeo (X)  Gemenos FR,2020-01-07T00:00:00,.,S,S4
00020,        AUBA,20000003,1.0,N,MDU4075,MDU4075.E,MDU4075.E-TO,MICHEM DISP. URETHANE 4075,,DAP,999,12696.276,11430.0,6613.8675,3000.0,2100.0,11430.0,9330.0,10363.6268,9330.0,0.0,3.11,3.0,20220,Luc Vanderstappen,Tanatex Chemicals B.V (X) Ede NL,Netherlands,Tanatex Chemicals B.V (X) Ede NL,2020-01-20T00:00:00,.,S,S4
00020,        AUBA,20000132,1.0,N,MDU4075,MDU4075.E,MDU4075.E-LP,MICHEM DISP. URETHANE 4075,,DAP,999,7617.7656,6858.0,3968.3205000000003,1800.0,1260.0,6858.0,5598.0,6218.1761,5598.0,0.0,3.11,15.0,20220,Luc Vanderstappen,Tanatex Chemicals (S) Ede NL,Netherlands,Tanatex Chemicals B.V (X) Ede NL,2020-02-12T00:00:00,.,S,S4
00020,        AUBA,20000371,1.0,N,MDU440,MDU440.E,MDU440.E-TO,MICHEM DISP. URETHANE 440,,DAP,999,9084.2569,8320.0,4409.245,2000.0,3140.0,8320.0,5180.0,5655.8234,5180.0,0.0,2.59,2.0,20220,Luc Vanderstappen,Duralex (X) Bobigny FR,France,Duralex (X) Bobigny FR,2020-02-25T00:00:00,.,S,S4
00020,        AUBA,20000400,1.0,N,MDU440,MDU440.E,MDU440.E-TO,MICHEM DISP. URETHANE 440,,DAP,999,9084.2569,8320.0,4409.245,2000.0,3140.0,8320.0,5180.0,5655.8234,5180.0,0.0,2.59,2.0,20220,Luc Vanderstappen,Duralex (X) Bobigny FR,France,Duralex (X) Bobigny FR,2020-06-05T00:00:00,.,S,S4
00020,        AUBA,20000705,1.0,N,MDU4075,MDU4075.E,MDU4075.E-TO,MICHEM DISP. URETHANE 4075,,DAP,999,8435.1632,7620.0,4409.245,2000.0,1400.0,7620.0,6220.0,6885.3957,6220.0,0.0,3.11,2.0,20220,Luc Vanderstappen,Tanatex Chemicals (S) Ede NL,Netherlands,Tanatex Chemicals B.V (X) Ede NL,2020-04-07T00:00:00,.,S,S4
00020,        AUBA,19002620,1.0,N,MDU4075,MDU4075.E,MDU4075.E-LP,MICHEM DISP. URETHANE 4075,,DAP,999,7622.3927,6858.0,3968.3205000000003,1800.0,1260.0,6858.0,5598.0,6221.9531,5598.0,0.0,3.11,15.0,20220,Luc Vanderstappen,Tanatex Chemicals B.V (X) Ede NL,Netherlands,Tanatex Chemicals B.V (X) Ede NL,2020-01-10T00:00:00,.,S,S4
00020,        AUBA,20000100,1.0,N,MDU440,MDU440.E,MDU440.E-TO,MICHEM DISP. URETHANE 440,,DAP,999,20716.1458,18650.0,11023.1125,5000.0,5700.0,18650.0,12950.0,14384.6696,12950.0,0.0,2.59,5.0,20220,Luc Vanderstappen,Pebeo (X)  Gemenos FR,France,Pebeo (X)  Gemenos FR,2020-03-09T00:00:00,.,S,S4
00020,        AUBA,20000421,1.0,N,MDU2012,MDU2012.E,MDU2012.E-TO,MICHEM DISP. URETHANE 2012,,EXW,999,14630.8945,13400.0,8818.49,4000.0,4120.0,13400.0,9280.0,10132.4404,9280.0,0.0,2.32,4.0,20220,Luc Vanderstappen,"Keyser & Mackay (S) Rhenen, NL",Netherlands,K&M Netherlands - Global Parent,2020-03-16T00:00:00,.,S,S4
00020,        AUBA,20001013,1.0,N,MDU4075B,MDU4075B.E,MDU4075B.E-TO,MICHEM DISP. URETHANE 4075,,DAP,999,12424.722,11430.0,6613.8675,3000.0,1980.0,11430.0,9450.0,10272.408,9450.0,0.0,3.15,3.0,20220,Luc Vanderstappen,Tanatex Chemicals (S) Ede NL,Netherlands,Tanatex Chemicals B.V (X) Ede NL,2020-05-28T00:00:00,Marcos Pedreira,S,S4
00020,        AUBA,20001277,1.0,N,MDU4075B,MDU4075B.E,MDU4075B.E-TO,MICHEM DISP. URETHANE 4075,,DAP,999,12858.8323,11430.0,6613.8675,3000.0,1980.0,11430.0,9450.0,10631.318,9450.0,0.0,3.15,3.0,20220,Luc Vanderstappen,Tanatex Chemicals (S) Ede NL,Netherlands,Tanatex Chemicals B.V (X) Ede NL,2020-08-04T00:00:00,Marcos Pedreira,S,S4
00020,        AUBA,20001465,1.0,N,MDU4075B,MDU4075B.E,MDU4075B.E-LP,MICHEM DISP. URETHANE 4075,,DAP,999,3137.9377,2743.2,1587.3282000000002,720.0,410.4,2743.2,2332.8,2668.4825,2332.8,0.0,3.24,6.0,20220,Luc Vanderstappen,Tanatex Chemicals (S) Ede NL,Netherlands,Tanatex Chemicals B.V (X) Ede NL,2020-08-13T00:00:00,Marcos Pedreira,S,S4
00020,        AUBA,20001500,1.0,N,MDU2012B,MDU2012B.E,MDU2012B.E-LP,MICHEM DISP. URETHANE 2012B,,DAP,999,944.4012,825.6,529.1094,240.0,135.24,825.6,690.36,789.7006,690.36,0.0,2.8765,2.0,20220,Luc Vanderstappen,SurTec (X) Zwingenberg DE,Germany,Surtec - Global Parent,2020-07-30T00:00:00,Marcos Pedreira,S,S4
00020,        AUBA,20001833,1.0,N,MDU4075B,MDU4075B.E,MDU4075B.E-LP,MICHEM DISP. URETHANE 4075,,DAP,999,8088.0454,6858.0,3968.3205000000003,1800.0,1026.0,6858.0,5832.0,6878.0229,5832.0,0.0,3.24,15.0,20220,Luc Vanderstappen,Tanatex Chemicals (S) Ede NL,Netherlands,Tanatex Chemicals B.V (X) Ede NL,2020-10-14T00:00:00,Marcos Pedreira,S,S4
00020,        AUBA,20001880,1.0,N,MDU4075B,MDU4075B.E,MDU4075B.E-TO,MICHEM DISP. URETHANE 4075,,DAP,999,13480.0757,11430.0,6613.8675,3000.0,1980.0,11430.0,9450.0,11144.9444,9450.0,0.0,3.15,3.0,20220,Luc Vanderstappen,Tanatex Chemicals (S) Ede NL,Netherlands,Tanatex Chemicals B.V (X) Ede NL,2020-10-12T00:00:00,Marcos Pedreira,S,S4
00020,        AUBA,20001959,1.0,N,MDU440B,MDU440B.E,MDU440B.E-TO,MICHEM DISP. URETHANE 440B,,DAP,999,18574.9074,15750.0,11023.1125,5000.0,2350.0,15750.0,13400.0,15803.4133,13400.0,0.0,2.68,5.0,20220,Luc Vanderstappen,Pebeo (X)  Gemenos FR,France,Pebeo (X)  Gemenos FR,2020-11-19T00:00:00,Marcos Pedreira,S,S4
00020,        AUBA,20002237,1.0,N,MDU4075B,MDU4075B.E,MDU4075B.E-TO,MICHEM DISP. URETHANE 4075,,DAP,999,13451.6161,11430.0,6613.8675,3000.0,1980.0,11430.0,9450.0,11121.4149,9450.0,0.0,3.15,3.0,20220,Luc Vanderstappen,Tanatex Chemicals (S) Ede NL,Netherlands,Tanatex Chemicals B.V (X) Ede NL,2020-11-17T00:00:00,Marcos Pedreira,S,S4
00020,        AUBA,20002572,1.0,N,MDU2012B,MDU2012B.E,MDU2012B.E-TO,MICHEM DISP. URETHANE 2012B,,DAP,999,8149.1571,6700.0,5000.0,2000.0,1920.0,6700.0,4780.0,5813.8762,4780.0,0.0,2.39,2.0,20220,Luc Vanderstappen,Sobotram (S) Chalon sur Saone FR,France,Safic France - Global Parent,2021-01-15T00:00:00,Marcos Pedreira,S,S4
00020,        AUBA,21000242,1.0,N,MDU4075B,MDU4075B.E,MDU4075B.E-TO,MICHEM DISP. URETHANE 4075,,DAP,999,13910.1123,11430.0,6613.8675,3000.0,1980.0,11430.0,9450.0,11500.4865,9450.0,0.0,3.15,3.0,20220,Luc Vanderstappen,Tanatex Chemicals (S) Ede NL,Netherlands,Tanatex Chemicals B.V (X) Ede NL,2021-02-11T00:00:00,Marcos Pedreira,S,S4
00020,        AUBA,21000792,1.0,N,MDU4075B,MDU4075B.E,MDU4075B.E-LP,MICHEM DISP. URETHANE 4075,,DAP,999,3413.0669,2865.6,1587.3282000000002,720.0,532.8,2865.6,2332.8,2778.4765,2332.8,0.0,3.24,6.0,20220,Luc Vanderstappen,Tanatex Chemicals (S) Ede NL,Netherlands,Tanatex Chemicals B.V (X) Ede NL,2021-04-15T00:00:00,Marcos Pedreira,S,S4
00020,        AUBA,21001088,1.0,N,MDU4075B,MDU4075B.E,MDU4075B.E-TO,MICHEM DISP. URETHANE 4075,,DAP,999,14269.6122,11940.0,6613.8675,3000.0,2490.0,11940.0,9450.0,11293.7886,9450.0,0.0,3.15,3.0,20220,Luc Vanderstappen,Tanatex Chemicals (S) Ede NL,Netherlands,Tanatex Chemicals B.V (X) Ede NL,2021-06-17T00:00:00,Marcos Pedreira,S,S4
00020,        AUBA,21001119,1.0,N,MDU440B,MDU440B.E,MDU440B.E-TO,MICHEM DISP. URETHANE 440B,,DAP,999,22882.9198,18850.0,11023.1125,5000.0,5450.0,18850.0,13400.0,16266.9032,13400.0,0.0,2.68,5.0,20220,Luc Vanderstappen,Pebeo (X)  Gemenos FR,France,Pebeo (X)  Gemenos FR,2021-11-10T00:00:00,Marcos Pedreira,S,S4
00020,        AUBA,21001131,1.0,N,MDU4075B,MDU4075B.E,MDU4075B.E-TO,MICHEM DISP. URETHANE 4075,,DAP,999,17189.5037,14160.0,8818.49,4000.0,1560.0,14160.0,12600.0,15295.7448,12600.0,0.0,3.15,4.0,20220,Luc Vanderstappen,Keyser & Mackay Alblas (S) Emsbueren DE,Germany,K&M Deutchland - Global Parent,2021-05-28T00:00:00,Marcos Pedreira,S,S4
00020,        AUBA,21001198,1.0,N,MDU4075B,MDU4075B.E,MDU4075B.E-LP,MICHEM DISP. URETHANE 4075,,DAP,999,2898.9078,2388.0,1322.7735000000002,600.0,444.0,2388.0,1944.0,2359.9149,1944.0,0.0,3.24,5.0,20220,Luc Vanderstappen,Tanatex Chemicals (S) Ede NL,Netherlands,Tanatex Chemicals B.V (X) Ede NL,2021-06-10T00:00:00,Marcos Pedreira,S,S4
00020,        AUBA,21001275,1.0,N,MDU4075B,MDU4075B.E,MDU4075B.E-TO,MICHEM DISP. URETHANE 4075,,DAP,999,25371.5132,20900.0,11023.1125,5000.0,3850.0,20900.0,17050.0,20697.8134,17050.0,0.0,3.41,5.0,20220,Luc Vanderstappen,Tanatex Chemicals (S) Ede NL,Netherlands,Tanatex Chemicals B.V (X) Ede NL,2021-08-02T00:00:00,Marcos Pedreira,S,S4
00020,        AUBA,21001416,1.0,N,MDU440B,MDU440B.E,MDU440B.E-TO,MICHEM DISP. URETHANE 440B,,DAP,999,22708.0559,18850.0,11023.1125,5000.0,5450.0,18850.0,13400.0,16142.5968,13400.0,0.0,2.68,5.0,20220,Luc Vanderstappen,Pebeo (X)  Gemenos FR,France,Pebeo (X)  Gemenos FR,2021-11-10T00:00:00,Marcos Pedreira,S,S4
00020,        AUBA,21001719,1.0,N,MDU4075B,MDU4075B.E,MDU4075B.E-TO,MICHEM DISP. URETHANE 4075,,DAP,999,9887.2767,8360.0,4409.245,2000.0,1540.0,8360.0,6820.0,8065.9363,6820.0,0.0,3.41,2.0,20220,Luc Vanderstappen,Tanatex Chemicals (S) Ede NL,Netherlands,Tanatex Chemicals B.V (X) Ede NL,2021-08-17T00:00:00,Marcos Pedreira,S,S4
00020,        AUBA,21001731,1.0,N,MDU4075B,MDU4075B.E,MDU4075B.E-LP,MICHEM DISP. URETHANE 4075,,DAP,999,5339.1294,4514.4,2380.9923000000003,1080.0,1015.2,4514.4,3499.2,4138.4639,3499.2,0.0,3.24,9.0,20220,Luc Vanderstappen,Tanatex Chemicals (S) Ede NL,Netherlands,Tanatex Chemicals B.V (X) Ede NL,2021-08-12T00:00:00,Marcos Pedreira,S,S4
00020,        AUBA,21001840,1.0,N,MDU4075B,MDU4075B.E,MDU4075B.E-TO,MICHEM DISP. URETHANE 4075,,DAP,999,16108.2187,13620.0,6613.8675,3000.0,3390.0,13620.0,10230.0,12098.9044,10230.0,0.0,3.41,3.0,20220,Luc Vanderstappen,Keyser & Mackay Alblas (S) Emsbueren DE,Germany,K&M Deutchland - Global Parent,2021-08-12T00:00:00,Marcos Pedreira,S,S4
00020,        AUBA,21001850,1.0,N,MDU4075B,MDU4075B.E,MDU4075B.E-TO,MICHEM DISP. URETHANE 4075,,DAP,999,16321.1027,13800.0,6613.8675,3000.0,2610.0,13800.0,11190.0,13234.2854,11190.0,0.0,3.73,3.0,20220,Luc Vanderstappen,Tanatex Chemicals (S) Ede NL,Netherlands,Tanatex Chemicals B.V (X) Ede NL,2022-02-07T00:00:00,Marcos Pedreira,S,S4
00020,        AUBA,21001851,1.0,N,MDU4075B,MDU4075B.E,MDU4075B.E-TO,MICHEM DISP. URETHANE 4075,,DAP,999,29661.8301,25080.0,13227.735,6000.0,2700.0,25080.0,22380.0,26468.5709,22380.0,0.0,3.73,6.0,20220,Luc Vanderstappen,Tanatex Chemicals (S) Ede NL,Netherlands,Tanatex Chemicals B.V (X) Ede NL,2021-12-16T00:00:00,Marcos Pedreira,S,S4
00020,        AUBA,21001852,1.0,N,MDU4075B,MDU4075B.E,MDU4075B.E-LP,MICHEM DISP. URETHANE 4075,,DAP,999,17797.0981,15048.0,7936.6410000000005,3600.0,3384.0,15048.0,11664.0,13794.8798,11664.0,0.0,3.24,30.0,20220,Luc Vanderstappen,Tanatex Chemicals (S) Ede NL,Netherlands,Tanatex Chemicals B.V (X) Ede NL,2021-10-06T00:00:00,Marcos Pedreira,S,S4
00020,        AUBA,21002393,1.0,N,MDU4075B,MDU4075B.E,MDU4075B.E-TO,MICHEM DISP. URETHANE 4075,,DAP,999,9846.5125,8360.0,4409.245,2000.0,1540.0,8360.0,6820.0,8032.6812,6820.0,0.0,3.41,2.0,20220,Luc Vanderstappen,Tanatex Chemicals (S) Ede NL,Netherlands,Tanatex Chemicals B.V (X) Ede NL,2021-10-19T00:00:00,Marcos Pedreira,S,S4
00020,        AUBA,21002510,1.0,N,MDU4075B,MDU4075B.E,MDU4075B.E-LP,MICHEM DISP. URETHANE 4075,,DAP,999,8963.055,7728.0,3703.7658,1680.0,1310.4,7728.0,6417.6,7443.2326,6417.6,0.0,3.82,14.0,20220,Luc Vanderstappen,Tanatex Chemicals (S) Ede NL,Netherlands,Tanatex Chemicals B.V (X) Ede NL,2022-02-07T00:00:00,Marcos Pedreira,S,S4
00020,        AUBA,21002585,1.0,N,MDU440B,MDU440B.E,MDU440B.E-TO,MICHEM DISP. URETHANE 440B,,DAP,999,9603.2732,8280.0,4409.245,2000.0,2140.0,8280.0,6140.0,7121.2678,6140.0,0.0,3.07,2.0,20220,Luc Vanderstappen,Pebeo (X)  Gemenos FR,France,Pebeo (X)  Gemenos FR,2022-03-15T00:00:00,Marcos Pedreira,S,S4
00020,        AUBA,21002631,1.0,N,MDU2012B,MDU2012B.E,MDU2012B.E-LP,MICHEM DISP. URETHANE 2012B,,DAP,999,4242.1415,3657.6,2116.4376,960.0,858.05,3657.6,2799.55,3246.9618,2799.55,0.0,2.9162,8.0,20220,Luc Vanderstappen,SurTec (X) Zwingenberg DE,Germany,Surtec - Global Parent,2021-12-09T00:00:00,Marcos Pedreira,S,S4
00020,        AUBA,21002641,1.0,N,MDU2012B,MDU2012B.E,MDU2012B.E-LP,MICHEM DISP. URETHANE 2012B,,DAP,999,1590.8031,1371.6,793.6641000000001,360.0,321.77,1371.6,1049.83,1217.6092,1049.83,0.0,2.9162,3.0,20220,Luc Vanderstappen,Keyser & Mackay Alblas (S) Emsbueren DE,Germany,K&M Deutchland - Global Parent,2021-12-09T00:00:00,Marcos Pedreira,S,S4
00020,        AUBA,22000037,1.0,N,MDU440B,MDU440B.E,MDU440B.E-TO,MICHEM DISP. URETHANE 440B,,DAP,999,53907.7092,47600.0,15432.3575,7000.0,22610.0,47600.0,24990.0,28301.5474,24990.0,0.0,3.57,7.0,20220,Luc Vanderstappen,Pebeo (X)  Gemenos FR,France,Pebeo (X)  Gemenos FR,2022-09-07T00:00:00,Marcos Pedreira,S,S4
00020,        AUBA,22000078,1.0,N,MDU2012B,MDU2012B.E,MDU2012B.E-TO,MICHEM DISP. URETHANE 2012B,,DAP,999,11325.149,10000.0,5000.0,2000.0,3700.0,10000.0,6300.0,7134.8439,6300.0,0.0,3.15,2.0,20220,Luc Vanderstappen,SurTec (X) Zwingenberg DE,Germany,Surtec - Global Parent,2022-02-21T00:00:00,Marcos Pedreira,S,S4
00020,        AUBA,22000234,1.0,N,MDU4075B,MDU4075B.E,MDU4075B.E-TO,MICHEM DISP. URETHANE 4075,,DAP,999,19705.7593,17400.0,6613.8675,3000.0,3840.0,17400.0,13560.0,15356.902,13560.0,0.0,4.52,3.0,20220,Luc Vanderstappen,Keyser & Mackay Alblas (S) Emsbueren DE,Germany,K&M Deutchland - Global Parent,2022-04-01T00:00:00,Marcos Pedreira,S,S4
00020,        AUBA,22000306,1.0,N,MDU440B,MDU440B.E,MDU440B.E-TO,MICHEM DISP. URETHANE 440B,,DAP,999,23135.6155,20400.0,6613.8675,3000.0,9690.0,20400.0,10710.0,12146.1981,10710.0,0.0,3.57,3.0,20220,Luc Vanderstappen,Pebeo (X)  Gemenos FR,France,Pebeo (X)  Gemenos FR,2022-09-13T00:00:00,Marcos Pedreira,S,S4
00020,        AUBA,22000634,1.0,N,MDU440B,MDU440B.E,MDU440B.E-TO,MICHEM DISP. URETHANE 440B,,DAP,999,50161.5646,45560.0,14770.820000000002,6700.0,21641.0,45560.0,23919.0,26334.8214,23919.0,0.0,3.57,6700.0,20220,Luc Vanderstappen,Pebeo (X)  Gemenos FR,France,Pebeo (X)  Gemenos FR,2022-06-10T00:00:00,Marcos Pedreira,S,S4
00020,        AUBA,22001368,1.0,N,MDU4075B,MDU4075B.E,MDU4075B.E-LP,MICHEM DISP. URETHANE 4075B,,DAP,999,9212.1063,8712.0,3174.6564000000003,1440.0,2073.6,8712.0,6638.4,7019.4727,6638.4,0.0,4.61,12.0,20220,Luc Vanderstappen,Tanatex Chemicals (S) Ede NL,Netherlands,Tanatex Chemicals B.V (X) Ede NL,2022-06-21T00:00:00,Marcos Pedreira,S,S4
00020,        AUBA,22001557,1.0,N,MDU4075B,MDU4075B.E,MDU4075B.E-TO,MICHEM DISP. URETHANE 4075B,,DAP,999,31120.3182,30500.0,11023.1125,5000.0,7900.0,30500.0,22600.0,23059.6456,22600.0,0.0,4.52,5.0,20220,Luc Vanderstappen,Keyser & Mackay Alblas (S) Emsbueren DE,Germany,K&M Deutchland - Global Parent,2022-08-04T00:00:00,Marcos Pedreira,S,S4
00020,        AUBA,22001651,1.0,N,MDU4075B,MDU4075B.E,MDU4075B.E-TO,MICHEM DISP. URETHANE 4075B,,DAP,999,18519.1401,18150.0,6613.8675,3000.0,4590.0,18150.0,13560.0,13835.7873,13560.0,0.0,4.52,3.0,20220,Luc Vanderstappen,Tanatex Chemicals (S) Ede NL,Netherlands,Tanatex Chemicals B.V (X) Ede NL,2022-08-30T00:00:00,Marcos Pedreira,S,S4
00020,        AUBA,22001865,1.0,N,MDU4075B,MDU4075B.E,MDU4075B.E-TO,MICHEM DISP. URETHANE 4075B,,DAP,999,12001.1732,12100.0,4409.245,2000.0,3060.0,12100.0,9040.0,8966.1658,9040.0,0.0,4.52,2.0,20220,Luc Vanderstappen,Tanatex Chemicals (S) Ede NL,Netherlands,Tanatex Chemicals B.V (X) Ede NL,2022-09-16T00:00:00,Marcos Pedreira,S,S4
00020,        AUBA,22001867,1.0,N,MDU440B,MDU440B.E,MDU440B.E-TO,MICHEM DISP. URETHANE 440B,,DAP,999,40466.766,40800.0,13227.735,6000.0,19380.0,40800.0,21420.0,21245.0522,21420.0,0.0,3.57,6.0,20220,Luc Vanderstappen,Pebeo (X)  Gemenos FR,France,Pebeo (X)  Gemenos FR,2022-11-14T00:00:00,Marcos Pedreira,S,S4
00020,        AUBA,21000063,1.0,N,MDU4075B,MDU4075B.E,MDU4075B.E-LP,MICHEM DISP. URETHANE 4075,,DAP,999,8346.0674,6858.0,3968.3205000000003,1800.0,1026.0,6858.0,5832.0,7097.4431,5832.0,0.0,3.24,15.0,20220,Luc Vanderstappen,Tanatex Chemicals (S) Ede NL,Netherlands,Tanatex Chemicals B.V (X) Ede NL,2021-01-29T00:00:00,Marcos Pedreira,S,S4
00020,        AUBA,21000606,1.0,N,MDU440B,MDU440B.E,MDU440B.E-TO,MICHEM DISP. URETHANE 440B,,DAP,999,11862.8371,9960.0,6613.8675,3000.0,1920.0,9960.0,8040.0,9576.0251,8040.0,0.0,2.68,3.0,20220,Luc Vanderstappen,Pebeo (X)  Gemenos FR,France,Pebeo (X)  Gemenos FR,2021-06-02T00:00:00,Marcos Pedreira,S,S4
00020,        AUBA,21000719,1.0,N,MDU4075B,MDU4075B.E,MDU4075B.E-TO,MICHEM DISP. URETHANE 4075,,DAP,999,14221.1119,11940.0,6613.8675,3000.0,2490.0,11940.0,9450.0,11255.4027,9450.0,0.0,3.15,3.0,20220,Luc Vanderstappen,Tanatex Chemicals (S) Ede NL,Netherlands,Tanatex Chemicals B.V (X) Ede NL,2021-05-06T00:00:00,Marcos Pedreira,S,S4
00020,        AUBA,21000942,1.0,N,MDU4075B,MDU4075B.E,MDU4075B.E-TO,MICHEM DISP. URETHANE 4075,,DAP,999,9513.0748,7960.0,4409.245,2000.0,1660.0,7960.0,6300.0,7529.1924,6300.0,0.0,3.15,2.0,20220,Luc Vanderstappen,Tanatex Chemicals (S) Ede NL,Netherlands,Tanatex Chemicals B.V (X) Ede NL,2021-05-18T00:00:00,Marcos Pedreira,S,S4
00020,        AUBA,21001024,1.0,N,MDU4075B,MDU4075B.E,MDU4075B.E-LP,MICHEM DISP. URETHANE 4075,,DAP,999,2283.138,1910.4,1058.2188,480.0,355.2,1910.4,1555.2,1858.6349,1555.2,0.0,3.24,4.0,20220,Luc Vanderstappen,Tanatex Chemicals (S) Ede NL,Netherlands,Tanatex Chemicals B.V (X) Ede NL,2021-05-28T00:00:00,Marcos Pedreira,S,S4
00020,        AUBA,21002937,1.0,N,MDU4075B,MDU4075B.E,MDU4075B.E-LP,MICHEM DISP. URETHANE 4075,,DAP,999,9639.3746,8527.2,4497.4299,2040.0,734.4,8527.2,7792.8,8809.1892,7792.8,0.0,3.82,17.0,20220,Luc Vanderstappen,Tanatex Chemicals (S) Ede NL,Netherlands,Tanatex Chemicals B.V (X) Ede NL,2022-02-03T00:00:00,Marcos Pedreira,S,S4
00020,        AUBA,22000136,1.0,N,MDU4075B,MDU4075B.E,MDU4075B.E-TO,MICHEM DISP. URETHANE 4075,,DAP,999,10419.1371,9200.0,4409.245,2000.0,1740.0,9200.0,7460.0,8448.5612,7460.0,0.0,3.73,2.0,20220,Luc Vanderstappen,Keyser & Mackay Alblas (S) Emsbueren DE,Germany,K&M Deutchland - Global Parent,2022-02-25T00:00:00,Marcos Pedreira,S,S4
00020,        AUBA,22000439,1.0,N,MDU4075B,MDU4075B.E,MDU4075B.E-TO,MICHEM DISP. URETHANE 4075B,,DAP,999,18712.6302,16500.0,6613.8675,3000.0,2940.0,16500.0,13560.0,15378.3797,13560.0,0.0,4.52,3.0,20220,Luc Vanderstappen,Tanatex Chemicals (S) Ede NL,Netherlands,Tanatex Chemicals B.V (X) Ede NL,2022-03-09T00:00:00,Marcos Pedreira,S,S4
00020,        AUBA,22000631,1.0,N,MDU4075B,MDU4075B.E,MDU4075B.E-TO,MICHEM DISP. URETHANE 4075B,,DAP,999,18166.5016,16500.0,6613.8675,3000.0,2940.0,16500.0,13560.0,14929.5614,13560.0,0.0,4.52,3.0,20220,Luc Vanderstappen,Tanatex Chemicals (S) Ede NL,Netherlands,Tanatex Chemicals B.V (X) Ede NL,2022-04-08T00:00:00,Marcos Pedreira,S,S4
00020,        AUBA,22001269,1.0,N,MDU2012B,MDU2012B.E,MDU2012B.E-TO,MICHEM DISP. URETHANE 2012B,,DAP,999,11631.4473,11000.0,5000.0,2000.0,3180.0,11000.0,7820.0,8268.9016,7820.0,0.0,3.91,2.0,20220,Luc Vanderstappen,SurTec (X) Zwingenberg DE,Germany,Surtec - Global Parent,2022-07-05T00:00:00,Marcos Pedreira,S,S4
00020,        AUBA,22001536,1.0,N,MDU4075B,MDU4075B.E,MDU4075B.E-TO,MICHEM DISP. URETHANE 4075B,,DAP,999,18519.1401,18150.0,6613.8675,3000.0,4590.0,18150.0,13560.0,13835.7873,13560.0,0.0,4.52,3.0,20220,Luc Vanderstappen,Tanatex Chemicals (S) Ede NL,Netherlands,Tanatex Chemicals B.V (X) Ede NL,2022-08-18T00:00:00,Marcos Pedreira,S,S4
00020,        AUBA,22002078,1.0,N,MDU4075B,MDU4075B.E,MDU4075B.E-TO,MICHEM DISP. URETHANE 4075B,,DAP,999,17844.5809,18150.0,6613.8675,3000.0,4590.0,18150.0,13560.0,13331.8191,13560.0,0.0,4.52,3.0,20220,Luc Vanderstappen,Tanatex Chemicals (S) Ede NL,Netherlands,Tanatex Chemicals B.V (X) Ede NL,2022-11-10T00:00:00,Marcos Pedreira,S,S4
00020,        AUBA,20001389,1.0,N,MDU2012B,MDU2012B.E,MDU2012B.E-LP,MICHEM DISP. URETHANE 2012B,,DAP,999,2322.0149,2064.0,1322.7735000000002,600.0,338.1,2064.0,1725.9,1941.6499,1725.9,0.0,2.8765,5.0,20220,Luc Vanderstappen,SurTec (X) Zwingenberg DE,Germany,Surtec - Global Parent,2020-07-02T00:00:00,Marcos Pedreira,S,S4
00020,        AUBA,21001813,1.0,N,MDU4075B,MDU4075B.E,MDU4075B.E-TO,MICHEM DISP. URETHANE 4075,,DAP,999,21477.625,18160.0,8818.49,4000.0,4520.0,18160.0,13640.0,16131.8725,13640.0,0.0,3.41,4.0,20220,Luc Vanderstappen,Keyser & Mackay Alblas (S) Emsbueren DE,Germany,K&M Deutchland - Global Parent,2021-09-20T00:00:00,Marcos Pedreira,S,S4
00020,        AUBA,21002007,1.0,N,MDU4075B,MDU4075B.E,MDU4075B.E-TO,MICHEM DISP. URETHANE 4075,,FCA,999,16032.625,13620.0,6613.8675,3000.0,3390.0,13620.0,10230.0,12042.1258,10230.0,0.0,3.41,3.0,20220,Luc Vanderstappen,Safic UK (S) CHESHIRE GB,United Kingdom,Safic Alcan UK - Global Parent,2021-10-19T00:00:00,Marcos Pedreira,S,S4
00020,        AUBA,21002615,1.0,N,MDU4075B,MDU4075B.E,MDU4075B.E-TO,MICHEM DISP. URETHANE 4075,,FCA,999,10763.0888,9280.0,4409.245,2000.0,1820.0,9280.0,7460.0,8652.2244,7460.0,0.0,3.73,2.0,20220,Luc Vanderstappen,FlaektGroup (S) Joenkoeping SE,Sweden,Ab Termidor - Global Parent,2021-12-16T00:00:00,Marcos Pedreira,S,S4
00020,        AUBA,20001461,1.0,N,MDU4075B,MDU4075B.E,MDU4075B.E-LP,MICHEM DISP. URETHANE 4075,,EXW,999,2256.6796,1972.8,1058.2188,480.0,417.6,1972.8,1555.2,1778.9883,1555.2,0.0,3.24,4.0,20220,Luc Vanderstappen,Keyser & Mackay (X) Koeln DE,Germany,K&M Deutchland - Global Parent,2020-08-06T00:00:00,Marcos Pedreira,S,S4
00020,        AUBA,20001548,1.0,N,MDU2012B,MDU2012B.E,MDU2012B.E-LP,MICHEM DISP. URETHANE 2012B,,EXW,999,944.4012,825.6,529.1094,240.0,135.24,825.6,690.36,789.7006,690.36,0.0,2.8765,2.0,20220,Luc Vanderstappen,Safic (X) Lainate IT,Italy,Safic Italy - Global Parent,2020-09-01T00:00:00,Marcos Pedreira,S,S4
00020,        AUBA,20001609,1.0,N,MDU2012B,MDU2012B.E,MDU2012B.E-TO,MICHEM DISP. URETHANE 2012B,,EXW,999,19160.2714,16750.0,12500.0,5000.0,4800.0,16750.0,11950.0,13669.5668,11950.0,0.0,2.39,5.0,20220,Luc Vanderstappen,"Keyser & Mackay (S) Rhenen, NL",Netherlands,K&M Netherlands - Global Parent,2020-08-11T00:00:00,Marcos Pedreira,S,S4
00020,        AUBA,20001634,1.0,N,MDU2012B,MDU2012B.E,MDU2012B.E-TO,MICHEM DISP. URETHANE 2012B,,EXW,999,7922.7701,6700.0,5000.0,2000.0,1920.0,6700.0,4780.0,5652.3643,4780.0,0.0,2.39,2.0,20220,Luc Vanderstappen,Sobotram (S) Chalon sur Saone FR,France,Safic France - Global Parent,2020-08-11T00:00:00,Marcos Pedreira,S,S4
00020,        AUBA,20001657,1.0,N,MDU2012B,MDU2012B.E,MDU2012B.E-TO,MICHEM DISP. URETHANE 2012B,,EXW,999,7922.7701,6700.0,5000.0,2000.0,1920.0,6700.0,4780.0,5652.3643,4780.0,0.0,2.39,2.0,20220,Luc Vanderstappen,Transportes Davi (S) Barcelona ES,Spain,K&M Spain - Global Parent,2020-10-01T00:00:00,Marcos Pedreira,S,S4
00020,        AUBA,20001720,1.0,N,MDU4075B,MDU4075B.E,MDU4075B.E-TO,MICHEM DISP. URETHANE 4075,,FCA,999,4339.313,3669.6,1940.048,880.0,897.6,3669.6,2772.0,3277.8983,2772.0,0.0,3.15,880.0,20220,Luc Vanderstappen,FlaektGroup (S) Joenkoeping SE,Sweden,Ab Termidor - Global Parent,2020-09-07T00:00:00,Marcos Pedreira,S,S4
00020,        AUBA,20001844,1.0,N,MDU2012B,MDU2012B.E,MDU2012B.E-TO,MICHEM DISP. URETHANE 2012B,,EXW,999,15803.4133,13400.0,10000.0,4000.0,3840.0,13400.0,9560.0,11274.674,9560.0,0.0,2.39,4.0,20220,Luc Vanderstappen,Sobotram (S) Chalon sur Saone FR,France,Safic France - Global Parent,2020-10-01T00:00:00,Marcos Pedreira,S,S4
00020,        AUBA,20002322,1.0,N,MDU2012B,MDU2012B.E,MDU2012B.E-TO,MICHEM DISP. URETHANE 2012B,,EXW,999,23792.565,20100.0,15000.0,6000.0,5760.0,20100.0,14340.0,16974.3971,14340.0,0.0,2.39,6.0,20220,Luc Vanderstappen,"Keyser & Mackay (S) Rhenen, NL",Netherlands,K&M Netherlands - Global Parent,2020-11-13T00:00:00,Marcos Pedreira,S,S4
00020,        AUBA,20002331,1.0,N,MDU2012B,MDU2012B.E,MDU2012B.E-TO,MICHEM DISP. URETHANE 2012B,,EXW,999,7930.855,6700.0,5000.0,2000.0,1920.0,6700.0,4780.0,5658.1324,4780.0,0.0,2.39,2.0,20220,Luc Vanderstappen,Sobotram (S) Chalon sur Saone FR,France,Safic France - Global Parent,2020-11-12T00:00:00,Marcos Pedreira,S,S4
00020,        AUBA,21000018,1.0,N,MDU2012B,MDU2012B.E,MDU2012B.E-TO,MICHEM DISP. URETHANE 2012B,,EXW,999,7520.9531,6180.0,5000.0,2000.0,1400.0,6180.0,4780.0,5817.1773,4780.0,0.0,2.39,2.0,20220,Luc Vanderstappen,Teknos (S Termidor) Vamdrup DK,Denmark,Ab Termidor - Global Parent,2021-01-12T00:00:00,Marcos Pedreira,S,S4
00020,        AUBA,21000274,1.0,N,MDU2012B,MDU2012B.E,MDU2012B.E-TO,MICHEM DISP. URETHANE 2012B,,EXW,999,12156.4308,10050.0,7500.0,3000.0,2880.0,10050.0,7170.0,8672.7969,7170.0,0.0,2.39,3.0,20220,Luc Vanderstappen,"Keyser & Mackay (S) Rhenen, NL",Netherlands,K&M Netherlands - Global Parent,2021-02-05T00:00:00,Marcos Pedreira,S,S4
00020,        AUBA,21000701,1.0,N,MDU2012B,MDU2012B.E,MDU2012B.E-TO,MICHEM DISP. URETHANE 2012B,,EXW,999,16769.9544,14080.0,10000.0,4000.0,4520.0,14080.0,9560.0,11386.4179,9560.0,0.0,2.39,4.0,20220,Luc Vanderstappen,"Keyser & Mackay (S) Rhenen, NL",Netherlands,K&M Netherlands - Global Parent,2021-04-13T00:00:00,Marcos Pedreira,S,S4
00020,        AUBA,21000707,1.0,N,MDU2012B,MDU2012B.E,MDU2012B.E-TO,MICHEM DISP. URETHANE 2012B,,EXW,999,8146.7676,6840.0,5000.0,2000.0,2060.0,6840.0,4780.0,5693.209,4780.0,0.0,2.39,2.0,20220,Luc Vanderstappen,Transportes Davi (S) Barcelona ES,Spain,K&M Spain - Global Parent,2021-04-19T00:00:00,Marcos Pedreira,S,S4
00020,        AUBA,21000962,1.0,N,MDU2012B,MDU2012B.E,MDU2012B.E-TO,MICHEM DISP. URETHANE 2012B,,EXW,999,8174.5517,6840.0,5000.0,2000.0,2060.0,6840.0,4780.0,5712.6253,4780.0,0.0,2.39,2.0,20220,Luc Vanderstappen,Transportes Davi (S) Barcelona ES,Spain,K&M Spain - Global Parent,2021-05-10T00:00:00,Marcos Pedreira,S,S4
00020,        AUBA,21001243,1.0,N,MDU4075B,MDU4075B.E,MDU4075B.E-TO,MICHEM DISP. URETHANE 4075,,FCA,999,15805.603,13020.0,6613.8675,3000.0,3570.0,13020.0,9450.0,11471.8086,9450.0,0.0,3.15,3.0,20220,Luc Vanderstappen,Safic UK (S) CHESHIRE GB,United Kingdom,Safic Alcan UK - Global Parent,2021-06-01T00:00:00,Marcos Pedreira,S,S4
00020,        AUBA,21001251,1.0,N,MDU2012B,MDU2012B.E,MDU2012B.E-TO,MICHEM DISP. URETHANE 2012B,,EXW,999,8303.4043,6840.0,5000.0,2000.0,2060.0,6840.0,4780.0,5802.6714,4780.0,0.0,2.39,2.0,20220,Luc Vanderstappen,Transportes Davi (S) Barcelona ES,Spain,K&M Spain - Global Parent,2021-05-28T00:00:00,Marcos Pedreira,S,S4
00020,        AUBA,21001320,1.0,N,MDU4075B,MDU4075B.E,MDU4075B.E-TO,MICHEM DISP. URETHANE 4075,,EXW,999,10537.0686,8680.0,4409.245,2000.0,2380.0,8680.0,6300.0,7647.8724,6300.0,0.0,3.15,2.0,20220,Luc Vanderstappen,Keyser & Mackay (X) Koeln DE,Germany,K&M Deutchland - Global Parent,2021-06-04T00:00:00,Marcos Pedreira,S,S4
00020,        AUBA,21001382,1.0,N,MDU2012B,MDU2012B.E,MDU2012B.E-TO,MICHEM DISP. URETHANE 2012B,,EXW,999,16961.7733,14080.0,10000.0,4000.0,4520.0,14080.0,9560.0,11516.6586,9560.0,0.0,2.39,4.0,20220,Luc Vanderstappen,"Keyser & Mackay (S) Rhenen, NL",Netherlands,K&M Netherlands - Global Parent,2021-07-12T00:00:00,Marcos Pedreira,S,S4
00020,        AUBA,21001747,1.0,N,MDU2012B,MDU2012B.E,MDU2012B.E-TO,MICHEM DISP. URETHANE 2012B,,EXW,999,8799.2032,7440.0,5000.0,2000.0,2040.0,7440.0,5400.0,6386.5184,5400.0,0.0,2.7,2.0,20220,Luc Vanderstappen,"Keyser & Mackay (S) Rhenen, NL",Netherlands,K&M Netherlands - Global Parent,2021-08-16T00:00:00,Marcos Pedreira,S,S4
00020,        AUBA,21001749,1.0,N,MDU2012B,MDU2012B.E,MDU2012B.E-TO,MICHEM DISP. URETHANE 2012B,,EXW,999,8799.2032,7440.0,5000.0,2000.0,2040.0,7440.0,5400.0,6386.5184,5400.0,0.0,2.7,2.0,20220,Luc Vanderstappen,Transportes Davi (S) Barcelona ES,Spain,K&M Spain - Global Parent,2021-08-16T00:00:00,Marcos Pedreira,S,S4
00020,        AUBA,21002461,1.0,N,MDU2012B,MDU2012B.E,MDU2012B.E-TO,MICHEM DISP. URETHANE 2012B,,EXW,999,4141.9335,3571.2,2116.416,960.0,979.2,3571.2,2592.0,3006.242,2592.0,0.0,2.7,960.0,20220,Luc Vanderstappen,"Keyser & Mackay (S) Rhenen, NL",Netherlands,K&M Netherlands - Global Parent,2021-11-08T00:00:00,Marcos Pedreira,S,S4
00020,        AUBA,21002471,1.0,N,MDU2012B,MDU2012B.E,MDU2012B.E-TO,MICHEM DISP. URETHANE 2012B,,EXW,999,12943.5421,11160.0,7500.0,3000.0,3060.0,11160.0,8100.0,9394.5064,8100.0,0.0,2.7,3.0,20220,Luc Vanderstappen,Transportes Davi (S) Barcelona ES,Spain,K&M Spain - Global Parent,2021-10-13T00:00:00,Marcos Pedreira,S,S4
00020,        AUBA,21002767,1.0,N,MDU2012B,MDU2012B.E,MDU2012B.E-LP,MICHEM DISP. URETHANE 2012B,,EXW,999,1043.4137,914.4,529.1094,240.0,214.51,914.4,699.89,798.6382,699.89,0.0,2.9162,2.0,20220,Luc Vanderstappen,"Keyser & Mackay (S) Rhenen, NL",Netherlands,K&M Netherlands - Global Parent,2021-12-09T00:00:00,Marcos Pedreira,S,S4
00020,        AUBA,21003022,1.0,N,MDU4075B,MDU4075B.E,MDU4075B.E-TO,MICHEM DISP. URETHANE 4075,,FCA,999,13112.9497,11600.0,4409.245,2000.0,2560.0,11600.0,9040.0,10219.0574,9040.0,0.0,4.52,2.0,20220,Luc Vanderstappen,FlaektGroup (S) Joenkoeping SE,Sweden,Ab Termidor - Global Parent,2022-03-09T00:00:00,Marcos Pedreira,S,S4
00020,        AUBA,21003126,1.0,N,MDU2012B,MDU2012B.E,MDU2012B.E-TO,MICHEM DISP. URETHANE 2012B,,EXW,999,17634.6565,15600.0,10000.0,4000.0,3000.0,15600.0,12600.0,14243.3764,12600.0,0.0,3.15,4.0,20220,Luc Vanderstappen,"Keyser & Mackay (S) Rhenen, NL",Netherlands,K&M Netherlands - Global Parent,2022-02-03T00:00:00,Marcos Pedreira,S,S4
00020,        AUBA,22000395,1.0,N,MDU4075B,MDU4075B.E,MDU4075B.E-LP,MICHEM DISP. URETHANE 4075B,,EXW,999,4014.7098,3540.0,1322.7735000000002,600.0,1152.0,3540.0,2388.0,2708.2279,2388.0,0.0,3.98,5.0,20220,Luc Vanderstappen,Sobotram (S) Chalon sur Saone FR,France,Safic France - Global Parent,2022-03-09T00:00:00,Marcos Pedreira,S,S4
00020,        AUBA,22000406,1.0,N,MDU2012B,MDU2012B.E,MDU2012B.E-TO,MICHEM DISP. URETHANE 2012B,,EXW,999,11340.988,10000.0,5000.0,2000.0,3700.0,10000.0,6300.0,7144.8224,6300.0,0.0,3.15,2.0,20220,Luc Vanderstappen,"Keyser & Mackay (S) Rhenen, NL",Netherlands,K&M Netherlands - Global Parent,2022-02-18T00:00:00,Marcos Pedreira,S,S4
00020,        AUBA,22002031,1.0,N,MDU2012B,MDU2012B.E,MDU2012B.E-TO,MICHEM DISP. URETHANE 2012B,,EXW,999,10910.1575,11000.0,5000.0,2000.0,3180.0,11000.0,7820.0,7756.1302,7820.0,0.0,3.91,2.0,20220,Luc Vanderstappen,Transportes Davi (S) Barcelona ES,Spain,K&M Spain - Global Parent,2022-10-05T00:00:00,Marcos Pedreira,S,S4
00020,        AUBA,24000577,1.0,N,MDU4075B,MDU4075B.E,MDU4075B.E-TO,MICHEM DISP. URETHANE 4075B,,DAP,999,31524.1629,29000.0,11023.1125,5000.0,9000.0,29000.0,20000.0,21740.802,20000.0,0.0,4.0,5.0,20220,Luc Vanderstappen,Tanatex Chemicals (S) Ede NL,Netherlands,Tanatex Chemicals B.V (X) Ede NL,2024-03-28T00:00:00,Marcos Pedreira,S,S4
00020,        AUBA,24001658,1.0,N,MDU2012B,MDU2012B.E,MDU2012B.E-TO,MICHEM DISP. URETHANE 2012B,,EXW,999,191.6562,174.0,100.0,40.0,48.0,174.0,126.0,138.7855,126.0,0.0,3.15,0.04,20220,Luc Vanderstappen,"Keyser & Mackay (S) Rhenen, NL",Netherlands,K&M Netherlands - Global Parent,2024-08-28T00:00:00,Marcos Pedreira,S,S4
00020,        AUBA,23002499,1.0,N,MDU4075B,MDU4075B.E,MDU4075B.E-TO,MICHEM DISP. URETHANE 4075B,,DAP,999,19486.3934,17850.0,6613.8675,3000.0,5850.0,17850.0,12000.0,13100.0964,12000.0,0.0,4.0,3.0,20220,Luc Vanderstappen,Tanatex Chemicals (S) Ede NL,Netherlands,Tanatex Chemicals B.V (X) Ede NL,2024-01-03T00:00:00,Marcos Pedreira,S,S4
00020,        AUBA,23002560,1.0,N,MDU4075B,MDU4075B.E,MDU4075B.E-TO,MICHEM DISP. URETHANE 4075B,,DAP,999,18995.1398,17400.0,6613.8675,3000.0,5400.0,17400.0,12000.0,13100.0964,12000.0,0.0,4.0,3.0,20220,Luc Vanderstappen,Tanatex Chemicals (S) Ede NL,Netherlands,Tanatex Chemicals B.V (X) Ede NL,2024-01-12T00:00:00,Marcos Pedreira,S,S4
00020,        AUBA,23002602,1.0,N,MDU2012B,MDU2012B.E,MDU2012B.E-LP,MICHEM DISP. URETHANE 2012B,,EXW,999,1372.8901,1257.6,529.1094,240.0,112.37,1257.6,1145.23,1250.2186,1145.23,0.0,4.7718,2.0,20220,Luc Vanderstappen,Safic (X) Istanbul TR,Turkey,Safic Turkey - Global Parent,2024-01-12T00:00:00,Marcos Pedreira,S,S4
00020,        AUBA,24000160,1.0,N,MDU2012B,MDU2012B.E,MDU2012B.E-LP,MICHEM DISP. URETHANE 2012B,,EXW,999,3432.3057,3144.0,1322.7735000000002,600.0,280.92,3144.0,2863.08,3125.6253,2863.08,0.0,4.7718,5.0,20220,Luc Vanderstappen,Safic (X) Istanbul TR,Turkey,Safic Turkey - Global Parent,2024-02-05T00:00:00,Marcos Pedreira,S,S4
00020,        AUBA,24000390,1.0,N,MDU4075B,MDU4075B.E,MDU4075B.E-LP,MICHEM DISP. URETHANE 4075B,,DAP,999,3756.4122,3480.0,1322.7735000000002,600.0,1026.0,3480.0,2454.0,2648.9183,2454.0,0.0,4.09,5.0,20220,Luc Vanderstappen,Tanatex Chemicals (S) Ede NL,Netherlands,Tanatex Chemicals B.V (X) Ede NL,2024-03-06T00:00:00,Marcos Pedreira,S,S4
00020,        AUBA,24000440,1.0,N,MDU4075B,MDU4075B.E,MDU4075B.E-TO,MICHEM DISP. URETHANE 4075B,,DAP,999,12521.3741,11600.0,4409.245,2000.0,3600.0,11600.0,8000.0,8635.4304,8000.0,0.0,4.0,2.0,20220,Luc Vanderstappen,Tanatex Chemicals (S) Ede NL,Netherlands,Tanatex Chemicals B.V (X) Ede NL,2024-03-11T00:00:00,Marcos Pedreira,S,S4
00020,        AUBA,24000467,1.0,N,MDU2012B,MDU2012B.E,MDU2012B.E-LP,MICHEM DISP. URETHANE 2012B,,EXW,999,3393.7241,3144.0,1322.7735000000002,600.0,280.92,3144.0,2863.08,3090.491,2863.08,0.0,4.7718,5.0,20220,Luc Vanderstappen,Safic (X) Istanbul TR,Turkey,Safic Turkey - Global Parent,2024-03-08T00:00:00,Marcos Pedreira,S,S4
00020,        AUBA,24000548,1.0,N,MDU4075B,MDU4075B.E,MDU4075B.E-TO,MICHEM DISP. URETHANE 4075B,,DAP,999,12174.8491,11200.0,4409.245,2000.0,3200.0,11200.0,8000.0,8696.3208,8000.0,0.0,4.0,2.0,20220,Luc Vanderstappen,Keyser & Mackay Alblas (S) Emsbueren DE,Germany,K&M Deutchland - Global Parent,2024-04-16T00:00:00,Marcos Pedreira,S,S4
00020,        AUBA,24000569,1.0,N,MDU4075B,MDU4075B.E,MDU4075B.E-TO,MICHEM DISP. URETHANE 4075B,,DAP,999,18262.2737,16800.0,6613.8675,3000.0,4800.0,16800.0,12000.0,13044.4812,12000.0,0.0,4.0,3.0,20220,Luc Vanderstappen,Keyser & Mackay Alblas (S) Emsbueren DE,Germany,K&M Deutchland - Global Parent,2024-05-24T00:00:00,Marcos Pedreira,S,S4
00020,        AUBA,24000594,1.0,N,MDU2012B,MDU2012B.E,MDU2012B.E-LP,MICHEM DISP. URETHANE 2012B,,EXW,999,2321.9177,2136.0,1058.2188,480.0,-154.46,2136.0,2290.46,2489.8219,2290.46,0.0,4.7718,4.0,20220,Luc Vanderstappen,Safic (X) Lainate IT,Italy,Safic Italy - Global Parent,2024-03-25T00:00:00,Marcos Pedreira,S,S4
00020,        AUBA,24000640,1.0,N,MDU2012B,MDU2012B.E,MDU2012B.E-TO,MICHEM DISP. URETHANE 2012B,,EXW,999,7609.2807,7000.0,5000.0,2000.0,-1133.6,7000.0,8133.6,8841.5494,8133.6,0.0,4.0668,2.0,20220,Luc Vanderstappen,Transportes Davi (S) Barcelona ES,Spain,K&M Spain - Global Parent,2024-05-17T00:00:00,Marcos Pedreira,S,S4
00020,        AUBA,24000757,1.0,N,MDU2012B,MDU2012B.E,MDU2012B.E-TO,MICHEM DISP. URETHANE 2012B,,EXW,999,2789.2755,2600.5,1638.0178,743.0,-421.13,2600.5,3021.63,3240.9762,3021.63,0.0,4.0668,743.0,20220,Luc Vanderstappen,Safic Alcan (X) Ruse BG,Bulgaria,Safic Bulgaria - Global Parent,2024-05-17T00:00:00,Marcos Pedreira,S,S4
00020,        AUBA,24000827,1.0,N,MDU4075B,MDU4075B.E,MDU4075B.E-TO,MICHEM DISP. URETHANE 4075B,,DAP,999,18663.1008,17400.0,6613.8675,3000.0,5400.0,17400.0,12000.0,12871.104,12000.0,0.0,4.0,3.0,20220,Luc Vanderstappen,Tanatex Chemicals (S) Ede NL,Netherlands,Tanatex Chemicals B.V (X) Ede NL,2024-05-08T00:00:00,Marcos Pedreira,S,S4
00020,        AUBA,24000919,1.0,N,MDU4075B,MDU4075B.E,MDU4075B.E-LP,MICHEM DISP. URETHANE 4075B,,EXW,999,1478.4009,1368.0,529.1094,240.0,386.4,1368.0,981.6,1060.8175,981.6,0.0,4.09,2.0,20220,Luc Vanderstappen,Safic (X) Warszawa PL,Poland,Safic Poland - Global Parent,2024-05-23T00:00:00,Marcos Pedreira,S,S4
00020,        AUBA,24000958,1.0,N,MDU4075B,MDU4075B.E,MDU4075B.E-LP,MICHEM DISP. URETHANE 4075B,,DAP,999,11282.5331,10440.0,3968.3205000000003,1800.0,3078.0,10440.0,7362.0,7956.1311,7362.0,0.0,4.09,15.0,20220,Luc Vanderstappen,Tanatex Chemicals (S) Ede NL,Netherlands,Tanatex Chemicals B.V (X) Ede NL,2024-05-23T00:00:00,Marcos Pedreira,S,S4
00020,        AUBA,24000968,1.0,N,MDU4075B,MDU4075B.E,MDU4075B.E-TO,MICHEM DISP. URETHANE 4075B,,DAP,999,18804.2218,17400.0,6613.8675,3000.0,6450.0,17400.0,10950.0,11833.6913,10950.0,0.0,3.65,3.0,20220,Luc Vanderstappen,Tanatex Chemicals (S) Ede NL,Netherlands,Tanatex Chemicals B.V (X) Ede NL,2024-06-21T00:00:00,Marcos Pedreira,S,S4
00020,        AUBA,24001193,1.0,N,MDU2012B,MDU2012B.E,MDU2012B.E-LP,MICHEM DISP. URETHANE 2012B,,EXW,999,2299.4824,2136.0,1058.2188,480.0,-154.46,2136.0,2290.46,2465.7642,2290.46,0.0,4.7718,4.0,20220,Luc Vanderstappen,Safic (X) Lainate IT,Italy,Safic Italy - Global Parent,2024-07-17T00:00:00,Marcos Pedreira,S,S4
00020,        AUBA,24001307,1.0,N,MDU4075B,MDU4075B.E,MDU4075B.E-TO,MICHEM DISP. URETHANE 4075B,,DAP,999,18731.7386,17400.0,6613.8675,3000.0,6450.0,17400.0,10950.0,11788.0769,10950.0,0.0,3.65,3.0,20220,Luc Vanderstappen,Tanatex Chemicals (S) Ede NL,Netherlands,Tanatex Chemicals B.V (X) Ede NL,2024-07-15T00:00:00,Marcos Pedreira,S,S4
00020,        AUBA,24001328,1.0,N,MDU4075B,MDU4075B.E,MDU4075B.E-TO,MICHEM DISP. URETHANE 4075B,,DAP,999,12487.8257,11600.0,4409.245,2000.0,4300.0,11600.0,7300.0,7858.7179,7300.0,0.0,3.65,2.0,20220,Luc Vanderstappen,Tanatex Chemicals (S) Ede NL,Netherlands,Tanatex Chemicals B.V (X) Ede NL,2024-07-17T00:00:00,Marcos Pedreira,S,S4
00020,        AUBA,24001329,1.0,N,MDU2012B,MDU2012B.E,MDU2012B.E-LP,MICHEM DISP. URETHANE 2012B,,EXW,999,1738.3432,1602.0,793.6641000000001,360.0,-115.85,1602.0,1717.85,1864.0529,1717.85,0.0,4.7718,3.0,20220,Luc Vanderstappen,Safic Alcan (X) Ruse BG,Bulgaria,Safic Bulgaria - Global Parent,2024-07-17T00:00:00,Marcos Pedreira,S,S4
00020,        AUBA,24001497,1.0,N,MDU4075B,MDU4075B.E,MDU4075B.E-TO,MICHEM DISP. URETHANE 4075B,,DAP,999,18229.8161,16800.0,6613.8675,3000.0,5850.0,16800.0,10950.0,11881.9337,10950.0,0.0,3.65,3.0,20220,Luc Vanderstappen,Tanatex Chemicals (S) Ede NL,Netherlands,Tanatex Chemicals B.V (X) Ede NL,2024-08-29T00:00:00,Marcos Pedreira,S,S4
00020,        AUBA,24002247,1.0,N,MDU4075B,MDU4075B.E,MDU4075B.E-TO,MICHEM DISP. URETHANE 4075B,,DAP,999,17868.5086,16800.0,6613.8675,3000.0,5850.0,16800.0,10950.0,11646.4386,10950.0,0.0,3.65,3.0,20220,Luc Vanderstappen,Tanatex Chemicals (S) Ede NL,Netherlands,Tanatex Chemicals B.V (X) Ede NL,2024-12-02T00:00:00,Marcos Pedreira,S,S4
00020,        AUBA,26000063,1.0,N,MDU4075B,MDU4075B.E,MDU4075B.E-LP,MICHEM DISP. URETHANE 4075B,,DAP,999,11824.7845,10080.0,3968.3205000000003,1800.0,3348.0,10080.0,6732.0,7897.2668,6732.0,0.0,3.74,15.0,20220,Luc Vanderstappen,Tanatex Chemicals (S) Ede NL,Netherlands,Tanatex Chemicals B.V (X) Ede NL,2026-02-04T00:00:00,Marcos Pedreira,S,S4
00020,        AUBA,26000255,1.0,N,MDU4075B,MDU4075B.E,MDU4075B.E-TO,MICHEM DISP. URETHANE 4075B,,DAP,999,19870.4335,16800.0,6613.8675,3000.0,5850.0,16800.0,10950.0,12951.2647,10950.0,0.0,3.65,3.0,20220,Luc Vanderstappen,Tanatex Chemicals (S) Ede NL,Netherlands,Tanatex Chemicals B.V (X) Ede NL,2026-03-09T00:00:00,Marcos Pedreira,S,S4
00020,        AUBA,26000430,1.0,N,MDU4075B,MDU4075B.E,MDU4075B.E-TO,MICHEM DISP. URETHANE 4075B,,DAP,999,19439.9957,16800.0,6613.8675,3000.0,5850.0,16800.0,10950.0,12670.7115,10950.0,0.0,3.65,3.0,20220,Luc Vanderstappen,Tanatex Chemicals (S) Ede NL,Netherlands,Tanatex Chemicals B.V (X) Ede NL,2026-03-30T00:00:00,Marcos Pedreira,S,S4
00020,        AUBA,26000498,1.0,N,MDU4075B,MDU4075B.E,MDU4075B.E-TO,MICHEM DISP. URETHANE 4075B,,DAP,999,12959.9971,11200.0,4409.245,2000.0,3900.0,11200.0,7300.0,8447.141,7300.0,0.0,3.65,2.0,20220,Luc Vanderstappen,Tanatex Chemicals (S) Ede NL,Netherlands,Tanatex Chemicals B.V (X) Ede NL,2026-04-02T00:00:00,Marcos Pedreira,S,S4
00020,        AUBA,26000810,1.0,N,MDU4075B,MDU4075B.E,MDU4075B.E-LP,MICHEM DISP. URETHANE 4075B,,DAP,999,1654.7883,1416.0,529.1094,240.0,518.4,1416.0,897.6,1048.9675,897.6,0.0,3.74,2.0,20220,Luc Vanderstappen,Sobotram (S) Chalon sur Saone FR,France,Safic France - Global Parent,2026-05-07T00:00:00,Marcos Pedreira,S,S4
00020,        AUBA,26000927,1.0,N,MDU4075B,MDU4075B.E,MDU4075B.E-TO,MICHEM DISP. URETHANE 4075B,,DAP,999,20324.3606,17400.0,6613.8675,3000.0,6450.0,17400.0,10950.0,12790.3304,10950.0,0.0,3.65,3.0,20220,Luc Vanderstappen,Tanatex Chemicals (S) Ede NL,Netherlands,Tanatex Chemicals B.V (X) Ede NL,2026-06-22T00:00:00,Marcos Pedreira,S,S4
00020,        AUBA,26000671,1.0,N,MDU4075B,MDU4075B.E,MDU4075B.E-TO,MICHEM DISP. URETHANE 4075B,,DAP,999,19633.0814,16800.0,6613.8675,3000.0,5850.0,16800.0,10950.0,12796.562,10950.0,0.0,3.65,3.0,20220,Luc Vanderstappen,Tanatex Chemicals (S) Ede NL,Netherlands,Tanatex Chemicals B.V (X) Ede NL,2026-06-22T00:00:00,Marcos Pedreira,S,S4
00020,        AUBA,26000721,1.0,N,MDU2012B,MDU2012B.E,MDU2012B.E-LP,MICHEM DISP. URETHANE 2012B,,EXW,999,3120.2576,2670.0,1322.7735000000002,600.0,547.5,2670.0,2122.5,2480.4295,2122.5,0.0,3.5375,5.0,20220,Luc Vanderstappen,Safic (X) Istanbul TR,Turkey,Safic Turkey - Global Parent,2026-04-30T00:00:00,Marcos Pedreira,S,S4
00020,        AUBA,26000865,1.0,N,MDU4075B,MDU4075B.E,MDU4075B.E-TO,MICHEM DISP. URETHANE 4075B,,EXW,999,13556.1753,11600.0,4409.245,2000.0,4300.0,11600.0,7300.0,8531.0413,7300.0,0.0,3.65,2.0,20220,Luc Vanderstappen,Transportes Davi (S) Barcelona ES,Spain,K&M Spain - Global Parent,2026-06-22T00:00:00,Marcos Pedreira,S,S4
00020,        AUBA,26000158,1.0,N,MDU2012B,MDU2012B.E,MDU2012B.E-LP,MICHEM DISP. URETHANE 2012B,,EXW,999,3132.1602,2670.0,1322.7735000000002,600.0,547.5,2670.0,2122.5,2489.8914,2122.5,0.0,3.5375,5.0,20220,Luc Vanderstappen,Safic (X) Istanbul TR,Turkey,Safic Turkey - Global Parent,2026-02-10T00:00:00,Marcos Pedreira,S,S4
00020,        AUBA,26000177,1.0,N,MDU4075B,MDU4075B.E,MDU4075B.E-LP,MICHEM DISP. URETHANE 4075B,,EXW,999,1604.7922,1368.0,529.1094,240.0,470.4,1368.0,897.6,1052.9689,897.6,0.0,3.74,2.0,20220,Luc Vanderstappen,Keyser & Mackay (X) Koeln DE,Germany,K&M Deutchland - Global Parent,2026-02-09T00:00:00,Marcos Pedreira,S,S4
00020,        AUBA,26000207,1.0,N,MDU2012B,MDU2012B.E,MDU2012B.E-LP,MICHEM DISP. URETHANE 2012B,,EXW,999,1263.1918,1068.0,529.1094,240.0,219.0,1068.0,849.0,1004.1666,849.0,0.0,3.5375,2.0,20220,Luc Vanderstappen,Safic (X) Istanbul TR,Turkey,Safic Turkey - Global Parent,2026-02-10T00:00:00,Marcos Pedreira,S,S4
00020,        AUBA,26000262,1.0,N,MDU4075B,MDU4075B.E,MDU4075B.E-TO,MICHEM DISP. URETHANE 4075B,,EXW,999,5828.6605,4928.0,1940.048,880.0,1716.0,4928.0,3212.0,3799.0376,3212.0,0.0,3.65,880.0,20220,Luc Vanderstappen,FlaektGroup (S) Joenkoeping SE,Sweden,Ab Termidor - Global Parent,2026-03-24T00:00:00,Marcos Pedreira,S,S4
00020,        AUBA,26000332,1.0,N,MDU4075B,MDU4075B.E,MDU4075B.E-LP,MICHEM DISP. URETHANE 4075B,,EXW,999,1618.021,1368.0,529.1094,240.0,470.4,1368.0,897.6,1061.6489,897.6,0.0,3.74,2.0,20220,Luc Vanderstappen,Keyser & Mackay Alblas (S) Emsbueren DE,Germany,K&M Deutchland - Global Parent,2026-02-23T00:00:00,Marcos Pedreira,S,S4
00020,        AUBA,26000866,1.0,N,MDU4075B,MDU4075B.E,MDU4075B.E-LP,MICHEM DISP. URETHANE 4075B,,EXW,999,3309.5766,2832.0,1058.2188,480.0,1036.8,2832.0,1795.2,2097.935,1795.2,0.0,3.74,4.0,20220,Luc Vanderstappen,Transportes Davi (S) Barcelona ES,Spain,K&M Spain - Global Parent,2026-05-20T00:00:00,Marcos Pedreira,S,S4
00020,        AUBA,26001075,1.0,N,MDU4075B,MDU4075B.E,MDU4075B.E-TO,MICHEM DISP. URETHANE 4075B,,DAP,999,40053.3906,34800.0,13227.735,6000.0,10680.0,34800.0,24120.0,27761.1431,24120.0,0.0,4.02,6.0,20220,Luc Vanderstappen,Tanatex Chemicals (S) Ede NL,Netherlands,Tanatex Chemicals B.V (X) Ede NL,2026-07-07T00:00:00,Marcos Pedreira,S,S4
00020,        AUBA,26000631,1.0,N,MDU4075B,MDU4075B.E,MDU4075B.E-TO,MICHEM DISP. URETHANE 4075B,,EXW,999,19439.9957,16800.0,6613.8675,3000.0,4740.0,16800.0,12060.0,13955.1398,12060.0,0.0,4.02,3.0,20220,Luc Vanderstappen,"Keyser & Mackay (S) Rhenen, NL",Netherlands,K&M Netherlands - Global Parent,2026-07-08T00:00:00,Marcos Pedreira,S,S4
00020,        AUBA,26001255,1.0,N,MDU2012B,MDU2012B.E,MDU2012B.E-LP,MICHEM DISP. URETHANE 2012B,,EXW,999,1274.3577,1116.0,529.1094,240.0,267.0,1116.0,849.0,969.4711,849.0,0.0,3.5375,2.0,20220,Luc Vanderstappen,Safic (X) Lainate IT,Italy,Safic Italy - Global Parent,2026-07-22T00:00:00,Marcos Pedreira,S,S4
00020,        AUBA,26001268,1.0,N,MDU4075B,MDU4075B.E,MDU4075B.E-LP,MICHEM DISP. URETHANE 4075B,,DAP,999,11921.4109,10440.0,3968.3205000000003,1800.0,3708.0,10440.0,6732.0,7687.2546,6732.0,0.0,3.74,15.0,20220,Luc Vanderstappen,Tanatex Chemicals (S) Ede NL,Netherlands,Tanatex Chemicals B.V (X) Ede NL,2026-07-23T00:00:00,Marcos Pedreira,S,S4
00020,        AUBA,24002262,1.0,N,MDU2012B,MDU2012B.E,MDU2012B.E-LP,MICHEM DISP. URETHANE 2012B,,EXW,999,2271.8532,2136.0,1058.2188,480.0,441.7,2136.0,1694.3,1802.0604,1694.3,0.0,3.5298,4.0,20220,Luc Vanderstappen,Safic (X) Lainate IT,Italy,Safic Italy - Global Parent,2025-01-07T00:00:00,Marcos Pedreira,S,S4
00020,        AUBA,25000889,1.0,N,MDU4075B,MDU4075B.E,MDU4075B.E-TO,MICHEM DISP. URETHANE 4075B,,FCA,999,18943.1777,16800.0,6613.8675,3000.0,5850.0,16800.0,10950.0,12346.8926,10950.0,0.0,3.65,3.0,20220,Luc Vanderstappen,Safic UK (S) CHESHIRE GB,United Kingdom,Safic Alcan UK - Global Parent,2025-06-20T00:00:00,Marcos Pedreira,S,S4
00020,        AUBA,25001128,1.0,N,MDU4075B,MDU4075B.E,MDU4075B.E-LP,MICHEM DISP. URETHANE 4075B,,EXW,999,2363.4288,2052.0,793.6641000000001,360.0,705.6,2052.0,1346.4,1550.741,1346.4,0.0,3.74,3.0,20220,Luc Vanderstappen,Keyser & Mackay (X) Koeln DE,Germany,K&M Deutchland - Global Parent,2025-06-16T00:00:00,Marcos Pedreira,S,S4
00020,        AUBA,25000377,1.0,N,MDU2012B,MDU2012B.E,MDU2012B.E-TO,MICHEM DISP. URETHANE 2012B,,EXW,999,9058.279,8700.0,5000.0,2000.0,2300.0,8700.0,6400.0,6663.5616,6400.0,0.0,3.2,2.0,20220,Luc Vanderstappen,Safic (X) Istanbul TR,Turkey,Safic Turkey - Global Parent,2025-03-07T00:00:00,Marcos Pedreira,S,S4
00020,        AUBA,25000563,1.0,N,MDU4075B,MDU4075B.E,MDU4075B.E-TO,MICHEM DISP. URETHANE 4075B,,FCA,999,12083.2141,11200.0,4409.245,2000.0,3900.0,11200.0,7300.0,7875.6663,7300.0,0.0,3.65,2.0,20220,Luc Vanderstappen,Safic UK (S) CHESHIRE GB,United Kingdom,Safic Alcan UK - Global Parent,2025-04-04T00:00:00,Marcos Pedreira,S,S4
00020,        AUBA,25000890,1.0,N,MDU4075B,MDU4075B.E,MDU4075B.E-LP,MICHEM DISP. URETHANE 4075B,,EXW,999,1542.5159,1368.0,529.1094,240.0,470.4,1368.0,897.6,1012.1069,897.6,0.0,3.74,2.0,20220,Luc Vanderstappen,Keyser & Mackay (X) Koeln DE,Germany,K&M Deutchland - Global Parent,2025-05-14T00:00:00,Marcos Pedreira,S,S4
00020,        AUBA,25001834,1.0,N,MDU2012B,MDU2012B.E,MDU2012B.E-TO,MICHEM DISP. URETHANE 2012B,,EXW,999,15309.8176,13050.0,7500.0,3000.0,3450.0,13050.0,9600.0,11262.3946,9600.0,0.0,3.2,3.0,20220,Luc Vanderstappen,Transportes Davi (S) Barcelona ES,Spain,K&M Spain - Global Parent,2025-10-29T00:00:00,Marcos Pedreira,S,S4
00020,        AUBA,25000695,1.0,N,MDU4075B,MDU4075B.E,MDU4075B.E-TO,MICHEM DISP. URETHANE 4075B,,FCA,999,12567.1739,11200.0,4409.245,2000.0,3900.0,11200.0,7300.0,8191.1044,7300.0,0.0,3.65,2.0,20220,Luc Vanderstappen,Safic UK (S) CHESHIRE GB,United Kingdom,Safic Alcan UK - Global Parent,2025-04-28T00:00:00,Marcos Pedreira,S,S4
00020,        AUBA,25001736,1.0,N,MDU2012B,MDU2012B.E,MDU2012B.E-LP,MICHEM DISP. URETHANE 2012B,,EXW,999,1252.9414,1068.0,529.1094,240.0,223.34,1068.0,844.66,990.9265,844.66,0.0,3.5194,2.0,20220,Luc Vanderstappen,Keyser & Mackay Alblas (S) Emsbueren DE,Germany,K&M Deutchland - Global Parent,2025-09-17T00:00:00,Marcos Pedreira,S,S4
00020,        AUBA,24002348,1.0,N,MDU4075B,MDU4075B.E,MDU4075B.E-LP,MICHEM DISP. URETHANE 4075B,,DAP,999,7041.8349,6720.0,2645.5470000000005,1200.0,2232.0,6720.0,4488.0,4702.9397,4488.0,0.0,3.74,10.0,20220,Luc Vanderstappen,Tanatex Chemicals (S) Ede NL,Netherlands,Tanatex Chemicals B.V (X) Ede NL,2025-01-10T00:00:00,Marcos Pedreira,S,S4
00020,        AUBA,25000053,1.0,N,MDU4075B,MDU4075B.E,MDU4075B.E-TO,MICHEM DISP. URETHANE 4075B,,DAP,999,17384.3275,16800.0,6613.8675,3000.0,5850.0,16800.0,10950.0,11330.8563,10950.0,0.0,3.65,3.0,20220,Luc Vanderstappen,Tanatex Chemicals (S) Ede NL,Netherlands,Tanatex Chemicals B.V (X) Ede NL,2025-01-30T00:00:00,Marcos Pedreira,S,S4
00020,        AUBA,25000526,1.0,N,MDU4075B,MDU4075B.E,MDU4075B.E-TO,MICHEM DISP. URETHANE 4075B,,DAP,999,18124.8211,16800.0,6613.8675,3000.0,5850.0,16800.0,10950.0,11813.4995,10950.0,0.0,3.65,3.0,20220,Luc Vanderstappen,Tanatex Chemicals (S) Ede NL,Netherlands,Tanatex Chemicals B.V (X) Ede NL,2025-03-31T00:00:00,Marcos Pedreira,S,S4
00020,        AUBA,25000676,1.0,N,MDU4075B,MDU4075B.E,MDU4075B.E-TO,MICHEM DISP. URETHANE 4075B,,DAP,999,18850.7609,16800.0,6613.8675,3000.0,5850.0,16800.0,10950.0,12286.6566,10950.0,0.0,3.65,3.0,20220,Luc Vanderstappen,Tanatex Chemicals (S) Ede NL,Netherlands,Tanatex Chemicals B.V (X) Ede NL,2025-04-25T00:00:00,Marcos Pedreira,S,S4
00020,        AUBA,25000813,1.0,N,MDU2012B,MDU2012B.E,MDU2012B.E-LP,MICHEM DISP. URETHANE 2012B,,EXW,999,1198.3698,1068.0,529.1094,240.0,223.34,1068.0,844.66,947.7669,844.66,0.0,3.5194,2.0,20220,Luc Vanderstappen,Safic (X) Istanbul TR,Turkey,Safic Turkey - Global Parent,2025-05-19T00:00:00,Marcos Pedreira,S,S4
00020,        AUBA,25000907,1.0,N,MDU4075B,MDU4075B.E,MDU4075B.E-TO,MICHEM DISP. URETHANE 4075B,,DAP,999,18943.1777,16800.0,6613.8675,3000.0,5850.0,16800.0,10950.0,12346.8926,10950.0,0.0,3.65,3.0,20220,Luc Vanderstappen,Tanatex Chemicals (S) Ede NL,Netherlands,Tanatex Chemicals B.V (X) Ede NL,2025-06-02T00:00:00,Marcos Pedreira,S,S4
00020,        AUBA,25001256,1.0,N,MDU4075B,MDU4075B.E,MDU4075B.E-TO,MICHEM DISP. URETHANE 4075B,,DAP,999,19349.7091,16800.0,6613.8675,3000.0,5850.0,16800.0,10950.0,12611.864,10950.0,0.0,3.65,3.0,20220,Luc Vanderstappen,Tanatex Chemicals (S) Ede NL,Netherlands,Tanatex Chemicals B.V (X) Ede NL,2025-07-18T00:00:00,Marcos Pedreira,S,S4
00020,        AUBA,25001516,1.0,N,MDU4075B,MDU4075B.E,MDU4075B.E-TO,MICHEM DISP. URETHANE 4075B,,DAP,999,39133.3824,33600.0,13227.735,6000.0,11700.0,33600.0,21900.0,25506.5796,21900.0,0.0,3.65,6.0,20220,Luc Vanderstappen,Tanatex Chemicals (S) Ede NL,Netherlands,Tanatex Chemicals B.V (X) Ede NL,2025-08-14T00:00:00,Marcos Pedreira,S,S4
00020,        AUBA,25001670,1.0,N,MDU4075B,MDU4075B.E,MDU4075B.E-TO,MICHEM DISP. URETHANE 4075B,,DAP,999,13139.4603,11200.0,4409.245,2000.0,3900.0,11200.0,7300.0,8564.1125,7300.0,0.0,3.65,2.0,20220,Luc Vanderstappen,Tanatex Chemicals (S) Ede NL,Netherlands,Tanatex Chemicals B.V (X) Ede NL,2025-09-15T00:00:00,Marcos Pedreira,S,S4
00020,        AUBA,25001742,1.0,N,MDU4075B,MDU4075B.E,MDU4075B.E-LP,MICHEM DISP. URETHANE 4075B,,DAP,999,2407.3368,2052.0,793.6641000000001,360.0,705.6,2052.0,1346.4,1579.5508,1346.4,0.0,3.74,3.0,20220,Luc Vanderstappen,Sobotram (S) Chalon sur Saone FR,France,Safic France - Global Parent,2025-09-24T00:00:00,Marcos Pedreira,S,S4
00020,        AUBA,25002265,1.0,N,MDU4075B,MDU4075B.E,MDU4075B.E-TO,MICHEM DISP. URETHANE 4075B,,DAP,999,19428.234,16800.0,6613.8675,3000.0,5850.0,16800.0,10950.0,12663.0454,10950.0,0.0,3.65,3.0,20220,Luc Vanderstappen,Tanatex Chemicals (S) Ede NL,Netherlands,Tanatex Chemicals B.V (X) Ede NL,2025-12-04T00:00:00,Marcos Pedreira,S,S4
00020,        AUBA,22002553,1.0,N,MDU2012B,MDU2012B.E,MDU2012B.E-TO,MICHEM DISP. URETHANE 2012B,,EXW,999,11643.0424,11000.0,5000.0,2000.0,3180.0,11000.0,7820.0,8277.1447,7820.0,0.0,3.91,2.0,20220,Luc Vanderstappen,Transportes Davi (S) Barcelona ES,Spain,K&M Spain - Global Parent,2023-01-13T00:00:00,Marcos Pedreira,S,S4
00020,        AUBA,23000328,1.0,N,MDU2012B,MDU2012B.E,MDU2012B.E-TO,MICHEM DISP. URETHANE 2012B,,EXW,999,23564.3342,22000.0,10000.0,4000.0,6360.0,22000.0,15640.0,16752.0994,15640.0,0.0,3.91,4.0,20220,Luc Vanderstappen,Transportes Davi (S) Barcelona ES,Spain,K&M Spain - Global Parent,2023-03-09T00:00:00,Marcos Pedreira,S,S4
00020,        AUBA,23000465,1.0,N,MDU2012B,MDU2012B.E,MDU2012B.E-TO,MICHEM DISP. URETHANE 2012B,,EXW,999,23564.3342,22000.0,10000.0,4000.0,6360.0,22000.0,15640.0,16752.0994,15640.0,0.0,3.91,4.0,20220,Luc Vanderstappen,Teknos (S Termidor) Vamdrup DK,Denmark,Ab Termidor - Global Parent,2023-03-09T00:00:00,Marcos Pedreira,S,S4
00020,        AUBA,23001533,1.0,N,MDU4075B,MDU4075B.E,MDU4075B.E-LP,MICHEM DISP. URETHANE 4075B,,FCA,999,1644.6937,1488.0,529.1094,240.0,381.6,1488.0,1106.4,1222.9093,1106.4,0.0,4.61,2.0,20220,Luc Vanderstappen,Safic UK (S) CHESHIRE GB,United Kingdom,Safic Alcan UK - Global Parent,2023-07-13T00:00:00,Marcos Pedreira,S,S4
00020,        AUBA,23002008,1.0,N,MDU2012B,MDU2012B.E,MDU2012B.E-TO,MICHEM DISP. URETHANE 2012B,,EXW,999,11754.9069,11000.0,5000.0,2000.0,2866.4,11000.0,8133.6,8691.7919,8133.6,0.0,4.0668,2.0,20220,Luc Vanderstappen,Transportes Davi (S) Barcelona ES,Spain,K&M Spain - Global Parent,2023-10-04T00:00:00,Marcos Pedreira,S,S4
00020,        AUBA,22002311,1.0,N,MDU440B,MDU440B.E,MDU440B.E-TO,MICHEM DISP. URETHANE 440B,,DAP,999,34695.1674,34000.0,11023.1125,5000.0,16150.0,34000.0,17850.0,18214.9629,17850.0,0.0,3.57,5.0,20220,Luc Vanderstappen,Pebeo (X)  Gemenos FR,France,Pebeo (X)  Gemenos FR,2023-01-13T00:00:00,Marcos Pedreira,S,S4
00020,        AUBA,22002487,1.0,N,MDU4075B,MDU4075B.E,MDU4075B.E-TO,MICHEM DISP. URETHANE 4075B,,DAP,999,19211.02,18150.0,6613.8675,3000.0,4590.0,18150.0,13560.0,14352.6959,13560.0,0.0,4.52,3.0,20220,Luc Vanderstappen,Tanatex Chemicals (S) Ede NL,Netherlands,Tanatex Chemicals B.V (X) Ede NL,2023-01-02T00:00:00,Marcos Pedreira,S,S4
00020,        AUBA,22002545,1.0,N,MDU4075B,MDU4075B.E,MDU4075B.E-TO,MICHEM DISP. URETHANE 4075B,,DAP,999,12807.3466,12100.0,4409.245,2000.0,3060.0,12100.0,9040.0,9568.4639,9040.0,0.0,4.52,2.0,20220,Luc Vanderstappen,Tanatex Chemicals (S) Ede NL,Netherlands,Tanatex Chemicals B.V (X) Ede NL,2023-01-09T00:00:00,Marcos Pedreira,S,S4
00020,        AUBA,23000034,1.0,N,MDU4075B,MDU4075B.E,MDU4075B.E-TO,MICHEM DISP. URETHANE 4075B,,DAP,999,12829.4483,11900.0,4409.245,2000.0,2860.0,11900.0,9040.0,9746.0683,9040.0,0.0,4.52,2.0,20220,Luc Vanderstappen,Tanatex Chemicals (S) Ede NL,Netherlands,Tanatex Chemicals B.V (X) Ede NL,2023-01-27T00:00:00,Marcos Pedreira,S,S4
00020,        AUBA,23000370,1.0,N,MDU4075B,MDU4075B.E,MDU4075B.E-TO,MICHEM DISP. URETHANE 4075B,,DAP,999,12746.1626,11900.0,4409.245,2000.0,2860.0,11900.0,9040.0,9682.7991,9040.0,0.0,4.52,2.0,20220,Luc Vanderstappen,Tanatex Chemicals (S) Ede NL,Netherlands,Tanatex Chemicals B.V (X) Ede NL,2023-03-03T00:00:00,Marcos Pedreira,S,S4
00020,        AUBA,23000436,1.0,N,MDU4075B,MDU4075B.E,MDU4075B.E-TO,MICHEM DISP. URETHANE 4075B,,DAP,999,19119.2439,17850.0,6613.8675,3000.0,3819.6,17850.0,14030.4,15028.047,14030.4,0.0,4.6768,3.0,20220,Luc Vanderstappen,Tanatex Chemicals (S) Ede NL,Netherlands,Tanatex Chemicals B.V (X) Ede NL,2023-03-28T00:00:00,Marcos Pedreira,S,S4
00020,        AUBA,23000458,1.0,N,MDU4075B,MDU4075B.E,MDU4075B.E-LP,MICHEM DISP. URETHANE 4075B,,DAP,999,1593.8059,1488.0,529.1094,240.0,381.6,1488.0,1106.4,1185.0718,1106.4,0.0,4.61,2.0,20220,Luc Vanderstappen,Keyser & Mackay (X) Koeln DE,Germany,K&M Deutchland - Global Parent,2023-03-02T00:00:00,Marcos Pedreira,S,S4
00020,        AUBA,23000563,1.0,N,MDU4075B,MDU4075B.E,MDU4075B.E-TO,MICHEM DISP. URETHANE 4075B,,DAP,999,19108.6196,17850.0,6613.8675,3000.0,3819.6,17850.0,14030.4,15019.6961,14030.4,0.0,4.6768,3.0,20220,Luc Vanderstappen,Tanatex Chemicals (S) Ede NL,Netherlands,Tanatex Chemicals B.V (X) Ede NL,2023-03-28T00:00:00,Marcos Pedreira,S,S4
00020,        AUBA,23000684,1.0,N,MDU4075B,MDU4075B.E,MDU4075B.E-LP,MICHEM DISP. URETHANE 4075B,,DAP,999,2293.0343,2142.0,793.6641000000001,360.0,482.4,2142.0,1659.6,1776.6199,1659.6,0.0,4.61,3.0,20220,Luc Vanderstappen,Tanatex Chemicals (S) Ede NL,Netherlands,Tanatex Chemicals B.V (X) Ede NL,2023-04-07T00:00:00,Marcos Pedreira,S,S4
00020,        AUBA,23001197,1.0,N,MDU4075B,MDU4075B.E,MDU4075B.E-TO,MICHEM DISP. URETHANE 4075B,,DAP,999,12896.3085,11900.0,4409.245,2000.0,2900.0,11900.0,9000.0,9753.5106,9000.0,0.0,4.5,2.0,20220,Luc Vanderstappen,Tanatex Chemicals (S) Ede NL,Netherlands,Tanatex Chemicals B.V (X) Ede NL,2023-07-28T00:00:00,Marcos Pedreira,S,S4
00020,        AUBA,23001344,1.0,N,MDU4075B,MDU4075B.E,MDU4075B.E-LP,MICHEM DISP. URETHANE 4075B,,DAP,999,11606.6776,10710.0,3968.3205000000003,1800.0,2412.0,10710.0,8298.0,8992.7368,8298.0,0.0,4.61,15.0,20220,Luc Vanderstappen,Tanatex Chemicals (S) Ede NL,Netherlands,Tanatex Chemicals B.V (X) Ede NL,2023-07-06T00:00:00,Marcos Pedreira,S,S4
00020,        AUBA,23001600,1.0,N,MDU4075B,MDU4075B.E,MDU4075B.E-TO,MICHEM DISP. URETHANE 4075B,,DAP,999,19729.6925,17850.0,6613.8675,3000.0,4350.0,17850.0,13500.0,14921.6162,13500.0,0.0,4.5,3.0,20220,Luc Vanderstappen,Tanatex Chemicals (S) Ede NL,Netherlands,Tanatex Chemicals B.V (X) Ede NL,2023-08-10T00:00:00,Marcos Pedreira,S,S4
00020,        AUBA,23002128,1.0,N,MDU4075B,MDU4075B.E,MDU4075B.E-LP,MICHEM DISP. URETHANE 4075B,,DAP,999,11316.1689,10710.0,3968.3205000000003,1800.0,2412.0,10710.0,8298.0,8767.6535,8298.0,0.0,4.61,15.0,20220,Luc Vanderstappen,Tanatex Chemicals (S) Ede NL,Netherlands,Tanatex Chemicals B.V (X) Ede NL,2023-11-02T00:00:00,Marcos Pedreira,S,S4
00020,        AUBA,23002228,1.0,N,MDU4075B,MDU4075B.E,MDU4075B.E-TO,MICHEM DISP. URETHANE 4075B,,DAP,999,18860.2814,17850.0,6613.8675,3000.0,4350.0,17850.0,13500.0,14264.0784,13500.0,0.0,4.5,3.0,20220,Luc Vanderstappen,Tanatex Chemicals (S) Ede NL,Netherlands,Tanatex Chemicals B.V (X) Ede NL,2023-11-07T00:00:00,Marcos Pedreira,S,S4
00020,        AUBA,23002394,1.0,N,MDU4075B,MDU4075B.E,MDU4075B.E-TO,MICHEM DISP. URETHANE 4075B,,DAP,999,19294.0079,17850.0,6613.8675,3000.0,4350.0,17850.0,13500.0,14592.1068,13500.0,0.0,4.5,3.0,20220,Luc Vanderstappen,Tanatex Chemicals (S) Ede NL,Netherlands,Tanatex Chemicals B.V (X) Ede NL,2023-12-07T00:00:00,Marcos Pedreira,S,S4
00020,        AUBA,21001717,1.0,N,MDU2012B,MDU2012B.E,MDU2012B.E-TO,MICHEM DISP. URETHANE 2012B,,EXW,999,4210.3714,3560.0,2500.0,1000.0,1170.0,3560.0,2390.0,2826.6258,2390.0,0.0,2.39,1.0,20220,Luc Vanderstappen,Safic (X) Istanbul TR,Turkey,Safic Turkey - Global Parent,2021-07-15T00:00:00,Marcos Pedreira,S,S4
00020,        AUBA,21001792,1.0,N,MDU2012B,MDU2012B.E,MDU2012B.E-TO,MICHEM DISP. URETHANE 2012B,,EXW,999,4399.6016,3720.0,2500.0,1000.0,1020.0,3720.0,2700.0,3193.2592,2700.0,0.0,2.7,1.0,20220,Luc Vanderstappen,Safic (X) Istanbul TR,Turkey,Safic Turkey - Global Parent,2021-08-13T00:00:00,Marcos Pedreira,S,S4
00020,        AUBA,20001811,1.0,N,MDU4075B,MDU4075B.E,MDU4075B.E-LP,MICHEM DISP. URETHANE 4075,,DAP,999,539.203,457.2,264.5547,120.0,68.4,457.2,388.8,458.5349,388.8,0.0,3.24,1.0,20220,Luc Vanderstappen,Tanatex Chemicals (S) Ede NL,Netherlands,Tanatex Chemicals B.V (X) Ede NL,2020-09-21T00:00:00,Marcos Pedreira,S,S4
00020,        AUBA,20001874,1.0,N,MDU4075B,MDU4075B.E,MDU4075B.E-TO,MICHEM DISP. URETHANE 4075,,DAP,999,4741.024,4020.0,2204.6225,1000.0,870.0,4020.0,3150.0,3714.9815,3150.0,0.0,3.15,1.0,20220,Luc Vanderstappen,Keyser & Mackay (X) Koeln DE,Germany,K&M Deutchland - Global Parent,2020-10-09T00:00:00,Marcos Pedreira,S,S4
00020,        AUBA,20002595,1.0,N,MDU4075B,MDU4075B.E,MDU4075B.E-TO,MICHEM DISP. URETHANE 4075,,DAP,999,5071.9381,4170.0,2204.6225,1000.0,1020.0,4170.0,3150.0,3831.3201,3150.0,0.0,3.15,1.0,20220,Luc Vanderstappen,smartGLEIT (X) Hohenwart DE,Germany,MacDermid - Global Parent,2021-01-08T00:00:00,Marcos Pedreira,S,S4
00020,        AUBA,21000032,1.0,N,MDU4075B,MDU4075B.E,MDU4075B.E-TO,MICHEM DISP. URETHANE 4075,,DAP,999,4636.7041,3810.0,2204.6225,1000.0,660.0,3810.0,3150.0,3833.4955,3150.0,0.0,3.15,1.0,20220,Luc Vanderstappen,Tanatex Chemicals (S) Ede NL,Netherlands,Tanatex Chemicals B.V (X) Ede NL,2021-01-19T00:00:00,Marcos Pedreira,S,S4
00020,        AUBA,21001260,1.0,N,MDU4075B,MDU4075B.E,MDU4075B.E-TO,MICHEM DISP. URETHANE 4075,,DAP,999,4831.513,3980.0,2204.6225,1000.0,830.0,3980.0,3150.0,3823.9362,3150.0,0.0,3.15,1.0,20220,Luc Vanderstappen,Tanatex Chemicals (S) Ede NL,Netherlands,Tanatex Chemicals B.V (X) Ede NL,2021-06-02T00:00:00,Marcos Pedreira,S,S4
00020,        AUBA,21001680,1.0,N,MDU4075B,MDU4075B.E,MDU4075B.E-LP,MICHEM DISP. URETHANE 4075,,DAP,999,604.2632,501.6,264.5547,120.0,112.8,501.6,388.8,468.3762,388.8,0.0,3.24,1.0,20220,Luc Vanderstappen,Tanatex Chemicals (S) Ede NL,Netherlands,Tanatex Chemicals B.V (X) Ede NL,2021-07-20T00:00:00,Marcos Pedreira,S,S4
00020,        AUBA,21002005,1.0,N,MDU4075B,MDU4075B.E,MDU4075B.E-TO,MICHEM DISP. URETHANE 4075,,DAP,999,4920.4385,4180.0,2204.6225,1000.0,770.0,4180.0,3410.0,4014.0419,3410.0,0.0,3.41,1.0,20220,Luc Vanderstappen,Tanatex Chemicals (S) Ede NL,Netherlands,Tanatex Chemicals B.V (X) Ede NL,2021-09-20T00:00:00,Marcos Pedreira,S,S4
00020,        AUBA,21002387,1.0,N,MDU2012B,MDU2012B.E,MDU2012B.E-TO,MICHEM DISP. URETHANE 2012B,,DAP,999,4381.4625,3720.0,2500.0,1000.0,1020.0,3720.0,2700.0,3180.0938,2700.0,0.0,2.7,1.0,20220,Luc Vanderstappen,SurTec (X) Zwingenberg DE,Germany,Surtec - Global Parent,2021-10-11T00:00:00,Marcos Pedreira,S,S4
00020,        AUBA,22001029,1.0,N,MDU4075B,MDU4075B.E,MDU4075B.E-TO,MICHEM DISP. URETHANE 4075B,,DAP,999,5812.686,5500.0,2204.6225,1000.0,980.0,5500.0,4520.0,4776.971,4520.0,0.0,4.52,1.0,20220,Luc Vanderstappen,Tanatex Chemicals (S) Ede NL,Netherlands,Tanatex Chemicals B.V (X) Ede NL,2022-05-19T00:00:00,Marcos Pedreira,S,S4
00020,        AUBA,22001298,1.0,N,MDU4075B,MDU4075B.E,MDU4075B.E-TO,MICHEM DISP. URETHANE 4075B,,DAP,999,6450.1662,6100.0,2204.6225,1000.0,1580.0,6100.0,4520.0,4779.4674,4520.0,0.0,4.52,1.0,20220,Luc Vanderstappen,smartGLEIT (X) Hohenwart DE,Germany,MacDermid - Global Parent,2022-06-13T00:00:00,Marcos Pedreira,S,S4
00020,        AUBA,22002009,1.0,N,MDU4075B,MDU4075B.E,MDU4075B.E-TO,MICHEM DISP. URETHANE 4075B,,DAP,999,6000.5866,6050.0,2204.6225,1000.0,1530.0,6050.0,4520.0,4483.0829,4520.0,0.0,4.52,1.0,20220,Luc Vanderstappen,Tanatex Chemicals (S) Ede NL,Netherlands,Tanatex Chemicals B.V (X) Ede NL,2022-10-06T00:00:00,Marcos Pedreira,S,S4
00020,        AUBA,20002080,1.0,N,MDU4075B,MDU4075B.E,MDU4075B.E-LP,MICHEM DISP. URETHANE 4075,,DAP,999,538.0646,457.2,264.5547,120.0,68.4,457.2,388.8,457.5668,388.8,0.0,3.24,1.0,20220,Luc Vanderstappen,Tanatex Chemicals (S) Ede NL,Netherlands,Tanatex Chemicals B.V (X) Ede NL,2020-10-30T00:00:00,Marcos Pedreira,S,S4
00020,        AUBA,20002352,1.0,N,MDU4075B,MDU4075B.E,MDU4075B.E-LP,MICHEM DISP. URETHANE 4075,,DAP,999,605.1124,511.2,264.5547,120.0,122.4,511.2,388.8,460.2263,388.8,0.0,3.24,1.0,20220,Luc Vanderstappen,smartGLEIT (X) Hohenwart DE,Germany,MacDermid - Global Parent,2020-12-01T00:00:00,Marcos Pedreira,S,S4
00020,        AUBA,20002358,1.0,N,MDU440B,MDU440B.E,MDU440B.E-TO,MICHEM DISP. URETHANE 440B,,DAP,999,3728.6856,3150.0,2204.6225,1000.0,470.0,3150.0,2680.0,3172.342,2680.0,0.0,2.68,1.0,20220,Luc Vanderstappen,Pebeo (X)  Gemenos FR,France,Pebeo (X)  Gemenos FR,2021-01-14T00:00:00,Marcos Pedreira,S,S4
00020,        AUBA,21002206,1.0,N,MDU4075B,MDU4075B.E,MDU4075B.E-TO,MICHEM DISP. URETHANE 4075,,DAP,999,6831.3125,5800.0,2204.6225,1000.0,2070.0,5800.0,3730.0,4393.2406,3730.0,0.0,3.73,1.0,20220,Luc Vanderstappen,Keyser & Mackay Alblas (S) Emsbueren DE,Germany,K&M Deutchland - Global Parent,2022-02-25T00:00:00,Marcos Pedreira,S,S4
00020,        AUBA,21002611,1.0,N,MDU2012B,MDU2012B.E,MDU2012B.E-TO,MICHEM DISP. URETHANE 2012B,,DAP,999,4314.514,3720.0,2500.0,1000.0,1020.0,3720.0,2700.0,3131.5021,2700.0,0.0,2.7,1.0,20220,Luc Vanderstappen,Sobotram (S) Chalon sur Saone FR,France,Safic France - Global Parent,2021-12-21T00:00:00,Marcos Pedreira,S,S4
00020,        AUBA,21002687,1.0,N,MDU2012B,MDU2012B.E,MDU2012B.E-TO,MICHEM DISP. URETHANE 2012B,,DAP,999,4244.8589,3720.0,2500.0,1000.0,1020.0,3720.0,2700.0,3080.946,2700.0,0.0,2.7,1.0,20220,Luc Vanderstappen,SurTec (X) Zwingenberg DE,Germany,Surtec - Global Parent,2021-12-09T00:00:00,Marcos Pedreira,S,S4
00020,        AUBA,21002939,1.0,N,MDU2012B,MDU2012B.E,MDU2012B.E-TO,MICHEM DISP. URETHANE 2012B,,DAP,999,4408.6641,3900.0,2500.0,1000.0,750.0,3900.0,3150.0,3560.8441,3150.0,0.0,3.15,1.0,20220,Luc Vanderstappen,SurTec (X) Zwingenberg DE,Germany,Surtec - Global Parent,2022-01-13T00:00:00,Marcos Pedreira,S,S4
00020,        AUBA,22000660,1.0,N,MDU4075B,MDU4075B.E,MDU4075B.E-LP,MICHEM DISP. URETHANE 4075B,,DAP,999,779.5081,708.0,264.5547,120.0,154.8,708.0,553.2,609.0733,553.2,0.0,4.61,1.0,20220,Luc Vanderstappen,Sobotram (S) Chalon sur Saone FR,France,Safic France - Global Parent,2022-04-06T00:00:00,Marcos Pedreira,S,S4
00020,        AUBA,20001343,1.0,N,MDU4075B,MDU4075B.E,MDU4075B.E-TO,MICHEM DISP. URETHANE 4075,,EXW,999,4691.28,4170.0,2204.6225,1000.0,1020.0,4170.0,3150.0,3543.7727,3150.0,0.0,3.15,1.0,20220,Luc Vanderstappen,Safic UK (S) CHESHIRE GB,United Kingdom,Safic Alcan UK - Global Parent,2020-08-05T00:00:00,Marcos Pedreira,S,S4
00020,        AUBA,21001728,1.0,N,MDU4075B,MDU4075B.E,MDU4075B.E-TO,MICHEM DISP. URETHANE 4075,,FCA,999,5369.4062,4540.0,2204.6225,1000.0,1130.0,4540.0,3410.0,4032.9681,3410.0,0.0,3.41,1.0,20220,Luc Vanderstappen,Safic UK (S) CHESHIRE GB,United Kingdom,Safic Alcan UK - Global Parent,2021-08-19T00:00:00,Marcos Pedreira,S,S4
00020,        AUBA,22000024,1.0,N,MDU4075B,MDU4075B.E,MDU4075B.E-TO,MICHEM DISP. URETHANE 4075,,EXW,999,6568.5864,5800.0,2204.6225,1000.0,1280.0,5800.0,4520.0,5118.9673,4520.0,0.0,4.52,1.0,20220,Luc Vanderstappen,Transportes Davi (S) Barcelona ES,Spain,K&M Spain - Global Parent,2022-03-04T00:00:00,Marcos Pedreira,S,S4
00020,        AUBA,20001121,1.0,N,MDU4075B,MDU4075B.E,MDU4075B.E-LP,MICHEM DISP. URETHANE 4075,,EXW,999,558.2309,511.2,264.5547,120.0,122.4,511.2,388.8,424.5699,388.8,0.0,3.24,1.0,20220,Luc Vanderstappen,Safic (X) Lainate IT,Italy,Safic Italy - Global Parent,2020-05-28T00:00:00,Marcos Pedreira,S,S4
00020,        AUBA,20001366,1.0,N,MDU4075B,MDU4075B.E,MDU4075B.E-TO,MICHEM DISP. URETHANE 4075,,EXW,999,4691.28,4170.0,2204.6225,1000.0,1020.0,4170.0,3150.0,3543.7727,3150.0,0.0,3.15,1.0,20220,Luc Vanderstappen,Transportes Davi (S) Barcelona ES,Spain,K&M Spain - Global Parent,2020-08-03T00:00:00,Marcos Pedreira,S,S4
00020,        AUBA,20001413,1.0,N,MDU4075B,MDU4075B.E,MDU4075B.E-TO,MICHEM DISP. URETHANE 4075,,EXW,999,4598.4651,4020.0,2204.6225,1000.0,870.0,4020.0,3150.0,3603.2749,3150.0,0.0,3.15,1.0,20220,Luc Vanderstappen,Keyser & Mackay (X) Koeln DE,Germany,K&M Deutchland - Global Parent,2020-08-03T00:00:00,Marcos Pedreira,S,S4
00020,        AUBA,20001454,1.0,N,MDU4075B,MDU4075B.E,MDU4075B.E-TO,MICHEM DISP. URETHANE 4075,,EXW,999,4598.4651,4020.0,2204.6225,1000.0,870.0,4020.0,3150.0,3603.2749,3150.0,0.0,3.15,1.0,20220,Luc Vanderstappen,Keyser & Mackay (X) Koeln DE,Germany,K&M Deutchland - Global Parent,2020-08-03T00:00:00,Marcos Pedreira,S,S4
00020,        AUBA,20001638,1.0,N,MDU4075B,MDU4075B.E,MDU4075B.E-TO,MICHEM DISP. URETHANE 4075,,EXW,999,4753.6621,4020.0,2204.6225,1000.0,870.0,4020.0,3150.0,3724.8844,3150.0,0.0,3.15,1.0,20220,Luc Vanderstappen,Keyser & Mackay (X) Koeln DE,Germany,K&M Deutchland - Global Parent,2020-08-13T00:00:00,Marcos Pedreira,S,S4
00020,        AUBA,20002150,1.0,N,MDU4075B,MDU4075B.E,MDU4075B.E-TO,MICHEM DISP. URETHANE 4075,,EXW,999,4731.0146,4020.0,2204.6225,1000.0,870.0,4020.0,3150.0,3707.1383,3150.0,0.0,3.15,1.0,20220,Luc Vanderstappen,Keyser & Mackay (X) Koeln DE,Germany,K&M Deutchland - Global Parent,2020-11-04T00:00:00,Marcos Pedreira,S,S4
00020,        AUBA,20002203,1.0,N,MDU2012B,MDU2012B.E,MDU2012B.E-LP,MICHEM DISP. URETHANE 2012B,,EXW,999,464.628,394.8,264.5547,120.0,49.62,394.8,345.18,406.2317,345.18,0.0,2.8765,1.0,20220,Luc Vanderstappen,Keyser & Mackay (X) Koeln DE,Germany,K&M Deutchland - Global Parent,2020-11-02T00:00:00,Marcos Pedreira,S,S4
00020,        AUBA,20002328,1.0,N,MDU2012B,MDU2012B.E,MDU2012B.E-LP,MICHEM DISP. URETHANE 2012B,,EXW,999,467.3286,394.8,264.5547,120.0,49.62,394.8,345.18,408.5929,345.18,0.0,2.8765,1.0,20220,Luc Vanderstappen,Keyser & Mackay (X) Koeln DE,Germany,K&M Deutchland - Global Parent,2020-11-18T00:00:00,Marcos Pedreira,S,S4
00020,        AUBA,20002668,1.0,N,MDU4075B,MDU4075B.E,MDU4075B.E-TO,MICHEM DISP. URETHANE 4075,,FCA,999,5071.9381,4170.0,2204.6225,1000.0,1020.0,4170.0,3150.0,3831.3201,3150.0,0.0,3.15,1.0,20220,Luc Vanderstappen,FlaektGroup (S) Joenkoeping SE,Sweden,Ab Termidor - Global Parent,2021-01-13T00:00:00,Marcos Pedreira,S,S4
00020,        AUBA,21000042,1.0,N,MDU4075B,MDU4075B.E,MDU4075B.E-TO,MICHEM DISP. URETHANE 4075,,EXW,999,4892.2705,4020.0,2204.6225,1000.0,870.0,4020.0,3150.0,3833.4955,3150.0,0.0,3.15,1.0,20220,Luc Vanderstappen,Keyser & Mackay (X) Koeln DE,Germany,K&M Deutchland - Global Parent,2021-01-12T00:00:00,Marcos Pedreira,S,S4
00020,        AUBA,21000243,1.0,N,MDU4075B,MDU4075B.E,MDU4075B.E-TO,MICHEM DISP. URETHANE 4075,,EXW,999,5074.8179,4170.0,2204.6225,1000.0,1020.0,4170.0,3150.0,3833.4955,3150.0,0.0,3.15,1.0,20220,Luc Vanderstappen,Keyser & Mackay (X) Koeln DE,Germany,K&M Deutchland - Global Parent,2021-02-03T00:00:00,Marcos Pedreira,S,S4
00020,        AUBA,21000254,1.0,N,MDU4075B,MDU4075B.E,MDU4075B.E-TO,MICHEM DISP. URETHANE 4075,,EXW,999,5044.0116,4170.0,2204.6225,1000.0,1020.0,4170.0,3150.0,3810.2246,3150.0,0.0,3.15,1.0,20220,Luc Vanderstappen,Keyser & Mackay (X) Koeln DE,Germany,K&M Deutchland - Global Parent,2021-02-03T00:00:00,Marcos Pedreira,S,S4
00020,        AUBA,21000277,1.0,N,MDU4075B,MDU4075B.E,MDU4075B.E-LP,MICHEM DISP. URETHANE 4075,,EXW,999,618.345,511.2,264.5547,120.0,122.4,511.2,388.8,470.2906,388.8,0.0,3.24,1.0,20220,Luc Vanderstappen,Safic (X) Lainate IT,Italy,Safic Italy - Global Parent,2021-02-10T00:00:00,Marcos Pedreira,S,S4
00020,        AUBA,21000358,1.0,N,MDU2012B,MDU2012B.E,MDU2012B.E-TO,MICHEM DISP. URETHANE 2012B,,EXW,999,4052.1436,3350.0,2500.0,1000.0,960.0,3350.0,2390.0,2890.9323,2390.0,0.0,2.39,1.0,20220,Luc Vanderstappen,Teknos (S Termidor) Vamdrup DK,Denmark,Ab Termidor - Global Parent,2021-03-05T00:00:00,Marcos Pedreira,S,S4
00020,        AUBA,21000557,1.0,N,MDU4075B,MDU4075B.E,MDU4075B.E-LP,MICHEM DISP. URETHANE 4075,,EXW,999,608.8637,511.2,264.5547,120.0,122.4,511.2,388.8,463.0794,388.8,0.0,3.24,1.0,20220,Luc Vanderstappen,Safic Alcan (X) Ruse BG,Bulgaria,Safic Bulgaria - Global Parent,2021-03-10T00:00:00,Marcos Pedreira,S,S4
00020,        AUBA,21000954,1.0,N,MDU2012B,MDU2012B.E,MDU2012B.E-TO,MICHEM DISP. URETHANE 2012B,,EXW,999,4206.7868,3520.0,2500.0,1000.0,1130.0,3520.0,2390.0,2856.3127,2390.0,0.0,2.39,1.0,20220,Luc Vanderstappen,"Keyser & Mackay (S) Rhenen, NL",Netherlands,K&M Netherlands - Global Parent,2021-05-28T00:00:00,Marcos Pedreira,S,S4
00020,        AUBA,21001010,1.0,N,MDU4075B,MDU4075B.E,MDU4075B.E-TO,MICHEM DISP. URETHANE 4075,,FCA,999,5186.777,4340.0,2204.6225,1000.0,1190.0,4340.0,3150.0,3764.5962,3150.0,0.0,3.15,1.0,20220,Luc Vanderstappen,FlaektGroup (S) Joenkoeping SE,Sweden,Ab Termidor - Global Parent,2021-05-03T00:00:00,Marcos Pedreira,S,S4
00020,        AUBA,21001249,1.0,N,MDU2012B,MDU2012B.E,MDU2012B.E-TO,MICHEM DISP. URETHANE 2012B,,EXW,999,4273.097,3520.0,2500.0,1000.0,1130.0,3520.0,2390.0,2901.3357,2390.0,0.0,2.39,1.0,20220,Luc Vanderstappen,"Keyser & Mackay (S) Rhenen, NL",Netherlands,K&M Netherlands - Global Parent,2021-05-28T00:00:00,Marcos Pedreira,S,S4
00020,        AUBA,21001595,1.0,N,MDU2012B,MDU2012B.E,MDU2012B.E-TO,MICHEM DISP. URETHANE 2012B,,EXW,999,4119.9762,3420.0,2500.0,1000.0,1030.0,3420.0,2390.0,2879.1646,2390.0,0.0,2.39,1.0,20220,Luc Vanderstappen,Transportes Davi (S) Barcelona ES,Spain,K&M Spain - Global Parent,2021-07-20T00:00:00,Marcos Pedreira,S,S4
00020,        AUBA,21002114,1.0,N,MDU440B,MDU440B.E,MDU440B.E-LP,MICHEM DISP. URETHANE 440B,,EXW,999,639.8924,543.6,264.5547,120.0,164.4,543.6,379.2,446.3709,379.2,0.0,3.16,1.0,20220,Luc Vanderstappen,Safic (X) Lainate IT,Italy,Safic Italy - Global Parent,2021-11-09T00:00:00,Marcos Pedreira,S,S4
00020,        AUBA,21002478,1.0,N,MDU2012B,MDU2012B.E,MDU2012B.E-TO,MICHEM DISP. URETHANE 2012B,,EXW,999,4314.514,3720.0,2500.0,1000.0,1020.0,3720.0,2700.0,3131.5021,2700.0,0.0,2.7,1.0,20220,Luc Vanderstappen,Transportes Davi (S) Barcelona ES,Spain,K&M Spain - Global Parent,2021-12-09T00:00:00,Marcos Pedreira,S,S4
00020,        AUBA,21003078,1.0,N,MDU2012B,MDU2012B.E,MDU2012B.E-TO,MICHEM DISP. URETHANE 2012B,,EXW,999,4408.6641,3900.0,2500.0,1000.0,750.0,3900.0,3150.0,3560.8441,3150.0,0.0,3.15,1.0,20220,Luc Vanderstappen,Safic (X) Istanbul TR,Turkey,Safic Turkey - Global Parent,2022-02-03T00:00:00,Marcos Pedreira,S,S4
00020,        AUBA,22000130,1.0,N,MDU2012B,MDU2012B.E,MDU2012B.E-TO,MICHEM DISP. URETHANE 2012B,,EXW,999,5662.5745,5000.0,2500.0,1000.0,1850.0,5000.0,3150.0,3567.4219,3150.0,0.0,3.15,1.0,20220,Luc Vanderstappen,"Keyser & Mackay (S) Rhenen, NL",Netherlands,K&M Netherlands - Global Parent,2022-02-16T00:00:00,Marcos Pedreira,S,S4
00020,        AUBA,22001929,1.0,N,MDU2012B,MDU2012B.E,MDU2012B.E-TO,MICHEM DISP. URETHANE 2012B,,EXW,999,5455.0788,5500.0,2500.0,1000.0,1590.0,5500.0,3910.0,3878.0651,3910.0,0.0,3.91,1.0,20220,Luc Vanderstappen,"Keyser & Mackay (S) Rhenen, NL",Netherlands,K&M Netherlands - Global Parent,2022-09-22T00:00:00,Marcos Pedreira,S,S4
00020,        AUBA,22002116,1.0,N,MDU2012B,MDU2012B.E,MDU2012B.E-LP,MICHEM DISP. URETHANE 2012B,,FCA,999,660.6919,672.0,264.5547,120.0,192.0,672.0,480.0,471.9228,480.0,0.0,4.0,1.0,20220,Luc Vanderstappen,Sobotram (S) Chalon sur Saone FR,France,Safic France - Global Parent,2022-10-17T00:00:00,Marcos Pedreira,S,S4
00020,        AUBA,22002134,1.0,N,MDU2012B,MDU2012B.E,MDU2012B.E-TO,MICHEM DISP. URETHANE 2012B,,EXW,999,5407.4488,5500.0,2500.0,1000.0,1590.0,5500.0,3910.0,3844.2045,3910.0,0.0,3.91,1.0,20220,Luc Vanderstappen,Safic (X) Istanbul TR,Turkey,Safic Turkey - Global Parent,2022-10-18T00:00:00,Marcos Pedreira,S,S4
00020,        AUBA,24000652,1.0,N,MDU2012B,MDU2012B.E,MDU2012B.E-LP,MICHEM DISP. URETHANE 2012B,,DAP,999,580.4794,534.0,264.5547,120.0,-38.62,534.0,572.62,622.4609,572.62,0.0,4.7718,1.0,20220,Luc Vanderstappen,SurTec (X) Zwingenberg DE,Germany,Surtec - Global Parent,2024-03-28T00:00:00,Marcos Pedreira,S,S4
00020,        AUBA,24001020,1.0,N,MDU4075B,MDU4075B.E,MDU4075B.E-TO,MICHEM DISP. URETHANE 4075B,,EXW,999,6051.9334,5600.0,2204.6225,1000.0,1950.0,5600.0,3650.0,3944.5638,3650.0,0.0,3.65,1.0,20220,Luc Vanderstappen,FlaektGroup (S) Joenkoeping SE,Sweden,Ab Termidor - Global Parent,2024-07-01T00:00:00,Marcos Pedreira,S,S4
00020,        AUBA,24001374,1.0,N,MDU2012B,MDU2012B.E,MDU2012B.E-LP,MICHEM DISP. URETHANE 2012B,,DAP,999,579.4477,534.0,264.5547,120.0,-38.62,534.0,572.62,621.3546,572.62,0.0,4.7718,1.0,20220,Luc Vanderstappen,SurTec (X) Zwingenberg DE,Germany,Surtec - Global Parent,2024-07-31T00:00:00,Marcos Pedreira,S,S4
00020,        AUBA,23002525,1.0,N,MDU4075B,MDU4075B.E,MDU4075B.E-LP,MICHEM DISP. URETHANE 4075B,,EXW,999,746.7055,684.0,264.5547,120.0,193.2,684.0,490.8,535.7939,490.8,0.0,4.09,1.0,20220,Luc Vanderstappen,Keyser & Mackay (X) Koeln DE,Germany,K&M Deutchland - Global Parent,2024-02-12T00:00:00,Marcos Pedreira,S,S4
00020,        AUBA,24000022,1.0,N,MDU2012B,MDU2012B.E,MDU2012B.E-TO,MICHEM DISP. URETHANE 2012B,,EXW,999,5611.3395,5140.0,2500.0,1000.0,1073.2,5140.0,4066.8,4439.7268,4066.8,0.0,4.0668,1.0,20220,Luc Vanderstappen,Teknos (S Termidor) Vamdrup DK,Denmark,Ab Termidor - Global Parent,2024-01-16T00:00:00,Marcos Pedreira,S,S4
00020,        AUBA,24000075,1.0,N,MDU2012B,MDU2012B.E,MDU2012B.E-LP,MICHEM DISP. URETHANE 2012B,,EXW,999,686.4611,628.8,264.5547,120.0,56.18,628.8,572.62,625.1294,572.62,0.0,4.7718,1.0,20220,Luc Vanderstappen,Safic (X) Lainate IT,Italy,Safic Italy - Global Parent,2024-01-16T00:00:00,Marcos Pedreira,S,S4
00020,        AUBA,24000380,1.0,N,MDU4075B,MDU4075B.E,MDU4075B.E-TO,MICHEM DISP. URETHANE 4075B,,DAP,999,6584.5157,6100.0,2204.6225,1000.0,2100.0,6100.0,4000.0,4317.7152,4000.0,0.0,4.0,1.0,20220,Luc Vanderstappen,smartGLEIT (X) Hohenwart DE,Germany,MacDermid - Global Parent,2024-02-23T00:00:00,Marcos Pedreira,S,S4
00020,        AUBA,24000401,1.0,N,MDU4075B,MDU4075B.E,MDU4075B.E-TO,MICHEM DISP. URETHANE 4075B,,DAP,999,6260.687,5800.0,2204.6225,1000.0,1800.0,5800.0,4000.0,4317.7152,4000.0,0.0,4.0,1.0,20220,Luc Vanderstappen,Tanatex Chemicals (S) Ede NL,Netherlands,Tanatex Chemicals B.V (X) Ede NL,2024-03-06T00:00:00,Marcos Pedreira,S,S4
00020,        AUBA,24000563,1.0,N,MDU2012B,MDU2012B.E,MDU2012B.E-TO,MICHEM DISP. URETHANE 2012B,,EXW,999,5587.3861,5140.0,2500.0,1000.0,1073.2,5140.0,4066.8,4420.7747,4066.8,0.0,4.0668,1.0,20220,Luc Vanderstappen,Teknos (S Termidor) Vamdrup DK,Denmark,Ab Termidor - Global Parent,2024-03-18T00:00:00,Marcos Pedreira,S,S4
00020,        AUBA,24000597,1.0,N,MDU4075B,MDU4075B.E,MDU4075B.E-TO,MICHEM DISP. URETHANE 4075B,,DAP,999,6087.4246,5600.0,2204.6225,1000.0,1600.0,5600.0,4000.0,4348.1604,4000.0,0.0,4.0,1.0,20220,Luc Vanderstappen,Keyser & Mackay Alblas (S) Emsbueren DE,Germany,K&M Deutchland - Global Parent,2024-05-24T00:00:00,Marcos Pedreira,S,S4
00020,        AUBA,24000879,1.0,N,MDU4075B,MDU4075B.E,MDU4075B.E-TO,MICHEM DISP. URETHANE 4075B,,FCA,999,6006.5152,5600.0,2204.6225,1000.0,1600.0,5600.0,4000.0,4290.368,4000.0,0.0,4.0,1.0,20220,Luc Vanderstappen,Safic UK (S) CHESHIRE GB,United Kingdom,Safic Alcan UK - Global Parent,2024-05-23T00:00:00,Marcos Pedreira,S,S4
00020,        AUBA,24000981,1.0,N,MDU2012B,MDU2012B.E,MDU2012B.E-TO,MICHEM DISP. URETHANE 2012B,,EXW,999,3782.4584,3500.0,2500.0,1000.0,-566.8,3500.0,4066.8,4395.0005,4066.8,0.0,4.0668,1.0,20220,Luc Vanderstappen,Transportes Davi (S) Barcelona ES,Spain,K&M Spain - Global Parent,2024-05-17T00:00:00,Marcos Pedreira,S,S4
00020,        AUBA,24001157,1.0,N,MDU2012B,MDU2012B.E,MDU2012B.E-TO,MICHEM DISP. URETHANE 2012B,,EXW,999,4682.9346,4350.0,2500.0,1000.0,283.2,4350.0,4066.8,4378.0595,4066.8,0.0,4.0668,1.0,20220,Luc Vanderstappen,Safic Alcan (X) Ruse BG,Bulgaria,Safic Bulgaria - Global Parent,2024-07-15T00:00:00,Marcos Pedreira,S,S4
00020,        AUBA,24001411,1.0,N,MDU4075B,MDU4075B.E,MDU4075B.E-TO,MICHEM DISP. URETHANE 4075B,,DAP,999,6293.627,5800.0,2204.6225,1000.0,2150.0,5800.0,3650.0,3960.6446,3650.0,0.0,3.65,1.0,20220,Luc Vanderstappen,Tanatex Chemicals (S) Ede NL,Netherlands,Tanatex Chemicals B.V (X) Ede NL,2024-07-22T00:00:00,Marcos Pedreira,S,S4
00020,        AUBA,24001638,1.0,N,MDU4075B,MDU4075B.E,MDU4075B.E-LP,MICHEM DISP. URETHANE 4075B,,DAP,999,740.1895,672.0,264.5547,120.0,223.2,672.0,448.8,494.3408,448.8,0.0,3.74,1.0,20220,Luc Vanderstappen,Tanatex Chemicals (S) Ede NL,Netherlands,Tanatex Chemicals B.V (X) Ede NL,2024-09-09T00:00:00,Marcos Pedreira,S,S4
00020,        AUBA,24001760,1.0,N,MDU2012B,MDU2012B.E,MDU2012B.E-LP,MICHEM DISP. URETHANE 2012B,,DAP,999,593.1341,534.0,264.5547,120.0,116.44,534.0,417.56,463.7998,417.56,0.0,3.4797,1.0,20220,Luc Vanderstappen,SurTec (S Bensheim) Zwingenberg DE,Germany,Surtec - Global Parent,2024-10-07T00:00:00,Marcos Pedreira,S,S4
00020,        AUBA,24001816,1.0,N,MDU4075B,MDU4075B.E,MDU4075B.E-TO,MICHEM DISP. URETHANE 4075B,,EXW,999,6220.1334,5600.0,2204.6225,1000.0,1950.0,5600.0,3650.0,4054.1941,3650.0,0.0,3.65,1.0,20220,Luc Vanderstappen,FlaektGroup (S) Joenkoeping SE,Sweden,Ab Termidor - Global Parent,2024-11-04T00:00:00,Marcos Pedreira,S,S4
00020,        AUBA,24002366,1.0,N,MDU4075B,MDU4075B.E,MDU4075B.E-LP,MICHEM DISP. URETHANE 4075B,,EXW,999,716.7582,684.0,264.5547,120.0,235.2,684.0,448.8,470.294,448.8,0.0,3.74,1.0,20220,Luc Vanderstappen,Keyser & Mackay (X) Koeln DE,Germany,K&M Deutchland - Global Parent,2024-12-16T00:00:00,Marcos Pedreira,S,S4
00020,        AUBA,25002385,1.0,N,MDU4075B,MDU4075B.E,MDU4075B.E-TO,MICHEM DISP. URETHANE 4075B,,EXW,999,6558.7172,5600.0,2204.6225,1000.0,1950.0,5600.0,3650.0,4274.8782,3650.0,0.0,3.65,1.0,20220,Luc Vanderstappen,FlaektGroup (S) Joenkoeping SE,Sweden,Ab Termidor - Global Parent,2026-02-11T00:00:00,Marcos Pedreira,S,S4
00020,        AUBA,26000074,1.0,N,MDU2012B,MDU2012B.E,MDU2012B.E-LP,MICHEM DISP. URETHANE 2012B,,DAP,999,626.432,534.0,264.5547,120.0,109.5,534.0,424.5,497.9783,424.5,0.0,3.5375,1.0,20220,Luc Vanderstappen,SurTec (X) Zwingenberg DE,Germany,Surtec - Global Parent,2026-02-12T00:00:00,Marcos Pedreira,S,S4
00020,        AUBA,26000110,1.0,N,MDU4075B,MDU4075B.E,MDU4075B.E-LP,MICHEM DISP. URETHANE 4075B,,DAP,999,802.3961,684.0,264.5547,120.0,235.2,684.0,448.8,526.4845,448.8,0.0,3.74,1.0,20220,Luc Vanderstappen,Coventya (X) Gutersloh DE,Germany,MacDermid - Global Parent,2026-02-12T00:00:00,Marcos Pedreira,S,S4
00020,        AUBA,26000161,1.0,N,MDU4075B,MDU4075B.E,MDU4075B.E-TO,MICHEM DISP. URETHANE 4075B,,DAP,999,6569.3247,5600.0,2204.6225,1000.0,1950.0,5600.0,3650.0,4281.792,3650.0,0.0,3.65,1.0,20220,Luc Vanderstappen,Tanatex Chemicals (S) Ede NL,Netherlands,Tanatex Chemicals B.V (X) Ede NL,2026-02-23T00:00:00,Marcos Pedreira,S,S4
00020,        AUBA,26000167,1.0,N,MDU2012B,MDU2012B.E,MDU2012B.E-TO,MICHEM DISP. URETHANE 2012B,,EXW,999,5102.9576,4350.0,2500.0,1000.0,1150.0,4350.0,3200.0,3753.8998,3200.0,0.0,3.2,1.0,20220,Luc Vanderstappen,Teknos (S Termidor) Vamdrup DK,Denmark,Ab Termidor - Global Parent,2026-02-09T00:00:00,Marcos Pedreira,S,S4
00020,        AUBA,26000192,1.0,N,MDU2012B,MDU2012B.E,MDU2012B.E-LP,MICHEM DISP. URETHANE 2012B,,DAP,999,626.432,534.0,264.5547,120.0,109.5,534.0,424.5,497.9783,424.5,0.0,3.5375,1.0,20220,Luc Vanderstappen,SurTec (X) Zwingenberg DE,Germany,Surtec - Global Parent,2026-02-12T00:00:00,Marcos Pedreira,S,S4
00020,        AUBA,26000195,1.0,N,MDU2012B,MDU2012B.E,MDU2012B.E-TO,MICHEM DISP. URETHANE 2012B,,EXW,999,5102.9576,4350.0,2500.0,1000.0,1150.0,4350.0,3200.0,3753.8998,3200.0,0.0,3.2,1.0,20220,Luc Vanderstappen,"Keyser & Mackay (S) Rhenen, NL",Netherlands,K&M Netherlands - Global Parent,2026-02-12T00:00:00,Marcos Pedreira,S,S4
00020,        AUBA,26000238,1.0,N,MDU4075B,MDU4075B.E,MDU4075B.E-LP,MICHEM DISP. URETHANE 4075B,,EXW,999,809.0105,684.0,264.5547,120.0,235.2,684.0,448.8,530.8244,448.8,0.0,3.74,1.0,20220,Luc Vanderstappen,Transportes Davi (S) Barcelona ES,Spain,K&M Spain - Global Parent,2026-02-16T00:00:00,Marcos Pedreira,S,S4
00020,        AUBA,26000497,1.0,N,MDU4075B,MDU4075B.E,MDU4075B.E-TO,MICHEM DISP. URETHANE 4075B,,EXW,999,6479.9986,5600.0,2204.6225,1000.0,1950.0,5600.0,3650.0,4223.5705,3650.0,0.0,3.65,1.0,20220,Luc Vanderstappen,"Keyser & Mackay (S) Rhenen, NL",Netherlands,K&M Netherlands - Global Parent,2026-03-27T00:00:00,Marcos Pedreira,S,S4
00020,        AUBA,26000598,1.0,N,MDU4075B,MDU4075B.E,MDU4075B.E-TO,MICHEM DISP. URETHANE 4075B,,DAP,999,6479.9986,5600.0,2204.6225,1000.0,1950.0,5600.0,3650.0,4223.5705,3650.0,0.0,3.65,1.0,20220,Luc Vanderstappen,Tanatex Chemicals (S) Ede NL,Netherlands,Tanatex Chemicals B.V (X) Ede NL,2026-04-02T00:00:00,Marcos Pedreira,S,S4
00020,        AUBA,26000862,1.0,N,MDU4075B,MDU4075B.E,MDU4075B.E-LP,MICHEM DISP. URETHANE 4075B,,DAP,999,827.3941,708.0,264.5547,120.0,259.2,708.0,448.8,524.4837,448.8,0.0,3.74,1.0,20220,Luc Vanderstappen,Coventya (X) Gutersloh DE,Germany,MacDermid - Global Parent,2026-05-13T00:00:00,Marcos Pedreira,S,S4
00020,        AUBA,26000920,1.0,N,MDU4075B,MDU4075B.E,MDU4075B.E-LP,MICHEM DISP. URETHANE 4075B,,EXW,999,826.9912,708.0,264.5547,120.0,259.2,708.0,448.8,524.2283,448.8,0.0,3.74,1.0,20220,Luc Vanderstappen,Transportes Davi (S) Barcelona ES,Spain,K&M Spain - Global Parent,2026-05-20T00:00:00,Marcos Pedreira,S,S4
00020,        AUBA,26001050,1.0,N,MDU4075B,MDU4075B.E,MDU4075B.E-LP,MICHEM DISP. URETHANE 4075B,,EXW,999,814.8793,708.0,264.5547,120.0,259.2,708.0,448.8,516.5506,448.8,0.0,3.74,1.0,20220,Luc Vanderstappen,Safic (X) Warszawa PL,Poland,Safic Poland - Global Parent,2026-06-10T00:00:00,Marcos Pedreira,S,S4
00020,        AUBA,26001158,1.0,N,MDU2012B,MDU2012B.E,MDU2012B.E-TO,MICHEM DISP. URETHANE 2012B,,EXW,999,5236.8657,4550.0,2500.0,1000.0,1350.0,4550.0,3200.0,3683.0704,3200.0,0.0,3.2,1.0,20220,Luc Vanderstappen,"Keyser & Mackay (S) Rhenen, NL",Netherlands,K&M Netherlands - Global Parent,2026-06-30T00:00:00,Marcos Pedreira,S,S4
00020,        AUBA,26000713,1.0,N,MDU4075B,MDU4075B.E,MDU4075B.E-TO,MICHEM DISP. URETHANE 4075B,,FCA,999,6778.0876,5800.0,2204.6225,1000.0,1780.0,5800.0,4020.0,4697.9159,4020.0,0.0,4.02,1.0,20220,Luc Vanderstappen,Safic UK (S) CHESHIRE GB,United Kingdom,Safic Alcan UK - Global Parent,2026-07-06T00:00:00,Marcos Pedreira,S,S4
00020,        AUBA,25000052,1.0,N,MDU4075B,MDU4075B.E,MDU4075B.E-TO,MICHEM DISP. URETHANE 4075B,,FCA,999,5794.7758,5600.0,2204.6225,1000.0,1950.0,5600.0,3650.0,3776.9521,3650.0,0.0,3.65,1.0,20220,Luc Vanderstappen,Safic UK (S) CHESHIRE GB,United Kingdom,Safic Alcan UK - Global Parent,2025-01-23T00:00:00,Marcos Pedreira,S,S4
00020,        AUBA,25001117,1.0,N,MDU4075B,MDU4075B.E,MDU4075B.E-TO,MICHEM DISP. URETHANE 4075B,,FCA,999,6449.903,5600.0,2204.6225,1000.0,1950.0,5600.0,3650.0,4203.9547,3650.0,0.0,3.65,1.0,20220,Luc Vanderstappen,FlaektGroup (S) Joenkoeping SE,Sweden,Ab Termidor - Global Parent,2025-08-05T00:00:00,Marcos Pedreira,S,S4
00020,        AUBA,25000084,1.0,N,MDU4075B,MDU4075B.E,MDU4075B.E-TO,MICHEM DISP. URETHANE 4075B,,EXW,999,5794.7758,5600.0,2204.6225,1000.0,1950.0,5600.0,3650.0,3776.9521,3650.0,0.0,3.65,1.0,20220,Luc Vanderstappen,FlaektGroup (S) Joenkoeping SE,Sweden,Ab Termidor - Global Parent,2025-02-24T00:00:00,Marcos Pedreira,S,S4
00020,        AUBA,25000260,1.0,N,MDU4075B,MDU4075B.E,MDU4075B.E-LP,MICHEM DISP. URETHANE 4075B,,EXW,999,712.1681,684.0,264.5547,120.0,235.2,684.0,448.8,467.2823,448.8,0.0,3.74,1.0,20220,Luc Vanderstappen,Keyser & Mackay (X) Koeln DE,Germany,K&M Deutchland - Global Parent,2025-02-21T00:00:00,Marcos Pedreira,S,S4
00020,        AUBA,25000577,1.0,N,MDU2012B,MDU2012B.E,MDU2012B.E-TO,MICHEM DISP. URETHANE 2012B,,EXW,999,4693.034,4350.0,2500.0,1000.0,1150.0,4350.0,3200.0,3452.3469,3200.0,0.0,3.2,1.0,20220,Luc Vanderstappen,"Keyser & Mackay (S) Rhenen, NL",Netherlands,K&M Netherlands - Global Parent,2025-03-25T00:00:00,Marcos Pedreira,S,S4
00020,        AUBA,25000770,1.0,N,MDU4075B,MDU4075B.E,MDU4075B.E-LP,MICHEM DISP. URETHANE 4075B,,EXW,999,767.4953,684.0,264.5547,120.0,235.2,684.0,448.8,503.5846,448.8,0.0,3.74,1.0,20220,Luc Vanderstappen,Transportes Davi (S) Barcelona ES,Spain,K&M Spain - Global Parent,2025-05-05T00:00:00,Marcos Pedreira,S,S4
00020,        AUBA,25000927,1.0,N,MDU2012B,MDU2012B.E,MDU2012B.E-LP,MICHEM DISP. URETHANE 2012B,,EXW,999,602.1224,534.0,264.5547,120.0,111.67,534.0,422.33,476.2067,422.33,0.0,3.5194,1.0,20220,Luc Vanderstappen,"Keyser & Mackay (S) Rhenen, NL",Netherlands,K&M Netherlands - Global Parent,2025-05-16T00:00:00,Marcos Pedreira,S,S4
00020,        AUBA,25001107,1.0,N,MDU2012B,MDU2012B.E,MDU2012B.E-LP,MICHEM DISP. URETHANE 2012B,,EXW,999,615.0443,534.0,264.5547,120.0,111.67,534.0,422.33,486.4263,422.33,0.0,3.5194,1.0,20220,Luc Vanderstappen,Safic (X) Lainate IT,Italy,Safic Italy - Global Parent,2025-06-16T00:00:00,Marcos Pedreira,S,S4
00020,        AUBA,25001465,1.0,N,MDU4075B,MDU4075B.E,MDU4075B.E-TO,MICHEM DISP. URETHANE 4075B,,FCA,999,6550.9198,5600.0,2204.6225,1000.0,1950.0,5600.0,3650.0,4269.7959,3650.0,0.0,3.65,1.0,20220,Luc Vanderstappen,Safic UK (S) CHESHIRE GB,United Kingdom,Safic Alcan UK - Global Parent,2025-09-29T00:00:00,Marcos Pedreira,S,S4
00020,        AUBA,25001541,1.0,N,MDU4075B,MDU4075B.E,MDU4075B.E-TO,MICHEM DISP. URETHANE 4075B,,FCA,999,6522.2304,5600.0,2204.6225,1000.0,1950.0,5600.0,3650.0,4251.0966,3650.0,0.0,3.65,1.0,20220,Luc Vanderstappen,FlaektGroup (S) Joenkoeping SE,Sweden,Ab Termidor - Global Parent,2025-10-01T00:00:00,Marcos Pedreira,S,S4
00020,        AUBA,25000193,1.0,N,MDU2012B,MDU2012B.E,MDU2012B.E-LP,MICHEM DISP. URETHANE 2012B,,EXW,999,552.5733,534.0,264.5547,120.0,111.67,534.0,422.33,437.0192,422.33,0.0,3.5194,1.0,20220,Luc Vanderstappen,Keyser & Mackay (X) Koeln DE,Germany,K&M Deutchland - Global Parent,2025-02-05T00:00:00,Marcos Pedreira,S,S4
00020,        AUBA,25000314,1.0,N,MDU4075B,MDU4075B.E,MDU4075B.E-TO,MICHEM DISP. URETHANE 4075B,,EXW,999,5830.6164,5600.0,2204.6225,1000.0,1950.0,5600.0,3650.0,3800.3125,3650.0,0.0,3.65,1.0,20220,Luc Vanderstappen,FlaektGroup (S) Joenkoeping SE,Sweden,Ab Termidor - Global Parent,2025-03-26T00:00:00,Marcos Pedreira,S,S4
00020,        AUBA,25000348,1.0,N,MDU2012B,MDU2012B.E,MDU2012B.E-LP,MICHEM DISP. URETHANE 2012B,,EXW,999,555.9909,534.0,264.5547,120.0,111.67,534.0,422.33,439.7222,422.33,0.0,3.5194,1.0,20220,Luc Vanderstappen,Keyser & Mackay (X) Koeln DE,Germany,K&M Deutchland - Global Parent,2025-03-07T00:00:00,Marcos Pedreira,S,S4
00020,        AUBA,25001569,1.0,N,MDU2012B,MDU2012B.E,MDU2012B.E-LP,MICHEM DISP. URETHANE 2012B,,EXW,999,621.9413,534.0,264.5547,120.0,111.67,534.0,422.33,491.881,422.33,0.0,3.5194,1.0,20220,Luc Vanderstappen,Keyser & Mackay (X) Koeln DE,Germany,K&M Deutchland - Global Parent,2025-08-20T00:00:00,Marcos Pedreira,S,S4
00020,        AUBA,25002248,1.0,N,MDU2012B,MDU2012B.E,MDU2012B.E-LP,MICHEM DISP. URETHANE 2012B,,EXW,999,494.0322,427.2,264.5547,120.0,4.87,427.2,422.33,488.4004,422.33,0.0,3.5194,1.0,20220,Luc Vanderstappen,Safic (X) Istanbul TR,Turkey,Safic Turkey - Global Parent,2025-12-19T00:00:00,Marcos Pedreira,S,S4
00020,        AUBA,25000454,1.0,N,MDU4075B,MDU4075B.E,MDU4075B.E-TO,MICHEM DISP. URETHANE 4075B,,DAP,999,6041.607,5600.0,2204.6225,1000.0,1950.0,5600.0,3650.0,3937.8332,3650.0,0.0,3.65,1.0,20220,Luc Vanderstappen,Tanatex Chemicals (S) Ede NL,Netherlands,Tanatex Chemicals B.V (X) Ede NL,2025-03-27T00:00:00,Marcos Pedreira,S,S4
00020,        AUBA,25000498,1.0,N,MDU2012B,MDU2012B.E,MDU2012B.E-LP,MICHEM DISP. URETHANE 2012B,,DAP,999,576.1104,534.0,264.5547,120.0,111.67,534.0,422.33,455.6343,422.33,0.0,3.5194,1.0,20220,Luc Vanderstappen,SurTec (X) Zwingenberg DE,Germany,Surtec - Global Parent,2025-04-01T00:00:00,Marcos Pedreira,S,S4
00020,        AUBA,25001242,1.0,N,MDU4075B,MDU4075B.E,MDU4075B.E-TO,MICHEM DISP. URETHANE 4075B,,DAP,999,6449.903,5600.0,2204.6225,1000.0,1950.0,5600.0,3650.0,4203.9547,3650.0,0.0,3.65,1.0,20220,Luc Vanderstappen,Tanatex Chemicals (S) Ede NL,Netherlands,Tanatex Chemicals B.V (X) Ede NL,2025-07-11T00:00:00,Marcos Pedreira,S,S4
00020,        AUBA,25001339,1.0,N,MDU2012B,MDU2012B.E,MDU2012B.E-LP,MICHEM DISP. URETHANE 2012B,,DAP,999,624.677,534.0,264.5547,120.0,111.67,534.0,422.33,494.0446,422.33,0.0,3.5194,1.0,20220,Luc Vanderstappen,Sobotram (S) Chalon sur Saone FR,France,Safic France - Global Parent,2025-07-22T00:00:00,Marcos Pedreira,S,S4
00020,        AUBA,25001677,1.0,N,MDU4075B,MDU4075B.E,MDU4075B.E-TO,MICHEM DISP. URETHANE 4075B,,DAP,999,6569.7302,5600.0,2204.6225,1000.0,1950.0,5600.0,3650.0,4282.0563,3650.0,0.0,3.65,1.0,20220,Luc Vanderstappen,Tanatex Chemicals (S) Ede NL,Netherlands,Tanatex Chemicals B.V (X) Ede NL,2025-09-30T00:00:00,Marcos Pedreira,S,S4
00020,        AUBA,25001944,1.0,N,MDU4075B,MDU4075B.E,MDU4075B.E-TO,MICHEM DISP. URETHANE 4075B,,DAP,999,6522.9444,5600.0,2204.6225,1000.0,1950.0,5600.0,3650.0,4251.562,3650.0,0.0,3.65,1.0,20220,Luc Vanderstappen,Tanatex Chemicals (S) Ede NL,Netherlands,Tanatex Chemicals B.V (X) Ede NL,2025-11-05T00:00:00,Marcos Pedreira,S,S4
00020,        AUBA,25002229,1.0,N,MDU4075B,MDU4075B.E,MDU4075B.E-TO,MICHEM DISP. URETHANE 4075B,,DAP,999,6476.078,5600.0,2204.6225,1000.0,1950.0,5600.0,3650.0,4221.0151,3650.0,0.0,3.65,1.0,20220,Luc Vanderstappen,smartGLEIT (X) Hohenwart DE,Germany,MacDermid - Global Parent,2025-11-24T00:00:00,Marcos Pedreira,S,S4
00020,        AUBA,23001840,1.0,N,MDU2012B,MDU2012B.E,MDU2012B.E-TO,MICHEM DISP. URETHANE 2012B,,EXW,999,6002.8194,5500.0,2500.0,1000.0,1433.2,5500.0,4066.8,4438.5938,4066.8,0.0,4.0668,1.0,20220,Luc Vanderstappen,Omnicon (S termidor) Soenderberg DK,Denmark,Ab Termidor - Global Parent,2023-09-06T00:00:00,Marcos Pedreira,S,S4
00020,        AUBA,23002136,1.0,N,MDU4075B,MDU4075B.E,MDU4075B.E-TO,MICHEM DISP. URETHANE 4075B,,FCA,999,6445.2502,6100.0,2204.6225,1000.0,1600.0,6100.0,4500.0,4754.6928,4500.0,0.0,4.5,1.0,20220,Luc Vanderstappen,FlaektGroup (S) Joenkoeping SE,Sweden,Ab Termidor - Global Parent,2023-11-24T00:00:00,Marcos Pedreira,S,S4
00020,        AUBA,23000135,1.0,N,MDU2012B,MDU2012B.E,MDU2012B.E-TO,MICHEM DISP. URETHANE 2012B,,EXW,999,5929.577,5500.0,2500.0,1000.0,1590.0,5500.0,3910.0,4215.3902,3910.0,0.0,3.91,1.0,20220,Luc Vanderstappen,"Keyser & Mackay (S) Rhenen, NL",Netherlands,K&M Netherlands - Global Parent,2023-01-30T00:00:00,Marcos Pedreira,S,S4
00020,        AUBA,23000538,1.0,N,MDU2012B,MDU2012B.E,MDU2012B.E-LP,MICHEM DISP. URETHANE 2012B,,EXW,999,719.3833,672.0,264.5547,120.0,192.0,672.0,480.0,513.8452,480.0,0.0,4.0,1.0,20220,Luc Vanderstappen,Safic Alcan (X) Ruse BG,Bulgaria,Safic Bulgaria - Global Parent,2023-03-14T00:00:00,Marcos Pedreira,S,S4
00020,        AUBA,23000696,1.0,N,MDU4075B,MDU4075B.E,MDU4075B.E-LP,MICHEM DISP. URETHANE 4075B,,EXW,999,796.4601,744.0,264.5547,120.0,190.8,744.0,553.2,592.2066,553.2,0.0,4.61,1.0,20220,Luc Vanderstappen,Safic (X) Lainate IT,Italy,Safic Italy - Global Parent,2023-04-04T00:00:00,Marcos Pedreira,S,S4
00020,        AUBA,23000826,1.0,N,MDU4075B,MDU4075B.E,MDU4075B.E-TO,MICHEM DISP. URETHANE 4075B,,EXW,999,6696.2189,6100.0,2204.6225,1000.0,1600.0,6100.0,4500.0,4939.8336,4500.0,0.0,4.5,1.0,20220,Luc Vanderstappen,FlaektGroup (S) Joenkoeping SE,Sweden,Ab Termidor - Global Parent,2023-05-26T00:00:00,Marcos Pedreira,S,S4
00020,        AUBA,23001048,1.0,N,MDU2012B,MDU2012B.E,MDU2012B.E-TO,MICHEM DISP. URETHANE 2012B,,EXW,999,5985.8271,5500.0,2500.0,1000.0,1433.2,5500.0,4066.8,4426.0294,4066.8,0.0,4.0668,1.0,20220,Luc Vanderstappen,"Keyser & Mackay (S) Rhenen, NL",Netherlands,K&M Netherlands - Global Parent,2023-05-22T00:00:00,Marcos Pedreira,S,S4
00020,        AUBA,23001055,1.0,N,MDU4075B,MDU4075B.E,MDU4075B.E-TO,MICHEM DISP. URETHANE 4075B,,FCA,999,6638.8264,6100.0,2204.6225,1000.0,1600.0,6100.0,4500.0,4897.4949,4500.0,0.0,4.5,1.0,20220,Luc Vanderstappen,Safic UK (S) CHESHIRE GB,United Kingdom,Safic Alcan UK - Global Parent,2023-06-05T00:00:00,Marcos Pedreira,S,S4
00020,        AUBA,23001253,1.0,N,MDU2012B,MDU2012B.E,MDU2012B.E-LP,MICHEM DISP. URETHANE 2012B,,EXW,999,728.2621,672.0,264.5547,120.0,99.38,672.0,572.62,620.5617,572.62,0.0,4.7718,1.0,20220,Luc Vanderstappen,Safic (X) Lainate IT,Italy,Safic Italy - Global Parent,2023-06-12T00:00:00,Marcos Pedreira,S,S4
00020,        AUBA,23002406,1.0,N,MDU2012B,MDU2012B.E,MDU2012B.E-LP,MICHEM DISP. URETHANE 2012B,,EXW,999,726.3626,672.0,264.5547,120.0,99.38,672.0,572.62,618.9431,572.62,0.0,4.7718,1.0,20220,Luc Vanderstappen,Safic (X) Lainate IT,Italy,Safic Italy - Global Parent,2023-12-06T00:00:00,Marcos Pedreira,S,S4
00020,        AUBA,23001940,1.0,N,MDU4075B,MDU4075B.E,MDU4075B.E-TO,MICHEM DISP. URETHANE 4075B,,EXW,999,6518.6302,6100.0,2204.6225,1000.0,1600.0,6100.0,4500.0,4808.8256,4500.0,0.0,4.5,1.0,20220,Luc Vanderstappen,FlaektGroup (S) Joenkoeping SE,Sweden,Ab Termidor - Global Parent,2023-09-20T00:00:00,Marcos Pedreira,S,S4
00020,        AUBA,23000644,1.0,N,MDU4075B,MDU4075B.E,MDU4075B.E-TO,MICHEM DISP. URETHANE 4075B,,DAP,999,6369.5399,5950.0,2204.6225,1000.0,1450.0,5950.0,4500.0,4817.299,4500.0,0.0,4.5,1.0,20220,Luc Vanderstappen,Tanatex Chemicals (S) Ede NL,Netherlands,Tanatex Chemicals B.V (X) Ede NL,2023-04-07T00:00:00,Marcos Pedreira,S,S4
00020,        AUBA,23000990,1.0,N,MDU4075B,MDU4075B.E,MDU4075B.E-TO,MICHEM DISP. URETHANE 4075B,,DAP,999,6475.5766,5950.0,2204.6225,1000.0,1450.0,5950.0,4500.0,4897.4949,4500.0,0.0,4.5,1.0,20220,Luc Vanderstappen,Tanatex Chemicals (S) Ede NL,Netherlands,Tanatex Chemicals B.V (X) Ede NL,2023-06-05T00:00:00,Marcos Pedreira,S,S4
00020,        AUBA,19002563,1.0,N,MDU4075,MDU4075.E,MDU4075.E-TO,MICHEM DISP. URETHANE 4075,,DAP,999,4234.6626,3810.0,2204.6225,1000.0,700.0,3810.0,3110.0,3456.6406,3110.0,0.0,3.11,1.0,20220,Luc Vanderstappen,Tanatex Chemicals B.V (X) Ede NL,Netherlands,Tanatex Chemicals B.V (X) Ede NL,2020-01-14T00:00:00,.,S,S4
00020,        AUBA,20000036,1.0,N,MDU440,MDU440.E,MDU440.E-TO,MICHEM DISP. URETHANE 440,,DAP,999,4498.6805,4050.0,2204.6225,1000.0,1460.0,4050.0,2590.0,2876.9339,2590.0,0.0,2.59,1.0,20220,Luc Vanderstappen,Duralex (X) Bobigny FR,France,Duralex (X) Bobigny FR,2020-01-13T00:00:00,.,S,S4
00020,        AUBA,20000087,1.0,N,MDU4075,MDU4075.E,MDU4075.E-LP,MICHEM DISP. URETHANE 4075,,DAP,999,507.851,457.2,264.5547,120.0,84.0,457.2,373.2,414.5451,373.2,0.0,3.11,1.0,20220,Luc Vanderstappen,Tanatex Chemicals (S) Ede NL,Netherlands,Tanatex Chemicals B.V (X) Ede NL,2020-02-12T00:00:00,.,S,S4
00020,        AUBA,19001973,1.0,N,MDU2012,MDU2012.E,MDU2012.E-TO,MICHEM DISP. URETHANE 2012,,DAP,999,3688.551,3350.0,2204.6225,1000.0,1030.0,3350.0,2320.0,2554.4592,2320.0,0.0,2.32,1.0,20220,Luc Vanderstappen,Sobotram (S) Chalon sur Saone FR,France,Safic France - Global Parent,2020-01-06T00:00:00,.,S,S4
00020,        AUBA,20000592,1.0,N,MDU2012,MDU2012.E,MDU2012.E-TO,MICHEM DISP. URETHANE 2012,,EXW,999,3708.3723,3350.0,2204.6225,1000.0,1030.0,3350.0,2320.0,2568.1862,2320.0,0.0,2.32,1.0,20220,Luc Vanderstappen,Transportes Davi (S) Barcelona ES,Spain,K&M Spain - Global Parent,2020-03-16T00:00:00,.,S,S4
00020,        AUBA,20000615,1.0,N,MDU4075,MDU4075.E,MDU4075.E-TO,MICHEM DISP. URETHANE 4075,,EXW,999,4450.0467,4020.0,2204.6225,1000.0,910.0,4020.0,3110.0,3442.6978,3110.0,0.0,3.11,1.0,20220,Luc Vanderstappen,Keyser & Mackay (X) Koeln DE,Germany,K&M Deutchland - Global Parent,2020-03-18T00:00:00,.,S,S4
00020,        AUBA,20000676,1.0,N,MDU4075,MDU4075.E,MDU4075.E-LP,MICHEM DISP. URETHANE 4075,,EXW,999,580.4986,524.4,264.5547,120.0,151.2,524.4,373.2,413.1237,373.2,0.0,3.11,1.0,20220,Luc Vanderstappen,Safic UK (S) CHESHIRE GB,United Kingdom,Safic Alcan UK - Global Parent,2020-04-01T00:00:00,.,S,S4
00020,        AUBA,20001458,1.0,N,U2022EU,U2022EU.E,U2022EU.E-PD,HYDROSIZE U2022EU,,DAP,999,1795.918,1570.0,440.9245,200.0,736.84,1570.0,833.16,953.0491,833.16,0.0,4.1658,1.0,20240,Philippe Chabanne,Indorama (S) Erlenbach DE,Germany,Indorama (X) Obernburg DE,2020-08-26T00:00:00,Norman Seung,S,S4
00020,        AUBA,21001207,1.0,N,U2022EU,U2022EU.E,U2022EU.E-PD,HYDROSIZE U2022EU,,DAP,999,2192.3901,1806.0,440.9245,200.0,970.38,1806.0,835.62,1014.3992,835.62,0.0,4.1781,1.0,20240,Philippe Chabanne,Indorama (S) Erlenbach DE,Germany,Indorama (X) Obernburg DE,2021-07-02T00:00:00,Norman Seung,S,S4
00020,        AUBA,20001411,1.0,N,U502,U502.E,U502.E-TO,HYDROSIZE U5-02,,EXW,999,6806.186,5950.0,2204.6225,1000.0,1976.0,5950.0,3974.0,4545.8459,3974.0,0.0,3.974,1.0,20240,Philippe Chabanne,Johns Manville (X) Trnava SK,Slovakia (Slovak Republic),Johns Manville - Global Parent,2020-07-30T00:00:00,Norman Seung,S,S4
00020,        AUBA,20000129,1.0,N,HP1632,HP1632,HP1632-OP,HYDROSIZE HP-1632,,DAP,999,3125.9831,2814.21,463.0,210.0133,1048.47,2814.21,1765.74,1961.358,1765.74,0.0,3.8137,1.0,20240,Tomasz Machnik,Evonik Creavis (S) Marl DE,Germany,Evonik Creavis (X) Marl DE,2020-01-29T00:00:00,Roxana McMican,S,S4
00020,        AUBA,20001212,1.0,N,HP1632,HP1632,HP1632-OP,HYDROSIZE HP-1632,,DAP,999,2216.2079,1969.95,463.0,210.0133,204.21,1969.95,1765.74,1986.4702,1765.74,0.0,3.8137,1.0,20240,Laurence Vast,Isomatex (X) Gembloux BE,Belgium,Isomatex - Global Parent,2020-06-05T00:00:00,Roxana McMican,S,S4
00020,        AUBA,20000307,1.0,N,U802,U802.E,U802.E-PL,HYDROSIZE U8-02,,DAP,999,139.1464,127.44,39.6832,18.0,55.87,127.44,71.57,78.1443,71.57,0.0,3.976,1.0,20240,Philippe Chabanne,Bekaert (S) Deerlijk BE,Belgium,Bekaert - Global Parent,2020-02-17T00:00:00,Marcos Pedreira,S,S4
00020,        AUBA,19002195,1.0,N,U2022EU,U2022EU.E,U2022EU.E-TO,HYDROSIZE U2022EU,,DAP,999,7916.3896,7160.0,2204.6225,1000.0,3220.0,7160.0,3940.0,4356.2255,3940.0,0.0,3.94,1.0,20240,Philippe Chabanne,Gividi (X) Brugherio IT,Italy,Gividi (X) Brugherio IT,2020-03-02T00:00:00,Norman Seung,S,S4
00020,        AUBA,20000017,1.0,N,MDU4075,MDU4075.E,MDU4075.E-TO,MICHEM DISP. URETHANE 4075,,DAP,999,4976.3181,4480.0,2204.6225,1000.0,1370.0,4480.0,3110.0,3454.5423,3110.0,0.0,3.11,1.0,20220,GENERIC TM,Koch  Schulte (XC - K&M) Linden DE,Germany,Koch & Schulte - Global Parent,2020-01-10T00:00:00,.,S,S4
00020,        AUBA,21001038,1.0,N,U2022EU,U2022EU.E,U2022EU.E-PL,HYDROSIZE U2022EU,,DAP,999,159.6189,133.56,39.6832,18.0,45.48,133.56,88.08,105.2653,88.08,0.0,4.8936,1.0,20240,Tomasz Machnik,Carbon Fiber Conv. (X) Niederzissen DE,Germany,Carbon Fiber Conv. (X) Niederzissen DE,2021-05-04T00:00:00,Norman Seung,S,S4
00020,        AUBA,20000451,1.0,N,MDU4075,MDU4075.E,MDU4075.E-LP,MICHEM DISP. URETHANE 4075,,DAP,999,691.8011,633.6,264.5547,120.0,260.4,633.6,373.2,407.4813,373.2,0.0,3.11,1.0,20220,GENERIC TM,Solvay Flux (X) Garbsen DE,Germany,Solvay - Global Parent,2020-02-27T00:00:00,.,S,S4
00020,        AUBA,20002549,1.0,N,MDU2012B,MDU2012B.E,MDU2012B.E-TO,MICHEM DISP. URETHANE 2012B,,DAP,999,3648.8763,3000.0,2500.0,1000.0,610.0,3000.0,2390.0,2906.9381,2390.0,0.0,2.39,1.0,20220,GENERIC TM,BMK Gaildorf (X) Broeckingen DE,Germany,BMK Group - Global Parent,2020-12-04T00:00:00,Marcos Pedreira,S,S4
00020,        AUBA,20002597,1.0,N,U2022EU,U2022EU.E,U2022EU.E-TO,HYDROSIZE U2022EU,,DAP,999,8830.2806,7260.0,2204.6225,1000.0,3320.0,7260.0,3940.0,4792.1909,3940.0,0.0,3.94,1.0,20240,Philippe Chabanne,Procotex (X) Plouay FR,France,Procotex - Global Parent,2021-01-05T00:00:00,Norman Seung,S,S4
00020,        AUBA,20000976,1.0,N,U802,U802.E,U802.E-TO,HYDROSIZE U8-02,,EXW,999,4326.3687,3980.0,2204.6225,1000.0,463.0,3980.0,3517.0,3823.075,3517.0,0.0,3.517,1.0,20240,Philippe Chabanne,Johns Manville (X) Trnava SK,Slovakia (Slovak Republic),Johns Manville - Global Parent,2020-05-12T00:00:00,Marcos Pedreira,S,S4
00020,        AUBA,20001070,1.0,N,U802,U802.E,U802.E-TO,HYDROSIZE U8-02,,EXW,999,4346.1636,3980.0,2204.6225,1000.0,463.0,3980.0,3517.0,3840.5672,3517.0,0.0,3.517,1.0,20240,Philippe Chabanne,Johns Manville (X) Trnava SK,Slovakia (Slovak Republic),Johns Manville - Global Parent,2020-05-20T00:00:00,Marcos Pedreira,S,S4
00020,        AUBA,21002077,1.0,N,191245PX,191245PX,191245PX-T2,EXPERIMENTAL PRODUCT 191245PX,,FCA,999,6705.2982,5696.27,2300.0,1043.2625,2397.38,5696.27,3298.89,3883.2501,3298.89,0.0,1.4343,1.0,20230,Alexandre Pomes,Safic UK (S) CHESHIRE GB,United Kingdom,Safic Alcan UK - Global Parent,2021-09-01T00:00:00,Kaitlyn Slack,S,S4
00020,        AUBA,21000112,1.0,N,191245PX,191245PX,191245PX-T2,EXPERIMENTAL PRODUCT 191245PX,,FCA,999,6932.262,5696.27,2300.0,1043.2625,2397.38,5696.27,3298.89,4014.6921,3298.89,0.0,1.4343,1.0,20230,Alexandre Pomes,Safic UK (S) CHESHIRE GB,United Kingdom,Safic Alcan UK - Global Parent,2021-03-22T00:00:00,Kaitlyn Slack,S,S4
00020,        AUBA,20000170,1.0,N,HP1632,HP1632,HP1632-T2,HYDROSIZE HP-1632,,FCA,999,11172.6757,10058.3575,2205.0,1000.1712,1668.75,10058.3575,8389.58,9319.0221,8389.58,0.0,3.8048,1.0,20240,Philippe Chabanne,SGL Carbon (X Bsto USD) Ross Shire GB,United Kingdom,SGL Carbon - Global Parent,2020-02-05T00:00:00,Roxana McMican,S,S4
00020,        AUBA,21001757,1.0,N,191245PX,191245PX,191245PX-T2,EXPERIMENTAL PRODUCT 191245PX,,DAP,999,12449.7253,10526.63,2300.0,1043.2625,7227.74,10526.63,3298.89,3901.5596,3298.89,0.0,1.4343,1.0,20230,Thierry Van Migem,Koehler papierfabrik (S) Oberkirch DE,Germany,Koehler - Global Parent,2021-08-25T00:00:00,Kaitlyn Slack,S,S4
00020,        AUBA,21002674,1.0,N,191245PX,191245PX,191245PX-T2,EXPERIMENTAL PRODUCT 191245PX,,DAP,999,12208.9497,10526.63,2300.0,1043.2625,7018.9,10526.63,3507.73,4068.32,3507.73,0.0,1.5251,1.0,20230,Thierry Van Migem,Koehler papierfabrik (S) Greiz DE,Germany,Koehler - Global Parent,2021-11-10T00:00:00,Kaitlyn Slack,S,S4
00020,        AUBA,24000803,1.0,N,U802,U802.E,U802.E-TO,HYDROSIZE U8-02,,EXW,999,10425.5942,9720.0,2204.6225,1000.0,4592.0,9720.0,5128.0,5500.2518,5128.0,0.0,5.128,1.0,20240,Philippe Chabanne,Johns Manville (X) Trnava SK,Slovakia (Slovak Republic),Johns Manville - Global Parent,2024-04-30T00:00:00,Marcos Pedreira,S,S4
00020,        AUBA,24000378,1.0,N,U2022,U2022,U2022-PL,HYDROSIZE U2022,,DAP,999,254.7992,236.05,40.0,18.1437,38.89,236.05,197.16,212.8202,197.16,0.0,4.9291,1.0,20240,Laurence Vast,Tecnalia (X) Derio ES,Spain,Tecnalia (X) Derio ES,2024-05-31T00:00:00,Norman Seung,S,S4
00020,        AUBA,24000901,1.0,N,U601,U601,U601-PL,HYDROSIZE U6-01,,DAP,999,281.9844,262.9,40.0,18.1437,125.05,262.9,137.85,147.8568,137.85,0.0,3.4463,1.0,20240,Laurence Vast,Gaiker (X) Zamudio ES,Spain,Gaiker (X) Zamudio ES,2024-09-16T00:00:00,Norman Seung,S,S4
00020,        AUBA,23002367,1.0,N,U502,U502.E,U502.E-TO,HYDROSIZE U5-02,,DAP,999,12592.4477,11650.0,2204.6225,1000.0,5808.0,11650.0,5842.0,6314.5991,5842.0,0.0,5.842,1.0,20240,Philippe Chabanne,Sisecam (S) Balikesir TR,Turkey,Sisecam - Global Parent,2024-02-12T00:00:00,Norman Seung,S,S4
00020,        AUBA,24001277,1.0,N,U802,U802.E,U802.E-TO,HYDROSIZE U8-02,,EXW,999,10022.5567,9310.0,2204.6225,1000.0,4182.0,9310.0,5128.0,5520.4802,5128.0,0.0,5.128,1.0,20240,Philippe Chabanne,Johns Manville (X) Trnava SK,Slovakia (Slovak Republic),Johns Manville - Global Parent,2024-06-26T00:00:00,Marcos Pedreira,S,S4
00020,        AUBA,24001367,1.0,N,U802,U802.E,U802.E-TO,HYDROSIZE U8-02,,EXW,999,10102.3564,9310.0,2204.6225,1000.0,4182.0,9310.0,5128.0,5564.4343,5128.0,0.0,5.128,1.0,20240,Philippe Chabanne,Johns Manville (X) Trnava SK,Slovakia (Slovak Republic),Johns Manville - Global Parent,2024-08-01T00:00:00,Marcos Pedreira,S,S4
00020,        AUBA,25001925,1.0,N,HP1632,HP1632,HP1632-T2,HYDROSIZE HP-1632,,DAP,999,34717.3698,29805.14,2205.0,1000.1712,13778.98,29805.14,16026.16,18667.4555,16026.16,0.0,7.2681,1.0,20240,Philippe Chabanne,Technical Fibre (X) Cumbria GB,United Kingdom,Technical Fibre Products - Global Parent,2026-01-15T00:00:00,Roxana McMican,S,S4
00020,        AUBA,25002434,1.0,N,HP1632,HP1632,HP1632-T2,HYDROSIZE HP-1632,,DAP,999,34907.7651,29805.14,2205.0,1000.1712,13778.98,29805.14,16026.16,18769.8306,16026.16,0.0,7.2681,1.0,20240,Philippe Chabanne,Technical Fibre (X) Cumbria GB,United Kingdom,Technical Fibre Products - Global Parent,2026-02-09T00:00:00,Roxana McMican,S,S4
00020,        AUBA,25002466,1.0,N,U502,U502.E,U502.E-TO,HYDROSIZE U5-02,,EXW,999,7109.181,6070.0,2204.6225,1000.0,1570.0,6070.0,4500.0,5270.3978,4500.0,0.0,4.5,1.0,20240,Philippe Chabanne,Johns Manville (X) Trnava SK,Slovakia (Slovak Republic),Johns Manville - Global Parent,2026-03-11T00:00:00,Norman Seung,S,S4
00020,        AUBA,25002472,1.0,N,U502,U502.E,U502.E-TO,HYDROSIZE U5-02,,EXW,999,7109.181,6070.0,2204.6225,1000.0,1570.0,6070.0,4500.0,5270.3978,4500.0,0.0,4.5,1.0,20240,Philippe Chabanne,Johns Manville (X) Trnava SK,Slovakia (Slovak Republic),Johns Manville - Global Parent,2026-01-09T00:00:00,Norman Seung,S,S4
00020,        AUBA,26000240,1.0,N,HP1632,HP1632,HP1632-T2,HYDROSIZE HP-1632,,EXW,999,19844.6752,16778.2219,2205.0,1000.1712,1113.87,16778.2219,15664.32,18527.1922,15664.32,0.0,7.104,1.0,20240,Philippe Chabanne,SGL Carbon (X Bsto USD) Ross Shire GB,United Kingdom,SGL Carbon - Global Parent,2026-04-30T00:00:00,Roxana McMican,S,S4
00020,        AUBA,25002244,1.0,N,HP1632,HP1632,HP1632-T2,HYDROSIZE HP-1632,,EXW,999,20741.8157,17935.8815,2205.0,1000.1712,2556.68,17935.8815,15379.21,17785.1721,15379.21,0.0,6.9747,1.0,20240,Philippe Chabanne,SGL Carbon (X Bsto USD) Ross Shire GB,United Kingdom,SGL Carbon - Global Parent,2026-06-19T00:00:00,Roxana McMican,S,S4
00020,        AUBA,25002243,1.0,N,HP1632,HP1632,HP1632-T2,HYDROSIZE HP-1632,,EXW,999,20273.8064,17531.1842,2205.0,1000.1712,2152.01,17531.1842,15379.21,17785.1721,15379.21,0.0,6.9747,1.0,20240,Philippe Chabanne,SGL Carbon (X Bsto USD) Ross Shire GB,United Kingdom,SGL Carbon - Global Parent,2026-06-19T00:00:00,Roxana McMican,S,S4
00020,        AUBA,25000958,1.0,N,HP1632,HP1632,HP1632-PL,HYDROSIZE HP-1632,,EXW,999,728.726,646.28,40.0,18.1437,-87.35,646.28,733.63,827.2193,733.63,0.0,18.3408,1.0,20240,Laurence Vast,Coats (X) Nilufer TR,Turkey,Coats - GLOBAL PARENT,2025-08-07T00:00:00,Roxana McMican,S,S4
00020,        AUBA,25000497,1.0,N,U2022EU,U2022EU.E,U2022EU.E-TO,HYDROSIZE U2022EU,,DAP,999,8123.8038,7530.0,2204.6225,1000.0,3443.0,7530.0,4087.0,4409.2943,4087.0,0.0,4.087,1.0,20240,Philippe Chabanne,Procotex (X) Plouay FR,France,Procotex - Global Parent,2025-06-06T00:00:00,Norman Seung,S,S4
00020,        AUBA,25001092,1.0,N,U2022EU,U2022EU.E,U2022EU.E-TO,HYDROSIZE U2022EU,,DAP,999,8672.8161,7530.0,2204.6225,1000.0,3443.0,7530.0,4087.0,4707.2775,4087.0,0.0,4.087,1.0,20240,Philippe Chabanne,Procotex (X) Plouay FR,France,Procotex - Global Parent,2025-06-16T00:00:00,Norman Seung,S,S4
00020,        AUBA,25001439,1.0,N,HP1632,HP1632,HP1632-T2,HYDROSIZE HP-1632,,DAP,999,38376.2823,32805.65,2205.0,1000.1712,16779.49,32805.65,16026.16,18747.5158,16026.16,0.0,7.2681,1.0,20240,Philippe Chabanne,Technical Fibre (X) Cumbria GB,United Kingdom,Technical Fibre Products - Global Parent,2025-10-20T00:00:00,Roxana McMican,S,S4
00020,        AUBA,24001123,1.0,N,HP1632,HP1632,HP1632-T2,HYDROSIZE HP-1632,,FCA,999,20121.3813,18618.7995,2205.0,1000.1712,846.07,18618.7995,17772.74,19207.0428,17772.74,0.0,8.0602,1.0,20240,Philippe Chabanne,SGL Carbon (X Bsto USD) Ross Shire GB,United Kingdom,SGL Carbon - Global Parent,2025-05-06T00:00:00,Roxana McMican,S,S4
00020,        AUBA,23000664,1.0,N,U601,U601,U601-OP,HYDROSIZE U6-01,,DAP,999,2810.059,2624.97,450.0,204.1166,1161.84,2624.97,1463.13,1566.2966,1463.13,0.0,3.2514,1.0,20240,Philippe Chabanne,Indorama (S) Erlenbach DE,Germany,Indorama (X) Obernburg DE,2023-06-14T00:00:00,Norman Seung,S,S4
00020,        AUBA,23000706,1.0,N,U2022EU,U2022EU.E,U2022EU.E-PD,HYDROSIZE U2022EU,,DAP,999,2284.4703,2134.0,440.9245,200.0,1220.78,2134.0,913.22,977.612,913.22,0.0,4.5661,1.0,20240,Philippe Chabanne,Indorama (S) Erlenbach DE,Germany,Indorama (X) Obernburg DE,2023-05-09T00:00:00,Norman Seung,S,S4
00020,        AUBA,23000332,1.0,N,HP1632,HP1632,HP1632-OP,HYDROSIZE HP-1632,,DAP,999,7783.2353,7266.54,463.0,210.0133,4078.69,7266.54,3187.85,3414.5256,3187.85,0.0,6.8852,1.0,20240,Philippe Chabanne,SGL Carbon (S) Meitigen DE,Germany,SGL Carbon - Global Parent,2023-06-27T00:00:00,Roxana McMican,S,S4
00020,        AUBA,23001958,1.0,N,U601,U601,U601-PL,HYDROSIZE U6-01,,DAP,999,261.5574,244.76,40.0,18.1437,88.72,244.76,156.04,166.7487,156.04,0.0,3.9011,1.0,20240,Philippe Chabanne, School of Chemichals (S) Athens GR,Greece,Elke (X) Athens GR,2023-12-06T00:00:00,Norman Seung,S,S4
00020,        AUBA,23002072,1.0,N,MDU4075B,MDU4075B.E,MDU4075B.E-LP,MICHEM DISP. URETHANE 4075B,,DAP,999,786.1092,744.0,264.5547,120.0,190.8,744.0,553.2,584.5102,553.2,0.0,4.61,1.0,20220,Laurence Vast,CreaFlex Ninatrans (S) Boutersem BE,Belgium,CreaFlex (X) Tienen BE,2023-10-27T00:00:00,Marcos Pedreira,S,S4
