OrderCo,OrderNum,LineNum,LocalCcy,OrderDate,GLDate,Net,NetUSD,NetEUR,BOAmt,BOAmtEUR,BOAmtLC,QtyBO,QtyOrd,QtyShip,ExtCost,ExtCostUSD,ExtCostEUR,BOCost,BOCostEUR,XRateUSD,CFUSD
00010,1358226,1.0,USD,2021-06-07T00:00:00,2021-07-16T00:00:00,9890.0,9890.0,,0.0,0.0,0.0,0.0,1.0,1.0,2691.0,2691.0,,0.0,0.0,1.0,1.0
00010,1319314,1.0,USD,2021-04-05T00:00:00,2021-06-02T00:00:00,2101.5,2101.5,,0.0,0.0,0.0,0.0,1.0,1.0,1153.8,1153.8,,0.0,0.0,1.0,1.0
00010,1208271,1.0,USD,2020-10-06T00:00:00,2020-11-23T00:00:00,174.6,174.6,,0.0,0.0,0.0,0.0,1.0,1.0,41.03,41.03,,0.0,0.0,1.0,1.0
00010,1142822,1.0,USD,2020-06-11T00:00:00,2020-06-23T00:00:00,721.0,721.0,,0.0,0.0,0.0,0.0,1.0,1.0,420.0,420.0,,0.0,0.0,1.0,1.0
00010,1063550,1.0,USD,2020-01-17T00:00:00,2020-02-28T00:00:00,917.0,917.0,,0.0,0.0,0.0,0.0,1.0,1.0,361.45,361.45,,0.0,0.0,1.0,1.0
00010,1152885,1.0,USD,2020-07-01T00:00:00,2020-07-27T00:00:00,759.5,759.5,,0.0,0.0,0.0,0.0,1.0,1.0,420.0,420.0,,0.0,0.0,1.0,1.0
00010,1280168,1.0,USD,2021-02-01T00:00:00,2021-02-08T00:00:00,987.0,987.0,,0.0,0.0,0.0,0.0,1.0,1.0,420.0,420.0,,0.0,0.0,1.0,1.0
00010,1342178,1.0,USD,2021-05-12T00:00:00,2021-05-18T00:00:00,1155.0,1155.0,,0.0,0.0,0.0,0.0,1.0,1.0,434.0,434.0,,0.0,0.0,1.0,1.0
00010,1234209,1.0,USD,2020-11-19T00:00:00,2021-01-08T00:00:00,917.0,917.0,,0.0,0.0,0.0,0.0,1.0,1.0,420.0,420.0,,0.0,0.0,1.0,1.0
00010,1079760,1.0,USD,2020-02-17T00:00:00,2020-02-23T00:00:00,356.8,356.8,,0.0,0.0,0.0,0.0,1.0,1.0,184.55,184.55,,0.0,0.0,1.0,1.0
00010,1105297,1.0,USD,2020-04-06T00:00:00,2020-06-05T00:00:00,1318.5,1318.5,,0.0,0.0,0.0,0.0,1.0,1.0,618.08,618.08,,0.0,0.0,1.0,1.0
00010,1149003,1.0,USD,2020-06-24T00:00:00,2020-10-02T00:00:00,1827.0,1827.0,,0.0,0.0,0.0,0.0,1.0,1.0,1170.45,1170.45,,0.0,0.0,1.0,1.0
00010,1165616,1.0,USD,2020-07-23T00:00:00,2020-08-17T00:00:00,1921.5,1921.5,,0.0,0.0,0.0,0.0,1.0,1.0,985.14,985.14,,0.0,0.0,1.0,1.0
00010,1166011,1.0,USD,2020-07-24T00:00:00,2020-08-04T00:00:00,1318.5,1318.5,,0.0,0.0,0.0,0.0,1.0,1.0,618.08,618.08,,0.0,0.0,1.0,1.0
00010,1169446,1.0,USD,2020-07-30T00:00:00,2020-12-02T00:00:00,1827.0,1827.0,,0.0,0.0,0.0,0.0,1.0,1.0,1270.35,1270.35,,0.0,0.0,1.0,1.0
00010,1216165,1.0,USD,2020-10-20T00:00:00,2021-03-02T00:00:00,1827.0,1827.0,,0.0,0.0,0.0,0.0,1.0,1.0,1153.8,1153.8,,0.0,0.0,1.0,1.0
00010,1229140,1.0,USD,2020-11-10T00:00:00,2020-12-21T00:00:00,1683.0,1683.0,,0.0,0.0,0.0,0.0,1.0,1.0,1529.55,1529.55,,0.0,0.0,1.0,1.0
00010,1234611,1.0,USD,2020-11-20T00:00:00,2021-03-10T00:00:00,1827.0,1827.0,,0.0,0.0,0.0,0.0,1.0,1.0,1153.8,1153.8,,0.0,0.0,1.0,1.0
00010,1267596,1.0,USD,2021-01-12T00:00:00,2021-02-25T00:00:00,1444.5,1444.5,,0.0,0.0,0.0,0.0,1.0,1.0,1153.8,1153.8,,0.0,0.0,1.0,1.0
00010,1278431,1.0,USD,2021-01-29T00:00:00,2021-02-11T00:00:00,237.2,237.2,,0.0,0.0,0.0,0.0,1.0,1.0,16.7,16.7,,0.0,0.0,1.0,1.0
00010,1284673,1.0,USD,2021-02-08T00:00:00,2021-03-10T00:00:00,1485.0,1485.0,,0.0,0.0,0.0,0.0,1.0,1.0,1020.6,1020.6,,0.0,0.0,1.0,1.0
00010,1285881,1.0,USD,2021-02-10T00:00:00,2021-02-23T00:00:00,1876.5,1876.5,,0.0,0.0,0.0,0.0,1.0,1.0,1168.02,1168.02,,0.0,0.0,1.0,1.0
00010,1291404,1.0,USD,2021-02-19T00:00:00,2021-03-10T00:00:00,1953.0,1953.0,,0.0,0.0,0.0,0.0,1.0,1.0,1219.05,1219.05,,0.0,0.0,1.0,1.0
00010,1298318,1.0,USD,2021-03-02T00:00:00,2021-04-08T00:00:00,1827.0,1827.0,,0.0,0.0,0.0,0.0,1.0,1.0,1153.8,1153.8,,0.0,0.0,1.0,1.0
00010,1338501,1.0,USD,2021-05-06T00:00:00,2021-05-27T00:00:00,2245.5,2245.5,,0.0,0.0,0.0,0.0,1.0,1.0,1219.05,1219.05,,0.0,0.0,1.0,1.0
00010,1092943,1.0,USD,2020-03-13T00:00:00,2020-03-31T00:00:00,5610.0,5610.0,,0.0,0.0,0.0,0.0,1.0,1.0,4781.04,4781.04,,0.0,0.0,1.0,1.0
00010,1120948,1.0,USD,2020-05-05T00:00:00,2020-05-22T00:00:00,5610.0,5610.0,,0.0,0.0,0.0,0.0,1.0,1.0,4781.04,4781.04,,0.0,0.0,1.0,1.0
00010,1196917,1.0,USD,2020-09-16T00:00:00,2020-09-21T00:00:00,721.0,721.0,,0.0,0.0,0.0,0.0,1.0,1.0,420.0,420.0,,0.0,0.0,1.0,1.0
00010,1068859,1.0,USD,2020-01-27T00:00:00,2020-02-11T00:00:00,1800.0,1800.0,,0.0,0.0,0.0,0.0,1.0,1.0,1119.87,1119.87,,0.0,0.0,1.0,1.0
00010,1072407,1.0,USD,2020-02-03T00:00:00,2020-02-11T00:00:00,285.2,285.2,,0.0,0.0,0.0,0.0,1.0,1.0,76.28,76.28,,0.0,0.0,1.0,1.0
00010,1073037,1.0,USD,2020-02-04T00:00:00,2020-02-06T00:00:00,1831.5,1831.5,,0.0,0.0,0.0,0.0,1.0,1.0,985.14,985.14,,0.0,0.0,1.0,1.0
00010,1118198,1.0,USD,2020-04-30T00:00:00,2020-06-02T00:00:00,1444.5,1444.5,,0.0,0.0,0.0,0.0,1.0,1.0,957.83,957.83,,0.0,0.0,1.0,1.0
00010,1155745,1.0,USD,2020-07-06T00:00:00,2020-07-09T00:00:00,237.2,237.2,,0.0,0.0,0.0,0.0,1.0,1.0,61.81,61.81,,0.0,0.0,1.0,1.0
00010,1209232,1.0,USD,2020-10-08T00:00:00,2021-01-06T00:00:00,1827.0,1827.0,,0.0,0.0,0.0,0.0,1.0,1.0,1270.35,1270.35,,0.0,0.0,1.0,1.0
00010,1231407,1.0,USD,2020-11-13T00:00:00,2020-11-24T00:00:00,295.6,295.6,,0.0,0.0,0.0,0.0,1.0,1.0,424.61,424.61,,0.0,0.0,1.0,1.0
00010,1328447,1.0,USD,2021-04-20T00:00:00,2021-06-30T00:00:00,2101.5,2101.5,,0.0,0.0,0.0,0.0,1.0,1.0,1153.8,1153.8,,0.0,0.0,1.0,1.0
00010,1355915,1.0,USD,2021-06-03T00:00:00,2021-08-10T00:00:00,2101.5,2101.5,,0.0,0.0,0.0,0.0,1.0,1.0,1153.8,1153.8,,0.0,0.0,1.0,1.0
00010,1594858,1.0,USD,2022-05-16T00:00:00,2022-05-25T00:00:00,0.0,0.0,,0.0,0.0,0.0,0.0,1.0,1.0,315.14,315.14,,0.0,0.0,1.0,1.0
00010,1058396,1.0,USD,2020-01-07T00:00:00,2020-01-16T00:00:00,1332.0,1332.0,,0.0,0.0,0.0,0.0,1.0,1.0,766.13,766.13,,0.0,0.0,1.0,1.0
00010,1067200,1.0,USD,2020-01-24T00:00:00,2020-01-30T00:00:00,1332.0,1332.0,,0.0,0.0,0.0,0.0,1.0,1.0,766.13,766.13,,0.0,0.0,1.0,1.0
00010,1187797,1.0,USD,2020-08-31T00:00:00,2020-09-11T00:00:00,5610.0,5610.0,,0.0,0.0,0.0,0.0,1.0,1.0,5438.4,5438.4,,0.0,0.0,1.0,1.0
00010,1196112,1.0,USD,2020-09-15T00:00:00,2020-09-29T00:00:00,5610.0,5610.0,,0.0,0.0,0.0,0.0,1.0,1.0,5306.4,5306.4,,0.0,0.0,1.0,1.0
00010,1229965,1.0,USD,2020-11-11T00:00:00,2020-11-19T00:00:00,5610.0,5610.0,,0.0,0.0,0.0,0.0,1.0,1.0,5306.4,5306.4,,0.0,0.0,1.0,1.0
00010,1278282,1.0,USD,2021-01-29T00:00:00,2021-02-25T00:00:00,5610.0,5610.0,,0.0,0.0,0.0,0.0,1.0,1.0,5444.12,5444.12,,0.0,0.0,1.0,1.0
00010,1337761,1.0,USD,2021-05-05T00:00:00,2021-05-17T00:00:00,5896.0,5896.0,,0.0,0.0,0.0,0.0,1.0,1.0,5482.4,5482.4,,0.0,0.0,1.0,1.0
00010,1167759,1.0,USD,2020-07-27T00:00:00,2020-07-29T00:00:00,10200.0,10200.0,,0.0,0.0,0.0,0.0,1.0,1.0,4708.56,4708.56,,0.0,0.0,1.0,1.0
00010,1168312,1.0,USD,2020-07-28T00:00:00,2020-08-07T00:00:00,10320.0,10320.0,,0.0,0.0,0.0,0.0,1.0,1.0,4708.56,4708.56,,0.0,0.0,1.0,1.0
00010,1306386,1.0,USD,2021-03-15T00:00:00,2021-04-09T00:00:00,1116.5,1116.5,,0.0,0.0,0.0,0.0,1.0,1.0,434.0,434.0,,0.0,0.0,1.0,1.0
00010,1311993,1.0,USD,2021-03-24T00:00:00,2021-04-27T00:00:00,1036.0,1036.0,,0.0,0.0,0.0,0.0,1.0,1.0,434.0,434.0,,0.0,0.0,1.0,1.0
00010,1052168,1.0,USD,2019-12-26T00:00:00,2020-03-27T00:00:00,1291.5,1291.5,,0.0,0.0,0.0,0.0,1.0,1.0,812.79,812.79,,0.0,0.0,1.0,1.0
00010,1142153,1.0,USD,2020-06-12T00:00:00,2020-06-17T00:00:00,1036.0,1036.0,,0.0,0.0,0.0,0.0,1.0,1.0,361.45,361.45,,0.0,0.0,1.0,1.0
00010,1221878,1.0,USD,2020-10-29T00:00:00,2020-11-04T00:00:00,1036.0,1036.0,,0.0,0.0,0.0,0.0,1.0,1.0,420.0,420.0,,0.0,0.0,1.0,1.0
00010,1267653,1.0,USD,2021-01-12T00:00:00,2021-03-30T00:00:00,1291.5,1291.5,,0.0,0.0,0.0,0.0,1.0,1.0,949.05,949.05,,0.0,0.0,1.0,1.0
00010,1200097,1.0,USD,2020-09-22T00:00:00,2020-09-30T00:00:00,648.99,648.99,,0.0,0.0,0.0,0.0,1.0,1.0,618.08,618.08,,0.0,0.0,1.0,1.0
00010,1240983,1.0,USD,2020-11-30T00:00:00,2020-12-18T00:00:00,15.87,15.87,,0.0,0.0,0.0,0.0,1.0,1.0,15.11,15.11,,0.0,0.0,1.0,1.0
00010,1273178,1.0,USD,2021-01-21T00:00:00,2021-03-02T00:00:00,149.99,149.99,,0.0,0.0,0.0,0.0,1.0,1.0,142.84,142.84,,0.0,0.0,1.0,1.0
00010,1405758,1.0,USD,2021-08-20T00:00:00,2021-08-26T00:00:00,2825.55,2825.55,,0.0,0.0,0.0,0.0,1.0,1.0,2691.0,2691.0,,0.0,0.0,1.0,1.0
00010,1455447,1.0,USD,2021-10-29T00:00:00,2021-11-30T00:00:00,2825.55,2825.55,,0.0,0.0,0.0,0.0,1.0,1.0,2691.0,2691.0,,0.0,0.0,1.0,1.0
00010,1474127,1.0,USD,2021-11-24T00:00:00,2022-02-09T00:00:00,14233.05,14233.05,,0.0,0.0,0.0,0.0,1.0,1.0,13555.24,13555.24,,0.0,0.0,1.0,1.0
00010,1514751,1.0,USD,2022-01-20T00:00:00,2022-10-10T00:00:00,18938.75,18938.75,,0.0,0.0,0.0,0.0,1.0,1.0,18036.9,18036.9,,0.0,0.0,1.0,1.0
00010,1632964,1.0,USD,2022-07-05T00:00:00,2022-07-14T00:00:00,164.57,164.57,,0.0,0.0,0.0,0.0,1.0,1.0,156.74,156.74,,0.0,0.0,1.0,1.0
00010,1443407,1.0,USD,2021-10-12T00:00:00,2021-10-19T00:00:00,1099.0,1099.0,,0.0,0.0,0.0,0.0,1.0,1.0,416.5,416.5,,0.0,0.0,1.0,1.0
00010,1482598,1.0,USD,2021-12-06T00:00:00,2021-12-29T00:00:00,1099.0,1099.0,,0.0,0.0,0.0,0.0,1.0,1.0,416.5,416.5,,0.0,0.0,1.0,1.0
00010,1710031,1.0,USD,2022-10-17T00:00:00,2022-12-21T00:00:00,2245.5,2245.5,,0.0,0.0,0.0,0.0,1.0,1.0,1275.3,1275.3,,0.0,0.0,1.0,1.0
00010,1621707,1.0,USD,2022-06-20T00:00:00,2022-08-15T00:00:00,1750.0,1750.0,,0.0,0.0,0.0,0.0,1.0,1.0,941.5,941.5,,0.0,0.0,1.0,1.0
00010,1670402,1.0,USD,2022-08-23T00:00:00,2022-09-21T00:00:00,1750.0,1750.0,,0.0,0.0,0.0,0.0,1.0,1.0,941.5,941.5,,0.0,0.0,1.0,1.0
00010,1428389,1.0,USD,2021-09-21T00:00:00,2021-10-11T00:00:00,190.8,190.8,,0.0,0.0,0.0,0.0,1.0,1.0,41.03,41.03,,0.0,0.0,1.0,1.0
00010,1555835,1.0,USD,2022-03-22T00:00:00,2022-04-19T00:00:00,9890.0,9890.0,,0.0,0.0,0.0,0.0,1.0,1.0,2691.0,2691.0,,0.0,0.0,1.0,1.0
00010,1585613,1.0,USD,2022-05-04T00:00:00,2022-05-18T00:00:00,689.2,689.2,,0.0,0.0,0.0,0.0,1.0,1.0,315.14,315.14,,0.0,0.0,1.0,1.0
00010,1595699,1.0,USD,2022-05-17T00:00:00,2022-05-20T00:00:00,9890.0,9890.0,,0.0,0.0,0.0,0.0,1.0,1.0,2691.0,2691.0,,0.0,0.0,1.0,1.0
00010,1677095,1.0,USD,2022-09-01T00:00:00,2022-10-10T00:00:00,11178.0,11178.0,,0.0,0.0,0.0,0.0,1.0,1.0,2967.0,2967.0,,0.0,0.0,1.0,1.0
00010,1369517,1.0,USD,2021-06-25T00:00:00,2021-09-03T00:00:00,2101.5,2101.5,,0.0,0.0,0.0,0.0,1.0,1.0,1246.5,1246.5,,0.0,0.0,1.0,1.0
00010,1382298,1.0,USD,2021-07-15T00:00:00,2021-09-17T00:00:00,2101.5,2101.5,,0.0,0.0,0.0,0.0,1.0,1.0,1246.5,1246.5,,0.0,0.0,1.0,1.0
00010,1398459,1.0,USD,2021-08-10T00:00:00,2021-10-11T00:00:00,2290.5,2290.5,,0.0,0.0,0.0,0.0,1.0,1.0,1510.65,1510.65,,0.0,0.0,1.0,1.0
00010,1398647,1.0,USD,2021-08-10T00:00:00,2022-04-15T00:00:00,2074.5,2074.5,,0.0,0.0,0.0,0.0,1.0,1.0,900.9,900.9,,0.0,0.0,1.0,1.0
00010,1433247,1.0,USD,2021-09-28T00:00:00,2021-11-16T00:00:00,1516.5,1516.5,,0.0,0.0,0.0,0.0,1.0,1.0,1102.05,1102.05,,0.0,0.0,1.0,1.0
00010,1443985,1.0,USD,2021-10-13T00:00:00,2022-04-05T00:00:00,2290.5,2290.5,,0.0,0.0,0.0,0.0,1.0,1.0,1510.65,1510.65,,0.0,0.0,1.0,1.0
00010,1444807,1.0,USD,2021-10-14T00:00:00,2021-11-08T00:00:00,9890.0,9890.0,,0.0,0.0,0.0,0.0,1.0,1.0,2691.0,2691.0,,0.0,0.0,1.0,1.0
00010,1445633,1.0,USD,2021-10-15T00:00:00,2021-11-16T00:00:00,2245.5,2245.5,,0.0,0.0,0.0,0.0,1.0,1.0,1219.05,1219.05,,0.0,0.0,1.0,1.0
00010,1459179,1.0,USD,2021-11-03T00:00:00,2021-11-16T00:00:00,7986.0,7986.0,,0.0,0.0,0.0,0.0,1.0,1.0,6076.4,6076.4,,0.0,0.0,1.0,1.0
00010,1477672,1.0,USD,2021-11-29T00:00:00,2021-12-21T00:00:00,1398.0,1398.0,,0.0,0.0,0.0,0.0,1.0,1.0,176.92,176.92,,0.0,0.0,1.0,1.0
00010,1479042,1.0,USD,2021-12-01T00:00:00,2022-01-31T00:00:00,2101.5,2101.5,,0.0,0.0,0.0,0.0,1.0,1.0,1497.6,1497.6,,0.0,0.0,1.0,1.0
00010,1480607,1.0,USD,2021-12-03T00:00:00,2022-02-17T00:00:00,2227.5,2227.5,,0.0,0.0,0.0,0.0,1.0,1.0,1497.6,1497.6,,0.0,0.0,1.0,1.0
00010,1489144,1.0,USD,2021-12-15T00:00:00,2022-01-05T00:00:00,9890.0,9890.0,,0.0,0.0,0.0,0.0,1.0,1.0,2691.0,2691.0,,0.0,0.0,1.0,1.0
00010,1492668,1.0,USD,2021-12-20T00:00:00,2021-12-29T00:00:00,575.6,575.6,,0.0,0.0,0.0,0.0,1.0,1.0,150.85,150.85,,0.0,0.0,1.0,1.0
00010,1499075,1.0,USD,2021-12-29T00:00:00,2022-02-24T00:00:00,2227.5,2227.5,,0.0,0.0,0.0,0.0,1.0,1.0,1497.6,1497.6,,0.0,0.0,1.0,1.0
00010,1504057,1.0,USD,2022-01-05T00:00:00,2022-03-08T00:00:00,2088.0,2088.0,,0.0,0.0,0.0,0.0,1.0,1.0,1497.6,1497.6,,0.0,0.0,1.0,1.0
00010,1504683,1.0,USD,2022-01-06T00:00:00,2022-01-25T00:00:00,9890.0,9890.0,,0.0,0.0,0.0,0.0,1.0,1.0,2691.0,2691.0,,0.0,0.0,1.0,1.0
00010,1505473,1.0,USD,2022-01-07T00:00:00,2022-03-10T00:00:00,10318.0,10318.0,,0.0,0.0,0.0,0.0,1.0,1.0,6133.38,6133.38,,0.0,0.0,1.0,1.0
00010,1515479,1.0,USD,2022-01-21T00:00:00,2022-02-09T00:00:00,6710.0,6710.0,,0.0,0.0,0.0,0.0,1.0,1.0,6138.0,6138.0,,0.0,0.0,1.0,1.0
00010,1525296,1.0,USD,2022-02-04T00:00:00,2022-02-18T00:00:00,9890.0,9890.0,,0.0,0.0,0.0,0.0,1.0,1.0,2691.0,2691.0,,0.0,0.0,1.0,1.0
00010,1528542,1.0,USD,2022-02-09T00:00:00,2022-03-03T00:00:00,9890.0,9890.0,,0.0,0.0,0.0,0.0,1.0,1.0,2691.0,2691.0,,0.0,0.0,1.0,1.0
00010,1530002,1.0,USD,2022-02-11T00:00:00,2022-02-16T00:00:00,9240.0,9240.0,,0.0,0.0,0.0,0.0,1.0,1.0,6138.0,6138.0,,0.0,0.0,1.0,1.0
00010,1532076,1.0,USD,2022-02-14T00:00:00,2022-03-16T00:00:00,9890.0,9890.0,,0.0,0.0,0.0,0.0,1.0,1.0,2691.0,2691.0,,0.0,0.0,1.0,1.0
00010,1541848,1.0,USD,2022-03-01T00:00:00,2022-03-03T00:00:00,2227.5,2227.5,,0.0,0.0,0.0,0.0,1.0,1.0,1497.6,1497.6,,0.0,0.0,1.0,1.0
00010,1543359,1.0,USD,2022-03-03T00:00:00,2022-03-29T00:00:00,9240.0,9240.0,,0.0,0.0,0.0,0.0,1.0,1.0,7273.2,7273.2,,0.0,0.0,1.0,1.0
00010,1543360,1.0,USD,2022-03-03T00:00:00,2022-04-14T00:00:00,9240.0,9240.0,,0.0,0.0,0.0,0.0,1.0,1.0,7183.0,7183.0,,0.0,0.0,1.0,1.0
00010,1543361,1.0,USD,2022-03-03T00:00:00,2022-10-31T00:00:00,9240.0,9240.0,,0.0,0.0,0.0,0.0,1.0,1.0,8078.4,8078.4,,0.0,0.0,1.0,1.0
00010,1543364,1.0,USD,2022-03-03T00:00:00,2022-06-05T00:00:00,1813.5,1813.5,,0.0,0.0,0.0,0.0,1.0,1.0,1223.1,1223.1,,0.0,0.0,1.0,1.0
00010,1546544,1.0,USD,2022-03-08T00:00:00,2022-03-16T00:00:00,2227.5,2227.5,,0.0,0.0,0.0,0.0,1.0,1.0,1497.6,1497.6,,0.0,0.0,1.0,1.0
00010,1562763,1.0,USD,2022-04-01T00:00:00,2022-04-12T00:00:00,592.0,592.0,,0.0,0.0,0.0,0.0,1.0,1.0,282.5,282.5,,0.0,0.0,1.0,1.0
00010,1581611,1.0,USD,2022-04-28T00:00:00,2022-05-10T00:00:00,11748.0,11748.0,,0.0,0.0,0.0,0.0,1.0,1.0,6133.38,6133.38,,0.0,0.0,1.0,1.0
00010,1586497,1.0,USD,2022-05-05T00:00:00,2022-05-13T00:00:00,366.8,366.8,,0.0,0.0,0.0,0.0,1.0,1.0,156.74,156.74,,0.0,0.0,1.0,1.0
00010,1589444,1.0,USD,2022-05-09T00:00:00,2022-05-23T00:00:00,8800.0,8800.0,,0.0,0.0,0.0,0.0,1.0,1.0,6674.8,6674.8,,0.0,0.0,1.0,1.0
00010,1603425,1.0,USD,2022-05-27T00:00:00,2022-08-04T00:00:00,2439.0,2439.0,,0.0,0.0,0.0,0.0,1.0,1.0,1223.1,1223.1,,0.0,0.0,1.0,1.0
00010,1618664,1.0,USD,2022-06-16T00:00:00,2022-06-30T00:00:00,569.2,569.2,,0.0,0.0,0.0,0.0,1.0,1.0,292.98,292.98,,0.0,0.0,1.0,1.0
00010,1710918,1.0,USD,2022-10-18T00:00:00,2022-11-09T00:00:00,391.2,391.2,,0.0,0.0,0.0,0.0,1.0,1.0,206.61,206.61,,0.0,0.0,1.0,1.0
00010,1713288,1.0,USD,2022-10-21T00:00:00,2022-11-09T00:00:00,2439.0,2439.0,,0.0,0.0,0.0,0.0,1.0,1.0,1275.3,1275.3,,0.0,0.0,1.0,1.0
00010,2373896,1.0,USD,2025-03-13T00:00:00,2025-03-31T00:00:00,252.8,252.8,,0.0,0.0,0.0,0.0,1.0,1.0,138.44,138.44,,0.0,0.0,1.0,1.0
00010,2331011,1.0,USD,2025-01-14T00:00:00,2025-03-10T00:00:00,149.28,149.28,,0.0,0.0,0.0,0.0,1.0,1.0,142.18,142.18,,0.0,0.0,1.0,1.0
00010,2336293,1.0,USD,2025-01-21T00:00:00,2025-03-24T00:00:00,1515.3,1515.3,,0.0,0.0,0.0,0.0,1.0,1.0,1443.15,1443.15,,0.0,0.0,1.0,1.0
00010,2341540,1.0,USD,2025-01-28T00:00:00,2025-02-10T00:00:00,322.44,322.44,,0.0,0.0,0.0,0.0,1.0,1.0,307.08,307.08,,0.0,0.0,1.0,1.0
00010,2426088,1.0,USD,2025-05-21T00:00:00,2025-06-09T00:00:00,321.26,321.26,,0.0,0.0,0.0,0.0,1.0,1.0,305.96,305.96,,0.0,0.0,1.0,1.0
00010,2364904,1.0,USD,2025-02-28T00:00:00,2025-03-10T00:00:00,2853.0,2853.0,,0.0,0.0,0.0,0.0,1.0,1.0,1450.17,1450.17,,0.0,0.0,1.0,1.0
00010,2393587,1.0,USD,2025-04-08T00:00:00,2025-04-15T00:00:00,2560.5,2560.5,,0.0,0.0,0.0,0.0,1.0,1.0,1327.95,1327.95,,0.0,0.0,1.0,1.0
00010,2394564,1.0,USD,2025-04-09T00:00:00,2025-04-14T00:00:00,1407.2,1407.2,,0.0,0.0,0.0,0.0,1.0,1.0,617.6,617.6,,0.0,0.0,1.0,1.0
00010,2396121,1.0,USD,2025-04-11T00:00:00,2025-05-05T00:00:00,2853.0,2853.0,,0.0,0.0,0.0,0.0,1.0,1.0,1450.17,1450.17,,0.0,0.0,1.0,1.0
00010,2414281,1.0,USD,2025-05-05T00:00:00,2025-05-29T00:00:00,3051.55,3051.55,,0.0,0.0,0.0,0.0,1.0,1.0,2148.39,2148.39,,0.0,0.0,1.0,1.0
00010,2483261,1.0,USD,2025-08-04T00:00:00,2025-08-11T00:00:00,2844.0,2844.0,,0.0,0.0,0.0,0.0,1.0,1.0,1443.15,1443.15,,0.0,0.0,1.0,1.0
00010,2517528,1.0,USD,2025-09-18T00:00:00,2025-11-04T00:00:00,2560.5,2560.5,,0.0,0.0,0.0,0.0,1.0,1.0,1329.3,1329.3,,0.0,0.0,1.0,1.0
00010,2569944,1.0,USD,2025-11-26T00:00:00,2025-12-03T00:00:00,2844.0,2844.0,,0.0,0.0,0.0,0.0,1.0,1.0,1423.35,1423.35,,0.0,0.0,1.0,1.0
00010,2618528,1.0,USD,2026-05-28T00:00:00,2026-05-28T00:00:00,-1404.0,-1404.0,,0.0,0.0,0.0,0.0,1.0,1.0,0.0,0.0,,0.0,0.0,1.0,1.0
00010,2578950,1.0,USD,2025-12-08T00:00:00,2026-05-06T00:00:00,15813.16,15813.16,,0.0,0.0,0.0,0.0,1.0,1.0,15060.15,15060.15,,0.0,0.0,1.0,1.0
00010,2622813,1.0,USD,2026-02-04T00:00:00,2026-03-05T00:00:00,1494.52,1494.52,,0.0,0.0,0.0,0.0,1.0,1.0,1423.35,1423.35,,0.0,0.0,1.0,1.0
00010,2658435,1.0,USD,2026-03-24T00:00:00,2026-04-06T00:00:00,299.18,299.18,,0.0,0.0,0.0,0.0,1.0,1.0,284.93,284.93,,0.0,0.0,1.0,1.0
00010,2687442,1.0,USD,2026-05-01T00:00:00,2026-05-11T00:00:00,1556.0,1556.0,,0.0,0.0,0.0,0.0,1.0,1.0,616.33,616.33,,0.0,0.0,1.0,1.0
00010,2687458,1.0,USD,2026-05-01T00:00:00,2026-05-13T00:00:00,372.8,372.8,,0.0,0.0,0.0,0.0,1.0,1.0,144.25,144.25,,0.0,0.0,1.0,1.0
00010,1970888,1.0,USD,2023-09-27T00:00:00,2024-01-23T00:00:00,9020.0,9020.0,,0.0,0.0,0.0,0.0,1.0,1.0,6820.0,6820.0,,0.0,0.0,1.0,1.0
00010,1970904,1.0,USD,2023-09-27T00:00:00,2024-03-07T00:00:00,9020.0,9020.0,,0.0,0.0,0.0,0.0,1.0,1.0,6820.0,6820.0,,0.0,0.0,1.0,1.0
00010,1970905,1.0,USD,2023-09-27T00:00:00,2024-04-04T00:00:00,9020.0,9020.0,,0.0,0.0,0.0,0.0,1.0,1.0,6820.0,6820.0,,0.0,0.0,1.0,1.0
00010,1970907,1.0,USD,2023-09-27T00:00:00,2024-05-07T00:00:00,9020.0,9020.0,,0.0,0.0,0.0,0.0,1.0,1.0,6806.58,6806.58,,0.0,0.0,1.0,1.0
00010,1970908,1.0,USD,2023-09-27T00:00:00,2024-06-06T00:00:00,9020.0,9020.0,,0.0,0.0,0.0,0.0,1.0,1.0,6806.58,6806.58,,0.0,0.0,1.0,1.0
00010,1970909,1.0,USD,2023-09-27T00:00:00,2024-07-04T00:00:00,9020.0,9020.0,,0.0,0.0,0.0,0.0,1.0,1.0,6806.58,6806.58,,0.0,0.0,1.0,1.0
00010,1970910,1.0,USD,2023-09-27T00:00:00,2024-07-04T00:00:00,9020.0,9020.0,,0.0,0.0,0.0,0.0,1.0,1.0,6806.58,6806.58,,0.0,0.0,1.0,1.0
00010,2086383,1.0,USD,2024-02-26T00:00:00,2024-03-12T00:00:00,1966.5,1966.5,,0.0,0.0,0.0,0.0,1.0,1.0,830.39,830.39,,0.0,0.0,1.0,1.0
00010,2087924,1.0,USD,2024-02-28T00:00:00,2024-03-05T00:00:00,2560.5,2560.5,,0.0,0.0,0.0,0.0,1.0,1.0,1273.5,1273.5,,0.0,0.0,1.0,1.0
00010,2102857,1.0,USD,2024-03-20T00:00:00,2024-06-17T00:00:00,689.2,689.2,,0.0,0.0,0.0,0.0,1.0,1.0,306.38,306.38,,0.0,0.0,1.0,1.0
00010,2118045,1.0,USD,2024-04-09T00:00:00,2024-04-16T00:00:00,1966.5,1966.5,,0.0,0.0,0.0,0.0,1.0,1.0,830.39,830.39,,0.0,0.0,1.0,1.0
00010,2140352,1.0,USD,2024-05-08T00:00:00,2024-05-14T00:00:00,689.2,689.2,,0.0,0.0,0.0,0.0,1.0,1.0,309.53,309.53,,0.0,0.0,1.0,1.0
00010,2160020,1.0,USD,2024-06-03T00:00:00,2024-07-04T00:00:00,9020.0,9020.0,,0.0,0.0,0.0,0.0,1.0,1.0,6806.58,6806.58,,0.0,0.0,1.0,1.0
00010,2210584,1.0,USD,2024-08-08T00:00:00,2024-10-09T00:00:00,12078.0,12078.0,,0.0,0.0,0.0,0.0,1.0,1.0,6743.44,6743.44,,0.0,0.0,1.0,1.0
00010,2311402,1.0,USD,2024-12-19T00:00:00,2024-12-30T00:00:00,12078.0,12078.0,,0.0,0.0,0.0,0.0,1.0,1.0,6743.44,6743.44,,0.0,0.0,1.0,1.0
00010,2167746,1.0,USD,2024-06-13T00:00:00,2024-07-16T00:00:00,1576.35,1576.35,,0.0,0.0,0.0,0.0,1.0,1.0,1501.29,1501.29,,0.0,0.0,1.0,1.0
00010,2035650,1.0,USD,2023-12-21T00:00:00,2024-01-09T00:00:00,1966.5,1966.5,,0.0,0.0,0.0,0.0,1.0,1.0,830.39,830.39,,0.0,0.0,1.0,1.0
00010,2099286,1.0,USD,2024-03-15T00:00:00,2024-03-28T00:00:00,11396.0,11396.0,,0.0,0.0,0.0,0.0,1.0,1.0,3520.0,3520.0,,0.0,0.0,1.0,1.0
00010,2216603,1.0,USD,2024-08-16T00:00:00,2024-08-26T00:00:00,689.2,689.2,,0.0,0.0,0.0,0.0,1.0,1.0,306.52,306.52,,0.0,0.0,1.0,1.0
00010,2224693,1.0,USD,2024-08-27T00:00:00,2024-09-05T00:00:00,689.2,689.2,,0.0,0.0,0.0,0.0,1.0,1.0,306.9,306.9,,0.0,0.0,1.0,1.0
00010,2056682,1.0,USD,2024-01-18T00:00:00,2024-06-11T00:00:00,3667.1,3667.1,,0.0,0.0,0.0,0.0,1.0,1.0,3492.46,3492.46,,0.0,0.0,1.0,1.0
00010,2076335,1.0,USD,2024-02-13T00:00:00,2024-02-21T00:00:00,158.22,158.22,,0.0,0.0,0.0,0.0,1.0,1.0,150.68,150.68,,0.0,0.0,1.0,1.0
00010,2093323,1.0,USD,2024-03-06T00:00:00,2024-04-17T00:00:00,9.67,9.67,,0.0,0.0,0.0,0.0,1.0,1.0,9.21,9.21,,0.0,0.0,1.0,1.0
00010,2157277,1.0,USD,2024-05-30T00:00:00,2024-06-20T00:00:00,145.04,145.04,,0.0,0.0,0.0,0.0,1.0,1.0,138.13,138.13,,0.0,0.0,1.0,1.0
00010,2176875,1.0,USD,2024-06-25T00:00:00,2024-07-02T00:00:00,0.0,0.0,,0.0,0.0,0.0,0.0,1.0,1.0,138.02,138.02,,0.0,0.0,1.0,1.0
00010,1945116,1.0,USD,2023-08-24T00:00:00,2023-08-30T00:00:00,0.0,0.0,,0.0,0.0,0.0,0.0,1.0,1.0,1634.27,1634.27,,0.0,0.0,1.0,1.0
00010,1949377,1.0,USD,2023-08-30T00:00:00,2023-09-11T00:00:00,11914.0,11914.0,,0.0,0.0,0.0,0.0,1.0,1.0,3680.0,3680.0,,0.0,0.0,1.0,1.0
00010,1802090,1.0,USD,2023-02-16T00:00:00,2023-05-05T00:00:00,4012.82,4012.82,,0.0,0.0,0.0,0.0,1.0,1.0,3821.74,3821.74,,0.0,0.0,1.0,1.0
00010,1821223,1.0,USD,2023-03-14T00:00:00,2023-03-27T00:00:00,3473.0,3473.0,,0.0,0.0,0.0,0.0,1.0,1.0,3335.0,3335.0,,0.0,0.0,1.0,1.0
00010,1828799,1.0,USD,2023-03-24T00:00:00,2023-04-07T00:00:00,1337.18,1337.18,,0.0,0.0,0.0,0.0,1.0,1.0,1273.5,1273.5,,0.0,0.0,1.0,1.0
00010,1965054,1.0,USD,2023-09-19T00:00:00,2023-10-17T00:00:00,162.09,162.09,,0.0,0.0,0.0,0.0,1.0,1.0,154.37,154.37,,0.0,0.0,1.0,1.0
00010,1975308,1.0,USD,2023-10-03T00:00:00,2023-10-17T00:00:00,132.9,132.9,,0.0,0.0,0.0,0.0,1.0,1.0,126.57,126.57,,0.0,0.0,1.0,1.0
00010,1616901,1.0,USD,2022-06-14T00:00:00,2023-01-30T00:00:00,4914.0,4914.0,,0.0,0.0,0.0,0.0,1.0,1.0,2356.2,2356.2,,0.0,0.0,1.0,1.0
00010,1616917,1.0,USD,2022-06-14T00:00:00,2023-01-23T00:00:00,4914.0,4914.0,,0.0,0.0,0.0,0.0,1.0,1.0,2124.45,2124.45,,0.0,0.0,1.0,1.0
00010,1790124,1.0,USD,2023-01-31T00:00:00,2023-03-30T00:00:00,2925.0,2925.0,,0.0,0.0,0.0,0.0,1.0,1.0,1711.22,1711.22,,0.0,0.0,1.0,1.0
00010,1797583,1.0,USD,2023-02-10T00:00:00,2023-07-31T00:00:00,9570.0,9570.0,,0.0,0.0,0.0,0.0,1.0,1.0,7669.2,7669.2,,0.0,0.0,1.0,1.0
00010,1797617,1.0,USD,2023-02-10T00:00:00,2023-04-04T00:00:00,9570.0,9570.0,,0.0,0.0,0.0,0.0,1.0,1.0,8078.4,8078.4,,0.0,0.0,1.0,1.0
00010,1797618,1.0,USD,2023-02-10T00:00:00,2023-02-28T00:00:00,9570.0,9570.0,,0.0,0.0,0.0,0.0,1.0,1.0,8078.4,8078.4,,0.0,0.0,1.0,1.0
00010,1802991,1.0,USD,2023-02-17T00:00:00,2023-03-02T00:00:00,11914.0,11914.0,,0.0,0.0,0.0,0.0,1.0,1.0,2967.0,2967.0,,0.0,0.0,1.0,1.0
00010,1807587,1.0,USD,2023-02-23T00:00:00,2023-04-24T00:00:00,2925.0,2925.0,,0.0,0.0,0.0,0.0,1.0,1.0,1711.22,1711.22,,0.0,0.0,1.0,1.0
00010,1828043,1.0,USD,2023-03-23T00:00:00,2023-03-30T00:00:00,2439.0,2439.0,,0.0,0.0,0.0,0.0,1.0,1.0,1273.5,1273.5,,0.0,0.0,1.0,1.0
00010,1834175,1.0,USD,2023-03-31T00:00:00,2023-06-27T00:00:00,2740.5,2740.5,,0.0,0.0,0.0,0.0,1.0,1.0,1627.52,1627.52,,0.0,0.0,1.0,1.0
00010,1838702,1.0,USD,2023-04-06T00:00:00,2023-04-18T00:00:00,2245.5,2245.5,,0.0,0.0,0.0,0.0,1.0,1.0,1273.5,1273.5,,0.0,0.0,1.0,1.0
00010,1842513,1.0,USD,2023-04-11T00:00:00,2023-04-20T00:00:00,6218.09,6218.09,,0.0,0.0,0.0,0.0,1.0,1.0,3821.74,3821.74,,0.0,0.0,1.0,1.0
00010,1847676,1.0,USD,2023-04-18T00:00:00,2023-05-31T00:00:00,9570.0,9570.0,,0.0,0.0,0.0,0.0,1.0,1.0,7669.2,7669.2,,0.0,0.0,1.0,1.0
00010,1869688,1.0,USD,2023-05-17T00:00:00,2023-05-23T00:00:00,689.2,689.2,,0.0,0.0,0.0,0.0,1.0,1.0,338.81,338.81,,0.0,0.0,1.0,1.0
00010,1870481,1.0,USD,2023-05-18T00:00:00,2023-05-23T00:00:00,689.2,689.2,,0.0,0.0,0.0,0.0,1.0,1.0,338.81,338.81,,0.0,0.0,1.0,1.0
00010,1875093,1.0,USD,2023-05-24T00:00:00,2023-06-19T00:00:00,2889.0,2889.0,,0.0,0.0,0.0,0.0,1.0,1.0,1634.27,1634.27,,0.0,0.0,1.0,1.0
00010,1890159,1.0,USD,2023-06-13T00:00:00,2023-06-21T00:00:00,392.8,392.8,,0.0,0.0,0.0,0.0,1.0,1.0,147.63,147.63,,0.0,0.0,1.0,1.0
00010,1912712,1.0,USD,2023-07-13T00:00:00,2023-07-31T00:00:00,391.2,391.2,,0.0,0.0,0.0,0.0,1.0,1.0,224.29,224.29,,0.0,0.0,1.0,1.0
00010,1942485,1.0,USD,2023-08-21T00:00:00,2023-08-23T00:00:00,2560.5,2560.5,,0.0,0.0,0.0,0.0,1.0,1.0,1273.5,1273.5,,0.0,0.0,1.0,1.0
00010,1971665,1.0,USD,2023-09-28T00:00:00,2023-11-08T00:00:00,4914.0,4914.0,,0.0,0.0,0.0,0.0,1.0,1.0,2372.85,2372.85,,0.0,0.0,1.0,1.0
00010,2006623,1.0,USD,2023-11-13T00:00:00,2023-11-30T00:00:00,11396.0,11396.0,,0.0,0.0,0.0,0.0,1.0,1.0,3520.0,3520.0,,0.0,0.0,1.0,1.0
00010,2013313,1.0,USD,2023-11-22T00:00:00,2023-11-29T00:00:00,4419.0,4419.0,,0.0,0.0,0.0,0.0,1.0,1.0,2220.75,2220.75,,0.0,0.0,1.0,1.0
00010,2029417,1.0,USD,2023-12-13T00:00:00,2023-12-21T00:00:00,689.2,689.2,,0.0,0.0,0.0,0.0,1.0,1.0,338.09,338.09,,0.0,0.0,1.0,1.0
00010,2737269,1.0,USD,2026-07-06T00:00:00,1900-01-01T00:00:00,13918.52,13918.52,,0.0,0.0,0.0,0.0,4.0,4.0,13255.69,13255.69,,0.0,0.0,1.0,1.0
00010,1063219,1.0,USD,2020-01-16T00:00:00,2020-02-27T00:00:00,2884.0,2884.0,,0.0,0.0,0.0,0.0,4.0,4.0,1445.78,1445.78,,0.0,0.0,1.0,1.0
00010,1073473,1.0,USD,2020-02-05T00:00:00,2020-02-27T00:00:00,2884.0,2884.0,,0.0,0.0,0.0,0.0,4.0,4.0,1445.78,1445.78,,0.0,0.0,1.0,1.0
00010,1103508,1.0,USD,2020-04-02T00:00:00,2020-04-21T00:00:00,2884.0,2884.0,,0.0,0.0,0.0,0.0,4.0,4.0,1445.78,1445.78,,0.0,0.0,1.0,1.0
00010,1145642,1.0,USD,2020-06-18T00:00:00,2020-06-30T00:00:00,2884.0,2884.0,,0.0,0.0,0.0,0.0,4.0,4.0,1680.0,1680.0,,0.0,0.0,1.0,1.0
00010,1162171,1.0,USD,2020-07-17T00:00:00,2020-07-29T00:00:00,2884.0,2884.0,,0.0,0.0,0.0,0.0,4.0,4.0,1680.0,1680.0,,0.0,0.0,1.0,1.0
00010,1210071,1.0,USD,2020-10-09T00:00:00,2020-10-27T00:00:00,2884.0,2884.0,,0.0,0.0,0.0,0.0,4.0,4.0,1680.0,1680.0,,0.0,0.0,1.0,1.0
00010,1229964,1.0,USD,2020-11-11T00:00:00,2020-11-24T00:00:00,2884.0,2884.0,,0.0,0.0,0.0,0.0,4.0,4.0,1680.0,1680.0,,0.0,0.0,1.0,1.0
00010,1267623,1.0,USD,2021-01-12T00:00:00,2021-01-21T00:00:00,2884.0,2884.0,,0.0,0.0,0.0,0.0,4.0,4.0,1680.0,1680.0,,0.0,0.0,1.0,1.0
00010,1290166,1.0,USD,2021-02-17T00:00:00,2021-03-03T00:00:00,2884.0,2884.0,,0.0,0.0,0.0,0.0,4.0,4.0,1680.0,1680.0,,0.0,0.0,1.0,1.0
00010,1176979,1.0,USD,2020-08-12T00:00:00,2020-09-15T00:00:00,30448.0,30448.0,,0.0,0.0,0.0,0.0,4.0,4.0,22369.6,22369.6,,0.0,0.0,1.0,1.0
00010,1219821,1.0,USD,2020-10-26T00:00:00,2020-12-08T00:00:00,4626.0,4626.0,,0.0,0.0,0.0,0.0,4.0,4.0,200.33,200.33,,0.0,0.0,1.0,1.0
00010,1225647,1.0,USD,2020-11-04T00:00:00,2021-02-15T00:00:00,4626.0,4626.0,,0.0,0.0,0.0,0.0,4.0,4.0,2994.31,2994.31,,0.0,0.0,1.0,1.0
00010,1269558,1.0,USD,2021-01-15T00:00:00,2021-01-29T00:00:00,3948.0,3948.0,,0.0,0.0,0.0,0.0,4.0,4.0,1680.0,1680.0,,0.0,0.0,1.0,1.0
00010,1290921,1.0,USD,2021-02-18T00:00:00,2021-03-19T00:00:00,3668.0,3668.0,,0.0,0.0,0.0,0.0,4.0,4.0,1373.54,1373.54,,0.0,0.0,1.0,1.0
00010,1300330,1.0,USD,2021-03-05T00:00:00,2021-03-19T00:00:00,4466.0,4466.0,,0.0,0.0,0.0,0.0,4.0,4.0,1373.54,1373.54,,0.0,0.0,1.0,1.0
00010,1101904,1.0,USD,2020-03-30T00:00:00,2020-05-28T00:00:00,7200.0,7200.0,,0.0,0.0,0.0,0.0,4.0,4.0,4479.48,4479.48,,0.0,0.0,1.0,1.0
00010,1120153,1.0,USD,2020-05-04T00:00:00,2020-05-29T00:00:00,4626.0,4626.0,,0.0,0.0,0.0,0.0,4.0,4.0,3064.5,3064.5,,0.0,0.0,1.0,1.0
00010,1140503,1.0,USD,2020-06-09T00:00:00,2020-06-17T00:00:00,10241.56,10241.56,,0.0,0.0,0.0,0.0,4.0,4.0,6872.96,6872.96,,0.0,0.0,1.0,1.0
00010,1177693,1.0,USD,2020-08-13T00:00:00,2020-08-21T00:00:00,10241.56,10241.56,,0.0,0.0,0.0,0.0,4.0,4.0,6872.96,6872.96,,0.0,0.0,1.0,1.0
00010,1209386,1.0,USD,2020-10-08T00:00:00,2020-11-12T00:00:00,6426.0,6426.0,,0.0,0.0,0.0,0.0,4.0,4.0,3940.56,3940.56,,0.0,0.0,1.0,1.0
00010,1236653,1.0,USD,2020-11-23T00:00:00,2021-03-11T00:00:00,10241.56,10241.56,,0.0,0.0,0.0,0.0,4.0,4.0,6030.11,6030.11,,0.0,0.0,1.0,1.0
00010,1252181,1.0,USD,2020-12-18T00:00:00,2021-01-20T00:00:00,6426.0,6426.0,,0.0,0.0,0.0,0.0,4.0,4.0,75.6,75.6,,0.0,0.0,1.0,1.0
00010,1277809,1.0,USD,2021-01-28T00:00:00,2021-03-02T00:00:00,10241.56,10241.56,,0.0,0.0,0.0,0.0,4.0,4.0,6030.11,6030.11,,0.0,0.0,1.0,1.0
00010,1247215,1.0,USD,2020-12-10T00:00:00,2020-12-17T00:00:00,2884.0,2884.0,,0.0,0.0,0.0,0.0,4.0,4.0,1680.0,1680.0,,0.0,0.0,1.0,1.0
00010,1164249,1.0,USD,2020-07-21T00:00:00,2020-09-15T00:00:00,6516.0,6516.0,,0.0,0.0,0.0,0.0,4.0,4.0,4681.8,4681.8,,0.0,0.0,1.0,1.0
00010,1225646,1.0,USD,2020-11-04T00:00:00,2021-01-14T00:00:00,4626.0,4626.0,,0.0,0.0,0.0,0.0,4.0,4.0,3269.96,3269.96,,0.0,0.0,1.0,1.0
00010,1057757,1.0,USD,2020-01-06T00:00:00,2020-01-14T00:00:00,6516.0,6516.0,,0.0,0.0,0.0,0.0,4.0,4.0,3831.3,3831.3,,0.0,0.0,1.0,1.0
00010,1085589,1.0,USD,2020-02-28T00:00:00,2020-03-25T00:00:00,10241.56,10241.56,,0.0,0.0,0.0,0.0,4.0,4.0,6872.96,6872.96,,0.0,0.0,1.0,1.0
00010,1133691,1.0,USD,2020-05-28T00:00:00,2020-06-30T00:00:00,4626.0,4626.0,,0.0,0.0,0.0,0.0,4.0,4.0,3064.5,3064.5,,0.0,0.0,1.0,1.0
00010,1144489,1.0,USD,2020-06-16T00:00:00,2020-06-30T00:00:00,7200.0,7200.0,,0.0,0.0,0.0,0.0,4.0,4.0,5718.6,5718.6,,0.0,0.0,1.0,1.0
00010,1204673,1.0,USD,2020-09-30T00:00:00,2020-10-12T00:00:00,7200.0,7200.0,,0.0,0.0,0.0,0.0,4.0,4.0,5718.6,5718.6,,0.0,0.0,1.0,1.0
00010,1214118,1.0,USD,2020-10-16T00:00:00,2020-10-27T00:00:00,10241.56,10241.56,,0.0,0.0,0.0,0.0,4.0,4.0,6872.96,6872.96,,0.0,0.0,1.0,1.0
00010,1289381,1.0,USD,2021-02-16T00:00:00,2021-03-11T00:00:00,10241.56,10241.56,,0.0,0.0,0.0,0.0,4.0,4.0,6030.11,6030.11,,0.0,0.0,1.0,1.0
00010,1295100,1.0,USD,2021-02-25T00:00:00,2021-04-21T00:00:00,6426.0,6426.0,,0.0,0.0,0.0,0.0,4.0,4.0,4569.48,4569.48,,0.0,0.0,1.0,1.0
00010,1316479,1.0,USD,2021-03-31T00:00:00,2021-04-13T00:00:00,10241.56,10241.56,,0.0,0.0,0.0,0.0,4.0,4.0,6040.3,6040.3,,0.0,0.0,1.0,1.0
00010,1267652,1.0,USD,2021-01-12T00:00:00,2021-03-29T00:00:00,6858.0,6858.0,,0.0,0.0,0.0,0.0,4.0,4.0,4059.9,4059.9,,0.0,0.0,1.0,1.0
00010,1045424,1.0,USD,2019-12-13T00:00:00,2020-02-13T00:00:00,4086.0,4086.0,,0.0,0.0,0.0,0.0,4.0,4.0,2472.3,2472.3,,0.0,0.0,1.0,1.0
00010,1047557,1.0,USD,2019-12-17T00:00:00,2020-01-23T00:00:00,6084.0,6084.0,,0.0,0.0,0.0,0.0,4.0,4.0,4479.48,4479.48,,0.0,0.0,1.0,1.0
00010,1216950,1.0,USD,2020-10-21T00:00:00,2020-11-03T00:00:00,6084.0,6084.0,,0.0,0.0,0.0,0.0,4.0,4.0,5718.6,5718.6,,0.0,0.0,1.0,1.0
00010,1128794,1.0,USD,2020-05-19T00:00:00,2020-06-02T00:00:00,7216.64,7216.64,,0.0,0.0,0.0,0.0,4.0,4.0,6872.96,6872.96,,0.0,0.0,1.0,1.0
00010,1312641,1.0,USD,2021-03-25T00:00:00,2021-04-05T00:00:00,599.95,599.95,,0.0,0.0,0.0,0.0,4.0,4.0,571.38,571.38,,0.0,0.0,1.0,1.0
00010,1217560,1.0,USD,2020-10-22T00:00:00,2020-10-30T00:00:00,259.61,259.61,,0.0,0.0,0.0,0.0,4.0,4.0,247.25,247.25,,0.0,0.0,1.0,1.0
00010,1164429,1.0,USD,2020-07-21T00:00:00,2020-08-07T00:00:00,946.04,946.04,,0.0,0.0,0.0,0.0,4.0,4.0,294.69,294.69,,0.0,0.0,1.0,1.0
00010,1440328,1.0,USD,2021-10-08T00:00:00,2021-10-29T00:00:00,4628.6,4628.6,,0.0,0.0,0.0,0.0,4.0,4.0,4408.2,4408.2,,0.0,0.0,1.0,1.0
00010,1464004,1.0,USD,2021-11-10T00:00:00,2021-12-07T00:00:00,633.58,633.58,,0.0,0.0,0.0,0.0,4.0,4.0,603.41,603.41,,0.0,0.0,1.0,1.0
00010,1575638,1.0,USD,2022-04-20T00:00:00,2022-08-22T00:00:00,5137.02,5137.02,,0.0,0.0,0.0,0.0,4.0,4.0,4892.4,4892.4,,0.0,0.0,1.0,1.0
00010,1644392,1.0,USD,2022-07-20T00:00:00,2022-08-18T00:00:00,5137.05,5137.05,,0.0,0.0,0.0,0.0,4.0,4.0,4892.4,4892.4,,0.0,0.0,1.0,1.0
00010,1696725,1.0,USD,2022-09-27T00:00:00,2022-12-13T00:00:00,5356.22,5356.22,,0.0,0.0,0.0,0.0,4.0,4.0,5101.2,5101.2,,0.0,0.0,1.0,1.0
00010,1369660,1.0,USD,2021-06-25T00:00:00,2021-09-08T00:00:00,6120.0,6120.0,,0.0,0.0,0.0,0.0,4.0,4.0,3796.2,3796.2,,0.0,0.0,1.0,1.0
00010,1391810,1.0,USD,2021-07-30T00:00:00,2021-09-03T00:00:00,7992.0,7992.0,,0.0,0.0,0.0,0.0,4.0,4.0,6042.6,6042.6,,0.0,0.0,1.0,1.0
00010,1445534,1.0,USD,2021-10-15T00:00:00,2021-12-14T00:00:00,7110.0,7110.0,,0.0,0.0,0.0,0.0,4.0,4.0,6678.0,6678.0,,0.0,0.0,1.0,1.0
00010,1681092,1.0,USD,2022-09-06T00:00:00,2022-11-21T00:00:00,10854.0,10854.0,,0.0,0.0,0.0,0.0,4.0,4.0,5596.2,5596.2,,0.0,0.0,1.0,1.0
00010,1373452,1.0,USD,2021-07-01T00:00:00,2021-07-27T00:00:00,3024.0,3024.0,,0.0,0.0,0.0,0.0,4.0,4.0,1666.0,1666.0,,0.0,0.0,1.0,1.0
00010,1469174,1.0,USD,2021-11-17T00:00:00,2021-12-09T00:00:00,3108.0,3108.0,,0.0,0.0,0.0,0.0,4.0,4.0,1666.0,1666.0,,0.0,0.0,1.0,1.0
00010,1493471,1.0,USD,2021-12-21T00:00:00,2022-01-12T00:00:00,3108.0,3108.0,,0.0,0.0,0.0,0.0,4.0,4.0,1666.0,1666.0,,0.0,0.0,1.0,1.0
00010,1519725,1.0,USD,2022-01-27T00:00:00,2022-06-10T00:00:00,7000.0,7000.0,,0.0,0.0,0.0,0.0,4.0,4.0,1515.5,1515.5,,0.0,0.0,1.0,1.0
00010,1624764,1.0,USD,2022-06-24T00:00:00,2022-08-15T00:00:00,7000.0,7000.0,,0.0,0.0,0.0,0.0,4.0,4.0,3766.0,3766.0,,0.0,0.0,1.0,1.0
00010,1639002,1.0,USD,2022-07-13T00:00:00,2022-09-07T00:00:00,7000.0,7000.0,,0.0,0.0,0.0,0.0,4.0,4.0,3766.0,3766.0,,0.0,0.0,1.0,1.0
00010,1507497,1.0,USD,2022-01-10T00:00:00,2022-02-22T00:00:00,2646.0,2646.0,,0.0,0.0,0.0,0.0,4.0,4.0,1666.0,1666.0,,0.0,0.0,1.0,1.0
00010,1658986,1.0,USD,2022-08-08T00:00:00,2022-08-31T00:00:00,7000.0,7000.0,,0.0,0.0,0.0,0.0,4.0,4.0,3766.0,3766.0,,0.0,0.0,1.0,1.0
00010,1373390,1.0,USD,2021-07-01T00:00:00,2021-08-30T00:00:00,10241.56,10241.56,,0.0,0.0,0.0,0.0,4.0,4.0,4613.15,4613.15,,0.0,0.0,1.0,1.0
00010,1402754,1.0,USD,2021-08-16T00:00:00,2021-09-21T00:00:00,15667.92,15667.92,,0.0,0.0,0.0,0.0,4.0,4.0,5416.36,5416.36,,0.0,0.0,1.0,1.0
00010,1420612,1.0,USD,2021-09-10T00:00:00,2021-10-11T00:00:00,7848.0,7848.0,,0.0,0.0,0.0,0.0,4.0,4.0,4986.0,4986.0,,0.0,0.0,1.0,1.0
00010,1449650,1.0,USD,2021-10-21T00:00:00,2021-11-29T00:00:00,20372.0,20372.0,,0.0,0.0,0.0,0.0,4.0,4.0,6448.66,6448.66,,0.0,0.0,1.0,1.0
00010,1458256,1.0,USD,2021-11-02T00:00:00,2022-01-07T00:00:00,25696.0,25696.0,,0.0,0.0,0.0,0.0,4.0,4.0,21403.36,21403.36,,0.0,0.0,1.0,1.0
00010,1479814,1.0,USD,2021-12-02T00:00:00,2021-12-07T00:00:00,25696.0,25696.0,,0.0,0.0,0.0,0.0,4.0,4.0,21403.36,21403.36,,0.0,0.0,1.0,1.0
00010,1482574,1.0,USD,2021-12-06T00:00:00,2022-01-11T00:00:00,20372.0,20372.0,,0.0,0.0,0.0,0.0,4.0,4.0,6449.03,6449.03,,0.0,0.0,1.0,1.0
00010,1626983,1.0,USD,2022-06-27T00:00:00,2022-07-29T00:00:00,35816.0,35816.0,,0.0,0.0,0.0,0.0,4.0,4.0,26699.2,26699.2,,0.0,0.0,1.0,1.0
00010,1638444,1.0,USD,2022-07-12T00:00:00,2022-07-15T00:00:00,28424.0,28424.0,,0.0,0.0,0.0,0.0,4.0,4.0,29488.8,29488.8,,0.0,0.0,1.0,1.0
00010,1639131,1.0,USD,2022-07-13T00:00:00,2022-08-09T00:00:00,9324.0,9324.0,,0.0,0.0,0.0,0.0,4.0,4.0,6039.0,6039.0,,0.0,0.0,1.0,1.0
00010,1655078,1.0,USD,2022-08-03T00:00:00,2022-08-25T00:00:00,25631.68,25631.68,,0.0,0.0,0.0,0.0,4.0,4.0,15376.42,15376.42,,0.0,0.0,1.0,1.0
00010,1681736,1.0,USD,2022-09-07T00:00:00,2022-09-12T00:00:00,48312.0,48312.0,,0.0,0.0,0.0,0.0,4.0,4.0,32172.8,32172.8,,0.0,0.0,1.0,1.0
00010,1737490,1.0,USD,2022-11-22T00:00:00,2022-11-30T00:00:00,48312.0,48312.0,,0.0,0.0,0.0,0.0,4.0,4.0,31794.4,31794.4,,0.0,0.0,1.0,1.0
00010,2348251,1.0,USD,2025-02-06T00:00:00,2025-03-12T00:00:00,25873.67,25873.67,,0.0,0.0,0.0,0.0,4.0,4.0,14000.75,14000.75,,0.0,0.0,1.0,1.0
00010,2474976,1.0,USD,2025-07-24T00:00:00,2025-12-23T00:00:00,68485.54,68485.54,,0.0,0.0,0.0,0.0,4.0,4.0,65223.9,65223.9,,0.0,0.0,1.0,1.0
00010,2255675,1.0,USD,2024-10-07T00:00:00,2025-03-13T00:00:00,25631.68,25631.68,,0.0,0.0,0.0,0.0,4.0,4.0,14000.75,14000.75,,0.0,0.0,1.0,1.0
00010,2332330,1.0,USD,2025-01-16T00:00:00,2025-02-03T00:00:00,25631.68,25631.68,,0.0,0.0,0.0,0.0,4.0,4.0,13989.45,13989.45,,0.0,0.0,1.0,1.0
00010,2363520,1.0,USD,2025-02-26T00:00:00,2025-05-30T00:00:00,25631.68,25631.68,,0.0,0.0,0.0,0.0,4.0,4.0,13927.97,13927.97,,0.0,0.0,1.0,1.0
00010,2363521,1.0,USD,2025-02-26T00:00:00,2025-04-23T00:00:00,25631.68,25631.68,,0.0,0.0,0.0,0.0,4.0,4.0,14000.75,14000.75,,0.0,0.0,1.0,1.0
00010,2379433,1.0,USD,2025-03-20T00:00:00,2025-05-19T00:00:00,36080.0,36080.0,,0.0,0.0,0.0,0.0,4.0,4.0,27202.56,27202.56,,0.0,0.0,1.0,1.0
00010,2382408,1.0,USD,2025-03-24T00:00:00,2025-09-18T00:00:00,10386.0,10386.0,,0.0,0.0,0.0,0.0,4.0,4.0,5591.16,5591.16,,0.0,0.0,1.0,1.0
00010,2410365,1.0,USD,2025-04-30T00:00:00,2025-05-05T00:00:00,2276.8,2276.8,,0.0,0.0,0.0,0.0,4.0,4.0,1230.43,1230.43,,0.0,0.0,1.0,1.0
00010,2470455,1.0,USD,2025-07-18T00:00:00,2025-07-25T00:00:00,26353.96,26353.96,,0.0,0.0,0.0,0.0,4.0,4.0,13927.97,13927.97,,0.0,0.0,1.0,1.0
00010,2549404,1.0,USD,2025-10-30T00:00:00,2025-12-05T00:00:00,26353.96,26353.96,,0.0,0.0,0.0,0.0,4.0,4.0,13857.78,13857.78,,0.0,0.0,1.0,1.0
00010,2645756,1.0,USD,2026-03-06T00:00:00,2026-03-16T00:00:00,5978.09,5978.09,,0.0,0.0,0.0,0.0,4.0,4.0,5693.4,5693.4,,0.0,0.0,1.0,1.0
00010,2549408,1.0,USD,2025-10-30T00:00:00,2026-02-09T00:00:00,26353.96,26353.96,,0.0,0.0,0.0,0.0,4.0,4.0,13864.07,13864.07,,0.0,0.0,1.0,1.0
00010,2549409,1.0,USD,2025-10-30T00:00:00,2026-04-08T00:00:00,26353.96,26353.96,,0.0,0.0,0.0,0.0,4.0,4.0,12824.54,12824.54,,0.0,0.0,1.0,1.0
00010,2611579,1.0,USD,2026-01-20T00:00:00,2026-02-09T00:00:00,26353.96,26353.96,,0.0,0.0,0.0,0.0,4.0,4.0,13864.07,13864.07,,0.0,0.0,1.0,1.0
00010,2617003,1.0,USD,2026-01-27T00:00:00,2026-03-31T00:00:00,12726.0,12726.0,,0.0,0.0,0.0,0.0,4.0,4.0,8912.16,8912.16,,0.0,0.0,1.0,1.0
00010,2618528,1.0,USD,2026-01-29T00:00:00,2026-05-20T00:00:00,11322.0,11322.0,,0.0,0.0,0.0,0.0,4.0,4.0,5817.24,5817.24,,0.0,0.0,1.0,1.0
00010,2635221,1.0,USD,2026-02-20T00:00:00,2026-05-28T00:00:00,13752.0,13752.0,,0.0,0.0,0.0,0.0,4.0,4.0,7237.8,7237.8,,0.0,0.0,1.0,1.0
00010,2717111,1.0,USD,2026-06-09T00:00:00,2026-06-29T00:00:00,27428.12,27428.12,,0.0,0.0,0.0,0.0,4.0,4.0,13216.24,13216.24,,0.0,0.0,1.0,1.0
00010,2723346,1.0,USD,2026-06-17T00:00:00,2026-07-17T00:00:00,10890.0,10890.0,,0.0,0.0,0.0,0.0,4.0,4.0,6008.4,6008.4,,0.0,0.0,1.0,1.0
00010,2033186,1.0,USD,2023-12-18T00:00:00,2024-01-05T00:00:00,25631.68,25631.68,,0.0,0.0,0.0,0.0,4.0,4.0,14112.43,14112.43,,0.0,0.0,1.0,1.0
00010,2077290,1.0,USD,2024-02-14T00:00:00,2024-04-30T00:00:00,25631.68,25631.68,,0.0,0.0,0.0,0.0,4.0,4.0,14115.57,14115.57,,0.0,0.0,1.0,1.0
00010,2123441,1.0,USD,2024-04-16T00:00:00,2024-05-07T00:00:00,25631.68,25631.68,,0.0,0.0,0.0,0.0,4.0,4.0,14115.57,14115.57,,0.0,0.0,1.0,1.0
00010,2136562,1.0,USD,2024-05-03T00:00:00,2024-05-14T00:00:00,25631.68,25631.68,,0.0,0.0,0.0,0.0,4.0,4.0,14115.57,14115.57,,0.0,0.0,1.0,1.0
00010,2138965,1.0,USD,2024-05-06T00:00:00,2024-07-24T00:00:00,48312.0,48312.0,,0.0,0.0,0.0,0.0,4.0,4.0,26973.76,26973.76,,0.0,0.0,1.0,1.0
00010,2209683,1.0,USD,2024-08-07T00:00:00,2024-08-15T00:00:00,25631.68,25631.68,,0.0,0.0,0.0,0.0,4.0,4.0,13973.9,13973.9,,0.0,0.0,1.0,1.0
00010,2245292,1.0,USD,2024-09-23T00:00:00,2024-11-05T00:00:00,25631.68,25631.68,,0.0,0.0,0.0,0.0,4.0,4.0,13973.9,13973.9,,0.0,0.0,1.0,1.0
00010,2284128,1.0,USD,2024-11-13T00:00:00,2024-12-03T00:00:00,25631.68,25631.68,,0.0,0.0,0.0,0.0,4.0,4.0,13986.3,13986.3,,0.0,0.0,1.0,1.0
00010,2030219,1.0,USD,2023-12-14T00:00:00,2024-01-24T00:00:00,8856.0,8856.0,,0.0,0.0,0.0,0.0,4.0,4.0,5097.6,5097.6,,0.0,0.0,1.0,1.0
00010,2089449,1.0,USD,2024-03-01T00:00:00,2024-05-02T00:00:00,10224.0,10224.0,,0.0,0.0,0.0,0.0,4.0,4.0,8883.0,8883.0,,0.0,0.0,1.0,1.0
00010,2179425,1.0,USD,2024-06-28T00:00:00,2024-09-04T00:00:00,12726.0,12726.0,,0.0,0.0,0.0,0.0,4.0,4.0,8915.76,8915.76,,0.0,0.0,1.0,1.0
00010,2039161,1.0,USD,2023-12-26T00:00:00,2024-01-03T00:00:00,514.13,514.13,,0.0,0.0,0.0,0.0,4.0,4.0,489.65,489.65,,0.0,0.0,1.0,1.0
00010,2197404,1.0,USD,2024-07-22T00:00:00,2024-10-09T00:00:00,6305.41,6305.41,,0.0,0.0,0.0,0.0,4.0,4.0,6005.16,6005.16,,0.0,0.0,1.0,1.0
00010,1784129,1.0,USD,2023-01-23T00:00:00,2023-03-06T00:00:00,16051.28,16051.28,,0.0,0.0,0.0,0.0,4.0,4.0,15286.96,15286.96,,0.0,0.0,1.0,1.0
00010,1915831,1.0,USD,2023-07-17T00:00:00,2023-08-04T00:00:00,5348.68,5348.68,,0.0,0.0,0.0,0.0,4.0,4.0,5094.0,5094.0,,0.0,0.0,1.0,1.0
00010,2006491,1.0,USD,2023-11-13T00:00:00,2023-11-28T00:00:00,21135.76,21135.76,,0.0,0.0,0.0,0.0,4.0,4.0,15259.74,15259.74,,0.0,0.0,1.0,1.0
00010,1732726,1.0,USD,2022-11-16T00:00:00,2023-03-08T00:00:00,25631.68,25631.68,,0.0,0.0,0.0,0.0,4.0,4.0,15286.96,15286.96,,0.0,0.0,1.0,1.0
00010,1760028,1.0,USD,2022-12-22T00:00:00,2023-02-09T00:00:00,10440.0,10440.0,,0.0,0.0,0.0,0.0,4.0,4.0,6851.7,6851.7,,0.0,0.0,1.0,1.0
00010,1799792,1.0,USD,2023-02-13T00:00:00,2023-03-08T00:00:00,25631.68,25631.68,,0.0,0.0,0.0,0.0,4.0,4.0,15286.96,15286.96,,0.0,0.0,1.0,1.0
00010,1806716,1.0,USD,2023-02-22T00:00:00,2023-03-08T00:00:00,24872.36,24872.36,,0.0,0.0,0.0,0.0,4.0,4.0,15286.96,15286.96,,0.0,0.0,1.0,1.0
00010,1886727,1.0,USD,2023-06-09T00:00:00,2023-06-16T00:00:00,10548.0,10548.0,,0.0,0.0,0.0,0.0,4.0,4.0,6566.4,6566.4,,0.0,0.0,1.0,1.0
00010,1900770,1.0,USD,2023-06-27T00:00:00,2023-06-30T00:00:00,48312.0,48312.0,,0.0,0.0,0.0,0.0,4.0,4.0,31020.0,31020.0,,0.0,0.0,1.0,1.0
00010,1913558,1.0,USD,2023-07-14T00:00:00,2023-07-19T00:00:00,2276.8,2276.8,,0.0,0.0,0.0,0.0,4.0,4.0,1355.25,1355.25,,0.0,0.0,1.0,1.0
00010,1916587,1.0,USD,2023-07-18T00:00:00,2023-07-21T00:00:00,48312.0,48312.0,,0.0,0.0,0.0,0.0,4.0,4.0,31020.0,31020.0,,0.0,0.0,1.0,1.0
00010,1918231,1.0,USD,2023-07-20T00:00:00,2023-07-25T00:00:00,48312.0,48312.0,,0.0,0.0,0.0,0.0,4.0,4.0,31020.0,31020.0,,0.0,0.0,1.0,1.0
00010,1922528,1.0,USD,2023-07-26T00:00:00,2023-10-26T00:00:00,16668.0,16668.0,,0.0,0.0,0.0,0.0,4.0,4.0,30613.0,30613.0,,0.0,0.0,1.0,1.0
00010,1953947,1.0,USD,2023-09-05T00:00:00,2023-09-14T00:00:00,25631.68,25631.68,,0.0,0.0,0.0,0.0,4.0,4.0,15259.74,15259.74,,0.0,0.0,1.0,1.0
00010,1971666,1.0,USD,2023-09-28T00:00:00,2023-11-22T00:00:00,36080.0,36080.0,,0.0,0.0,0.0,0.0,4.0,4.0,30676.8,30676.8,,0.0,0.0,1.0,1.0
00010,1997629,1.0,USD,2023-11-01T00:00:00,2023-11-30T00:00:00,9000.0,9000.0,,0.0,0.0,0.0,0.0,4.0,4.0,8883.0,8883.0,,0.0,0.0,1.0,1.0
00010,1144487,1.0,USD,2020-06-16T00:00:00,2020-07-01T00:00:00,1442.0,1442.0,,0.0,0.0,0.0,0.0,2.0,2.0,840.0,840.0,,0.0,0.0,1.0,1.0
00010,1088283,1.0,USD,2020-03-04T00:00:00,2020-03-20T00:00:00,473.02,473.02,,0.0,0.0,0.0,0.0,2.0,2.0,147.34,147.34,,0.0,0.0,1.0,1.0
00010,1338531,1.0,USD,2021-05-06T00:00:00,2021-06-02T00:00:00,4275.0,4275.0,,0.0,0.0,0.0,0.0,2.0,2.0,2307.6,2307.6,,0.0,0.0,1.0,1.0
00010,1101864,1.0,USD,2020-03-30T00:00:00,2020-04-21T00:00:00,1442.0,1442.0,,0.0,0.0,0.0,0.0,2.0,2.0,722.89,722.89,,0.0,0.0,1.0,1.0
00010,1116942,1.0,USD,2020-04-28T00:00:00,2020-05-12T00:00:00,1442.0,1442.0,,0.0,0.0,0.0,0.0,2.0,2.0,722.89,722.89,,0.0,0.0,1.0,1.0
00010,1101915,1.0,USD,2020-03-30T00:00:00,2020-04-08T00:00:00,11220.0,11220.0,,0.0,0.0,0.0,0.0,2.0,2.0,9562.08,9562.08,,0.0,0.0,1.0,1.0
00010,1109530,1.0,USD,2020-04-14T00:00:00,2020-04-21T00:00:00,570.4,570.4,,0.0,0.0,0.0,0.0,2.0,2.0,152.55,152.55,,0.0,0.0,1.0,1.0
00010,1114789,1.0,USD,2020-04-24T00:00:00,2020-04-29T00:00:00,11220.0,11220.0,,0.0,0.0,0.0,0.0,2.0,2.0,9562.08,9562.08,,0.0,0.0,1.0,1.0
00010,1116473,1.0,USD,2020-04-27T00:00:00,2020-05-06T00:00:00,11220.0,11220.0,,0.0,0.0,0.0,0.0,2.0,2.0,9562.08,9562.08,,0.0,0.0,1.0,1.0
00010,1124890,1.0,USD,2020-05-12T00:00:00,2020-05-26T00:00:00,11220.0,11220.0,,0.0,0.0,0.0,0.0,2.0,2.0,9562.08,9562.08,,0.0,0.0,1.0,1.0
00010,1129404,1.0,USD,2020-05-20T00:00:00,2020-05-29T00:00:00,11220.0,11220.0,,0.0,0.0,0.0,0.0,2.0,2.0,9562.08,9562.08,,0.0,0.0,1.0,1.0
00010,1160224,1.0,USD,2020-07-14T00:00:00,2020-07-29T00:00:00,11220.0,11220.0,,0.0,0.0,0.0,0.0,2.0,2.0,10876.8,10876.8,,0.0,0.0,1.0,1.0
00010,1214069,1.0,USD,2020-10-16T00:00:00,2020-11-09T00:00:00,3753.0,3753.0,,0.0,0.0,0.0,0.0,2.0,2.0,1970.28,1970.28,,0.0,0.0,1.0,1.0
00010,1226244,1.0,USD,2020-11-05T00:00:00,2020-12-18T00:00:00,15224.0,15224.0,,0.0,0.0,0.0,0.0,2.0,2.0,11184.8,11184.8,,0.0,0.0,1.0,1.0
00010,1237776,1.0,USD,2020-11-25T00:00:00,2021-01-12T00:00:00,15224.0,15224.0,,0.0,0.0,0.0,0.0,2.0,2.0,11184.8,11184.8,,0.0,0.0,1.0,1.0
00010,1245361,1.0,USD,2020-12-07T00:00:00,2021-01-25T00:00:00,3843.0,3843.0,,0.0,0.0,0.0,0.0,2.0,2.0,37.8,37.8,,0.0,0.0,1.0,1.0
00010,1250335,1.0,USD,2020-12-15T00:00:00,2020-12-18T00:00:00,15224.0,15224.0,,0.0,0.0,0.0,0.0,2.0,2.0,11184.8,11184.8,,0.0,0.0,1.0,1.0
00010,1298851,1.0,USD,2021-03-03T00:00:00,2021-03-10T00:00:00,11220.0,11220.0,,0.0,0.0,0.0,0.0,2.0,2.0,11175.56,11175.56,,0.0,0.0,1.0,1.0
00010,1312021,1.0,USD,2021-03-24T00:00:00,2021-04-02T00:00:00,3717.0,3717.0,,0.0,0.0,0.0,0.0,2.0,2.0,2307.6,2307.6,,0.0,0.0,1.0,1.0
00010,1313381,1.0,USD,2021-03-26T00:00:00,2021-04-05T00:00:00,330.4,330.4,,0.0,0.0,0.0,0.0,2.0,2.0,238.51,238.51,,0.0,0.0,1.0,1.0
00010,1339061,1.0,USD,2021-05-07T00:00:00,2021-05-17T00:00:00,11792.0,11792.0,,0.0,0.0,0.0,0.0,2.0,2.0,10964.8,10964.8,,0.0,0.0,1.0,1.0
00010,1343367,1.0,USD,2021-05-14T00:00:00,2021-05-20T00:00:00,10824.0,10824.0,,0.0,0.0,0.0,0.0,2.0,2.0,9640.84,9640.84,,0.0,0.0,1.0,1.0
00010,1347959,1.0,USD,2021-05-21T00:00:00,2021-08-05T00:00:00,4275.0,4275.0,,0.0,0.0,0.0,0.0,2.0,2.0,2307.6,2307.6,,0.0,0.0,1.0,1.0
00010,1364534,1.0,USD,2021-06-17T00:00:00,2021-08-05T00:00:00,4275.0,4275.0,,0.0,0.0,0.0,0.0,2.0,2.0,2307.6,2307.6,,0.0,0.0,1.0,1.0
00010,1126010,1.0,USD,2020-05-14T00:00:00,2020-05-22T00:00:00,713.6,713.6,,0.0,0.0,0.0,0.0,2.0,2.0,369.1,369.1,,0.0,0.0,1.0,1.0
00010,1140373,1.0,USD,2020-06-09T00:00:00,2020-06-26T00:00:00,11220.0,11220.0,,0.0,0.0,0.0,0.0,2.0,2.0,10876.8,10876.8,,0.0,0.0,1.0,1.0
00010,1192905,1.0,USD,2020-09-09T00:00:00,2020-09-15T00:00:00,11220.0,11220.0,,0.0,0.0,0.0,0.0,2.0,2.0,10876.8,10876.8,,0.0,0.0,1.0,1.0
00010,1193862,1.0,USD,2020-09-11T00:00:00,2020-09-14T00:00:00,3717.0,3717.0,,0.0,0.0,0.0,0.0,2.0,2.0,2340.9,2340.9,,0.0,0.0,1.0,1.0
00010,1058992,1.0,USD,2020-01-08T00:00:00,2020-01-15T00:00:00,1442.0,1442.0,,0.0,0.0,0.0,0.0,2.0,2.0,728.56,728.56,,0.0,0.0,1.0,1.0
00010,1148353,1.0,USD,2020-06-23T00:00:00,2020-07-13T00:00:00,1442.0,1442.0,,0.0,0.0,0.0,0.0,2.0,2.0,840.0,840.0,,0.0,0.0,1.0,1.0
00010,1186624,1.0,USD,2020-08-29T00:00:00,2020-09-08T00:00:00,1442.0,1442.0,,0.0,0.0,0.0,0.0,2.0,2.0,840.0,840.0,,0.0,0.0,1.0,1.0
00010,1068771,1.0,USD,2020-01-27T00:00:00,2020-01-30T00:00:00,11220.0,11220.0,,0.0,0.0,0.0,0.0,2.0,2.0,9562.08,9562.08,,0.0,0.0,1.0,1.0
00010,1073558,1.0,USD,2020-02-05T00:00:00,2020-02-14T00:00:00,2664.0,2664.0,,0.0,0.0,0.0,0.0,2.0,2.0,1532.25,1532.25,,0.0,0.0,1.0,1.0
00010,1078337,1.0,USD,2020-02-14T00:00:00,2020-02-18T00:00:00,3717.0,3717.0,,0.0,0.0,0.0,0.0,2.0,2.0,1915.65,1915.65,,0.0,0.0,1.0,1.0
00010,1083908,1.0,USD,2020-02-25T00:00:00,2020-02-27T00:00:00,11220.0,11220.0,,0.0,0.0,0.0,0.0,2.0,2.0,9562.08,9562.08,,0.0,0.0,1.0,1.0
00010,1085695,1.0,USD,2020-02-28T00:00:00,2020-04-02T00:00:00,3753.0,3753.0,,0.0,0.0,0.0,0.0,2.0,2.0,1970.28,1970.28,,0.0,0.0,1.0,1.0
00010,1173515,1.0,USD,2020-08-06T00:00:00,2020-08-24T00:00:00,11220.0,11220.0,,0.0,0.0,0.0,0.0,2.0,2.0,10876.8,10876.8,,0.0,0.0,1.0,1.0
00010,1205832,1.0,USD,2020-10-02T00:00:00,2020-10-30T00:00:00,5481.92,5481.92,,0.0,0.0,0.0,0.0,2.0,2.0,3436.48,3436.48,,0.0,0.0,1.0,1.0
00010,1216406,1.0,USD,2020-10-20T00:00:00,2020-10-23T00:00:00,11220.0,11220.0,,0.0,0.0,0.0,0.0,2.0,2.0,10612.8,10612.8,,0.0,0.0,1.0,1.0
00010,1264404,1.0,USD,2021-01-07T00:00:00,2021-01-19T00:00:00,11220.0,11220.0,,0.0,0.0,0.0,0.0,2.0,2.0,10612.8,10612.8,,0.0,0.0,1.0,1.0
00010,1290152,1.0,USD,2021-02-17T00:00:00,2021-03-10T00:00:00,713.6,713.6,,0.0,0.0,0.0,0.0,2.0,2.0,285.69,285.69,,0.0,0.0,1.0,1.0
00010,1302014,1.0,USD,2021-03-08T00:00:00,2021-03-16T00:00:00,11220.0,11220.0,,0.0,0.0,0.0,0.0,2.0,2.0,11175.56,11175.56,,0.0,0.0,1.0,1.0
00010,1304547,1.0,USD,2021-03-12T00:00:00,2021-03-25T00:00:00,11220.0,11220.0,,0.0,0.0,0.0,0.0,2.0,2.0,11175.56,11175.56,,0.0,0.0,1.0,1.0
00010,1091229,1.0,USD,2020-03-10T00:00:00,2020-03-17T00:00:00,0.0,0.0,,0.0,0.0,0.0,0.0,2.0,2.0,9317.28,9317.28,,0.0,0.0,1.0,1.0
00010,1285224,1.0,USD,2021-02-09T00:00:00,2021-05-17T00:00:00,1778.0,1778.0,,0.0,0.0,0.0,0.0,2.0,2.0,868.0,868.0,,0.0,0.0,1.0,1.0
00010,1240953,1.0,USD,2020-11-30T00:00:00,2020-12-23T00:00:00,1682.59,1682.59,,0.0,0.0,0.0,0.0,2.0,2.0,1602.45,1602.45,,0.0,0.0,1.0,1.0
00010,1076537,1.0,USD,2020-02-11T00:00:00,2020-02-19T00:00:00,387.55,387.55,,0.0,0.0,0.0,0.0,2.0,2.0,369.1,369.1,,0.0,0.0,1.0,1.0
00010,1263287,1.0,USD,2021-01-05T00:00:00,2021-03-16T00:00:00,3165.82,3165.82,,0.0,0.0,0.0,0.0,2.0,2.0,3015.06,3015.06,,0.0,0.0,1.0,1.0
00010,1230658,1.0,USD,2020-11-12T00:00:00,2021-01-11T00:00:00,34.41,34.41,,0.0,0.0,0.0,0.0,2.0,2.0,32.77,32.77,,0.0,0.0,1.0,1.0
00010,1386079,1.0,USD,2021-07-21T00:00:00,2021-07-30T00:00:00,235.21,235.21,,0.0,0.0,0.0,0.0,2.0,2.0,212.29,212.29,,0.0,0.0,1.0,1.0
00010,1624591,1.0,USD,2022-06-24T00:00:00,2022-11-15T00:00:00,37877.49,37877.49,,0.0,0.0,0.0,0.0,2.0,2.0,36073.8,36073.8,,0.0,0.0,1.0,1.0
00010,1603308,1.0,USD,2022-05-27T00:00:00,2022-07-18T00:00:00,5193.0,5193.0,,0.0,0.0,0.0,0.0,2.0,2.0,2783.7,2783.7,,0.0,0.0,1.0,1.0
00010,1648262,1.0,USD,2022-07-25T00:00:00,2022-09-20T00:00:00,5193.0,5193.0,,0.0,0.0,0.0,0.0,2.0,2.0,2798.1,2798.1,,0.0,0.0,1.0,1.0
00010,1581527,1.0,USD,2022-04-28T00:00:00,2022-06-10T00:00:00,3500.0,3500.0,,0.0,0.0,0.0,0.0,2.0,2.0,757.75,757.75,,0.0,0.0,1.0,1.0
00010,1373391,1.0,USD,2021-07-01T00:00:00,2021-08-24T00:00:00,1911.0,1911.0,,0.0,0.0,0.0,0.0,2.0,2.0,833.0,833.0,,0.0,0.0,1.0,1.0
00010,1590150,1.0,USD,2022-05-10T00:00:00,2022-05-20T00:00:00,5085.0,5085.0,,0.0,0.0,0.0,0.0,2.0,2.0,3075.12,3075.12,,0.0,0.0,1.0,1.0
00010,1377384,1.0,USD,2021-07-07T00:00:00,2021-12-22T00:00:00,4356.0,4356.0,,0.0,0.0,0.0,0.0,2.0,2.0,3339.0,3339.0,,0.0,0.0,1.0,1.0
00010,1391010,1.0,USD,2021-07-29T00:00:00,2021-08-13T00:00:00,12452.0,12452.0,,0.0,0.0,0.0,0.0,2.0,2.0,10964.8,10964.8,,0.0,0.0,1.0,1.0
00010,1405065,1.0,USD,2021-08-19T00:00:00,2021-12-22T00:00:00,4356.0,4356.0,,0.0,0.0,0.0,0.0,2.0,2.0,3339.0,3339.0,,0.0,0.0,1.0,1.0
00010,1405774,1.0,USD,2021-08-20T00:00:00,2021-08-27T00:00:00,4419.0,4419.0,,0.0,0.0,0.0,0.0,2.0,2.0,2548.8,2548.8,,0.0,0.0,1.0,1.0
00010,1434101,1.0,USD,2021-09-29T00:00:00,2021-10-19T00:00:00,448.0,448.0,,0.0,0.0,0.0,0.0,2.0,2.0,124.28,124.28,,0.0,0.0,1.0,1.0
00010,1440441,1.0,USD,2021-10-08T00:00:00,2021-11-02T00:00:00,4275.0,4275.0,,0.0,0.0,0.0,0.0,2.0,2.0,2582.1,2582.1,,0.0,0.0,1.0,1.0
00010,1453401,1.0,USD,2021-10-26T00:00:00,2021-11-02T00:00:00,2796.0,2796.0,,0.0,0.0,0.0,0.0,2.0,2.0,353.84,353.84,,0.0,0.0,1.0,1.0
00010,1487726,1.0,USD,2021-12-13T00:00:00,2022-01-13T00:00:00,13420.0,13420.0,,0.0,0.0,0.0,0.0,2.0,2.0,12276.0,12276.0,,0.0,0.0,1.0,1.0
00010,1502501,1.0,USD,2022-01-03T00:00:00,2022-01-11T00:00:00,4491.0,4491.0,,0.0,0.0,0.0,0.0,2.0,2.0,2376.0,2376.0,,0.0,0.0,1.0,1.0
00010,1515571,1.0,USD,2022-01-21T00:00:00,2022-01-31T00:00:00,13420.0,13420.0,,0.0,0.0,0.0,0.0,2.0,2.0,12276.0,12276.0,,0.0,0.0,1.0,1.0
00010,1533274,1.0,USD,2022-02-16T00:00:00,2022-03-02T00:00:00,671.2,671.2,,0.0,0.0,0.0,0.0,2.0,2.0,386.78,386.78,,0.0,0.0,1.0,1.0
00010,1539262,1.0,USD,2022-02-25T00:00:00,2022-03-25T00:00:00,452.2,452.2,,0.0,0.0,0.0,0.0,2.0,2.0,75.8,75.8,,0.0,0.0,1.0,1.0
00010,1543357,1.0,USD,2022-03-03T00:00:00,2022-05-31T00:00:00,18480.0,18480.0,,0.0,0.0,0.0,0.0,2.0,2.0,14744.4,14744.4,,0.0,0.0,1.0,1.0
00010,1543996,1.0,USD,2022-03-04T00:00:00,2022-03-22T00:00:00,634.4,634.4,,0.0,0.0,0.0,0.0,2.0,2.0,243.26,243.26,,0.0,0.0,1.0,1.0
00010,1566717,1.0,USD,2022-04-07T00:00:00,2022-05-13T00:00:00,1378.4,1378.4,,0.0,0.0,0.0,0.0,2.0,2.0,630.27,630.27,,0.0,0.0,1.0,1.0
00010,1581510,1.0,USD,2022-04-28T00:00:00,2022-05-04T00:00:00,5553.0,5553.0,,0.0,0.0,0.0,0.0,2.0,2.0,3134.7,3134.7,,0.0,0.0,1.0,1.0
00010,1581528,1.0,USD,2022-04-28T00:00:00,2022-08-03T00:00:00,5688.0,5688.0,,0.0,0.0,0.0,0.0,2.0,2.0,3445.2,3445.2,,0.0,0.0,1.0,1.0
00010,1590248,1.0,USD,2022-05-10T00:00:00,2022-05-25T00:00:00,452.2,452.2,,0.0,0.0,0.0,0.0,2.0,2.0,78.58,78.58,,0.0,0.0,1.0,1.0
00010,1590923,1.0,USD,2022-05-11T00:00:00,2022-05-26T00:00:00,5643.0,5643.0,,0.0,0.0,0.0,0.0,2.0,2.0,3019.5,3019.5,,0.0,0.0,1.0,1.0
00010,1592570,1.0,USD,2022-05-13T00:00:00,2022-07-06T00:00:00,639.2,639.2,,0.0,0.0,0.0,0.0,2.0,2.0,252.27,252.27,,0.0,0.0,1.0,1.0
00010,1600349,1.0,USD,2022-05-23T00:00:00,2022-06-09T00:00:00,17600.0,17600.0,,0.0,0.0,0.0,0.0,2.0,2.0,13349.6,13349.6,,0.0,0.0,1.0,1.0
00010,1640025,1.0,USD,2022-07-14T00:00:00,2022-08-04T00:00:00,12436.18,12436.18,,0.0,0.0,0.0,0.0,2.0,2.0,7688.21,7688.21,,0.0,0.0,1.0,1.0
00010,1644537,1.0,USD,2022-07-20T00:00:00,2022-07-25T00:00:00,12436.18,12436.18,,0.0,0.0,0.0,0.0,2.0,2.0,6492.74,6492.74,,0.0,0.0,1.0,1.0
00010,1691587,1.0,USD,2022-09-20T00:00:00,2022-09-29T00:00:00,745.6,745.6,,0.0,0.0,0.0,0.0,2.0,2.0,341.78,341.78,,0.0,0.0,1.0,1.0
00010,1712366,1.0,USD,2022-10-20T00:00:00,2022-11-29T00:00:00,639.2,639.2,,0.0,0.0,0.0,0.0,2.0,2.0,262.26,262.26,,0.0,0.0,1.0,1.0
00010,1749371,1.0,USD,2022-12-08T00:00:00,2022-12-15T00:00:00,753.6,753.6,,0.0,0.0,0.0,0.0,2.0,2.0,324.58,324.58,,0.0,0.0,1.0,1.0
00010,2256645,1.0,USD,2024-10-08T00:00:00,2025-01-14T00:00:00,4613.04,4613.04,,0.0,0.0,0.0,0.0,2.0,2.0,2649.78,2649.78,,0.0,0.0,1.0,1.0
00010,2377662,1.0,USD,2025-03-18T00:00:00,2025-06-02T00:00:00,2646.95,2646.95,,0.0,0.0,0.0,0.0,2.0,2.0,2520.9,2520.9,,0.0,0.0,1.0,1.0
00010,2526621,1.0,USD,2025-09-30T00:00:00,2025-11-05T00:00:00,2989.05,2989.05,,0.0,0.0,0.0,0.0,2.0,2.0,2846.7,2846.7,,0.0,0.0,1.0,1.0
00010,2330959,1.0,USD,2025-01-14T00:00:00,2025-01-28T00:00:00,1378.4,1378.4,,0.0,0.0,0.0,0.0,2.0,2.0,615.31,615.31,,0.0,0.0,1.0,1.0
00010,2425638,1.0,USD,2025-05-20T00:00:00,2025-05-27T00:00:00,1138.4,1138.4,,0.0,0.0,0.0,0.0,2.0,2.0,615.22,615.22,,0.0,0.0,1.0,1.0
00010,2469564,1.0,USD,2025-07-17T00:00:00,2025-09-15T00:00:00,13176.98,13176.98,,0.0,0.0,0.0,0.0,2.0,2.0,6926.29,6926.29,,0.0,0.0,1.0,1.0
00010,2507012,1.0,USD,2025-09-04T00:00:00,2025-09-11T00:00:00,1138.4,1138.4,,0.0,0.0,0.0,0.0,2.0,2.0,611.93,611.93,,0.0,0.0,1.0,1.0
00010,2670496,1.0,USD,2026-04-09T00:00:00,2026-04-15T00:00:00,1138.4,1138.4,,0.0,0.0,0.0,0.0,2.0,2.0,569.86,569.86,,0.0,0.0,1.0,1.0
00010,2711919,1.0,USD,2026-06-02T00:00:00,2026-07-01T00:00:00,6615.0,6615.0,,0.0,0.0,0.0,0.0,2.0,2.0,3920.4,3920.4,,0.0,0.0,1.0,1.0
00010,2051224,1.0,USD,2024-01-11T00:00:00,2024-01-24T00:00:00,782.4,782.4,,0.0,0.0,0.0,0.0,2.0,2.0,440.26,440.26,,0.0,0.0,1.0,1.0
00010,2103706,1.0,USD,2024-03-21T00:00:00,2024-05-15T00:00:00,9486.0,9486.0,,0.0,0.0,0.0,0.0,2.0,2.0,4745.7,4745.7,,0.0,0.0,1.0,1.0
00010,2160291,1.0,USD,2024-06-03T00:00:00,2024-07-31T00:00:00,34401.53,34401.53,,0.0,0.0,0.0,0.0,2.0,2.0,32763.21,32763.21,,0.0,0.0,1.0,1.0
00010,2225531,1.0,USD,2024-08-28T00:00:00,2024-09-04T00:00:00,258.16,258.16,,0.0,0.0,0.0,0.0,2.0,2.0,245.86,245.86,,0.0,0.0,1.0,1.0
00010,2236797,1.0,USD,2024-09-12T00:00:00,2024-09-20T00:00:00,290.94,290.94,,0.0,0.0,0.0,0.0,2.0,2.0,277.08,277.08,,0.0,0.0,1.0,1.0
00010,2263378,1.0,USD,2024-10-17T00:00:00,2024-10-21T00:00:00,19.62,19.62,,0.0,0.0,0.0,0.0,2.0,2.0,18.69,18.69,,0.0,0.0,1.0,1.0
00010,1808280,1.0,USD,2023-02-24T00:00:00,2023-03-13T00:00:00,145.41,145.41,,0.0,0.0,0.0,0.0,2.0,2.0,137.2,137.2,,0.0,0.0,1.0,1.0
00010,1812735,1.0,USD,2023-03-02T00:00:00,2023-03-28T00:00:00,8025.64,8025.64,,0.0,0.0,0.0,0.0,2.0,2.0,7643.48,7643.48,,0.0,0.0,1.0,1.0
00010,1926483,1.0,USD,2023-07-31T00:00:00,2023-08-29T00:00:00,711.5,711.5,,0.0,0.0,0.0,0.0,2.0,2.0,677.62,677.62,,0.0,0.0,1.0,1.0
00010,1944451,1.0,USD,2023-08-23T00:00:00,2023-09-08T00:00:00,37590.4,37590.4,,0.0,0.0,0.0,0.0,2.0,2.0,35800.38,35800.38,,0.0,0.0,1.0,1.0
00010,1677862,1.0,USD,2022-09-02T00:00:00,2023-01-05T00:00:00,12575.08,12575.08,,0.0,0.0,0.0,0.0,2.0,2.0,7687.65,7687.65,,0.0,0.0,1.0,1.0
00010,1780418,1.0,USD,2023-01-18T00:00:00,2023-01-31T00:00:00,6102.0,6102.0,,0.0,0.0,0.0,0.0,2.0,2.0,4712.4,4712.4,,0.0,0.0,1.0,1.0
00010,1785539,1.0,USD,2023-01-25T00:00:00,2023-02-02T00:00:00,19140.0,19140.0,,0.0,0.0,0.0,0.0,2.0,2.0,16156.8,16156.8,,0.0,0.0,1.0,1.0
00010,1787148,1.0,USD,2023-01-27T00:00:00,2023-03-22T00:00:00,5319.0,5319.0,,0.0,0.0,0.0,0.0,2.0,2.0,3445.2,3445.2,,0.0,0.0,1.0,1.0
00010,1800711,1.0,USD,2023-02-14T00:00:00,2023-02-28T00:00:00,24156.0,24156.0,,0.0,0.0,0.0,0.0,2.0,2.0,15554.0,15554.0,,0.0,0.0,1.0,1.0
00010,1816503,1.0,USD,2023-03-07T00:00:00,2023-04-05T00:00:00,1378.4,1378.4,,0.0,0.0,0.0,0.0,2.0,2.0,677.62,677.62,,0.0,0.0,1.0,1.0
00010,1886745,1.0,USD,2023-06-09T00:00:00,2023-09-29T00:00:00,5274.0,5274.0,,0.0,0.0,0.0,0.0,2.0,2.0,3183.12,3183.12,,0.0,0.0,1.0,1.0
00010,1886746,1.0,USD,2023-06-09T00:00:00,2023-09-26T00:00:00,5274.0,5274.0,,0.0,0.0,0.0,0.0,2.0,2.0,3183.12,3183.12,,0.0,0.0,1.0,1.0
00010,1977033,1.0,USD,2023-10-05T00:00:00,2023-10-13T00:00:00,4500.0,4500.0,,0.0,0.0,0.0,0.0,2.0,2.0,4441.5,4441.5,,0.0,0.0,1.0,1.0
00010,2734561,1.0,USD,2026-07-02T00:00:00,1900-01-01T00:00:00,90970.24,90970.24,,0.0,0.0,0.0,0.0,16.0,16.0,53022.76,53022.76,,0.0,0.0,1.0,1.0
00010,2732783,1.0,USD,2026-06-30T00:00:00,1900-01-01T00:00:00,14240.0,14240.0,,0.0,0.0,0.0,0.0,20.0,20.0,5846.64,5846.64,,0.0,0.0,1.0,1.0
00010,2733551,1.0,USD,2026-07-01T00:00:00,1900-01-01T00:00:00,12757.5,12757.5,,0.0,0.0,0.0,0.0,5.0,5.0,7510.5,7510.5,,0.0,0.0,1.0,1.0
00010,2744056,1.0,USD,2026-07-15T00:00:00,1900-01-01T00:00:00,55202.37,55202.37,,0.0,0.0,0.0,0.0,35.0,35.0,52573.5,52573.5,,0.0,0.0,1.0,1.0
00010,2708884,1.0,USD,2026-05-29T00:00:00,1900-01-01T00:00:00,32562.0,32562.0,,0.0,0.0,0.0,0.0,12.0,12.0,17590.5,17590.5,,0.0,0.0,1.0,1.0
00010,2739301,1.0,USD,2026-07-08T00:00:00,1900-01-01T00:00:00,87934.0,87934.0,,0.0,0.0,0.0,0.0,7.0,7.0,48433.0,48433.0,,0.0,0.0,1.0,1.0
00010,2701152,1.0,USD,2026-05-19T00:00:00,1900-01-01T00:00:00,244490.4,244490.4,,0.0,0.0,0.0,0.0,15.0,15.0,225902.25,225902.25,,0.0,0.0,1.0,1.0
00010,2755409,1.0,USD,2026-07-30T00:00:00,1900-01-01T00:00:00,244490.4,244490.4,,0.0,0.0,0.0,0.0,15.0,15.0,232848.0,232848.0,,0.0,0.0,1.0,1.0
00010,2756021,1.0,USD,2026-07-31T00:00:00,1900-01-01T00:00:00,244490.4,244490.4,,0.0,0.0,0.0,0.0,15.0,15.0,232848.0,232848.0,,0.0,0.0,1.0,1.0
00010,1365919,1.0,USD,2021-06-19T00:00:00,2021-07-16T00:00:00,6048.0,6048.0,,0.0,0.0,0.0,0.0,8.0,8.0,3332.0,3332.0,,0.0,0.0,1.0,1.0
00010,1141021,1.0,USD,2020-06-10T00:00:00,2020-05-31T00:00:00,8208.0,8208.0,,0.0,0.0,0.0,0.0,2880.0,2880.0,745.34,745.34,,0.0,0.0,1.0,1.0
00010,1117587,1.0,USD,2020-04-29T00:00:00,2020-06-26T00:00:00,27060.48,27060.48,,0.0,0.0,0.0,0.0,10368.0,10368.0,18662.4,18662.4,,0.0,0.0,1.0,1.0
00010,1173418,1.0,USD,2020-08-06T00:00:00,2020-08-10T00:00:00,51000.0,51000.0,,0.0,0.0,0.0,0.0,5.0,5.0,23542.8,23542.8,,0.0,0.0,1.0,1.0
00010,1196839,1.0,USD,2020-09-16T00:00:00,2020-10-07T00:00:00,19366.0,19366.0,,0.0,0.0,0.0,0.0,4600.0,4600.0,5382.0,5382.0,,0.0,0.0,1.0,1.0
00010,1124799,1.0,USD,2020-05-12T00:00:00,2020-05-13T00:00:00,-31798.08,-31798.08,,0.0,0.0,0.0,0.0,-8688.0,-8688.0,-24675.66,-24675.66,,0.0,0.0,1.0,1.0
00010,1124800,1.0,USD,2020-05-12T00:00:00,2020-05-13T00:00:00,-18490.32,-18490.32,,0.0,0.0,0.0,0.0,-5052.0,-5052.0,-14348.69,-14348.69,,0.0,0.0,1.0,1.0
00010,1124807,1.0,USD,2020-05-12T00:00:00,2020-05-13T00:00:00,-1207.8,-1207.8,,0.0,0.0,0.0,0.0,-330.0,-330.0,-937.27,-937.27,,0.0,0.0,1.0,1.0
00010,1124822,1.0,USD,2020-05-12T00:00:00,2020-05-13T00:00:00,-5929.2,-5929.2,,0.0,0.0,0.0,0.0,-1620.0,-1620.0,-4601.12,-4601.12,,0.0,0.0,1.0,1.0
00010,1124823,1.0,USD,2020-05-12T00:00:00,2020-05-13T00:00:00,-12275.64,-12275.64,,0.0,0.0,0.0,0.0,-3354.0,-3354.0,-9526.03,-9526.03,,0.0,0.0,1.0,1.0
00010,1133065,1.0,USD,2020-05-27T00:00:00,2020-05-27T00:00:00,-8208.0,-8208.0,,0.0,0.0,0.0,0.0,-2880.0,-2880.0,-745.34,-745.34,,0.0,0.0,1.0,1.0
00010,1076525,1.0,USD,2020-02-11T00:00:00,2020-04-08T00:00:00,19543.68,19543.68,,0.0,0.0,0.0,0.0,7488.0,7488.0,10903.28,10903.28,,0.0,0.0,1.0,1.0
00010,1129895,1.0,USD,2020-05-21T00:00:00,2020-09-30T00:00:00,68328.0,68328.0,,0.0,0.0,0.0,0.0,17520.0,17520.0,56940.0,56940.0,,0.0,0.0,1.0,1.0
00010,1196720,1.0,USD,2020-09-16T00:00:00,2020-12-04T00:00:00,43065.0,43065.0,,0.0,0.0,0.0,0.0,16500.0,16500.0,29700.0,29700.0,,0.0,0.0,1.0,1.0
00010,1196722,1.0,USD,2020-09-16T00:00:00,2020-11-20T00:00:00,48666.24,48666.24,,0.0,0.0,0.0,0.0,11928.0,11928.0,34710.48,34710.48,,0.0,0.0,1.0,1.0
00010,1201951,1.0,USD,2020-09-25T00:00:00,2020-12-04T00:00:00,74529.84,74529.84,,0.0,0.0,0.0,0.0,17094.0,17094.0,50085.42,50085.42,,0.0,0.0,1.0,1.0
00010,1222376,1.0,USD,2020-10-30T00:00:00,2020-11-24T00:00:00,1834.97,1834.97,,0.0,0.0,0.0,0.0,745.7278,745.7278,0.0,0.0,,0.0,0.0,1.0,1.0
00010,1323952,1.0,USD,2021-04-12T00:00:00,2021-04-28T00:00:00,6939.0,6939.0,,0.0,0.0,0.0,0.0,6.0,6.0,4674.46,4674.46,,0.0,0.0,1.0,1.0
00010,1365314,1.0,USD,2021-06-18T00:00:00,2021-07-02T00:00:00,10836.0,10836.0,,0.0,0.0,0.0,0.0,8.0,8.0,6264.11,6264.11,,0.0,0.0,1.0,1.0
00010,1048134,1.0,USD,2019-12-18T00:00:00,2020-01-31T00:00:00,16848.0,16848.0,,0.0,0.0,0.0,0.0,4320.0,4320.0,14040.0,14040.0,,0.0,0.0,1.0,1.0
00010,1048146,1.0,USD,2019-12-18T00:00:00,2020-01-31T00:00:00,11232.0,11232.0,,0.0,0.0,0.0,0.0,2880.0,2880.0,9360.0,9360.0,,0.0,0.0,1.0,1.0
00010,1048147,1.0,USD,2019-12-18T00:00:00,2020-01-31T00:00:00,11232.0,11232.0,,0.0,0.0,0.0,0.0,2880.0,2880.0,9360.0,9360.0,,0.0,0.0,1.0,1.0
00010,1048149,1.0,USD,2019-12-18T00:00:00,2020-01-31T00:00:00,16848.0,16848.0,,0.0,0.0,0.0,0.0,4320.0,4320.0,14040.0,14040.0,,0.0,0.0,1.0,1.0
00010,1048151,1.0,USD,2019-12-18T00:00:00,2020-01-31T00:00:00,16848.0,16848.0,,0.0,0.0,0.0,0.0,4320.0,4320.0,14040.0,14040.0,,0.0,0.0,1.0,1.0
00010,1590148,1.0,USD,2022-05-10T00:00:00,2022-05-10T00:00:00,-11205.0,-11205.0,,0.0,0.0,0.0,0.0,-6.0,-6.0,-9225.36,-9225.36,,0.0,0.0,1.0,1.0
00010,1328475,1.0,USD,2021-04-20T00:00:00,2021-06-04T00:00:00,19800.0,19800.0,,0.0,0.0,0.0,0.0,10.0,10.0,14373.0,14373.0,,0.0,0.0,1.0,1.0
00010,1336545,1.0,USD,2021-05-03T00:00:00,2021-06-16T00:00:00,2866.5,2866.5,,0.0,0.0,0.0,0.0,3.0,3.0,1249.5,1249.5,,0.0,0.0,1.0,1.0
00010,1479042,1.0,USD,2022-02-21T00:00:00,2022-02-21T00:00:00,-2101.5,-2101.5,,0.0,0.0,0.0,0.0,-450.0,-450.0,-1497.6,-1497.6,,0.0,0.0,1.0,1.0
00010,1480607,1.0,USD,2022-04-14T00:00:00,2022-04-14T00:00:00,-2227.5,-2227.5,,0.0,0.0,0.0,0.0,-450.0,-450.0,-1497.6,-1497.6,,0.0,0.0,1.0,1.0
00010,1499075,1.0,USD,2022-04-14T00:00:00,2022-04-14T00:00:00,-2227.5,-2227.5,,0.0,0.0,0.0,0.0,-450.0,-450.0,-1497.6,-1497.6,,0.0,0.0,1.0,1.0
00010,1638444,1.0,USD,2022-07-28T00:00:00,2022-07-28T00:00:00,-99484.0,-99484.0,,0.0,0.0,0.0,0.0,-30800.0,-30800.0,-103210.8,-103210.8,,0.0,0.0,1.0,1.0
00010,1638468,1.0,USD,2022-07-28T00:00:00,2022-07-28T00:00:00,-127908.0,-127908.0,,0.0,0.0,0.0,0.0,-39600.0,-39600.0,-132699.6,-132699.6,,0.0,0.0,1.0,1.0
00010,1682244,1.0,USD,2022-09-08T00:00:00,2022-09-08T00:00:00,-1592.5,-1592.5,,0.0,0.0,0.0,0.0,-350.0,-350.0,-941.5,-941.5,,0.0,0.0,1.0,1.0
00010,1087257,1.0,USD,2020-04-22T00:00:00,2020-04-22T00:00:00,-682.5,-682.5,,0.0,0.0,0.0,0.0,-1.0,-1.0,-1.03,-1.03,,0.0,0.0,1.0,1.0
00010,1269558,1.0,USD,2021-02-10T00:00:00,2021-02-10T00:00:00,-2002.0,-2002.0,,0.0,0.0,0.0,0.0,-1.0,-1.0,-1.2,-1.2,,0.0,0.0,1.0,1.0
00010,1341025,1.0,USD,2021-07-30T00:00:00,2021-07-30T00:00:00,-1872.0,-1872.0,,0.0,0.0,0.0,0.0,-1.0,-1.0,-2.56,-2.56,,0.0,0.0,1.0,1.0
00010,1443985,1.0,USD,2022-05-25T00:00:00,2022-05-25T00:00:00,-155.88,-155.88,,0.0,0.0,0.0,0.0,-1.0,-1.0,-4.88,-4.88,,0.0,0.0,1.0,1.0
00010,1581592,1.0,USD,2022-06-22T00:00:00,2022-06-22T00:00:00,-1034.5,-1034.5,,0.0,0.0,0.0,0.0,-1.0,-1.0,-2.69,-2.69,,0.0,0.0,1.0,1.0
00010,1590150,1.0,USD,2022-06-02T00:00:00,2022-06-02T00:00:00,-4050.0,-4050.0,,0.0,0.0,0.0,0.0,-1.0,-1.0,-3.49,-3.49,,0.0,0.0,1.0,1.0
00010,1106982,1.0,USD,2020-04-09T00:00:00,2020-04-16T00:00:00,1750.32,1750.32,,0.0,0.0,0.0,0.0,39.0,39.0,0.0,0.0,,0.0,0.0,1.0,1.0
00010,1149516,1.0,USD,2020-06-25T00:00:00,2020-07-21T00:00:00,557.1,557.1,,0.0,0.0,0.0,0.0,3.0,3.0,160.62,160.62,,0.0,0.0,1.0,1.0
00010,1316403,1.0,USD,2021-03-31T00:00:00,2021-04-13T00:00:00,92664.0,92664.0,,0.0,0.0,0.0,0.0,18.0,18.0,84506.4,84506.4,,0.0,0.0,1.0,1.0
00010,1342270,1.0,USD,2021-05-12T00:00:00,2021-05-20T00:00:00,3780.0,3780.0,,0.0,0.0,0.0,0.0,5.0,5.0,2170.0,2170.0,,0.0,0.0,1.0,1.0
00010,1122033,1.0,USD,2020-05-07T00:00:00,2020-05-29T00:00:00,15120.0,15120.0,,0.0,0.0,0.0,0.0,24.0,24.0,8674.68,8674.68,,0.0,0.0,1.0,1.0
00010,1160969,1.0,USD,2020-07-15T00:00:00,2020-08-04T00:00:00,26932.5,26932.5,,0.0,0.0,0.0,0.0,45.0,45.0,18900.0,18900.0,,0.0,0.0,1.0,1.0
00010,1160972,1.0,USD,2020-07-15T00:00:00,2020-08-07T00:00:00,22144.5,22144.5,,0.0,0.0,0.0,0.0,37.0,37.0,15540.0,15540.0,,0.0,0.0,1.0,1.0
00010,1276380,1.0,USD,2021-01-26T00:00:00,2021-01-29T00:00:00,9576.0,9576.0,,0.0,0.0,0.0,0.0,16.0,16.0,6720.0,6720.0,,0.0,0.0,1.0,1.0
00010,1280914,1.0,USD,2021-02-02T00:00:00,2021-03-22T00:00:00,44289.0,44289.0,,0.0,0.0,0.0,0.0,74.0,74.0,25410.49,25410.49,,0.0,0.0,1.0,1.0
00010,1317106,1.0,USD,2021-04-01T00:00:00,2021-04-21T00:00:00,30523.5,30523.5,,0.0,0.0,0.0,0.0,51.0,51.0,22134.0,22134.0,,0.0,0.0,1.0,1.0
00010,1346028,1.0,USD,2021-05-18T00:00:00,2021-07-27T00:00:00,20048.0,20048.0,,0.0,0.0,0.0,0.0,32.0,32.0,13328.0,13328.0,,0.0,0.0,1.0,1.0
00010,1346030,1.0,USD,2021-05-18T00:00:00,2021-06-29T00:00:00,8144.5,8144.5,,0.0,0.0,0.0,0.0,13.0,13.0,5414.5,5414.5,,0.0,0.0,1.0,1.0
00010,1346500,1.0,USD,2021-05-19T00:00:00,2021-06-04T00:00:00,21301.0,21301.0,,0.0,0.0,0.0,0.0,34.0,34.0,14756.0,14756.0,,0.0,0.0,1.0,1.0
00010,1066703,1.0,USD,2020-01-23T00:00:00,2020-02-28T00:00:00,7560.0,7560.0,,0.0,0.0,0.0,0.0,12.0,12.0,4337.34,4337.34,,0.0,0.0,1.0,1.0
00010,1074110,1.0,USD,2020-02-06T00:00:00,2020-03-09T00:00:00,9114.0,9114.0,,0.0,0.0,0.0,0.0,12.0,12.0,4337.34,4337.34,,0.0,0.0,1.0,1.0
00010,1077752,1.0,USD,2020-02-13T00:00:00,2020-03-09T00:00:00,23310.0,23310.0,,0.0,0.0,0.0,0.0,37.0,37.0,13373.47,13373.47,,0.0,0.0,1.0,1.0
00010,1081276,1.0,USD,2020-02-20T00:00:00,2020-03-09T00:00:00,12152.0,12152.0,,0.0,0.0,0.0,0.0,16.0,16.0,5783.12,5783.12,,0.0,0.0,1.0,1.0
00010,1088199,1.0,USD,2020-03-04T00:00:00,2020-04-15T00:00:00,13860.0,13860.0,,0.0,0.0,0.0,0.0,22.0,22.0,7951.79,7951.79,,0.0,0.0,1.0,1.0
00010,1118129,1.0,USD,2020-04-30T00:00:00,2020-05-11T00:00:00,10080.0,10080.0,,0.0,0.0,0.0,0.0,16.0,16.0,5783.12,5783.12,,0.0,0.0,1.0,1.0
00010,1118130,1.0,USD,2020-04-30T00:00:00,2020-05-11T00:00:00,7560.0,7560.0,,0.0,0.0,0.0,0.0,12.0,12.0,4337.34,4337.34,,0.0,0.0,1.0,1.0
00010,1120363,1.0,USD,2020-05-04T00:00:00,2020-05-28T00:00:00,12152.0,12152.0,,0.0,0.0,0.0,0.0,16.0,16.0,5783.12,5783.12,,0.0,0.0,1.0,1.0
00010,1128046,1.0,USD,2020-05-18T00:00:00,2020-05-28T00:00:00,12152.0,12152.0,,0.0,0.0,0.0,0.0,16.0,16.0,5783.12,5783.12,,0.0,0.0,1.0,1.0
00010,1298895,1.0,USD,2021-03-03T00:00:00,2021-04-06T00:00:00,3797.5,3797.5,,0.0,0.0,0.0,0.0,5.0,5.0,2170.0,2170.0,,0.0,0.0,1.0,1.0
00010,1302601,1.0,USD,2021-03-09T00:00:00,2021-04-09T00:00:00,12152.0,12152.0,,0.0,0.0,0.0,0.0,16.0,16.0,6944.0,6944.0,,0.0,0.0,1.0,1.0
00010,1311495,1.0,USD,2021-03-23T00:00:00,2021-04-15T00:00:00,12152.0,12152.0,,0.0,0.0,0.0,0.0,16.0,16.0,6944.0,6944.0,,0.0,0.0,1.0,1.0
00010,1355971,1.0,USD,2021-06-03T00:00:00,2021-06-23T00:00:00,7644.0,7644.0,,0.0,0.0,0.0,0.0,8.0,8.0,3332.0,3332.0,,0.0,0.0,1.0,1.0
00010,1048028,1.0,USD,2019-12-18T00:00:00,2020-01-21T00:00:00,9114.0,9114.0,,0.0,0.0,0.0,0.0,12.0,12.0,4371.36,4371.36,,0.0,0.0,1.0,1.0
00010,1295701,1.0,USD,2021-02-26T00:00:00,2021-04-29T00:00:00,29440.19,29440.19,,0.0,0.0,0.0,0.0,23.0,23.0,28038.15,28038.15,,0.0,0.0,1.0,1.0
00010,1028630,1.0,USD,2019-11-11T00:00:00,2020-01-07T00:00:00,23112.0,23112.0,,0.0,0.0,0.0,0.0,16.0,16.0,15325.2,15325.2,,0.0,0.0,1.0,1.0
00010,1058805,1.0,USD,2020-01-08T00:00:00,2020-02-19T00:00:00,53284.0,53284.0,,0.0,0.0,0.0,0.0,7.0,7.0,29241.52,29241.52,,0.0,0.0,1.0,1.0
00010,1059839,1.0,USD,2020-01-10T00:00:00,2020-02-28T00:00:00,23112.0,23112.0,,0.0,0.0,0.0,0.0,16.0,16.0,15325.2,15325.2,,0.0,0.0,1.0,1.0
00010,1074622,1.0,USD,2020-02-07T00:00:00,2020-03-20T00:00:00,17334.0,17334.0,,0.0,0.0,0.0,0.0,12.0,12.0,11493.9,11493.9,,0.0,0.0,1.0,1.0
00010,1099167,1.0,USD,2020-03-25T00:00:00,2020-05-27T00:00:00,48807.0,48807.0,,0.0,0.0,0.0,0.0,29.0,29.0,32476.23,32476.23,,0.0,0.0,1.0,1.0
00010,1106025,1.0,USD,2020-04-07T00:00:00,2020-04-21T00:00:00,16830.0,16830.0,,0.0,0.0,0.0,0.0,3.0,3.0,14343.12,14343.12,,0.0,0.0,1.0,1.0
00010,1116979,1.0,USD,2020-04-28T00:00:00,2020-05-12T00:00:00,73464.0,73464.0,,0.0,0.0,0.0,0.0,60.0,60.0,24937.68,24937.68,,0.0,0.0,1.0,1.0
00010,1116997,1.0,USD,2020-04-28T00:00:00,2020-09-02T00:00:00,73464.0,73464.0,,0.0,0.0,0.0,0.0,60.0,60.0,24937.68,24937.68,,0.0,0.0,1.0,1.0
00010,1124858,1.0,USD,2020-05-12T00:00:00,2020-10-18T00:00:00,56322.4,56322.4,,0.0,0.0,0.0,0.0,46.0,46.0,19118.89,19118.89,,0.0,0.0,1.0,1.0
00010,1124859,1.0,USD,2020-05-12T00:00:00,2021-02-23T00:00:00,73464.0,73464.0,,0.0,0.0,0.0,0.0,60.0,60.0,10656.48,10656.48,,0.0,0.0,1.0,1.0
00010,1126025,1.0,USD,2020-05-14T00:00:00,2020-05-26T00:00:00,16830.0,16830.0,,0.0,0.0,0.0,0.0,3.0,3.0,14343.12,14343.12,,0.0,0.0,1.0,1.0
00010,1133720,1.0,USD,2020-05-28T00:00:00,2020-06-15T00:00:00,92664.0,92664.0,,0.0,0.0,0.0,0.0,18.0,18.0,73267.92,73267.92,,0.0,0.0,1.0,1.0
00010,1135966,1.0,USD,2020-06-01T00:00:00,2020-06-08T00:00:00,1784.0,1784.0,,0.0,0.0,0.0,0.0,5.0,5.0,922.74,922.74,,0.0,0.0,1.0,1.0
00010,1140871,1.0,USD,2020-06-10T00:00:00,2020-06-16T00:00:00,3429.0,3429.0,,0.0,0.0,0.0,0.0,3.0,3.0,3906.36,3906.36,,0.0,0.0,1.0,1.0
00010,1176389,1.0,USD,2020-08-11T00:00:00,2020-09-30T00:00:00,21667.5,21667.5,,0.0,0.0,0.0,0.0,15.0,15.0,17556.75,17556.75,,0.0,0.0,1.0,1.0
00010,1201320,1.0,USD,2020-09-24T00:00:00,2020-10-23T00:00:00,50490.0,50490.0,,0.0,0.0,0.0,0.0,30.0,30.0,42889.5,42889.5,,0.0,0.0,1.0,1.0
00010,1218106,1.0,USD,2020-10-23T00:00:00,2020-11-30T00:00:00,45672.0,45672.0,,0.0,0.0,0.0,0.0,6.0,6.0,33554.4,33554.4,,0.0,0.0,1.0,1.0
00010,1243454,1.0,USD,2020-12-04T00:00:00,2020-12-15T00:00:00,1420.8,1420.8,,0.0,0.0,0.0,0.0,6.0,6.0,90.67,90.67,,0.0,0.0,1.0,1.0
00010,1262399,1.0,USD,2021-01-04T00:00:00,2021-03-18T00:00:00,10098.0,10098.0,,0.0,0.0,0.0,0.0,6.0,6.0,8623.8,8623.8,,0.0,0.0,1.0,1.0
00010,1262483,1.0,USD,2021-01-04T00:00:00,2021-02-26T00:00:00,53284.0,53284.0,,0.0,0.0,0.0,0.0,7.0,7.0,41176.52,41176.52,,0.0,0.0,1.0,1.0
00010,1267001,1.0,USD,2021-01-11T00:00:00,2021-03-02T00:00:00,2140.8,2140.8,,0.0,0.0,0.0,0.0,6.0,6.0,857.06,857.06,,0.0,0.0,1.0,1.0
00010,1308309,1.0,USD,2021-03-18T00:00:00,2021-04-30T00:00:00,45672.0,45672.0,,0.0,0.0,0.0,0.0,6.0,6.0,36458.4,36458.4,,0.0,0.0,1.0,1.0
00010,1329240,1.0,USD,2021-04-21T00:00:00,2021-05-12T00:00:00,55902.0,55902.0,,0.0,0.0,0.0,0.0,7.0,7.0,42534.8,42534.8,,0.0,0.0,1.0,1.0
00010,1341025,1.0,USD,2021-05-10T00:00:00,2021-07-29T00:00:00,18225.0,18225.0,,0.0,0.0,0.0,0.0,10.0,10.0,11538.0,11538.0,,0.0,0.0,1.0,1.0
00010,1113601,1.0,USD,2020-04-22T00:00:00,2020-04-30T00:00:00,0.0,0.0,,0.0,0.0,0.0,0.0,2300.0,2300.0,4464.53,4464.53,,0.0,0.0,1.0,1.0
00010,1185456,1.0,USD,2020-08-27T00:00:00,2020-09-03T00:00:00,9683.0,9683.0,,0.0,0.0,0.0,0.0,2300.0,2300.0,4512.37,4512.37,,0.0,0.0,1.0,1.0
00010,1207533,1.0,USD,2020-10-05T00:00:00,2020-10-16T00:00:00,38732.0,38732.0,,0.0,0.0,0.0,0.0,9200.0,9200.0,10764.0,10764.0,,0.0,0.0,1.0,1.0
00010,1207534,1.0,USD,2020-10-05T00:00:00,2020-10-28T00:00:00,48415.0,48415.0,,0.0,0.0,0.0,0.0,11500.0,11500.0,13455.0,13455.0,,0.0,0.0,1.0,1.0
00010,1287029,1.0,USD,2021-02-12T00:00:00,2021-03-09T00:00:00,9890.0,9890.0,,0.0,0.0,0.0,0.0,2300.0,2300.0,2691.0,2691.0,,0.0,0.0,1.0,1.0
00010,1124291,1.0,USD,2020-05-11T00:00:00,2020-05-19T00:00:00,2163.0,2163.0,,0.0,0.0,0.0,0.0,3.0,3.0,1084.34,1084.34,,0.0,0.0,1.0,1.0
00010,1174166,1.0,USD,2020-08-07T00:00:00,2020-08-19T00:00:00,5768.0,5768.0,,0.0,0.0,0.0,0.0,8.0,8.0,3360.0,3360.0,,0.0,0.0,1.0,1.0
00010,1323898,1.0,USD,2021-04-12T00:00:00,2021-04-17T00:00:00,5768.0,5768.0,,0.0,0.0,0.0,0.0,8.0,8.0,3472.0,3472.0,,0.0,0.0,1.0,1.0
00010,1138048,1.0,USD,2020-06-05T00:00:00,2020-06-25T00:00:00,12152.0,12152.0,,0.0,0.0,0.0,0.0,16.0,16.0,6720.0,6720.0,,0.0,0.0,1.0,1.0
00010,1138251,1.0,USD,2020-06-05T00:00:00,2020-07-02T00:00:00,6624.18,6624.18,,0.0,0.0,0.0,0.0,2538.0,2538.0,4568.4,4568.4,,0.0,0.0,1.0,1.0
00010,1160974,1.0,USD,2020-07-15T00:00:00,2020-08-14T00:00:00,35910.0,35910.0,,0.0,0.0,0.0,0.0,60.0,60.0,25200.0,25200.0,,0.0,0.0,1.0,1.0
00010,1203562,1.0,USD,2020-09-28T00:00:00,2020-10-05T00:00:00,5047.0,5047.0,,0.0,0.0,0.0,0.0,7.0,7.0,2940.0,2940.0,,0.0,0.0,1.0,1.0
00010,1107567,1.0,USD,2020-04-10T00:00:00,2020-05-22T00:00:00,23112.0,23112.0,,0.0,0.0,0.0,0.0,16.0,16.0,15325.2,15325.2,,0.0,0.0,1.0,1.0
00010,1204281,1.0,USD,2020-09-29T00:00:00,2020-10-08T00:00:00,2140.8,2140.8,,0.0,0.0,0.0,0.0,6.0,6.0,1107.29,1107.29,,0.0,0.0,1.0,1.0
00010,1011881,1.0,USD,2019-10-08T00:00:00,2020-01-31T00:00:00,51443.1,51443.1,,0.0,0.0,0.0,0.0,19710.0,19710.0,28699.73,28699.73,,0.0,0.0,1.0,1.0
00010,1044493,1.0,USD,2019-12-11T00:00:00,2020-03-31T00:00:00,36080.64,36080.64,,0.0,0.0,0.0,0.0,13824.0,13824.0,20129.13,20129.13,,0.0,0.0,1.0,1.0
00010,1070943,1.0,USD,2020-01-31T00:00:00,2020-03-31T00:00:00,7378.56,7378.56,,0.0,0.0,0.0,0.0,2016.0,2016.0,5725.84,5725.84,,0.0,0.0,1.0,1.0
00010,1070956,1.0,USD,2020-01-31T00:00:00,2020-01-31T00:00:00,39528.0,39528.0,,0.0,0.0,0.0,0.0,10800.0,10800.0,30674.16,30674.16,,0.0,0.0,1.0,1.0
00010,1070958,1.0,USD,2020-01-31T00:00:00,2020-01-31T00:00:00,19528.2,19528.2,,0.0,0.0,0.0,0.0,6852.0,6852.0,10598.67,10598.67,,0.0,0.0,1.0,1.0
00010,1085654,1.0,USD,2020-02-28T00:00:00,2020-02-28T00:00:00,16848.0,16848.0,,0.0,0.0,0.0,0.0,4320.0,4320.0,14040.0,14040.0,,0.0,0.0,1.0,1.0
00010,1225645,1.0,USD,2020-11-04T00:00:00,2020-12-09T00:00:00,6939.0,6939.0,,0.0,0.0,0.0,0.0,6.0,6.0,300.61,300.61,,0.0,0.0,1.0,1.0
00010,1323954,1.0,USD,2021-04-12T00:00:00,2021-04-30T00:00:00,6939.0,6939.0,,0.0,0.0,0.0,0.0,6.0,6.0,4674.46,4674.46,,0.0,0.0,1.0,1.0
00010,1085211,1.0,USD,2020-02-27T00:00:00,2020-03-12T00:00:00,2163.0,2163.0,,0.0,0.0,0.0,0.0,3.0,3.0,1084.34,1084.34,,0.0,0.0,1.0,1.0
00010,1092025,1.0,USD,2020-03-11T00:00:00,2020-03-19T00:00:00,2163.0,2163.0,,0.0,0.0,0.0,0.0,3.0,3.0,1084.34,1084.34,,0.0,0.0,1.0,1.0
00010,1122031,1.0,USD,2020-05-07T00:00:00,2020-06-04T00:00:00,14364.0,14364.0,,0.0,0.0,0.0,0.0,24.0,24.0,8674.68,8674.68,,0.0,0.0,1.0,1.0
00010,1148939,1.0,USD,2020-06-24T00:00:00,2020-07-13T00:00:00,9576.0,9576.0,,0.0,0.0,0.0,0.0,16.0,16.0,6720.0,6720.0,,0.0,0.0,1.0,1.0
00010,1136894,1.0,USD,2020-06-03T00:00:00,2020-06-15T00:00:00,12152.0,12152.0,,0.0,0.0,0.0,0.0,16.0,16.0,5783.12,5783.12,,0.0,0.0,1.0,1.0
00010,1156768,1.0,USD,2020-07-08T00:00:00,2020-07-28T00:00:00,12152.0,12152.0,,0.0,0.0,0.0,0.0,16.0,16.0,6720.0,6720.0,,0.0,0.0,1.0,1.0
00010,1285108,1.0,USD,2021-02-09T00:00:00,2021-03-02T00:00:00,12152.0,12152.0,,0.0,0.0,0.0,0.0,16.0,16.0,6720.0,6720.0,,0.0,0.0,1.0,1.0
00010,1087257,1.0,USD,2020-03-02T00:00:00,2020-03-31T00:00:00,2961.0,2961.0,,0.0,0.0,0.0,0.0,3.0,3.0,1084.34,1084.34,,0.0,0.0,1.0,1.0
00010,1105994,1.0,USD,2020-04-07T00:00:00,2020-05-06T00:00:00,7560.0,7560.0,,0.0,0.0,0.0,0.0,12.0,12.0,4337.34,4337.34,,0.0,0.0,1.0,1.0
00010,1118128,1.0,USD,2020-04-30T00:00:00,2020-05-04T00:00:00,15120.0,15120.0,,0.0,0.0,0.0,0.0,24.0,24.0,8674.68,8674.68,,0.0,0.0,1.0,1.0
00010,1122032,1.0,USD,2020-05-07T00:00:00,2020-06-30T00:00:00,9576.0,9576.0,,0.0,0.0,0.0,0.0,16.0,16.0,6720.0,6720.0,,0.0,0.0,1.0,1.0
00010,1146221,1.0,USD,2020-06-19T00:00:00,2020-07-16T00:00:00,12152.0,12152.0,,0.0,0.0,0.0,0.0,16.0,16.0,6720.0,6720.0,,0.0,0.0,1.0,1.0
00010,1149000,1.0,USD,2020-06-24T00:00:00,2020-07-17T00:00:00,16758.0,16758.0,,0.0,0.0,0.0,0.0,28.0,28.0,11760.0,11760.0,,0.0,0.0,1.0,1.0
00010,1164462,1.0,USD,2020-07-21T00:00:00,2020-08-05T00:00:00,12152.0,12152.0,,0.0,0.0,0.0,0.0,16.0,16.0,6720.0,6720.0,,0.0,0.0,1.0,1.0
00010,1275739,1.0,USD,2021-01-25T00:00:00,2021-02-10T00:00:00,12152.0,12152.0,,0.0,0.0,0.0,0.0,16.0,16.0,6720.0,6720.0,,0.0,0.0,1.0,1.0
00010,1315015,1.0,USD,2021-03-29T00:00:00,2021-04-21T00:00:00,18987.5,18987.5,,0.0,0.0,0.0,0.0,25.0,25.0,10850.0,10850.0,,0.0,0.0,1.0,1.0
00010,1308419,1.0,USD,2021-03-18T00:00:00,2021-06-08T00:00:00,1420.8,1420.8,,0.0,0.0,0.0,0.0,6.0,6.0,666.34,666.34,,0.0,0.0,1.0,1.0
00010,1330332,1.0,USD,2021-04-23T00:00:00,2021-05-26T00:00:00,14976.0,14976.0,,0.0,0.0,0.0,0.0,8.0,8.0,9450.0,9450.0,,0.0,0.0,1.0,1.0
00010,1059828,1.0,USD,2020-01-10T00:00:00,2020-03-03T00:00:00,13032.0,13032.0,,0.0,0.0,0.0,0.0,8.0,8.0,7662.6,7662.6,,0.0,0.0,1.0,1.0
00010,1060005,1.0,USD,2020-01-10T00:00:00,2020-03-05T00:00:00,28611.0,28611.0,,0.0,0.0,0.0,0.0,17.0,17.0,19037.79,19037.79,,0.0,0.0,1.0,1.0
00010,1072490,1.0,USD,2020-02-03T00:00:00,2020-02-12T00:00:00,2497.6,2497.6,,0.0,0.0,0.0,0.0,7.0,7.0,1291.84,1291.84,,0.0,0.0,1.0,1.0
00010,1074623,1.0,USD,2020-02-07T00:00:00,2020-04-23T00:00:00,23112.0,23112.0,,0.0,0.0,0.0,0.0,16.0,16.0,15325.2,15325.2,,0.0,0.0,1.0,1.0
00010,1077128,1.0,USD,2020-02-12T00:00:00,2020-02-19T00:00:00,16830.0,16830.0,,0.0,0.0,0.0,0.0,3.0,3.0,14343.12,14343.12,,0.0,0.0,1.0,1.0
00010,1080880,1.0,USD,2020-02-19T00:00:00,2020-02-21T00:00:00,38060.0,38060.0,,0.0,0.0,0.0,0.0,5.0,5.0,20886.8,20886.8,,0.0,0.0,1.0,1.0
00010,1091265,1.0,USD,2020-03-10T00:00:00,2020-03-12T00:00:00,16830.0,16830.0,,0.0,0.0,0.0,0.0,3.0,3.0,14343.12,14343.12,,0.0,0.0,1.0,1.0
00010,1102860,1.0,USD,2020-04-01T00:00:00,2020-04-10T00:00:00,53284.0,53284.0,,0.0,0.0,0.0,0.0,7.0,7.0,37884.0,37884.0,,0.0,0.0,1.0,1.0
00010,1118199,1.0,USD,2020-04-30T00:00:00,2020-06-17T00:00:00,23112.0,23112.0,,0.0,0.0,0.0,0.0,16.0,16.0,15325.2,15325.2,,0.0,0.0,1.0,1.0
00010,1132589,1.0,USD,2020-05-26T00:00:00,2020-06-09T00:00:00,16830.0,16830.0,,0.0,0.0,0.0,0.0,3.0,3.0,14343.12,14343.12,,0.0,0.0,1.0,1.0
00010,1157400,1.0,USD,2020-07-09T00:00:00,2020-07-22T00:00:00,87516.0,87516.0,,0.0,0.0,0.0,0.0,17.0,17.0,80065.92,80065.92,,0.0,0.0,1.0,1.0
00010,1160999,1.0,USD,2020-07-15T00:00:00,2020-09-02T00:00:00,23112.0,23112.0,,0.0,0.0,0.0,0.0,16.0,16.0,18727.2,18727.2,,0.0,0.0,1.0,1.0
00010,1164334,1.0,USD,2020-07-21T00:00:00,2020-07-30T00:00:00,2140.8,2140.8,,0.0,0.0,0.0,0.0,6.0,6.0,1107.29,1107.29,,0.0,0.0,1.0,1.0
00010,1164973,1.0,USD,2020-07-22T00:00:00,2020-07-31T00:00:00,50490.0,50490.0,,0.0,0.0,0.0,0.0,30.0,30.0,42889.5,42889.5,,0.0,0.0,1.0,1.0
00010,1190097,1.0,USD,2020-09-04T00:00:00,2020-10-21T00:00:00,23112.0,23112.0,,0.0,0.0,0.0,0.0,16.0,16.0,18727.2,18727.2,,0.0,0.0,1.0,1.0
00010,1200111,1.0,USD,2020-09-22T00:00:00,2020-10-12T00:00:00,53284.0,53284.0,,0.0,0.0,0.0,0.0,7.0,7.0,39146.8,39146.8,,0.0,0.0,1.0,1.0
00010,1209361,1.0,USD,2020-10-08T00:00:00,2020-11-04T00:00:00,21667.5,21667.5,,0.0,0.0,0.0,0.0,15.0,15.0,17556.75,17556.75,,0.0,0.0,1.0,1.0
00010,1214134,1.0,USD,2020-10-16T00:00:00,2020-10-22T00:00:00,5575.5,5575.5,,0.0,0.0,0.0,0.0,3.0,3.0,3511.35,3511.35,,0.0,0.0,1.0,1.0
00010,1247066,1.0,USD,2020-12-10T00:00:00,2021-02-02T00:00:00,22836.0,22836.0,,0.0,0.0,0.0,0.0,3.0,3.0,17647.08,17647.08,,0.0,0.0,1.0,1.0
00010,1265177,1.0,USD,2021-01-08T00:00:00,2021-01-12T00:00:00,1830.43,1830.43,,0.0,0.0,0.0,0.0,331.0,331.0,32.21,32.21,,0.0,0.0,1.0,1.0
00010,1267542,1.0,USD,2021-01-12T00:00:00,2021-01-21T00:00:00,17334.0,17334.0,,0.0,0.0,0.0,0.0,12.0,12.0,13845.6,13845.6,,0.0,0.0,1.0,1.0
00010,1280224,1.0,USD,2021-02-01T00:00:00,2021-03-30T00:00:00,23112.0,23112.0,,0.0,0.0,0.0,0.0,16.0,16.0,18460.8,18460.8,,0.0,0.0,1.0,1.0
00010,1295935,1.0,USD,2021-02-26T00:00:00,2021-04-08T00:00:00,53284.0,53284.0,,0.0,0.0,0.0,0.0,7.0,7.0,42534.8,42534.8,,0.0,0.0,1.0,1.0
00010,1295936,1.0,USD,2021-02-26T00:00:00,2021-04-23T00:00:00,38060.0,38060.0,,0.0,0.0,0.0,0.0,5.0,5.0,30382.0,30382.0,,0.0,0.0,1.0,1.0
00010,1312725,1.0,USD,2021-03-25T00:00:00,2021-04-21T00:00:00,13032.0,13032.0,,0.0,0.0,0.0,0.0,8.0,8.0,9230.4,9230.4,,0.0,0.0,1.0,1.0
00010,1320220,1.0,USD,2021-04-06T00:00:00,2021-05-05T00:00:00,4333.5,4333.5,,0.0,0.0,0.0,0.0,3.0,3.0,3461.4,3461.4,,0.0,0.0,1.0,1.0
00010,1345385,1.0,USD,2021-05-17T00:00:00,2021-07-12T00:00:00,11232.0,11232.0,,0.0,0.0,0.0,0.0,6.0,6.0,7087.5,7087.5,,0.0,0.0,1.0,1.0
00010,1350933,1.0,USD,2021-05-26T00:00:00,2021-05-28T00:00:00,136.35,136.35,,0.0,0.0,0.0,0.0,27.0,27.0,86.24,86.24,,0.0,0.0,1.0,1.0
00010,1356500,1.0,USD,2021-06-04T00:00:00,2021-06-25T00:00:00,2854.4,2854.4,,0.0,0.0,0.0,0.0,8.0,8.0,888.45,888.45,,0.0,0.0,1.0,1.0
00010,1369688,1.0,USD,2021-06-25T00:00:00,2021-06-29T00:00:00,638.0,638.0,,0.0,0.0,0.0,0.0,145.0,145.0,521.17,521.17,,0.0,0.0,1.0,1.0
00010,1177018,1.0,USD,2020-08-12T00:00:00,2020-08-18T00:00:00,61200.0,61200.0,,0.0,0.0,0.0,0.0,6.0,6.0,28251.36,28251.36,,0.0,0.0,1.0,1.0
00010,1050689,1.0,USD,2019-12-23T00:00:00,2020-01-30T00:00:00,52951.5,52951.5,,0.0,0.0,0.0,0.0,18450.0,18450.0,33324.39,33324.39,,0.0,0.0,1.0,1.0
00010,1055688,1.0,USD,2020-01-02T00:00:00,2020-03-10T00:00:00,51660.0,51660.0,,0.0,0.0,0.0,0.0,40.0,40.0,32511.6,32511.6,,0.0,0.0,1.0,1.0
00010,1099875,1.0,USD,2020-03-26T00:00:00,2020-05-26T00:00:00,15362.34,15362.34,,0.0,0.0,0.0,0.0,6.0,6.0,10309.44,10309.44,,0.0,0.0,1.0,1.0
00010,1133676,1.0,USD,2020-05-28T00:00:00,2020-06-23T00:00:00,9355.5,9355.5,,0.0,0.0,0.0,0.0,11.0,11.0,4620.0,4620.0,,0.0,0.0,1.0,1.0
00010,1167683,1.0,USD,2020-07-27T00:00:00,2020-08-14T00:00:00,9355.5,9355.5,,0.0,0.0,0.0,0.0,11.0,11.0,4620.0,4620.0,,0.0,0.0,1.0,1.0
00010,1184298,1.0,USD,2020-08-25T00:00:00,2020-09-03T00:00:00,20483.12,20483.12,,0.0,0.0,0.0,0.0,8.0,8.0,13745.91,13745.91,,0.0,0.0,1.0,1.0
00010,1222423,1.0,USD,2020-10-30T00:00:00,2021-02-08T00:00:00,14085.0,14085.0,,0.0,0.0,0.0,0.0,10.0,10.0,9490.5,9490.5,,0.0,0.0,1.0,1.0
00010,1229213,1.0,USD,2020-11-10T00:00:00,2021-02-08T00:00:00,15498.0,15498.0,,0.0,0.0,0.0,0.0,12.0,12.0,11388.6,11388.6,,0.0,0.0,1.0,1.0
00010,1241586,1.0,USD,2020-12-01T00:00:00,2021-03-02T00:00:00,20483.12,20483.12,,0.0,0.0,0.0,0.0,8.0,8.0,12060.22,12060.22,,0.0,0.0,1.0,1.0
00010,1284522,1.0,USD,2021-02-08T00:00:00,2021-04-15T00:00:00,9355.5,9355.5,,0.0,0.0,0.0,0.0,11.0,11.0,4774.0,4774.0,,0.0,0.0,1.0,1.0
00010,1320837,1.0,USD,2021-04-07T00:00:00,2021-05-14T00:00:00,20483.12,20483.12,,0.0,0.0,0.0,0.0,8.0,8.0,12074.67,12074.67,,0.0,0.0,1.0,1.0
00010,1342895,1.0,USD,2021-05-13T00:00:00,2021-06-28T00:00:00,15362.34,15362.34,,0.0,0.0,0.0,0.0,6.0,6.0,6919.72,6919.72,,0.0,0.0,1.0,1.0
00010,1298927,1.0,USD,2021-03-03T00:00:00,2021-05-28T00:00:00,15984.0,15984.0,,0.0,0.0,0.0,0.0,8.0,8.0,12085.2,12085.2,,0.0,0.0,1.0,1.0
00010,1298929,1.0,USD,2021-03-03T00:00:00,2021-05-28T00:00:00,7650.0,7650.0,,0.0,0.0,0.0,0.0,5.0,5.0,4745.25,4745.25,,0.0,0.0,1.0,1.0
00010,1058343,1.0,USD,2020-01-07T00:00:00,2020-02-06T00:00:00,51660.0,51660.0,,0.0,0.0,0.0,0.0,40.0,40.0,32511.6,32511.6,,0.0,0.0,1.0,1.0
00010,1088769,1.0,USD,2020-03-05T00:00:00,2020-03-31T00:00:00,5103.0,5103.0,,0.0,0.0,0.0,0.0,6.0,6.0,2168.67,2168.67,,0.0,0.0,1.0,1.0
00010,1138171,1.0,USD,2020-06-05T00:00:00,2020-08-07T00:00:00,33579.0,33579.0,,0.0,0.0,0.0,0.0,26.0,26.0,21132.54,21132.54,,0.0,0.0,1.0,1.0
00010,1286489,1.0,USD,2021-02-11T00:00:00,2021-04-15T00:00:00,27121.5,27121.5,,0.0,0.0,0.0,0.0,21.0,21.0,19930.05,19930.05,,0.0,0.0,1.0,1.0
00010,1084611,1.0,USD,2020-02-26T00:00:00,2020-04-16T00:00:00,27054.0,27054.0,,0.0,0.0,0.0,0.0,18.0,18.0,20157.66,20157.66,,0.0,0.0,1.0,1.0
00010,1135918,1.0,USD,2020-06-01T00:00:00,2020-06-16T00:00:00,102212.0,102212.0,,0.0,0.0,0.0,0.0,44440.0,44440.0,78449.93,78449.93,,0.0,0.0,1.0,1.0
00010,1152313,1.0,USD,2020-06-30T00:00:00,2020-07-21T00:00:00,95818.0,95818.0,,0.0,0.0,0.0,0.0,41660.0,41660.0,85648.79,85648.79,,0.0,0.0,1.0,1.0
00010,1103453,1.0,USD,2020-04-02T00:00:00,2020-04-13T00:00:00,6489.85,6489.85,,0.0,0.0,0.0,0.0,10.0,10.0,6180.75,6180.75,,0.0,0.0,1.0,1.0
00010,1231316,1.0,USD,2020-11-13T00:00:00,2020-12-03T00:00:00,69756.94,69756.94,,0.0,0.0,0.0,0.0,7.0,7.0,66435.33,66435.33,,0.0,0.0,1.0,1.0
00010,1272075,1.0,USD,2021-01-19T00:00:00,2021-01-22T00:00:00,2825.55,2825.55,,0.0,0.0,0.0,0.0,2300.0,2300.0,2691.0,2691.0,,0.0,0.0,1.0,1.0
00010,1300137,1.0,USD,2021-03-05T00:00:00,2021-03-16T00:00:00,4748.72,4748.72,,0.0,0.0,0.0,0.0,3.0,3.0,4522.58,4522.58,,0.0,0.0,1.0,1.0
00010,1315823,1.0,USD,2021-03-30T00:00:00,2021-04-13T00:00:00,25696.51,25696.51,,0.0,0.0,0.0,0.0,16.0,16.0,24472.8,24472.8,,0.0,0.0,1.0,1.0
00010,1317530,1.0,USD,2021-04-02T00:00:00,2021-04-16T00:00:00,12859.59,12859.59,,0.0,0.0,0.0,0.0,12.0,12.0,12247.2,12247.2,,0.0,0.0,1.0,1.0
00010,1354596,1.0,USD,2021-06-01T00:00:00,2021-07-08T00:00:00,8476.65,8476.65,,0.0,0.0,0.0,0.0,3.0,3.0,8073.0,8073.0,,0.0,0.0,1.0,1.0
00010,1273236,1.0,USD,2021-06-02T00:00:00,2021-05-28T00:00:00,-12847.76,-12847.76,,0.0,0.0,0.0,0.0,-1.0,-1.0,-3.4,-3.4,,0.0,0.0,1.0,1.0
00010,1354550,1.0,USD,2021-06-01T00:00:00,2021-05-28T00:00:00,-225.75,-225.75,,0.0,0.0,0.0,0.0,-1.0,-1.0,-7.49,-7.49,,0.0,0.0,1.0,1.0
00010,1444775,1.0,USD,2021-11-23T00:00:00,2021-11-23T00:00:00,-9540.0,-9540.0,,0.0,0.0,0.0,0.0,-1.0,-1.0,-3.7,-3.7,,0.0,0.0,1.0,1.0
00010,1065774,1.0,USD,2020-01-21T00:00:00,2020-04-08T00:00:00,10521.0,10521.0,,0.0,0.0,0.0,0.0,7.0,7.0,7839.09,7839.09,,0.0,0.0,1.0,1.0
00010,1096358,1.0,USD,2020-03-19T00:00:00,2020-04-22T00:00:00,102810.0,102810.0,,0.0,0.0,0.0,0.0,44700.0,44700.0,72905.7,72905.7,,0.0,0.0,1.0,1.0
00010,1145564,1.0,USD,2020-06-18T00:00:00,2020-06-30T00:00:00,103500.0,103500.0,,0.0,0.0,0.0,0.0,45000.0,45000.0,79438.5,79438.5,,0.0,0.0,1.0,1.0
00010,1146209,1.0,USD,2020-06-19T00:00:00,2020-07-10T00:00:00,57592.0,57592.0,,0.0,0.0,0.0,0.0,25040.0,25040.0,51479.74,51479.74,,0.0,0.0,1.0,1.0
00010,1174260,1.0,USD,2020-08-07T00:00:00,2020-08-21T00:00:00,1222.2,1222.2,,0.0,0.0,0.0,0.0,7.0,7.0,287.18,287.18,,0.0,0.0,1.0,1.0
00010,1311965,1.0,USD,2021-03-24T00:00:00,2021-04-14T00:00:00,99590.0,99590.0,,0.0,0.0,0.0,0.0,43300.0,43300.0,88344.99,88344.99,,0.0,0.0,1.0,1.0
00010,1321996,1.0,USD,2021-04-09T00:00:00,2021-05-19T00:00:00,110642.4,110642.4,,0.0,0.0,0.0,0.0,45720.0,45720.0,95842.84,95842.84,,0.0,0.0,1.0,1.0
00010,1343428,1.0,USD,2021-05-14T00:00:00,2021-06-22T00:00:00,110110.0,110110.0,,0.0,0.0,0.0,0.0,45500.0,45500.0,95418.05,95418.05,,0.0,0.0,1.0,1.0
00010,1352173,1.0,USD,2021-05-28T00:00:00,2021-06-30T00:00:00,108270.8,108270.8,,0.0,0.0,0.0,0.0,44740.0,44740.0,93819.78,93819.78,,0.0,0.0,1.0,1.0
00010,1356498,1.0,USD,2021-06-04T00:00:00,2021-07-13T00:00:00,105947.6,105947.6,,0.0,0.0,0.0,0.0,43780.0,43780.0,91806.66,91806.66,,0.0,0.0,1.0,1.0
00010,1151787,1.0,USD,2020-06-29T00:00:00,2020-08-21T00:00:00,19706.24,19706.24,,0.0,0.0,0.0,0.0,18.0,18.0,18767.7,18767.7,,0.0,0.0,1.0,1.0
00010,1268285,1.0,USD,2021-01-13T00:00:00,2021-01-20T00:00:00,12848.18,12848.18,,0.0,0.0,0.0,0.0,8.0,8.0,12236.4,12236.4,,0.0,0.0,1.0,1.0
00010,1273236,1.0,USD,2021-01-21T00:00:00,2021-01-28T00:00:00,20878.29,20878.29,,0.0,0.0,0.0,0.0,13.0,13.0,19884.15,19884.15,,0.0,0.0,1.0,1.0
00010,1339139,1.0,USD,2021-05-07T00:00:00,2021-05-14T00:00:00,8476.65,8476.65,,0.0,0.0,0.0,0.0,6900.0,6900.0,8073.0,8073.0,,0.0,0.0,1.0,1.0
00010,1354595,1.0,USD,2021-06-01T00:00:00,2021-07-08T00:00:00,5651.1,5651.1,,0.0,0.0,0.0,0.0,4600.0,4600.0,5382.0,5382.0,,0.0,0.0,1.0,1.0
00010,1354597,1.0,USD,2021-06-01T00:00:00,2021-07-14T00:00:00,8476.65,8476.65,,0.0,0.0,0.0,0.0,3.0,3.0,8073.0,8073.0,,0.0,0.0,1.0,1.0
00010,1201307,1.0,USD,2020-09-24T00:00:00,2020-09-30T00:00:00,2136.38,2136.38,,0.0,0.0,0.0,0.0,22.0,22.0,2034.65,2034.65,,0.0,0.0,1.0,1.0
00010,1204660,1.0,USD,2020-09-30T00:00:00,2020-11-30T00:00:00,14787.42,14787.42,,0.0,0.0,0.0,0.0,12.0,12.0,14083.2,14083.2,,0.0,0.0,1.0,1.0
00010,1240996,1.0,USD,2020-11-30T00:00:00,2021-02-08T00:00:00,28160.18,28160.18,,0.0,0.0,0.0,0.0,22.0,22.0,26819.1,26819.1,,0.0,0.0,1.0,1.0
00010,1233532,1.0,USD,2020-11-18T00:00:00,2021-03-30T00:00:00,42084.0,42084.0,,0.0,0.0,0.0,0.0,28.0,28.0,40244.4,40244.4,,0.0,0.0,1.0,1.0
00010,1384848,1.0,USD,2021-07-27T00:00:00,2021-07-27T00:00:00,-1287.0,-1287.0,,0.0,0.0,0.0,0.0,-1.0,-1.0,-2.11,-2.11,,0.0,0.0,1.0,1.0
00010,1722,1.0,USD,2020-11-17T00:00:00,2021-01-29T00:00:00,-5047.0,-5047.0,,0.0,0.0,0.0,0.0,-7.0,-7.0,-2940.0,-2940.0,,0.0,0.0,1.0,1.0
00010,1734,1.0,USD,2020-12-15T00:00:00,2020-12-28T00:00:00,-854.0,-854.0,,0.0,0.0,0.0,0.0,-200.0,-200.0,-437.84,-437.84,,0.0,0.0,1.0,1.0
00010,1368907,1.0,USD,2021-06-24T00:00:00,2021-08-19T00:00:00,117774.0,117774.0,,0.0,0.0,0.0,0.0,43620.0,43620.0,91471.14,91471.14,,0.0,0.0,1.0,1.0
00010,1408478,1.0,USD,2021-08-24T00:00:00,2021-09-13T00:00:00,120150.0,120150.0,,0.0,0.0,0.0,0.0,44500.0,44500.0,100298.55,100298.55,,0.0,0.0,1.0,1.0
00010,1443954,1.0,USD,2021-10-13T00:00:00,2021-11-04T00:00:00,123516.0,123516.0,,0.0,0.0,0.0,0.0,43800.0,43800.0,101664.18,101664.18,,0.0,0.0,1.0,1.0
00010,1458979,1.0,USD,2021-11-03T00:00:00,2021-11-17T00:00:00,30060.0,30060.0,,0.0,0.0,0.0,0.0,20.0,20.0,33300.0,33300.0,,0.0,0.0,1.0,1.0
00010,1515591,1.0,USD,2022-01-21T00:00:00,2022-02-10T00:00:00,146563.2,146563.2,,0.0,0.0,0.0,0.0,43620.0,43620.0,101337.98,101337.98,,0.0,0.0,1.0,1.0
00010,1537185,1.0,USD,2022-02-22T00:00:00,2022-03-22T00:00:00,138450.0,138450.0,,0.0,0.0,0.0,0.0,35500.0,35500.0,107707.0,107707.0,,0.0,0.0,1.0,1.0
00010,1303228,1.0,USD,2021-03-10T00:00:00,2021-11-23T00:00:00,103199.29,103199.29,,0.0,0.0,0.0,0.0,8.0,8.0,107977.97,107977.97,,0.0,0.0,1.0,1.0
00010,1396131,1.0,USD,2021-08-06T00:00:00,2021-11-16T00:00:00,4265.35,4265.35,,0.0,0.0,0.0,0.0,3.0,3.0,4062.27,4062.27,,0.0,0.0,1.0,1.0
00010,1403546,1.0,USD,2021-08-17T00:00:00,2021-08-26T00:00:00,117.6,117.6,,0.0,0.0,0.0,0.0,40.0,40.0,112.0,112.0,,0.0,0.0,1.0,1.0
00010,1404832,1.0,USD,2021-08-19T00:00:00,2021-10-11T00:00:00,28160.18,28160.18,,0.0,0.0,0.0,0.0,22.0,22.0,26819.1,26819.1,,0.0,0.0,1.0,1.0
00010,1423520,1.0,USD,2021-09-14T00:00:00,2021-11-29T00:00:00,155894.16,155894.16,,0.0,0.0,0.0,0.0,11.0,11.0,148469.71,148469.71,,0.0,0.0,1.0,1.0
00010,1423521,1.0,USD,2021-09-14T00:00:00,2022-03-03T00:00:00,128097.49,128097.49,,0.0,0.0,0.0,0.0,9.0,9.0,121997.14,121997.14,,0.0,0.0,1.0,1.0
00010,1423522,1.0,USD,2021-09-14T00:00:00,2022-06-02T00:00:00,239248.01,239248.01,,0.0,0.0,0.0,0.0,15.0,15.0,227853.68,227853.68,,0.0,0.0,1.0,1.0
00010,1432450,1.0,USD,2021-09-27T00:00:00,2021-12-15T00:00:00,43658.65,43658.65,,0.0,0.0,0.0,0.0,35.0,35.0,41580.0,41580.0,,0.0,0.0,1.0,1.0
00010,1434029,1.0,USD,2021-09-29T00:00:00,2022-01-05T00:00:00,13542.19,13542.19,,0.0,0.0,0.0,0.0,8.0,8.0,12897.33,12897.33,,0.0,0.0,1.0,1.0
00010,1434045,1.0,USD,2021-09-29T00:00:00,2022-02-09T00:00:00,5078.6,5078.6,,0.0,0.0,0.0,0.0,3.0,3.0,4836.78,4836.78,,0.0,0.0,1.0,1.0
00010,1438244,1.0,USD,2021-10-05T00:00:00,2021-10-11T00:00:00,38699.73,38699.73,,0.0,0.0,0.0,0.0,3.0,3.0,36856.8,36856.8,,0.0,0.0,1.0,1.0
00010,1478453,1.0,USD,2021-11-30T00:00:00,2021-12-29T00:00:00,42516.59,42516.59,,0.0,0.0,0.0,0.0,3.0,3.0,40491.74,40491.74,,0.0,0.0,1.0,1.0
00010,1489887,1.0,USD,2021-12-16T00:00:00,2022-02-09T00:00:00,5078.6,5078.6,,0.0,0.0,0.0,0.0,3.0,3.0,4836.78,4836.78,,0.0,0.0,1.0,1.0
00010,1513992,1.0,USD,2022-01-19T00:00:00,2022-05-04T00:00:00,107427.6,107427.6,,0.0,0.0,0.0,0.0,7.0,7.0,114882.71,114882.71,,0.0,0.0,1.0,1.0
00010,1519636,1.0,USD,2022-01-27T00:00:00,2022-04-20T00:00:00,33679.53,33679.53,,0.0,0.0,0.0,0.0,27.0,27.0,32076.0,32076.0,,0.0,0.0,1.0,1.0
00010,1528417,1.0,USD,2022-02-09T00:00:00,2022-02-18T00:00:00,9257.19,9257.19,,0.0,0.0,0.0,0.0,8.0,8.0,8816.4,8816.4,,0.0,0.0,1.0,1.0
00010,1529954,1.0,USD,2022-02-11T00:00:00,2022-04-28T00:00:00,9162.12,9162.12,,0.0,0.0,0.0,0.0,3.0,3.0,9389.78,9389.78,,0.0,0.0,1.0,1.0
00010,1543210,1.0,USD,2022-03-03T00:00:00,2022-05-04T00:00:00,46040.4,46040.4,,0.0,0.0,0.0,0.0,3.0,3.0,49235.45,49235.45,,0.0,0.0,1.0,1.0
00010,1547132,1.0,USD,2022-03-09T00:00:00,2022-03-14T00:00:00,10274.09,10274.09,,0.0,0.0,0.0,0.0,8.0,8.0,9784.8,9784.8,,0.0,0.0,1.0,1.0
00010,1550478,1.0,USD,2022-03-14T00:00:00,2022-06-09T00:00:00,3852.77,3852.77,,0.0,0.0,0.0,0.0,3.0,3.0,3669.3,3669.3,,0.0,0.0,1.0,1.0
00010,1579077,1.0,USD,2022-04-25T00:00:00,2022-05-13T00:00:00,17979.66,17979.66,,0.0,0.0,0.0,0.0,14.0,14.0,17123.4,17123.4,,0.0,0.0,1.0,1.0
00010,1596267,1.0,USD,2022-05-18T00:00:00,2022-06-07T00:00:00,2647.14,2647.14,,0.0,0.0,0.0,0.0,8.0,8.0,2343.81,2343.81,,0.0,0.0,1.0,1.0
00010,1597046,1.0,USD,2022-05-19T00:00:00,2022-05-27T00:00:00,7705.57,7705.57,,0.0,0.0,0.0,0.0,6.0,6.0,7338.6,7338.6,,0.0,0.0,1.0,1.0
00010,1603287,1.0,USD,2022-05-27T00:00:00,2022-06-03T00:00:00,14126.88,14126.88,,0.0,0.0,0.0,0.0,11.0,11.0,13454.1,13454.1,,0.0,0.0,1.0,1.0
00010,1607108,1.0,USD,2022-06-01T00:00:00,2022-08-02T00:00:00,57599.76,57599.76,,0.0,0.0,0.0,0.0,35.0,35.0,60291.0,60291.0,,0.0,0.0,1.0,1.0
00010,1637441,1.0,USD,2022-07-11T00:00:00,2022-07-29T00:00:00,12848.26,12848.26,,0.0,0.0,0.0,0.0,8.0,8.0,12236.4,12236.4,,0.0,0.0,1.0,1.0
00010,1643601,1.0,USD,2022-07-19T00:00:00,2022-08-04T00:00:00,11558.35,11558.35,,0.0,0.0,0.0,0.0,9.0,9.0,11007.9,11007.9,,0.0,0.0,1.0,1.0
00010,1650535,1.0,USD,2022-07-28T00:00:00,2022-07-29T00:00:00,3076.25,3076.25,,0.0,0.0,0.0,0.0,10.0,10.0,3442.36,3442.36,,0.0,0.0,1.0,1.0
00010,1686136,1.0,USD,2022-09-13T00:00:00,2022-09-28T00:00:00,12113.02,12113.02,,0.0,0.0,0.0,0.0,3.0,3.0,11536.2,11536.2,,0.0,0.0,1.0,1.0
00010,1692171,1.0,USD,2022-09-21T00:00:00,2022-11-10T00:00:00,413.05,413.05,,0.0,0.0,0.0,0.0,3.0,3.0,393.38,393.38,,0.0,0.0,1.0,1.0
00010,1693056,1.0,USD,2022-09-22T00:00:00,2022-10-19T00:00:00,20085.84,20085.84,,0.0,0.0,0.0,0.0,15.0,15.0,19129.5,19129.5,,0.0,0.0,1.0,1.0
00010,1728395,1.0,USD,2022-11-10T00:00:00,2022-11-15T00:00:00,34815.46,34815.46,,0.0,0.0,0.0,0.0,26.0,26.0,33157.8,33157.8,,0.0,0.0,1.0,1.0
00010,1753134,1.0,USD,2022-12-13T00:00:00,2022-12-15T00:00:00,16068.67,16068.67,,0.0,0.0,0.0,0.0,12.0,12.0,15303.6,15303.6,,0.0,0.0,1.0,1.0
00010,1692988,1.0,USD,2022-09-22T00:00:00,2022-10-04T00:00:00,5890.5,5890.5,,0.0,0.0,0.0,0.0,3.0,3.0,2824.5,2824.5,,0.0,0.0,1.0,1.0
00010,1310619,1.0,USD,2021-03-22T00:00:00,2021-07-23T00:00:00,9779.0,9779.0,,0.0,0.0,0.0,0.0,11.0,11.0,4581.5,4581.5,,0.0,0.0,1.0,1.0
00010,1346032,1.0,USD,2021-05-18T00:00:00,2021-10-11T00:00:00,20072.5,20072.5,,0.0,0.0,0.0,0.0,31.0,31.0,12911.5,12911.5,,0.0,0.0,1.0,1.0
00010,1356448,1.0,USD,2021-06-04T00:00:00,2021-08-31T00:00:00,9779.0,9779.0,,0.0,0.0,0.0,0.0,11.0,11.0,4581.5,4581.5,,0.0,0.0,1.0,1.0
00010,1356449,1.0,USD,2021-06-04T00:00:00,2021-11-23T00:00:00,10010.0,10010.0,,0.0,0.0,0.0,0.0,11.0,11.0,4581.5,4581.5,,0.0,0.0,1.0,1.0
00010,1369674,1.0,USD,2021-06-25T00:00:00,2021-09-03T00:00:00,22950.0,22950.0,,0.0,0.0,0.0,0.0,15.0,15.0,14235.75,14235.75,,0.0,0.0,1.0,1.0
00010,1381644,1.0,USD,2021-07-14T00:00:00,2022-02-16T00:00:00,21762.0,21762.0,,0.0,0.0,0.0,0.0,12.0,12.0,16210.8,16210.8,,0.0,0.0,1.0,1.0
00010,1384848,1.0,USD,2021-07-19T00:00:00,2021-07-26T00:00:00,8235.0,8235.0,,0.0,0.0,0.0,0.0,5.0,5.0,4745.25,4745.25,,0.0,0.0,1.0,1.0
00010,1403428,1.0,USD,2021-08-17T00:00:00,2022-01-21T00:00:00,4927.5,4927.5,,0.0,0.0,0.0,0.0,3.0,3.0,3477.6,3477.6,,0.0,0.0,1.0,1.0
00010,1433321,1.0,USD,2021-09-28T00:00:00,2022-04-05T00:00:00,73332.0,73332.0,,0.0,0.0,0.0,0.0,21.0,21.0,31723.65,31723.65,,0.0,0.0,1.0,1.0
00010,1442607,1.0,USD,2021-10-11T00:00:00,2022-01-06T00:00:00,44370.0,44370.0,,0.0,0.0,0.0,0.0,29.0,29.0,33616.8,33616.8,,0.0,0.0,1.0,1.0
00010,1445634,1.0,USD,2021-10-15T00:00:00,2021-10-20T00:00:00,9990.0,9990.0,,0.0,0.0,0.0,0.0,5.0,5.0,7553.25,7553.25,,0.0,0.0,1.0,1.0
00010,1458994,1.0,USD,2021-11-03T00:00:00,2022-01-21T00:00:00,26280.0,26280.0,,0.0,0.0,0.0,0.0,16.0,16.0,18547.2,18547.2,,0.0,0.0,1.0,1.0
00010,1485393,1.0,USD,2021-12-10T00:00:00,2022-01-21T00:00:00,14076.0,14076.0,,0.0,0.0,0.0,0.0,8.0,8.0,9273.6,9273.6,,0.0,0.0,1.0,1.0
00010,1522467,1.0,USD,2022-01-31T00:00:00,2022-03-31T00:00:00,29016.0,29016.0,,0.0,0.0,0.0,0.0,16.0,16.0,22046.4,22046.4,,0.0,0.0,1.0,1.0
00010,1567435,1.0,USD,2022-04-08T00:00:00,2022-05-31T00:00:00,36216.0,36216.0,,0.0,0.0,0.0,0.0,16.0,16.0,24156.0,24156.0,,0.0,0.0,1.0,1.0
00010,1590183,1.0,USD,2022-05-10T00:00:00,2022-07-07T00:00:00,41544.0,41544.0,,0.0,0.0,0.0,0.0,16.0,16.0,22269.6,22269.6,,0.0,0.0,1.0,1.0
00010,1590184,1.0,USD,2022-05-10T00:00:00,2022-07-06T00:00:00,31158.0,31158.0,,0.0,0.0,0.0,0.0,12.0,12.0,16702.2,16702.2,,0.0,0.0,1.0,1.0
00010,1603305,1.0,USD,2022-05-27T00:00:00,2022-07-29T00:00:00,29767.5,29767.5,,0.0,0.0,0.0,0.0,9.0,9.0,21363.75,21363.75,,0.0,0.0,1.0,1.0
00010,1603324,1.0,USD,2022-05-27T00:00:00,2022-08-16T00:00:00,15579.0,15579.0,,0.0,0.0,0.0,0.0,6.0,6.0,8351.1,8351.1,,0.0,0.0,1.0,1.0
00010,1710917,1.0,USD,2022-10-18T00:00:00,2022-11-30T00:00:00,41544.0,41544.0,,0.0,0.0,0.0,0.0,16.0,16.0,22384.8,22384.8,,0.0,0.0,1.0,1.0
00010,1731204,1.0,USD,2022-11-14T00:00:00,2022-11-30T00:00:00,9922.5,9922.5,,0.0,0.0,0.0,0.0,3.0,3.0,7121.25,7121.25,,0.0,0.0,1.0,1.0
00010,1402802,1.0,USD,2021-08-16T00:00:00,2021-09-24T00:00:00,18514.39,18514.39,,0.0,0.0,0.0,0.0,16.0,16.0,17632.8,17632.8,,0.0,0.0,1.0,1.0
00010,1513256,1.0,USD,2022-01-18T00:00:00,2022-03-18T00:00:00,20548.19,20548.19,,0.0,0.0,0.0,0.0,16.0,16.0,19569.6,19569.6,,0.0,0.0,1.0,1.0
00010,1237302,1.0,USD,2020-11-24T00:00:00,2021-07-29T00:00:00,46116.0,46116.0,,0.0,0.0,0.0,0.0,12600.0,12600.0,34146.0,34146.0,,0.0,0.0,1.0,1.0
00010,1290841,1.0,USD,2021-02-18T00:00:00,2021-07-29T00:00:00,20005.56,20005.56,,0.0,0.0,0.0,0.0,5466.0,5466.0,14812.86,14812.86,,0.0,0.0,1.0,1.0
00010,1309073,1.0,USD,2021-03-19T00:00:00,2021-09-30T00:00:00,30024.0,30024.0,,0.0,0.0,0.0,0.0,7200.0,7200.0,20952.0,20952.0,,0.0,0.0,1.0,1.0
00010,1386803,1.0,USD,2021-07-22T00:00:00,2022-01-04T00:00:00,22557.36,22557.36,,0.0,0.0,0.0,0.0,4872.0,4872.0,16905.84,16905.84,,0.0,0.0,1.0,1.0
00010,1454890,1.0,USD,2021-10-28T00:00:00,2022-04-14T00:00:00,65310.78,65310.78,,0.0,0.0,0.0,0.0,14106.0,14106.0,48947.82,48947.82,,0.0,0.0,1.0,1.0
00010,1377367,1.0,USD,2021-07-07T00:00:00,2021-07-15T00:00:00,3780.0,3780.0,,0.0,0.0,0.0,0.0,5.0,5.0,2082.5,2082.5,,0.0,0.0,1.0,1.0
00010,1523251,1.0,USD,2022-02-01T00:00:00,2022-04-18T00:00:00,5250.0,5250.0,,0.0,0.0,0.0,0.0,3.0,3.0,2824.5,2824.5,,0.0,0.0,1.0,1.0
00010,1686326,1.0,USD,2022-09-13T00:00:00,2022-11-16T00:00:00,10500.0,10500.0,,0.0,0.0,0.0,0.0,6.0,6.0,5649.0,5649.0,,0.0,0.0,1.0,1.0
00010,1698330,1.0,USD,2022-09-29T00:00:00,2022-12-01T00:00:00,17500.0,17500.0,,0.0,0.0,0.0,0.0,10.0,10.0,9415.0,9415.0,,0.0,0.0,1.0,1.0
00010,1376693,1.0,USD,2021-07-06T00:00:00,2021-12-15T00:00:00,41440.0,41440.0,,0.0,0.0,0.0,0.0,64.0,64.0,26656.0,26656.0,,0.0,0.0,1.0,1.0
00010,1381155,1.0,USD,2021-07-13T00:00:00,2021-07-30T00:00:00,81180.0,81180.0,,0.0,0.0,0.0,0.0,15.0,15.0,72477.9,72477.9,,0.0,0.0,1.0,1.0
00010,1485395,1.0,USD,2021-12-10T00:00:00,2022-01-31T00:00:00,31420.44,31420.44,,0.0,0.0,0.0,0.0,7428.0,7428.0,24141.0,24141.0,,0.0,0.0,1.0,1.0
00010,1494037,1.0,USD,2021-12-22T00:00:00,2022-01-12T00:00:00,12302.5,12302.5,,0.0,0.0,0.0,0.0,19.0,19.0,7913.5,7913.5,,0.0,0.0,1.0,1.0
00010,1494148,1.0,USD,2021-12-22T00:00:00,2022-01-06T00:00:00,4328.24,4328.24,,0.0,0.0,0.0,0.0,1048.0,1048.0,3353.6,3353.6,,0.0,0.0,1.0,1.0
00010,1494149,1.0,USD,2021-12-22T00:00:00,2022-01-05T00:00:00,65419.2,65419.2,,0.0,0.0,0.0,0.0,15840.0,15840.0,50688.0,50688.0,,0.0,0.0,1.0,1.0
00010,1695982,1.0,USD,2022-09-26T00:00:00,2022-10-06T00:00:00,49744.72,49744.72,,0.0,0.0,0.0,0.0,8.0,8.0,30763.2,30763.2,,0.0,0.0,1.0,1.0
00010,1400555,1.0,USD,2021-08-13T00:00:00,2021-08-31T00:00:00,10836.0,10836.0,,0.0,0.0,0.0,0.0,8.0,8.0,6308.66,6308.66,,0.0,0.0,1.0,1.0
00010,1545783,1.0,USD,2022-03-07T00:00:00,2022-06-16T00:00:00,11558.35,11558.35,,0.0,0.0,0.0,0.0,9.0,9.0,11007.9,11007.9,,0.0,0.0,1.0,1.0
00010,1681073,1.0,USD,2022-09-06T00:00:00,2022-09-16T00:00:00,1870.56,1870.56,,0.0,0.0,0.0,0.0,6.0,6.0,2069.81,2069.81,,0.0,0.0,1.0,1.0
00010,1371306,1.0,USD,2021-06-28T00:00:00,2021-08-19T00:00:00,21060.0,21060.0,,0.0,0.0,0.0,0.0,12.0,12.0,14175.0,14175.0,,0.0,0.0,1.0,1.0
00010,1377261,1.0,USD,2021-07-07T00:00:00,2021-08-31T00:00:00,27288.0,27288.0,,0.0,0.0,0.0,0.0,16.0,16.0,19944.0,19944.0,,0.0,0.0,1.0,1.0
00010,1377382,1.0,USD,2021-07-07T00:00:00,2021-08-17T00:00:00,63360.0,63360.0,,0.0,0.0,0.0,0.0,32.0,32.0,45993.6,45993.6,,0.0,0.0,1.0,1.0
00010,1377383,1.0,USD,2021-07-07T00:00:00,2021-10-12T00:00:00,13068.0,13068.0,,0.0,0.0,0.0,0.0,6.0,6.0,9666.0,9666.0,,0.0,0.0,1.0,1.0
00010,1386664,1.0,USD,2021-07-22T00:00:00,2021-08-09T00:00:00,36960.0,36960.0,,0.0,0.0,0.0,0.0,6.0,6.0,28991.16,28991.16,,0.0,0.0,1.0,1.0
00010,1387337,1.0,USD,2021-07-23T00:00:00,2021-07-27T00:00:00,23535.0,23535.0,,0.0,0.0,0.0,0.0,10.0,10.0,15106.5,15106.5,,0.0,0.0,1.0,1.0
00010,1391834,1.0,USD,2021-07-30T00:00:00,2021-08-31T00:00:00,2854.4,2854.4,,0.0,0.0,0.0,0.0,8.0,8.0,1030.98,1030.98,,0.0,0.0,1.0,1.0
00010,1409238,1.0,USD,2021-08-25T00:00:00,2021-09-08T00:00:00,43120.0,43120.0,,0.0,0.0,0.0,0.0,7.0,7.0,36263.92,36263.92,,0.0,0.0,1.0,1.0
00010,1422742,1.0,USD,2021-09-13T00:00:00,2021-10-11T00:00:00,13644.0,13644.0,,0.0,0.0,0.0,0.0,8.0,8.0,9972.0,9972.0,,0.0,0.0,1.0,1.0
00010,1434791,1.0,USD,2021-09-30T00:00:00,2021-10-29T00:00:00,27288.0,27288.0,,0.0,0.0,0.0,0.0,16.0,16.0,20656.8,20656.8,,0.0,0.0,1.0,1.0
00010,1448289,1.0,USD,2021-10-19T00:00:00,2021-12-14T00:00:00,15192.0,15192.0,,0.0,0.0,0.0,0.0,8.0,8.0,10332.0,10332.0,,0.0,0.0,1.0,1.0
00010,1453481,1.0,USD,2021-10-26T00:00:00,2021-11-30T00:00:00,17055.0,17055.0,,0.0,0.0,0.0,0.0,10.0,10.0,12915.0,12915.0,,0.0,0.0,1.0,1.0
00010,1458444,1.0,USD,2021-11-02T00:00:00,2021-11-10T00:00:00,55902.0,55902.0,,0.0,0.0,0.0,0.0,7.0,7.0,42534.8,42534.8,,0.0,0.0,1.0,1.0
00010,1482613,1.0,USD,2021-12-06T00:00:00,2022-02-17T00:00:00,27288.0,27288.0,,0.0,0.0,0.0,0.0,16.0,16.0,23961.6,23961.6,,0.0,0.0,1.0,1.0
00010,1485473,1.0,USD,2021-12-10T00:00:00,2021-12-21T00:00:00,4604.8,4604.8,,0.0,0.0,0.0,0.0,8.0,8.0,1206.82,1206.82,,0.0,0.0,1.0,1.0
00010,1507551,1.0,USD,2022-01-10T00:00:00,2022-02-28T00:00:00,5116.5,5116.5,,0.0,0.0,0.0,0.0,3.0,3.0,4492.8,4492.8,,0.0,0.0,1.0,1.0
00010,1508282,1.0,USD,2022-01-11T00:00:00,2022-03-30T00:00:00,93240.0,93240.0,,0.0,0.0,0.0,0.0,40.0,40.0,79812.0,79812.0,,0.0,0.0,1.0,1.0
00010,1514866,1.0,USD,2022-01-20T00:00:00,2022-03-15T00:00:00,40744.0,40744.0,,0.0,0.0,0.0,0.0,8.0,8.0,20693.51,20693.51,,0.0,0.0,1.0,1.0
00010,1527877,1.0,USD,2022-02-08T00:00:00,2022-04-11T00:00:00,23652.0,23652.0,,0.0,0.0,0.0,0.0,12.0,12.0,17971.2,17971.2,,0.0,0.0,1.0,1.0
00010,1541159,1.0,USD,2022-02-28T00:00:00,2022-04-06T00:00:00,8288.0,8288.0,,0.0,0.0,0.0,0.0,14.0,14.0,3954.94,3954.94,,0.0,0.0,1.0,1.0
00010,1547348,1.0,USD,2022-03-09T00:00:00,2022-04-12T00:00:00,10233.0,10233.0,,0.0,0.0,0.0,0.0,6.0,6.0,8985.6,8985.6,,0.0,0.0,1.0,1.0
00010,1553398,1.0,USD,2022-03-18T00:00:00,2022-04-14T00:00:00,158400.0,158400.0,,0.0,0.0,0.0,0.0,18.0,18.0,120146.4,120146.4,,0.0,0.0,1.0,1.0
00010,1555099,1.0,USD,2022-03-21T00:00:00,2022-05-05T00:00:00,82236.0,82236.0,,0.0,0.0,0.0,0.0,7.0,7.0,42933.66,42933.66,,0.0,0.0,1.0,1.0
00010,1558070,1.0,USD,2022-03-25T00:00:00,2022-04-16T00:00:00,22410.0,22410.0,,0.0,0.0,0.0,0.0,12.0,12.0,18450.72,18450.72,,0.0,0.0,1.0,1.0
00010,1585632,1.0,USD,2022-05-04T00:00:00,2022-05-27T00:00:00,115560.0,115560.0,,0.0,0.0,0.0,0.0,40.0,40.0,79812.0,79812.0,,0.0,0.0,1.0,1.0
00010,1589480,1.0,USD,2022-05-09T00:00:00,2022-06-09T00:00:00,1356.6,1356.6,,0.0,0.0,0.0,0.0,6.0,6.0,235.75,235.75,,0.0,0.0,1.0,1.0
00010,1611045,1.0,USD,2022-06-06T00:00:00,2022-06-28T00:00:00,1381.8,1381.8,,0.0,0.0,0.0,0.0,6.0,6.0,235.75,235.75,,0.0,0.0,1.0,1.0
00010,1613945,1.0,USD,2022-06-10T00:00:00,2022-06-16T00:00:00,22761.0,22761.0,,0.0,0.0,0.0,0.0,9.0,9.0,13587.75,13587.75,,0.0,0.0,1.0,1.0
00010,1617007,1.0,USD,2022-06-14T00:00:00,2022-07-06T00:00:00,134959.5,134959.5,,0.0,0.0,0.0,0.0,39.0,39.0,82853.55,82853.55,,0.0,0.0,1.0,1.0
00010,1617696,1.0,USD,2022-06-15T00:00:00,2022-06-28T00:00:00,24811.2,24811.2,,0.0,0.0,0.0,0.0,36.0,36.0,10547.14,10547.14,,0.0,0.0,1.0,1.0
00010,1617848,1.0,USD,2022-06-15T00:00:00,2022-06-27T00:00:00,96656.0,96656.0,,0.0,0.0,0.0,0.0,70.0,70.0,31316.6,31316.6,,0.0,0.0,1.0,1.0
00010,1621674,1.0,USD,2022-06-20T00:00:00,2022-06-24T00:00:00,36234.0,36234.0,,0.0,0.0,0.0,0.0,3.0,3.0,24129.6,24129.6,,0.0,0.0,1.0,1.0
00010,1638468,1.0,USD,2022-07-12T00:00:00,2022-07-15T00:00:00,42636.0,42636.0,,0.0,0.0,0.0,0.0,6.0,6.0,44233.2,44233.2,,0.0,0.0,1.0,1.0
00010,1639130,1.0,USD,2022-07-13T00:00:00,2022-07-26T00:00:00,37296.0,37296.0,,0.0,0.0,0.0,0.0,16.0,16.0,24156.0,24156.0,,0.0,0.0,1.0,1.0
00010,1640716,1.0,USD,2022-07-15T00:00:00,2022-08-02T00:00:00,32670.0,32670.0,,0.0,0.0,0.0,0.0,5.0,5.0,33374.0,33374.0,,0.0,0.0,1.0,1.0
00010,1677111,1.0,USD,2022-09-01T00:00:00,2022-09-23T00:00:00,31158.0,31158.0,,0.0,0.0,0.0,0.0,12.0,12.0,20190.6,20190.6,,0.0,0.0,1.0,1.0
00010,1814,1.0,USD,2021-08-17T00:00:00,2021-09-17T00:00:00,-23535.0,-23535.0,,0.0,0.0,0.0,0.0,-10.0,-10.0,-15106.5,-15106.5,,0.0,0.0,1.0,1.0
00010,1898,1.0,USD,2022-04-28T00:00:00,2022-05-03T00:00:00,-11205.0,-11205.0,,0.0,0.0,0.0,0.0,-6.0,-6.0,-9225.36,-9225.36,,0.0,0.0,1.0,1.0
00010,1905,1.0,USD,2022-05-17T00:00:00,2022-05-24T00:00:00,-17979.66,-17979.66,,0.0,0.0,0.0,0.0,-14.0,-14.0,-17123.4,-17123.4,,0.0,0.0,1.0,1.0
00010,1093047,1.0,USD,2020-05-11T00:00:00,2020-05-11T00:00:00,-1980.0,-1980.0,,0.0,0.0,0.0,0.0,-1.0,-1.0,-1.86,-1.86,,0.0,0.0,1.0,1.0
00010,1124779,1.0,USD,2020-05-12T00:00:00,2020-05-13T00:00:00,-33379.2,-33379.2,,0.0,0.0,0.0,0.0,-9120.0,-9120.0,-13279.63,-13279.63,,0.0,0.0,1.0,1.0
00010,1124780,1.0,USD,2020-05-12T00:00:00,2020-05-13T00:00:00,-18322.2,-18322.2,,0.0,0.0,0.0,0.0,-7020.0,-7020.0,-10221.82,-10221.82,,0.0,0.0,1.0,1.0
00010,1124781,1.0,USD,2020-05-12T00:00:00,2020-05-13T00:00:00,-20024.1,-20024.1,,0.0,0.0,0.0,0.0,-7026.0,-7026.0,-10867.82,-10867.82,,0.0,0.0,1.0,1.0
00010,1124782,1.0,USD,2020-05-12T00:00:00,2020-05-13T00:00:00,-10319.94,-10319.94,,0.0,0.0,0.0,0.0,-3954.0,-3954.0,-5757.42,-5757.42,,0.0,0.0,1.0,1.0
00010,1124785,1.0,USD,2020-05-12T00:00:00,2020-05-13T00:00:00,-18040.32,-18040.32,,0.0,0.0,0.0,0.0,-6912.0,-6912.0,-10064.56,-10064.56,,0.0,0.0,1.0,1.0
00010,1124787,1.0,USD,2020-05-12T00:00:00,2020-05-13T00:00:00,-7182.0,-7182.0,,0.0,0.0,0.0,0.0,-2520.0,-2520.0,-3897.94,-3897.94,,0.0,0.0,1.0,1.0
00010,1124801,1.0,USD,2020-05-12T00:00:00,2020-05-13T00:00:00,-24112.08,-24112.08,,0.0,0.0,0.0,0.0,-6588.0,-6588.0,-17853.48,-17853.48,,0.0,0.0,1.0,1.0
00010,1124802,1.0,USD,2020-05-12T00:00:00,2020-05-13T00:00:00,-14436.0,-14436.0,,0.0,0.0,0.0,0.0,-3600.0,-3600.0,-5109.84,-5109.84,,0.0,0.0,1.0,1.0
00010,1124803,1.0,USD,2020-05-12T00:00:00,2020-05-13T00:00:00,-14688.0,-14688.0,,0.0,0.0,0.0,0.0,-3600.0,-3600.0,-4884.12,-4884.12,,0.0,0.0,1.0,1.0
00010,1124804,1.0,USD,2020-05-12T00:00:00,2020-05-13T00:00:00,-15722.16,-15722.16,,0.0,0.0,0.0,0.0,-3606.0,-3606.0,-4216.5,-4216.5,,0.0,0.0,1.0,1.0
00010,1124805,1.0,USD,2020-05-12T00:00:00,2020-05-13T00:00:00,-25137.0,-25137.0,,0.0,0.0,0.0,0.0,-8820.0,-8820.0,-13642.78,-13642.78,,0.0,0.0,1.0,1.0
00010,1124806,1.0,USD,2020-05-12T00:00:00,2020-05-13T00:00:00,-2677.86,-2677.86,,0.0,0.0,0.0,0.0,-1026.0,-1026.0,-1493.96,-1493.96,,0.0,0.0,1.0,1.0
00010,1124808,1.0,USD,2020-05-12T00:00:00,2020-05-13T00:00:00,-31261.2,-31261.2,,0.0,0.0,0.0,0.0,-7170.0,-7170.0,-22573.31,-22573.31,,0.0,0.0,1.0,1.0
00010,1124809,1.0,USD,2020-05-12T00:00:00,2020-05-13T00:00:00,-6071.04,-6071.04,,0.0,0.0,0.0,0.0,-1488.0,-1488.0,-4902.51,-4902.51,,0.0,0.0,1.0,1.0
00010,1124824,1.0,USD,2020-05-12T00:00:00,2020-05-13T00:00:00,-2105.28,-2105.28,,0.0,0.0,0.0,0.0,-516.0,-516.0,-1700.07,-1700.07,,0.0,0.0,1.0,1.0
00010,1133067,1.0,USD,2020-05-27T00:00:00,2020-05-27T00:00:00,-50331.84,-50331.84,,0.0,0.0,0.0,0.0,-11544.0,-11544.0,-36343.98,-36343.98,,0.0,0.0,1.0,1.0
00010,1141019,1.0,USD,2020-06-10T00:00:00,2020-05-31T00:00:00,33379.2,33379.2,,0.0,0.0,0.0,0.0,9120.0,9120.0,13279.63,13279.63,,0.0,0.0,1.0,1.0
00010,1162086,1.0,USD,2020-07-17T00:00:00,2020-07-17T00:00:00,-874.0,-874.0,,0.0,0.0,0.0,0.0,-380.0,-380.0,-781.24,-781.24,,0.0,0.0,1.0,1.0
00010,1207652,1.0,USD,2021-01-21T00:00:00,2021-01-21T00:00:00,-1675.84,-1675.84,,0.0,0.0,0.0,0.0,-1.0,-1.0,-1.63,-1.63,,0.0,0.0,1.0,1.0
00010,1359582,1.0,USD,2021-07-21T00:00:00,2021-07-21T00:00:00,-1320.0,-1320.0,,0.0,0.0,0.0,0.0,-1.0,-1.0,-2.2,-2.2,,0.0,0.0,1.0,1.0
00010,1386803,1.0,USD,2022-03-29T00:00:00,2022-03-29T00:00:00,-1770.96,-1770.96,,0.0,0.0,0.0,0.0,-1.0,-1.0,-4.71,-4.71,,0.0,0.0,1.0,1.0
00010,1437763,1.0,USD,2021-10-29T00:00:00,2021-10-29T00:00:00,-268.8,-268.8,,0.0,0.0,0.0,0.0,-60.0,-60.0,-70.16,-70.16,,0.0,0.0,1.0,1.0
00010,1454890,1.0,USD,2022-08-02T00:00:00,2022-08-02T00:00:00,-18540.0,-18540.0,,0.0,0.0,0.0,0.0,-3600.0,-3600.0,-13896.0,-13896.0,,0.0,0.0,1.0,1.0
00010,1494148,1.0,USD,2022-08-23T00:00:00,2022-08-23T00:00:00,-5947.2,-5947.2,,0.0,0.0,0.0,0.0,-1.0,-1.0,-7.68,-7.68,,0.0,0.0,1.0,1.0
00010,1753962,1.0,USD,2022-12-14T00:00:00,2022-12-14T00:00:00,-6886.62,-6886.62,,0.0,0.0,0.0,0.0,-1.0,-1.0,-13.67,-13.67,,0.0,0.0,1.0,1.0
00010,2331519,1.0,USD,2025-01-15T00:00:00,2025-04-01T00:00:00,18452.16,18452.16,,0.0,0.0,0.0,0.0,8.0,8.0,10623.6,10623.6,,0.0,0.0,1.0,1.0
00010,2417394,1.0,USD,2025-05-09T00:00:00,2025-09-22T00:00:00,129462.4,129462.4,,0.0,0.0,0.0,0.0,92.0,92.0,54161.14,54161.14,,0.0,0.0,1.0,1.0
00010,2351910,1.0,USD,2025-02-11T00:00:00,2025-06-09T00:00:00,154092.46,154092.46,,0.0,0.0,0.0,0.0,9.0,9.0,146753.78,146753.78,,0.0,0.0,1.0,1.0
00010,2371473,1.0,USD,2025-03-10T00:00:00,2025-03-14T00:00:00,9737.96,9737.96,,0.0,0.0,0.0,0.0,7.0,7.0,9274.23,9274.23,,0.0,0.0,1.0,1.0
00010,2379848,1.0,USD,2025-03-21T00:00:00,2025-04-01T00:00:00,11154.74,11154.74,,0.0,0.0,0.0,0.0,8.0,8.0,10623.6,10623.6,,0.0,0.0,1.0,1.0
00010,2436676,1.0,USD,2025-06-04T00:00:00,2025-08-18T00:00:00,31821.34,31821.34,,0.0,0.0,0.0,0.0,21.0,21.0,30306.15,30306.15,,0.0,0.0,1.0,1.0
00010,2528857,1.0,USD,2025-10-03T00:00:00,2025-12-10T00:00:00,11956.18,11956.18,,0.0,0.0,0.0,0.0,8.0,8.0,11386.8,11386.8,,0.0,0.0,1.0,1.0
00010,2306170,1.0,USD,2024-12-12T00:00:00,2025-01-27T00:00:00,66150.0,66150.0,,0.0,0.0,0.0,0.0,20.0,20.0,42625.8,42625.8,,0.0,0.0,1.0,1.0
00010,2337627,1.0,USD,2025-01-23T00:00:00,2025-03-17T00:00:00,17712.0,17712.0,,0.0,0.0,0.0,0.0,8.0,8.0,10195.2,10195.2,,0.0,0.0,1.0,1.0
00010,2374741,1.0,USD,2025-03-14T00:00:00,2025-04-11T00:00:00,17712.0,17712.0,,0.0,0.0,0.0,0.0,8.0,8.0,9968.4,9968.4,,0.0,0.0,1.0,1.0
00010,2393588,1.0,USD,2025-04-08T00:00:00,2025-06-04T00:00:00,11070.0,11070.0,,0.0,0.0,0.0,0.0,5.0,5.0,5859.0,5859.0,,0.0,0.0,1.0,1.0
00010,2410296,1.0,USD,2025-04-30T00:00:00,2025-07-17T00:00:00,17712.0,17712.0,,0.0,0.0,0.0,0.0,8.0,8.0,9986.4,9986.4,,0.0,0.0,1.0,1.0
00010,2488677,1.0,USD,2025-08-11T00:00:00,2025-10-30T00:00:00,22140.0,22140.0,,0.0,0.0,0.0,0.0,10.0,10.0,11844.0,11844.0,,0.0,0.0,1.0,1.0
00010,2510615,1.0,USD,2025-09-09T00:00:00,2025-10-23T00:00:00,66150.0,66150.0,,0.0,0.0,0.0,0.0,20.0,20.0,40221.0,40221.0,,0.0,0.0,1.0,1.0
00010,2510632,1.0,USD,2025-09-09T00:00:00,2025-10-17T00:00:00,25452.0,25452.0,,0.0,0.0,0.0,0.0,8.0,8.0,17824.32,17824.32,,0.0,0.0,1.0,1.0
00010,2526553,1.0,USD,2025-09-30T00:00:00,2025-12-01T00:00:00,17712.0,17712.0,,0.0,0.0,0.0,0.0,8.0,8.0,9475.2,9475.2,,0.0,0.0,1.0,1.0
00010,2547823,1.0,USD,2025-10-28T00:00:00,2025-12-29T00:00:00,19470.15,19470.15,,0.0,0.0,0.0,0.0,2649.0,2649.0,10309.91,10309.91,,0.0,0.0,1.0,1.0
00010,2547842,1.0,USD,2025-10-28T00:00:00,2025-12-22T00:00:00,11070.0,11070.0,,0.0,0.0,0.0,0.0,5.0,5.0,5922.0,5922.0,,0.0,0.0,1.0,1.0
00010,2320309,1.0,USD,2024-12-31T00:00:00,2025-01-30T00:00:00,146247.5,146247.5,,0.0,0.0,0.0,0.0,61.0,61.0,57431.5,57431.5,,0.0,0.0,1.0,1.0
00010,2303764,1.0,USD,2024-12-09T00:00:00,2025-04-04T00:00:00,29160.0,29160.0,,0.0,0.0,0.0,0.0,12.0,12.0,17317.8,17317.8,,0.0,0.0,1.0,1.0
00010,2310003,1.0,USD,2024-12-17T00:00:00,2025-02-05T00:00:00,7680.51,7680.51,,0.0,0.0,0.0,0.0,1399.0,1399.0,4288.21,4288.21,,0.0,0.0,1.0,1.0
00010,2327145,1.0,USD,2025-01-09T00:00:00,2025-02-07T00:00:00,161828.0,161828.0,,0.0,0.0,0.0,0.0,115.0,115.0,70995.48,70995.48,,0.0,0.0,1.0,1.0
00010,2354181,1.0,USD,2025-02-14T00:00:00,2025-06-11T00:00:00,194193.6,194193.6,,0.0,0.0,0.0,0.0,138.0,138.0,85229.35,85229.35,,0.0,0.0,1.0,1.0
00010,2363556,1.0,USD,2025-02-26T00:00:00,2025-04-28T00:00:00,84546.0,84546.0,,0.0,0.0,0.0,0.0,7.0,7.0,47204.08,47204.08,,0.0,0.0,1.0,1.0
00010,2372494,1.0,USD,2025-03-11T00:00:00,2025-07-02T00:00:00,50300.32,50300.32,,0.0,0.0,0.0,0.0,8.0,8.0,27855.93,27855.93,,0.0,0.0,1.0,1.0
00010,2384655,1.0,USD,2025-03-27T00:00:00,2025-05-20T00:00:00,184977.0,184977.0,,0.0,0.0,0.0,0.0,17550.0,17550.0,83787.21,83787.21,,0.0,0.0,1.0,1.0
00010,2390799,1.0,USD,2025-04-04T00:00:00,2025-09-11T00:00:00,30456.0,30456.0,,0.0,0.0,0.0,0.0,12.0,12.0,17080.2,17080.2,,0.0,0.0,1.0,1.0
00010,2433205,1.0,USD,2025-05-30T00:00:00,2025-06-12T00:00:00,11711.29,11711.29,,0.0,0.0,0.0,0.0,823.0,823.0,6189.37,6189.37,,0.0,0.0,1.0,1.0
00010,2452147,1.0,USD,2025-06-24T00:00:00,2025-12-05T00:00:00,13784.0,13784.0,,0.0,0.0,0.0,0.0,20.0,20.0,6119.28,6119.28,,0.0,0.0,1.0,1.0
00010,2453645,1.0,USD,2025-06-26T00:00:00,2025-07-01T00:00:00,758.4,758.4,,0.0,0.0,0.0,0.0,3.0,3.0,415.33,415.33,,0.0,0.0,1.0,1.0
00010,2462768,1.0,USD,2025-07-08T00:00:00,2025-08-04T00:00:00,84546.0,84546.0,,0.0,0.0,0.0,0.0,7.0,7.0,47204.08,47204.08,,0.0,0.0,1.0,1.0
00010,2474912,1.0,USD,2025-07-24T00:00:00,2025-09-23T00:00:00,84546.0,84546.0,,0.0,0.0,0.0,0.0,7.0,7.0,46600.4,46600.4,,0.0,0.0,1.0,1.0
00010,2488661,1.0,USD,2025-08-11T00:00:00,2025-12-31T00:00:00,31158.0,31158.0,,0.0,0.0,0.0,0.0,12.0,12.0,16788.6,16788.6,,0.0,0.0,1.0,1.0
00010,2496930,1.0,USD,2025-08-22T00:00:00,2025-10-22T00:00:00,72468.0,72468.0,,0.0,0.0,0.0,0.0,6.0,6.0,39943.2,39943.2,,0.0,0.0,1.0,1.0
00010,2520643,1.0,USD,2025-09-22T00:00:00,2025-12-09T00:00:00,197008.0,197008.0,,0.0,0.0,0.0,0.0,140.0,140.0,82419.12,82419.12,,0.0,0.0,1.0,1.0
00010,2533631,1.0,USD,2025-10-09T00:00:00,2025-10-20T00:00:00,7581.2,7581.2,,0.0,0.0,0.0,0.0,11.0,11.0,3365.6,3365.6,,0.0,0.0,1.0,1.0
00010,2534245,1.0,USD,2025-10-10T00:00:00,2025-12-04T00:00:00,100600.64,100600.64,,0.0,0.0,0.0,0.0,16.0,16.0,55431.1,55431.1,,0.0,0.0,1.0,1.0
00010,2402,1.0,USD,2025-01-23T00:00:00,2025-01-29T00:00:00,-17712.0,-17712.0,,0.0,0.0,0.0,0.0,-8.0,-8.0,-10195.2,-10195.2,,0.0,0.0,1.0,1.0
00010,2484,1.0,USD,2025-12-10T00:00:00,2025-12-30T00:00:00,-26353.96,-26353.96,,0.0,0.0,0.0,0.0,-4.0,-4.0,-13857.78,-13857.78,,0.0,0.0,1.0,1.0
00010,2474977,1.0,USD,2025-07-24T00:00:00,2026-02-04T00:00:00,136971.07,136971.07,,0.0,0.0,0.0,0.0,8.0,8.0,130447.8,130447.8,,0.0,0.0,1.0,1.0
00010,2575218,1.0,USD,2025-12-03T00:00:00,2026-03-19T00:00:00,136971.07,136971.07,,0.0,0.0,0.0,0.0,8.0,8.0,130447.8,130447.8,,0.0,0.0,1.0,1.0
00010,2623716,1.0,USD,2026-02-05T00:00:00,2026-05-19T00:00:00,110692.1,110692.1,,0.0,0.0,0.0,0.0,7.0,7.0,105421.05,105421.05,,0.0,0.0,1.0,1.0
00010,2647597,1.0,USD,2026-03-10T00:00:00,2026-04-21T00:00:00,50813.78,50813.78,,0.0,0.0,0.0,0.0,34.0,34.0,48393.9,48393.9,,0.0,0.0,1.0,1.0
00010,2673602,1.0,USD,2026-04-13T00:00:00,2026-04-21T00:00:00,346.77,346.77,,0.0,0.0,0.0,0.0,122.0,122.0,330.25,330.25,,0.0,0.0,1.0,1.0
00010,2589668,1.0,USD,2025-12-22T00:00:00,2026-01-05T00:00:00,9544.5,9544.5,,0.0,0.0,0.0,0.0,3.0,3.0,6684.12,6684.12,,0.0,0.0,1.0,1.0
00010,2605385,1.0,USD,2026-01-12T00:00:00,2026-01-14T00:00:00,2171.68,2171.68,,0.0,0.0,0.0,0.0,392.0,392.0,1250.91,1250.91,,0.0,0.0,1.0,1.0
00010,2606045,1.0,USD,2026-01-13T00:00:00,2026-03-09T00:00:00,39690.0,39690.0,,0.0,0.0,0.0,0.0,12.0,12.0,21016.8,21016.8,,0.0,0.0,1.0,1.0
00010,2611667,1.0,USD,2026-01-20T00:00:00,2026-02-02T00:00:00,6070.5,6070.5,,0.0,0.0,0.0,0.0,450.0,450.0,3368.7,3368.7,,0.0,0.0,1.0,1.0
00010,2617004,1.0,USD,2026-01-27T00:00:00,2026-03-25T00:00:00,29767.5,29767.5,,0.0,0.0,0.0,0.0,9.0,9.0,15762.6,15762.6,,0.0,0.0,1.0,1.0
00010,2626783,1.0,USD,2026-02-09T00:00:00,2026-04-07T00:00:00,39690.0,39690.0,,0.0,0.0,0.0,0.0,12.0,12.0,21016.8,21016.8,,0.0,0.0,1.0,1.0
00010,2626839,1.0,USD,2026-02-09T00:00:00,2026-04-07T00:00:00,38178.0,38178.0,,0.0,0.0,0.0,0.0,12.0,12.0,26736.48,26736.48,,0.0,0.0,1.0,1.0
00010,2633521,1.0,USD,2026-02-18T00:00:00,2026-02-20T00:00:00,6706.8,6706.8,,0.0,0.0,0.0,0.0,3.0,3.0,6703.07,6703.07,,0.0,0.0,1.0,1.0
00010,2647796,1.0,USD,2026-03-10T00:00:00,2026-03-24T00:00:00,1553.66,1553.66,,0.0,0.0,0.0,0.0,262.0,262.0,828.71,828.71,,0.0,0.0,1.0,1.0
00010,2652921,1.0,USD,2026-03-17T00:00:00,2026-05-06T00:00:00,19845.0,19845.0,,0.0,0.0,0.0,0.0,6.0,6.0,10508.4,10508.4,,0.0,0.0,1.0,1.0
00010,2657471,1.0,USD,2026-03-23T00:00:00,2026-04-08T00:00:00,98378.24,98378.24,,0.0,0.0,0.0,0.0,16.0,16.0,51298.18,51298.18,,0.0,0.0,1.0,1.0
00010,2663657,1.0,USD,2026-03-31T00:00:00,2026-04-15T00:00:00,6642.0,6642.0,,0.0,0.0,0.0,0.0,3.0,3.0,3553.2,3553.2,,0.0,0.0,1.0,1.0
00010,2673583,1.0,USD,2026-04-13T00:00:00,2026-06-03T00:00:00,19845.0,19845.0,,0.0,0.0,0.0,0.0,6.0,6.0,11761.2,11761.2,,0.0,0.0,1.0,1.0
00010,2549410,1.0,USD,2025-10-30T00:00:00,2026-06-19T00:00:00,26640.0,26640.0,,0.0,0.0,0.0,0.0,1800.0,1800.0,12845.16,12845.16,,0.0,0.0,1.0,1.0
00010,2629816,1.0,USD,2026-02-13T00:00:00,2026-07-01T00:00:00,130394.88,130394.88,,0.0,0.0,0.0,0.0,8.0,8.0,124185.6,124185.6,,0.0,0.0,1.0,1.0
00010,2712802,1.0,USD,2026-06-03T00:00:00,2026-07-02T00:00:00,1120.36,1120.36,,0.0,0.0,0.0,0.0,146.0,146.0,1067.01,1067.01,,0.0,0.0,1.0,1.0
00010,2701214,1.0,USD,2026-05-19T00:00:00,2026-07-07T00:00:00,22212.0,22212.0,,0.0,0.0,0.0,0.0,8.0,8.0,12016.8,12016.8,,0.0,0.0,1.0,1.0
00010,2695060,1.0,USD,2026-05-11T00:00:00,2026-07-21T00:00:00,58446.0,58446.0,,0.0,0.0,0.0,0.0,17.0,17.0,30760.65,30760.65,,0.0,0.0,1.0,1.0
00010,2681222,1.0,USD,2026-04-23T00:00:00,2026-07-21T00:00:00,197280.0,197280.0,,0.0,0.0,0.0,0.0,40.0,40.0,73152.0,73152.0,,0.0,0.0,1.0,1.0
00010,2695179,1.0,USD,2026-05-11T00:00:00,2026-07-28T00:00:00,39690.0,39690.0,,0.0,0.0,0.0,0.0,12.0,12.0,23522.4,23522.4,,0.0,0.0,1.0,1.0
00010,2723347,1.0,USD,2026-06-17T00:00:00,2026-08-13T00:00:00,26460.0,26460.0,,0.0,0.0,0.0,0.0,8.0,8.0,15681.6,15681.6,,0.0,0.0,1.0,1.0
00010,1871443,1.0,USD,2023-05-19T00:00:00,2024-01-05T00:00:00,98280.0,98280.0,,0.0,0.0,0.0,0.0,20.0,20.0,47457.0,47457.0,,0.0,0.0,1.0,1.0
00010,1986839,1.0,USD,2023-12-12T00:00:00,2024-01-24T00:00:00,84546.0,84546.0,,0.0,0.0,0.0,0.0,7.0,7.0,47755.4,47755.4,,0.0,0.0,1.0,1.0
00010,2062699,1.0,USD,2024-01-26T00:00:00,2024-05-14T00:00:00,100600.64,100600.64,,0.0,0.0,0.0,0.0,16.0,16.0,56462.29,56462.29,,0.0,0.0,1.0,1.0
00010,2072858,1.0,USD,2024-02-08T00:00:00,2024-02-15T00:00:00,84546.0,84546.0,,0.0,0.0,0.0,0.0,7.0,7.0,47755.4,47755.4,,0.0,0.0,1.0,1.0
00010,2081087,1.0,USD,2024-02-19T00:00:00,2024-12-09T00:00:00,24255.0,24255.0,,0.0,0.0,0.0,0.0,11.0,11.0,16201.85,16201.85,,0.0,0.0,1.0,1.0
00010,2083379,1.0,USD,2024-02-22T00:00:00,2024-05-14T00:00:00,161828.0,161828.0,,0.0,0.0,0.0,0.0,115.0,115.0,74094.5,74094.5,,0.0,0.0,1.0,1.0
00010,2083446,1.0,USD,2024-02-22T00:00:00,2024-05-14T00:00:00,19986.8,19986.8,,0.0,0.0,0.0,0.0,29.0,29.0,8976.43,8976.43,,0.0,0.0,1.0,1.0
00010,2102856,1.0,USD,2024-03-20T00:00:00,2024-05-08T00:00:00,301.44,301.44,,0.0,0.0,0.0,0.0,32.0,32.0,106.6,106.6,,0.0,0.0,1.0,1.0
00010,2109112,1.0,USD,2024-03-28T00:00:00,2024-05-06T00:00:00,26100.0,26100.0,,0.0,0.0,0.0,0.0,10.0,10.0,14465.25,14465.25,,0.0,0.0,1.0,1.0
00010,2109622,1.0,USD,2024-03-29T00:00:00,2024-06-07T00:00:00,31158.0,31158.0,,0.0,0.0,0.0,0.0,12.0,12.0,17346.42,17346.42,,0.0,0.0,1.0,1.0
00010,2128074,1.0,USD,2024-04-22T00:00:00,2024-05-09T00:00:00,27423.0,27423.0,,0.0,0.0,0.0,0.0,11.0,11.0,15911.78,15911.78,,0.0,0.0,1.0,1.0
00010,2133536,1.0,USD,2024-04-29T00:00:00,2024-07-03T00:00:00,27423.0,27423.0,,0.0,0.0,0.0,0.0,11.0,11.0,15921.68,15921.68,,0.0,0.0,1.0,1.0
00010,2133552,1.0,USD,2024-04-29T00:00:00,2024-10-08T00:00:00,41544.0,41544.0,,0.0,0.0,0.0,0.0,16.0,16.0,22885.2,22885.2,,0.0,0.0,1.0,1.0
00010,2136563,1.0,USD,2024-05-03T00:00:00,2024-08-02T00:00:00,23846.32,23846.32,,0.0,0.0,0.0,0.0,1723.0,1723.0,13000.55,13000.55,,0.0,0.0,1.0,1.0
00010,2146638,1.0,USD,2024-05-16T00:00:00,2024-05-20T00:00:00,36234.0,36234.0,,0.0,0.0,0.0,0.0,3.0,3.0,20466.6,20466.6,,0.0,0.0,1.0,1.0
00010,2155709,1.0,USD,2024-05-28T00:00:00,2024-07-26T00:00:00,4743.0,4743.0,,0.0,0.0,0.0,0.0,450.0,450.0,2148.39,2148.39,,0.0,0.0,1.0,1.0
00010,2172371,1.0,USD,2024-06-19T00:00:00,2024-08-16T00:00:00,189720.0,189720.0,,0.0,0.0,0.0,0.0,40.0,40.0,85935.6,85935.6,,0.0,0.0,1.0,1.0
00010,2173917,1.0,USD,2024-06-21T00:00:00,2024-07-31T00:00:00,27060.0,27060.0,,0.0,0.0,0.0,0.0,3.0,3.0,20419.74,20419.74,,0.0,0.0,1.0,1.0
00010,2189910,1.0,USD,2024-07-12T00:00:00,2024-08-21T00:00:00,27060.0,27060.0,,0.0,0.0,0.0,0.0,3.0,3.0,20419.74,20419.74,,0.0,0.0,1.0,1.0
00010,2205883,1.0,USD,2024-08-02T00:00:00,2024-10-31T00:00:00,100600.64,100600.64,,0.0,0.0,0.0,0.0,16.0,16.0,55895.58,55895.58,,0.0,0.0,1.0,1.0
00010,2279436,1.0,USD,2024-11-07T00:00:00,2024-11-19T00:00:00,6615.0,6615.0,,0.0,0.0,0.0,0.0,3.0,3.0,4759.02,4759.02,,0.0,0.0,1.0,1.0
00010,2303762,1.0,USD,2024-12-09T00:00:00,2024-12-30T00:00:00,63180.0,63180.0,,0.0,0.0,0.0,0.0,26.0,26.0,39716.82,39716.82,,0.0,0.0,1.0,1.0
00010,2030284,1.0,USD,2023-12-14T00:00:00,2024-02-23T00:00:00,19656.0,19656.0,,0.0,0.0,0.0,0.0,12.0,12.0,26649.0,26649.0,,0.0,0.0,1.0,1.0
00010,2070470,1.0,USD,2024-02-05T00:00:00,2024-03-27T00:00:00,17712.0,17712.0,,0.0,0.0,0.0,0.0,8.0,8.0,10195.2,10195.2,,0.0,0.0,1.0,1.0
00010,2082608,1.0,USD,2024-02-21T00:00:00,2024-04-16T00:00:00,29767.5,29767.5,,0.0,0.0,0.0,0.0,9.0,9.0,19719.45,19719.45,,0.0,0.0,1.0,1.0
00010,2123371,1.0,USD,2024-04-16T00:00:00,2024-06-11T00:00:00,30672.0,30672.0,,0.0,0.0,0.0,0.0,12.0,12.0,26649.0,26649.0,,0.0,0.0,1.0,1.0
00010,2188440,1.0,USD,2024-07-10T00:00:00,2024-09-09T00:00:00,9922.5,9922.5,,0.0,0.0,0.0,0.0,1350.0,1350.0,6459.62,6459.62,,0.0,0.0,1.0,1.0
00010,2208214,1.0,USD,2024-08-05T00:00:00,2024-10-03T00:00:00,38178.0,38178.0,,0.0,0.0,0.0,0.0,12.0,12.0,26747.28,26747.28,,0.0,0.0,1.0,1.0
00010,2267951,1.0,USD,2024-10-23T00:00:00,2024-12-26T00:00:00,19089.0,19089.0,,0.0,0.0,0.0,0.0,6.0,6.0,13373.64,13373.64,,0.0,0.0,1.0,1.0
00010,2305412,1.0,USD,2024-12-11T00:00:00,2024-12-16T00:00:00,29767.5,29767.5,,0.0,0.0,0.0,0.0,9.0,9.0,19181.61,19181.61,,0.0,0.0,1.0,1.0
00010,2236797,1.0,USD,2024-10-17T00:00:00,2024-10-17T00:00:00,-290.94,-290.94,,0.0,0.0,0.0,0.0,-2.0,-2.0,-276.3,-276.3,,0.0,0.0,1.0,1.0
00010,2039141,1.0,USD,2023-12-26T00:00:00,2024-01-04T00:00:00,1173.6,1173.6,,0.0,0.0,0.0,0.0,3.0,3.0,660.4,660.4,,0.0,0.0,1.0,1.0
00010,2204431,1.0,USD,2024-07-31T00:00:00,2024-09-20T00:00:00,19405.25,19405.25,,0.0,0.0,0.0,0.0,3.0,3.0,10480.42,10480.42,,0.0,0.0,1.0,1.0
00010,1886986,1.0,USD,2023-06-09T00:00:00,2024-01-04T00:00:00,260743.46,260743.46,,0.0,0.0,0.0,0.0,15.0,15.0,248327.1,248327.1,,0.0,0.0,1.0,1.0
00010,2077345,1.0,USD,2024-02-14T00:00:00,2024-03-05T00:00:00,13371.69,13371.69,,0.0,0.0,0.0,0.0,10.0,10.0,12735.0,12735.0,,0.0,0.0,1.0,1.0
00010,2161892,1.0,USD,2024-06-05T00:00:00,2024-12-11T00:00:00,86003.82,86003.82,,0.0,0.0,0.0,0.0,5.0,5.0,81908.03,81908.03,,0.0,0.0,1.0,1.0
00010,2172533,1.0,USD,2024-06-19T00:00:00,2024-06-28T00:00:00,27041.28,27041.28,,0.0,0.0,0.0,0.0,16096.0,16096.0,25753.6,25753.6,,0.0,0.0,1.0,1.0
00010,2258836,1.0,USD,2024-10-11T00:00:00,2024-12-05T00:00:00,52192.06,52192.06,,0.0,0.0,0.0,0.0,34.0,34.0,49706.64,49706.64,,0.0,0.0,1.0,1.0
00010,2273997,1.0,USD,2024-10-31T00:00:00,2024-11-05T00:00:00,24391.75,24391.75,,0.0,0.0,0.0,0.0,15.0,15.0,23230.13,23230.13,,0.0,0.0,1.0,1.0
00010,2213,1.0,USD,2023-12-13T00:00:00,2024-02-07T00:00:00,-15188.8,-15188.8,,0.0,0.0,0.0,0.0,-11.0,-11.0,-7111.37,-7111.37,,0.0,0.0,1.0,1.0
00010,2379,1.0,USD,2024-10-24T00:00:00,2024-10-30T00:00:00,-29007.0,-29007.0,,0.0,0.0,0.0,0.0,-11.0,-11.0,-17507.16,-17507.16,,0.0,0.0,1.0,1.0
00010,2008,1.0,USD,2023-03-08T00:00:00,2023-03-17T00:00:00,-41424.0,-41424.0,,0.0,0.0,0.0,0.0,-30.0,-30.0,-400.44,-400.44,,0.0,0.0,1.0,1.0
00010,1907443,1.0,USD,2023-07-06T00:00:00,2023-09-27T00:00:00,15188.8,15188.8,,0.0,0.0,0.0,0.0,11.0,11.0,7111.37,7111.37,,0.0,0.0,1.0,1.0
00010,1607864,1.0,USD,2022-06-02T00:00:00,2023-01-11T00:00:00,63305.79,63305.79,,0.0,0.0,0.0,0.0,35.0,35.0,60291.0,60291.0,,0.0,0.0,1.0,1.0
00010,1624607,1.0,USD,2022-06-24T00:00:00,2023-01-31T00:00:00,282553.11,282553.11,,0.0,0.0,0.0,0.0,15.0,15.0,269098.2,269098.2,,0.0,0.0,1.0,1.0
00010,1670998,1.0,USD,2022-08-24T00:00:00,2023-04-20T00:00:00,20759.82,20759.82,,0.0,0.0,0.0,0.0,8.0,8.0,19771.2,19771.2,,0.0,0.0,1.0,1.0
00010,1727408,1.0,USD,2022-11-09T00:00:00,2023-01-17T00:00:00,9360.23,9360.23,,0.0,0.0,0.0,0.0,7.0,7.0,8914.5,8914.5,,0.0,0.0,1.0,1.0
00010,1749504,1.0,USD,2022-12-08T00:00:00,2023-01-17T00:00:00,10697.43,10697.43,,0.0,0.0,0.0,0.0,8.0,8.0,10188.0,10188.0,,0.0,0.0,1.0,1.0
00010,1780240,1.0,USD,2023-01-18T00:00:00,2023-04-06T00:00:00,68890.07,68890.07,,0.0,0.0,0.0,0.0,27.0,27.0,44323.2,44323.2,,0.0,0.0,1.0,1.0
00010,1790086,1.0,USD,2023-01-31T00:00:00,2023-03-06T00:00:00,20064.11,20064.11,,0.0,0.0,0.0,0.0,5.0,5.0,19108.7,19108.7,,0.0,0.0,1.0,1.0
00010,1881102,1.0,USD,2023-06-01T00:00:00,2023-06-08T00:00:00,2960.18,2960.18,,0.0,0.0,0.0,0.0,5.0,5.0,1694.06,1694.06,,0.0,0.0,1.0,1.0
00010,1886968,1.0,USD,2023-06-09T00:00:00,2023-10-24T00:00:00,93976.0,93976.0,,0.0,0.0,0.0,0.0,5.0,5.0,89500.95,89500.95,,0.0,0.0,1.0,1.0
00010,1932641,1.0,USD,2023-08-08T00:00:00,2023-08-30T00:00:00,11592.0,11592.0,,0.0,0.0,0.0,0.0,3.0,3.0,11040.0,11040.0,,0.0,0.0,1.0,1.0
00010,2019386,1.0,USD,2023-11-30T00:00:00,2023-12-06T00:00:00,262.13,262.13,,0.0,0.0,0.0,0.0,3.0,3.0,249.65,249.65,,0.0,0.0,1.0,1.0
00010,2027744,1.0,USD,2023-12-11T00:00:00,2023-12-19T00:00:00,8880.44,8880.44,,0.0,0.0,0.0,0.0,15.0,15.0,5071.38,5071.38,,0.0,0.0,1.0,1.0
00010,1818923,1.0,USD,2023-03-10T00:00:00,2023-04-04T00:00:00,24500.0,24500.0,,0.0,0.0,0.0,0.0,14.0,14.0,13181.0,13181.0,,0.0,0.0,1.0,1.0
00010,1606270,1.0,USD,2022-05-31T00:00:00,2023-01-20T00:00:00,196560.0,196560.0,,0.0,0.0,0.0,0.0,40.0,40.0,84978.0,84978.0,,0.0,0.0,1.0,1.0
00010,1693648,1.0,USD,2022-09-23T00:00:00,2023-02-02T00:00:00,20979.0,20979.0,,0.0,0.0,0.0,0.0,9.0,9.0,15080.18,15080.18,,0.0,0.0,1.0,1.0
00010,1723794,1.0,USD,2022-11-04T00:00:00,2023-01-05T00:00:00,31158.0,31158.0,,0.0,0.0,0.0,0.0,12.0,12.0,16788.6,16788.6,,0.0,0.0,1.0,1.0
00010,1781013,1.0,USD,2023-01-19T00:00:00,2023-03-08T00:00:00,41424.0,41424.0,,0.0,0.0,0.0,0.0,30.0,30.0,400.44,400.44,,0.0,0.0,1.0,1.0
00010,1781032,1.0,USD,2023-01-19T00:00:00,2023-03-08T00:00:00,41424.0,41424.0,,0.0,0.0,0.0,0.0,30.0,30.0,400.44,400.44,,0.0,0.0,1.0,1.0
00010,1781033,1.0,USD,2023-01-19T00:00:00,2023-03-14T00:00:00,67659.2,67659.2,,0.0,0.0,0.0,0.0,49.0,49.0,654.05,654.05,,0.0,0.0,1.0,1.0
00010,1785699,1.0,USD,2023-01-25T00:00:00,2023-01-31T00:00:00,53284.0,53284.0,,0.0,0.0,0.0,0.0,7.0,7.0,46723.6,46723.6,,0.0,0.0,1.0,1.0
00010,1789250,1.0,USD,2023-01-30T00:00:00,2023-03-23T00:00:00,52920.0,52920.0,,0.0,0.0,0.0,0.0,16.0,16.0,37980.0,37980.0,,0.0,0.0,1.0,1.0
00010,1796067,1.0,USD,2023-02-08T00:00:00,2023-03-03T00:00:00,29916.0,29916.0,,0.0,0.0,0.0,0.0,12.0,12.0,20534.58,20534.58,,0.0,0.0,1.0,1.0
00010,1796176,1.0,USD,2023-02-08T00:00:00,2023-02-14T00:00:00,60390.0,60390.0,,0.0,0.0,0.0,0.0,5.0,5.0,39743.0,39743.0,,0.0,0.0,1.0,1.0
00010,1817300,1.0,USD,2023-03-08T00:00:00,2023-03-10T00:00:00,82848.0,82848.0,,0.0,0.0,0.0,0.0,60.0,60.0,800.88,800.88,,0.0,0.0,1.0,1.0
00010,1828911,1.0,USD,2023-03-24T00:00:00,2023-04-24T00:00:00,8221.5,8221.5,,0.0,0.0,0.0,0.0,3.0,3.0,5133.65,5133.65,,0.0,0.0,1.0,1.0
00010,1830598,1.0,USD,2023-03-27T00:00:00,2023-04-18T00:00:00,111844.8,111844.8,,0.0,0.0,0.0,0.0,81.0,81.0,36236.48,36236.48,,0.0,0.0,1.0,1.0
00010,1844105,1.0,USD,2023-04-13T00:00:00,2023-04-19T00:00:00,8221.5,8221.5,,0.0,0.0,0.0,0.0,3.0,3.0,5133.65,5133.65,,0.0,0.0,1.0,1.0
00010,1847836,1.0,USD,2023-04-18T00:00:00,2023-06-07T00:00:00,29767.5,29767.5,,0.0,0.0,0.0,0.0,9.0,9.0,21363.75,21363.75,,0.0,0.0,1.0,1.0
00010,1866171,1.0,USD,2023-05-12T00:00:00,2023-05-18T00:00:00,9922.5,9922.5,,0.0,0.0,0.0,0.0,3.0,3.0,7121.25,7121.25,,0.0,0.0,1.0,1.0
00010,1886743,1.0,USD,2023-06-09T00:00:00,2023-06-28T00:00:00,31644.0,31644.0,,0.0,0.0,0.0,0.0,12.0,12.0,19699.2,19699.2,,0.0,0.0,1.0,1.0
00010,1886744,1.0,USD,2023-06-09T00:00:00,2023-07-31T00:00:00,31644.0,31644.0,,0.0,0.0,0.0,0.0,12.0,12.0,19699.2,19699.2,,0.0,0.0,1.0,1.0
00010,1886762,1.0,USD,2023-06-09T00:00:00,2023-10-24T00:00:00,29007.0,29007.0,,0.0,0.0,0.0,0.0,11.0,11.0,17507.16,17507.16,,0.0,0.0,1.0,1.0
00010,1915849,1.0,USD,2023-07-17T00:00:00,2023-08-08T00:00:00,29916.0,29916.0,,0.0,0.0,0.0,0.0,12.0,12.0,19530.18,19530.18,,0.0,0.0,1.0,1.0
00010,1922527,1.0,USD,2023-07-26T00:00:00,2023-08-03T00:00:00,33336.0,33336.0,,0.0,0.0,0.0,0.0,8.0,8.0,40780.67,40780.67,,0.0,0.0,1.0,1.0
00010,1949378,1.0,USD,2023-08-30T00:00:00,2023-09-07T00:00:00,1707.6,1707.6,,0.0,0.0,0.0,0.0,3.0,3.0,1014.28,1014.28,,0.0,0.0,1.0,1.0
00010,1955625,1.0,USD,2023-09-07T00:00:00,2023-09-14T00:00:00,84546.0,84546.0,,0.0,0.0,0.0,0.0,7.0,7.0,54285.0,54285.0,,0.0,0.0,1.0,1.0
00010,1969343,1.0,USD,2023-09-25T00:00:00,2023-09-27T00:00:00,84546.0,84546.0,,0.0,0.0,0.0,0.0,7.0,7.0,54285.0,54285.0,,0.0,0.0,1.0,1.0
00010,1971016,1.0,USD,2023-09-27T00:00:00,2023-11-30T00:00:00,19845.0,19845.0,,0.0,0.0,0.0,0.0,6.0,6.0,13146.3,13146.3,,0.0,0.0,1.0,1.0
00010,1976968,1.0,USD,2023-10-05T00:00:00,2023-10-10T00:00:00,15479.2,15479.2,,0.0,0.0,0.0,0.0,11.0,11.0,7251.73,7251.73,,0.0,0.0,1.0,1.0
00010,2022629,1.0,USD,2023-12-04T00:00:00,2023-12-06T00:00:00,38191.5,38191.5,,0.0,0.0,0.0,0.0,9.0,9.0,19986.75,19986.75,,0.0,0.0,1.0,1.0
00030,2743123,1.0,USD,2026-07-14T00:00:00,1900-01-01T00:00:00,73299.49,73299.49,,0.0,0.0,0.0,0.0,7144.2,7144.2,52309.72,52309.72,,0.0,0.0,1.0,1.0
00030,1238210,1.0,USD,2020-11-26T00:00:00,2020-12-28T00:00:00,2370.48,2370.48,,0.0,0.0,0.0,0.0,408.0,408.0,1298.7,1298.7,,0.0,0.0,1.0,1.0
00030,1076803,1.0,USD,2020-02-11T00:00:00,2020-02-23T00:00:00,500.04,500.04,,0.0,0.0,0.0,0.0,36.0,36.0,387.55,387.55,,0.0,0.0,1.0,1.0
00030,1129557,1.0,USD,2020-05-20T00:00:00,2020-06-08T00:00:00,9912.71,9912.71,,0.0,0.0,0.0,0.0,840.06,840.06,15909.75,15909.75,,0.0,0.0,1.0,1.0
00030,1200391,1.0,USD,2020-09-22T00:00:00,2020-10-02T00:00:00,1185.24,1185.24,,0.0,0.0,0.0,0.0,204.0,204.0,649.35,649.35,,0.0,0.0,1.0,1.0
00030,1217784,1.0,USD,2020-10-22T00:00:00,2020-11-03T00:00:00,513.36,513.36,,0.0,0.0,0.0,0.0,72.0,72.0,259.6,259.6,,0.0,0.0,1.0,1.0
00030,1545582,1.0,USD,2022-03-07T00:00:00,2022-06-17T00:00:00,14412.6,14412.6,,0.0,0.0,0.0,0.0,1836.0,1836.0,11564.78,11564.78,,0.0,0.0,1.0,1.0
00030,1177775,1.0,USD,2020-08-13T00:00:00,2020-08-14T00:00:00,2228.18,2228.18,,0.0,0.0,0.0,0.0,781.8182,781.8182,2228.18,2228.18,,0.0,0.0,1.0,1.0
00030,1207223,1.0,USD,2020-10-04T00:00:00,2020-10-05T00:00:00,2228.18,2228.18,,0.0,0.0,0.0,0.0,781.8182,781.8182,2228.18,2228.18,,0.0,0.0,1.0,1.0
00030,1285449,1.0,USD,2021-02-09T00:00:00,2021-02-10T00:00:00,4456.36,4456.36,,0.0,0.0,0.0,0.0,1563.6364,1563.6364,4456.36,4456.36,,0.0,0.0,1.0,1.0
00030,1336963,1.0,USD,2021-05-04T00:00:00,2021-05-04T00:00:00,2223.53,2223.53,,0.0,0.0,0.0,0.0,780.187,780.187,2223.53,2223.53,,0.0,0.0,1.0,1.0
00030,1410237,1.0,USD,2021-08-27T00:00:00,2021-08-27T00:00:00,2408.0,2408.0,,0.0,0.0,0.0,0.0,781.8182,781.8182,2408.0,2408.0,,0.0,0.0,1.0,1.0
00030,1449455,1.0,USD,2021-10-21T00:00:00,2021-10-21T00:00:00,2408.0,2408.0,,0.0,0.0,0.0,0.0,781.8182,781.8182,2408.0,2408.0,,0.0,0.0,1.0,1.0
00030,1502091,1.0,USD,2022-01-03T00:00:00,2022-01-03T00:00:00,2831.75,2831.75,,0.0,0.0,0.0,0.0,781.8182,781.8182,2831.75,2831.75,,0.0,0.0,1.0,1.0
00030,1514275,1.0,USD,2022-01-20T00:00:00,2022-01-20T00:00:00,2831.75,2831.75,,0.0,0.0,0.0,0.0,781.8182,781.8182,2831.75,2831.75,,0.0,0.0,1.0,1.0
00030,1561569,1.0,USD,2022-03-31T00:00:00,2022-03-31T00:00:00,2831.75,2831.75,,0.0,0.0,0.0,0.0,781.8182,781.8182,2831.75,2831.75,,0.0,0.0,1.0,1.0
00030,1709751,1.0,USD,2022-10-17T00:00:00,2022-10-17T00:00:00,2825.88,2825.88,,0.0,0.0,0.0,0.0,780.2,780.2,2825.88,2825.88,,0.0,0.0,1.0,1.0
00030,2332652,1.0,USD,2025-01-17T00:00:00,2025-01-17T00:00:00,3698.05,3698.05,,0.0,0.0,0.0,0.0,780.18,780.18,3698.05,3698.05,,0.0,0.0,1.0,1.0
00030,2488886,1.0,USD,2025-08-12T00:00:00,2025-08-14T00:00:00,2844.04,2844.04,,0.0,0.0,0.0,0.0,450.007,450.007,1575.43,1575.43,,0.0,0.0,1.0,1.0
00030,2358349,1.0,USD,2025-02-20T00:00:00,2025-02-20T00:00:00,3698.15,3698.15,,0.0,0.0,0.0,0.0,780.2,780.2,3698.15,3698.15,,0.0,0.0,1.0,1.0
00030,2445525,1.0,USD,2025-06-16T00:00:00,2025-06-16T00:00:00,3698.15,3698.15,,0.0,0.0,0.0,0.0,780.2,780.2,3698.15,3698.15,,0.0,0.0,1.0,1.0
00030,2584547,1.0,USD,2025-12-16T00:00:00,2025-12-16T00:00:00,3698.15,3698.15,,0.0,0.0,0.0,0.0,780.2,780.2,3698.15,3698.15,,0.0,0.0,1.0,1.0
00030,2327571,1.0,USD,2025-01-10T00:00:00,2025-03-12T00:00:00,235.82,235.82,,0.0,0.0,0.0,0.0,18.14,18.14,162.55,162.55,,0.0,0.0,1.0,1.0
00030,2435907,1.0,USD,2025-06-03T00:00:00,2025-08-19T00:00:00,43421.74,43421.74,,0.0,0.0,0.0,0.0,4286.45,4286.45,33083.48,33083.48,,0.0,0.0,1.0,1.0
00030,2485910,1.0,USD,2025-08-08T00:00:00,2025-08-19T00:00:00,468.0,468.0,,0.0,0.0,0.0,0.0,36.0,36.0,23.66,23.66,,0.0,0.0,1.0,1.0
00030,2525605,1.0,USD,2025-09-29T00:00:00,2025-10-28T00:00:00,1638.0,1638.0,,0.0,0.0,0.0,0.0,126.0,126.0,1018.18,1018.18,,0.0,0.0,1.0,1.0
00030,2527739,1.0,USD,2025-10-02T00:00:00,2025-12-22T00:00:00,16541.58,16541.58,,0.0,0.0,0.0,0.0,1632.93,1632.93,11956.29,11956.29,,0.0,0.0,1.0,1.0
00030,2489712,1.0,USD,2025-08-13T00:00:00,2025-08-13T00:00:00,23.8462,23.8462,,0.0,0.0,0.0,0.0,2.0,2.0,23.85,23.85,,0.0,0.0,1.0,1.0
00030,2535987,1.0,USD,2025-10-13T00:00:00,2025-10-13T00:00:00,1026.3036,1026.3036,,0.0,0.0,0.0,0.0,7.0,7.0,1026.31,1026.31,,0.0,0.0,1.0,1.0
00030,2608262,1.0,USD,2026-01-16T00:00:00,2026-01-17T00:00:00,2843.97,2843.97,,0.0,0.0,0.0,0.0,449.996,449.996,1494.53,1494.53,,0.0,0.0,1.0,1.0
00030,2649604,1.0,USD,2026-03-13T00:00:00,2026-03-16T00:00:00,2843.97,2843.97,,0.0,0.0,0.0,0.0,449.996,449.996,1494.53,1494.53,,0.0,0.0,1.0,1.0
00030,2721401,1.0,USD,2026-06-15T00:00:00,2026-06-16T00:00:00,2956.5,2956.5,,0.0,0.0,0.0,0.0,450.0,450.0,1494.54,1494.54,,0.0,0.0,1.0,1.0
00030,2601152,1.0,USD,2026-01-07T00:00:00,2026-01-07T00:00:00,3698.15,3698.15,,0.0,0.0,0.0,0.0,780.2,780.2,3698.15,3698.15,,0.0,0.0,1.0,1.0
00030,2611783,1.0,USD,2026-01-21T00:00:00,2026-01-21T00:00:00,3698.15,3698.15,,0.0,0.0,0.0,0.0,780.2,780.2,3698.15,3698.15,,0.0,0.0,1.0,1.0
00030,2617160,1.0,USD,2026-01-28T00:00:00,2026-01-28T00:00:00,3698.15,3698.15,,0.0,0.0,0.0,0.0,780.2,780.2,3698.15,3698.15,,0.0,0.0,1.0,1.0
00030,2649554,1.0,USD,2026-03-13T00:00:00,2026-03-13T00:00:00,3698.15,3698.15,,0.0,0.0,0.0,0.0,780.2,780.2,3698.15,3698.15,,0.0,0.0,1.0,1.0
00030,2659657,1.0,USD,2026-03-26T00:00:00,2026-03-26T00:00:00,3698.15,3698.15,,0.0,0.0,0.0,0.0,780.2,780.2,3698.15,3698.15,,0.0,0.0,1.0,1.0
00030,2670898,1.0,USD,2026-04-10T00:00:00,2026-04-10T00:00:00,3698.15,3698.15,,0.0,0.0,0.0,0.0,780.2,780.2,3698.15,3698.15,,0.0,0.0,1.0,1.0
00030,2607351,1.0,USD,2026-01-15T00:00:00,2026-01-28T00:00:00,2106.0,2106.0,,0.0,0.0,0.0,0.0,162.0,162.0,1286.91,1286.91,,0.0,0.0,1.0,1.0
00030,2622673,1.0,USD,2026-02-04T00:00:00,2026-03-16T00:00:00,2067.74,2067.74,,0.0,0.0,0.0,0.0,204.12,204.12,1494.56,1494.56,,0.0,0.0,1.0,1.0
00030,2645220,1.0,USD,2026-03-06T00:00:00,2026-04-02T00:00:00,2106.0,2106.0,,0.0,0.0,0.0,0.0,162.0,162.0,1287.81,1287.81,,0.0,0.0,1.0,1.0
00030,2648134,1.0,USD,2026-03-11T00:00:00,2026-05-07T00:00:00,70301.9,70301.9,,0.0,0.0,0.0,0.0,6939.97,6939.97,50814.35,50814.35,,0.0,0.0,1.0,1.0
00030,2712130,1.0,USD,2026-06-03T00:00:00,2026-06-27T00:00:00,1179.34,1179.34,,0.0,0.0,0.0,0.0,90.7186,90.7186,721.16,721.16,,0.0,0.0,1.0,1.0
00030,2610406,1.0,USD,2026-01-19T00:00:00,2026-01-19T00:00:00,1297.178,1297.178,,0.0,0.0,0.0,0.0,9.0,9.0,1297.19,1297.19,,0.0,0.0,1.0,1.0
00030,2653239,1.0,USD,2026-03-18T00:00:00,2026-03-18T00:00:00,1298.0867,1298.0867,,0.0,0.0,0.0,0.0,9.0,9.0,1298.09,1298.09,,0.0,0.0,1.0,1.0
00030,2653255,1.0,USD,2026-03-18T00:00:00,2026-03-18T00:00:00,1298.0867,1298.0867,,0.0,0.0,0.0,0.0,9.0,9.0,1298.09,1298.09,,0.0,0.0,1.0,1.0
00030,2722933,1.0,USD,2026-06-17T00:00:00,2026-06-17T00:00:00,576.93,576.93,,0.0,0.0,0.0,0.0,4.0,4.0,576.93,576.93,,0.0,0.0,1.0,1.0
00030,2134056,1.0,USD,2024-04-30T00:00:00,2024-06-12T00:00:00,38492.32,38492.32,,0.0,0.0,0.0,0.0,4286.45,4286.45,33083.48,33083.48,,0.0,0.0,1.0,1.0
00030,2156126,1.0,USD,2024-05-29T00:00:00,2024-06-25T00:00:00,17388.74,17388.74,,0.0,0.0,0.0,0.0,1428.82,1428.82,11027.85,11027.85,,0.0,0.0,1.0,1.0
00030,2167583,1.0,USD,2024-06-13T00:00:00,2024-07-17T00:00:00,2484.14,2484.14,,0.0,0.0,0.0,0.0,204.12,204.12,1575.43,1575.43,,0.0,0.0,1.0,1.0
00030,2197143,1.0,USD,2024-07-22T00:00:00,2024-10-11T00:00:00,35150.9,35150.9,,0.0,0.0,0.0,0.0,3469.98,3469.98,26781.84,26781.84,,0.0,0.0,1.0,1.0
00030,2258398,1.0,USD,2024-10-11T00:00:00,2024-12-09T00:00:00,70301.9,70301.9,,0.0,0.0,0.0,0.0,6939.97,6939.97,53563.76,53563.76,,0.0,0.0,1.0,1.0
00030,2274437,1.0,USD,2024-11-01T00:00:00,2024-11-07T00:00:00,5498.9,5498.9,,0.0,0.0,0.0,0.0,612.35,612.35,4726.21,4726.21,,0.0,0.0,1.0,1.0
00030,2156047,1.0,USD,2024-05-29T00:00:00,2024-05-29T00:00:00,3390.75,3390.75,,0.0,0.0,0.0,0.0,780.2,780.2,3390.75,3390.75,,0.0,0.0,1.0,1.0
00030,2173490,1.0,USD,2024-06-21T00:00:00,2024-06-21T00:00:00,3390.75,3390.75,,0.0,0.0,0.0,0.0,780.2,780.2,3390.75,3390.75,,0.0,0.0,1.0,1.0
00030,2219679,1.0,USD,2024-08-21T00:00:00,2024-08-22T00:00:00,3390.75,3390.75,,0.0,0.0,0.0,0.0,780.2,780.2,3390.75,3390.75,,0.0,0.0,1.0,1.0
00030,2274434,1.0,USD,2024-11-01T00:00:00,2024-11-01T00:00:00,3390.66,3390.66,,0.0,0.0,0.0,0.0,780.18,780.18,3390.66,3390.66,,0.0,0.0,1.0,1.0
00030,2283639,1.0,USD,2024-11-13T00:00:00,2024-11-13T00:00:00,3390.66,3390.66,,0.0,0.0,0.0,0.0,780.18,780.18,3390.66,3390.66,,0.0,0.0,1.0,1.0
00030,1993322,1.0,USD,2023-10-27T00:00:00,2023-10-27T00:00:00,3390.75,3390.75,,0.0,0.0,0.0,0.0,780.2,780.2,3390.75,3390.75,,0.0,0.0,1.0,1.0
00030,2039653,1.0,USD,2023-12-27T00:00:00,2023-12-27T00:00:00,3390.75,3390.75,,0.0,0.0,0.0,0.0,780.2,780.2,3390.75,3390.75,,0.0,0.0,1.0,1.0
00030,1855083,1.0,USD,2023-04-28T00:00:00,2023-05-02T00:00:00,3446.03,3446.03,,0.0,0.0,0.0,0.0,780.1737,780.1737,3446.03,3446.03,,0.0,0.0,1.0,1.0
00030,1405410,1.0,USD,2021-08-20T00:00:00,2021-08-23T00:00:00,0.0,0.0,,0.0,0.0,0.0,0.0,780.187,780.187,2402.98,2402.98,,0.0,0.0,1.0,1.0
00030,1062770,1.0,USD,2020-01-15T00:00:00,2020-01-19T00:00:00,0.0,0.0,,0.0,0.0,0.0,0.0,781.8182,781.8182,3522.87,3522.87,,0.0,0.0,1.0,1.0
00030,1077458,1.0,USD,2020-02-13T00:00:00,2020-02-17T00:00:00,0.0,0.0,,0.0,0.0,0.0,0.0,778.1818,778.1818,3506.49,3506.49,,0.0,0.0,1.0,1.0
00030,1080551,1.0,USD,2020-02-19T00:00:00,2020-02-23T00:00:00,0.0,0.0,,0.0,0.0,0.0,0.0,781.8182,781.8182,3522.87,3522.87,,0.0,0.0,1.0,1.0
00030,1084781,1.0,USD,2020-02-26T00:00:00,2020-02-28T00:00:00,0.0,0.0,,0.0,0.0,0.0,0.0,781.8182,781.8182,3522.87,3522.87,,0.0,0.0,1.0,1.0
00030,1085279,1.0,USD,2020-02-27T00:00:00,2020-03-09T00:00:00,0.0,0.0,,0.0,0.0,0.0,0.0,781.8182,781.8182,3522.87,3522.87,,0.0,0.0,1.0,1.0
00030,1090996,1.0,USD,2020-03-09T00:00:00,2020-03-15T00:00:00,0.0,0.0,,0.0,0.0,0.0,0.0,781.8182,781.8182,3522.87,3522.87,,0.0,0.0,1.0,1.0
00030,1110365,1.0,USD,2020-04-16T00:00:00,2020-04-17T00:00:00,0.0,0.0,,0.0,0.0,0.0,0.0,781.8182,781.8182,3522.87,3522.87,,0.0,0.0,1.0,1.0
00030,1122252,1.0,USD,2020-05-07T00:00:00,2020-05-12T00:00:00,0.0,0.0,,0.0,0.0,0.0,0.0,781.8182,781.8182,3522.87,3522.87,,0.0,0.0,1.0,1.0
00030,1130118,1.0,USD,2020-05-21T00:00:00,2020-05-26T00:00:00,0.0,0.0,,0.0,0.0,0.0,0.0,781.8182,781.8182,3522.87,3522.87,,0.0,0.0,1.0,1.0
00030,1135453,1.0,USD,2020-05-31T00:00:00,2020-06-08T00:00:00,0.0,0.0,,0.0,0.0,0.0,0.0,781.8182,781.8182,3522.87,3522.87,,0.0,0.0,1.0,1.0
00030,1148007,1.0,USD,2020-06-22T00:00:00,2020-06-24T00:00:00,0.0,0.0,,0.0,0.0,0.0,0.0,781.8182,781.8182,2228.18,2228.18,,0.0,0.0,1.0,1.0
00030,1155332,1.0,USD,2020-07-05T00:00:00,2020-07-14T00:00:00,0.0,0.0,,0.0,0.0,0.0,0.0,781.8182,781.8182,2228.18,2228.18,,0.0,0.0,1.0,1.0
00030,1160002,1.0,USD,2020-07-14T00:00:00,2020-07-20T00:00:00,0.0,0.0,,0.0,0.0,0.0,0.0,781.8182,781.8182,2228.18,2228.18,,0.0,0.0,1.0,1.0
00030,1199198,1.0,USD,2020-09-20T00:00:00,2020-09-22T00:00:00,0.0,0.0,,0.0,0.0,0.0,0.0,781.8182,781.8182,2228.18,2228.18,,0.0,0.0,1.0,1.0
00030,1200379,1.0,USD,2020-09-22T00:00:00,2020-09-24T00:00:00,0.0,0.0,,0.0,0.0,0.0,0.0,781.8182,781.8182,2228.18,2228.18,,0.0,0.0,1.0,1.0
00030,1244794,1.0,USD,2020-12-06T00:00:00,2020-12-08T00:00:00,0.0,0.0,,0.0,0.0,0.0,0.0,781.8182,781.8182,2228.18,2228.18,,0.0,0.0,1.0,1.0
00030,1245522,1.0,USD,2020-12-07T00:00:00,2020-12-09T00:00:00,0.0,0.0,,0.0,0.0,0.0,0.0,781.8182,781.8182,2228.18,2228.18,,0.0,0.0,1.0,1.0
00030,1246746,1.0,USD,2020-12-09T00:00:00,2020-12-11T00:00:00,0.0,0.0,,0.0,0.0,0.0,0.0,781.8182,781.8182,2228.18,2228.18,,0.0,0.0,1.0,1.0
00030,1262262,1.0,USD,2021-01-04T00:00:00,2021-01-05T00:00:00,0.0,0.0,,0.0,0.0,0.0,0.0,781.8182,781.8182,2228.18,2228.18,,0.0,0.0,1.0,1.0
00030,1271137,1.0,USD,2021-01-18T00:00:00,2021-01-19T00:00:00,0.0,0.0,,0.0,0.0,0.0,0.0,781.8182,781.8182,2228.18,2228.18,,0.0,0.0,1.0,1.0
00030,1290456,1.0,USD,2021-02-18T00:00:00,2021-02-19T00:00:00,0.0,0.0,,0.0,0.0,0.0,0.0,781.8182,781.8182,2228.18,2228.18,,0.0,0.0,1.0,1.0
00030,1294246,1.0,USD,2021-02-24T00:00:00,2021-02-25T00:00:00,0.0,0.0,,0.0,0.0,0.0,0.0,781.8182,781.8182,2228.18,2228.18,,0.0,0.0,1.0,1.0
00030,1295597,1.0,USD,2021-02-26T00:00:00,2021-03-01T00:00:00,0.0,0.0,,0.0,0.0,0.0,0.0,781.8182,781.8182,2228.18,2228.18,,0.0,0.0,1.0,1.0
00030,1304385,1.0,USD,2021-03-12T00:00:00,2021-03-15T00:00:00,0.0,0.0,,0.0,0.0,0.0,0.0,781.8182,781.8182,2228.18,2228.18,,0.0,0.0,1.0,1.0
00030,1332003,1.0,USD,2021-04-26T00:00:00,2021-04-27T00:00:00,0.0,0.0,,0.0,0.0,0.0,0.0,780.187,780.187,2223.53,2223.53,,0.0,0.0,1.0,1.0
00030,1333907,1.0,USD,2021-04-29T00:00:00,2021-04-30T00:00:00,0.0,0.0,,0.0,0.0,0.0,0.0,1560.374,1560.374,4447.07,4447.07,,0.0,0.0,1.0,1.0
00030,1360040,1.0,USD,2021-06-10T00:00:00,2021-06-11T00:00:00,0.0,0.0,,0.0,0.0,0.0,0.0,780.187,780.187,2223.53,2223.53,,0.0,0.0,1.0,1.0
00030,1362460,1.0,USD,2021-06-14T00:00:00,2021-06-15T00:00:00,0.0,0.0,,0.0,0.0,0.0,0.0,780.187,780.187,2223.53,2223.53,,0.0,0.0,1.0,1.0
00030,1377763,1.0,USD,2021-07-08T00:00:00,2021-07-09T00:00:00,0.0,0.0,,0.0,0.0,0.0,0.0,780.187,780.187,2402.98,2402.98,,0.0,0.0,1.0,1.0
00030,1380854,1.0,USD,2021-07-13T00:00:00,2021-07-14T00:00:00,0.0,0.0,,0.0,0.0,0.0,0.0,780.187,780.187,2402.98,2402.98,,0.0,0.0,1.0,1.0
00030,1399639,1.0,USD,2021-08-12T00:00:00,2021-08-13T00:00:00,0.0,0.0,,0.0,0.0,0.0,0.0,780.187,780.187,2402.98,2402.98,,0.0,0.0,1.0,1.0
00030,1408315,1.0,USD,2021-08-24T00:00:00,2021-08-25T00:00:00,0.0,0.0,,0.0,0.0,0.0,0.0,773.6502,773.6502,2382.84,2382.84,,0.0,0.0,1.0,1.0
00030,1412573,1.0,USD,2021-08-30T00:00:00,2021-08-31T00:00:00,0.0,0.0,,0.0,0.0,0.0,0.0,781.8182,781.8182,2408.0,2408.0,,0.0,0.0,1.0,1.0
00030,1433761,1.0,USD,2021-09-29T00:00:00,2021-09-30T00:00:00,0.0,0.0,,0.0,0.0,0.0,0.0,781.8182,781.8182,2408.0,2408.0,,0.0,0.0,1.0,1.0
00030,1477259,1.0,USD,2021-11-29T00:00:00,2021-11-30T00:00:00,0.0,0.0,,0.0,0.0,0.0,0.0,781.8182,781.8182,2408.0,2408.0,,0.0,0.0,1.0,1.0
00030,1493751,1.0,USD,2021-12-22T00:00:00,2021-12-23T00:00:00,0.0,0.0,,0.0,0.0,0.0,0.0,781.8182,781.8182,2408.0,2408.0,,0.0,0.0,1.0,1.0
00030,1504429,1.0,USD,2022-01-06T00:00:00,2022-01-07T00:00:00,0.0,0.0,,0.0,0.0,0.0,0.0,781.8182,781.8182,2831.75,2831.75,,0.0,0.0,1.0,1.0
00030,1531555,1.0,USD,2022-02-14T00:00:00,2022-02-15T00:00:00,0.0,0.0,,0.0,0.0,0.0,0.0,781.8182,781.8182,2831.75,2831.75,,0.0,0.0,1.0,1.0
00030,1532878,1.0,USD,2022-02-16T00:00:00,2022-02-21T00:00:00,0.0,0.0,,0.0,0.0,0.0,0.0,781.8182,781.8182,2831.75,2831.75,,0.0,0.0,1.0,1.0
00030,1542247,1.0,USD,2022-03-02T00:00:00,2022-03-03T00:00:00,0.0,0.0,,0.0,0.0,0.0,0.0,781.8182,781.8182,2831.75,2831.75,,0.0,0.0,1.0,1.0
00030,1543686,1.0,USD,2022-03-04T00:00:00,2022-03-07T00:00:00,0.0,0.0,,0.0,0.0,0.0,0.0,781.8182,781.8182,2831.75,2831.75,,0.0,0.0,1.0,1.0
00030,1561711,1.0,USD,2022-03-31T00:00:00,2022-04-01T00:00:00,0.0,0.0,,0.0,0.0,0.0,0.0,781.8182,781.8182,2831.75,2831.75,,0.0,0.0,1.0,1.0
00030,1585430,1.0,USD,2022-05-04T00:00:00,2022-05-06T00:00:00,0.0,0.0,,0.0,0.0,0.0,0.0,779.3712,779.3712,2822.88,2822.88,,0.0,0.0,1.0,1.0
00030,1596883,1.0,USD,2022-05-19T00:00:00,2022-05-20T00:00:00,0.0,0.0,,0.0,0.0,0.0,0.0,779.3712,779.3712,2822.88,2822.88,,0.0,0.0,1.0,1.0
00030,1607645,1.0,USD,2022-06-02T00:00:00,2022-06-03T00:00:00,0.0,0.0,,0.0,0.0,0.0,0.0,779.3712,779.3712,2822.88,2822.88,,0.0,0.0,1.0,1.0
00030,1613754,1.0,USD,2022-06-10T00:00:00,2022-06-13T00:00:00,0.0,0.0,,0.0,0.0,0.0,0.0,779.3712,779.3712,2822.88,2822.88,,0.0,0.0,1.0,1.0
00030,1628177,1.0,USD,2022-06-29T00:00:00,2022-06-30T00:00:00,0.0,0.0,,0.0,0.0,0.0,0.0,779.3712,779.3712,2822.88,2822.88,,0.0,0.0,1.0,1.0
00030,1629731,1.0,USD,2022-07-01T00:00:00,2022-07-02T00:00:00,0.0,0.0,,0.0,0.0,0.0,0.0,779.3712,779.3712,2822.88,2822.88,,0.0,0.0,1.0,1.0
00030,1644232,1.0,USD,2022-07-20T00:00:00,2022-07-21T00:00:00,0.0,0.0,,0.0,0.0,0.0,0.0,779.3712,779.3712,2822.88,2822.88,,0.0,0.0,1.0,1.0
00030,1685836,1.0,USD,2022-09-13T00:00:00,2022-09-14T00:00:00,0.0,0.0,,0.0,0.0,0.0,0.0,779.3712,779.3712,2822.88,2822.88,,0.0,0.0,1.0,1.0
00030,1687397,1.0,USD,2022-09-15T00:00:00,2022-09-16T00:00:00,0.0,0.0,,0.0,0.0,0.0,0.0,0.0001,0.0001,0.0,0.0,,0.0,0.0,1.0,1.0
00030,1709752,1.0,USD,2022-10-17T00:00:00,2022-10-18T00:00:00,0.0,0.0,,0.0,0.0,0.0,0.0,780.2,780.2,2825.88,2825.88,,0.0,0.0,1.0,1.0
00030,1749093,1.0,USD,2022-12-08T00:00:00,2022-12-09T00:00:00,0.0,0.0,,0.0,0.0,0.0,0.0,780.2,780.2,2825.88,2825.88,,0.0,0.0,1.0,1.0
00030,1764811,1.0,USD,2022-12-29T00:00:00,2022-12-30T00:00:00,0.0,0.0,,0.0,0.0,0.0,0.0,780.2,780.2,2825.88,2825.88,,0.0,0.0,1.0,1.0
00030,2347718,1.0,USD,2025-02-06T00:00:00,2025-02-07T00:00:00,0.0,0.0,,0.0,0.0,0.0,0.0,780.14,780.14,3697.86,3697.86,,0.0,0.0,1.0,1.0
00030,2356916,1.0,USD,2025-02-18T00:00:00,2025-02-19T00:00:00,0.0,0.0,,0.0,0.0,0.0,0.0,780.042,780.042,3697.4,3697.4,,0.0,0.0,1.0,1.0
00030,2369761,1.0,USD,2025-03-07T00:00:00,2025-03-10T00:00:00,0.0,0.0,,0.0,0.0,0.0,0.0,780.2,780.2,3698.15,3698.15,,0.0,0.0,1.0,1.0
00030,2464653,1.0,USD,2025-07-11T00:00:00,2025-07-14T00:00:00,0.0,0.0,,0.0,0.0,0.0,0.0,780.2,780.2,3698.15,3698.15,,0.0,0.0,1.0,1.0
00030,2467638,1.0,USD,2025-07-15T00:00:00,2025-07-16T00:00:00,0.0,0.0,,0.0,0.0,0.0,0.0,780.2,780.2,3698.15,3698.15,,0.0,0.0,1.0,1.0
00030,2469962,1.0,USD,2025-07-18T00:00:00,2025-07-21T00:00:00,0.0,0.0,,0.0,0.0,0.0,0.0,780.2,780.2,3698.15,3698.15,,0.0,0.0,1.0,1.0
00030,2501881,1.0,USD,2025-08-29T00:00:00,2025-09-01T00:00:00,0.0,0.0,,0.0,0.0,0.0,0.0,780.2,780.2,3698.15,3698.15,,0.0,0.0,1.0,1.0
00030,2517879,1.0,USD,2025-09-19T00:00:00,2025-09-22T00:00:00,0.0,0.0,,0.0,0.0,0.0,0.0,780.2,780.2,3698.15,3698.15,,0.0,0.0,1.0,1.0
00030,2573919,1.0,USD,2025-12-02T00:00:00,2025-12-03T00:00:00,0.0,0.0,,0.0,0.0,0.0,0.0,780.2,780.2,3698.15,3698.15,,0.0,0.0,1.0,1.0
00030,2575555,1.0,USD,2025-12-04T00:00:00,2025-12-05T00:00:00,0.0,0.0,,0.0,0.0,0.0,0.0,780.2,780.2,3698.15,3698.15,,0.0,0.0,1.0,1.0
00030,2452404,1.0,USD,2025-06-25T00:00:00,2025-06-26T00:00:00,0.0,0.0,,0.0,0.0,0.0,0.0,780.2,780.2,3698.15,3698.15,,0.0,0.0,1.0,1.0
00030,2540824,1.0,USD,2025-10-19T00:00:00,2025-10-21T00:00:00,0.0,0.0,,0.0,0.0,0.0,0.0,780.2,780.2,3698.15,3698.15,,0.0,0.0,1.0,1.0
00030,2728753,1.0,USD,2026-06-25T00:00:00,2026-06-26T00:00:00,0.0,0.0,,0.0,0.0,0.0,0.0,780.18,780.18,3698.05,3698.05,,0.0,0.0,1.0,1.0
00030,2657303,1.0,USD,2026-03-23T00:00:00,2026-03-24T00:00:00,0.0,0.0,,0.0,0.0,0.0,0.0,780.2,780.2,3698.15,3698.15,,0.0,0.0,1.0,1.0
00030,2680754,1.0,USD,2026-04-23T00:00:00,2026-04-24T00:00:00,0.0,0.0,,0.0,0.0,0.0,0.0,780.2,780.2,3698.15,3698.15,,0.0,0.0,1.0,1.0
00030,2705227,1.0,USD,2026-05-25T00:00:00,2026-05-26T00:00:00,0.0,0.0,,0.0,0.0,0.0,0.0,780.2,780.2,3698.15,3698.15,,0.0,0.0,1.0,1.0
00030,2707635,1.0,USD,2026-05-28T00:00:00,2026-05-29T00:00:00,0.0,0.0,,0.0,0.0,0.0,0.0,780.04,780.04,3697.39,3697.39,,0.0,0.0,1.0,1.0
00030,2708366,1.0,USD,2026-05-29T00:00:00,2026-06-02T00:00:00,0.0,0.0,,0.0,0.0,0.0,0.0,780.18,780.18,3698.05,3698.05,,0.0,0.0,1.0,1.0
00030,2716048,1.0,USD,2026-06-08T00:00:00,2026-06-09T00:00:00,0.0,0.0,,0.0,0.0,0.0,0.0,780.18,780.18,3698.05,3698.05,,0.0,0.0,1.0,1.0
00030,2743196,1.0,USD,2026-07-14T00:00:00,2026-07-15T00:00:00,0.0,0.0,,0.0,0.0,0.0,0.0,780.18,780.18,3698.05,3698.05,,0.0,0.0,1.0,1.0
00030,2067007,1.0,USD,2024-02-01T00:00:00,2024-02-02T00:00:00,0.0,0.0,,0.0,0.0,0.0,0.0,780.2,780.2,3390.75,3390.75,,0.0,0.0,1.0,1.0
00030,2067646,1.0,USD,2024-02-02T00:00:00,2024-02-05T00:00:00,0.0,0.0,,0.0,0.0,0.0,0.0,780.2,780.2,3390.75,3390.75,,0.0,0.0,1.0,1.0
00030,2078289,1.0,USD,2024-02-16T00:00:00,2024-02-19T00:00:00,0.0,0.0,,0.0,0.0,0.0,0.0,780.2,780.2,3390.75,3390.75,,0.0,0.0,1.0,1.0
00030,2091964,1.0,USD,2024-03-05T00:00:00,2024-03-06T00:00:00,0.0,0.0,,0.0,0.0,0.0,0.0,780.2,780.2,3390.75,3390.75,,0.0,0.0,1.0,1.0
00030,2112236,1.0,USD,2024-04-02T00:00:00,2024-04-03T00:00:00,0.0,0.0,,0.0,0.0,0.0,0.0,780.2,780.2,3390.75,3390.75,,0.0,0.0,1.0,1.0
00030,2125307,1.0,USD,2024-04-19T00:00:00,2024-04-22T00:00:00,0.0,0.0,,0.0,0.0,0.0,0.0,780.2,780.2,3390.75,3390.75,,0.0,0.0,1.0,1.0
00030,2181074,1.0,USD,2024-07-01T00:00:00,2024-07-02T00:00:00,0.0,0.0,,0.0,0.0,0.0,0.0,780.2,780.2,3390.75,3390.75,,0.0,0.0,1.0,1.0
00030,2186539,1.0,USD,2024-07-08T00:00:00,2024-07-09T00:00:00,0.0,0.0,,0.0,0.0,0.0,0.0,779.98,779.98,3389.79,3389.79,,0.0,0.0,1.0,1.0
00030,2191706,1.0,USD,2024-07-15T00:00:00,2024-07-16T00:00:00,0.0,0.0,,0.0,0.0,0.0,0.0,780.2,780.2,3390.75,3390.75,,0.0,0.0,1.0,1.0
00030,2231475,1.0,USD,2024-09-05T00:00:00,2024-09-06T00:00:00,0.0,0.0,,0.0,0.0,0.0,0.0,780.2,780.2,3390.75,3390.75,,0.0,0.0,1.0,1.0
00030,2236529,1.0,USD,2024-09-12T00:00:00,2024-09-14T00:00:00,0.0,0.0,,0.0,0.0,0.0,0.0,1560.4,1560.4,6781.5,6781.5,,0.0,0.0,1.0,1.0
00030,2242448,1.0,USD,2024-09-20T00:00:00,2024-09-21T00:00:00,0.0,0.0,,0.0,0.0,0.0,0.0,780.2,780.2,3390.75,3390.75,,0.0,0.0,1.0,1.0
00030,2257765,1.0,USD,2024-10-10T00:00:00,2024-10-11T00:00:00,0.0,0.0,,0.0,0.0,0.0,0.0,780.18,780.18,3390.66,3390.66,,0.0,0.0,1.0,1.0
00030,2260793,1.0,USD,2024-10-14T00:00:00,2024-10-15T00:00:00,0.0,0.0,,0.0,0.0,0.0,0.0,780.18,780.18,3390.66,3390.66,,0.0,0.0,1.0,1.0
00030,1770076,1.0,USD,2023-01-05T00:00:00,2023-01-06T00:00:00,0.0,0.0,,0.0,0.0,0.0,0.0,780.2,780.2,2825.88,2825.88,,0.0,0.0,1.0,1.0
00030,1794950,1.0,USD,2023-02-07T00:00:00,2023-02-08T00:00:00,0.0,0.0,,0.0,0.0,0.0,0.0,780.2,780.2,2825.88,2825.88,,0.0,0.0,1.0,1.0
00030,1800206,1.0,USD,2023-02-14T00:00:00,2023-02-15T00:00:00,0.0,0.0,,0.0,0.0,0.0,0.0,780.2,780.2,2825.88,2825.88,,0.0,0.0,1.0,1.0
00030,1801791,1.0,USD,2023-02-16T00:00:00,2023-02-17T00:00:00,0.0,0.0,,0.0,0.0,0.0,0.0,780.2,780.2,2825.88,2825.88,,0.0,0.0,1.0,1.0
00030,1804749,1.0,USD,2023-02-20T00:00:00,2023-02-21T00:00:00,0.0,0.0,,0.0,0.0,0.0,0.0,780.2,780.2,2825.88,2825.88,,0.0,0.0,1.0,1.0
00030,1822384,1.0,USD,2023-03-16T00:00:00,2023-03-17T00:00:00,0.0,0.0,,0.0,0.0,0.0,0.0,780.2,780.2,2825.88,2825.88,,0.0,0.0,1.0,1.0
00030,1852742,1.0,USD,2023-04-25T00:00:00,2023-04-26T00:00:00,0.0,0.0,,0.0,0.0,0.0,0.0,780.2,780.2,3446.14,3446.14,,0.0,0.0,1.0,1.0
00030,1899588,1.0,USD,2023-06-26T00:00:00,2023-06-27T00:00:00,0.0,0.0,,0.0,0.0,0.0,0.0,780.2,780.2,3487.49,3487.49,,0.0,0.0,1.0,1.0
00030,1904870,1.0,USD,2023-07-03T00:00:00,2023-07-04T00:00:00,0.0,0.0,,0.0,0.0,0.0,0.0,780.2,780.2,3477.35,3477.35,,0.0,0.0,1.0,1.0
00030,1906245,1.0,USD,2023-07-05T00:00:00,2023-07-06T00:00:00,0.0,0.0,,0.0,0.0,0.0,0.0,780.2,780.2,3477.35,3477.35,,0.0,0.0,1.0,1.0
00030,1911615,1.0,USD,2023-07-12T00:00:00,2023-07-13T00:00:00,0.0,0.0,,0.0,0.0,0.0,0.0,780.2,780.2,3477.35,3477.35,,0.0,0.0,1.0,1.0
00030,1922977,1.0,USD,2023-07-27T00:00:00,2023-07-28T00:00:00,0.0,0.0,,0.0,0.0,0.0,0.0,780.2,780.2,3477.35,3477.35,,0.0,0.0,1.0,1.0
00030,2000799,1.0,USD,2023-11-06T00:00:00,2023-11-07T00:00:00,0.0,0.0,,0.0,0.0,0.0,0.0,780.2,780.2,3390.75,3390.75,,0.0,0.0,1.0,1.0
00030,2033470,1.0,USD,2023-12-19T00:00:00,2023-12-27T00:00:00,0.0,0.0,,0.0,0.0,0.0,0.0,780.18,780.18,3390.66,3390.66,,0.0,0.0,1.0,1.0
00030,1897358,1.0,USD,2023-06-23T00:00:00,2023-06-26T00:00:00,0.0,0.0,,0.0,0.0,0.0,0.0,780.2,780.2,3487.49,3487.49,,0.0,0.0,1.0,1.0
00030,1907925,1.0,USD,2023-07-07T00:00:00,2023-07-10T00:00:00,0.0,0.0,,0.0,0.0,0.0,0.0,780.2,780.2,3477.35,3477.35,,0.0,0.0,1.0,1.0
00030,1913238,1.0,USD,2023-07-14T00:00:00,2023-07-17T00:00:00,0.0,0.0,,0.0,0.0,0.0,0.0,780.2,780.2,3477.35,3477.35,,0.0,0.0,1.0,1.0
00030,2019720,1.0,USD,2023-12-01T00:00:00,2023-12-04T00:00:00,0.0,0.0,,0.0,0.0,0.0,0.0,780.2,780.2,3390.75,3390.75,,0.0,0.0,1.0,1.0
00030,2030389,1.0,USD,2023-12-15T00:00:00,2023-12-18T00:00:00,0.0,0.0,,0.0,0.0,0.0,0.0,780.2,780.2,3390.75,3390.75,,0.0,0.0,1.0,1.0
00010,2645790,1.0,USD,2026-03-06T00:00:00,1900-01-01T00:00:00,0.0,0.0,,114095.52,114095.52,114095.52,7.0,7.0,0.0,0.0,0.0,,114141.825,114141.825,1.0,1.0
00030,1687397,1.001,USD,2022-09-15T00:00:00,2022-09-16T00:00:00,0.0,0.0,,0.0,0.0,0.0,0.0,1558.7399,1558.7399,5645.76,5645.76,,0.0,0.0,1.0,1.0
00030,1076803,1.001,USD,2020-02-11T00:00:00,2020-02-23T00:00:00,2000.16,2000.16,,0.0,0.0,0.0,0.0,144.0,144.0,1550.2,1550.2,,0.0,0.0,1.0,1.0
00030,2707635,1.001,USD,2026-05-28T00:00:00,2026-05-29T00:00:00,0.0,0.0,,0.0,0.0,0.0,0.0,780.26,780.26,3698.43,3698.43,,0.0,0.0,1.0,1.0
00030,2712130,1.001,USD,2026-06-03T00:00:00,2026-06-27T00:00:00,943.47,943.47,,0.0,0.0,0.0,0.0,72.5749,72.5749,576.93,576.93,,0.0,0.0,1.0,1.0
00030,2274437,1.001,USD,2024-11-01T00:00:00,2024-11-07T00:00:00,27494.51,27494.51,,0.0,0.0,0.0,0.0,3061.75,3061.75,23631.06,23631.06,,0.0,0.0,1.0,1.0
00030,2033470,1.001,USD,2023-12-19T00:00:00,2023-12-27T00:00:00,0.0,0.0,,0.0,0.0,0.0,0.0,0.02,0.02,0.09,0.09,,0.0,0.0,1.0,1.0
00010,1065774,1.001,USD,2020-01-21T00:00:00,2020-04-08T00:00:00,61623.0,61623.0,,0.0,0.0,0.0,0.0,41.0,41.0,45914.67,45914.67,,0.0,0.0,1.0,1.0
00010,1084611,1.001,USD,2020-02-26T00:00:00,2020-04-16T00:00:00,61623.0,61623.0,,0.0,0.0,0.0,0.0,41.0,41.0,45914.67,45914.67,,0.0,0.0,1.0,1.0
00010,1174260,1.001,USD,2020-08-07T00:00:00,2020-08-21T00:00:00,174.6,174.6,,0.0,0.0,0.0,0.0,1.0,1.0,41.03,41.03,,0.0,0.0,1.0,1.0
00010,1233532,1.001,USD,2020-11-18T00:00:00,2021-03-30T00:00:00,12024.0,12024.0,,0.0,0.0,0.0,0.0,8.0,8.0,11498.4,11498.4,,0.0,0.0,1.0,1.0
00010,1282728,1.001,USD,2021-02-05T00:00:00,2021-02-24T00:00:00,31548.59,31548.59,,0.0,0.0,0.0,0.0,21.0,21.0,30183.3,30183.3,,0.0,0.0,1.0,1.0
00010,1076537,1.001,USD,2020-02-11T00:00:00,2020-02-19T00:00:00,1550.2,1550.2,,0.0,0.0,0.0,0.0,8.0,8.0,1476.38,1476.38,,0.0,0.0,1.0,1.0
00010,1240996,1.001,USD,2020-11-30T00:00:00,2021-02-08T00:00:00,16640.11,16640.11,,0.0,0.0,0.0,0.0,13.0,13.0,15847.65,15847.65,,0.0,0.0,1.0,1.0
00010,1354595,1.001,USD,2021-06-01T00:00:00,2021-07-08T00:00:00,2825.55,2825.55,,0.0,0.0,0.0,0.0,2300.0,2300.0,2691.0,2691.0,,0.0,0.0,1.0,1.0
00010,1298929,1.001,USD,2021-03-03T00:00:00,2021-05-28T00:00:00,1530.0,1530.0,,0.0,0.0,0.0,0.0,1.0,1.0,949.05,949.05,,0.0,0.0,1.0,1.0
00010,1065712,1.001,USD,2020-01-21T00:00:00,2020-01-29T00:00:00,11331.64,11331.64,,0.0,0.0,0.0,0.0,2.0,2.0,7292.6,7292.6,,0.0,0.0,1.0,1.0
00010,1088769,1.001,USD,2020-03-05T00:00:00,2020-03-31T00:00:00,4252.5,4252.5,,0.0,0.0,0.0,0.0,5.0,5.0,1807.23,1807.23,,0.0,0.0,1.0,1.0
00010,1267653,1.001,USD,2021-01-12T00:00:00,2021-03-30T00:00:00,24538.5,24538.5,,0.0,0.0,0.0,0.0,19.0,19.0,18031.95,18031.95,,0.0,0.0,1.0,1.0
00010,1285224,1.001,USD,2021-02-09T00:00:00,2021-05-17T00:00:00,889.0,889.0,,0.0,0.0,0.0,0.0,1.0,1.0,434.0,434.0,,0.0,0.0,1.0,1.0
00010,1286489,1.001,USD,2021-02-11T00:00:00,2021-04-15T00:00:00,19372.5,19372.5,,0.0,0.0,0.0,0.0,15.0,15.0,14235.75,14235.75,,0.0,0.0,1.0,1.0
00010,1052168,1.001,USD,2019-12-26T00:00:00,2020-03-27T00:00:00,50368.5,50368.5,,0.0,0.0,0.0,0.0,39.0,39.0,31698.81,31698.81,,0.0,0.0,1.0,1.0
00010,1222423,1.001,USD,2020-10-30T00:00:00,2021-02-08T00:00:00,8451.0,8451.0,,0.0,0.0,0.0,0.0,6.0,6.0,5694.3,5694.3,,0.0,0.0,1.0,1.0
00010,1124291,1.001,USD,2020-05-11T00:00:00,2020-05-19T00:00:00,721.0,721.0,,0.0,0.0,0.0,0.0,1.0,1.0,361.45,361.45,,0.0,0.0,1.0,1.0
00010,1074622,1.001,USD,2020-02-07T00:00:00,2020-03-20T00:00:00,5778.0,5778.0,,0.0,0.0,0.0,0.0,4.0,4.0,3831.3,3831.3,,0.0,0.0,1.0,1.0
00010,1077763,1.001,USD,2020-02-13T00:00:00,2020-03-19T00:00:00,8820.0,8820.0,,0.0,0.0,0.0,0.0,14.0,14.0,5060.23,5060.23,,0.0,0.0,1.0,1.0
00010,1099167,1.001,USD,2020-03-25T00:00:00,2020-05-27T00:00:00,1683.0,1683.0,,0.0,0.0,0.0,0.0,1.0,1.0,1119.87,1119.87,,0.0,0.0,1.0,1.0
00010,1113601,1.001,USD,2020-04-22T00:00:00,2020-04-30T00:00:00,0.0,0.0,,0.0,0.0,0.0,0.0,4600.0,4600.0,8929.06,8929.06,,0.0,0.0,1.0,1.0
00010,1121344,1.001,USD,2020-05-06T00:00:00,2020-05-27T00:00:00,1260.0,1260.0,,0.0,0.0,0.0,0.0,2.0,2.0,722.89,722.89,,0.0,0.0,1.0,1.0
00010,1129404,1.001,USD,2020-05-20T00:00:00,2020-05-29T00:00:00,22440.0,22440.0,,0.0,0.0,0.0,0.0,4.0,4.0,19124.16,19124.16,,0.0,0.0,1.0,1.0
00010,1140871,1.001,USD,2020-06-10T00:00:00,2020-06-16T00:00:00,1143.0,1143.0,,0.0,0.0,0.0,0.0,1.0,1.0,1302.12,1302.12,,0.0,0.0,1.0,1.0
00010,1152885,1.001,USD,2020-07-01T00:00:00,2020-07-27T00:00:00,11392.5,11392.5,,0.0,0.0,0.0,0.0,15.0,15.0,6300.0,6300.0,,0.0,0.0,1.0,1.0
00010,1160969,1.001,USD,2020-07-15T00:00:00,2020-08-04T00:00:00,20947.5,20947.5,,0.0,0.0,0.0,0.0,35.0,35.0,14700.0,14700.0,,0.0,0.0,1.0,1.0
00010,1160972,1.001,USD,2020-07-15T00:00:00,2020-08-07T00:00:00,20349.0,20349.0,,0.0,0.0,0.0,0.0,34.0,34.0,14280.0,14280.0,,0.0,0.0,1.0,1.0
00010,1176389,1.001,USD,2020-08-11T00:00:00,2020-09-30T00:00:00,1444.5,1444.5,,0.0,0.0,0.0,0.0,1.0,1.0,1170.45,1170.45,,0.0,0.0,1.0,1.0
00010,1176979,1.001,USD,2020-08-12T00:00:00,2020-09-15T00:00:00,22836.0,22836.0,,0.0,0.0,0.0,0.0,3.0,3.0,16777.2,16777.2,,0.0,0.0,1.0,1.0
00010,1185456,1.001,USD,2020-08-27T00:00:00,2020-09-03T00:00:00,154928.0,154928.0,,0.0,0.0,0.0,0.0,36800.0,36800.0,72197.92,72197.92,,0.0,0.0,1.0,1.0
00010,1196838,1.001,USD,2020-09-16T00:00:00,2020-10-05T00:00:00,164611.0,164611.0,,0.0,0.0,0.0,0.0,39100.0,39100.0,45747.0,45747.0,,0.0,0.0,1.0,1.0
00010,1207533,1.001,USD,2020-10-05T00:00:00,2020-10-16T00:00:00,125879.0,125879.0,,0.0,0.0,0.0,0.0,29900.0,29900.0,34983.0,34983.0,,0.0,0.0,1.0,1.0
00010,1207534,1.001,USD,2020-10-05T00:00:00,2020-10-28T00:00:00,116196.0,116196.0,,0.0,0.0,0.0,0.0,27600.0,27600.0,32292.0,32292.0,,0.0,0.0,1.0,1.0
00010,1226244,1.001,USD,2020-11-05T00:00:00,2020-12-18T00:00:00,22836.0,22836.0,,0.0,0.0,0.0,0.0,3.0,3.0,16777.2,16777.2,,0.0,0.0,1.0,1.0
00010,1229140,1.001,USD,2020-11-10T00:00:00,2020-12-21T00:00:00,48807.0,48807.0,,0.0,0.0,0.0,0.0,29.0,29.0,44356.95,44356.95,,0.0,0.0,1.0,1.0
00010,1237776,1.001,USD,2020-11-25T00:00:00,2021-01-12T00:00:00,38060.0,38060.0,,0.0,0.0,0.0,0.0,5.0,5.0,27962.0,27962.0,,0.0,0.0,1.0,1.0
00010,1262399,1.001,USD,2021-01-04T00:00:00,2021-03-18T00:00:00,20196.0,20196.0,,0.0,0.0,0.0,0.0,12.0,12.0,17247.6,17247.6,,0.0,0.0,1.0,1.0
00010,1267596,1.001,USD,2021-01-12T00:00:00,2021-02-25T00:00:00,1444.5,1444.5,,0.0,0.0,0.0,0.0,1.0,1.0,1153.8,1153.8,,0.0,0.0,1.0,1.0
00010,1276380,1.001,USD,2021-01-26T00:00:00,2021-01-29T00:00:00,26334.0,26334.0,,0.0,0.0,0.0,0.0,44.0,44.0,18480.0,18480.0,,0.0,0.0,1.0,1.0
00010,1290921,1.001,USD,2021-02-18T00:00:00,2021-03-19T00:00:00,3668.0,3668.0,,0.0,0.0,0.0,0.0,4.0,4.0,1373.54,1373.54,,0.0,0.0,1.0,1.0
00010,1315666,1.001,USD,2021-03-30T00:00:00,2021-04-30T00:00:00,14672.0,14672.0,,0.0,0.0,0.0,0.0,16.0,16.0,6944.0,6944.0,,0.0,0.0,1.0,1.0
00010,1317106,1.001,USD,2021-04-01T00:00:00,2021-04-21T00:00:00,11970.0,11970.0,,0.0,0.0,0.0,0.0,20.0,20.0,8680.0,8680.0,,0.0,0.0,1.0,1.0
00010,1317107,1.001,USD,2021-04-01T00:00:00,2021-04-30T00:00:00,47880.0,47880.0,,0.0,0.0,0.0,0.0,80.0,80.0,34720.0,34720.0,,0.0,0.0,1.0,1.0
00010,1341025,1.001,USD,2021-05-10T00:00:00,2021-07-29T00:00:00,10935.0,10935.0,,0.0,0.0,0.0,0.0,6.0,6.0,6922.8,6922.8,,0.0,0.0,1.0,1.0
00010,1343367,1.001,USD,2021-05-14T00:00:00,2021-05-20T00:00:00,86592.0,86592.0,,0.0,0.0,0.0,0.0,16.0,16.0,77126.72,77126.72,,0.0,0.0,1.0,1.0
00010,1346030,1.001,USD,2021-05-18T00:00:00,2021-06-29T00:00:00,40722.5,40722.5,,0.0,0.0,0.0,0.0,65.0,65.0,27072.5,27072.5,,0.0,0.0,1.0,1.0
00010,1346500,1.001,USD,2021-05-19T00:00:00,2021-06-04T00:00:00,28819.0,28819.0,,0.0,0.0,0.0,0.0,46.0,46.0,19964.0,19964.0,,0.0,0.0,1.0,1.0
00010,1347766,1.001,USD,2021-05-21T00:00:00,2021-06-14T00:00:00,11792.0,11792.0,,0.0,0.0,0.0,0.0,2.0,2.0,10964.8,10964.8,,0.0,0.0,1.0,1.0
00010,1295701,1.001,USD,2021-02-26T00:00:00,2021-04-29T00:00:00,15360.1,15360.1,,0.0,0.0,0.0,0.0,12.0,12.0,14628.6,14628.6,,0.0,0.0,1.0,1.0
00010,1120948,1.001,USD,2020-05-05T00:00:00,2020-05-22T00:00:00,5610.0,5610.0,,0.0,0.0,0.0,0.0,1.0,1.0,4781.04,4781.04,,0.0,0.0,1.0,1.0
00010,1152993,1.001,USD,2020-07-01T00:00:00,2020-07-08T00:00:00,16830.0,16830.0,,0.0,0.0,0.0,0.0,3.0,3.0,16315.2,16315.2,,0.0,0.0,1.0,1.0
00010,1160974,1.001,USD,2020-07-15T00:00:00,2020-08-14T00:00:00,11970.0,11970.0,,0.0,0.0,0.0,0.0,20.0,20.0,8400.0,8400.0,,0.0,0.0,1.0,1.0
00010,1203562,1.001,USD,2020-09-28T00:00:00,2020-10-05T00:00:00,721.0,721.0,,0.0,0.0,0.0,0.0,1.0,1.0,420.0,420.0,,0.0,0.0,1.0,1.0
00010,1148939,1.001,USD,2020-06-24T00:00:00,2020-07-13T00:00:00,13765.5,13765.5,,0.0,0.0,0.0,0.0,23.0,23.0,9660.0,9660.0,,0.0,0.0,1.0,1.0
00010,1060005,1.001,USD,2020-01-10T00:00:00,2020-03-05T00:00:00,21879.0,21879.0,,0.0,0.0,0.0,0.0,13.0,13.0,14558.31,14558.31,,0.0,0.0,1.0,1.0
00010,1068859,1.001,USD,2020-01-27T00:00:00,2020-02-11T00:00:00,5400.0,5400.0,,0.0,0.0,0.0,0.0,3.0,3.0,3359.61,3359.61,,0.0,0.0,1.0,1.0
00010,1080880,1.001,USD,2020-02-19T00:00:00,2020-02-21T00:00:00,7612.0,7612.0,,0.0,0.0,0.0,0.0,1.0,1.0,4177.36,4177.36,,0.0,0.0,1.0,1.0
00010,1087257,1.001,USD,2020-03-02T00:00:00,2020-03-31T00:00:00,9873.5,9873.5,,0.0,0.0,0.0,0.0,13.0,13.0,4698.79,4698.79,,0.0,0.0,1.0,1.0
00010,1107504,1.001,USD,2020-04-10T00:00:00,2020-04-16T00:00:00,5346.0,5346.0,,0.0,0.0,0.0,0.0,3.0,3.0,2955.42,2955.42,,0.0,0.0,1.0,1.0
00010,1118198,1.001,USD,2020-04-30T00:00:00,2020-06-02T00:00:00,21667.5,21667.5,,0.0,0.0,0.0,0.0,15.0,15.0,14367.38,14367.38,,0.0,0.0,1.0,1.0
00010,1122032,1.001,USD,2020-05-07T00:00:00,2020-06-30T00:00:00,2992.5,2992.5,,0.0,0.0,0.0,0.0,5.0,5.0,2100.0,2100.0,,0.0,0.0,1.0,1.0
00010,1132589,1.001,USD,2020-05-26T00:00:00,2020-06-09T00:00:00,16830.0,16830.0,,0.0,0.0,0.0,0.0,3.0,3.0,14343.12,14343.12,,0.0,0.0,1.0,1.0
00010,1156248,1.001,USD,2020-07-07T00:00:00,2020-07-20T00:00:00,11220.0,11220.0,,0.0,0.0,0.0,0.0,2.0,2.0,10876.8,10876.8,,0.0,0.0,1.0,1.0
00010,1177018,1.001,USD,2020-08-12T00:00:00,2020-08-18T00:00:00,20400.0,20400.0,,0.0,0.0,0.0,0.0,2.0,2.0,9417.12,9417.12,,0.0,0.0,1.0,1.0
00010,1196112,1.001,USD,2020-09-15T00:00:00,2020-09-29T00:00:00,5610.0,5610.0,,0.0,0.0,0.0,0.0,1.0,1.0,5306.4,5306.4,,0.0,0.0,1.0,1.0
00010,1209361,1.001,USD,2020-10-08T00:00:00,2020-11-04T00:00:00,1444.5,1444.5,,0.0,0.0,0.0,0.0,1.0,1.0,1170.45,1170.45,,0.0,0.0,1.0,1.0
00010,1229965,1.001,USD,2020-11-11T00:00:00,2020-11-19T00:00:00,5610.0,5610.0,,0.0,0.0,0.0,0.0,1.0,1.0,5306.4,5306.4,,0.0,0.0,1.0,1.0
00010,1247066,1.001,USD,2020-12-10T00:00:00,2021-02-02T00:00:00,30448.0,30448.0,,0.0,0.0,0.0,0.0,4.0,4.0,23529.44,23529.44,,0.0,0.0,1.0,1.0
00010,1267542,1.001,USD,2021-01-12T00:00:00,2021-01-21T00:00:00,5778.0,5778.0,,0.0,0.0,0.0,0.0,4.0,4.0,4615.2,4615.2,,0.0,0.0,1.0,1.0
00010,1295936,1.001,USD,2021-02-26T00:00:00,2021-04-23T00:00:00,15224.0,15224.0,,0.0,0.0,0.0,0.0,2.0,2.0,12152.8,12152.8,,0.0,0.0,1.0,1.0
00010,1320220,1.001,USD,2021-04-06T00:00:00,2021-05-05T00:00:00,18778.5,18778.5,,0.0,0.0,0.0,0.0,13.0,13.0,14999.4,14999.4,,0.0,0.0,1.0,1.0
00010,1352174,1.001,USD,2021-05-28T00:00:00,2021-06-30T00:00:00,11792.0,11792.0,,0.0,0.0,0.0,0.0,2.0,2.0,10964.8,10964.8,,0.0,0.0,1.0,1.0
00010,1372107,1.001,USD,2021-06-29T00:00:00,2021-07-15T00:00:00,11792.0,11792.0,,0.0,0.0,0.0,0.0,2.0,2.0,10964.8,10964.8,,0.0,0.0,1.0,1.0
00010,1377383,1.001,USD,2021-07-07T00:00:00,2021-10-12T00:00:00,74052.0,74052.0,,0.0,0.0,0.0,0.0,34.0,34.0,54774.0,54774.0,,0.0,0.0,1.0,1.0
00010,1377384,1.001,USD,2021-07-07T00:00:00,2021-12-22T00:00:00,82764.0,82764.0,,0.0,0.0,0.0,0.0,38.0,38.0,63441.0,63441.0,,0.0,0.0,1.0,1.0
00010,1386664,1.001,USD,2021-07-22T00:00:00,2021-08-09T00:00:00,73920.0,73920.0,,0.0,0.0,0.0,0.0,12.0,12.0,57982.32,57982.32,,0.0,0.0,1.0,1.0
00010,1405065,1.001,USD,2021-08-19T00:00:00,2021-12-22T00:00:00,82764.0,82764.0,,0.0,0.0,0.0,0.0,38.0,38.0,63441.0,63441.0,,0.0,0.0,1.0,1.0
00010,1409238,1.001,USD,2021-08-25T00:00:00,2021-09-08T00:00:00,6160.0,6160.0,,0.0,0.0,0.0,0.0,1.0,1.0,5180.56,5180.56,,0.0,0.0,1.0,1.0
00010,1422742,1.001,USD,2021-09-13T00:00:00,2021-10-11T00:00:00,13644.0,13644.0,,0.0,0.0,0.0,0.0,8.0,8.0,9972.0,9972.0,,0.0,0.0,1.0,1.0
00010,1453481,1.001,USD,2021-10-26T00:00:00,2021-11-30T00:00:00,10233.0,10233.0,,0.0,0.0,0.0,0.0,6.0,6.0,7749.0,7749.0,,0.0,0.0,1.0,1.0
00010,1458256,1.001,USD,2021-11-02T00:00:00,2022-01-07T00:00:00,25696.0,25696.0,,0.0,0.0,0.0,0.0,4.0,4.0,21403.36,21403.36,,0.0,0.0,1.0,1.0
00010,1459179,1.001,USD,2021-11-03T00:00:00,2021-11-16T00:00:00,47916.0,47916.0,,0.0,0.0,0.0,0.0,6.0,6.0,36458.4,36458.4,,0.0,0.0,1.0,1.0
00010,1477672,1.001,USD,2021-11-29T00:00:00,2021-12-21T00:00:00,2796.0,2796.0,,0.0,0.0,0.0,0.0,2.0,2.0,353.84,353.84,,0.0,0.0,1.0,1.0
00010,1504057,1.001,USD,2022-01-05T00:00:00,2022-03-08T00:00:00,6264.0,6264.0,,0.0,0.0,0.0,0.0,3.0,3.0,4492.8,4492.8,,0.0,0.0,1.0,1.0
00010,1505473,1.001,USD,2022-01-07T00:00:00,2022-03-10T00:00:00,61908.0,61908.0,,0.0,0.0,0.0,0.0,6.0,6.0,36800.28,36800.28,,0.0,0.0,1.0,1.0
00010,1507551,1.001,USD,2022-01-10T00:00:00,2022-02-28T00:00:00,22171.5,22171.5,,0.0,0.0,0.0,0.0,13.0,13.0,19468.8,19468.8,,0.0,0.0,1.0,1.0
00010,1515479,1.001,USD,2022-01-21T00:00:00,2022-02-09T00:00:00,20130.0,20130.0,,0.0,0.0,0.0,0.0,3.0,3.0,18414.0,18414.0,,0.0,0.0,1.0,1.0
00010,1515570,1.001,USD,2022-01-21T00:00:00,2022-02-11T00:00:00,6710.0,6710.0,,0.0,0.0,0.0,0.0,1.0,1.0,6138.0,6138.0,,0.0,0.0,1.0,1.0
00010,1543359,1.001,USD,2022-03-03T00:00:00,2022-03-29T00:00:00,9240.0,9240.0,,0.0,0.0,0.0,0.0,1.0,1.0,7273.2,7273.2,,0.0,0.0,1.0,1.0
00010,1547348,1.001,USD,2022-03-09T00:00:00,2022-04-12T00:00:00,17055.0,17055.0,,0.0,0.0,0.0,0.0,10.0,10.0,14976.0,14976.0,,0.0,0.0,1.0,1.0
00010,1581611,1.001,USD,2022-04-28T00:00:00,2022-05-10T00:00:00,23496.0,23496.0,,0.0,0.0,0.0,0.0,2.0,2.0,12266.76,12266.76,,0.0,0.0,1.0,1.0
00010,1589444,1.001,USD,2022-05-09T00:00:00,2022-05-23T00:00:00,149600.0,149600.0,,0.0,0.0,0.0,0.0,17.0,17.0,113471.6,113471.6,,0.0,0.0,1.0,1.0
00010,1600349,1.001,USD,2022-05-23T00:00:00,2022-06-09T00:00:00,140800.0,140800.0,,0.0,0.0,0.0,0.0,16.0,16.0,106796.8,106796.8,,0.0,0.0,1.0,1.0
00010,1617075,1.001,USD,2022-06-14T00:00:00,2022-06-21T00:00:00,26862.0,26862.0,,0.0,0.0,0.0,0.0,3.0,3.0,20024.4,20024.4,,0.0,0.0,1.0,1.0
00010,1621674,1.001,USD,2022-06-20T00:00:00,2022-06-24T00:00:00,48312.0,48312.0,,0.0,0.0,0.0,0.0,4.0,4.0,32172.8,32172.8,,0.0,0.0,1.0,1.0
00010,1626983,1.001,USD,2022-06-27T00:00:00,2022-07-29T00:00:00,125356.0,125356.0,,0.0,0.0,0.0,0.0,14.0,14.0,93447.2,93447.2,,0.0,0.0,1.0,1.0
00010,1638444,1.001,USD,2022-07-12T00:00:00,2022-07-15T00:00:00,28424.0,28424.0,,0.0,0.0,0.0,0.0,4.0,4.0,29488.8,29488.8,,0.0,0.0,1.0,1.0
00010,1638468,1.001,USD,2022-07-12T00:00:00,2022-07-15T00:00:00,56848.0,56848.0,,0.0,0.0,0.0,0.0,8.0,8.0,58977.6,58977.6,,0.0,0.0,1.0,1.0
00010,1639131,1.001,USD,2022-07-13T00:00:00,2022-08-09T00:00:00,27972.0,27972.0,,0.0,0.0,0.0,0.0,12.0,12.0,18117.0,18117.0,,0.0,0.0,1.0,1.0
00010,1640716,1.001,USD,2022-07-15T00:00:00,2022-08-02T00:00:00,84942.0,84942.0,,0.0,0.0,0.0,0.0,13.0,13.0,86772.4,86772.4,,0.0,0.0,1.0,1.0
00010,1660437,1.001,USD,2022-08-10T00:00:00,2022-09-22T00:00:00,37296.0,37296.0,,0.0,0.0,0.0,0.0,16.0,16.0,26920.8,26920.8,,0.0,0.0,1.0,1.0
00010,1681736,1.001,USD,2022-09-07T00:00:00,2022-09-12T00:00:00,36234.0,36234.0,,0.0,0.0,0.0,0.0,3.0,3.0,24129.6,24129.6,,0.0,0.0,1.0,1.0
00010,1737490,1.001,USD,2022-11-22T00:00:00,2022-11-30T00:00:00,36234.0,36234.0,,0.0,0.0,0.0,0.0,3.0,3.0,23845.8,23845.8,,0.0,0.0,1.0,1.0
00010,1590150,1.001,USD,2022-05-10T00:00:00,2022-05-20T00:00:00,5085.0,5085.0,,0.0,0.0,0.0,0.0,2.0,2.0,3075.12,3075.12,,0.0,0.0,1.0,1.0
00010,1523251,1.001,USD,2022-02-01T00:00:00,2022-04-18T00:00:00,1750.0,1750.0,,0.0,0.0,0.0,0.0,1.0,1.0,941.5,941.5,,0.0,0.0,1.0,1.0
00010,1698330,1.001,USD,2022-09-29T00:00:00,2022-12-01T00:00:00,1750.0,1750.0,,0.0,0.0,0.0,0.0,1.0,1.0,941.5,941.5,,0.0,0.0,1.0,1.0
00010,1381155,1.001,USD,2021-07-13T00:00:00,2021-07-30T00:00:00,16236.0,16236.0,,0.0,0.0,0.0,0.0,3.0,3.0,14495.58,14495.58,,0.0,0.0,1.0,1.0
00010,1428389,1.001,USD,2021-09-21T00:00:00,2021-10-11T00:00:00,381.6,381.6,,0.0,0.0,0.0,0.0,2.0,2.0,82.05,82.05,,0.0,0.0,1.0,1.0
00010,1494037,1.001,USD,2021-12-22T00:00:00,2022-01-12T00:00:00,647.5,647.5,,0.0,0.0,0.0,0.0,1.0,1.0,416.5,416.5,,0.0,0.0,1.0,1.0
00010,1507497,1.001,USD,2022-01-10T00:00:00,2022-02-22T00:00:00,661.5,661.5,,0.0,0.0,0.0,0.0,1.0,1.0,416.5,416.5,,0.0,0.0,1.0,1.0
00010,1692988,1.001,USD,2022-09-22T00:00:00,2022-10-04T00:00:00,9817.5,9817.5,,0.0,0.0,0.0,0.0,5.0,5.0,4707.5,4707.5,,0.0,0.0,1.0,1.0
00010,1369660,1.001,USD,2021-06-25T00:00:00,2021-09-08T00:00:00,1530.0,1530.0,,0.0,0.0,0.0,0.0,1.0,1.0,949.05,949.05,,0.0,0.0,1.0,1.0
00010,1369674,1.001,USD,2021-06-25T00:00:00,2021-09-03T00:00:00,1530.0,1530.0,,0.0,0.0,0.0,0.0,1.0,1.0,949.05,949.05,,0.0,0.0,1.0,1.0
00010,1403428,1.001,USD,2021-08-17T00:00:00,2022-01-21T00:00:00,21352.5,21352.5,,0.0,0.0,0.0,0.0,13.0,13.0,15069.6,15069.6,,0.0,0.0,1.0,1.0
00010,1603305,1.001,USD,2022-05-27T00:00:00,2022-07-29T00:00:00,23152.5,23152.5,,0.0,0.0,0.0,0.0,7.0,7.0,16616.25,16616.25,,0.0,0.0,1.0,1.0
00010,1603308,1.001,USD,2022-05-27T00:00:00,2022-07-18T00:00:00,36351.0,36351.0,,0.0,0.0,0.0,0.0,14.0,14.0,19485.9,19485.9,,0.0,0.0,1.0,1.0
00010,1648262,1.001,USD,2022-07-25T00:00:00,2022-09-20T00:00:00,25965.0,25965.0,,0.0,0.0,0.0,0.0,10.0,10.0,13990.5,13990.5,,0.0,0.0,1.0,1.0
00010,1731204,1.001,USD,2022-11-14T00:00:00,2022-11-30T00:00:00,33075.0,33075.0,,0.0,0.0,0.0,0.0,10.0,10.0,23737.5,23737.5,,0.0,0.0,1.0,1.0
00010,1514751,1.001,USD,2022-01-20T00:00:00,2022-10-10T00:00:00,132571.22,132571.22,,0.0,0.0,0.0,0.0,7.0,7.0,126258.3,126258.3,,0.0,0.0,1.0,1.0
00010,1696725,1.001,USD,2022-09-27T00:00:00,2022-12-13T00:00:00,2678.11,2678.11,,0.0,0.0,0.0,0.0,2.0,2.0,2550.6,2550.6,,0.0,0.0,1.0,1.0
00010,1423521,1.001,USD,2021-09-14T00:00:00,2022-03-03T00:00:00,28466.11,28466.11,,0.0,0.0,0.0,0.0,2.0,2.0,27110.48,27110.48,,0.0,0.0,1.0,1.0
00010,1464004,1.001,USD,2021-11-10T00:00:00,2021-12-07T00:00:00,316.79,316.79,,0.0,0.0,0.0,0.0,2.0,2.0,301.7,301.7,,0.0,0.0,1.0,1.0
00010,1513992,1.001,USD,2022-01-19T00:00:00,2022-05-04T00:00:00,76734.0,76734.0,,0.0,0.0,0.0,0.0,5.0,5.0,82059.08,82059.08,,0.0,0.0,1.0,1.0
00010,1551860,1.001,USD,2022-03-16T00:00:00,2022-04-28T00:00:00,43658.65,43658.65,,0.0,0.0,0.0,0.0,35.0,35.0,54857.25,54857.25,,0.0,0.0,1.0,1.0
00010,1624591,1.001,USD,2022-06-24T00:00:00,2022-11-15T00:00:00,151509.96,151509.96,,0.0,0.0,0.0,0.0,8.0,8.0,144295.2,144295.2,,0.0,0.0,1.0,1.0
00010,1637441,1.001,USD,2022-07-11T00:00:00,2022-07-29T00:00:00,8030.16,8030.16,,0.0,0.0,0.0,0.0,5.0,5.0,7647.75,7647.75,,0.0,0.0,1.0,1.0
00010,1644392,1.001,USD,2022-07-20T00:00:00,2022-08-18T00:00:00,1284.26,1284.26,,0.0,0.0,0.0,0.0,1.0,1.0,1223.1,1223.1,,0.0,0.0,1.0,1.0
00010,2351910,1.001,USD,2025-02-11T00:00:00,2025-06-09T00:00:00,102728.3,102728.3,,0.0,0.0,0.0,0.0,6.0,6.0,97835.85,97835.85,,0.0,0.0,1.0,1.0
00010,2377662,1.001,USD,2025-03-18T00:00:00,2025-06-02T00:00:00,47645.03,47645.03,,0.0,0.0,0.0,0.0,36.0,36.0,45376.2,45376.2,,0.0,0.0,1.0,1.0
00010,2379848,1.001,USD,2025-03-21T00:00:00,2025-04-01T00:00:00,27886.85,27886.85,,0.0,0.0,0.0,0.0,20.0,20.0,26559.0,26559.0,,0.0,0.0,1.0,1.0
00010,2436676,1.001,USD,2025-06-04T00:00:00,2025-08-18T00:00:00,21214.23,21214.23,,0.0,0.0,0.0,0.0,14.0,14.0,20204.1,20204.1,,0.0,0.0,1.0,1.0
00010,2528857,1.001,USD,2025-10-03T00:00:00,2025-12-10T00:00:00,40352.12,40352.12,,0.0,0.0,0.0,0.0,27.0,27.0,38430.45,38430.45,,0.0,0.0,1.0,1.0
00010,2310003,1.001,USD,2024-12-17T00:00:00,2025-02-05T00:00:00,84546.0,84546.0,,0.0,0.0,0.0,0.0,15400.0,15400.0,47204.08,47204.08,,0.0,0.0,1.0,1.0
00010,2372494,1.001,USD,2025-03-11T00:00:00,2025-07-02T00:00:00,50300.32,50300.32,,0.0,0.0,0.0,0.0,8.0,8.0,27855.93,27855.93,,0.0,0.0,1.0,1.0
00010,2382408,1.001,USD,2025-03-24T00:00:00,2025-09-18T00:00:00,7789.5,7789.5,,0.0,0.0,0.0,0.0,3.0,3.0,4193.37,4193.37,,0.0,0.0,1.0,1.0
00010,2393588,1.001,USD,2025-04-08T00:00:00,2025-06-04T00:00:00,15498.0,15498.0,,0.0,0.0,0.0,0.0,7.0,7.0,8202.6,8202.6,,0.0,0.0,1.0,1.0
00010,2394564,1.001,USD,2025-04-09T00:00:00,2025-04-14T00:00:00,5628.8,5628.8,,0.0,0.0,0.0,0.0,4.0,4.0,2470.42,2470.42,,0.0,0.0,1.0,1.0
00010,2510615,1.001,USD,2025-09-09T00:00:00,2025-10-23T00:00:00,52920.0,52920.0,,0.0,0.0,0.0,0.0,16.0,16.0,32176.8,32176.8,,0.0,0.0,1.0,1.0
00010,2547842,1.001,USD,2025-10-28T00:00:00,2025-12-22T00:00:00,42066.0,42066.0,,0.0,0.0,0.0,0.0,19.0,19.0,22503.6,22503.6,,0.0,0.0,1.0,1.0
00010,2575218,1.001,USD,2025-12-03T00:00:00,2026-03-19T00:00:00,119849.69,119849.69,,0.0,0.0,0.0,0.0,7.0,7.0,114141.83,114141.83,,0.0,0.0,1.0,1.0
00010,2578950,1.001,USD,2025-12-08T00:00:00,2026-05-06T00:00:00,79065.79,79065.79,,0.0,0.0,0.0,0.0,5.0,5.0,75300.75,75300.75,,0.0,0.0,1.0,1.0
00010,2623716,1.001,USD,2026-02-05T00:00:00,2026-05-19T00:00:00,15813.16,15813.16,,0.0,0.0,0.0,0.0,1.0,1.0,15060.15,15060.15,,0.0,0.0,1.0,1.0
00010,2605385,1.001,USD,2026-01-12T00:00:00,2026-01-14T00:00:00,9972.0,9972.0,,0.0,0.0,0.0,0.0,1800.0,1800.0,5743.98,5743.98,,0.0,0.0,1.0,1.0
00010,2617004,1.001,USD,2026-01-27T00:00:00,2026-03-25T00:00:00,9922.5,9922.5,,0.0,0.0,0.0,0.0,3.0,3.0,5254.2,5254.2,,0.0,0.0,1.0,1.0
00010,2618528,1.001,USD,2026-01-29T00:00:00,2026-05-20T00:00:00,22644.0,22644.0,,0.0,0.0,0.0,0.0,8.0,8.0,11634.48,11634.48,,0.0,0.0,1.0,1.0
00010,2635221,1.001,USD,2026-02-20T00:00:00,2026-05-28T00:00:00,72198.0,72198.0,,0.0,0.0,0.0,0.0,21.0,21.0,37998.45,37998.45,,0.0,0.0,1.0,1.0
00010,2647796,1.001,USD,2026-03-10T00:00:00,2026-03-24T00:00:00,8005.5,8005.5,,0.0,0.0,0.0,0.0,1350.0,1350.0,4270.05,4270.05,,0.0,0.0,1.0,1.0
00010,2652921,1.001,USD,2026-03-17T00:00:00,2026-05-06T00:00:00,69457.5,69457.5,,0.0,0.0,0.0,0.0,21.0,21.0,36779.4,36779.4,,0.0,0.0,1.0,1.0
00010,2695216,1.001,USD,2026-05-11T00:00:00,2026-05-20T00:00:00,2776.5,2776.5,,0.0,0.0,0.0,0.0,450.0,450.0,1502.1,1502.1,,0.0,0.0,1.0,1.0
00010,2629816,1.001,USD,2026-02-13T00:00:00,2026-07-01T00:00:00,114095.52,114095.52,,0.0,0.0,0.0,0.0,7.0,7.0,108662.4,108662.4,,0.0,0.0,1.0,1.0
00010,2695060,1.001,USD,2026-05-11T00:00:00,2026-07-21T00:00:00,3438.0,3438.0,,0.0,0.0,0.0,0.0,1.0,1.0,1809.45,1809.45,,0.0,0.0,1.0,1.0
00010,2081086,1.001,USD,2024-02-19T00:00:00,2024-07-16T00:00:00,39555.0,39555.0,,0.0,0.0,0.0,0.0,15.0,15.0,22519.35,22519.35,,0.0,0.0,1.0,1.0
00010,2103706,1.001,USD,2024-03-21T00:00:00,2024-05-15T00:00:00,184977.0,184977.0,,0.0,0.0,0.0,0.0,39.0,39.0,92541.15,92541.15,,0.0,0.0,1.0,1.0
00010,2128074,1.001,USD,2024-04-22T00:00:00,2024-05-09T00:00:00,2493.0,2493.0,,0.0,0.0,0.0,0.0,1.0,1.0,1446.53,1446.53,,0.0,0.0,1.0,1.0
00010,2133536,1.001,USD,2024-04-29T00:00:00,2024-07-03T00:00:00,12465.0,12465.0,,0.0,0.0,0.0,0.0,5.0,5.0,7237.13,7237.13,,0.0,0.0,1.0,1.0
00010,2155709,1.001,USD,2024-05-28T00:00:00,2024-07-26T00:00:00,2666.62,2666.62,,0.0,0.0,0.0,0.0,253.0,253.0,1207.87,1207.87,,0.0,0.0,1.0,1.0
00010,2210584,1.001,USD,2024-08-08T00:00:00,2024-10-09T00:00:00,36234.0,36234.0,,0.0,0.0,0.0,0.0,3.0,3.0,20230.32,20230.32,,0.0,0.0,1.0,1.0
00010,2082608,1.001,USD,2024-02-21T00:00:00,2024-04-16T00:00:00,23152.5,23152.5,,0.0,0.0,0.0,0.0,7.0,7.0,15337.35,15337.35,,0.0,0.0,1.0,1.0
00010,2188440,1.001,USD,2024-07-10T00:00:00,2024-09-09T00:00:00,29767.5,29767.5,,0.0,0.0,0.0,0.0,4050.0,4050.0,19378.85,19378.85,,0.0,0.0,1.0,1.0
00010,2267951,1.001,USD,2024-10-23T00:00:00,2024-12-26T00:00:00,6363.0,6363.0,,0.0,0.0,0.0,0.0,2.0,2.0,4457.88,4457.88,,0.0,0.0,1.0,1.0
00010,2056682,1.001,USD,2024-01-18T00:00:00,2024-06-11T00:00:00,7334.2,7334.2,,0.0,0.0,0.0,0.0,2.0,2.0,6984.91,6984.91,,0.0,0.0,1.0,1.0
00010,2096108,1.001,USD,2024-03-11T00:00:00,2024-04-17T00:00:00,42504.0,42504.0,,0.0,0.0,0.0,0.0,11.0,11.0,40480.0,40480.0,,0.0,0.0,1.0,1.0
00010,2136709,1.001,USD,2024-05-03T00:00:00,2024-06-05T00:00:00,9452.49,9452.49,,0.0,0.0,0.0,0.0,6.0,6.0,9002.34,9002.34,,0.0,0.0,1.0,1.0
00010,2160255,1.001,USD,2024-06-03T00:00:00,2024-06-14T00:00:00,11027.9,11027.9,,0.0,0.0,0.0,0.0,7.0,7.0,10502.73,10502.73,,0.0,0.0,1.0,1.0
00010,2161892,1.001,USD,2024-06-05T00:00:00,2024-12-11T00:00:00,172007.64,172007.64,,0.0,0.0,0.0,0.0,10.0,10.0,163816.07,163816.07,,0.0,0.0,1.0,1.0
00010,2197404,1.001,USD,2024-07-22T00:00:00,2024-10-09T00:00:00,26798.01,26798.01,,0.0,0.0,0.0,0.0,17.0,17.0,25521.93,25521.93,,0.0,0.0,1.0,1.0
00010,2258836,1.001,USD,2024-10-11T00:00:00,2024-12-05T00:00:00,1535.06,1535.06,,0.0,0.0,0.0,0.0,1.0,1.0,1461.96,1461.96,,0.0,0.0,1.0,1.0
00010,2273997,1.001,USD,2024-10-31T00:00:00,2024-11-05T00:00:00,4878.35,4878.35,,0.0,0.0,0.0,0.0,3.0,3.0,4646.03,4646.03,,0.0,0.0,1.0,1.0
00010,1616901,1.001,USD,2022-06-14T00:00:00,2023-01-30T00:00:00,191646.0,191646.0,,0.0,0.0,0.0,0.0,39.0,39.0,91891.8,91891.8,,0.0,0.0,1.0,1.0
00010,1616917,1.001,USD,2022-06-14T00:00:00,2023-01-23T00:00:00,191646.0,191646.0,,0.0,0.0,0.0,0.0,39.0,39.0,82853.55,82853.55,,0.0,0.0,1.0,1.0
00010,1677862,1.001,USD,2022-09-02T00:00:00,2023-01-05T00:00:00,88025.56,88025.56,,0.0,0.0,0.0,0.0,14.0,14.0,53813.56,53813.56,,0.0,0.0,1.0,1.0
00010,1693648,1.001,USD,2022-09-23T00:00:00,2023-02-02T00:00:00,16317.0,16317.0,,0.0,0.0,0.0,0.0,7.0,7.0,11729.03,11729.03,,0.0,0.0,1.0,1.0
00010,1785699,1.001,USD,2023-01-25T00:00:00,2023-01-31T00:00:00,15224.0,15224.0,,0.0,0.0,0.0,0.0,2.0,2.0,13349.6,13349.6,,0.0,0.0,1.0,1.0
00010,1787148,1.001,USD,2023-01-27T00:00:00,2023-03-22T00:00:00,26595.0,26595.0,,0.0,0.0,0.0,0.0,10.0,10.0,17226.0,17226.0,,0.0,0.0,1.0,1.0
00010,1800711,1.001,USD,2023-02-14T00:00:00,2023-02-28T00:00:00,36234.0,36234.0,,0.0,0.0,0.0,0.0,3.0,3.0,23331.0,23331.0,,0.0,0.0,1.0,1.0
00010,1834175,1.001,USD,2023-03-31T00:00:00,2023-06-27T00:00:00,24664.5,24664.5,,0.0,0.0,0.0,0.0,9.0,9.0,14647.64,14647.64,,0.0,0.0,1.0,1.0
00010,1842513,1.001,USD,2023-04-11T00:00:00,2023-04-20T00:00:00,18654.27,18654.27,,0.0,0.0,0.0,0.0,3.0,3.0,11465.22,11465.22,,0.0,0.0,1.0,1.0
00010,1847836,1.001,USD,2023-04-18T00:00:00,2023-06-07T00:00:00,13230.0,13230.0,,0.0,0.0,0.0,0.0,4.0,4.0,9495.0,9495.0,,0.0,0.0,1.0,1.0
00010,1886745,1.001,USD,2023-06-09T00:00:00,2023-09-29T00:00:00,26370.0,26370.0,,0.0,0.0,0.0,0.0,10.0,10.0,15915.6,15915.6,,0.0,0.0,1.0,1.0
00010,1886746,1.001,USD,2023-06-09T00:00:00,2023-09-26T00:00:00,26370.0,26370.0,,0.0,0.0,0.0,0.0,10.0,10.0,15915.6,15915.6,,0.0,0.0,1.0,1.0
00010,1907443,1.001,USD,2023-07-06T00:00:00,2023-09-27T00:00:00,13808.0,13808.0,,0.0,0.0,0.0,0.0,10.0,10.0,6464.88,6464.88,,0.0,0.0,1.0,1.0
00010,1922528,1.001,USD,2023-07-26T00:00:00,2023-10-26T00:00:00,4167.0,4167.0,,0.0,0.0,0.0,0.0,1.0,1.0,7653.25,7653.25,,0.0,0.0,1.0,1.0
00010,1949378,1.001,USD,2023-08-30T00:00:00,2023-09-07T00:00:00,1138.4,1138.4,,0.0,0.0,0.0,0.0,2.0,2.0,676.18,676.18,,0.0,0.0,1.0,1.0
00010,1955625,1.001,USD,2023-09-07T00:00:00,2023-09-14T00:00:00,12078.0,12078.0,,0.0,0.0,0.0,0.0,1.0,1.0,7755.0,7755.0,,0.0,0.0,1.0,1.0
00010,1971016,1.001,USD,2023-09-27T00:00:00,2023-11-30T00:00:00,29767.5,29767.5,,0.0,0.0,0.0,0.0,9.0,9.0,19719.45,19719.45,,0.0,0.0,1.0,1.0
00010,1971665,1.001,USD,2023-09-28T00:00:00,2023-11-08T00:00:00,93366.0,93366.0,,0.0,0.0,0.0,0.0,19.0,19.0,45084.15,45084.15,,0.0,0.0,1.0,1.0
00010,1780240,1.001,USD,2023-01-18T00:00:00,2023-04-06T00:00:00,20411.87,20411.87,,0.0,0.0,0.0,0.0,8.0,8.0,13132.8,13132.8,,0.0,0.0,1.0,1.0
00010,1886968,1.001,USD,2023-06-09T00:00:00,2023-10-24T00:00:00,150361.6,150361.6,,0.0,0.0,0.0,0.0,8.0,8.0,143201.52,143201.52,,0.0,0.0,1.0,1.0
00010,1911912,1.001,USD,2023-07-12T00:00:00,2023-08-29T00:00:00,11592.0,11592.0,,0.0,0.0,0.0,0.0,3.0,3.0,11040.0,11040.0,,0.0,0.0,1.0,1.0
00010,1915831,1.001,USD,2023-07-17T00:00:00,2023-08-04T00:00:00,4011.51,4011.51,,0.0,0.0,0.0,0.0,3.0,3.0,3820.5,3820.5,,0.0,0.0,1.0,1.0
00010,1944451,1.001,USD,2023-08-23T00:00:00,2023-09-08T00:00:00,37590.4,37590.4,,0.0,0.0,0.0,0.0,2.0,2.0,35800.38,35800.38,,0.0,0.0,1.0,1.0
00010,1302013,2.0,USD,2021-03-08T00:00:00,2021-03-23T00:00:00,100556.0,100556.0,,0.0,0.0,0.0,0.0,43720.0,43720.0,93114.86,93114.86,,0.0,0.0,1.0,1.0
00010,1352172,2.0,USD,2021-05-28T00:00:00,2021-07-06T00:00:00,105899.2,105899.2,,0.0,0.0,0.0,0.0,43760.0,43760.0,91764.72,91764.72,,0.0,0.0,1.0,1.0
00010,1109988,2.0,USD,2020-04-15T00:00:00,2020-06-22T00:00:00,5191.88,5191.88,,0.0,0.0,0.0,0.0,8.0,8.0,4944.6,4944.6,,0.0,0.0,1.0,1.0
00010,1204660,2.0,USD,2020-09-30T00:00:00,2020-11-30T00:00:00,9858.28,9858.28,,0.0,0.0,0.0,0.0,8.0,8.0,9388.8,9388.8,,0.0,0.0,1.0,1.0
00010,1231316,2.0,USD,2020-11-13T00:00:00,2020-12-03T00:00:00,79722.22,79722.22,,0.0,0.0,0.0,0.0,8.0,8.0,75926.09,75926.09,,0.0,0.0,1.0,1.0
00010,1044459,2.0,USD,2019-12-11T00:00:00,2020-01-17T00:00:00,50368.5,50368.5,,0.0,0.0,0.0,0.0,17550.0,17550.0,31698.81,31698.81,,0.0,0.0,1.0,1.0
00010,1102244,2.0,USD,2020-03-31T00:00:00,2020-04-08T00:00:00,4086.0,4086.0,,0.0,0.0,0.0,0.0,4.0,4.0,2472.3,2472.3,,0.0,0.0,1.0,1.0
00010,1216976,2.0,USD,2020-10-21T00:00:00,2020-11-17T00:00:00,711.6,711.6,,0.0,0.0,0.0,0.0,3.0,3.0,185.44,185.44,,0.0,0.0,1.0,1.0
00010,1346032,2.0,USD,2021-05-18T00:00:00,2021-10-11T00:00:00,23957.5,23957.5,,0.0,0.0,0.0,0.0,37.0,37.0,15410.5,15410.5,,0.0,0.0,1.0,1.0
00010,1117587,2.0,USD,2020-04-29T00:00:00,2020-07-02T00:00:00,25557.12,25557.12,,0.0,0.0,0.0,0.0,9792.0,9792.0,17625.6,17625.6,,0.0,0.0,1.0,1.0
00010,1129895,2.0,USD,2020-05-21T00:00:00,2020-09-30T00:00:00,2995.2,2995.2,,0.0,0.0,0.0,0.0,768.0,768.0,2496.0,2496.0,,0.0,0.0,1.0,1.0
00010,1185996,2.0,USD,2020-08-28T00:00:00,2020-11-24T00:00:00,71056.0,71056.0,,0.0,0.0,0.0,0.0,17764.0,17764.0,57733.0,57733.0,,0.0,0.0,1.0,1.0
00010,1196722,2.0,USD,2020-09-16T00:00:00,2020-11-18T00:00:00,56437.2,56437.2,,0.0,0.0,0.0,0.0,15420.0,15420.0,41788.2,41788.2,,0.0,0.0,1.0,1.0
00010,1199631,2.0,USD,2020-09-21T00:00:00,2020-12-08T00:00:00,4626.0,4626.0,,0.0,0.0,0.0,0.0,4.0,4.0,200.33,200.33,,0.0,0.0,1.0,1.0
00010,1048076,2.0,USD,2019-12-18T00:00:00,2020-01-31T00:00:00,11232.0,11232.0,,0.0,0.0,0.0,0.0,2880.0,2880.0,9360.0,9360.0,,0.0,0.0,1.0,1.0
00010,1048134,2.0,USD,2019-12-18T00:00:00,2020-01-31T00:00:00,17280.0,17280.0,,0.0,0.0,0.0,0.0,4320.0,4320.0,14040.0,14040.0,,0.0,0.0,1.0,1.0
00010,1048146,2.0,USD,2019-12-18T00:00:00,2020-01-31T00:00:00,11520.0,11520.0,,0.0,0.0,0.0,0.0,2880.0,2880.0,9360.0,9360.0,,0.0,0.0,1.0,1.0
00010,1048147,2.0,USD,2019-12-18T00:00:00,2020-01-31T00:00:00,11520.0,11520.0,,0.0,0.0,0.0,0.0,2880.0,2880.0,9360.0,9360.0,,0.0,0.0,1.0,1.0
00010,1048149,2.0,USD,2019-12-18T00:00:00,2020-01-31T00:00:00,17280.0,17280.0,,0.0,0.0,0.0,0.0,4320.0,4320.0,14040.0,14040.0,,0.0,0.0,1.0,1.0
00010,1048151,2.0,USD,2019-12-18T00:00:00,2020-01-31T00:00:00,17280.0,17280.0,,0.0,0.0,0.0,0.0,4320.0,4320.0,14040.0,14040.0,,0.0,0.0,1.0,1.0
00010,1048028,2.0,USD,2019-12-18T00:00:00,2020-01-21T00:00:00,759.5,759.5,,0.0,0.0,0.0,0.0,350.0,350.0,364.28,364.28,,0.0,0.0,1.0,1.0
00010,1054107,2.0,USD,2019-12-30T00:00:00,2020-02-07T00:00:00,15224.0,15224.0,,0.0,0.0,0.0,0.0,2.0,2.0,8354.72,8354.72,,0.0,0.0,1.0,1.0
00010,1080880,2.0,USD,2020-02-19T00:00:00,2020-03-24T00:00:00,7612.0,7612.0,,0.0,0.0,0.0,0.0,1.0,1.0,4177.36,4177.36,,0.0,0.0,1.0,1.0
00010,1093047,2.0,USD,2020-03-13T00:00:00,2020-04-20T00:00:00,94644.0,94644.0,,0.0,0.0,0.0,0.0,18.0,18.0,68179.32,68179.32,,0.0,0.0,1.0,1.0
00010,1099339,2.0,USD,2020-03-25T00:00:00,2020-05-28T00:00:00,2664.0,2664.0,,0.0,0.0,0.0,0.0,2.0,2.0,1532.25,1532.25,,0.0,0.0,1.0,1.0
00010,1106982,2.0,USD,2020-04-09T00:00:00,2020-04-16T00:00:00,3374.0,3374.0,,0.0,0.0,0.0,0.0,964.0,964.0,0.0,0.0,,0.0,0.0,1.0,1.0
00010,1107504,2.0,USD,2020-04-10T00:00:00,2020-06-16T00:00:00,5346.0,5346.0,,0.0,0.0,0.0,0.0,3.0,3.0,2955.42,2955.42,,0.0,0.0,1.0,1.0
00010,1118130,2.0,USD,2020-04-30T00:00:00,2020-05-29T00:00:00,5040.0,5040.0,,0.0,0.0,0.0,0.0,8.0,8.0,2891.56,2891.56,,0.0,0.0,1.0,1.0
00010,1122033,2.0,USD,2020-05-07T00:00:00,2020-05-29T00:00:00,2520.0,2520.0,,0.0,0.0,0.0,0.0,4.0,4.0,1445.78,1445.78,,0.0,0.0,1.0,1.0
00010,1124859,2.0,USD,2020-05-12T00:00:00,2021-02-23T00:00:00,14692.8,14692.8,,0.0,0.0,0.0,0.0,12.0,12.0,2131.3,2131.3,,0.0,0.0,1.0,1.0
00010,1137742,2.0,USD,2020-06-04T00:00:00,2020-06-17T00:00:00,1921.5,1921.5,,0.0,0.0,0.0,0.0,1.0,1.0,985.14,985.14,,0.0,0.0,1.0,1.0
00010,1206033,2.0,USD,2020-10-02T00:00:00,2020-10-15T00:00:00,1974.0,1974.0,,0.0,0.0,0.0,0.0,2.0,2.0,840.0,840.0,,0.0,0.0,1.0,1.0
00010,1209386,2.0,USD,2020-10-08T00:00:00,2020-11-12T00:00:00,6516.0,6516.0,,0.0,0.0,0.0,0.0,4.0,4.0,4681.8,4681.8,,0.0,0.0,1.0,1.0
00010,1212239,2.0,USD,2020-10-13T00:00:00,2020-10-26T00:00:00,282.8,282.8,,0.0,0.0,0.0,0.0,1.0,1.0,94.44,94.44,,0.0,0.0,1.0,1.0
00010,1218106,2.0,USD,2020-10-23T00:00:00,2020-10-30T00:00:00,7612.0,7612.0,,0.0,0.0,0.0,0.0,1.0,1.0,5592.4,5592.4,,0.0,0.0,1.0,1.0
00010,1252181,2.0,USD,2020-12-18T00:00:00,2021-01-20T00:00:00,6516.0,6516.0,,0.0,0.0,0.0,0.0,4.0,4.0,4615.2,4615.2,,0.0,0.0,1.0,1.0
00010,1267001,2.0,USD,2021-01-11T00:00:00,2021-03-02T00:00:00,2140.8,2140.8,,0.0,0.0,0.0,0.0,6.0,6.0,857.06,857.06,,0.0,0.0,1.0,1.0
00010,1295100,2.0,USD,2021-02-25T00:00:00,2021-03-11T00:00:00,9774.0,9774.0,,0.0,0.0,0.0,0.0,6.0,6.0,6922.8,6922.8,,0.0,0.0,1.0,1.0
00010,1298895,2.0,USD,2021-03-03T00:00:00,2021-04-09T00:00:00,8354.5,8354.5,,0.0,0.0,0.0,0.0,11.0,11.0,4774.0,4774.0,,0.0,0.0,1.0,1.0
00010,1325819,2.0,USD,2021-04-15T00:00:00,2021-04-27T00:00:00,987.0,987.0,,0.0,0.0,0.0,0.0,1.0,1.0,434.0,434.0,,0.0,0.0,1.0,1.0
00010,1328589,2.0,USD,2021-04-20T00:00:00,2021-07-12T00:00:00,4419.0,4419.0,,0.0,0.0,0.0,0.0,2.0,2.0,2362.5,2362.5,,0.0,0.0,1.0,1.0
00010,1345385,2.0,USD,2021-05-17T00:00:00,2021-06-22T00:00:00,15192.0,15192.0,,0.0,0.0,0.0,0.0,8.0,8.0,9230.4,9230.4,,0.0,0.0,1.0,1.0
00010,1346028,2.0,USD,2021-05-18T00:00:00,2021-07-27T00:00:00,19421.5,19421.5,,0.0,0.0,0.0,0.0,31.0,31.0,12911.5,12911.5,,0.0,0.0,1.0,1.0
00010,1311951,2.0,USD,2021-03-24T00:00:00,2021-05-25T00:00:00,2101.5,2101.5,,0.0,0.0,0.0,0.0,1.0,1.0,1153.8,1153.8,,0.0,0.0,1.0,1.0
00010,1330332,2.0,USD,2021-04-23T00:00:00,2021-05-26T00:00:00,14832.0,14832.0,,0.0,0.0,0.0,0.0,8.0,8.0,9230.4,9230.4,,0.0,0.0,1.0,1.0
00010,1340787,2.0,USD,2021-05-10T00:00:00,2021-05-25T00:00:00,97416.0,97416.0,,0.0,0.0,0.0,0.0,18.0,18.0,86767.56,86767.56,,0.0,0.0,1.0,1.0
00010,1070943,2.0,USD,2020-01-31T00:00:00,2020-01-31T00:00:00,29376.0,29376.0,,0.0,0.0,0.0,0.0,7200.0,7200.0,23721.84,23721.84,,0.0,0.0,1.0,1.0
00010,1317106,2.0,USD,2021-04-01T00:00:00,2021-04-23T00:00:00,5386.5,5386.5,,0.0,0.0,0.0,0.0,9.0,9.0,3906.0,3906.0,,0.0,0.0,1.0,1.0
00010,1044493,2.0,USD,2019-12-11T00:00:00,2020-03-31T00:00:00,38430.0,38430.0,,0.0,0.0,0.0,0.0,10500.0,10500.0,11625.6,11625.6,,0.0,0.0,1.0,1.0
00010,1070955,2.0,USD,2020-01-31T00:00:00,2020-01-31T00:00:00,65880.0,65880.0,,0.0,0.0,0.0,0.0,18000.0,18000.0,51123.6,51123.6,,0.0,0.0,1.0,1.0
00010,1070956,2.0,USD,2020-01-31T00:00:00,2020-03-31T00:00:00,31392.0,31392.0,,0.0,0.0,0.0,0.0,7200.0,7200.0,22667.76,22667.76,,0.0,0.0,1.0,1.0
00010,1074110,2.0,USD,2020-02-06T00:00:00,2020-02-28T00:00:00,3038.0,3038.0,,0.0,0.0,0.0,0.0,4.0,4.0,1445.78,1445.78,,0.0,0.0,1.0,1.0
00010,1076525,2.0,USD,2020-02-11T00:00:00,2020-04-30T00:00:00,33073.92,33073.92,,0.0,0.0,0.0,0.0,12672.0,12672.0,18451.7,18451.7,,0.0,0.0,1.0,1.0
00010,1077752,2.0,USD,2020-02-13T00:00:00,2020-02-28T00:00:00,1890.0,1890.0,,0.0,0.0,0.0,0.0,3.0,3.0,1084.34,1084.34,,0.0,0.0,1.0,1.0
00010,1085654,2.0,USD,2020-02-28T00:00:00,2020-02-28T00:00:00,15280.0,15280.0,,0.0,0.0,0.0,0.0,3820.0,3820.0,12415.0,12415.0,,0.0,0.0,1.0,1.0
00010,1208271,2.0,USD,2020-10-06T00:00:00,2020-10-09T00:00:00,174.6,174.6,,0.0,0.0,0.0,0.0,1.0,1.0,41.03,41.03,,0.0,0.0,1.0,1.0
00010,1091833,2.0,USD,2020-03-11T00:00:00,2020-03-13T00:00:00,473.6,473.6,,0.0,0.0,0.0,0.0,2.0,2.0,369.1,369.1,,0.0,0.0,1.0,1.0
00010,1262399,2.0,USD,2021-01-04T00:00:00,2021-02-02T00:00:00,20196.0,20196.0,,0.0,0.0,0.0,0.0,12.0,12.0,17247.6,17247.6,,0.0,0.0,1.0,1.0
00010,1308309,2.0,USD,2021-03-18T00:00:00,2021-05-12T00:00:00,7612.0,7612.0,,0.0,0.0,0.0,0.0,1.0,1.0,6076.4,6076.4,,0.0,0.0,1.0,1.0
00010,1316479,2.0,USD,2021-03-31T00:00:00,2021-04-13T00:00:00,10241.56,10241.56,,0.0,0.0,0.0,0.0,4.0,4.0,6040.3,6040.3,,0.0,0.0,1.0,1.0
00010,1350933,2.0,USD,2021-05-26T00:00:00,2021-05-28T00:00:00,338.35,338.35,,0.0,0.0,0.0,0.0,67.0,67.0,214.0,214.0,,0.0,0.0,1.0,1.0
00010,1185456,2.0,USD,2020-08-27T00:00:00,2020-09-23T00:00:00,161664.0,161664.0,,0.0,0.0,0.0,0.0,16.0,16.0,75336.96,75336.96,,0.0,0.0,1.0,1.0
00010,1088320,2.0,USD,2020-03-04T00:00:00,2020-04-07T00:00:00,2884.0,2884.0,,0.0,0.0,0.0,0.0,4.0,4.0,1445.78,1445.78,,0.0,0.0,1.0,1.0
00010,1300988,2.0,USD,2021-03-06T00:00:00,2021-04-08T00:00:00,2884.0,2884.0,,0.0,0.0,0.0,0.0,4.0,4.0,1736.0,1736.0,,0.0,0.0,1.0,1.0
00010,1349719,2.0,USD,2021-05-24T00:00:00,2021-06-03T00:00:00,1512.0,1512.0,,0.0,0.0,0.0,0.0,2.0,2.0,868.0,868.0,,0.0,0.0,1.0,1.0
00010,1722,2.0,USD,2020-11-17T00:00:00,2021-01-29T00:00:00,-721.0,-721.0,,0.0,0.0,0.0,0.0,-1.0,-1.0,-420.0,-420.0,,0.0,0.0,1.0,1.0
00010,1371306,2.0,USD,2021-06-28T00:00:00,2021-08-19T00:00:00,16038.0,16038.0,,0.0,0.0,0.0,0.0,9.0,9.0,10384.2,10384.2,,0.0,0.0,1.0,1.0
00010,1393447,2.0,USD,2021-08-02T00:00:00,2021-08-06T00:00:00,1281.0,1281.0,,0.0,0.0,0.0,0.0,300.0,300.0,632.7,632.7,,0.0,0.0,1.0,1.0
00010,1444775,2.0,USD,2021-10-14T00:00:00,2021-11-09T00:00:00,39600.0,39600.0,,0.0,0.0,0.0,0.0,20.0,20.0,33300.0,33300.0,,0.0,0.0,1.0,1.0
00010,1449650,2.0,USD,2021-10-21T00:00:00,2021-12-15T00:00:00,20372.0,20372.0,,0.0,0.0,0.0,0.0,4.0,4.0,6448.66,6448.66,,0.0,0.0,1.0,1.0
00010,1458256,2.0,USD,2021-11-02T00:00:00,2022-01-07T00:00:00,13420.0,13420.0,,0.0,0.0,0.0,0.0,2.0,2.0,12276.0,12276.0,,0.0,0.0,1.0,1.0
00010,1469145,2.0,USD,2021-11-17T00:00:00,2021-11-23T00:00:00,6710.0,6710.0,,0.0,0.0,0.0,0.0,1.0,1.0,6138.0,6138.0,,0.0,0.0,1.0,1.0
00010,1505473,2.0,USD,2022-01-07T00:00:00,2022-03-17T00:00:00,20636.0,20636.0,,0.0,0.0,0.0,0.0,2.0,2.0,12266.76,12266.76,,0.0,0.0,1.0,1.0
00010,1537171,2.0,USD,2022-02-22T00:00:00,2022-03-17T00:00:00,158400.0,158400.0,,0.0,0.0,0.0,0.0,18.0,18.0,120146.4,120146.4,,0.0,0.0,1.0,1.0
00010,1613945,2.0,USD,2022-06-10T00:00:00,2022-06-16T00:00:00,7587.0,7587.0,,0.0,0.0,0.0,0.0,3.0,3.0,4529.25,4529.25,,0.0,0.0,1.0,1.0
00010,1328475,2.0,USD,2021-04-20T00:00:00,2021-08-13T00:00:00,79200.0,79200.0,,0.0,0.0,0.0,0.0,40.0,40.0,57492.0,57492.0,,0.0,0.0,1.0,1.0
00010,1581527,2.0,USD,2022-04-28T00:00:00,2022-06-10T00:00:00,3500.0,3500.0,,0.0,0.0,0.0,0.0,2.0,2.0,757.75,757.75,,0.0,0.0,1.0,1.0
00010,1621707,2.0,USD,2022-06-20T00:00:00,2022-08-15T00:00:00,3500.0,3500.0,,0.0,0.0,0.0,0.0,2.0,2.0,1883.0,1883.0,,0.0,0.0,1.0,1.0
00010,1290841,2.0,USD,2021-02-18T00:00:00,2021-07-29T00:00:00,22552.92,22552.92,,0.0,0.0,0.0,0.0,6162.0,6162.0,16699.02,16699.02,,0.0,0.0,1.0,1.0
00010,1309073,2.0,USD,2021-03-19T00:00:00,2021-09-30T00:00:00,15346.8,15346.8,,0.0,0.0,0.0,0.0,3654.0,3654.0,4957.38,4957.38,,0.0,0.0,1.0,1.0
00010,1347763,2.0,USD,2021-05-21T00:00:00,2021-09-30T00:00:00,14004.48,14004.48,,0.0,0.0,0.0,0.0,3126.0,3126.0,3655.23,3655.23,,0.0,0.0,1.0,1.0
00010,1359582,2.0,USD,2021-06-09T00:00:00,2021-07-15T00:00:00,21648.0,21648.0,,0.0,0.0,0.0,0.0,4.0,4.0,19327.44,19327.44,,0.0,0.0,1.0,1.0
00010,1376693,2.0,USD,2021-07-06T00:00:00,2021-12-15T00:00:00,1295.0,1295.0,,0.0,0.0,0.0,0.0,2.0,2.0,833.0,833.0,,0.0,0.0,1.0,1.0
00010,1384793,2.0,USD,2021-07-19T00:00:00,2021-11-30T00:00:00,4328.24,4328.24,,0.0,0.0,0.0,0.0,1048.0,1048.0,3353.6,3353.6,,0.0,0.0,1.0,1.0
00010,1386789,2.0,USD,2021-07-22T00:00:00,2021-11-30T00:00:00,31439.7,31439.7,,0.0,0.0,0.0,0.0,5430.0,5430.0,23566.2,23566.2,,0.0,0.0,1.0,1.0
00010,1386803,2.0,USD,2021-07-22T00:00:00,2021-10-29T00:00:00,29285.82,29285.82,,0.0,0.0,0.0,0.0,5058.0,5058.0,21951.72,21951.72,,0.0,0.0,1.0,1.0
00010,1454890,2.0,USD,2021-10-28T00:00:00,2022-02-28T00:00:00,24387.48,24387.48,,0.0,0.0,0.0,0.0,4212.0,4212.0,18280.08,18280.08,,0.0,0.0,1.0,1.0
00010,1494148,2.0,USD,2021-12-22T00:00:00,2022-01-06T00:00:00,59472.0,59472.0,,0.0,0.0,0.0,0.0,14400.0,14400.0,46080.0,46080.0,,0.0,0.0,1.0,1.0
00010,1603324,2.0,USD,2022-05-27T00:00:00,2022-07-19T00:00:00,67509.0,67509.0,,0.0,0.0,0.0,0.0,26.0,26.0,36188.1,36188.1,,0.0,0.0,1.0,1.0
00010,1342895,2.0,USD,2021-05-13T00:00:00,2021-08-30T00:00:00,5120.78,5120.78,,0.0,0.0,0.0,0.0,2.0,2.0,2306.57,2306.57,,0.0,0.0,1.0,1.0
00010,1381644,2.0,USD,2021-07-14T00:00:00,2021-09-29T00:00:00,6120.0,6120.0,,0.0,0.0,0.0,0.0,4.0,4.0,3796.2,3796.2,,0.0,0.0,1.0,1.0
00010,1422887,2.0,USD,2021-09-13T00:00:00,2021-12-09T00:00:00,25465.0,25465.0,,0.0,0.0,0.0,0.0,5.0,5.0,8060.83,8060.83,,0.0,0.0,1.0,1.0
00010,1433321,2.0,USD,2021-09-28T00:00:00,2022-04-25T00:00:00,66348.0,66348.0,,0.0,0.0,0.0,0.0,19.0,19.0,28702.35,28702.35,,0.0,0.0,1.0,1.0
00010,1442607,2.0,USD,2021-10-11T00:00:00,2022-01-07T00:00:00,16830.0,16830.0,,0.0,0.0,0.0,0.0,11.0,11.0,12751.2,12751.2,,0.0,0.0,1.0,1.0
00010,1480590,2.0,USD,2021-12-03T00:00:00,2022-02-16T00:00:00,21996.0,21996.0,,0.0,0.0,0.0,0.0,8.0,8.0,15264.0,15264.0,,0.0,0.0,1.0,1.0
00010,1499627,2.0,USD,2021-12-30T00:00:00,2022-01-21T00:00:00,3861.0,3861.0,,0.0,0.0,0.0,0.0,2.0,2.0,3339.0,3339.0,,0.0,0.0,1.0,1.0
00010,1519727,2.0,USD,2022-01-27T00:00:00,2022-04-12T00:00:00,59671.44,59671.44,,0.0,0.0,0.0,0.0,12.0,12.0,37559.12,37559.12,,0.0,0.0,1.0,1.0
00010,1524492,2.0,USD,2022-02-03T00:00:00,2022-04-07T00:00:00,3627.0,3627.0,,0.0,0.0,0.0,0.0,2.0,2.0,2755.8,2755.8,,0.0,0.0,1.0,1.0
00010,1545971,2.0,USD,2022-03-07T00:00:00,2022-03-10T00:00:00,4653.0,4653.0,,0.0,0.0,0.0,0.0,2.0,2.0,2446.2,2446.2,,0.0,0.0,1.0,1.0
00010,1607228,2.0,USD,2022-06-01T00:00:00,2022-06-29T00:00:00,100600.64,100600.64,,0.0,0.0,0.0,0.0,16.0,16.0,51941.93,51941.93,,0.0,0.0,1.0,1.0
00010,1479815,2.0,USD,2021-12-02T00:00:00,2022-01-04T00:00:00,122060.88,122060.88,,0.0,0.0,0.0,0.0,43284.0,43284.0,100522.76,100522.76,,0.0,0.0,1.0,1.0
00010,1371952,2.0,USD,2021-06-29T00:00:00,2021-08-30T00:00:00,3650.29,3650.29,,0.0,0.0,0.0,0.0,3.0,3.0,3459.86,3459.86,,0.0,0.0,1.0,1.0
00010,1141019,2.0,USD,2020-06-10T00:00:00,2020-05-31T00:00:00,18322.2,18322.2,,0.0,0.0,0.0,0.0,7020.0,7020.0,10221.82,10221.82,,0.0,0.0,1.0,1.0
00010,1141021,2.0,USD,2020-06-10T00:00:00,2020-05-31T00:00:00,50331.84,50331.84,,0.0,0.0,0.0,0.0,11544.0,11544.0,36343.98,36343.98,,0.0,0.0,1.0,1.0
00010,2256645,2.0,USD,2024-10-08T00:00:00,2025-01-14T00:00:00,870.9,870.9,,0.0,0.0,0.0,0.0,4.0,4.0,532.37,532.37,,0.0,0.0,1.0,1.0
00010,2160272,2.0,USD,2024-06-03T00:00:00,2025-01-16T00:00:00,17200.76,17200.76,,0.0,0.0,0.0,0.0,1.0,1.0,16381.61,16381.61,,0.0,0.0,1.0,1.0
00010,2379848,2.0,USD,2025-03-21T00:00:00,2025-04-01T00:00:00,13943.42,13943.42,,0.0,0.0,0.0,0.0,10.0,10.0,13279.5,13279.5,,0.0,0.0,1.0,1.0
00010,2426263,2.0,USD,2025-05-21T00:00:00,2025-06-13T00:00:00,2646.95,2646.95,,0.0,0.0,0.0,0.0,2.0,2.0,2520.9,2520.9,,0.0,0.0,1.0,1.0
00010,2262627,2.0,USD,2024-10-16T00:00:00,2025-01-22T00:00:00,17712.0,17712.0,,0.0,0.0,0.0,0.0,8.0,8.0,10195.2,10195.2,,0.0,0.0,1.0,1.0
00010,2312097,2.0,USD,2024-12-20T00:00:00,2025-01-13T00:00:00,1864.0,1864.0,,0.0,0.0,0.0,0.0,5.0,5.0,714.12,714.12,,0.0,0.0,1.0,1.0
00010,2384655,2.0,USD,2025-03-27T00:00:00,2025-05-20T00:00:00,3214.7,3214.7,,0.0,0.0,0.0,0.0,305.0,305.0,1456.13,1456.13,,0.0,0.0,1.0,1.0
00010,2395489,2.0,USD,2025-04-10T00:00:00,2025-04-23T00:00:00,319.6,319.6,,0.0,0.0,0.0,0.0,1.0,1.0,128.2,128.2,,0.0,0.0,1.0,1.0
00010,2408910,2.0,USD,2025-04-28T00:00:00,2025-05-07T00:00:00,2609.6,2609.6,,0.0,0.0,0.0,0.0,7.0,7.0,969.11,969.11,,0.0,0.0,1.0,1.0
00010,2425638,2.0,USD,2025-05-20T00:00:00,2025-05-27T00:00:00,2245.5,2245.5,,0.0,0.0,0.0,0.0,1.0,1.0,1200.6,1200.6,,0.0,0.0,1.0,1.0
00010,2446727,2.0,USD,2025-06-17T00:00:00,2025-06-20T00:00:00,689.2,689.2,,0.0,0.0,0.0,0.0,1.0,1.0,305.96,305.96,,0.0,0.0,1.0,1.0
00010,2461975,2.0,USD,2025-07-07T00:00:00,2025-08-19T00:00:00,25452.0,25452.0,,0.0,0.0,0.0,0.0,8.0,8.0,17824.32,17824.32,,0.0,0.0,1.0,1.0
00010,2522751,2.0,USD,2025-09-25T00:00:00,2025-10-09T00:00:00,958.8,958.8,,0.0,0.0,0.0,0.0,3.0,3.0,366.61,366.61,,0.0,0.0,1.0,1.0
00010,2526555,2.0,USD,2025-09-30T00:00:00,2025-10-08T00:00:00,3355.2,3355.2,,0.0,0.0,0.0,0.0,9.0,9.0,1230.16,1230.16,,0.0,0.0,1.0,1.0
00010,2580461,2.0,USD,2025-12-10T00:00:00,2026-01-05T00:00:00,26353.96,26353.96,,0.0,0.0,0.0,0.0,4.0,4.0,13864.07,13864.07,,0.0,0.0,1.0,1.0
00010,2597945,2.0,USD,2026-01-02T00:00:00,2026-01-12T00:00:00,5592.0,5592.0,,0.0,0.0,0.0,0.0,15.0,15.0,2073.72,2073.72,,0.0,0.0,1.0,1.0
00010,2648556,2.0,USD,2026-03-11T00:00:00,2026-04-28T00:00:00,12078.0,12078.0,,0.0,0.0,0.0,0.0,1.0,1.0,6657.2,6657.2,,0.0,0.0,1.0,1.0
00010,2669951,2.0,USD,2026-04-08T00:00:00,2026-04-20T00:00:00,5592.0,5592.0,,0.0,0.0,0.0,0.0,15.0,15.0,2073.72,2073.72,,0.0,0.0,1.0,1.0
00010,2695216,2.0,USD,2026-05-11T00:00:00,2026-05-20T00:00:00,2529.7,2529.7,,0.0,0.0,0.0,0.0,410.0,410.0,1368.58,1368.58,,0.0,0.0,1.0,1.0
00010,2697383,2.0,USD,2026-05-14T00:00:00,2026-07-08T00:00:00,15309.0,15309.0,,0.0,0.0,0.0,0.0,6.0,6.0,9012.6,9012.6,,0.0,0.0,1.0,1.0
00010,2696503,2.0,USD,2026-05-13T00:00:00,2026-07-08T00:00:00,2551.5,2551.5,,0.0,0.0,0.0,0.0,1.0,1.0,1502.1,1502.1,,0.0,0.0,1.0,1.0
00010,2728310,2.0,USD,2026-06-24T00:00:00,2026-07-13T00:00:00,9187.2,9187.2,,0.0,0.0,0.0,0.0,24.0,24.0,3462.05,3462.05,,0.0,0.0,1.0,1.0
00010,2271832,2.0,USD,2024-10-28T00:00:00,2024-11-13T00:00:00,0.0,0.0,,0.0,0.0,0.0,0.0,3.0,3.0,919.55,919.55,,0.0,0.0,1.0,1.0
00010,2124269,2.0,USD,2024-04-17T00:00:00,2024-04-24T00:00:00,132112.0,132112.0,,0.0,0.0,0.0,0.0,36800.0,36800.0,58880.0,58880.0,,0.0,0.0,1.0,1.0
00010,2239825,2.0,USD,2024-09-16T00:00:00,2024-09-25T00:00:00,1118.4,1118.4,,0.0,0.0,0.0,0.0,3.0,3.0,415.62,415.62,,0.0,0.0,1.0,1.0
00010,2251233,2.0,USD,2024-10-01T00:00:00,2024-10-09T00:00:00,2853.0,2853.0,,0.0,0.0,0.0,0.0,1.0,1.0,1446.44,1446.44,,0.0,0.0,1.0,1.0
00010,2145123,2.0,USD,2024-05-14T00:00:00,2024-06-05T00:00:00,257.06,257.06,,0.0,0.0,0.0,0.0,2.0,2.0,244.82,244.82,,0.0,0.0,1.0,1.0
00010,2379,2.0,USD,2024-10-24T00:00:00,2024-10-30T00:00:00,-10548.0,-10548.0,,0.0,0.0,0.0,0.0,-4.0,-4.0,-6366.24,-6366.24,,0.0,0.0,1.0,1.0
00010,2008,2.0,USD,2023-03-08T00:00:00,2023-03-17T00:00:00,-41424.0,-41424.0,,0.0,0.0,0.0,0.0,-30.0,-30.0,-400.44,-400.44,,0.0,0.0,1.0,1.0
00010,1760028,2.0,USD,2022-12-22T00:00:00,2023-02-09T00:00:00,10386.0,10386.0,,0.0,0.0,0.0,0.0,4.0,4.0,6702.3,6702.3,,0.0,0.0,1.0,1.0
00010,1768956,2.0,USD,2023-01-03T00:00:00,2023-03-17T00:00:00,4853.2,4853.2,,0.0,0.0,0.0,0.0,2.0,2.0,4529.6,4529.6,,0.0,0.0,1.0,1.0
00010,1779663,2.0,USD,2023-01-17T00:00:00,2023-01-31T00:00:00,2844.0,2844.0,,0.0,0.0,0.0,0.0,1.0,1.0,1722.6,1722.6,,0.0,0.0,1.0,1.0
00010,1787148,2.0,USD,2023-01-27T00:00:00,2023-03-14T00:00:00,324.8,324.8,,0.0,0.0,0.0,0.0,1.0,1.0,86.67,86.67,,0.0,0.0,1.0,1.0
00010,1833617,2.0,USD,2023-03-30T00:00:00,2023-04-05T00:00:00,39675.0,39675.0,,0.0,0.0,0.0,0.0,1.0,1.0,3666.2,3666.2,,0.0,0.0,1.0,1.0
00010,1873376,2.0,USD,2023-05-22T00:00:00,2023-06-16T00:00:00,68.8,68.8,,0.0,0.0,0.0,0.0,4.0,4.0,1344.9,1344.9,,0.0,0.0,1.0,1.0
00010,1890159,2.0,USD,2023-06-13T00:00:00,2023-06-21T00:00:00,399.6,399.6,,0.0,0.0,0.0,0.0,1.0,1.0,126.57,126.57,,0.0,0.0,1.0,1.0
00010,1841700,2.0,USD,2023-04-10T00:00:00,2023-05-05T00:00:00,5189.96,5189.96,,0.0,0.0,0.0,0.0,2.0,2.0,4942.8,4942.8,,0.0,0.0,1.0,1.0
00010,1965054,2.0,USD,2023-09-19T00:00:00,2023-10-17T00:00:00,132.9,132.9,,0.0,0.0,0.0,0.0,1.0,1.0,126.57,126.57,,0.0,0.0,1.0,1.0
00010,1980718,2.0,USD,2023-10-10T00:00:00,2023-10-31T00:00:00,13371.69,13371.69,,0.0,0.0,0.0,0.0,10.0,10.0,12735.0,12735.0,,0.0,0.0,1.0,1.0
00030,1408315,2.0,USD,2021-08-24T00:00:00,2021-08-25T00:00:00,0.0,0.0,,0.0,0.0,0.0,0.0,781.8182,781.8182,2408.0,2408.0,,0.0,0.0,1.0,1.0
00030,2425879,2.0,USD,2025-05-21T00:00:00,2025-06-19T00:00:00,3735.3,3735.3,,0.0,0.0,0.0,0.0,408.23,408.23,2571.4,2571.4,,0.0,0.0,1.0,1.0
00030,2722933,2.0,USD,2026-06-17T00:00:00,2026-06-17T00:00:00,721.16,721.16,,0.0,0.0,0.0,0.0,5.0,5.0,721.16,721.16,,0.0,0.0,1.0,1.0
00030,2435907,3.0,USD,2025-06-03T00:00:00,2025-08-19T00:00:00,28947.89,28947.89,,0.0,0.0,0.0,0.0,2857.64,2857.64,22055.71,22055.71,,0.0,0.0,1.0,1.0
00030,2527739,3.0,USD,2025-10-02T00:00:00,2025-12-22T00:00:00,55828.05,55828.05,,0.0,0.0,0.0,0.0,5511.16,5511.16,40352.63,40352.63,,0.0,0.0,1.0,1.0
00030,2197143,3.0,USD,2024-07-22T00:00:00,2024-10-11T00:00:00,8270.84,8270.84,,0.0,0.0,0.0,0.0,816.47,816.47,6301.64,6301.64,,0.0,0.0,1.0,1.0
00030,2258398,3.0,USD,2024-10-11T00:00:00,2024-12-09T00:00:00,2067.74,2067.74,,0.0,0.0,0.0,0.0,204.12,204.12,1575.43,1575.43,,0.0,0.0,1.0,1.0
00030,1961444,3.0,USD,2023-09-15T00:00:00,2023-10-23T00:00:00,248.34,248.34,,0.0,0.0,0.0,0.0,18.14,18.14,162.06,162.06,,0.0,0.0,1.0,1.0
00030,1961444,4.0,USD,2023-09-15T00:00:00,2023-10-23T00:00:00,248.34,248.34,,0.0,0.0,0.0,0.0,18.14,18.14,162.55,162.55,,0.0,0.0,1.0,1.0
00030,1961444,5.0,USD,2023-09-15T00:00:00,2023-10-23T00:00:00,333.96,333.96,,0.0,0.0,0.0,0.0,18.14,18.14,235.46,235.46,,0.0,0.0,1.0,1.0
00030,1961444,7.0,USD,2023-09-15T00:00:00,2023-10-23T00:00:00,201.9,201.9,,0.0,0.0,0.0,0.0,18.14,18.14,132.87,132.87,,0.0,0.0,1.0,1.0
00010,1157974,3.0,USD,2020-07-10T00:00:00,2020-07-21T00:00:00,473.02,473.02,,0.0,0.0,0.0,0.0,2.0,2.0,147.34,147.34,,0.0,0.0,1.0,1.0
00010,1065774,1.002,USD,2020-01-21T00:00:00,2020-04-08T00:00:00,33066.0,33066.0,,0.0,0.0,0.0,0.0,22.0,22.0,24637.14,24637.14,,0.0,0.0,1.0,1.0
00010,1084611,1.002,USD,2020-02-26T00:00:00,2020-04-16T00:00:00,16533.0,16533.0,,0.0,0.0,0.0,0.0,11.0,11.0,12318.57,12318.57,,0.0,0.0,1.0,1.0
00010,1233532,7.0,USD,2020-11-18T00:00:00,2021-03-30T00:00:00,48096.0,48096.0,,0.0,0.0,0.0,0.0,32.0,32.0,45993.6,45993.6,,0.0,0.0,1.0,1.0
00010,1282728,1.002,USD,2021-02-05T00:00:00,2021-02-24T00:00:00,21032.39,21032.39,,0.0,0.0,0.0,0.0,14.0,14.0,20122.2,20122.2,,0.0,0.0,1.0,1.0
00010,1109988,5.0,USD,2020-04-15T00:00:00,2020-06-22T00:00:00,13839.03,13839.03,,0.0,0.0,0.0,0.0,13.0,13.0,13180.05,13180.05,,0.0,0.0,1.0,1.0
00010,1109988,5.001,USD,2020-04-15T00:00:00,2020-06-22T00:00:00,8516.32,8516.32,,0.0,0.0,0.0,0.0,8.0,8.0,8110.8,8110.8,,0.0,0.0,1.0,1.0
00010,1173482,3.0,USD,2020-08-06T00:00:00,2020-08-13T00:00:00,1892.07,1892.07,,0.0,0.0,0.0,0.0,2.0,2.0,1801.98,1801.98,,0.0,0.0,1.0,1.0
00010,1189347,3.0,USD,2020-09-03T00:00:00,2020-09-10T00:00:00,1501.13,1501.13,,0.0,0.0,0.0,0.0,1.0,1.0,1429.65,1429.65,,0.0,0.0,1.0,1.0
00010,1204660,2.001,USD,2020-09-30T00:00:00,2020-11-30T00:00:00,18484.28,18484.28,,0.0,0.0,0.0,0.0,15.0,15.0,17604.0,17604.0,,0.0,0.0,1.0,1.0
00010,1307689,3.0,USD,2021-03-17T00:00:00,2021-03-30T00:00:00,1902.78,1902.78,,0.0,0.0,0.0,0.0,2.0,2.0,1812.15,1812.15,,0.0,0.0,1.0,1.0
00010,1298929,1.002,USD,2021-03-03T00:00:00,2021-05-28T00:00:00,21420.0,21420.0,,0.0,0.0,0.0,0.0,14.0,14.0,13286.7,13286.7,,0.0,0.0,1.0,1.0
00010,1346032,3.0,USD,2021-05-18T00:00:00,2021-10-11T00:00:00,7770.0,7770.0,,0.0,0.0,0.0,0.0,12.0,12.0,4998.0,4998.0,,0.0,0.0,1.0,1.0
00010,1135993,1.002,USD,2020-06-01T00:00:00,2020-06-05T00:00:00,11331.64,11331.64,,0.0,0.0,0.0,0.0,2.0,2.0,7292.6,7292.6,,0.0,0.0,1.0,1.0
00010,1157999,1.003,USD,2020-07-10T00:00:00,2020-07-14T00:00:00,11331.64,11331.64,,0.0,0.0,0.0,0.0,2.0,2.0,7292.6,7292.6,,0.0,0.0,1.0,1.0
00010,1285224,1.002,USD,2021-02-09T00:00:00,2021-05-17T00:00:00,7112.0,7112.0,,0.0,0.0,0.0,0.0,8.0,8.0,3472.0,3472.0,,0.0,0.0,1.0,1.0
00010,1207652,6.0,USD,2020-10-05T00:00:00,2020-11-17T00:00:00,3067.04,3067.04,,0.0,0.0,0.0,0.0,1.0,1.0,0.0,0.0,,0.0,0.0,1.0,1.0
00010,1259586,1.002,USD,2020-12-30T00:00:00,2021-02-08T00:00:00,9355.5,9355.5,,0.0,0.0,0.0,0.0,11.0,11.0,4620.0,4620.0,,0.0,0.0,1.0,1.0
00010,1192808,3.0,USD,2020-09-09T00:00:00,2020-09-17T00:00:00,2884.0,2884.0,,0.0,0.0,0.0,0.0,4.0,4.0,1680.0,1680.0,,0.0,0.0,1.0,1.0
00010,1349719,2.001,USD,2021-05-24T00:00:00,2021-06-03T00:00:00,4536.0,4536.0,,0.0,0.0,0.0,0.0,6.0,6.0,2604.0,2604.0,,0.0,0.0,1.0,1.0
00010,1141019,7.0,USD,2020-06-10T00:00:00,2020-05-31T00:00:00,31798.08,31798.08,,0.0,0.0,0.0,0.0,8688.0,8688.0,24675.66,24675.66,,0.0,0.0,1.0,1.0
00010,1141019,8.0,USD,2020-06-10T00:00:00,2020-05-31T00:00:00,18490.32,18490.32,,0.0,0.0,0.0,0.0,5052.0,5052.0,14348.69,14348.69,,0.0,0.0,1.0,1.0
00010,1141019,15.0,USD,2020-06-10T00:00:00,2020-05-31T00:00:00,1207.8,1207.8,,0.0,0.0,0.0,0.0,330.0,330.0,937.27,937.27,,0.0,0.0,1.0,1.0
00010,1141019,18.0,USD,2020-06-10T00:00:00,2020-05-31T00:00:00,5929.2,5929.2,,0.0,0.0,0.0,0.0,1620.0,1620.0,4601.12,4601.12,,0.0,0.0,1.0,1.0
00010,1141019,19.0,USD,2020-06-10T00:00:00,2020-05-31T00:00:00,12275.64,12275.64,,0.0,0.0,0.0,0.0,3354.0,3354.0,9526.03,9526.03,,0.0,0.0,1.0,1.0
00010,1196839,1.004,USD,2020-09-16T00:00:00,2020-10-07T00:00:00,9683.0,9683.0,,0.0,0.0,0.0,0.0,2300.0,2300.0,2691.0,2691.0,,0.0,0.0,1.0,1.0
00010,1196839,1.005,USD,2020-09-16T00:00:00,2020-10-07T00:00:00,19366.0,19366.0,,0.0,0.0,0.0,0.0,4600.0,4600.0,5382.0,5382.0,,0.0,0.0,1.0,1.0
00010,1196839,1.006,USD,2020-09-16T00:00:00,2020-10-07T00:00:00,116196.0,116196.0,,0.0,0.0,0.0,0.0,27600.0,27600.0,32292.0,32292.0,,0.0,0.0,1.0,1.0
00010,1138251,5.0,USD,2020-06-05T00:00:00,2020-08-31T00:00:00,31507.92,31507.92,,0.0,0.0,0.0,0.0,12072.0,12072.0,21729.6,21729.6,,0.0,0.0,1.0,1.0
00010,1138251,6.0,USD,2020-06-05T00:00:00,2020-08-31T00:00:00,20107.44,20107.44,,0.0,0.0,0.0,0.0,7704.0,7704.0,13867.2,13867.2,,0.0,0.0,1.0,1.0
00010,1138251,7.0,USD,2020-06-05T00:00:00,2020-08-31T00:00:00,39528.0,39528.0,,0.0,0.0,0.0,0.0,10800.0,10800.0,29268.0,29268.0,,0.0,0.0,1.0,1.0
00010,1138251,8.0,USD,2020-06-05T00:00:00,2020-08-31T00:00:00,14647.32,14647.32,,0.0,0.0,0.0,0.0,4002.0,4002.0,10845.42,10845.42,,0.0,0.0,1.0,1.0
00010,1138251,9.0,USD,2020-06-05T00:00:00,2020-09-30T00:00:00,48904.92,48904.92,,0.0,0.0,0.0,0.0,13362.0,13362.0,36211.02,36211.02,,0.0,0.0,1.0,1.0
00010,1138251,10.0,USD,2020-06-05T00:00:00,2020-09-30T00:00:00,41254.32,41254.32,,0.0,0.0,0.0,0.0,9462.0,9462.0,27723.66,27723.66,,0.0,0.0,1.0,1.0
00010,1237302,5.0,USD,2020-11-24T00:00:00,2021-02-24T00:00:00,42876.24,42876.24,,0.0,0.0,0.0,0.0,9834.0,9834.0,28813.62,28813.62,,0.0,0.0,1.0,1.0
00010,1237302,6.0,USD,2020-11-24T00:00:00,2021-02-24T00:00:00,28357.44,28357.44,,0.0,0.0,0.0,0.0,6504.0,6504.0,19056.72,19056.72,,0.0,0.0,1.0,1.0
00010,1237302,7.0,USD,2020-11-24T00:00:00,2021-02-24T00:00:00,28861.92,28861.92,,0.0,0.0,0.0,0.0,7074.0,7074.0,20585.34,20585.34,,0.0,0.0,1.0,1.0
00010,1237302,8.0,USD,2020-11-24T00:00:00,2021-02-24T00:00:00,13176.0,13176.0,,0.0,0.0,0.0,0.0,3600.0,3600.0,9756.0,9756.0,,0.0,0.0,1.0,1.0
00010,1237302,9.0,USD,2020-11-24T00:00:00,2021-02-24T00:00:00,65880.0,65880.0,,0.0,0.0,0.0,0.0,18000.0,18000.0,48780.0,48780.0,,0.0,0.0,1.0,1.0
00010,1048028,5.0,USD,2019-12-18T00:00:00,2020-01-21T00:00:00,303.8,303.8,,0.0,0.0,0.0,0.0,140.0,140.0,145.71,145.71,,0.0,0.0,1.0,1.0
00010,1048028,6.0,USD,2019-12-18T00:00:00,2020-01-21T00:00:00,266.91,266.91,,0.0,0.0,0.0,0.0,123.0,123.0,128.02,128.02,,0.0,0.0,1.0,1.0
00010,1077763,1.002,USD,2020-02-13T00:00:00,2020-03-19T00:00:00,6300.0,6300.0,,0.0,0.0,0.0,0.0,10.0,10.0,3614.45,3614.45,,0.0,0.0,1.0,1.0
00010,1106982,2.001,USD,2020-04-09T00:00:00,2020-04-16T00:00:00,11116.0,11116.0,,0.0,0.0,0.0,0.0,3176.0,3176.0,0.0,0.0,,0.0,0.0,1.0,1.0
00010,1106982,4.001,USD,2020-04-09T00:00:00,2020-04-16T00:00:00,6.03,6.03,,0.0,0.0,0.0,0.0,2.2,2.2,0.0,0.0,,0.0,0.0,1.0,1.0
00010,1106982,4.002,USD,2020-04-09T00:00:00,2020-04-16T00:00:00,1128.33,1128.33,,0.0,0.0,0.0,0.0,411.8,411.8,0.0,0.0,,0.0,0.0,1.0,1.0
00010,1118130,2.001,USD,2020-04-30T00:00:00,2020-05-29T00:00:00,2520.0,2520.0,,0.0,0.0,0.0,0.0,4.0,4.0,1445.78,1445.78,,0.0,0.0,1.0,1.0
00010,1121344,1.002,USD,2020-05-06T00:00:00,2020-05-27T00:00:00,13860.0,13860.0,,0.0,0.0,0.0,0.0,22.0,22.0,7951.79,7951.79,,0.0,0.0,1.0,1.0
00010,1122033,2.001,USD,2020-05-07T00:00:00,2020-05-29T00:00:00,25200.0,25200.0,,0.0,0.0,0.0,0.0,40.0,40.0,14457.8,14457.8,,0.0,0.0,1.0,1.0
00010,1122033,2.002,USD,2020-05-07T00:00:00,2020-05-29T00:00:00,7560.0,7560.0,,0.0,0.0,0.0,0.0,12.0,12.0,4337.34,4337.34,,0.0,0.0,1.0,1.0
00010,1160972,1.002,USD,2020-07-15T00:00:00,2020-08-07T00:00:00,5386.5,5386.5,,0.0,0.0,0.0,0.0,9.0,9.0,3780.0,3780.0,,0.0,0.0,1.0,1.0
00010,1267596,1.002,USD,2021-01-12T00:00:00,2021-02-25T00:00:00,20223.0,20223.0,,0.0,0.0,0.0,0.0,14.0,14.0,16153.2,16153.2,,0.0,0.0,1.0,1.0
00010,1269558,1.002,USD,2021-01-15T00:00:00,2021-01-29T00:00:00,10206.0,10206.0,,0.0,0.0,0.0,0.0,12.0,12.0,5040.0,5040.0,,0.0,0.0,1.0,1.0
00010,1276380,1.002,USD,2021-01-26T00:00:00,2021-01-29T00:00:00,11970.0,11970.0,,0.0,0.0,0.0,0.0,20.0,20.0,8400.0,8400.0,,0.0,0.0,1.0,1.0
00010,1067281,6.0,USD,2020-01-24T00:00:00,2020-03-24T00:00:00,5856.0,5856.0,,0.0,0.0,0.0,0.0,1464.0,1464.0,4758.0,4758.0,,0.0,0.0,1.0,1.0
00010,1067281,7.0,USD,2020-01-24T00:00:00,2020-03-24T00:00:00,7285.2,7285.2,,0.0,0.0,0.0,0.0,1868.0,1868.0,6071.0,6071.0,,0.0,0.0,1.0,1.0
00010,1070943,5.0,USD,2020-01-31T00:00:00,2020-01-31T00:00:00,7344.0,7344.0,,0.0,0.0,0.0,0.0,1800.0,1800.0,5930.46,5930.46,,0.0,0.0,1.0,1.0
00010,1070943,6.0,USD,2020-01-31T00:00:00,2020-01-31T00:00:00,15696.0,15696.0,,0.0,0.0,0.0,0.0,3600.0,3600.0,11333.88,11333.88,,0.0,0.0,1.0,1.0
00010,1070943,7.0,USD,2020-01-31T00:00:00,2020-03-11T00:00:00,26352.0,26352.0,,0.0,0.0,0.0,0.0,7200.0,7200.0,20449.44,20449.44,,0.0,0.0,1.0,1.0
00010,1070943,8.0,USD,2020-01-31T00:00:00,2020-03-31T00:00:00,16448.04,16448.04,,0.0,0.0,0.0,0.0,4494.0,4494.0,12763.86,12763.86,,0.0,0.0,1.0,1.0
00010,1070943,9.0,USD,2020-01-31T00:00:00,2020-03-31T00:00:00,6346.44,6346.44,,0.0,0.0,0.0,0.0,1734.0,1734.0,4924.91,4924.91,,0.0,0.0,1.0,1.0
00010,1084979,1.002,USD,2020-02-27T00:00:00,2020-03-24T00:00:00,12152.0,12152.0,,0.0,0.0,0.0,0.0,16.0,16.0,5783.12,5783.12,,0.0,0.0,1.0,1.0
00010,1122031,3.001,USD,2020-05-07T00:00:00,2020-06-04T00:00:00,27531.0,27531.0,,0.0,0.0,0.0,0.0,46.0,46.0,16626.47,16626.47,,0.0,0.0,1.0,1.0
00010,1122031,3.002,USD,2020-05-07T00:00:00,2020-06-04T00:00:00,1795.5,1795.5,,0.0,0.0,0.0,0.0,3.0,3.0,1084.34,1084.34,,0.0,0.0,1.0,1.0
00010,1122032,1.002,USD,2020-05-07T00:00:00,2020-06-30T00:00:00,1795.5,1795.5,,0.0,0.0,0.0,0.0,3.0,3.0,1260.0,1260.0,,0.0,0.0,1.0,1.0
00010,1148939,1.002,USD,2020-06-24T00:00:00,2020-07-13T00:00:00,24538.5,24538.5,,0.0,0.0,0.0,0.0,41.0,41.0,17220.0,17220.0,,0.0,0.0,1.0,1.0
00010,1295922,4.001,USD,2021-02-26T00:00:00,2021-03-17T00:00:00,22836.0,22836.0,,0.0,0.0,0.0,0.0,3.0,3.0,17988.96,17988.96,,0.0,0.0,1.0,1.0
00010,1350933,2.001,USD,2021-05-26T00:00:00,2021-05-28T00:00:00,136.35,136.35,,0.0,0.0,0.0,0.0,27.0,27.0,86.24,86.24,,0.0,0.0,1.0,1.0
00010,1048028,4.0,USD,2019-12-18T00:00:00,2020-01-21T00:00:00,323.33,323.33,,0.0,0.0,0.0,0.0,149.0,149.0,155.08,155.08,,0.0,0.0,1.0,1.0
00010,1070943,4.0,USD,2020-01-31T00:00:00,2020-01-31T00:00:00,26352.0,26352.0,,0.0,0.0,0.0,0.0,7200.0,7200.0,20449.44,20449.44,,0.0,0.0,1.0,1.0
00010,1196722,4.0,USD,2020-09-16T00:00:00,2020-12-04T00:00:00,36255.96,36255.96,,0.0,0.0,0.0,0.0,9906.0,9906.0,26845.26,26845.26,,0.0,0.0,1.0,1.0
00010,1295922,4.0,USD,2021-02-26T00:00:00,2021-03-17T00:00:00,30448.0,30448.0,,0.0,0.0,0.0,0.0,4.0,4.0,23985.28,23985.28,,0.0,0.0,1.0,1.0
00010,1106982,4.0,USD,2020-04-09T00:00:00,2020-04-16T00:00:00,41.1,41.1,,0.0,0.0,0.0,0.0,15.0,15.0,0.0,0.0,,0.0,0.0,1.0,1.0
00010,1346028,3.0,USD,2021-05-18T00:00:00,2021-07-27T00:00:00,10650.5,10650.5,,0.0,0.0,0.0,0.0,17.0,17.0,7080.5,7080.5,,0.0,0.0,1.0,1.0
00010,1044493,3.0,USD,2019-12-11T00:00:00,2020-04-08T00:00:00,16536.96,16536.96,,0.0,0.0,0.0,0.0,6336.0,6336.0,9225.85,9225.85,,0.0,0.0,1.0,1.0
00010,1048028,3.0,USD,2019-12-18T00:00:00,2020-01-21T00:00:00,713.93,713.93,,0.0,0.0,0.0,0.0,329.0,329.0,342.42,342.42,,0.0,0.0,1.0,1.0
00010,1048076,3.0,USD,2019-12-18T00:00:00,2020-01-31T00:00:00,11520.0,11520.0,,0.0,0.0,0.0,0.0,2880.0,2880.0,9360.0,9360.0,,0.0,0.0,1.0,1.0
00010,1124859,3.0,USD,2020-05-12T00:00:00,2021-02-23T00:00:00,2448.8,2448.8,,0.0,0.0,0.0,0.0,2.0,2.0,355.22,355.22,,0.0,0.0,1.0,1.0
00010,1138251,3.0,USD,2020-06-05T00:00:00,2020-09-14T00:00:00,23544.0,23544.0,,0.0,0.0,0.0,0.0,5400.0,5400.0,15822.0,15822.0,,0.0,0.0,1.0,1.0
00010,1196722,3.0,USD,2020-09-16T00:00:00,2020-11-20T00:00:00,25539.48,25539.48,,0.0,0.0,0.0,0.0,6978.0,6978.0,18910.38,18910.38,,0.0,0.0,1.0,1.0
00010,1252181,3.0,USD,2020-12-18T00:00:00,2021-01-20T00:00:00,6426.0,6426.0,,0.0,0.0,0.0,0.0,4.0,4.0,75.6,75.6,,0.0,0.0,1.0,1.0
00010,1074051,3.0,USD,2020-02-06T00:00:00,2020-02-28T00:00:00,1442.0,1442.0,,0.0,0.0,0.0,0.0,2.0,2.0,722.89,722.89,,0.0,0.0,1.0,1.0
00010,1070943,3.0,USD,2020-01-31T00:00:00,2020-01-31T00:00:00,47088.0,47088.0,,0.0,0.0,0.0,0.0,10800.0,10800.0,34001.64,34001.64,,0.0,0.0,1.0,1.0
00010,1070955,3.0,USD,2020-01-31T00:00:00,2020-01-31T00:00:00,26952.48,26952.48,,0.0,0.0,0.0,0.0,6606.0,6606.0,21764.79,21764.79,,0.0,0.0,1.0,1.0
00010,1091833,3.0,USD,2020-03-11T00:00:00,2020-03-13T00:00:00,351.2,351.2,,0.0,0.0,0.0,0.0,2.0,2.0,212.83,212.83,,0.0,0.0,1.0,1.0
00010,1122031,3.0,USD,2020-05-07T00:00:00,2020-06-04T00:00:00,4189.5,4189.5,,0.0,0.0,0.0,0.0,7.0,7.0,2530.12,2530.12,,0.0,0.0,1.0,1.0
00010,1328475,3.0,USD,2021-04-20T00:00:00,2021-06-16T00:00:00,21780.0,21780.0,,0.0,0.0,0.0,0.0,11.0,11.0,15810.3,15810.3,,0.0,0.0,1.0,1.0
00010,1350933,3.0,USD,2021-05-26T00:00:00,2021-05-28T00:00:00,1565.5,1565.5,,0.0,0.0,0.0,0.0,310.0,310.0,990.14,990.14,,0.0,0.0,1.0,1.0
00010,1106982,3.0,USD,2020-04-09T00:00:00,2020-04-16T00:00:00,16.07,16.07,,0.0,0.0,0.0,0.0,0.6989,0.6989,0.0,0.0,,0.0,0.0,1.0,1.0
00010,1328475,4.0,USD,2021-04-20T00:00:00,2021-08-17T00:00:00,5940.0,5940.0,,0.0,0.0,0.0,0.0,3.0,3.0,4311.9,4311.9,,0.0,0.0,1.0,1.0
00010,1371306,2.001,USD,2021-06-28T00:00:00,2021-08-19T00:00:00,12474.0,12474.0,,0.0,0.0,0.0,0.0,7.0,7.0,8076.6,8076.6,,0.0,0.0,1.0,1.0
00010,1405792,3.0,USD,2021-08-20T00:00:00,2021-09-15T00:00:00,448.0,448.0,,0.0,0.0,0.0,0.0,2.0,2.0,124.28,124.28,,0.0,0.0,1.0,1.0
00010,1409238,1.002,USD,2021-08-25T00:00:00,2021-09-08T00:00:00,61600.0,61600.0,,0.0,0.0,0.0,0.0,10.0,10.0,51805.6,51805.6,,0.0,0.0,1.0,1.0
00010,1458256,1.002,USD,2021-11-02T00:00:00,2022-01-07T00:00:00,25696.0,25696.0,,0.0,0.0,0.0,0.0,4.0,4.0,21403.36,21403.36,,0.0,0.0,1.0,1.0
00010,1458256,1.003,USD,2021-11-02T00:00:00,2022-01-07T00:00:00,19272.0,19272.0,,0.0,0.0,0.0,0.0,3.0,3.0,16052.52,16052.52,,0.0,0.0,1.0,1.0
00010,1463259,3.0,USD,2021-11-09T00:00:00,2021-12-14T00:00:00,2101.5,2101.5,,0.0,0.0,0.0,0.0,1.0,1.0,1291.5,1291.5,,0.0,0.0,1.0,1.0
00010,1505473,2.001,USD,2022-01-07T00:00:00,2022-03-17T00:00:00,51590.0,51590.0,,0.0,0.0,0.0,0.0,5.0,5.0,30666.9,30666.9,,0.0,0.0,1.0,1.0
00010,1515570,1.002,USD,2022-01-21T00:00:00,2022-02-11T00:00:00,20130.0,20130.0,,0.0,0.0,0.0,0.0,3.0,3.0,18414.0,18414.0,,0.0,0.0,1.0,1.0
00010,1581529,3.0,USD,2022-04-28T00:00:00,2022-05-12T00:00:00,11205.0,11205.0,,0.0,0.0,0.0,0.0,6.0,6.0,9225.36,9225.36,,0.0,0.0,1.0,1.0
00010,1581611,1.002,USD,2022-04-28T00:00:00,2022-05-10T00:00:00,46992.0,46992.0,,0.0,0.0,0.0,0.0,4.0,4.0,24533.52,24533.52,,0.0,0.0,1.0,1.0
00010,1581733,3.0,USD,2022-04-29T00:00:00,2022-05-10T00:00:00,38447.52,38447.52,,0.0,0.0,0.0,0.0,6.0,6.0,21046.41,21046.41,,0.0,0.0,1.0,1.0
00010,1617075,1.002,USD,2022-06-14T00:00:00,2022-06-21T00:00:00,134310.0,134310.0,,0.0,0.0,0.0,0.0,15.0,15.0,100122.0,100122.0,,0.0,0.0,1.0,1.0
00010,1638444,1.002,USD,2022-07-12T00:00:00,2022-07-15T00:00:00,28424.0,28424.0,,0.0,0.0,0.0,0.0,4.0,4.0,29488.8,29488.8,,0.0,0.0,1.0,1.0
00010,1638444,1.003,USD,2022-07-12T00:00:00,2022-07-15T00:00:00,14212.0,14212.0,,0.0,0.0,0.0,0.0,2.0,2.0,14744.4,14744.4,,0.0,0.0,1.0,1.0
00010,1638468,1.002,USD,2022-07-12T00:00:00,2022-07-15T00:00:00,28424.0,28424.0,,0.0,0.0,0.0,0.0,4.0,4.0,29488.8,29488.8,,0.0,0.0,1.0,1.0
00010,1590150,1.002,USD,2022-05-10T00:00:00,2022-05-20T00:00:00,5085.0,5085.0,,0.0,0.0,0.0,0.0,2.0,2.0,3075.12,3075.12,,0.0,0.0,1.0,1.0
00010,1454906,4.0,USD,2021-10-28T00:00:00,2022-04-19T00:00:00,6970.8,6970.8,,0.0,0.0,0.0,0.0,1110.0,1110.0,5228.1,5228.1,,0.0,0.0,1.0,1.0
00010,1454906,10.0,USD,2021-10-28T00:00:00,2022-04-19T00:00:00,22544.16,22544.16,,0.0,0.0,0.0,0.0,4206.0,4206.0,17034.3,17034.3,,0.0,0.0,1.0,1.0
00010,1237302,4.0,USD,2020-11-24T00:00:00,2021-09-30T00:00:00,46087.38,46087.38,,0.0,0.0,0.0,0.0,17658.0,17658.0,31784.4,31784.4,,0.0,0.0,1.0,1.0
00010,1290841,3.0,USD,2021-02-18T00:00:00,2021-09-30T00:00:00,88499.28,88499.28,,0.0,0.0,0.0,0.0,20298.0,20298.0,61320.26,61320.26,,0.0,0.0,1.0,1.0
00010,1290841,4.0,USD,2021-02-18T00:00:00,2021-07-14T00:00:00,32940.0,32940.0,,0.0,0.0,0.0,0.0,9000.0,9000.0,24390.0,24390.0,,0.0,0.0,1.0,1.0
00010,1290841,5.0,USD,2021-02-18T00:00:00,2021-07-14T00:00:00,3667.32,3667.32,,0.0,0.0,0.0,0.0,1002.0,1002.0,2715.42,2715.42,,0.0,0.0,1.0,1.0
00010,1290841,6.0,USD,2021-02-18T00:00:00,2021-07-14T00:00:00,35860.68,35860.68,,0.0,0.0,0.0,0.0,9798.0,9798.0,26552.58,26552.58,,0.0,0.0,1.0,1.0
00010,1290841,7.0,USD,2021-02-18T00:00:00,2021-07-14T00:00:00,19764.0,19764.0,,0.0,0.0,0.0,0.0,5400.0,5400.0,14634.0,14634.0,,0.0,0.0,1.0,1.0
00010,1290841,8.0,USD,2021-02-18T00:00:00,2021-07-14T00:00:00,46116.0,46116.0,,0.0,0.0,0.0,0.0,12600.0,12600.0,34146.0,34146.0,,0.0,0.0,1.0,1.0
00010,1359582,2.001,USD,2021-06-09T00:00:00,2021-07-15T00:00:00,10824.0,10824.0,,0.0,0.0,0.0,0.0,2.0,2.0,9663.72,9663.72,,0.0,0.0,1.0,1.0
00010,1359582,2.002,USD,2021-06-09T00:00:00,2021-07-15T00:00:00,48708.0,48708.0,,0.0,0.0,0.0,0.0,9.0,9.0,43486.74,43486.74,,0.0,0.0,1.0,1.0
00010,1376693,3.0,USD,2021-07-06T00:00:00,2021-12-15T00:00:00,9065.0,9065.0,,0.0,0.0,0.0,0.0,14.0,14.0,5831.0,5831.0,,0.0,0.0,1.0,1.0
00010,1386789,5.0,USD,2021-07-22T00:00:00,2022-03-15T00:00:00,67536.0,67536.0,,0.0,0.0,0.0,0.0,12600.0,12600.0,51030.0,51030.0,,0.0,0.0,1.0,1.0
00010,1386789,6.0,USD,2021-07-22T00:00:00,2022-02-11T00:00:00,21785.4,21785.4,,0.0,0.0,0.0,0.0,3420.0,3420.0,16518.6,16518.6,,0.0,0.0,1.0,1.0
00010,1386789,7.0,USD,2021-07-22T00:00:00,2022-02-11T00:00:00,22824.0,22824.0,,0.0,0.0,0.0,0.0,3600.0,3600.0,17316.0,17316.0,,0.0,0.0,1.0,1.0
00010,1386789,8.0,USD,2021-07-22T00:00:00,2022-01-04T00:00:00,1184.82,1184.82,,0.0,0.0,0.0,0.0,186.0,186.0,898.38,898.38,,0.0,0.0,1.0,1.0
00010,1386789,9.0,USD,2021-07-22T00:00:00,2022-01-31T00:00:00,2826.0,2826.0,,0.0,0.0,0.0,0.0,450.0,450.0,2119.5,2119.5,,0.0,0.0,1.0,1.0
00010,1386789,10.0,USD,2021-07-22T00:00:00,2022-01-31T00:00:00,215239.44,215239.44,,0.0,0.0,0.0,0.0,46488.0,46488.0,161313.36,161313.36,,0.0,0.0,1.0,1.0
00010,1386789,11.0,USD,2021-07-22T00:00:00,2022-02-11T00:00:00,26757.12,26757.12,,0.0,0.0,0.0,0.0,4992.0,4992.0,15080.83,15080.83,,0.0,0.0,1.0,1.0
00010,1386789,12.0,USD,2021-07-22T00:00:00,2022-02-11T00:00:00,51479.4,51479.4,,0.0,0.0,0.0,0.0,9996.0,9996.0,38584.56,38584.56,,0.0,0.0,1.0,1.0
00010,1386789,13.0,USD,2021-07-22T00:00:00,2022-02-11T00:00:00,8554.56,8554.56,,0.0,0.0,0.0,0.0,1596.0,1596.0,4821.52,4821.52,,0.0,0.0,1.0,1.0
00010,1386789,14.0,USD,2021-07-22T00:00:00,2022-03-15T00:00:00,4373.76,4373.76,,0.0,0.0,0.0,0.0,816.0,816.0,3304.8,3304.8,,0.0,0.0,1.0,1.0
00010,1386789,15.0,USD,2021-07-22T00:00:00,2022-06-29T00:00:00,4932.9,4932.9,,0.0,0.0,0.0,0.0,630.0,630.0,2734.2,2734.2,,0.0,0.0,1.0,1.0
00010,1386789,16.0,USD,2021-07-22T00:00:00,2022-06-29T00:00:00,6201.36,6201.36,,0.0,0.0,0.0,0.0,792.0,792.0,3437.28,3437.28,,0.0,0.0,1.0,1.0
00010,1386803,4.0,USD,2021-07-22T00:00:00,2021-11-30T00:00:00,22608.0,22608.0,,0.0,0.0,0.0,0.0,3600.0,3600.0,4884.12,4884.12,,0.0,0.0,1.0,1.0
00010,1386803,5.0,USD,2021-07-22T00:00:00,2022-02-11T00:00:00,39685.44,39685.44,,0.0,0.0,0.0,0.0,7404.0,7404.0,22367.48,22367.48,,0.0,0.0,1.0,1.0
00010,1386803,6.0,USD,2021-07-22T00:00:00,2022-01-04T00:00:00,22932.0,22932.0,,0.0,0.0,0.0,0.0,3600.0,3600.0,17388.0,17388.0,,0.0,0.0,1.0,1.0
00010,1386803,7.0,USD,2021-07-22T00:00:00,2022-01-04T00:00:00,20693.76,20693.76,,0.0,0.0,0.0,0.0,3264.0,3264.0,15699.84,15699.84,,0.0,0.0,1.0,1.0
00010,1386803,8.0,USD,2021-07-22T00:00:00,2021-10-29T00:00:00,33947.16,33947.16,,0.0,0.0,0.0,0.0,7332.0,7332.0,27421.68,27421.68,,0.0,0.0,1.0,1.0
00010,1386803,9.0,USD,2021-07-22T00:00:00,2021-10-29T00:00:00,91674.0,91674.0,,0.0,0.0,0.0,0.0,19800.0,19800.0,74052.0,74052.0,,0.0,0.0,1.0,1.0
00010,1386803,10.0,USD,2021-07-22T00:00:00,2021-10-29T00:00:00,41670.0,41670.0,,0.0,0.0,0.0,0.0,9000.0,9000.0,33660.0,33660.0,,0.0,0.0,1.0,1.0
00010,1386803,11.0,USD,2021-07-22T00:00:00,2021-10-29T00:00:00,41670.0,41670.0,,0.0,0.0,0.0,0.0,9000.0,9000.0,33660.0,33660.0,,0.0,0.0,1.0,1.0
00010,1386803,12.0,USD,2021-07-22T00:00:00,2021-10-29T00:00:00,16279.08,16279.08,,0.0,0.0,0.0,0.0,3516.0,3516.0,13149.84,13149.84,,0.0,0.0,1.0,1.0
00010,1386803,13.0,USD,2021-07-22T00:00:00,2022-01-05T00:00:00,15079.2,15079.2,,0.0,0.0,0.0,0.0,2928.0,2928.0,11302.08,11302.08,,0.0,0.0,1.0,1.0
00010,1386803,14.0,USD,2021-07-22T00:00:00,2022-01-05T00:00:00,11154.9,11154.9,,0.0,0.0,0.0,0.0,2166.0,2166.0,8360.76,8360.76,,0.0,0.0,1.0,1.0
00010,1386803,15.0,USD,2021-07-22T00:00:00,2022-01-05T00:00:00,58988.1,58988.1,,0.0,0.0,0.0,0.0,11454.0,11454.0,44212.44,44212.44,,0.0,0.0,1.0,1.0
00010,1386803,16.0,USD,2021-07-22T00:00:00,2022-01-05T00:00:00,2811.9,2811.9,,0.0,0.0,0.0,0.0,546.0,546.0,2107.56,2107.56,,0.0,0.0,1.0,1.0
00010,1386803,17.0,USD,2021-07-22T00:00:00,2022-01-05T00:00:00,24720.0,24720.0,,0.0,0.0,0.0,0.0,4800.0,4800.0,18528.0,18528.0,,0.0,0.0,1.0,1.0
00010,1386803,18.0,USD,2021-07-22T00:00:00,2022-01-31T00:00:00,67536.0,67536.0,,0.0,0.0,0.0,0.0,12600.0,12600.0,38064.6,38064.6,,0.0,0.0,1.0,1.0
00010,1386803,19.0,USD,2021-07-22T00:00:00,2022-02-11T00:00:00,20837.04,20837.04,,0.0,0.0,0.0,0.0,3318.0,3318.0,15627.78,15627.78,,0.0,0.0,1.0,1.0
00010,1405082,3.0,USD,2021-08-19T00:00:00,2021-10-18T00:00:00,5515.92,5515.92,,0.0,0.0,0.0,0.0,1304.0,1304.0,4238.0,4238.0,,0.0,0.0,1.0,1.0
00010,1405082,3.001,USD,2021-08-19T00:00:00,2021-10-18T00:00:00,28324.08,28324.08,,0.0,0.0,0.0,0.0,6696.0,6696.0,21762.0,21762.0,,0.0,0.0,1.0,1.0
00010,1454890,3.0,USD,2021-10-28T00:00:00,2022-02-28T00:00:00,27810.0,27810.0,,0.0,0.0,0.0,0.0,5400.0,5400.0,20844.0,20844.0,,0.0,0.0,1.0,1.0
00010,1454890,4.0,USD,2021-10-28T00:00:00,2022-03-15T00:00:00,18274.8,18274.8,,0.0,0.0,0.0,0.0,2910.0,2910.0,13706.1,13706.1,,0.0,0.0,1.0,1.0
00010,1454890,5.0,USD,2021-10-28T00:00:00,2022-03-15T00:00:00,43866.24,43866.24,,0.0,0.0,0.0,0.0,8184.0,8184.0,33145.2,33145.2,,0.0,0.0,1.0,1.0
00010,1454890,7.0,USD,2021-10-28T00:00:00,2022-02-11T00:00:00,22824.0,22824.0,,0.0,0.0,0.0,0.0,3600.0,3600.0,17316.0,17316.0,,0.0,0.0,1.0,1.0
00010,1454890,8.0,USD,2021-10-28T00:00:00,2022-01-31T00:00:00,1444.56,1444.56,,0.0,0.0,0.0,0.0,312.0,312.0,1082.64,1082.64,,0.0,0.0,1.0,1.0
00010,1454890,9.0,USD,2021-10-28T00:00:00,2022-02-11T00:00:00,13167.72,13167.72,,0.0,0.0,0.0,0.0,2844.0,2844.0,9868.68,9868.68,,0.0,0.0,1.0,1.0
00010,1454890,10.0,USD,2021-10-28T00:00:00,2022-03-15T00:00:00,38285.1,38285.1,,0.0,0.0,0.0,0.0,7434.0,7434.0,28695.24,28695.24,,0.0,0.0,1.0,1.0
00010,1454890,11.0,USD,2021-10-28T00:00:00,2022-03-29T00:00:00,63355.2,63355.2,,0.0,0.0,0.0,0.0,11820.0,11820.0,47871.0,47871.0,,0.0,0.0,1.0,1.0
00010,1454890,12.0,USD,2021-10-28T00:00:00,2022-04-14T00:00:00,41670.0,41670.0,,0.0,0.0,0.0,0.0,9000.0,9000.0,31230.0,31230.0,,0.0,0.0,1.0,1.0
00010,1454890,15.0,USD,2021-10-28T00:00:00,2022-04-26T00:00:00,4333.2,4333.2,,0.0,0.0,0.0,0.0,690.0,690.0,3249.9,3249.9,,0.0,0.0,1.0,1.0
00010,1454890,16.0,USD,2021-10-28T00:00:00,2022-06-29T00:00:00,30276.0,30276.0,,0.0,0.0,0.0,0.0,3600.0,3600.0,17388.0,17388.0,,0.0,0.0,1.0,1.0
00010,1454906,3.0,USD,2021-10-28T00:00:00,2022-03-29T00:00:00,46350.0,46350.0,,0.0,0.0,0.0,0.0,9000.0,9000.0,34740.0,34740.0,,0.0,0.0,1.0,1.0
00010,1454906,5.0,USD,2021-10-28T00:00:00,2022-03-29T00:00:00,4309.44,4309.44,,0.0,0.0,0.0,0.0,804.0,804.0,3256.2,3256.2,,0.0,0.0,1.0,1.0
00010,1454906,6.0,USD,2021-10-28T00:00:00,2022-05-24T00:00:00,25530.96,25530.96,,0.0,0.0,0.0,0.0,4008.0,4008.0,19358.64,19358.64,,0.0,0.0,1.0,1.0
00010,1454906,7.0,USD,2021-10-28T00:00:00,2022-02-28T00:00:00,2776.92,2776.92,,0.0,0.0,0.0,0.0,438.0,438.0,2106.78,2106.78,,0.0,0.0,1.0,1.0
00010,1454906,8.0,USD,2021-10-28T00:00:00,2022-04-14T00:00:00,4789.5,4789.5,,0.0,0.0,0.0,0.0,930.0,930.0,3589.8,3589.8,,0.0,0.0,1.0,1.0
00010,1454906,9.0,USD,2021-10-28T00:00:00,2022-04-14T00:00:00,67536.0,67536.0,,0.0,0.0,0.0,0.0,12600.0,12600.0,51030.0,51030.0,,0.0,0.0,1.0,1.0
00010,1454906,12.0,USD,2021-10-28T00:00:00,2022-05-09T00:00:00,14243.04,14243.04,,0.0,0.0,0.0,0.0,2268.0,2268.0,10682.28,10682.28,,0.0,0.0,1.0,1.0
00010,1494037,1.002,USD,2021-12-22T00:00:00,2022-01-12T00:00:00,1942.5,1942.5,,0.0,0.0,0.0,0.0,3.0,3.0,1249.5,1249.5,,0.0,0.0,1.0,1.0
00010,1494037,1.003,USD,2021-12-22T00:00:00,2022-01-12T00:00:00,4532.5,4532.5,,0.0,0.0,0.0,0.0,7.0,7.0,2915.5,2915.5,,0.0,0.0,1.0,1.0
00010,1494148,4.0,USD,2021-12-22T00:00:00,2022-01-06T00:00:00,7929.6,7929.6,,0.0,0.0,0.0,0.0,1920.0,1920.0,6144.0,6144.0,,0.0,0.0,1.0,1.0
00010,1507497,1.002,USD,2022-01-10T00:00:00,2022-02-22T00:00:00,8599.5,8599.5,,0.0,0.0,0.0,0.0,13.0,13.0,5414.5,5414.5,,0.0,0.0,1.0,1.0
00010,1692988,1.002,USD,2022-09-22T00:00:00,2022-10-04T00:00:00,1963.5,1963.5,,0.0,0.0,0.0,0.0,1.0,1.0,941.5,941.5,,0.0,0.0,1.0,1.0
00010,1692988,1.003,USD,2022-09-22T00:00:00,2022-10-04T00:00:00,3927.0,3927.0,,0.0,0.0,0.0,0.0,2.0,2.0,1883.0,1883.0,,0.0,0.0,1.0,1.0
00010,1369660,1.002,USD,2021-06-25T00:00:00,2021-09-08T00:00:00,53550.0,53550.0,,0.0,0.0,0.0,0.0,35.0,35.0,33216.75,33216.75,,0.0,0.0,1.0,1.0
00010,1384848,1.002,USD,2021-07-19T00:00:00,2021-07-26T00:00:00,1530.0,1530.0,,0.0,0.0,0.0,0.0,1.0,1.0,949.05,949.05,,0.0,0.0,1.0,1.0
00010,1384848,1.003,USD,2021-07-19T00:00:00,2021-07-26T00:00:00,9882.0,9882.0,,0.0,0.0,0.0,0.0,6.0,6.0,5694.3,5694.3,,0.0,0.0,1.0,1.0
00010,1397949,3.0,USD,2021-08-09T00:00:00,2021-10-12T00:00:00,26775.0,26775.0,,0.0,0.0,0.0,0.0,10.0,10.0,17365.5,17365.5,,0.0,0.0,1.0,1.0
00010,1422887,2.001,USD,2021-09-13T00:00:00,2021-12-09T00:00:00,15279.0,15279.0,,0.0,0.0,0.0,0.0,3.0,3.0,4836.5,4836.5,,0.0,0.0,1.0,1.0
00010,1480590,2.001,USD,2021-12-03T00:00:00,2022-02-16T00:00:00,8248.5,8248.5,,0.0,0.0,0.0,0.0,3.0,3.0,5724.0,5724.0,,0.0,0.0,1.0,1.0
00010,1480590,2.002,USD,2021-12-03T00:00:00,2022-02-16T00:00:00,24745.5,24745.5,,0.0,0.0,0.0,0.0,9.0,9.0,17172.0,17172.0,,0.0,0.0,1.0,1.0
00010,1524492,2.001,USD,2022-02-03T00:00:00,2022-04-07T00:00:00,36270.0,36270.0,,0.0,0.0,0.0,0.0,20.0,20.0,27558.0,27558.0,,0.0,0.0,1.0,1.0
00010,1635319,4.0,USD,2022-07-08T00:00:00,2022-10-13T00:00:00,4491.0,4491.0,,0.0,0.0,0.0,0.0,2.0,2.0,2550.6,2550.6,,0.0,0.0,1.0,1.0
00010,1414228,3.0,USD,2021-09-01T00:00:00,2021-10-11T00:00:00,17357.24,17357.24,,0.0,0.0,0.0,0.0,15.0,15.0,16530.75,16530.75,,0.0,0.0,1.0,1.0
00010,1487589,9.0,USD,2021-12-13T00:00:00,2022-02-10T00:00:00,1572.48,1572.48,,0.0,0.0,0.0,0.0,1.0,1.0,1497.6,1497.6,,0.0,0.0,1.0,1.0
00010,1487589,9.001,USD,2021-12-13T00:00:00,2022-02-10T00:00:00,1572.48,1572.48,,0.0,0.0,0.0,0.0,1.0,1.0,1497.6,1497.6,,0.0,0.0,1.0,1.0
00010,1514751,1.002,USD,2022-01-20T00:00:00,2022-10-10T00:00:00,132571.22,132571.22,,0.0,0.0,0.0,0.0,7.0,7.0,126258.3,126258.3,,0.0,0.0,1.0,1.0
00010,1696725,1.002,USD,2022-09-27T00:00:00,2022-12-13T00:00:00,18746.78,18746.78,,0.0,0.0,0.0,0.0,14.0,14.0,17854.2,17854.2,,0.0,0.0,1.0,1.0
00010,1284588,3.0,USD,2021-02-08T00:00:00,2021-09-08T00:00:00,38699.73,38699.73,,0.0,0.0,0.0,0.0,3.0,3.0,36856.8,36856.8,,0.0,0.0,1.0,1.0
00010,1284588,3.001,USD,2021-02-08T00:00:00,2021-09-08T00:00:00,12899.91,12899.91,,0.0,0.0,0.0,0.0,1.0,1.0,12285.6,12285.6,,0.0,0.0,1.0,1.0
00010,1284588,4.0,USD,2021-02-08T00:00:00,2021-10-11T00:00:00,38699.73,38699.73,,0.0,0.0,0.0,0.0,3.0,3.0,36856.8,36856.8,,0.0,0.0,1.0,1.0
00010,1423521,1.002,USD,2021-09-14T00:00:00,2022-03-03T00:00:00,14233.05,14233.05,,0.0,0.0,0.0,0.0,1.0,1.0,13555.24,13555.24,,0.0,0.0,1.0,1.0
00010,1513992,3.0,USD,2022-01-19T00:00:00,2022-05-04T00:00:00,46040.4,46040.4,,0.0,0.0,0.0,0.0,3.0,3.0,49235.45,49235.45,,0.0,0.0,1.0,1.0
00010,1624591,1.002,USD,2022-06-24T00:00:00,2022-11-15T00:00:00,94693.73,94693.73,,0.0,0.0,0.0,0.0,5.0,5.0,90184.5,90184.5,,0.0,0.0,1.0,1.0
00010,1141019,3.0,USD,2020-06-10T00:00:00,2020-05-31T00:00:00,20024.1,20024.1,,0.0,0.0,0.0,0.0,7026.0,7026.0,10867.82,10867.82,,0.0,0.0,1.0,1.0
00010,1141019,4.0,USD,2020-06-10T00:00:00,2020-05-31T00:00:00,10319.94,10319.94,,0.0,0.0,0.0,0.0,3954.0,3954.0,5757.42,5757.42,,0.0,0.0,1.0,1.0
00010,1141019,5.0,USD,2020-06-10T00:00:00,2020-05-31T00:00:00,18040.32,18040.32,,0.0,0.0,0.0,0.0,6912.0,6912.0,10064.56,10064.56,,0.0,0.0,1.0,1.0
00010,1141019,6.0,USD,2020-06-10T00:00:00,2020-05-31T00:00:00,7182.0,7182.0,,0.0,0.0,0.0,0.0,2520.0,2520.0,3897.94,3897.94,,0.0,0.0,1.0,1.0
00010,1141019,9.0,USD,2020-06-10T00:00:00,2020-05-31T00:00:00,24112.08,24112.08,,0.0,0.0,0.0,0.0,6588.0,6588.0,17853.48,17853.48,,0.0,0.0,1.0,1.0
00010,1141019,10.0,USD,2020-06-10T00:00:00,2020-05-31T00:00:00,14436.0,14436.0,,0.0,0.0,0.0,0.0,3600.0,3600.0,5109.84,5109.84,,0.0,0.0,1.0,1.0
00010,1141019,11.0,USD,2020-06-10T00:00:00,2020-05-31T00:00:00,14688.0,14688.0,,0.0,0.0,0.0,0.0,3600.0,3600.0,4884.12,4884.12,,0.0,0.0,1.0,1.0
00010,1141019,12.0,USD,2020-06-10T00:00:00,2020-05-31T00:00:00,15722.16,15722.16,,0.0,0.0,0.0,0.0,3606.0,3606.0,4216.5,4216.5,,0.0,0.0,1.0,1.0
00010,1141019,13.0,USD,2020-06-10T00:00:00,2020-05-31T00:00:00,25137.0,25137.0,,0.0,0.0,0.0,0.0,8820.0,8820.0,13642.78,13642.78,,0.0,0.0,1.0,1.0
00010,1141019,14.0,USD,2020-06-10T00:00:00,2020-05-31T00:00:00,2677.86,2677.86,,0.0,0.0,0.0,0.0,1026.0,1026.0,1493.96,1493.96,,0.0,0.0,1.0,1.0
00010,1141019,16.0,USD,2020-06-10T00:00:00,2020-05-31T00:00:00,31261.2,31261.2,,0.0,0.0,0.0,0.0,7170.0,7170.0,22573.31,22573.31,,0.0,0.0,1.0,1.0
00010,1141019,17.0,USD,2020-06-10T00:00:00,2020-05-31T00:00:00,6071.04,6071.04,,0.0,0.0,0.0,0.0,1488.0,1488.0,4902.51,4902.51,,0.0,0.0,1.0,1.0
00010,1141019,20.0,USD,2020-06-10T00:00:00,2020-05-31T00:00:00,2105.28,2105.28,,0.0,0.0,0.0,0.0,516.0,516.0,1700.07,1700.07,,0.0,0.0,1.0,1.0
00010,2160272,2.001,USD,2024-06-03T00:00:00,2025-01-16T00:00:00,17200.76,17200.76,,0.0,0.0,0.0,0.0,1.0,1.0,16381.61,16381.61,,0.0,0.0,1.0,1.0
00010,2377662,1.002,USD,2025-03-18T00:00:00,2025-06-02T00:00:00,27792.93,27792.93,,0.0,0.0,0.0,0.0,21.0,21.0,26469.45,26469.45,,0.0,0.0,1.0,1.0
00010,2379848,2.001,USD,2025-03-21T00:00:00,2025-04-01T00:00:00,30675.53,30675.53,,0.0,0.0,0.0,0.0,22.0,22.0,29214.9,29214.9,,0.0,0.0,1.0,1.0
00010,2382408,1.002,USD,2025-03-24T00:00:00,2025-09-18T00:00:00,2596.5,2596.5,,0.0,0.0,0.0,0.0,1.0,1.0,1397.79,1397.79,,0.0,0.0,1.0,1.0
00010,2382408,1.003,USD,2025-03-24T00:00:00,2025-09-18T00:00:00,10386.0,10386.0,,0.0,0.0,0.0,0.0,4.0,4.0,5591.16,5591.16,,0.0,0.0,1.0,1.0
00010,2458939,3.0,USD,2025-07-03T00:00:00,2025-07-14T00:00:00,5147.4,5147.4,,0.0,0.0,0.0,0.0,3.0,3.0,5847.61,5847.61,,0.0,0.0,1.0,1.0
00010,2526555,2.001,USD,2025-09-30T00:00:00,2025-10-08T00:00:00,1118.4,1118.4,,0.0,0.0,0.0,0.0,3.0,3.0,410.05,410.05,,0.0,0.0,1.0,1.0
00010,2578950,1.002,USD,2025-12-08T00:00:00,2026-05-06T00:00:00,110692.1,110692.1,,0.0,0.0,0.0,0.0,7.0,7.0,105421.05,105421.05,,0.0,0.0,1.0,1.0
00010,2673602,1.002,USD,2026-04-13T00:00:00,2026-04-21T00:00:00,2558.16,2558.16,,0.0,0.0,0.0,0.0,900.0,900.0,2436.3,2436.3,,0.0,0.0,1.0,1.0
00010,2635221,1.002,USD,2026-02-20T00:00:00,2026-05-28T00:00:00,10314.0,10314.0,,0.0,0.0,0.0,0.0,3.0,3.0,5428.35,5428.35,,0.0,0.0,1.0,1.0
00010,2648556,2.001,USD,2026-03-11T00:00:00,2026-04-28T00:00:00,36234.0,36234.0,,0.0,0.0,0.0,0.0,3.0,3.0,19971.6,19971.6,,0.0,0.0,1.0,1.0
00010,2648556,2.002,USD,2026-03-11T00:00:00,2026-04-28T00:00:00,36234.0,36234.0,,0.0,0.0,0.0,0.0,3.0,3.0,19971.6,19971.6,,0.0,0.0,1.0,1.0
00010,2652921,1.002,USD,2026-03-17T00:00:00,2026-05-06T00:00:00,56227.5,56227.5,,0.0,0.0,0.0,0.0,17.0,17.0,29773.8,29773.8,,0.0,0.0,1.0,1.0
00010,2695060,1.002,USD,2026-05-11T00:00:00,2026-07-21T00:00:00,72198.0,72198.0,,0.0,0.0,0.0,0.0,21.0,21.0,37998.45,37998.45,,0.0,0.0,1.0,1.0
00010,2271832,4.0,USD,2024-10-28T00:00:00,2024-11-13T00:00:00,0.0,0.0,,0.0,0.0,0.0,0.0,3.0,3.0,367.63,367.63,,0.0,0.0,1.0,1.0
00010,2051224,3.0,USD,2024-01-11T00:00:00,2024-01-24T00:00:00,1378.4,1378.4,,0.0,0.0,0.0,0.0,2.0,2.0,619.06,619.06,,0.0,0.0,1.0,1.0
00010,2155709,1.002,USD,2024-05-28T00:00:00,2024-07-26T00:00:00,184977.0,184977.0,,0.0,0.0,0.0,0.0,17550.0,17550.0,83787.21,83787.21,,0.0,0.0,1.0,1.0
00010,2155709,1.003,USD,2024-05-28T00:00:00,2024-07-26T00:00:00,4289.78,4289.78,,0.0,0.0,0.0,0.0,407.0,407.0,1943.1,1943.1,,0.0,0.0,1.0,1.0
00010,2188440,1.002,USD,2024-07-10T00:00:00,2024-09-09T00:00:00,7276.5,7276.5,,0.0,0.0,0.0,0.0,990.0,990.0,4737.05,4737.05,,0.0,0.0,1.0,1.0
00010,2039161,4.0,USD,2023-12-26T00:00:00,2024-01-03T00:00:00,128.53,128.53,,0.0,0.0,0.0,0.0,1.0,1.0,122.41,122.41,,0.0,0.0,1.0,1.0
00010,2103875,3.0,USD,2024-03-21T00:00:00,2024-04-16T00:00:00,6685.85,6685.85,,0.0,0.0,0.0,0.0,5.0,5.0,6367.5,6367.5,,0.0,0.0,1.0,1.0
00010,2103875,3.001,USD,2024-03-21T00:00:00,2024-04-16T00:00:00,9360.18,9360.18,,0.0,0.0,0.0,0.0,7.0,7.0,8914.5,8914.5,,0.0,0.0,1.0,1.0
00010,2136709,1.002,USD,2024-05-03T00:00:00,2024-06-05T00:00:00,23631.22,23631.22,,0.0,0.0,0.0,0.0,15.0,15.0,22505.85,22505.85,,0.0,0.0,1.0,1.0
00010,2379,3.0,USD,2024-10-24T00:00:00,2024-10-30T00:00:00,-7911.0,-7911.0,,0.0,0.0,0.0,0.0,-3.0,-3.0,-4503.87,-4503.87,,0.0,0.0,1.0,1.0
00010,2057,3.0,USD,2023-07-03T00:00:00,2023-07-13T00:00:00,-29842.5,-29842.5,,0.0,0.0,0.0,0.0,-1730.0,-1730.0,-2757.62,-2757.62,,0.0,0.0,1.0,1.0
00010,1875093,3.0,USD,2023-05-24T00:00:00,2023-07-31T00:00:00,2971.06,2971.06,,0.0,0.0,0.0,0.0,1.0,1.0,6390.0,6390.0,,0.0,0.0,1.0,1.0
00010,1760028,2.001,USD,2022-12-22T00:00:00,2023-02-09T00:00:00,20772.0,20772.0,,0.0,0.0,0.0,0.0,8.0,8.0,13404.6,13404.6,,0.0,0.0,1.0,1.0
00010,1768956,2.001,USD,2023-01-03T00:00:00,2023-03-17T00:00:00,4853.2,4853.2,,0.0,0.0,0.0,0.0,2.0,2.0,4529.6,4529.6,,0.0,0.0,1.0,1.0
00010,1768956,2.002,USD,2023-01-03T00:00:00,2023-03-17T00:00:00,2426.6,2426.6,,0.0,0.0,0.0,0.0,1.0,1.0,2264.8,2264.8,,0.0,0.0,1.0,1.0
00010,1873376,2.001,USD,2023-05-22T00:00:00,2023-06-16T00:00:00,189.2,189.2,,0.0,0.0,0.0,0.0,11.0,11.0,3698.48,3698.48,,0.0,0.0,1.0,1.0
00010,1886746,1.002,USD,2023-06-09T00:00:00,2023-09-26T00:00:00,10548.0,10548.0,,0.0,0.0,0.0,0.0,4.0,4.0,6366.24,6366.24,,0.0,0.0,1.0,1.0
00010,1886762,1.002,USD,2023-06-09T00:00:00,2023-10-24T00:00:00,23733.0,23733.0,,0.0,0.0,0.0,0.0,9.0,9.0,14324.04,14324.04,,0.0,0.0,1.0,1.0
00010,1907443,1.002,USD,2023-07-06T00:00:00,2023-09-27T00:00:00,129795.2,129795.2,,0.0,0.0,0.0,0.0,94.0,94.0,60769.87,60769.87,,0.0,0.0,1.0,1.0
00010,2002106,4.0,USD,2023-11-07T00:00:00,2023-12-05T00:00:00,1966.5,1966.5,,0.0,0.0,0.0,0.0,1.0,1.0,814.68,814.68,,0.0,0.0,1.0,1.0
00010,1886968,1.002,USD,2023-06-09T00:00:00,2023-10-24T00:00:00,37590.4,37590.4,,0.0,0.0,0.0,0.0,2.0,2.0,35800.38,35800.38,,0.0,0.0,1.0,1.0
00010,1915831,1.002,USD,2023-07-17T00:00:00,2023-08-04T00:00:00,38777.91,38777.91,,0.0,0.0,0.0,0.0,29.0,29.0,36931.5,36931.5,,0.0,0.0,1.0,1.0
00010,1915831,1.003,USD,2023-07-17T00:00:00,2023-08-04T00:00:00,4011.51,4011.51,,0.0,0.0,0.0,0.0,3.0,3.0,3820.5,3820.5,,0.0,0.0,1.0,1.0
00010,1965054,3.0,USD,2023-09-19T00:00:00,2023-10-17T00:00:00,235.51,235.51,,0.0,0.0,0.0,0.0,1.0,1.0,224.29,224.29,,0.0,0.0,1.0,1.0
00010,1965054,4.0,USD,2023-09-19T00:00:00,2023-10-17T00:00:00,162.59,162.59,,0.0,0.0,0.0,0.0,1.0,1.0,154.84,154.84,,0.0,0.0,1.0,1.0
00010,1980718,3.0,USD,2023-10-10T00:00:00,2023-10-31T00:00:00,3435.16,3435.16,,0.0,0.0,0.0,0.0,2.0,2.0,3271.59,3271.59,,0.0,0.0,1.0,1.0
00034,1303582,2.0,CNY,2021-03-11T00:00:00,2021-03-24T00:00:00,7593.1805,1166.5373,979.3912,0.0,0.0,0.0,0.0,204.1,204.1,4766.05,732.2064,614.7394,0.0,0.0,0.1536,0.1536
00020,20000170,1.002,EUR,2020-01-23T00:00:00,2020-02-19T00:00:00,30175.0818,33518.0373,30175.0818,0.0,0.0,0.0,0.0,3.0,3.0,25168.75,27957.0775,25168.75,0.0,0.0,1.1108,1.1108
00020,20000170,1.003,EUR,2020-01-23T00:00:00,2020-02-19T00:00:00,30175.0818,33518.0373,30175.0818,0.0,0.0,0.0,0.0,3.0,3.0,25168.75,27957.0775,25168.75,0.0,0.0,1.1108,1.1108
00020,20000838,3.0,EUR,2020-04-03T00:00:00,2020-10-16T00:00:00,9240.0533,10044.1902,9240.0533,0.0,0.0,0.0,0.0,2205.0,2205.0,8389.58,9119.7025,8389.58,0.0,0.0,1.087,1.087
00020,20000838,3.002,EUR,2020-04-03T00:00:00,2020-10-16T00:00:00,27720.1684,30132.5798,27720.1684,0.0,0.0,0.0,0.0,6615.0,6615.0,25168.75,27359.1184,25168.75,0.0,0.0,1.087,1.087
00020,20000838,3.003,EUR,2020-04-03T00:00:00,2020-10-16T00:00:00,18438.2106,20042.8383,18438.2106,0.0,0.0,0.0,0.0,4400.0,4400.0,16741.12,18198.0545,16741.12,0.0,0.0,1.087,1.087
00020,20000838,3.004,EUR,2020-04-03T00:00:00,2020-10-16T00:00:00,9240.0533,10044.1902,9240.0533,0.0,0.0,0.0,0.0,2205.0,2205.0,8389.58,9119.7025,8389.58,0.0,0.0,1.087,1.087
00020,21002231,3.0,EUR,2021-09-10T00:00:00,2022-02-16T00:00:00,142123.6839,167395.0515,142123.6839,0.0,0.0,0.0,0.0,7.0,7.0,87974.87,103617.9016,87974.87,0.0,0.0,1.1778,1.1778
00020,21002232,2.0,EUR,2021-09-10T00:00:00,2022-04-14T00:00:00,169178.779,199260.8806,169178.779,0.0,0.0,0.0,0.0,8.0,8.0,100542.71,118420.4606,100542.71,0.0,0.0,1.1778,1.1778
00020,21002233,2.0,EUR,2021-09-10T00:00:00,2022-06-27T00:00:00,152217.5001,179283.6743,152217.5001,0.0,0.0,0.0,0.0,7.0,7.0,87974.87,103617.9016,87974.87,0.0,0.0,1.1778,1.1778
00020,21002233,2.001,EUR,2021-09-10T00:00:00,2022-06-27T00:00:00,65236.0728,76835.862,65236.0728,0.0,0.0,0.0,0.0,3.0,3.0,37703.52,44407.6772,37703.52,0.0,0.0,1.1778,1.1778
00020,21002234,2.0,EUR,2021-09-10T00:00:00,2022-08-05T00:00:00,181079.2392,213277.3914,181079.2392,0.0,0.0,0.0,0.0,8.0,8.0,127861.78,150597.2028,127861.78,0.0,0.0,1.1778,1.1778
00020,21002235,2.0,EUR,2021-09-10T00:00:00,2022-11-28T00:00:00,155069.7629,182643.1051,155069.7629,0.0,0.0,0.0,0.0,7.0,7.0,121272.8,142836.6198,121272.8,0.0,0.0,1.1778,1.1778
00020,22000184,1.001,EUR,2022-01-21T00:00:00,2022-03-10T00:00:00,63287.1267,71673.6139,63287.1267,0.0,0.0,0.0,0.0,3.0,3.0,37703.52,42699.7982,37703.52,0.0,0.0,1.1325,1.1325
00020,21001657,1.001,EUR,2021-06-25T00:00:00,2021-10-21T00:00:00,4490.603,5409.7011,4490.603,0.0,0.0,0.0,0.0,11.0,11.0,4276.8,5152.1386,4276.8,0.0,0.0,1.2047,1.2047
00020,21000616,2.0,EUR,2021-03-12T00:00:00,2021-03-22T00:00:00,0.0,0.0,0.0,0.0,0.0,0.0,0.0,1000.0,1000.0,3953.0,4708.2123,3953.0,0.0,0.0,1.191,1.191
00020,21000616,2.001,EUR,2021-03-12T00:00:00,2021-03-22T00:00:00,0.0,0.0,0.0,0.0,0.0,0.0,0.0,1899.0,1899.0,7506.75,8940.8988,7506.75,0.0,0.0,1.191,1.191
00020,21000945,2.0,EUR,2021-04-12T00:00:00,2021-06-11T00:00:00,0.0,0.0,0.0,0.0,0.0,0.0,0.0,3.0,3.0,10380.0,12405.2408,10380.0,0.0,0.0,1.1951,1.1951
00020,21002772,9.0,EUR,2021-11-12T00:00:00,2022-01-10T00:00:00,8196.5,9352.9532,8196.5,0.0,0.0,0.0,0.0,970.0,970.0,4626.9,5279.7144,4626.9,0.0,0.0,1.1411,1.1411
00020,20002511,2.0,EUR,2020-12-02T00:00:00,2021-01-19T00:00:00,17850.0,21710.814,17850.0,0.0,0.0,0.0,0.0,3.0,3.0,11859.0,14424.008,11859.0,0.0,0.0,1.2163,1.2163
00020,21000166,2.0,EUR,2021-01-21T00:00:00,2021-02-26T00:00:00,23800.0,28964.1883,23800.0,0.0,0.0,0.0,0.0,4.0,4.0,13120.0,15966.813,13120.0,0.0,0.0,1.217,1.217
00020,21000449,1.001,EUR,2021-02-24T00:00:00,2021-03-26T00:00:00,17850.0,21591.2725,17850.0,0.0,0.0,0.0,0.0,3.0,3.0,11859.0,14344.5883,11859.0,0.0,0.0,1.2096,1.2096
00020,21000457,2.0,EUR,2021-02-25T00:00:00,2021-04-22T00:00:00,17850.0,21591.2725,17850.0,0.0,0.0,0.0,0.0,3.0,3.0,10725.0,12972.9074,10725.0,0.0,0.0,1.2096,1.2096
00020,21000457,2.001,EUR,2021-02-25T00:00:00,2021-04-22T00:00:00,17850.0,21591.2725,17850.0,0.0,0.0,0.0,0.0,3.0,3.0,10725.0,12972.9074,10725.0,0.0,0.0,1.2096,1.2096
00020,21000846,2.0,EUR,2021-04-06T00:00:00,2021-05-10T00:00:00,14190.0,16958.6095,14190.0,0.0,0.0,0.0,0.0,3.0,3.0,10017.0,11971.4159,10017.0,0.0,0.0,1.1951,1.1951
00020,21001012,1.001,EUR,2021-04-20T00:00:00,2021-05-10T00:00:00,20970.0,25061.4546,20970.0,0.0,0.0,0.0,0.0,3.0,3.0,11490.0,13731.8128,11490.0,0.0,0.0,1.1951,1.1951
00020,21001012,2.0,EUR,2021-04-20T00:00:00,2021-05-10T00:00:00,5759.76,6883.5462,5759.76,0.0,0.0,0.0,0.0,824.0,824.0,3155.92,3771.6712,3155.92,0.0,0.0,1.1951,1.1951
00020,21001862,2.001,EUR,2021-07-21T00:00:00,2021-08-19T00:00:00,20970.0,24800.9799,20970.0,0.0,0.0,0.0,0.0,3.0,3.0,12990.0,15363.1249,12990.0,0.0,0.0,1.1827,1.1827
00020,21002029,1.002,EUR,2021-08-12T00:00:00,2021-10-14T00:00:00,24120.0,28392.5782,24120.0,0.0,0.0,0.0,0.0,3.0,3.0,16437.0,19348.6239,16437.0,0.0,0.0,1.1771,1.1771
00020,21002029,2.0,EUR,2021-08-12T00:00:00,2021-10-14T00:00:00,30019.06,35336.5883,30019.06,0.0,0.0,0.0,0.0,4234.0,4234.0,19201.19,22602.4581,19201.19,0.0,0.0,1.1771,1.1771
00020,21002329,2.0,EUR,2021-09-21T00:00:00,2021-11-17T00:00:00,21270.0,25052.0719,21270.0,0.0,0.0,0.0,0.0,3.0,3.0,13605.0,16024.1391,13605.0,0.0,0.0,1.1778,1.1778
00020,21002840,2.0,EUR,2021-11-19T00:00:00,2022-01-14T00:00:00,40945.2,46722.2033,40945.2,0.0,0.0,0.0,0.0,4580.0,4580.0,21846.6,24928.9608,21846.6,0.0,0.0,1.1411,1.1411
00020,21003076,2.0,EUR,2021-12-20T00:00:00,2022-03-09T00:00:00,19219.34,21726.0551,19219.34,0.0,0.0,0.0,0.0,2566.0,2566.0,11637.07,13154.8546,11637.07,0.0,0.0,1.1304,1.1304
00020,22000788,1.001,EUR,2022-03-31T00:00:00,2022-07-07T00:00:00,3513.25,3868.0886,3513.25,0.0,0.0,0.0,0.0,235.0,235.0,1906.56,2099.1228,1906.56,0.0,0.0,1.101,1.101
00020,22001870,2.0,EUR,2022-09-06T00:00:00,2022-10-07T00:00:00,967.29,959.3897,967.29,0.0,0.0,0.0,0.0,57.0,57.0,186.96,185.433,186.96,0.0,0.0,0.9918,0.9918
00020,22001969,2.0,EUR,2022-09-20T00:00:00,2022-10-28T00:00:00,27930.0,27701.8817,27930.0,0.0,0.0,0.0,0.0,3.0,3.0,15387.3,15261.6242,15387.3,0.0,0.0,0.9918,0.9918
00020,20000103,2.0,EUR,2020-01-14T00:00:00,2020-02-18T00:00:00,754.79,838.4096,754.79,0.0,0.0,0.0,0.0,4.0,4.0,579.9,644.1444,579.9,0.0,0.0,1.1108,1.1108
00020,20001411,2.0,EUR,2020-07-02T00:00:00,2020-07-30T00:00:00,5176.5,5921.3818,5176.5,0.0,0.0,0.0,0.0,870.0,870.0,3457.38,3954.8859,3457.38,0.0,0.0,1.1439,1.1439
00034,1063421,2.0,CNY,2020-01-17T00:00:00,2020-01-21T00:00:00,0.0,0.0,0.0,0.0,0.0,0.0,0.0,20.0,20.0,793.17,114.5511,103.1227,0.0,0.0,0.1444,0.1444
00034,1092769,2.0,CNY,2020-03-13T00:00:00,2020-03-19T00:00:00,0.0,0.0,0.0,0.0,0.0,0.0,0.0,20.0,20.0,793.17,112.9618,102.0247,0.0,0.0,0.1424,0.1424
00034,1132707,2.0,CNY,2020-05-26T00:00:00,2020-05-27T00:00:00,21674.2,3052.7417,2795.3172,0.0,0.0,0.0,0.0,3061.5,3061.5,123139.07,17343.744,15881.2212,0.0,0.0,0.1408,0.1408
00034,1220933,2.0,CNY,2020-10-28T00:00:00,2020-10-29T00:00:00,0.0,0.0,0.0,0.0,0.0,0.0,0.0,2857.4,2857.4,113319.67,16843.9604,14312.4103,0.0,0.0,0.1486,0.1486
00034,1229657,2.0,CNY,2020-11-11T00:00:00,2020-11-16T00:00:00,7224.73,1093.5741,923.8428,0.0,0.0,0.0,0.0,1020.5,1020.5,41046.36,6212.9987,5248.6925,0.0,0.0,0.1514,0.1514
00034,1368590,2.0,CNY,2021-06-24T00:00:00,2021-06-25T00:00:00,0.0,0.0,0.0,0.0,0.0,0.0,0.0,612.3,612.3,34962.74,5443.5168,4518.4097,0.0,0.0,0.1557,0.1557
00034,1402243,2.0,CNY,2021-08-16T00:00:00,2021-08-20T00:00:00,91032.17,14051.3161,11936.6752,0.0,0.0,0.0,0.0,1836.9,1836.9,75706.08,11685.6498,9927.0279,0.0,0.0,0.1544,0.1544
00034,1578130,2.0,CNY,2022-04-24T00:00:00,2022-04-25T00:00:00,40820.0,6358.4579,5843.4197,0.0,0.0,0.0,0.0,408.2,408.2,16823.57,2620.5772,2408.3092,0.0,0.0,0.1558,0.1558
00034,1638038,2.0,CNY,2022-07-12T00:00:00,2022-07-19T00:00:00,0.0,0.0,0.0,0.0,0.0,0.0,0.0,20.0,20.0,1086.2,161.3765,158.1409,0.0,0.0,0.1486,0.1486
00034,1692558,2.0,CNY,2022-09-22T00:00:00,2022-09-29T00:00:00,16978.22,2425.427,2445.2593,0.0,0.0,0.0,0.0,204.1,204.1,9589.07,1369.8485,1381.0495,0.0,0.0,0.1429,0.1429
00034,1698663,2.0,CNY,2022-09-30T00:00:00,2022-10-22T00:00:00,619.47,88.4945,89.2181,0.0,0.0,0.0,0.0,10.0,10.0,543.1,77.5847,78.2191,0.0,0.0,0.1429,0.1429
00020,20000129,2.0,EUR,2020-01-17T00:00:00,2020-01-29T00:00:00,1308.17,1453.096,1308.17,0.0,0.0,0.0,0.0,5.0,5.0,724.88,805.186,724.88,0.0,0.0,1.1108,1.1108
00020,20000705,2.0,EUR,2020-03-20T00:00:00,2020-04-08T00:00:00,6858.0,7591.6469,6858.0,0.0,0.0,0.0,0.0,15.0,15.0,5598.0,6196.8561,5598.0,0.0,0.0,1.107,1.107
00020,20001047,2.0,EUR,2020-05-05T00:00:00,2020-06-10T00:00:00,2206.8,2409.8276,2206.8,0.0,0.0,0.0,0.0,3.0,3.0,1035.54,1130.8106,1035.54,0.0,0.0,1.092,1.092
00020,20001222,2.0,EUR,2020-06-04T00:00:00,2020-06-25T00:00:00,11400.0,12825.0821,11400.0,0.0,0.0,0.0,0.0,3.0,3.0,7770.0,8741.3059,7770.0,0.0,0.0,1.125,1.125
00020,20002166,2.0,EUR,2020-10-20T00:00:00,2020-11-19T00:00:00,6858.0,8070.9697,6858.0,0.0,0.0,0.0,0.0,15.0,15.0,5832.0,6863.5018,5832.0,0.0,0.0,1.1769,1.1769
00020,21001038,2.0,EUR,2021-04-22T00:00:00,2021-05-05T00:00:00,126.14,150.7512,126.14,0.0,0.0,0.0,0.0,17.0,17.0,83.19,99.4212,83.19,0.0,0.0,1.1951,1.1951
00020,21001131,2.0,EUR,2021-05-04T00:00:00,2021-05-31T00:00:00,446.35,541.8457,446.35,0.0,0.0,0.0,0.0,113.0,113.0,329.53,400.0323,329.53,0.0,0.0,1.2139,1.2139
00020,21001672,2.0,EUR,2021-06-28T00:00:00,2021-10-18T00:00:00,12134.7,14618.326,12134.7,0.0,0.0,0.0,0.0,3.0,3.0,5297.23,6381.4215,5297.23,0.0,0.0,1.2047,1.2047
00020,21001849,2.0,EUR,2021-07-20T00:00:00,2021-10-08T00:00:00,6019.2,7118.8392,6019.2,0.0,0.0,0.0,0.0,12.0,12.0,4665.6,5517.9519,4665.6,0.0,0.0,1.1827,1.1827
00020,21001851,2.0,EUR,2021-07-20T00:00:00,2021-12-17T00:00:00,5016.0,5932.366,5016.0,0.0,0.0,0.0,0.0,10.0,10.0,4584.0,5421.4445,4584.0,0.0,0.0,1.1827,1.1827
00020,21001918,2.0,EUR,2021-07-29T00:00:00,2021-08-03T00:00:00,2006.4,2372.9464,2006.4,0.0,0.0,0.0,0.0,4.0,4.0,1555.2,1839.3173,1555.2,0.0,0.0,1.1827,1.1827
00020,21002986,2.0,EUR,2021-12-10T00:00:00,2022-02-04T00:00:00,4848.0,5480.3086,4848.0,0.0,0.0,0.0,0.0,8.0,8.0,3667.2,4145.5008,3667.2,0.0,0.0,1.1304,1.1304
00020,22001158,2.0,EUR,2022-05-17T00:00:00,2022-06-13T00:00:00,1666.25,1760.9796,1666.25,0.0,0.0,0.0,0.0,155.0,155.0,647.84,684.671,647.84,0.0,0.0,1.0569,1.0569
00020,20000111,2.0,EUR,2020-01-15T00:00:00,2020-03-18T00:00:00,16750.0,18605.6538,16750.0,0.0,0.0,0.0,0.0,5.0,5.0,11600.0,12885.1095,11600.0,0.0,0.0,1.1108,1.1108
00020,20000855,2.0,EUR,2020-04-07T00:00:00,2020-04-20T00:00:00,2894.4,3146.2918,2894.4,0.0,0.0,0.0,0.0,6.0,6.0,2239.2,2434.0715,2239.2,0.0,0.0,1.087,1.087
00020,20000873,2.0,EUR,2020-04-08T00:00:00,2020-05-29T00:00:00,16750.0,18207.7073,16750.0,0.0,0.0,0.0,0.0,5.0,5.0,11950.0,12989.9762,11950.0,0.0,0.0,1.087,1.087
00020,20001949,2.0,EUR,2020-09-18T00:00:00,2020-10-07T00:00:00,1238.4,1460.5184,1238.4,0.0,0.0,0.0,0.0,3.0,3.0,1035.54,1221.2736,1035.54,0.0,0.0,1.1794,1.1794
00020,20002151,2.0,EUR,2020-10-16T00:00:00,2020-11-05T00:00:00,328.8,386.9546,328.8,0.0,0.0,0.0,0.0,80.0,80.0,259.2,305.0445,259.2,0.0,0.0,1.1769,1.1769
00020,21000612,2.0,EUR,2021-03-11T00:00:00,2021-04-07T00:00:00,13020.0,15507.4437,13020.0,0.0,0.0,0.0,0.0,3.0,3.0,9450.0,11255.4027,9450.0,0.0,0.0,1.191,1.191
00020,22001844,4.0,EUR,2022-09-01T00:00:00,2022-11-29T00:00:00,939.49,931.8167,939.49,0.0,0.0,0.0,0.0,3.0,3.0,759.9,753.6935,759.9,0.0,0.0,0.9918,0.9918
00020,20000624,1.001,EUR,2020-03-16T00:00:00,2020-04-22T00:00:00,17850.0,19759.5359,17850.0,0.0,0.0,0.0,0.0,3.0,3.0,11922.0,13197.3774,11922.0,0.0,0.0,1.107,1.107
00020,20001411,3.0,EUR,2020-07-02T00:00:00,2020-07-30T00:00:00,4641.0,5308.825,4641.0,0.0,0.0,0.0,0.0,780.0,780.0,3099.72,3545.7598,3099.72,0.0,0.0,1.1439,1.1439
00034,1220933,7.0,CNY,2020-10-28T00:00:00,2020-10-29T00:00:00,0.0,0.0,0.0,0.0,0.0,0.0,0.0,204.1,204.1,4766.05,708.4309,601.9578,0.0,0.0,0.1486,0.1486
00034,1220933,13.0,CNY,2020-10-28T00:00:00,2020-10-29T00:00:00,0.0,0.0,0.0,0.0,0.0,0.0,0.0,1020.5,1020.5,41046.36,6101.1761,5184.2045,0.0,0.0,0.1486,0.1486
00034,1076937,3.0,CNY,2020-02-12T00:00:00,2020-02-25T00:00:00,38291.36,5475.1552,5014.2383,0.0,0.0,0.0,0.0,816.4,816.4,19064.21,2725.9285,2496.4507,0.0,0.0,0.143,0.143
00034,1076937,4.0,CNY,2020-02-12T00:00:00,2020-02-25T00:00:00,28718.52,4106.3664,3760.6787,0.0,0.0,0.0,0.0,612.3,612.3,14298.16,2044.4467,1872.3383,0.0,0.0,0.143,0.143
00034,1076937,5.0,CNY,2020-02-12T00:00:00,2020-02-25T00:00:00,28718.52,4106.3664,3760.6787,0.0,0.0,0.0,0.0,612.3,612.3,14298.16,2044.4467,1872.3383,0.0,0.0,0.143,0.143
00034,1076937,6.0,CNY,2020-02-12T00:00:00,2020-02-25T00:00:00,19145.68,2737.5776,2507.1191,0.0,0.0,0.0,0.0,408.2,408.2,9532.11,1362.965,1248.226,0.0,0.0,0.143,0.143
00034,1109755,7.0,CNY,2020-04-14T00:00:00,2020-04-23T00:00:00,0.0,0.0,0.0,0.0,0.0,0.0,0.0,612.3,612.3,26757.24,3783.2169,3480.2553,0.0,0.0,0.1414,0.1414
00034,1109755,8.0,CNY,2020-04-14T00:00:00,2020-04-23T00:00:00,0.0,0.0,0.0,0.0,0.0,0.0,0.0,816.4,816.4,32488.46,4593.5564,4225.7025,0.0,0.0,0.1414,0.1414
00034,1219550,3.0,CNY,2020-10-25T00:00:00,2020-10-28T00:00:00,0.0,0.0,0.0,0.0,0.0,0.0,0.0,2041.0,2041.0,80942.62,12031.4001,10223.15,0.0,0.0,0.1486,0.1486
00034,1220933,3.0,CNY,2020-10-28T00:00:00,2020-10-29T00:00:00,0.0,0.0,0.0,0.0,0.0,0.0,0.0,432.3,432.3,17144.29,2548.3461,2165.3444,0.0,0.0,0.1486,0.1486
00034,1220933,4.0,CNY,2020-10-28T00:00:00,2020-10-29T00:00:00,0.0,0.0,0.0,0.0,0.0,0.0,0.0,612.3,612.3,14298.16,2125.2942,1805.8748,0.0,0.0,0.1486,0.1486
00034,1220933,5.0,CNY,2020-10-28T00:00:00,2020-10-29T00:00:00,0.0,0.0,0.0,0.0,0.0,0.0,0.0,612.3,612.3,14298.16,2125.2942,1805.8748,0.0,0.0,0.1486,0.1486
00034,1220933,6.0,CNY,2020-10-28T00:00:00,2020-10-29T00:00:00,0.0,0.0,0.0,0.0,0.0,0.0,0.0,184.1,184.1,4299.02,639.0111,542.9714,0.0,0.0,0.1486,0.1486
00034,1220933,8.0,CNY,2020-10-28T00:00:00,2020-10-29T00:00:00,0.0,0.0,0.0,0.0,0.0,0.0,0.0,36.0,36.0,1043.94,155.1724,131.8509,0.0,0.0,0.1486,0.1486
00034,1220933,11.0,CNY,2020-10-28T00:00:00,2020-10-29T00:00:00,0.0,0.0,0.0,0.0,0.0,0.0,0.0,200.0,200.0,7178.17,1066.9711,906.6115,0.0,0.0,0.1486,0.1486
00034,1220933,12.0,CNY,2020-10-28T00:00:00,2020-10-29T00:00:00,0.0,0.0,0.0,0.0,0.0,0.0,0.0,126.0,126.0,4306.22,640.0813,543.8808,0.0,0.0,0.1486,0.1486
00034,1220933,14.0,CNY,2020-10-28T00:00:00,2020-10-29T00:00:00,0.0,0.0,0.0,0.0,0.0,0.0,0.0,2449.2,2449.2,98511.26,14642.822,12442.0904,0.0,0.0,0.1486,0.1486
00034,1220933,15.0,CNY,2020-10-28T00:00:00,2020-10-29T00:00:00,0.0,0.0,0.0,0.0,0.0,0.0,0.0,3469.7,3469.7,139557.61,20743.9967,17626.2936,0.0,0.0,0.1486,0.1486
00034,1220933,16.0,CNY,2020-10-28T00:00:00,2020-10-29T00:00:00,0.0,0.0,0.0,0.0,0.0,0.0,0.0,876.399,876.399,38298.26,5692.6955,4837.1162,0.0,0.0,0.1486,0.1486
00034,1368590,3.0,CNY,2021-06-24T00:00:00,2021-06-25T00:00:00,0.0,0.0,0.0,0.0,0.0,0.0,0.0,204.1,204.1,8919.08,1388.6544,1152.6573,0.0,0.0,0.1557,0.1557
00020,20000705,2.001,EUR,2020-03-20T00:00:00,2020-04-08T00:00:00,2286.0,2530.549,2286.0,0.0,0.0,0.0,0.0,5.0,5.0,1866.0,2065.6187,1866.0,0.0,0.0,1.107,1.107
00020,20001597,3.001,EUR,2020-07-29T00:00:00,2020-09-29T00:00:00,3071.25,3513.193,3071.25,0.0,0.0,0.0,0.0,975.0,975.0,2613.0,2989.0023,2613.0,0.0,0.0,1.1439,1.1439
00020,21000142,2.001,EUR,2021-01-19T00:00:00,2021-03-11T00:00:00,12600.0,15333.982,12600.0,0.0,0.0,0.0,0.0,4.0,4.0,10720.0,13046.0545,10720.0,0.0,0.0,1.217,1.217
00020,21000314,2.001,EUR,2021-02-09T00:00:00,2021-02-26T00:00:00,5029.2,6083.2957,5029.2,0.0,0.0,0.0,0.0,11.0,11.0,4276.8,5173.1963,4276.8,0.0,0.0,1.2096,1.2096
00020,21000314,2.002,EUR,2021-02-09T00:00:00,2021-02-26T00:00:00,1371.6,1659.0806,1371.6,0.0,0.0,0.0,0.0,3.0,3.0,1166.4,1410.8717,1166.4,0.0,0.0,1.2096,1.2096
00020,21000792,1.002,EUR,2021-03-29T00:00:00,2021-04-16T00:00:00,3820.8,4550.7558,3820.8,0.0,0.0,0.0,0.0,8.0,8.0,3110.4,3704.6354,3110.4,0.0,0.0,1.191,1.191
00020,21001024,1.002,EUR,2021-04-21T00:00:00,2021-05-31T00:00:00,1910.4,2283.138,1910.4,0.0,0.0,0.0,0.0,4.0,4.0,1555.2,1858.6349,1555.2,0.0,0.0,1.1951,1.1951
00020,21001198,1.002,EUR,2021-05-12T00:00:00,2021-06-10T00:00:00,2388.0,2898.9078,2388.0,0.0,0.0,0.0,0.0,5.0,5.0,1944.0,2359.9149,1944.0,0.0,0.0,1.2139,1.2139
00020,21001198,1.003,EUR,2021-05-12T00:00:00,2021-06-10T00:00:00,1910.4,2319.1263,1910.4,0.0,0.0,0.0,0.0,4.0,4.0,1555.2,1887.9319,1555.2,0.0,0.0,1.2139,1.2139
00020,21001680,1.002,EUR,2021-06-29T00:00:00,2021-07-20T00:00:00,1504.8,1812.7895,1504.8,0.0,0.0,0.0,0.0,3.0,3.0,1166.4,1405.1287,1166.4,0.0,0.0,1.2047,1.2047
00020,21003083,1.002,EUR,2021-12-21T00:00:00,2022-02-23T00:00:00,4910.0,5550.3951,4910.0,0.0,0.0,0.0,0.0,0.982,0.982,3093.3,3496.7489,3093.3,0.0,0.0,1.1304,1.1304
00020,22000768,4.0,EUR,2022-03-30T00:00:00,2022-04-15T00:00:00,13016.76,14331.4541,13016.76,0.0,0.0,0.0,0.0,3.0,3.0,3838.92,4226.6513,3838.92,0.0,0.0,1.101,1.101
00020,22000852,1.002,EUR,2022-04-11T00:00:00,2022-05-06T00:00:00,5940.0,6433.4221,5940.0,0.0,0.0,0.0,0.0,9.0,9.0,4978.8,5392.3775,4978.8,0.0,0.0,1.0831,1.0831
00020,22001551,1.002,EUR,2022-07-14T00:00:00,2022-08-22T00:00:00,5082.0,5185.3592,5082.0,0.0,0.0,0.0,0.0,7.0,7.0,3872.4,3951.158,3872.4,0.0,0.0,1.0203,1.0203
00020,22001551,1.003,EUR,2022-07-14T00:00:00,2022-08-22T00:00:00,5082.0,5185.3592,5082.0,0.0,0.0,0.0,0.0,7.0,7.0,3872.4,3951.158,3872.4,0.0,0.0,1.0203,1.0203
00020,22002010,2.001,EUR,2022-09-26T00:00:00,2022-10-07T00:00:00,3630.0,3600.352,3630.0,0.0,0.0,0.0,0.0,5.0,5.0,2766.0,2743.4087,2766.0,0.0,0.0,0.9918,0.9918
00020,22002010,2.002,EUR,2022-09-26T00:00:00,2022-10-07T00:00:00,7260.0,7200.704,7260.0,0.0,0.0,0.0,0.0,10.0,10.0,5532.0,5486.8174,5532.0,0.0,0.0,0.9918,0.9918
00020,20000036,1.001,EUR,2020-01-08T00:00:00,2020-01-14T00:00:00,12150.0,13496.0414,12150.0,0.0,0.0,0.0,0.0,3.0,3.0,7770.0,8630.8018,7770.0,0.0,0.0,1.1108,1.1108
00020,20000087,1.001,EUR,2020-01-13T00:00:00,2020-02-13T00:00:00,6400.8,7109.9145,6400.8,0.0,0.0,0.0,0.0,14.0,14.0,5224.8,5803.631,5224.8,0.0,0.0,1.1108,1.1108
00020,20001465,1.001,EUR,2020-07-09T00:00:00,2020-08-14T00:00:00,3657.6,4183.9169,3657.6,0.0,0.0,0.0,0.0,8.0,8.0,3110.4,3557.9766,3110.4,0.0,0.0,1.1439,1.1439
00020,20001811,1.001,EUR,2020-09-02T00:00:00,2020-09-22T00:00:00,6400.8,7548.8424,6400.8,0.0,0.0,0.0,0.0,14.0,14.0,5443.2,6419.488,5443.2,0.0,0.0,1.1794,1.1794
00020,20002080,1.001,EUR,2020-10-09T00:00:00,2020-10-30T00:00:00,4572.0,5380.6464,4572.0,0.0,0.0,0.0,0.0,10.0,10.0,3888.0,4575.6678,3888.0,0.0,0.0,1.1769,1.1769
00020,20002358,1.001,EUR,2020-11-12T00:00:00,2021-01-15T00:00:00,12600.0,14914.7422,12600.0,0.0,0.0,0.0,0.0,4.0,4.0,10720.0,12689.368,10720.0,0.0,0.0,1.1837,1.1837
00020,21000236,1.001,EUR,2021-01-29T00:00:00,2021-02-08T00:00:00,13871.52,16881.3999,13871.52,0.0,0.0,0.0,0.0,5.0,5.0,8828.72,10744.3995,8828.72,0.0,0.0,1.217,1.217
00020,21001024,1.001,EUR,2021-04-21T00:00:00,2021-05-31T00:00:00,2865.6,3424.7069,2865.6,0.0,0.0,0.0,0.0,6.0,6.0,2332.8,2787.9524,2332.8,0.0,0.0,1.1951,1.1951
00020,21001680,1.001,EUR,2021-06-29T00:00:00,2021-07-20T00:00:00,1504.8,1812.7895,1504.8,0.0,0.0,0.0,0.0,3.0,3.0,1166.4,1405.1287,1166.4,0.0,0.0,1.2047,1.2047
00020,21001840,1.001,EUR,2021-07-19T00:00:00,2021-08-16T00:00:00,13620.0,16108.2187,13620.0,0.0,0.0,0.0,0.0,3.0,3.0,10230.0,12098.9044,10230.0,0.0,0.0,1.1827,1.1827
00020,21002393,1.001,EUR,2021-09-28T00:00:00,2021-10-21T00:00:00,12540.0,14769.7688,12540.0,0.0,0.0,0.0,0.0,3.0,3.0,10230.0,12049.0219,10230.0,0.0,0.0,1.1778,1.1778
00020,22000306,1.001,EUR,2022-02-04T00:00:00,2022-09-14T00:00:00,20400.0,23135.6155,20400.0,0.0,0.0,0.0,0.0,3.0,3.0,10710.0,12146.1981,10710.0,0.0,0.0,1.1341,1.1341
00020,22000852,1.001,EUR,2022-04-11T00:00:00,2022-05-06T00:00:00,1980.0,2144.474,1980.0,0.0,0.0,0.0,0.0,3.0,3.0,1659.6,1797.4592,1659.6,0.0,0.0,1.0831,1.0831
00020,22001029,1.001,EUR,2022-05-04T00:00:00,2022-05-24T00:00:00,27500.0,29063.43,27500.0,0.0,0.0,0.0,0.0,5.0,5.0,22600.0,23884.8552,22600.0,0.0,0.0,1.0569,1.0569
00020,22001557,1.001,EUR,2022-07-14T00:00:00,2022-08-08T00:00:00,18300.0,18672.1909,18300.0,0.0,0.0,0.0,0.0,3.0,3.0,13560.0,13835.7873,13560.0,0.0,0.0,1.0203,1.0203
00020,22001843,1.001,EUR,2022-09-01T00:00:00,2022-09-16T00:00:00,2232.0,2213.7701,2232.0,0.0,0.0,0.0,0.0,3.0,3.0,1659.6,1646.0452,1659.6,0.0,0.0,0.9918,0.9918
00020,20001070,1.002,EUR,2020-05-11T00:00:00,2020-05-22T00:00:00,11940.0,13038.4907,11940.0,0.0,0.0,0.0,0.0,3.0,3.0,10551.0,11521.7015,10551.0,0.0,0.0,1.092,1.092
00020,20001343,1.001,EUR,2020-06-24T00:00:00,2020-08-17T00:00:00,20850.0,23456.4001,20850.0,0.0,0.0,0.0,0.0,5.0,5.0,15750.0,17718.8634,15750.0,0.0,0.0,1.125,1.125
00020,21000358,1.001,EUR,2021-02-12T00:00:00,2021-03-08T00:00:00,13400.0,16208.5743,13400.0,0.0,0.0,0.0,0.0,4.0,4.0,9560.0,11563.7292,9560.0,0.0,0.0,1.2096,1.2096
00020,21001041,2.001,EUR,2021-04-22T00:00:00,2021-05-06T00:00:00,3189.6,3811.9225,3189.6,0.0,0.0,0.0,0.0,6.0,6.0,2332.8,2787.9524,2332.8,0.0,0.0,1.1951,1.1951
00020,21001595,1.001,EUR,2021-06-21T00:00:00,2021-07-26T00:00:00,17100.0,20599.8809,17100.0,0.0,0.0,0.0,0.0,5.0,5.0,11950.0,14395.8232,11950.0,0.0,0.0,1.2047,1.2047
00020,21002479,1.001,EUR,2021-10-07T00:00:00,2021-12-10T00:00:00,11160.0,12943.5421,11160.0,0.0,0.0,0.0,0.0,3.0,3.0,8100.0,9394.5064,8100.0,0.0,0.0,1.1598,1.1598
00020,22001360,6.0,EUR,2022-06-15T00:00:00,2022-07-08T00:00:00,18300.0,19350.4987,18300.0,0.0,0.0,0.0,0.0,3.0,3.0,13560.0,14338.4023,13560.0,0.0,0.0,1.0574,1.0574
00020,20001323,3.0,EUR,2020-06-19T00:00:00,2020-08-19T00:00:00,18650.0,20981.3843,18650.0,0.0,0.0,0.0,0.0,5.0,5.0,13400.0,15075.0965,13400.0,0.0,0.0,1.125,1.125
00020,20001515,3.0,EUR,2020-07-17T00:00:00,2020-08-24T00:00:00,13400.0,15328.2171,13400.0,0.0,0.0,0.0,0.0,4.0,4.0,9560.0,10935.6534,9560.0,0.0,0.0,1.1439,1.1439
00020,20001597,3.0,EUR,2020-07-29T00:00:00,2020-09-29T00:00:00,12600.0,14413.0997,12600.0,0.0,0.0,0.0,0.0,4000.0,4000.0,10720.0,12262.5737,10720.0,0.0,0.0,1.1439,1.1439
00020,20001996,3.0,EUR,2020-09-28T00:00:00,2020-10-12T00:00:00,6360.0,7500.7245,6360.0,0.0,0.0,0.0,0.0,5.0,5.0,4171.8,4920.0507,4171.8,0.0,0.0,1.1794,1.1794
00020,20002151,3.0,EUR,2020-10-16T00:00:00,2020-11-05T00:00:00,156.18,183.8034,156.18,0.0,0.0,0.0,0.0,38.0,38.0,123.12,144.8961,123.12,0.0,0.0,1.1769,1.1769
00020,21000202,3.0,EUR,2021-01-26T00:00:00,2021-02-26T00:00:00,6411.6,7802.8063,6411.6,0.0,0.0,0.0,0.0,13.0,13.0,5054.4,6151.1174,5054.4,0.0,0.0,1.217,1.217
00020,21000409,3.0,EUR,2021-02-22T00:00:00,2021-03-26T00:00:00,9750.0,11793.5522,9750.0,0.0,0.0,0.0,0.0,3.0,3.0,7170.0,8672.7969,7170.0,0.0,0.0,1.2096,1.2096
00020,21001260,3.0,EUR,2021-05-19T00:00:00,2021-06-04T00:00:00,7164.0,8696.7235,7164.0,0.0,0.0,0.0,0.0,15.0,15.0,5832.0,7079.7447,5832.0,0.0,0.0,1.2139,1.2139
00020,22000571,3.0,EUR,2022-03-07T00:00:00,2022-07-28T00:00:00,6797.15,7483.6628,6797.15,0.0,0.0,0.0,0.0,3.0,3.0,1907.69,2100.3669,1907.69,0.0,0.0,1.101,1.101
00020,21001757,3.0,EUR,2021-07-07T00:00:00,2021-08-26T00:00:00,31579.89,37349.1759,31579.89,0.0,0.0,0.0,0.0,3.0,3.0,9896.67,11704.6788,9896.67,0.0,0.0,1.1827,1.1827
00034,1625,2.0,CNY,2020-03-24T00:00:00,2020-03-31T00:00:00,-28718.52,-4090.0399,-3694.0345,0.0,0.0,0.0,0.0,-612.3,-612.3,-14298.16,-2036.3182,-1839.158,0.0,0.0,0.1424,0.1424
00034,2359228,2.0,CNY,2025-02-21T00:00:00,2025-04-11T00:00:00,542942.33,74692.1963,71734.9523,0.0,0.0,0.0,0.0,6123.0,6123.0,319293.74,43925.0163,42185.9191,0.0,0.0,0.1376,0.1376
00034,2359228,3.0,CNY,2025-02-21T00:00:00,2025-04-11T00:00:00,361961.55,49794.7971,47823.3011,0.0,0.0,0.0,0.0,4082.0,4082.0,212862.49,29283.3437,28123.9456,0.0,0.0,0.1376,0.1376
00034,2378001,2.0,CNY,2025-03-19T00:00:00,2025-10-16T00:00:00,651530.8,89853.6551,83269.6757,0.0,0.0,0.0,0.0,7347.6,7347.6,383152.49,52841.1729,48969.2638,0.0,0.0,0.1379,0.1379
00034,2378001,3.0,CNY,2025-03-19T00:00:00,2025-10-16T00:00:00,380059.63,52414.6317,48573.9771,0.0,0.0,0.0,0.0,4286.1,4286.1,223505.62,30824.0177,28565.404,0.0,0.0,0.1379,0.1379
00020,25000040,3.0,EUR,2025-01-09T00:00:00,2025-03-13T00:00:00,26190.0,27100.9249,26190.0,0.0,0.0,0.0,0.0,3.0,3.0,15384.0,15919.0771,15384.0,0.0,0.0,1.0348,1.0348
00020,25001107,1.001,EUR,2025-06-10T00:00:00,2025-06-18T00:00:00,1602.0,1845.133,1602.0,0.0,0.0,0.0,0.0,3.0,3.0,1266.98,1459.2675,1266.98,0.0,0.0,1.1518,1.1518
00020,25001335,2.0,EUR,2025-07-09T00:00:00,2025-07-29T00:00:00,22400.0,26203.679,22400.0,0.0,0.0,0.0,0.0,4.0,4.0,14600.0,17079.1837,14600.0,0.0,0.0,1.1698,1.1698
00020,25000408,5.0,EUR,2025-02-26T00:00:00,2025-06-17T00:00:00,257.0,267.5836,257.0,0.0,0.0,0.0,0.0,20.0,20.0,98.56,102.6188,98.56,0.0,0.0,1.0412,1.0412
00020,24002348,1.001,EUR,2024-12-10T00:00:00,2025-01-13T00:00:00,3360.0,3520.9175,3360.0,0.0,0.0,0.0,0.0,5.0,5.0,2244.0,2351.4699,2244.0,0.0,0.0,1.0479,1.0479
00020,25000489,2.0,EUR,2025-03-11T00:00:00,2025-06-17T00:00:00,2400.0,2589.2602,2400.0,0.0,0.0,0.0,0.0,240.0,240.0,1095.86,1182.2778,1095.86,0.0,0.0,1.0789,1.0789
00020,25000666,1.001,EUR,2025-04-04T00:00:00,2025-04-29T00:00:00,10080.0,11310.4565,10080.0,0.0,0.0,0.0,0.0,15.0,15.0,6732.0,7553.7692,6732.0,0.0,0.0,1.1221,1.1221
00020,25001832,5.0,EUR,2025-09-26T00:00:00,2025-10-21T00:00:00,5070.0,5947.9521,5070.0,0.0,0.0,0.0,0.0,5.0,5.0,2736.0,3209.7824,2736.0,0.0,0.0,1.1732,1.1732
00020,24001122,1.001,EUR,2024-05-30T00:00:00,2025-03-14T00:00:00,57535.0993,62178.3199,57535.0993,0.0,0.0,0.0,0.0,3.0,3.0,52089.82,56293.5935,52089.82,0.0,0.0,1.0807,1.0807
00020,24001123,1.002,EUR,2024-05-30T00:00:00,2025-05-23T00:00:00,93094.0064,100606.9162,93094.0064,0.0,0.0,0.0,0.0,5.0,5.0,88863.71,96035.2247,88863.71,0.0,0.0,1.0807,1.0807
00020,26000706,5.0,EUR,2026-04-08T00:00:00,2026-05-13T00:00:00,657.42,768.2845,657.42,0.0,0.0,0.0,0.0,55.3383,55.3383,390.25,456.0601,390.25,0.0,0.0,1.1686,1.1686
00020,25002273,1.001,EUR,2025-11-25T00:00:00,2026-02-12T00:00:00,18210.0,21058.8179,18210.0,0.0,0.0,0.0,0.0,3.0,3.0,13500.0,15611.9738,13500.0,0.0,0.0,1.1564,1.1564
00020,25002466,1.001,EUR,2025-12-23T00:00:00,2026-03-12T00:00:00,18210.0,21327.5429,18210.0,0.0,0.0,0.0,0.0,3.0,3.0,13500.0,15811.1932,13500.0,0.0,0.0,1.1712,1.1712
00020,25002472,1.001,EUR,2025-12-24T00:00:00,2026-01-09T00:00:00,18210.0,21327.5429,18210.0,0.0,0.0,0.0,0.0,3.0,3.0,13500.0,15811.1932,13500.0,0.0,0.0,1.1712,1.1712
00020,26000601,1.001,EUR,2026-03-25T00:00:00,2026-05-22T00:00:00,18210.0,21071.5667,18210.0,0.0,0.0,0.0,0.0,3.0,3.0,13500.0,15621.4251,13500.0,0.0,0.0,1.1571,1.1571
00020,26000813,1.001,EUR,2026-04-24T00:00:00,2026-06-10T00:00:00,20250.0,23664.875,20250.0,0.0,0.0,0.0,0.0,3.0,3.0,15450.0,18055.4231,15450.0,0.0,0.0,1.1686,1.1686
00020,26000240,1.001,EUR,2026-02-05T00:00:00,2026-04-30T00:00:00,117447.5361,138912.7059,117447.5361,0.0,0.0,0.0,0.0,7.0,7.0,109650.24,129690.3455,109650.24,0.0,0.0,1.1828,1.1828
00020,25002244,1.002,EUR,2025-11-19T00:00:00,2026-06-19T00:00:00,89679.4077,103709.0784,89679.4077,0.0,0.0,0.0,0.0,5.0,5.0,76896.07,88925.8834,76896.07,0.0,0.0,1.1564,1.1564
00020,25002243,1.001,EUR,2025-11-19T00:00:00,2026-06-19T00:00:00,122718.2891,141916.6451,122718.2891,0.0,0.0,0.0,0.0,7.0,7.0,107654.49,124496.2276,107654.49,0.0,0.0,1.1564,1.1564
00020,26000959,1.001,EUR,2026-05-20T00:00:00,2026-07-08T00:00:00,20250.0,23653.3507,20250.0,0.0,0.0,0.0,0.0,3.0,3.0,15450.0,18046.6305,15450.0,0.0,0.0,1.1681,1.1681
00020,23002300,1.001,EUR,2023-11-10T00:00:00,2024-01-25T00:00:00,10650.0,11511.5509,10650.0,0.0,0.0,0.0,0.0,1000.0,1000.0,5842.0,6314.5991,5842.0,0.0,0.0,1.0809,1.0809
00020,23002300,1.002,EUR,2023-11-10T00:00:00,2024-01-25T00:00:00,10650.0,11511.5509,10650.0,0.0,0.0,0.0,0.0,1000.0,1000.0,5842.0,6314.5991,5842.0,0.0,0.0,1.0809,1.0809
00034,2006250,2.0,CNY,2023-07-11T00:00:00,2024-02-08T00:00:00,63578.05,8839.9493,7997.1078,0.0,0.0,0.0,0.0,816.4,816.4,41492.69,5769.181,5219.1207,0.0,0.0,0.139,0.139
00034,2111530,4.0,CNY,2024-04-01T00:00:00,2024-04-05T00:00:00,143050.61,19766.7333,18428.08,0.0,0.0,0.0,0.0,1836.9,1836.9,95788.12,13236.0024,12339.6268,0.0,0.0,0.1382,0.1382
00034,2159834,2.0,CNY,2024-06-03T00:00:00,2024-06-15T00:00:00,4424.78,610.0285,566.6391,0.0,0.0,0.0,0.0,40.0,40.0,2650.67,365.4383,339.4459,0.0,0.0,0.1379,0.1379
00020,24001567,7.0,EUR,2024-08-06T00:00:00,2024-08-30T00:00:00,16800.0,18504.7363,16800.0,0.0,0.0,0.0,0.0,3.0,3.0,10950.0,12061.1228,10950.0,0.0,0.0,1.1015,1.1015
00020,24001658,1.001,EUR,2024-08-23T00:00:00,2024-08-30T00:00:00,4176.0,4599.7487,4176.0,0.0,0.0,0.0,0.0,0.96,0.96,3024.0,3330.8525,3024.0,0.0,0.0,1.1015,1.1015
00020,24000162,2.0,EUR,2024-01-22T00:00:00,2024-02-02T00:00:00,10440.0,11397.3511,10440.0,0.0,0.0,0.0,0.0,15.0,15.0,7362.0,8037.0976,7362.0,0.0,0.0,1.0917,1.0917
00020,24000390,1.001,EUR,2024-02-20T00:00:00,2024-03-07T00:00:00,6960.0,7512.8244,6960.0,0.0,0.0,0.0,0.0,10.0,10.0,4908.0,5297.8366,4908.0,0.0,0.0,1.0794,1.0794
00020,24001638,1.001,EUR,2024-08-21T00:00:00,2024-09-10T00:00:00,5376.0,5921.5156,5376.0,0.0,0.0,0.0,0.0,8.0,8.0,3590.4,3954.7265,3590.4,0.0,0.0,1.1015,1.1015
00020,24001638,1.002,EUR,2024-08-21T00:00:00,2024-09-10T00:00:00,4032.0,4441.1367,4032.0,0.0,0.0,0.0,0.0,6.0,6.0,2692.8,2966.0449,2692.8,0.0,0.0,1.1015,1.1015
00034,1816050,2.0,CNY,2023-03-07T00:00:00,2023-03-10T00:00:00,476835.36,69162.108,64603.3235,0.0,0.0,0.0,0.0,6123.0,6123.0,311195.17,45136.9922,42161.8108,0.0,0.0,0.145,0.145
00034,1831305,2.0,CNY,2023-03-28T00:00:00,2023-03-29T00:00:00,0.0,0.0,0.0,0.0,0.0,0.0,0.0,204.1,204.1,11654.25,1690.379,1578.9586,0.0,0.0,0.145,0.145
00034,1835954,2.0,CNY,2023-04-03T00:00:00,2023-05-11T00:00:00,222523.17,32328.1439,29447.9597,0.0,0.0,0.0,0.0,2857.4,2857.4,145224.41,21098.1878,19218.5047,0.0,0.0,0.1453,0.1453
00034,1835954,3.0,CNY,2023-04-03T00:00:00,2023-05-11T00:00:00,127156.1,18473.2255,16827.4059,0.0,0.0,0.0,0.0,1632.8,1632.8,82985.38,12056.1077,10982.003,0.0,0.0,0.1453,0.1453
00034,1990322,2.0,CNY,2023-10-23T00:00:00,2023-11-08T00:00:00,47683.54,6553.9738,6202.7464,0.0,0.0,0.0,0.0,612.3,612.3,31119.52,4277.294,4048.0738,0.0,0.0,0.1374,0.1374
00034,1990322,3.0,CNY,2023-10-23T00:00:00,2023-11-08T00:00:00,79472.56,10923.2888,10337.9098,0.0,0.0,0.0,0.0,1020.5,1020.5,51865.86,7128.8224,6746.7889,0.0,0.0,0.1374,0.1374
00020,23002064,2.0,EUR,2023-10-02T00:00:00,2023-11-17T00:00:00,27930.0,29510.7933,27930.0,0.0,0.0,0.0,0.0,3.0,3.0,15387.9,16258.8305,15387.9,0.0,0.0,1.0566,1.0566
00020,23001125,1.001,EUR,2023-05-19T00:00:00,2023-05-31T00:00:00,3360.0,3656.7962,3360.0,0.0,0.0,0.0,0.0,5.0,5.0,2863.08,3115.9822,2863.08,0.0,0.0,1.0883,1.0883
00020,23002008,1.001,EUR,2023-09-22T00:00:00,2023-10-23T00:00:00,22000.0,23509.8138,22000.0,0.0,0.0,0.0,0.0,4.0,4.0,16267.2,17383.5838,16267.2,0.0,0.0,1.0686,1.0686
00020,22001663,2.0,EUR,2022-08-02T00:00:00,2023-05-23T00:00:00,4950.0,5010.4642,4950.0,0.0,0.0,0.0,0.0,300.0,300.0,1061.7,1074.6687,1061.7,0.0,0.0,1.0122,1.0122
00020,23002315,3.0,EUR,2023-11-13T00:00:00,2023-12-14T00:00:00,1730.93,1870.9567,1730.93,0.0,0.0,0.0,0.0,3.0,3.0,291.5,315.0814,291.5,0.0,0.0,1.0809,1.0809
00020,22002546,2.0,EUR,2022-12-14T00:00:00,2023-03-09T00:00:00,17517.47,18541.5133,17517.47,0.0,0.0,0.0,0.0,7.0,7.0,10600.7,11220.4,10600.7,0.0,0.0,1.0585,1.0585
00020,23000706,1.001,EUR,2023-03-28T00:00:00,2023-05-10T00:00:00,8536.0,9137.881,8536.0,0.0,0.0,0.0,0.0,4.0,4.0,3652.88,3910.4479,3652.88,0.0,0.0,1.0705,1.0705
00020,22002576,1.001,EUR,2022-12-16T00:00:00,2023-01-06T00:00:00,10890.0,11526.612,10890.0,0.0,0.0,0.0,0.0,15.0,15.0,8298.0,8783.0878,8298.0,0.0,0.0,1.0585,1.0585
00020,23000150,2.001,EUR,2023-01-24T00:00:00,2023-02-10T00:00:00,10710.0,11546.5035,10710.0,0.0,0.0,0.0,0.0,15.0,15.0,8298.0,8946.1145,8298.0,0.0,0.0,1.0781,1.0781
00020,23000644,1.001,EUR,2023-03-22T00:00:00,2023-04-11T00:00:00,29750.0,31847.6993,29750.0,0.0,0.0,0.0,0.0,5.0,5.0,22500.0,24086.4952,22500.0,0.0,0.0,1.0705,1.0705
00020,23000684,1.001,EUR,2023-03-27T00:00:00,2023-04-07T00:00:00,8568.0,9172.1374,8568.0,0.0,0.0,0.0,0.0,12.0,12.0,6638.4,7106.4796,6638.4,0.0,0.0,1.0705,1.0705
00020,23000883,3.001,EUR,2023-04-18T00:00:00,2023-04-27T00:00:00,36600.0,40177.3133,36600.0,0.0,0.0,0.0,0.0,6.0,6.0,27000.0,29639.0016,27000.0,0.0,0.0,1.0977,1.0977
00020,2014,2.0,EUR,2023-03-23T00:00:00,2023-03-30T00:00:00,-16500.0,-17663.4298,-16500.0,0.0,0.0,0.0,0.0,-3.0,-3.0,-11730.0,-12557.0929,-11730.0,0.0,0.0,1.0705,1.0705
00020,21002236,2.001,EUR,2021-09-10T00:00:00,2023-02-28T00:00:00,160121.6191,188593.2445,160121.6191,0.0,0.0,0.0,0.0,7.0,7.0,121272.8,142836.6198,121272.8,0.0,0.0,1.1778,1.1778
00020,22001421,2.001,EUR,2022-06-22T00:00:00,2023-04-28T00:00:00,130884.4916,138397.8243,130884.4916,0.0,0.0,0.0,0.0,6.0,6.0,114905.2,121501.2526,114905.2,0.0,0.0,1.0574,1.0574
00020,22001422,2.001,EUR,2022-06-22T00:00:00,2023-07-31T00:00:00,109409.5238,115690.101,109409.5238,0.0,0.0,0.0,0.0,5.0,5.0,95754.33,101251.0403,95754.33,0.0,0.0,1.0574,1.0574
00020,22001423,2.0,EUR,2022-06-22T00:00:00,2023-08-29T00:00:00,156299.6436,165271.9152,156299.6436,0.0,0.0,0.0,0.0,7.0,7.0,134056.06,141751.4543,134056.06,0.0,0.0,1.0574,1.0574
00034,1219550,2.0,CNY,2020-10-25T00:00:00,2020-10-28T00:00:00,0.0,0.0,0.0,0.0,0.0,0.0,0.0,2.0,2.0,94744.8,14082.9713,11966.3819,0.0,0.0,0.1486,0.1486
00020,20002722,2.0,EUR,2020-12-30T00:00:00,2021-02-15T00:00:00,11900.0,14473.876,11900.0,0.0,0.0,0.0,0.0,2.0,2.0,6560.0,7978.8762,6560.0,0.0,0.0,1.2163,1.2163
00020,21001862,2.0,EUR,2021-07-21T00:00:00,2021-08-19T00:00:00,13980.0,16533.9866,13980.0,0.0,0.0,0.0,0.0,2.0,2.0,8660.0,10242.0833,8660.0,0.0,0.0,1.1827,1.1827
00020,22001969,2.001,EUR,2022-09-20T00:00:00,2022-10-28T00:00:00,18620.0,18467.9212,18620.0,0.0,0.0,0.0,0.0,2.0,2.0,10258.2,10174.4162,10258.2,0.0,0.0,0.9918,0.9918
00020,20002417,2.0,EUR,2020-11-19T00:00:00,2020-12-08T00:00:00,1022.4,1210.2248,1022.4,0.0,0.0,0.0,0.0,2.0,2.0,777.6,920.4527,777.6,0.0,0.0,1.1837,1.1837
00020,20000950,2.0,EUR,2020-04-21T00:00:00,2020-06-24T00:00:00,986.4,1072.2437,986.4,0.0,0.0,0.0,0.0,2.0,2.0,777.6,845.2724,777.6,0.0,0.0,1.087,1.087
00020,20001416,2.0,EUR,2020-07-02T00:00:00,2020-07-20T00:00:00,825.6,944.4012,825.6,0.0,0.0,0.0,0.0,2.0,2.0,636.67,728.2848,636.67,0.0,0.0,1.1439,1.1439
00020,21000117,2.0,EUR,2021-01-18T00:00:00,2021-01-28T00:00:00,825.6,1004.7409,825.6,0.0,0.0,0.0,0.0,2.0,2.0,687.36,836.5052,687.36,0.0,0.0,1.217,1.217
00020,21000687,2.0,EUR,2021-03-19T00:00:00,2021-04-12T00:00:00,7040.0,8384.9772,7040.0,0.0,0.0,0.0,0.0,2.0,2.0,4780.0,5693.209,4780.0,0.0,0.0,1.191,1.191
00020,21001041,2.0,EUR,2021-04-22T00:00:00,2021-05-06T00:00:00,1063.2,1270.6408,1063.2,0.0,0.0,0.0,0.0,2.0,2.0,777.6,929.3175,777.6,0.0,0.0,1.1951,1.1951
00020,21001415,2.0,EUR,2021-06-04T00:00:00,2022-01-10T00:00:00,914.4,1101.5515,914.4,0.0,0.0,0.0,0.0,2.0,2.0,777.6,936.7525,777.6,0.0,0.0,1.2047,1.2047
00020,20000729,4.0,EUR,2020-03-24T00:00:00,2020-05-28T00:00:00,6700.0,7416.7446,6700.0,0.0,0.0,0.0,0.0,2.0,2.0,4780.0,5291.3491,4780.0,0.0,0.0,1.107,1.107
00020,21000202,4.001,EUR,2021-01-26T00:00:00,2021-02-26T00:00:00,8040.0,9784.5409,8040.0,0.0,0.0,0.0,0.0,2.0,2.0,6300.0,7666.991,6300.0,0.0,0.0,1.217,1.217
00020,21000202,4.002,EUR,2021-01-26T00:00:00,2021-02-26T00:00:00,8040.0,9784.5409,8040.0,0.0,0.0,0.0,0.0,2.0,2.0,6300.0,7666.991,6300.0,0.0,0.0,1.217,1.217
00020,21001680,1.003,EUR,2021-06-29T00:00:00,2021-07-20T00:00:00,1003.2,1208.5263,1003.2,0.0,0.0,0.0,0.0,2.0,2.0,777.6,936.7525,777.6,0.0,0.0,1.2047,1.2047
00020,22000852,3.001,EUR,2022-04-11T00:00:00,2022-05-06T00:00:00,11000.0,11913.7447,11000.0,0.0,0.0,0.0,0.0,2.0,2.0,9040.0,9790.932,9040.0,0.0,0.0,1.0831,1.0831
00020,22001557,8.0,EUR,2022-07-14T00:00:00,2022-08-08T00:00:00,1344.0,1371.3347,1344.0,0.0,0.0,0.0,0.0,2.0,2.0,960.0,979.5248,960.0,0.0,0.0,1.0203,1.0203
00020,22001557,10.0,EUR,2022-07-14T00:00:00,2022-08-08T00:00:00,1488.0,1518.2634,1488.0,0.0,0.0,0.0,0.0,2.0,2.0,1106.4,1128.9023,1106.4,0.0,0.0,1.0203,1.0203
00020,20002184,1.001,EUR,2020-10-22T00:00:00,2020-10-28T00:00:00,5628.42,6623.9147,5628.42,0.0,0.0,0.0,0.0,2.0,2.0,3531.49,4156.1022,3531.49,0.0,0.0,1.1769,1.1769
00020,21000032,1.001,EUR,2021-01-07T00:00:00,2021-01-22T00:00:00,7620.0,9273.4082,7620.0,0.0,0.0,0.0,0.0,2.0,2.0,6300.0,7666.991,6300.0,0.0,0.0,1.217,1.217
00020,22001536,1.001,EUR,2022-07-12T00:00:00,2022-08-19T00:00:00,12100.0,12346.0934,12100.0,0.0,0.0,0.0,0.0,2.0,2.0,9040.0,9223.8582,9040.0,0.0,0.0,1.0203,1.0203
00020,22002009,1.001,EUR,2022-09-26T00:00:00,2022-10-07T00:00:00,12100.0,12001.1732,12100.0,0.0,0.0,0.0,0.0,2.0,2.0,9040.0,8966.1658,9040.0,0.0,0.0,0.9918,0.9918
00020,20000976,1.001,EUR,2020-04-23T00:00:00,2020-05-14T00:00:00,7960.0,8652.7373,7960.0,0.0,0.0,0.0,0.0,2.0,2.0,7034.0,7646.15,7034.0,0.0,0.0,1.087,1.087
00020,20001087,5.0,EUR,2020-05-13T00:00:00,2020-06-08T00:00:00,8340.0,9107.2875,8340.0,0.0,0.0,0.0,0.0,2.0,2.0,6300.0,6879.6057,6300.0,0.0,0.0,1.092,1.092
00020,21001251,1.001,EUR,2021-05-18T00:00:00,2021-05-31T00:00:00,6840.0,8303.4043,6840.0,0.0,0.0,0.0,0.0,2.0,2.0,4780.0,5802.6714,4780.0,0.0,0.0,1.2139,1.2139
00020,22000130,1.001,EUR,2022-01-18T00:00:00,2022-02-17T00:00:00,10000.0,11325.149,10000.0,0.0,0.0,0.0,0.0,2.0,2.0,6300.0,7134.8439,6300.0,0.0,0.0,1.1325,1.1325
00020,20002125,3.0,EUR,2020-10-14T00:00:00,2020-11-13T00:00:00,825.6,971.6233,825.6,0.0,0.0,0.0,0.0,2.0,2.0,690.36,812.4635,690.36,0.0,0.0,1.1769,1.1769
00020,25000432,2.0,EUR,2025-03-03T00:00:00,2025-03-21T00:00:00,8700.0,9386.0681,8700.0,0.0,0.0,0.0,0.0,2.0,2.0,6400.0,6904.6938,6400.0,0.0,0.0,1.0789,1.0789
00020,25000454,1.001,EUR,2025-03-05T00:00:00,2025-03-28T00:00:00,11200.0,12083.2141,11200.0,0.0,0.0,0.0,0.0,2.0,2.0,7300.0,7875.6663,7300.0,0.0,0.0,1.0789,1.0789
00020,25001242,1.001,EUR,2025-06-25T00:00:00,2025-07-14T00:00:00,11200.0,12899.8061,11200.0,0.0,0.0,0.0,0.0,2.0,2.0,7300.0,8407.9093,7300.0,0.0,0.0,1.1518,1.1518
00020,25001944,1.001,EUR,2025-10-15T00:00:00,2025-11-06T00:00:00,11200.0,13045.8888,11200.0,0.0,0.0,0.0,0.0,2.0,2.0,7300.0,8503.124,7300.0,0.0,0.0,1.1648,1.1648
00020,26000706,2.0,EUR,2026-04-08T00:00:00,2026-05-13T00:00:00,4849.82,5667.6733,4849.82,0.0,0.0,0.0,0.0,2.0,2.0,2878.92,3364.409,2878.92,0.0,0.0,1.1686,1.1686
00020,26000085,2.0,EUR,2026-01-14T00:00:00,2026-01-30T00:00:00,11200.0,13138.6494,11200.0,0.0,0.0,0.0,0.0,2.0,2.0,7300.0,8563.584,7300.0,0.0,0.0,1.1731,1.1731
00020,26000668,6.0,EUR,2026-04-02T00:00:00,2026-04-30T00:00:00,8700.0,10167.1315,8700.0,0.0,0.0,0.0,0.0,2.0,2.0,6400.0,7479.2691,6400.0,0.0,0.0,1.1686,1.1686
00020,25002447,2.0,EUR,2025-12-19T00:00:00,2026-01-28T00:00:00,8700.0,10189.4356,8700.0,0.0,0.0,0.0,0.0,2.0,2.0,6400.0,7495.6768,6400.0,0.0,0.0,1.1712,1.1712
00020,25002466,1.002,EUR,2025-12-23T00:00:00,2026-03-12T00:00:00,12140.0,14218.3619,12140.0,0.0,0.0,0.0,0.0,2.0,2.0,9000.0,10540.7955,9000.0,0.0,0.0,1.1712,1.1712
00020,26000401,5.0,EUR,2026-02-27T00:00:00,2026-03-11T00:00:00,11200.0,13246.9557,11200.0,0.0,0.0,0.0,0.0,2.0,2.0,7300.0,8634.1765,7300.0,0.0,0.0,1.1828,1.1828
00020,26001255,1.001,EUR,2026-07-03T00:00:00,2026-07-23T00:00:00,1116.0,1274.3577,1116.0,0.0,0.0,0.0,0.0,2.0,2.0,849.0,969.4711,849.0,0.0,0.0,1.1419,1.1419
00020,23002617,2.0,EUR,2023-12-29T00:00:00,2024-02-29T00:00:00,21300.0,23252.6711,21300.0,0.0,0.0,0.0,0.0,2.0,2.0,11684.0,12755.1272,11684.0,0.0,0.0,1.0917,1.0917
00020,24001344,2.0,EUR,2024-07-02T00:00:00,2024-08-02T00:00:00,13562.55,14716.8329,13562.55,0.0,0.0,0.0,0.0,2.0,2.0,8934.12,9694.486,8934.12,0.0,0.0,1.0851,1.0851
00020,23002210,2.0,EUR,2023-10-26T00:00:00,2024-01-26T00:00:00,21300.0,22505.5459,21300.0,0.0,0.0,0.0,0.0,2.0,2.0,11684.0,12345.2957,11684.0,0.0,0.0,1.0566,1.0566
00020,23002578,4.0,EUR,2023-12-20T00:00:00,2024-01-22T00:00:00,13040.92,14236.4424,13040.92,0.0,0.0,0.0,0.0,2.0,2.0,8638.34,9430.2572,8638.34,0.0,0.0,1.0917,1.0917
00020,24001410,6.001,EUR,2024-07-11T00:00:00,2024-09-03T00:00:00,11815.36,12820.9428,11815.36,0.0,0.0,0.0,0.0,2.0,2.0,7558.1,8201.3555,7558.1,0.0,0.0,1.0851,1.0851
00020,23002525,1.001,EUR,2023-12-12T00:00:00,2024-02-16T00:00:00,1368.0,1493.411,1368.0,0.0,0.0,0.0,0.0,2.0,2.0,981.6,1071.5879,981.6,0.0,0.0,1.0917,1.0917
00020,24000067,3.0,EUR,2024-01-11T00:00:00,2024-04-19T00:00:00,23300.0,25436.617,23300.0,0.0,0.0,0.0,0.0,2.0,2.0,11200.0,12227.0434,11200.0,0.0,0.0,1.0917,1.0917
00020,24000166,5.0,EUR,2024-01-23T00:00:00,2024-02-12T00:00:00,11200.0,12227.0434,11200.0,0.0,0.0,0.0,0.0,2.0,2.0,8000.0,8733.6024,8000.0,0.0,0.0,1.0917,1.0917
00020,24001346,2.0,EUR,2024-07-02T00:00:00,2024-07-24T00:00:00,8700.0,9440.4405,8700.0,0.0,0.0,0.0,0.0,2.0,2.0,8133.6,8825.8352,8133.6,0.0,0.0,1.0851,1.0851
00020,24001497,1.001,EUR,2024-07-24T00:00:00,2024-08-29T00:00:00,11200.0,12153.2107,11200.0,0.0,0.0,0.0,0.0,2.0,2.0,7300.0,7921.2891,7300.0,0.0,0.0,1.0851,1.0851
00020,24002158,3.0,EUR,2024-11-12T00:00:00,2024-11-25T00:00:00,11200.0,11912.339,11200.0,0.0,0.0,0.0,0.0,2.0,2.0,7300.0,7764.2924,7300.0,0.0,0.0,1.0636,1.0636
00020,24002158,3.001,EUR,2024-11-12T00:00:00,2024-11-25T00:00:00,11200.0,11912.339,11200.0,0.0,0.0,0.0,0.0,2.0,2.0,7300.0,7764.2924,7300.0,0.0,0.0,1.0636,1.0636
00020,24002165,3.002,EUR,2024-11-12T00:00:00,2024-11-28T00:00:00,8700.0,9253.3348,8700.0,0.0,0.0,0.0,0.0,2.0,2.0,6400.0,6807.0509,6400.0,0.0,0.0,1.0636,1.0636
00020,23001268,1.001,EUR,2023-06-08T00:00:00,2024-12-17T00:00:00,45902.4727,49745.5838,45902.4727,0.0,0.0,0.0,0.0,2.0,2.0,34726.55,37633.9748,34726.55,0.0,0.0,1.0837,1.0837
00020,23001646,3.0,EUR,2023-07-28T00:00:00,2023-10-26T00:00:00,1292.57,1428.684,1292.57,0.0,0.0,0.0,0.0,2.0,2.0,327.01,361.4458,327.01,0.0,0.0,1.1053,1.1053
00020,22002600,1.001,EUR,2022-12-21T00:00:00,2023-01-19T00:00:00,1344.0,1422.5681,1344.0,0.0,0.0,0.0,0.0,2.0,2.0,960.0,1016.1201,960.0,0.0,0.0,1.0585,1.0585
00020,23000991,1.001,EUR,2023-05-04T00:00:00,2023-05-11T00:00:00,1344.0,1462.7185,1344.0,0.0,0.0,0.0,0.0,2.0,2.0,1145.23,1246.3907,1145.23,0.0,0.0,1.0883,1.0883
00020,23001454,3.0,EUR,2023-07-03T00:00:00,2023-07-20T00:00:00,11000.0,12158.3539,11000.0,0.0,0.0,0.0,0.0,2.0,2.0,8133.6,8990.1079,8133.6,0.0,0.0,1.1053,1.1053
00020,22001663,1.001,EUR,2022-08-02T00:00:00,2023-05-23T00:00:00,33000.0,33403.095,33000.0,0.0,0.0,0.0,0.0,2.0,2.0,23128.4,23410.9134,23128.4,0.0,0.0,1.0122,1.0122
00020,23001227,2.0,EUR,2023-06-05T00:00:00,2023-07-31T00:00:00,12200.0,13221.4255,12200.0,0.0,0.0,0.0,0.0,2.0,2.0,9000.0,9753.5106,9000.0,0.0,0.0,1.0837,1.0837
00020,23001886,3.0,EUR,2023-09-07T00:00:00,2023-09-26T00:00:00,11000.0,11754.9069,11000.0,0.0,0.0,0.0,0.0,2.0,2.0,8133.6,8691.7919,8133.6,0.0,0.0,1.0686,1.0686
00020,23002319,2.0,EUR,2023-11-13T00:00:00,2023-11-28T00:00:00,16692.37,18042.7293,16692.37,0.0,0.0,0.0,0.0,2.0,2.0,8197.2,8860.3272,8197.2,0.0,0.0,1.0809,1.0809
00020,23000487,2.0,EUR,2023-03-02T00:00:00,2023-06-20T00:00:00,14533.07,15557.8098,14533.07,0.0,0.0,0.0,0.0,2.0,2.0,6375.7,6825.2563,6375.7,0.0,0.0,1.0705,1.0705
00020,22002346,5.001,EUR,2022-11-15T00:00:00,2023-01-06T00:00:00,1488.0,1518.4238,1488.0,0.0,0.0,0.0,0.0,2.0,2.0,1106.4,1129.0216,1106.4,0.0,0.0,1.0204,1.0204
00020,22002366,1.003,EUR,2022-11-16T00:00:00,2023-01-06T00:00:00,1488.0,1518.4238,1488.0,0.0,0.0,0.0,0.0,2.0,2.0,1106.4,1129.0216,1106.4,0.0,0.0,1.0204,1.0204
00020,23000883,3.0,EUR,2023-04-18T00:00:00,2023-04-27T00:00:00,12200.0,13392.4378,12200.0,0.0,0.0,0.0,0.0,2.0,2.0,9000.0,9879.6672,9000.0,0.0,0.0,1.0977,1.0977
00020,23000883,5.001,EUR,2023-04-18T00:00:00,2023-04-27T00:00:00,1344.0,1475.3636,1344.0,0.0,0.0,0.0,0.0,2.0,2.0,1145.23,1257.1657,1145.23,0.0,0.0,1.0977,1.0977
00020,22001422,2.0,EUR,2022-06-22T00:00:00,2023-07-31T00:00:00,43763.8059,46276.0365,43763.8059,0.0,0.0,0.0,0.0,2.0,2.0,38301.73,40500.414,38301.73,0.0,0.0,1.0574,1.0574
00020,23001264,1.001,EUR,2023-06-08T00:00:00,2023-12-08T00:00:00,44316.9028,48027.2646,44316.9028,0.0,0.0,0.0,0.0,2.0,2.0,38301.73,41508.4811,38301.73,0.0,0.0,1.0837,1.0837
00020,26001467,11.0,EUR,2026-08-06T00:00:00,1900-01-01T00:00:00,708.0,808.4635,708.0,0.0,0.0,0.0,0.0,1.0,1.0,448.8,512.4836,448.8,0.0,0.0,1.1419,1.1419
00020,26000286,1.001,EUR,2026-02-11T00:00:00,1900-01-01T00:00:00,17976.353,21261.7813,17976.353,0.0,0.0,0.0,0.0,1.0,1.0,15379.21,18189.9744,15379.21,0.0,0.0,1.1828,1.1828
00020,26000438,1.001,EUR,2026-03-05T00:00:00,1900-01-01T00:00:00,17976.353,20801.2038,17976.353,0.0,0.0,0.0,0.0,1.0,1.0,15379.21,17795.939,15379.21,0.0,0.0,1.1571,1.1571
00020,26001489,2.0,EUR,2026-08-11T00:00:00,1900-01-01T00:00:00,708.0,808.4635,708.0,0.0,0.0,0.0,0.0,1.0,1.0,448.8,512.4836,448.8,0.0,0.0,1.1419,1.1419
00020,20000170,1.001,EUR,2020-01-23T00:00:00,2020-02-19T00:00:00,10058.3575,11172.6757,10058.3575,0.0,0.0,0.0,0.0,1.0,1.0,8389.58,9319.0221,8389.58,0.0,0.0,1.1108,1.1108
00020,20000181,1.003,EUR,2020-01-23T00:00:00,2020-06-04T00:00:00,9728.1171,10805.8495,9728.1171,0.0,0.0,0.0,0.0,1.0,1.0,8389.58,9319.0221,8389.58,0.0,0.0,1.1108,1.1108
00020,22000185,1.001,EUR,2022-01-21T00:00:00,2022-06-07T00:00:00,21413.1332,24250.6924,21413.1332,0.0,0.0,0.0,0.0,1.0,1.0,12567.84,14233.2661,12567.84,0.0,0.0,1.1325,1.1325
00020,22000185,1.002,EUR,2022-01-21T00:00:00,2022-06-07T00:00:00,21413.1332,24250.6924,21413.1332,0.0,0.0,0.0,0.0,1.0,1.0,12567.84,14233.2661,12567.84,0.0,0.0,1.1325,1.1325
00020,20001652,10.0,EUR,2020-08-07T00:00:00,2020-09-15T00:00:00,143.46,169.6419,143.46,0.0,0.0,0.0,0.0,1.0,1.0,77.92,92.1406,77.92,0.0,0.0,1.1825,1.1825
00020,21000155,2.0,EUR,2021-01-21T00:00:00,2021-03-02T00:00:00,145.26,176.7789,145.26,0.0,0.0,0.0,0.0,1.0,1.0,74.2,90.3001,74.2,0.0,0.0,1.217,1.217
00020,21000448,2.0,EUR,2021-02-24T00:00:00,2021-04-02T00:00:00,3980.0,4814.1885,3980.0,0.0,0.0,0.0,0.0,1.0,1.0,3337.8,4037.3865,3337.8,0.0,0.0,1.2096,1.2096
00020,21000818,2.0,EUR,2021-03-31T00:00:00,2021-05-21T00:00:00,0.0,0.0,0.0,0.0,0.0,0.0,0.0,1.0,1.0,79.44,94.6168,79.44,0.0,0.0,1.191,1.191
00020,21002772,4.0,EUR,2021-11-12T00:00:00,2022-01-10T00:00:00,8450.0,9642.2198,8450.0,0.0,0.0,0.0,0.0,1.0,1.0,4770.0,5443.0045,4770.0,0.0,0.0,1.1411,1.1411
00020,20002511,2.001,EUR,2020-12-02T00:00:00,2021-01-19T00:00:00,5950.0,7236.938,5950.0,0.0,0.0,0.0,0.0,1.0,1.0,3953.0,4808.0027,3953.0,0.0,0.0,1.2163,1.2163
00020,20002722,2.001,EUR,2020-12-30T00:00:00,2021-02-15T00:00:00,5950.0,7236.938,5950.0,0.0,0.0,0.0,0.0,1.0,1.0,3280.0,3989.4381,3280.0,0.0,0.0,1.2163,1.2163
00020,21001326,2.0,EUR,2021-05-27T00:00:00,2021-06-30T00:00:00,7400.0,8983.2152,7400.0,0.0,0.0,0.0,0.0,1.0,1.0,4330.0,5256.3948,4330.0,0.0,0.0,1.2139,1.2139
00020,21001326,2.001,EUR,2021-05-27T00:00:00,2021-06-30T00:00:00,7400.0,8983.2152,7400.0,0.0,0.0,0.0,0.0,1.0,1.0,4330.0,5256.3948,4330.0,0.0,0.0,1.2139,1.2139
00020,21001853,1.001,EUR,2021-07-20T00:00:00,2021-07-28T00:00:00,6990.0,8266.9933,6990.0,0.0,0.0,0.0,0.0,1.0,1.0,4330.0,5121.0416,4330.0,0.0,0.0,1.1827,1.1827
00020,21001862,2.002,EUR,2021-07-21T00:00:00,2021-08-19T00:00:00,6990.0,8266.9933,6990.0,0.0,0.0,0.0,0.0,1.0,1.0,4330.0,5121.0416,4330.0,0.0,0.0,1.1827,1.1827
00020,21002029,1.001,EUR,2021-08-12T00:00:00,2021-10-14T00:00:00,8040.0,9464.1927,8040.0,0.0,0.0,0.0,0.0,1.0,1.0,5479.0,6449.5413,5479.0,0.0,0.0,1.1771,1.1771
00020,19002622,2.0,EUR,2019-12-13T00:00:00,2020-01-10T00:00:00,4170.0,4634.7882,4170.0,0.0,0.0,0.0,0.0,1.0,1.0,3110.0,3456.6406,3110.0,0.0,0.0,1.1115,1.1115
00020,20000714,2.0,EUR,2020-03-23T00:00:00,2020-03-27T00:00:00,2856.21,3161.7582,2856.21,0.0,0.0,0.0,0.0,1.0,1.0,1765.74,1954.6332,1765.74,0.0,0.0,1.107,1.107
00020,20000946,2.0,EUR,2020-04-20T00:00:00,2020-05-08T00:00:00,1390.0,1510.9679,1390.0,0.0,0.0,0.0,0.0,1.0,1.0,902.56,981.1074,902.56,0.0,0.0,1.087,1.087
00020,20001497,2.0,EUR,2020-07-15T00:00:00,2020-09-28T00:00:00,0.0,0.0,0.0,0.0,0.0,0.0,0.0,1.0,1.0,1249.38,1429.1618,1249.38,0.0,0.0,1.1439,1.1439
00020,20001565,2.0,EUR,2020-07-24T00:00:00,2020-08-10T00:00:00,3350.0,3832.0543,3350.0,0.0,0.0,0.0,0.0,1.0,1.0,2390.0,2733.9134,2390.0,0.0,0.0,1.1439,1.1439
00020,20001781,2.0,EUR,2020-08-28T00:00:00,2020-09-15T00:00:00,148.86,176.0274,148.86,0.0,0.0,0.0,0.0,1.0,1.0,86.8,102.6413,86.8,0.0,0.0,1.1825,1.1825
00020,20002140,2.0,EUR,2020-10-15T00:00:00,2020-11-13T00:00:00,146.34,172.2231,146.34,0.0,0.0,0.0,0.0,1.0,1.0,79.09,93.0786,79.09,0.0,0.0,1.1769,1.1769
00020,20002581,2.0,EUR,2020-12-09T00:00:00,2021-01-08T00:00:00,159.66,194.1932,159.66,0.0,0.0,0.0,0.0,1.0,1.0,86.08,104.6984,86.08,0.0,0.0,1.2163,1.2163
00020,21000142,2.0,EUR,2021-01-19T00:00:00,2021-03-11T00:00:00,3150.0,3833.4955,3150.0,0.0,0.0,0.0,0.0,1.0,1.0,2680.0,3261.5136,2680.0,0.0,0.0,1.217,1.217
00020,21000202,2.0,EUR,2021-01-26T00:00:00,2021-02-26T00:00:00,394.8,480.4648,394.8,0.0,0.0,0.0,0.0,1.0,1.0,343.68,418.2526,343.68,0.0,0.0,1.217,1.217
00020,21000314,2.0,EUR,2021-02-09T00:00:00,2021-02-26T00:00:00,457.2,553.0269,457.2,0.0,0.0,0.0,0.0,1.0,1.0,388.8,470.2906,388.8,0.0,0.0,1.2096,1.2096
00020,21003083,2.0,EUR,2021-12-21T00:00:00,2022-02-23T00:00:00,5000.0,5652.1335,5000.0,0.0,0.0,0.0,0.0,1.0,1.0,3150.0,3560.8441,3150.0,0.0,0.0,1.1304,1.1304
00020,22002250,2.0,EUR,2022-10-31T00:00:00,2022-11-11T00:00:00,5500.0,5407.4488,5500.0,0.0,0.0,0.0,0.0,1.0,1.0,3910.0,3844.2045,3910.0,0.0,0.0,0.9832,0.9832
00020,20001012,2.0,EUR,2020-04-30T00:00:00,2020-06-08T00:00:00,511.2,555.6884,511.2,0.0,0.0,0.0,0.0,1.0,1.0,388.8,422.6362,388.8,0.0,0.0,1.087,1.087
00020,20001194,2.0,EUR,2020-06-02T00:00:00,2020-08-06T00:00:00,4170.0,4691.28,4170.0,0.0,0.0,0.0,0.0,1.0,1.0,3150.0,3543.7727,3150.0,0.0,0.0,1.125,1.125
00020,20001391,2.0,EUR,2020-06-30T00:00:00,2020-07-16T00:00:00,511.2,575.1037,511.2,0.0,0.0,0.0,0.0,1.0,1.0,388.8,437.4028,388.8,0.0,0.0,1.125,1.125
00020,20002321,2.0,EUR,2020-11-06T00:00:00,2020-11-23T00:00:00,4170.0,4936.0694,4170.0,0.0,0.0,0.0,0.0,1.0,1.0,3150.0,3728.6856,3150.0,0.0,0.0,1.1837,1.1837
00020,21000348,2.0,EUR,2021-02-11T00:00:00,2021-02-17T00:00:00,412.8,499.3209,412.8,0.0,0.0,0.0,0.0,1.0,1.0,343.68,415.7136,343.68,0.0,0.0,1.2096,1.2096
00020,21001396,2.0,EUR,2021-06-03T00:00:00,2021-09-03T00:00:00,3720.0,4481.3776,3720.0,0.0,0.0,0.0,0.0,1.0,1.0,2700.0,3252.6128,2700.0,0.0,0.0,1.2047,1.2047
00020,21001820,2.0,EUR,2021-07-16T00:00:00,2021-11-24T00:00:00,543.6,642.9095,543.6,0.0,0.0,0.0,0.0,1.0,1.0,379.2,448.4755,379.2,0.0,0.0,1.1827,1.1827
00020,22000925,2.0,EUR,2022-04-20T00:00:00,2022-06-10T00:00:00,6100.0,6606.713,6100.0,0.0,0.0,0.0,0.0,1.0,1.0,4520.0,4895.466,4520.0,0.0,0.0,1.0831,1.0831
00020,22002162,2.0,EUR,2022-10-18T00:00:00,2022-11-10T00:00:00,5500.0,5407.4488,5500.0,0.0,0.0,0.0,0.0,1.0,1.0,3910.0,3844.2045,3910.0,0.0,0.0,0.9832,0.9832
00020,20001749,1.001,EUR,2020-08-24T00:00:00,2020-09-21T00:00:00,5950.0,7035.8928,5950.0,0.0,0.0,0.0,0.0,1.0,1.0,3953.0,4674.4344,3953.0,0.0,0.0,1.1825,1.1825
00020,19002563,1.002,EUR,2019-12-06T00:00:00,2020-01-15T00:00:00,3810.0,4234.6626,3810.0,0.0,0.0,0.0,0.0,1.0,1.0,3110.0,3456.6406,3110.0,0.0,0.0,1.1115,1.1115
00020,20000476,4.0,EUR,2020-02-27T00:00:00,2020-04-02T00:00:00,511.2,558.1577,511.2,0.0,0.0,0.0,0.0,1.0,1.0,373.2,407.4813,373.2,0.0,0.0,1.0919,1.0919
00020,20001652,5.0,EUR,2020-08-07T00:00:00,2020-09-15T00:00:00,159.66,188.7984,159.66,0.0,0.0,0.0,0.0,1.0,1.0,86.56,102.3575,86.56,0.0,0.0,1.1825,1.1825
00020,20001652,7.0,EUR,2020-08-07T00:00:00,2020-09-15T00:00:00,140.04,165.5977,140.04,0.0,0.0,0.0,0.0,1.0,1.0,78.95,93.3586,78.95,0.0,0.0,1.1825,1.1825
00020,21000202,4.0,EUR,2021-01-26T00:00:00,2021-02-26T00:00:00,4020.0,4892.2705,4020.0,0.0,0.0,0.0,0.0,1.0,1.0,3150.0,3833.4955,3150.0,0.0,0.0,1.217,1.217
00020,21000767,8.0,EUR,2021-03-26T00:00:00,2021-06-04T00:00:00,531.6,633.1611,531.6,0.0,0.0,0.0,0.0,1.0,1.0,388.8,463.0794,388.8,0.0,0.0,1.191,1.191
00020,21000767,8.001,EUR,2021-03-26T00:00:00,2021-06-04T00:00:00,531.6,633.1611,531.6,0.0,0.0,0.0,0.0,1.0,1.0,388.8,463.0794,388.8,0.0,0.0,1.191,1.191
00020,21001024,1.003,EUR,2021-04-21T00:00:00,2021-05-31T00:00:00,477.6,570.7845,477.6,0.0,0.0,0.0,0.0,1.0,1.0,388.8,464.6587,388.8,0.0,0.0,1.1951,1.1951
00020,22000384,8.0,EUR,2022-02-11T00:00:00,2022-04-07T00:00:00,708.0,802.942,708.0,0.0,0.0,0.0,0.0,1.0,1.0,553.2,627.3835,553.2,0.0,0.0,1.1341,1.1341
00020,22000385,4.0,EUR,2022-02-11T00:00:00,2022-05-10T00:00:00,5000.0,5670.494,5000.0,0.0,0.0,0.0,0.0,1.0,1.0,3910.0,4434.3263,3910.0,0.0,0.0,1.1341,1.1341
00020,22001457,9.0,EUR,2022-06-29T00:00:00,2022-07-29T00:00:00,298.29,315.4131,298.29,0.0,0.0,0.0,0.0,1.0,1.0,297.83,314.9267,297.83,0.0,0.0,1.0574,1.0574
00020,19002384,1.001,EUR,2019-11-15T00:00:00,2020-01-08T00:00:00,3730.0,4121.277,3730.0,0.0,0.0,0.0,0.0,1.0,1.0,2590.0,2861.691,2590.0,0.0,0.0,1.1049,1.1049
00020,19002563,1.001,EUR,2019-12-06T00:00:00,2020-01-15T00:00:00,3810.0,4234.6626,3810.0,0.0,0.0,0.0,0.0,1.0,1.0,3110.0,3456.6406,3110.0,0.0,0.0,1.1115,1.1115
00020,20001690,1.001,EUR,2020-08-14T00:00:00,2020-08-24T00:00:00,511.2,604.4955,511.2,0.0,0.0,0.0,0.0,1.0,1.0,388.8,459.7572,388.8,0.0,0.0,1.1825,1.1825
00020,20002597,1.001,EUR,2020-12-10T00:00:00,2021-01-08T00:00:00,7260.0,8830.2806,7260.0,0.0,0.0,0.0,0.0,1.0,1.0,3940.0,4792.1909,3940.0,0.0,0.0,1.2163,1.2163
00020,21000792,1.001,EUR,2021-03-29T00:00:00,2021-04-16T00:00:00,477.6,568.8445,477.6,0.0,0.0,0.0,0.0,1.0,1.0,388.8,463.0794,388.8,0.0,0.0,1.191,1.191
00020,21000942,1.001,EUR,2021-04-12T00:00:00,2021-05-20T00:00:00,3980.0,4756.5374,3980.0,0.0,0.0,0.0,0.0,1.0,1.0,3150.0,3764.5962,3150.0,0.0,0.0,1.1951,1.1951
00020,21001198,1.001,EUR,2021-05-12T00:00:00,2021-06-10T00:00:00,477.6,579.7816,477.6,0.0,0.0,0.0,0.0,1.0,1.0,388.8,471.983,388.8,0.0,0.0,1.2139,1.2139
00020,22001551,1.001,EUR,2022-07-14T00:00:00,2022-08-22T00:00:00,726.0,740.7656,726.0,0.0,0.0,0.0,0.0,1.0,1.0,553.2,564.4511,553.2,0.0,0.0,1.0203,1.0203
00020,22001865,1.001,EUR,2022-09-05T00:00:00,2022-09-19T00:00:00,6050.0,6000.5866,6050.0,0.0,0.0,0.0,0.0,1.0,1.0,4520.0,4483.0829,4520.0,0.0,0.0,0.9918,0.9918
00020,20000576,5.0,EUR,2020-03-10T00:00:00,2020-04-02T00:00:00,4170.0,4616.0933,4170.0,0.0,0.0,0.0,0.0,1.0,1.0,3110.0,3442.6978,3110.0,0.0,0.0,1.107,1.107
00020,20001070,1.001,EUR,2020-05-11T00:00:00,2020-05-22T00:00:00,3980.0,4346.1636,3980.0,0.0,0.0,0.0,0.0,1.0,1.0,3517.0,3840.5672,3517.0,0.0,0.0,1.092,1.092
00020,22001614,9.0,EUR,2022-07-22T00:00:00,2022-09-27T00:00:00,5500.0,5611.8606,5500.0,0.0,0.0,0.0,0.0,1.0,1.0,3910.0,3989.5228,3910.0,0.0,0.0,1.0203,1.0203
00020,20000421,1.001,EUR,2020-02-20T00:00:00,2020-03-18T00:00:00,3350.0,3657.7236,3350.0,0.0,0.0,0.0,0.0,1.0,1.0,2320.0,2533.1101,2320.0,0.0,0.0,1.0919,1.0919
00020,20002265,1.001,EUR,2020-11-02T00:00:00,2020-12-04T00:00:00,3980.0,4711.1646,3980.0,0.0,0.0,0.0,0.0,1.0,1.0,3525.1,4172.6951,3525.1,0.0,0.0,1.1837,1.1837
00020,21000274,1.001,EUR,2021-02-02T00:00:00,2021-02-08T00:00:00,3350.0,4052.1436,3350.0,0.0,0.0,0.0,0.0,1.0,1.0,2390.0,2890.9323,2390.0,0.0,0.0,1.2096,1.2096
00020,21000686,4.0,EUR,2021-03-19T00:00:00,2021-04-19T00:00:00,3360.0,4001.9209,3360.0,0.0,0.0,0.0,0.0,1.0,1.0,2390.0,2846.6045,2390.0,0.0,0.0,1.191,1.191
00020,21001249,1.001,EUR,2021-05-18T00:00:00,2021-05-31T00:00:00,3520.0,4273.097,3520.0,0.0,0.0,0.0,0.0,1.0,1.0,2390.0,2901.3357,2390.0,0.0,0.0,1.2139,1.2139
00020,21001320,1.001,EUR,2021-05-26T00:00:00,2021-06-11T00:00:00,4340.0,5268.5343,4340.0,0.0,0.0,0.0,0.0,1.0,1.0,3150.0,3823.9362,3150.0,0.0,0.0,1.2139,1.2139
00020,22000130,1.002,EUR,2022-01-18T00:00:00,2022-02-17T00:00:00,5000.0,5662.5745,5000.0,0.0,0.0,0.0,0.0,1.0,1.0,3150.0,3567.4219,3150.0,0.0,0.0,1.1325,1.1325
00020,22001929,1.001,EUR,2022-09-14T00:00:00,2022-09-23T00:00:00,5500.0,5455.0788,5500.0,0.0,0.0,0.0,0.0,1.0,1.0,3910.0,3878.0651,3910.0,0.0,0.0,0.9918,0.9918
00020,22002250,7.001,EUR,2022-10-31T00:00:00,2022-11-11T00:00:00,672.0,660.6919,672.0,0.0,0.0,0.0,0.0,1.0,1.0,480.0,471.9228,480.0,0.0,0.0,0.9832,0.9832
00020,22002306,1.001,EUR,2022-11-08T00:00:00,2022-11-17T00:00:00,672.0,685.7398,672.0,0.0,0.0,0.0,0.0,1.0,1.0,480.0,489.8141,480.0,0.0,0.0,1.0204,1.0204
00020,20000484,3.0,EUR,2020-02-28T00:00:00,2020-04-06T00:00:00,3350.0,3657.7236,3350.0,0.0,0.0,0.0,0.0,1.0,1.0,2320.0,2533.1101,2320.0,0.0,0.0,1.0919,1.0919
00020,20001111,3.0,EUR,2020-05-19T00:00:00,2020-06-04T00:00:00,4170.0,4553.6438,4170.0,0.0,0.0,0.0,0.0,1.0,1.0,3110.0,3396.1228,3110.0,0.0,0.0,1.092,1.092
00020,20001332,3.0,EUR,2020-06-22T00:00:00,2020-07-03T00:00:00,4020.0,4522.5289,4020.0,0.0,0.0,0.0,0.0,1.0,1.0,3110.0,3498.7724,3110.0,0.0,0.0,1.125,1.125
00020,20001652,3.0,EUR,2020-08-07T00:00:00,2020-09-15T00:00:00,265.26,313.6707,265.26,0.0,0.0,0.0,0.0,1.0,1.0,144.98,171.4393,144.98,0.0,0.0,1.1825,1.1825
00020,22000852,3.0,EUR,2022-04-11T00:00:00,2022-05-06T00:00:00,5500.0,5956.8724,5500.0,0.0,0.0,0.0,0.0,1.0,1.0,4520.0,4895.466,4520.0,0.0,0.0,1.0831,1.0831
00020,21001757,2.0,EUR,2021-07-07T00:00:00,2021-08-26T00:00:00,10526.63,12449.7253,10526.63,0.0,0.0,0.0,0.0,1.0,1.0,3298.89,3901.5596,3298.89,0.0,0.0,1.1827,1.1827
00020,24002262,2.0,EUR,2024-11-26T00:00:00,2025-01-08T00:00:00,684.0,727.5036,684.0,0.0,0.0,0.0,0.0,1.0,1.0,448.8,477.3444,448.8,0.0,0.0,1.0636,1.0636
00020,24002441,2.0,EUR,2024-12-23T00:00:00,2025-01-24T00:00:00,5600.0,5868.1958,5600.0,0.0,0.0,0.0,0.0,1.0,1.0,3650.0,3824.8062,3650.0,0.0,0.0,1.0479,1.0479
00020,25001334,2.0,EUR,2025-07-09T00:00:00,2025-08-20T00:00:00,4350.0,5088.6609,4350.0,0.0,0.0,0.0,0.0,1.0,1.0,3200.0,3743.3827,3200.0,0.0,0.0,1.1698,1.1698
00020,25001334,2.001,EUR,2025-07-09T00:00:00,2025-08-20T00:00:00,4350.0,5088.6609,4350.0,0.0,0.0,0.0,0.0,1.0,1.0,3200.0,3743.3827,3200.0,0.0,0.0,1.1698,1.1698
00020,25000134,2.0,EUR,2025-01-23T00:00:00,2025-03-19T00:00:00,646.28,668.7585,646.28,0.0,0.0,0.0,0.0,1.0,1.0,567.38,587.1143,567.38,0.0,0.0,1.0348,1.0348
00020,25001545,8.0,EUR,2025-08-07T00:00:00,2025-08-28T00:00:00,5600.0,6522.2304,5600.0,0.0,0.0,0.0,0.0,1.0,1.0,3650.0,4251.0966,3650.0,0.0,0.0,1.1647,1.1647
00020,25001090,2.0,EUR,2025-06-05T00:00:00,2025-06-26T00:00:00,5600.0,6449.903,5600.0,0.0,0.0,0.0,0.0,1.0,1.0,3650.0,4203.9547,3650.0,0.0,0.0,1.1518,1.1518
00020,25000500,4.0,EUR,2025-03-12T00:00:00,2025-03-31T00:00:00,684.0,737.9391,684.0,0.0,0.0,0.0,0.0,1.0,1.0,448.8,484.1916,448.8,0.0,0.0,1.0789,1.0789
00020,25000555,2.0,EUR,2025-03-19T00:00:00,2025-06-17T00:00:00,6910.0,7454.9115,6910.0,0.0,0.0,0.0,0.0,1.0,1.0,4087.0,4409.2943,4087.0,0.0,0.0,1.0789,1.0789
00020,25001439,1.001,EUR,2025-07-23T00:00:00,2025-10-21T00:00:00,32805.65,38376.2823,32805.65,0.0,0.0,0.0,0.0,1.0,1.0,16026.16,18747.5158,16026.16,0.0,0.0,1.1698,1.1698
00020,24001123,1.001,EUR,2024-05-30T00:00:00,2025-05-23T00:00:00,18618.7995,20121.3813,18618.7995,0.0,0.0,0.0,0.0,1.0,1.0,17772.74,19207.0428,17772.74,0.0,0.0,1.0807,1.0807
00020,25002447,2.001,EUR,2025-12-19T00:00:00,2026-01-28T00:00:00,4350.0,5094.7178,4350.0,0.0,0.0,0.0,0.0,1.0,1.0,3200.0,3747.8384,3200.0,0.0,0.0,1.1712,1.1712
00020,26000161,1.001,EUR,2026-01-26T00:00:00,2026-02-24T00:00:00,5600.0,6569.3247,5600.0,0.0,0.0,0.0,0.0,1.0,1.0,3650.0,4281.792,3650.0,0.0,0.0,1.1731,1.1731
00020,26000161,1.002,EUR,2026-01-26T00:00:00,2026-02-24T00:00:00,5600.0,6569.3247,5600.0,0.0,0.0,0.0,0.0,1.0,1.0,3650.0,4281.792,3650.0,0.0,0.0,1.1731,1.1731
00020,26000580,2.0,EUR,2026-03-23T00:00:00,2026-04-20T00:00:00,646.28,747.8381,646.28,0.0,0.0,0.0,0.0,1.0,1.0,300.49,347.7098,300.49,0.0,0.0,1.1571,1.1571
00020,26000599,3.0,EUR,2026-03-25T00:00:00,2026-04-23T00:00:00,5600.0,6479.9986,5600.0,0.0,0.0,0.0,0.0,1.0,1.0,3650.0,4223.5705,3650.0,0.0,0.0,1.1571,1.1571
00020,26001158,1.001,EUR,2026-06-18T00:00:00,2026-06-30T00:00:00,4550.0,5236.8657,4550.0,0.0,0.0,0.0,0.0,1.0,1.0,3200.0,3683.0704,3200.0,0.0,0.0,1.151,1.151
00020,25002244,1.001,EUR,2025-11-19T00:00:00,2026-06-19T00:00:00,17935.8815,20741.8157,17935.8815,0.0,0.0,0.0,0.0,1.0,1.0,15379.21,17785.1721,15379.21,0.0,0.0,1.1564,1.1564
00020,26001053,1.001,EUR,2026-06-02T00:00:00,2026-07-31T00:00:00,5800.0,6675.5651,5800.0,0.0,0.0,0.0,0.0,1.0,1.0,4020.0,4626.8572,4020.0,0.0,0.0,1.151,1.151
00020,26001299,2.0,EUR,2026-07-09T00:00:00,2026-08-13T00:00:00,238.5,272.3426,238.5,0.0,0.0,0.0,0.0,1.0,1.0,88.71,101.2977,88.71,0.0,0.0,1.1419,1.1419
00020,23002617,2.001,EUR,2023-12-29T00:00:00,2024-02-29T00:00:00,10650.0,11626.3356,10650.0,0.0,0.0,0.0,0.0,1.0,1.0,5842.0,6377.5636,5842.0,0.0,0.0,1.0917,1.0917
00020,24000780,3.0,EUR,2024-04-11T00:00:00,2024-09-17T00:00:00,262.9,281.9844,262.9,0.0,0.0,0.0,0.0,1.0,1.0,137.85,147.8568,137.85,0.0,0.0,1.0726,1.0726
00020,24000979,5.0,EUR,2024-05-10T00:00:00,2024-08-28T00:00:00,223.89,241.9585,223.89,0.0,0.0,0.0,0.0,1.0,1.0,154.91,167.4116,154.91,0.0,0.0,1.0807,1.0807
00020,24001410,6.0,EUR,2024-07-11T00:00:00,2024-09-03T00:00:00,5907.68,6410.4714,5907.68,0.0,0.0,0.0,0.0,1.0,1.0,3779.05,4100.6778,3779.05,0.0,0.0,1.0851,1.0851
00020,24000067,3.001,EUR,2024-01-11T00:00:00,2024-04-19T00:00:00,11650.0,12718.3085,11650.0,0.0,0.0,0.0,0.0,1.0,1.0,5600.0,6113.5217,5600.0,0.0,0.0,1.0917,1.0917
00020,24000115,2.0,EUR,2024-01-17T00:00:00,2024-06-05T00:00:00,684.0,746.723,684.0,0.0,0.0,0.0,0.0,1.0,1.0,448.8,489.9551,448.8,0.0,0.0,1.0917,1.0917
00020,24000376,8.0,EUR,2024-02-19T00:00:00,2024-04-08T00:00:00,684.0,738.3293,684.0,0.0,0.0,0.0,0.0,1.0,1.0,490.8,529.7837,490.8,0.0,0.0,1.0794,1.0794
00020,24000640,1.001,EUR,2024-03-21T00:00:00,2024-05-29T00:00:00,3500.0,3804.6404,3500.0,0.0,0.0,0.0,0.0,1.0,1.0,4066.8,4420.7747,4066.8,0.0,0.0,1.087,1.087
00020,24000640,1.002,EUR,2024-03-21T00:00:00,2024-05-29T00:00:00,3500.0,3804.6404,3500.0,0.0,0.0,0.0,0.0,1.0,1.0,4066.8,4420.7747,4066.8,0.0,0.0,1.087,1.087
00020,24000981,1.001,EUR,2024-05-10T00:00:00,2024-05-22T00:00:00,3500.0,3782.4584,3500.0,0.0,0.0,0.0,0.0,1.0,1.0,4066.8,4395.0005,4066.8,0.0,0.0,1.0807,1.0807
00020,24001019,7.0,EUR,2024-05-16T00:00:00,2024-06-14T00:00:00,684.0,739.2004,684.0,0.0,0.0,0.0,0.0,1.0,1.0,448.8,485.0192,448.8,0.0,0.0,1.0807,1.0807
00020,24001072,2.0,EUR,2024-05-23T00:00:00,2024-06-14T00:00:00,5600.0,6051.9334,5600.0,0.0,0.0,0.0,0.0,1.0,1.0,3650.0,3944.5638,3650.0,0.0,0.0,1.0807,1.0807
00020,24001174,3.0,EUR,2024-06-06T00:00:00,2024-06-25T00:00:00,5600.0,6028.6055,5600.0,0.0,0.0,0.0,0.0,1.0,1.0,3650.0,3929.359,3650.0,0.0,0.0,1.0765,1.0765
00020,24001367,1.001,EUR,2024-07-04T00:00:00,2024-08-02T00:00:00,9310.0,10102.3564,9310.0,0.0,0.0,0.0,0.0,1.0,1.0,5128.0,5564.4343,5128.0,0.0,0.0,1.0851,1.0851
00020,24001409,7.0,EUR,2024-07-11T00:00:00,2024-08-06T00:00:00,684.0,742.2139,684.0,0.0,0.0,0.0,0.0,1.0,1.0,448.8,486.9965,448.8,0.0,0.0,1.0851,1.0851
00020,24001433,6.0,EUR,2024-07-16T00:00:00,2024-08-05T00:00:00,5600.0,6076.6054,5600.0,0.0,0.0,0.0,0.0,1.0,1.0,3650.0,3960.6446,3650.0,0.0,0.0,1.0851,1.0851
00020,24001718,2.0,EUR,2024-09-04T00:00:00,2024-09-24T00:00:00,5600.0,6220.1334,5600.0,0.0,0.0,0.0,0.0,1.0,1.0,3650.0,4054.1941,3650.0,0.0,0.0,1.1107,1.1107
00020,24002165,3.001,EUR,2024-11-12T00:00:00,2024-11-28T00:00:00,4350.0,4626.6674,4350.0,0.0,0.0,0.0,0.0,1.0,1.0,3200.0,3403.5254,3200.0,0.0,0.0,1.0636,1.0636
00020,24002302,1.001,EUR,2024-12-02T00:00:00,2024-12-12T00:00:00,4350.0,4558.3306,4350.0,0.0,0.0,0.0,0.0,1.0,1.0,3200.0,3353.2547,3200.0,0.0,0.0,1.0479,1.0479
00020,23001265,1.001,EUR,2023-06-08T00:00:00,2024-02-06T00:00:00,22325.2165,24194.3596,22325.2165,0.0,0.0,0.0,0.0,1.0,1.0,18886.05,20467.2543,18886.05,0.0,0.0,1.0837,1.0837
00020,22002437,1.001,EUR,2022-11-28T00:00:00,2023-01-12T00:00:00,672.0,685.7398,672.0,0.0,0.0,0.0,0.0,1.0,1.0,480.0,489.8141,480.0,0.0,0.0,1.0204,1.0204
00020,22002604,1.001,EUR,2022-12-21T00:00:00,2023-01-18T00:00:00,744.0,787.493,744.0,0.0,0.0,0.0,0.0,1.0,1.0,553.2,585.5392,553.2,0.0,0.0,1.0585,1.0585
00020,23000579,3.0,EUR,2023-03-13T00:00:00,2023-03-31T00:00:00,5500.0,5887.81,5500.0,0.0,0.0,0.0,0.0,1.0,1.0,4066.8,4353.5537,4066.8,0.0,0.0,1.0705,1.0705
00020,23000587,2.0,EUR,2023-03-14T00:00:00,2023-03-23T00:00:00,672.0,719.3833,672.0,0.0,0.0,0.0,0.0,1.0,1.0,526.31,563.4206,526.31,0.0,0.0,1.0705,1.0705
00020,23001692,2.0,EUR,2023-08-04T00:00:00,2023-08-11T00:00:00,6100.0,6657.6724,6100.0,0.0,0.0,0.0,0.0,1.0,1.0,4500.0,4911.3976,4500.0,0.0,0.0,1.0914,1.0914
00020,23002027,3.0,EUR,2023-09-26T00:00:00,2023-10-11T00:00:00,6100.0,6518.6302,6100.0,0.0,0.0,0.0,0.0,1.0,1.0,4500.0,4808.8256,4500.0,0.0,0.0,1.0686,1.0686
00020,22001662,1.001,EUR,2022-08-02T00:00:00,2023-03-23T00:00:00,21000.0,21256.515,21000.0,0.0,0.0,0.0,0.0,1.0,1.0,11539.6,11680.5562,11539.6,0.0,0.0,1.0122,1.0122
00020,22001664,1.001,EUR,2022-08-02T00:00:00,2023-06-15T00:00:00,16500.0,16701.5475,16500.0,0.0,0.0,0.0,0.0,1.0,1.0,11564.2,11705.4567,11564.2,0.0,0.0,1.0122,1.0122
00020,23001737,5.0,EUR,2023-08-10T00:00:00,2023-09-12T00:00:00,6100.0,6657.6724,6100.0,0.0,0.0,0.0,0.0,1.0,1.0,4500.0,4911.3976,4500.0,0.0,0.0,1.0914,1.0914
00020,23002127,1.001,EUR,2023-10-16T00:00:00,2023-11-14T00:00:00,672.0,710.0341,672.0,0.0,0.0,0.0,0.0,1.0,1.0,572.62,605.0294,572.62,0.0,0.0,1.0566,1.0566
00020,23001179,2.0,EUR,2023-05-30T00:00:00,2023-06-13T00:00:00,2086.55,2270.8596,2086.55,0.0,0.0,0.0,0.0,1.0,1.0,3507.73,3817.5755,3507.73,0.0,0.0,1.0883,1.0883
00020,23001819,2.0,EUR,2023-08-28T00:00:00,2023-09-15T00:00:00,8346.19,9109.2129,8346.19,0.0,0.0,0.0,0.0,1.0,1.0,4098.6,4473.301,4098.6,0.0,0.0,1.0914,1.0914
00020,22002366,1.002,EUR,2022-11-16T00:00:00,2023-01-06T00:00:00,744.0,759.2119,744.0,0.0,0.0,0.0,0.0,1.0,1.0,553.2,564.5108,553.2,0.0,0.0,1.0204,1.0204
00020,22002516,6.0,EUR,2022-12-12T00:00:00,2023-03-02T00:00:00,5500.0,5821.5212,5500.0,0.0,0.0,0.0,0.0,1.0,1.0,3910.0,4138.5723,3910.0,0.0,0.0,1.0585,1.0585
00020,22002545,1.001,EUR,2022-12-14T00:00:00,2023-01-12T00:00:00,6050.0,6403.6733,6050.0,0.0,0.0,0.0,0.0,1.0,1.0,4520.0,4784.232,4520.0,0.0,0.0,1.0585,1.0585
00020,23000034,1.001,EUR,2023-01-09T00:00:00,2023-01-30T00:00:00,5950.0,6414.7242,5950.0,0.0,0.0,0.0,0.0,1.0,1.0,4520.0,4873.0341,4520.0,0.0,0.0,1.0781,1.0781
00020,23000458,1.001,EUR,2023-02-27T00:00:00,2023-03-02T00:00:00,744.0,796.9029,744.0,0.0,0.0,0.0,0.0,1.0,1.0,553.2,592.5359,553.2,0.0,0.0,1.0711,1.0711
00020,23001187,1.001,EUR,2023-05-30T00:00:00,2023-06-12T00:00:00,672.0,731.3592,672.0,0.0,0.0,0.0,0.0,1.0,1.0,572.62,623.2008,572.62,0.0,0.0,1.0883,1.0883
00020,23001200,3.0,EUR,2023-06-01T00:00:00,2023-06-16T00:00:00,744.0,806.2902,744.0,0.0,0.0,0.0,0.0,1.0,1.0,553.2,599.5158,553.2,0.0,0.0,1.0837,1.0837
00020,23001601,7.0,EUR,2023-07-21T00:00:00,2023-10-05T00:00:00,744.0,822.3468,744.0,0.0,0.0,0.0,0.0,1.0,1.0,553.2,611.4547,553.2,0.0,0.0,1.1053,1.1053
00020,23001871,5.0,EUR,2023-09-05T00:00:00,2023-09-26T00:00:00,744.0,795.0592,744.0,0.0,0.0,0.0,0.0,1.0,1.0,553.2,591.165,553.2,0.0,0.0,1.0686,1.0686
00020,23002133,10.0,EUR,2023-10-16T00:00:00,2023-11-07T00:00:00,744.0,786.1092,744.0,0.0,0.0,0.0,0.0,1.0,1.0,553.2,584.5102,553.2,0.0,0.0,1.0566,1.0566
00020,21002236,2.0,EUR,2021-09-10T00:00:00,2023-02-28T00:00:00,22874.5157,26941.8905,22874.5157,0.0,0.0,0.0,0.0,1.0,1.0,17324.69,20405.2364,17324.69,0.0,0.0,1.1778,1.1778
00020,22000186,1.001,EUR,2022-01-21T00:00:00,2023-01-27T00:00:00,21114.6841,23912.6943,21114.6841,0.0,0.0,0.0,0.0,1.0,1.0,17324.69,19620.4696,17324.69,0.0,0.0,1.1325,1.1325
00020,22001421,2.0,EUR,2022-06-22T00:00:00,2023-04-28T00:00:00,21814.0804,23066.3024,21814.0804,0.0,0.0,0.0,0.0,1.0,1.0,19150.87,20250.2123,19150.87,0.0,0.0,1.0574,1.0574
00020,22001422,2.002,EUR,2022-06-22T00:00:00,2023-07-31T00:00:00,21881.903,23138.0183,21881.903,0.0,0.0,0.0,0.0,1.0,1.0,19150.87,20250.2123,19150.87,0.0,0.0,1.0574,1.0574
00020,26001495,1.0,EUR,2026-08-12T00:00:00,1900-01-01T00:00:00,1416.0,1616.927,1416.0,0.0,0.0,0.0,0.0,2.0,2.0,897.6,1024.9673,897.6,0.0,0.0,1.1419,1.1419
00020,20001128,1.0,EUR,2020-05-20T00:00:00,2020-06-08T00:00:00,319.32,348.6977,319.32,0.0,0.0,0.0,0.0,2.0,2.0,173.12,189.0472,173.12,0.0,0.0,1.092,1.092
00020,20001243,1.0,EUR,2020-06-09T00:00:00,2020-06-12T00:00:00,0.0,0.0,0.0,0.0,0.0,0.0,0.0,2.0,2.0,173.12,194.7612,173.12,0.0,0.0,1.125,1.125
00020,20001749,1.0,EUR,2020-08-24T00:00:00,2020-09-21T00:00:00,11900.0,14071.7857,11900.0,0.0,0.0,0.0,0.0,2.0,2.0,7906.0,9348.8687,7906.0,0.0,0.0,1.1825,1.1825
00020,19002686,1.0,EUR,2019-12-27T00:00:00,2020-01-29T00:00:00,523.27,581.5937,523.27,0.0,0.0,0.0,0.0,2.0,2.0,289.95,322.2678,289.95,0.0,0.0,1.1115,1.1115
00020,20000069,1.0,EUR,2020-01-13T00:00:00,2020-01-29T00:00:00,5628.42,6251.9662,5628.42,0.0,0.0,0.0,0.0,2.0,2.0,3531.49,3922.7272,3531.49,0.0,0.0,1.1108,1.1108
00020,20000921,1.0,EUR,2020-04-16T00:00:00,2020-04-28T00:00:00,5628.42,6118.2462,5628.42,0.0,0.0,0.0,0.0,2.0,2.0,3531.49,3838.826,3531.49,0.0,0.0,1.087,1.087
00020,20000371,1.0,EUR,2020-02-14T00:00:00,2020-02-26T00:00:00,8320.0,9084.2569,8320.0,0.0,0.0,0.0,0.0,2.0,2.0,5180.0,5655.8234,5180.0,0.0,0.0,1.0919,1.0919
00020,20000400,1.0,EUR,2020-02-18T00:00:00,2020-06-09T00:00:00,8320.0,9084.2569,8320.0,0.0,0.0,0.0,0.0,2.0,2.0,5180.0,5655.8234,5180.0,0.0,0.0,1.0919,1.0919
00020,20000705,1.0,EUR,2020-03-20T00:00:00,2020-04-08T00:00:00,7620.0,8435.1632,7620.0,0.0,0.0,0.0,0.0,2.0,2.0,6220.0,6885.3957,6220.0,0.0,0.0,1.107,1.107
00020,20001500,1.0,EUR,2020-07-15T00:00:00,2020-07-30T00:00:00,825.6,944.4012,825.6,0.0,0.0,0.0,0.0,2.0,2.0,690.36,789.7006,690.36,0.0,0.0,1.1439,1.1439
00020,20002572,1.0,EUR,2020-12-08T00:00:00,2021-01-18T00:00:00,6700.0,8149.1571,6700.0,0.0,0.0,0.0,0.0,2.0,2.0,4780.0,5813.8762,4780.0,0.0,0.0,1.2163,1.2163
00020,21001719,1.0,EUR,2021-07-05T00:00:00,2021-08-19T00:00:00,8360.0,9887.2767,8360.0,0.0,0.0,0.0,0.0,2.0,2.0,6820.0,8065.9363,6820.0,0.0,0.0,1.1827,1.1827
00020,21002393,1.0,EUR,2021-09-28T00:00:00,2021-10-21T00:00:00,8360.0,9846.5125,8360.0,0.0,0.0,0.0,0.0,2.0,2.0,6820.0,8032.6812,6820.0,0.0,0.0,1.1778,1.1778
00020,21002585,1.0,EUR,2021-10-20T00:00:00,2022-03-16T00:00:00,8280.0,9603.2732,8280.0,0.0,0.0,0.0,0.0,2.0,2.0,6140.0,7121.2678,6140.0,0.0,0.0,1.1598,1.1598
00020,22000078,1.0,EUR,2022-01-12T00:00:00,2022-02-24T00:00:00,10000.0,11325.149,10000.0,0.0,0.0,0.0,0.0,2.0,2.0,6300.0,7134.8439,6300.0,0.0,0.0,1.1325,1.1325
00020,22001865,1.0,EUR,2022-09-05T00:00:00,2022-09-19T00:00:00,12100.0,12001.1732,12100.0,0.0,0.0,0.0,0.0,2.0,2.0,9040.0,8966.1658,9040.0,0.0,0.0,0.9918,0.9918
00020,20000955,1.0,EUR,2020-04-21T00:00:00,2020-04-28T00:00:00,14520.0,15783.6364,14520.0,0.0,0.0,0.0,0.0,2.0,2.0,7880.0,8565.7751,7880.0,0.0,0.0,1.087,1.087
00020,21000942,1.0,EUR,2021-04-12T00:00:00,2021-05-20T00:00:00,7960.0,9513.0748,7960.0,0.0,0.0,0.0,0.0,2.0,2.0,6300.0,7529.1924,6300.0,0.0,0.0,1.1951,1.1951
00020,22000136,1.0,EUR,2022-01-18T00:00:00,2022-02-28T00:00:00,9200.0,10419.1371,9200.0,0.0,0.0,0.0,0.0,2.0,2.0,7460.0,8448.5612,7460.0,0.0,0.0,1.1325,1.1325
00020,22001269,1.0,EUR,2022-06-01T00:00:00,2022-07-06T00:00:00,11000.0,11631.4473,11000.0,0.0,0.0,0.0,0.0,2.0,2.0,7820.0,8268.9016,7820.0,0.0,0.0,1.0574,1.0574
00020,21002615,1.0,EUR,2021-10-22T00:00:00,2021-12-17T00:00:00,9280.0,10763.0888,9280.0,0.0,0.0,0.0,0.0,2.0,2.0,7460.0,8652.2244,7460.0,0.0,0.0,1.1598,1.1598
00020,20001548,1.0,EUR,2020-07-23T00:00:00,2020-09-03T00:00:00,825.6,944.4012,825.6,0.0,0.0,0.0,0.0,2.0,2.0,690.36,789.7006,690.36,0.0,0.0,1.1439,1.1439
00020,20001634,1.0,EUR,2020-08-05T00:00:00,2020-08-14T00:00:00,6700.0,7922.7701,6700.0,0.0,0.0,0.0,0.0,2.0,2.0,4780.0,5652.3643,4780.0,0.0,0.0,1.1825,1.1825
00020,20001657,1.0,EUR,2020-08-10T00:00:00,2020-10-05T00:00:00,6700.0,7922.7701,6700.0,0.0,0.0,0.0,0.0,2.0,2.0,4780.0,5652.3643,4780.0,0.0,0.0,1.1825,1.1825
00020,20002265,1.0,EUR,2020-11-02T00:00:00,2020-12-04T00:00:00,7960.0,9422.3292,7960.0,0.0,0.0,0.0,0.0,2.0,2.0,7050.2,8345.3901,7050.2,0.0,0.0,1.1837,1.1837
00020,20002331,1.0,EUR,2020-11-09T00:00:00,2020-11-13T00:00:00,6700.0,7930.855,6700.0,0.0,0.0,0.0,0.0,2.0,2.0,4780.0,5658.1324,4780.0,0.0,0.0,1.1837,1.1837
00020,21000018,1.0,EUR,2021-01-05T00:00:00,2021-01-13T00:00:00,6180.0,7520.9531,6180.0,0.0,0.0,0.0,0.0,2.0,2.0,4780.0,5817.1773,4780.0,0.0,0.0,1.217,1.217
00020,21000707,1.0,EUR,2021-03-19T00:00:00,2021-04-22T00:00:00,6840.0,8146.7676,6840.0,0.0,0.0,0.0,0.0,2.0,2.0,4780.0,5693.209,4780.0,0.0,0.0,1.191,1.191
00020,21000962,1.0,EUR,2021-04-13T00:00:00,2021-05-14T00:00:00,6840.0,8174.5517,6840.0,0.0,0.0,0.0,0.0,2.0,2.0,4780.0,5712.6253,4780.0,0.0,0.0,1.1951,1.1951
00020,21001251,1.0,EUR,2021-05-18T00:00:00,2021-05-31T00:00:00,6840.0,8303.4043,6840.0,0.0,0.0,0.0,0.0,2.0,2.0,4780.0,5802.6714,4780.0,0.0,0.0,1.2139,1.2139
00020,21001320,1.0,EUR,2021-05-26T00:00:00,2021-06-11T00:00:00,8680.0,10537.0686,8680.0,0.0,0.0,0.0,0.0,2.0,2.0,6300.0,7647.8724,6300.0,0.0,0.0,1.2139,1.2139
00020,21001747,1.0,EUR,2021-07-06T00:00:00,2021-08-17T00:00:00,7440.0,8799.2032,7440.0,0.0,0.0,0.0,0.0,2.0,2.0,5400.0,6386.5184,5400.0,0.0,0.0,1.1827,1.1827
00020,21001749,1.0,EUR,2021-07-06T00:00:00,2021-08-27T00:00:00,7440.0,8799.2032,7440.0,0.0,0.0,0.0,0.0,2.0,2.0,5400.0,6386.5184,5400.0,0.0,0.0,1.1827,1.1827
00020,21002767,1.0,EUR,2021-11-11T00:00:00,2021-12-10T00:00:00,914.4,1043.4137,914.4,0.0,0.0,0.0,0.0,2.0,2.0,699.89,798.6382,699.89,0.0,0.0,1.1411,1.1411
00020,21003022,1.0,EUR,2021-12-15T00:00:00,2022-03-11T00:00:00,11600.0,13112.9497,11600.0,0.0,0.0,0.0,0.0,2.0,2.0,9040.0,10219.0574,9040.0,0.0,0.0,1.1304,1.1304
00020,22000406,1.0,EUR,2022-02-16T00:00:00,2022-02-21T00:00:00,10000.0,11340.988,10000.0,0.0,0.0,0.0,0.0,2.0,2.0,6300.0,7144.8224,6300.0,0.0,0.0,1.1341,1.1341
00020,22002031,1.0,EUR,2022-09-28T00:00:00,2022-10-12T00:00:00,11000.0,10910.1575,11000.0,0.0,0.0,0.0,0.0,2.0,2.0,7820.0,7756.1302,7820.0,0.0,0.0,0.9918,0.9918
00020,20002511,1.0,EUR,2020-12-02T00:00:00,2021-01-19T00:00:00,8780.0,10679.0446,8780.0,0.0,0.0,0.0,0.0,2.0,2.0,7049.6,8574.3728,7049.6,0.0,0.0,1.2163,1.2163
00020,21000897,1.0,EUR,2021-04-08T00:00:00,2021-05-10T00:00:00,11900.0,14221.8078,11900.0,0.0,0.0,0.0,0.0,2.0,2.0,7660.0,9154.5418,7660.0,0.0,0.0,1.1951,1.1951
00020,21001116,1.0,EUR,2021-05-03T00:00:00,2021-06-16T00:00:00,13980.0,16970.993,13980.0,0.0,0.0,0.0,0.0,2.0,2.0,8660.0,10512.7897,8660.0,0.0,0.0,1.2139,1.2139
00020,21001409,1.0,EUR,2021-06-03T00:00:00,2021-06-25T00:00:00,9460.0,11396.1914,9460.0,0.0,0.0,0.0,0.0,2.0,2.0,6678.0,8044.7956,6678.0,0.0,0.0,1.2047,1.2047
00020,21001547,1.0,EUR,2021-06-16T00:00:00,2021-08-19T00:00:00,9460.0,11396.1914,9460.0,0.0,0.0,0.0,0.0,2.0,2.0,6678.0,8044.7956,6678.0,0.0,0.0,1.2047,1.2047
00020,21001853,1.0,EUR,2021-07-20T00:00:00,2021-07-28T00:00:00,13980.0,16533.9866,13980.0,0.0,0.0,0.0,0.0,2.0,2.0,8660.0,10242.0833,8660.0,0.0,0.0,1.1827,1.1827
00020,21002029,1.0,EUR,2021-08-12T00:00:00,2021-10-14T00:00:00,16080.0,18928.3855,16080.0,0.0,0.0,0.0,0.0,2.0,2.0,10958.0,12899.0826,10958.0,0.0,0.0,1.1771,1.1771
00020,22001359,1.0,EUR,2022-06-15T00:00:00,2022-10-28T00:00:00,33000.0,34894.3419,33000.0,0.0,0.0,0.0,0.0,2.0,2.0,23030.0,24352.021,23030.0,0.0,0.0,1.0574,1.0574
00020,21000734,1.0,EUR,2021-03-23T00:00:00,2021-05-21T00:00:00,326.88,389.3297,326.88,0.0,0.0,0.0,0.0,2.0,2.0,152.41,181.5276,152.41,0.0,0.0,1.191,1.191
00020,21001013,1.0,EUR,2021-04-20T00:00:00,2021-08-16T00:00:00,7161.0461,8558.237,7161.0461,0.0,0.0,0.0,0.0,2.0,2.0,6820.0,8150.6495,6820.0,0.0,0.0,1.1951,1.1951
00020,21002126,1.0,EUR,2021-08-27T00:00:00,2021-10-22T00:00:00,7160.9526,8429.4323,7160.9526,0.0,0.0,0.0,0.0,2.0,2.0,6820.0,8028.0839,6820.0,0.0,0.0,1.1771,1.1771
00020,25000377,1.0,EUR,2025-02-21T00:00:00,2025-03-07T00:00:00,8700.0,9058.279,8700.0,0.0,0.0,0.0,0.0,2.0,2.0,6400.0,6663.5616,6400.0,0.0,0.0,1.0412,1.0412
00020,25000563,1.0,EUR,2025-03-20T00:00:00,2025-04-07T00:00:00,11200.0,12083.2141,11200.0,0.0,0.0,0.0,0.0,2.0,2.0,7300.0,7875.6663,7300.0,0.0,0.0,1.0789,1.0789
00020,25000890,1.0,EUR,2025-05-08T00:00:00,2025-05-16T00:00:00,1368.0,1542.5159,1368.0,0.0,0.0,0.0,0.0,2.0,2.0,897.6,1012.1069,897.6,0.0,0.0,1.1276,1.1276
00020,25000695,1.0,EUR,2025-04-08T00:00:00,2025-04-29T00:00:00,11200.0,12567.1739,11200.0,0.0,0.0,0.0,0.0,2.0,2.0,7300.0,8191.1044,7300.0,0.0,0.0,1.1221,1.1221
00020,25001736,1.0,EUR,2025-09-11T00:00:00,2025-09-18T00:00:00,1068.0,1252.9414,1068.0,0.0,0.0,0.0,0.0,2.0,2.0,844.66,990.9265,844.66,0.0,0.0,1.1732,1.1732
00020,24001147,1.0,EUR,2024-06-03T00:00:00,2025-03-28T00:00:00,67211.58,72355.7325,67211.58,0.0,0.0,0.0,0.0,2.0,2.0,34726.55,37384.4055,34726.55,0.0,0.0,1.0765,1.0765
00020,25000813,1.0,EUR,2025-04-28T00:00:00,2025-05-21T00:00:00,1068.0,1198.3698,1068.0,0.0,0.0,0.0,0.0,2.0,2.0,844.66,947.7669,844.66,0.0,0.0,1.1221,1.1221
00020,25001670,1.0,EUR,2025-09-01T00:00:00,2025-09-16T00:00:00,11200.0,13139.4603,11200.0,0.0,0.0,0.0,0.0,2.0,2.0,7300.0,8564.1125,7300.0,0.0,0.0,1.1732,1.1732
00020,25002333,1.0,EUR,2025-12-02T00:00:00,2025-12-29T00:00:00,12140.0,14218.3619,12140.0,0.0,0.0,0.0,0.0,2.0,2.0,9000.0,10540.7955,9000.0,0.0,0.0,1.1712,1.1712
00020,25000830,1.0,EUR,2025-04-30T00:00:00,2025-05-20T00:00:00,1034.0503,1160.2759,1034.0503,0.0,0.0,0.0,0.0,2.0,2.0,844.66,947.7669,844.66,0.0,0.0,1.1221,1.1221
00020,26000498,1.0,EUR,2026-03-12T00:00:00,2026-04-02T00:00:00,11200.0,12959.9971,11200.0,0.0,0.0,0.0,0.0,2.0,2.0,7300.0,8447.141,7300.0,0.0,0.0,1.1571,1.1571
00020,26000810,1.0,EUR,2026-04-24T00:00:00,2026-05-08T00:00:00,1416.0,1654.7883,1416.0,0.0,0.0,0.0,0.0,2.0,2.0,897.6,1048.9675,897.6,0.0,0.0,1.1686,1.1686
00020,26000865,1.0,EUR,2026-04-30T00:00:00,2026-06-23T00:00:00,11600.0,13556.1753,11600.0,0.0,0.0,0.0,0.0,2.0,2.0,7300.0,8531.0413,7300.0,0.0,0.0,1.1686,1.1686
00020,26000177,1.0,EUR,2026-01-28T00:00:00,2026-02-10T00:00:00,1368.0,1604.7922,1368.0,0.0,0.0,0.0,0.0,2.0,2.0,897.6,1052.9689,897.6,0.0,0.0,1.1731,1.1731
00020,26000207,1.0,EUR,2026-02-02T00:00:00,2026-02-11T00:00:00,1068.0,1263.1918,1068.0,0.0,0.0,0.0,0.0,2.0,2.0,849.0,1004.1666,849.0,0.0,0.0,1.1828,1.1828
00020,26000332,1.0,EUR,2026-02-17T00:00:00,2026-02-24T00:00:00,1368.0,1618.021,1368.0,0.0,0.0,0.0,0.0,2.0,2.0,897.6,1061.6489,897.6,0.0,0.0,1.1828,1.1828
00020,26000814,1.0,EUR,2026-04-24T00:00:00,2026-07-08T00:00:00,18260.0,21339.2897,18260.0,0.0,0.0,0.0,0.0,2.0,2.0,10280.0,12013.576,10280.0,0.0,0.0,1.1686,1.1686
00020,26001255,1.0,EUR,2026-07-03T00:00:00,2026-07-23T00:00:00,1116.0,1274.3577,1116.0,0.0,0.0,0.0,0.0,2.0,2.0,849.0,969.4711,849.0,0.0,0.0,1.1419,1.1419
00020,25002345,1.0,EUR,2025-12-03T00:00:00,2026-08-14T00:00:00,66071.39,77382.7789,66071.39,0.0,0.0,0.0,0.0,2.0,2.0,30758.43,36024.2578,30758.43,0.0,0.0,1.1712,1.1712
00020,24000068,1.0,EUR,2024-01-11T00:00:00,2024-02-20T00:00:00,16692.37,18223.0653,16692.37,0.0,0.0,0.0,0.0,2.0,2.0,8638.34,9430.4784,8638.34,0.0,0.0,1.0917,1.0917
00020,23001788,1.0,EUR,2023-08-22T00:00:00,2024-03-29T00:00:00,67211.58,73356.1769,67211.58,0.0,0.0,0.0,0.0,2.0,2.0,37772.09,41225.2787,37772.09,0.0,0.0,1.0914,1.0914
00020,24001146,1.0,EUR,2024-06-03T00:00:00,2024-09-30T00:00:00,67211.58,72355.7325,67211.58,0.0,0.0,0.0,0.0,2.0,2.0,34622.03,37271.8859,34622.03,0.0,0.0,1.0765,1.0765
00020,23002602,1.0,EUR,2023-12-22T00:00:00,2024-01-15T00:00:00,1257.6,1372.8901,1257.6,0.0,0.0,0.0,0.0,2.0,2.0,1145.23,1250.2186,1145.23,0.0,0.0,1.0917,1.0917
00020,24000440,1.0,EUR,2024-02-26T00:00:00,2024-03-12T00:00:00,11600.0,12521.3741,11600.0,0.0,0.0,0.0,0.0,2.0,2.0,8000.0,8635.4304,8000.0,0.0,0.0,1.0794,1.0794
00020,24000548,1.0,EUR,2024-03-07T00:00:00,2024-04-18T00:00:00,11200.0,12174.8491,11200.0,0.0,0.0,0.0,0.0,2.0,2.0,8000.0,8696.3208,8000.0,0.0,0.0,1.087,1.087
00020,24000640,1.0,EUR,2024-03-21T00:00:00,2024-05-29T00:00:00,7000.0,7609.2807,7000.0,0.0,0.0,0.0,0.0,2.0,2.0,8133.6,8841.5494,8133.6,0.0,0.0,1.087,1.087
00020,24000919,1.0,EUR,2024-05-02T00:00:00,2024-05-27T00:00:00,1368.0,1478.4009,1368.0,0.0,0.0,0.0,0.0,2.0,2.0,981.6,1060.8175,981.6,0.0,0.0,1.0807,1.0807
00020,24001328,1.0,EUR,2024-06-28T00:00:00,2024-07-18T00:00:00,11600.0,12487.8257,11600.0,0.0,0.0,0.0,0.0,2.0,2.0,7300.0,7858.7179,7300.0,0.0,0.0,1.0765,1.0765
00020,22002553,1.0,EUR,2022-12-15T00:00:00,2023-01-18T00:00:00,11000.0,11643.0424,11000.0,0.0,0.0,0.0,0.0,2.0,2.0,7820.0,8277.1447,7820.0,0.0,0.0,1.0585,1.0585
00020,23001533,1.0,EUR,2023-07-12T00:00:00,2023-07-14T00:00:00,1488.0,1644.6937,1488.0,0.0,0.0,0.0,0.0,2.0,2.0,1106.4,1222.9093,1106.4,0.0,0.0,1.1053,1.1053
00020,23002008,1.0,EUR,2023-09-22T00:00:00,2023-10-23T00:00:00,11000.0,11754.9069,11000.0,0.0,0.0,0.0,0.0,2.0,2.0,8133.6,8691.7919,8133.6,0.0,0.0,1.0686,1.0686
00020,22001662,1.0,EUR,2022-08-02T00:00:00,2023-03-23T00:00:00,42000.0,42513.03,42000.0,0.0,0.0,0.0,0.0,2.0,2.0,23079.2,23361.1124,23079.2,0.0,0.0,1.0122,1.0122
00020,22002199,1.0,EUR,2022-10-24T00:00:00,2023-06-15T00:00:00,33000.0,32444.6925,33000.0,0.0,0.0,0.0,0.0,2.0,2.0,23128.4,22739.2068,23128.4,0.0,0.0,0.9832,0.9832
00020,23001787,1.0,EUR,2023-08-22T00:00:00,2023-10-19T00:00:00,67212.22,73356.8754,67212.22,0.0,0.0,0.0,0.0,2.0,2.0,38301.73,41803.3393,38301.73,0.0,0.0,1.0914,1.0914
00020,22002545,1.0,EUR,2022-12-14T00:00:00,2023-01-12T00:00:00,12100.0,12807.3466,12100.0,0.0,0.0,0.0,0.0,2.0,2.0,9040.0,9568.4639,9040.0,0.0,0.0,1.0585,1.0585
00020,23000034,1.0,EUR,2023-01-09T00:00:00,2023-01-30T00:00:00,11900.0,12829.4483,11900.0,0.0,0.0,0.0,0.0,2.0,2.0,9040.0,9746.0683,9040.0,0.0,0.0,1.0781,1.0781
00020,23000370,1.0,EUR,2023-02-20T00:00:00,2023-03-02T00:00:00,11900.0,12746.1626,11900.0,0.0,0.0,0.0,0.0,2.0,2.0,9040.0,9682.7991,9040.0,0.0,0.0,1.0711,1.0711
00020,23000458,1.0,EUR,2023-02-27T00:00:00,2023-03-02T00:00:00,1488.0,1593.8059,1488.0,0.0,0.0,0.0,0.0,2.0,2.0,1106.4,1185.0718,1106.4,0.0,0.0,1.0711,1.0711
00020,23001197,1.0,EUR,2023-06-01T00:00:00,2023-07-31T00:00:00,11900.0,12896.3085,11900.0,0.0,0.0,0.0,0.0,2.0,2.0,9000.0,9753.5106,9000.0,0.0,0.0,1.0837,1.0837
00034,2416944,1.0,CNY,2025-05-09T00:00:00,2025-05-28T00:00:00,21026.54,2912.2578,2582.6626,0.0,0.0,0.0,0.0,2.0,2.0,10927.99,1513.5692,1342.2708,0.0,0.0,0.1385,0.1385
00020,26001448,1.0,EUR,2026-08-04T00:00:00,1900-01-01T00:00:00,0.0,0.0,0.0,46246.8528,40500.0,40500.0,6.0,6.0,0.0,0.0,0.0,0.0,35627.2051,31200.0,1.1419,1.1419
00034,1128974,1.0,CNY,2020-05-19T00:00:00,2020-05-21T00:00:00,47864.21,6741.5208,6173.0376,0.0,0.0,0.0,0.0,1020.5,1020.5,23830.26,3356.4159,3073.3839,0.0,0.0,0.1408,0.1408
00034,1200034,1.0,CNY,2020-09-22T00:00:00,2020-09-23T00:00:00,10566.24,1550.227,1314.3969,0.0,0.0,0.0,0.0,204.1,204.1,8209.27,1204.4239,1021.1995,0.0,0.0,0.1467,0.1467
00034,1331290,1.0,CNY,2021-04-25T00:00:00,2021-04-27T00:00:00,47864.21,7333.716,6136.1008,0.0,0.0,0.0,0.0,1020.5,1020.5,23830.26,3651.2534,3054.9941,0.0,0.0,0.1532,0.1532
00034,1628994,1.0,CNY,2022-06-30T00:00:00,2022-07-05T00:00:00,184376.43,27543.4233,26046.5633,0.0,0.0,0.0,0.0,3265.6,3265.6,153425.09,22919.6986,21674.117,0.0,0.0,0.1494,0.1494
00034,1666848,1.0,CNY,2022-08-19T00:00:00,2022-08-25T00:00:00,177187.74,26069.9688,25753.9899,0.0,0.0,0.0,0.0,1836.9,1836.9,86301.61,12697.7199,12543.8182,0.0,0.0,0.1471,0.1471
00034,1063421,1.0,CNY,2020-01-17T00:00:00,2020-01-21T00:00:00,0.0,0.0,0.0,0.0,0.0,0.0,0.0,20.0,20.0,873.99,126.2233,113.6304,0.0,0.0,0.1444,0.1444
00034,1092769,1.0,CNY,2020-03-13T00:00:00,2020-03-19T00:00:00,0.0,0.0,0.0,0.0,0.0,0.0,0.0,20.0,20.0,947.45,134.9341,121.8695,0.0,0.0,0.1424,0.1424
00034,1116690,1.0,CNY,2020-04-28T00:00:00,2020-04-28T00:00:00,13546.46,1915.3394,1761.9582,0.0,0.0,0.0,0.0,204.1,204.1,4766.05,673.8737,619.9096,0.0,0.0,0.1414,0.1414
00034,1129685,1.0,CNY,2020-05-21T00:00:00,2020-05-27T00:00:00,0.0,0.0,0.0,0.0,0.0,0.0,0.0,20.0,20.0,467.03,65.7797,60.2328,0.0,0.0,0.1408,0.1408
00034,1131764,1.0,CNY,2020-05-24T00:00:00,2020-05-27T00:00:00,0.0,0.0,0.0,0.0,0.0,0.0,0.0,20.0,20.0,873.99,123.0987,112.7183,0.0,0.0,0.1408,0.1408
00034,1131778,1.0,CNY,2020-05-24T00:00:00,2020-05-27T00:00:00,1150.44,162.0358,148.372,0.0,0.0,0.0,0.0,20.0,20.0,873.99,123.0987,112.7183,0.0,0.0,0.1408,0.1408
00034,1132707,1.0,CNY,2020-05-26T00:00:00,2020-05-27T00:00:00,32779.96,4616.9525,4227.6249,0.0,0.0,0.0,0.0,4630.2,4630.2,183625.93,25863.1246,23682.1995,0.0,0.0,0.1408,0.1408
00034,1132826,1.0,CNY,2020-05-27T00:00:00,2020-05-27T00:00:00,47864.21,6741.5208,6173.0376,0.0,0.0,0.0,0.0,1020.5,1020.5,23830.26,3356.4159,3073.3839,0.0,0.0,0.1408,0.1408
00034,1147589,1.0,CNY,2020-06-22T00:00:00,2020-06-29T00:00:00,57437.05,8106.7284,7205.7651,0.0,0.0,0.0,0.0,1224.6,1224.6,28596.32,4036.1161,3587.5513,0.0,0.0,0.1411,0.1411
00034,1177309,1.0,CNY,2020-08-13T00:00:00,2020-08-14T00:00:00,10566.24,1523.6603,1288.497,0.0,0.0,0.0,0.0,204.1,204.1,8209.27,1183.7833,1001.077,0.0,0.0,0.1442,0.1442
00034,1177407,1.0,CNY,2020-08-13T00:00:00,2020-09-21T00:00:00,67732.32,9767.0547,8259.5974,0.0,0.0,0.0,0.0,1020.5,1020.5,23830.26,3436.3426,2905.9739,0.0,0.0,0.1442,0.1442
00034,1185222,1.0,CNY,2020-08-27T00:00:00,2020-08-28T00:00:00,12123.89,1748.2746,1478.4441,0.0,0.0,0.0,0.0,204.1,204.1,8209.27,1183.7833,1001.077,0.0,0.0,0.1442,0.1442
00034,1211907,1.0,CNY,2020-10-12T00:00:00,2020-10-21T00:00:00,42264.95,6282.3087,5338.1139,0.0,0.0,0.0,0.0,816.4,816.4,32837.09,4880.9412,4147.3639,0.0,0.0,0.1486,0.1486
00034,1213074,1.0,CNY,2020-10-14T00:00:00,2020-10-16T00:00:00,10566.24,1570.5775,1334.5288,0.0,0.0,0.0,0.0,204.1,204.1,8209.27,1220.2349,1036.8407,0.0,0.0,0.1486,0.1486
00034,1216565,1.0,CNY,2020-10-20T00:00:00,2020-10-28T00:00:00,10837.16,1610.8474,1368.7463,0.0,0.0,0.0,0.0,612.3,612.3,18404.21,2735.622,2324.4738,0.0,0.0,0.1486,0.1486
00034,1216577,1.0,CNY,2020-10-20T00:00:00,2020-10-28T00:00:00,0.0,0.0,0.0,0.0,0.0,0.0,0.0,20.0,20.0,804.44,119.5728,101.6017,0.0,0.0,0.1486,0.1486
00034,1219550,1.0,CNY,2020-10-25T00:00:00,2020-10-28T00:00:00,0.0,0.0,0.0,0.0,0.0,0.0,0.0,980.0,980.0,46424.95,6900.6556,5863.5269,0.0,0.0,0.1486,0.1486
00034,1220980,1.0,CNY,2020-10-28T00:00:00,2020-10-29T00:00:00,0.0,0.0,0.0,0.0,0.0,0.0,0.0,36.0,36.0,1043.94,155.1724,131.8509,0.0,0.0,0.1486,0.1486
00034,1229657,1.0,CNY,2020-11-11T00:00:00,2020-11-16T00:00:00,28898.93,4374.2981,3695.3726,0.0,0.0,0.0,0.0,4082.0,4082.0,164185.43,24851.9933,20994.7686,0.0,0.0,0.1514,0.1514
00034,1231726,1.0,CNY,2020-11-15T00:00:00,2020-11-20T00:00:00,42264.95,6397.4511,5404.5164,0.0,0.0,0.0,0.0,816.4,816.4,32837.09,4970.3993,4198.9542,0.0,0.0,0.1514,0.1514
00034,1249873,1.0,CNY,2020-12-14T00:00:00,2020-12-17T00:00:00,19868.16,3036.9456,2496.8197,0.0,0.0,0.0,0.0,408.2,408.2,9532.11,1457.0297,1197.8945,0.0,0.0,0.1529,0.1529
00034,1254277,1.0,CNY,2020-12-22T00:00:00,2020-12-23T00:00:00,10693.8,1634.5997,1343.8834,0.0,0.0,0.0,0.0,120.0,120.0,3646.31,557.3564,458.2296,0.0,0.0,0.1529,0.1529
00034,1268628,1.0,CNY,2021-01-14T00:00:00,2021-01-26T00:00:00,12372.44,1909.941,1569.3636,0.0,0.0,0.0,0.0,204.1,204.1,8209.27,1267.2699,1041.2925,0.0,0.0,0.1544,0.1544
00034,1271654,1.0,CNY,2021-01-18T00:00:00,2021-01-28T00:00:00,3185.84,491.8,404.1031,0.0,0.0,0.0,0.0,60.0,60.0,2413.31,372.5441,306.1127,0.0,0.0,0.1544,0.1544
00034,1272228,1.0,CNY,2021-01-19T00:00:00,2021-01-26T00:00:00,41614.77,6424.097,5278.5631,0.0,0.0,0.0,0.0,816.4,816.4,32837.09,5069.0813,4165.1714,0.0,0.0,0.1544,0.1544
00034,1277953,1.0,CNY,2021-01-28T00:00:00,2021-02-07T00:00:00,20807.38,3212.0477,2639.2809,0.0,0.0,0.0,0.0,408.2,408.2,16418.54,2534.5399,2082.5851,0.0,0.0,0.1544,0.1544
00034,1295519,1.0,CNY,2021-02-26T00:00:00,2021-03-09T00:00:00,12366.38,1913.3634,1581.7985,0.0,0.0,0.0,0.0,204.1,204.1,8209.27,1270.1629,1050.0576,0.0,0.0,0.1547,0.1547
00034,1312906,1.0,CNY,2021-03-26T00:00:00,2021-03-29T00:00:00,12372.44,1900.773,1595.8344,0.0,0.0,0.0,0.0,204.1,204.1,8209.27,1261.1869,1058.8563,0.0,0.0,0.1536,0.1536
00034,1317348,1.0,CNY,2021-04-02T00:00:00,2021-04-14T00:00:00,19145.68,2933.4858,2454.4398,0.0,0.0,0.0,0.0,408.2,408.2,9532.11,1460.5023,1221.9984,0.0,0.0,0.1532,0.1532
00034,1329616,1.0,CNY,2021-04-22T00:00:00,2021-04-26T00:00:00,0.0,0.0,0.0,0.0,0.0,0.0,0.0,816.4,816.4,32837.09,5031.2727,4209.6525,0.0,0.0,0.1532,0.1532
00034,1368590,1.0,CNY,2021-06-24T00:00:00,2021-06-25T00:00:00,0.0,0.0,0.0,0.0,0.0,0.0,0.0,122.46,122.46,6992.55,1088.7037,903.6822,0.0,0.0,0.1557,0.1557
00034,1395083,1.0,CNY,2021-08-05T00:00:00,2021-08-09T00:00:00,52740.91,8140.8495,6915.6993,0.0,0.0,0.0,0.0,816.4,816.4,46616.98,7195.5873,6112.6935,0.0,0.0,0.1544,0.1544
00034,1398220,1.0,CNY,2021-08-10T00:00:00,2021-08-13T00:00:00,9030.98,1393.9814,1184.1954,0.0,0.0,0.0,0.0,204.1,204.1,11654.25,1798.8976,1528.174,0.0,0.0,0.1544,0.1544
00034,1432826,1.0,CNY,2021-09-28T00:00:00,2021-09-28T00:00:00,13185.23,2041.7434,1733.4503,0.0,0.0,0.0,0.0,204.1,204.1,11654.25,1804.6699,1532.1738,0.0,0.0,0.1549,0.1549
00034,1463735,1.0,CNY,2021-11-10T00:00:00,2021-11-10T00:00:00,41903.69,6556.7248,5745.1593,0.0,0.0,0.0,0.0,816.4,816.4,33647.15,5264.8133,4613.1555,0.0,0.0,0.1565,0.1565
00034,1469432,1.0,CNY,2021-11-18T00:00:00,2021-11-19T00:00:00,167614.76,26226.8994,22980.6373,0.0,0.0,0.0,0.0,3265.6,3265.6,134588.58,21059.2501,18452.6192,0.0,0.0,0.1565,0.1565
00034,1495097,1.0,CNY,2021-12-24T00:00:00,2021-12-24T00:00:00,41903.69,6577.9365,5818.9517,0.0,0.0,0.0,0.0,816.4,816.4,33647.15,5281.8455,4672.4081,0.0,0.0,0.157,0.157
00034,1497107,1.0,CNY,2021-12-27T00:00:00,2022-01-12T00:00:00,115235.15,18089.3258,16002.1176,0.0,0.0,0.0,0.0,2245.1,2245.1,92529.65,14525.0731,12849.1206,0.0,0.0,0.157,0.157
00034,1515200,1.0,CNY,2022-01-21T00:00:00,2022-01-24T00:00:00,57798.26,9093.9898,8029.4788,0.0,0.0,0.0,0.0,816.4,816.4,46616.98,7334.725,6476.1474,0.0,0.0,0.1573,0.1573
00034,1541530,1.0,CNY,2022-03-01T00:00:00,2022-03-07T00:00:00,163280.0,25735.916,23373.679,0.0,0.0,0.0,0.0,1632.8,1632.8,67294.29,10606.8116,9633.2382,0.0,0.0,0.1576,0.1576
00034,1555696,1.0,CNY,2022-03-22T00:00:00,2022-03-24T00:00:00,122460.0,19301.937,17530.2592,0.0,0.0,0.0,0.0,1224.6,1224.6,50470.72,7955.1091,7224.929,0.0,0.0,0.1576,0.1576
00034,1589051,1.0,CNY,2022-05-09T00:00:00,2022-05-12T00:00:00,28899.13,4315.7441,4083.3055,0.0,0.0,0.0,0.0,408.2,408.2,23308.49,3480.8479,3293.3754,0.0,0.0,0.1493,0.1493
00034,1600521,1.0,CNY,2022-05-24T00:00:00,2022-05-26T00:00:00,57798.26,8631.4881,8166.6109,0.0,0.0,0.0,0.0,816.4,816.4,46616.98,6961.6959,6586.7509,0.0,0.0,0.1493,0.1493
00034,1602327,1.0,CNY,2022-05-26T00:00:00,2022-05-26T00:00:00,1415.93,211.4524,200.064,0.0,0.0,0.0,0.0,20.0,20.0,1142.01,170.5457,161.3604,0.0,0.0,0.1493,0.1493
00034,1615999,1.0,CNY,2022-06-13T00:00:00,2022-06-14T00:00:00,122460.0,18293.9198,17299.7283,0.0,0.0,0.0,0.0,1224.6,1224.6,50470.72,7539.6644,7129.9179,0.0,0.0,0.1494,0.1494
00034,1626546,1.0,CNY,2022-06-27T00:00:00,2022-06-28T00:00:00,12643.36,1888.7524,1786.1072,0.0,0.0,0.0,0.0,204.1,204.1,11084.66,1655.903,1565.9122,0.0,0.0,0.1494,0.1494
00034,1631811,1.0,CNY,2022-07-04T00:00:00,2022-07-09T00:00:00,0.0,0.0,0.0,0.0,0.0,0.0,0.0,40.0,40.0,2172.4,322.753,316.2819,0.0,0.0,0.1486,0.1486
00034,1638038,1.0,CNY,2022-07-12T00:00:00,2022-07-19T00:00:00,0.0,0.0,0.0,0.0,0.0,0.0,0.0,20.0,20.0,1142.01,169.6682,166.2664,0.0,0.0,0.1486,0.1486
00034,1666832,1.0,CNY,2022-08-19T00:00:00,2022-08-25T00:00:00,137090.07,20170.3225,19925.8497,0.0,0.0,0.0,0.0,2245.1,2245.1,105479.75,15519.436,15331.334,0.0,0.0,0.1471,0.1471
00034,1669744,1.0,CNY,2022-08-23T00:00:00,2022-08-25T00:00:00,0.0,0.0,0.0,0.0,0.0,0.0,0.0,204.1,204.1,11654.25,1714.7119,1693.9289,0.0,0.0,0.1471,0.1471
00034,1672238,1.0,CNY,2022-08-26T00:00:00,2022-08-30T00:00:00,0.0,0.0,0.0,0.0,0.0,0.0,0.0,160.0,160.0,9136.11,1344.2132,1327.9208,0.0,0.0,0.1471,0.1471
00034,1692558,1.0,CNY,2022-09-22T00:00:00,2022-09-29T00:00:00,67912.89,9701.7095,9781.0385,0.0,0.0,0.0,0.0,816.4,816.4,38356.27,5479.3926,5524.1966,0.0,0.0,0.1429,0.1429
00034,1693273,1.0,CNY,2022-09-23T00:00:00,2022-09-29T00:00:00,45805.1,6543.4967,6597.0017,0.0,0.0,0.0,0.0,816.4,816.4,46616.98,6659.478,6713.9313,0.0,0.0,0.1429,0.1429
00034,1712096,1.0,CNY,2022-10-20T00:00:00,2022-10-26T00:00:00,28899.13,4023.6634,4091.9868,0.0,0.0,0.0,0.0,408.2,408.2,23308.49,3245.2714,3300.3773,0.0,0.0,0.1392,0.1392
00034,1738610,1.0,CNY,2022-11-24T00:00:00,2022-12-03T00:00:00,11469.02,1599.3743,1566.9078,0.0,0.0,0.0,0.0,120.0,120.0,6517.19,908.8332,890.3844,0.0,0.0,0.1395,0.1395
00034,1303582,1.0,CNY,2021-03-11T00:00:00,2021-03-24T00:00:00,22779.5414,3499.6118,2938.1736,0.0,0.0,0.0,0.0,612.3,612.3,14298.16,2196.6206,1844.2196,0.0,0.0,0.1536,0.1536
00034,1360643,1.0,CNY,2021-06-11T00:00:00,2021-06-25T00:00:00,22380.1297,3484.4698,2892.2961,0.0,0.0,0.0,0.0,612.3,612.3,14306.48,2227.4445,1848.8979,0.0,0.0,0.1557,0.1557
00034,1625,1.0,CNY,2020-03-24T00:00:00,2020-03-31T00:00:00,-38291.36,-5453.3866,-4925.3793,0.0,0.0,0.0,0.0,-816.4,-816.4,-19064.21,-2715.0905,-2452.2103,0.0,0.0,0.1424,0.1424
00034,2359228,1.0,CNY,2025-02-21T00:00:00,2025-04-11T00:00:00,144784.62,19917.9188,19129.3204,0.0,0.0,0.0,0.0,1632.8,1632.8,85145.0,11713.338,11249.5788,0.0,0.0,0.1376,0.1376
00034,2371471,1.0,CNY,2025-03-10T00:00:00,2025-03-25T00:00:00,147217.53,20303.0051,18815.3131,0.0,0.0,0.0,0.0,1428.7,1428.7,74501.87,10274.6721,9521.8009,0.0,0.0,0.1379,0.1379
00034,2378001,1.0,CNY,2025-03-19T00:00:00,2025-10-16T00:00:00,36196.16,4991.8703,4626.0937,0.0,0.0,0.0,0.0,408.2,408.2,21286.25,2935.6208,2720.5147,0.0,0.0,0.1379,0.1379
00034,2394025,1.0,CNY,2025-04-09T00:00:00,2025-04-11T00:00:00,36196.16,4964.3468,4422.5627,0.0,0.0,0.0,0.0,408.2,408.2,21286.25,2919.4347,2600.8221,0.0,0.0,0.1372,0.1372
00034,2516373,1.0,CNY,2025-09-17T00:00:00,2025-09-19T00:00:00,0.0,0.0,0.0,0.0,0.0,0.0,0.0,10.0,10.0,662.67,93.0033,79.2743,0.0,0.0,0.1403,0.1403
00034,2569621,1.0,CNY,2025-11-26T00:00:00,2025-11-27T00:00:00,752.21,105.8776,91.5537,0.0,0.0,0.0,0.0,10.0,10.0,402.8,56.6963,49.026,0.0,0.0,0.1408,0.1408
00034,2576470,1.0,CNY,2025-12-05T00:00:00,2025-12-08T00:00:00,840.71,119.306,101.8653,0.0,0.0,0.0,0.0,10.0,10.0,402.8,57.1618,48.8056,0.0,0.0,0.1419,0.1419
00034,2477565,1.0,CNY,2025-07-28T00:00:00,2025-07-29T00:00:00,840.71,117.2243,100.2036,0.0,0.0,0.0,0.0,10.0,10.0,367.92,51.3009,43.8521,0.0,0.0,0.1394,0.1394
00034,2462466,1.0,CNY,2025-07-08T00:00:00,2025-07-18T00:00:00,13221.24,1843.5023,1575.8303,0.0,0.0,0.0,0.0,120.0,120.0,3646.31,508.4229,434.6011,0.0,0.0,0.1394,0.1394
00034,2006250,1.0,CNY,2023-07-11T00:00:00,2024-02-08T00:00:00,127156.1,17679.8986,15994.2156,0.0,0.0,0.0,0.0,1632.8,1632.8,82985.38,11538.3619,10438.2413,0.0,0.0,0.139,0.139
00034,2043984,1.0,CNY,2024-01-02T00:00:00,2024-01-09T00:00:00,238417.68,33425.7773,30617.5985,0.0,0.0,0.0,0.0,3061.5,3061.5,155597.59,21814.5332,19981.8425,0.0,0.0,0.1402,0.1402
00034,2124782,1.0,CNY,2024-04-18T00:00:00,2024-04-24T00:00:00,1946.9,269.0226,250.8037,0.0,0.0,0.0,0.0,20.0,20.0,1325.33,183.1341,170.7318,0.0,0.0,0.1382,0.1382
00034,2124798,1.0,CNY,2024-04-18T00:00:00,2024-04-24T00:00:00,0.0,0.0,0.0,0.0,0.0,0.0,0.0,20.0,20.0,1325.33,183.1341,170.7318,0.0,0.0,0.1382,0.1382
00034,2141736,1.0,CNY,2024-05-10T00:00:00,2024-05-16T00:00:00,18098.08,2502.2586,2315.3417,0.0,0.0,0.0,0.0,204.1,204.1,10643.12,1471.5284,1361.6063,0.0,0.0,0.1383,0.1383
00034,2144535,1.0,CNY,2024-05-14T00:00:00,2024-05-22T00:00:00,18098.08,2502.2586,2315.3417,0.0,0.0,0.0,0.0,204.1,204.1,10643.12,1471.5284,1361.6063,0.0,0.0,0.1383,0.1383
00034,2151523,1.0,CNY,2024-05-23T00:00:00,2024-05-29T00:00:00,11061.95,1529.4363,1415.1884,0.0,0.0,0.0,0.0,100.0,100.0,6626.67,916.21,847.7698,0.0,0.0,0.1383,0.1383
00034,2152332,1.0,CNY,2024-05-24T00:00:00,2024-05-28T00:00:00,0.0,0.0,0.0,0.0,0.0,0.0,0.0,40.0,40.0,2650.67,366.4843,339.1082,0.0,0.0,0.1383,0.1383
00034,2219170,1.0,CNY,2024-08-20T00:00:00,2024-08-23T00:00:00,79472.56,11112.7593,10088.3024,0.0,0.0,0.0,0.0,1020.5,1020.5,53215.62,7441.2146,6755.2281,0.0,0.0,0.1398,0.1398
00034,2220490,1.0,CNY,2024-08-22T00:00:00,2024-08-23T00:00:00,127156.1,17780.4155,16141.2843,0.0,0.0,0.0,0.0,1632.8,1632.8,85145.0,11905.9446,10808.3659,0.0,0.0,0.1398,0.1398
00034,2234814,1.0,CNY,2024-09-10T00:00:00,2024-09-12T00:00:00,0.0,0.0,0.0,0.0,0.0,0.0,0.0,20.0,20.0,1325.33,187.2986,168.6252,0.0,0.0,0.1413,0.1413
00034,2236471,1.0,CNY,2024-09-12T00:00:00,2024-09-14T00:00:00,0.0,0.0,0.0,0.0,0.0,0.0,0.0,10.0,10.0,958.93,135.5181,122.0072,0.0,0.0,0.1413,0.1413
00034,1816050,1.0,CNY,2023-03-07T00:00:00,2023-03-10T00:00:00,238417.68,34581.054,32301.6617,0.0,0.0,0.0,0.0,3061.5,3061.5,155597.59,22568.4968,21080.9061,0.0,0.0,0.145,0.145
00034,1760457,1.0,CNY,2022-12-23T00:00:00,2023-01-10T00:00:00,149552.81,21423.1559,20239.5501,0.0,0.0,0.0,0.0,2449.2,2449.2,115068.82,16483.3898,15572.7007,0.0,0.0,0.1432,0.1432
00034,1831305,1.0,CNY,2023-03-28T00:00:00,2023-03-29T00:00:00,0.0,0.0,0.0,0.0,0.0,0.0,0.0,816.4,816.4,46616.98,6761.5132,6315.8316,0.0,0.0,0.145,0.145
00034,1835954,1.0,CNY,2023-04-03T00:00:00,2023-05-11T00:00:00,31789.02,4618.3056,4206.8508,0.0,0.0,0.0,0.0,408.2,408.2,20746.34,3014.0262,2745.5001,0.0,0.0,0.1453,0.1453
00034,1870225,1.0,CNY,2023-05-18T00:00:00,2023-05-25T00:00:00,1460.18,209.1866,192.1998,0.0,0.0,0.0,0.0,15.0,15.0,814.65,116.7074,107.2303,0.0,0.0,0.1433,0.1433
00034,1889774,1.0,CNY,2023-06-13T00:00:00,2023-06-16T00:00:00,97678.99,13662.8487,12605.7569,0.0,0.0,0.0,0.0,1632.8,1632.8,156571.95,21900.5015,20206.0642,0.0,0.0,0.1399,0.1399
00034,1915520,1.0,CNY,2023-07-17T00:00:00,2023-07-25T00:00:00,0.0,0.0,0.0,0.0,0.0,0.0,0.0,20.0,20.0,1917.83,266.6568,241.2325,0.0,0.0,0.139,0.139
00034,1965857,1.0,CNY,2023-09-21T00:00:00,2023-10-10T00:00:00,21781.55,2991.9725,2799.7111,0.0,0.0,0.0,0.0,364.1,364.1,34914.49,4795.9486,4487.7654,0.0,0.0,0.1374,0.1374
00034,1990322,1.0,CNY,2023-10-23T00:00:00,2023-11-08T00:00:00,63578.05,8738.6313,8270.3281,0.0,0.0,0.0,0.0,816.4,816.4,41492.69,5703.0582,5397.4314,0.0,0.0,0.1374,0.1374
00034,2036042,1.0,CNY,2023-12-22T00:00:00,2023-12-27T00:00:00,4203.54,589.8924,540.3159,0.0,0.0,0.0,0.0,50.0,50.0,2541.2,356.6124,326.6415,0.0,0.0,0.1403,0.1403
00034,1806989,1.0,CNY,2023-02-23T00:00:00,2023-03-08T00:00:00,14449.57,2113.855,1973.5064,0.0,0.0,0.0,0.0,204.1,204.1,11654.25,1704.9224,1591.7246,0.0,0.0,0.1463,0.1463
00034,1817780,1.0,CNY,2023-03-09T00:00:00,2023-03-16T00:00:00,0.0,0.0,0.0,0.0,0.0,0.0,0.0,816.4,816.4,46616.98,6761.5132,6315.8316,0.0,0.0,0.145,0.145
00034,1978198,1.0,CNY,2023-10-07T00:00:00,2023-10-10T00:00:00,1327.43,182.4517,172.6741,0.0,0.0,0.0,0.0,10.0,10.0,958.93,131.8023,124.7391,0.0,0.0,0.1374,0.1374
00020,26001242,1.0,EUR,2026-07-01T00:00:00,1900-01-01T00:00:00,23630.72,26983.8625,23630.72,0.0,0.0,0.0,0.0,4.0,4.0,14798.04,16897.8464,14798.04,0.0,0.0,1.1419,1.1419
00020,26001422,1.0,EUR,2026-07-30T00:00:00,1900-01-01T00:00:00,132142.77,150893.5119,132142.77,0.0,0.0,0.0,0.0,4.0,4.0,61516.85,70245.9434,61516.85,0.0,0.0,1.1419,1.1419
00020,26000439,1.0,EUR,2026-03-05T00:00:00,1900-01-01T00:00:00,125834.4707,145608.4266,125834.4707,0.0,0.0,0.0,0.0,7.0,7.0,107654.49,124571.5965,107654.49,0.0,0.0,1.1571,1.1571
00020,26000792,1.0,EUR,2026-04-20T00:00:00,1900-01-01T00:00:00,125834.4707,147054.6674,125834.4707,0.0,0.0,0.0,0.0,7.0,7.0,107654.49,125808.891,107654.49,0.0,0.0,1.1686,1.1686
00020,26000793,1.0,EUR,2026-04-20T00:00:00,1900-01-01T00:00:00,143810.8237,168062.477,143810.8237,0.0,0.0,0.0,0.0,8.0,8.0,123033.71,143781.5981,123033.71,0.0,0.0,1.1686,1.1686
00020,26001408,1.0,EUR,2026-07-29T00:00:00,1900-01-01T00:00:00,125834.4707,143690.0801,125834.4707,0.0,0.0,0.0,0.0,7.0,7.0,107654.49,122930.4038,107654.49,0.0,0.0,1.1419,1.1419
00020,26001409,1.0,EUR,2026-07-29T00:00:00,1900-01-01T00:00:00,143810.8237,164217.2344,143810.8237,0.0,0.0,0.0,0.0,8.0,8.0,123033.71,140491.8982,123033.71,0.0,0.0,1.1419,1.1419
00020,26001410,1.0,EUR,2026-07-29T00:00:00,1900-01-01T00:00:00,125834.4707,143690.0801,125834.4707,0.0,0.0,0.0,0.0,7.0,7.0,107654.49,122930.4038,107654.49,0.0,0.0,1.1419,1.1419
00020,26001411,1.0,EUR,2026-07-29T00:00:00,1900-01-01T00:00:00,143810.8237,164217.2344,143810.8237,0.0,0.0,0.0,0.0,8.0,8.0,123033.71,140491.8982,123033.71,0.0,0.0,1.1419,1.1419
00020,26000286,1.0,EUR,2026-02-11T00:00:00,1900-01-01T00:00:00,107858.1178,127570.688,107858.1178,0.0,0.0,0.0,0.0,6.0,6.0,92275.28,109139.87,92275.28,0.0,0.0,1.1828,1.1828
00020,26000438,1.0,EUR,2026-03-05T00:00:00,1900-01-01T00:00:00,125834.4707,145608.4266,125834.4707,0.0,0.0,0.0,0.0,7.0,7.0,107654.49,124571.5965,107654.49,0.0,0.0,1.1571,1.1571
00020,26001431,1.0,EUR,2026-07-31T00:00:00,1900-01-01T00:00:00,2790.0,3185.8943,2790.0,0.0,0.0,0.0,0.0,5.0,5.0,2122.5,2423.6777,2122.5,0.0,0.0,1.1419,1.1419
00020,20001908,1.0,EUR,2020-09-15T00:00:00,2020-10-09T00:00:00,126.14,148.7644,126.14,0.0,0.0,0.0,0.0,17.0,17.0,81.75,96.4126,81.75,0.0,0.0,1.1794,1.1794
00020,19002477,1.0,EUR,2019-11-26T00:00:00,2020-01-13T00:00:00,17552.5,19393.7572,17552.5,0.0,0.0,0.0,0.0,2950.0,2950.0,11723.3,12953.0742,11723.3,0.0,0.0,1.1049,1.1049
00020,21002409,1.0,EUR,2021-09-29T00:00:00,2022-03-07T00:00:00,26262.44,30932.2301,26262.44,0.0,0.0,0.0,0.0,5.0,5.0,6398.2,7535.8799,6398.2,0.0,0.0,1.1778,1.1778
00020,22000916,1.0,EUR,2022-04-20T00:00:00,2022-10-19T00:00:00,9699.72,10505.4534,9699.72,0.0,0.0,0.0,0.0,4.0,4.0,2543.58,2754.8693,2543.58,0.0,0.0,1.0831,1.0831
00020,22002359,1.0,EUR,2022-11-16T00:00:00,2022-11-21T00:00:00,16917.82,17263.7234,16917.82,0.0,0.0,0.0,0.0,2.9935,2.9935,9542.82,9737.9335,9542.82,0.0,0.0,1.0204,1.0204
00020,19002384,1.0,EUR,2019-11-15T00:00:00,2020-01-08T00:00:00,14920.0,16485.108,14920.0,0.0,0.0,0.0,0.0,4.0,4.0,10360.0,11446.764,10360.0,0.0,0.0,1.1049,1.1049
00020,20000132,1.0,EUR,2020-01-17T00:00:00,2020-02-13T00:00:00,6858.0,7617.7656,6858.0,0.0,0.0,0.0,0.0,15.0,15.0,5598.0,6218.1761,5598.0,0.0,0.0,1.1108,1.1108
00020,20001465,1.0,EUR,2020-07-09T00:00:00,2020-08-14T00:00:00,2743.2,3137.9377,2743.2,0.0,0.0,0.0,0.0,6.0,6.0,2332.8,2668.4825,2332.8,0.0,0.0,1.1439,1.1439
00020,20001833,1.0,EUR,2020-09-04T00:00:00,2020-10-15T00:00:00,6858.0,8088.0454,6858.0,0.0,0.0,0.0,0.0,15.0,15.0,5832.0,6878.0229,5832.0,0.0,0.0,1.1794,1.1794
00020,20001959,1.0,EUR,2020-09-22T00:00:00,2020-11-20T00:00:00,15750.0,18574.9074,15750.0,0.0,0.0,0.0,0.0,5.0,5.0,13400.0,15803.4133,13400.0,0.0,0.0,1.1794,1.1794
00020,21000792,1.0,EUR,2021-03-29T00:00:00,2021-04-16T00:00:00,2865.6,3413.0669,2865.6,0.0,0.0,0.0,0.0,6.0,6.0,2332.8,2778.4765,2332.8,0.0,0.0,1.191,1.191
00020,21001119,1.0,EUR,2021-05-04T00:00:00,2021-11-11T00:00:00,18850.0,22882.9198,18850.0,0.0,0.0,0.0,0.0,5.0,5.0,13400.0,16266.9032,13400.0,0.0,0.0,1.2139,1.2139
00020,21001131,1.0,EUR,2021-05-04T00:00:00,2021-05-31T00:00:00,14160.0,17189.5037,14160.0,0.0,0.0,0.0,0.0,4.0,4.0,12600.0,15295.7448,12600.0,0.0,0.0,1.2139,1.2139
00020,21001198,1.0,EUR,2021-05-12T00:00:00,2021-06-10T00:00:00,2388.0,2898.9078,2388.0,0.0,0.0,0.0,0.0,5.0,5.0,1944.0,2359.9149,1944.0,0.0,0.0,1.2139,1.2139
00020,21001275,1.0,EUR,2021-05-20T00:00:00,2021-08-04T00:00:00,20900.0,25371.5132,20900.0,0.0,0.0,0.0,0.0,5.0,5.0,17050.0,20697.8134,17050.0,0.0,0.0,1.2139,1.2139
00020,21001416,1.0,EUR,2021-06-04T00:00:00,2021-11-11T00:00:00,18850.0,22708.0559,18850.0,0.0,0.0,0.0,0.0,5.0,5.0,13400.0,16142.5968,13400.0,0.0,0.0,1.2047,1.2047
00020,21001731,1.0,EUR,2021-07-06T00:00:00,2021-08-13T00:00:00,4514.4,5339.1294,4514.4,0.0,0.0,0.0,0.0,9.0,9.0,3499.2,4138.4639,3499.2,0.0,0.0,1.1827,1.1827
00020,21001851,1.0,EUR,2021-07-20T00:00:00,2021-12-17T00:00:00,25080.0,29661.8301,25080.0,0.0,0.0,0.0,0.0,6.0,6.0,22380.0,26468.5709,22380.0,0.0,0.0,1.1827,1.1827
00020,21001852,1.0,EUR,2021-07-20T00:00:00,2021-10-08T00:00:00,15048.0,17797.0981,15048.0,0.0,0.0,0.0,0.0,30.0,30.0,11664.0,13794.8798,11664.0,0.0,0.0,1.1827,1.1827
00020,21002510,1.0,EUR,2021-10-13T00:00:00,2022-02-08T00:00:00,7728.0,8963.055,7728.0,0.0,0.0,0.0,0.0,14.0,14.0,6417.6,7443.2326,6417.6,0.0,0.0,1.1598,1.1598
00020,21002631,1.0,EUR,2021-10-26T00:00:00,2021-12-10T00:00:00,3657.6,4242.1415,3657.6,0.0,0.0,0.0,0.0,8.0,8.0,2799.55,3246.9618,2799.55,0.0,0.0,1.1598,1.1598
00020,22000037,1.0,EUR,2022-01-06T00:00:00,2022-09-08T00:00:00,47600.0,53907.7092,47600.0,0.0,0.0,0.0,0.0,7.0,7.0,24990.0,28301.5474,24990.0,0.0,0.0,1.1325,1.1325
00020,22000634,1.0,EUR,2022-03-11T00:00:00,2022-06-13T00:00:00,45560.0,50161.5646,45560.0,0.0,0.0,0.0,0.0,6700.0,6700.0,23919.0,26334.8214,23919.0,0.0,0.0,1.101,1.101
00020,22001368,1.0,EUR,2022-06-16T00:00:00,2022-06-22T00:00:00,8712.0,9212.1063,8712.0,0.0,0.0,0.0,0.0,12.0,12.0,6638.4,7019.4727,6638.4,0.0,0.0,1.0574,1.0574
00020,22001557,1.0,EUR,2022-07-14T00:00:00,2022-08-08T00:00:00,30500.0,31120.3182,30500.0,0.0,0.0,0.0,0.0,5.0,5.0,22600.0,23059.6456,22600.0,0.0,0.0,1.0203,1.0203
00020,22001867,1.0,EUR,2022-09-06T00:00:00,2022-11-17T00:00:00,40800.0,40466.766,40800.0,0.0,0.0,0.0,0.0,6.0,6.0,21420.0,21245.0522,21420.0,0.0,0.0,0.9918,0.9918
00020,19002620,1.0,EUR,2019-12-12T00:00:00,2020-01-13T00:00:00,6858.0,7622.3927,6858.0,0.0,0.0,0.0,0.0,15.0,15.0,5598.0,6221.9531,5598.0,0.0,0.0,1.1115,1.1115
00020,20000100,1.0,EUR,2020-01-14T00:00:00,2020-03-09T00:00:00,18650.0,20716.1458,18650.0,0.0,0.0,0.0,0.0,5.0,5.0,12950.0,14384.6696,12950.0,0.0,0.0,1.1108,1.1108
00020,21000063,1.0,EUR,2021-01-12T00:00:00,2021-01-29T00:00:00,6858.0,8346.0674,6858.0,0.0,0.0,0.0,0.0,15.0,15.0,5832.0,7097.4431,5832.0,0.0,0.0,1.217,1.217
00020,21001024,1.0,EUR,2021-04-21T00:00:00,2021-05-31T00:00:00,1910.4,2283.138,1910.4,0.0,0.0,0.0,0.0,4.0,4.0,1555.2,1858.6349,1555.2,0.0,0.0,1.1951,1.1951
00020,21002937,1.0,EUR,2021-12-03T00:00:00,2022-02-04T00:00:00,8527.2,9639.3746,8527.2,0.0,0.0,0.0,0.0,17.0,17.0,7792.8,8809.1892,7792.8,0.0,0.0,1.1304,1.1304
00020,20001389,1.0,EUR,2020-06-30T00:00:00,2020-07-02T00:00:00,2064.0,2322.0149,2064.0,0.0,0.0,0.0,0.0,5.0,5.0,1725.9,1941.6499,1725.9,0.0,0.0,1.125,1.125
00020,20001962,1.0,EUR,2020-09-22T00:00:00,2020-11-09T00:00:00,11868.36,13997.0596,11868.36,0.0,0.0,0.0,0.0,2982.0,2982.0,10511.85,12397.247,10511.85,0.0,0.0,1.1794,1.1794
00020,21001813,1.0,EUR,2021-07-14T00:00:00,2021-09-22T00:00:00,18160.0,21477.625,18160.0,0.0,0.0,0.0,0.0,4.0,4.0,13640.0,16131.8725,13640.0,0.0,0.0,1.1827,1.1827
00020,20000421,1.0,EUR,2020-02-20T00:00:00,2020-03-18T00:00:00,13400.0,14630.8945,13400.0,0.0,0.0,0.0,0.0,4.0,4.0,9280.0,10132.4404,9280.0,0.0,0.0,1.0919,1.0919
00020,20001461,1.0,EUR,2020-07-08T00:00:00,2020-08-14T00:00:00,1972.8,2256.6796,1972.8,0.0,0.0,0.0,0.0,4.0,4.0,1555.2,1778.9883,1555.2,0.0,0.0,1.1439,1.1439
00020,20001609,1.0,EUR,2020-07-30T00:00:00,2020-08-13T00:00:00,16750.0,19160.2714,16750.0,0.0,0.0,0.0,0.0,5.0,5.0,11950.0,13669.5668,11950.0,0.0,0.0,1.1439,1.1439
00020,20001720,1.0,EUR,2020-08-19T00:00:00,2020-09-10T00:00:00,3669.6,4339.313,3669.6,0.0,0.0,0.0,0.0,880.0,880.0,2772.0,3277.8983,2772.0,0.0,0.0,1.1825,1.1825
00020,20001844,1.0,EUR,2020-09-07T00:00:00,2020-09-30T00:00:00,13400.0,15803.4133,13400.0,0.0,0.0,0.0,0.0,4.0,4.0,9560.0,11274.674,9560.0,0.0,0.0,1.1794,1.1794
00020,20002322,1.0,EUR,2020-11-06T00:00:00,2020-11-19T00:00:00,20100.0,23792.565,20100.0,0.0,0.0,0.0,0.0,6.0,6.0,14340.0,16974.3971,14340.0,0.0,0.0,1.1837,1.1837
00020,21000701,1.0,EUR,2021-03-19T00:00:00,2021-04-14T00:00:00,14080.0,16769.9544,14080.0,0.0,0.0,0.0,0.0,4.0,4.0,9560.0,11386.4179,9560.0,0.0,0.0,1.191,1.191
00020,21001382,1.0,EUR,2021-06-02T00:00:00,2021-07-16T00:00:00,14080.0,16961.7733,14080.0,0.0,0.0,0.0,0.0,4.0,4.0,9560.0,11516.6586,9560.0,0.0,0.0,1.2047,1.2047
00020,21002461,1.0,EUR,2021-10-06T00:00:00,2021-11-22T00:00:00,3571.2,4141.9335,3571.2,0.0,0.0,0.0,0.0,960.0,960.0,2592.0,3006.242,2592.0,0.0,0.0,1.1598,1.1598
00020,21003126,1.0,EUR,2021-12-28T00:00:00,2022-02-04T00:00:00,15600.0,17634.6565,15600.0,0.0,0.0,0.0,0.0,4.0,4.0,12600.0,14243.3764,12600.0,0.0,0.0,1.1304,1.1304
00020,22000395,1.0,EUR,2022-02-14T00:00:00,2022-03-14T00:00:00,3540.0,4014.7098,3540.0,0.0,0.0,0.0,0.0,5.0,5.0,2388.0,2708.2279,2388.0,0.0,0.0,1.1341,1.1341
00020,1764,1.0,EUR,2021-03-29T00:00:00,2021-03-29T00:00:00,-11299.05,-13457.7098,-11299.05,0.0,0.0,0.0,0.0,-1899.0,-1899.0,-7506.75,-8940.8988,-7506.75,0.0,0.0,1.191,1.191
00020,21000782,1.0,EUR,2021-03-29T00:00:00,2021-03-29T00:00:00,-11299.05,-13457.7098,-11299.05,0.0,0.0,0.0,0.0,1899.0,1899.0,7506.75,8940.8988,7506.75,0.0,0.0,1.191,1.191
00020,21000901,1.0,EUR,2021-04-09T00:00:00,2021-04-09T00:00:00,11299.05,13503.6065,11299.05,0.0,0.0,0.0,0.0,-1899.0,-1899.0,-6788.93,-8113.5175,-6788.93,0.0,0.0,1.1951,1.1951
00020,21000902,1.0,EUR,2021-04-09T00:00:00,2021-04-09T00:00:00,-11299.05,-13503.6065,-11299.05,0.0,0.0,0.0,0.0,-1899.0,-1899.0,-6788.93,-8113.5175,-6788.93,0.0,0.0,1.1951,1.1951
00020,20002722,1.0,EUR,2020-12-30T00:00:00,2021-02-15T00:00:00,19900.0,24204.2128,19900.0,0.0,0.0,0.0,0.0,5.0,5.0,16689.0,20298.6989,16689.0,0.0,0.0,1.2163,1.2163
00020,21001157,1.0,EUR,2021-05-06T00:00:00,2021-06-16T00:00:00,5869.93,7125.7898,5869.93,0.0,0.0,0.0,0.0,1241.0,1241.0,4143.7,5030.2363,4143.7,0.0,0.0,1.2139,1.2139
00020,21002329,1.0,EUR,2021-09-21T00:00:00,2021-11-17T00:00:00,40200.0,47348.0625,40200.0,0.0,0.0,0.0,0.0,5.0,5.0,23850.0,28090.8281,23850.0,0.0,0.0,1.1778,1.1778
00020,21003007,1.0,EUR,2021-12-14T00:00:00,2022-02-25T00:00:00,101648.64,114906.3367,101648.64,0.0,0.0,0.0,0.0,9888.0,9888.0,47165.76,53317.4344,47165.76,0.0,0.0,1.1304,1.1304
00020,22000206,1.0,EUR,2022-01-25T00:00:00,2022-06-09T00:00:00,89700.0,101586.5865,89700.0,0.0,0.0,0.0,0.0,6.0,6.0,48678.0,55128.5603,48678.0,0.0,0.0,1.1325,1.1325
00020,22000752,1.0,EUR,2022-03-28T00:00:00,2022-07-07T00:00:00,59800.0,65839.806,59800.0,0.0,0.0,0.0,0.0,4.0,4.0,32452.0,35729.6552,32452.0,0.0,0.0,1.101,1.101
00020,22000788,1.0,EUR,2022-03-31T00:00:00,2022-07-07T00:00:00,74750.0,82299.7575,74750.0,0.0,0.0,0.0,0.0,5000.0,5000.0,40565.0,44662.0691,40565.0,0.0,0.0,1.101,1.101
00020,22001322,1.0,EUR,2022-06-09T00:00:00,2022-09-15T00:00:00,84000.0,88821.9612,84000.0,0.0,0.0,0.0,0.0,4.0,4.0,32452.0,34314.8843,32452.0,0.0,0.0,1.0574,1.0574
00020,20000181,1.0,EUR,2020-01-23T00:00:00,2020-06-04T00:00:00,58368.7294,64835.1266,58368.7294,0.0,0.0,0.0,0.0,6.0,6.0,50337.5,55914.155,50337.5,0.0,0.0,1.1108,1.1108
00020,20000839,1.0,EUR,2020-04-03T00:00:00,2021-02-05T00:00:00,72103.9453,78378.957,72103.9453,0.0,0.0,0.0,0.0,17600.0,17600.0,72524.32,78835.9158,72524.32,0.0,0.0,1.087,1.087
00020,20002644,1.0,EUR,2020-12-16T00:00:00,2021-04-16T00:00:00,63502.4975,77237.586,63502.4975,0.0,0.0,0.0,0.0,7.0,7.0,63603.0,77359.8264,63603.0,0.0,0.0,1.2163,1.2163
00020,20002645,1.0,EUR,2020-12-16T00:00:00,2021-05-10T00:00:00,97554.5825,118654.868,97554.5825,0.0,0.0,0.0,0.0,8.0,8.0,72689.15,88411.2389,72689.15,0.0,0.0,1.2163,1.2163
00020,20002646,1.0,EUR,2020-12-16T00:00:00,2021-10-19T00:00:00,60693.5058,73821.0317,60693.5058,0.0,0.0,0.0,0.0,4.0,4.0,36344.57,44205.6134,36344.57,0.0,0.0,1.2163,1.2163
00020,20002647,1.0,EUR,2020-12-16T00:00:00,2022-01-12T00:00:00,162116.1422,197180.583,162116.1422,0.0,0.0,0.0,0.0,8.0,8.0,100542.71,122289.3039,100542.71,0.0,0.0,1.2163,1.2163
00020,22000184,1.0,EUR,2022-01-21T00:00:00,2022-03-10T00:00:00,84382.8325,95564.8151,84382.8325,0.0,0.0,0.0,0.0,4.0,4.0,50271.35,56933.0529,50271.35,0.0,0.0,1.1325,1.1325
00020,20002253,1.0,EUR,2020-10-30T00:00:00,2020-11-19T00:00:00,13229.8868,15569.8476,13229.8868,0.0,0.0,0.0,0.0,4.0,4.0,12600.0,14828.5532,12600.0,0.0,0.0,1.1769,1.1769
00020,20002471,1.0,EUR,2020-11-26T00:00:00,2020-12-02T00:00:00,13229.8338,15660.2826,13229.8338,0.0,0.0,0.0,0.0,4.0,4.0,12600.0,14914.7422,12600.0,0.0,0.0,1.1837,1.1837
00020,21000302,1.0,EUR,2021-02-05T00:00:00,2021-02-22T00:00:00,13230.1377,16003.1097,13230.1377,0.0,0.0,0.0,0.0,4.0,4.0,12600.0,15240.8983,12600.0,0.0,0.0,1.2096,1.2096
00020,1649,1.0,EUR,2020-06-16T00:00:00,2020-06-22T00:00:00,0.0,0.0,0.0,0.0,0.0,0.0,0.0,-2.0,-2.0,-173.12,-194.7612,-173.12,0.0,0.0,1.125,1.125
00020,1763,1.0,EUR,2021-03-01T00:00:00,2021-03-12T00:00:00,-5950.0,-7086.735,-5950.0,0.0,0.0,0.0,0.0,-1.0,-1.0,-3953.0,-4708.2123,-3953.0,0.0,0.0,1.191,1.191
00020,1764,1.0,EUR,2021-03-01T00:00:00,2021-03-12T00:00:00,11299.05,13457.7098,11299.05,0.0,0.0,0.0,0.0,1899.0,1899.0,6228.72,7418.7039,6228.72,0.0,0.0,1.191,1.191
00020,1895,1.0,EUR,2022-04-13T00:00:00,2022-04-25T00:00:00,-10526.63,-11401.0529,-10526.63,0.0,0.0,0.0,0.0,-1.0,-1.0,-3507.73,-3799.1091,-3507.73,0.0,0.0,1.0831,1.0831
00020,1896,1.0,EUR,2022-04-13T00:00:00,2022-04-29T00:00:00,-12134.7,-13142.7016,-12134.7,0.0,0.0,0.0,0.0,-3.0,-3.0,-5297.23,-5737.2587,-5297.23,0.0,0.0,1.0831,1.0831
00020,24002262,1.0,EUR,2024-11-26T00:00:00,2025-01-08T00:00:00,2136.0,2271.8532,2136.0,0.0,0.0,0.0,0.0,4.0,4.0,1694.3,1802.0604,1694.3,0.0,0.0,1.0636,1.0636
00020,25000961,1.0,EUR,2025-05-19T00:00:00,2025-07-31T00:00:00,257.0,289.7855,257.0,0.0,0.0,0.0,0.0,20.0,20.0,98.56,111.1333,98.56,0.0,0.0,1.1276,1.1276
00020,24002348,1.0,EUR,2024-12-10T00:00:00,2025-01-13T00:00:00,6720.0,7041.8349,6720.0,0.0,0.0,0.0,0.0,10.0,10.0,4488.0,4702.9397,4488.0,0.0,0.0,1.0479,1.0479
00020,25001516,1.0,EUR,2025-08-04T00:00:00,2025-08-15T00:00:00,33600.0,39133.3824,33600.0,0.0,0.0,0.0,0.0,6.0,6.0,21900.0,25506.5796,21900.0,0.0,0.0,1.1647,1.1647
00020,24001122,1.0,EUR,2024-05-30T00:00:00,2025-03-14T00:00:00,95891.8413,103630.543,95891.8413,0.0,0.0,0.0,0.0,5.0,5.0,86816.36,93822.6486,86816.36,0.0,0.0,1.0807,1.0807
00020,25000253,1.0,EUR,2025-02-07T00:00:00,2025-09-08T00:00:00,141173.8674,146987.619,141173.8674,0.0,0.0,0.0,0.0,8.0,8.0,142181.93,148037.1952,142181.93,0.0,0.0,1.0412,1.0412
00020,2533,1.0,EUR,2026-04-17T00:00:00,2026-04-28T00:00:00,-4856.0,-5674.8954,-4856.0,0.0,0.0,0.0,0.0,-0.8,-0.8,-3600.0,-4207.0889,-3600.0,0.0,0.0,1.1686,1.1686
00020,26000063,1.0,EUR,2026-01-13T00:00:00,2026-02-05T00:00:00,10080.0,11824.7845,10080.0,0.0,0.0,0.0,0.0,15.0,15.0,6732.0,7897.2668,6732.0,0.0,0.0,1.1731,1.1731
00020,26000721,1.0,EUR,2026-04-10T00:00:00,2026-04-30T00:00:00,2670.0,3120.2576,2670.0,0.0,0.0,0.0,0.0,5.0,5.0,2122.5,2480.4295,2122.5,0.0,0.0,1.1686,1.1686
00020,26000158,1.0,EUR,2026-01-26T00:00:00,2026-02-11T00:00:00,2670.0,3132.1602,2670.0,0.0,0.0,0.0,0.0,5.0,5.0,2122.5,2489.8914,2122.5,0.0,0.0,1.1731,1.1731
00020,26000262,1.0,EUR,2026-02-09T00:00:00,2026-03-25T00:00:00,4928.0,5828.6605,4928.0,0.0,0.0,0.0,0.0,880.0,880.0,3212.0,3799.0376,3212.0,0.0,0.0,1.1828,1.1828
00020,26000389,1.0,EUR,2026-02-26T00:00:00,2026-04-23T00:00:00,36420.0,43076.2612,36420.0,0.0,0.0,0.0,0.0,6.0,6.0,27000.0,31934.6253,27000.0,0.0,0.0,1.1828,1.1828
00020,26000866,1.0,EUR,2026-04-30T00:00:00,2026-05-21T00:00:00,2832.0,3309.5766,2832.0,0.0,0.0,0.0,0.0,4.0,4.0,1795.2,2097.935,1795.2,0.0,0.0,1.1686,1.1686
00020,25000254,1.0,EUR,2025-02-07T00:00:00,2026-01-12T00:00:00,70506.8664,73410.445,70506.8664,0.0,0.0,0.0,0.0,4.0,4.0,64104.64,66744.5652,64104.64,0.0,0.0,1.0412,1.0412
00020,25001460,1.0,EUR,2025-07-24T00:00:00,2026-03-12T00:00:00,142188.6988,166333.3494,142188.6988,0.0,0.0,0.0,0.0,8.0,8.0,125314.56,146593.862,125314.56,0.0,0.0,1.1698,1.1698
00020,25002242,1.0,EUR,2025-11-19T00:00:00,2026-04-30T00:00:00,117447.5361,135821.3223,117447.5361,0.0,0.0,0.0,0.0,7.0,7.0,109650.24,126804.1977,109650.24,0.0,0.0,1.1564,1.1564
00020,26001058,1.0,EUR,2026-06-03T00:00:00,2026-08-11T00:00:00,2377.32,2736.199,2377.32,0.0,0.0,0.0,0.0,66.0,66.0,992.45,1142.2698,992.45,0.0,0.0,1.151,1.151
00020,26001075,1.0,EUR,2026-06-04T00:00:00,2026-07-08T00:00:00,34800.0,40053.3906,34800.0,0.0,0.0,0.0,0.0,6.0,6.0,24120.0,27761.1431,24120.0,0.0,0.0,1.151,1.151
00020,26001268,1.0,EUR,2026-07-06T00:00:00,2026-07-24T00:00:00,10440.0,11921.4109,10440.0,0.0,0.0,0.0,0.0,15.0,15.0,6732.0,7687.2546,6732.0,0.0,0.0,1.1419,1.1419
00020,24000555,1.0,EUR,2024-03-08T00:00:00,2024-06-05T00:00:00,33906.39,36857.6056,33906.39,0.0,0.0,0.0,0.0,5.0,5.0,22335.3,24279.3667,22335.3,0.0,0.0,1.087,1.087
00020,24000556,1.0,EUR,2024-03-08T00:00:00,2024-06-12T00:00:00,27125.11,29486.0823,27125.11,0.0,0.0,0.0,0.0,4.0,4.0,17868.24,19423.4934,17868.24,0.0,0.0,1.087,1.087
00020,23002300,1.0,EUR,2023-11-10T00:00:00,2024-01-25T00:00:00,10298.55,11131.6697,10298.55,0.0,0.0,0.0,0.0,967.0,967.0,5649.21,6106.213,5649.21,0.0,0.0,1.0809,1.0809
00020,24001774,1.0,EUR,2024-09-12T00:00:00,2024-10-18T00:00:00,21108.3,23445.793,21108.3,0.0,0.0,0.0,0.0,1982.0,1982.0,11099.2,12328.3043,11099.2,0.0,0.0,1.1107,1.1107
00020,24000577,1.0,EUR,2024-03-13T00:00:00,2024-03-29T00:00:00,29000.0,31524.1629,29000.0,0.0,0.0,0.0,0.0,5.0,5.0,20000.0,21740.802,20000.0,0.0,0.0,1.087,1.087
00020,24001658,1.0,EUR,2024-08-23T00:00:00,2024-08-30T00:00:00,174.0,191.6562,174.0,0.0,0.0,0.0,0.0,0.04,0.04,126.0,138.7855,126.0,0.0,0.0,1.1015,1.1015
00020,23002582,1.0,EUR,2023-12-20T00:00:00,2024-01-12T00:00:00,1314.52,1435.0282,1314.52,0.0,0.0,0.0,0.0,5.0,5.0,717.9,783.7133,717.9,0.0,0.0,1.0917,1.0917
00020,24001480,1.0,EUR,2024-07-22T00:00:00,2024-08-22T00:00:00,32589.25,35362.8591,32589.25,0.0,0.0,0.0,0.0,4.998,4.998,22326.37,24226.5249,22326.37,0.0,0.0,1.0851,1.0851
00020,24000160,1.0,EUR,2024-01-22T00:00:00,2024-02-05T00:00:00,3144.0,3432.3057,3144.0,0.0,0.0,0.0,0.0,5.0,5.0,2863.08,3125.6253,2863.08,0.0,0.0,1.0917,1.0917
00020,24000390,1.0,EUR,2024-02-20T00:00:00,2024-03-07T00:00:00,3480.0,3756.4122,3480.0,0.0,0.0,0.0,0.0,5.0,5.0,2454.0,2648.9183,2454.0,0.0,0.0,1.0794,1.0794
00020,24000467,1.0,EUR,2024-02-28T00:00:00,2024-03-25T00:00:00,3144.0,3393.7241,3144.0,0.0,0.0,0.0,0.0,5.0,5.0,2863.08,3090.491,2863.08,0.0,0.0,1.0794,1.0794
00020,24000594,1.0,EUR,2024-03-15T00:00:00,2024-03-28T00:00:00,2136.0,2321.9177,2136.0,0.0,0.0,0.0,0.0,4.0,4.0,2290.46,2489.8219,2290.46,0.0,0.0,1.087,1.087
00020,24000757,1.0,EUR,2024-04-10T00:00:00,2024-05-22T00:00:00,2600.5,2789.2755,2600.5,0.0,0.0,0.0,0.0,743.0,743.0,3021.63,3240.9762,3021.63,0.0,0.0,1.0726,1.0726
00020,24000958,1.0,EUR,2024-05-07T00:00:00,2024-05-24T00:00:00,10440.0,11282.5331,10440.0,0.0,0.0,0.0,0.0,15.0,15.0,7362.0,7956.1311,7362.0,0.0,0.0,1.0807,1.0807
00020,24001193,1.0,EUR,2024-06-07T00:00:00,2024-07-29T00:00:00,2136.0,2299.4824,2136.0,0.0,0.0,0.0,0.0,4.0,4.0,2290.46,2465.7642,2290.46,0.0,0.0,1.0765,1.0765
00020,23001265,1.0,EUR,2023-06-08T00:00:00,2024-02-06T00:00:00,156276.5249,169360.5269,156276.5249,0.0,0.0,0.0,0.0,7.0,7.0,132202.32,143270.7477,132202.32,0.0,0.0,1.0837,1.0837
00020,23001266,1.0,EUR,2023-06-08T00:00:00,2024-03-27T00:00:00,156130.2292,169201.9829,156130.2292,0.0,0.0,0.0,0.0,7.0,7.0,132202.32,143270.7477,132202.32,0.0,0.0,1.0837,1.0837
00020,23001267,1.0,EUR,2023-06-08T00:00:00,2024-06-24T00:00:00,179396.1198,194415.7729,179396.1198,0.0,0.0,0.0,0.0,8.0,8.0,138488.11,150082.8054,138488.11,0.0,0.0,1.0837,1.0837
00020,23001268,1.0,EUR,2023-06-08T00:00:00,2024-12-17T00:00:00,114756.1771,124363.9544,114756.1771,0.0,0.0,0.0,0.0,5.0,5.0,86816.36,94084.9208,86816.36,0.0,0.0,1.0837,1.0837
00020,23000328,1.0,EUR,2023-02-14T00:00:00,2023-03-14T00:00:00,22000.0,23564.3342,22000.0,0.0,0.0,0.0,0.0,4.0,4.0,15640.0,16752.0994,15640.0,0.0,0.0,1.0711,1.0711
00020,23000465,1.0,EUR,2023-02-28T00:00:00,2023-03-14T00:00:00,22000.0,23564.3342,22000.0,0.0,0.0,0.0,0.0,4.0,4.0,15640.0,16752.0994,15640.0,0.0,0.0,1.0711,1.0711
00020,22001661,1.0,EUR,2022-08-02T00:00:00,2023-02-23T00:00:00,75600.0,76523.454,75600.0,0.0,0.0,0.0,0.0,3600.0,3600.0,41454.0,41960.3606,41454.0,0.0,0.0,1.0122,1.0122
00020,23001642,1.0,EUR,2023-07-28T00:00:00,2023-08-28T00:00:00,95000.0,105003.9655,95000.0,0.0,0.0,0.0,0.0,5.0,5.0,57821.0,63909.8346,57821.0,0.0,0.0,1.1053,1.1053
00020,23001984,1.0,EUR,2023-09-21T00:00:00,2023-12-14T00:00:00,52983.75,56619.9135,52983.75,0.0,0.0,0.0,0.0,4975.0,4975.0,31193.25,33333.9772,31193.25,0.0,0.0,1.0686,1.0686
00020,23000141,1.0,EUR,2023-01-23T00:00:00,2023-05-12T00:00:00,27386.02,29525.0024,27386.02,0.0,0.0,0.0,0.0,4.0,4.0,12751.39,13747.336,12751.39,0.0,0.0,1.0781,1.0781
00020,23000199,1.0,EUR,2023-01-30T00:00:00,2023-04-28T00:00:00,35713.14,38502.5112,35713.14,0.0,0.0,0.0,0.0,5.0,5.0,15939.24,17184.1727,15939.24,0.0,0.0,1.0781,1.0781
00020,23000484,1.0,EUR,2023-03-02T00:00:00,2023-03-21T00:00:00,2030.3,2173.4583,2030.3,0.0,0.0,0.0,0.0,2238.0,2238.0,3413.17,3653.8357,3413.17,0.0,0.0,1.0705,1.0705
00020,22002311,1.0,EUR,2022-11-09T00:00:00,2023-01-16T00:00:00,34000.0,34695.1674,34000.0,0.0,0.0,0.0,0.0,5.0,5.0,17850.0,18214.9629,17850.0,0.0,0.0,1.0204,1.0204
00020,23000220,1.0,EUR,2023-02-02T00:00:00,2023-02-16T00:00:00,18975.46,20324.731,18975.46,0.0,0.0,0.0,0.0,1.909,1.909,7521.46,8056.2817,7521.46,0.0,0.0,1.0711,1.0711
00020,23001344,1.0,EUR,2023-06-19T00:00:00,2023-07-07T00:00:00,10710.0,11606.6776,10710.0,0.0,0.0,0.0,0.0,15.0,15.0,8298.0,8992.7368,8298.0,0.0,0.0,1.0837,1.0837
00020,23002128,1.0,EUR,2023-10-16T00:00:00,2023-11-07T00:00:00,10710.0,11316.1689,10710.0,0.0,0.0,0.0,0.0,15.0,15.0,8298.0,8767.6535,8298.0,0.0,0.0,1.0566,1.0566
00020,1992,1.0,EUR,2022-12-30T00:00:00,2023-01-12T00:00:00,-10526.63,-11141.9999,-10526.63,0.0,0.0,0.0,0.0,-1.0,-1.0,-3298.89,-3491.7378,-3298.89,0.0,0.0,1.0585,1.0585
00020,2009,1.0,EUR,2023-03-13T00:00:00,2023-03-24T00:00:00,-5800.0,-6208.9632,-5800.0,0.0,0.0,0.0,0.0,-1.0,-1.0,-4520.0,-4838.7093,-4520.0,0.0,0.0,1.0705,1.0705
00020,22000186,1.0,EUR,2022-01-21T00:00:00,2023-01-27T00:00:00,147802.8068,167388.881,147802.8068,0.0,0.0,0.0,0.0,7.0,7.0,121272.8,137343.253,121272.8,0.0,0.0,1.1325,1.1325
00020,22001420,1.0,EUR,2022-06-22T00:00:00,2023-03-27T00:00:00,178705.4035,188963.8621,178705.4035,0.0,0.0,0.0,0.0,8.0,8.0,138597.48,146553.5713,138597.48,0.0,0.0,1.0574,1.0574
00020,23001264,1.0,EUR,2023-06-08T00:00:00,2023-12-08T00:00:00,110792.2661,120068.1714,110792.2661,0.0,0.0,0.0,0.0,5.0,5.0,95754.33,103771.2081,95754.33,0.0,0.0,1.0837,1.0837
00020,20000206,1.0,EUR,2020-01-28T00:00:00,2020-03-13T00:00:00,17850.0,19827.5176,17850.0,0.0,0.0,0.0,0.0,3.0,3.0,11922.0,13242.7823,11922.0,0.0,0.0,1.1108,1.1108
00020,20000860,1.0,EUR,2020-04-07T00:00:00,2020-05-14T00:00:00,17850.0,19403.4373,17850.0,0.0,0.0,0.0,0.0,3.0,3.0,11922.0,12959.5395,11922.0,0.0,0.0,1.087,1.087
00020,20001876,1.0,EUR,2020-09-10T00:00:00,2020-10-05T00:00:00,17850.0,21051.5617,17850.0,0.0,0.0,0.0,0.0,3.0,3.0,11859.0,13986.0208,11859.0,0.0,0.0,1.1794,1.1794
00020,20002084,1.0,EUR,2020-10-09T00:00:00,2020-11-09T00:00:00,17850.0,21007.117,17850.0,0.0,0.0,0.0,0.0,3.0,3.0,11859.0,13956.493,11859.0,0.0,0.0,1.1769,1.1769
00020,21001171,1.0,EUR,2021-05-07T00:00:00,2021-06-10T00:00:00,31579.89,38336.3443,31579.89,0.0,0.0,0.0,0.0,3.0,3.0,9896.67,12014.0428,9896.67,0.0,0.0,1.2139,1.2139
00020,22000057,1.0,EUR,2022-01-10T00:00:00,2022-03-08T00:00:00,13016.76,14741.6746,13016.76,0.0,0.0,0.0,0.0,3.0,3.0,3838.92,4347.6341,3838.92,0.0,0.0,1.1325,1.1325
00020,22001771,1.0,EUR,2022-08-17T00:00:00,2022-08-29T00:00:00,16954.55,17161.6498,16954.55,0.0,0.0,0.0,0.0,3.0,3.0,9563.54,9680.3586,9563.54,0.0,0.0,1.0122,1.0122
00020,20000003,1.0,EUR,2020-01-02T00:00:00,2020-01-22T00:00:00,11430.0,12696.276,11430.0,0.0,0.0,0.0,0.0,3.0,3.0,9330.0,10363.6268,9330.0,0.0,0.0,1.1108,1.1108
00020,20001013,1.0,EUR,2020-04-30T00:00:00,2020-05-29T00:00:00,11430.0,12424.722,11430.0,0.0,0.0,0.0,0.0,3.0,3.0,9450.0,10272.408,9450.0,0.0,0.0,1.087,1.087
00020,20001277,1.0,EUR,2020-06-15T00:00:00,2020-08-06T00:00:00,11430.0,12858.8323,11430.0,0.0,0.0,0.0,0.0,3.0,3.0,9450.0,10631.318,9450.0,0.0,0.0,1.125,1.125
00020,20001880,1.0,EUR,2020-09-10T00:00:00,2020-10-13T00:00:00,11430.0,13480.0757,11430.0,0.0,0.0,0.0,0.0,3.0,3.0,9450.0,11144.9444,9450.0,0.0,0.0,1.1794,1.1794
00020,20002237,1.0,EUR,2020-10-28T00:00:00,2020-11-19T00:00:00,11430.0,13451.6161,11430.0,0.0,0.0,0.0,0.0,3.0,3.0,9450.0,11121.4149,9450.0,0.0,0.0,1.1769,1.1769
00020,21000242,1.0,EUR,2021-01-29T00:00:00,2021-02-15T00:00:00,11430.0,13910.1123,11430.0,0.0,0.0,0.0,0.0,3.0,3.0,9450.0,11500.4865,9450.0,0.0,0.0,1.217,1.217
00020,21001088,1.0,EUR,2021-04-28T00:00:00,2021-06-24T00:00:00,11940.0,14269.6122,11940.0,0.0,0.0,0.0,0.0,3.0,3.0,9450.0,11293.7886,9450.0,0.0,0.0,1.1951,1.1951
00020,21001840,1.0,EUR,2021-07-19T00:00:00,2021-08-16T00:00:00,13620.0,16108.2187,13620.0,0.0,0.0,0.0,0.0,3.0,3.0,10230.0,12098.9044,10230.0,0.0,0.0,1.1827,1.1827
00020,21001850,1.0,EUR,2021-07-20T00:00:00,2022-02-08T00:00:00,13800.0,16321.1027,13800.0,0.0,0.0,0.0,0.0,3.0,3.0,11190.0,13234.2854,11190.0,0.0,0.0,1.1827,1.1827
00020,21002641,1.0,EUR,2021-10-27T00:00:00,2021-12-10T00:00:00,1371.6,1590.8031,1371.6,0.0,0.0,0.0,0.0,3.0,3.0,1049.83,1217.6092,1049.83,0.0,0.0,1.1598,1.1598
00020,22000234,1.0,EUR,2022-01-27T00:00:00,2022-04-05T00:00:00,17400.0,19705.7593,17400.0,0.0,0.0,0.0,0.0,3.0,3.0,13560.0,15356.902,13560.0,0.0,0.0,1.1325,1.1325
00020,22000306,1.0,EUR,2022-02-04T00:00:00,2022-09-14T00:00:00,20400.0,23135.6155,20400.0,0.0,0.0,0.0,0.0,3.0,3.0,10710.0,12146.1981,10710.0,0.0,0.0,1.1341,1.1341
00020,22001651,1.0,EUR,2022-07-29T00:00:00,2022-08-31T00:00:00,18150.0,18519.1401,18150.0,0.0,0.0,0.0,0.0,3.0,3.0,13560.0,13835.7873,13560.0,0.0,0.0,1.0203,1.0203
00020,21000606,1.0,EUR,2021-03-11T00:00:00,2021-06-03T00:00:00,9960.0,11862.8371,9960.0,0.0,0.0,0.0,0.0,3.0,3.0,8040.0,9576.0251,8040.0,0.0,0.0,1.191,1.191
00020,21000719,1.0,EUR,2021-03-22T00:00:00,2021-05-07T00:00:00,11940.0,14221.1119,11940.0,0.0,0.0,0.0,0.0,3.0,3.0,9450.0,11255.4027,9450.0,0.0,0.0,1.191,1.191
00020,22000439,1.0,EUR,2022-02-21T00:00:00,2022-03-11T00:00:00,16500.0,18712.6302,16500.0,0.0,0.0,0.0,0.0,3.0,3.0,13560.0,15378.3797,13560.0,0.0,0.0,1.1341,1.1341
00020,22000631,1.0,EUR,2022-03-11T00:00:00,2022-04-09T00:00:00,16500.0,18166.5016,16500.0,0.0,0.0,0.0,0.0,3.0,3.0,13560.0,14929.5614,13560.0,0.0,0.0,1.101,1.101
00020,22001536,1.0,EUR,2022-07-12T00:00:00,2022-08-19T00:00:00,18150.0,18519.1401,18150.0,0.0,0.0,0.0,0.0,3.0,3.0,13560.0,13835.7873,13560.0,0.0,0.0,1.0203,1.0203
00020,22002078,1.0,EUR,2022-10-05T00:00:00,2022-11-11T00:00:00,18150.0,17844.5809,18150.0,0.0,0.0,0.0,0.0,3.0,3.0,13560.0,13331.8191,13560.0,0.0,0.0,0.9832,0.9832
00020,21002007,1.0,EUR,2021-08-10T00:00:00,2021-10-20T00:00:00,13620.0,16032.625,13620.0,0.0,0.0,0.0,0.0,3.0,3.0,10230.0,12042.1258,10230.0,0.0,0.0,1.1771,1.1771
00020,21000274,1.0,EUR,2021-02-02T00:00:00,2021-02-08T00:00:00,10050.0,12156.4308,10050.0,0.0,0.0,0.0,0.0,3.0,3.0,7170.0,8672.7969,7170.0,0.0,0.0,1.2096,1.2096
00020,21001243,1.0,EUR,2021-05-17T00:00:00,2021-06-02T00:00:00,13020.0,15805.603,13020.0,0.0,0.0,0.0,0.0,3.0,3.0,9450.0,11471.8086,9450.0,0.0,0.0,1.2139,1.2139
00020,21002471,1.0,EUR,2021-10-06T00:00:00,2021-10-25T00:00:00,11160.0,12943.5421,11160.0,0.0,0.0,0.0,0.0,3.0,3.0,8100.0,9394.5064,8100.0,0.0,0.0,1.1598,1.1598
00020,20000759,1.0,EUR,2020-03-26T00:00:00,2020-03-31T00:00:00,15210.0,16837.1171,15210.0,0.0,0.0,0.0,0.0,3.0,3.0,10380.0,11490.4192,10380.0,0.0,0.0,1.107,1.107
00020,21000448,1.0,EUR,2021-02-24T00:00:00,2021-04-02T00:00:00,11940.0,14442.5655,11940.0,0.0,0.0,0.0,0.0,3.0,3.0,10013.4,12112.1596,10013.4,0.0,0.0,1.2096,1.2096
00020,21000565,1.0,EUR,2021-03-08T00:00:00,2021-04-08T00:00:00,17460.0,20795.6963,17460.0,0.0,0.0,0.0,0.0,3.0,3.0,10380.0,12363.0772,10380.0,0.0,0.0,1.191,1.191
00020,21001176,1.0,EUR,2021-05-10T00:00:00,2021-07-13T00:00:00,19950.0,24218.2626,19950.0,0.0,0.0,0.0,0.0,3.0,3.0,12660.0,15368.5817,12660.0,0.0,0.0,1.2139,1.2139
00020,21001458,1.0,EUR,2021-06-09T00:00:00,2021-08-24T00:00:00,19950.0,24033.1944,19950.0,0.0,0.0,0.0,0.0,3.0,3.0,13455.0,16208.8537,13455.0,0.0,0.0,1.2047,1.2047
00020,21000449,1.0,EUR,2021-02-24T00:00:00,2021-03-26T00:00:00,17850.0,21591.2725,17850.0,0.0,0.0,0.0,0.0,3.0,3.0,11859.0,14344.5883,11859.0,0.0,0.0,1.2096,1.2096
00020,21000457,1.0,EUR,2021-02-25T00:00:00,2021-04-22T00:00:00,11940.0,14442.5655,11940.0,0.0,0.0,0.0,0.0,3.0,3.0,10013.4,12112.1596,10013.4,0.0,0.0,1.2096,1.2096
00020,21001012,1.0,EUR,2021-04-20T00:00:00,2021-05-10T00:00:00,20970.0,25061.4546,20970.0,0.0,0.0,0.0,0.0,3.0,3.0,11490.0,13731.8128,11490.0,0.0,0.0,1.1951,1.1951
00020,21001326,1.0,EUR,2021-05-27T00:00:00,2021-06-30T00:00:00,14190.0,17225.9221,14190.0,0.0,0.0,0.0,0.0,3.0,3.0,10017.0,12160.1171,10017.0,0.0,0.0,1.2139,1.2139
00020,21001862,1.0,EUR,2021-07-21T00:00:00,2021-08-19T00:00:00,14190.0,16782.3512,14190.0,0.0,0.0,0.0,0.0,3.0,3.0,10017.0,11846.9917,10017.0,0.0,0.0,1.1827,1.1827
00020,21002622,1.0,EUR,2021-10-25T00:00:00,2021-12-21T00:00:00,24120.0,27974.7523,24120.0,0.0,0.0,0.0,0.0,3.0,3.0,14310.0,16596.9612,14310.0,0.0,0.0,1.1598,1.1598
00020,21003076,1.0,EUR,2021-12-20T00:00:00,2022-03-09T00:00:00,39000.0,44086.6413,39000.0,0.0,0.0,0.0,0.0,3.0,3.0,20385.0,23043.7483,20385.0,0.0,0.0,1.1304,1.1304
00020,22000689,1.0,EUR,2022-03-17T00:00:00,2022-06-09T00:00:00,22470.0,24739.4722,22470.0,0.0,0.0,0.0,0.0,3.0,3.0,15387.3,16941.4188,15387.3,0.0,0.0,1.101,1.101
00020,21002198,1.0,EUR,2021-09-08T00:00:00,2021-10-19T00:00:00,45520.1294,53614.1774,45520.1294,0.0,0.0,0.0,0.0,3.0,3.0,27258.43,32105.3196,27258.43,0.0,0.0,1.1778,1.1778
00020,21002689,1.0,EUR,2021-11-03T00:00:00,2021-11-30T00:00:00,60844.1763,69428.7481,60844.1763,0.0,0.0,0.0,0.0,3.0,3.0,37703.52,43023.1511,37703.52,0.0,0.0,1.1411,1.1411
00020,22000185,1.0,EUR,2022-01-21T00:00:00,2022-06-07T00:00:00,64239.4089,72752.0877,64239.4089,0.0,0.0,0.0,0.0,3.0,3.0,37703.52,42699.7982,37703.52,0.0,0.0,1.1325,1.1325
00020,21001657,1.0,EUR,2021-06-25T00:00:00,2021-10-21T00:00:00,1224.7091,1475.3721,1224.7091,0.0,0.0,0.0,0.0,3.0,3.0,1166.4,1405.1287,1166.4,0.0,0.0,1.2047,1.2047
00020,21002344,1.0,EUR,2021-09-23T00:00:00,2021-10-14T00:00:00,31579.89,37195.1892,31579.89,0.0,0.0,0.0,0.0,3.0,3.0,9896.67,11656.4216,9896.67,0.0,0.0,1.1778,1.1778
00020,25000889,1.0,EUR,2025-05-08T00:00:00,2025-06-23T00:00:00,16800.0,18943.1777,16800.0,0.0,0.0,0.0,0.0,3.0,3.0,10950.0,12346.8926,10950.0,0.0,0.0,1.1276,1.1276
00020,25001128,1.0,EUR,2025-06-11T00:00:00,2025-06-17T00:00:00,2052.0,2363.4288,2052.0,0.0,0.0,0.0,0.0,3.0,3.0,1346.4,1550.741,1346.4,0.0,0.0,1.1518,1.1518
00020,25001419,1.0,EUR,2025-07-18T00:00:00,2025-08-07T00:00:00,26190.0,30637.2479,26190.0,0.0,0.0,0.0,0.0,3.0,3.0,16260.0,19021.0634,16260.0,0.0,0.0,1.1698,1.1698
00020,25000502,1.0,EUR,2025-03-12T00:00:00,2025-04-30T00:00:00,21090.0,22753.1237,21090.0,0.0,0.0,0.0,0.0,3.0,3.0,14460.0,15600.2925,14460.0,0.0,0.0,1.0789,1.0789
00020,25001834,1.0,EUR,2025-09-26T00:00:00,2025-10-30T00:00:00,13050.0,15309.8176,13050.0,0.0,0.0,0.0,0.0,3.0,3.0,9600.0,11262.3946,9600.0,0.0,0.0,1.1732,1.1732
00020,25001915,1.0,EUR,2025-10-10T00:00:00,2025-11-05T00:00:00,18210.0,21211.2174,18210.0,0.0,0.0,0.0,0.0,3.0,3.0,14460.0,16843.1743,14460.0,0.0,0.0,1.1648,1.1648
00020,25002049,1.0,EUR,2025-10-31T00:00:00,2025-11-24T00:00:00,18210.0,21211.2174,18210.0,0.0,0.0,0.0,0.0,3.0,3.0,14460.0,16843.1743,14460.0,0.0,0.0,1.1648,1.1648
00020,25000018,1.0,EUR,2025-01-07T00:00:00,2025-04-07T00:00:00,34950.0,36165.6099,34950.0,0.0,0.0,0.0,0.0,3.0,3.0,14460.0,14962.939,14460.0,0.0,0.0,1.0348,1.0348
00020,25000053,1.0,EUR,2025-01-13T00:00:00,2025-01-31T00:00:00,16800.0,17384.3275,16800.0,0.0,0.0,0.0,0.0,3.0,3.0,10950.0,11330.8563,10950.0,0.0,0.0,1.0348,1.0348
00020,25000526,1.0,EUR,2025-03-17T00:00:00,2025-03-31T00:00:00,16800.0,18124.8211,16800.0,0.0,0.0,0.0,0.0,3.0,3.0,10950.0,11813.4995,10950.0,0.0,0.0,1.0789,1.0789
00020,25000676,1.0,EUR,2025-04-07T00:00:00,2025-04-29T00:00:00,16800.0,18850.7609,16800.0,0.0,0.0,0.0,0.0,3.0,3.0,10950.0,12286.6566,10950.0,0.0,0.0,1.1221,1.1221
00020,25000907,1.0,EUR,2025-05-12T00:00:00,2025-06-04T00:00:00,16800.0,18943.1777,16800.0,0.0,0.0,0.0,0.0,3.0,3.0,10950.0,12346.8926,10950.0,0.0,0.0,1.1276,1.1276
00020,25001256,1.0,EUR,2025-06-27T00:00:00,2025-07-21T00:00:00,16800.0,19349.7091,16800.0,0.0,0.0,0.0,0.0,3.0,3.0,10950.0,12611.864,10950.0,0.0,0.0,1.1518,1.1518
00020,25001742,1.0,EUR,2025-09-15T00:00:00,2025-09-25T00:00:00,2052.0,2407.3368,2052.0,0.0,0.0,0.0,0.0,3.0,3.0,1346.4,1579.5508,1346.4,0.0,0.0,1.1732,1.1732
00020,25002265,1.0,EUR,2025-11-24T00:00:00,2025-12-05T00:00:00,16800.0,19428.234,16800.0,0.0,0.0,0.0,0.0,3.0,3.0,10950.0,12663.0454,10950.0,0.0,0.0,1.1564,1.1564
00020,25002273,1.0,EUR,2025-11-25T00:00:00,2026-02-12T00:00:00,18210.0,21058.8179,18210.0,0.0,0.0,0.0,0.0,3.0,3.0,13500.0,15611.9738,13500.0,0.0,0.0,1.1564,1.1564
00020,26000255,1.0,EUR,2026-02-09T00:00:00,2026-03-10T00:00:00,16800.0,19870.4335,16800.0,0.0,0.0,0.0,0.0,3.0,3.0,10950.0,12951.2647,10950.0,0.0,0.0,1.1828,1.1828
00020,26000430,1.0,EUR,2026-03-04T00:00:00,2026-03-31T00:00:00,16800.0,19439.9957,16800.0,0.0,0.0,0.0,0.0,3.0,3.0,10950.0,12670.7115,10950.0,0.0,0.0,1.1571,1.1571
00020,26000927,1.0,EUR,2026-05-13T00:00:00,2026-06-23T00:00:00,17400.0,20324.3606,17400.0,0.0,0.0,0.0,0.0,3.0,3.0,10950.0,12790.3304,10950.0,0.0,0.0,1.1681,1.1681
00020,26000671,1.0,EUR,2026-04-02T00:00:00,2026-06-23T00:00:00,16800.0,19633.0814,16800.0,0.0,0.0,0.0,0.0,3.0,3.0,10950.0,12796.562,10950.0,0.0,0.0,1.1686,1.1686
00020,26000690,1.0,EUR,2026-04-07T00:00:00,2026-06-26T00:00:00,28800.0,33656.711,28800.0,0.0,0.0,0.0,0.0,3.0,3.0,15450.0,18055.4231,15450.0,0.0,0.0,1.1686,1.1686
00020,26000601,1.0,EUR,2026-03-25T00:00:00,2026-05-22T00:00:00,18210.0,21071.5667,18210.0,0.0,0.0,0.0,0.0,3.0,3.0,13500.0,15621.4251,13500.0,0.0,0.0,1.1571,1.1571
00020,26000813,1.0,EUR,2026-04-24T00:00:00,2026-06-10T00:00:00,20250.0,23664.875,20250.0,0.0,0.0,0.0,0.0,3.0,3.0,15450.0,18055.4231,15450.0,0.0,0.0,1.1686,1.1686
00020,25002433,1.0,EUR,2025-12-18T00:00:00,2026-02-10T00:00:00,52295.0438,61247.9292,52295.0438,0.0,0.0,0.0,0.0,3.0,3.0,48078.48,56309.4917,48078.48,0.0,0.0,1.1712,1.1712
00020,26000959,1.0,EUR,2026-05-20T00:00:00,2026-07-08T00:00:00,20250.0,23653.3507,20250.0,0.0,0.0,0.0,0.0,3.0,3.0,15450.0,18046.6305,15450.0,0.0,0.0,1.1681,1.1681
00020,26000631,1.0,EUR,2026-03-27T00:00:00,2026-07-09T00:00:00,16800.0,19439.9957,16800.0,0.0,0.0,0.0,0.0,3.0,3.0,12060.0,13955.1398,12060.0,0.0,0.0,1.1571,1.1571
00020,24001529,1.0,EUR,2024-08-01T00:00:00,2024-10-31T00:00:00,26190.0,28847.5622,26190.0,0.0,0.0,0.0,0.0,3.0,3.0,15384.0,16945.0514,15384.0,0.0,0.0,1.1015,1.1015
00020,23002499,1.0,EUR,2023-12-06T00:00:00,2024-01-09T00:00:00,17850.0,19486.3934,17850.0,0.0,0.0,0.0,0.0,3.0,3.0,12000.0,13100.0964,12000.0,0.0,0.0,1.0917,1.0917
00020,23002560,1.0,EUR,2023-12-18T00:00:00,2024-01-15T00:00:00,17400.0,18995.1398,17400.0,0.0,0.0,0.0,0.0,3.0,3.0,12000.0,13100.0964,12000.0,0.0,0.0,1.0917,1.0917
00020,24000569,1.0,EUR,2024-03-12T00:00:00,2024-05-27T00:00:00,16800.0,18262.2737,16800.0,0.0,0.0,0.0,0.0,3.0,3.0,12000.0,13044.4812,12000.0,0.0,0.0,1.087,1.087
00020,24000827,1.0,EUR,2024-04-17T00:00:00,2024-05-10T00:00:00,17400.0,18663.1008,17400.0,0.0,0.0,0.0,0.0,3.0,3.0,12000.0,12871.104,12000.0,0.0,0.0,1.0726,1.0726
00020,24000968,1.0,EUR,2024-05-08T00:00:00,2024-06-24T00:00:00,17400.0,18804.2218,17400.0,0.0,0.0,0.0,0.0,3.0,3.0,10950.0,11833.6913,10950.0,0.0,0.0,1.0807,1.0807
00020,24001307,1.0,EUR,2024-06-26T00:00:00,2024-07-16T00:00:00,17400.0,18731.7386,17400.0,0.0,0.0,0.0,0.0,3.0,3.0,10950.0,11788.0769,10950.0,0.0,0.0,1.0765,1.0765
00020,24001329,1.0,EUR,2024-07-01T00:00:00,2024-07-18T00:00:00,1602.0,1738.3432,1602.0,0.0,0.0,0.0,0.0,3.0,3.0,1717.85,1864.0529,1717.85,0.0,0.0,1.0851,1.0851
00020,24001497,1.0,EUR,2024-07-24T00:00:00,2024-08-29T00:00:00,16800.0,18229.8161,16800.0,0.0,0.0,0.0,0.0,3.0,3.0,10950.0,11881.9337,10950.0,0.0,0.0,1.0851,1.0851
00020,24001862,1.0,EUR,2024-09-26T00:00:00,2024-12-05T00:00:00,26190.0,29090.2308,26190.0,0.0,0.0,0.0,0.0,3.0,3.0,15384.0,17087.5949,15384.0,0.0,0.0,1.1107,1.1107
00020,24002247,1.0,EUR,2024-11-25T00:00:00,2024-12-03T00:00:00,16800.0,17868.5086,16800.0,0.0,0.0,0.0,0.0,3.0,3.0,10950.0,11646.4386,10950.0,0.0,0.0,1.0636,1.0636
00020,23001663,1.0,EUR,2023-08-01T00:00:00,2023-11-09T00:00:00,31950.0,34870.9233,31950.0,0.0,0.0,0.0,0.0,3.0,3.0,18810.0,20529.6422,18810.0,0.0,0.0,1.0914,1.0914
00020,23002198,1.0,EUR,2023-10-25T00:00:00,2023-11-30T00:00:00,31950.0,33758.3189,31950.0,0.0,0.0,0.0,0.0,3.0,3.0,18810.0,19874.6159,18810.0,0.0,0.0,1.0566,1.0566
00020,22002487,1.0,EUR,2022-12-05T00:00:00,2023-01-06T00:00:00,18150.0,19211.02,18150.0,0.0,0.0,0.0,0.0,3.0,3.0,13560.0,14352.6959,13560.0,0.0,0.0,1.0585,1.0585
00020,23000436,1.0,EUR,2023-02-23T00:00:00,2023-03-28T00:00:00,17850.0,19119.2439,17850.0,0.0,0.0,0.0,0.0,3.0,3.0,14030.4,15028.047,14030.4,0.0,0.0,1.0711,1.0711
00020,23000563,1.0,EUR,2023-03-10T00:00:00,2023-03-28T00:00:00,17850.0,19108.6196,17850.0,0.0,0.0,0.0,0.0,3.0,3.0,14030.4,15019.6961,14030.4,0.0,0.0,1.0705,1.0705
00020,23000684,1.0,EUR,2023-03-27T00:00:00,2023-04-07T00:00:00,2142.0,2293.0343,2142.0,0.0,0.0,0.0,0.0,3.0,3.0,1659.6,1776.6199,1659.6,0.0,0.0,1.0705,1.0705
00020,23001600,1.0,EUR,2023-07-21T00:00:00,2023-08-11T00:00:00,17850.0,19729.6925,17850.0,0.0,0.0,0.0,0.0,3.0,3.0,13500.0,14921.6162,13500.0,0.0,0.0,1.1053,1.1053
00020,23002228,1.0,EUR,2023-10-30T00:00:00,2023-11-08T00:00:00,17850.0,18860.2814,17850.0,0.0,0.0,0.0,0.0,3.0,3.0,13500.0,14264.0784,13500.0,0.0,0.0,1.0566,1.0566
00020,23002394,1.0,EUR,2023-11-22T00:00:00,2023-12-11T00:00:00,17850.0,19294.0079,17850.0,0.0,0.0,0.0,0.0,3.0,3.0,13500.0,14592.1068,13500.0,0.0,0.0,1.0809,1.0809
00034,2414693,1.0,CNY,2025-05-06T00:00:00,2025-05-08T00:00:00,1991.15,275.782,244.5704,0.0,0.0,0.0,0.0,1.0,1.0,0.0,0.0,0.0,0.0,0.0,0.1385,0.1385
00020,26001521,1.0,EUR,2026-08-18T00:00:00,1900-01-01T00:00:00,708.0,808.4635,708.0,0.0,0.0,0.0,0.0,1.0,1.0,448.8,512.4836,448.8,0.0,0.0,1.1419,1.1419
00020,26001488,1.0,EUR,2026-08-11T00:00:00,1900-01-01T00:00:00,558.0,637.1789,558.0,0.0,0.0,0.0,0.0,1.0,1.0,424.5,484.7355,424.5,0.0,0.0,1.1419,1.1419
00020,20001458,1.0,EUR,2020-07-08T00:00:00,2020-08-27T00:00:00,1570.0,1795.918,1570.0,0.0,0.0,0.0,0.0,1.0,1.0,833.16,953.0491,833.16,0.0,0.0,1.1439,1.1439
00020,21001207,1.0,EUR,2021-05-12T00:00:00,2021-07-05T00:00:00,1806.0,2192.3901,1806.0,0.0,0.0,0.0,0.0,1.0,1.0,835.62,1014.3992,835.62,0.0,0.0,1.2139,1.2139
00020,20001411,1.0,EUR,2020-07-02T00:00:00,2020-07-30T00:00:00,5950.0,6806.186,5950.0,0.0,0.0,0.0,0.0,1.0,1.0,3974.0,4545.8459,3974.0,0.0,0.0,1.1439,1.1439
00020,20000129,1.0,EUR,2020-01-17T00:00:00,2020-01-29T00:00:00,2814.21,3125.9831,2814.21,0.0,0.0,0.0,0.0,1.0,1.0,1765.74,1961.358,1765.74,0.0,0.0,1.1108,1.1108
00020,20001212,1.0,EUR,2020-06-03T00:00:00,2020-06-08T00:00:00,1969.95,2216.2079,1969.95,0.0,0.0,0.0,0.0,1.0,1.0,1765.74,1986.4702,1765.74,0.0,0.0,1.125,1.125
00020,20000307,1.0,EUR,2020-02-07T00:00:00,2020-02-28T00:00:00,127.44,139.1464,127.44,0.0,0.0,0.0,0.0,1.0,1.0,71.57,78.1443,71.57,0.0,0.0,1.0919,1.0919
00020,21001717,1.0,EUR,2021-07-05T00:00:00,2021-07-19T00:00:00,3560.0,4210.3714,3560.0,0.0,0.0,0.0,0.0,1.0,1.0,2390.0,2826.6258,2390.0,0.0,0.0,1.1827,1.1827
00020,21001792,1.0,EUR,2021-07-12T00:00:00,2021-08-17T00:00:00,3720.0,4399.6016,3720.0,0.0,0.0,0.0,0.0,1.0,1.0,2700.0,3193.2592,2700.0,0.0,0.0,1.1827,1.1827
00020,19002195,1.0,EUR,2019-10-23T00:00:00,2020-03-03T00:00:00,7160.0,7916.3896,7160.0,0.0,0.0,0.0,0.0,1.0,1.0,3940.0,4356.2255,3940.0,0.0,0.0,1.1056,1.1056
00020,19002563,1.0,EUR,2019-12-06T00:00:00,2020-01-15T00:00:00,3810.0,4234.6626,3810.0,0.0,0.0,0.0,0.0,1.0,1.0,3110.0,3456.6406,3110.0,0.0,0.0,1.1115,1.1115
00020,20000017,1.0,EUR,2020-01-06T00:00:00,2020-01-13T00:00:00,4480.0,4976.3181,4480.0,0.0,0.0,0.0,0.0,1.0,1.0,3110.0,3454.5423,3110.0,0.0,0.0,1.1108,1.1108
00020,20000036,1.0,EUR,2020-01-08T00:00:00,2020-01-14T00:00:00,4050.0,4498.6805,4050.0,0.0,0.0,0.0,0.0,1.0,1.0,2590.0,2876.9339,2590.0,0.0,0.0,1.1108,1.1108
00020,20000087,1.0,EUR,2020-01-13T00:00:00,2020-02-13T00:00:00,457.2,507.851,457.2,0.0,0.0,0.0,0.0,1.0,1.0,373.2,414.5451,373.2,0.0,0.0,1.1108,1.1108
00020,20001811,1.0,EUR,2020-09-02T00:00:00,2020-09-22T00:00:00,457.2,539.203,457.2,0.0,0.0,0.0,0.0,1.0,1.0,388.8,458.5349,388.8,0.0,0.0,1.1794,1.1794
00020,20001874,1.0,EUR,2020-09-10T00:00:00,2020-10-14T00:00:00,4020.0,4741.024,4020.0,0.0,0.0,0.0,0.0,1.0,1.0,3150.0,3714.9815,3150.0,0.0,0.0,1.1794,1.1794
00020,20002595,1.0,EUR,2020-12-10T00:00:00,2021-01-08T00:00:00,4170.0,5071.9381,4170.0,0.0,0.0,0.0,0.0,1.0,1.0,3150.0,3831.3201,3150.0,0.0,0.0,1.2163,1.2163
00020,21000032,1.0,EUR,2021-01-07T00:00:00,2021-01-22T00:00:00,3810.0,4636.7041,3810.0,0.0,0.0,0.0,0.0,1.0,1.0,3150.0,3833.4955,3150.0,0.0,0.0,1.217,1.217
00020,21001038,1.0,EUR,2021-04-22T00:00:00,2021-05-05T00:00:00,133.56,159.6189,133.56,0.0,0.0,0.0,0.0,1.0,1.0,88.08,105.2653,88.08,0.0,0.0,1.1951,1.1951
00020,21001260,1.0,EUR,2021-05-19T00:00:00,2021-06-04T00:00:00,3980.0,4831.513,3980.0,0.0,0.0,0.0,0.0,1.0,1.0,3150.0,3823.9362,3150.0,0.0,0.0,1.2139,1.2139
00020,21001680,1.0,EUR,2021-06-29T00:00:00,2021-07-20T00:00:00,501.6,604.2632,501.6,0.0,0.0,0.0,0.0,1.0,1.0,388.8,468.3762,388.8,0.0,0.0,1.2047,1.2047
00020,21002005,1.0,EUR,2021-08-10T00:00:00,2021-09-21T00:00:00,4180.0,4920.4385,4180.0,0.0,0.0,0.0,0.0,1.0,1.0,3410.0,4014.0419,3410.0,0.0,0.0,1.1771,1.1771
00020,21002387,1.0,EUR,2021-09-28T00:00:00,2021-10-12T00:00:00,3720.0,4381.4625,3720.0,0.0,0.0,0.0,0.0,1.0,1.0,2700.0,3180.0938,2700.0,0.0,0.0,1.1778,1.1778
00020,22001029,1.0,EUR,2022-05-04T00:00:00,2022-05-24T00:00:00,5500.0,5812.686,5500.0,0.0,0.0,0.0,0.0,1.0,1.0,4520.0,4776.971,4520.0,0.0,0.0,1.0569,1.0569
00020,22001298,1.0,EUR,2022-06-07T00:00:00,2022-06-14T00:00:00,6100.0,6450.1662,6100.0,0.0,0.0,0.0,0.0,1.0,1.0,4520.0,4779.4674,4520.0,0.0,0.0,1.0574,1.0574
00020,22002009,1.0,EUR,2022-09-26T00:00:00,2022-10-07T00:00:00,6050.0,6000.5866,6050.0,0.0,0.0,0.0,0.0,1.0,1.0,4520.0,4483.0829,4520.0,0.0,0.0,0.9918,0.9918
00020,19001973,1.0,EUR,2019-09-24T00:00:00,2020-01-08T00:00:00,3350.0,3688.551,3350.0,0.0,0.0,0.0,0.0,1.0,1.0,2320.0,2554.4592,2320.0,0.0,0.0,1.1011,1.1011
00020,20000451,1.0,EUR,2020-02-25T00:00:00,2020-02-28T00:00:00,633.6,691.8011,633.6,0.0,0.0,0.0,0.0,1.0,1.0,373.2,407.4813,373.2,0.0,0.0,1.0919,1.0919
00020,20002080,1.0,EUR,2020-10-09T00:00:00,2020-10-30T00:00:00,457.2,538.0646,457.2,0.0,0.0,0.0,0.0,1.0,1.0,388.8,457.5668,388.8,0.0,0.0,1.1769,1.1769
00020,20002352,1.0,EUR,2020-11-11T00:00:00,2020-12-02T00:00:00,511.2,605.1124,511.2,0.0,0.0,0.0,0.0,1.0,1.0,388.8,460.2263,388.8,0.0,0.0,1.1837,1.1837
00020,20002358,1.0,EUR,2020-11-12T00:00:00,2021-01-15T00:00:00,3150.0,3728.6856,3150.0,0.0,0.0,0.0,0.0,1.0,1.0,2680.0,3172.342,2680.0,0.0,0.0,1.1837,1.1837
00020,20002549,1.0,EUR,2020-12-04T00:00:00,2020-12-07T00:00:00,3000.0,3648.8763,3000.0,0.0,0.0,0.0,0.0,1.0,1.0,2390.0,2906.9381,2390.0,0.0,0.0,1.2163,1.2163
00020,20002597,1.0,EUR,2020-12-10T00:00:00,2021-01-08T00:00:00,7260.0,8830.2806,7260.0,0.0,0.0,0.0,0.0,1.0,1.0,3940.0,4792.1909,3940.0,0.0,0.0,1.2163,1.2163
00020,21002206,1.0,EUR,2021-09-09T00:00:00,2022-02-28T00:00:00,5800.0,6831.3125,5800.0,0.0,0.0,0.0,0.0,1.0,1.0,3730.0,4393.2406,3730.0,0.0,0.0,1.1778,1.1778
00020,21002611,1.0,EUR,2021-10-21T00:00:00,2021-12-21T00:00:00,3720.0,4314.514,3720.0,0.0,0.0,0.0,0.0,1.0,1.0,2700.0,3131.5021,2700.0,0.0,0.0,1.1598,1.1598
00020,21002687,1.0,EUR,2021-11-03T00:00:00,2021-12-10T00:00:00,3720.0,4244.8589,3720.0,0.0,0.0,0.0,0.0,1.0,1.0,2700.0,3080.946,2700.0,0.0,0.0,1.1411,1.1411
00020,21002939,1.0,EUR,2021-12-03T00:00:00,2022-01-14T00:00:00,3900.0,4408.6641,3900.0,0.0,0.0,0.0,0.0,1.0,1.0,3150.0,3560.8441,3150.0,0.0,0.0,1.1304,1.1304
00020,22000660,1.0,EUR,2022-03-15T00:00:00,2022-04-07T00:00:00,708.0,779.5081,708.0,0.0,0.0,0.0,0.0,1.0,1.0,553.2,609.0733,553.2,0.0,0.0,1.101,1.101
00020,20000976,1.0,EUR,2020-04-23T00:00:00,2020-05-14T00:00:00,3980.0,4326.3687,3980.0,0.0,0.0,0.0,0.0,1.0,1.0,3517.0,3823.075,3517.0,0.0,0.0,1.087,1.087
00020,20001070,1.0,EUR,2020-05-11T00:00:00,2020-05-22T00:00:00,3980.0,4346.1636,3980.0,0.0,0.0,0.0,0.0,1.0,1.0,3517.0,3840.5672,3517.0,0.0,0.0,1.092,1.092
00020,20001343,1.0,EUR,2020-06-24T00:00:00,2020-08-17T00:00:00,4170.0,4691.28,4170.0,0.0,0.0,0.0,0.0,1.0,1.0,3150.0,3543.7727,3150.0,0.0,0.0,1.125,1.125
00020,21001728,1.0,EUR,2021-07-05T00:00:00,2021-08-30T00:00:00,4540.0,5369.4062,4540.0,0.0,0.0,0.0,0.0,1.0,1.0,3410.0,4032.9681,3410.0,0.0,0.0,1.1827,1.1827
00020,21002077,1.0,EUR,2021-08-20T00:00:00,2021-08-30T00:00:00,5696.27,6705.2982,5696.27,0.0,0.0,0.0,0.0,1.0,1.0,3298.89,3883.2501,3298.89,0.0,0.0,1.1771,1.1771
00020,22000024,1.0,EUR,2022-01-04T00:00:00,2022-03-09T00:00:00,5800.0,6568.5864,5800.0,0.0,0.0,0.0,0.0,1.0,1.0,4520.0,5118.9673,4520.0,0.0,0.0,1.1325,1.1325
00020,20000592,1.0,EUR,2020-03-12T00:00:00,2020-03-18T00:00:00,3350.0,3708.3723,3350.0,0.0,0.0,0.0,0.0,1.0,1.0,2320.0,2568.1862,2320.0,0.0,0.0,1.107,1.107
00020,20000615,1.0,EUR,2020-03-13T00:00:00,2020-03-20T00:00:00,4020.0,4450.0467,4020.0,0.0,0.0,0.0,0.0,1.0,1.0,3110.0,3442.6978,3110.0,0.0,0.0,1.107,1.107
00020,20000676,1.0,EUR,2020-03-18T00:00:00,2020-04-02T00:00:00,524.4,580.4986,524.4,0.0,0.0,0.0,0.0,1.0,1.0,373.2,413.1237,373.2,0.0,0.0,1.107,1.107
00020,20001121,1.0,EUR,2020-05-20T00:00:00,2020-05-29T00:00:00,511.2,558.2309,511.2,0.0,0.0,0.0,0.0,1.0,1.0,388.8,424.5699,388.8,0.0,0.0,1.092,1.092
00020,20001366,1.0,EUR,2020-06-26T00:00:00,2020-08-04T00:00:00,4170.0,4691.28,4170.0,0.0,0.0,0.0,0.0,1.0,1.0,3150.0,3543.7727,3150.0,0.0,0.0,1.125,1.125
00020,20001413,1.0,EUR,2020-07-02T00:00:00,2020-08-04T00:00:00,4020.0,4598.4651,4020.0,0.0,0.0,0.0,0.0,1.0,1.0,3150.0,3603.2749,3150.0,0.0,0.0,1.1439,1.1439
00020,20001454,1.0,EUR,2020-07-08T00:00:00,2020-08-04T00:00:00,4020.0,4598.4651,4020.0,0.0,0.0,0.0,0.0,1.0,1.0,3150.0,3603.2749,3150.0,0.0,0.0,1.1439,1.1439
00020,20001638,1.0,EUR,2020-08-05T00:00:00,2020-08-14T00:00:00,4020.0,4753.6621,4020.0,0.0,0.0,0.0,0.0,1.0,1.0,3150.0,3724.8844,3150.0,0.0,0.0,1.1825,1.1825
00020,20002150,1.0,EUR,2020-10-16T00:00:00,2020-11-05T00:00:00,4020.0,4731.0146,4020.0,0.0,0.0,0.0,0.0,1.0,1.0,3150.0,3707.1383,3150.0,0.0,0.0,1.1769,1.1769
00020,20002203,1.0,EUR,2020-10-26T00:00:00,2020-11-05T00:00:00,394.8,464.628,394.8,0.0,0.0,0.0,0.0,1.0,1.0,345.18,406.2317,345.18,0.0,0.0,1.1769,1.1769
00020,20002328,1.0,EUR,2020-11-06T00:00:00,2020-11-19T00:00:00,394.8,467.3286,394.8,0.0,0.0,0.0,0.0,1.0,1.0,345.18,408.5929,345.18,0.0,0.0,1.1837,1.1837
00020,20002668,1.0,EUR,2020-12-18T00:00:00,2021-01-15T00:00:00,4170.0,5071.9381,4170.0,0.0,0.0,0.0,0.0,1.0,1.0,3150.0,3831.3201,3150.0,0.0,0.0,1.2163,1.2163
00020,21000042,1.0,EUR,2021-01-08T00:00:00,2021-01-14T00:00:00,4020.0,4892.2705,4020.0,0.0,0.0,0.0,0.0,1.0,1.0,3150.0,3833.4955,3150.0,0.0,0.0,1.217,1.217
00020,21000112,1.0,EUR,2021-01-15T00:00:00,2021-03-23T00:00:00,5696.27,6932.262,5696.27,0.0,0.0,0.0,0.0,1.0,1.0,3298.89,4014.6921,3298.89,0.0,0.0,1.217,1.217
00020,21000243,1.0,EUR,2021-01-29T00:00:00,2021-02-04T00:00:00,4170.0,5074.8179,4170.0,0.0,0.0,0.0,0.0,1.0,1.0,3150.0,3833.4955,3150.0,0.0,0.0,1.217,1.217
00020,21000254,1.0,EUR,2021-02-02T00:00:00,2021-02-05T00:00:00,4170.0,5044.0116,4170.0,0.0,0.0,0.0,0.0,1.0,1.0,3150.0,3810.2246,3150.0,0.0,0.0,1.2096,1.2096
00020,21000277,1.0,EUR,2021-02-02T00:00:00,2021-02-11T00:00:00,511.2,618.345,511.2,0.0,0.0,0.0,0.0,1.0,1.0,388.8,470.2906,388.8,0.0,0.0,1.2096,1.2096
00020,21000358,1.0,EUR,2021-02-12T00:00:00,2021-03-08T00:00:00,3350.0,4052.1436,3350.0,0.0,0.0,0.0,0.0,1.0,1.0,2390.0,2890.9323,2390.0,0.0,0.0,1.2096,1.2096
00020,21000557,1.0,EUR,2021-03-08T00:00:00,2021-03-11T00:00:00,511.2,608.8637,511.2,0.0,0.0,0.0,0.0,1.0,1.0,388.8,463.0794,388.8,0.0,0.0,1.191,1.191
00020,21000954,1.0,EUR,2021-04-13T00:00:00,2021-05-31T00:00:00,3520.0,4206.7868,3520.0,0.0,0.0,0.0,0.0,1.0,1.0,2390.0,2856.3127,2390.0,0.0,0.0,1.1951,1.1951
00020,21001010,1.0,EUR,2021-04-20T00:00:00,2021-05-06T00:00:00,4340.0,5186.777,4340.0,0.0,0.0,0.0,0.0,1.0,1.0,3150.0,3764.5962,3150.0,0.0,0.0,1.1951,1.1951
00020,21001249,1.0,EUR,2021-05-18T00:00:00,2021-05-31T00:00:00,3520.0,4273.097,3520.0,0.0,0.0,0.0,0.0,1.0,1.0,2390.0,2901.3357,2390.0,0.0,0.0,1.2139,1.2139
00020,21001595,1.0,EUR,2021-06-21T00:00:00,2021-07-26T00:00:00,3420.0,4119.9762,3420.0,0.0,0.0,0.0,0.0,1.0,1.0,2390.0,2879.1646,2390.0,0.0,0.0,1.2047,1.2047
00020,21002114,1.0,EUR,2021-08-25T00:00:00,2021-11-24T00:00:00,543.6,639.8924,543.6,0.0,0.0,0.0,0.0,1.0,1.0,379.2,446.3709,379.2,0.0,0.0,1.1771,1.1771
00020,21002478,1.0,EUR,2021-10-07T00:00:00,2021-12-16T00:00:00,3720.0,4314.514,3720.0,0.0,0.0,0.0,0.0,1.0,1.0,2700.0,3131.5021,2700.0,0.0,0.0,1.1598,1.1598
00020,21003078,1.0,EUR,2021-12-20T00:00:00,2022-02-07T00:00:00,3900.0,4408.6641,3900.0,0.0,0.0,0.0,0.0,1.0,1.0,3150.0,3560.8441,3150.0,0.0,0.0,1.1304,1.1304
00020,22000130,1.0,EUR,2022-01-18T00:00:00,2022-02-17T00:00:00,5000.0,5662.5745,5000.0,0.0,0.0,0.0,0.0,1.0,1.0,3150.0,3567.4219,3150.0,0.0,0.0,1.1325,1.1325
00020,22001929,1.0,EUR,2022-09-14T00:00:00,2022-09-23T00:00:00,5500.0,5455.0788,5500.0,0.0,0.0,0.0,0.0,1.0,1.0,3910.0,3878.0651,3910.0,0.0,0.0,0.9918,0.9918
00020,22002116,1.0,EUR,2022-10-11T00:00:00,2022-10-20T00:00:00,672.0,660.6919,672.0,0.0,0.0,0.0,0.0,1.0,1.0,480.0,471.9228,480.0,0.0,0.0,0.9832,0.9832
00020,22002134,1.0,EUR,2022-10-13T00:00:00,2022-10-19T00:00:00,5500.0,5407.4488,5500.0,0.0,0.0,0.0,0.0,1.0,1.0,3910.0,3844.2045,3910.0,0.0,0.0,0.9832,0.9832
00020,22001772,1.0,EUR,2022-09-21T00:00:00,2022-09-23T00:00:00,-410.0,-406.6513,-410.0,0.0,0.0,0.0,0.0,1.0,1.0,5.13,5.0881,5.13,0.0,0.0,0.9918,0.9918
00020,21001444,1.0,EUR,2021-06-08T00:00:00,2021-08-19T00:00:00,4730.0,5698.0957,4730.0,0.0,0.0,0.0,0.0,1.0,1.0,3339.0,4022.3978,3339.0,0.0,0.0,1.2047,1.2047
00020,22001772,1.0,EUR,2022-08-18T00:00:00,2022-09-15T00:00:00,9720.0,9838.7298,9720.0,0.0,0.0,0.0,0.0,1.0,1.0,5129.1,5191.752,5129.1,0.0,0.0,1.0122,1.0122
00020,21000715,1.0,EUR,2021-03-22T00:00:00,2021-03-30T00:00:00,145.26,173.0116,145.26,0.0,0.0,0.0,0.0,1.0,1.0,74.2,88.3758,74.2,0.0,0.0,1.191,1.191
00020,20000170,1.0,EUR,2020-01-23T00:00:00,2020-02-19T00:00:00,10058.3575,11172.6757,10058.3575,0.0,0.0,0.0,0.0,1.0,1.0,8389.58,9319.0221,8389.58,0.0,0.0,1.1108,1.1108
00020,20002092,1.0,EUR,2020-10-12T00:00:00,2020-11-05T00:00:00,3307.4812,3892.4731,3307.4812,0.0,0.0,0.0,0.0,1.0,1.0,3150.0,3707.1383,3150.0,0.0,0.0,1.1769,1.1769
00020,20002177,1.0,EUR,2020-10-21T00:00:00,2020-12-02T00:00:00,3307.4584,3892.4463,3307.4584,0.0,0.0,0.0,0.0,1.0,1.0,3150.0,3707.1383,3150.0,0.0,0.0,1.1769,1.1769
00020,20002502,1.0,EUR,2020-12-01T00:00:00,2020-12-07T00:00:00,401.9191,488.851,401.9191,0.0,0.0,0.0,0.0,1.0,1.0,388.8,472.8944,388.8,0.0,0.0,1.2163,1.2163
00020,21001757,1.0,EUR,2021-07-07T00:00:00,2021-08-26T00:00:00,10526.63,12449.7253,10526.63,0.0,0.0,0.0,0.0,1.0,1.0,3298.89,3901.5596,3298.89,0.0,0.0,1.1827,1.1827
00020,21002674,1.0,EUR,2021-10-29T00:00:00,2021-11-11T00:00:00,10526.63,12208.9497,10526.63,0.0,0.0,0.0,0.0,1.0,1.0,3507.73,4068.32,3507.73,0.0,0.0,1.1598,1.1598
00020,20001323,1.0,EUR,2020-09-08T00:00:00,2020-09-08T00:00:00,-2900.0,-3420.1417,-2900.0,0.0,0.0,0.0,0.0,1.0,1.0,2.68,3.1607,2.68,0.0,0.0,1.1794,1.1794
00020,25000052,1.0,EUR,2025-01-10T00:00:00,2025-01-24T00:00:00,5600.0,5794.7758,5600.0,0.0,0.0,0.0,0.0,1.0,1.0,3650.0,3776.9521,3650.0,0.0,0.0,1.0348,1.0348
00020,25001117,1.0,EUR,2025-06-10T00:00:00,2025-08-06T00:00:00,5600.0,6449.903,5600.0,0.0,0.0,0.0,0.0,1.0,1.0,3650.0,4203.9547,3650.0,0.0,0.0,1.1518,1.1518
00020,25000958,1.0,EUR,2025-05-19T00:00:00,2025-08-11T00:00:00,646.28,728.726,646.28,0.0,0.0,0.0,0.0,1.0,1.0,733.63,827.2193,733.63,0.0,0.0,1.1276,1.1276
00020,25000084,1.0,EUR,2025-01-17T00:00:00,2025-02-27T00:00:00,5600.0,5794.7758,5600.0,0.0,0.0,0.0,0.0,1.0,1.0,3650.0,3776.9521,3650.0,0.0,0.0,1.0348,1.0348
00020,25000260,1.0,EUR,2025-02-07T00:00:00,2025-02-24T00:00:00,684.0,712.1681,684.0,0.0,0.0,0.0,0.0,1.0,1.0,448.8,467.2823,448.8,0.0,0.0,1.0412,1.0412
00020,25000577,1.0,EUR,2025-03-20T00:00:00,2025-03-26T00:00:00,4350.0,4693.034,4350.0,0.0,0.0,0.0,0.0,1.0,1.0,3200.0,3452.3469,3200.0,0.0,0.0,1.0789,1.0789
00020,25000770,1.0,EUR,2025-04-22T00:00:00,2025-05-07T00:00:00,684.0,767.4953,684.0,0.0,0.0,0.0,0.0,1.0,1.0,448.8,503.5846,448.8,0.0,0.0,1.1221,1.1221
00020,25000927,1.0,EUR,2025-05-14T00:00:00,2025-05-20T00:00:00,534.0,602.1224,534.0,0.0,0.0,0.0,0.0,1.0,1.0,422.33,476.2067,422.33,0.0,0.0,1.1276,1.1276
00020,25001107,1.0,EUR,2025-06-10T00:00:00,2025-06-18T00:00:00,534.0,615.0443,534.0,0.0,0.0,0.0,0.0,1.0,1.0,422.33,486.4263,422.33,0.0,0.0,1.1518,1.1518
00020,25001465,1.0,EUR,2025-07-25T00:00:00,2025-09-30T00:00:00,5600.0,6550.9198,5600.0,0.0,0.0,0.0,0.0,1.0,1.0,3650.0,4269.7959,3650.0,0.0,0.0,1.1698,1.1698
00020,25001541,1.0,EUR,2025-08-07T00:00:00,2025-10-02T00:00:00,5600.0,6522.2304,5600.0,0.0,0.0,0.0,0.0,1.0,1.0,3650.0,4251.0966,3650.0,0.0,0.0,1.1647,1.1647
00020,25000193,1.0,EUR,2025-01-31T00:00:00,2025-02-07T00:00:00,534.0,552.5733,534.0,0.0,0.0,0.0,0.0,1.0,1.0,422.33,437.0192,422.33,0.0,0.0,1.0348,1.0348
00020,25000314,1.0,EUR,2025-02-13T00:00:00,2025-03-31T00:00:00,5600.0,5830.6164,5600.0,0.0,0.0,0.0,0.0,1.0,1.0,3650.0,3800.3125,3650.0,0.0,0.0,1.0412,1.0412
00020,25000348,1.0,EUR,2025-02-18T00:00:00,2025-03-04T00:00:00,534.0,555.9909,534.0,0.0,0.0,0.0,0.0,1.0,1.0,422.33,439.7222,422.33,0.0,0.0,1.0412,1.0412
00020,25001569,1.0,EUR,2025-08-11T00:00:00,2025-08-22T00:00:00,534.0,621.9413,534.0,0.0,0.0,0.0,0.0,1.0,1.0,422.33,491.881,422.33,0.0,0.0,1.1647,1.1647
00020,25002248,1.0,EUR,2025-11-20T00:00:00,2025-12-22T00:00:00,427.2,494.0322,427.2,0.0,0.0,0.0,0.0,1.0,1.0,422.33,488.4004,422.33,0.0,0.0,1.1564,1.1564
00020,25000454,1.0,EUR,2025-03-05T00:00:00,2025-03-28T00:00:00,5600.0,6041.607,5600.0,0.0,0.0,0.0,0.0,1.0,1.0,3650.0,3937.8332,3650.0,0.0,0.0,1.0789,1.0789
00020,25000497,1.0,EUR,2025-03-11T00:00:00,2025-06-09T00:00:00,7530.0,8123.8038,7530.0,0.0,0.0,0.0,0.0,1.0,1.0,4087.0,4409.2943,4087.0,0.0,0.0,1.0789,1.0789
00020,25000498,1.0,EUR,2025-03-11T00:00:00,2025-04-02T00:00:00,534.0,576.1104,534.0,0.0,0.0,0.0,0.0,1.0,1.0,422.33,455.6343,422.33,0.0,0.0,1.0789,1.0789
00020,25001092,1.0,EUR,2025-06-05T00:00:00,2025-06-17T00:00:00,7530.0,8672.8161,7530.0,0.0,0.0,0.0,0.0,1.0,1.0,4087.0,4707.2775,4087.0,0.0,0.0,1.1518,1.1518
00020,25001242,1.0,EUR,2025-06-25T00:00:00,2025-07-14T00:00:00,5600.0,6449.903,5600.0,0.0,0.0,0.0,0.0,1.0,1.0,3650.0,4203.9547,3650.0,0.0,0.0,1.1518,1.1518
00020,25001339,1.0,EUR,2025-07-09T00:00:00,2025-07-23T00:00:00,534.0,624.677,534.0,0.0,0.0,0.0,0.0,1.0,1.0,422.33,494.0446,422.33,0.0,0.0,1.1698,1.1698
00020,25001439,1.0,EUR,2025-07-23T00:00:00,2025-10-21T00:00:00,32805.65,38376.2823,32805.65,0.0,0.0,0.0,0.0,1.0,1.0,16026.16,18747.5158,16026.16,0.0,0.0,1.1698,1.1698
00020,25001677,1.0,EUR,2025-09-02T00:00:00,2025-09-30T00:00:00,5600.0,6569.7302,5600.0,0.0,0.0,0.0,0.0,1.0,1.0,3650.0,4282.0563,3650.0,0.0,0.0,1.1732,1.1732
00020,25001944,1.0,EUR,2025-10-15T00:00:00,2025-11-06T00:00:00,5600.0,6522.9444,5600.0,0.0,0.0,0.0,0.0,1.0,1.0,3650.0,4251.562,3650.0,0.0,0.0,1.1648,1.1648
00020,25002229,1.0,EUR,2025-11-18T00:00:00,2025-11-25T00:00:00,5600.0,6476.078,5600.0,0.0,0.0,0.0,0.0,1.0,1.0,3650.0,4221.0151,3650.0,0.0,0.0,1.1564,1.1564
00020,25000018,1.0,EUR,2025-05-01T00:00:00,2025-05-06T00:00:00,-4350.0,-4904.9299,-4350.0,0.0,0.0,0.0,0.0,1.0,1.0,0.0,0.0,0.0,0.0,0.0,1.1276,1.1276
00020,25001736,1.0,EUR,2025-10-15T00:00:00,2025-10-16T00:00:00,-160.2,-186.6028,-160.2,0.0,0.0,0.0,0.0,1.0,1.0,0.0,0.0,0.0,0.0,0.0,1.1648,1.1648
00020,24001123,1.0,EUR,2024-05-30T00:00:00,2025-05-23T00:00:00,18618.7995,20121.3813,18618.7995,0.0,0.0,0.0,0.0,1.0,1.0,17772.74,19207.0428,17772.74,0.0,0.0,1.0807,1.0807
00020,25001275,1.0,EUR,2025-07-01T00:00:00,2025-07-08T00:00:00,683.7029,799.8005,683.7029,0.0,0.0,0.0,0.0,1.0,1.0,448.8,525.0094,448.8,0.0,0.0,1.1698,1.1698
00020,25001925,1.0,EUR,2025-10-13T00:00:00,2026-01-16T00:00:00,29805.14,34717.3698,29805.14,0.0,0.0,0.0,0.0,1.0,1.0,16026.16,18667.4555,16026.16,0.0,0.0,1.1648,1.1648
00020,25002385,1.0,EUR,2025-12-11T00:00:00,2026-02-12T00:00:00,5600.0,6558.7172,5600.0,0.0,0.0,0.0,0.0,1.0,1.0,3650.0,4274.8782,3650.0,0.0,0.0,1.1712,1.1712
00020,25002434,1.0,EUR,2025-12-18T00:00:00,2026-02-10T00:00:00,29805.14,34907.7651,29805.14,0.0,0.0,0.0,0.0,1.0,1.0,16026.16,18769.8306,16026.16,0.0,0.0,1.1712,1.1712
00020,25002466,1.0,EUR,2025-12-23T00:00:00,2026-03-12T00:00:00,6070.0,7109.181,6070.0,0.0,0.0,0.0,0.0,1.0,1.0,4500.0,5270.3978,4500.0,0.0,0.0,1.1712,1.1712
00020,25002472,1.0,EUR,2025-12-24T00:00:00,2026-01-09T00:00:00,6070.0,7109.181,6070.0,0.0,0.0,0.0,0.0,1.0,1.0,4500.0,5270.3978,4500.0,0.0,0.0,1.1712,1.1712
00020,26000074,1.0,EUR,2026-01-13T00:00:00,2026-02-13T00:00:00,534.0,626.432,534.0,0.0,0.0,0.0,0.0,1.0,1.0,424.5,497.9783,424.5,0.0,0.0,1.1731,1.1731
00020,26000110,1.0,EUR,2026-01-19T00:00:00,2026-02-13T00:00:00,684.0,802.3961,684.0,0.0,0.0,0.0,0.0,1.0,1.0,448.8,526.4845,448.8,0.0,0.0,1.1731,1.1731
00020,26000153,1.0,EUR,2026-01-22T00:00:00,2026-02-05T00:00:00,233.1,273.4481,233.1,0.0,0.0,0.0,0.0,1.0,1.0,88.71,104.0651,88.71,0.0,0.0,1.1731,1.1731
00020,26000161,1.0,EUR,2026-01-26T00:00:00,2026-02-24T00:00:00,5600.0,6569.3247,5600.0,0.0,0.0,0.0,0.0,1.0,1.0,3650.0,4281.792,3650.0,0.0,0.0,1.1731,1.1731
00020,26000167,1.0,EUR,2026-01-26T00:00:00,2026-02-10T00:00:00,4350.0,5102.9576,4350.0,0.0,0.0,0.0,0.0,1.0,1.0,3200.0,3753.8998,3200.0,0.0,0.0,1.1731,1.1731
00020,26000192,1.0,EUR,2026-01-29T00:00:00,2026-02-13T00:00:00,534.0,626.432,534.0,0.0,0.0,0.0,0.0,1.0,1.0,424.5,497.9783,424.5,0.0,0.0,1.1731,1.1731
00020,26000195,1.0,EUR,2026-01-30T00:00:00,2026-02-13T00:00:00,4350.0,5102.9576,4350.0,0.0,0.0,0.0,0.0,1.0,1.0,3200.0,3753.8998,3200.0,0.0,0.0,1.1731,1.1731
00020,26000238,1.0,EUR,2026-02-05T00:00:00,2026-02-17T00:00:00,684.0,809.0105,684.0,0.0,0.0,0.0,0.0,1.0,1.0,448.8,530.8244,448.8,0.0,0.0,1.1828,1.1828
00020,26000257,1.0,EUR,2026-02-09T00:00:00,2026-02-13T00:00:00,0.0,0.0,0.0,0.0,0.0,0.0,0.0,1.0,1.0,88.71,104.923,88.71,0.0,0.0,1.1828,1.1828
00020,26000497,1.0,EUR,2026-03-12T00:00:00,2026-03-30T00:00:00,5600.0,6479.9986,5600.0,0.0,0.0,0.0,0.0,1.0,1.0,3650.0,4223.5705,3650.0,0.0,0.0,1.1571,1.1571
00020,26000598,1.0,EUR,2026-03-25T00:00:00,2026-04-03T00:00:00,5600.0,6479.9986,5600.0,0.0,0.0,0.0,0.0,1.0,1.0,3650.0,4223.5705,3650.0,0.0,0.0,1.1571,1.1571
00020,26000862,1.0,EUR,2026-04-30T00:00:00,2026-05-14T00:00:00,708.0,827.3941,708.0,0.0,0.0,0.0,0.0,1.0,1.0,448.8,524.4837,448.8,0.0,0.0,1.1686,1.1686
00020,26000920,1.0,EUR,2026-05-12T00:00:00,2026-05-21T00:00:00,708.0,826.9912,708.0,0.0,0.0,0.0,0.0,1.0,1.0,448.8,524.2283,448.8,0.0,0.0,1.1681,1.1681
00020,26001050,1.0,EUR,2026-06-01T00:00:00,2026-06-11T00:00:00,708.0,814.8793,708.0,0.0,0.0,0.0,0.0,1.0,1.0,448.8,516.5506,448.8,0.0,0.0,1.151,1.151
00020,26001158,1.0,EUR,2026-06-18T00:00:00,2026-06-30T00:00:00,4550.0,5236.8657,4550.0,0.0,0.0,0.0,0.0,1.0,1.0,3200.0,3683.0704,3200.0,0.0,0.0,1.151,1.151
00020,26000240,1.0,EUR,2026-02-05T00:00:00,2026-04-30T00:00:00,16778.2219,19844.6752,16778.2219,0.0,0.0,0.0,0.0,1.0,1.0,15664.32,18527.1922,15664.32,0.0,0.0,1.1828,1.1828
00020,25002244,1.0,EUR,2025-11-19T00:00:00,2026-06-19T00:00:00,17935.8815,20741.8157,17935.8815,0.0,0.0,0.0,0.0,1.0,1.0,15379.21,17785.1721,15379.21,0.0,0.0,1.1564,1.1564
00020,25002243,1.0,EUR,2025-11-19T00:00:00,2026-06-19T00:00:00,17531.1842,20273.8064,17531.1842,0.0,0.0,0.0,0.0,1.0,1.0,15379.21,17785.1721,15379.21,0.0,0.0,1.1564,1.1564
00020,26000713,1.0,EUR,2026-04-09T00:00:00,2026-07-07T00:00:00,5800.0,6778.0876,5800.0,0.0,0.0,0.0,0.0,1.0,1.0,4020.0,4697.9159,4020.0,0.0,0.0,1.1686,1.1686
00020,26001412,1.0,EUR,2026-07-29T00:00:00,2026-08-14T00:00:00,164.88,188.2761,164.88,0.0,0.0,0.0,0.0,1.0,1.0,88.71,101.2977,88.71,0.0,0.0,1.1419,1.1419
00020,24000652,1.0,EUR,2024-03-22T00:00:00,2024-03-29T00:00:00,534.0,580.4794,534.0,0.0,0.0,0.0,0.0,1.0,1.0,572.62,622.4609,572.62,0.0,0.0,1.087,1.087
00020,24000803,1.0,EUR,2024-04-16T00:00:00,2024-04-30T00:00:00,9720.0,10425.5942,9720.0,0.0,0.0,0.0,0.0,1.0,1.0,5128.0,5500.2518,5128.0,0.0,0.0,1.0726,1.0726
00020,24001020,1.0,EUR,2024-05-16T00:00:00,2024-06-28T00:00:00,5600.0,6051.9334,5600.0,0.0,0.0,0.0,0.0,1.0,1.0,3650.0,3944.5638,3650.0,0.0,0.0,1.0807,1.0807
00020,24001374,1.0,EUR,2024-07-05T00:00:00,2024-07-31T00:00:00,534.0,579.4477,534.0,0.0,0.0,0.0,0.0,1.0,1.0,572.62,621.3546,572.62,0.0,0.0,1.0851,1.0851
00020,24000378,1.0,EUR,2024-02-19T00:00:00,2024-05-31T00:00:00,236.05,254.7992,236.05,0.0,0.0,0.0,0.0,1.0,1.0,197.16,212.8202,197.16,0.0,0.0,1.0794,1.0794
00020,24002277,1.0,EUR,2024-11-28T00:00:00,2024-11-28T00:00:00,534.0,567.9633,534.0,0.0,0.0,0.0,0.0,1.0,1.0,3.48,3.7013,3.48,0.0,0.0,1.0636,1.0636
00020,24001760,1.0,EUR,2024-10-16T00:00:00,2024-10-18T00:00:00,-534.0,-582.2574,-534.0,0.0,0.0,0.0,0.0,1.0,1.0,3.48,3.7945,3.48,0.0,0.0,1.0904,1.0904
00020,24000901,1.0,EUR,2024-04-30T00:00:00,2024-09-17T00:00:00,262.9,281.9844,262.9,0.0,0.0,0.0,0.0,1.0,1.0,137.85,147.8568,137.85,0.0,0.0,1.0726,1.0726
00020,23002367,1.0,EUR,2023-11-17T00:00:00,2024-02-13T00:00:00,11650.0,12592.4477,11650.0,0.0,0.0,0.0,0.0,1.0,1.0,5842.0,6314.5991,5842.0,0.0,0.0,1.0809,1.0809
00020,23002525,1.0,EUR,2023-12-12T00:00:00,2024-02-16T00:00:00,684.0,746.7055,684.0,0.0,0.0,0.0,0.0,1.0,1.0,490.8,535.7939,490.8,0.0,0.0,1.0917,1.0917
00020,24000022,1.0,EUR,2024-01-05T00:00:00,2024-01-18T00:00:00,5140.0,5611.3395,5140.0,0.0,0.0,0.0,0.0,1.0,1.0,4066.8,4439.7268,4066.8,0.0,0.0,1.0917,1.0917
00020,24000075,1.0,EUR,2024-01-12T00:00:00,2024-01-18T00:00:00,628.8,686.4611,628.8,0.0,0.0,0.0,0.0,1.0,1.0,572.62,625.1294,572.62,0.0,0.0,1.0917,1.0917
00020,24000380,1.0,EUR,2024-02-19T00:00:00,2024-02-26T00:00:00,6100.0,6584.5157,6100.0,0.0,0.0,0.0,0.0,1.0,1.0,4000.0,4317.7152,4000.0,0.0,0.0,1.0794,1.0794
00020,24000401,1.0,EUR,2024-02-21T00:00:00,2024-03-07T00:00:00,5800.0,6260.687,5800.0,0.0,0.0,0.0,0.0,1.0,1.0,4000.0,4317.7152,4000.0,0.0,0.0,1.0794,1.0794
00020,24000563,1.0,EUR,2024-03-11T00:00:00,2024-03-20T00:00:00,5140.0,5587.3861,5140.0,0.0,0.0,0.0,0.0,1.0,1.0,4066.8,4420.7747,4066.8,0.0,0.0,1.087,1.087
00020,24000597,1.0,EUR,2024-03-15T00:00:00,2024-05-27T00:00:00,5600.0,6087.4246,5600.0,0.0,0.0,0.0,0.0,1.0,1.0,4000.0,4348.1604,4000.0,0.0,0.0,1.087,1.087
00020,24000879,1.0,EUR,2024-04-24T00:00:00,2024-05-30T00:00:00,5600.0,6006.5152,5600.0,0.0,0.0,0.0,0.0,1.0,1.0,4000.0,4290.368,4000.0,0.0,0.0,1.0726,1.0726
00020,24000981,1.0,EUR,2024-05-10T00:00:00,2024-05-22T00:00:00,3500.0,3782.4584,3500.0,0.0,0.0,0.0,0.0,1.0,1.0,4066.8,4395.0005,4066.8,0.0,0.0,1.0807,1.0807
00020,24001157,1.0,EUR,2024-06-04T00:00:00,2024-07-18T00:00:00,4350.0,4682.9346,4350.0,0.0,0.0,0.0,0.0,1.0,1.0,4066.8,4378.0595,4066.8,0.0,0.0,1.0765,1.0765
00020,24001277,1.0,EUR,2024-06-21T00:00:00,2024-06-27T00:00:00,9310.0,10022.5567,9310.0,0.0,0.0,0.0,0.0,1.0,1.0,5128.0,5520.4802,5128.0,0.0,0.0,1.0765,1.0765
00020,24001367,1.0,EUR,2024-07-04T00:00:00,2024-08-02T00:00:00,9310.0,10102.3564,9310.0,0.0,0.0,0.0,0.0,1.0,1.0,5128.0,5564.4343,5128.0,0.0,0.0,1.0851,1.0851
00020,24001411,1.0,EUR,2024-07-11T00:00:00,2024-07-24T00:00:00,5800.0,6293.627,5800.0,0.0,0.0,0.0,0.0,1.0,1.0,3650.0,3960.6446,3650.0,0.0,0.0,1.0851,1.0851
00020,24001638,1.0,EUR,2024-08-21T00:00:00,2024-09-10T00:00:00,672.0,740.1895,672.0,0.0,0.0,0.0,0.0,1.0,1.0,448.8,494.3408,448.8,0.0,0.0,1.1015,1.1015
00020,24001760,1.0,EUR,2024-09-10T00:00:00,2024-10-08T00:00:00,534.0,593.1341,534.0,0.0,0.0,0.0,0.0,1.0,1.0,417.56,463.7998,417.56,0.0,0.0,1.1107,1.1107
00020,24001816,1.0,EUR,2024-09-18T00:00:00,2024-11-05T00:00:00,5600.0,6220.1334,5600.0,0.0,0.0,0.0,0.0,1.0,1.0,3650.0,4054.1941,3650.0,0.0,0.0,1.1107,1.1107
00020,24002366,1.0,EUR,2024-12-11T00:00:00,2024-12-18T00:00:00,684.0,716.7582,684.0,0.0,0.0,0.0,0.0,1.0,1.0,448.8,470.294,448.8,0.0,0.0,1.0479,1.0479
00020,24001049,1.0,EUR,2024-05-21T00:00:00,2024-06-04T00:00:00,5393.7895,5829.0812,5393.7895,0.0,0.0,0.0,0.0,1.0,1.0,5137.0,5551.5682,5137.0,0.0,0.0,1.0807,1.0807
00020,23001840,1.0,EUR,2023-08-30T00:00:00,2023-09-07T00:00:00,5500.0,6002.8194,5500.0,0.0,0.0,0.0,0.0,1.0,1.0,4066.8,4438.5938,4066.8,0.0,0.0,1.0914,1.0914
00020,23002136,1.0,EUR,2023-10-16T00:00:00,2023-11-27T00:00:00,6100.0,6445.2502,6100.0,0.0,0.0,0.0,0.0,1.0,1.0,4500.0,4754.6928,4500.0,0.0,0.0,1.0566,1.0566
00020,23000135,1.0,EUR,2023-01-20T00:00:00,2023-01-31T00:00:00,5500.0,5929.577,5500.0,0.0,0.0,0.0,0.0,1.0,1.0,3910.0,4215.3902,3910.0,0.0,0.0,1.0781,1.0781
00020,23000538,1.0,EUR,2023-03-09T00:00:00,2023-03-16T00:00:00,672.0,719.3833,672.0,0.0,0.0,0.0,0.0,1.0,1.0,480.0,513.8452,480.0,0.0,0.0,1.0705,1.0705
00020,23000696,1.0,EUR,2023-03-27T00:00:00,2023-04-06T00:00:00,744.0,796.4601,744.0,0.0,0.0,0.0,0.0,1.0,1.0,553.2,592.2066,553.2,0.0,0.0,1.0705,1.0705
00020,23000826,1.0,EUR,2023-04-12T00:00:00,2023-05-30T00:00:00,6100.0,6696.2189,6100.0,0.0,0.0,0.0,0.0,1.0,1.0,4500.0,4939.8336,4500.0,0.0,0.0,1.0977,1.0977
00020,23001048,1.0,EUR,2023-05-12T00:00:00,2023-05-24T00:00:00,5500.0,5985.8271,5500.0,0.0,0.0,0.0,0.0,1.0,1.0,4066.8,4426.0294,4066.8,0.0,0.0,1.0883,1.0883
00020,23001055,1.0,EUR,2023-05-12T00:00:00,2023-06-13T00:00:00,6100.0,6638.8264,6100.0,0.0,0.0,0.0,0.0,1.0,1.0,4500.0,4897.4949,4500.0,0.0,0.0,1.0883,1.0883
00020,23001253,1.0,EUR,2023-06-07T00:00:00,2023-06-15T00:00:00,672.0,728.2621,672.0,0.0,0.0,0.0,0.0,1.0,1.0,572.62,620.5617,572.62,0.0,0.0,1.0837,1.0837
00020,23002406,1.0,EUR,2023-11-23T00:00:00,2023-12-11T00:00:00,672.0,726.3626,672.0,0.0,0.0,0.0,0.0,1.0,1.0,572.62,618.9431,572.62,0.0,0.0,1.0809,1.0809
00020,22001663,1.0,EUR,2022-08-02T00:00:00,2023-05-23T00:00:00,16500.0,16701.5475,16500.0,0.0,0.0,0.0,0.0,1.0,1.0,11564.2,11705.4567,11564.2,0.0,0.0,1.0122,1.0122
00020,22001664,1.0,EUR,2022-08-02T00:00:00,2023-06-15T00:00:00,16500.0,16701.5475,16500.0,0.0,0.0,0.0,0.0,1.0,1.0,11564.2,11705.4567,11564.2,0.0,0.0,1.0122,1.0122
00020,23001940,1.0,EUR,2023-09-14T00:00:00,2023-09-21T00:00:00,6100.0,6518.6302,6100.0,0.0,0.0,0.0,0.0,1.0,1.0,4500.0,4808.8256,4500.0,0.0,0.0,1.0686,1.0686
00020,23000664,1.0,EUR,2023-03-23T00:00:00,2023-06-15T00:00:00,2624.97,2810.059,2624.97,0.0,0.0,0.0,0.0,1.0,1.0,1463.13,1566.2966,1463.13,0.0,0.0,1.0705,1.0705
00020,23000706,1.0,EUR,2023-03-28T00:00:00,2023-05-10T00:00:00,2134.0,2284.4703,2134.0,0.0,0.0,0.0,0.0,1.0,1.0,913.22,977.612,913.22,0.0,0.0,1.0705,1.0705
00020,23000332,1.0,EUR,2023-02-14T00:00:00,2023-06-28T00:00:00,7266.54,7783.2353,7266.54,0.0,0.0,0.0,0.0,1.0,1.0,3187.85,3414.5256,3187.85,0.0,0.0,1.0711,1.0711
00020,23001958,1.0,EUR,2023-09-18T00:00:00,2023-12-08T00:00:00,244.76,261.5574,244.76,0.0,0.0,0.0,0.0,1.0,1.0,156.04,166.7487,156.04,0.0,0.0,1.0686,1.0686
00020,23000644,1.0,EUR,2023-03-22T00:00:00,2023-04-11T00:00:00,5950.0,6369.5399,5950.0,0.0,0.0,0.0,0.0,1.0,1.0,4500.0,4817.299,4500.0,0.0,0.0,1.0705,1.0705
00020,23000990,1.0,EUR,2023-05-04T00:00:00,2023-06-06T00:00:00,5950.0,6475.5766,5950.0,0.0,0.0,0.0,0.0,1.0,1.0,4500.0,4897.4949,4500.0,0.0,0.0,1.0883,1.0883
00020,23002072,1.0,EUR,2023-10-03T00:00:00,2023-10-27T00:00:00,744.0,786.1092,744.0,0.0,0.0,0.0,0.0,1.0,1.0,553.2,584.5102,553.2,0.0,0.0,1.0566,1.0566
00020,23001642,1.0,EUR,2023-09-13T00:00:00,2023-09-14T00:00:00,-12500.0,-13357.8488,-12500.0,0.0,0.0,0.0,0.0,1.0,1.0,0.0,0.0,0.0,0.0,0.0,1.0686,1.0686
00020,23001371,1.0,EUR,2023-06-21T00:00:00,2023-07-05T00:00:00,5385.6923,5836.6008,5385.6923,0.0,0.0,0.0,0.0,1.0,1.0,5129.3,5558.7424,5129.3,0.0,0.0,1.0837,1.0837
00020,23002236,1.0,EUR,2023-10-31T00:00:00,2023-11-14T00:00:00,5385.7428,5690.5672,5385.7428,0.0,0.0,0.0,0.0,1.0,1.0,5129.3,5419.6102,5129.3,0.0,0.0,1.0566,1.0566
