Branch,GlobalBulk,Bulk,Item2nd,StockType,MPF,LeadTimeLevel,LeadTimeMFG,PlanningCode,PTF,SafetyStock,SafetyStockSAFE,ShelfLife,SupplierNum,SupplierName,PlannerNum,PlannerName,Planner,BuyerNum,BuyerName,ActiveFlag,Partition,SRC01,SRC01Desc,SRC03,SRC03Desc,SRC04,SRC04Desc,StockTypeDesc,MPFDesc
        DALL,U601,U601,U601-KP,O,TOL,0,0,2,4,,,365,0,,20440,Roger Niehaus,Eric,0,,N,1,URE,Polyurethanes,I96,U601,X,Discontinued,"Obsolete (To Order, Call MKT)",Toll Manufacturing
        SANF,U601,U601,U601-KP,O,TOL,0,0,2,4,,,365,0,,20440,Roger Niehaus,Eric,0,,N,1,URE,Polyurethanes,I96,U601,X,Discontinued,"Obsolete (To Order, Call MKT)",Toll Manufacturing
        DALL,U501,U501,U501,O,ETP,0,0,2,4,,,365,0,,20440,Roger Niehaus,Eric,0,,N,1,URE,Polyurethanes,I95,U501,C,Commercial,"Obsolete (To Order, Call MKT)",ETP
        DALL,U601,U601,U601,O,TOL,0,0,2,4,,,365,0,,20440,Roger Niehaus,Eric,0,,N,1,URE,Polyurethanes,I96,U601,C,Commercial,"Obsolete (To Order, Call MKT)",Toll Manufacturing
        DALL,U1001,U1001,U1001,O,ETP,0,0,2,4,,,365,0,,20440,Roger Niehaus,Eric,0,,N,1,URE,Polyurethanes,I86,U1001,X,Discontinued,"Obsolete (To Order, Call MKT)",ETP
        DALL,U2022,U2022,U2022,O,TOL,0,0,2,4,,,365,0,,20440,Roger Niehaus,Eric,0,,N,1,URE,Polyurethanes,I94,U2022,C,Commercial,"Obsolete (To Order, Call MKT)",Toll Manufacturing
        DALL,U201,U201,U201-PL,O,TOL,4,0,2,4,,,365,0,,20440,Roger Niehaus,Eric,0,,N,1,URE,Polyurethanes,I92,U201,C,Commercial,"Obsolete (To Order, Call MKT)",Toll Manufacturing
        DALL,U2022,U2022,U2022-PL,O,TOL,0,0,2,4,,,365,0,,20440,Roger Niehaus,Eric,0,,N,1,URE,Polyurethanes,I94,U2022,C,Commercial,"Obsolete (To Order, Call MKT)",Toll Manufacturing
        SANF,U501,U501,U501,O,ETP,0,0,2,4,,,365,0,,20440,Roger Niehaus,Eric,0,,N,1,URE,Polyurethanes,I95,U501,C,Commercial,"Obsolete (To Order, Call MKT)",ETP
        SANF,U601,U601,U601,O,TOL,0,0,2,4,,,365,0,,20440,Roger Niehaus,Eric,0,,N,1,URE,Polyurethanes,I96,U601,C,Commercial,"Obsolete (To Order, Call MKT)",Toll Manufacturing
        SANF,U1001,U1001,U1001,O,ETP,0,0,2,4,,,365,0,,20440,Roger Niehaus,Eric,0,,N,1,URE,Polyurethanes,I86,U1001,X,Discontinued,"Obsolete (To Order, Call MKT)",ETP
        SANF,U2022,U2022,U2022,O,TOL,0,0,2,4,,,365,0,,20440,Roger Niehaus,Eric,0,,N,1,URE,Polyurethanes,I94,U2022,C,Commercial,"Obsolete (To Order, Call MKT)",Toll Manufacturing
        SANF,U201,U201,U201-PL,O,TOL,4,0,2,4,,,365,0,,20440,Roger Niehaus,Eric,0,,N,1,URE,Polyurethanes,I92,U201,C,Commercial,"Obsolete (To Order, Call MKT)",Toll Manufacturing
        SANF,U2022,U2022,U2022-PL,O,TOL,0,0,2,4,,,365,0,,20440,Roger Niehaus,Eric,0,,N,1,URE,Polyurethanes,I94,U2022,C,Commercial,"Obsolete (To Order, Call MKT)",Toll Manufacturing
        CIN3,U201,U201,U201-PL,O,TOL,4,0,2,8,,,365,0,,20440,Roger Niehaus,Eric,0,,N,1,URE,Polyurethanes,I92,U201,C,Commercial,"Obsolete (To Order, Call MKT)",Toll Manufacturing
        CIN3,U2022,U2022,U2022-PL,O,TOL,0,0,2,8,,,365,0,,20440,Roger Niehaus,Eric,0,,N,1,URE,Polyurethanes,I94,U2022,C,Commercial,"Obsolete (To Order, Call MKT)",Toll Manufacturing
        CIN4,U201,U201,U201-PL,O,TOL,4,0,2,365,,,365,0,,20440,Roger Niehaus,Eric,0,,N,1,URE,Polyurethanes,I92,U201,C,Commercial,"Obsolete (To Order, Call MKT)",Toll Manufacturing
        CIN4,U2022,U2022,U2022-PL,O,TOL,0,0,2,365,,,365,0,,20440,Roger Niehaus,Eric,0,,N,1,URE,Polyurethanes,I94,U2022,C,Commercial,"Obsolete (To Order, Call MKT)",Toll Manufacturing
        CIN2,U601,U601,U601-KP,O,TOL,1,0,1,15,,,365,0,,20440,Roger Niehaus,Eric,0,,N,1,URE,Polyurethanes,I96,U601,X,Discontinued,"Obsolete (To Order, Call MKT)",Toll Manufacturing
        CIN3,U601,U601,U601-KP,O,TOL,0,0,2,8,,,365,0,,20440,Roger Niehaus,Eric,0,,N,1,URE,Polyurethanes,I96,U601,X,Discontinued,"Obsolete (To Order, Call MKT)",Toll Manufacturing
        CIN4,U601,U601,U601-KP,O,TOL,0,0,2,365,,,365,0,,20440,Roger Niehaus,Eric,0,,N,1,URE,Polyurethanes,I96,U601,X,Discontinued,"Obsolete (To Order, Call MKT)",Toll Manufacturing
        CINC,U601,U601,U601-KP,O,TOL,1,0,1,15,,,365,0,,20440,Roger Niehaus,Eric,0,,N,1,URE,Polyurethanes,I96,U601,X,Discontinued,"Obsolete (To Order, Call MKT)",Toll Manufacturing
        CIN3,U101,U101,U101-PL,O,TOL,0,0,2,8,,,365,0,,20440,Roger Niehaus,Eric,0,,N,1,URE,Polyurethanes,I87,U101,C,Commercial,"Obsolete (To Order, Call MKT)",Toll Manufacturing
        CIN4,U101,U101,U101-PL,O,TOL,0,0,2,365,,,365,0,,20440,Roger Niehaus,Eric,0,,N,1,URE,Polyurethanes,I87,U101,C,Commercial,"Obsolete (To Order, Call MKT)",Toll Manufacturing
        DALL,U101,U101,U101,O,ETP,0,0,2,4,,,365,0,,20440,Roger Niehaus,Eric,0,,N,1,URE,Polyurethanes,I87,U101,C,Commercial,"Obsolete (To Order, Call MKT)",ETP
        DALL,U101,U101,U101-PL,O,TOL,0,0,2,4,,,365,0,,20440,Roger Niehaus,Eric,0,,N,1,URE,Polyurethanes,I87,U101,C,Commercial,"Obsolete (To Order, Call MKT)",Toll Manufacturing
        DALL,U101,U101,U101-KP,O,ETP,0,0,2,4,,,365,0,,20440,Roger Niehaus,Eric,0,,N,1,URE,Polyurethanes,I87,U101,C,Commercial,"Obsolete (To Order, Call MKT)",ETP
        SANF,U101,U101,U101,O,ETP,0,0,2,4,,,365,0,,20440,Roger Niehaus,Eric,0,,N,1,URE,Polyurethanes,I87,U101,C,Commercial,"Obsolete (To Order, Call MKT)",ETP
        SANF,U101,U101,U101-PL,O,TOL,0,0,2,4,,,365,0,,20440,Roger Niehaus,Eric,0,,N,1,URE,Polyurethanes,I87,U101,C,Commercial,"Obsolete (To Order, Call MKT)",Toll Manufacturing
        SANF,U101,U101,U101-KP,O,ETP,0,0,2,4,,,365,0,,20440,Roger Niehaus,Eric,0,,N,1,URE,Polyurethanes,I87,U101,C,Commercial,"Obsolete (To Order, Call MKT)",ETP
        DALL,WD40,WD40,WD40-PL,O,ETP,0,0,2,4,,,730,0,,20440,Roger Niehaus,Eric,0,,N,1,SSS,Solventborne Products,J85,WD40,X,Discontinued,"Obsolete (To Order, Call MKT)",ETP
        DALL,WD40,WD40,WD40-UP,O,ETP,0,0,1,4,,,730,0,,20440,Roger Niehaus,Eric,0,,N,1,SSS,Solventborne Products,J85,WD40,C,Commercial,"Obsolete (To Order, Call MKT)",ETP
        SANF,WD40,WD40,WD40-PL,O,ETP,0,0,2,4,,,730,0,,20440,Roger Niehaus,Eric,0,,N,1,SSS,Solventborne Products,J85,WD40,X,Discontinued,"Obsolete (To Order, Call MKT)",ETP
        SANF,WD40,WD40,WD40-UP,O,ETP,0,0,1,4,,,730,0,,20440,Roger Niehaus,Eric,0,,N,1,SSS,Solventborne Products,J85,WD40,C,Commercial,"Obsolete (To Order, Call MKT)",ETP
        DALL,U201,U201,U201,O,TOL,0,0,2,4,,,365,0,,20440,Roger Niehaus,Eric,0,,N,1,URE,Polyurethanes,I92,U201,C,Commercial,"Obsolete (To Order, Call MKT)",Toll Manufacturing
        SANF,U201,U201,U201,O,TOL,0,0,2,4,,,365,0,,20440,Roger Niehaus,Eric,0,,N,1,URE,Polyurethanes,I92,U201,C,Commercial,"Obsolete (To Order, Call MKT)",Toll Manufacturing
        CIN2,WD40,WD40,WD40-PL,O,ETP,0,0,2,15,,,730,0,,20416,Charleen Wichman,Other,0,,N,1,SSS,Solventborne Products,J85,WD40,X,Discontinued,"Obsolete (To Order, Call MKT)",ETP
        CIN3,WD40,WD40,WD40-PL,O,ETP,0,0,2,8,,,730,0,,20416,Charleen Wichman,Other,0,,N,1,SSS,Solventborne Products,J85,WD40,X,Discontinued,"Obsolete (To Order, Call MKT)",ETP
        CIN3,WD40,WD40,WD40-UP,O,ETP,0,0,2,8,,,730,0,,20416,Charleen Wichman,Other,0,,N,1,SSS,Solventborne Products,J85,WD40,C,Commercial,"Obsolete (To Order, Call MKT)",ETP
        CIN4,WD40,WD40,WD40-PL,O,ETP,0,0,2,365,,,730,0,,20416,Charleen Wichman,Other,0,,N,1,SSS,Solventborne Products,J85,WD40,X,Discontinued,"Obsolete (To Order, Call MKT)",ETP
        CIN4,WD40,WD40,WD40-UP,O,ETP,0,0,1,365,,,730,0,,20416,Charleen Wichman,Other,0,,N,1,SSS,Solventborne Products,J85,WD40,C,Commercial,"Obsolete (To Order, Call MKT)",ETP
        CINC,WD40,WD40,WD40-PL,O,ETP,0,0,2,15,,,730,0,,20416,Charleen Wichman,Other,0,,N,1,SSS,Solventborne Products,J85,WD40,X,Discontinued,"Obsolete (To Order, Call MKT)",ETP
        SHAN,U601,U601,U601-PD,O,TOL,1,0,2,365,,,365,0,,0,,Other,0,,N,1,URE,Polyurethanes,I96,U601,C,Commercial,"Obsolete (To Order, Call MKT)",Toll Manufacturing
        CIN3,U101,U101,U101,O,ETP,0,0,2,8,,,365,0,,0,,Other,0,,N,1,URE,Polyurethanes,I87,U101,C,Commercial,"Obsolete (To Order, Call MKT)",ETP
        CIN3,U201,U201,U201,O,TOL,0,0,2,8,,,365,0,,0,,Other,0,,N,1,URE,Polyurethanes,I92,U201,C,Commercial,"Obsolete (To Order, Call MKT)",Toll Manufacturing
        CIN3,U501,U501,U501,O,ETP,0,0,2,8,,,365,0,,0,,Other,0,,N,1,URE,Polyurethanes,I95,U501,C,Commercial,"Obsolete (To Order, Call MKT)",ETP
        CIN3,U601,U601,U601,O,TOL,1,0,2,8,,,365,0,,0,,Other,0,,N,1,URE,Polyurethanes,I96,U601,C,Commercial,"Obsolete (To Order, Call MKT)",Toll Manufacturing
        CIN3,U1001,U1001,U1001,O,ETP,0,0,2,8,,,365,0,,0,,Other,0,,N,1,URE,Polyurethanes,I86,U1001,X,Discontinued,"Obsolete (To Order, Call MKT)",ETP
        CIN3,U2022,U2022,U2022,O,TOL,0,0,2,8,,,365,0,,0,,Other,0,,N,1,URE,Polyurethanes,I94,U2022,C,Commercial,"Obsolete (To Order, Call MKT)",Toll Manufacturing
        CIN4,U101,U101,U101,O,ETP,0,0,2,365,,,365,0,,0,,Other,0,,N,1,URE,Polyurethanes,I87,U101,C,Commercial,"Obsolete (To Order, Call MKT)",ETP
        CIN4,U201,U201,U201,O,TOL,0,0,2,365,,,365,0,,0,,Other,0,,N,1,URE,Polyurethanes,I92,U201,C,Commercial,"Obsolete (To Order, Call MKT)",Toll Manufacturing
        CIN4,U501,U501,U501,O,ETP,0,0,2,365,,,365,0,,0,,Other,0,,N,1,URE,Polyurethanes,I95,U501,C,Commercial,"Obsolete (To Order, Call MKT)",ETP
        CIN4,U601,U601,U601,O,TOL,0,0,2,365,,,365,0,,0,,Other,0,,N,1,URE,Polyurethanes,I96,U601,C,Commercial,"Obsolete (To Order, Call MKT)",Toll Manufacturing
        CIN4,U1001,U1001,U1001,O,ETP,0,0,2,365,,,365,0,,0,,Other,0,,N,1,URE,Polyurethanes,I86,U1001,X,Discontinued,"Obsolete (To Order, Call MKT)",ETP
        CIN4,U2022,U2022,U2022,O,TOL,0,0,2,365,,,365,0,,0,,Other,0,,N,1,URE,Polyurethanes,I94,U2022,C,Commercial,"Obsolete (To Order, Call MKT)",Toll Manufacturing
        CIN2,MDU4075B,MDU4075B.E,MDU4075B.E-T3,O,TOL,60,0,1,15,,,365,0,,0,,Other,0,,N,1,MDU,Michem Disp. Urethane,C5M,MDU4075B,E,Experimental,"Obsolete (To Order, Call MKT)",Toll Manufacturing
        USCM,161190PX,161190PX,161190PX,O,RCB,1,0,2,8,,,365,0,,0,,Other,0,,N,1,,Blank -Sales Rpt Code 1 41/S1,C5L,161190PX,D,Developmental,"Obsolete (To Order, Call MKT)",Raw Material use in Cold Blend
        AUBA,U2022,U2022,U2022,O,TOL,1,0,1,8,,,365,0,,301526,Rose-Anne Body,Other,0,,N,1,URE,Polyurethanes,I94,U2022,C,Commercial,"Obsolete (To Order, Call MKT)",Toll Manufacturing
        CIN2,U201,U201,U201-CC,O,TOL,6,0,1,15,,,365,0,,20445,Steve Laurence,Alex,0,,N,1,URE,Polyurethanes,I92,U201,C,Commercial,"Obsolete (To Order, Call MKT)",Toll Manufacturing
        CIN3,U101,U101,U101-KP,O,ETP,0,0,2,8,,,365,0,,291802,Dena Stevens,Other,0,,N,1,URE,Polyurethanes,I87,U101,C,Commercial,"Obsolete (To Order, Call MKT)",ETP
        CIN4,U101,U101,U101-KP,O,ETP,0,0,2,365,,,365,0,,291802,Dena Stevens,Other,0,,N,1,URE,Polyurethanes,I87,U101,C,Commercial,"Obsolete (To Order, Call MKT)",ETP
        CIN3,HP1632,HP1632,HP1632-OP,O,TOL,1,0,1,8,,,730,0,,335951,Lance Murphy,Other,0,,N,1,PIM,Polyimides,921,HP1632,C,Commercial,"Obsolete (To Order, Call MKT)",Toll Manufacturing
        CIN3,U501,U501,U501-PL,O,ETP,11,0,2,8,,,365,0,,293380,Greg Matzinger,Other,0,,N,1,URE,Polyurethanes,I95,U501,C,Commercial,"Obsolete (To Order, Call MKT)",ETP
        CIN4,U501,U501,U501-PL,O,ETP,11,0,2,365,,,365,0,,293380,Greg Matzinger,Other,0,,N,1,URE,Polyurethanes,I95,U501,C,Commercial,"Obsolete (To Order, Call MKT)",ETP
        DALL,WD40,WD40,WD40,O,ETP,16,0,1,4,,,730,0,,20440,Roger Niehaus,Eric,0,,N,1,SSS,Solventborne Products,J85,WD40,C,Commercial,"Obsolete (To Order, Call MKT)",ETP
        SANF,WD40,WD40,WD40,O,ETP,16,0,1,4,,,730,0,,20440,Roger Niehaus,Eric,0,,N,1,SSS,Solventborne Products,J85,WD40,C,Commercial,"Obsolete (To Order, Call MKT)",ETP
        DALL,U501,U501,U501-PL,O,ETP,11,0,2,4,,,365,0,,20440,Roger Niehaus,Eric,0,,N,1,URE,Polyurethanes,I95,U501,C,Commercial,"Obsolete (To Order, Call MKT)",ETP
        SANF,U501,U501,U501-PL,O,ETP,11,0,2,4,,,365,0,,20440,Roger Niehaus,Eric,0,,N,1,URE,Polyurethanes,I95,U501,C,Commercial,"Obsolete (To Order, Call MKT)",ETP
        CIN3,WD40,WD40,WD40,O,ETP,16,0,2,8,,,730,0,,20416,Charleen Wichman,Other,0,,N,1,SSS,Solventborne Products,J85,WD40,C,Commercial,"Obsolete (To Order, Call MKT)",ETP
        CIN4,WD40,WD40,WD40,O,ETP,16,0,1,365,,,730,0,,20416,Charleen Wichman,Other,0,,N,1,SSS,Solventborne Products,J85,WD40,C,Commercial,"Obsolete (To Order, Call MKT)",ETP
        CIN3,HP1632,HP1632,HP1632,O,TOL,0,0,2,8,,,730,0,,20440,Roger Niehaus,Eric,0,,N,1,PIM,Polyimides,921,HP1632,C,Commercial,"Obsolete (To Order, Call MKT)",Toll Manufacturing
        CIN3,HP1632,HP1632,HP1632-PL,O,FEC,1,0,2,8,,,730,0,,20440,Roger Niehaus,Eric,0,,N,1,PIM,Polyimides,921,HP1632,C,Commercial,"Obsolete (To Order, Call MKT)",Finished Good made in EC
        CIN4,HP1632,HP1632,HP1632,O,TOL,0,0,2,365,,,730,0,,20440,Roger Niehaus,Eric,0,,N,1,PIM,Polyimides,921,HP1632,C,Commercial,"Obsolete (To Order, Call MKT)",Toll Manufacturing
        CIN4,HP1632,HP1632,HP1632-PL,O,FEC,0,0,2,365,,,730,0,,20440,Roger Niehaus,Eric,0,,N,1,PIM,Polyimides,921,HP1632,C,Commercial,"Obsolete (To Order, Call MKT)",Finished Good made in EC
        DALL,HP1632,HP1632,HP1632,O,ETP,0,0,2,4,,,730,0,,20440,Roger Niehaus,Eric,0,,N,1,PIM,Polyimides,921,HP1632,C,Commercial,"Obsolete (To Order, Call MKT)",ETP
        DALL,HP1632,HP1632,HP1632-PL,O,FEC,0,0,2,4,,,730,0,,20440,Roger Niehaus,Eric,0,,N,1,PIM,Polyimides,921,HP1632,C,Commercial,"Obsolete (To Order, Call MKT)",Finished Good made in EC
        SANF,HP1632,HP1632,HP1632,O,ETP,0,0,2,4,,,730,0,,20440,Roger Niehaus,Eric,0,,N,1,PIM,Polyimides,921,HP1632,C,Commercial,"Obsolete (To Order, Call MKT)",ETP
        SANF,HP1632,HP1632,HP1632-PL,O,FEC,0,0,2,4,,,730,0,,20440,Roger Niehaus,Eric,0,,N,1,PIM,Polyimides,921,HP1632,C,Commercial,"Obsolete (To Order, Call MKT)",Finished Good made in EC
        CIN3,U701,U701,U701,O,ETP,6,0,2,8,,,365,0,,0,,Other,0,,N,1,URE,Polyurethanes,I97,U701,C,Commercial,"Obsolete (To Order, Call MKT)",ETP
        CIN3,U701,U701,U701-PL,O,ETP,0,0,2,8,,,365,0,,20440,Roger Niehaus,Eric,0,,N,1,URE,Polyurethanes,I97,U701,C,Commercial,"Obsolete (To Order, Call MKT)",ETP
        CIN4,U701,U701,U701,O,ETP,6,0,2,365,,,365,0,,0,,Other,0,,N,1,URE,Polyurethanes,I97,U701,C,Commercial,"Obsolete (To Order, Call MKT)",ETP
        CIN4,U701,U701,U701-PL,O,ETP,0,0,2,365,,,365,0,,20440,Roger Niehaus,Eric,0,,N,1,URE,Polyurethanes,I97,U701,C,Commercial,"Obsolete (To Order, Call MKT)",ETP
        DALL,U701,U701,U701,O,ETP,6,0,2,4,,,365,0,,20440,Roger Niehaus,Eric,0,,N,1,URE,Polyurethanes,I97,U701,C,Commercial,"Obsolete (To Order, Call MKT)",ETP
        DALL,U701,U701,U701-PL,O,ETP,0,0,2,4,,,365,0,,20440,Roger Niehaus,Eric,0,,N,1,URE,Polyurethanes,I97,U701,C,Commercial,"Obsolete (To Order, Call MKT)",ETP
        SANF,U701,U701,U701,O,ETP,0,0,2,4,,,365,0,,20440,Roger Niehaus,Eric,0,,N,1,URE,Polyurethanes,I97,U701,C,Commercial,"Obsolete (To Order, Call MKT)",ETP
        SANF,U701,U701,U701-PL,O,ETP,0,0,2,4,,,365,0,,20440,Roger Niehaus,Eric,0,,N,1,URE,Polyurethanes,I97,U701,C,Commercial,"Obsolete (To Order, Call MKT)",ETP
        AUBA,MDU2012,MDU2012.E,MDU2012.E,O,TOL,30,0,1,8,,,365,0,,301526,Rose-Anne Body,Other,0,,N,1,HAU,Hybrid AcrylicUrethane Disper,,Blank - Sales Rpt Code 3 41/S3,OB,Obsolete,"Obsolete (To Order, Call MKT)",Toll Manufacturing
        AUBA,MDU4075,MDU4075.E,MDU4075.E,O,TOL,60,0,1,8,,,365,0,,301526,Rose-Anne Body,Other,0,,N,1,PUD,Polyurethane Dispersion,,Blank - Sales Rpt Code 3 41/S3,OB,Obsolete,"Obsolete (To Order, Call MKT)",Toll Manufacturing
        AUBA,MDU440,MDU440.E,MDU440.E,O,TOL,60,0,1,8,,,365,0,,340941,Lise Jacquet,Other,0,,N,1,PAB,Polyurethane - Acrylic Blends,,Blank - Sales Rpt Code 3 41/S3,OB,Obsolete,"Obsolete (To Order, Call MKT)",Toll Manufacturing
        CIN2,MDU2012,MDU2012.E,MDU2012.E,O,TOL,30,0,1,15,,,365,0,,301526,Rose-Anne Body,Other,0,,N,1,HAU,Hybrid AcrylicUrethane Disper,,Blank - Sales Rpt Code 3 41/S3,OB,Obsolete,"Obsolete (To Order, Call MKT)",Toll Manufacturing
        CIN2,WD40,WD40,WD40-NS,O,ETP,6,0,1,15,,,730,0,,20416,Charleen Wichman,Other,0,,N,1,SSS,Solventborne Products,J85,WD40,X,Discontinued,"Obsolete (To Order, Call MKT)",ETP
        CIN2,WD40,WD40,WD40-SH,O,ETP,0,0,1,15,,,730,0,,20416,Charleen Wichman,Other,0,,N,1,SSS,Solventborne Products,J85,WD40,X,Discontinued,"Obsolete (To Order, Call MKT)",ETP
        CIN3,WD40,WD40,WD40-NS,O,ETP,6,0,1,8,,,730,0,,20416,Charleen Wichman,Other,0,,N,1,SSS,Solventborne Products,J85,WD40,X,Discontinued,"Obsolete (To Order, Call MKT)",ETP
        CIN3,WD40,WD40,WD40-SH,O,ETP,0,0,1,8,,,730,0,,20416,Charleen Wichman,Other,0,,N,1,SSS,Solventborne Products,J85,WD40,X,Discontinued,"Obsolete (To Order, Call MKT)",ETP
        CIN4,WD40,WD40,WD40-NS,O,ETP,6,0,1,365,,,730,0,,20416,Charleen Wichman,Other,0,,N,1,SSS,Solventborne Products,J85,WD40,X,Discontinued,"Obsolete (To Order, Call MKT)",ETP
        CIN4,WD40,WD40,WD40-SH,O,ETP,0,0,1,365,,,730,0,,20416,Charleen Wichman,Other,0,,N,1,SSS,Solventborne Products,J85,WD40,X,Discontinued,"Obsolete (To Order, Call MKT)",ETP
        CINC,WD40,WD40,WD40-NS,O,ETP,6,0,1,15,,,360,0,,20416,Charleen Wichman,Other,0,,N,1,SSS,Solventborne Products,J85,WD40,X,Discontinued,"Obsolete (To Order, Call MKT)",ETP
        CINC,WD40,WD40,WD40-SH,O,ETP,0,0,1,15,,,730,0,,20416,Charleen Wichman,Other,0,,N,1,SSS,Solventborne Products,J85,WD40,X,Discontinued,"Obsolete (To Order, Call MKT)",ETP
        DALL,WD40,WD40,WD40-NS,O,ETP,6,0,1,4,,,730,0,,20440,Roger Niehaus,Eric,0,,N,1,SSS,Solventborne Products,J85,WD40,X,Discontinued,"Obsolete (To Order, Call MKT)",ETP
        DALL,WD40,WD40,WD40-SH,O,ETP,0,0,1,4,,,730,0,,20440,Roger Niehaus,Eric,0,,N,1,SSS,Solventborne Products,J85,WD40,X,Discontinued,"Obsolete (To Order, Call MKT)",ETP
        SANF,WD40,WD40,WD40-NS,O,ETP,6,0,1,4,,,730,0,,20440,Roger Niehaus,Eric,0,,N,1,SSS,Solventborne Products,J85,WD40,X,Discontinued,"Obsolete (To Order, Call MKT)",ETP
        SANF,WD40,WD40,WD40-SH,O,ETP,0,0,1,4,,,730,0,,20440,Roger Niehaus,Eric,0,,N,1,SSS,Solventborne Products,J85,WD40,X,Discontinued,"Obsolete (To Order, Call MKT)",ETP
        CIN2,171143PX,171143PX,171143PX,O,TOL,1,0,1,15,,,180,0,,335951,Lance Murphy,Other,0,,N,1,PAE,Pure Acrylic Emulsion,BWF,171143PX,X,Discontinued,"Obsolete (To Order, Call MKT)",Toll Manufacturing
        USCM,MD4023,MD4023,MD4023,X,TOL,1,0,1,15,,,365,0,,0,,Other,0,,N,1,PST,Paste Wax,BTP,MD4023,CP,Commercial Proprietary,Outside Processing,Toll Manufacturing
        EUCM,U502,U502.E,U502.E,X,TOL,1,0,1,8,,,365,0,,0,,Other,0,,N,1,URE,Polyurethanes,BMS,U502.E,C,Commercial,Outside Processing,Toll Manufacturing
        SHAN,U502,U502.E,U502.E-PL,P,TOL,1,0,1,8,,,365,0,,301526,Rose-Anne Body,Other,0,,Y,1,URE,Polyurethanes,BMS,U502.E,C,Commercial,Purchased inc. Raw Material,Toll Manufacturing
,U1001,U1001,U1001-KN,O,ETP,30,0,1,365,,,,0,,0,,,0,,INACTIVE,1,URE,Polyurethanes,I86,U1001,X,Discontinued,"Obsolete (To Order, Call MKT)",ETP
,U601,U601,U601-PD,P,TOL,1,0,2,365,,,,0,,0,,,0,,ACTIVE,1,URE,Polyurethanes,I96,U601,C,Commercial,Purchased inc. Raw Material,Toll Manufacturing
,U101,U101,U101-T2,D,TOL,1,0,2,365,,,,0,,0,,,0,,ACTIVE,1,URE,Polyurethanes,I87,U101,C,Commercial,Distributed Item,Toll Manufacturing
,U1001,U1001,U1001-OP,O,TOL,42,0,2,365,,,,0,,0,,,0,,INACTIVE,1,URE,Polyurethanes,I86,U1001,X,Discontinued,"Obsolete (To Order, Call MKT)",Toll Manufacturing
,U1001,U1001,U1001-PL,O,ETP,1,0,2,365,,,,0,,0,,,0,,INACTIVE,1,URE,Polyurethanes,I86,U1001,X,Discontinued,"Obsolete (To Order, Call MKT)",ETP
,U501,U501,U501-T2,D,TOL,1,0,2,365,,,,0,,0,,,0,,ACTIVE,1,URE,Polyurethanes,I95,U501,C,Commercial,Distributed Item,Toll Manufacturing
,MDU20,MDU20,MDU20-PL,S,TOL,4,0,1,365,,,,0,,0,,,0,,ACTIVE,1,URE,Polyurethanes,A7G,MDU20,C,Commercial,Stock End-Item,Toll Manufacturing
,MDU20,MDU20,MDU20-OP,S,TOL,42,0,1,365,,,,0,,0,,,0,,ACTIVE,1,URE,Polyurethanes,A7G,MDU20,C,Commercial,Stock End-Item,Toll Manufacturing
,WD40,WD40,WD40-SP,S,ETP,1,0,1,365,,,,0,,0,,,0,,ACTIVE,1,SSS,Solventborne Products,J85,WD40,C,Commercial,Stock End-Item,ETP
,WD40,WD40,WD40-UN,S,ETP,1,0,1,365,,,,0,,0,,,0,,ACTIVE,1,SSS,Solventborne Products,J85,WD40,C,Commercial,Stock End-Item,ETP
,HP1432AT,HP1432AT,HP1432AT-PL,P,TOL,180,0,2,180,,,,0,,0,,,0,,ACTIVE,1,PIM,Polyimides,A1Q,HP1432AT,C,Commercial,Purchased inc. Raw Material,Toll Manufacturing
,U204,U204,U204-OP,S,FCB,42,0,1,180,,,,0,,0,,,0,,ACTIVE,1,URE,Polyurethanes,S57,U204,C,Commercial,Stock End-Item,Finished Good Cold Blend
,U204,U204,U204-PL,S,ATP,30,0,1,365,,,,0,,0,,,0,,ACTIVE,1,URE,Polyurethanes,S57,U204,C,Commercial,Stock End-Item,ATP
,MD4020,MD4020,MD4020-C1,O,TOL,112,0,2,15,,,,0,,0,,,0,,INACTIVE,1,PST,Paste Wax,C8S,MD4020,CP,Commercial Proprietary,"Obsolete (To Order, Call MKT)",Toll Manufacturing
,MD4020,MD4020,MD4020-C2,P,TOL,1,0,2,8,,,,0,,0,,,0,,ACTIVE,1,PST,Paste Wax,C8S,MD4020,CP,Commercial Proprietary,Purchased inc. Raw Material,Toll Manufacturing
,MD4021,MD4021,MD4021-C2,O,TOL,1,0,2,8,,,,0,,0,,,0,,INACTIVE,1,PST,Paste Wax,C8T,MD4021,CP,Commercial Proprietary,"Obsolete (To Order, Call MKT)",Toll Manufacturing
,MD4021,MD4021,MD4021-C1,O,TOL,112,0,2,15,,,,0,,0,,,0,,INACTIVE,1,PST,Paste Wax,C8T,MD4021,CP,Commercial Proprietary,"Obsolete (To Order, Call MKT)",Toll Manufacturing
,MD4023,MD4023,MD4023-C2,O,TOL,1,0,1,8,,,,0,,0,,,0,,INACTIVE,1,PST,Paste Wax,BTP,MD4023,CP,Commercial Proprietary,"Obsolete (To Order, Call MKT)",Toll Manufacturing
,U502,U502,U502-OP,S,TOL,42,0,2,365,,,,0,,0,,,0,,ACTIVE,1,URE,Polyurethanes,S85,U502,C,Commercial,Stock End-Item,Toll Manufacturing
,MD4020C,MD4020C,MD4020C-C2,O,TOL,1,0,2,8,,,,0,,0,,,0,,INACTIVE,1,PST,Paste Wax,C9H,MD4020C,CP,Commercial Proprietary,"Obsolete (To Order, Call MKT)",Toll Manufacturing
,MD4021C,MD4021C,MD4021C-C2,O,TOL,1,0,2,8,,,,0,,0,,,0,,INACTIVE,1,PST,Paste Wax,C9I,MD4021C,CP,Commercial Proprietary,"Obsolete (To Order, Call MKT)",Toll Manufacturing
,MD4022C,MD4022C,MD4022C-C2,O,TOL,1,0,1,8,,,,0,,0,,,0,,INACTIVE,1,PST,Paste Wax,C9J,MD4022C,CP,Commercial Proprietary,"Obsolete (To Order, Call MKT)",Toll Manufacturing
,MD4023C,MD4023C,MD4023C-C2,O,FEC,1,0,1,8,,,,0,,0,,,0,,INACTIVE,1,PST,Paste Wax,C9K,MD4023C,CP,Commercial Proprietary,"Obsolete (To Order, Call MKT)",Finished Good made in EC
,MW40504,MW40504,MW40504-C2,O,TOL,1,0,1,30,,,,0,,0,,,0,,INACTIVE,1,PST,Paste Wax,CAZ,MW40504,CP,Commercial Proprietary,"Obsolete (To Order, Call MKT)",Toll Manufacturing
,U101,U101,U101,D,ETP,1,0,2,365,,,,0,,0,,,0,,ACTIVE,1,URE,Polyurethanes,I87,U101,C,Commercial,Distributed Item,ETP
,U501,U501,U501,D,ETP,1,0,2,365,,,,0,,0,,,0,,ACTIVE,1,URE,Polyurethanes,I95,U501,C,Commercial,Distributed Item,ETP
,U101,U101,U101-PL,D,TOL,1,0,2,365,,,,0,,0,,,0,,ACTIVE,1,URE,Polyurethanes,I87,U101,C,Commercial,Distributed Item,Toll Manufacturing
,U101,U101,U101-OP,D,TOL,1,0,2,180,,,,0,,0,,,0,,ACTIVE,1,URE,Polyurethanes,I87,U101,C,Commercial,Distributed Item,Toll Manufacturing
,U201,U201,U201-OP,D,TOL,42,0,2,180,,,,0,,0,,,0,,ACTIVE,1,URE,Polyurethanes,I92,U201,C,Commercial,Distributed Item,Toll Manufacturing
,HP1632,HP1632,HP1632-OP,D,TOL,206,0,2,365,,,,0,,0,,,0,,ACTIVE,1,PIM,Polyimides,921,HP1632,C,Commercial,Distributed Item,Toll Manufacturing
,U501,U501,U501-OP,P,TOL,42,0,2,180,,,,0,,0,,,0,,ACTIVE,1,URE,Polyurethanes,I95,U501,C,Commercial,Purchased inc. Raw Material,Toll Manufacturing
,U201,U201,U201-PL,D,TOL,1,0,2,365,,,,0,,0,,,0,,ACTIVE,1,URE,Polyurethanes,I92,U201,C,Commercial,Distributed Item,Toll Manufacturing
,U501,U501,U501-PL,D,ETP,1,0,2,365,,,,0,,0,,,0,,ACTIVE,1,URE,Polyurethanes,I95,U501,C,Commercial,Distributed Item,ETP
,U2022,U2022,U2022-PL,D,FCB,1,0,2,365,,,,0,,0,,,0,,ACTIVE,1,URE,Polyurethanes,I94,U2022,C,Commercial,Distributed Item,Finished Good Cold Blend
,U2022,U2022,U2022-OP,P,TOL,56,0,2,70,,,,0,,0,,,0,,ACTIVE,1,URE,Polyurethanes,I94,U2022,C,Commercial,Purchased inc. Raw Material,Toll Manufacturing
,U502,U502.E,U502.E,M,TOL,50,0,1,365,,,,0,,0,,,0,,ACTIVE,1,URE,Polyurethanes,BMS,U502.E,C,Commercial,Mfg. Assembly or Sub-Assembly,Toll Manufacturing
,U502,U502.E,U502.E-TO,S,TOL,77,0,1,180,,,,0,,0,,,0,,ACTIVE,1,URE,Polyurethanes,BMS,U502.E,C,Commercial,Stock End-Item,Toll Manufacturing
,U802,U802.E,U802.E,M,TOL,50,0,1,365,,,,0,,0,,,0,,ACTIVE,1,URE,Polyurethanes,BMU,U802.E,C,Commercial,Mfg. Assembly or Sub-Assembly,Toll Manufacturing
,U802,U802.E,U802.E-TO,S,TOL,60,0,1,365,,,,0,,0,,,0,,ACTIVE,1,URE,Polyurethanes,BMU,U802.E,C,Commercial,Stock End-Item,Toll Manufacturing
,HP1632,HP1632,HP1632-PL,D,FEC,180,0,2,365,,,,0,,0,,,0,,ACTIVE,1,PIM,Polyimides,921,HP1632,C,Commercial,Distributed Item,Finished Good made in EC
,U601,U601,U601-OP,P,TOL,196,0,2,180,,,,0,,0,,,0,,ACTIVE,1,URE,Polyurethanes,I96,U601,C,Commercial,Purchased inc. Raw Material,Toll Manufacturing
,U701,U701,U701-OP,D,TOL,115,0,2,180,,,,0,,0,,,0,,ACTIVE,1,URE,Polyurethanes,I97,U701,C,Commercial,Distributed Item,Toll Manufacturing
,U601,U601,U601-PL,D,ETP,71,0,2,365,,,,0,,0,,,0,,ACTIVE,1,URE,Polyurethanes,I96,U601,C,Commercial,Distributed Item,ETP
,U502,U502.E,U502.E-PL,S,TOL,77,0,1,365,,,,0,,0,,,0,,ACTIVE,1,URE,Polyurethanes,BMS,U502.E,C,Commercial,Stock End-Item,Toll Manufacturing
,U502,U502.E,U502.E-PD,O,TOL,77,0,1,365,,,,0,,0,,,0,,INACTIVE,1,URE,Polyurethanes,BMS,U502.E,IN,Inactive,"Obsolete (To Order, Call MKT)",Toll Manufacturing
,U802,U802.E,U802.E-PD,O,TOL,75,0,1,365,,,,0,,0,,,0,,INACTIVE,1,URE,Polyurethanes,BMU,U802.E,IN,Inactive,"Obsolete (To Order, Call MKT)",Toll Manufacturing
        ORTC,HP1632,HP1632,HP1632,O,ETP,1,0,1,8,,,730,0,,328907,James Massie,Other,328907,"Massie, James",N,1,PIM,Polyimides,921,HP1632,C,Commercial,"Obsolete (To Order, Call MKT)",ETP
        ORTC,U601,U601,U601-OP,O,TOL,42,0,1,4,,,365,0,,328907,James Massie,Other,328907,"Massie, James",N,1,URE,Polyurethanes,I96,U601,C,Commercial,"Obsolete (To Order, Call MKT)",Toll Manufacturing
        USCM,U601,U601,U601-OP,X,TOL,42,0,1,4,,,365,0,,328907,James Massie,Other,328907,"Massie, James",N,1,URE,Polyurethanes,I96,U601,C,Commercial,Outside Processing,Toll Manufacturing
        BIPP,U502,U502.E,U502.E,O,TOL,1,0,1,8,,,365,0,,301526,Rose-Anne Body,Other,306439,"Hansen, Charlotte",N,1,URE,Polyurethanes,BMS,U502.E,C,Commercial,"Obsolete (To Order, Call MKT)",Toll Manufacturing
        CIN2,MDU4075,MDU4075.E,MDU4075.E,O,TOL,30,0,1,10,,,365,0,,333530,Kyle Davis,Other,333530,"Davis, Kyle",N,1,PUD,Polyurethane Dispersion,,Blank - Sales Rpt Code 3 41/S3,OB,Obsolete,"Obsolete (To Order, Call MKT)",Toll Manufacturing
        CINC,MDU4075,MDU4075.E,MDU4075.E,O,TOL,30,0,1,10,,,365,0,,333530,Kyle Davis,Other,333530,"Davis, Kyle",N,1,PUD,Polyurethane Dispersion,,Blank - Sales Rpt Code 3 41/S3,OB,Obsolete,"Obsolete (To Order, Call MKT)",Toll Manufacturing
        DANC,HP1632,HP1632,HP1632,O,TOL,1,0,1,30,,,730,0,,324287,Brent Harris,Other,324287,"Harris, Brent",N,1,PIM,Polyimides,921,HP1632,C,Commercial,"Obsolete (To Order, Call MKT)",Toll Manufacturing
        DANC,HP1632,HP1632,HP1632-PL,O,FEC,0,0,1,30,,,730,0,,328907,James Massie,Other,328907,"Massie, James",N,1,PIM,Polyimides,921,HP1632,C,Commercial,"Obsolete (To Order, Call MKT)",Finished Good made in EC
        JAIN,HP1632,HP1632,HP1632,O,FEC,1,0,1,365,,,730,0,,0,,Other,319235,"Webber, Ashley",N,1,PIM,Polyimides,921,HP1632,C,Commercial,"Obsolete (To Order, Call MKT)",Finished Good made in EC
        ORTC,U601,U601,U601-PL,O,FEC,0,0,1,30,,,365,0,,328907,James Massie,Other,328907,"Massie, James",N,1,URE,Polyurethanes,I96,U601,C,Commercial,"Obsolete (To Order, Call MKT)",Finished Good made in EC
        USCM,HP1632,HP1632,HP1632,X,TOL,1,0,1,30,,,730,0,,324287,Brent Harris,Other,324287,"Harris, Brent",N,1,PIM,Polyimides,921,HP1632,C,Commercial,Outside Processing,Toll Manufacturing
        USCM,HP1632,HP1632,HP1632-PL,O,FEC,1,0,1,30,,,730,0,,328907,James Massie,Other,328907,"Massie, James",N,1,PIM,Polyimides,921,HP1632,C,Commercial,"Obsolete (To Order, Call MKT)",Finished Good made in EC
        USCM,U601,U601,U601-PL,X,FEC,1,0,1,30,,,365,0,,328907,James Massie,Other,328907,"Massie, James",N,1,URE,Polyurethanes,I96,U601,C,Commercial,Outside Processing,Finished Good made in EC
        ORTC,U101,U101,U101-OP,O,TOL,42,0,1,4,,,365,0,,328907,James Massie,Other,328907,"Massie, James",N,1,URE,Polyurethanes,I87,U101,C,Commercial,"Obsolete (To Order, Call MKT)",Toll Manufacturing
        ORTC,U201,U201,U201-OP,O,TOL,42,0,1,4,,,365,0,,328907,James Massie,Other,328907,"Massie, James",N,1,URE,Polyurethanes,I92,U201,C,Commercial,"Obsolete (To Order, Call MKT)",Toll Manufacturing
        ORTC,U501,U501,U501-OP,O,TOL,30,0,1,4,,,365,0,,328907,James Massie,Other,328907,"Massie, James",N,1,URE,Polyurethanes,I95,U501,C,Commercial,"Obsolete (To Order, Call MKT)",Toll Manufacturing
        ORTC,U1001,U1001,U1001-OP,O,TOL,0,0,1,4,,,365,0,,328907,James Massie,Other,328907,"Massie, James",N,1,URE,Polyurethanes,I86,U1001,X,Discontinued,"Obsolete (To Order, Call MKT)",Toll Manufacturing
        ORTC,U502,U502,U502-OP,O,TOL,30,0,1,4,,,365,0,,328907,James Massie,Other,328907,"Massie, James",N,1,URE,Polyurethanes,S85,U502,C,Commercial,"Obsolete (To Order, Call MKT)",Toll Manufacturing
        ORTC,U204,U204,U204-OP,O,TOL,42,0,1,4,,,365,0,,328907,James Massie,Other,328907,"Massie, James",N,1,URE,Polyurethanes,S57,U204,C,Commercial,"Obsolete (To Order, Call MKT)",Toll Manufacturing
        USCM,U101,U101,U101-OP,X,TOL,42,0,1,4,,,365,0,,328907,James Massie,Other,328907,"Massie, James",N,1,URE,Polyurethanes,I87,U101,C,Commercial,Outside Processing,Toll Manufacturing
        USCM,U201,U201,U201-OP,X,TOL,42,0,1,4,,,365,0,,328907,James Massie,Other,328907,"Massie, James",N,1,URE,Polyurethanes,I92,U201,C,Commercial,Outside Processing,Toll Manufacturing
        USCM,U501,U501,U501-OP,X,TOL,112,0,1,4,,,365,0,,328907,James Massie,Other,328907,"Massie, James",N,1,URE,Polyurethanes,I95,U501,C,Commercial,Outside Processing,Toll Manufacturing
        USCM,U1001,U1001,U1001-OP,O,TOL,1,0,1,4,,,365,0,,328907,James Massie,Other,328907,"Massie, James",N,1,URE,Polyurethanes,I86,U1001,X,Discontinued,"Obsolete (To Order, Call MKT)",Toll Manufacturing
        USCM,U502,U502,U502-OP,X,TOL,30,0,1,4,,,365,0,,328907,James Massie,Other,328907,"Massie, James",N,1,URE,Polyurethanes,S85,U502,C,Commercial,Outside Processing,Toll Manufacturing
        CINC,MW40514,MW40514,MW40514,P,TOL,1,0,1,10,,,365,0,,324287,Brent Harris,Other,300328,"Lye, May Leng (Josephine)",Y,1,PST,Paste Wax,CAY,MW40514,CP,Commercial Proprietary,Purchased inc. Raw Material,Toll Manufacturing
        CINC,MW40504,MW40504,MW40504,P,TOL,1,0,1,10,,,365,0,,324287,Brent Harris,Other,300328,"Lye, May Leng (Josephine)",Y,1,PST,Paste Wax,CAZ,MW40504,CP,Commercial Proprietary,Purchased inc. Raw Material,Toll Manufacturing
        DANC,HP1432AT,HP1432AT,HP1432AT,O,FEC,1,0,1,30,,,540,0,,328907,James Massie,Other,328907,"Massie, James",N,1,PIM,Polyimides,A1Q,HP1432AT,C,Commercial,"Obsolete (To Order, Call MKT)",Finished Good made in EC
        DANC,HP1432AT,HP1432AT,HP1432AT-OP,O,TOL,20,0,1,4,,,540,0,,328907,James Massie,Other,328907,"Massie, James",N,1,PIM,Polyimides,A1Q,HP1432AT,C,Commercial,"Obsolete (To Order, Call MKT)",Toll Manufacturing
        GRAN,MD4020,MD4020,MD4020-C1,O,TOL,60,0,2,15,,,730,0,,328907,James Massie,Other,328907,"Massie, James",N,1,PST,Paste Wax,C8S,MD4020,CP,Commercial Proprietary,"Obsolete (To Order, Call MKT)",Toll Manufacturing
        GRAN,MD4020,MD4020,MD4020-C2,O,TOL,60,0,2,15,,,730,0,,324287,Brent Harris,Other,324287,"Harris, Brent",N,1,PST,Paste Wax,C8S,MD4020,CP,Commercial Proprietary,"Obsolete (To Order, Call MKT)",Toll Manufacturing
        GRAN,MD4021,MD4021,MD4021-C2,O,TOL,60,0,2,15,,,365,0,,324287,Brent Harris,Other,324287,"Harris, Brent",N,1,PST,Paste Wax,C8T,MD4021,CP,Commercial Proprietary,"Obsolete (To Order, Call MKT)",Toll Manufacturing
        GRAN,MD4021,MD4021,MD4021-C1,O,TOL,60,0,2,15,,,365,0,,328907,James Massie,Other,328907,"Massie, James",N,1,PST,Paste Wax,C8T,MD4021,CP,Commercial Proprietary,"Obsolete (To Order, Call MKT)",Toll Manufacturing
        GRAN,MD4023,MD4023,MD4023-C2,O,TOL,60,0,1,15,,,365,0,,324287,Brent Harris,Other,324287,"Harris, Brent",N,1,PST,Paste Wax,BTP,MD4023,CP,Commercial Proprietary,"Obsolete (To Order, Call MKT)",Toll Manufacturing
        ORTC,U101,U101,U101,O,FEC,1,0,1,30,,,365,0,,328907,James Massie,Other,328907,"Massie, James",N,1,URE,Polyurethanes,I87,U101,C,Commercial,"Obsolete (To Order, Call MKT)",Finished Good made in EC
        ORTC,U201,U201,U201,O,TOL,42,0,1,4,,,365,0,,328907,James Massie,Other,328907,"Massie, James",N,1,URE,Polyurethanes,I92,U201,C,Commercial,"Obsolete (To Order, Call MKT)",Toll Manufacturing
        ORTC,U501,U501,U501,O,FEC,0,0,1,30,,,365,0,,328907,James Massie,Other,328907,"Massie, James",N,1,URE,Polyurethanes,I95,U501,C,Commercial,"Obsolete (To Order, Call MKT)",Finished Good made in EC
        ORTC,U601,U601,U601,O,FEC,0,0,1,30,,,365,0,,328907,James Massie,Other,328907,"Massie, James",N,1,URE,Polyurethanes,I96,U601,C,Commercial,"Obsolete (To Order, Call MKT)",Finished Good made in EC
        ORTC,U101,U101,U101-PL,O,TOL,0,0,1,4,,,365,0,,328907,James Massie,Other,328907,"Massie, James",N,1,URE,Polyurethanes,I87,U101,C,Commercial,"Obsolete (To Order, Call MKT)",Toll Manufacturing
        ORTC,U2022,U2022,U2022,O,TOL,30,0,1,4,,,365,0,,328907,James Massie,Other,328907,"Massie, James",N,1,URE,Polyurethanes,I94,U2022,C,Commercial,"Obsolete (To Order, Call MKT)",Toll Manufacturing
        ORTC,U101,U101,U101-T2,O,TOL,0,0,1,4,,,365,0,,328907,James Massie,Other,328907,"Massie, James",N,1,URE,Polyurethanes,I87,U101,C,Commercial,"Obsolete (To Order, Call MKT)",Toll Manufacturing
        ORTC,U101,U101,U101-KP,O,FEC,0,0,1,30,,,365,0,,328907,James Massie,Other,328907,"Massie, James",N,1,URE,Polyurethanes,I87,U101,C,Commercial,"Obsolete (To Order, Call MKT)",Finished Good made in EC
        ORTC,U201,U201,U201-PL,O,TOL,4,0,1,4,,,365,0,,328907,James Massie,Other,328907,"Massie, James",N,1,URE,Polyurethanes,I92,U201,C,Commercial,"Obsolete (To Order, Call MKT)",Toll Manufacturing
        ORTC,U501,U501,U501-T2,O,TOL,6,0,1,4,,,365,0,,328907,James Massie,Other,328907,"Massie, James",N,1,URE,Polyurethanes,I95,U501,C,Commercial,"Obsolete (To Order, Call MKT)",Toll Manufacturing
        ORTC,U501,U501,U501-PL,O,FEC,11,0,1,30,,,365,0,,328907,James Massie,Other,328907,"Massie, James",N,1,URE,Polyurethanes,I95,U501,C,Commercial,"Obsolete (To Order, Call MKT)",Finished Good made in EC
        ORTC,U2022,U2022,U2022-PL,O,TOL,0,0,1,4,,,365,0,,328907,James Massie,Other,328907,"Massie, James",N,1,URE,Polyurethanes,I94,U2022,C,Commercial,"Obsolete (To Order, Call MKT)",Toll Manufacturing
        ORTC,U502,U502,U502,O,FEC,1,0,1,30,,,365,0,,328907,James Massie,Other,328907,"Massie, James",N,1,URE,Polyurethanes,S85,U502,C,Commercial,"Obsolete (To Order, Call MKT)",Finished Good made in EC
        ORTC,U204,U204,U204,O,FEC,1,0,1,30,,,365,0,,328907,James Massie,Other,328907,"Massie, James",N,1,URE,Polyurethanes,S57,U204,C,Commercial,"Obsolete (To Order, Call MKT)",Finished Good made in EC
        ORTC,U470,U470,U470,O,TOL,1,0,1,8,,,365,0,,328907,James Massie,Other,328907,"Massie, James",N,1,PUD,Polyurethane Dispersion,BPA,U470,D,Developmental,"Obsolete (To Order, Call MKT)",Toll Manufacturing
        USCM,U101,U101,U101,X,FEC,1,0,1,30,,,365,0,,328907,James Massie,Other,328907,"Massie, James",N,1,URE,Polyurethanes,I87,U101,C,Commercial,Outside Processing,Finished Good made in EC
        USCM,U201,U201,U201,X,TOL,42,0,1,4,,,365,0,,328907,James Massie,Other,328907,"Massie, James",N,1,URE,Polyurethanes,I92,U201,C,Commercial,Outside Processing,Toll Manufacturing
        USCM,U501,U501,U501,X,FEC,1,0,1,30,,,365,0,,328907,James Massie,Other,328907,"Massie, James",N,1,URE,Polyurethanes,I95,U501,C,Commercial,Outside Processing,Finished Good made in EC
        USCM,U601,U601,U601,X,FEC,1,0,1,30,,,365,0,,328907,James Massie,Other,328907,"Massie, James",N,1,URE,Polyurethanes,I96,U601,C,Commercial,Outside Processing,Finished Good made in EC
        USCM,U101,U101,U101-PL,X,TOL,1,0,1,4,,,365,0,,328907,James Massie,Other,328907,"Massie, James",N,1,URE,Polyurethanes,I87,U101,C,Commercial,Outside Processing,Toll Manufacturing
        USCM,U2022,U2022,U2022,X,TOL,30,0,1,4,,,365,0,,328907,James Massie,Other,328907,"Massie, James",N,1,URE,Polyurethanes,I94,U2022,C,Commercial,Outside Processing,Toll Manufacturing
        USCM,U101,U101,U101-T2,O,TOL,1,0,1,4,,,365,0,,328907,James Massie,Other,328907,"Massie, James",N,1,URE,Polyurethanes,I87,U101,C,Commercial,"Obsolete (To Order, Call MKT)",Toll Manufacturing
        USCM,U201,U201,U201-PL,X,TOL,4,0,1,4,,,365,0,,328907,James Massie,Other,328907,"Massie, James",N,1,URE,Polyurethanes,I92,U201,C,Commercial,Outside Processing,Toll Manufacturing
        USCM,U501,U501,U501-T2,O,TOL,6,0,1,4,,,365,0,,328907,James Massie,Other,328907,"Massie, James",N,1,URE,Polyurethanes,I95,U501,C,Commercial,"Obsolete (To Order, Call MKT)",Toll Manufacturing
        USCM,U501,U501,U501-PL,X,FEC,11,0,1,30,,,365,0,,328907,James Massie,Other,328907,"Massie, James",N,1,URE,Polyurethanes,I95,U501,C,Commercial,Outside Processing,Finished Good made in EC
        USCM,U2022,U2022,U2022-PL,X,TOL,1,0,1,4,,,365,0,,328907,James Massie,Other,328907,"Massie, James",N,1,URE,Polyurethanes,I94,U2022,C,Commercial,Outside Processing,Toll Manufacturing
        USCM,HP1432AT,HP1432AT,HP1432AT,X,FEC,1,0,1,30,,,540,0,,328907,James Massie,Other,328907,"Massie, James",N,1,PIM,Polyimides,A1Q,HP1432AT,C,Commercial,Outside Processing,Finished Good made in EC
        USCM,HP1432AT,HP1432AT,HP1432AT-OP,X,TOL,20,0,1,4,,,540,0,,328907,James Massie,Other,328907,"Massie, James",N,1,PIM,Polyimides,A1Q,HP1432AT,C,Commercial,Outside Processing,Toll Manufacturing
        USCM,U502,U502,U502,X,FEC,1,0,1,30,,,365,0,,328907,James Massie,Other,328907,"Massie, James",N,1,URE,Polyurethanes,S85,U502,C,Commercial,Outside Processing,Finished Good made in EC
        USCM,U470,U470,U470,X,TOL,1,0,1,8,,,365,0,,328907,James Massie,Other,328907,"Massie, James",N,1,PUD,Polyurethane Dispersion,BPA,U470,D,Developmental,Outside Processing,Toll Manufacturing
        GRAN,MD4023,MD4023,MD4023-C1,O,TOL,60,0,1,15,,,365,0,,328907,James Massie,Other,328907,"Massie, James",N,1,PST,Paste Wax,BTP,MD4023,CP,Commercial Proprietary,"Obsolete (To Order, Call MKT)",Toll Manufacturing
        JAIN,HP1632,HP1632,HP1632-OP,O,FEC,1,0,1,365,,,730,0,,302796,Dave Howe,Other,319235,"Webber, Ashley",N,1,PIM,Polyimides,921,HP1632,C,Commercial,"Obsolete (To Order, Call MKT)",Finished Good made in EC
        ORTC,U1001,U1001,U1001,O,FEC,0,0,1,30,,,365,0,,328907,James Massie,Other,328907,"Massie, James",N,1,URE,Polyurethanes,I86,U1001,X,Discontinued,"Obsolete (To Order, Call MKT)",Finished Good made in EC
        ORTC,U1001,U1001,U1001-PL,O,FEC,4,0,1,30,,,365,0,,328907,James Massie,Other,328907,"Massie, James",N,1,URE,Polyurethanes,I86,U1001,X,Discontinued,"Obsolete (To Order, Call MKT)",Finished Good made in EC
        USCM,U1001,U1001,U1001,O,FEC,1,0,1,30,,,365,0,,328907,James Massie,Other,328907,"Massie, James",N,1,URE,Polyurethanes,I86,U1001,X,Discontinued,"Obsolete (To Order, Call MKT)",Finished Good made in EC
        USCM,U1001,U1001,U1001-PL,O,FEC,4,0,1,30,,,365,0,,328907,James Massie,Other,328907,"Massie, James",N,1,URE,Polyurethanes,I86,U1001,X,Discontinued,"Obsolete (To Order, Call MKT)",Finished Good made in EC
        SHAN,U802,U802.E,U802.E-PD,O,TOL,1,0,1,8,,,365,301843,BIP (Oldbury) Limited,301526,Rose-Anne Body,Other,0,,N,1,URE,Polyurethanes,BMU,U802.E,IN,Inactive,"Obsolete (To Order, Call MKT)",Toll Manufacturing
        SHAN,U802,U802.E,U802.E-TO,O,TOL,30,0,1,8,,,365,301843,BIP (Oldbury) Limited,301526,Rose-Anne Body,Other,0,,N,1,URE,Polyurethanes,BMU,U802.E,C,Commercial,"Obsolete (To Order, Call MKT)",Toll Manufacturing
        BPIP,MD4021,MD4021,MD4021-C2,O,TOL,112,0,2,15,,,365,328211,"BPI Packaging, LLC",324287,Brent Harris,Other,0,,N,1,PST,Paste Wax,C8T,MD4021,CP,Commercial Proprietary,"Obsolete (To Order, Call MKT)",Toll Manufacturing
        DALL,U101,U101,U101-OP,O,TOL,13,0,2,4,,,365,292788,Ortec Inc.,20440,Roger Niehaus,Eric,0,,N,1,URE,Polyurethanes,I87,U101,C,Commercial,"Obsolete (To Order, Call MKT)",Toll Manufacturing
        SANF,U101,U101,U101-OP,O,TOL,13,0,2,4,,,365,292788,Ortec Inc.,20440,Roger Niehaus,Eric,0,,N,1,URE,Polyurethanes,I87,U101,C,Commercial,"Obsolete (To Order, Call MKT)",Toll Manufacturing
        CIN3,U1001,U1001,U1001-PL,O,ETP,4,0,2,8,,,365,292788,Ortec Inc.,291802,Dena Stevens,Other,0,,N,1,URE,Polyurethanes,I86,U1001,X,Discontinued,"Obsolete (To Order, Call MKT)",ETP
        CIN4,HP1632,HP1632,HP1632-OP,O,TOL,0,0,2,365,,,730,292774,"Ascent Chemicals Danville, Inc.",335951,Lance Murphy,Other,0,,N,1,PIM,Polyimides,921,HP1632,C,Commercial,"Obsolete (To Order, Call MKT)",Toll Manufacturing
        CIN4,U1001,U1001,U1001-PL,O,ETP,4,0,2,365,,,365,292788,Ortec Inc.,291802,Dena Stevens,Other,0,,N,1,URE,Polyurethanes,I86,U1001,X,Discontinued,"Obsolete (To Order, Call MKT)",ETP
        USCM,MD4021,MD4021,MD4021,X,TOL,1,0,1,15,,,365,322976,Granite Branch Plant,0,,Other,0,,N,1,PST,Paste Wax,C8T,MD4021,CP,Commercial Proprietary,Outside Processing,Toll Manufacturing
        CIN3,STODSO,STODSO,STODSO,O,RAW,16,0,2,8,,,730,20047,"Nexeo Solutions, LLC",20416,Charleen Wichman,Other,0,,N,1,,Blank -Sales Rpt Code 1 41/S1,1,Lead 1 day,X,Discontinued,"Obsolete (To Order, Call MKT)",Raw Materials
        CIN4,STODSO,STODSO,STODSO,O,RAW,16,0,2,365,,,730,20047,"Nexeo Solutions, LLC",20416,Charleen Wichman,Other,0,,N,1,,Blank -Sales Rpt Code 1 41/S1,1,Lead 1 day,X,Discontinued,"Obsolete (To Order, Call MKT)",Raw Materials
        CIN3,WD40,WD40,WD40-SP,O,ETP,16,0,1,8,,,730,20094,Cinci Blue Ash Manufacturing,20416,Charleen Wichman,Other,0,,N,1,SSS,Solventborne Products,J85,WD40,C,Commercial,"Obsolete (To Order, Call MKT)",ETP
        CIN3,WD40,WD40,WD40-UN,O,ETP,1,0,2,8,,,730,20094,Cinci Blue Ash Manufacturing,20416,Charleen Wichman,Other,0,,N,1,SSS,Solventborne Products,J85,WD40,C,Commercial,"Obsolete (To Order, Call MKT)",ETP
        CIN4,WD40,WD40,WD40-SP,O,ETP,16,0,1,365,,,730,20094,Cinci Blue Ash Manufacturing,20416,Charleen Wichman,Other,0,,N,1,SSS,Solventborne Products,J85,WD40,C,Commercial,"Obsolete (To Order, Call MKT)",ETP
        CIN4,WD40,WD40,WD40-UN,O,ETP,16,0,1,365,,,730,20094,Cinci Blue Ash Manufacturing,20416,Charleen Wichman,Other,0,,N,1,SSS,Solventborne Products,J85,WD40,C,Commercial,"Obsolete (To Order, Call MKT)",ETP
        CIN3,U601,U601,U601-OP,O,TOL,0,0,2,8,,,365,292788,Ortec Inc.,20440,Roger Niehaus,Eric,0,,N,1,URE,Polyurethanes,I96,U601,C,Commercial,"Obsolete (To Order, Call MKT)",Toll Manufacturing
        CIN3,U701,U701,U701-OP,O,TOL,0,0,2,8,,,365,292788,Ortec Inc.,20440,Roger Niehaus,Eric,0,,N,1,URE,Polyurethanes,I97,U701,C,Commercial,"Obsolete (To Order, Call MKT)",Toll Manufacturing
        CIN3,U601,U601,U601-PL,O,ETP,0,0,2,8,,,365,292788,Ortec Inc.,20440,Roger Niehaus,Eric,0,,N,1,URE,Polyurethanes,I96,U601,C,Commercial,"Obsolete (To Order, Call MKT)",ETP
        CIN4,U601,U601,U601-OP,O,TOL,0,0,2,365,,,365,292788,Ortec Inc.,20440,Roger Niehaus,Eric,0,,N,1,URE,Polyurethanes,I96,U601,C,Commercial,"Obsolete (To Order, Call MKT)",Toll Manufacturing
        CIN4,U701,U701,U701-OP,O,TOL,0,0,2,365,,,365,292788,Ortec Inc.,20440,Roger Niehaus,Eric,0,,N,1,URE,Polyurethanes,I97,U701,C,Commercial,"Obsolete (To Order, Call MKT)",Toll Manufacturing
        CIN4,U601,U601,U601-PL,O,ETP,0,0,2,365,,,365,292788,Ortec Inc.,20440,Roger Niehaus,Eric,0,,N,1,URE,Polyurethanes,I96,U601,C,Commercial,"Obsolete (To Order, Call MKT)",ETP
        DALL,U601,U601,U601-OP,O,TOL,0,0,2,4,,,365,292788,Ortec Inc.,20440,Roger Niehaus,Eric,0,,N,1,URE,Polyurethanes,I96,U601,C,Commercial,"Obsolete (To Order, Call MKT)",Toll Manufacturing
        DALL,U701,U701,U701-OP,O,TOL,0,0,2,4,,,365,292788,Ortec Inc.,20440,Roger Niehaus,Eric,0,,N,1,URE,Polyurethanes,I97,U701,C,Commercial,"Obsolete (To Order, Call MKT)",Toll Manufacturing
        DALL,U601,U601,U601-PL,O,ETP,0,0,2,4,,,365,292788,Ortec Inc.,20440,Roger Niehaus,Eric,0,,N,1,URE,Polyurethanes,I96,U601,C,Commercial,"Obsolete (To Order, Call MKT)",ETP
        SANF,U601,U601,U601-OP,O,TOL,0,0,2,4,,,365,292788,Ortec Inc.,20440,Roger Niehaus,Eric,0,,N,1,URE,Polyurethanes,I96,U601,C,Commercial,"Obsolete (To Order, Call MKT)",Toll Manufacturing
        SANF,U701,U701,U701-OP,O,TOL,0,0,2,4,,,365,292788,Ortec Inc.,20440,Roger Niehaus,Eric,0,,N,1,URE,Polyurethanes,I97,U701,C,Commercial,"Obsolete (To Order, Call MKT)",Toll Manufacturing
        SANF,U601,U601,U601-PL,O,ETP,0,0,2,4,,,365,292788,Ortec Inc.,20440,Roger Niehaus,Eric,0,,N,1,URE,Polyurethanes,I96,U601,C,Commercial,"Obsolete (To Order, Call MKT)",ETP
        DALL,STODSO,STODSO,STODSO,O,RAW,16,0,2,4,,,730,20047,"Nexeo Solutions, LLC",20440,Roger Niehaus,Eric,0,,N,1,,Blank -Sales Rpt Code 1 41/S1,1,Lead 1 day,X,Discontinued,"Obsolete (To Order, Call MKT)",Raw Materials
        SANF,STODSO,STODSO,STODSO,O,RAW,16,0,2,4,,,730,20047,"Nexeo Solutions, LLC",20440,Roger Niehaus,Eric,0,,N,1,,Blank -Sales Rpt Code 1 41/S1,1,Lead 1 day,X,Discontinued,"Obsolete (To Order, Call MKT)",Raw Materials
        DALL,WD40,WD40,WD40-SP,O,ETP,16,0,1,4,,,730,20094,Cinci Blue Ash Manufacturing,20440,Roger Niehaus,Eric,0,,N,1,SSS,Solventborne Products,J85,WD40,C,Commercial,"Obsolete (To Order, Call MKT)",ETP
        DALL,WD40,WD40,WD40-UN,O,ETP,16,0,1,4,,,730,288176,DC - Haz Stock Warehouse,20440,Roger Niehaus,Eric,0,,N,1,SSS,Solventborne Products,J85,WD40,C,Commercial,"Obsolete (To Order, Call MKT)",ETP
        SANF,WD40,WD40,WD40-SP,O,ETP,16,0,1,4,,,730,20094,Cinci Blue Ash Manufacturing,20440,Roger Niehaus,Eric,0,,N,1,SSS,Solventborne Products,J85,WD40,C,Commercial,"Obsolete (To Order, Call MKT)",ETP
        SANF,WD40,WD40,WD40-UN,O,ETP,16,0,1,4,,,730,288176,DC - Haz Stock Warehouse,20440,Roger Niehaus,Eric,0,,N,1,SSS,Solventborne Products,J85,WD40,C,Commercial,"Obsolete (To Order, Call MKT)",ETP
        CIN3,U101,U101,U101-OP,O,TOL,13,0,2,8,,,365,292788,Ortec Inc.,20440,Roger Niehaus,Eric,0,,N,1,URE,Polyurethanes,I87,U101,C,Commercial,"Obsolete (To Order, Call MKT)",Toll Manufacturing
        CIN3,U201,U201,U201-OP,O,TOL,13,0,2,8,,,365,292788,Ortec Inc.,20440,Roger Niehaus,Eric,0,,N,1,URE,Polyurethanes,I92,U201,C,Commercial,"Obsolete (To Order, Call MKT)",Toll Manufacturing
        CIN3,U101,U101,U101-T2,O,TOL,0,0,2,8,,,365,292788,Ortec Inc.,20440,Roger Niehaus,Eric,0,,N,1,URE,Polyurethanes,I87,U101,C,Commercial,"Obsolete (To Order, Call MKT)",Toll Manufacturing
        CIN3,U501,U501,U501-OP,O,TOL,0,0,2,8,,,365,292788,Ortec Inc.,20440,Roger Niehaus,Eric,0,,N,1,URE,Polyurethanes,I95,U501,C,Commercial,"Obsolete (To Order, Call MKT)",Toll Manufacturing
        CIN3,U1001,U1001,U1001-OP,O,TOL,0,0,2,8,,,365,292788,Ortec Inc.,20440,Roger Niehaus,Eric,0,,N,1,URE,Polyurethanes,I86,U1001,X,Discontinued,"Obsolete (To Order, Call MKT)",Toll Manufacturing
        CIN3,U501,U501,U501-T2,O,TOL,6,0,2,8,,,365,292788,Ortec Inc.,20440,Roger Niehaus,Eric,0,,N,1,URE,Polyurethanes,I95,U501,C,Commercial,"Obsolete (To Order, Call MKT)",Toll Manufacturing
        CIN4,U101,U101,U101-OP,O,TOL,13,0,2,365,,,365,292788,Ortec Inc.,20440,Roger Niehaus,Eric,0,,N,1,URE,Polyurethanes,I87,U101,C,Commercial,"Obsolete (To Order, Call MKT)",Toll Manufacturing
        CIN4,U201,U201,U201-OP,O,TOL,13,0,2,365,,,365,292788,Ortec Inc.,20440,Roger Niehaus,Eric,0,,N,1,URE,Polyurethanes,I92,U201,C,Commercial,"Obsolete (To Order, Call MKT)",Toll Manufacturing
        CIN4,U101,U101,U101-T2,O,TOL,0,0,2,365,,,365,292788,Ortec Inc.,20440,Roger Niehaus,Eric,0,,N,1,URE,Polyurethanes,I87,U101,C,Commercial,"Obsolete (To Order, Call MKT)",Toll Manufacturing
        CIN4,U501,U501,U501-OP,O,TOL,1,0,2,365,,,365,292788,Ortec Inc.,20440,Roger Niehaus,Eric,0,,N,1,URE,Polyurethanes,I95,U501,C,Commercial,"Obsolete (To Order, Call MKT)",Toll Manufacturing
        CIN4,U1001,U1001,U1001-OP,O,TOL,0,0,2,365,,,365,292788,Ortec Inc.,20440,Roger Niehaus,Eric,0,,N,1,URE,Polyurethanes,I86,U1001,X,Discontinued,"Obsolete (To Order, Call MKT)",Toll Manufacturing
        CIN4,U501,U501,U501-T2,O,TOL,6,0,2,365,,,365,292788,Ortec Inc.,20440,Roger Niehaus,Eric,0,,N,1,URE,Polyurethanes,I95,U501,C,Commercial,"Obsolete (To Order, Call MKT)",Toll Manufacturing
        DALL,U201,U201,U201-OP,O,TOL,13,0,2,4,,,365,292788,Ortec Inc.,20440,Roger Niehaus,Eric,0,,N,1,URE,Polyurethanes,I92,U201,C,Commercial,"Obsolete (To Order, Call MKT)",Toll Manufacturing
        DALL,HP1632,HP1632,HP1632-OP,O,TOL,0,0,2,4,,,730,292774,"Ascent Chemicals Danville, Inc.",20440,Roger Niehaus,Eric,0,,N,1,PIM,Polyimides,921,HP1632,C,Commercial,"Obsolete (To Order, Call MKT)",Toll Manufacturing
        DALL,U101,U101,U101-T2,O,TOL,0,0,2,4,,,365,292788,Ortec Inc.,20440,Roger Niehaus,Eric,0,,N,1,URE,Polyurethanes,I87,U101,C,Commercial,"Obsolete (To Order, Call MKT)",Toll Manufacturing
        DALL,U501,U501,U501-OP,O,TOL,0,0,2,4,,,365,292788,Ortec Inc.,20440,Roger Niehaus,Eric,0,,N,1,URE,Polyurethanes,I95,U501,C,Commercial,"Obsolete (To Order, Call MKT)",Toll Manufacturing
        DALL,U1001,U1001,U1001-OP,O,TOL,0,0,2,4,,,365,292788,Ortec Inc.,20440,Roger Niehaus,Eric,0,,N,1,URE,Polyurethanes,I86,U1001,X,Discontinued,"Obsolete (To Order, Call MKT)",Toll Manufacturing
        DALL,U1001,U1001,U1001-PL,O,ETP,4,0,2,4,,,365,292788,Ortec Inc.,20440,Roger Niehaus,Eric,0,,N,1,URE,Polyurethanes,I86,U1001,X,Discontinued,"Obsolete (To Order, Call MKT)",ETP
        DALL,U501,U501,U501-T2,O,TOL,6,0,2,4,,,365,292788,Ortec Inc.,20440,Roger Niehaus,Eric,0,,N,1,URE,Polyurethanes,I95,U501,C,Commercial,"Obsolete (To Order, Call MKT)",Toll Manufacturing
        DALL,U2022,U2022,U2022-OP,O,TOL,0,0,2,4,,,365,292788,Ortec Inc.,20440,Roger Niehaus,Eric,0,,N,1,URE,Polyurethanes,I94,U2022,C,Commercial,"Obsolete (To Order, Call MKT)",Toll Manufacturing
        SANF,U201,U201,U201-OP,O,TOL,13,0,2,4,,,365,292788,Ortec Inc.,20440,Roger Niehaus,Eric,0,,N,1,URE,Polyurethanes,I92,U201,C,Commercial,"Obsolete (To Order, Call MKT)",Toll Manufacturing
        SANF,HP1632,HP1632,HP1632-OP,O,TOL,0,0,2,4,,,730,292774,"Ascent Chemicals Danville, Inc.",20440,Roger Niehaus,Eric,0,,N,1,PIM,Polyimides,921,HP1632,C,Commercial,"Obsolete (To Order, Call MKT)",Toll Manufacturing
        SANF,U101,U101,U101-T2,O,TOL,0,0,2,4,,,365,292788,Ortec Inc.,20440,Roger Niehaus,Eric,0,,N,1,URE,Polyurethanes,I87,U101,C,Commercial,"Obsolete (To Order, Call MKT)",Toll Manufacturing
        SANF,U501,U501,U501-OP,O,TOL,0,0,2,4,,,365,292788,Ortec Inc.,20440,Roger Niehaus,Eric,0,,N,1,URE,Polyurethanes,I95,U501,C,Commercial,"Obsolete (To Order, Call MKT)",Toll Manufacturing
        SANF,U1001,U1001,U1001-OP,O,TOL,0,0,2,4,,,365,292788,Ortec Inc.,20440,Roger Niehaus,Eric,0,,N,1,URE,Polyurethanes,I86,U1001,X,Discontinued,"Obsolete (To Order, Call MKT)",Toll Manufacturing
        SANF,U1001,U1001,U1001-PL,O,ETP,4,0,2,4,,,365,292788,Ortec Inc.,20440,Roger Niehaus,Eric,0,,N,1,URE,Polyurethanes,I86,U1001,X,Discontinued,"Obsolete (To Order, Call MKT)",ETP
        SANF,U501,U501,U501-T2,O,TOL,6,0,2,4,,,365,292788,Ortec Inc.,20440,Roger Niehaus,Eric,0,,N,1,URE,Polyurethanes,I95,U501,C,Commercial,"Obsolete (To Order, Call MKT)",Toll Manufacturing
        SANF,U2022,U2022,U2022-OP,O,TOL,0,0,2,4,,,365,292788,Ortec Inc.,20440,Roger Niehaus,Eric,0,,N,1,URE,Polyurethanes,I94,U2022,C,Commercial,"Obsolete (To Order, Call MKT)",Toll Manufacturing
        CINC,U502,U502.E,U502.E,O,TOL,60,0,1,31,,,365,301843,BIP (Oldbury) Limited,324287,Brent Harris,Other,337883,"Keevan, Joseph",N,1,URE,Polyurethanes,BMS,U502.E,C,Commercial,"Obsolete (To Order, Call MKT)",Toll Manufacturing
        CINC,171143PX,171143PX,171143PX,O,TOL,1,0,1,15,,,180,326444,Essential Polymers,328907,James Massie,Other,319235,"Webber, Ashley",N,1,PAE,Pure Acrylic Emulsion,BWF,171143PX,X,Discontinued,"Obsolete (To Order, Call MKT)",Toll Manufacturing
        AUB2,PUD1,PUD1.E,PUD1.E,O,RCB,120,0,2,15,,,365,327516,ERCA Advanced Polymer Solutions SRL,340941,Lise Jacquet,Other,317713,"Hays, Isabelle",N,1,INT,Intermediates,C0S,PUD1,IN,Inactive,"Obsolete (To Order, Call MKT)",Raw Material use in Cold Blend
        BPIP,MD4020,MD4020,MD4020-C2,P,TOL,112,0,2,15,,,365,328211,"BPI Packaging, LLC",324287,Brent Harris,Other,324287,"Harris, Brent",Y,1,PST,Paste Wax,C8S,MD4020,CP,Commercial Proprietary,Purchased inc. Raw Material,Toll Manufacturing
        BPIP,MD4021,MD4021,MD4021-C1,O,TOL,112,0,2,15,,,365,328211,"BPI Packaging, LLC",324287,Brent Harris,Other,324287,"Harris, Brent",N,1,PST,Paste Wax,C8T,MD4021,CP,Commercial Proprietary,"Obsolete (To Order, Call MKT)",Toll Manufacturing
        BPIP,MD4023,MD4023,MD4023-C2,O,TOL,112,0,2,15,,,365,328211,"BPI Packaging, LLC",324287,Brent Harris,Other,324287,"Harris, Brent",N,1,PST,Paste Wax,BTP,MD4023,CP,Commercial Proprietary,"Obsolete (To Order, Call MKT)",Toll Manufacturing
        BPIP,MD4020C,MD4020C,MD4020C-C2,O,TOL,112,0,2,15,,,365,328211,"BPI Packaging, LLC",324287,Brent Harris,Other,324287,"Harris, Brent",N,1,PST,Paste Wax,C9H,MD4020C,CP,Commercial Proprietary,"Obsolete (To Order, Call MKT)",Toll Manufacturing
        BPIP,MD4021C,MD4021C,MD4021C-C2,O,TOL,112,0,2,15,,,365,328211,"BPI Packaging, LLC",324287,Brent Harris,Other,324287,"Harris, Brent",N,1,PST,Paste Wax,C9I,MD4021C,CP,Commercial Proprietary,"Obsolete (To Order, Call MKT)",Toll Manufacturing
        BPIP,MD4022C,MD4022C,MD4022C-C2,O,TOL,112,0,2,15,,,365,328211,"BPI Packaging, LLC",324287,Brent Harris,Other,324287,"Harris, Brent",N,1,PST,Paste Wax,C9J,MD4022C,CP,Commercial Proprietary,"Obsolete (To Order, Call MKT)",Toll Manufacturing
        BPIP,MD4023C,MD4023C,MD4023C-C2,O,TOL,112,0,2,15,,,365,328211,"BPI Packaging, LLC",324287,Brent Harris,Other,324287,"Harris, Brent",N,1,PST,Paste Wax,C9K,MD4023C,CP,Commercial Proprietary,"Obsolete (To Order, Call MKT)",Toll Manufacturing
        CIN2,MD4020,MD4020,MD4020-C1,O,TOL,112,0,2,140,,,365,328211,"BPI Packaging, LLC",324287,Brent Harris,Other,300328,"Lye, May Leng (Josephine)",N,1,PST,Paste Wax,C8S,MD4020,CP,Commercial Proprietary,"Obsolete (To Order, Call MKT)",Toll Manufacturing
        CIN2,MD4021,MD4021,MD4021-C1,O,TOL,112,0,2,140,,,365,328211,"BPI Packaging, LLC",324287,Brent Harris,Other,300328,"Lye, May Leng (Josephine)",N,1,PST,Paste Wax,C8T,MD4021,CP,Commercial Proprietary,"Obsolete (To Order, Call MKT)",Toll Manufacturing
        CIN2,MD4020C,MD4020C,MD4020C-C2,O,TOL,112,0,2,140,,,365,328211,"BPI Packaging, LLC",324287,Brent Harris,Other,300328,"Lye, May Leng (Josephine)",N,1,PST,Paste Wax,C9H,MD4020C,CP,Commercial Proprietary,"Obsolete (To Order, Call MKT)",Toll Manufacturing
        GRAN,MD4020,MD4020,MD4020,O,TOL,1,0,1,15,,,730,322976,Granite Branch Plant,328907,James Massie,Other,328907,"Massie, James",N,1,PST,Paste Wax,C8S,MD4020,CP,Commercial Proprietary,"Obsolete (To Order, Call MKT)",Toll Manufacturing
        GRAN,MD4021,MD4021,MD4021,O,TOL,1,0,1,15,,,365,322976,Granite Branch Plant,328907,James Massie,Other,328907,"Massie, James",N,1,PST,Paste Wax,C8T,MD4021,CP,Commercial Proprietary,"Obsolete (To Order, Call MKT)",Toll Manufacturing
        GRAN,MD4020C,MD4020C,MD4020C-C2,O,TOL,60,0,2,15,,,730,322114,"Granite Packaging, LLC",328907,James Massie,Other,328907,"Massie, James",N,1,PST,Paste Wax,C9H,MD4020C,CP,Commercial Proprietary,"Obsolete (To Order, Call MKT)",Toll Manufacturing
        GRAN,MD4021C,MD4021C,MD4021C-C2,O,TOL,60,0,2,15,,,365,322976,Granite Branch Plant,324287,Brent Harris,Other,324287,"Harris, Brent",N,1,PST,Paste Wax,C9I,MD4021C,CP,Commercial Proprietary,"Obsolete (To Order, Call MKT)",Toll Manufacturing
        GRAN,MD4022C,MD4022C,MD4022C-C2,O,TOL,60,0,1,15,,,365,322976,Granite Branch Plant,328907,James Massie,Other,328907,"Massie, James",N,1,PST,Paste Wax,C9J,MD4022C,CP,Commercial Proprietary,"Obsolete (To Order, Call MKT)",Toll Manufacturing
        GRAN,MD4023C,MD4023C,MD4023C-C2,O,TOL,60,0,1,15,,,365,322976,Granite Branch Plant,324287,Brent Harris,Other,324287,"Harris, Brent",N,1,PST,Paste Wax,C9K,MD4023C,CP,Commercial Proprietary,"Obsolete (To Order, Call MKT)",Toll Manufacturing
        USCM,MD4020,MD4020,MD4020,X,TOL,1,0,1,15,,,730,322976,Granite Branch Plant,328907,James Massie,Other,328907,"Massie, James",N,1,PST,Paste Wax,C8S,MD4020,CP,Commercial Proprietary,Outside Processing,Toll Manufacturing
        AUBA,PUD1,PUD1.E,PUD1.E,O,RCB,120,0,2,15,,,365,327516,ERCA Advanced Polymer Solutions SRL,340941,Lise Jacquet,Other,317713,"Hays, Isabelle",N,1,INT,Intermediates,C0S,PUD1,IN,Inactive,"Obsolete (To Order, Call MKT)",Raw Material use in Cold Blend
        GRAN,MD4023,MD4023,MD4023,O,TOL,1,0,1,15,,,365,322976,Granite Branch Plant,328907,James Massie,Other,328907,"Massie, James",N,1,PST,Paste Wax,BTP,MD4023,CP,Commercial Proprietary,"Obsolete (To Order, Call MKT)",Toll Manufacturing
        CRC0,STODSO,STODSO,STODSO,O,REC,7,0,2,15,,,730,20047,"Nexeo Solutions, LLC",328907,James Massie,Other,328907,"Massie, James",N,1,,Blank -Sales Rpt Code 1 41/S1,1,Lead 1 day,X,Discontinued,"Obsolete (To Order, Call MKT)",Raw Material used in EC
        INCH,STODSO,STODSO,STODSO,O,REC,9,0,2,15,,,730,20683,Univar USA Inc.,328907,James Massie,Other,328907,"Massie, James",N,1,,Blank -Sales Rpt Code 1 41/S1,1,Lead 1 day,X,Discontinued,"Obsolete (To Order, Call MKT)",Raw Material used in EC
        AUB2,MDU4075B,MDU4075B.E,MDU4075B.E-TO,P,TOL,75,7,1,15,4000.0,4000.0,365,324808,Cromogenia,291244,Joël Bertrand,Other,317713,"Hays, Isabelle",Y,1,MDU,Michem Disp. Urethane,C5M,MDU4075B,E,Experimental,Purchased inc. Raw Material,Toll Manufacturing
        AUB2,MDU2012B,MDU2012B.E,MDU2012B.E-TO,P,TOL,75,7,1,15,2000.0,2000.0,365,324808,Cromogenia,291244,Joël Bertrand,Other,317713,"Hays, Isabelle",Y,1,MDU,Michem Disp. Urethane,CB6,MDU2012B,E,Experimental,Purchased inc. Raw Material,Toll Manufacturing
        CIN2,161190PX,161190PX,161190PX-T2,P,TOL,28,22,2,42,18600.0,18600.0,365,317501,EPS,324287,Brent Harris,Other,300328,"Lye, May Leng (Josephine)",Y,1,,Blank -Sales Rpt Code 1 41/S1,C5L,161190PX,D,Developmental,Purchased inc. Raw Material,Toll Manufacturing
        SNG4,NP4LF,NP4LF.S,NP4LF.S,P,REC,164,18,2,14,1560.0,1560.0,730,356227,Ascent Industries Co.,333572,Vernon Lee,Other,335738,"Sim, Helen",Y,1,,Blank -Sales Rpt Code 1 41/S1,,Blank - Sales Rpt Code 3 41/S3,D,Developmental,Purchased inc. Raw Material,Raw Material used in EC
        AUBA,U204,U204,U204-PL,O,ATP,90,30,1,8,,,365,0,,301526,Rose-Anne Body,Other,0,,N,1,URE,Polyurethanes,S57,U204,C,Commercial,"Obsolete (To Order, Call MKT)",ATP
        AUBA,191245PX,191245PX,191245PX-OP,O,FCB,90,100,1,250,,,545,0,,301526,Rose-Anne Body,Other,0,,N,1,HPI,HP Indigo,BXM,191245PX,IN,Inactive,"Obsolete (To Order, Call MKT)",Finished Good Cold Blend
        AUB2,181193EU,181193EU.E,181193EU.E,O,RCB,75,75,2,15,,,365,0,,340941,Lise Jacquet,Other,0,,N,1,PUD,Polyurethane Dispersion,,Blank - Sales Rpt Code 3 41/S3,IN,Inactive,"Obsolete (To Order, Call MKT)",Raw Material use in Cold Blend
        AUBA,181193EU,181193EU.E,181193EU.E,O,RCB,75,75,2,15,,,365,0,,340941,Lise Jacquet,Other,0,,N,1,PUD,Polyurethane Dispersion,,Blank - Sales Rpt Code 3 41/S3,IN,Inactive,"Obsolete (To Order, Call MKT)",Raw Material use in Cold Blend
        AUBA,191245PX,191245PX,191245PX-PL,O,FCB,90,75,1,250,,,545,0,,340941,Lise Jacquet,Other,0,,N,1,HPI,HP Indigo,BXM,191245PX,E,Experimental,"Obsolete (To Order, Call MKT)",Finished Good Cold Blend
        CIN2,191245PX,191245PX,191245PX-FD,S,FCB,5,78,1,112,,,545,0,,335951,Lance Murphy,Other,0,,Y,1,HPI,HP Indigo,BXM,191245PX,E,Experimental,Stock End-Item,Finished Good Cold Blend
        CINC,191245PX,191245PX,191245PX-PL,2,FCB,90,75,1,250,,,545,0,,340941,Lise Jacquet,Other,0,,Y,1,HPI,HP Indigo,BXM,191245PX,E,Experimental,Transition to S,Finished Good Cold Blend
        CINC,191245PX,191245PX,191245PX-FD,2,FCB,5,78,1,112,,,545,0,,335951,Lance Murphy,Other,0,,Y,1,HPI,HP Indigo,BXM,191245PX,E,Experimental,Transition to S,Finished Good Cold Blend
        USCM,191245PX,191245PX,191245PX,X,FCB,365,375,1,10,,,545,0,,335951,Lance Murphy,Other,0,,N,1,HPI,HP Indigo,BXM,191245PX,E,Experimental,Outside Processing,Finished Good Cold Blend
        CIN2,WD40,WD40,WD40-UP,O,FEC,42,16,1,10,,,730,0,,302796,Dave Howe,Other,0,,N,1,SSS,Solventborne Products,J85,WD40,C,Commercial,"Obsolete (To Order, Call MKT)",Finished Good made in EC
        CINC,WD40,WD40,WD40-UP,O,FEC,42,16,1,10,,,730,0,,302796,Dave Howe,Other,0,,N,1,SSS,Solventborne Products,J85,WD40,C,Commercial,"Obsolete (To Order, Call MKT)",Finished Good made in EC
        CIN2,STODSO,STODSO,STODSO-UN,O,REC,11,21,1,10,,,730,0,,302796,Dave Howe,Other,0,,N,1,,Blank -Sales Rpt Code 1 41/S1,1,Lead 1 day,X,Discontinued,"Obsolete (To Order, Call MKT)",Raw Material used in EC
        CINC,STODSO,STODSO,STODSO-UN,O,REC,11,21,1,10,,,730,0,,302796,Dave Howe,Other,0,,N,1,,Blank -Sales Rpt Code 1 41/S1,1,Lead 1 day,X,Discontinued,"Obsolete (To Order, Call MKT)",Raw Material used in EC
        CIN2,U2022,U2022,U2022-PL,S,FCB,5,48,1,70,,,365,0,,335951,Lance Murphy,Other,0,,Y,1,URE,Polyurethanes,I94,U2022,C,Commercial,Stock End-Item,Finished Good Cold Blend
        SHAN,U502,U502,U502-OP,O,FEC,42,42,1,4,,,365,0,,20445,Steve Laurence,Alex,0,,N,1,URE,Polyurethanes,S85,U502,C,Commercial,"Obsolete (To Order, Call MKT)",Finished Good made in EC
        USCM,STODSO,STODSO,STODSO,X,REC,11,18,2,10,,,730,20047,"Nexeo Solutions, LLC",0,,Other,0,,N,1,,Blank -Sales Rpt Code 1 41/S1,1,Lead 1 day,X,Discontinued,Outside Processing,Raw Material used in EC
        AUBA,191245PX,191245PX,191245PX-T2,O,FCB,150,115,1,180,,,545,45235,MICHELMAN INC.,340941,Lise Jacquet,Other,0,,N,1,HPI,HP Indigo,BXM,191245PX,E,Experimental,"Obsolete (To Order, Call MKT)",Finished Good Cold Blend
        SHAN,HP1632,HP1632,HP1632-PL,O,FEC,180,180,1,8,,,730,306961,"Michelman, Inc.",20440,Roger Niehaus,Eric,0,,N,1,PIM,Polyimides,921,HP1632,C,Commercial,"Obsolete (To Order, Call MKT)",Finished Good made in EC
        SHAN,U2022,U2022,U2022-OP,O,FEC,90,30,1,8,,,365,306961,"Michelman, Inc.",20440,Roger Niehaus,Eric,0,,N,1,URE,Polyurethanes,I94,U2022,C,Commercial,"Obsolete (To Order, Call MKT)",Finished Good made in EC
        SHAN,U470,U470,U470-PL,O,FCB,181,136,1,8,,,365,306961,"Michelman, Inc.",309690,Jollene Li,Other,329143,"Min,Jialing (Emily )",N,1,PUD,Polyurethane Dispersion,BPA,U470,E,Experimental,"Obsolete (To Order, Call MKT)",Finished Good Cold Blend
        AUBA,U601,U601,U601-PL,O,FEC,90,75,1,105,,,365,45235,MICHELMAN INC.,340941,Lise Jacquet,Other,317713,"Hays, Isabelle",N,1,URE,Polyurethanes,I96,U601,C,Commercial,"Obsolete (To Order, Call MKT)",Finished Good made in EC
        SHAN,U601,U601,U601-OP,P,FEC,116,89,1,180,,,365,306961,"Michelman, Inc.",309690,Jollene Li,Other,329143,"Min,Jialing (Emily )",Y,1,URE,Polyurethanes,I96,U601,C,Commercial,Purchased inc. Raw Material,Finished Good made in EC
        CIN2,161190PX,161190PX,161190PX-PL,O,FCB,14,21,2,10,,,365,0,,335951,Lance Murphy,Other,319235,"Webber, Ashley",N,1,,Blank -Sales Rpt Code 1 41/S1,C5L,161190PX,D,Developmental,"Obsolete (To Order, Call MKT)",Finished Good Cold Blend
        CINC,161190PX,161190PX,161190PX-PL,O,RCB,14,21,2,10,,,365,0,,302796,Dave Howe,Other,319235,"Webber, Ashley",N,1,,Blank -Sales Rpt Code 1 41/S1,C5L,161190PX,D,Developmental,"Obsolete (To Order, Call MKT)",Raw Material use in Cold Blend
        CIN2,U204,U204,U204-OP,S,FCB,5,48,1,70,,,365,292788,Ortec Inc.,335951,Lance Murphy,Other,300328,"Lye, May Leng (Josephine)",Y,1,URE,Polyurethanes,S57,U204,C,Commercial,Stock End-Item,Finished Good Cold Blend
        CRC0,WD40,WD40,WD40,O,FEC,10,16,1,15,,,730,326423,Capital Resin Branch Plant,328907,James Massie,Other,328907,"Massie, James",N,1,SSS,Solventborne Products,J85,WD40,C,Commercial,"Obsolete (To Order, Call MKT)",Finished Good made in EC
        CRC0,WD40,WD40,WD40-UN,O,FEC,10,16,1,15,,,730,326423,Capital Resin Branch Plant,328907,James Massie,Other,328907,"Massie, James",N,1,SSS,Solventborne Products,J85,WD40,C,Commercial,"Obsolete (To Order, Call MKT)",Finished Good made in EC
        INCH,WD40,WD40,WD40,O,FEC,3,16,1,15,,,730,324847,Inchem Branch Plant,328907,James Massie,Other,328907,"Massie, James",N,1,SSS,Solventborne Products,J85,WD40,C,Commercial,"Obsolete (To Order, Call MKT)",Finished Good made in EC
        ORTC,U201,U201,U201-T2,O,FCB,42,4,2,15,,,365,292788,Ortec Inc.,324287,Brent Harris,Other,324287,"Harris, Brent",N,1,URE,Polyurethanes,I92,U201,C,Commercial,"Obsolete (To Order, Call MKT)",Finished Good Cold Blend
        SHAN,U501,U501,U501-PL,P,FEC,181,136,1,8,,,365,0,,309690,Jollene Li,Other,329143,"Min,Jialing (Emily )",Y,1,URE,Polyurethanes,I95,U501,C,Commercial,Purchased inc. Raw Material,Finished Good made in EC
        SHAN,U204,U204,U204-PL,P,FEC,160,121,1,4,,,365,0,,309690,Jollene Li,Other,329143,"Min,Jialing (Emily )",Y,1,URE,Polyurethanes,S57,U204,C,Commercial,Purchased inc. Raw Material,Finished Good made in EC
        USCM,U201,U201,U201-T2,X,FCB,42,4,2,15,,,365,292788,Ortec Inc.,324287,Brent Harris,Other,324287,"Harris, Brent",N,1,URE,Polyurethanes,I92,U201,C,Commercial,Outside Processing,Finished Good Cold Blend
        CIN2,STODSO,STODSO,STODSO,O,REC,9,18,2,10,,,730,20047,"Nexeo Solutions, LLC",324287,Brent Harris,Other,337883,"Keevan, Joseph",N,1,,Blank -Sales Rpt Code 1 41/S1,1,Lead 1 day,X,Discontinued,"Obsolete (To Order, Call MKT)",Raw Material used in EC
        CINC,STODSO,STODSO,STODSO,O,REC,11,18,2,10,,,730,20047,"Nexeo Solutions, LLC",302796,Dave Howe,Other,337883,"Keevan, Joseph",N,1,,Blank -Sales Rpt Code 1 41/S1,1,Lead 1 day,X,Discontinued,"Obsolete (To Order, Call MKT)",Raw Material used in EC
        SING,NP4LF,NP4LF.S,NP4LF.S,P,REC,164,18,2,14,,,730,356227,Ascent Industries Co.,333572,Vernon Lee,Other,335738,"Sim, Helen",Y,1,,Blank -Sales Rpt Code 1 41/S1,,Blank - Sales Rpt Code 3 41/S3,D,Developmental,Purchased inc. Raw Material,Raw Material used in EC
        AUB2,HP1432AT,HP1432AT,HP1432AT-PL,O,TOL,90,180,1,8,,,540,0,,301526,Rose-Anne Body,Other,0,,N,1,PIM,Polyimides,A1Q,HP1432AT,C,Commercial,"Obsolete (To Order, Call MKT)",Toll Manufacturing
        AUBA,HP1432AT,HP1432AT,HP1432AT-PL,O,TOL,90,180,1,8,,,540,0,,301526,Rose-Anne Body,Other,0,,N,1,PIM,Polyimides,A1Q,HP1432AT,C,Commercial,"Obsolete (To Order, Call MKT)",Toll Manufacturing
        CINC,HP1432AT,HP1432AT,HP1432AT-PL,2,TOL,90,180,1,8,,,540,0,,301526,Rose-Anne Body,Other,0,,Y,1,PIM,Polyimides,A1Q,HP1432AT,C,Commercial,Transition to S,Toll Manufacturing
        AUB2,171228PX,171228PX.E,171228PX.E,O,TOL,45,75,1,8,,,180,0,,301526,Rose-Anne Body,Other,0,,N,1,INT,Intermediates,,Blank - Sales Rpt Code 3 41/S3,IN,Inactive,"Obsolete (To Order, Call MKT)",Toll Manufacturing
        AUBA,171228PX,171228PX.E,171228PX.E,O,TOL,45,75,1,8,,,180,0,,301526,Rose-Anne Body,Other,0,,N,1,INT,Intermediates,,Blank - Sales Rpt Code 3 41/S3,IN,Inactive,"Obsolete (To Order, Call MKT)",Toll Manufacturing
        CIN2,191245PX,191245PX,191245PX-OP,O,TOL,5,78,1,112,,,545,0,,335951,Lance Murphy,Other,0,,N,1,HPI,HP Indigo,BXM,191245PX,IN,Inactive,"Obsolete (To Order, Call MKT)",Toll Manufacturing
        CIN2,HP1432AT,HP1432AT,HP1432AT-PL,S,TOL,5,98,1,140,,,540,0,,335951,Lance Murphy,Other,0,,Y,1,PIM,Polyimides,A1Q,HP1432AT,C,Commercial,Stock End-Item,Toll Manufacturing
        CIN2,191245PX,191245PX,191245PX-PL,S,TOL,5,78,1,112,,,545,0,,335951,Lance Murphy,Other,0,,Y,1,HPI,HP Indigo,BXM,191245PX,E,Experimental,Stock End-Item,Toll Manufacturing
        CINR,HP1432AT,HP1432AT,HP1432AT-PL,P,TOL,5,90,1,135,,,540,0,,335951,Lance Murphy,Other,0,,Y,1,PIM,Polyimides,A1Q,HP1432AT,C,Commercial,Purchased inc. Raw Material,Toll Manufacturing
        AUBA,HP1632,HP1632,HP1632,P,TOL,180,140,1,170,,,730,0,,340941,Lise Jacquet,Other,0,,Y,1,PIM,Polyimides,921,HP1632,C,Commercial,Purchased inc. Raw Material,Toll Manufacturing
        CIN2,HP1632,HP1632,HP1632-PL,S,TOL,5,118,1,126,,,730,0,,335951,Lance Murphy,Other,0,,Y,1,PIM,Polyimides,921,HP1632,C,Commercial,Stock End-Item,Toll Manufacturing
        CIN2,HP1632,HP1632,HP1632-OP,S,TOL,5,118,1,126,,,730,0,,335951,Lance Murphy,Other,0,,Y,1,PIM,Polyimides,921,HP1632,C,Commercial,Stock End-Item,Toll Manufacturing
        CINC,HP1632,HP1632,HP1632-OP,2,TOL,5,90,1,10,,,730,0,,335951,Lance Murphy,Other,0,,Y,1,PIM,Polyimides,921,HP1632,C,Commercial,Transition to S,Toll Manufacturing
        DANC,WD40,WD40,WD40-UN,O,TOL,42,49,2,42,,,730,324962,Ascent Industries Co.,324287,Brent Harris,Other,0,,N,1,SSS,Solventborne Products,J85,WD40,C,Commercial,"Obsolete (To Order, Call MKT)",Toll Manufacturing
        USCM,WD40,WD40,WD40-UN,O,TOL,42,49,2,42,,,730,324962,Ascent Industries Co.,324287,Brent Harris,Other,0,,N,1,SSS,Solventborne Products,J85,WD40,C,Commercial,"Obsolete (To Order, Call MKT)",Toll Manufacturing
        AUB2,HP1632,HP1632,HP1632-T2,P,TOL,225,170,2,200,,,730,45235,MICHELMAN INC.,291244,Joël Bertrand,Other,317713,"Hays, Isabelle",Y,1,PIM,Polyimides,921,HP1632,C,Commercial,Purchased inc. Raw Material,Toll Manufacturing
        CIN2,HP1632,HP1632,HP1632-T2,P,TOL,98,72,2,126,,,730,292774,"Ascent Chemicals Danville, Inc.",324287,Brent Harris,Other,20345,"Meyers, Jill",Y,1,PIM,Polyimides,921,HP1632,C,Commercial,Purchased inc. Raw Material,Toll Manufacturing
        CINC,HP1632,HP1632,HP1632-PL,2,TOL,5,90,1,10,,,730,0,,328907,James Massie,Other,328907,"Massie, James",Y,1,PIM,Polyimides,921,HP1632,C,Commercial,Transition to S,Toll Manufacturing
        CINC,HP1632,HP1632,HP1632-T2,P,TOL,119,87,2,30,,,730,292774,"Ascent Chemicals Danville, Inc.",324287,Brent Harris,Other,20345,"Meyers, Jill",Y,1,PIM,Polyimides,921,HP1632,C,Commercial,Purchased inc. Raw Material,Toll Manufacturing
        SING,HP1632,HP1632,HP1632-PL,O,TOL,180,18,1,14,,,730,0,,333572,Vernon Lee,Other,335738,"Sim, Helen",N,1,PIM,Polyimides,921,HP1632,C,Commercial,"Obsolete (To Order, Call MKT)",Toll Manufacturing
        SNG4,HP1632,HP1632,HP1632-PL,O,TOL,180,18,1,14,,,730,0,,333572,Vernon Lee,Other,335738,"Sim, Helen",N,1,PIM,Polyimides,921,HP1632,C,Commercial,"Obsolete (To Order, Call MKT)",Toll Manufacturing
        AUBA,HP1632,HP1632,HP1632-PL,P,TOL,225,170,1,200,,,730,45235,MICHELMAN INC.,291244,Joël Bertrand,Other,317713,"Hays, Isabelle",Y,1,PIM,Polyimides,921,HP1632,C,Commercial,Purchased inc. Raw Material,Toll Manufacturing
        AUBA,HP1632,HP1632,HP1632-T2,P,TOL,225,170,2,200,,,730,45235,MICHELMAN INC.,291244,Joël Bertrand,Other,317713,"Hays, Isabelle",Y,1,PIM,Polyimides,921,HP1632,C,Commercial,Purchased inc. Raw Material,Toll Manufacturing
        DANC,HP1632,HP1632,HP1632-T2,O,TOL,90,4,2,30,,,730,0,,324287,Brent Harris,Other,324287,"Harris, Brent",N,1,PIM,Polyimides,921,HP1632,C,Commercial,"Obsolete (To Order, Call MKT)",Toll Manufacturing
        USCM,HP1632,HP1632,HP1632-T2,X,TOL,90,4,2,30,,,730,0,,324287,Brent Harris,Other,324287,"Harris, Brent",N,1,PIM,Polyimides,921,HP1632,C,Commercial,Outside Processing,Toll Manufacturing
        CIN2,WD40,WD40,WD40-SP,O,TOL,42,16,2,10,,,730,331380,Ascent Industries Co.,324287,Brent Harris,Other,333530,"Davis, Kyle",N,1,SSS,Solventborne Products,J85,WD40,C,Commercial,"Obsolete (To Order, Call MKT)",Toll Manufacturing
        CIN2,HP1432AT,HP1432AT,HP1432AT-OP,P,TOL,126,92,1,140,,,540,292774,"Ascent Chemicals Danville, Inc.",324287,Brent Harris,Other,20345,"Meyers, Jill",Y,1,PIM,Polyimides,A1Q,HP1432AT,C,Commercial,Purchased inc. Raw Material,Toll Manufacturing
        CIN2,191245PX,191245PX,191245PX-T2,P,TOL,98,72,2,112,,,545,328143,Coatings & Adhesives Corporation,324287,Brent Harris,Other,300328,"Lye, May Leng (Josephine)",Y,1,HPI,HP Indigo,BXM,191245PX,E,Experimental,Purchased inc. Raw Material,Toll Manufacturing
        CINC,WD40,WD40,WD40,O,TOL,42,16,2,56,,,730,0,,324287,Brent Harris,Other,324287,"Harris, Brent",N,1,SSS,Solventborne Products,J85,WD40,C,Commercial,"Obsolete (To Order, Call MKT)",Toll Manufacturing
        CINC,WD40,WD40,WD40-SP,O,TOL,42,16,2,10,,,730,331380,Ascent Industries Co.,324287,Brent Harris,Other,333530,"Davis, Kyle",N,1,SSS,Solventborne Products,J85,WD40,C,Commercial,"Obsolete (To Order, Call MKT)",Toll Manufacturing
        CINC,WD40,WD40,WD40-UN,O,TOL,42,56,2,30,,,730,324962,Ascent Industries Co.,324287,Brent Harris,Other,300328,"Lye, May Leng (Josephine)",N,1,SSS,Solventborne Products,J85,WD40,C,Commercial,"Obsolete (To Order, Call MKT)",Toll Manufacturing
        CINC,HP1432AT,HP1432AT,HP1432AT-OP,P,TOL,75,180,1,10,,,540,0,,328907,James Massie,Other,20345,"Meyers, Jill",Y,1,PIM,Polyimides,A1Q,HP1432AT,C,Commercial,Purchased inc. Raw Material,Toll Manufacturing
        CINC,191245PX,191245PX,191245PX-T2,P,TOL,98,72,2,112,,,545,328143,Coatings & Adhesives Corporation,324287,Brent Harris,Other,300328,"Lye, May Leng (Josephine)",Y,1,HPI,HP Indigo,BXM,191245PX,E,Experimental,Purchased inc. Raw Material,Toll Manufacturing
        DANC,HP1632,HP1632,HP1632-OP,O,TOL,133,140,1,4,,,730,0,,328907,James Massie,Other,328907,"Massie, James",N,1,PIM,Polyimides,921,HP1632,C,Commercial,"Obsolete (To Order, Call MKT)",Toll Manufacturing
        USCM,HP1632,HP1632,HP1632-OP,O,TOL,133,140,1,4,,,730,0,,328907,James Massie,Other,328907,"Massie, James",N,1,PIM,Polyimides,921,HP1632,C,Commercial,"Obsolete (To Order, Call MKT)",Toll Manufacturing
        AUB2,HP1632,HP1632,HP1632-OP,P,TOL,206,155,1,185,,,730,45235,MICHELMAN INC.,291244,Joël Bertrand,Other,317713,"Hays, Isabelle",Y,1,PIM,Polyimides,921,HP1632,C,Commercial,Purchased inc. Raw Material,Toll Manufacturing
        AUBA,HP1632,HP1632,HP1632-OP,P,TOL,206,155,1,185,,,730,45235,MICHELMAN INC.,291244,Joël Bertrand,Other,317713,"Hays, Isabelle",Y,1,PIM,Polyimides,921,HP1632,C,Commercial,Purchased inc. Raw Material,Toll Manufacturing
        BPIP,MD4020,MD4020,MD4020-C1,O,TOL,100,145,2,90,,,730,328211,"BPI Packaging, LLC",324287,Brent Harris,Other,324287,"Harris, Brent",N,1,PST,Paste Wax,C8S,MD4020,CP,Commercial Proprietary,"Obsolete (To Order, Call MKT)",Toll Manufacturing
        CIN2,WD40,WD40,WD40-UN,O,TOL,42,32,2,56,,,730,331380,Ascent Industries Co.,324287,Brent Harris,Other,333530,"Davis, Kyle",N,1,SSS,Solventborne Products,J85,WD40,C,Commercial,"Obsolete (To Order, Call MKT)",Toll Manufacturing
        DANC,WD40,WD40,WD40,O,TOL,42,16,2,10,,,730,0,,324287,Brent Harris,Other,324287,"Harris, Brent",N,1,SSS,Solventborne Products,J85,WD40,C,Commercial,"Obsolete (To Order, Call MKT)",Toll Manufacturing
        USCM,WD40,WD40,WD40,O,TOL,42,16,2,10,,,730,0,,324287,Brent Harris,Other,324287,"Harris, Brent",N,1,SSS,Solventborne Products,J85,WD40,C,Commercial,"Obsolete (To Order, Call MKT)",Toll Manufacturing
        CIN2,EMA3065,EMA3065,EMA3065,O,TOL,180,187,2,10,,,180,326444,Essential Polymers,324287,Brent Harris,Other,337883,"Keevan, Joseph",N,1,,Blank -Sales Rpt Code 1 41/S1,,Blank - Sales Rpt Code 3 41/S3,X,Discontinued,"Obsolete (To Order, Call MKT)",Toll Manufacturing
        CIN2,WAV501,WAV501,WAV501,O,TOL,180,187,1,10,,,180,326445,Essential Polymers,324287,Brent Harris,Other,337883,"Keevan, Joseph",N,1,,Blank -Sales Rpt Code 1 41/S1,,Blank - Sales Rpt Code 3 41/S3,X,Discontinued,"Obsolete (To Order, Call MKT)",Toll Manufacturing
        CIN2,DMAEMA,DMAEMA,DMAEMA,O,TOL,180,187,1,10,,,180,326444,Essential Polymers,324287,Brent Harris,Other,337883,"Keevan, Joseph",N,1,,Blank -Sales Rpt Code 1 41/S1,,Blank - Sales Rpt Code 3 41/S3,X,Discontinued,"Obsolete (To Order, Call MKT)",Toll Manufacturing
        CINC,EMA3065,EMA3065,EMA3065,O,TOL,180,187,2,10,,,180,326444,Essential Polymers,324287,Brent Harris,Other,337883,"Keevan, Joseph",N,1,,Blank -Sales Rpt Code 1 41/S1,,Blank - Sales Rpt Code 3 41/S3,X,Discontinued,"Obsolete (To Order, Call MKT)",Toll Manufacturing
        CINC,WAV501,WAV501,WAV501,O,TOL,180,187,1,10,,,180,326444,Essential Polymers,324287,Brent Harris,Other,337883,"Keevan, Joseph",N,1,,Blank -Sales Rpt Code 1 41/S1,,Blank - Sales Rpt Code 3 41/S3,X,Discontinued,"Obsolete (To Order, Call MKT)",Toll Manufacturing
        CINC,DMAEMA,DMAEMA,DMAEMA,O,TOL,180,187,1,10,,,180,326444,Essential Polymers,324287,Brent Harris,Other,337883,"Keevan, Joseph",N,1,,Blank -Sales Rpt Code 1 41/S1,,Blank - Sales Rpt Code 3 41/S3,X,Discontinued,"Obsolete (To Order, Call MKT)",Toll Manufacturing
        CINC,FERSUL7W,FERSUL7W,FERSUL7W,O,TOL,180,187,1,10,,,180,326444,Essential Polymers,324287,Brent Harris,Other,337883,"Keevan, Joseph",N,1,,Blank -Sales Rpt Code 1 41/S1,,Blank - Sales Rpt Code 3 41/S3,X,Discontinued,"Obsolete (To Order, Call MKT)",Toll Manufacturing
        USCM,EMA3065,EMA3065,EMA3065,X,TOL,180,187,2,10,,,180,326444,Essential Polymers,324287,Brent Harris,Other,300328,"Lye, May Leng (Josephine)",N,1,,Blank -Sales Rpt Code 1 41/S1,,Blank - Sales Rpt Code 3 41/S3,X,Discontinued,Outside Processing,Toll Manufacturing
        USCM,WAV501,WAV501,WAV501,X,TOL,180,187,1,10,,,180,326445,Essential Polymers,324287,Brent Harris,Other,300328,"Lye, May Leng (Josephine)",N,1,,Blank -Sales Rpt Code 1 41/S1,,Blank - Sales Rpt Code 3 41/S3,X,Discontinued,Outside Processing,Toll Manufacturing
        USCM,DMAEMA,DMAEMA,DMAEMA,X,TOL,180,187,1,10,,,180,326444,Essential Polymers,324287,Brent Harris,Other,300328,"Lye, May Leng (Josephine)",N,1,,Blank -Sales Rpt Code 1 41/S1,,Blank - Sales Rpt Code 3 41/S3,X,Discontinued,Outside Processing,Toll Manufacturing
        CIN3,MDU20,MDU20,MDU20-OP,O,TOL,42,30,1,4,,,365,0,,20445,Steve Laurence,Alex,0,,N,1,URE,Polyurethanes,A7G,MDU20,C,Commercial,"Obsolete (To Order, Call MKT)",Toll Manufacturing
        CIN2,MDU2012,MDU2012.E,MDU2012.E-TO,O,TOL,30,45,2,15,,,365,0,,20445,Steve Laurence,Alex,0,,N,1,HAU,Hybrid AcrylicUrethane Disper,,Blank - Sales Rpt Code 3 41/S3,OB,Obsolete,"Obsolete (To Order, Call MKT)",Toll Manufacturing
        CIN2,U701,U701,U701-PL,D,TOL,5,48,1,70,,,365,0,,20445,Steve Laurence,Alex,0,,Y,1,URE,Polyurethanes,I97,U701,C,Commercial,Distributed Item,Toll Manufacturing
        CIN2,U502,U502.E,U502.E-TO,O,TOL,42,42,1,15,,,365,301843,BIP (Oldbury) Limited,20445,Steve Laurence,Alex,306439,"Hansen, Charlotte",N,1,URE,Polyurethanes,BMS,U502.E,C,Commercial,"Obsolete (To Order, Call MKT)",Toll Manufacturing
        CIN2,MDU4075,MDU4075.E,MDU4075.E-TO,O,TOL,30,45,2,10,,,365,0,,328907,James Massie,Other,0,,N,1,PUD,Polyurethane Dispersion,,Blank - Sales Rpt Code 3 41/S3,OB,Obsolete,"Obsolete (To Order, Call MKT)",Toll Manufacturing
        CINC,U201,U201,U201-T2,P,TOL,42,56,2,10,,,365,292788,Ortec Inc.,324287,Brent Harris,Other,0,,Y,1,URE,Polyurethanes,I92,U201,C,Commercial,Purchased inc. Raw Material,Toll Manufacturing
        ORTC,APT10,APT10,APT10,O,TOL,56,2,2,10,,,365,292788,Ortec Inc.,324287,Brent Harris,Other,0,,N,1,PUD,Polyurethane Dispersion,BYD,APT10,CP,Commercial Proprietary,"Obsolete (To Order, Call MKT)",Toll Manufacturing
        USCM,APT10,APT10,APT10,O,TOL,56,70,2,10,,,365,292788,Ortec Inc.,324287,Brent Harris,Other,0,,N,1,PUD,Polyurethane Dispersion,BYD,APT10,CP,Commercial Proprietary,"Obsolete (To Order, Call MKT)",Toll Manufacturing
        USCM,APT10,APT10,APT10-T2,O,TOL,56,3,2,15,,,365,292788,Ortec Inc.,324287,Brent Harris,Other,0,,N,1,PUD,Polyurethane Dispersion,BYD,APT10,CP,Commercial Proprietary,"Obsolete (To Order, Call MKT)",Toll Manufacturing
        AUBA,U701,U701,U701-PL,O,TOL,115,90,2,180,,,365,45235,MICHELMAN INC.,340941,Lise Jacquet,Other,317713,"Hays, Isabelle",N,1,URE,Polyurethanes,I97,U701,C,Commercial,"Obsolete (To Order, Call MKT)",Toll Manufacturing
        CIN2,U601,U601,U601-OP,P,TOL,56,42,2,70,,,365,292788,Ortec Inc.,324287,Brent Harris,Other,300328,"Lye, May Leng (Josephine)",Y,1,URE,Polyurethanes,I96,U601,C,Commercial,Purchased inc. Raw Material,Toll Manufacturing
        CIN2,U701,U701,U701-OP,P,TOL,56,42,2,70,,,365,292788,Ortec Inc.,324287,Brent Harris,Other,300328,"Lye, May Leng (Josephine)",Y,1,URE,Polyurethanes,I97,U701,C,Commercial,Purchased inc. Raw Material,Toll Manufacturing
        SING,U601,U601,U601-OP,P,TOL,145,18,2,14,,,365,292450,"Michelman, Inc.",333572,Vernon Lee,Other,335738,"Sim, Helen",Y,1,URE,Polyurethanes,I96,U601,C,Commercial,Purchased inc. Raw Material,Toll Manufacturing
        SNG4,U601,U601,U601-OP,O,TOL,145,18,2,14,,,365,292450,"Michelman, Inc.",333572,Vernon Lee,Other,335738,"Sim, Helen",N,1,URE,Polyurethanes,I96,U601,C,Commercial,"Obsolete (To Order, Call MKT)",Toll Manufacturing
        CIN2,U802,U802.E,U802.E,P,TOL,191,137,2,10,,,365,24886,"Michelman  Interl. - (FG) - Aubange, BE",334927,Tammy Hanlon,Other,300328,"Lye, May Leng (Josephine)",Y,1,URE,Polyurethanes,BMU,U802.E,C,Commercial,Purchased inc. Raw Material,Toll Manufacturing
        CIN2,U802,U802.E,U802.E-TO,P,TOL,191,140,2,10,,,365,24886,"Michelman  Interl. - (FG) - Aubange, BE",334927,Tammy Hanlon,Other,300328,"Lye, May Leng (Josephine)",Y,1,URE,Polyurethanes,BMU,U802.E,C,Commercial,Purchased inc. Raw Material,Toll Manufacturing
        CINC,U802,U802.E,U802.E,P,TOL,191,137,2,10,,,365,24886,"Michelman  Interl. - (FG) - Aubange, BE",334927,Tammy Hanlon,Other,300328,"Lye, May Leng (Josephine)",Y,1,URE,Polyurethanes,BMU,U802.E,C,Commercial,Purchased inc. Raw Material,Toll Manufacturing
        CINC,U802,U802.E,U802.E-TO,P,TOL,191,140,2,10,,,365,24886,"Michelman  Interl. - (FG) - Aubange, BE",334927,Tammy Hanlon,Other,300328,"Lye, May Leng (Josephine)",Y,1,URE,Polyurethanes,BMU,U802.E,C,Commercial,Purchased inc. Raw Material,Toll Manufacturing
        CIN2,161190PX,161190PX,161190PX-T3,O,TOL,28,22,2,28,,,365,317501,EPS,324287,Brent Harris,Other,337883,"Keevan, Joseph",N,1,,Blank -Sales Rpt Code 1 41/S1,C5L,161190PX,X,Discontinued,"Obsolete (To Order, Call MKT)",Toll Manufacturing
        CINC,161190PX,161190PX,161190PX,P,TOL,28,35,2,10,,,365,317501,EPS,335951,Lance Murphy,Other,300328,"Lye, May Leng (Josephine)",Y,1,,Blank -Sales Rpt Code 1 41/S1,C5L,161190PX,D,Developmental,Purchased inc. Raw Material,Toll Manufacturing
        CINC,161190PX,161190PX,161190PX-T2,P,TOL,28,22,2,42,,,365,317501,EPS,324287,Brent Harris,Other,300328,"Lye, May Leng (Josephine)",Y,1,,Blank -Sales Rpt Code 1 41/S1,C5L,161190PX,D,Developmental,Purchased inc. Raw Material,Toll Manufacturing
        CIN2,U101,U101,U101-OP,P,TOL,56,42,2,70,,,365,292788,Ortec Inc.,324287,Brent Harris,Other,300328,"Lye, May Leng (Josephine)",Y,1,URE,Polyurethanes,I87,U101,C,Commercial,Purchased inc. Raw Material,Toll Manufacturing
        CIN2,U501,U501,U501-OP,P,TOL,56,42,2,70,,,365,292788,Ortec Inc.,324287,Brent Harris,Other,300328,"Lye, May Leng (Josephine)",Y,1,URE,Polyurethanes,I95,U501,C,Commercial,Purchased inc. Raw Material,Toll Manufacturing
        CIN2,U1001,U1001,U1001-OP,O,TOL,42,180,2,10,,,365,292788,Ortec Inc.,324287,Brent Harris,Other,324287,"Harris, Brent",N,1,URE,Polyurethanes,I86,U1001,X,Discontinued,"Obsolete (To Order, Call MKT)",Toll Manufacturing
        CIN2,U502,U502,U502-OP,P,TOL,56,42,2,70,,,365,292788,Ortec Inc.,324287,Brent Harris,Other,300328,"Lye, May Leng (Josephine)",Y,1,URE,Polyurethanes,S85,U502,C,Commercial,Purchased inc. Raw Material,Toll Manufacturing
        CIN2,MDU20,MDU20,MDU20-T2,P,TOL,56,42,2,70,,,365,292788,Ortec Inc.,324287,Brent Harris,Other,300328,"Lye, May Leng (Josephine)",Y,1,URE,Polyurethanes,A7G,MDU20,C,Commercial,Purchased inc. Raw Material,Toll Manufacturing
        CIN2,U470,U470,U470-OP,P,TOL,56,42,2,70,,,365,292788,Ortec Inc.,324287,Brent Harris,Other,300328,"Lye, May Leng (Josephine)",Y,1,PUD,Polyurethane Dispersion,BPA,U470,D,Developmental,Purchased inc. Raw Material,Toll Manufacturing
        CIN2,U201,U201,U201-T2,P,TOL,56,42,2,70,,,365,292788,Ortec Inc.,324287,Brent Harris,Other,300328,"Lye, May Leng (Josephine)",Y,1,URE,Polyurethanes,I92,U201,C,Commercial,Purchased inc. Raw Material,Toll Manufacturing
        CIN2,APT10,APT10,APT10-T2,O,TOL,84,60,2,98,,,365,292788,Ortec Inc.,324287,Brent Harris,Other,300328,"Lye, May Leng (Josephine)",N,1,PUD,Polyurethane Dispersion,BYD,APT10,CP,Commercial Proprietary,"Obsolete (To Order, Call MKT)",Toll Manufacturing
        CIN2,U501B,U501B,U501B-OP,P,TOL,56,42,2,70,,,365,292788,Ortec Inc.,324287,Brent Harris,Other,300328,"Lye, May Leng (Josephine)",Y,1,URE,Polyurethanes,C7K,U501B,C,Commercial,Purchased inc. Raw Material,Toll Manufacturing
        CIN2,APT11,APT11,APT11-T2,O,TOL,84,60,2,20,,,365,292788,Ortec Inc.,324287,Brent Harris,Other,337883,"Keevan, Joseph",N,1,PUD,Polyurethane Dispersion,C7C,APT11,X,Discontinued,"Obsolete (To Order, Call MKT)",Toll Manufacturing
        CIN2,U2022,U2022,U2022-T2,S,TOL,5,48,2,70,,,365,292788,Ortec Inc.,335951,Lance Murphy,Other,300328,"Lye, May Leng (Josephine)",Y,1,URE,Polyurethanes,I94,U2022,C,Commercial,Stock End-Item,Toll Manufacturing
        CINC,MDU20,MDU20,MDU20-T2,P,TOL,56,42,2,70,,,365,292788,Ortec Inc.,324287,Brent Harris,Other,300328,"Lye, May Leng (Josephine)",Y,1,URE,Polyurethanes,A7G,MDU20,C,Commercial,Purchased inc. Raw Material,Toll Manufacturing
        CINC,U470,U470,U470-OP,P,TOL,56,42,2,70,,,365,292788,Ortec Inc.,324287,Brent Harris,Other,300328,"Lye, May Leng (Josephine)",Y,1,PUD,Polyurethane Dispersion,BPA,U470,D,Developmental,Purchased inc. Raw Material,Toll Manufacturing
        CINC,APT10,APT10,APT10-T2,O,TOL,56,1,2,20,,,365,0,,324287,Brent Harris,Other,337883,"Keevan, Joseph",N,1,PUD,Polyurethane Dispersion,BYD,APT10,CP,Commercial Proprietary,"Obsolete (To Order, Call MKT)",Toll Manufacturing
        CINC,APT11,APT11,APT11-T2,O,TOL,56,70,2,20,,,365,292788,Ortec Inc.,324287,Brent Harris,Other,337883,"Keevan, Joseph",N,1,PUD,Polyurethane Dispersion,C7C,APT11,X,Discontinued,"Obsolete (To Order, Call MKT)",Toll Manufacturing
        CINC,U2022,U2022,U2022-T2,2,TOL,5,48,2,70,,,365,292788,Ortec Inc.,335951,Lance Murphy,Other,300328,"Lye, May Leng (Josephine)",Y,1,URE,Polyurethanes,I94,U2022,C,Commercial,Transition to S,Toll Manufacturing
        SING,U2022,U2022,U2022-OP,P,TOL,115,42,2,21,,,365,292450,"Michelman, Inc.",333572,Vernon Lee,Other,335738,"Sim, Helen",Y,1,URE,Polyurethanes,I94,U2022,C,Commercial,Purchased inc. Raw Material,Toll Manufacturing
        SNG4,U2022,U2022,U2022-OP,P,TOL,115,1,2,21,,,365,292450,"Michelman, Inc.",333572,Vernon Lee,Other,335738,"Sim, Helen",Y,1,URE,Polyurethanes,I94,U2022,C,Commercial,Purchased inc. Raw Material,Toll Manufacturing
        CIN2,MD4020,MD4020,MD4020-C2,D,TOL,112,112,2,140,,,365,328211,"BPI Packaging, LLC",324287,Brent Harris,Other,300328,"Lye, May Leng (Josephine)",Y,1,PST,Paste Wax,C8S,MD4020,CP,Commercial Proprietary,Distributed Item,Toll Manufacturing
        CIN2,MD4021,MD4021,MD4021-C2,O,TOL,112,112,2,140,,,365,328211,"BPI Packaging, LLC",324287,Brent Harris,Other,300328,"Lye, May Leng (Josephine)",N,1,PST,Paste Wax,C8T,MD4021,CP,Commercial Proprietary,"Obsolete (To Order, Call MKT)",Toll Manufacturing
        CIN2,MD4023,MD4023,MD4023-C2,O,TOL,112,112,2,140,,,365,328211,"BPI Packaging, LLC",324287,Brent Harris,Other,300328,"Lye, May Leng (Josephine)",N,1,PST,Paste Wax,BTP,MD4023,CP,Commercial Proprietary,"Obsolete (To Order, Call MKT)",Toll Manufacturing
        CIN2,MD4021C,MD4021C,MD4021C-C2,O,TOL,112,112,2,140,,,365,328211,"BPI Packaging, LLC",324287,Brent Harris,Other,300328,"Lye, May Leng (Josephine)",N,1,PST,Paste Wax,C9I,MD4021C,CP,Commercial Proprietary,"Obsolete (To Order, Call MKT)",Toll Manufacturing
        CIN2,MD4022C,MD4022C,MD4022C-C2,O,TOL,112,112,2,140,,,365,328211,"BPI Packaging, LLC",324287,Brent Harris,Other,300328,"Lye, May Leng (Josephine)",N,1,PST,Paste Wax,C9J,MD4022C,CP,Commercial Proprietary,"Obsolete (To Order, Call MKT)",Toll Manufacturing
        CIN2,MD4023C,MD4023C,MD4023C-C2,O,TOL,112,112,2,140,,,365,328211,"BPI Packaging, LLC",324287,Brent Harris,Other,300328,"Lye, May Leng (Josephine)",N,1,PST,Paste Wax,C9K,MD4023C,CP,Commercial Proprietary,"Obsolete (To Order, Call MKT)",Toll Manufacturing
        CINC,MD4023,MD4023,MD4023-C2,O,TOL,112,112,2,15,,,365,328211,"BPI Packaging, LLC",324287,Brent Harris,Other,300328,"Lye, May Leng (Josephine)",N,1,PST,Paste Wax,BTP,MD4023,CP,Commercial Proprietary,"Obsolete (To Order, Call MKT)",Toll Manufacturing
        CINC,APT10,APT10,APT10,O,TOL,56,1,2,20,,,365,0,,324287,Brent Harris,Other,337883,"Keevan, Joseph",N,1,PUD,Polyurethane Dispersion,BYD,APT10,CP,Commercial Proprietary,"Obsolete (To Order, Call MKT)",Toll Manufacturing
        SHAN,U501,U501,U501-OP,P,TOL,116,89,2,8,,,365,306961,"Michelman, Inc.",309690,Jollene Li,Other,329143,"Min,Jialing (Emily )",Y,1,URE,Polyurethanes,I95,U501,C,Commercial,Purchased inc. Raw Material,Toll Manufacturing
        CIN3,MDU20,MDU20,MDU20-T2,O,TOL,42,30,1,4,,,365,0,,302796,Dave Howe,Other,0,,N,1,URE,Polyurethanes,A7G,MDU20,C,Commercial,"Obsolete (To Order, Call MKT)",Toll Manufacturing
        EUCM,MDU4075B,MDU4075B.E,MDU4075B.E,X,TOL,75,10,1,8,,,365,0,,291266,Laurent Desjardin,Other,0,,N,1,MDU,Michem Disp. Urethane,C5M,MDU4075B,E,Experimental,Outside Processing,Toll Manufacturing
        AUB2,MDU2012B,MDU2012B.E,MDU2012B.E-LP,D,TOL,75,7,1,15,,,365,0,,291266,Laurent Desjardin,Other,0,,Y,1,MDU,Michem Disp. Urethane,CB6,MDU2012B,E,Experimental,Distributed Item,Toll Manufacturing
        AUBA,MDU2012B,MDU2012B.E,MDU2012B.E-LP,S,TOL,75,7,1,15,,,365,0,,291266,Laurent Desjardin,Other,0,,Y,1,MDU,Michem Disp. Urethane,CB6,MDU2012B,E,Experimental,Stock End-Item,Toll Manufacturing
        EUCM,MDU2012B,MDU2012B.E,MDU2012B.E,X,TOL,75,10,1,8,,,365,0,,0,,Other,0,,N,1,MDU,Michem Disp. Urethane,CB6,MDU2012B,E,Experimental,Outside Processing,Toll Manufacturing
        AUB2,MDU440,MDU440.E,MDU440.E-LP,O,TOL,30,40,1,8,,,365,0,,301526,Rose-Anne Body,Other,0,,N,1,PAB,Polyurethane - Acrylic Blends,,Blank - Sales Rpt Code 3 41/S3,OB,Obsolete,"Obsolete (To Order, Call MKT)",Toll Manufacturing
        AUB2,181193EU,181193EU.E,181193EU.E-TO,O,TOL,75,50,1,365,,,365,0,,301526,Rose-Anne Body,Other,0,,N,1,PUD,Polyurethane Dispersion,,Blank - Sales Rpt Code 3 41/S3,IN,Inactive,"Obsolete (To Order, Call MKT)",Toll Manufacturing
        AUBA,U502,U502.E,U502.E-PD,O,TOL,77,75,1,250,,,365,0,,291266,Laurent Desjardin,Other,0,,N,1,URE,Polyurethanes,BMS,U502.E,IN,Inactive,"Obsolete (To Order, Call MKT)",Toll Manufacturing
        AUBA,MDU440,MDU440.E,MDU440.E-LP,O,TOL,30,40,1,8,,,365,0,,301526,Rose-Anne Body,Other,0,,N,1,PAB,Polyurethane - Acrylic Blends,,Blank - Sales Rpt Code 3 41/S3,OB,Obsolete,"Obsolete (To Order, Call MKT)",Toll Manufacturing
        AUBA,MDU440,MDU440.E,MDU440.E-TO,O,TOL,90,40,1,8,,,365,0,,301526,Rose-Anne Body,Other,0,,N,1,PAB,Polyurethane - Acrylic Blends,,Blank - Sales Rpt Code 3 41/S3,OB,Obsolete,"Obsolete (To Order, Call MKT)",Toll Manufacturing
        AUBA,181193EU,181193EU.E,181193EU.E-TO,O,TOL,75,50,1,365,,,365,0,,301526,Rose-Anne Body,Other,0,,N,1,PUD,Polyurethane Dispersion,,Blank - Sales Rpt Code 3 41/S3,IN,Inactive,"Obsolete (To Order, Call MKT)",Toll Manufacturing
        AUBA,181193EU,181193EU.E,181193EU.E-PL,O,TOL,45,50,1,365,,,365,0,,291266,Laurent Desjardin,Other,0,,N,1,PUD,Polyurethane Dispersion,,Blank - Sales Rpt Code 3 41/S3,IN,Inactive,"Obsolete (To Order, Call MKT)",Toll Manufacturing
        AUB2,MDU2012,MDU2012.E,MDU2012.E-LP,O,TOL,30,40,1,8,,,365,0,,301526,Rose-Anne Body,Other,0,,N,1,HAU,Hybrid AcrylicUrethane Disper,,Blank - Sales Rpt Code 3 41/S3,OB,Obsolete,"Obsolete (To Order, Call MKT)",Toll Manufacturing
        AUB2,MDU2012,MDU2012.E,MDU2012.E-TO,O,TOL,30,40,1,8,,,365,0,,301526,Rose-Anne Body,Other,0,,N,1,HAU,Hybrid AcrylicUrethane Disper,,Blank - Sales Rpt Code 3 41/S3,OB,Obsolete,"Obsolete (To Order, Call MKT)",Toll Manufacturing
        AUB2,MDU4075,MDU4075.E,MDU4075.E-LP,O,TOL,30,40,1,8,,,365,0,,301526,Rose-Anne Body,Other,0,,N,1,PUD,Polyurethane Dispersion,,Blank - Sales Rpt Code 3 41/S3,OB,Obsolete,"Obsolete (To Order, Call MKT)",Toll Manufacturing
        AUB2,MDU4075,MDU4075.E,MDU4075.E-TO,O,TOL,30,40,1,8,,,365,0,,301526,Rose-Anne Body,Other,0,,N,1,PUD,Polyurethane Dispersion,,Blank - Sales Rpt Code 3 41/S3,OB,Obsolete,"Obsolete (To Order, Call MKT)",Toll Manufacturing
        AUBA,MDU2012,MDU2012.E,MDU2012.E-LP,O,TOL,30,40,1,8,,,365,0,,301526,Rose-Anne Body,Other,0,,N,1,HAU,Hybrid AcrylicUrethane Disper,,Blank - Sales Rpt Code 3 41/S3,OB,Obsolete,"Obsolete (To Order, Call MKT)",Toll Manufacturing
        AUBA,MDU2012,MDU2012.E,MDU2012.E-TO,O,TOL,30,40,1,8,,,365,0,,301526,Rose-Anne Body,Other,0,,N,1,HAU,Hybrid AcrylicUrethane Disper,,Blank - Sales Rpt Code 3 41/S3,OB,Obsolete,"Obsolete (To Order, Call MKT)",Toll Manufacturing
        AUBA,MDU4075,MDU4075.E,MDU4075.E-LP,O,TOL,60,40,1,8,,,365,0,,301526,Rose-Anne Body,Other,0,,N,1,PUD,Polyurethane Dispersion,,Blank - Sales Rpt Code 3 41/S3,OB,Obsolete,"Obsolete (To Order, Call MKT)",Toll Manufacturing
        AUBA,MDU4075,MDU4075.E,MDU4075.E-TO,O,TOL,60,40,1,8,,,365,0,,301526,Rose-Anne Body,Other,0,,N,1,PUD,Polyurethane Dispersion,,Blank - Sales Rpt Code 3 41/S3,OB,Obsolete,"Obsolete (To Order, Call MKT)",Toll Manufacturing
        AUBA,181193EU,181193EU.E,181193EU.E-PD,O,TOL,45,50,1,365,,,365,0,,291266,Laurent Desjardin,Other,0,,N,1,PUD,Polyurethane Dispersion,,Blank - Sales Rpt Code 3 41/S3,IN,Inactive,"Obsolete (To Order, Call MKT)",Toll Manufacturing
        AUBA,181193EU,181193EU.E,181193EU.E-LP,O,TOL,45,50,1,8,,,365,0,,301526,Rose-Anne Body,Other,0,,N,1,PUD,Polyurethane Dispersion,,Blank - Sales Rpt Code 3 41/S3,IN,Inactive,"Obsolete (To Order, Call MKT)",Toll Manufacturing
        AUB2,MDU440,MDU440.E,MDU440.E-TO,O,TOL,90,40,1,8,,,365,0,,301526,Rose-Anne Body,Other,0,,N,1,PAB,Polyurethane - Acrylic Blends,,Blank - Sales Rpt Code 3 41/S3,OB,Obsolete,"Obsolete (To Order, Call MKT)",Toll Manufacturing
        CIN2,U601,U601,U601-PL,S,TOL,5,48,1,70,,,365,0,,335951,Lance Murphy,Other,0,,Y,1,URE,Polyurethanes,I96,U601,C,Commercial,Stock End-Item,Toll Manufacturing
        CIN2,U470,U470,U470-PL,O,TOL,5,65,1,150,,,365,0,,335951,Lance Murphy,Other,0,,N,1,PUD,Polyurethane Dispersion,BPA,U470,E,Experimental,"Obsolete (To Order, Call MKT)",Toll Manufacturing
        CIN2,U101,U101,U101-PL,S,TOL,5,48,1,70,,,365,0,,335951,Lance Murphy,Other,0,,Y,1,URE,Polyurethanes,I87,U101,C,Commercial,Stock End-Item,Toll Manufacturing
        CIN2,U201,U201,U201-OP,S,TOL,5,48,1,70,,,365,0,,335951,Lance Murphy,Other,0,,Y,1,URE,Polyurethanes,I92,U201,C,Commercial,Stock End-Item,Toll Manufacturing
        CIN2,U201,U201,U201-PL,S,TOL,5,48,1,70,,,365,0,,335951,Lance Murphy,Other,0,,Y,1,URE,Polyurethanes,I92,U201,C,Commercial,Stock End-Item,Toll Manufacturing
        CIN2,U501,U501,U501-PL,S,TOL,5,48,1,70,,,365,0,,335951,Lance Murphy,Other,0,,Y,1,URE,Polyurethanes,I95,U501,C,Commercial,Stock End-Item,Toll Manufacturing
        CIN2,U204,U204,U204-PL,S,TOL,5,48,1,70,,,365,0,,335951,Lance Murphy,Other,0,,Y,1,URE,Polyurethanes,S57,U204,C,Commercial,Stock End-Item,Toll Manufacturing
        CIN2,U502,U502,U502-PL,S,TOL,5,65,1,196,,,365,0,,335951,Lance Murphy,Other,0,,Y,1,URE,Polyurethanes,S85,U502,C,Commercial,Stock End-Item,Toll Manufacturing
        CIN2,MDU4075B,MDU4075B.E,MDU4075B.E-PL,O,TOL,120,10,1,30,,,365,0,,335951,Lance Murphy,Other,0,,N,1,MDU,Michem Disp. Urethane,C5M,MDU4075B,E,Experimental,"Obsolete (To Order, Call MKT)",Toll Manufacturing
        CINC,161017CX,161017CX,161017CX,O,TOL,12,14,1,10,,,365,0,,335951,Lance Murphy,Other,0,,N,1,SPF,Specialty Formulations,B9F,161017CX,X,Discontinued,"Obsolete (To Order, Call MKT)",Toll Manufacturing
        AUB2,MDU440B,MDU440B.E,MDU440B.E-TO,O,TOL,75,75,1,180,,,365,324808,Cromogenia,291244,Joël Bertrand,Other,0,,N,1,MDU,Michem Disp. Urethane,,Blank - Sales Rpt Code 3 41/S3,IN,Inactive,"Obsolete (To Order, Call MKT)",Toll Manufacturing
        AUB2,MDU440B,MDU440B.E,MDU440B.E-LP,O,TOL,90,75,1,180,,,365,324808,Cromogenia,340941,Lise Jacquet,Other,0,,N,1,MDU,Michem Disp. Urethane,,Blank - Sales Rpt Code 3 41/S3,IN,Inactive,"Obsolete (To Order, Call MKT)",Toll Manufacturing
        AUBA,MDU440B,MDU440B.E,MDU440B.E-TO,O,TOL,75,65,1,180,,,365,324808,Cromogenia,291244,Joël Bertrand,Other,0,,N,1,MDU,Michem Disp. Urethane,,Blank - Sales Rpt Code 3 41/S3,IN,Inactive,"Obsolete (To Order, Call MKT)",Toll Manufacturing
        AUBA,MDU440B,MDU440B.E,MDU440B.E-LP,O,TOL,90,75,1,250,,,365,324808,Cromogenia,291244,Joël Bertrand,Other,0,,N,1,MDU,Michem Disp. Urethane,,Blank - Sales Rpt Code 3 41/S3,IN,Inactive,"Obsolete (To Order, Call MKT)",Toll Manufacturing
        SHAN,MDU4075B,MDU4075B.E,MDU4075B.E-LP,P,TOL,60,10,1,8,,,365,324808,Cromogenia,301526,Rose-Anne Body,Other,0,,Y,1,MDU,Michem Disp. Urethane,C5M,MDU4075B,E,Experimental,Purchased inc. Raw Material,Toll Manufacturing
        AUBA,U802,U802.E,U802.E-PD,O,TOL,60,10,1,250,,,365,301843,BIP (Oldbury) Limited,291244,Joël Bertrand,Other,0,,N,1,URE,Polyurethanes,BMU,U802.E,IN,Inactive,"Obsolete (To Order, Call MKT)",Toll Manufacturing
        AUB2,U601,U601,U601-OP,O,TOL,196,140,1,180,,,365,45235,MICHELMAN INC.,301526,Rose-Anne Body,Other,0,,N,1,URE,Polyurethanes,I96,U601,C,Commercial,"Obsolete (To Order, Call MKT)",Toll Manufacturing
        AUB2,U470,U470,U470-PL,O,TOL,75,85,1,365,,,365,45235,MICHELMAN INC.,301526,Rose-Anne Body,Other,0,,N,1,PUD,Polyurethane Dispersion,BPA,U470,E,Experimental,"Obsolete (To Order, Call MKT)",Toll Manufacturing
        AUBA,U470,U470,U470-PL,O,TOL,75,85,1,365,,,365,45235,MICHELMAN INC.,301526,Rose-Anne Body,Other,0,,N,1,PUD,Polyurethane Dispersion,BPA,U470,E,Experimental,"Obsolete (To Order, Call MKT)",Toll Manufacturing
        SHAN,MDU2012B,MDU2012B.E,MDU2012B.E-LP,S,TOL,75,7,1,15,,,365,309362,Michelman Int'l Belgium SRL,291266,Laurent Desjardin,Other,0,,Y,1,MDU,Michem Disp. Urethane,CB6,MDU2012B,E,Experimental,Stock End-Item,Toll Manufacturing
        AUB2,U501,U501,U501-OP,O,TOL,90,42,1,8,,,365,45235,MICHELMAN INC.,301526,Rose-Anne Body,Other,0,,N,1,URE,Polyurethanes,I95,U501,C,Commercial,"Obsolete (To Order, Call MKT)",Toll Manufacturing
        AUB2,U2022,U2022,U2022-OP,O,TOL,90,42,1,8,,,365,45235,MICHELMAN INC.,301526,Rose-Anne Body,Other,0,,N,1,URE,Polyurethanes,I94,U2022,C,Commercial,"Obsolete (To Order, Call MKT)",Toll Manufacturing
        AUB2,U204,U204,U204-T2,O,TOL,90,30,1,8,,,365,292788,Ortec Inc.,301526,Rose-Anne Body,Other,0,,N,1,URE,Polyurethanes,S57,U204,C,Commercial,"Obsolete (To Order, Call MKT)",Toll Manufacturing
        AUBA,U501,U501,U501-OP,O,TOL,90,42,1,8,,,365,45235,MICHELMAN INC.,301526,Rose-Anne Body,Other,0,,N,1,URE,Polyurethanes,I95,U501,C,Commercial,"Obsolete (To Order, Call MKT)",Toll Manufacturing
        AUBA,U2022,U2022,U2022-OP,O,TOL,90,42,1,8,,,365,45235,MICHELMAN INC.,301526,Rose-Anne Body,Other,0,,N,1,URE,Polyurethanes,I94,U2022,C,Commercial,"Obsolete (To Order, Call MKT)",Toll Manufacturing
        AUBA,U204,U204,U204-T2,O,TOL,90,30,1,8,,,365,292788,Ortec Inc.,301526,Rose-Anne Body,Other,0,,N,1,URE,Polyurethanes,S57,U204,C,Commercial,"Obsolete (To Order, Call MKT)",Toll Manufacturing
        AUBA,U502,U502.E,U502.E-PL,P,TOL,77,10,1,15,,,365,327516,ERCA Advanced Polymer Solutions SRL,340941,Lise Jacquet,Other,317713,"Hays, Isabelle",Y,1,URE,Polyurethanes,BMS,U502.E,C,Commercial,Purchased inc. Raw Material,Toll Manufacturing
        AUBA,U802,U802.E,U802.E-PL,P,TOL,60,55,1,90,,,365,327516,ERCA Advanced Polymer Solutions SRL,340941,Lise Jacquet,Other,317713,"Hays, Isabelle",Y,1,URE,Polyurethanes,BMU,U802.E,C,Commercial,Purchased inc. Raw Material,Toll Manufacturing
        CINC,MW40504,MW40504,MW40504-C2,O,TOL,60,6,1,10,,,365,328211,"BPI Packaging, LLC",324287,Brent Harris,Other,300328,"Lye, May Leng (Josephine)",N,1,PST,Paste Wax,CAZ,MW40504,CP,Commercial Proprietary,"Obsolete (To Order, Call MKT)",Toll Manufacturing
        SHAN,U802,U802.E,U802.E-PL,S,TOL,60,55,1,90,,,365,327516,ERCA Advanced Polymer Solutions SRL,340941,Lise Jacquet,Other,317713,"Hays, Isabelle",Y,1,URE,Polyurethanes,BMU,U802.E,C,Commercial,Stock End-Item,Toll Manufacturing
        AUB2,U502,U502.E,U502.E,P,TOL,60,10,1,15,,,365,327516,ERCA Advanced Polymer Solutions SRL,291244,Joël Bertrand,Other,306439,"Hansen, Charlotte",Y,1,URE,Polyurethanes,BMS,U502.E,C,Commercial,Purchased inc. Raw Material,Toll Manufacturing
        AUB2,U502,U502.E,U502.E-TO,P,TOL,77,10,1,15,,,365,327516,ERCA Advanced Polymer Solutions SRL,340941,Lise Jacquet,Other,317713,"Hays, Isabelle",Y,1,URE,Polyurethanes,BMS,U502.E,C,Commercial,Purchased inc. Raw Material,Toll Manufacturing
        AUBA,U701,U701,U701-OP,O,TOL,115,90,1,180,,,365,45235,MICHELMAN INC.,340941,Lise Jacquet,Other,317713,"Hays, Isabelle",N,1,URE,Polyurethanes,I97,U701,C,Commercial,"Obsolete (To Order, Call MKT)",Toll Manufacturing
        AUBA,U502,U502.E,U502.E,P,TOL,60,10,1,15,,,365,327516,ERCA Advanced Polymer Solutions SRL,291244,Joël Bertrand,Other,306439,"Hansen, Charlotte",Y,1,URE,Polyurethanes,BMS,U502.E,C,Commercial,Purchased inc. Raw Material,Toll Manufacturing
        CINC,U601,U601,U601-OP,P,TOL,42,42,1,10,,,365,292788,Ortec Inc.,324287,Brent Harris,Other,337883,"Keevan, Joseph",Y,1,URE,Polyurethanes,I96,U601,C,Commercial,Purchased inc. Raw Material,Toll Manufacturing
        CINR,U601,U601,U601-OP,P,TOL,42,42,1,10,,,365,292788,Ortec Inc.,324287,Brent Harris,Other,337883,"Keevan, Joseph",Y,1,URE,Polyurethanes,I96,U601,C,Commercial,Purchased inc. Raw Material,Toll Manufacturing
        ORTC,U701,U701,U701-OP,O,TOL,42,56,1,15,,,365,0,,328907,James Massie,Other,328907,"Massie, James",N,1,URE,Polyurethanes,I97,U701,C,Commercial,"Obsolete (To Order, Call MKT)",Toll Manufacturing
        USCM,U701,U701,U701-OP,X,TOL,42,56,1,15,,,365,0,,328907,James Massie,Other,328907,"Massie, James",N,1,URE,Polyurethanes,I97,U701,C,Commercial,Outside Processing,Toll Manufacturing
        AUB2,U802,U802.E,U802.E-TO,P,TOL,60,55,1,90,,,365,327516,ERCA Advanced Polymer Solutions SRL,291244,Joël Bertrand,Other,317713,"Hays, Isabelle",Y,1,URE,Polyurethanes,BMU,U802.E,C,Commercial,Purchased inc. Raw Material,Toll Manufacturing
        AUBA,U601,U601,U601-OP,P,TOL,196,150,1,180,,,365,45235,MICHELMAN INC.,340941,Lise Jacquet,Other,317713,"Hays, Isabelle",Y,1,URE,Polyurethanes,I96,U601,C,Commercial,Purchased inc. Raw Material,Toll Manufacturing
        AUBA,U502,U502.E,U502.E-TO,P,TOL,77,10,1,15,,,365,327516,ERCA Advanced Polymer Solutions SRL,340941,Lise Jacquet,Other,317713,"Hays, Isabelle",Y,1,URE,Polyurethanes,BMS,U502.E,C,Commercial,Purchased inc. Raw Material,Toll Manufacturing
        AUBA,U802,U802.E,U802.E,P,TOL,60,55,1,90,,,365,301843,BIP (Oldbury) Limited,340941,Lise Jacquet,Other,317713,"Hays, Isabelle",Y,1,URE,Polyurethanes,BMU,U802.E,C,Commercial,Purchased inc. Raw Material,Toll Manufacturing
        AUBA,U802,U802.E,U802.E-TO,P,TOL,60,55,1,90,,,365,327516,ERCA Advanced Polymer Solutions SRL,291244,Joël Bertrand,Other,317713,"Hays, Isabelle",Y,1,URE,Polyurethanes,BMU,U802.E,C,Commercial,Purchased inc. Raw Material,Toll Manufacturing
        AUBA,MDU2012B,MDU2012B.E,MDU2012B.E,P,TOL,75,7,1,15,,,365,324808,Cromogenia,291266,Laurent Desjardin,Other,317713,"Hays, Isabelle",Y,1,MDU,Michem Disp. Urethane,CB6,MDU2012B,E,Experimental,Purchased inc. Raw Material,Toll Manufacturing
        AUBA,MDU2012B,MDU2012B.E,MDU2012B.E-TO,P,TOL,75,7,1,15,,,365,324808,Cromogenia,291244,Joël Bertrand,Other,317713,"Hays, Isabelle",Y,1,MDU,Michem Disp. Urethane,CB6,MDU2012B,E,Experimental,Purchased inc. Raw Material,Toll Manufacturing
        SHAN,U601,U601,U601-PL,P,TOL,111,86,1,30,,,365,306961,"Michelman, Inc.",309690,Jollene Li,Other,329143,"Min,Jialing (Emily )",Y,1,URE,Polyurethanes,I96,U601,C,Commercial,Purchased inc. Raw Material,Toll Manufacturing
        SING,U601,U601,U601-PL,P,TOL,90,18,1,14,,,365,292450,"Michelman, Inc.",316375,Bhavesh Shukla,Other,335738,"Sim, Helen",Y,1,URE,Polyurethanes,I96,U601,C,Commercial,Purchased inc. Raw Material,Toll Manufacturing
        SNG4,U601,U601,U601-PL,O,TOL,90,18,1,14,,,365,292450,"Michelman, Inc.",333572,Vernon Lee,Other,335738,"Sim, Helen",N,1,URE,Polyurethanes,I96,U601,C,Commercial,"Obsolete (To Order, Call MKT)",Toll Manufacturing
        CIN2,U2022,U2022,U2022-OP,P,TOL,56,42,1,70,,,365,292788,Ortec Inc.,324287,Brent Harris,Other,20345,"Meyers, Jill",Y,1,URE,Polyurethanes,I94,U2022,C,Commercial,Purchased inc. Raw Material,Toll Manufacturing
        CIN2,161017CX,161017CX,161017CX-FD,O,TOL,12,14,1,10,,,365,0,,324287,Brent Harris,Other,337883,"Keevan, Joseph",N,1,SPF,Specialty Formulations,B9F,161017CX,X,Discontinued,"Obsolete (To Order, Call MKT)",Toll Manufacturing
        CIN2,MDU4075B,MDU4075B.E,MDU4075B.E-TO,O,TOL,146,105,1,10,,,365,24886,"Michelman  Interl. - (FG) - Aubange, BE",335951,Lance Murphy,Other,300328,"Lye, May Leng (Josephine)",N,1,MDU,Michem Disp. Urethane,C5M,MDU4075B,E,Experimental,"Obsolete (To Order, Call MKT)",Toll Manufacturing
        CINC,U101,U101,U101-OP,P,TOL,70,84,1,28,,,365,296239,"Ortec, Inc - Easley, US",324287,Brent Harris,Other,337883,"Keevan, Joseph",Y,1,URE,Polyurethanes,I87,U101,C,Commercial,Purchased inc. Raw Material,Toll Manufacturing
        CINC,U201,U201,U201-OP,2,TOL,42,42,1,10,,,365,0,,328907,James Massie,Other,328907,"Massie, James",Y,1,URE,Polyurethanes,I92,U201,C,Commercial,Transition to S,Toll Manufacturing
        CINC,U501,U501,U501-OP,P,TOL,30,42,1,10,,,365,292788,Ortec Inc.,324287,Brent Harris,Other,337883,"Keevan, Joseph",Y,1,URE,Polyurethanes,I95,U501,C,Commercial,Purchased inc. Raw Material,Toll Manufacturing
        CINC,U1001,U1001,U1001-OP,O,TOL,42,30,1,15,,,365,0,,328907,James Massie,Other,319235,"Webber, Ashley",N,1,URE,Polyurethanes,I86,U1001,X,Discontinued,"Obsolete (To Order, Call MKT)",Toll Manufacturing
        CINC,U2022,U2022,U2022-OP,P,TOL,56,70,1,30,,,365,292788,Ortec Inc.,324287,Brent Harris,Other,20345,"Meyers, Jill",Y,1,URE,Polyurethanes,I94,U2022,C,Commercial,Purchased inc. Raw Material,Toll Manufacturing
        CINC,U502,U502,U502-OP,P,TOL,42,42,1,10,,,365,0,,328907,James Massie,Other,328907,"Massie, James",Y,1,URE,Polyurethanes,S85,U502,C,Commercial,Purchased inc. Raw Material,Toll Manufacturing
        CINC,U204,U204,U204-OP,2,TOL,42,42,1,10,,,365,292788,Ortec Inc.,324287,Brent Harris,Other,337883,"Keevan, Joseph",Y,1,URE,Polyurethanes,S57,U204,C,Commercial,Transition to S,Toll Manufacturing
        CINC,161017CX,161017CX,161017CX-FD,O,TOL,12,14,1,10,,,365,0,,328907,James Massie,Other,333530,"Davis, Kyle",N,1,SPF,Specialty Formulations,B9F,161017CX,X,Discontinued,"Obsolete (To Order, Call MKT)",Toll Manufacturing
        CINC,MW40514,MW40514,MW40514-C2,O,TOL,60,6,1,10,,,365,328211,"BPI Packaging, LLC",324287,Brent Harris,Other,300328,"Lye, May Leng (Josephine)",N,1,PST,Paste Wax,CAY,MW40514,CP,Commercial Proprietary,"Obsolete (To Order, Call MKT)",Toll Manufacturing
        ORTC,U2022,U2022,U2022-OP,O,TOL,30,42,1,4,,,365,0,,328907,James Massie,Other,328907,"Massie, James",N,1,URE,Polyurethanes,I94,U2022,C,Commercial,"Obsolete (To Order, Call MKT)",Toll Manufacturing
        ORTC,MDU20,MDU20,MDU20-T2,O,TOL,30,42,1,8,,,365,0,,328907,James Massie,Other,328907,"Massie, James",N,1,URE,Polyurethanes,A7G,MDU20,C,Commercial,"Obsolete (To Order, Call MKT)",Toll Manufacturing
        ORTC,U470,U470,U470-OP,O,TOL,42,42,1,8,,,365,0,,328907,James Massie,Other,328907,"Massie, James",N,1,PUD,Polyurethane Dispersion,BPA,U470,D,Developmental,"Obsolete (To Order, Call MKT)",Toll Manufacturing
        SHAN,U204,U204,U204-OP,P,TOL,109,84,1,10,,,365,292788,Ortec Inc.,309690,Jollene Li,Other,329143,"Min,Jialing (Emily )",Y,1,URE,Polyurethanes,S57,U204,C,Commercial,Purchased inc. Raw Material,Toll Manufacturing
        SHAN,U501B,U501B,U501B-OP,O,TOL,30,44,1,10,,,365,292788,Ortec Inc.,328907,James Massie,Other,328907,"Massie, James",N,1,URE,Polyurethanes,C7K,U501B,C,Commercial,"Obsolete (To Order, Call MKT)",Toll Manufacturing
        SING,U501,U501,U501-PL,P,TOL,135,18,1,14,,,365,292450,"Michelman, Inc.",316375,Bhavesh Shukla,Other,335738,"Sim, Helen",Y,1,URE,Polyurethanes,I95,U501,C,Commercial,Purchased inc. Raw Material,Toll Manufacturing
        SING,U204,U204,U204-PL,P,TOL,100,50,1,20,,,365,292450,"Michelman, Inc.",335951,Lance Murphy,Other,335738,"Sim, Helen",Y,1,URE,Polyurethanes,S57,U204,C,Commercial,Purchased inc. Raw Material,Toll Manufacturing
        SNG4,U501,U501,U501-PL,O,TOL,135,18,1,14,,,365,292450,"Michelman, Inc.",333572,Vernon Lee,Other,335738,"Sim, Helen",N,1,URE,Polyurethanes,I95,U501,C,Commercial,"Obsolete (To Order, Call MKT)",Toll Manufacturing
        USCM,U2022,U2022,U2022-OP,X,TOL,30,42,1,4,,,365,0,,328907,James Massie,Other,328907,"Massie, James",N,1,URE,Polyurethanes,I94,U2022,C,Commercial,Outside Processing,Toll Manufacturing
        USCM,U470,U470,U470-OP,X,TOL,42,42,1,8,,,365,0,,328907,James Massie,Other,328907,"Massie, James",N,1,PUD,Polyurethane Dispersion,BPA,U470,D,Developmental,Outside Processing,Toll Manufacturing
        AUB2,MDU4075B,MDU4075B.E,MDU4075B.E-LP,P,TOL,75,7,1,15,,,365,324808,Cromogenia,291244,Joël Bertrand,Other,317713,"Hays, Isabelle",Y,1,MDU,Michem Disp. Urethane,C5M,MDU4075B,E,Experimental,Purchased inc. Raw Material,Toll Manufacturing
        AUBA,U2022,U2022,U2022-PL,O,TOL,90,75,1,105,,,365,45235,MICHELMAN INC.,340941,Lise Jacquet,Other,317713,"Hays, Isabelle",N,1,URE,Polyurethanes,I94,U2022,C,Commercial,"Obsolete (To Order, Call MKT)",Toll Manufacturing
        AUBA,MDU4075B,MDU4075B.E,MDU4075B.E,P,TOL,75,7,1,15,,,365,324808,Cromogenia,291266,Laurent Desjardin,Other,317713,"Hays, Isabelle",Y,1,MDU,Michem Disp. Urethane,C5M,MDU4075B,E,Experimental,Purchased inc. Raw Material,Toll Manufacturing
        AUBA,MDU4075B,MDU4075B.E,MDU4075B.E-TO,P,TOL,75,7,1,15,,,365,324808,Cromogenia,291244,Joël Bertrand,Other,317713,"Hays, Isabelle",Y,1,MDU,Michem Disp. Urethane,C5M,MDU4075B,E,Experimental,Purchased inc. Raw Material,Toll Manufacturing
        AUBA,MDU4075B,MDU4075B.E,MDU4075B.E-LP,P,TOL,75,7,1,15,,,365,324808,Cromogenia,291244,Joël Bertrand,Other,317713,"Hays, Isabelle",Y,1,MDU,Michem Disp. Urethane,C5M,MDU4075B,E,Experimental,Purchased inc. Raw Material,Toll Manufacturing
        SHAN,U470,U470,U470-OP,P,TOL,116,89,1,8,,,365,306961,"Michelman, Inc.",309690,Jollene Li,Other,329143,"Min,Jialing (Emily )",Y,1,PUD,Polyurethane Dispersion,BPA,U470,D,Developmental,Purchased inc. Raw Material,Toll Manufacturing
        SING,U2022,U2022,U2022,P,TOL,115,1,1,21,,,365,292450,"Michelman, Inc.",335951,Lance Murphy,Other,335738,"Sim, Helen",Y,1,URE,Polyurethanes,I94,U2022,C,Commercial,Purchased inc. Raw Material,Toll Manufacturing
        SNG4,U2022,U2022,U2022,P,TOL,115,1,1,21,,,365,292450,"Michelman, Inc.",335951,Lance Murphy,Other,335738,"Sim, Helen",Y,1,URE,Polyurethanes,I94,U2022,C,Commercial,Purchased inc. Raw Material,Toll Manufacturing
        ORTC,U601,U601,U601-KP,O,TOL,42,42,1,8,,,365,0,,328907,James Massie,Other,328907,"Massie, James",N,1,URE,Polyurethanes,I96,U601,X,Discontinued,"Obsolete (To Order, Call MKT)",Toll Manufacturing
        SNG4,U2022,U2022,U2022-PL,D,TOL,1,115,1,21,,,365,26227,Singapore Manufacturing,335951,Lance Murphy,Other,0,,Y,1,URE,Polyurethanes,I94,U2022,C,Commercial,Distributed Item,Toll Manufacturing
        USCM,APT11,APT11,APT11,O,TOL,1,6,1,10,,,365,292788,Ortec Inc.,324287,Brent Harris,Other,0,,N,1,PUD,Polyurethane Dispersion,C7C,APT11,X,Discontinued,"Obsolete (To Order, Call MKT)",Toll Manufacturing
        CIN2,171143PX,171143PX,171143PX-T2,O,TOL,1,180,2,15,,,180,328143,Coatings & Adhesives Corporation,324287,Brent Harris,Other,333530,"Davis, Kyle",N,1,PAE,Pure Acrylic Emulsion,BWF,171143PX,X,Discontinued,"Obsolete (To Order, Call MKT)",Toll Manufacturing
        CIN2,APT10,APT10,APT10,O,TOL,1,60,2,60,,,365,292788,Ortec Inc.,324287,Brent Harris,Other,300328,"Lye, May Leng (Josephine)",N,1,PUD,Polyurethane Dispersion,BYD,APT10,CP,Commercial Proprietary,"Obsolete (To Order, Call MKT)",Toll Manufacturing
        CINC,171143PX,171143PX,171143PX-T2,O,TOL,1,6,2,15,,,180,328143,Coatings & Adhesives Corporation,328907,James Massie,Other,319235,"Webber, Ashley",N,1,PAE,Pure Acrylic Emulsion,BWF,171143PX,X,Discontinued,"Obsolete (To Order, Call MKT)",Toll Manufacturing
        INCH,WD40,WD40,WD40-UN,O,FEC,1,16,1,15,,,730,324847,Inchem Branch Plant,328907,James Massie,Other,328907,"Massie, James",N,1,SSS,Solventborne Products,J85,WD40,C,Commercial,"Obsolete (To Order, Call MKT)",Finished Good made in EC
        CIN2,U501,U501,U501-T2,O,TOL,1,44,1,10,,,365,292788,Ortec Inc.,328907,James Massie,Other,328907,"Massie, James",N,1,URE,Polyurethanes,I95,U501,C,Commercial,"Obsolete (To Order, Call MKT)",Toll Manufacturing
        CIN2,161017CX,161017CX,161017CX-OP,O,TOL,1,6,2,30,,,365,324962,Ascent Industries Co.,324287,Brent Harris,Other,337883,"Keevan, Joseph",N,1,SPF,Specialty Formulations,B9F,161017CX,X,Discontinued,"Obsolete (To Order, Call MKT)",Toll Manufacturing
        CINC,161017CX,161017CX,161017CX-OP,O,TOL,1,6,1,30,,,365,324962,Ascent Industries Co.,324287,Brent Harris,Other,337883,"Keevan, Joseph",N,1,SPF,Specialty Formulations,B9F,161017CX,X,Discontinued,"Obsolete (To Order, Call MKT)",Toll Manufacturing
        CIN3,U2022,U2022,U2022-OP,O,TOL,1,42,2,8,,,365,292788,Ortec Inc.,20440,Roger Niehaus,Eric,20345,"Meyers, Jill",N,1,URE,Polyurethanes,I94,U2022,C,Commercial,"Obsolete (To Order, Call MKT)",Toll Manufacturing
        CIN4,U2022,U2022,U2022-OP,O,TOL,1,42,2,365,,,365,292788,Ortec Inc.,20440,Roger Niehaus,Eric,20345,"Meyers, Jill",N,1,URE,Polyurethanes,I94,U2022,C,Commercial,"Obsolete (To Order, Call MKT)",Toll Manufacturing
        CIN2,FERSUL7W,FERSUL7W,FERSUL7W,O,TOL,1,187,1,10,,,180,326444,Essential Polymers,324287,Brent Harris,Other,337883,"Keevan, Joseph",N,1,,Blank -Sales Rpt Code 1 41/S1,,Blank - Sales Rpt Code 3 41/S3,X,Discontinued,"Obsolete (To Order, Call MKT)",Toll Manufacturing
        USCM,FERSUL7W,FERSUL7W,FERSUL7W,X,TOL,1,187,1,10,,,180,326444,Essential Polymers,324287,Brent Harris,Other,300328,"Lye, May Leng (Josephine)",N,1,,Blank -Sales Rpt Code 1 41/S1,,Blank - Sales Rpt Code 3 41/S3,X,Discontinued,Outside Processing,Toll Manufacturing
        CIN2,U1001,U1001,U1001-KN,O,ETP,1,30,1,15,,,365,0,,20445,Steve Laurence,Alex,0,,N,1,URE,Polyurethanes,I86,U1001,X,Discontinued,"Obsolete (To Order, Call MKT)",ETP
        CINC,U1001,U1001,U1001,O,ETP,1,6,1,15,,,365,0,,302796,Dave Howe,Other,0,,N,1,URE,Polyurethanes,I86,U1001,X,Discontinued,"Obsolete (To Order, Call MKT)",ETP
        SHAN,U502,U502,U502-PL,P,FEC,1,4,1,8,,,365,0,,20445,Steve Laurence,Alex,0,,Y,1,URE,Polyurethanes,S85,U502,C,Commercial,Purchased inc. Raw Material,Finished Good made in EC
        CIN2,U1001,U1001,U1001-PL,O,ETP,1,4,1,15,,,365,0,,20445,Steve Laurence,Alex,0,,N,1,URE,Polyurethanes,I86,U1001,X,Discontinued,"Obsolete (To Order, Call MKT)",ETP
        CINC,U1001,U1001,U1001-PL,O,ETP,1,4,1,15,,,365,0,,302796,Dave Howe,Other,0,,N,1,URE,Polyurethanes,I86,U1001,X,Discontinued,"Obsolete (To Order, Call MKT)",ETP
        CINC,U701,U701,U701,1,ETP,1,6,1,15,,,365,0,,302796,Dave Howe,Other,0,,Y,1,URE,Polyurethanes,I97,U701,C,Commercial,Transition to M,ETP
        CINC,U701,U701,U701-PL,D,ETP,1,6,1,15,,,365,0,,302796,Dave Howe,Other,0,,Y,1,URE,Polyurethanes,I97,U701,C,Commercial,Distributed Item,ETP
        CIN2,U201,U201,U201,M,FCB,1,43,1,70,,,365,0,,335951,Lance Murphy,Other,0,,Y,1,URE,Polyurethanes,I92,U201,C,Commercial,Mfg. Assembly or Sub-Assembly,Finished Good Cold Blend
        CIN2,161017CX,161017CX,161017CX-PL,O,FEC,1,74,1,10,,,365,0,,302796,Dave Howe,Other,0,,N,1,SPF,Specialty Formulations,B9F,161017CX,D,Developmental,"Obsolete (To Order, Call MKT)",Finished Good made in EC
        CINC,161017CX,161017CX,161017CX-PL,O,FEC,1,74,1,10,,,365,0,,302796,Dave Howe,Other,0,,N,1,SPF,Specialty Formulations,B9F,161017CX,D,Developmental,"Obsolete (To Order, Call MKT)",Finished Good made in EC
        ORTC,U701,U701,U701,O,FEC,1,56,1,15,,,365,0,,328907,James Massie,Other,328907,"Massie, James",N,1,URE,Polyurethanes,I97,U701,C,Commercial,"Obsolete (To Order, Call MKT)",Finished Good made in EC
        USCM,U701,U701,U701,X,FEC,1,56,1,15,,,365,0,,328907,James Massie,Other,328907,"Massie, James",N,1,URE,Polyurethanes,I97,U701,C,Commercial,Outside Processing,Finished Good made in EC
        CINC,MD4023,MD4023,MD4023,O,FEC,1,6,1,10,,,365,0,,324287,Brent Harris,Other,337883,"Keevan, Joseph",N,1,PST,Paste Wax,BTP,MD4023,CP,Commercial Proprietary,"Obsolete (To Order, Call MKT)",Finished Good made in EC
        CIN2,HP1432AT,HP1432AT,HP1432AT,M,TOL,1,93,1,140,,,540,0,,335951,Lance Murphy,Other,0,,Y,1,PIM,Polyimides,A1Q,HP1432AT,C,Commercial,Mfg. Assembly or Sub-Assembly,Toll Manufacturing
        AUB2,171143PX,171143PX,171143PX-OP,O,TOL,1,6,2,30,,,180,0,,328907,James Massie,Other,0,,N,1,PAE,Pure Acrylic Emulsion,BWF,171143PX,X,Discontinued,"Obsolete (To Order, Call MKT)",Toll Manufacturing
        AUBA,171143PX,171143PX,171143PX-OP,O,TOL,1,6,2,30,,,180,0,,328907,James Massie,Other,0,,N,1,PAE,Pure Acrylic Emulsion,BWF,171143PX,X,Discontinued,"Obsolete (To Order, Call MKT)",Toll Manufacturing
        CIN2,U1001,U1001,U1001,O,TOL,1,180,1,10,,,365,0,,335951,Lance Murphy,Other,0,,N,1,URE,Polyurethanes,I86,U1001,X,Discontinued,"Obsolete (To Order, Call MKT)",Toll Manufacturing
        CIN2,171143PX,171143PX,171143PX-OP,O,TOL,1,6,2,15,,,180,0,,20445,Steve Laurence,Alex,0,,N,1,PAE,Pure Acrylic Emulsion,BWF,171143PX,X,Discontinued,"Obsolete (To Order, Call MKT)",Toll Manufacturing
        CINC,U2022,U2022,U2022,1,TOL,1,43,1,60,,,365,0,,302796,Dave Howe,Other,0,,Y,1,URE,Polyurethanes,I94,U2022,C,Commercial,Transition to M,Toll Manufacturing
        CINC,HP1432AT,HP1432AT,HP1432AT,1,TOL,1,88,1,10,,,540,0,,302796,Dave Howe,Other,0,,Y,1,PIM,Polyimides,A1Q,HP1432AT,C,Commercial,Transition to M,Toll Manufacturing
        CINC,MD4020,MD4020,MD4020,O,TOL,1,6,1,10,,,730,0,,328907,James Massie,Other,0,,N,1,PST,Paste Wax,C8S,MD4020,CP,Commercial Proprietary,"Obsolete (To Order, Call MKT)",Toll Manufacturing
        CINC,171143PX,171143PX,171143PX-OP,O,TOL,1,6,2,15,,,180,0,,20445,Steve Laurence,Alex,0,,N,1,PAE,Pure Acrylic Emulsion,BWF,171143PX,X,Discontinued,"Obsolete (To Order, Call MKT)",Toll Manufacturing
        CINC,APT11,APT11,APT11-FD,O,TOL,1,6,1,30,,,365,0,,302796,Dave Howe,Other,0,,N,1,PUD,Polyurethane Dispersion,C7C,APT11,X,Discontinued,"Obsolete (To Order, Call MKT)",Toll Manufacturing
        CIN2,HP1632,HP1632,HP1632,M,TOL,1,113,1,126,,,730,0,,335951,Lance Murphy,Other,0,,Y,1,PIM,Polyimides,921,HP1632,C,Commercial,Mfg. Assembly or Sub-Assembly,Toll Manufacturing
        EUCM,U802,U802.E,U802.E,X,TOL,1,10,1,8,,,365,0,,0,,Other,0,,N,1,URE,Polyurethanes,BMU,U802.E,C,Commercial,Outside Processing,Toll Manufacturing
        AUBA,MDU440B,MDU440B.E,MDU440B.E,O,TOL,1,65,1,180,,,365,0,,291266,Laurent Desjardin,Other,0,,N,1,MDU,Michem Disp. Urethane,,Blank - Sales Rpt Code 3 41/S3,IN,Inactive,"Obsolete (To Order, Call MKT)",Toll Manufacturing
        AUB2,171228PX,171228PX.E,171228PX.E-TO,O,TOL,1,10,1,8,,,365,0,,301526,Rose-Anne Body,Other,0,,N,1,MIS,Miscellaneous,,Blank - Sales Rpt Code 3 41/S3,X,Discontinued,"Obsolete (To Order, Call MKT)",Toll Manufacturing
        AUB2,171228PX,171228PX.E,171228PX.E-LP,O,TOL,1,30,1,8,,,365,0,,301526,Rose-Anne Body,Other,0,,N,1,MIS,Miscellaneous,,Blank - Sales Rpt Code 3 41/S3,X,Discontinued,"Obsolete (To Order, Call MKT)",Toll Manufacturing
        AUBA,171228PX,171228PX.E,171228PX.E-TO,O,TOL,1,10,1,8,,,365,0,,301526,Rose-Anne Body,Other,0,,N,1,MIS,Miscellaneous,,Blank - Sales Rpt Code 3 41/S3,X,Discontinued,"Obsolete (To Order, Call MKT)",Toll Manufacturing
        AUBA,171228PX,171228PX.E,171228PX.E-LP,O,TOL,1,30,1,8,,,365,0,,301526,Rose-Anne Body,Other,0,,N,1,MIS,Miscellaneous,,Blank - Sales Rpt Code 3 41/S3,X,Discontinued,"Obsolete (To Order, Call MKT)",Toll Manufacturing
        AUBA,171228PX,171228PX.E,171228PX.E-PL,O,TOL,1,10,1,8,,,365,0,,291266,Laurent Desjardin,Other,0,,N,1,MIS,Miscellaneous,,Blank - Sales Rpt Code 3 41/S3,X,Discontinued,"Obsolete (To Order, Call MKT)",Toll Manufacturing
        CIN2,U470,U470,U470,M,TOL,1,43,1,70,,,365,0,,335951,Lance Murphy,Other,0,,Y,1,PUD,Polyurethane Dispersion,BPA,U470,D,Developmental,Mfg. Assembly or Sub-Assembly,Toll Manufacturing
        CINC,U470,U470,U470,1,TOL,1,43,1,70,,,365,0,,335951,Lance Murphy,Other,0,,Y,1,PUD,Polyurethane Dispersion,BPA,U470,D,Developmental,Transition to M,Toll Manufacturing
        AUBA,U701,U701,U701,O,TOL,1,45,1,70,,,365,0,,340941,Lise Jacquet,Other,0,,N,1,URE,Polyurethanes,I97,U701,C,Commercial,"Obsolete (To Order, Call MKT)",Toll Manufacturing
        CIN2,U601,U601,U601,M,TOL,1,43,1,70,,,365,0,,335951,Lance Murphy,Other,0,,Y,1,URE,Polyurethanes,I96,U601,C,Commercial,Mfg. Assembly or Sub-Assembly,Toll Manufacturing
        CIN2,U701,U701,U701,M,TOL,1,43,1,70,,,365,0,,335951,Lance Murphy,Other,0,,Y,1,URE,Polyurethanes,I97,U701,C,Commercial,Mfg. Assembly or Sub-Assembly,Toll Manufacturing
        CIN2,U101,U101,U101-KP,O,TOL,1,56,1,10,,,365,0,,335951,Lance Murphy,Other,0,,N,1,URE,Polyurethanes,I87,U101,C,Commercial,"Obsolete (To Order, Call MKT)",Toll Manufacturing
        CIN2,U204,U204,U204,M,TOL,1,43,1,70,,,365,0,,335951,Lance Murphy,Other,0,,Y,1,URE,Polyurethanes,S57,U204,C,Commercial,Mfg. Assembly or Sub-Assembly,Toll Manufacturing
        CIN2,MDU20,MDU20,MDU20,M,TOL,1,43,1,70,,,365,0,,335951,Lance Murphy,Other,0,,Y,1,URE,Polyurethanes,A7G,MDU20,C,Commercial,Mfg. Assembly or Sub-Assembly,Toll Manufacturing
        CINC,U201,U201,U201,1,TOL,1,42,2,10,,,365,0,,302796,Dave Howe,Other,0,,Y,1,URE,Polyurethanes,I92,U201,C,Commercial,Transition to M,Toll Manufacturing
        CINC,MDU20,MDU20,MDU20,1,TOL,1,43,1,70,,,365,0,,335951,Lance Murphy,Other,0,,Y,1,URE,Polyurethanes,A7G,MDU20,C,Commercial,Transition to M,Toll Manufacturing
        AUBA,191245PX,191245PX,191245PX,O,TOL,1,75,1,15,,,545,0,,335951,Lance Murphy,Other,0,,N,1,HPI,HP Indigo,BXM,191245PX,E,Experimental,"Obsolete (To Order, Call MKT)",Toll Manufacturing
        CIN2,191245PX,191245PX,191245PX,M,TOL,1,75,1,112,,,545,0,,335951,Lance Murphy,Other,0,,Y,1,HPI,HP Indigo,BXM,191245PX,E,Experimental,Mfg. Assembly or Sub-Assembly,Toll Manufacturing
        CINC,191245PX,191245PX,191245PX,1,TOL,1,75,1,15,,,545,0,,335951,Lance Murphy,Other,0,,Y,1,HPI,HP Indigo,BXM,191245PX,E,Experimental,Transition to M,Toll Manufacturing
        CIN2,MDU2012,MDU2012.E,MDU2012.E-OP,O,TOL,1,45,1,15,,,365,0,,20445,Steve Laurence,Alex,0,,N,1,HAU,Hybrid AcrylicUrethane Disper,,Blank - Sales Rpt Code 3 41/S3,OB,Obsolete,"Obsolete (To Order, Call MKT)",Toll Manufacturing
        CIN2,MDU4075B,MDU4075B.E,MDU4075B.E-OP,O,TOL,1,10,1,10,,,365,0,,335951,Lance Murphy,Other,0,,N,1,MDU,Michem Disp. Urethane,C5M,MDU4075B,E,Experimental,"Obsolete (To Order, Call MKT)",Toll Manufacturing
        CIN2,MDU4075,MDU4075.E,MDU4075.E-OP,O,TOL,1,45,1,10,,,365,0,,328907,James Massie,Other,0,,N,1,PUD,Polyurethane Dispersion,,Blank - Sales Rpt Code 3 41/S3,OB,Obsolete,"Obsolete (To Order, Call MKT)",Toll Manufacturing
        CINC,U701,U701,U701-OP,P,TOL,1,42,1,15,,,365,0,,302796,Dave Howe,Other,0,,Y,1,URE,Polyurethanes,I97,U701,C,Commercial,Purchased inc. Raw Material,Toll Manufacturing
        CINC,U470,U470,U470-PL,O,TOL,1,4,2,10,,,365,0,,302796,Dave Howe,Other,0,,N,1,PUD,Polyurethane Dispersion,BPA,U470,E,Experimental,"Obsolete (To Order, Call MKT)",Toll Manufacturing
        CIN2,U101,U101,U101,M,TOL,1,43,1,70,,,365,0,,335951,Lance Murphy,Other,0,,Y,1,URE,Polyurethanes,I87,U101,C,Commercial,Mfg. Assembly or Sub-Assembly,Toll Manufacturing
        CIN2,161190PX,161190PX,161190PX,P,TOL,1,23,2,14,,,365,0,,335951,Lance Murphy,Other,0,,Y,1,,Blank -Sales Rpt Code 1 41/S1,C5L,161190PX,D,Developmental,Purchased inc. Raw Material,Toll Manufacturing
        CIN2,161017CX,161017CX,161017CX,O,TOL,1,20,1,10,,,365,0,,335951,Lance Murphy,Other,0,,N,1,SPF,Specialty Formulations,B9F,161017CX,X,Discontinued,"Obsolete (To Order, Call MKT)",Toll Manufacturing
        CIN2,U501,U501,U501,M,TOL,1,43,1,70,,,365,0,,335951,Lance Murphy,Other,0,,Y,1,URE,Polyurethanes,I95,U501,C,Commercial,Mfg. Assembly or Sub-Assembly,Toll Manufacturing
        CIN2,U2022,U2022,U2022,M,TOL,1,43,1,70,,,365,0,,335951,Lance Murphy,Other,0,,Y,1,URE,Polyurethanes,I94,U2022,C,Commercial,Mfg. Assembly or Sub-Assembly,Toll Manufacturing
        CIN2,MDU20,MDU20,MDU20-PL,O,TOL,1,44,1,10,,,365,0,,335951,Lance Murphy,Other,0,,N,1,URE,Polyurethanes,A7G,MDU20,C,Commercial,"Obsolete (To Order, Call MKT)",Toll Manufacturing
        CIN2,MDU20,MDU20,MDU20-OP,O,TOL,1,44,1,10,,,365,0,,335951,Lance Murphy,Other,0,,N,1,URE,Polyurethanes,A7G,MDU20,C,Commercial,"Obsolete (To Order, Call MKT)",Toll Manufacturing
        CIN2,U204,U204,U204-T2,O,TOL,1,43,1,70,,,365,0,,324287,Brent Harris,Other,0,,N,1,URE,Polyurethanes,S57,U204,C,Commercial,"Obsolete (To Order, Call MKT)",Toll Manufacturing
        CIN2,MDU4075B,MDU4075B.E,MDU4075B.E,O,TOL,1,10,1,10,,,365,0,,335951,Lance Murphy,Other,0,,N,1,MDU,Michem Disp. Urethane,C5M,MDU4075B,E,Experimental,"Obsolete (To Order, Call MKT)",Toll Manufacturing
        CIN2,APT11,APT11,APT11,O,TOL,1,50,1,20,,,365,0,,335951,Lance Murphy,Other,0,,N,1,PUD,Polyurethane Dispersion,C7C,APT11,X,Discontinued,"Obsolete (To Order, Call MKT)",Toll Manufacturing
        CIN2,APT11,APT11,APT11-FD,O,TOL,1,50,1,20,,,365,0,,335951,Lance Murphy,Other,0,,N,1,PUD,Polyurethane Dispersion,C7C,APT11,X,Discontinued,"Obsolete (To Order, Call MKT)",Toll Manufacturing
        SING,U2022,U2022,U2022-PL,S,TOL,1,115,1,21,,,365,0,,335951,Lance Murphy,Other,0,,Y,1,URE,Polyurethanes,I94,U2022,C,Commercial,Stock End-Item,Toll Manufacturing
        CINC,U204,U204,U204-PL,2,TOL,1,30,1,10,,,365,0,,302796,Dave Howe,Other,0,,Y,1,URE,Polyurethanes,S57,U204,C,Commercial,Transition to S,Toll Manufacturing
        CINC,U502,U502,U502-PL,2,TOL,1,42,1,10,,,365,0,,302796,Dave Howe,Other,0,,Y,1,URE,Polyurethanes,S85,U502,C,Commercial,Transition to S,Toll Manufacturing
        CINC,APT11,APT11,APT11,O,TOL,1,6,1,10,,,365,0,,302796,Dave Howe,Other,0,,N,1,PUD,Polyurethane Dispersion,C7C,APT11,X,Discontinued,"Obsolete (To Order, Call MKT)",Toll Manufacturing
        CINC,HP1632,HP1632,HP1632,D,TOL,1,88,1,10,,,730,0,,328907,James Massie,Other,328907,"Massie, James",Y,1,PIM,Polyimides,921,HP1632,C,Commercial,Distributed Item,Toll Manufacturing
        CINC,U601,U601,U601-PL,2,TOL,1,30,1,10,,,365,0,,328907,James Massie,Other,328907,"Massie, James",Y,1,URE,Polyurethanes,I96,U601,C,Commercial,Transition to S,Toll Manufacturing
        CINC,MDU4075,MDU4075.E,MDU4075.E-PL,O,TOL,1,6,1,10,,,365,0,,333530,Kyle Davis,Other,333530,"Davis, Kyle",N,1,PUD,Polyurethane Dispersion,,Blank - Sales Rpt Code 3 41/S3,OB,Obsolete,"Obsolete (To Order, Call MKT)",Toll Manufacturing
        SING,HP1632,HP1632,HP1632,O,TOL,1,18,1,14,,,730,0,,333572,Vernon Lee,Other,335738,"Sim, Helen",N,1,PIM,Polyimides,921,HP1632,C,Commercial,"Obsolete (To Order, Call MKT)",Toll Manufacturing
        SNG4,HP1632,HP1632,HP1632,O,TOL,1,18,1,14,,,730,0,,333572,Vernon Lee,Other,335738,"Sim, Helen",N,1,PIM,Polyimides,921,HP1632,C,Commercial,"Obsolete (To Order, Call MKT)",Toll Manufacturing
        CIN2,MDU4075,MDU4075.E,MDU4075.E-PL,O,TOL,1,6,2,10,,,365,0,,333530,Kyle Davis,Other,333530,"Davis, Kyle",N,1,PUD,Polyurethane Dispersion,,Blank - Sales Rpt Code 3 41/S3,OB,Obsolete,"Obsolete (To Order, Call MKT)",Toll Manufacturing
        ORTC,HP1632,HP1632,HP1632-T2,O,TOL,1,4,2,30,,,730,0,,328907,James Massie,Other,328907,"Massie, James",N,1,PIM,Polyimides,921,HP1632,C,Commercial,"Obsolete (To Order, Call MKT)",Toll Manufacturing
        CINC,U101,U101,U101-PL,2,TOL,1,42,1,10,,,365,0,,328907,James Massie,Other,328907,"Massie, James",Y,1,URE,Polyurethanes,I87,U101,C,Commercial,Transition to S,Toll Manufacturing
        CINC,U201,U201,U201-PL,2,TOL,1,42,1,10,,,365,0,,328907,James Massie,Other,328907,"Massie, James",Y,1,URE,Polyurethanes,I92,U201,C,Commercial,Transition to S,Toll Manufacturing
        CINC,U501,U501,U501-PL,2,TOL,1,11,1,10,,,365,0,,328907,James Massie,Other,328907,"Massie, James",Y,1,URE,Polyurethanes,I95,U501,C,Commercial,Transition to S,Toll Manufacturing
        CINC,U2022,U2022,U2022-PL,2,TOL,1,42,1,10,,,365,0,,328907,James Massie,Other,328907,"Massie, James",Y,1,URE,Polyurethanes,I94,U2022,C,Commercial,Transition to S,Toll Manufacturing
        CIN2,WD40,WD40,WD40,O,TOL,1,33,2,56,,,730,0,,324287,Brent Harris,Other,324287,"Harris, Brent",N,1,SSS,Solventborne Products,J85,WD40,C,Commercial,"Obsolete (To Order, Call MKT)",Toll Manufacturing
        CIN2,U101,U101,U101-T2,O,TOL,1,56,1,10,,,365,0,,328907,James Massie,Other,328907,"Massie, James",N,1,URE,Polyurethanes,I87,U101,C,Commercial,"Obsolete (To Order, Call MKT)",Toll Manufacturing
        CIN2,U502,U502,U502,P,TOL,1,43,1,70,,,365,0,,335951,Lance Murphy,Other,20345,"Meyers, Jill",Y,1,URE,Polyurethanes,S85,U502,C,Commercial,Purchased inc. Raw Material,Toll Manufacturing
        CIN2,U501B,U501B,U501B,M,TOL,1,43,2,70,,,365,0,,324287,Brent Harris,Other,300328,"Lye, May Leng (Josephine)",Y,1,URE,Polyurethanes,C7K,U501B,C,Commercial,Mfg. Assembly or Sub-Assembly,Toll Manufacturing
        CINC,U101,U101,U101,1,TOL,1,42,2,10,,,365,0,,328907,James Massie,Other,328907,"Massie, James",Y,1,URE,Polyurethanes,I87,U101,C,Commercial,Transition to M,Toll Manufacturing
        CINC,U501,U501,U501,S,TOL,1,6,1,10,,,365,0,,328907,James Massie,Other,328907,"Massie, James",Y,1,URE,Polyurethanes,I95,U501,C,Commercial,Stock End-Item,Toll Manufacturing
        CINC,U601,U601,U601,1,TOL,1,6,1,10,,,365,0,,328907,James Massie,Other,328907,"Massie, James",Y,1,URE,Polyurethanes,I96,U601,C,Commercial,Transition to M,Toll Manufacturing
        CINC,U101,U101,U101-T2,O,TOL,1,30,1,10,,,365,0,,328907,James Massie,Other,328907,"Massie, James",N,1,URE,Polyurethanes,I87,U101,C,Commercial,"Obsolete (To Order, Call MKT)",Toll Manufacturing
        CINC,U101,U101,U101-KP,O,TOL,1,30,1,10,,,365,0,,328907,James Massie,Other,328907,"Massie, James",N,1,URE,Polyurethanes,I87,U101,C,Commercial,"Obsolete (To Order, Call MKT)",Toll Manufacturing
        CINC,U501,U501,U501-T2,O,TOL,1,30,1,10,,,365,0,,328907,James Massie,Other,328907,"Massie, James",N,1,URE,Polyurethanes,I95,U501,C,Commercial,"Obsolete (To Order, Call MKT)",Toll Manufacturing
        CINC,U502,U502,U502,P,TOL,1,43,1,70,,,365,0,,335951,Lance Murphy,Other,20345,"Meyers, Jill",Y,1,URE,Polyurethanes,S85,U502,C,Commercial,Purchased inc. Raw Material,Toll Manufacturing
        CINC,U204,U204,U204,1,TOL,1,1,1,10,,,365,0,,328907,James Massie,Other,328907,"Massie, James",Y,1,URE,Polyurethanes,S57,U204,C,Commercial,Transition to M,Toll Manufacturing
        CINC,MD4021,MD4021,MD4021,O,TOL,1,8,1,10,,,365,0,,324287,Brent Harris,Other,337883,"Keevan, Joseph",N,1,PST,Paste Wax,C8T,MD4021,CP,Commercial Proprietary,"Obsolete (To Order, Call MKT)",Toll Manufacturing
        CINC,U501B,U501B,U501B,1,TOL,1,43,2,70,,,365,0,,324287,Brent Harris,Other,300328,"Lye, May Leng (Josephine)",Y,1,URE,Polyurethanes,C7K,U501B,C,Commercial,Transition to M,Toll Manufacturing
        ORTC,MDU20,MDU20,MDU20,O,TOL,1,1,1,4,,,365,0,,328907,James Massie,Other,328907,"Massie, James",N,1,URE,Polyurethanes,A7G,MDU20,C,Commercial,"Obsolete (To Order, Call MKT)",Toll Manufacturing
        ORTC,U204,U204,U204-T2,O,TOL,1,30,1,4,,,365,0,,328907,James Massie,Other,328907,"Massie, James",N,1,URE,Polyurethanes,S57,U204,C,Commercial,"Obsolete (To Order, Call MKT)",Toll Manufacturing
        SING,U501,U501,U501,O,TOL,1,18,2,14,,,365,0,,333572,Vernon Lee,Other,335738,"Sim, Helen",N,1,URE,Polyurethanes,I95,U501,C,Commercial,"Obsolete (To Order, Call MKT)",Toll Manufacturing
        SING,U601,U601,U601,O,TOL,1,18,2,14,,,365,0,,333572,Vernon Lee,Other,335738,"Sim, Helen",N,1,URE,Polyurethanes,I96,U601,C,Commercial,"Obsolete (To Order, Call MKT)",Toll Manufacturing
        SING,HP1632,HP1632,HP1632-OP,O,TOL,1,18,2,14,,,730,0,,333572,Vernon Lee,Other,335738,"Sim, Helen",N,1,PIM,Polyimides,921,HP1632,C,Commercial,"Obsolete (To Order, Call MKT)",Toll Manufacturing
        SING,U501,U501,U501-OP,O,TOL,1,18,2,14,,,365,0,,333572,Vernon Lee,Other,335738,"Sim, Helen",N,1,URE,Polyurethanes,I95,U501,C,Commercial,"Obsolete (To Order, Call MKT)",Toll Manufacturing
        SNG4,U501,U501,U501,O,TOL,1,18,2,14,,,365,0,,333572,Vernon Lee,Other,335738,"Sim, Helen",N,1,URE,Polyurethanes,I95,U501,C,Commercial,"Obsolete (To Order, Call MKT)",Toll Manufacturing
        SNG4,U601,U601,U601,O,TOL,1,18,2,14,,,365,0,,333572,Vernon Lee,Other,335738,"Sim, Helen",N,1,URE,Polyurethanes,I96,U601,C,Commercial,"Obsolete (To Order, Call MKT)",Toll Manufacturing
        SNG4,HP1632,HP1632,HP1632-OP,O,TOL,1,18,2,14,,,730,0,,333572,Vernon Lee,Other,335738,"Sim, Helen",N,1,PIM,Polyimides,921,HP1632,C,Commercial,"Obsolete (To Order, Call MKT)",Toll Manufacturing
        SNG4,U501,U501,U501-OP,O,TOL,1,18,2,14,,,365,0,,333572,Vernon Lee,Other,335738,"Sim, Helen",N,1,URE,Polyurethanes,I95,U501,C,Commercial,"Obsolete (To Order, Call MKT)",Toll Manufacturing
        USCM,MDU20,MDU20,MDU20,X,TOL,1,1,1,4,,,365,0,,328907,James Massie,Other,328907,"Massie, James",N,1,URE,Polyurethanes,A7G,MDU20,C,Commercial,Outside Processing,Toll Manufacturing
        ORTC,U501B,U501B,U501B,O,TOL,1,44,2,10,,,365,0,,324287,Brent Harris,Other,337883,"Keevan, Joseph",N,1,URE,Polyurethanes,C7K,U501B,C,Commercial,"Obsolete (To Order, Call MKT)",Toll Manufacturing
        USCM,U501B,U501B,U501B,X,TOL,1,44,2,10,,,365,0,,324287,Brent Harris,Other,300328,"Lye, May Leng (Josephine)",N,1,URE,Polyurethanes,C7K,U501B,C,Commercial,Outside Processing,Toll Manufacturing
