Order Company,Branch Plant,Global Bulk Item,Bulk Item,2nd Item Number,Order Number,Next Status,Year,Month,Promised Ship Date,Ordered Quantity KGs,Revenue Business Unit,Customer Code,Customer Name,Global Parent,Global Parent Name,TM Name,Country Name,Ordered Quantity,Ordering Unit of Measure,Ordered Quantity LBs,Open Indicator
00030,SING,JS168,JS168.S,JS168.S-TL,2551748,999,2025,11,2025-11-03 00:00:00,10000,SING,338064,TVS SCS SINGAPORE PTE LTD,338064,TVS SCS SINGAPORE PTE LTD,,Singapore,10.00,TO,22046.225,N
00030,SING,JS168,JS168.S,JS168.S-TL,2551750,999,2025,11,2025-11-03 00:00:00,2000,SING,338064,TVS SCS SINGAPORE PTE LTD,338064,TVS SCS SINGAPORE PTE LTD,,Singapore,2.00,TO,4409.245,N
00030,SING,JS168,JS168.S,JS168.S-TL,2551769,999,2025,11,2025-11-03 00:00:00,5000,SING,338064,TVS SCS SINGAPORE PTE LTD,338064,TVS SCS SINGAPORE PTE LTD,,Singapore,5.00,TO,11023.1125,N
00030,SING,JS168,JS168.S,JS168.S-TL,2551811,999,2025,11,2025-11-03 00:00:00,7000,SING,338064,TVS SCS SINGAPORE PTE LTD,338064,TVS SCS SINGAPORE PTE LTD,,Singapore,7.00,TO,15432.3575,N
00030,SNG4,BRIJS2,BRIJS2.S,BRIJS2.S,2549621,999,2025,11,2025-11-03 00:00:00,400,SNG4,26227,Singapore Manufacturing,26227,Singapore Manufacturing,,Singapore,400.00,KG,881.84,N
00030,SNG4,BRIJS20,BRIJS20.S,BRIJS20.S,2549622,999,2025,11,2025-11-03 00:00:00,400,SNG4,26227,Singapore Manufacturing,26227,Singapore Manufacturing,,Singapore,400.00,KG,881.84,N
00030,SNG4,ME87235,ME87235.S,ME87235.S-T2,2522535,999,2025,11,2025-11-03 00:00:00,4000,30220,289459,Kelly Technology - China(Kelly Shanghai),290132,Kelly Chemical (China) - Global Parent,Robin Li,China,4.00,TO,8818.49,N
00030,SNG4,ME91240G,ME91240G.S,ME91240G.S-OP,2536050,999,2025,11,2025-11-03 00:00:00,200,30220,291049,Lautan Luas Tbk - Indonesia,305921,Lautan - Global Parent,Rohan Aranjo,Indonesia,1.00,DR,440.9245,N
00030,SNG4,ME91240G,ME91240G.S,ME91240G.S-PD,2522535,999,2025,11,2025-11-03 00:00:00,600,30220,289459,Kelly Technology - China(Kelly Shanghai),290132,Kelly Chemical (China) - Global Parent,Robin Li,China,3.00,DR,1322.7735,N
00030,SNG4,ME91735,ME91735.S,ME91735.S-TL,2515688,999,2025,11,2025-11-03 00:00:00,20000,30200,300385,Michelman New Material - China,291477,Michelman Asia-Pacific - Global Parent,,China,20.00,TO,44092.45,N
00030,SNG4,ME92040,ME92040.S,ME92040.S-T2,2522535,999,2025,11,2025-11-03 00:00:00,19000,30220,289459,Kelly Technology - China(Kelly Shanghai),290132,Kelly Chemical (China) - Global Parent,Robin Li,China,19.00,TO,41887.8275,N
00030,SNG4,PP236A,PP236A.S,PP236A.S-OP,2511800,999,2025,11,2025-11-03 00:00:00,400,30200,300385,Michelman New Material - China,291477,Michelman Asia-Pacific - Global Parent,,China,2.00,DR,881.849,N
00030,SNG4,PP236A,PP236A.S,PP236A.S-TL,2511800,999,2025,11,2025-11-03 00:00:00,1000,30200,300385,Michelman New Material - China,291477,Michelman Asia-Pacific - Global Parent,,China,1.00,TO,2204.6225,N
00030,SING,JS168,JS168.S,JS168.S-TL,2552565,999,2025,11,2025-11-04 00:00:00,2000,SING,338064,TVS SCS SINGAPORE PTE LTD,338064,TVS SCS SINGAPORE PTE LTD,,Singapore,2.00,TO,4409.245,N
00030,SING,JS168,JS168.S,JS168.S-TL,2552719,999,2025,11,2025-11-04 00:00:00,1000,SING,338064,TVS SCS SINGAPORE PTE LTD,338064,TVS SCS SINGAPORE PTE LTD,,Singapore,1.00,TO,2204.6225,N
00030,SING,ME91735,ME91735.S,ME91735.S-TL,2552600,999,2025,11,2025-11-04 00:00:00,9000,SING,338064,TVS SCS SINGAPORE PTE LTD,338064,TVS SCS SINGAPORE PTE LTD,,Singapore,9.00,TO,19841.6025,N
00030,SNG4,BRIJS2,BRIJS2.S,BRIJS2.S,2551772,999,2025,11,2025-11-04 00:00:00,400,SNG4,26227,Singapore Manufacturing,26227,Singapore Manufacturing,,Singapore,400.00,KG,881.84,N
00030,SNG4,BRIJS20,BRIJS20.S,BRIJS20.S,2551773,999,2025,11,2025-11-04 00:00:00,400,SNG4,26227,Singapore Manufacturing,26227,Singapore Manufacturing,,Singapore,400.00,KG,881.84,N
00030,SING,ME91735,ME91735.S,ME91735.S-TL,2553312,999,2025,11,2025-11-05 00:00:00,10000,SING,338064,TVS SCS SINGAPORE PTE LTD,338064,TVS SCS SINGAPORE PTE LTD,,Singapore,10.00,TO,22046.225,N
00030,SING,ME91735,ME91735.S,ME91735.S-TL,2553329,999,2025,11,2025-11-05 00:00:00,1000,SING,338064,TVS SCS SINGAPORE PTE LTD,338064,TVS SCS SINGAPORE PTE LTD,,Singapore,1.00,TO,2204.6225,N
00030,SING,ME91735,ME91735.S,ME91735.S-TL,2553479,999,2025,11,2025-11-05 00:00:00,7000,SING,338064,TVS SCS SINGAPORE PTE LTD,338064,TVS SCS SINGAPORE PTE LTD,,Singapore,7.00,TO,15432.3575,N
00030,SING,ME91735,ME91735.S,ME91735.S-TL,2553495,999,2025,11,2025-11-05 00:00:00,6000,SING,338064,TVS SCS SINGAPORE PTE LTD,338064,TVS SCS SINGAPORE PTE LTD,,Singapore,6.00,TO,13227.735,N
00030,SNG4,BRIJS2,BRIJS2.S,BRIJS2.S,2552619,999,2025,11,2025-11-05 00:00:00,400,SNG4,26227,Singapore Manufacturing,26227,Singapore Manufacturing,,Singapore,400.00,KG,881.84,N
00030,SNG4,BRIJS20,BRIJS20.S,BRIJS20.S,2552620,999,2025,11,2025-11-05 00:00:00,400,SNG4,26227,Singapore Manufacturing,26227,Singapore Manufacturing,,Singapore,400.00,KG,881.84,N
00030,SNG4,JS168,JS168.S,JS168.S-TL,2520237,999,2025,11,2025-11-05 00:00:00,18000,30240,293048,"CHINA JUSHI CO, LTD",297156,Jushi - Global Parent,Ethan Cheng,China,18.00,TO,39683.205,N
00030,SNG4,ME91735,ME91735.S,ME91735.S-TL,2523355,999,2025,11,2025-11-05 00:00:00,20000,30200,300385,Michelman New Material - China,291477,Michelman Asia-Pacific - Global Parent,,China,20.00,TO,44092.45,N
00030,SING,JS168,JS168.S,JS168.S-TL,2554353,999,2025,11,2025-11-06 00:00:00,7000,SING,338064,TVS SCS SINGAPORE PTE LTD,338064,TVS SCS SINGAPORE PTE LTD,,Singapore,7.00,TO,15432.3575,N
00030,SING,PP05S,PP05S.S,PP05S.S-OP,2554352,999,2025,11,2025-11-06 00:00:00,3200,SING,338064,TVS SCS SINGAPORE PTE LTD,338064,TVS SCS SINGAPORE PTE LTD,,Singapore,16.00,DR,7054.792,N
00030,SNG4,BRIJS2,BRIJS2.S,BRIJS2.S,2553349,999,2025,11,2025-11-06 00:00:00,400,SNG4,26227,Singapore Manufacturing,26227,Singapore Manufacturing,,Singapore,400.00,KG,881.84,N
00030,SNG4,BRIJS20,BRIJS20.S,BRIJS20.S,2553350,999,2025,11,2025-11-06 00:00:00,800,SNG4,26227,Singapore Manufacturing,26227,Singapore Manufacturing,,Singapore,800.00,KG,1763.68,N
00030,SNG4,JS168,JS168.S,JS168.S-TL,2520238,999,2025,11,2025-11-06 00:00:00,18000,30240,293048,"CHINA JUSHI CO, LTD",297156,Jushi - Global Parent,Ethan Cheng,China,18.00,TO,39683.205,N
00030,SNG4,ME90640,ME90640.S,ME90640.S-PD,2525446,999,2025,11,2025-11-06 00:00:00,8000,30220,329026,Kelly Dongguan - China,290132,Kelly Chemical (China) - Global Parent,"Dai,Zhaochen(Vincent)",China,40.00,DR,17636.980000000003,N
00030,SNG4,ME92040,ME92040.S,ME92040.S-PD,2525446,999,2025,11,2025-11-06 00:00:00,16000,30220,329026,Kelly Dongguan - China,290132,Kelly Chemical (China) - Global Parent,"Dai,Zhaochen(Vincent)",China,80.00,DR,35273.96000000001,N
00030,SNG4,BRIJS2,BRIJS2.S,BRIJS2.S,2554197,999,2025,11,2025-11-07 00:00:00,1200,SNG4,26227,Singapore Manufacturing,26227,Singapore Manufacturing,,Singapore,1200.00,KG,2645.52,N
00030,SNG4,BRIJS20,BRIJS20.S,BRIJS20.S,2554198,999,2025,11,2025-11-07 00:00:00,1600,SNG4,26227,Singapore Manufacturing,26227,Singapore Manufacturing,,Singapore,1600.00,KG,3527.36,N
00030,SNG4,MG7140,MG7140.S,MG7140.S-OP,2532365,999,2025,11,2025-11-07 00:00:00,8800,30220,291765,"Koventure Co., Ltd - Thailand",290683,Koventure (FormerGowell)- Global Parent,Rohan Aranjo,Thailand,44.00,DR,19400.678,N
00030,SNG4,MG7140,MG7140.S,MG7140.S-OP,2532381,999,2025,11,2025-11-07 00:00:00,16000,30220,291765,"Koventure Co., Ltd - Thailand",290683,Koventure (FormerGowell)- Global Parent,Rohan Aranjo,Thailand,80.00,DR,35273.96,N
00034,SHAN,ME91735,ME91735.S,ME91735.S-TL,2533895,999,2025,11,2025-11-07 00:00:00,5000,34240,307538,"SHANDONG FIBERGLASS GROUP CO.,LTD",309179,Shandong Fiberglass - Global Parent,Ethan Cheng,China,5.00,TO,11023.1125,N
00034,SHAN,ME91735,ME91735.S,ME91735.S-TL,2554409,999,2025,11,2025-11-07 00:00:00,5000,34240,307538,"SHANDONG FIBERGLASS GROUP CO.,LTD",309179,Shandong Fiberglass - Global Parent,Ethan Cheng,China,5.00,TO,11023.1125,N
00030,SING,JS168,JS168.S,JS168.S-TL,2555665,999,2025,11,2025-11-08 00:00:00,10000,SING,338064,TVS SCS SINGAPORE PTE LTD,338064,TVS SCS SINGAPORE PTE LTD,,Singapore,10.00,TO,22046.225,N
00030,SING,JS168,JS168.S,JS168.S-TL,2555666,999,2025,11,2025-11-08 00:00:00,2000,SING,338064,TVS SCS SINGAPORE PTE LTD,338064,TVS SCS SINGAPORE PTE LTD,,Singapore,2.00,TO,4409.245,N
00030,SING,JS168,JS168.S,JS168.S-TL,2557159,999,2025,11,2025-11-10 00:00:00,1000,SING,338064,TVS SCS SINGAPORE PTE LTD,338064,TVS SCS SINGAPORE PTE LTD,,Singapore,1.00,TO,2204.6225,N
00030,SING,ME91735,ME91735.S,ME91735.S-TL,2557160,999,2025,11,2025-11-10 00:00:00,10000,SING,338064,TVS SCS SINGAPORE PTE LTD,338064,TVS SCS SINGAPORE PTE LTD,,Singapore,10.00,TO,22046.225,N
00030,SING,ME91735,ME91735.S,ME91735.S-TL,2557161,999,2025,11,2025-11-10 00:00:00,2000,SING,338064,TVS SCS SINGAPORE PTE LTD,338064,TVS SCS SINGAPORE PTE LTD,,Singapore,2.00,TO,4409.245,N
00030,SING,ME91735,ME91735.S,ME91735.S-TL,2557162,999,2025,11,2025-11-10 00:00:00,10000,SING,338064,TVS SCS SINGAPORE PTE LTD,338064,TVS SCS SINGAPORE PTE LTD,,Singapore,10.00,TO,22046.225,N
00030,SING,ME92040,ME92040.S,ME92040.S-PD,2557128,999,2025,11,2025-11-10 00:00:00,6200,SING,338064,TVS SCS SINGAPORE PTE LTD,338064,TVS SCS SINGAPORE PTE LTD,,Singapore,31.00,DR,13668.659500000002,N
00030,SNG4,BRIJS2,BRIJS2.S,BRIJS2.S,2555000,999,2025,11,2025-11-10 00:00:00,400,SNG4,26227,Singapore Manufacturing,26227,Singapore Manufacturing,,Singapore,400.00,KG,881.84,N
00030,SNG4,BRIJS20,BRIJS20.S,BRIJS20.S,2555002,999,2025,11,2025-11-10 00:00:00,400,SNG4,26227,Singapore Manufacturing,26227,Singapore Manufacturing,,Singapore,400.00,KG,881.8400000000001,N
00030,SNG4,BRIJS20,BRIJS20.S,BRIJS20.S,2555097,999,2025,11,2025-11-10 00:00:00,650,SNG4,26227,Singapore Manufacturing,26227,Singapore Manufacturing,,Singapore,650.00,KG,1432.99,N
00030,SING,ME91735,ME91735.S,ME91735.S-TL,2557893,999,2025,11,2025-11-11 00:00:00,10000,SING,338064,TVS SCS SINGAPORE PTE LTD,338064,TVS SCS SINGAPORE PTE LTD,,Singapore,10.00,TO,22046.225,N
00030,SING,ME91735,ME91735.S,ME91735.S-TL,2557925,999,2025,11,2025-11-11 00:00:00,1000,SING,338064,TVS SCS SINGAPORE PTE LTD,338064,TVS SCS SINGAPORE PTE LTD,,Singapore,1.00,TO,2204.6225,N
00030,SING,ME91735,ME91735.S,ME91735.S-TL,2558694,999,2025,11,2025-11-12 00:00:00,10000,SING,338064,TVS SCS SINGAPORE PTE LTD,338064,TVS SCS SINGAPORE PTE LTD,,Singapore,10.00,TO,22046.225,N
00030,SING,ME91735,ME91735.S,ME91735.S-TL,2558875,999,2025,11,2025-11-12 00:00:00,3000,SING,338064,TVS SCS SINGAPORE PTE LTD,338064,TVS SCS SINGAPORE PTE LTD,,Singapore,3.00,TO,6613.8675,N
00030,SNG4,BRIJS2,BRIJS2.S,BRIJS2.S,2558172,999,2025,11,2025-11-12 00:00:00,700,SNG4,26227,Singapore Manufacturing,26227,Singapore Manufacturing,,Singapore,700.00,KG,1543.22,N
00030,SNG4,BRIJS20,BRIJS20.S,BRIJS20.S,2558173,999,2025,11,2025-11-12 00:00:00,1600,SNG4,26227,Singapore Manufacturing,26227,Singapore Manufacturing,,Singapore,1600.00,KG,3527.36,N
00030,SNG4,JS168,JS168.S,JS168.S-TL,2536021,999,2025,11,2025-11-12 00:00:00,18000,30240,293048,"CHINA JUSHI CO, LTD",297156,Jushi - Global Parent,Ethan Cheng,China,18.00,TO,39683.205,N
00030,SNG4,ME91735,ME91735.S,ME91735.S-TL,2523371,999,2025,11,2025-11-12 00:00:00,20000,30200,300385,Michelman New Material - China,291477,Michelman Asia-Pacific - Global Parent,,China,20.00,TO,44092.45,N
00034,SHAN,ME91240G,ME91240G.S,ME91240G.S-PD,2557992,999,2025,11,2025-11-12 00:00:00,600,34220,327284,A-Star - China,334375,A-Star-Global Parent,Robin Li,China,3.00,DR,1322.7735,N
00034,SHAN,ME91735,ME91735.S,ME91735.S-OP,2558761,999,2025,11,2025-11-12 00:00:00,3000,34240,304363,WEIYUAN NEIHUA-China,330955,Sichuan Weibo Group -Global Parent,Ethan Cheng,China,15.00,DR,6613.8675,N
00030,SNG4,BRIJS20,BRIJS20.S,BRIJS20.S,2558726,999,2025,11,2025-11-13 00:00:00,400,SNG4,26227,Singapore Manufacturing,26227,Singapore Manufacturing,,Singapore,400.00,KG,881.84,N
00030,SNG4,ME91735,ME91735.S,ME91735.S-TL,2523372,999,2025,11,2025-11-13 00:00:00,10000,30200,300385,Michelman New Material - China,291477,Michelman Asia-Pacific - Global Parent,,China,10.00,TO,22046.225,N
00030,SNG4,ME92040,ME92040.S,ME92040.S-PD,2537610,999,2025,11,2025-11-13 00:00:00,18400,30220,332913,Guangdong Supcosmos-China,332367,Guangzhou J&T - Global Parent,"Dai,Zhaochen(Vincent)",China,92.00,DR,40565.054000000004,N
00030,SING,ME91240G,ME91240G.S,ME91240G.S-PD,2560231,999,2025,11,2025-11-14 00:00:00,3200,SING,338064,TVS SCS SINGAPORE PTE LTD,338064,TVS SCS SINGAPORE PTE LTD,,Singapore,16.00,DR,7054.792,N
00030,SING,ME91240G,ME91240G.S,ME91240G.S-PD,2560264,999,2025,11,2025-11-14 00:00:00,2800,SING,338064,TVS SCS SINGAPORE PTE LTD,338064,TVS SCS SINGAPORE PTE LTD,,Singapore,14.00,DR,6172.943,N
00030,SING,ME91735,ME91735.S,ME91735.S-TL,2560232,999,2025,11,2025-11-14 00:00:00,6000,SING,338064,TVS SCS SINGAPORE PTE LTD,338064,TVS SCS SINGAPORE PTE LTD,,Singapore,6.00,TO,13227.735,N
00030,SING,ME91735,ME91735.S,ME91735.S-TL,2560263,999,2025,11,2025-11-14 00:00:00,8000,SING,338064,TVS SCS SINGAPORE PTE LTD,338064,TVS SCS SINGAPORE PTE LTD,,Singapore,8.00,TO,17636.98,N
00030,SING,ME91735,ME91735.S,ME91735.S-TL,2560264,999,2025,11,2025-11-14 00:00:00,3000,SING,338064,TVS SCS SINGAPORE PTE LTD,338064,TVS SCS SINGAPORE PTE LTD,,Singapore,3.00,TO,6613.8675,N
00030,SING,TSPP01,TSPP01.S,TSPP01.S-TL,2560232,999,2025,11,2025-11-14 00:00:00,4000,SING,338064,TVS SCS SINGAPORE PTE LTD,338064,TVS SCS SINGAPORE PTE LTD,,Singapore,4.00,TO,8818.49,N
00030,SING,TSPP01,TSPP01.S,TSPP01.S-TL,2560263,999,2025,11,2025-11-14 00:00:00,2000,SING,338064,TVS SCS SINGAPORE PTE LTD,338064,TVS SCS SINGAPORE PTE LTD,,Singapore,2.00,TO,4409.245,N
00030,SNG4,BRIJS2,BRIJS2.S,BRIJS2.S,2559542,999,2025,11,2025-11-14 00:00:00,800,SNG4,26227,Singapore Manufacturing,26227,Singapore Manufacturing,,Singapore,800.00,KG,1763.68,N
00030,SNG4,BRIJS2,BRIJS2.S,BRIJS2.S,2559581,999,2025,11,2025-11-14 00:00:00,1400,SNG4,26227,Singapore Manufacturing,26227,Singapore Manufacturing,,Singapore,1400.00,KG,3086.44,N
00030,SNG4,BRIJS20,BRIJS20.S,BRIJS20.S,2559543,999,2025,11,2025-11-14 00:00:00,400,SNG4,26227,Singapore Manufacturing,26227,Singapore Manufacturing,,Singapore,400.00,KG,881.84,N
00030,SING,ME91240G,ME91240G.S,ME91240G.S-PD,2561074,999,2025,11,2025-11-15 00:00:00,5800,SING,338064,TVS SCS SINGAPORE PTE LTD,338064,TVS SCS SINGAPORE PTE LTD,,Singapore,29.00,DR,12786.810500000001,N
00030,SING,TSPP01,TSPP01.S,TSPP01.S-TL,2561013,999,2025,11,2025-11-15 00:00:00,10000,SING,338064,TVS SCS SINGAPORE PTE LTD,338064,TVS SCS SINGAPORE PTE LTD,,Singapore,10.00,TO,22046.225,N
00030,SING,TSPP01,TSPP01.S,TSPP01.S-TL,2561121,999,2025,11,2025-11-15 00:00:00,2000,SING,338064,TVS SCS SINGAPORE PTE LTD,338064,TVS SCS SINGAPORE PTE LTD,,Singapore,2.00,TO,4409.245,N
00030,SNG4,ME91735,ME91735.S,ME91735.S-TL,2560514,999,2025,11,2025-11-15 00:00:00,2000,SNG4,26227,Singapore Manufacturing,26227,Singapore Manufacturing,,Singapore,2000.00,KG,4409.2,N
00030,SING,ME91735,ME91735.S,ME91735.S-TL,2562457,999,2025,11,2025-11-17 00:00:00,2000,SING,338064,TVS SCS SINGAPORE PTE LTD,338064,TVS SCS SINGAPORE PTE LTD,,Singapore,2.00,TO,4409.245,N
00030,SING,TSPP01,TSPP01.S,TSPP01.S-TL,2562460,999,2025,11,2025-11-17 00:00:00,10000,SING,338064,TVS SCS SINGAPORE PTE LTD,338064,TVS SCS SINGAPORE PTE LTD,,Singapore,10.00,TO,22046.225,N
00030,SING,TSPP01,TSPP01.S,TSPP01.S-TL,2562582,999,2025,11,2025-11-17 00:00:00,2000,SING,338064,TVS SCS SINGAPORE PTE LTD,338064,TVS SCS SINGAPORE PTE LTD,,Singapore,2.00,TO,4409.245,N
00030,SNG4,BRIJS20,BRIJS20.S,BRIJS20.S,2560313,999,2025,11,2025-11-17 00:00:00,400,SNG4,26227,Singapore Manufacturing,26227,Singapore Manufacturing,,Singapore,400.00,KG,881.84,N
00030,SNG4,BRIJS20,BRIJS20.S,BRIJS20.S,2562513,999,2025,11,2025-11-17 00:00:00,400,SNG4,26227,Singapore Manufacturing,26227,Singapore Manufacturing,,Singapore,400.00,KG,881.84,N
00030,SNG4,ME91240G,ME91240G.S,ME91240G.S-PD,2542829,999,2025,11,2025-11-17 00:00:00,2400,30220,293110,JUNGWON S.C.CO -Korea,293110,JUNGWON S.C.CO -Korea,Brandon Lee,South Korea,12.00,DR,5291.094,N
00030,SNG4,ME91735,ME91735.S,ME91735.S-TL,2535865,999,2025,11,2025-11-17 00:00:00,20000,30200,300385,Michelman New Material - China,291477,Michelman Asia-Pacific - Global Parent,,China,20.00,TO,44092.450000000004,N
00030,SNG4,ME91735,ME91735.S,ME91735.S-TL,2535881,999,2025,11,2025-11-17 00:00:00,20000,30200,300385,Michelman New Material - China,291477,Michelman Asia-Pacific - Global Parent,,China,20.00,TO,44092.45,N
00030,SNG4,ME91735,ME91735.S,ME91735.S-TL,2535912,999,2025,11,2025-11-17 00:00:00,20000,30200,300385,Michelman New Material - China,291477,Michelman Asia-Pacific - Global Parent,,China,20.00,TO,44092.45,N
00030,SING,JS168,JS168.S,JS168.S-TL,2563498,999,2025,11,2025-11-18 00:00:00,8000,SING,338064,TVS SCS SINGAPORE PTE LTD,338064,TVS SCS SINGAPORE PTE LTD,,Singapore,8.00,TO,17636.98,N
00030,SING,TSPP01,TSPP01.S,TSPP01.S-TL,2563498,999,2025,11,2025-11-18 00:00:00,2000,SING,338064,TVS SCS SINGAPORE PTE LTD,338064,TVS SCS SINGAPORE PTE LTD,,Singapore,2.00,TO,4409.245,N
00030,SNG4,BRIJS2,BRIJS2.S,BRIJS2.S,2562494,999,2025,11,2025-11-18 00:00:00,700,SNG4,26227,Singapore Manufacturing,26227,Singapore Manufacturing,,Singapore,700.00,KG,1543.22,N
00030,SNG4,BRIJS2,BRIJS2.S,BRIJS2.S,2563312,999,2025,11,2025-11-18 00:00:00,700,SNG4,26227,Singapore Manufacturing,26227,Singapore Manufacturing,,Singapore,700.00,KG,1543.22,N
00030,SNG4,BRIJS20,BRIJS20.S,BRIJS20.S,2562495,999,2025,11,2025-11-18 00:00:00,1200,SNG4,26227,Singapore Manufacturing,26227,Singapore Manufacturing,,Singapore,1200.00,KG,2645.52,N
00035,MUM3,ME91240G,ME91240G.S,ME91240G.S-PD,2532325,999,2025,11,2025-11-18 00:00:00,600,35220,342081,CALDIC SPECIALTIES INDIA PRIVATE LIMITED,347014,Caldic India - Global Parent,Rohan Aranjo,India,600.00,KG,1322.76,N
00030,SING,JS168,JS168.S,JS168.S-TL,2564148,999,2025,11,2025-11-19 00:00:00,7000,SING,338064,TVS SCS SINGAPORE PTE LTD,338064,TVS SCS SINGAPORE PTE LTD,,Singapore,7.00,TO,15432.3575,N
00030,SING,JS168,JS168.S,JS168.S-TL,2564212,999,2025,11,2025-11-19 00:00:00,6000,SING,338064,TVS SCS SINGAPORE PTE LTD,338064,TVS SCS SINGAPORE PTE LTD,,Singapore,6.00,TO,13227.734999999999,N
00030,SNG4,BRIJS2,BRIJS2.S,BRIJS2.S,2563276,999,2025,11,2025-11-19 00:00:00,700,SNG4,26227,Singapore Manufacturing,26227,Singapore Manufacturing,,Singapore,700.00,KG,1543.22,N
00030,SNG4,BRIJS20,BRIJS20.S,BRIJS20.S,2563277,999,2025,11,2025-11-19 00:00:00,1200,SNG4,26227,Singapore Manufacturing,26227,Singapore Manufacturing,,Singapore,1200.00,KG,2645.52,N
00030,SNG4,JS168,JS168.S,JS168.S-TL,2536038,999,2025,11,2025-11-19 00:00:00,18000,30240,293048,"CHINA JUSHI CO, LTD",297156,Jushi - Global Parent,Ethan Cheng,China,18.00,TO,39683.205,N
00030,SING,JS168,JS168.S,JS168.S-TL,2564875,999,2025,11,2025-11-20 00:00:00,10000,SING,338064,TVS SCS SINGAPORE PTE LTD,338064,TVS SCS SINGAPORE PTE LTD,,Singapore,10.00,TO,22046.225,N
00030,SING,JS168,JS168.S,JS168.S-TL,2565077,999,2025,11,2025-11-20 00:00:00,10000,SING,338064,TVS SCS SINGAPORE PTE LTD,338064,TVS SCS SINGAPORE PTE LTD,,Singapore,10.00,TO,22046.225,N
00030,SNG4,BRIJS20,BRIJS20.S,BRIJS20.S,2564067,999,2025,11,2025-11-20 00:00:00,800,SNG4,26227,Singapore Manufacturing,26227,Singapore Manufacturing,,Singapore,800.00,KG,1763.68,N
00030,SNG4,ME87235,ME87235.S,ME87235.S-T2,2538304,999,2025,11,2025-11-20 00:00:00,6000,30220,289459,Kelly Technology - China(Kelly Shanghai),290132,Kelly Chemical (China) - Global Parent,Robin Li,China,6.00,TO,13227.735,N
00030,SNG4,ME91240G,ME91240G.S,ME91240G.S-PD,2538304,999,2025,11,2025-11-20 00:00:00,10000,30220,289459,Kelly Technology - China(Kelly Shanghai),290132,Kelly Chemical (China) - Global Parent,Robin Li,China,50.00,DR,22046.225000000002,N
00034,SHAN,ME91735,ME91735.S,ME91735.S-PL,2564299,999,2025,11,2025-11-20 00:00:00,18,34240,344940,Jiangsu Deqing-China,344940,Jiangsu Deqing-China,Ethan Cheng,China,1.00,PL,39.6832,N
00034,SHAN,ME91735,ME91735.S,ME91735.S-TL,2564315,999,2025,11,2025-11-20 00:00:00,15000,34240,307538,"SHANDONG FIBERGLASS GROUP CO.,LTD",309179,Shandong Fiberglass - Global Parent,Ethan Cheng,China,15.00,TO,33069.3375,N
00034,SHAN,PP236A,PP236A.S,PP236A.S-OP,2564925,999,2025,11,2025-11-20 00:00:00,400,34240,307538,"SHANDONG FIBERGLASS GROUP CO.,LTD",309179,Shandong Fiberglass - Global Parent,Ethan Cheng,China,2.00,DR,881.849,N
00034,SHAN,PP236A,PP236A.S,PP236A.S-TL,2564925,999,2025,11,2025-11-20 00:00:00,1000,34240,307538,"SHANDONG FIBERGLASS GROUP CO.,LTD",309179,Shandong Fiberglass - Global Parent,Ethan Cheng,China,1.00,TO,2204.6225,N
00030,SING,211018IX,211018IX.S,211018IX.S-PL,2565797,999,2025,11,2025-11-21 00:00:00,18,SING,338064,TVS SCS SINGAPORE PTE LTD,338064,TVS SCS SINGAPORE PTE LTD,,Singapore,1.00,PL,39.6832,N
00030,SING,JS168,JS168.S,JS168.S-TL,2565797,999,2025,11,2025-11-21 00:00:00,2000,SING,338064,TVS SCS SINGAPORE PTE LTD,338064,TVS SCS SINGAPORE PTE LTD,,Singapore,2.00,TO,4409.245,N
00030,SING,ME92040,ME92040.S,ME92040.S-PD,2565594,999,2025,11,2025-11-21 00:00:00,5800,SING,338064,TVS SCS SINGAPORE PTE LTD,338064,TVS SCS SINGAPORE PTE LTD,,Singapore,29.00,DR,12786.810500000001,N
00030,SING,ME92040,ME92040.S,ME92040.S-PD,2565641,999,2025,11,2025-11-21 00:00:00,5800,SING,338064,TVS SCS SINGAPORE PTE LTD,338064,TVS SCS SINGAPORE PTE LTD,,Singapore,29.00,DR,12786.810500000001,N
00030,SNG4,BRIJS2,BRIJS2.S,BRIJS2.S,2564901,999,2025,11,2025-11-21 00:00:00,1400,SNG4,26227,Singapore Manufacturing,26227,Singapore Manufacturing,,Singapore,1400.00,KG,3086.44,N
00030,SNG4,BRIJS20,BRIJS20.S,BRIJS20.S,2564902,999,2025,11,2025-11-21 00:00:00,2000,SNG4,26227,Singapore Manufacturing,26227,Singapore Manufacturing,,Singapore,2000.00,KG,4409.2,N
00030,SNG4,ME91240G,ME91240G.S,ME91240G.S-PD,2547409,999,2025,11,2025-11-21 00:00:00,6400,30200,300385,Michelman New Material - China,291477,Michelman Asia-Pacific - Global Parent,,China,32.00,DR,14109.584,N
00030,SNG4,ME92040,ME92040.S,ME92040.S-PD,2547390,999,2025,11,2025-11-21 00:00:00,4000,30200,300385,Michelman New Material - China,291477,Michelman Asia-Pacific - Global Parent,,China,20.00,DR,8818.49,N
00030,SING,JS168,JS168.S,JS168.S-TL,2566495,999,2025,11,2025-11-22 00:00:00,10000,SING,338064,TVS SCS SINGAPORE PTE LTD,338064,TVS SCS SINGAPORE PTE LTD,,Singapore,10.00,TO,22046.225,N
00030,SING,JS168,JS168.S,JS168.S-TL,2566496,999,2025,11,2025-11-22 00:00:00,2000,SING,338064,TVS SCS SINGAPORE PTE LTD,338064,TVS SCS SINGAPORE PTE LTD,,Singapore,2.00,TO,4409.245,N
00030,SING,ME92040,ME92040.S,ME92040.S-PD,2566494,999,2025,11,2025-11-22 00:00:00,5800,SING,338064,TVS SCS SINGAPORE PTE LTD,338064,TVS SCS SINGAPORE PTE LTD,,Singapore,29.00,DR,12786.810500000001,N
00020,AUBA,JS168,JS168.E,JS168.E-TO,25002102,999,2025,11,2025-11-24 00:00:00,19000,20200,312396,Michelman (X) Shanghai PC,291477,Michelman Asia-Pacific - Global Parent,,China,20.00,TO,41887.828,N
00030,SING,JS168,JS168.S,JS168.S-TL,2567818,999,2025,11,2025-11-24 00:00:00,10000,SING,338064,TVS SCS SINGAPORE PTE LTD,338064,TVS SCS SINGAPORE PTE LTD,,Singapore,10.00,TO,22046.225,N
00030,SING,JS168,JS168.S,JS168.S-TL,2567912,999,2025,11,2025-11-24 00:00:00,1000,SING,338064,TVS SCS SINGAPORE PTE LTD,338064,TVS SCS SINGAPORE PTE LTD,,Singapore,1.00,TO,2204.6225,N
00030,SING,MG7140,MG7140.S,MG7140.S-OP,2567817,999,2025,11,2025-11-24 00:00:00,9200,SING,338064,TVS SCS SINGAPORE PTE LTD,338064,TVS SCS SINGAPORE PTE LTD,,Singapore,46.00,DR,20282.527000000002,N
00030,SING,MG7140,MG7140.S,MG7140.S-OP,2567912,999,2025,11,2025-11-24 00:00:00,2600,SING,338064,TVS SCS SINGAPORE PTE LTD,338064,TVS SCS SINGAPORE PTE LTD,,Singapore,13.00,DR,5732.0185,N
00030,SNG4,BRIJS20,BRIJS20.S,BRIJS20.S,2565674,999,2025,11,2025-11-24 00:00:00,400,SNG4,26227,Singapore Manufacturing,26227,Singapore Manufacturing,,Singapore,400.00,KG,881.84,N
00030,SNG4,TSPP01,TSPP01.S,TSPP01.S-TL,2526334,999,2025,11,2025-11-24 00:00:00,10000,30240,294060,Taishan Fiberglass Inc. - China,296197,Taishan Fiberglass - Global Parent,Ethan Cheng,China,10.00,TO,22046.225,N
00030,SNG4,TSPP01,TSPP01.S,TSPP01.S-TL,2526336,999,2025,11,2025-11-24 00:00:00,20000,30240,294060,Taishan Fiberglass Inc. - China,296197,Taishan Fiberglass - Global Parent,Ethan Cheng,China,20.00,TO,44092.45,N
00020,AUBA,JS168,JS168.E,JS168.E-TO,25002101,999,2025,11,2025-11-25 00:00:00,19000,20200,312396,Michelman (X) Shanghai PC,291477,Michelman Asia-Pacific - Global Parent,,China,20.00,TO,41887.828,N
00030,SING,JS168,JS168.S,JS168.S-TL,2568589,999,2025,11,2025-11-25 00:00:00,10000,SING,338064,TVS SCS SINGAPORE PTE LTD,338064,TVS SCS SINGAPORE PTE LTD,,Singapore,10.00,TO,22046.225,N
00030,SING,JS168,JS168.S,JS168.S-TL,2568590,999,2025,11,2025-11-25 00:00:00,10000,SING,338064,TVS SCS SINGAPORE PTE LTD,338064,TVS SCS SINGAPORE PTE LTD,,Singapore,10.00,TO,22046.225,N
00030,SING,JS168,JS168.S,JS168.S-TL,2568591,999,2025,11,2025-11-25 00:00:00,1000,SING,338064,TVS SCS SINGAPORE PTE LTD,338064,TVS SCS SINGAPORE PTE LTD,,Singapore,1.00,TO,2204.6225,N
00030,SING,JS168,JS168.S,JS168.S-TL,2568668,999,2025,11,2025-11-25 00:00:00,3000,SING,338064,TVS SCS SINGAPORE PTE LTD,338064,TVS SCS SINGAPORE PTE LTD,,Singapore,3.00,TO,6613.8675,N
00030,SING,MG7140,MG7140.S,MG7140.S-OP,2568668,999,2025,11,2025-11-25 00:00:00,5800,SING,338064,TVS SCS SINGAPORE PTE LTD,338064,TVS SCS SINGAPORE PTE LTD,,Singapore,29.00,DR,12786.810500000001,N
00030,SNG4,211018IX,211018IX.S,211018IX.S-PL,2563378,999,2025,11,2025-11-25 00:00:00,18,30200,300385,Michelman New Material - China,291477,Michelman Asia-Pacific - Global Parent,,China,1.00,PL,39.6832,N
00030,SNG4,JS168,JS168.S,JS168.S-TL,2536039,999,2025,11,2025-11-25 00:00:00,18000,30240,293048,"CHINA JUSHI CO, LTD",297156,Jushi - Global Parent,Ethan Cheng,China,18.00,TO,39683.205,N
00030,SNG4,JS168,JS168.S,JS168.S-TL,2558152,999,2025,11,2025-11-25 00:00:00,1000,30240,293048,"CHINA JUSHI CO, LTD",297156,Jushi - Global Parent,Ethan Cheng,China,1.00,TO,2204.6225,N
00034,SHAN,ME91735,ME91735.S,ME91735.S-OP,2568637,999,2025,11,2025-11-25 00:00:00,1000,34240,304363,WEIYUAN NEIHUA-China,330955,Sichuan Weibo Group -Global Parent,Ethan Cheng,China,5.00,DR,2204.6225,N
00034,SHAN,ME91735,ME91735.S,ME91735.S-TL,2534556,999,2025,11,2025-11-25 00:00:00,10000,34240,304957,JIANGSU CHANGHAI COMPOSITE-China,304957,JIANGSU CHANGHAI COMPOSITE-China,Ethan Cheng,China,10.00,TO,22046.225,N
00034,SHAN,ME91735,ME91735.S,ME91735.S-TL,2568637,999,2025,11,2025-11-25 00:00:00,2000,34240,304363,WEIYUAN NEIHUA-China,330955,Sichuan Weibo Group -Global Parent,Ethan Cheng,China,2.00,TO,4409.245,N
00034,SHAN,ME91735,ME91735.S,ME91735.S-TL,2568700,999,2025,11,2025-11-25 00:00:00,20000,34240,307538,"SHANDONG FIBERGLASS GROUP CO.,LTD",309179,Shandong Fiberglass - Global Parent,Ethan Cheng,China,20.00,TO,44092.45,N
00020,AUBA,JS168,JS168.E,JS168.E-TO,25002103,999,2025,11,2025-11-26 00:00:00,19000,20200,312396,Michelman (X) Shanghai PC,291477,Michelman Asia-Pacific - Global Parent,,China,20.00,TO,41887.828,N
00030,SING,JS168,JS168.S,JS168.S-TL,2569401,999,2025,11,2025-11-26 00:00:00,10000,SING,338064,TVS SCS SINGAPORE PTE LTD,338064,TVS SCS SINGAPORE PTE LTD,,Singapore,10.00,TO,22046.225,N
00030,SING,JS168,JS168.S,JS168.S-TL,2569471,999,2025,11,2025-11-26 00:00:00,2000,SING,338064,TVS SCS SINGAPORE PTE LTD,338064,TVS SCS SINGAPORE PTE LTD,,Singapore,2.00,TO,4409.245,N
00030,SING,JS168,JS168.S,JS168.S-TL,2569566,999,2025,11,2025-11-26 00:00:00,10000,SING,338064,TVS SCS SINGAPORE PTE LTD,338064,TVS SCS SINGAPORE PTE LTD,,Singapore,10.00,TO,22046.225,N
00030,SING,MG7140,MG7140.S,MG7140.S-OP,2569384,999,2025,11,2025-11-26 00:00:00,6000,SING,338064,TVS SCS SINGAPORE PTE LTD,338064,TVS SCS SINGAPORE PTE LTD,,Singapore,30.00,DR,13227.735,N
00030,SNG4,BRIJS2,BRIJS2.S,BRIJS2.S,2569422,999,2025,11,2025-11-26 00:00:00,700,SNG4,26227,Singapore Manufacturing,26227,Singapore Manufacturing,,Singapore,700.00,KG,1543.22,N
00030,SNG4,BRIJS20,BRIJS20.S,BRIJS20.S,2568783,999,2025,11,2025-11-26 00:00:00,400,SNG4,26227,Singapore Manufacturing,26227,Singapore Manufacturing,,Singapore,400.00,KG,881.84,N
00030,SNG4,BRIJS20,BRIJS20.S,BRIJS20.S,2569420,999,2025,11,2025-11-26 00:00:00,400,SNG4,26227,Singapore Manufacturing,26227,Singapore Manufacturing,,Singapore,400.00,KG,881.84,N
00030,SNG4,JS168,JS168.S,JS168.S-TL,2536040,999,2025,11,2025-11-26 00:00:00,18000,30240,293048,"CHINA JUSHI CO, LTD",297156,Jushi - Global Parent,Ethan Cheng,China,18.00,TO,39683.204999999994,N
00034,SHAN,ME91735,ME91735.S,ME91735.S-TL,2533898,999,2025,11,2025-11-26 00:00:00,2000,34240,308274,Linyi Tianju (Shandong Fiberglass Group),309179,Shandong Fiberglass - Global Parent,Ethan Cheng,China,2.00,TO,4409.245,N
00030,SING,JS168,JS168.S,JS168.S-TL,2570332,999,2025,11,2025-11-27 00:00:00,2000,SING,338064,TVS SCS SINGAPORE PTE LTD,338064,TVS SCS SINGAPORE PTE LTD,,Singapore,2.00,TO,4409.245,N
00030,SNG4,BRIJS20,BRIJS20.S,BRIJS20.S,2569421,999,2025,11,2025-11-27 00:00:00,800,SNG4,26227,Singapore Manufacturing,26227,Singapore Manufacturing,,Singapore,800.00,KG,1763.68,N
00030,SNG4,JS168,JS168.S,JS168.S-TL,2536041,999,2025,11,2025-11-27 00:00:00,18000,30240,293048,"CHINA JUSHI CO, LTD",297156,Jushi - Global Parent,Ethan Cheng,China,18.00,TO,39683.205,N
00030,SNG4,JS168,JS168.S,JS168.S-TL,2536042,999,2025,11,2025-11-27 00:00:00,18000,30240,293048,"CHINA JUSHI CO, LTD",297156,Jushi - Global Parent,Ethan Cheng,China,18.00,TO,39683.205,N
00030,SING,JS168,JS168.S,JS168.S-TL,2570879,999,2025,11,2025-11-28 00:00:00,10000,SING,338064,TVS SCS SINGAPORE PTE LTD,338064,TVS SCS SINGAPORE PTE LTD,,Singapore,10.00,TO,22046.225,N
00030,SING,JS168,JS168.S,JS168.S-TL,2571111,999,2025,11,2025-11-28 00:00:00,1000,SING,338064,TVS SCS SINGAPORE PTE LTD,338064,TVS SCS SINGAPORE PTE LTD,,Singapore,1.00,TO,2204.6225,N
00030,SNG4,BRIJS2,BRIJS2.S,BRIJS2.S,2570184,999,2025,11,2025-11-28 00:00:00,700,SNG4,26227,Singapore Manufacturing,26227,Singapore Manufacturing,,Singapore,700.00,KG,1543.22,N
00030,SNG4,BRIJS2,BRIJS2.S,BRIJS2.S,2570204,999,2025,11,2025-11-28 00:00:00,1400,SNG4,26227,Singapore Manufacturing,26227,Singapore Manufacturing,,Singapore,1400.00,KG,3086.44,N
00030,SNG4,BRIJS20,BRIJS20.S,BRIJS20.S,2570205,999,2025,11,2025-11-28 00:00:00,800,SNG4,26227,Singapore Manufacturing,26227,Singapore Manufacturing,,Singapore,800.00,KG,1763.68,N
00030,SING,JS168,JS168.S,JS168.S-TL,2571676,999,2025,11,2025-11-29 00:00:00,2000,SING,338064,TVS SCS SINGAPORE PTE LTD,338064,TVS SCS SINGAPORE PTE LTD,,Singapore,2.00,TO,4409.245,N
00030,SING,JS168,JS168.S,JS168.S-TL,2571677,999,2025,11,2025-11-29 00:00:00,10000,SING,338064,TVS SCS SINGAPORE PTE LTD,338064,TVS SCS SINGAPORE PTE LTD,,Singapore,10.00,TO,22046.225,N
00030,SING,JS168,JS168.S,JS168.S-TL,2571723,999,2025,11,2025-11-29 00:00:00,10000,SING,338064,TVS SCS SINGAPORE PTE LTD,338064,TVS SCS SINGAPORE PTE LTD,,Singapore,10.00,TO,22046.225000000002,N
00030,SING,JS168,JS168.S,JS168.S-TL,2573310,999,2025,12,2025-12-01 00:00:00,6000,SING,338064,TVS SCS SINGAPORE PTE LTD,338064,TVS SCS SINGAPORE PTE LTD,,Singapore,6.00,TO,13227.735,N
00030,SING,JS168,JS168.S,JS168.S-TL,2573311,999,2025,12,2025-12-01 00:00:00,2000,SING,338064,TVS SCS SINGAPORE PTE LTD,338064,TVS SCS SINGAPORE PTE LTD,,Singapore,2.00,TO,4409.245,N
00030,SING,ME91735,ME91735.S,ME91735.S-TL,2573309,999,2025,12,2025-12-01 00:00:00,5000,SING,338064,TVS SCS SINGAPORE PTE LTD,338064,TVS SCS SINGAPORE PTE LTD,,Singapore,5.00,TO,11023.1125,N
00030,SNG4,BRIJS2,BRIJS2.S,BRIJS2.S,2570979,999,2025,12,2025-12-01 00:00:00,700,SNG4,26227,Singapore Manufacturing,26227,Singapore Manufacturing,,Singapore,700.00,KG,1543.22,N
00030,SNG4,BRIJS20,BRIJS20.S,BRIJS20.S,2570980,999,2025,12,2025-12-01 00:00:00,400,SNG4,26227,Singapore Manufacturing,26227,Singapore Manufacturing,,Singapore,400.00,KG,881.84,N
00030,SING,JS168,JS168.S,JS168.S-TL,2573956,999,2025,12,2025-12-02 00:00:00,1000,SING,338064,TVS SCS SINGAPORE PTE LTD,338064,TVS SCS SINGAPORE PTE LTD,,Singapore,1.00,TO,2204.6225,N
00030,SING,JS168,JS168.S,JS168.S-TL,2574152,999,2025,12,2025-12-02 00:00:00,1000,SING,338064,TVS SCS SINGAPORE PTE LTD,338064,TVS SCS SINGAPORE PTE LTD,,Singapore,1.00,TO,2204.6225,N
00030,SING,ME91735,ME91735.S,ME91735.S-OP,2574154,999,2025,12,2025-12-02 00:00:00,9600,SING,338064,TVS SCS SINGAPORE PTE LTD,338064,TVS SCS SINGAPORE PTE LTD,,Singapore,48.00,DR,21164.376,N
00030,SING,ME91735,ME91735.S,ME91735.S-OP,2574155,999,2025,12,2025-12-02 00:00:00,1800,SING,338064,TVS SCS SINGAPORE PTE LTD,338064,TVS SCS SINGAPORE PTE LTD,,Singapore,9.00,DR,3968.3205000000003,N
00030,SNG4,BRIJS20,BRIJS20.S,BRIJS20.S,2573106,999,2025,12,2025-12-02 00:00:00,800,SNG4,26227,Singapore Manufacturing,26227,Singapore Manufacturing,,Singapore,800.00,KG,1763.68,N
00030,SNG4,ME92040,ME92040.S,ME92040.S-PD,2557320,999,2025,12,2025-12-02 00:00:00,10400,30220,332913,Guangdong Supcosmos-China,332367,Guangzhou J&T - Global Parent,"Dai,Zhaochen(Vincent)",China,52.00,DR,22928.074,N
00030,SNG4,MG7140,MG7140.S,MG7140.S-OP,2557943,999,2025,12,2025-12-02 00:00:00,15600,30220,291765,"Koventure Co., Ltd - Thailand",290683,Koventure (FormerGowell)- Global Parent,Rohan Aranjo,Thailand,78.00,DR,34392.111000000004,N
00020,AUBA,JS168,JS168.E,JS168.E-TO,25002104,999,2025,12,2025-12-03 00:00:00,19000,20200,312396,Michelman (X) Shanghai PC,291477,Michelman Asia-Pacific - Global Parent,,China,20.00,TO,41887.828,N
00020,AUBA,JS168,JS168.E,JS168.E-TO,25002105,999,2025,12,2025-12-03 00:00:00,19000,20200,312396,Michelman (X) Shanghai PC,291477,Michelman Asia-Pacific - Global Parent,,China,20.00,TO,41887.828,N
00020,AUBA,JS168,JS168.E,JS168.E-TO,25002116,999,2025,12,2025-12-03 00:00:00,19000,20200,312396,Michelman (X) Shanghai PC,291477,Michelman Asia-Pacific - Global Parent,,China,20.00,TO,41887.828,N
00030,SNG4,BRIJS2,BRIJS2.S,BRIJS2.S,2573922,999,2025,12,2025-12-03 00:00:00,700,SNG4,26227,Singapore Manufacturing,26227,Singapore Manufacturing,,Singapore,700.00,KG,1543.22,N
00030,SNG4,BRIJS20,BRIJS20.S,BRIJS20.S,2573923,999,2025,12,2025-12-03 00:00:00,400,SNG4,26227,Singapore Manufacturing,26227,Singapore Manufacturing,,Singapore,400.00,KG,881.84,N
00030,SNG4,JS168,JS168.S,JS168.S-TL,2536043,999,2025,12,2025-12-03 00:00:00,18000,30240,293048,"CHINA JUSHI CO, LTD",297156,Jushi - Global Parent,Ethan Cheng,China,18.00,TO,39683.205,N
00030,SNG4,JS168,JS168.S,JS168.S-TL,2536044,999,2025,12,2025-12-03 00:00:00,18000,30240,293048,"CHINA JUSHI CO, LTD",297156,Jushi - Global Parent,Ethan Cheng,China,18.00,TO,39683.205,N
00034,SHAN,ME91735,ME91735.S,ME91735.S-TL,2554981,999,2025,12,2025-12-03 00:00:00,10000,34240,307538,"SHANDONG FIBERGLASS GROUP CO.,LTD",309179,Shandong Fiberglass - Global Parent,Ethan Cheng,China,10.00,TO,22046.225000000002,N
00034,SHAN,ME91735,ME91735.S,ME91735.S-TL,2574067,999,2025,12,2025-12-03 00:00:00,5000,34240,308274,Linyi Tianju (Shandong Fiberglass Group),309179,Shandong Fiberglass - Global Parent,Ethan Cheng,China,5.00,TO,11023.1125,N
00034,SHAN,ME91735,ME91735.S,ME91735.S-TL,2574136,999,2025,12,2025-12-03 00:00:00,10000,34240,307538,"SHANDONG FIBERGLASS GROUP CO.,LTD",309179,Shandong Fiberglass - Global Parent,Ethan Cheng,China,10.00,TO,22046.225,N
00030,SING,ME91735,ME91735.S,ME91735.S-OP,2575619,999,2025,12,2025-12-04 00:00:00,600,SING,338064,TVS SCS SINGAPORE PTE LTD,338064,TVS SCS SINGAPORE PTE LTD,,Singapore,3.00,DR,1322.7735,N
00030,SING,ME91735,ME91735.S,ME91735.S-TL,2575409,999,2025,12,2025-12-04 00:00:00,5000,SING,338064,TVS SCS SINGAPORE PTE LTD,338064,TVS SCS SINGAPORE PTE LTD,,Singapore,5.00,TO,11023.1125,N
00030,SING,PP05S,PP05S.S,PP05S.S-OP,2575440,999,2025,12,2025-12-04 00:00:00,3200,SING,338064,TVS SCS SINGAPORE PTE LTD,338064,TVS SCS SINGAPORE PTE LTD,,Singapore,16.00,DR,7054.792,N
00030,SING,PP05S,PP05S.S,PP05S.S-OP,2575619,999,2025,12,2025-12-04 00:00:00,2000,SING,338064,TVS SCS SINGAPORE PTE LTD,338064,TVS SCS SINGAPORE PTE LTD,,Singapore,10.00,DR,4409.245,N
00030,SNG4,BRIJS20,BRIJS20.S,BRIJS20.S,2574731,999,2025,12,2025-12-04 00:00:00,400,SNG4,26227,Singapore Manufacturing,26227,Singapore Manufacturing,,Singapore,400.00,KG,881.84,N
00030,SNG4,JS168,JS168.S,JS168.S-TL,2536044,999,2025,12,2025-12-04 00:00:00,18000,30240,293048,"CHINA JUSHI CO, LTD",297156,Jushi - Global Parent,Ethan Cheng,China,18.00,TO,39683.205,N
00030,SNG4,MG7140,MG7140.S,MG7140.S-OP,2557941,999,2025,12,2025-12-04 00:00:00,5600,30220,291765,"Koventure Co., Ltd - Thailand",290683,Koventure (FormerGowell)- Global Parent,Rohan Aranjo,Thailand,28.00,DR,12345.886,N
00034,SHAN,ME91735,ME91735.S,ME91735.S-TL,2574839,999,2025,12,2025-12-04 00:00:00,10000,34240,304957,JIANGSU CHANGHAI COMPOSITE-China,304957,JIANGSU CHANGHAI COMPOSITE-China,Ethan Cheng,China,10.00,TO,22046.225,N
00034,SHAN,ME91735,ME91735.S,ME91735.S-TL,2575501,999,2025,12,2025-12-04 00:00:00,10000,34240,337151,Hebei Jizhong new material-CN,339760,JIZHONG ENERGY -Global Parent,Ethan Cheng,China,10.00,TO,22046.225,N
00020,AUBA,JS168,JS168.E,JS168.E-TO,25002114,999,2025,12,2025-12-05 00:00:00,19000,20200,312396,Michelman (X) Shanghai PC,291477,Michelman Asia-Pacific - Global Parent,,China,20.00,TO,41887.828,N
00020,AUBA,JS168,JS168.E,JS168.E-TO,25002117,999,2025,12,2025-12-05 00:00:00,19000,20200,312396,Michelman (X) Shanghai PC,291477,Michelman Asia-Pacific - Global Parent,,China,20.00,TO,41887.828,N
00030,SING,JS168,JS168.S,JS168.S-TL,2576404,999,2025,12,2025-12-05 00:00:00,10000,SING,338064,TVS SCS SINGAPORE PTE LTD,338064,TVS SCS SINGAPORE PTE LTD,,Singapore,10.00,TO,22046.225,N
00030,SING,ME91735,ME91735.S,ME91735.S-TL,2576229,999,2025,12,2025-12-05 00:00:00,10000,SING,338064,TVS SCS SINGAPORE PTE LTD,338064,TVS SCS SINGAPORE PTE LTD,,Singapore,10.00,TO,22046.225,N
00030,SING,ME91735,ME91735.S,ME91735.S-TL,2576245,999,2025,12,2025-12-05 00:00:00,3000,SING,338064,TVS SCS SINGAPORE PTE LTD,338064,TVS SCS SINGAPORE PTE LTD,,Singapore,3.00,TO,6613.8675,N
00030,SNG4,BRIJS20,BRIJS20.S,BRIJS20.S,2575552,999,2025,12,2025-12-05 00:00:00,800,SNG4,26227,Singapore Manufacturing,26227,Singapore Manufacturing,,Singapore,800.00,KG,1763.68,N
00030,SNG4,JS168,JS168.S,JS168.S-TL,2536046,999,2025,12,2025-12-05 00:00:00,18000,30240,293048,"CHINA JUSHI CO, LTD",297156,Jushi - Global Parent,Ethan Cheng,China,18.00,TO,39683.205,N
00030,SNG4,JS168,JS168.S,JS168.S-TL,2536047,999,2025,12,2025-12-05 00:00:00,18000,30240,293048,"CHINA JUSHI CO, LTD",297156,Jushi - Global Parent,Ethan Cheng,China,18.00,TO,39683.205,N
00030,SING,JS168,JS168.S,JS168.S-TL,2578533,999,2025,12,2025-12-08 00:00:00,10000,SING,338064,TVS SCS SINGAPORE PTE LTD,338064,TVS SCS SINGAPORE PTE LTD,,Singapore,10.00,TO,22046.225,N
00030,SING,JS168,JS168.S,JS168.S-TL,2578534,999,2025,12,2025-12-08 00:00:00,2000,SING,338064,TVS SCS SINGAPORE PTE LTD,338064,TVS SCS SINGAPORE PTE LTD,,Singapore,2.00,TO,4409.245,N
00030,SING,JS168,JS168.S,JS168.S-TL,2578596,999,2025,12,2025-12-08 00:00:00,1000,SING,338064,TVS SCS SINGAPORE PTE LTD,338064,TVS SCS SINGAPORE PTE LTD,,Singapore,1.00,TO,2204.6225,N
00030,SING,ME92040,ME92040.S,ME92040.S-T2,2578596,999,2025,12,2025-12-08 00:00:00,5000,SING,338064,TVS SCS SINGAPORE PTE LTD,338064,TVS SCS SINGAPORE PTE LTD,,Singapore,5.00,TO,11023.1125,N
00030,SNG4,JS168,JS168.S,JS168.S-TL,2578699,999,2025,12,2025-12-08 00:00:00,1000,SNG4,26227,Singapore Manufacturing,26227,Singapore Manufacturing,,Singapore,1000.00,KG,2204.6,N
00030,SNG4,ME92040,ME92040.S,ME92040.S-PD,2558842,999,2025,12,2025-12-08 00:00:00,6000,30200,300385,Michelman New Material - China,291477,Michelman Asia-Pacific - Global Parent,,China,30.00,DR,13227.735,N
00030,SING,ME92040,ME92040.S,ME92040.S-T2,2579368,999,2025,12,2025-12-09 00:00:00,5000,SING,338064,TVS SCS SINGAPORE PTE LTD,338064,TVS SCS SINGAPORE PTE LTD,,Singapore,5.00,TO,11023.1125,N
00030,SNG4,BRIJS2,BRIJS2.S,BRIJS2.S,2578480,999,2025,12,2025-12-09 00:00:00,700,SNG4,26227,Singapore Manufacturing,26227,Singapore Manufacturing,,Singapore,700.00,KG,1543.22,N
00030,SNG4,BRIJS20,BRIJS20.S,BRIJS20.S,2578481,999,2025,12,2025-12-09 00:00:00,400,SNG4,26227,Singapore Manufacturing,26227,Singapore Manufacturing,,Singapore,400.00,KG,881.84,N
00020,AUBA,JS168,JS168.E,JS168.E-TO,25002118,999,2025,12,2025-12-10 00:00:00,19000,20200,312396,Michelman (X) Shanghai PC,291477,Michelman Asia-Pacific - Global Parent,,China,20.00,TO,41887.828,N
00020,AUBA,JS168,JS168.E,JS168.E-TO,25002119,999,2025,12,2025-12-10 00:00:00,11400,20200,312396,Michelman (X) Shanghai PC,291477,Michelman Asia-Pacific - Global Parent,,China,12.00,TO,25132.6968,N
00030,SING,ME92040,ME92040.S,ME92040.S-T2,2579956,999,2025,12,2025-12-10 00:00:00,7000,SING,338064,TVS SCS SINGAPORE PTE LTD,338064,TVS SCS SINGAPORE PTE LTD,,Singapore,7.00,TO,15432.3575,N
00030,SNG4,BRIJS2,BRIJS2.S,BRIJS2.S,2579225,999,2025,12,2025-12-10 00:00:00,700,SNG4,26227,Singapore Manufacturing,26227,Singapore Manufacturing,,Singapore,700.00,KG,1543.22,N
00030,SNG4,BRIJS20,BRIJS20.S,BRIJS20.S,2579226,999,2025,12,2025-12-10 00:00:00,400,SNG4,26227,Singapore Manufacturing,26227,Singapore Manufacturing,,Singapore,400.00,KG,881.84,N
00030,SNG4,ME91735,ME91735.S,ME91735.S-TL,2560444,999,2025,12,2025-12-10 00:00:00,20000,30200,300385,Michelman New Material - China,291477,Michelman Asia-Pacific - Global Parent,,China,20.00,TO,44092.45,N
00034,SHAN,ME91735,ME91735.S,ME91735.S-TL,2578513,999,2025,12,2025-12-10 00:00:00,10000,34240,307538,"SHANDONG FIBERGLASS GROUP CO.,LTD",309179,Shandong Fiberglass - Global Parent,Ethan Cheng,China,10.00,TO,22046.225,N
00030,SING,JS168,JS168.S,JS168.S-TL,2581005,999,2025,12,2025-12-11 00:00:00,10000,SING,338064,TVS SCS SINGAPORE PTE LTD,338064,TVS SCS SINGAPORE PTE LTD,,Singapore,10.00,TO,22046.225,N
00030,SNG4,JS168,JS168.S,JS168.S-TL,2536048,999,2025,12,2025-12-11 00:00:00,18000,30240,293048,"CHINA JUSHI CO, LTD",297156,Jushi - Global Parent,Ethan Cheng,China,18.00,TO,39683.205,N
00030,SING,JS168,JS168.S,JS168.S-TL,2581761,999,2025,12,2025-12-12 00:00:00,10000,SING,338064,TVS SCS SINGAPORE PTE LTD,338064,TVS SCS SINGAPORE PTE LTD,,Singapore,10.00,TO,22046.225,N
00030,SNG4,BRIJS2,BRIJS2.S,BRIJS2.S,2580772,999,2025,12,2025-12-12 00:00:00,1400,SNG4,26227,Singapore Manufacturing,26227,Singapore Manufacturing,,Singapore,1400.00,KG,3086.44,N
00030,SNG4,BRIJS20,BRIJS20.S,BRIJS20.S,2580773,999,2025,12,2025-12-12 00:00:00,1600,SNG4,26227,Singapore Manufacturing,26227,Singapore Manufacturing,,Singapore,1600.00,KG,3527.36,N
00030,SNG4,ME91735,ME91735.S,ME91735.S-OP,2546600,999,2025,12,2025-12-12 00:00:00,12000,30240,289504,GR KOREA LTD (Formerly OCK) - KOREA,290156,Owens Corning Vetrotex - Global Parent,Brandon Lee,South Korea,60.00,DR,26455.47,N
00034,SHAN,ME92040,ME92040.S,ME92040.S-PD,2554286,999,2025,12,2025-12-12 00:00:00,4000,34220,353032,Shanghai Taipuwan(Achemical)-China,329796,Shanghai Achemical-Global Parent,Robin Li,China,20.00,DR,8818.49,N
00030,SING,JS168,JS168.S,JS168.S-TL,2582326,999,2025,12,2025-12-13 00:00:00,2000,SING,338064,TVS SCS SINGAPORE PTE LTD,338064,TVS SCS SINGAPORE PTE LTD,,Singapore,2.00,TO,4409.245,N
00030,SING,JS168,JS168.S,JS168.S-TL,2583730,999,2025,12,2025-12-15 00:00:00,1000,SING,338064,TVS SCS SINGAPORE PTE LTD,338064,TVS SCS SINGAPORE PTE LTD,,Singapore,1.00,TO,2204.6225,N
00030,SING,JS168,JS168.S,JS168.S-TL,2583747,999,2025,12,2025-12-15 00:00:00,3000,SING,338064,TVS SCS SINGAPORE PTE LTD,338064,TVS SCS SINGAPORE PTE LTD,,Singapore,3.00,TO,6613.8675,N
00030,SING,ME91735,ME91735.S,ME91735.S-TL,2583731,999,2025,12,2025-12-15 00:00:00,10000,SING,338064,TVS SCS SINGAPORE PTE LTD,338064,TVS SCS SINGAPORE PTE LTD,,Singapore,10.00,TO,22046.225,N
00030,SING,ME91735,ME91735.S,ME91735.S-TL,2583751,999,2025,12,2025-12-15 00:00:00,10000,SING,338064,TVS SCS SINGAPORE PTE LTD,338064,TVS SCS SINGAPORE PTE LTD,,Singapore,10.00,TO,22046.225000000002,N
00030,SNG4,BRIJS20,BRIJS20.S,BRIJS20.S,2581552,999,2025,12,2025-12-15 00:00:00,400,SNG4,26227,Singapore Manufacturing,26227,Singapore Manufacturing,,Singapore,400.00,KG,881.84,N
00030,SNG4,PP05S,PP05S.S,PP05S.S-OP,2507283,999,2025,12,2025-12-15 00:00:00,3200,30240,311174,CPIC Brasil,294294,Chongqing CPIC - Global Parent,Ethan Cheng,Brazil,16.00,DR,7054.7919999999995,N
00030,SING,JS168,JS168.S,JS168.S-TL,2584599,999,2025,12,2025-12-16 00:00:00,2000,SING,338064,TVS SCS SINGAPORE PTE LTD,338064,TVS SCS SINGAPORE PTE LTD,,Singapore,2.00,TO,4409.245,N
00030,SING,ME91735,ME91735.S,ME91735.S-TL,2584581,999,2025,12,2025-12-16 00:00:00,10000,SING,338064,TVS SCS SINGAPORE PTE LTD,338064,TVS SCS SINGAPORE PTE LTD,,Singapore,10.00,TO,22046.225,N
00030,SING,ME91735,ME91735.S,ME91735.S-TL,2584599,999,2025,12,2025-12-16 00:00:00,1000,SING,338064,TVS SCS SINGAPORE PTE LTD,338064,TVS SCS SINGAPORE PTE LTD,,Singapore,1.00,TO,2204.6225,N
00030,SING,ME92040,ME92040.S,ME92040.S-PD,2584597,999,2025,12,2025-12-16 00:00:00,9600,SING,338064,TVS SCS SINGAPORE PTE LTD,338064,TVS SCS SINGAPORE PTE LTD,,Singapore,48.00,DR,21164.376,N
00030,SING,ME92040,ME92040.S,ME92040.S-PD,2584598,999,2025,12,2025-12-16 00:00:00,9600,SING,338064,TVS SCS SINGAPORE PTE LTD,338064,TVS SCS SINGAPORE PTE LTD,,Singapore,48.00,DR,21164.376,N
00030,SING,ME92040,ME92040.S,ME92040.S-PD,2584599,999,2025,12,2025-12-16 00:00:00,400,SING,338064,TVS SCS SINGAPORE PTE LTD,338064,TVS SCS SINGAPORE PTE LTD,,Singapore,2.00,DR,881.849,N
00030,SNG4,BRIJS20,BRIJS20.S,BRIJS20.S,2583788,999,2025,12,2025-12-16 00:00:00,800,SNG4,26227,Singapore Manufacturing,26227,Singapore Manufacturing,,Singapore,800.00,KG,1763.68,N
00030,SNG4,BRIJS2,BRIJS2.S,BRIJS2.S,2584543,999,2025,12,2025-12-17 00:00:00,700,SNG4,26227,Singapore Manufacturing,26227,Singapore Manufacturing,,Singapore,700.00,KG,1543.22,N
00030,SNG4,BRIJS20,BRIJS20.S,BRIJS20.S,2584544,999,2025,12,2025-12-17 00:00:00,800,SNG4,26227,Singapore Manufacturing,26227,Singapore Manufacturing,,Singapore,800.00,KG,1763.68,N
00034,SHAN,ME91240G,ME91240G.S,ME91240G.S-PD,2552789,999,2025,12,2025-12-17 00:00:00,8200,34220,327284,A-Star - China,334375,A-Star-Global Parent,Robin Li,China,41.00,DR,18077.9045,N
00030,SING,ME87235,ME87235.S,ME87235.S-T2,2586063,999,2025,12,2025-12-18 00:00:00,10000,SING,338064,TVS SCS SINGAPORE PTE LTD,338064,TVS SCS SINGAPORE PTE LTD,,Singapore,10.00,TO,22046.225,N
00030,SING,ME87235,ME87235.S,ME87235.S-T2,2586111,999,2025,12,2025-12-18 00:00:00,6000,SING,338064,TVS SCS SINGAPORE PTE LTD,338064,TVS SCS SINGAPORE PTE LTD,,Singapore,6.00,TO,13227.735,N
00030,SING,TSPP01,TSPP01.S,TSPP01.S-TL,2586064,999,2025,12,2025-12-18 00:00:00,10000,SING,338064,TVS SCS SINGAPORE PTE LTD,338064,TVS SCS SINGAPORE PTE LTD,,Singapore,10.00,TO,22046.225,N
00030,SING,TSPP01,TSPP01.S,TSPP01.S-TL,2586111,999,2025,12,2025-12-18 00:00:00,1000,SING,338064,TVS SCS SINGAPORE PTE LTD,338064,TVS SCS SINGAPORE PTE LTD,,Singapore,1.00,TO,2204.6225,N
00030,SNG4,JS168,JS168.S,JS168.S-TL,2536051,999,2025,12,2025-12-18 00:00:00,18000,30240,293048,"CHINA JUSHI CO, LTD",297156,Jushi - Global Parent,Ethan Cheng,China,18.00,TO,39683.205,N
00030,SNG4,JS168,JS168.S,JS168.S-TL,2536052,999,2025,12,2025-12-18 00:00:00,18000,30240,293048,"CHINA JUSHI CO, LTD",297156,Jushi - Global Parent,Ethan Cheng,China,18.00,TO,39683.205,N
00030,SING,211018IX,211018IX.S,211018IX.S-OP,2586849,999,2025,12,2025-12-19 00:00:00,5600,SING,338064,TVS SCS SINGAPORE PTE LTD,338064,TVS SCS SINGAPORE PTE LTD,,Singapore,28.00,DR,12345.886,N
00030,SING,JS168,JS168.S,JS168.S-TL,2586866,999,2025,12,2025-12-19 00:00:00,2000,SING,338064,TVS SCS SINGAPORE PTE LTD,338064,TVS SCS SINGAPORE PTE LTD,,Singapore,2.00,TO,4409.245,N
00030,SING,ME91735,ME91735.S,ME91735.S-TL,2586866,999,2025,12,2025-12-19 00:00:00,8000,SING,338064,TVS SCS SINGAPORE PTE LTD,338064,TVS SCS SINGAPORE PTE LTD,,Singapore,8.00,TO,17636.98,N
00030,SING,MG7140,MG7140.S,MG7140.S-OP,2586927,999,2025,12,2025-12-19 00:00:00,9600,SING,338064,TVS SCS SINGAPORE PTE LTD,338064,TVS SCS SINGAPORE PTE LTD,,Singapore,48.00,DR,21164.376,N
00030,SING,MG7140,MG7140.S,MG7140.S-OP,2586928,999,2025,12,2025-12-19 00:00:00,5600,SING,338064,TVS SCS SINGAPORE PTE LTD,338064,TVS SCS SINGAPORE PTE LTD,,Singapore,28.00,DR,12345.886,N
00030,SNG4,211018IX,211018IX.S,211018IX.S-OP,2507361,999,2025,12,2025-12-19 00:00:00,5600,30240,289504,GR KOREA LTD (Formerly OCK) - KOREA,290156,Owens Corning Vetrotex - Global Parent,Brandon Lee,South Korea,28.00,DR,12345.886,N
00030,SNG4,BRIJS2,BRIJS2.S,BRIJS2.S,2586134,999,2025,12,2025-12-19 00:00:00,1400,SNG4,26227,Singapore Manufacturing,26227,Singapore Manufacturing,,Singapore,1400.00,KG,3086.44,N
00030,SNG4,BRIJS20,BRIJS20.S,BRIJS20.S,2586135,999,2025,12,2025-12-19 00:00:00,1600,SNG4,26227,Singapore Manufacturing,26227,Singapore Manufacturing,,Singapore,1600.00,KG,3527.36,N
00030,SNG4,BRIJS20,BRIJS20.S,BRIJS20.S,2586170,999,2025,12,2025-12-19 00:00:00,1860,SNG4,26227,Singapore Manufacturing,26227,Singapore Manufacturing,,Singapore,1860.00,KG,4100.5560000000005,N
00030,SING,JS168,JS168.S,JS168.S-TL,2587626,999,2025,12,2025-12-20 00:00:00,2000,SING,338064,TVS SCS SINGAPORE PTE LTD,338064,TVS SCS SINGAPORE PTE LTD,,Singapore,2.00,TO,4409.245,N
00030,SING,ME91735,ME91735.S,ME91735.S-TL,2587606,999,2025,12,2025-12-20 00:00:00,10000,SING,338064,TVS SCS SINGAPORE PTE LTD,338064,TVS SCS SINGAPORE PTE LTD,,Singapore,10.00,TO,22046.225,N
00030,SING,ME91735,ME91735.S,ME91735.S-TL,2587609,999,2025,12,2025-12-20 00:00:00,1000,SING,338064,TVS SCS SINGAPORE PTE LTD,338064,TVS SCS SINGAPORE PTE LTD,,Singapore,1.00,TO,2204.6225,N
00030,SING,ME92040,ME92040.S,ME92040.S-PD,2587607,999,2025,12,2025-12-20 00:00:00,9600,SING,338064,TVS SCS SINGAPORE PTE LTD,338064,TVS SCS SINGAPORE PTE LTD,,Singapore,48.00,DR,21164.376,N
00030,SING,ME92040,ME92040.S,ME92040.S-T2,2587608,999,2025,12,2025-12-20 00:00:00,10000,SING,338064,TVS SCS SINGAPORE PTE LTD,338064,TVS SCS SINGAPORE PTE LTD,,Singapore,10.00,TO,22046.225,N
00030,SING,MG7140,MG7140.S,MG7140.S-OP,2587626,999,2025,12,2025-12-20 00:00:00,600,SING,338064,TVS SCS SINGAPORE PTE LTD,338064,TVS SCS SINGAPORE PTE LTD,,Singapore,3.00,DR,1322.7735,N
00030,SING,ME91735,ME91735.S,ME91735.S-TL,2589076,999,2025,12,2025-12-22 00:00:00,10000,SING,338064,TVS SCS SINGAPORE PTE LTD,338064,TVS SCS SINGAPORE PTE LTD,,Singapore,10.00,TO,22046.225,N
00030,SING,ME91735,ME91735.S,ME91735.S-TL,2589077,999,2025,12,2025-12-22 00:00:00,10000,SING,338064,TVS SCS SINGAPORE PTE LTD,338064,TVS SCS SINGAPORE PTE LTD,,Singapore,10.00,TO,22046.225,N
00030,SING,ME91735,ME91735.S,ME91735.S-TL,2589110,999,2025,12,2025-12-22 00:00:00,3000,SING,338064,TVS SCS SINGAPORE PTE LTD,338064,TVS SCS SINGAPORE PTE LTD,,Singapore,3.00,TO,6613.8675,N
00030,SNG4,BRIJS2,BRIJS2.S,BRIJS2.S,2586534,999,2025,12,2025-12-22 00:00:00,700,SNG4,26227,Singapore Manufacturing,26227,Singapore Manufacturing,,Singapore,700.00,KG,1543.22,N
00030,SNG4,ME91735,ME91735.S,ME91735.S-TL,2547479,999,2025,12,2025-12-22 00:00:00,20000,30200,300385,Michelman New Material - China,291477,Michelman Asia-Pacific - Global Parent,,China,20.00,TO,44092.45,N
00030,SNG4,ME92040,ME92040.S,ME92040.S-T2,2544380,999,2025,12,2025-12-22 00:00:00,15000,30220,289459,Kelly Technology - China(Kelly Shanghai),290132,Kelly Chemical (China) - Global Parent,Robin Li,China,15.00,TO,33069.337499999994,N
00030,SING,PP05S,PP05S.S,PP05S.S-OP,2589815,999,2025,12,2025-12-23 00:00:00,9600,SING,338064,TVS SCS SINGAPORE PTE LTD,338064,TVS SCS SINGAPORE PTE LTD,,Singapore,48.00,DR,21164.376,N
00030,SING,PP05S,PP05S.S,PP05S.S-OP,2590100,999,2025,12,2025-12-23 00:00:00,1800,SING,338064,TVS SCS SINGAPORE PTE LTD,338064,TVS SCS SINGAPORE PTE LTD,,Singapore,9.00,DR,3968.3205000000003,N
00030,SNG4,BRIJS20,BRIJS20.S,BRIJS20.S,2589291,999,2025,12,2025-12-23 00:00:00,400,SNG4,26227,Singapore Manufacturing,26227,Singapore Manufacturing,,Singapore,400.00,KG,881.84,N
00030,SNG4,ME92040,ME92040.S,ME92040.S-PD,2574888,999,2025,12,2025-12-23 00:00:00,4000,30200,300385,Michelman New Material - China,291477,Michelman Asia-Pacific - Global Parent,,China,20.00,DR,8818.49,N
00030,SNG4,TSPP01,TSPP01.S,TSPP01.S-TL,2554252,999,2025,12,2025-12-23 00:00:00,20000,30240,294060,Taishan Fiberglass Inc. - China,296197,Taishan Fiberglass - Global Parent,Ethan Cheng,China,20.00,TO,44092.45,N
00020,AUBA,JS168,JS168.E,JS168.E-TO,25002120,999,2025,12,2025-12-24 00:00:00,19000,20200,312396,Michelman (X) Shanghai PC,291477,Michelman Asia-Pacific - Global Parent,,China,20.00,TO,41887.828,N
00020,AUBA,JS168,JS168.E,JS168.E-TO,25002121,999,2025,12,2025-12-24 00:00:00,19000,20200,312396,Michelman (X) Shanghai PC,291477,Michelman Asia-Pacific - Global Parent,,China,20.00,TO,41887.828,N
00030,SING,JS168,JS168.S,JS168.S-TL,2590646,999,2025,12,2025-12-24 00:00:00,6000,SING,338064,TVS SCS SINGAPORE PTE LTD,338064,TVS SCS SINGAPORE PTE LTD,,Singapore,6.00,TO,13227.735,N
00030,SING,PP05S,PP05S.S,PP05S.S-OP,2590613,999,2025,12,2025-12-24 00:00:00,4000,SING,338064,TVS SCS SINGAPORE PTE LTD,338064,TVS SCS SINGAPORE PTE LTD,,Singapore,20.00,DR,8818.49,N
00030,SNG4,BRIJS2,BRIJS2.S,BRIJS2.S,2589915,999,2025,12,2025-12-24 00:00:00,700,SNG4,26227,Singapore Manufacturing,26227,Singapore Manufacturing,,Singapore,700.00,KG,1543.22,N
00030,SNG4,BRIJS20,BRIJS20.S,BRIJS20.S,2589916,999,2025,12,2025-12-24 00:00:00,1600,SNG4,26227,Singapore Manufacturing,26227,Singapore Manufacturing,,Singapore,1600.00,KG,3527.36,N
00030,SING,JS168,JS168.S,JS168.S-TL,2592072,999,2025,12,2025-12-26 00:00:00,10000,SING,338064,TVS SCS SINGAPORE PTE LTD,338064,TVS SCS SINGAPORE PTE LTD,,Singapore,10.00,TO,22046.225,N
00030,SING,JS168,JS168.S,JS168.S-TL,2592073,999,2025,12,2025-12-26 00:00:00,3000,SING,338064,TVS SCS SINGAPORE PTE LTD,338064,TVS SCS SINGAPORE PTE LTD,,Singapore,3.00,TO,6613.8675,N
00030,SING,JS168,JS168.S,JS168.S-TL,2592104,999,2025,12,2025-12-26 00:00:00,10000,SING,338064,TVS SCS SINGAPORE PTE LTD,338064,TVS SCS SINGAPORE PTE LTD,,Singapore,10.00,TO,22046.225,N
00030,SING,JS168,JS168.S,JS168.S-TL,2592299,999,2025,12,2025-12-26 00:00:00,1000,SING,338064,TVS SCS SINGAPORE PTE LTD,338064,TVS SCS SINGAPORE PTE LTD,,Singapore,1.00,TO,2204.6225,N
00030,SNG4,BRIJS2,BRIJS2.S,BRIJS2.S,2589924,999,2025,12,2025-12-26 00:00:00,700,SNG4,26227,Singapore Manufacturing,26227,Singapore Manufacturing,,Singapore,700.00,KG,1543.22,N
00030,SNG4,BRIJS2,BRIJS2.S,BRIJS2.S,2592333,999,2025,12,2025-12-26 00:00:00,700,SNG4,26227,Singapore Manufacturing,26227,Singapore Manufacturing,,Singapore,700.00,KG,1543.22,N
00030,SNG4,BRIJS20,BRIJS20.S,BRIJS20.S,2589925,999,2025,12,2025-12-26 00:00:00,1200,SNG4,26227,Singapore Manufacturing,26227,Singapore Manufacturing,,Singapore,1200.00,KG,2645.52,N
00030,SNG4,BRIJS20,BRIJS20.S,BRIJS20.S,2592171,999,2025,12,2025-12-26 00:00:00,400,SNG4,26227,Singapore Manufacturing,26227,Singapore Manufacturing,,Singapore,400.00,KG,881.84,N
00030,SNG4,ME91735,ME91735.S,ME91735.S-TL,2535913,999,2025,12,2025-12-26 00:00:00,20000,30200,300385,Michelman New Material - China,291477,Michelman Asia-Pacific - Global Parent,,China,20.00,TO,44092.45,N
00030,SNG4,ME91735,ME91735.S,ME91735.S-TL,2547478,999,2025,12,2025-12-26 00:00:00,20000,30200,300385,Michelman New Material - China,291477,Michelman Asia-Pacific - Global Parent,,China,20.00,TO,44092.45,N
00030,SNG4,ME91735,ME91735.S,ME91735.S-TL,2584774,999,2025,12,2025-12-26 00:00:00,11000,30200,300385,Michelman New Material - China,291477,Michelman Asia-Pacific - Global Parent,,China,11.00,TO,24250.8475,N
00034,SHAN,ME91735,ME91735.S,ME91735.S-TL,2573173,999,2025,12,2025-12-26 00:00:00,6000,34240,337151,Hebei Jizhong new material-CN,339760,JIZHONG ENERGY -Global Parent,Ethan Cheng,China,6.00,TO,13227.735,N
00034,SHAN,ME91735,ME91735.S,ME91735.S-TL,2591605,999,2025,12,2025-12-26 00:00:00,15000,34240,307538,"SHANDONG FIBERGLASS GROUP CO.,LTD",309179,Shandong Fiberglass - Global Parent,Ethan Cheng,China,15.00,TO,33069.3375,N
00030,SING,JS168,JS168.S,JS168.S-TL,2594422,999,2025,12,2025-12-29 00:00:00,1000,SING,338064,TVS SCS SINGAPORE PTE LTD,338064,TVS SCS SINGAPORE PTE LTD,,Singapore,1.00,TO,2204.6225,N
00030,SING,JS168,JS168.S,JS168.S-TL,2594454,999,2025,12,2025-12-29 00:00:00,6000,SING,338064,TVS SCS SINGAPORE PTE LTD,338064,TVS SCS SINGAPORE PTE LTD,,Singapore,6.00,TO,13227.735,N
00030,SING,JS168,JS168.S,JS168.S-TL,2594515,999,2025,12,2025-12-29 00:00:00,1000,SING,338064,TVS SCS SINGAPORE PTE LTD,338064,TVS SCS SINGAPORE PTE LTD,,Singapore,1.00,TO,2204.6225,N
00030,SING,ME91240G,ME91240G.S,ME91240G.S-PD,2594266,999,2025,12,2025-12-29 00:00:00,5800,SING,338064,TVS SCS SINGAPORE PTE LTD,338064,TVS SCS SINGAPORE PTE LTD,,Singapore,29.00,DR,12786.810500000001,N
00030,SING,ME91735,ME91735.S,ME91735.S-TL,2594265,999,2025,12,2025-12-29 00:00:00,5000,SING,338064,TVS SCS SINGAPORE PTE LTD,338064,TVS SCS SINGAPORE PTE LTD,,Singapore,5.00,TO,11023.1125,N
00030,SING,ME91735,ME91735.S,ME91735.S-TL,2594422,999,2025,12,2025-12-29 00:00:00,9000,SING,338064,TVS SCS SINGAPORE PTE LTD,338064,TVS SCS SINGAPORE PTE LTD,,Singapore,9.00,TO,19841.6025,N
00034,SHAN,ME91735,ME91735.S,ME91735.S-TL,2573173,999,2025,12,2025-12-29 00:00:00,10000,34240,337151,Hebei Jizhong new material-CN,339760,JIZHONG ENERGY -Global Parent,Ethan Cheng,China,10.00,TO,22046.225,N
00034,SHAN,PP236A,PP236A.S,PP236A.S-TL,2422141,999,2025,12,2025-12-29 00:00:00,1600,34240,307538,"SHANDONG FIBERGLASS GROUP CO.,LTD",309179,Shandong Fiberglass - Global Parent,Ethan Cheng,China,1600.00,KG,3527.36,N
00030,SING,JS168,JS168.S,JS168.S-TL,2595776,999,2025,12,2025-12-31 00:00:00,1000,SING,338064,TVS SCS SINGAPORE PTE LTD,338064,TVS SCS SINGAPORE PTE LTD,,Singapore,1.00,TO,2204.6225,N
00030,SING,ME91735,ME91735.S,ME91735.S-TL,2595776,999,2025,12,2025-12-31 00:00:00,9000,SING,338064,TVS SCS SINGAPORE PTE LTD,338064,TVS SCS SINGAPORE PTE LTD,,Singapore,9.00,TO,19841.6025,N
00030,SING,ME91735,ME91735.S,ME91735.S-TL,2595807,999,2025,12,2025-12-31 00:00:00,2000,SING,338064,TVS SCS SINGAPORE PTE LTD,338064,TVS SCS SINGAPORE PTE LTD,,Singapore,2.00,TO,4409.245,N
00030,SNG4,BRIJS2,BRIJS2.S,BRIJS2.S,2595031,999,2025,12,2025-12-31 00:00:00,700,SNG4,26227,Singapore Manufacturing,26227,Singapore Manufacturing,,Singapore,700.00,KG,1543.22,N
00030,SNG4,BRIJS20,BRIJS20.S,BRIJS20.S,2595032,999,2025,12,2025-12-31 00:00:00,800,SNG4,26227,Singapore Manufacturing,26227,Singapore Manufacturing,,Singapore,800.00,KG,1763.68,N
00030,SNG4,PP05S,PP05S.S,PP05S.S-OP,2539049,999,2025,12,2025-12-31 00:00:00,14800,30240,307037,CPIC - Hong Kong,294294,Chongqing CPIC - Global Parent,Ethan Cheng,Hong Kong,74.00,DR,32628.413,N
00030,SING,ME91735,ME91735.S,ME91735.S-TL,2597293,999,2026,1,2026-01-02 00:00:00,10000,SING,338064,TVS SCS SINGAPORE PTE LTD,338064,TVS SCS SINGAPORE PTE LTD,,Singapore,10.00,TO,22046.225,N
00030,SING,ME91735,ME91735.S,ME91735.S-TL,2597373,999,2026,1,2026-01-02 00:00:00,2000,SING,338064,TVS SCS SINGAPORE PTE LTD,338064,TVS SCS SINGAPORE PTE LTD,,Singapore,2.00,TO,4409.245,N
00030,SNG4,BRIJS2,BRIJS2.S,BRIJS2.S,2595841,999,2026,1,2026-01-02 00:00:00,1400,SNG4,26227,Singapore Manufacturing,26227,Singapore Manufacturing,,Singapore,1400.00,KG,3086.44,N
00030,SNG4,BRIJS2,BRIJS2.S,BRIJS2.S,2595917,999,2026,1,2026-01-02 00:00:00,1400,SNG4,26227,Singapore Manufacturing,26227,Singapore Manufacturing,,Singapore,1400.00,KG,3086.44,N
00030,SNG4,BRIJS20,BRIJS20.S,BRIJS20.S,2595842,999,2026,1,2026-01-02 00:00:00,1600,SNG4,26227,Singapore Manufacturing,26227,Singapore Manufacturing,,Singapore,1600.00,KG,3527.36,N
00030,SNG4,JS168,JS168.S,JS168.S-TL,2536049,999,2026,1,2026-01-02 00:00:00,18000,30240,293048,"CHINA JUSHI CO, LTD",297156,Jushi - Global Parent,Ethan Cheng,China,18.00,TO,39683.205,N
00030,SNG4,JS168,JS168.S,JS168.S-TL,2536054,999,2026,1,2026-01-02 00:00:00,18000,30240,293048,"CHINA JUSHI CO, LTD",297156,Jushi - Global Parent,Ethan Cheng,China,18.00,TO,39683.205,N
00030,SNG4,ME91735,ME91735.S,ME91735.S-TL,2560446,999,2026,1,2026-01-02 00:00:00,20000,30200,300385,Michelman New Material - China,291477,Michelman Asia-Pacific - Global Parent,,China,20.00,TO,44092.45,N
00030,SNG4,ME91735,ME91735.S,ME91735.S-TL,2584773,999,2026,1,2026-01-02 00:00:00,11000,30200,300385,Michelman New Material - China,291477,Michelman Asia-Pacific - Global Parent,,China,11.00,TO,24250.8475,N
00030,SNG4,PP05S,PP05S.S,PP05S.S-OP,2555163,999,2026,1,2026-01-02 00:00:00,16000,30240,307037,CPIC - Hong Kong,294294,Chongqing CPIC - Global Parent,Ethan Cheng,Hong Kong,80.00,DR,35273.96,N
00030,SING,ME91735,ME91735.S,ME91735.S-TL,2598129,999,2026,1,2026-01-03 00:00:00,10000,SING,338064,TVS SCS SINGAPORE PTE LTD,338064,TVS SCS SINGAPORE PTE LTD,,Singapore,10.00,TO,22046.225,N
00030,SING,ME91735,ME91735.S,ME91735.S-TL,2598130,999,2026,1,2026-01-03 00:00:00,1000,SING,338064,TVS SCS SINGAPORE PTE LTD,338064,TVS SCS SINGAPORE PTE LTD,,Singapore,1.00,TO,2204.6225,N
00030,SING,ME91735,ME91735.S,ME91735.S-TL,2599471,999,2026,1,2026-01-05 00:00:00,10000,SING,338064,TVS SCS SINGAPORE PTE LTD,338064,TVS SCS SINGAPORE PTE LTD,,Singapore,10.00,TO,22046.225,N
00030,SING,ME91735,ME91735.S,ME91735.S-TL,2599472,999,2026,1,2026-01-05 00:00:00,10000,SING,338064,TVS SCS SINGAPORE PTE LTD,338064,TVS SCS SINGAPORE PTE LTD,,Singapore,10.00,TO,22046.225,N
00030,SING,ME91735,ME91735.S,ME91735.S-TL,2599544,999,2026,1,2026-01-05 00:00:00,3000,SING,338064,TVS SCS SINGAPORE PTE LTD,338064,TVS SCS SINGAPORE PTE LTD,,Singapore,3.00,TO,6613.8675,N
00030,SNG4,BRIJS20,BRIJS20.S,BRIJS20.S,2597456,999,2026,1,2026-01-05 00:00:00,400,SNG4,26227,Singapore Manufacturing,26227,Singapore Manufacturing,,Singapore,400.00,KG,881.84,N
00030,SNG4,ME87235,ME87235.S,ME87235.S-T2,2564230,999,2026,1,2026-01-05 00:00:00,16000,30220,289459,Kelly Technology - China(Kelly Shanghai),290132,Kelly Chemical (China) - Global Parent,Robin Li,China,16.00,TO,35273.96,N
00030,SNG4,ME91735,ME91735.S,ME91735.S-TL,2560445,999,2026,1,2026-01-05 00:00:00,20000,30200,300385,Michelman New Material - China,291477,Michelman Asia-Pacific - Global Parent,,China,20.00,TO,44092.45,N
00030,SNG4,PP05S,PP05S.S,PP05S.S-OP,2536749,999,2026,1,2026-01-05 00:00:00,6400,30240,311174,CPIC Brasil,294294,Chongqing CPIC - Global Parent,Ethan Cheng,Brazil,32.00,DR,14109.584,N
00034,SHAN,ME91735,ME91735.S,ME91735.S-TL,2599612,999,2026,1,2026-01-05 00:00:00,13000,34240,307538,"SHANDONG FIBERGLASS GROUP CO.,LTD",309179,Shandong Fiberglass - Global Parent,Ethan Cheng,China,13.00,TO,28660.0925,N
00030,SING,ME91735,ME91735.S,ME91735.S-TL,2600248,999,2026,1,2026-01-06 00:00:00,4000,SING,338064,TVS SCS SINGAPORE PTE LTD,338064,TVS SCS SINGAPORE PTE LTD,,Singapore,4.00,TO,8818.49,N
00030,SING,ME91735,ME91735.S,ME91735.S-TL,2600249,999,2026,1,2026-01-06 00:00:00,7000,SING,338064,TVS SCS SINGAPORE PTE LTD,338064,TVS SCS SINGAPORE PTE LTD,,Singapore,7.00,TO,15432.3575,N
00030,SNG4,BRIJS2,BRIJS2.S,BRIJS2.S,2599543,999,2026,1,2026-01-06 00:00:00,700,SNG4,26227,Singapore Manufacturing,26227,Singapore Manufacturing,,Singapore,700.00,KG,1543.22,N
00030,SNG4,BRIJS20,BRIJS20.S,BRIJS20.S,2599525,999,2026,1,2026-01-06 00:00:00,800,SNG4,26227,Singapore Manufacturing,26227,Singapore Manufacturing,,Singapore,800.00,KG,1763.68,N
00030,SNG4,ME91735,ME91735.S,ME91735.S-TL,2600331,999,2026,1,2026-01-06 00:00:00,1000,SNG4,26227,Singapore Manufacturing,26227,Singapore Manufacturing,,Singapore,1000.00,KG,2204.6,N
00034,SHAN,ME91735,ME91735.S,ME91735.S-TL,2600347,999,2026,1,2026-01-06 00:00:00,10000,34240,312453,CPIC-China,294294,Chongqing CPIC - Global Parent,Ethan Cheng,China,10.00,TO,22046.225,N
00034,SHAN,ME92040,ME92040.S,ME92040.S-PD,2562663,999,2026,1,2026-01-06 00:00:00,6000,34220,353032,Shanghai Taipuwan(Achemical)-China,329796,Shanghai Achemical-Global Parent,Robin Li,China,30.00,DR,13227.735,N
00030,SING,ME91735,ME91735.S,ME91735.S-TL,2601038,999,2026,1,2026-01-07 00:00:00,10000,SING,338064,TVS SCS SINGAPORE PTE LTD,338064,TVS SCS SINGAPORE PTE LTD,,Singapore,10.00,TO,22046.225,N
00030,SING,ME91735,ME91735.S,ME91735.S-TL,2601039,999,2026,1,2026-01-07 00:00:00,3000,SING,338064,TVS SCS SINGAPORE PTE LTD,338064,TVS SCS SINGAPORE PTE LTD,,Singapore,3.00,TO,6613.8675,N
00030,SING,ME91735,ME91735.S,ME91735.S-TL,2601117,999,2026,1,2026-01-07 00:00:00,10000,SING,338064,TVS SCS SINGAPORE PTE LTD,338064,TVS SCS SINGAPORE PTE LTD,,Singapore,10.00,TO,22046.225,N
00030,SING,ME91735,ME91735.S,ME91735.S-TL,2601217,999,2026,1,2026-01-07 00:00:00,2000,SING,338064,TVS SCS SINGAPORE PTE LTD,338064,TVS SCS SINGAPORE PTE LTD,,Singapore,2.00,TO,4409.245,N
00030,SNG4,BRIJS20,BRIJS20.S,BRIJS20.S,2600511,999,2026,1,2026-01-07 00:00:00,800,SNG4,26227,Singapore Manufacturing,26227,Singapore Manufacturing,,Singapore,800.00,KG,1763.68,N
00030,SNG4,ME91240G,ME91240G.S,ME91240G.S-PD,2586330,999,2026,1,2026-01-07 00:00:00,2000,30200,300385,Michelman New Material - China,291477,Michelman Asia-Pacific - Global Parent,,China,10.00,DR,4409.245,N
00030,SNG4,ME92040,ME92040.S,ME92040.S-T2,2586330,999,2026,1,2026-01-07 00:00:00,5000,30200,300385,Michelman New Material - China,291477,Michelman Asia-Pacific - Global Parent,,China,5.00,TO,11023.1125,N
00030,SING,211018IX,211018IX.S,211018IX.S-PL,2601867,999,2026,1,2026-01-08 00:00:00,36,SING,338064,TVS SCS SINGAPORE PTE LTD,338064,TVS SCS SINGAPORE PTE LTD,,Singapore,2.00,PL,79.3664,N
00030,SNG4,BRIJS2,BRIJS2.S,BRIJS2.S,2601153,999,2026,1,2026-01-08 00:00:00,700,SNG4,26227,Singapore Manufacturing,26227,Singapore Manufacturing,,Singapore,700.00,KG,1543.22,N
00030,SNG4,BRIJS20,BRIJS20.S,BRIJS20.S,2601154,999,2026,1,2026-01-08 00:00:00,400,SNG4,26227,Singapore Manufacturing,26227,Singapore Manufacturing,,Singapore,400.00,KG,881.84,N
00030,SNG4,ME91735,ME91735.S,ME91735.S-TL,2565036,999,2026,1,2026-01-08 00:00:00,7000,30200,300385,Michelman New Material - China,291477,Michelman Asia-Pacific - Global Parent,,China,7.00,TO,15432.3575,N
00030,SING,ME91735,ME91735.S,ME91735.S-TL,2602591,999,2026,1,2026-01-09 00:00:00,7000,SING,338064,TVS SCS SINGAPORE PTE LTD,338064,TVS SCS SINGAPORE PTE LTD,,Singapore,7.00,TO,15432.3575,N
00030,SING,ME91735,ME91735.S,ME91735.S-TL,2602592,999,2026,1,2026-01-09 00:00:00,5000,SING,338064,TVS SCS SINGAPORE PTE LTD,338064,TVS SCS SINGAPORE PTE LTD,,Singapore,5.00,TO,11023.1125,N
00030,SNG4,211018IX,211018IX.S,211018IX.S-PL,2599661,999,2026,1,2026-01-09 00:00:00,36,30200,300385,Michelman New Material - China,291477,Michelman Asia-Pacific - Global Parent,,China,2.00,PL,79.3664,N
00030,SNG4,BRIJS2,BRIJS2.S,BRIJS2.S,2602672,999,2026,1,2026-01-09 00:00:00,700,SNG4,26227,Singapore Manufacturing,26227,Singapore Manufacturing,,Singapore,700.00,KG,1543.22,N
00030,SNG4,BRIJS20,BRIJS20.S,BRIJS20.S,2601888,999,2026,1,2026-01-09 00:00:00,1600,SNG4,26227,Singapore Manufacturing,26227,Singapore Manufacturing,,Singapore,1600.00,KG,3527.3600000000006,N
00030,SNG4,BRIJS20,BRIJS20.S,BRIJS20.S,2601922,999,2026,1,2026-01-09 00:00:00,1790,SNG4,26227,Singapore Manufacturing,26227,Singapore Manufacturing,,Singapore,1790.00,KG,3946.2340000000004,N
00030,SNG4,ME91735,ME91735.S,ME91735.S-TL,2565039,999,2026,1,2026-01-09 00:00:00,20000,30200,300385,Michelman New Material - China,291477,Michelman Asia-Pacific - Global Parent,,China,20.00,TO,44092.45,N
00034,SHAN,ME91240G,ME91240G.S,ME91240G.S-PD,2601938,999,2026,1,2026-01-09 00:00:00,400,34220,326552,"Shanghai Haipei Chemical Technology Co.,",334824,Shanghai Haipei Chemical- Global Parent,Robin Li,China,2.00,DR,881.849,N
00030,SING,JS168,JS168.S,JS168.S-TL,2603398,999,2026,1,2026-01-10 00:00:00,3000,SING,338064,TVS SCS SINGAPORE PTE LTD,338064,TVS SCS SINGAPORE PTE LTD,,Singapore,3.00,TO,6613.8675,N
00030,SING,ME91240G,ME91240G.S,ME91240G.S-PD,2603367,999,2026,1,2026-01-10 00:00:00,6000,SING,338064,TVS SCS SINGAPORE PTE LTD,338064,TVS SCS SINGAPORE PTE LTD,,Singapore,30.00,DR,13227.735,N
00030,SING,ME91735,ME91735.S,ME91735.S-TL,2603398,999,2026,1,2026-01-10 00:00:00,6000,SING,338064,TVS SCS SINGAPORE PTE LTD,338064,TVS SCS SINGAPORE PTE LTD,,Singapore,6.00,TO,13227.735,N
00030,SING,PP05S,PP05S.S,PP05S.S-OP,2603367,999,2026,1,2026-01-10 00:00:00,2600,SING,338064,TVS SCS SINGAPORE PTE LTD,338064,TVS SCS SINGAPORE PTE LTD,,Singapore,13.00,DR,5732.0185,N
00030,SING,JS168,JS168.S,JS168.S-TL,2604797,999,2026,1,2026-01-12 00:00:00,5000,SING,338064,TVS SCS SINGAPORE PTE LTD,338064,TVS SCS SINGAPORE PTE LTD,,Singapore,5.00,TO,11023.1125,N
00030,SING,JS168,JS168.S,JS168.S-TL,2604989,999,2026,1,2026-01-12 00:00:00,10000,SING,338064,TVS SCS SINGAPORE PTE LTD,338064,TVS SCS SINGAPORE PTE LTD,,Singapore,10.00,TO,22046.225,N
00030,SING,JS168,JS168.S,JS168.S-TL,2605023,999,2026,1,2026-01-12 00:00:00,2000,SING,338064,TVS SCS SINGAPORE PTE LTD,338064,TVS SCS SINGAPORE PTE LTD,,Singapore,2.00,TO,4409.245,N
00030,SING,PP05S,PP05S.S,PP05S.S-OP,2604871,999,2026,1,2026-01-12 00:00:00,9600,SING,338064,TVS SCS SINGAPORE PTE LTD,338064,TVS SCS SINGAPORE PTE LTD,,Singapore,48.00,DR,21164.376,N
00030,SING,PP05S,PP05S.S,PP05S.S-OP,2604872,999,2026,1,2026-01-12 00:00:00,2600,SING,338064,TVS SCS SINGAPORE PTE LTD,338064,TVS SCS SINGAPORE PTE LTD,,Singapore,13.00,DR,5732.0185,N
00030,SING,PP05S,PP05S.S,PP05S.S-OP,2604874,999,2026,1,2026-01-12 00:00:00,5000,SING,338064,TVS SCS SINGAPORE PTE LTD,338064,TVS SCS SINGAPORE PTE LTD,,Singapore,25.00,DR,11023.112500000001,N
00030,SNG4,BRIJS2,BRIJS2.S,BRIJS2.S,2602673,999,2026,1,2026-01-12 00:00:00,700,SNG4,26227,Singapore Manufacturing,26227,Singapore Manufacturing,,Singapore,700.00,KG,1543.22,N
00030,SNG4,JS168,JS168.S,JS168.S-TL,2604853,999,2026,1,2026-01-12 00:00:00,1000,SNG4,26227,Singapore Manufacturing,26227,Singapore Manufacturing,,Singapore,1000.00,KG,2204.6,N
00030,SNG4,ME91735,ME91735.S,ME91735.S-TL,2560448,999,2026,1,2026-01-12 00:00:00,19000,30200,300385,Michelman New Material - China,291477,Michelman Asia-Pacific - Global Parent,,China,19.00,TO,41887.8275,N
00030,SNG4,ME91735,ME91735.S,ME91735.S-TL,2565038,999,2026,1,2026-01-12 00:00:00,20000,30200,300385,Michelman New Material - China,291477,Michelman Asia-Pacific - Global Parent,,China,20.00,TO,44092.45,N
00034,SHAN,ME91735,ME91735.S,ME91735.S-TL,2574118,999,2026,1,2026-01-12 00:00:00,2000,34240,307538,"SHANDONG FIBERGLASS GROUP CO.,LTD",309179,Shandong Fiberglass - Global Parent,Ethan Cheng,China,2.00,TO,4409.245,N
00034,SHAN,ME91735,ME91735.S,ME91735.S-TL,2604873,999,2026,1,2026-01-12 00:00:00,18000,34240,307538,"SHANDONG FIBERGLASS GROUP CO.,LTD",309179,Shandong Fiberglass - Global Parent,Ethan Cheng,China,18.00,TO,39683.205,N
00020,AUBA,JS168,JS168.E,JS168.E-TO,25002122,999,2026,1,2026-01-13 00:00:00,19000,20200,312396,Michelman (X) Shanghai PC,291477,Michelman Asia-Pacific - Global Parent,,China,20.00,TO,41887.828,N
00020,AUBA,JS168,JS168.E,JS168.E-TO,25002124,999,2026,1,2026-01-13 00:00:00,19000,20200,312396,Michelman (X) Shanghai PC,291477,Michelman Asia-Pacific - Global Parent,,China,20.00,TO,41887.828,N
00020,AUBA,JS168,JS168.E,JS168.E-TO,25002125,999,2026,1,2026-01-13 00:00:00,19000,20200,312396,Michelman (X) Shanghai PC,291477,Michelman Asia-Pacific - Global Parent,,China,20.00,TO,41887.828,N
00030,SING,JS168,JS168.S,JS168.S-TL,2605836,999,2026,1,2026-01-13 00:00:00,1000,SING,338064,TVS SCS SINGAPORE PTE LTD,338064,TVS SCS SINGAPORE PTE LTD,,Singapore,1.00,TO,2204.6225,N
00030,SING,JS168,JS168.S,JS168.S-TL,2605871,999,2026,1,2026-01-13 00:00:00,10000,SING,338064,TVS SCS SINGAPORE PTE LTD,338064,TVS SCS SINGAPORE PTE LTD,,Singapore,10.00,TO,22046.225,N
00030,SNG4,BRIJS2,BRIJS2.S,BRIJS2.S,2604850,999,2026,1,2026-01-13 00:00:00,525,SNG4,26227,Singapore Manufacturing,26227,Singapore Manufacturing,,Singapore,525.00,KG,1157.415,N
00030,SNG4,BRIJS20,BRIJS20.S,BRIJS20.S,2604849,999,2026,1,2026-01-13 00:00:00,800,SNG4,26227,Singapore Manufacturing,26227,Singapore Manufacturing,,Singapore,800.00,KG,1763.68,N
00034,SHAN,JS168,JS168.E,JS168.E-TO,2605088,999,2026,1,2026-01-13 00:00:00,19000,34240,316183,Jushi Group,297156,Jushi - Global Parent,Ethan Cheng,China,20.00,TO,41887.828,N
00034,SHAN,ME91735,ME91735.S,ME91735.S-TL,2605688,999,2026,1,2026-01-13 00:00:00,2000,34240,304363,WEIYUAN NEIHUA-China,330955,Sichuan Weibo Group -Global Parent,Ethan Cheng,China,2.00,TO,4409.245,N
00034,SHAN,ME91735,ME91735.S,ME91735.S-TL,2605704,999,2026,1,2026-01-13 00:00:00,20000,34240,307538,"SHANDONG FIBERGLASS GROUP CO.,LTD",309179,Shandong Fiberglass - Global Parent,Ethan Cheng,China,20.00,TO,44092.45,N
00030,SING,JS168,JS168.S,JS168.S-TL,2606430,999,2026,1,2026-01-14 00:00:00,1000,SING,338064,TVS SCS SINGAPORE PTE LTD,338064,TVS SCS SINGAPORE PTE LTD,,Singapore,1.00,TO,2204.6225,N
00030,SING,JS168,JS168.S,JS168.S-TL,2606644,999,2026,1,2026-01-14 00:00:00,1000,SING,338064,TVS SCS SINGAPORE PTE LTD,338064,TVS SCS SINGAPORE PTE LTD,,Singapore,1.00,TO,2204.6225,N
00030,SNG4,BRIJS2,BRIJS2.S,BRIJS2.S,2606570,999,2026,1,2026-01-14 00:00:00,700,SNG4,26227,Singapore Manufacturing,26227,Singapore Manufacturing,,Singapore,700.00,KG,1543.22,N
00030,SNG4,BRIJS2,BRIJS2.S,BRIJS2.S,2606590,999,2026,1,2026-01-14 00:00:00,680,SNG4,26227,Singapore Manufacturing,26227,Singapore Manufacturing,,Singapore,680.00,KG,1499.1280000000002,N
00030,SNG4,BRIJS20,BRIJS20.S,BRIJS20.S,2605631,999,2026,1,2026-01-14 00:00:00,400,SNG4,26227,Singapore Manufacturing,26227,Singapore Manufacturing,,Singapore,400.00,KG,881.84,N
00030,SNG4,ME91240G,ME91240G.S,ME91240G.S-PD,2601999,999,2026,1,2026-01-14 00:00:00,200,30220,289535,TIPPS(Formerly Toyo Ink)-Sin,289535,TIPPS(Formerly Toyo Ink)-Sin,Rohan Aranjo,Singapore,1.00,DR,440.9245,N
00030,SNG4,ME91735,ME91735.S,ME91735.S-TL,2558192,999,2026,1,2026-01-14 00:00:00,7000,30200,300385,Michelman New Material - China,291477,Michelman Asia-Pacific - Global Parent,,China,7.00,TO,15432.3575,N
00030,SNG4,ME91735,ME91735.S,ME91735.S-TL,2565040,999,2026,1,2026-01-14 00:00:00,20000,30200,300385,Michelman New Material - China,291477,Michelman Asia-Pacific - Global Parent,,China,20.00,TO,44092.45,N
00030,SNG4,MG7140,MG7140.S,MG7140.S-OP,2601999,999,2026,1,2026-01-14 00:00:00,400,30220,289535,TIPPS(Formerly Toyo Ink)-Sin,289535,TIPPS(Formerly Toyo Ink)-Sin,Rohan Aranjo,Singapore,2.00,DR,881.849,N
00020,AUBA,JS168,JS168.E,JS168.E-TO,25002123,999,2026,1,2026-01-15 00:00:00,19000,20200,312396,Michelman (X) Shanghai PC,291477,Michelman Asia-Pacific - Global Parent,,China,20.00,TO,41887.828,N
00020,AUBA,JS168,JS168.E,JS168.E-TO,25002126,999,2026,1,2026-01-15 00:00:00,19000,20200,312396,Michelman (X) Shanghai PC,291477,Michelman Asia-Pacific - Global Parent,,China,20.00,TO,41887.828,N
00030,SING,JS168,JS168.S,JS168.S-TL,2607177,999,2026,1,2026-01-15 00:00:00,10000,SING,338064,TVS SCS SINGAPORE PTE LTD,338064,TVS SCS SINGAPORE PTE LTD,,Singapore,10.00,TO,22046.225,N
00030,SING,JS168,JS168.S,JS168.S-TL,2607245,999,2026,1,2026-01-15 00:00:00,1000,SING,338064,TVS SCS SINGAPORE PTE LTD,338064,TVS SCS SINGAPORE PTE LTD,,Singapore,1.00,TO,2204.6225,N
00030,SNG4,BRIJS20,BRIJS20.S,BRIJS20.S,2606569,999,2026,1,2026-01-15 00:00:00,400,SNG4,26227,Singapore Manufacturing,26227,Singapore Manufacturing,,Singapore,400.00,KG,881.84,N
00030,SNG4,JS168,JS168.S,JS168.S-TL,2536055,999,2026,1,2026-01-15 00:00:00,18000,30240,293048,"CHINA JUSHI CO, LTD",297156,Jushi - Global Parent,Ethan Cheng,China,18.00,TO,39683.205,N
00034,SHAN,ME91735,ME91735.S,ME91735.S-TL,2601333,999,2026,1,2026-01-15 00:00:00,20000,34240,337151,Hebei Jizhong new material-CN,339760,JIZHONG ENERGY -Global Parent,Ethan Cheng,China,20.00,TO,44092.45,N
00034,SHAN,ME91735,ME91735.S,ME91735.S-TL,2607367,999,2026,1,2026-01-15 00:00:00,10000,34240,308274,Linyi Tianju (Shandong Fiberglass Group),309179,Shandong Fiberglass - Global Parent,Ethan Cheng,China,10.00,TO,22046.225,N
00020,AUBA,JS168,JS168.E,JS168.E-TO,25002127,999,2026,1,2026-01-16 00:00:00,19000,20200,312396,Michelman (X) Shanghai PC,291477,Michelman Asia-Pacific - Global Parent,,China,20.00,TO,41887.828,N
00030,SING,JS168,JS168.S,JS168.S-TL,2607965,999,2026,1,2026-01-16 00:00:00,9000,SING,338064,TVS SCS SINGAPORE PTE LTD,338064,TVS SCS SINGAPORE PTE LTD,,Singapore,9.00,TO,19841.6025,N
00030,SING,JS168,JS168.S,JS168.S-TL,2608012,999,2026,1,2026-01-16 00:00:00,4000,SING,338064,TVS SCS SINGAPORE PTE LTD,338064,TVS SCS SINGAPORE PTE LTD,,Singapore,4.00,TO,8818.49,N
00030,SING,JS168,JS168.S,JS168.S-TL,2608177,999,2026,1,2026-01-16 00:00:00,10000,SING,338064,TVS SCS SINGAPORE PTE LTD,338064,TVS SCS SINGAPORE PTE LTD,,Singapore,10.00,TO,22046.225,N
00030,SNG4,BRIJS2,BRIJS2.S,BRIJS2.S,2607265,999,2026,1,2026-01-16 00:00:00,680,SNG4,26227,Singapore Manufacturing,26227,Singapore Manufacturing,,Singapore,680.00,KG,1499.1280000000002,N
00030,SNG4,BRIJS20,BRIJS20.S,BRIJS20.S,2607266,999,2026,1,2026-01-16 00:00:00,800,SNG4,26227,Singapore Manufacturing,26227,Singapore Manufacturing,,Singapore,800.00,KG,1763.68,N
00030,SNG4,JS168,JS168.S,JS168.S-TL,2536056,999,2026,1,2026-01-16 00:00:00,18000,30240,293048,"CHINA JUSHI CO, LTD",297156,Jushi - Global Parent,Ethan Cheng,China,18.00,TO,39683.205,N
00030,SNG4,ME91240G,ME91240G.S,ME91240G.S-PD,2590135,999,2026,1,2026-01-16 00:00:00,5600,30220,332913,Guangdong Supcosmos-China,332367,Guangzhou J&T - Global Parent,"Dai,Zhaochen(Vincent)",China,28.00,DR,12345.886,N
00030,SNG4,ME91240G,ME91240G.S,ME91240G.S-PD,2592122,999,2026,1,2026-01-16 00:00:00,1600,30200,300385,Michelman New Material - China,291477,Michelman Asia-Pacific - Global Parent,,China,8.00,DR,3527.396,N
00030,SNG4,ME92040,ME92040.S,ME92040.S-PD,2590135,999,2026,1,2026-01-16 00:00:00,10400,30220,332913,Guangdong Supcosmos-China,332367,Guangzhou J&T - Global Parent,"Dai,Zhaochen(Vincent)",China,52.00,DR,22928.074,N
00030,SNG4,PP05S,PP05S.S,PP05S.S-OP,2578667,999,2026,1,2026-01-16 00:00:00,2200,30240,311174,CPIC Brasil,294294,Chongqing CPIC - Global Parent,Ethan Cheng,Brazil,11.00,DR,4850.1695,N
00034,SHAN,ME92040,ME92040.S,ME92040.S-PD,2574872,999,2026,1,2026-01-16 00:00:00,4000,34220,353032,Shanghai Taipuwan(Achemical)-China,329796,Shanghai Achemical-Global Parent,Robin Li,China,20.00,DR,8818.49,N
00030,SING,JS168,JS168.S,JS168.S-TL,2608841,999,2026,1,2026-01-17 00:00:00,1000,SING,338064,TVS SCS SINGAPORE PTE LTD,338064,TVS SCS SINGAPORE PTE LTD,,Singapore,1.00,TO,2204.6225,N
00030,SNG4,BRIJS2,BRIJS2.S,BRIJS2.S,2608030,999,2026,1,2026-01-17 00:00:00,680,SNG4,26227,Singapore Manufacturing,26227,Singapore Manufacturing,,Singapore,680.00,KG,1499.1280000000002,N
00030,SING,JS168,JS168.S,JS168.S-TL,2610193,999,2026,1,2026-01-19 00:00:00,1000,SING,338064,TVS SCS SINGAPORE PTE LTD,338064,TVS SCS SINGAPORE PTE LTD,,Singapore,1.00,TO,2204.6225,N
00030,SING,JS168,JS168.S,JS168.S-TL,2610194,999,2026,1,2026-01-19 00:00:00,8000,SING,338064,TVS SCS SINGAPORE PTE LTD,338064,TVS SCS SINGAPORE PTE LTD,,Singapore,8.00,TO,17636.98,N
00030,SING,JS168,JS168.S,JS168.S-TL,2610195,999,2026,1,2026-01-19 00:00:00,3000,SING,338064,TVS SCS SINGAPORE PTE LTD,338064,TVS SCS SINGAPORE PTE LTD,,Singapore,3.00,TO,6613.8675,N
00030,SING,JS168,JS168.S,JS168.S-TL,2610422,999,2026,1,2026-01-19 00:00:00,2000,SING,338064,TVS SCS SINGAPORE PTE LTD,338064,TVS SCS SINGAPORE PTE LTD,,Singapore,2.00,TO,4409.245,N
00030,SING,JS168,JS168.S,JS168.S-TL,2610423,999,2026,1,2026-01-19 00:00:00,10000,SING,338064,TVS SCS SINGAPORE PTE LTD,338064,TVS SCS SINGAPORE PTE LTD,,Singapore,10.00,TO,22046.225,N
00030,SING,ME91735,ME91735.S,ME91735.S-OP,2610195,999,2026,1,2026-01-19 00:00:00,1000,SING,338064,TVS SCS SINGAPORE PTE LTD,338064,TVS SCS SINGAPORE PTE LTD,,Singapore,5.00,DR,2204.6225,N
00030,SING,ME91735,ME91735.S,ME91735.S-OP,2610211,999,2026,1,2026-01-19 00:00:00,9600,SING,338064,TVS SCS SINGAPORE PTE LTD,338064,TVS SCS SINGAPORE PTE LTD,,Singapore,48.00,DR,21164.376,N
00030,SNG4,BRIJS20,BRIJS20.S,BRIJS20.S,2608031,999,2026,1,2026-01-19 00:00:00,800,SNG4,26227,Singapore Manufacturing,26227,Singapore Manufacturing,,Singapore,800.00,KG,1763.68,N
00030,SNG4,MG7140,MG7140.S,MG7140.S-OP,2600314,999,2026,1,2026-01-19 00:00:00,14000,30220,291765,"Koventure Co., Ltd - Thailand",290683,Koventure (FormerGowell)- Global Parent,Rohan Aranjo,Thailand,70.00,DR,30864.715,N
00030,SING,ME92040,ME92040.S,ME92040.S-T2,2610972,999,2026,1,2026-01-20 00:00:00,5000,SING,338064,TVS SCS SINGAPORE PTE LTD,338064,TVS SCS SINGAPORE PTE LTD,,Singapore,5.00,TO,11023.1125,N
00030,SNG4,BRIJS2,BRIJS2.S,BRIJS2.S,2610219,999,2026,1,2026-01-20 00:00:00,850,SNG4,26227,Singapore Manufacturing,26227,Singapore Manufacturing,,Singapore,850.00,KG,1873.9100000000003,N
00030,SNG4,BRIJS20,BRIJS20.S,BRIJS20.S,2610220,999,2026,1,2026-01-20 00:00:00,400,SNG4,26227,Singapore Manufacturing,26227,Singapore Manufacturing,,Singapore,400.00,KG,881.84,N
00030,SNG4,JS168,JS168.S,JS168.S-TL,2536057,999,2026,1,2026-01-20 00:00:00,18000,30240,293048,"CHINA JUSHI CO, LTD",297156,Jushi - Global Parent,Ethan Cheng,China,18.00,TO,39683.205,N
00030,SNG4,ME92040,ME92040.S,ME92040.S-T2,2611214,999,2026,1,2026-01-20 00:00:00,1000,SNG4,26227,Singapore Manufacturing,26227,Singapore Manufacturing,,Singapore,1000.00,KG,2204.6,N
00034,SHAN,JS168,JS168.E,JS168.E-TO,2610405,999,2026,1,2026-01-20 00:00:00,19000,34240,316183,Jushi Group,297156,Jushi - Global Parent,Ethan Cheng,China,20.00,TO,41887.828,N
00020,AUBA,JS168,JS168.E,JS168.E-TO,25002128,999,2026,1,2026-01-21 00:00:00,19000,20200,312396,Michelman (X) Shanghai PC,291477,Michelman Asia-Pacific - Global Parent,,China,20.00,TO,41887.828,N
00030,SING,ME92040,ME92040.S,ME92040.S-T2,2611763,999,2026,1,2026-01-21 00:00:00,6000,SING,338064,TVS SCS SINGAPORE PTE LTD,338064,TVS SCS SINGAPORE PTE LTD,,Singapore,6.00,TO,13227.735,N
00030,SING,ME92040,ME92040.S,ME92040.S-T2,2611867,999,2026,1,2026-01-21 00:00:00,1000,SING,338064,TVS SCS SINGAPORE PTE LTD,338064,TVS SCS SINGAPORE PTE LTD,,Singapore,1.00,TO,2204.6225,N
00030,SNG4,BRIJS20,BRIJS20.S,BRIJS20.S,2611006,999,2026,1,2026-01-21 00:00:00,800,SNG4,26227,Singapore Manufacturing,26227,Singapore Manufacturing,,Singapore,800.00,KG,1763.6800000000003,N
00030,SNG4,BRIJS20,BRIJS20.S,BRIJS20.S,2611026,999,2026,1,2026-01-21 00:00:00,940,SNG4,26227,Singapore Manufacturing,26227,Singapore Manufacturing,,Singapore,940.00,KG,2072.324,N
00030,SNG4,PP05S,PP05S.S,PP05S.S-OP,2539048,999,2026,1,2026-01-21 00:00:00,16000,30240,307037,CPIC - Hong Kong,294294,Chongqing CPIC - Global Parent,Ethan Cheng,Hong Kong,80.00,DR,35273.96000000001,N
00030,SNG4,PP05S,PP05S.S,PP05S.S-OP,2555162,999,2026,1,2026-01-21 00:00:00,13200,30240,307037,CPIC - Hong Kong,294294,Chongqing CPIC - Global Parent,Ethan Cheng,Hong Kong,66.00,DR,29101.017000000003,N
00030,SING,211018IX,211018IX.S,211018IX.S-OP,2612528,999,2026,1,2026-01-22 00:00:00,4000,SING,338064,TVS SCS SINGAPORE PTE LTD,338064,TVS SCS SINGAPORE PTE LTD,,Singapore,20.00,DR,8818.49,N
00030,SING,JS168,JS168.S,JS168.S-TL,2612575,999,2026,1,2026-01-22 00:00:00,10000,SING,338064,TVS SCS SINGAPORE PTE LTD,338064,TVS SCS SINGAPORE PTE LTD,,Singapore,10.00,TO,22046.225,N
00030,SNG4,BRIJS20,BRIJS20.S,BRIJS20.S,2611781,999,2026,1,2026-01-22 00:00:00,400,SNG4,26227,Singapore Manufacturing,26227,Singapore Manufacturing,,Singapore,400.00,KG,881.84,N
00030,SNG4,JS168,JS168.S,JS168.S-TL,2536053,999,2026,1,2026-01-22 00:00:00,18000,30240,293048,"CHINA JUSHI CO, LTD",297156,Jushi - Global Parent,Ethan Cheng,China,18.00,TO,39683.205,N
00030,SNG4,JS168,JS168.S,JS168.S-TL,2536058,999,2026,1,2026-01-22 00:00:00,18000,30240,293048,"CHINA JUSHI CO, LTD",297156,Jushi - Global Parent,Ethan Cheng,China,18.00,TO,39683.205,N
00030,SNG4,ME91735,ME91735.S,ME91735.S-OP,2563448,999,2026,1,2026-01-22 00:00:00,9600,30240,289504,GR KOREA LTD (Formerly OCK) - KOREA,290156,Owens Corning Vetrotex - Global Parent,Brandon Lee,South Korea,48.00,DR,21164.376,N
00034,SHAN,ME92040,ME92040.S,ME92040.S-PD,2612559,999,2026,1,2026-01-22 00:00:00,4000,34220,353032,Shanghai Taipuwan(Achemical)-China,329796,Shanghai Achemical-Global Parent,Robin Li,China,20.00,DR,8818.49,N
00020,AUBA,JS168,JS168.E,JS168.E-TO,25002129,999,2026,1,2026-01-23 00:00:00,19000,20200,312396,Michelman (X) Shanghai PC,291477,Michelman Asia-Pacific - Global Parent,,China,20.00,TO,41887.828,N
00020,AUBA,JS168,JS168.E,JS168.E-TO,25002130,999,2026,1,2026-01-23 00:00:00,19000,20200,312396,Michelman (X) Shanghai PC,291477,Michelman Asia-Pacific - Global Parent,,China,20.00,TO,41887.828,N
00030,SING,211018IX,211018IX.S,211018IX.S-OP,2613334,999,2026,1,2026-01-23 00:00:00,4000,SING,338064,TVS SCS SINGAPORE PTE LTD,338064,TVS SCS SINGAPORE PTE LTD,,Singapore,20.00,DR,8818.49,N
00030,SING,JS168,JS168.S,JS168.S-TL,2613334,999,2026,1,2026-01-23 00:00:00,3000,SING,338064,TVS SCS SINGAPORE PTE LTD,338064,TVS SCS SINGAPORE PTE LTD,,Singapore,3.00,TO,6613.8675,N
00030,SING,JS168,JS168.S,JS168.S-TL,2613335,999,2026,1,2026-01-23 00:00:00,10000,SING,338064,TVS SCS SINGAPORE PTE LTD,338064,TVS SCS SINGAPORE PTE LTD,,Singapore,10.00,TO,22046.225,N
00030,SING,JS168,JS168.S,JS168.S-TL,2613501,999,2026,1,2026-01-23 00:00:00,1000,SING,338064,TVS SCS SINGAPORE PTE LTD,338064,TVS SCS SINGAPORE PTE LTD,,Singapore,1.00,TO,2204.6225,N
00030,SNG4,BRIJS2,BRIJS2.S,BRIJS2.S,2612615,999,2026,1,2026-01-23 00:00:00,1360,SNG4,26227,Singapore Manufacturing,26227,Singapore Manufacturing,,Singapore,1360.00,KG,2998.2560000000003,N
00030,SNG4,BRIJS20,BRIJS20.S,BRIJS20.S,2612616,999,2026,1,2026-01-23 00:00:00,1200,SNG4,26227,Singapore Manufacturing,26227,Singapore Manufacturing,,Singapore,1200.00,KG,2645.52,N
00034,SHAN,ME91735,ME91735.S,ME91735.S-TL,2613601,999,2026,1,2026-01-23 00:00:00,1000,34240,304957,JIANGSU CHANGHAI COMPOSITE-China,304957,JIANGSU CHANGHAI COMPOSITE-China,Ethan Cheng,China,1.00,TO,2204.6225,N
00030,SING,JS168,JS168.S,JS168.S-TL,2614120,999,2026,1,2026-01-24 00:00:00,10000,SING,338064,TVS SCS SINGAPORE PTE LTD,338064,TVS SCS SINGAPORE PTE LTD,,Singapore,10.00,TO,22046.225,N
00030,SING,JS168,JS168.S,JS168.S-TL,2615568,999,2026,1,2026-01-26 00:00:00,5000,SING,338064,TVS SCS SINGAPORE PTE LTD,338064,TVS SCS SINGAPORE PTE LTD,,Singapore,5.00,TO,11023.1125,N
00030,SING,JS168,JS168.S,JS168.S-TL,2615639,999,2026,1,2026-01-26 00:00:00,7000,SING,338064,TVS SCS SINGAPORE PTE LTD,338064,TVS SCS SINGAPORE PTE LTD,,Singapore,7.00,TO,15432.3575,N
00030,SING,JS168,JS168.S,JS168.S-TL,2615736,999,2026,1,2026-01-26 00:00:00,1000,SING,338064,TVS SCS SINGAPORE PTE LTD,338064,TVS SCS SINGAPORE PTE LTD,,Singapore,1.00,TO,2204.6225,N
00030,SING,PP05S,PP05S.S,PP05S.S-OP,2615547,999,2026,1,2026-01-26 00:00:00,6000,SING,338064,TVS SCS SINGAPORE PTE LTD,338064,TVS SCS SINGAPORE PTE LTD,,Singapore,30.00,DR,13227.735,N
00030,SING,PP05S,PP05S.S,PP05S.S-OP,2615548,999,2026,1,2026-01-26 00:00:00,5600,SING,338064,TVS SCS SINGAPORE PTE LTD,338064,TVS SCS SINGAPORE PTE LTD,,Singapore,28.00,DR,12345.886,N
00030,SNG4,BRIJS2,BRIJS2.S,BRIJS2.S,2613417,999,2026,1,2026-01-26 00:00:00,680,SNG4,26227,Singapore Manufacturing,26227,Singapore Manufacturing,,Singapore,680.00,KG,1499.1280000000002,N
00030,SNG4,BRIJS2,BRIJS2.S,BRIJS2.S,2615587,999,2026,1,2026-01-26 00:00:00,680,SNG4,26227,Singapore Manufacturing,26227,Singapore Manufacturing,,Singapore,680.00,KG,1499.1280000000002,N
00030,SNG4,BRIJS20,BRIJS20.S,BRIJS20.S,2613418,999,2026,1,2026-01-26 00:00:00,800,SNG4,26227,Singapore Manufacturing,26227,Singapore Manufacturing,,Singapore,800.00,KG,1763.68,N
00030,SNG4,PP05S,PP05S.S,PP05S.S-OP,2539048,999,2026,1,2026-01-26 00:00:00,16000,30240,307037,CPIC - Hong Kong,294294,Chongqing CPIC - Global Parent,Ethan Cheng,Hong Kong,80.00,DR,35273.96,N
00034,SHAN,JS168,JS168.E,JS168.E-TO,2613518,999,2026,1,2026-01-26 00:00:00,19000,34240,316183,Jushi Group,297156,Jushi - Global Parent,Ethan Cheng,China,20.00,TO,41887.828,N
00034,SHAN,ME91735,ME91735.S,ME91735.S-TL,2611949,999,2026,1,2026-01-26 00:00:00,18000,34240,316183,Jushi Group,297156,Jushi - Global Parent,Ethan Cheng,China,18.00,TO,39683.205,N
00030,SING,JS168,JS168.S,JS168.S-TL,2616322,999,2026,1,2026-01-27 00:00:00,10000,SING,338064,TVS SCS SINGAPORE PTE LTD,338064,TVS SCS SINGAPORE PTE LTD,,Singapore,10.00,TO,22046.225,N
00030,SING,JS168,JS168.S,JS168.S-TL,2616507,999,2026,1,2026-01-27 00:00:00,1000,SING,338064,TVS SCS SINGAPORE PTE LTD,338064,TVS SCS SINGAPORE PTE LTD,,Singapore,1.00,TO,2204.6225,N
00030,SING,JS168,JS168.S,JS168.S-TL,2616579,999,2026,1,2026-01-27 00:00:00,10000,SING,338064,TVS SCS SINGAPORE PTE LTD,338064,TVS SCS SINGAPORE PTE LTD,,Singapore,10.00,TO,22046.225,N
00030,SING,JS168,JS168.S,JS168.S-TL,2616580,999,2026,1,2026-01-27 00:00:00,1000,SING,338064,TVS SCS SINGAPORE PTE LTD,338064,TVS SCS SINGAPORE PTE LTD,,Singapore,1.00,TO,2204.6225,N
00030,SNG4,BRIJS20,BRIJS20.S,BRIJS20.S,2615588,999,2026,1,2026-01-27 00:00:00,1200,SNG4,26227,Singapore Manufacturing,26227,Singapore Manufacturing,,Singapore,1200.00,KG,2645.52,N
00030,SNG4,JS168,JS168.S,JS168.S-TL,2580876,999,2026,1,2026-01-27 00:00:00,18000,30240,293048,"CHINA JUSHI CO, LTD",297156,Jushi - Global Parent,Ethan Cheng,China,18.00,TO,39683.205,N
00030,SNG4,ME92040,ME92040.S,ME92040.S-T2,2584631,999,2026,1,2026-01-27 00:00:00,16000,30220,289459,Kelly Technology - China(Kelly Shanghai),290132,Kelly Chemical (China) - Global Parent,Robin Li,China,16.00,TO,35273.96,N
00034,SHAN,ME91735,ME91735.S,ME91735.S-OP,2615737,999,2026,1,2026-01-27 00:00:00,200,34240,341026,Shanghai changwu-China,341026,Shanghai changwu-China,Ethan Cheng,China,1.00,DR,440.9245,N
00020,AUBA,JS168,JS168.E,JS168.E-TO,25002131,999,2026,1,2026-01-28 00:00:00,19000,20200,312396,Michelman (X) Shanghai PC,291477,Michelman Asia-Pacific - Global Parent,,China,20.00,TO,41887.828,N
00030,SING,JS168,JS168.S,JS168.S-TL,2617327,999,2026,1,2026-01-28 00:00:00,1000,SING,338064,TVS SCS SINGAPORE PTE LTD,338064,TVS SCS SINGAPORE PTE LTD,,Singapore,1.00,TO,2204.6225,N
00030,SNG4,BRIJS2,BRIJS2.S,BRIJS2.S,2616358,999,2026,1,2026-01-28 00:00:00,680,SNG4,26227,Singapore Manufacturing,26227,Singapore Manufacturing,,Singapore,680.00,KG,1499.1280000000002,N
00030,SNG4,BRIJS2,BRIJS2.S,BRIJS2.S,2616390,999,2026,1,2026-01-28 00:00:00,510,SNG4,26227,Singapore Manufacturing,26227,Singapore Manufacturing,,Singapore,510.00,KG,1124.346,N
00030,SNG4,BRIJS2,BRIJS2.S,BRIJS2.S,2616409,999,2026,1,2026-01-28 00:00:00,850,SNG4,26227,Singapore Manufacturing,26227,Singapore Manufacturing,,Singapore,850.00,KG,1873.9100000000003,N
00030,SNG4,BRIJS20,BRIJS20.S,BRIJS20.S,2616357,999,2026,1,2026-01-28 00:00:00,400,SNG4,26227,Singapore Manufacturing,26227,Singapore Manufacturing,,Singapore,400.00,KG,881.84,N
00034,SHAN,ME91240G,ME91240G.S,ME91240G.S-PD,2586250,999,2026,1,2026-01-28 00:00:00,2000,34220,327284,A-Star - China,334375,A-Star-Global Parent,Robin Li,China,10.00,DR,4409.245,N
00034,SHAN,ME91735,ME91735.S,ME91735.S-TL,2599659,999,2026,1,2026-01-28 00:00:00,12000,34240,307538,"SHANDONG FIBERGLASS GROUP CO.,LTD",309179,Shandong Fiberglass - Global Parent,Ethan Cheng,China,12.00,TO,26455.47,N
00034,SHAN,ME91735,ME91735.S,ME91735.S-TL,2615755,999,2026,1,2026-01-28 00:00:00,16000,34240,307538,"SHANDONG FIBERGLASS GROUP CO.,LTD",309179,Shandong Fiberglass - Global Parent,Ethan Cheng,China,16.00,TO,35273.96,N
00034,SHAN,ME92040,ME92040.S,ME92040.S-T2,2586250,999,2026,1,2026-01-28 00:00:00,5000,34220,327284,A-Star - China,334375,A-Star-Global Parent,Robin Li,China,5.00,TO,11023.1125,N
00030,SING,PP05S,PP05S.S,PP05S.S-OP,2617881,999,2026,1,2026-01-29 00:00:00,9600,SING,338064,TVS SCS SINGAPORE PTE LTD,338064,TVS SCS SINGAPORE PTE LTD,,Singapore,48.00,DR,21164.376,N
00030,SING,PP05S,PP05S.S,PP05S.S-OP,2617882,999,2026,1,2026-01-29 00:00:00,1800,SING,338064,TVS SCS SINGAPORE PTE LTD,338064,TVS SCS SINGAPORE PTE LTD,,Singapore,9.00,DR,3968.3205000000003,N
00030,SNG4,BRIJS20,BRIJS20.S,BRIJS20.S,2617157,999,2026,1,2026-01-29 00:00:00,400,SNG4,26227,Singapore Manufacturing,26227,Singapore Manufacturing,,Singapore,400.00,KG,881.84,N
00020,AUBA,JS168,JS168.E,JS168.E-TO,25002132,999,2026,1,2026-01-30 00:00:00,19000,20200,312396,Michelman (X) Shanghai PC,291477,Michelman Asia-Pacific - Global Parent,,China,20.00,TO,41887.828,N
00030,SING,ME87235,ME87235.S,ME87235.S-T2,2618917,999,2026,1,2026-01-30 00:00:00,6000,SING,338064,TVS SCS SINGAPORE PTE LTD,338064,TVS SCS SINGAPORE PTE LTD,,Singapore,6.00,TO,13227.735,N
00030,SING,ME87235,ME87235.S,ME87235.S-T2,2618918,999,2026,1,2026-01-30 00:00:00,10000,SING,338064,TVS SCS SINGAPORE PTE LTD,338064,TVS SCS SINGAPORE PTE LTD,,Singapore,10.00,TO,22046.225,N
00030,SING,ME87235,ME87235.S,ME87235.S-T2,2618919,999,2026,1,2026-01-30 00:00:00,4000,SING,338064,TVS SCS SINGAPORE PTE LTD,338064,TVS SCS SINGAPORE PTE LTD,,Singapore,4.00,TO,8818.49,N
00030,SING,ME91735,ME91735.S,ME91735.S-OP,2618640,999,2026,1,2026-01-30 00:00:00,5000,SING,338064,TVS SCS SINGAPORE PTE LTD,338064,TVS SCS SINGAPORE PTE LTD,,Singapore,25.00,DR,11023.112500000001,N
00030,SING,PP05S,PP05S.S,PP05S.S-OP,2618640,999,2026,1,2026-01-30 00:00:00,2400,SING,338064,TVS SCS SINGAPORE PTE LTD,338064,TVS SCS SINGAPORE PTE LTD,,Singapore,12.00,DR,5291.094,N
00030,SING,PP05S,PP05S.S,PP05S.S-OP,2618917,999,2026,1,2026-01-30 00:00:00,4000,SING,338064,TVS SCS SINGAPORE PTE LTD,338064,TVS SCS SINGAPORE PTE LTD,,Singapore,20.00,DR,8818.49,N
00030,SNG4,211018IX,211018IX.S,211018IX.S-OP,2544438,999,2026,1,2026-01-30 00:00:00,6400,30240,289504,GR KOREA LTD (Formerly OCK) - KOREA,290156,Owens Corning Vetrotex - Global Parent,Brandon Lee,South Korea,32.00,DR,14109.583999999999,N
00030,SNG4,BRIJS2,BRIJS2.S,BRIJS2.S,2617935,999,2026,1,2026-01-30 00:00:00,680,SNG4,26227,Singapore Manufacturing,26227,Singapore Manufacturing,,Singapore,680.00,KG,1499.1280000000002,N
00030,SNG4,BRIJS20,BRIJS20.S,BRIJS20.S,2617936,999,2026,1,2026-01-30 00:00:00,2000,SNG4,26227,Singapore Manufacturing,26227,Singapore Manufacturing,,Singapore,2000.00,KG,4409.2,N
00030,SNG4,JS168,JS168.S,JS168.S-TL,2580877,999,2026,1,2026-01-30 00:00:00,18000,30240,293048,"CHINA JUSHI CO, LTD",297156,Jushi - Global Parent,Ethan Cheng,China,18.00,TO,39683.205,N
00030,SNG4,JS168,JS168.S,JS168.S-TL,2580878,999,2026,1,2026-01-30 00:00:00,18000,30240,293048,"CHINA JUSHI CO, LTD",297156,Jushi - Global Parent,Ethan Cheng,China,18.00,TO,39683.205,N
00030,SNG4,JS168,JS168.S,JS168.S-TL,2580879,999,2026,1,2026-01-30 00:00:00,18000,30240,293048,"CHINA JUSHI CO, LTD",297156,Jushi - Global Parent,Ethan Cheng,China,18.00,TO,39683.205,N
00030,SING,ME91735,ME91735.S,ME91735.S-OP,2621048,999,2026,2,2026-02-02 00:00:00,9400,SING,338064,TVS SCS SINGAPORE PTE LTD,338064,TVS SCS SINGAPORE PTE LTD,,Singapore,47.00,DR,20723.451500000003,N
00030,SING,ME91735,ME91735.S,ME91735.S-TL,2620852,999,2026,2,2026-02-02 00:00:00,4000,SING,338064,TVS SCS SINGAPORE PTE LTD,338064,TVS SCS SINGAPORE PTE LTD,,Singapore,4.00,TO,8818.49,N
00030,SING,ME91735,ME91735.S,ME91735.S-TL,2620887,999,2026,2,2026-02-02 00:00:00,10000,SING,338064,TVS SCS SINGAPORE PTE LTD,338064,TVS SCS SINGAPORE PTE LTD,,Singapore,10.00,TO,22046.225,N
00030,SING,PP05S,PP05S.S,PP05S.S-OP,2620869,999,2026,2,2026-02-02 00:00:00,2000,SING,338064,TVS SCS SINGAPORE PTE LTD,338064,TVS SCS SINGAPORE PTE LTD,,Singapore,10.00,DR,4409.245,N
00030,SING,PP05S,PP05S.S,PP05S.S-OP,2620960,999,2026,2,2026-02-02 00:00:00,8400,SING,338064,TVS SCS SINGAPORE PTE LTD,338064,TVS SCS SINGAPORE PTE LTD,,Singapore,42.00,DR,18518.829,N
00030,SNG4,211018IX,211018IX.S,211018IX.S-OP,2544438,999,2026,2,2026-02-02 00:00:00,6400,30240,289504,GR KOREA LTD (Formerly OCK) - KOREA,290156,Owens Corning Vetrotex - Global Parent,Brandon Lee,South Korea,32.00,DR,14109.583999999999,N
00030,SNG4,BRIJS2,BRIJS2.S,BRIJS2.S,2618696,999,2026,2,2026-02-02 00:00:00,680,SNG4,26227,Singapore Manufacturing,26227,Singapore Manufacturing,,Singapore,680.00,KG,1499.1280000000002,N
00030,SNG4,BRIJS20,BRIJS20.S,BRIJS20.S,2618695,999,2026,2,2026-02-02 00:00:00,400,SNG4,26227,Singapore Manufacturing,26227,Singapore Manufacturing,,Singapore,400.00,KG,881.84,N
00030,SING,ME87235,ME87235.S,ME87235.S-T2,2621906,999,2026,2,2026-02-03 00:00:00,6000,SING,338064,TVS SCS SINGAPORE PTE LTD,338064,TVS SCS SINGAPORE PTE LTD,,Singapore,6.00,TO,13227.735,N
00030,SNG4,BRIJS20,BRIJS20.S,BRIJS20.S,2620888,999,2026,2,2026-02-03 00:00:00,800,SNG4,26227,Singapore Manufacturing,26227,Singapore Manufacturing,,Singapore,800.00,KG,1763.68,N
00034,SHAN,ME91735,ME91735.S,ME91735.S-TL,2621820,999,2026,2,2026-02-03 00:00:00,3000,34240,304363,WEIYUAN NEIHUA-China,330955,Sichuan Weibo Group -Global Parent,Ethan Cheng,China,3.00,TO,6613.8675,N
00030,SING,ME90640,ME90640.S,ME90640.S-PD,2622441,999,2026,2,2026-02-04 00:00:00,5600,SING,338064,TVS SCS SINGAPORE PTE LTD,338064,TVS SCS SINGAPORE PTE LTD,,Singapore,28.00,DR,12345.886,N
00030,SING,ME91735,ME91735.S,ME91735.S-OP,2622655,999,2026,2,2026-02-04 00:00:00,200,SING,338064,TVS SCS SINGAPORE PTE LTD,338064,TVS SCS SINGAPORE PTE LTD,,Singapore,1.00,DR,440.9245,N
00030,SING,PP05S,PP05S.S,PP05S.S-OP,2622424,999,2026,2,2026-02-04 00:00:00,9200,SING,338064,TVS SCS SINGAPORE PTE LTD,338064,TVS SCS SINGAPORE PTE LTD,,Singapore,46.00,DR,20282.527000000002,N
00030,SING,PP05S,PP05S.S,PP05S.S-OP,2622425,999,2026,2,2026-02-04 00:00:00,3200,SING,338064,TVS SCS SINGAPORE PTE LTD,338064,TVS SCS SINGAPORE PTE LTD,,Singapore,16.00,DR,7054.792,N
00030,SNG4,BRIJS20,BRIJS20.S,BRIJS20.S,2621674,999,2026,2,2026-02-04 00:00:00,400,SNG4,26227,Singapore Manufacturing,26227,Singapore Manufacturing,,Singapore,400.00,KG,881.84,N
00034,SHAN,JS168,JS168.E,JS168.E-TO,2621872,999,2026,2,2026-02-04 00:00:00,38000,34240,316183,Jushi Group,297156,Jushi - Global Parent,Ethan Cheng,China,40.00,TO,83775.656,N
00030,SING,ME91240G,ME91240G.S,ME91240G.S-PD,2623198,999,2026,2,2026-02-05 00:00:00,3400,SING,338064,TVS SCS SINGAPORE PTE LTD,338064,TVS SCS SINGAPORE PTE LTD,,Singapore,17.00,DR,7495.7165,N
00030,SING,ME91240G,ME91240G.S,ME91240G.S-PD,2623199,999,2026,2,2026-02-05 00:00:00,8200,SING,338064,TVS SCS SINGAPORE PTE LTD,338064,TVS SCS SINGAPORE PTE LTD,,Singapore,41.00,DR,18077.9045,N
00030,SING,PP05S,PP05S.S,PP05S.S-OP,2623197,999,2026,2,2026-02-05 00:00:00,5600,SING,338064,TVS SCS SINGAPORE PTE LTD,338064,TVS SCS SINGAPORE PTE LTD,,Singapore,28.00,DR,12345.886,N
00030,SING,PP05S,PP05S.S,PP05S.S-OP,2623198,999,2026,2,2026-02-05 00:00:00,5600,SING,338064,TVS SCS SINGAPORE PTE LTD,338064,TVS SCS SINGAPORE PTE LTD,,Singapore,28.00,DR,12345.886,N
00030,SNG4,ME91735,ME91735.S,ME91735.S-OP,2565041,999,2026,2,2026-02-05 00:00:00,6000,30200,300385,Michelman New Material - China,291477,Michelman Asia-Pacific - Global Parent,,China,30.00,DR,13227.735,N
00030,SNG4,ME91735,ME91735.S,ME91735.S-TL,2565041,999,2026,2,2026-02-05 00:00:00,12000,30200,300385,Michelman New Material - China,291477,Michelman Asia-Pacific - Global Parent,,China,12.00,TO,26455.47,N
00034,SHAN,JS168,JS168.E,JS168.E-TO,2622524,999,2026,2,2026-02-05 00:00:00,38000,34240,316183,Jushi Group,297156,Jushi - Global Parent,Ethan Cheng,China,40.00,TO,83775.656,N
00034,SHAN,ME91735,ME91735.S,ME91735.S-TL,2621928,999,2026,2,2026-02-05 00:00:00,55000,34240,307538,"SHANDONG FIBERGLASS GROUP CO.,LTD",309179,Shandong Fiberglass - Global Parent,Ethan Cheng,China,55.00,TO,121254.2375,N
00030,SING,PP05S,PP05S.S,PP05S.S-OP,2623945,999,2026,2,2026-02-06 00:00:00,9600,SING,338064,TVS SCS SINGAPORE PTE LTD,338064,TVS SCS SINGAPORE PTE LTD,,Singapore,48.00,DR,21164.376,N
00030,SING,PP05S,PP05S.S,PP05S.S-OP,2624060,999,2026,2,2026-02-06 00:00:00,1600,SING,338064,TVS SCS SINGAPORE PTE LTD,338064,TVS SCS SINGAPORE PTE LTD,,Singapore,8.00,DR,3527.396,N
00030,SNG4,ME92040,ME92040.S,ME92040.S-PD,2604987,999,2026,2,2026-02-06 00:00:00,6000,30200,300385,Michelman New Material - China,291477,Michelman Asia-Pacific - Global Parent,,China,30.00,DR,13227.735,N
00030,SING,PP05S,PP05S.S,PP05S.S-OP,2624819,999,2026,2,2026-02-07 00:00:00,2400,SING,338064,TVS SCS SINGAPORE PTE LTD,338064,TVS SCS SINGAPORE PTE LTD,,Singapore,12.00,DR,5291.094,N
00030,SING,PP05S,PP05S.S,PP05S.S-OP,2624820,999,2026,2,2026-02-07 00:00:00,9000,SING,338064,TVS SCS SINGAPORE PTE LTD,338064,TVS SCS SINGAPORE PTE LTD,,Singapore,45.00,DR,19841.6025,N
00030,SING,ME91735,ME91735.S,ME91735.S-TL,2626157,999,2026,2,2026-02-09 00:00:00,1000,SING,338064,TVS SCS SINGAPORE PTE LTD,338064,TVS SCS SINGAPORE PTE LTD,,Singapore,1.00,TO,2204.6225,N
00030,SING,ME91735,ME91735.S,ME91735.S-TL,2626158,999,2026,2,2026-02-09 00:00:00,10000,SING,338064,TVS SCS SINGAPORE PTE LTD,338064,TVS SCS SINGAPORE PTE LTD,,Singapore,10.00,TO,22046.225,N
00030,SNG4,BRIJS2,BRIJS2.S,BRIJS2.S,2624008,999,2026,2,2026-02-09 00:00:00,700,SNG4,26227,Singapore Manufacturing,26227,Singapore Manufacturing,,Singapore,700.00,KG,1543.22,N
00030,SNG4,BRIJS2,BRIJS2.S,BRIJS2.S,2624062,999,2026,2,2026-02-09 00:00:00,680,SNG4,26227,Singapore Manufacturing,26227,Singapore Manufacturing,,Singapore,680.00,KG,1499.1280000000002,N
00030,SNG4,NYS2104,NYS2104.S,NYS2104.S-OP,2622674,999,2026,2,2026-02-09 00:00:00,400,30200,317300,Michelman Private Ltd,291477,Michelman Asia-Pacific - Global Parent,,India,400.00,KG,881.84,N
00030,SNG4,TSPP01,TSPP01.S,TSPP01.S-TL,2601302,999,2026,2,2026-02-09 00:00:00,10000,30240,294060,Taishan Fiberglass Inc. - China,296197,Taishan Fiberglass - Global Parent,Ethan Cheng,China,10.00,TO,22046.225,N
00034,SHAN,JS168,JS168.E,JS168.E-TO,2622637,999,2026,2,2026-02-09 00:00:00,19000,34240,316183,Jushi Group,297156,Jushi - Global Parent,Ethan Cheng,China,20.00,TO,41887.828,N
00034,SHAN,JS168,JS168.E,JS168.E-TO,2623403,999,2026,2,2026-02-09 00:00:00,1900,34240,316183,Jushi Group,297156,Jushi - Global Parent,Ethan Cheng,China,2.00,TO,4188.7828,N
00030,SING,ME92040,ME92040.S,ME92040.S-T2,2626935,999,2026,2,2026-02-10 00:00:00,6000,SING,338064,TVS SCS SINGAPORE PTE LTD,338064,TVS SCS SINGAPORE PTE LTD,,Singapore,6.00,TO,13227.735,N
00030,SNG4,BRIJS20,BRIJS20.S,BRIJS20.S,2626382,999,2026,2,2026-02-10 00:00:00,400,SNG4,26227,Singapore Manufacturing,26227,Singapore Manufacturing,,Singapore,400.00,KG,881.84,N
00034,SHAN,JS168,JS168.E,JS168.E-TO,2624217,999,2026,2,2026-02-10 00:00:00,14250,34240,308274,Linyi Tianju (Shandong Fiberglass Group),309179,Shandong Fiberglass - Global Parent,Ethan Cheng,China,15.00,TO,31415.871000000003,N
00034,SHAN,JS168,JS168.E,JS168.E-TO,2626220,999,2026,2,2026-02-10 00:00:00,35150,34240,307538,"SHANDONG FIBERGLASS GROUP CO.,LTD",309179,Shandong Fiberglass - Global Parent,Ethan Cheng,China,37.00,TO,77492.48180000001,N
00030,SING,ME92040,ME92040.S,ME92040.S-PD,2627707,999,2026,2,2026-02-11 00:00:00,5200,SING,338064,TVS SCS SINGAPORE PTE LTD,338064,TVS SCS SINGAPORE PTE LTD,,Singapore,26.00,DR,11464.037,N
00030,SING,ME92040,ME92040.S,ME92040.S-T2,2627707,999,2026,2,2026-02-11 00:00:00,1000,SING,338064,TVS SCS SINGAPORE PTE LTD,338064,TVS SCS SINGAPORE PTE LTD,,Singapore,1.00,TO,2204.6225,N
00030,SING,ME92040,ME92040.S,ME92040.S-T2,2627972,999,2026,2,2026-02-11 00:00:00,5000,SING,338064,TVS SCS SINGAPORE PTE LTD,338064,TVS SCS SINGAPORE PTE LTD,,Singapore,5.00,TO,11023.1125,N
00030,SNG4,BRIJS20,BRIJS20.S,BRIJS20.S,2627159,999,2026,2,2026-02-11 00:00:00,1200,SNG4,26227,Singapore Manufacturing,26227,Singapore Manufacturing,,Singapore,1200.00,KG,2645.52,N
00030,SING,ME92040,ME92040.S,ME92040.S-PD,2628457,999,2026,2,2026-02-12 00:00:00,2800,SING,338064,TVS SCS SINGAPORE PTE LTD,338064,TVS SCS SINGAPORE PTE LTD,,Singapore,14.00,DR,6172.943,N
00030,SING,ME92040,ME92040.S,ME92040.S-PD,2628577,999,2026,2,2026-02-12 00:00:00,9600,SING,338064,TVS SCS SINGAPORE PTE LTD,338064,TVS SCS SINGAPORE PTE LTD,,Singapore,48.00,DR,21164.376,N
00030,SING,ME92040,ME92040.S,ME92040.S-PD,2628578,999,2026,2,2026-02-12 00:00:00,2200,SING,338064,TVS SCS SINGAPORE PTE LTD,338064,TVS SCS SINGAPORE PTE LTD,,Singapore,11.00,DR,4850.1695,N
00030,SING,ME92040,ME92040.S,ME92040.S-T2,2628474,999,2026,2,2026-02-12 00:00:00,9000,SING,338064,TVS SCS SINGAPORE PTE LTD,338064,TVS SCS SINGAPORE PTE LTD,,Singapore,9.00,TO,19841.6025,N
00030,SNG4,BRIJS2,BRIJS2.S,BRIJS2.S,2627762,999,2026,2,2026-02-12 00:00:00,680,SNG4,26227,Singapore Manufacturing,26227,Singapore Manufacturing,,Singapore,680.00,KG,1499.1280000000002,N
00030,SNG4,BRIJS20,BRIJS20.S,BRIJS20.S,2627743,999,2026,2,2026-02-12 00:00:00,800,SNG4,26227,Singapore Manufacturing,26227,Singapore Manufacturing,,Singapore,800.00,KG,1763.68,N
00030,SNG4,ME87235,ME87235.S,ME87235.S-T2,2584630,999,2026,2,2026-02-12 00:00:00,10000,30220,289459,Kelly Technology - China(Kelly Shanghai),290132,Kelly Chemical (China) - Global Parent,Robin Li,China,10.00,TO,22046.225,N
00030,SNG4,ME87235,ME87235.S,ME87235.S-T2,2610988,999,2026,2,2026-02-12 00:00:00,16000,30220,289459,Kelly Technology - China(Kelly Shanghai),290132,Kelly Chemical (China) - Global Parent,Robin Li,China,16.00,TO,35273.96,N
00030,SNG4,ME91240G,ME91240G.S,ME91240G.S-PD,2584630,999,2026,2,2026-02-12 00:00:00,6000,30220,289459,Kelly Technology - China(Kelly Shanghai),290132,Kelly Chemical (China) - Global Parent,Robin Li,China,30.00,DR,13227.735,N
00030,SNG4,ME91240G,ME91240G.S,ME91240G.S-PD,2606647,999,2026,2,2026-02-12 00:00:00,5000,30200,300385,Michelman New Material - China,291477,Michelman Asia-Pacific - Global Parent,,China,25.00,DR,11023.1125,N
00030,SNG4,ME91735,ME91735.S,ME91735.S-OP,2584757,999,2026,2,2026-02-12 00:00:00,9600,30240,289504,GR KOREA LTD (Formerly OCK) - KOREA,290156,Owens Corning Vetrotex - Global Parent,Brandon Lee,South Korea,48.00,DR,21164.376000000004,N
00030,SNG4,ME91735,ME91735.S,ME91735.S-TL,2599662,999,2026,2,2026-02-12 00:00:00,11000,30200,300385,Michelman New Material - China,291477,Michelman Asia-Pacific - Global Parent,,China,11.00,TO,24250.8475,N
00030,SNG4,PP05S,PP05S.S,PP05S.S-OP,2581555,999,2026,2,2026-02-12 00:00:00,16000,30240,307037,CPIC - Hong Kong,294294,Chongqing CPIC - Global Parent,Ethan Cheng,Hong Kong,80.00,DR,35273.96,N
00030,SING,ME92040,ME92040.S,ME92040.S-PD,2629243,999,2026,2,2026-02-13 00:00:00,5600,SING,338064,TVS SCS SINGAPORE PTE LTD,338064,TVS SCS SINGAPORE PTE LTD,,Singapore,28.00,DR,12345.886,N
00030,SING,ME92040,ME92040.S,ME92040.S-PD,2629244,999,2026,2,2026-02-13 00:00:00,800,SING,338064,TVS SCS SINGAPORE PTE LTD,338064,TVS SCS SINGAPORE PTE LTD,,Singapore,4.00,DR,1763.698,N
00030,SING,ME92040,ME92040.S,ME92040.S-T2,2629243,999,2026,2,2026-02-13 00:00:00,1000,SING,338064,TVS SCS SINGAPORE PTE LTD,338064,TVS SCS SINGAPORE PTE LTD,,Singapore,1.00,TO,2204.6225,N
00030,SING,ME92040,ME92040.S,ME92040.S-T2,2629244,999,2026,2,2026-02-13 00:00:00,5000,SING,338064,TVS SCS SINGAPORE PTE LTD,338064,TVS SCS SINGAPORE PTE LTD,,Singapore,5.00,TO,11023.1125,N
00030,SNG4,BRIJS20,BRIJS20.S,BRIJS20.S,2628535,999,2026,2,2026-02-13 00:00:00,800,SNG4,26227,Singapore Manufacturing,26227,Singapore Manufacturing,,Singapore,800.00,KG,1763.68,N
00030,SING,ME91240G,ME91240G.S,ME91240G.S-PD,2631470,999,2026,2,2026-02-16 00:00:00,5800,SING,338064,TVS SCS SINGAPORE PTE LTD,338064,TVS SCS SINGAPORE PTE LTD,,Singapore,29.00,DR,12786.810500000001,N
00030,SING,ME91240G,ME91240G.S,ME91240G.S-PD,2631519,999,2026,2,2026-02-16 00:00:00,1800,SING,338064,TVS SCS SINGAPORE PTE LTD,338064,TVS SCS SINGAPORE PTE LTD,,Singapore,9.00,DR,3968.3205000000003,N
00030,SNG4,ME90640,ME90640.S,ME90640.S-PD,2599561,999,2026,2,2026-02-19 00:00:00,6000,30220,329026,Kelly Dongguan - China,290132,Kelly Chemical (China) - Global Parent,"Dai,Zhaochen(Vincent)",China,30.00,DR,13227.735,N
00030,SNG4,ME92040,ME92040.S,ME92040.S-PD,2599561,999,2026,2,2026-02-19 00:00:00,2000,30220,329026,Kelly Dongguan - China,290132,Kelly Chemical (China) - Global Parent,"Dai,Zhaochen(Vincent)",China,10.00,DR,4409.245,N
00030,SNG4,ME92040,ME92040.S,ME92040.S-T2,2599561,999,2026,2,2026-02-19 00:00:00,8000,30220,329026,Kelly Dongguan - China,290132,Kelly Chemical (China) - Global Parent,"Dai,Zhaochen(Vincent)",China,8.00,TO,17636.98,N
00030,SNG4,PP05S,PP05S.S,PP05S.S-OP,2569547,999,2026,2,2026-02-19 00:00:00,16000,30240,307037,CPIC - Hong Kong,294294,Chongqing CPIC - Global Parent,Ethan Cheng,Hong Kong,80.00,DR,35273.96,N
00030,SNG4,PP05S,PP05S.S,PP05S.S-OP,2569548,999,2026,2,2026-02-19 00:00:00,16000,30240,307037,CPIC - Hong Kong,294294,Chongqing CPIC - Global Parent,Ethan Cheng,Hong Kong,80.00,DR,35273.96000000001,N
00030,SING,PP05S,PP05S.S,PP05S.S-OP,2634495,999,2026,2,2026-02-20 00:00:00,9600,SING,338064,TVS SCS SINGAPORE PTE LTD,338064,TVS SCS SINGAPORE PTE LTD,,Singapore,48.00,DR,21164.376,N
00030,SING,PP05S,PP05S.S,PP05S.S-OP,2634496,999,2026,2,2026-02-20 00:00:00,1800,SING,338064,TVS SCS SINGAPORE PTE LTD,338064,TVS SCS SINGAPORE PTE LTD,,Singapore,9.00,DR,3968.3205000000003,N
00030,SING,PP05S,PP05S.S,PP05S.S-OP,2634542,999,2026,2,2026-02-20 00:00:00,9600,SING,338064,TVS SCS SINGAPORE PTE LTD,338064,TVS SCS SINGAPORE PTE LTD,,Singapore,48.00,DR,21164.376,N
00030,SING,PP05S,PP05S.S,PP05S.S-OP,2634543,999,2026,2,2026-02-20 00:00:00,2200,SING,338064,TVS SCS SINGAPORE PTE LTD,338064,TVS SCS SINGAPORE PTE LTD,,Singapore,11.00,DR,4850.1695,N
00030,SING,PP05S,PP05S.S,PP05S.S-OP,2634580,999,2026,2,2026-02-20 00:00:00,1800,SING,338064,TVS SCS SINGAPORE PTE LTD,338064,TVS SCS SINGAPORE PTE LTD,,Singapore,9.00,DR,3968.3205000000003,N
00030,SING,PP05S,PP05S.S,PP05S.S-OP,2634657,999,2026,2,2026-02-20 00:00:00,8000,SING,338064,TVS SCS SINGAPORE PTE LTD,338064,TVS SCS SINGAPORE PTE LTD,,Singapore,40.00,DR,17636.98,N
00030,SING,PP05S,PP05S.S,PP05S.S-OP,2634735,999,2026,2,2026-02-20 00:00:00,3200,SING,338064,TVS SCS SINGAPORE PTE LTD,338064,TVS SCS SINGAPORE PTE LTD,,Singapore,16.00,DR,7054.792,N
00030,SNG4,BRIJS2,BRIJS2.S,BRIJS2.S,2633794,999,2026,2,2026-02-20 00:00:00,680,SNG4,26227,Singapore Manufacturing,26227,Singapore Manufacturing,,Singapore,680.00,KG,1499.1280000000002,N
00030,SNG4,BRIJS2,BRIJS2.S,BRIJS2.S,2633832,999,2026,2,2026-02-20 00:00:00,510,SNG4,26227,Singapore Manufacturing,26227,Singapore Manufacturing,,Singapore,510.00,KG,1124.346,N
00030,SNG4,ME92040,ME92040.S,ME92040.S-PD,2612752,999,2026,2,2026-02-20 00:00:00,4000,30200,300385,Michelman New Material - China,291477,Michelman Asia-Pacific - Global Parent,,China,20.00,DR,8818.49,N
00030,SNG4,ME92040,ME92040.S,ME92040.S-PD,2616510,999,2026,2,2026-02-20 00:00:00,8000,30200,300385,Michelman New Material - China,291477,Michelman Asia-Pacific - Global Parent,,China,40.00,DR,17636.98,N
00030,SNG4,PP05S,PP05S.S,PP05S.S-OP,2601847,999,2026,2,2026-02-20 00:00:00,4600,30240,311174,CPIC Brasil,294294,Chongqing CPIC - Global Parent,Ethan Cheng,Brazil,23.00,DR,10141.2635,N
00020,AUBA,JS168,JS168.E,JS168.E-TO,25002133,999,2026,2,2026-02-23 00:00:00,19000,20200,312396,Michelman (X) Shanghai PC,291477,Michelman Asia-Pacific - Global Parent,,China,20.00,TO,41887.828,N
00020,AUBA,JS168,JS168.E,JS168.E-TO,25002134,999,2026,2,2026-02-23 00:00:00,19000,20200,312396,Michelman (X) Shanghai PC,291477,Michelman Asia-Pacific - Global Parent,,China,20.00,TO,41887.828,N
00020,AUBA,JS168,JS168.E,JS168.E-TO,25002135,999,2026,2,2026-02-23 00:00:00,19000,20200,312396,Michelman (X) Shanghai PC,291477,Michelman Asia-Pacific - Global Parent,,China,20.00,TO,41887.828,N
00020,AUBA,JS168,JS168.E,JS168.E-TO,25002136,999,2026,2,2026-02-23 00:00:00,19000,20200,312396,Michelman (X) Shanghai PC,291477,Michelman Asia-Pacific - Global Parent,,China,20.00,TO,41887.828,N
00020,AUBA,JS168,JS168.E,JS168.E-TO,25002137,999,2026,2,2026-02-23 00:00:00,19000,20200,312396,Michelman (X) Shanghai PC,291477,Michelman Asia-Pacific - Global Parent,,China,20.00,TO,41887.828,N
00020,AUBA,JS168,JS168.E,JS168.E-TO,25002138,999,2026,2,2026-02-23 00:00:00,19000,20200,312396,Michelman (X) Shanghai PC,291477,Michelman Asia-Pacific - Global Parent,,China,20.00,TO,41887.828,N
00020,AUBA,JS168,JS168.E,JS168.E-TO,25002139,999,2026,2,2026-02-23 00:00:00,19000,20200,312396,Michelman (X) Shanghai PC,291477,Michelman Asia-Pacific - Global Parent,,China,20.00,TO,41887.828,N
00020,AUBA,JS168,JS168.E,JS168.E-TO,25002140,999,2026,2,2026-02-23 00:00:00,19000,20200,312396,Michelman (X) Shanghai PC,291477,Michelman Asia-Pacific - Global Parent,,China,20.00,TO,41887.828,N
00020,AUBA,JS168,JS168.E,JS168.E-TO,25002141,999,2026,2,2026-02-23 00:00:00,19000,20200,312396,Michelman (X) Shanghai PC,291477,Michelman Asia-Pacific - Global Parent,,China,20.00,TO,41887.828,N
00020,AUBA,JS168,JS168.E,JS168.E-TO,25002142,999,2026,2,2026-02-23 00:00:00,19000,20200,312396,Michelman (X) Shanghai PC,291477,Michelman Asia-Pacific - Global Parent,,China,20.00,TO,41887.828,N
00020,AUBA,JS168,JS168.E,JS168.E-TO,25002143,999,2026,2,2026-02-23 00:00:00,19000,20200,312396,Michelman (X) Shanghai PC,291477,Michelman Asia-Pacific - Global Parent,,China,20.00,TO,41887.828,N
00020,AUBA,JS168,JS168.E,JS168.E-TO,25002144,999,2026,2,2026-02-23 00:00:00,19000,20200,312396,Michelman (X) Shanghai PC,291477,Michelman Asia-Pacific - Global Parent,,China,20.00,TO,41887.828,N
00020,AUBA,JS168,JS168.E,JS168.E-TO,25002145,999,2026,2,2026-02-23 00:00:00,19000,20200,312396,Michelman (X) Shanghai PC,291477,Michelman Asia-Pacific - Global Parent,,China,20.00,TO,41887.828,N
00020,AUBA,JS168,JS168.E,JS168.E-TO,25002146,999,2026,2,2026-02-23 00:00:00,19000,20200,312396,Michelman (X) Shanghai PC,291477,Michelman Asia-Pacific - Global Parent,,China,20.00,TO,41887.828,N
00020,AUBA,JS168,JS168.E,JS168.E-TO,25002210,999,2026,2,2026-02-23 00:00:00,19000,20200,312396,Michelman (X) Shanghai PC,291477,Michelman Asia-Pacific - Global Parent,,China,20.00,TO,41887.828,N
00030,SNG4,BRIJS2,BRIJS2.S,BRIJS2.S,2634561,999,2026,2,2026-02-23 00:00:00,680,SNG4,26227,Singapore Manufacturing,26227,Singapore Manufacturing,,Singapore,680.00,KG,1499.1280000000002,N
00030,SNG4,BRIJS20,BRIJS20.S,BRIJS20.S,2636730,999,2026,2,2026-02-24 00:00:00,400,SNG4,26227,Singapore Manufacturing,26227,Singapore Manufacturing,,Singapore,400.00,KG,881.84,N
00030,SNG4,BRIJS2,BRIJS2.S,BRIJS2.S,2638250,999,2026,2,2026-02-26 00:00:00,680,SNG4,26227,Singapore Manufacturing,26227,Singapore Manufacturing,,Singapore,680.00,KG,1499.1280000000002,N
00030,SNG4,BRIJS20,BRIJS20.S,BRIJS20.S,2638251,999,2026,2,2026-02-26 00:00:00,400,SNG4,26227,Singapore Manufacturing,26227,Singapore Manufacturing,,Singapore,400.00,KG,881.84,N
00030,SNG4,ME92040,ME92040.S,ME92040.S-T2,2607407,999,2026,2,2026-02-26 00:00:00,4000,30200,300385,Michelman New Material - China,291477,Michelman Asia-Pacific - Global Parent,,China,4.00,TO,8818.49,N
00030,SING,ME92040,ME92040.S,ME92040.S-T2,2639765,999,2026,2,2026-02-27 00:00:00,8000,SING,338064,TVS SCS SINGAPORE PTE LTD,338064,TVS SCS SINGAPORE PTE LTD,,Singapore,8.00,TO,17636.98,N
00030,SING,ME92040,ME92040.S,ME92040.S-T2,2639797,999,2026,2,2026-02-27 00:00:00,3000,SING,338064,TVS SCS SINGAPORE PTE LTD,338064,TVS SCS SINGAPORE PTE LTD,,Singapore,3.00,TO,6613.8675,N
00030,SNG4,BRIJS2,BRIJS2.S,BRIJS2.S,2639071,999,2026,2,2026-02-27 00:00:00,1360,SNG4,26227,Singapore Manufacturing,26227,Singapore Manufacturing,,Singapore,1360.00,KG,2998.2560000000003,N
00030,SNG4,BRIJS20,BRIJS20.S,BRIJS20.S,2639072,999,2026,2,2026-02-27 00:00:00,2400,SNG4,26227,Singapore Manufacturing,26227,Singapore Manufacturing,,Singapore,2400.00,KG,5291.04,N
00030,SNG4,ME91240G,ME91240G.S,ME91240G.S-PD,2605799,999,2026,2,2026-02-27 00:00:00,7200,30220,289459,Kelly Technology - China(Kelly Shanghai),290132,Kelly Chemical (China) - Global Parent,Robin Li,China,36.00,DR,15873.282,N
00030,SNG4,ME91240G,ME91240G.S,ME91240G.S-PD,2618730,999,2026,2,2026-02-27 00:00:00,2400,30220,332913,Guangdong Supcosmos-China,332367,Guangzhou J&T - Global Parent,"Dai,Zhaochen(Vincent)",China,12.00,DR,5291.094,N
00030,SNG4,ME92040,ME92040.S,ME92040.S-PD,2600315,999,2026,2,2026-02-27 00:00:00,16000,30220,332913,Guangdong Supcosmos-China,332367,Guangzhou J&T - Global Parent,"Dai,Zhaochen(Vincent)",China,80.00,DR,35273.96,N
00030,SNG4,ME92040,ME92040.S,ME92040.S-PD,2618730,999,2026,2,2026-02-27 00:00:00,10400,30220,332913,Guangdong Supcosmos-China,332367,Guangzhou J&T - Global Parent,"Dai,Zhaochen(Vincent)",China,52.00,DR,22928.074,N
00030,SNG4,ME92040,ME92040.S,ME92040.S-T2,2605799,999,2026,2,2026-02-27 00:00:00,15000,30220,289459,Kelly Technology - China(Kelly Shanghai),290132,Kelly Chemical (China) - Global Parent,Robin Li,China,15.00,TO,33069.3375,N
00030,SING,ME92040,ME92040.S,ME92040.S-PD,2640540,999,2026,2,2026-02-28 00:00:00,5600,SING,338064,TVS SCS SINGAPORE PTE LTD,338064,TVS SCS SINGAPORE PTE LTD,,Singapore,28.00,DR,12345.886,N
00030,SING,ME92040,ME92040.S,ME92040.S-T2,2640540,999,2026,2,2026-02-28 00:00:00,1000,SING,338064,TVS SCS SINGAPORE PTE LTD,338064,TVS SCS SINGAPORE PTE LTD,,Singapore,1.00,TO,2204.6225,N
00030,SING,JS168,JS168.S,JS168.S-TL,2642001,999,2026,3,2026-03-02 00:00:00,10000,SING,338064,TVS SCS SINGAPORE PTE LTD,338064,TVS SCS SINGAPORE PTE LTD,,Singapore,10.00,TO,22046.225,N
00030,SING,JS168,JS168.S,JS168.S-TL,2642003,999,2026,3,2026-03-02 00:00:00,10000,SING,338064,TVS SCS SINGAPORE PTE LTD,338064,TVS SCS SINGAPORE PTE LTD,,Singapore,10.00,TO,22046.225,N
00030,SING,JS168,JS168.S,JS168.S-TL,2642006,999,2026,3,2026-03-02 00:00:00,10000,SING,338064,TVS SCS SINGAPORE PTE LTD,338064,TVS SCS SINGAPORE PTE LTD,,Singapore,10.00,TO,22046.225,N
00030,SING,JS168,JS168.S,JS168.S-TL,2642022,999,2026,3,2026-03-02 00:00:00,1000,SING,338064,TVS SCS SINGAPORE PTE LTD,338064,TVS SCS SINGAPORE PTE LTD,,Singapore,1.00,TO,2204.6225,N
00030,SING,JS168,JS168.S,JS168.S-TL,2642088,999,2026,3,2026-03-02 00:00:00,3000,SING,338064,TVS SCS SINGAPORE PTE LTD,338064,TVS SCS SINGAPORE PTE LTD,,Singapore,3.00,TO,6613.8675,N
00030,SNG4,BRIJS20,BRIJS20.S,BRIJS20.S,2639800,999,2026,3,2026-03-02 00:00:00,400,SNG4,26227,Singapore Manufacturing,26227,Singapore Manufacturing,,Singapore,400.00,KG,881.84,N
00034,SHAN,ME92040,ME92040.S,ME92040.S-PD,2618079,999,2026,3,2026-03-02 00:00:00,6000,34220,353032,Shanghai Taipuwan(Achemical)-China,329796,Shanghai Achemical-Global Parent,Robin Li,China,30.00,DR,13227.735,N
00030,SING,JS168,JS168.S,JS168.S-TL,2642761,999,2026,3,2026-03-03 00:00:00,10000,SING,338064,TVS SCS SINGAPORE PTE LTD,338064,TVS SCS SINGAPORE PTE LTD,,Singapore,10.00,TO,22046.225,N
00030,SING,JS168,JS168.S,JS168.S-TL,2642762,999,2026,3,2026-03-03 00:00:00,1000,SING,338064,TVS SCS SINGAPORE PTE LTD,338064,TVS SCS SINGAPORE PTE LTD,,Singapore,1.00,TO,2204.6225,N
00030,SING,JS168,JS168.S,JS168.S-TL,2642993,999,2026,3,2026-03-03 00:00:00,1000,SING,338064,TVS SCS SINGAPORE PTE LTD,338064,TVS SCS SINGAPORE PTE LTD,,Singapore,1.00,TO,2204.6225,N
00030,SNG4,BRIJS2,BRIJS2.S,BRIJS2.S,2642200,999,2026,3,2026-03-03 00:00:00,700,SNG4,26227,Singapore Manufacturing,26227,Singapore Manufacturing,,Singapore,700.00,KG,1543.22,N
00030,SNG4,BRIJS2,BRIJS2.S,BRIJS2.S,2642223,999,2026,3,2026-03-03 00:00:00,680,SNG4,26227,Singapore Manufacturing,26227,Singapore Manufacturing,,Singapore,680.00,KG,1499.1280000000002,N
00030,SNG4,BRIJS20,BRIJS20.S,BRIJS20.S,2642201,999,2026,3,2026-03-03 00:00:00,400,SNG4,26227,Singapore Manufacturing,26227,Singapore Manufacturing,,Singapore,400.00,KG,881.84,N
00030,SING,JS168,JS168.S,JS168.S-TL,2643537,999,2026,3,2026-03-04 00:00:00,10000,SING,338064,TVS SCS SINGAPORE PTE LTD,338064,TVS SCS SINGAPORE PTE LTD,,Singapore,10.00,TO,22046.225,N
00030,SING,JS168,JS168.S,JS168.S-TL,2643737,999,2026,3,2026-03-04 00:00:00,1000,SING,338064,TVS SCS SINGAPORE PTE LTD,338064,TVS SCS SINGAPORE PTE LTD,,Singapore,1.00,TO,2204.6225,N
00030,SNG4,BRIJS20,BRIJS20.S,BRIJS20.S,2642812,999,2026,3,2026-03-04 00:00:00,400,SNG4,26227,Singapore Manufacturing,26227,Singapore Manufacturing,,Singapore,400.00,KG,881.84,N
00034,SHAN,ME91735,ME91735.S,ME91735.S-OP,2642939,999,2026,3,2026-03-04 00:00:00,3000,34240,304363,WEIYUAN NEIHUA-China,330955,Sichuan Weibo Group -Global Parent,Ethan Cheng,China,15.00,DR,6613.8675,N
00034,SHAN,ME91735,ME91735.S,ME91735.S-OP,2642940,999,2026,3,2026-03-04 00:00:00,800,34240,304363,WEIYUAN NEIHUA-China,330955,Sichuan Weibo Group -Global Parent,Ethan Cheng,China,4.00,DR,1763.698,N
00030,SING,JS168,JS168.S,JS168.S-TL,2644308,999,2026,3,2026-03-05 00:00:00,8000,SING,338064,TVS SCS SINGAPORE PTE LTD,338064,TVS SCS SINGAPORE PTE LTD,,Singapore,8.00,TO,17636.98,N
00030,SING,JS168,JS168.S,JS168.S-TL,2644325,999,2026,3,2026-03-05 00:00:00,1000,SING,338064,TVS SCS SINGAPORE PTE LTD,338064,TVS SCS SINGAPORE PTE LTD,,Singapore,1.00,TO,2204.6225,N
00030,SING,MG7140,MG7140.S,MG7140.S-OP,2644374,999,2026,3,2026-03-05 00:00:00,6200,SING,338064,TVS SCS SINGAPORE PTE LTD,338064,TVS SCS SINGAPORE PTE LTD,,Singapore,31.00,DR,13668.659500000002,N
00030,SING,MG7140,MG7140.S,MG7140.S-OP,2644383,999,2026,3,2026-03-05 00:00:00,6200,SING,338064,TVS SCS SINGAPORE PTE LTD,338064,TVS SCS SINGAPORE PTE LTD,,Singapore,31.00,DR,13668.659500000002,N
00030,SNG4,BRIJS2,BRIJS2.S,BRIJS2.S,2643587,999,2026,3,2026-03-05 00:00:00,680,SNG4,26227,Singapore Manufacturing,26227,Singapore Manufacturing,,Singapore,680.00,KG,1499.1280000000002,N
00030,SNG4,ME91735,ME91735.S,ME91735.S-TL,2623452,999,2026,3,2026-03-05 00:00:00,3000,30200,300385,Michelman New Material - China,291477,Michelman Asia-Pacific - Global Parent,,China,3.00,TO,6613.8675,N
00030,SING,MG7140,MG7140.S,MG7140.S-OP,2645134,999,2026,3,2026-03-06 00:00:00,9600,SING,338064,TVS SCS SINGAPORE PTE LTD,338064,TVS SCS SINGAPORE PTE LTD,,Singapore,48.00,DR,21164.376,N
00030,SING,MG7140,MG7140.S,MG7140.S-OP,2645135,999,2026,3,2026-03-06 00:00:00,1800,SING,338064,TVS SCS SINGAPORE PTE LTD,338064,TVS SCS SINGAPORE PTE LTD,,Singapore,9.00,DR,3968.3205000000003,N
00030,SING,PP05S,PP05S.S,PP05S.S-OP,2645135,999,2026,3,2026-03-06 00:00:00,7200,SING,338064,TVS SCS SINGAPORE PTE LTD,338064,TVS SCS SINGAPORE PTE LTD,,Singapore,36.00,DR,15873.282000000001,N
00030,SING,PP05S,PP05S.S,PP05S.S-OP,2645151,999,2026,3,2026-03-06 00:00:00,7600,SING,338064,TVS SCS SINGAPORE PTE LTD,338064,TVS SCS SINGAPORE PTE LTD,,Singapore,38.00,DR,16755.131,N
00030,SNG4,BRIJS2,BRIJS2.S,BRIJS2.S,2644378,999,2026,3,2026-03-06 00:00:00,680,SNG4,26227,Singapore Manufacturing,26227,Singapore Manufacturing,,Singapore,680.00,KG,1499.1280000000002,N
00030,SNG4,BRIJS20,BRIJS20.S,BRIJS20.S,2644379,999,2026,3,2026-03-06 00:00:00,2000,SNG4,26227,Singapore Manufacturing,26227,Singapore Manufacturing,,Singapore,2000.00,KG,4409.200000000001,N
00035,MUM3,NYS2104,NYS2104.S,NYS2104.S-OP,2633909,999,2026,3,2026-03-06 00:00:00,400,35220,342081,CALDIC SPECIALTIES INDIA PRIVATE LIMITED,347014,Caldic India - Global Parent,Rohan Aranjo,India,400.00,KG,881.84,N
00030,SING,JS168,JS168.S,JS168.S-TL,2646005,999,2026,3,2026-03-07 00:00:00,1000,SING,338064,TVS SCS SINGAPORE PTE LTD,338064,TVS SCS SINGAPORE PTE LTD,,Singapore,1.00,TO,2204.6225,N
00030,SNG4,BRIJS2,BRIJS2.S,BRIJS2.S,2645194,999,2026,3,2026-03-07 00:00:00,680,SNG4,26227,Singapore Manufacturing,26227,Singapore Manufacturing,,Singapore,680.00,KG,1499.1280000000002,N
00030,SING,ME92040,ME92040.S,ME92040.S-PD,2646905,999,2026,3,2026-03-09 00:00:00,3800,SING,338064,TVS SCS SINGAPORE PTE LTD,338064,TVS SCS SINGAPORE PTE LTD,,Singapore,19.00,DR,8377.5655,N
00030,SING,ME92040,ME92040.S,ME92040.S-T2,2646905,999,2026,3,2026-03-09 00:00:00,2000,SING,338064,TVS SCS SINGAPORE PTE LTD,338064,TVS SCS SINGAPORE PTE LTD,,Singapore,2.00,TO,4409.245,N
00030,SING,PP05S,PP05S.S,PP05S.S-OP,2646876,999,2026,3,2026-03-09 00:00:00,8400,SING,338064,TVS SCS SINGAPORE PTE LTD,338064,TVS SCS SINGAPORE PTE LTD,,Singapore,42.00,DR,18518.829,N
00030,SING,PP05S,PP05S.S,PP05S.S-OP,2646877,999,2026,3,2026-03-09 00:00:00,3200,SING,338064,TVS SCS SINGAPORE PTE LTD,338064,TVS SCS SINGAPORE PTE LTD,,Singapore,16.00,DR,7054.792,N
00030,SING,PP05S,PP05S.S,PP05S.S-OP,2646886,999,2026,3,2026-03-09 00:00:00,400,SING,338064,TVS SCS SINGAPORE PTE LTD,338064,TVS SCS SINGAPORE PTE LTD,,Singapore,2.00,DR,881.849,N
00030,SING,PP05S,PP05S.S,PP05S.S-OP,2646887,999,2026,3,2026-03-09 00:00:00,9600,SING,338064,TVS SCS SINGAPORE PTE LTD,338064,TVS SCS SINGAPORE PTE LTD,,Singapore,48.00,DR,21164.376,N
00030,SING,PP05S,PP05S.S,PP05S.S-OP,2646894,999,2026,3,2026-03-09 00:00:00,1600,SING,338064,TVS SCS SINGAPORE PTE LTD,338064,TVS SCS SINGAPORE PTE LTD,,Singapore,8.00,DR,3527.396,N
00034,SHAN,ME91240G,ME91240G.S,ME91240G.S-PD,2616391,999,2026,3,2026-03-09 00:00:00,5000,34220,327284,A-Star - China,334375,A-Star-Global Parent,Robin Li,China,25.00,DR,11023.112500000001,N
00030,SING,ME91240G,ME91240G.S,ME91240G.S-PD,2647309,999,2026,3,2026-03-10 00:00:00,5800,SING,338064,TVS SCS SINGAPORE PTE LTD,338064,TVS SCS SINGAPORE PTE LTD,,Singapore,29.00,DR,12786.810500000001,N
00030,SING,ME91240G,ME91240G.S,ME91240G.S-PD,2647376,999,2026,3,2026-03-10 00:00:00,6000,SING,338064,TVS SCS SINGAPORE PTE LTD,338064,TVS SCS SINGAPORE PTE LTD,,Singapore,30.00,DR,13227.735,N
00030,SING,PP05S,PP05S.S,PP05S.S-OP,2647108,999,2026,3,2026-03-10 00:00:00,7800,SING,338064,TVS SCS SINGAPORE PTE LTD,338064,TVS SCS SINGAPORE PTE LTD,,Singapore,39.00,DR,17196.055500000002,N
00030,SING,PP05S,PP05S.S,PP05S.S-OP,2647124,999,2026,3,2026-03-10 00:00:00,2400,SING,338064,TVS SCS SINGAPORE PTE LTD,338064,TVS SCS SINGAPORE PTE LTD,,Singapore,12.00,DR,5291.094,N
00030,SING,PP05S,PP05S.S,PP05S.S-OP,2647293,999,2026,3,2026-03-10 00:00:00,1600,SING,338064,TVS SCS SINGAPORE PTE LTD,338064,TVS SCS SINGAPORE PTE LTD,,Singapore,8.00,DR,3527.396,N
00030,SING,PP05S,PP05S.S,PP05S.S-OP,2648165,999,2026,3,2026-03-11 00:00:00,9600,SING,338064,TVS SCS SINGAPORE PTE LTD,338064,TVS SCS SINGAPORE PTE LTD,,Singapore,48.00,DR,21164.376,N
00030,SING,PP05S,PP05S.S,PP05S.S-OP,2648166,999,2026,3,2026-03-11 00:00:00,2000,SING,338064,TVS SCS SINGAPORE PTE LTD,338064,TVS SCS SINGAPORE PTE LTD,,Singapore,10.00,DR,4409.245,N
00030,SNG4,PP05S,PP05S.S,PP05S.S-OP,2600458,999,2026,3,2026-03-11 00:00:00,16000,30240,307037,CPIC - Hong Kong,294294,Chongqing CPIC - Global Parent,Ethan Cheng,Hong Kong,80.00,DR,35273.96,N
00030,SNG4,PP05S,PP05S.S,PP05S.S-OP,2600459,999,2026,3,2026-03-11 00:00:00,13600,30240,307037,CPIC - Hong Kong,294294,Chongqing CPIC - Global Parent,Ethan Cheng,Hong Kong,68.00,DR,29982.866,N
00030,SING,PP05S,PP05S.S,PP05S.S-OP,2648680,999,2026,3,2026-03-12 00:00:00,9400,SING,338064,TVS SCS SINGAPORE PTE LTD,338064,TVS SCS SINGAPORE PTE LTD,,Singapore,47.00,DR,20723.451500000003,N
00030,SING,PP05S,PP05S.S,PP05S.S-OP,2648859,999,2026,3,2026-03-12 00:00:00,1600,SING,338064,TVS SCS SINGAPORE PTE LTD,338064,TVS SCS SINGAPORE PTE LTD,,Singapore,8.00,DR,3527.396,N
00030,SNG4,MG7140,MG7140.S,MG7140.S-OP,2631538,999,2026,3,2026-03-12 00:00:00,8000,30220,291765,"Koventure Co., Ltd - Thailand",290683,Koventure (FormerGowell)- Global Parent,Rohan Aranjo,Thailand,40.00,DR,17636.98,N
00030,SING,ME91735,ME91735.S,ME91735.S-OP,2649450,999,2026,3,2026-03-13 00:00:00,8000,SING,338064,TVS SCS SINGAPORE PTE LTD,338064,TVS SCS SINGAPORE PTE LTD,,Singapore,40.00,DR,17636.98,N
00030,SING,ME91735,ME91735.S,ME91735.S-TL,2649451,999,2026,3,2026-03-13 00:00:00,2000,SING,338064,TVS SCS SINGAPORE PTE LTD,338064,TVS SCS SINGAPORE PTE LTD,,Singapore,2.00,TO,4409.245,N
00030,SING,TSPP01,TSPP01.S,TSPP01.S-TL,2649450,999,2026,3,2026-03-13 00:00:00,2000,SING,338064,TVS SCS SINGAPORE PTE LTD,338064,TVS SCS SINGAPORE PTE LTD,,Singapore,2.00,TO,4409.245,N
00030,SNG4,MG7140,MG7140.S,MG7140.S-OP,2630147,999,2026,3,2026-03-13 00:00:00,15800,30220,291765,"Koventure Co., Ltd - Thailand",290683,Koventure (FormerGowell)- Global Parent,Rohan Aranjo,Thailand,79.00,DR,34833.035500000005,N
00030,SING,TSPP01,TSPP01.S,TSPP01.S-TL,2650324,999,2026,3,2026-03-14 00:00:00,10000,SING,338064,TVS SCS SINGAPORE PTE LTD,338064,TVS SCS SINGAPORE PTE LTD,,Singapore,10.00,TO,22046.225,N
00030,SING,TSPP01,TSPP01.S,TSPP01.S-TL,2650326,999,2026,3,2026-03-14 00:00:00,1000,SING,338064,TVS SCS SINGAPORE PTE LTD,338064,TVS SCS SINGAPORE PTE LTD,,Singapore,1.00,TO,2204.6225,N
00030,SING,211018IX,211018IX.S,211018IX.S-OP,2651748,999,2026,3,2026-03-16 00:00:00,6400,SING,338064,TVS SCS SINGAPORE PTE LTD,338064,TVS SCS SINGAPORE PTE LTD,,Singapore,32.00,DR,14109.584,N
00030,SING,211018IX,211018IX.S,211018IX.S-OP,2651859,999,2026,3,2026-03-16 00:00:00,1600,SING,338064,TVS SCS SINGAPORE PTE LTD,338064,TVS SCS SINGAPORE PTE LTD,,Singapore,8.00,DR,3527.396,N
00030,SNG4,ME92040,ME92040.S,ME92040.S-T2,2621854,999,2026,3,2026-03-16 00:00:00,16000,30220,289459,Kelly Technology - China(Kelly Shanghai),290132,Kelly Chemical (China) - Global Parent,Robin Li,China,16.00,TO,35273.96,N
00030,SNG4,211018IX,211018IX.S,211018IX.S-OP,2563464,999,2026,3,2026-03-17 00:00:00,6000,30240,289504,GR KOREA LTD (Formerly OCK) - KOREA,290156,Owens Corning Vetrotex - Global Parent,Brandon Lee,South Korea,30.00,DR,13227.735,N
00034,SHAN,ME92040,ME92040.S,ME92040.S-PD,2621908,999,2026,3,2026-03-17 00:00:00,4000,34220,327284,A-Star - China,334375,A-Star-Global Parent,Robin Li,China,20.00,DR,8818.49,N
00030,SING,ME91240G,ME91240G.S,ME91240G.S-PD,2653238,999,2026,3,2026-03-18 00:00:00,5800,SING,338064,TVS SCS SINGAPORE PTE LTD,338064,TVS SCS SINGAPORE PTE LTD,,Singapore,29.00,DR,12786.810500000001,N
00030,SING,ME91240G,ME91240G.S,ME91240G.S-PD,2653239,999,2026,3,2026-03-18 00:00:00,5800,SING,338064,TVS SCS SINGAPORE PTE LTD,338064,TVS SCS SINGAPORE PTE LTD,,Singapore,29.00,DR,12786.810500000001,N
00030,SING,ME91240G,ME91240G.S,ME91240G.S-PD,2653255,999,2026,3,2026-03-18 00:00:00,5800,SING,338064,TVS SCS SINGAPORE PTE LTD,338064,TVS SCS SINGAPORE PTE LTD,,Singapore,29.00,DR,12786.810500000001,N
00030,SNG4,PP05S,PP05S.S,PP05S.S-OP,2589341,999,2026,3,2026-03-18 00:00:00,16000,30240,307037,CPIC - Hong Kong,294294,Chongqing CPIC - Global Parent,Ethan Cheng,Hong Kong,80.00,DR,35273.96000000001,N
00030,SING,ME91240G,ME91240G.S,ME91240G.S-PD,2654026,999,2026,3,2026-03-19 00:00:00,5800,SING,338064,TVS SCS SINGAPORE PTE LTD,338064,TVS SCS SINGAPORE PTE LTD,,Singapore,29.00,DR,12786.810500000001,N
00030,SING,ME91240G,ME91240G.S,ME91240G.S-PD,2654230,999,2026,3,2026-03-19 00:00:00,6000,SING,338064,TVS SCS SINGAPORE PTE LTD,338064,TVS SCS SINGAPORE PTE LTD,,Singapore,30.00,DR,13227.735,N
00030,SING,ME92040,ME92040.S,ME92040.S-PD,2654025,999,2026,3,2026-03-19 00:00:00,9600,SING,338064,TVS SCS SINGAPORE PTE LTD,338064,TVS SCS SINGAPORE PTE LTD,,Singapore,48.00,DR,21164.376,N
00030,SING,ME92040,ME92040.S,ME92040.S-PD,2654026,999,2026,3,2026-03-19 00:00:00,2000,SING,338064,TVS SCS SINGAPORE PTE LTD,338064,TVS SCS SINGAPORE PTE LTD,,Singapore,10.00,DR,4409.245,N
00034,SHAN,ME92040,ME92040.S,ME92040.S-PD,2616489,999,2026,3,2026-03-19 00:00:00,8000,34220,353032,Shanghai Taipuwan(Achemical)-China,329796,Shanghai Achemical-Global Parent,Robin Li,China,40.00,DR,17636.98,N
00034,SHAN,ME92040,ME92040.S,ME92040.S-T2,2621908,999,2026,3,2026-03-19 00:00:00,4000,34220,327284,A-Star - China,334375,A-Star-Global Parent,Robin Li,China,4.00,TO,8818.49,N
00030,SING,ME90640,ME90640.S,ME90640.S-PD,2654810,999,2026,3,2026-03-20 00:00:00,1600,SING,338064,TVS SCS SINGAPORE PTE LTD,338064,TVS SCS SINGAPORE PTE LTD,,Singapore,8.00,DR,3527.396,N
00030,SING,ME90640,ME90640.S,ME90640.S-PD,2654811,999,2026,3,2026-03-20 00:00:00,9600,SING,338064,TVS SCS SINGAPORE PTE LTD,338064,TVS SCS SINGAPORE PTE LTD,,Singapore,48.00,DR,21164.376,N
00030,SING,ME90640,ME90640.S,ME90640.S-PD,2655084,999,2026,3,2026-03-20 00:00:00,600,SING,338064,TVS SCS SINGAPORE PTE LTD,338064,TVS SCS SINGAPORE PTE LTD,,Singapore,3.00,DR,1322.7735,N
00030,SING,ME92040,ME92040.S,ME92040.S-PD,2654809,999,2026,3,2026-03-20 00:00:00,3800,SING,338064,TVS SCS SINGAPORE PTE LTD,338064,TVS SCS SINGAPORE PTE LTD,,Singapore,19.00,DR,8377.5655,N
00030,SING,ME92040,ME92040.S,ME92040.S-PD,2654810,999,2026,3,2026-03-20 00:00:00,8000,SING,338064,TVS SCS SINGAPORE PTE LTD,338064,TVS SCS SINGAPORE PTE LTD,,Singapore,40.00,DR,17636.98,N
00034,SHAN,ME91735,ME91735.S,ME91735.S-TL,2615738,999,2026,3,2026-03-20 00:00:00,9000,34240,307538,"SHANDONG FIBERGLASS GROUP CO.,LTD",309179,Shandong Fiberglass - Global Parent,Ethan Cheng,China,9.00,TO,19841.6025,N
00034,SHAN,ME91735,ME91735.S,ME91735.S-TL,2651768,999,2026,3,2026-03-20 00:00:00,5000,34240,308274,Linyi Tianju (Shandong Fiberglass Group),309179,Shandong Fiberglass - Global Parent,Ethan Cheng,China,5.00,TO,11023.1125,N
00034,SHAN,ME91735,ME91735.S,ME91735.S-TL,2653361,999,2026,3,2026-03-20 00:00:00,15000,34240,307538,"SHANDONG FIBERGLASS GROUP CO.,LTD",309179,Shandong Fiberglass - Global Parent,Ethan Cheng,China,15.00,TO,33069.3375,N
00030,SING,ME90640,ME90640.S,ME90640.S-PD,2656315,999,2026,3,2026-03-22 00:00:00,9600,SING,338064,TVS SCS SINGAPORE PTE LTD,338064,TVS SCS SINGAPORE PTE LTD,,Singapore,48.00,DR,21164.376,N
00030,SING,ME90640,ME90640.S,ME90640.S-PD,2656316,999,2026,3,2026-03-22 00:00:00,9600,SING,338064,TVS SCS SINGAPORE PTE LTD,338064,TVS SCS SINGAPORE PTE LTD,,Singapore,48.00,DR,21164.376,N
00030,SING,ME90640,ME90640.S,ME90640.S-PD,2656379,999,2026,3,2026-03-22 00:00:00,4000,SING,338064,TVS SCS SINGAPORE PTE LTD,338064,TVS SCS SINGAPORE PTE LTD,,Singapore,20.00,DR,8818.49,N
00030,SING,MG7140,MG7140.S,MG7140.S-OP,2656333,999,2026,3,2026-03-22 00:00:00,8600,SING,338064,TVS SCS SINGAPORE PTE LTD,338064,TVS SCS SINGAPORE PTE LTD,,Singapore,43.00,DR,18959.753500000003,N
00030,SING,MG7140,MG7140.S,MG7140.S-OP,2656440,999,2026,3,2026-03-22 00:00:00,3200,SING,338064,TVS SCS SINGAPORE PTE LTD,338064,TVS SCS SINGAPORE PTE LTD,,Singapore,16.00,DR,7054.792,N
00030,SING,MG7140,MG7140.S,MG7140.S-OP,2657059,999,2026,3,2026-03-23 00:00:00,7000,SING,338064,TVS SCS SINGAPORE PTE LTD,338064,TVS SCS SINGAPORE PTE LTD,,Singapore,35.00,DR,15432.357500000002,N
00030,SING,MG7140,MG7140.S,MG7140.S-OP,2657106,999,2026,3,2026-03-23 00:00:00,4800,SING,338064,TVS SCS SINGAPORE PTE LTD,338064,TVS SCS SINGAPORE PTE LTD,,Singapore,24.00,DR,10582.188,N
00030,SNG4,ME91240G,ME91240G.S,ME91240G.S-PD,2638284,999,2026,3,2026-03-23 00:00:00,9600,30220,323383,Wonjin Chemicals - Korea,323399,Wonjin - Korea - Global Parent,Brandon Lee,South Korea,48.00,DR,21164.376,N
00030,SING,ME90640,ME90640.S,ME90640.S-PD,2657900,999,2026,3,2026-03-24 00:00:00,200,SING,338064,TVS SCS SINGAPORE PTE LTD,338064,TVS SCS SINGAPORE PTE LTD,,Singapore,1.00,DR,440.9245,N
00030,SNG4,ME91240G,ME91240G.S,ME91240G.S-PD,2646899,999,2026,3,2026-03-24 00:00:00,16000,30220,291765,"Koventure Co., Ltd - Thailand",290683,Koventure (FormerGowell)- Global Parent,Rohan Aranjo,Thailand,80.00,DR,35273.96,N
00030,SNG4,ME92040,ME92040.S,ME92040.S-PD,2647990,999,2026,3,2026-03-24 00:00:00,800,30220,338643,Union Chemical - Taiwan,338643,Union Chemical - Taiwan,"Dai,Zhaochen(Vincent)",Taiwan,4.00,DR,1763.698,N
00030,SNG4,PP05S,PP05S.S,PP05S.S-OP,2610274,999,2026,3,2026-03-24 00:00:00,14600,30240,311174,CPIC Brasil,294294,Chongqing CPIC - Global Parent,Ethan Cheng,Brazil,73.00,DR,32187.4885,N
00030,SING,ME92040,ME92040.S,ME92040.S-PD,2658632,999,2026,3,2026-03-25 00:00:00,5800,SING,338064,TVS SCS SINGAPORE PTE LTD,338064,TVS SCS SINGAPORE PTE LTD,,Singapore,29.00,DR,12786.810500000001,N
00030,SING,ME92040,ME92040.S,ME92040.S-PD,2658633,999,2026,3,2026-03-25 00:00:00,5800,SING,338064,TVS SCS SINGAPORE PTE LTD,338064,TVS SCS SINGAPORE PTE LTD,,Singapore,29.00,DR,12786.810500000001,N
00030,SNG4,JS168,JS168.S,JS168.S-TL,2580880,999,2026,3,2026-03-25 00:00:00,18000,30240,293048,"CHINA JUSHI CO, LTD",297156,Jushi - Global Parent,Ethan Cheng,China,18.00,TO,39683.205,N
00030,SNG4,JS168,JS168.S,JS168.S-TL,2580881,999,2026,3,2026-03-25 00:00:00,18000,30240,293048,"CHINA JUSHI CO, LTD",297156,Jushi - Global Parent,Ethan Cheng,China,18.00,TO,39683.205,N
00030,SNG4,JS168,JS168.S,JS168.S-TL,2580882,999,2026,3,2026-03-25 00:00:00,18000,30240,293048,"CHINA JUSHI CO, LTD",297156,Jushi - Global Parent,Ethan Cheng,China,18.00,TO,39683.205,N
00030,SNG4,JS168,JS168.S,JS168.S-TL,2580883,999,2026,3,2026-03-25 00:00:00,18000,30240,293048,"CHINA JUSHI CO, LTD",297156,Jushi - Global Parent,Ethan Cheng,China,18.00,TO,39683.205,N
00030,SING,ME92040,ME92040.S,ME92040.S-PD,2659384,999,2026,3,2026-03-26 00:00:00,7800,SING,338064,TVS SCS SINGAPORE PTE LTD,338064,TVS SCS SINGAPORE PTE LTD,,Singapore,39.00,DR,17196.055500000002,N
00030,SING,ME92040,ME92040.S,ME92040.S-PD,2659385,999,2026,3,2026-03-26 00:00:00,6000,SING,338064,TVS SCS SINGAPORE PTE LTD,338064,TVS SCS SINGAPORE PTE LTD,,Singapore,30.00,DR,13227.735,N
00030,SING,ME92040,ME92040.S,ME92040.S-T2,2659385,999,2026,3,2026-03-26 00:00:00,4000,SING,338064,TVS SCS SINGAPORE PTE LTD,338064,TVS SCS SINGAPORE PTE LTD,,Singapore,4.00,TO,8818.49,N
00030,SNG4,ME90640,ME90640.S,ME90640.S-PD,2644559,999,2026,3,2026-03-26 00:00:00,6000,30220,329026,Kelly Dongguan - China,290132,Kelly Chemical (China) - Global Parent,"Dai,Zhaochen(Vincent)",China,30.00,DR,13227.735,N
00030,SNG4,ME92040,ME92040.S,ME92040.S-PD,2644559,999,2026,3,2026-03-26 00:00:00,18000,30220,329026,Kelly Dongguan - China,290132,Kelly Chemical (China) - Global Parent,"Dai,Zhaochen(Vincent)",China,90.00,DR,39683.205,N
00030,SNG4,TSPP01,TSPP01.S,TSPP01.S-TL,2643638,999,2026,3,2026-03-26 00:00:00,12000,30240,294060,Taishan Fiberglass Inc. - China,296197,Taishan Fiberglass - Global Parent,Ethan Cheng,China,12.00,TO,26455.469999999998,N
00030,SING,ME92040,ME92040.S,ME92040.S-T2,2660376,999,2026,3,2026-03-27 00:00:00,5000,SING,338064,TVS SCS SINGAPORE PTE LTD,338064,TVS SCS SINGAPORE PTE LTD,,Singapore,5.00,TO,11023.1125,N
00030,SNG4,MG7140,MG7140.S,MG7140.S-OP,2646885,999,2026,3,2026-03-27 00:00:00,16000,30220,291765,"Koventure Co., Ltd - Thailand",290683,Koventure (FormerGowell)- Global Parent,Rohan Aranjo,Thailand,80.00,DR,35273.96,N
00034,SHAN,ME91735,ME91735.S,ME91735.S-TL,2427462,999,2026,3,2026-03-27 00:00:00,3000,34240,304363,WEIYUAN NEIHUA-China,330955,Sichuan Weibo Group -Global Parent,Ethan Cheng,China,3.00,TO,6613.8675,N
00030,SING,ME92040,ME92040.S,ME92040.S-T2,2660960,999,2026,3,2026-03-28 00:00:00,9000,SING,338064,TVS SCS SINGAPORE PTE LTD,338064,TVS SCS SINGAPORE PTE LTD,,Singapore,9.00,TO,19841.6025,N
00030,SING,ME92040,ME92040.S,ME92040.S-T2,2660961,999,2026,3,2026-03-28 00:00:00,2000,SING,338064,TVS SCS SINGAPORE PTE LTD,338064,TVS SCS SINGAPORE PTE LTD,,Singapore,2.00,TO,4409.245,N
00030,SING,BRIJS2,BRIJS2.S,BRIJS2.S,2662602,999,2026,3,2026-03-30 00:00:00,1360,SING,338064,TVS SCS SINGAPORE PTE LTD,338064,TVS SCS SINGAPORE PTE LTD,,Singapore,1360.00,KG,2998.2560000000003,N
00030,SING,ME92040,ME92040.S,ME92040.S-T2,2662451,999,2026,3,2026-03-30 00:00:00,4000,SING,338064,TVS SCS SINGAPORE PTE LTD,338064,TVS SCS SINGAPORE PTE LTD,,Singapore,4.00,TO,8818.49,N
00030,SING,ME92040,ME92040.S,ME92040.S-T2,2662452,999,2026,3,2026-03-30 00:00:00,7000,SING,338064,TVS SCS SINGAPORE PTE LTD,338064,TVS SCS SINGAPORE PTE LTD,,Singapore,7.00,TO,15432.3575,N
00030,SING,ME92040,ME92040.S,ME92040.S-T2,2662453,999,2026,3,2026-03-30 00:00:00,6000,SING,338064,TVS SCS SINGAPORE PTE LTD,338064,TVS SCS SINGAPORE PTE LTD,,Singapore,6.00,TO,13227.735,N
00030,SING,ME92040,ME92040.S,ME92040.S-T2,2662469,999,2026,3,2026-03-30 00:00:00,10000,SING,338064,TVS SCS SINGAPORE PTE LTD,338064,TVS SCS SINGAPORE PTE LTD,,Singapore,10.00,TO,22046.225,N
00030,SING,ME92040,ME92040.S,ME92040.S-T2,2662550,999,2026,3,2026-03-30 00:00:00,3000,SING,338064,TVS SCS SINGAPORE PTE LTD,338064,TVS SCS SINGAPORE PTE LTD,,Singapore,3.00,TO,6613.8675,N
00030,SING,ME92040,ME92040.S,ME92040.S-T2,2662602,999,2026,3,2026-03-30 00:00:00,1000,SING,338064,TVS SCS SINGAPORE PTE LTD,338064,TVS SCS SINGAPORE PTE LTD,,Singapore,1.00,TO,2204.6225,N
00030,SNG4,ME92040,ME92040.S,ME92040.S-PD,2648199,999,2026,3,2026-03-30 00:00:00,8000,30200,300385,Michelman New Material - China,291477,Michelman Asia-Pacific - Global Parent,,China,40.00,DR,17636.98,N
00030,SNG4,PP05S,PP05S.S,PP05S.S-OP,2627090,999,2026,3,2026-03-30 00:00:00,13400,30240,307037,CPIC - Hong Kong,294294,Chongqing CPIC - Global Parent,Ethan Cheng,Hong Kong,67.00,DR,29541.9415,N
00030,SNG4,PP05S,PP05S.S,PP05S.S-OP,2627089,999,2026,3,2026-03-31 00:00:00,16000,30240,307037,CPIC - Hong Kong,294294,Chongqing CPIC - Global Parent,Ethan Cheng,Hong Kong,80.00,DR,35273.96000000001,N
00030,SNG4,ME90640,ME90640.S,ME90640.S-PD,2646904,999,2026,4,2026-04-01 00:00:00,10000,30220,329026,Kelly Dongguan - China,290132,Kelly Chemical (China) - Global Parent,"Dai,Zhaochen(Vincent)",China,50.00,DR,22046.225000000002,N
00030,SNG4,ME92040,ME92040.S,ME92040.S-PD,2646904,999,2026,4,2026-04-01 00:00:00,14000,30220,329026,Kelly Dongguan - China,290132,Kelly Chemical (China) - Global Parent,"Dai,Zhaochen(Vincent)",China,70.00,DR,30864.715,N
00030,SNG4,211018IX,211018IX.S,211018IX.S-OP,2664007,999,2026,4,2026-04-02 00:00:00,200,SNG4,26227,Singapore Manufacturing,26227,Singapore Manufacturing,,Singapore,200.00,KG,440.92,N
00030,SNG4,ME92040,ME92040.S,ME92040.S-T2,2644593,999,2026,4,2026-04-02 00:00:00,24000,30220,289459,Kelly Technology - China(Kelly Shanghai),290132,Kelly Chemical (China) - Global Parent,Robin Li,China,24.00,TO,52910.939999999995,N
00030,SNG4,ME91240G,ME91240G.S,ME91240G.S-PD,2648200,999,2026,4,2026-04-03 00:00:00,5000,30200,300385,Michelman New Material - China,291477,Michelman Asia-Pacific - Global Parent,,China,25.00,DR,11023.112500000001,N
00030,SNG4,ME92040,ME92040.S,ME92040.S-T2,2648200,999,2026,4,2026-04-03 00:00:00,8000,30200,300385,Michelman New Material - China,291477,Michelman Asia-Pacific - Global Parent,,China,8.00,TO,17636.98,N
00030,SNG4,ME90640,ME90640.S,ME90640.S-PD,2646903,999,2026,4,2026-04-07 00:00:00,12000,30220,329026,Kelly Dongguan - China,290132,Kelly Chemical (China) - Global Parent,"Dai,Zhaochen(Vincent)",China,60.00,DR,26455.47,N
00030,SNG4,ME90640,ME90640.S,ME90640.S-PD,2646908,999,2026,4,2026-04-07 00:00:00,10000,30220,329026,Kelly Dongguan - China,290132,Kelly Chemical (China) - Global Parent,"Dai,Zhaochen(Vincent)",China,50.00,DR,22046.225000000002,N
00030,SNG4,ME91240G,ME91240G.S,ME91240G.S-PD,2646903,999,2026,4,2026-04-07 00:00:00,4000,30220,329026,Kelly Dongguan - China,290132,Kelly Chemical (China) - Global Parent,"Dai,Zhaochen(Vincent)",China,20.00,DR,8818.49,N
00030,SNG4,ME91240G,ME91240G.S,ME91240G.S-PD,2646908,999,2026,4,2026-04-07 00:00:00,4000,30220,329026,Kelly Dongguan - China,290132,Kelly Chemical (China) - Global Parent,"Dai,Zhaochen(Vincent)",China,20.00,DR,8818.49,N
00030,SNG4,ME92040,ME92040.S,ME92040.S-PD,2646908,999,2026,4,2026-04-07 00:00:00,4000,30220,329026,Kelly Dongguan - China,290132,Kelly Chemical (China) - Global Parent,"Dai,Zhaochen(Vincent)",China,20.00,DR,8818.49,N
00030,SNG4,ME92040,ME92040.S,ME92040.S-T2,2646903,999,2026,4,2026-04-07 00:00:00,8000,30220,329026,Kelly Dongguan - China,290132,Kelly Chemical (China) - Global Parent,"Dai,Zhaochen(Vincent)",China,8.00,TO,17636.98,N
00030,SNG4,ME92040,ME92040.S,ME92040.S-T2,2646908,999,2026,4,2026-04-07 00:00:00,6000,30220,329026,Kelly Dongguan - China,290132,Kelly Chemical (China) - Global Parent,"Dai,Zhaochen(Vincent)",China,6.00,TO,13227.735,N
00034,SHAN,ME91735,ME91735.S,ME91735.S-OP,2642923,999,2026,4,2026-04-08 00:00:00,200,34240,304363,WEIYUAN NEIHUA-China,330955,Sichuan Weibo Group -Global Parent,Ethan Cheng,China,1.00,DR,440.9245,N
00034,SHAN,ME91735,ME91735.S,ME91735.S-OP,2669384,999,2026,4,2026-04-08 00:00:00,1800,34240,304363,WEIYUAN NEIHUA-China,330955,Sichuan Weibo Group -Global Parent,Ethan Cheng,China,9.00,DR,3968.3205000000003,N
00034,SHAN,ME91735,ME91735.S,ME91735.S-TL,2642923,999,2026,4,2026-04-08 00:00:00,4000,34240,304363,WEIYUAN NEIHUA-China,330955,Sichuan Weibo Group -Global Parent,Ethan Cheng,China,4.00,TO,8818.49,N
00030,SNG4,ME91735,ME91735.S,ME91735.S-OP,2629582,999,2026,4,2026-04-10 00:00:00,8000,30240,289504,GR KOREA LTD (Formerly OCK) - KOREA,290156,Owens Corning Vetrotex - Global Parent,Brandon Lee,South Korea,40.00,DR,17636.98,N
00034,SHAN,ME91735,ME91735.S,ME91735.S-PL,2665701,999,2026,4,2026-04-13 00:00:00,18,34240,358048,Zibo Muze New Material-China,358048,Zibo Muze New Material-China,Ethan Cheng,China,1.00,PL,39.6832,N
00034,SHAN,ME91735,ME91735.S,ME91735.S-TL,2671011,999,2026,4,2026-04-13 00:00:00,3000,34240,307538,"SHANDONG FIBERGLASS GROUP CO.,LTD",309179,Shandong Fiberglass - Global Parent,Ethan Cheng,China,3.00,TO,6613.8675,N
00030,SNG4,ME92040,ME92040.S,ME92040.S-PD,2648826,999,2026,4,2026-04-14 00:00:00,16000,30220,332913,Guangdong Supcosmos-China,332367,Guangzhou J&T - Global Parent,"Dai,Zhaochen(Vincent)",China,80.00,DR,35273.96000000001,N
00034,SHAN,JS168,JS168.E,JS168.E-TO,2673331,999,2026,4,2026-04-14 00:00:00,49400,34240,316183,Jushi Group,297156,Jushi - Global Parent,Ethan Cheng,China,52.00,TO,108908.35280000001,N
00030,SING,MG7140,MG7140.S,MG7140.S-OP,2674591,999,2026,4,2026-04-15 00:00:00,5400,SING,338064,TVS SCS SINGAPORE PTE LTD,338064,TVS SCS SINGAPORE PTE LTD,,Singapore,27.00,DR,11904.961500000001,N
00030,SING,MG7140,MG7140.S,MG7140.S-OP,2674592,999,2026,4,2026-04-15 00:00:00,2400,SING,338064,TVS SCS SINGAPORE PTE LTD,338064,TVS SCS SINGAPORE PTE LTD,,Singapore,12.00,DR,5291.094,N
00030,SING,MG7140,MG7140.S,MG7140.S-OP,2674595,999,2026,4,2026-04-15 00:00:00,4600,SING,338064,TVS SCS SINGAPORE PTE LTD,338064,TVS SCS SINGAPORE PTE LTD,,Singapore,23.00,DR,10141.263500000001,N
00030,SING,MG7140,MG7140.S,MG7140.S-OP,2674598,999,2026,4,2026-04-15 00:00:00,3200,SING,338064,TVS SCS SINGAPORE PTE LTD,338064,TVS SCS SINGAPORE PTE LTD,,Singapore,16.00,DR,7054.792,N
00030,SNG4,BRIJS2,BRIJS2.S,BRIJS2.S,2673897,999,2026,4,2026-04-15 00:00:00,680,SNG4,26227,Singapore Manufacturing,26227,Singapore Manufacturing,,Singapore,680.00,KG,1499.1280000000002,N
00030,SNG4,PP05S,PP05S.S,PP05S.S-OP,2618306,999,2026,4,2026-04-15 00:00:00,16000,30240,307037,CPIC - Hong Kong,294294,Chongqing CPIC - Global Parent,Ethan Cheng,Hong Kong,80.00,DR,35273.96000000001,N
00034,SHAN,JS168,JS168.E,JS168.E-TO,2673934,999,2026,4,2026-04-15 00:00:00,7600,34240,316183,Jushi Group,297156,Jushi - Global Parent,Ethan Cheng,China,8.00,TO,16755.1312,N
00034,SHAN,ME92040,ME92040.S,ME92040.S-PD,2648762,999,2026,4,2026-04-15 00:00:00,8000,34220,353032,Shanghai Taipuwan(Achemical)-China,329796,Shanghai Achemical-Global Parent,Robin Li,China,40.00,DR,17636.98,N
00030,SING,ME92040,ME92040.S,ME92040.S-T2,2675675,999,2026,4,2026-04-16 00:00:00,5000,SING,338064,TVS SCS SINGAPORE PTE LTD,338064,TVS SCS SINGAPORE PTE LTD,,Singapore,5.00,TO,11023.1125,N
00030,SING,MG7140,MG7140.S,MG7140.S-OP,2675594,999,2026,4,2026-04-16 00:00:00,7800,SING,338064,TVS SCS SINGAPORE PTE LTD,338064,TVS SCS SINGAPORE PTE LTD,,Singapore,39.00,DR,17196.055500000002,N
00030,SNG4,MG7140,MG7140.S,MG7140.S-OP,2646890,999,2026,4,2026-04-16 00:00:00,13200,30220,291765,"Koventure Co., Ltd - Thailand",290683,Koventure (FormerGowell)- Global Parent,Rohan Aranjo,Thailand,66.00,DR,29101.017,N
00030,SNG4,PP05S,PP05S.S,PP05S.S-OP,2618307,999,2026,4,2026-04-16 00:00:00,16000,30240,307037,CPIC - Hong Kong,294294,Chongqing CPIC - Global Parent,Ethan Cheng,Hong Kong,80.00,DR,35273.96000000001,N
00030,SING,ME92040,ME92040.S,ME92040.S-T2,2676193,999,2026,4,2026-04-17 00:00:00,5000,SING,338064,TVS SCS SINGAPORE PTE LTD,338064,TVS SCS SINGAPORE PTE LTD,,Singapore,5.00,TO,11023.1125,N
00030,SNG4,ME91240G,ME91240G.S,ME91240G.S-PD,2662652,999,2026,4,2026-04-17 00:00:00,2000,30200,300385,Michelman New Material - China,291477,Michelman Asia-Pacific - Global Parent,,China,10.00,DR,4409.245,N
00030,SING,ME90640,ME90640.S,ME90640.S-PD,2678578,999,2026,4,2026-04-20 00:00:00,5600,SING,338064,TVS SCS SINGAPORE PTE LTD,338064,TVS SCS SINGAPORE PTE LTD,,Singapore,28.00,DR,12345.886,N
00030,SING,ME92040,ME92040.S,ME92040.S-PD,2678467,999,2026,4,2026-04-20 00:00:00,5800,SING,338064,TVS SCS SINGAPORE PTE LTD,338064,TVS SCS SINGAPORE PTE LTD,,Singapore,29.00,DR,12786.810500000001,N
00030,SING,ME92040,ME92040.S,ME92040.S-PD,2678499,999,2026,4,2026-04-20 00:00:00,5600,SING,338064,TVS SCS SINGAPORE PTE LTD,338064,TVS SCS SINGAPORE PTE LTD,,Singapore,28.00,DR,12345.886,N
00030,SING,ME92040,ME92040.S,ME92040.S-PD,2678516,999,2026,4,2026-04-20 00:00:00,4400,SING,338064,TVS SCS SINGAPORE PTE LTD,338064,TVS SCS SINGAPORE PTE LTD,,Singapore,22.00,DR,9700.339,N
00030,SING,ME92040,ME92040.S,ME92040.S-T2,2678516,999,2026,4,2026-04-20 00:00:00,3000,SING,338064,TVS SCS SINGAPORE PTE LTD,338064,TVS SCS SINGAPORE PTE LTD,,Singapore,3.00,TO,6613.8675,N
00030,SNG4,MG7140,MG7140.S,MG7140.S-OP,2664965,999,2026,4,2026-04-20 00:00:00,800,30220,289535,TIPPS(Formerly Toyo Ink)-Sin,289535,TIPPS(Formerly Toyo Ink)-Sin,Rohan Aranjo,Singapore,4.00,DR,1763.698,N
00030,SNG4,PP05S,PP05S.S,PP05S.S-OP,2631487,999,2026,4,2026-04-20 00:00:00,4200,30240,311174,CPIC Brasil,294294,Chongqing CPIC - Global Parent,Ethan Cheng,Brazil,21.00,DR,9259.4145,N
00030,SING,ME87235,ME87235.S,ME87235.S-T2,2679156,999,2026,4,2026-04-21 00:00:00,10000,SING,338064,TVS SCS SINGAPORE PTE LTD,338064,TVS SCS SINGAPORE PTE LTD,,Singapore,10.00,TO,22046.225,N
00030,SING,ME87235,ME87235.S,ME87235.S-T2,2679157,999,2026,4,2026-04-21 00:00:00,8000,SING,338064,TVS SCS SINGAPORE PTE LTD,338064,TVS SCS SINGAPORE PTE LTD,,Singapore,8.00,TO,17636.98,N
00030,SNG4,ME91240G,ME91240G.S,ME91240G.S-PD,2653522,999,2026,4,2026-04-21 00:00:00,4000,30220,321132,GuoLi(Shanghai) New Material,334357,Shanghai Li Sheng -Global Parent,Robin Li,China,20.00,DR,8818.49,N
00030,SNG4,ME92040,ME92040.S,ME92040.S-PD,2662652,999,2026,4,2026-04-22 00:00:00,10000,30200,300385,Michelman New Material - China,291477,Michelman Asia-Pacific - Global Parent,,China,50.00,DR,22046.225,N
00030,SNG4,ME92040,ME92040.S,ME92040.S-T2,2662652,999,2026,4,2026-04-22 00:00:00,6000,30200,300385,Michelman New Material - China,291477,Michelman Asia-Pacific - Global Parent,,China,6.00,TO,13227.734999999999,N
00030,SNG4,MG7140,MG7140.S,MG7140.S-OP,2675855,999,2026,4,2026-04-23 00:00:00,800,30220,289535,TIPPS(Formerly Toyo Ink)-Sin,289535,TIPPS(Formerly Toyo Ink)-Sin,Rohan Aranjo,Singapore,4.00,DR,1763.698,N
00034,SHAN,ME91240G,ME91240G.S,ME91240G.S-PD,2648760,999,2026,4,2026-04-23 00:00:00,600,34220,327284,A-Star - China,334375,A-Star-Global Parent,Robin Li,China,3.00,DR,1322.7735,N
00034,SHAN,ME92040,ME92040.S,ME92040.S-T2,2648760,999,2026,4,2026-04-23 00:00:00,8000,34220,327284,A-Star - China,334375,A-Star-Global Parent,Robin Li,China,8.00,TO,17636.98,N
00030,SING,ME91240G,ME91240G.S,ME91240G.S-PD,2682316,999,2026,4,2026-04-25 00:00:00,5800,SING,338064,TVS SCS SINGAPORE PTE LTD,338064,TVS SCS SINGAPORE PTE LTD,,Singapore,29.00,DR,12786.810500000001,N
00030,SING,ME91240G,ME91240G.S,ME91240G.S-PL,2682316,999,2026,4,2026-04-25 00:00:00,18,SING,338064,TVS SCS SINGAPORE PTE LTD,338064,TVS SCS SINGAPORE PTE LTD,,Singapore,1.00,PL,39.6832,N
00030,SNG4,ME91240G,ME91240G.S,ME91240G.S-PD,2664025,999,2026,4,2026-04-25 00:00:00,8000,30220,323383,Wonjin Chemicals - Korea,323399,Wonjin - Korea - Global Parent,Brandon Lee,South Korea,40.00,DR,17636.98,N
00030,SING,ME87235,ME87235.S,ME87235.S-T2,2683907,999,2026,4,2026-04-27 00:00:00,6000,SING,338064,TVS SCS SINGAPORE PTE LTD,338064,TVS SCS SINGAPORE PTE LTD,,Singapore,6.00,TO,13227.735,N
00030,SING,ME91240G,ME91240G.S,ME91240G.S-PD,2683719,999,2026,4,2026-04-27 00:00:00,5800,SING,338064,TVS SCS SINGAPORE PTE LTD,338064,TVS SCS SINGAPORE PTE LTD,,Singapore,29.00,DR,12786.810500000001,N
00030,SING,ME91240G,ME91240G.S,ME91240G.S-PD,2683887,999,2026,4,2026-04-27 00:00:00,5800,SING,338064,TVS SCS SINGAPORE PTE LTD,338064,TVS SCS SINGAPORE PTE LTD,,Singapore,29.00,DR,12786.810500000001,N
00030,SNG4,ME87235,ME87235.S,ME87235.S-T2,2644610,999,2026,4,2026-04-27 00:00:00,16000,30220,289459,Kelly Technology - China(Kelly Shanghai),290132,Kelly Chemical (China) - Global Parent,Robin Li,China,16.00,TO,35273.96,N
00030,SNG4,MG7140,MG7140.S,MG7140.S-OP,2649671,999,2026,4,2026-04-27 00:00:00,16000,30220,291765,"Koventure Co., Ltd - Thailand",290683,Koventure (FormerGowell)- Global Parent,Rohan Aranjo,Thailand,80.00,DR,35273.96,N
00034,SHAN,ME91735,ME91735.S,ME91735.S-OP,2680061,999,2026,4,2026-04-27 00:00:00,200,34240,304363,WEIYUAN NEIHUA-China,330955,Sichuan Weibo Group -Global Parent,Ethan Cheng,China,1.00,DR,440.9245,N
00030,SING,ME91240G,ME91240G.S,ME91240G.S-PD,2684656,999,2026,4,2026-04-28 00:00:00,400,SING,338064,TVS SCS SINGAPORE PTE LTD,338064,TVS SCS SINGAPORE PTE LTD,,Singapore,2.00,DR,881.849,N
00030,SING,ME91735,ME91735.S,ME91735.S-OP,2684495,999,2026,4,2026-04-28 00:00:00,8000,SING,338064,TVS SCS SINGAPORE PTE LTD,338064,TVS SCS SINGAPORE PTE LTD,,Singapore,40.00,DR,17636.98,N
00030,SING,ME91735,ME91735.S,ME91735.S-TL,2684494,999,2026,4,2026-04-28 00:00:00,10000,SING,338064,TVS SCS SINGAPORE PTE LTD,338064,TVS SCS SINGAPORE PTE LTD,,Singapore,10.00,TO,22046.225,N
00030,SING,ME91735,ME91735.S,ME91735.S-TL,2684495,999,2026,4,2026-04-28 00:00:00,1000,SING,338064,TVS SCS SINGAPORE PTE LTD,338064,TVS SCS SINGAPORE PTE LTD,,Singapore,1.00,TO,2204.6225,N
00030,SING,PP05S,PP05S.S,PP05S.S-OP,2684495,999,2026,4,2026-04-28 00:00:00,400,SING,338064,TVS SCS SINGAPORE PTE LTD,338064,TVS SCS SINGAPORE PTE LTD,,Singapore,2.00,DR,881.849,N
00030,SING,PP05S,PP05S.S,PP05S.S-OP,2684496,999,2026,4,2026-04-28 00:00:00,3200,SING,338064,TVS SCS SINGAPORE PTE LTD,338064,TVS SCS SINGAPORE PTE LTD,,Singapore,16.00,DR,7054.792,N
00034,SHAN,ME91735,ME91735.S,ME91735.S-TL,2574153,999,2026,4,2026-04-28 00:00:00,9000,34240,304957,JIANGSU CHANGHAI COMPOSITE-China,304957,JIANGSU CHANGHAI COMPOSITE-China,Ethan Cheng,China,9.00,TO,19841.6025,N
00034,SHAN,ME91735,ME91735.S,ME91735.S-TL,2591496,999,2026,4,2026-04-28 00:00:00,20000,34240,337151,Hebei Jizhong new material-CN,339760,JIZHONG ENERGY -Global Parent,Ethan Cheng,China,20.00,TO,44092.45,N
00030,SING,ME91735,ME91735.S,ME91735.S-TL,2685252,999,2026,4,2026-04-29 00:00:00,10000,SING,338064,TVS SCS SINGAPORE PTE LTD,338064,TVS SCS SINGAPORE PTE LTD,,Singapore,10.00,TO,22046.225,N
00030,SING,ME91735,ME91735.S,ME91735.S-TL,2685268,999,2026,4,2026-04-29 00:00:00,1000,SING,338064,TVS SCS SINGAPORE PTE LTD,338064,TVS SCS SINGAPORE PTE LTD,,Singapore,1.00,TO,2204.6225,N
00030,SING,MG7140,MG7140.S,MG7140.S-OP,2685335,999,2026,4,2026-04-29 00:00:00,4800,SING,338064,TVS SCS SINGAPORE PTE LTD,338064,TVS SCS SINGAPORE PTE LTD,,Singapore,24.00,DR,10582.188,N
00030,SNG4,ME91240G,ME91240G.S,ME91240G.S-PD,2644611,999,2026,4,2026-04-29 00:00:00,6000,30220,289459,Kelly Technology - China(Kelly Shanghai),290132,Kelly Chemical (China) - Global Parent,Robin Li,China,30.00,DR,13227.735,N
00030,SNG4,ME91240G,ME91240G.S,ME91240G.S-PD,2658924,999,2026,4,2026-04-29 00:00:00,8000,30220,291765,"Koventure Co., Ltd - Thailand",290683,Koventure (FormerGowell)- Global Parent,Rohan Aranjo,Thailand,40.00,DR,17636.980000000003,N
00030,SNG4,ME91240G,ME91240G.S,ME91240G.S-PD,2660205,999,2026,4,2026-04-29 00:00:00,3600,30200,300385,Michelman New Material - China,291477,Michelman Asia-Pacific - Global Parent,,China,18.00,DR,7936.6410000000005,N
00030,SNG4,ME92040,ME92040.S,ME92040.S-T2,2644611,999,2026,4,2026-04-29 00:00:00,8000,30220,289459,Kelly Technology - China(Kelly Shanghai),290132,Kelly Chemical (China) - Global Parent,Robin Li,China,8.00,TO,17636.98,N
00030,SING,MG7140,MG7140.S,MG7140.S-OP,2686032,999,2026,4,2026-04-30 00:00:00,5600,SING,338064,TVS SCS SINGAPORE PTE LTD,338064,TVS SCS SINGAPORE PTE LTD,,Singapore,28.00,DR,12345.886,N
00030,SING,PP05S,PP05S.S,PP05S.S-OP,2686031,999,2026,4,2026-04-30 00:00:00,9600,SING,338064,TVS SCS SINGAPORE PTE LTD,338064,TVS SCS SINGAPORE PTE LTD,,Singapore,48.00,DR,21164.376,N
00030,SING,PP05S,PP05S.S,PP05S.S-OP,2686032,999,2026,4,2026-04-30 00:00:00,3600,SING,338064,TVS SCS SINGAPORE PTE LTD,338064,TVS SCS SINGAPORE PTE LTD,,Singapore,18.00,DR,7936.6410000000005,N
00030,SNG4,BRIJS2,BRIJS2.S,BRIJS2.S,2685513,999,2026,4,2026-04-30 00:00:00,680,SNG4,26227,Singapore Manufacturing,26227,Singapore Manufacturing,,Singapore,680.00,KG,1499.1280000000002,N
00030,SING,ME91735,ME91735.S,ME91735.S-TL,2687550,999,2026,5,2026-05-02 00:00:00,2000,SING,338064,TVS SCS SINGAPORE PTE LTD,338064,TVS SCS SINGAPORE PTE LTD,,Singapore,2.00,TO,4409.245,N
00030,SING,ME92040,ME92040.S,ME92040.S-T2,2687586,999,2026,5,2026-05-02 00:00:00,5000,SING,338064,TVS SCS SINGAPORE PTE LTD,338064,TVS SCS SINGAPORE PTE LTD,,Singapore,5.00,TO,11023.1125,N
00030,SING,PP05S,PP05S.S,PP05S.S-OP,2687566,999,2026,5,2026-05-02 00:00:00,9600,SING,338064,TVS SCS SINGAPORE PTE LTD,338064,TVS SCS SINGAPORE PTE LTD,,Singapore,48.00,DR,21164.376,N
00030,SNG4,211018IX,211018IX.S,211018IX.S-TL,2576486,999,2026,5,2026-05-02 00:00:00,10000,30200,300385,Michelman New Material - China,291477,Michelman Asia-Pacific - Global Parent,,China,10.00,TO,22046.225,N
00030,SING,PP05S,PP05S.S,PP05S.S-OP,2688988,999,2026,5,2026-05-04 00:00:00,6400,SING,338064,TVS SCS SINGAPORE PTE LTD,338064,TVS SCS SINGAPORE PTE LTD,,Singapore,32.00,DR,14109.584,N
00030,SING,PP05S,PP05S.S,PP05S.S-OP,2689019,999,2026,5,2026-05-04 00:00:00,3200,SING,338064,TVS SCS SINGAPORE PTE LTD,338064,TVS SCS SINGAPORE PTE LTD,,Singapore,16.00,DR,7054.792,N
00030,SING,PP05S,PP05S.S,PP05S.S-OP,2689091,999,2026,5,2026-05-04 00:00:00,1400,SING,338064,TVS SCS SINGAPORE PTE LTD,338064,TVS SCS SINGAPORE PTE LTD,,Singapore,7.00,DR,3086.4715,N
00030,SNG4,211018IX,211018IX.S,211018IX.S-OP,2684757,999,2026,5,2026-05-04 00:00:00,2000,30240,289504,GR KOREA LTD (Formerly OCK) - KOREA,290156,Owens Corning Vetrotex - Global Parent,Brandon Lee,South Korea,10.00,DR,4409.245,N
00030,SNG4,ME91240G,ME91240G.S,ME91240G.S-PL,2667884,999,2026,5,2026-05-04 00:00:00,18,30200,300385,Michelman New Material - China,291477,Michelman Asia-Pacific - Global Parent,,China,1.00,PL,39.6832,N
00030,SNG4,ME91735,ME91735.S,ME91735.S-OP,2660202,999,2026,5,2026-05-04 00:00:00,8000,30240,289504,GR KOREA LTD (Formerly OCK) - KOREA,290156,Owens Corning Vetrotex - Global Parent,Brandon Lee,South Korea,40.00,DR,17636.98,N
00030,SNG4,ME92040,ME92040.S,ME92040.S-PD,2660392,999,2026,5,2026-05-07 00:00:00,24000,30220,329026,Kelly Dongguan - China,290132,Kelly Chemical (China) - Global Parent,"Dai,Zhaochen(Vincent)",China,120.00,DR,52910.94,N
00034,SHAN,ME91735,ME91735.S,ME91735.S-TL,2659596,999,2026,5,2026-05-07 00:00:00,30000,34240,304957,JIANGSU CHANGHAI COMPOSITE-China,304957,JIANGSU CHANGHAI COMPOSITE-China,Ethan Cheng,China,30.00,TO,66138.675,N
00035,MUM3,ME91240G,ME91240G.S,ME91240G.S-PD,2681028,999,2026,5,2026-05-07 00:00:00,600,35220,342081,CALDIC SPECIALTIES INDIA PRIVATE LIMITED,347014,Caldic India - Global Parent,Rohan Aranjo,India,600.00,KG,1322.76,N
00030,SNG4,BRIJS2,BRIJS2.S,BRIJS2.S,2691376,999,2026,5,2026-05-08 00:00:00,680,SNG4,26227,Singapore Manufacturing,26227,Singapore Manufacturing,,Singapore,680.00,KG,1499.1280000000002,N
00030,SNG4,ME91240G,ME91240G.S,ME91240G.S-PD,2690614,999,2026,5,2026-05-08 00:00:00,200,30220,289535,TIPPS(Formerly Toyo Ink)-Sin,289535,TIPPS(Formerly Toyo Ink)-Sin,Rohan Aranjo,Singapore,1.00,DR,440.9245,N
00030,SNG4,ME91735,ME91735.S,ME91735.S-TL,2676260,999,2026,5,2026-05-08 00:00:00,20000,30200,300385,Michelman New Material - China,291477,Michelman Asia-Pacific - Global Parent,,China,20.00,TO,44092.45,N
00030,SNG4,MG7140,MG7140.S,MG7140.S-OP,2667801,999,2026,5,2026-05-08 00:00:00,13600,30220,291765,"Koventure Co., Ltd - Thailand",290683,Koventure (FormerGowell)- Global Parent,Rohan Aranjo,Thailand,68.00,DR,29982.865999999998,N
00030,SING,211018IX,211018IX.S,211018IX.S-OP,2694441,999,2026,5,2026-05-11 00:00:00,400,SING,338064,TVS SCS SINGAPORE PTE LTD,338064,TVS SCS SINGAPORE PTE LTD,,Singapore,2.00,DR,881.849,N
00030,SING,211018IX,211018IX.S,211018IX.S-OP,2694442,999,2026,5,2026-05-11 00:00:00,9600,SING,338064,TVS SCS SINGAPORE PTE LTD,338064,TVS SCS SINGAPORE PTE LTD,,Singapore,48.00,DR,21164.376,N
00030,SING,211018IX,211018IX.S,211018IX.S-OP,2694513,999,2026,5,2026-05-11 00:00:00,1600,SING,338064,TVS SCS SINGAPORE PTE LTD,338064,TVS SCS SINGAPORE PTE LTD,,Singapore,8.00,DR,3527.396,N
00030,SING,211018IX,211018IX.S,211018IX.S-OP,2694648,999,2026,5,2026-05-11 00:00:00,800,SING,338064,TVS SCS SINGAPORE PTE LTD,338064,TVS SCS SINGAPORE PTE LTD,,Singapore,4.00,DR,1763.698,N
00030,SING,ME92040,ME92040.S,ME92040.S-T2,2694564,999,2026,5,2026-05-11 00:00:00,10000,SING,338064,TVS SCS SINGAPORE PTE LTD,338064,TVS SCS SINGAPORE PTE LTD,,Singapore,10.00,TO,22046.225,N
00030,SING,ME92040,ME92040.S,ME92040.S-T2,2694565,999,2026,5,2026-05-11 00:00:00,9000,SING,338064,TVS SCS SINGAPORE PTE LTD,338064,TVS SCS SINGAPORE PTE LTD,,Singapore,9.00,TO,19841.6025,N
00030,SING,ME92040,ME92040.S,ME92040.S-T2,2694705,999,2026,5,2026-05-11 00:00:00,10000,SING,338064,TVS SCS SINGAPORE PTE LTD,338064,TVS SCS SINGAPORE PTE LTD,,Singapore,10.00,TO,22046.225,N
00030,SING,ME92040,ME92040.S,ME92040.S-T2,2694722,999,2026,5,2026-05-11 00:00:00,9000,SING,338064,TVS SCS SINGAPORE PTE LTD,338064,TVS SCS SINGAPORE PTE LTD,,Singapore,9.00,TO,19841.6025,N
00030,SNG4,JS168,JS168.S,JS168.S-TL,2580884,999,2026,5,2026-05-11 00:00:00,18000,30240,293048,"CHINA JUSHI CO, LTD",297156,Jushi - Global Parent,Ethan Cheng,China,18.00,TO,39683.205,N
00030,SNG4,JS168,JS168.S,JS168.S-TL,2580900,999,2026,5,2026-05-12 00:00:00,18000,30240,293048,"CHINA JUSHI CO, LTD",297156,Jushi - Global Parent,Ethan Cheng,China,18.00,TO,39683.205,N
00034,SHAN,ME91240G,ME91240G.S,ME91240G.S-PD,2695355,999,2026,5,2026-05-12 00:00:00,800,34220,353032,Shanghai Taipuwan(Achemical)-China,329796,Shanghai Achemical-Global Parent,Robin Li,China,4.00,DR,1763.698,N
00030,SING,211018IX,211018IX.S,211018IX.S,2696329,999,2026,5,2026-05-13 00:00:00,5676,SING,338064,TVS SCS SINGAPORE PTE LTD,338064,TVS SCS SINGAPORE PTE LTD,,Singapore,5676.00,KG,12513.3096,N
00030,SING,211018IX,211018IX.S,211018IX.S,2696330,999,2026,5,2026-05-13 00:00:00,4660,SING,338064,TVS SCS SINGAPORE PTE LTD,338064,TVS SCS SINGAPORE PTE LTD,,Singapore,4660.00,KG,10273.436,N
00030,SING,211018IX,211018IX.S,211018IX.S,2696347,999,2026,5,2026-05-13 00:00:00,5676,SING,338064,TVS SCS SINGAPORE PTE LTD,338064,TVS SCS SINGAPORE PTE LTD,,Singapore,5676.00,KG,12513.3096,N
00030,SING,ME92040,ME92040.S,ME92040.S-T2,2696057,999,2026,5,2026-05-13 00:00:00,10000,SING,338064,TVS SCS SINGAPORE PTE LTD,338064,TVS SCS SINGAPORE PTE LTD,,Singapore,10.00,TO,22046.225,N
00030,SING,ME92040,ME92040.S,ME92040.S-T2,2696058,999,2026,5,2026-05-13 00:00:00,10000,SING,338064,TVS SCS SINGAPORE PTE LTD,338064,TVS SCS SINGAPORE PTE LTD,,Singapore,10.00,TO,22046.225,N
00030,SNG4,JS168,JS168.S,JS168.S-TL,2580901,999,2026,5,2026-05-13 00:00:00,18000,30240,293048,"CHINA JUSHI CO, LTD",297156,Jushi - Global Parent,Ethan Cheng,China,18.00,TO,39683.205,N
00030,SING,ME90640,ME90640.S,ME90640.S-PD,2696893,999,2026,5,2026-05-14 00:00:00,400,SING,338064,TVS SCS SINGAPORE PTE LTD,338064,TVS SCS SINGAPORE PTE LTD,,Singapore,2.00,DR,881.849,N
00030,SNG4,JS168,JS168.S,JS168.S-TL,2580902,999,2026,5,2026-05-14 00:00:00,18000,30240,293048,"CHINA JUSHI CO, LTD",297156,Jushi - Global Parent,Ethan Cheng,China,18.00,TO,39683.205,N
00030,SING,ME92040,ME92040.S,ME92040.S-PD,2697621,999,2026,5,2026-05-15 00:00:00,4800,SING,338064,TVS SCS SINGAPORE PTE LTD,338064,TVS SCS SINGAPORE PTE LTD,,Singapore,24.00,DR,10582.188,N
00030,SING,ME92040,ME92040.S,ME92040.S-PD,2697638,999,2026,5,2026-05-15 00:00:00,9600,SING,338064,TVS SCS SINGAPORE PTE LTD,338064,TVS SCS SINGAPORE PTE LTD,,Singapore,48.00,DR,21164.376,N
00030,SING,ME92040,ME92040.S,ME92040.S-PD,2697639,999,2026,5,2026-05-15 00:00:00,4800,SING,338064,TVS SCS SINGAPORE PTE LTD,338064,TVS SCS SINGAPORE PTE LTD,,Singapore,24.00,DR,10582.188,N
00030,SING,ME92040,ME92040.S,ME92040.S-T2,2697639,999,2026,5,2026-05-15 00:00:00,1000,SING,338064,TVS SCS SINGAPORE PTE LTD,338064,TVS SCS SINGAPORE PTE LTD,,Singapore,1.00,TO,2204.6225,N
00030,SNG4,211018IX,211018IX.S,211018IX.S-OP,2583828,999,2026,5,2026-05-15 00:00:00,4000,30240,289504,GR KOREA LTD (Formerly OCK) - KOREA,290156,Owens Corning Vetrotex - Global Parent,Brandon Lee,South Korea,20.00,DR,8818.49,N
00030,SNG4,211018IX,211018IX.S,211018IX.S-OP,2627744,999,2026,5,2026-05-15 00:00:00,6000,30240,289504,GR KOREA LTD (Formerly OCK) - KOREA,290156,Owens Corning Vetrotex - Global Parent,Brandon Lee,South Korea,30.00,DR,13227.735,N
00030,SNG4,ME91240G,ME91240G.S,ME91240G.S-PD,2659594,999,2026,5,2026-05-15 00:00:00,11800,30220,289459,Kelly Technology - China(Kelly Shanghai),290132,Kelly Chemical (China) - Global Parent,Robin Li,China,59.00,DR,26014.5455,N
00030,SNG4,PP05S,PP05S.S,PP05S.S-OP,2647976,999,2026,5,2026-05-15 00:00:00,16000,30240,307037,CPIC - Hong Kong,294294,Chongqing CPIC - Global Parent,Ethan Cheng,Hong Kong,80.00,DR,35273.96000000001,N
00030,SNG4,PP05S,PP05S.S,PP05S.S-OP,2647977,999,2026,5,2026-05-15 00:00:00,16000,30240,307037,CPIC - Hong Kong,294294,Chongqing CPIC - Global Parent,Ethan Cheng,Hong Kong,80.00,DR,35273.96000000001,N
00034,SHAN,ME91240G,ME91240G.S,ME91240G.S-PD,2697702,999,2026,5,2026-05-15 00:00:00,200,34220,326654,"Ningbo Haoke new material Co., Ltd.",337637,Ningbo Sipa-Global Parent,Robin Li,China,1.00,DR,440.9245,N
00034,SHAN,ME92040,ME92040.S,ME92040.S-PD,2662551,999,2026,5,2026-05-15 00:00:00,6000,34220,327284,A-Star - China,334375,A-Star-Global Parent,Robin Li,China,30.00,DR,13227.735,N
00030,SING,ME92040,ME92040.S,ME92040.S-T2,2698424,999,2026,5,2026-05-16 00:00:00,5000,SING,338064,TVS SCS SINGAPORE PTE LTD,338064,TVS SCS SINGAPORE PTE LTD,,Singapore,5.00,TO,11023.1125,N
00030,SING,PP05S,PP05S.S,PP05S.S-OP,2698422,999,2026,5,2026-05-16 00:00:00,9600,SING,338064,TVS SCS SINGAPORE PTE LTD,338064,TVS SCS SINGAPORE PTE LTD,,Singapore,48.00,DR,21164.376,N
00030,SING,PP05S,PP05S.S,PP05S.S-OP,2698423,999,2026,5,2026-05-16 00:00:00,9600,SING,338064,TVS SCS SINGAPORE PTE LTD,338064,TVS SCS SINGAPORE PTE LTD,,Singapore,48.00,DR,21164.376,N
00030,SING,ME92040,ME92040.S,ME92040.S-PD,2699851,999,2026,5,2026-05-18 00:00:00,1400,SING,338064,TVS SCS SINGAPORE PTE LTD,338064,TVS SCS SINGAPORE PTE LTD,,Singapore,7.00,DR,3086.4715,N
00030,SING,ME92040,ME92040.S,ME92040.S-PD,2699895,999,2026,5,2026-05-18 00:00:00,9600,SING,338064,TVS SCS SINGAPORE PTE LTD,338064,TVS SCS SINGAPORE PTE LTD,,Singapore,48.00,DR,21164.376,N
00030,SING,ME92040,ME92040.S,ME92040.S-PD,2699928,999,2026,5,2026-05-18 00:00:00,1600,SING,338064,TVS SCS SINGAPORE PTE LTD,338064,TVS SCS SINGAPORE PTE LTD,,Singapore,8.00,DR,3527.396,N
00030,SING,ME92040,ME92040.S,ME92040.S-PD,2699964,999,2026,5,2026-05-18 00:00:00,800,SING,338064,TVS SCS SINGAPORE PTE LTD,338064,TVS SCS SINGAPORE PTE LTD,,Singapore,4.00,DR,1763.698,N
00030,SING,PP05S,PP05S.S,PP05S.S-OP,2699867,999,2026,5,2026-05-18 00:00:00,9600,SING,338064,TVS SCS SINGAPORE PTE LTD,338064,TVS SCS SINGAPORE PTE LTD,,Singapore,48.00,DR,21164.376,N
00030,SING,PP05S,PP05S.S,PP05S.S-OP,2699868,999,2026,5,2026-05-18 00:00:00,9400,SING,338064,TVS SCS SINGAPORE PTE LTD,338064,TVS SCS SINGAPORE PTE LTD,,Singapore,47.00,DR,20723.451500000003,N
00030,SING,PP05S,PP05S.S,PP05S.S-OP,2699946,999,2026,5,2026-05-18 00:00:00,4400,SING,338064,TVS SCS SINGAPORE PTE LTD,338064,TVS SCS SINGAPORE PTE LTD,,Singapore,22.00,DR,9700.339,N
00030,SING,PP05S,PP05S.S,PP05S.S-OP,2699964,999,2026,5,2026-05-18 00:00:00,4200,SING,338064,TVS SCS SINGAPORE PTE LTD,338064,TVS SCS SINGAPORE PTE LTD,,Singapore,21.00,DR,9259.4145,N
00030,SING,PP05S,PP05S.S,PP05S.S-OP,2700829,999,2026,5,2026-05-19 00:00:00,9600,SING,338064,TVS SCS SINGAPORE PTE LTD,338064,TVS SCS SINGAPORE PTE LTD,,Singapore,48.00,DR,21164.376,N
00030,SING,PP05S,PP05S.S,PP05S.S-OP,2700830,999,2026,5,2026-05-19 00:00:00,2400,SING,338064,TVS SCS SINGAPORE PTE LTD,338064,TVS SCS SINGAPORE PTE LTD,,Singapore,12.00,DR,5291.094,N
00030,SNG4,ME90640,ME90640.S,ME90640.S-PD,2660393,999,2026,5,2026-05-19 00:00:00,6000,30220,329026,Kelly Dongguan - China,290132,Kelly Chemical (China) - Global Parent,"Dai,Zhaochen(Vincent)",China,30.00,DR,13227.735,N
00030,SNG4,ME92040,ME92040.S,ME92040.S-PD,2660393,999,2026,5,2026-05-19 00:00:00,12000,30220,329026,Kelly Dongguan - China,290132,Kelly Chemical (China) - Global Parent,"Dai,Zhaochen(Vincent)",China,60.00,DR,26455.47,N
00030,SNG4,ME92040,ME92040.S,ME92040.S-T2,2660392,999,2026,5,2026-05-19 00:00:00,24000,30220,329026,Kelly Dongguan - China,290132,Kelly Chemical (China) - Global Parent,"Dai,Zhaochen(Vincent)",China,24.00,TO,52910.94,N
00030,SNG4,ME92040,ME92040.S,ME92040.S-T2,2660393,999,2026,5,2026-05-19 00:00:00,6000,30220,329026,Kelly Dongguan - China,290132,Kelly Chemical (China) - Global Parent,"Dai,Zhaochen(Vincent)",China,6.00,TO,13227.735,N
00030,SNG4,ME87235,ME87235.S,ME87235.S-T2,2655150,999,2026,5,2026-05-20 00:00:00,8000,30220,289459,Kelly Technology - China(Kelly Shanghai),290132,Kelly Chemical (China) - Global Parent,Robin Li,China,8.00,TO,17636.98,N
00030,SNG4,ME92040,ME92040.S,ME92040.S-PD,2655150,999,2026,5,2026-05-20 00:00:00,2000,30220,289459,Kelly Technology - China(Kelly Shanghai),290132,Kelly Chemical (China) - Global Parent,Robin Li,China,10.00,DR,4409.245,N
00030,SNG4,ME92040,ME92040.S,ME92040.S-T2,2655150,999,2026,5,2026-05-20 00:00:00,14000,30220,289459,Kelly Technology - China(Kelly Shanghai),290132,Kelly Chemical (China) - Global Parent,Robin Li,China,14.00,TO,30864.715,N
00030,SING,ME91240G,ME91240G.S,ME91240G.S-PD,2705191,999,2026,5,2026-05-25 00:00:00,5800,SING,338064,TVS SCS SINGAPORE PTE LTD,338064,TVS SCS SINGAPORE PTE LTD,,Singapore,29.00,DR,12786.810500000001,N
00030,SING,ME91240G,ME91240G.S,ME91240G.S-PD,2705192,999,2026,5,2026-05-25 00:00:00,5800,SING,338064,TVS SCS SINGAPORE PTE LTD,338064,TVS SCS SINGAPORE PTE LTD,,Singapore,29.00,DR,12786.810500000001,N
00030,SING,ME91240G,ME91240G.S,ME91240G.S-PD,2705398,999,2026,5,2026-05-25 00:00:00,6000,SING,338064,TVS SCS SINGAPORE PTE LTD,338064,TVS SCS SINGAPORE PTE LTD,,Singapore,30.00,DR,13227.735,N
00030,SING,ME91240G,ME91240G.S,ME91240G.S-PD,2705469,999,2026,5,2026-05-25 00:00:00,5800,SING,338064,TVS SCS SINGAPORE PTE LTD,338064,TVS SCS SINGAPORE PTE LTD,,Singapore,29.00,DR,12786.810500000001,N
00030,SING,ME92040,ME92040.S,ME92040.S-PD,2705398,999,2026,5,2026-05-25 00:00:00,600,SING,338064,TVS SCS SINGAPORE PTE LTD,338064,TVS SCS SINGAPORE PTE LTD,,Singapore,3.00,DR,1322.7735,N
00030,SING,ME92040,ME92040.S,ME92040.S-PD,2705399,999,2026,5,2026-05-25 00:00:00,9600,SING,338064,TVS SCS SINGAPORE PTE LTD,338064,TVS SCS SINGAPORE PTE LTD,,Singapore,48.00,DR,21164.376,N
00030,SING,ME92040,ME92040.S,ME92040.S-T2,2705193,999,2026,5,2026-05-25 00:00:00,2000,SING,338064,TVS SCS SINGAPORE PTE LTD,338064,TVS SCS SINGAPORE PTE LTD,,Singapore,2.00,TO,4409.245,N
00030,SNG4,PP05S,PP05S.S,PP05S.S-OP,2647981,999,2026,5,2026-05-25 00:00:00,12800,30240,307037,CPIC - Hong Kong,294294,Chongqing CPIC - Global Parent,Ethan Cheng,Hong Kong,64.00,DR,28219.167999999998,N
00030,SING,211018IX,211018IX.S,211018IX.S,2706203,999,2026,5,2026-05-26 00:00:00,1000,SING,338064,TVS SCS SINGAPORE PTE LTD,338064,TVS SCS SINGAPORE PTE LTD,,Singapore,1000.00,KG,2204.6,N
00030,SING,ME91240G,ME91240G.S,ME91240G.S-PD,2705939,999,2026,5,2026-05-26 00:00:00,5800,SING,338064,TVS SCS SINGAPORE PTE LTD,338064,TVS SCS SINGAPORE PTE LTD,,Singapore,29.00,DR,12786.810500000001,N
00030,SING,ME91735,ME91735.S,ME91735.S-TL,2705974,999,2026,5,2026-05-26 00:00:00,6000,SING,338064,TVS SCS SINGAPORE PTE LTD,338064,TVS SCS SINGAPORE PTE LTD,,Singapore,6.00,TO,13227.735,N
00030,SING,ME91735,ME91735.S,ME91735.S-TL,2706043,999,2026,5,2026-05-26 00:00:00,2000,SING,338064,TVS SCS SINGAPORE PTE LTD,338064,TVS SCS SINGAPORE PTE LTD,,Singapore,2.00,TO,4409.245,N
00030,SING,PP05S,PP05S.S,PP05S.S-OP,2706043,999,2026,5,2026-05-26 00:00:00,4400,SING,338064,TVS SCS SINGAPORE PTE LTD,338064,TVS SCS SINGAPORE PTE LTD,,Singapore,22.00,DR,9700.339,N
00034,SHAN,JS168,JS168.E,JS168.E-TO,2626236,999,2026,5,2026-05-27 00:00:00,2850,34240,307538,"SHANDONG FIBERGLASS GROUP CO.,LTD",309179,Shandong Fiberglass - Global Parent,Ethan Cheng,China,3.00,TO,6283.1741999999995,N
00034,SHAN,ME91240G,ME91240G.S,ME91240G.S-PD,2680804,999,2026,5,2026-05-27 00:00:00,2800,34220,327284,A-Star - China,334375,A-Star-Global Parent,Robin Li,China,14.00,DR,6172.943,N
00034,SHAN,ME91240G,ME91240G.S,ME91240G.S-PD,2703119,999,2026,5,2026-05-27 00:00:00,400,34220,353032,Shanghai Taipuwan(Achemical)-China,329796,Shanghai Achemical-Global Parent,Robin Li,China,2.00,DR,881.849,N
00034,SHAN,ME91735,ME91735.S,ME91735.S-OP,2669400,999,2026,5,2026-05-27 00:00:00,4200,34240,304363,WEIYUAN NEIHUA-China,330955,Sichuan Weibo Group -Global Parent,Ethan Cheng,China,21.00,DR,9259.4145,N
00034,SHAN,ME92040,ME92040.S,ME92040.S-PD,2703122,999,2026,5,2026-05-27 00:00:00,10000,34220,353032,Shanghai Taipuwan(Achemical)-China,329796,Shanghai Achemical-Global Parent,Robin Li,China,50.00,DR,22046.225,N
00034,SHAN,ME92040,ME92040.S,ME92040.S-T2,2662551,999,2026,5,2026-05-27 00:00:00,6000,34220,327284,A-Star - China,334375,A-Star-Global Parent,Robin Li,China,6.00,TO,13227.735,N
00034,SHAN,ME92040,ME92040.S,ME92040.S-T2,2706787,999,2026,5,2026-05-27 00:00:00,6000,34220,327284,A-Star - China,334375,A-Star-Global Parent,Robin Li,China,6.00,TO,13227.734999999999,N
00030,SING,ME91735,ME91735.S,ME91735.S-OP,2707550,999,2026,5,2026-05-28 00:00:00,8000,SING,338064,TVS SCS SINGAPORE PTE LTD,338064,TVS SCS SINGAPORE PTE LTD,,Singapore,40.00,DR,17636.98,N
00030,SING,PP05S,PP05S.S,PP05S.S-OP,2707550,999,2026,5,2026-05-28 00:00:00,1600,SING,338064,TVS SCS SINGAPORE PTE LTD,338064,TVS SCS SINGAPORE PTE LTD,,Singapore,8.00,DR,3527.396,N
00030,SING,PP05S,PP05S.S,PP05S.S-OP,2707601,999,2026,5,2026-05-28 00:00:00,1000,SING,338064,TVS SCS SINGAPORE PTE LTD,338064,TVS SCS SINGAPORE PTE LTD,,Singapore,5.00,DR,2204.6225,N
00030,SING,PP05S,PP05S.S,PP05S.S-OP,2707702,999,2026,5,2026-05-28 00:00:00,800,SING,338064,TVS SCS SINGAPORE PTE LTD,338064,TVS SCS SINGAPORE PTE LTD,,Singapore,4.00,DR,1763.698,N
00030,SNG4,ME91240G,ME91240G.S,ME91240G.S-PD,2675658,999,2026,5,2026-05-28 00:00:00,4000,30200,300385,Michelman New Material - China,291477,Michelman Asia-Pacific - Global Parent,,China,20.00,DR,8818.49,N
00030,SING,ME87235,ME87235.S,ME87235.S-T2,2708320,999,2026,5,2026-05-29 00:00:00,10000,SING,338064,TVS SCS SINGAPORE PTE LTD,338064,TVS SCS SINGAPORE PTE LTD,,Singapore,10.00,TO,22046.225,N
00030,SNG4,ME91240G,ME91240G.S,ME91240G.S-PD,2664965,999,2026,5,2026-05-29 00:00:00,200,30220,289535,TIPPS(Formerly Toyo Ink)-Sin,289535,TIPPS(Formerly Toyo Ink)-Sin,Rohan Aranjo,Singapore,1.00,DR,440.9245,N
00030,SNG4,ME91240G,ME91240G.S,ME91240G.S-PD,2689844,999,2026,5,2026-05-29 00:00:00,400,30220,289535,TIPPS(Formerly Toyo Ink)-Sin,289535,TIPPS(Formerly Toyo Ink)-Sin,Rohan Aranjo,Singapore,2.00,DR,881.849,N
00030,SNG4,ME91735,ME91735.S,ME91735.S-TL,2700863,999,2026,5,2026-05-29 00:00:00,12000,30200,300385,Michelman New Material - China,291477,Michelman Asia-Pacific - Global Parent,,China,12.00,TO,26455.47,N
00030,SING,ME91240G,ME91240G.S,ME91240G.S-PD,2709167,999,2026,5,2026-05-30 00:00:00,5800,SING,338064,TVS SCS SINGAPORE PTE LTD,338064,TVS SCS SINGAPORE PTE LTD,,Singapore,29.00,DR,12786.810500000001,N
00030,SING,ME91240G,ME91240G.S,ME91240G.S-PD,2710722,999,2026,6,2026-06-01 00:00:00,1600,SING,338064,TVS SCS SINGAPORE PTE LTD,338064,TVS SCS SINGAPORE PTE LTD,,Singapore,8.00,DR,3527.396,N
00030,SING,PP05S,PP05S.S,PP05S.S-OP,2710762,999,2026,6,2026-06-01 00:00:00,9600,SING,338064,TVS SCS SINGAPORE PTE LTD,338064,TVS SCS SINGAPORE PTE LTD,,Singapore,48.00,DR,21164.376,N
00030,SING,PP05S,PP05S.S,PP05S.S-OP,2710779,999,2026,6,2026-06-01 00:00:00,1800,SING,338064,TVS SCS SINGAPORE PTE LTD,338064,TVS SCS SINGAPORE PTE LTD,,Singapore,9.00,DR,3968.3205000000003,N
00030,SING,ME91240G,ME91240G.S,ME91240G.S-PD,2711421,999,2026,6,2026-06-02 00:00:00,4000,SING,338064,TVS SCS SINGAPORE PTE LTD,338064,TVS SCS SINGAPORE PTE LTD,,Singapore,20.00,DR,8818.49,N
00030,SING,ME91240G,ME91240G.S,ME91240G.S-PD,2711422,999,2026,6,2026-06-02 00:00:00,5800,SING,338064,TVS SCS SINGAPORE PTE LTD,338064,TVS SCS SINGAPORE PTE LTD,,Singapore,29.00,DR,12786.810500000001,N
00030,SNG4,ME91240G,ME91240G.S,ME91240G.S-PD,2663420,999,2026,6,2026-06-02 00:00:00,5800,30220,289459,Kelly Technology - China(Kelly Shanghai),290132,Kelly Chemical (China) - Global Parent,Robin Li,China,29.00,DR,12786.810500000001,N
00030,SNG4,ME91240G,ME91240G.S,ME91240G.S-PD,2690803,999,2026,6,2026-06-02 00:00:00,4000,30200,300385,Michelman New Material - China,291477,Michelman Asia-Pacific - Global Parent,,China,20.00,DR,8818.49,N
00030,SNG4,ME91240G,ME91240G.S,ME91240G.S-PD,2696080,999,2026,6,2026-06-02 00:00:00,2400,30200,300385,Michelman New Material - China,291477,Michelman Asia-Pacific - Global Parent,,China,12.00,DR,5291.094,N
00030,SNG4,ME92040,ME92040.S,ME92040.S-PD,2696080,999,2026,6,2026-06-02 00:00:00,8000,30200,300385,Michelman New Material - China,291477,Michelman Asia-Pacific - Global Parent,,China,40.00,DR,17636.98,N
00030,SNG4,ME92040,ME92040.S,ME92040.S-T2,2663420,999,2026,6,2026-06-02 00:00:00,9000,30220,289459,Kelly Technology - China(Kelly Shanghai),290132,Kelly Chemical (China) - Global Parent,Robin Li,China,9.00,TO,19841.6025,N
00030,SNG4,PP05S,PP05S.S,PP05S.S-OP,2647978,999,2026,6,2026-06-02 00:00:00,16000,30240,307037,CPIC - Hong Kong,294294,Chongqing CPIC - Global Parent,Ethan Cheng,Hong Kong,80.00,DR,35273.96000000001,N
00030,SNG4,PP05S,PP05S.S,PP05S.S-OP,2647979,999,2026,6,2026-06-02 00:00:00,16000,30240,307037,CPIC - Hong Kong,294294,Chongqing CPIC - Global Parent,Ethan Cheng,Hong Kong,80.00,DR,35273.96000000001,N
00030,SNG4,PP05S,PP05S.S,PP05S.S-OP,2647980,999,2026,6,2026-06-02 00:00:00,16000,30240,307037,CPIC - Hong Kong,294294,Chongqing CPIC - Global Parent,Ethan Cheng,Hong Kong,80.00,DR,35273.96000000001,N
00030,SING,PP05S,PP05S.S,PP05S.S-OP,2712093,999,2026,6,2026-06-03 00:00:00,9600,SING,338064,TVS SCS SINGAPORE PTE LTD,338064,TVS SCS SINGAPORE PTE LTD,,Singapore,48.00,DR,21164.376,N
00030,SING,PP05S,PP05S.S,PP05S.S-OP,2712094,999,2026,6,2026-06-03 00:00:00,1800,SING,338064,TVS SCS SINGAPORE PTE LTD,338064,TVS SCS SINGAPORE PTE LTD,,Singapore,9.00,DR,3968.3205000000003,N
00030,SING,ME91240G,ME91240G.S,ME91240G.S-PD,2712897,999,2026,6,2026-06-04 00:00:00,3000,SING,338064,TVS SCS SINGAPORE PTE LTD,338064,TVS SCS SINGAPORE PTE LTD,,Singapore,15.00,DR,6613.8675,N
00030,SING,PP05S,PP05S.S,PP05S.S-OP,2713077,999,2026,6,2026-06-04 00:00:00,6400,SING,338064,TVS SCS SINGAPORE PTE LTD,338064,TVS SCS SINGAPORE PTE LTD,,Singapore,32.00,DR,14109.584,N
00030,SING,PP05S,PP05S.S,PP05S.S-OP,2713078,999,2026,6,2026-06-04 00:00:00,5400,SING,338064,TVS SCS SINGAPORE PTE LTD,338064,TVS SCS SINGAPORE PTE LTD,,Singapore,27.00,DR,11904.961500000001,N
00030,SNG4,ME91240G,ME91240G.S,ME91240G.S-PD,2690813,999,2026,6,2026-06-04 00:00:00,2000,30200,300385,Michelman New Material - China,291477,Michelman Asia-Pacific - Global Parent,,China,10.00,DR,4409.245,N
00030,SNG4,ME91735,ME91735.S,ME91735.S-TL,2664203,999,2026,6,2026-06-04 00:00:00,16000,30240,293904,HERLI Technochem PTE,293939,HERLI Technologies - Global Parent,Ethan Cheng,Singapore,16.00,TO,35273.96,N
00030,SNG4,ME92040,ME92040.S,ME92040.S-T2,2690813,999,2026,6,2026-06-04 00:00:00,6000,30200,300385,Michelman New Material - China,291477,Michelman Asia-Pacific - Global Parent,,China,6.00,TO,13227.735,N
00030,SNG4,ME91240G,ME91240G.S,ME91240G.S-PD,2667803,999,2026,6,2026-06-05 00:00:00,2400,30220,332913,Guangdong Supcosmos-China,332367,Guangzhou J&T - Global Parent,"Dai,Zhaochen(Vincent)",China,12.00,DR,5291.094,N
00030,SNG4,ME92040,ME92040.S,ME92040.S-PD,2667803,999,2026,6,2026-06-05 00:00:00,12000,30220,332913,Guangdong Supcosmos-China,332367,Guangzhou J&T - Global Parent,"Dai,Zhaochen(Vincent)",China,60.00,DR,26455.47,N
00030,SNG4,ME91240G,ME91240G.S,ME91240G.S-PD,2690807,999,2026,6,2026-06-08 00:00:00,2400,30200,300385,Michelman New Material - China,291477,Michelman Asia-Pacific - Global Parent,,China,12.00,DR,5291.094,N
00034,SHAN,ME91240G,ME91240G.S,ME91240G.S-PD,2662551,999,2026,6,2026-06-10 00:00:00,3600,34220,327284,A-Star - China,334375,A-Star-Global Parent,Robin Li,China,18.00,DR,7936.6410000000005,N
00030,SNG4,ME87235,ME87235.S,ME87235.S-T2,2659594,999,2026,6,2026-06-11 00:00:00,7000,30220,289459,Kelly Technology - China(Kelly Shanghai),290132,Kelly Chemical (China) - Global Parent,Robin Li,China,7.00,TO,15432.357499999998,N
00030,SNG4,ME87235,ME87235.S,ME87235.S-T2,2663421,999,2026,6,2026-06-11 00:00:00,3000,30220,289459,Kelly Technology - China(Kelly Shanghai),290132,Kelly Chemical (China) - Global Parent,Robin Li,China,3.00,TO,6613.8675,N
00030,SNG4,ME91240G,ME91240G.S,ME91240G.S-PD,2663421,999,2026,6,2026-06-11 00:00:00,13000,30220,289459,Kelly Technology - China(Kelly Shanghai),290132,Kelly Chemical (China) - Global Parent,Robin Li,China,65.00,DR,28660.092500000002,N
00030,SNG4,ME92040,ME92040.S,ME92040.S-T2,2659594,999,2026,6,2026-06-11 00:00:00,16000,30220,289459,Kelly Technology - China(Kelly Shanghai),290132,Kelly Chemical (China) - Global Parent,Robin Li,China,16.00,TO,35273.96,N
00030,SING,ME91735,ME91735.S,ME91735.S-TL,2721383,999,2026,6,2026-06-15 00:00:00,8000,SING,338064,TVS SCS SINGAPORE PTE LTD,338064,TVS SCS SINGAPORE PTE LTD,,Singapore,8.00,TO,17636.98,N
00030,SING,PP05S,PP05S.S,PP05S.S-OP,2721254,999,2026,6,2026-06-15 00:00:00,800,SING,338064,TVS SCS SINGAPORE PTE LTD,338064,TVS SCS SINGAPORE PTE LTD,,Singapore,4.00,DR,1763.698,N
00030,SING,PP05S,PP05S.S,PP05S.S-OP,2721256,999,2026,6,2026-06-15 00:00:00,3000,SING,338064,TVS SCS SINGAPORE PTE LTD,338064,TVS SCS SINGAPORE PTE LTD,,Singapore,15.00,DR,6613.8675,N
00030,SING,PP05S,PP05S.S,PP05S.S-OP,2721304,999,2026,6,2026-06-15 00:00:00,9600,SING,338064,TVS SCS SINGAPORE PTE LTD,338064,TVS SCS SINGAPORE PTE LTD,,Singapore,48.00,DR,21164.376,N
00030,SING,PP05S,PP05S.S,PP05S.S-OP,2721421,999,2026,6,2026-06-15 00:00:00,1800,SING,338064,TVS SCS SINGAPORE PTE LTD,338064,TVS SCS SINGAPORE PTE LTD,,Singapore,9.00,DR,3968.3205000000003,N
00030,SNG4,211018IX,211018IX.S,211018IX.S,2719277,999,2026,6,2026-06-15 00:00:00,2000,SNG4,26227,Singapore Manufacturing,26227,Singapore Manufacturing,,Singapore,2000.00,KG,4409.2,N
00030,SNG4,ME91240G,ME91240G.S,ME91240G.S-PD,2664026,999,2026,6,2026-06-15 00:00:00,8000,30220,323383,Wonjin Chemicals - Korea,323399,Wonjin - Korea - Global Parent,Brandon Lee,South Korea,40.00,DR,17636.980000000003,N
00030,SNG4,PP05S,PP05S.S,PP05S.S-OP,2673298,999,2026,6,2026-06-15 00:00:00,2200,30240,311174,CPIC Brasil,294294,Chongqing CPIC - Global Parent,Ethan Cheng,Brazil,11.00,DR,4850.1695,N
00030,SING,PP05S,PP05S.S,PP05S.S-OP,2721968,999,2026,6,2026-06-16 00:00:00,9600,SING,338064,TVS SCS SINGAPORE PTE LTD,338064,TVS SCS SINGAPORE PTE LTD,,Singapore,48.00,DR,21164.376,N
00030,SING,PP05S,PP05S.S,PP05S.S-OP,2721969,999,2026,6,2026-06-16 00:00:00,2000,SING,338064,TVS SCS SINGAPORE PTE LTD,338064,TVS SCS SINGAPORE PTE LTD,,Singapore,10.00,DR,4409.245,N
00030,SING,ME91240G,ME91240G.S,ME91240G.S-PD,2724238,999,2026,6,2026-06-19 00:00:00,5800,SING,338064,TVS SCS SINGAPORE PTE LTD,338064,TVS SCS SINGAPORE PTE LTD,,Singapore,29.00,DR,12786.810500000001,N
00030,SNG4,BRIJS2,BRIJS2.S,BRIJS2.S,2723563,999,2026,6,2026-06-19 00:00:00,1360,SNG4,26227,Singapore Manufacturing,26227,Singapore Manufacturing,,Singapore,1360.00,KG,2998.2560000000003,N
00030,SING,ME91240G,ME91240G.S,ME91240G.S-PD,2726305,999,2026,6,2026-06-22 00:00:00,4400,SING,338064,TVS SCS SINGAPORE PTE LTD,338064,TVS SCS SINGAPORE PTE LTD,,Singapore,22.00,DR,9700.339,N
00030,SING,ME91240G,ME91240G.S,ME91240G.S-PD,2726356,999,2026,6,2026-06-22 00:00:00,1600,SING,338064,TVS SCS SINGAPORE PTE LTD,338064,TVS SCS SINGAPORE PTE LTD,,Singapore,8.00,DR,3527.396,N
00030,SNG4,ME91735,ME91735.S,ME91735.S-OP,2680092,999,2026,6,2026-06-23 00:00:00,8000,30240,289504,GR KOREA LTD (Formerly OCK) - KOREA,290156,Owens Corning Vetrotex - Global Parent,Brandon Lee,South Korea,40.00,DR,17636.98,N
00030,SNG4,211018IX,211018IX.S,211018IX.S,2728660,999,2026,6,2026-06-25 00:00:00,4660,SNG4,26227,Singapore Manufacturing,26227,Singapore Manufacturing,,Singapore,4660.00,KG,10273.436,N
00030,SNG4,BRIJS2,BRIJS2.S,BRIJS2.S,2728699,999,2026,6,2026-06-25 00:00:00,680,SNG4,26227,Singapore Manufacturing,26227,Singapore Manufacturing,,Singapore,680.00,KG,1499.1280000000002,N
00030,SING,ME92040,ME92040.S,ME92040.S-PD,2729392,999,2026,6,2026-06-26 00:00:00,9600,SING,338064,TVS SCS SINGAPORE PTE LTD,338064,TVS SCS SINGAPORE PTE LTD,,Singapore,48.00,DR,21164.376,N
00030,SING,ME92040,ME92040.S,ME92040.S-PD,2729393,999,2026,6,2026-06-26 00:00:00,9600,SING,338064,TVS SCS SINGAPORE PTE LTD,338064,TVS SCS SINGAPORE PTE LTD,,Singapore,48.00,DR,21164.376,N
00030,SING,MG7140,MG7140.S,MG7140.S-OP,2729489,999,2026,6,2026-06-26 00:00:00,9600,SING,338064,TVS SCS SINGAPORE PTE LTD,338064,TVS SCS SINGAPORE PTE LTD,,Singapore,48.00,DR,21164.376,N
00030,SING,MG7140,MG7140.S,MG7140.S-OP,2729490,999,2026,6,2026-06-26 00:00:00,8400,SING,338064,TVS SCS SINGAPORE PTE LTD,338064,TVS SCS SINGAPORE PTE LTD,,Singapore,42.00,DR,18518.829,N
00030,SNG4,ME91240G,ME91240G.S,ME91240G.S-PD,2716102,999,2026,6,2026-06-26 00:00:00,12000,30220,321132,GuoLi(Shanghai) New Material,334357,Shanghai Li Sheng -Global Parent,Robin Li,China,60.00,DR,26455.47,N
00034,SHAN,JS168,JS168.E,JS168.E-TO,2611057,999,2026,6,2026-06-26 00:00:00,104500,34240,316183,Jushi Group,297156,Jushi - Global Parent,Ethan Cheng,China,110.00,TO,230383.054,N
00034,SHAN,ME91240G,ME91240G.S,ME91240G.S-PD,2706803,999,2026,6,2026-06-26 00:00:00,1600,34220,327284,A-Star - China,334375,A-Star-Global Parent,Robin Li,China,8.00,DR,3527.396,N
00034,SHAN,ME91240G,ME91240G.S,ME91240G.S-PD,2728892,999,2026,6,2026-06-26 00:00:00,400,34220,323199,Shanghai Li Sheng - China,334357,Shanghai Li Sheng -Global Parent,Robin Li,China,2.00,DR,881.849,N
00030,SING,211018IX,211018IX.S,211018IX.S-OP,2731624,999,2026,6,2026-06-29 00:00:00,9200,SING,338064,TVS SCS SINGAPORE PTE LTD,338064,TVS SCS SINGAPORE PTE LTD,,Singapore,46.00,DR,20282.527000000002,N
00030,SING,211018IX,211018IX.S,211018IX.S-OP,2731777,999,2026,6,2026-06-29 00:00:00,8800,SING,338064,TVS SCS SINGAPORE PTE LTD,338064,TVS SCS SINGAPORE PTE LTD,,Singapore,44.00,DR,19400.678,N
00030,SING,ME92040,ME92040.S,ME92040.S-PD,2731592,999,2026,6,2026-06-29 00:00:00,9600,SING,338064,TVS SCS SINGAPORE PTE LTD,338064,TVS SCS SINGAPORE PTE LTD,,Singapore,48.00,DR,21164.376,N
00030,SING,ME92040,ME92040.S,ME92040.S-PD,2731593,999,2026,6,2026-06-29 00:00:00,9600,SING,338064,TVS SCS SINGAPORE PTE LTD,338064,TVS SCS SINGAPORE PTE LTD,,Singapore,48.00,DR,21164.376,N
00030,SING,ME92040,ME92040.S,ME92040.S-PD,2731761,999,2026,6,2026-06-29 00:00:00,600,SING,338064,TVS SCS SINGAPORE PTE LTD,338064,TVS SCS SINGAPORE PTE LTD,,Singapore,3.00,DR,1322.7735,N
00030,SNG4,211018IX,211018IX.S,211018IX.S,2730210,999,2026,6,2026-06-29 00:00:00,4676,SNG4,26227,Singapore Manufacturing,26227,Singapore Manufacturing,,Singapore,4676.00,KG,10308.7096,N
00030,SNG4,211018IX,211018IX.S,211018IX.S-OP,2627763,999,2026,7,2026-07-01 00:00:00,6000,30240,289504,GR KOREA LTD (Formerly OCK) - KOREA,290156,Owens Corning Vetrotex - Global Parent,Brandon Lee,South Korea,30.00,DR,13227.735,N
00034,SHAN,ME91240G,ME91240G.S,ME91240G.S-PD,2697126,999,2026,7,2026-07-01 00:00:00,2000,34220,327284,A-Star - China,334375,A-Star-Global Parent,Robin Li,China,10.00,DR,4409.245,N
00034,SHAN,ME91240G,ME91240G.S,ME91240G.S-PD,2716704,999,2026,7,2026-07-01 00:00:00,3600,34220,327284,A-Star - China,334375,A-Star-Global Parent,Robin Li,China,18.00,DR,7936.6410000000005,N
00034,SHAN,ME92040,ME92040.S,ME92040.S-T2,2697126,999,2026,7,2026-07-01 00:00:00,6000,34220,327284,A-Star - China,334375,A-Star-Global Parent,Robin Li,China,6.00,TO,13227.735,N
00030,SNG4,211018IX,211018IX.S,211018IX.S-OP,2655021,999,2026,7,2026-07-02 00:00:00,12000,30240,289504,GR KOREA LTD (Formerly OCK) - KOREA,290156,Owens Corning Vetrotex - Global Parent,Brandon Lee,South Korea,60.00,DR,26455.47,N
00030,SNG4,ME92040,ME92040.S,ME92040.S-PD,2719259,999,2026,7,2026-07-02 00:00:00,16000,30220,332913,Guangdong Supcosmos-China,332367,Guangzhou J&T - Global Parent,"Dai,Zhaochen(Vincent)",China,80.00,DR,35273.96000000001,N
00030,SING,NYS2104,NYS2104.S,NYS2104.S-OP,2736869,999,2026,7,2026-07-06 00:00:00,9600,SING,338064,TVS SCS SINGAPORE PTE LTD,338064,TVS SCS SINGAPORE PTE LTD,,Singapore,48.00,DR,21164.376,N
00030,SING,NYS2104,NYS2104.S,NYS2104.S-OP,2736870,999,2026,7,2026-07-06 00:00:00,4800,SING,338064,TVS SCS SINGAPORE PTE LTD,338064,TVS SCS SINGAPORE PTE LTD,,Singapore,24.00,DR,10582.188,N
00030,SING,NYS2104,NYS2104.S,NYS2104.S-OP,2736871,999,2026,7,2026-07-06 00:00:00,5400,SING,338064,TVS SCS SINGAPORE PTE LTD,338064,TVS SCS SINGAPORE PTE LTD,,Singapore,27.00,DR,11904.961500000001,N
00030,SING,NYS2104,NYS2104.S,NYS2104.S-OP,2736975,999,2026,7,2026-07-06 00:00:00,400,SING,338064,TVS SCS SINGAPORE PTE LTD,338064,TVS SCS SINGAPORE PTE LTD,,Singapore,2.00,DR,881.849,N
00030,SING,PP05S,PP05S.S,PP05S.S-OP,2739229,999,2026,7,2026-07-09 00:00:00,1800,SING,338064,TVS SCS SINGAPORE PTE LTD,338064,TVS SCS SINGAPORE PTE LTD,,Singapore,9.00,DR,3968.3205000000003,N
00030,SING,PP05S,PP05S.S,PP05S.S-OP,2739230,999,2026,7,2026-07-09 00:00:00,9600,SING,338064,TVS SCS SINGAPORE PTE LTD,338064,TVS SCS SINGAPORE PTE LTD,,Singapore,48.00,DR,21164.376,N
00030,SING,ME92040,ME92040.S,ME92040.S-T2,2739990,999,2026,7,2026-07-10 00:00:00,5000,SING,338064,TVS SCS SINGAPORE PTE LTD,338064,TVS SCS SINGAPORE PTE LTD,,Singapore,5.00,TO,11023.1125,N
00030,SING,PP05S,PP05S.S,PP05S.S-OP,2739922,999,2026,7,2026-07-10 00:00:00,9600,SING,338064,TVS SCS SINGAPORE PTE LTD,338064,TVS SCS SINGAPORE PTE LTD,,Singapore,48.00,DR,21164.376,N
00030,SING,PP05S,PP05S.S,PP05S.S-OP,2739923,999,2026,7,2026-07-10 00:00:00,2200,SING,338064,TVS SCS SINGAPORE PTE LTD,338064,TVS SCS SINGAPORE PTE LTD,,Singapore,11.00,DR,4850.1695,N
00030,SNG4,NYS2104,NYS2104.S,NYS2104.S-OP,2726427,560,2026,7,2026-07-10 00:00:00,20000,30200,300385,Michelman New Material - China,291477,Michelman Asia-Pacific - Global Parent,,China,100.00,DR,44092.450000000004,Y
00030,SNG4,PP05S,PP05S.S,PP05S.S-OP,2647982,999,2026,7,2026-07-10 00:00:00,7200,30240,307037,CPIC - Hong Kong,294294,Chongqing CPIC - Global Parent,Ethan Cheng,Hong Kong,36.00,DR,15873.282000000001,N
00030,SNG4,JS168,JS168.S,JS168.S-TL,2580903,999,2026,7,2026-07-13 00:00:00,18000,30240,293048,"CHINA JUSHI CO, LTD",297156,Jushi - Global Parent,Ethan Cheng,China,18.00,TO,39683.205,N
00030,SNG4,JS168,JS168.S,JS168.S-TL,2580904,999,2026,7,2026-07-13 00:00:00,18000,30240,293048,"CHINA JUSHI CO, LTD",297156,Jushi - Global Parent,Ethan Cheng,China,18.00,TO,39683.205,N
00030,SNG4,ME91735,ME91735.S,ME91735.S-TL,2739424,999,2026,7,2026-07-13 00:00:00,9000,SNG4,26227,Singapore Manufacturing,26227,Singapore Manufacturing,,Singapore,9000.00,KG,19841.399999999998,N
00030,SNG4,MG7140,MG7140.S,MG7140.S-OP,2716047,560,2026,7,2026-07-13 00:00:00,15800,30220,291765,"Koventure Co., Ltd - Thailand",290683,Koventure (FormerGowell)- Global Parent,Rohan Aranjo,Thailand,79.00,DR,34833.035500000005,Y
00030,SNG4,PP05S,PP05S.S,PP05S.S-OP,2700688,560,2026,7,2026-07-13 00:00:00,2800,30240,311174,CPIC Brasil,294294,Chongqing CPIC - Global Parent,Ethan Cheng,Brazil,14.00,DR,6172.943,Y
00030,SNG4,JS168,JS168.S,JS168.S-TL,2580905,999,2026,7,2026-07-14 00:00:00,18000,30240,293048,"CHINA JUSHI CO, LTD",297156,Jushi - Global Parent,Ethan Cheng,China,18.00,TO,39683.205,N
00030,SNG4,JS168,JS168.S,JS168.S-TL,2580906,999,2026,7,2026-07-15 00:00:00,18000,30240,293048,"CHINA JUSHI CO, LTD",297156,Jushi - Global Parent,Ethan Cheng,China,18.00,TO,39683.205,N
00030,SNG4,PP05S,PP05S.S,PP05S.S-OP,2647982,540,2026,7,2026-07-17 00:00:00,16000,30240,307037,CPIC - Hong Kong,294294,Chongqing CPIC - Global Parent,Ethan Cheng,Hong Kong,80.00,DR,35273.96,Y
00030,SNG4,PP05S,PP05S.S,PP05S.S-OP,2647983,540,2026,7,2026-07-17 00:00:00,16000,30240,307037,CPIC - Hong Kong,294294,Chongqing CPIC - Global Parent,Ethan Cheng,Hong Kong,80.00,DR,35273.96,Y
00030,SNG4,PP05S,PP05S.S,PP05S.S-OP,2647984,540,2026,7,2026-07-17 00:00:00,16000,30240,307037,CPIC - Hong Kong,294294,Chongqing CPIC - Global Parent,Ethan Cheng,Hong Kong,80.00,DR,35273.96,Y
00030,SNG4,PP05S,PP05S.S,PP05S.S-OP,2647985,540,2026,7,2026-07-17 00:00:00,14000,30240,307037,CPIC - Hong Kong,294294,Chongqing CPIC - Global Parent,Ethan Cheng,Hong Kong,70.00,DR,30864.715,Y
00030,SNG4,ME92040,ME92040.S,ME92040.S-T2,2734010,540,2026,7,2026-07-21 00:00:00,4000,30200,300385,Michelman New Material - China,291477,Michelman Asia-Pacific - Global Parent,,China,4.00,TO,8818.49,Y
00034,SHAN,JS168,JS168.E,JS168.E-TO,2611057,999,2026,7,2026-07-29 00:00:00,104500,34240,316183,Jushi Group,297156,Jushi - Global Parent,Ethan Cheng,China,110.00,TO,230383.054,N
00034,SHAN,ME91735,ME91735.S,ME91735.S-TL,2703041,540,2026,7,2026-07-29 00:00:00,8100,34240,304363,WEIYUAN NEIHUA-China,330955,Sichuan Weibo Group -Global Parent,Ethan Cheng,China,8100.00,KG,17857.260000000002,Y
00034,SHAN,ME92040,ME92040.S,ME92040.S-PD,2703121,540,2026,7,2026-07-29 00:00:00,8000,34220,353032,Shanghai Taipuwan(Achemical)-China,329796,Shanghai Achemical-Global Parent,Robin Li,China,40.00,DR,17636.98,Y
00030,SNG4,ME90640,ME90640.S,ME90640.S-PD,2646910,999,2026,8,2026-08-03 00:00:00,12000,30220,329026,Kelly Dongguan - China,290132,Kelly Chemical (China) - Global Parent,"Dai,Zhaochen(Vincent)",China,60.00,DR,26455.47,N
00030,SNG4,ME92040,ME92040.S,ME92040.S-PD,2646910,540,2026,8,2026-08-03 00:00:00,18000,30220,329026,Kelly Dongguan - China,290132,Kelly Chemical (China) - Global Parent,"Dai,Zhaochen(Vincent)",China,90.00,DR,39683.205,Y
00030,SNG4,ME92040,ME92040.S,ME92040.S-PD,2660394,999,2026,8,2026-08-03 00:00:00,6000,30220,329026,Kelly Dongguan - China,290132,Kelly Chemical (China) - Global Parent,"Dai,Zhaochen(Vincent)",China,30.00,DR,13227.735,N
00030,SNG4,ME92040,ME92040.S,ME92040.S-T2,2646910,540,2026,8,2026-08-03 00:00:00,6000,30220,329026,Kelly Dongguan - China,290132,Kelly Chemical (China) - Global Parent,"Dai,Zhaochen(Vincent)",China,6.00,TO,13227.735,Y
00030,SNG4,ME92040,ME92040.S,ME92040.S-T2,2660394,999,2026,8,2026-08-03 00:00:00,6000,30220,329026,Kelly Dongguan - China,290132,Kelly Chemical (China) - Global Parent,"Dai,Zhaochen(Vincent)",China,6.00,TO,13227.735,N
00030,SNG4,PP05S,PP05S.S,PP05S.S-OP,2647986,540,2026,8,2026-08-03 00:00:00,13800,30240,307037,CPIC - Hong Kong,294294,Chongqing CPIC - Global Parent,Ethan Cheng,Hong Kong,69.00,DR,30423.790500000003,Y
00030,SNG4,ME92040,ME92040.S,ME92040.S-T2,2737083,540,2026,8,2026-08-04 00:00:00,15000,30220,289459,Kelly Technology - China(Kelly Shanghai),290132,Kelly Chemical (China) - Global Parent,Robin Li,China,15.00,TO,33069.3375,Y
00030,SNG4,JS168,JS168.S,JS168.S-TL,2595863,999,2026,8,2026-08-14 00:00:00,18000,30240,293048,"CHINA JUSHI CO, LTD",297156,Jushi - Global Parent,Ethan Cheng,China,18.00,TO,39683.205,N
00034,SHAN,NYS2104,NYS2104.S,NYS2104.S-OP,2726425,540,2026,8,2026-08-14 00:00:00,20000,34220,333618,Shanghai Aimite- China,333618,Shanghai Aimite- China,Robin Li,China,100.00,DR,44092.450000000004,Y
00030,SNG4,JS168,JS168.S,JS168.S-TL,2595879,999,2026,8,2026-08-17 00:00:00,18000,30240,293048,"CHINA JUSHI CO, LTD",297156,Jushi - Global Parent,Ethan Cheng,China,18.00,TO,39683.205,N
00030,SNG4,PP05S,PP05S.S,PP05S.S-OP,2647987,540,2026,8,2026-08-17 00:00:00,16000,30240,307037,CPIC - Hong Kong,294294,Chongqing CPIC - Global Parent,Ethan Cheng,Hong Kong,80.00,DR,35273.96,Y
00030,SNG4,JS168,JS168.S,JS168.S-TL,2595881,999,2026,8,2026-08-18 00:00:00,18000,30240,293048,"CHINA JUSHI CO, LTD",297156,Jushi - Global Parent,Ethan Cheng,China,18.00,TO,39683.205,N
00030,SNG4,JS168,JS168.S,JS168.S-TL,2595882,999,2026,8,2026-08-18 00:00:00,18000,30240,293048,"CHINA JUSHI CO, LTD",297156,Jushi - Global Parent,Ethan Cheng,China,18.00,TO,39683.205,N
00034,SHAN,JS168,JS168.E,JS168.E-TO,2611057,999,2026,8,2026-08-26 00:00:00,104500,34240,316183,Jushi Group,297156,Jushi - Global Parent,Ethan Cheng,China,110.00,TO,230383.054,N
00030,SNG4,211018IX,211018IX.S,211018IX.S-OP,2722823,530,2026,9,2026-09-03 00:00:00,12000,30240,289504,GR KOREA LTD (Formerly OCK) - KOREA,290156,Owens Corning Vetrotex - Global Parent,Brandon Lee,South Korea,60.00,DR,26455.47,Y
00030,SNG4,PP05S,PP05S.S,PP05S.S-OP,2647988,530,2026,9,2026-09-14 00:00:00,16000,30240,307037,CPIC - Hong Kong,294294,Chongqing CPIC - Global Parent,Ethan Cheng,Hong Kong,80.00,DR,35273.96,Y
00030,SNG4,PP05S,PP05S.S,PP05S.S-OP,2647989,530,2026,9,2026-09-21 00:00:00,10000,30240,307037,CPIC - Hong Kong,294294,Chongqing CPIC - Global Parent,Ethan Cheng,Hong Kong,50.00,DR,22046.225000000002,Y
00034,SHAN,JS168,JS168.E,JS168.E-TO,2611057,999,2026,9,2026-09-25 00:00:00,104500,34240,316183,Jushi Group,297156,Jushi - Global Parent,Ethan Cheng,China,110.00,TO,230383.054,N
00030,SNG4,ME90640,ME90640.S,ME90640.S-PD,2660394,530,2026,10,2026-10-05 00:00:00,21000,30220,329026,Kelly Dongguan - China,290132,Kelly Chemical (China) - Global Parent,"Dai,Zhaochen(Vincent)",China,105.00,DR,46297.0725,Y
00030,SNG4,ME91240G,ME91240G.S,ME91240G.S-PD,2660394,530,2026,10,2026-10-05 00:00:00,3000,30220,329026,Kelly Dongguan - China,290132,Kelly Chemical (China) - Global Parent,"Dai,Zhaochen(Vincent)",China,15.00,DR,6613.8675,Y
00034,SHAN,JS168,JS168.E,JS168.E-TO,2611057,999,2026,10,2026-10-27 00:00:00,104500,34240,316183,Jushi Group,297156,Jushi - Global Parent,Ethan Cheng,China,110.00,TO,230383.054,N
00034,SHAN,JS168,JS168.E,JS168.E-TO,2611057,999,2026,11,2026-11-26 00:00:00,104500,34240,316183,Jushi Group,297156,Jushi - Global Parent,Ethan Cheng,China,110.00,TO,230383.054,N
00034,SHAN,JS168,JS168.E,JS168.E-TO,2611057,999,2026,12,2026-12-28 00:00:00,650,34240,316183,Jushi Group,297156,Jushi - Global Parent,Ethan Cheng,China,650.00,KG,1432.99,N
00034,SHAN,JS168,JS168.E,JS168.E-TO,2611057,999,2026,12,2026-12-28 00:00:00,105450,34240,316183,Jushi Group,297156,Jushi - Global Parent,Ethan Cheng,China,111.00,TO,232477.4454,N
