Order Company,Branch Plant,Global Bulk Item,Bulk Item,2nd Item Number,Order Number,Order Line,Customer PO,Lot Number,Hold Orders Code,Last Status,Next Status,Primary Quantity Ordered,Primary UOM,Secondary Quantity Ordered,Secondary UOM,Order Date,Promised Ship Date,Scheduled Pick Date,Customer Code,Customer Name,Order Type
00010,CIN2,211001PX,211001PX.E,211001PX.E-PD,2734359,2,Sample-30787,"",OC,530,535,210,KG,1,DR,2026-07-02 00:00:00,2026-07-21 00:00:00,2026-07-21 00:00:00,293866,"Mimir Flexo - Troy, MO",SA
00030,SNG4,211018IX,211018IX.S,211018IX.S-OP,2722823,1,2026-MB-103,"",C1,525,530,12000,KG,60,DR,2026-06-17 00:00:00,2026-09-03 00:00:00,2026-09-03 00:00:00,289504,GR KOREA LTD (Formerly OCK) - KOREA,S4
00020,AUBA,221151PX,221151PX.E,221151PX.E-PL,26001000,1,PO26000150,4581740,"",900,580,18,KG,1,PL,2026-05-26 00:00:00,2026-07-06 00:00:00,2026-07-06 00:00:00,361450,Aimplas (S Tipa IL) Valencia ES,S4
00020,AUBA,221255PX,221255PX.E,221255PX.E-PL,26001121,1,POLPDE0000360,4582777,"",900,560,486,KG,27,PL,2026-06-11 00:00:00,2026-07-15 00:00:00,2026-07-15 00:00:00,336662,S-One Labels (S) Butzbach DE,S4
00020,AUBA,221255PX,221255PX.E,221255PX.E-PL,26001155,4,POLPDE0000362,4582999,"",900,560,486,KG,27,PL,2026-06-18 00:00:00,2026-07-15 00:00:00,2026-07-15 00:00:00,336662,S-One Labels (S) Butzbach DE,S4
00010,CIN2,227142X,227142X,227142X-T3,2692526,2,4535327555,"","",535,540,40500,LB,15,TO,2026-05-08 00:00:00,2026-07-23 00:00:00,2026-07-23 00:00:00,340926,"Solenis (Diversey) - Florence, KY",S4
00010,CIN2,227142X,227142X,227142X-T3,2734579,4,4535410067,"","",535,540,40500,LB,15,TO,2026-07-02 00:00:00,2026-08-26 00:00:00,2026-08-26 00:00:00,340926,"Solenis (Diversey) - Florence, KY",S4
00010,CINC,227158X,227158X,227158X,2727576,2,4535395617,"","",535,540,44000,LB,44000,LB,2026-06-23 00:00:00,2026-07-27 00:00:00,2026-07-27 00:00:00,340926,"Solenis (Diversey) - Florence, KY",S4
00010,CINC,227158X,227158X,227158X,2743388,1,4535425818,"","",525,530,44000,LB,44000,LB,2026-07-14 00:00:00,2026-08-11 00:00:00,2026-08-11 00:00:00,340926,"Solenis (Diversey) - Florence, KY",S4
00020,AUBA,231043PX,231043PX.E,231043PX.E-TO,26001185,1,4001421,"","",535,540,24000,KG,24,TO,2026-06-24 00:00:00,2026-08-26 00:00:00,2026-08-26 00:00:00,321432,Transportes Davi (S) Barcelona ES,S4
00020,AUBA,231043PX,231043PX.E,231043PX.E-TO,26001315,1,4001438,"","",535,540,1000,KG,1,TO,2026-07-14 00:00:00,2026-09-09 00:00:00,2026-09-09 00:00:00,321432,Transportes Davi (S) Barcelona ES,S4
00020,AUBA,231100PX,231100PX.E,231100PX.E-PL,26001305,1,209129,"",PN,900,535,18,KG,1,PL,2026-07-10 00:00:00,2026-07-23 00:00:00,2026-07-23 00:00:00,295623,Safic UK (S) CHESHIRE GB,S4
00030,SNG4,231255NX,231255NX.S,231255NX.S-OP,2737890,1,OP-178711,"","",525,530,8000,KG,40,DR,2026-07-07 00:00:00,2026-10-23 00:00:00,2026-10-23 00:00:00,300385,Michelman New Material - China,S5
00020,AUBA,231316PX,231316PX.E,231316PX.E-PD,26001212,3,OP- 178535,4583477,"",900,550,200,KG,1,DR,2026-06-29 00:00:00,2026-07-17 00:00:00,2026-07-17 00:00:00,312396,Michelman (X) Shanghai PC,S5
00020,AUBA,231316PX,231316PX.E,231316PX.E-PD,26001252,2,PO178535-2,4583477,"",900,550,760,KG,4,DR,2026-07-02 00:00:00,2026-07-17 00:00:00,2026-07-17 00:00:00,312396,Michelman (X) Shanghai PC,S5
00034,SHAN,231316PX,231316PX.E,231316PX.E-PD,2742369,1,20260618CL,"","",525,540,1000,KG,5,DR,2026-07-13 00:00:00,2026-08-27 00:00:00,2026-08-27 00:00:00,349421,Guangdong Cailong - China,S4
00020,AUBA,231316PX,231316PX.E,231316PX.E-PL,26001316,2,ZAM/00414/07/2026,"",OA,900,535,72,KG,4,PL,2026-07-14 00:00:00,2026-08-10 00:00:00,2026-08-10 00:00:00,319169,Eurocast (X) Strzebielino PL,S4
00034,SHAN,241342PX,241342PX.S,241342PX.S-TL,2737858,1,OP- 26050678,4577001,"",540,560,900,KG,1,TO,2026-07-07 00:00:00,2026-07-14 00:00:00,2026-07-14 00:00:00,318379,Michelman Asia-Pacific Pte. Ltd.,S5
00034,SHAN,241342PX,241342PX.S,241342PX.S-TL,2737858,2,OP- 26050678,4577007,"",540,560,3000,KG,3,TO,2026-07-07 00:00:00,2026-07-14 00:00:00,2026-07-14 00:00:00,318379,Michelman Asia-Pacific Pte. Ltd.,S5
00034,SHAN,241342PX,241342PX.S,241342PX.S-TL,2737858,3,OP- 26050678,4577009,"",540,560,11000,KG,11,TO,2026-07-07 00:00:00,2026-07-14 00:00:00,2026-07-14 00:00:00,318379,Michelman Asia-Pacific Pte. Ltd.,S5
00034,SHAN,241342PX,241342PX.S,241342PX.S-TL,2645219,1,2026030557H2001,"","",900,540,1000,KG,1,TO,2026-03-06 00:00:00,2026-07-29 00:00:00,2026-07-29 00:00:00,311339,Zhejiang Fulai New Materials-China,S4
00034,SHAN,241342PX,241342PX.S,241342PX.S-TL,2743075,1,20260713027,"","",525,540,600,KG,1,TO,2026-07-14 00:00:00,2026-07-29 00:00:00,2026-07-29 00:00:00,341047,Qingdao RIZONE-China,S4
00034,SHAN,241342PX,241342PX.S,241342PX.S-TL,2743076,1,20260714012,"","",525,540,500,KG,1,TO,2026-07-14 00:00:00,2026-07-29 00:00:00,2026-07-29 00:00:00,341047,Qingdao RIZONE-China,S4
00034,SHAN,241342PX,241342PX.S,241342PX.S-TL,2670114,2,2026040757H2001,"","",525,540,50000,KG,50,TO,2026-04-09 00:00:00,2026-08-27 00:00:00,2026-08-27 00:00:00,311339,Zhejiang Fulai New Materials-China,S4
00020,AUBA,251056PX,251056PX.E,251056PX.E-PD,26001137,6,Email VKolesnyk 120626,"",CX,900,530,1000,KG,5,DR,2026-06-12 00:00:00,2026-09-10 00:00:00,2026-09-10 00:00:00,347416,Univest (X) Fastiv UA,S4
00020,AUBA,251095NX,251095NX.E,251095NX.E-PL,26001300,1,Sample-30837,"",FM,900,525,36,KG,2,PL,2026-07-09 00:00:00,2026-07-23 00:00:00,2026-07-23 00:00:00,307057,HP (S) Nes Ziona IL,SA
00010,CIN2,251194NX,251194NX,251194NX-PL,2738963,1,POLPIL0001095,"","",535,540,1920,LB,48,PL,2026-07-08 00:00:00,2026-07-28 00:00:00,2026-07-28 00:00:00,323911,"S-One/ SOLP US Illinoi, Carol Stream, IL",S4
00020,AUBA,251194NX,251194NX.E,251194NX.E-B1,26001194,2,Sample-30697,"",C1,530,535,80,KG,4,B1,2026-06-24 00:00:00,2026-07-06 00:00:00,2026-07-06 00:00:00,318283,"Brigal (S) NIGRAN, ES",SA
00020,AUBA,251194NX,251194NX.E,251194NX.E-B1,26001279,1,Sample-30805 - PO 208638,4575641,"",900,560,60,KG,3,B1,2026-07-07 00:00:00,2026-07-17 00:00:00,2026-07-17 00:00:00,295623,Safic UK (S) CHESHIRE GB,SA
00020,AUBA,251194NX,251194NX.E,251194NX.E-P1,26001235,6,260280,4575641,"",900,550,480,KG,1,PA,2026-07-01 00:00:00,2026-07-17 00:00:00,2026-07-17 00:00:00,61049,Soconomar (S) Piacenza IT,S4
00020,AUBA,251194NX,251194NX.E,251194NX.E-P1,26001310,2,260302,"","",900,540,960,KG,2,PA,2026-07-13 00:00:00,2026-07-22 00:00:00,2026-07-22 00:00:00,61049,Soconomar (S) Piacenza IT,S4
00010,CIN2,251409PX,251409PX,251409PX-FD,2743551,1,Sample-30883,"",SQ,520,525,900,LB,2,DR,2026-07-14 00:00:00,2026-07-31 00:00:00,2026-07-31 00:00:00,355824,"Dart Container - Leola, PA",SA
00010,CIN2,26006,26006,26006-FD,2727479,1,644540 OP,"","",535,540,3600,LB,8,DR,2026-06-23 00:00:00,2026-07-22 00:00:00,2026-07-22 00:00:00,344842,"Unique Industries - Louisville, KY(4004)",S4
00010,CIN2,261067PX,261067PX,261067PX-T3,2742774,1,PO02842,"",SQ,520,525,2700,LB,1,TO,2026-07-13 00:00:00,2026-07-29 00:00:00,2026-07-29 00:00:00,289700,"Premier Ink Systems - Harrison, OH",S4
00010,CIN2,26778,26778,26778-PL,2732052,1,416956,4567433,"",900,580,45,LB,1,PL,2026-06-29 00:00:00,2026-07-13 00:00:00,2026-07-13 00:00:00,20827,"SupplyOne - Tualatin, OR",S4
00010,CIN2,26778,26778,26778-PL,2732052,1.001,416956,4583487,"",912,580,675,LB,15,PL,2026-06-29 00:00:00,2026-07-13 00:00:00,2026-07-13 00:00:00,20827,"SupplyOne - Tualatin, OR",S4
00010,CIN2,26794,26794,26794-T2,2734309,1,109194,4583792,"",900,580,4400,LB,2,TO,2026-07-02 00:00:00,2026-07-14 00:00:00,2026-07-14 00:00:00,26632,"Independent Corr. - Mississauga, ON, CA",S4
00020,AUBA,A2290,A2290.E,A2290.E,26000882,1,OP- 26050563,"","",900,535,180,KG,180,KG,2026-05-05 00:00:00,2026-07-30 00:00:00,2026-07-30 00:00:00,346190,MAP TVS (S MAP) SINGAPORE SG,S5
00020,AUBA,AZF8035Q,AZF8035Q.E,AZF8035Q.E,26001105,1,OP - 178098,"",DU,520,525,600,KG,600,KG,2026-06-10 00:00:00,2026-07-17 00:00:00,2026-07-17 00:00:00,68839,Michelman Inc. Kemper(S) Cincinnati US,S5
00020,AUBA,AZF8035Q,AZF8035Q.E,AZF8035Q.E,26001106,1,OP - 178099,"",DU,520,525,1800,KG,1800,KG,2026-06-10 00:00:00,2026-09-14 00:00:00,2026-09-14 00:00:00,68839,Michelman Inc. Kemper(S) Cincinnati US,S5
00030,SNG4,AZF8035Q,AZF8035Q.S,AZF8035Q.S,2727254,1,OP-178100,27001231,"",530,540,1600,KG,1600,KG,2026-06-23 00:00:00,2026-07-24 00:00:00,2026-07-24 00:00:00,292752,"Michelman, Inc.- Cincinnati",S5
00010,CINC,BLND550GM,BLND550GM,BLND550GM,2740383,1,192416,"","",900,540,44000,LB,44000,LB,2026-07-10 00:00:00,2026-07-20 00:00:00,2026-07-20 00:00:00,23600,"Spartan Chemical - Maumee, OH",S4
00010,CIN2,CLG2100,CLG2100,CLG2100-FD,2737286,1,224227,"","",900,540,4000,LB,8,DR,2026-07-06 00:00:00,2026-07-20 00:00:00,2026-07-20 00:00:00,21099,"Great Northern - Appleton, WI",S4
00010,CIN2,CLG2100,CLG2100,CLG2100-T3,2743467,2,PO-24012-1,"","",525,540,2900,LB,1,TO,2026-07-14 00:00:00,2026-07-20 00:00:00,2026-07-20 00:00:00,295090,"Specialty Ctg & Lam - Doswell, VA",S4
00010,CIN2,CLG2103,CLG2103,CLG2103-T3,2721800,1,4506171611,4576949,"",900,560,7000,LB,2,TO,2026-06-15 00:00:00,2026-07-14 00:00:00,2026-07-14 00:00:00,289038,"Graphic Pkg - Portland, OR",S4
00010,CIN2,CLG2103,CLG2103,CLG2103-T3,2721800,1.001,4506171611,4583015,"",912,560,17500,LB,5,TO,2026-06-15 00:00:00,2026-07-14 00:00:00,2026-07-14 00:00:00,289038,"Graphic Pkg - Portland, OR",S4
00010,CIN2,CLG2110,CLG2110,CLG2110-T3,2742712,1,27GW1746,"","",900,530,2900,LB,1,TO,2026-07-13 00:00:00,2026-07-22 00:00:00,2026-07-22 00:00:00,287528,"Hood Packaging - Sibley, IA",S4
00010,CIN2,CTG102,CTG102,CTG102-FD,2718026,1,P3722502744,"","",535,540,5500,LB,10,DR,2026-06-10 00:00:00,2026-08-28 00:00:00,2026-08-28 00:00:00,22743,"G-P Corrugated(Sterling) West Chester,OH",S4
00010,CIN2,DF201,DF201,DF201-JG,2734580,1,312691,"","",535,540,1,EA,1,JG,2026-07-02 00:00:00,2026-08-03 00:00:00,2026-08-03 00:00:00,287283,"Wausau Coated - Wausau, WI",S4
00020,AUBA,DF400,DF400.E,DF400.E-PL,26000925,1,603936,"","",900,540,15,KG,1,PL,2026-05-12 00:00:00,2026-07-30 00:00:00,2026-07-30 00:00:00,297409,Avery (S Axthelm) Nohra DE,S4
00010,CIN2,DF60,DF60,DF60-PL,2740399,1,PO-23973-1,"","",900,540,80,LB,2,PL,2026-07-10 00:00:00,2026-07-20 00:00:00,2026-07-20 00:00:00,295090,"Specialty Ctg & Lam - Doswell, VA",S4
00010,CIN2,DG520IJ,DG520IJ,DG520IJ-PL,2732897,1,Sample-30736,4582111,"",550,560,80,LB,2,PL,2026-06-30 00:00:00,2026-07-15 00:00:00,2026-07-15 00:00:00,288399,Michelman New Material Shanghai Co Ltd,SA
00010,CIN2,DG520IJ,DG520IJ,DG520IJ-T2,2742575,1,4508235288,4582403,"",570,580,8800,LB,4,TO,2026-07-13 00:00:00,2026-07-14 00:00:00,2026-07-14 00:00:00,20977,"Pratt (Lewisburg ) LLC - Lewisb, OH",S4
00010,CIN2,DG520IJ,DG520IJ,DG520IJ-T2,2742575,1.001,4508235288,4583210,"",912,580,8800,LB,4,TO,2026-07-13 00:00:00,2026-07-14 00:00:00,2026-07-14 00:00:00,20977,"Pratt (Lewisburg ) LLC - Lewisb, OH",S4
00020,AUBA,DG520IJ,DG520IJ.E,DG520IJ.E-TO,26001265,1,260292,"","",535,540,4000,KG,4,TO,2026-07-03 00:00:00,2026-08-28 00:00:00,2026-08-28 00:00:00,61049,Soconomar (S) Piacenza IT,S4
00020,AUBA,DG901,DG901.E,DG901.E-BX,26001275,2,611479,"",C1,530,535,1,EA,1,BX,2026-07-07 00:00:00,2026-07-22 00:00:00,2026-07-22 00:00:00,318283,"Brigal (S) NIGRAN, ES",S4
00010,CIN2,DG920,DG920.E,DG920.E-JG,2739610,3,9164- part 1,4572106,"",570,580,15,KG,3,JG,2026-07-09 00:00:00,2026-07-14 00:00:00,2026-07-14 00:00:00,294598,Sun Digital S.A. de C.V.-México,S4
00020,AUBA,DG920,DG920.E,DG920.E-JG,26001007,1,OP - 177591,"","",900,540,20,KG,4,JG,2026-05-27 00:00:00,2026-07-16 00:00:00,2026-07-16 00:00:00,68839,Michelman Inc. Kemper(S) Cincinnati US,S5
00010,CIN2,DG920,DG920.E,DG920.E-JG,2743372,1,9164- part 2,"","",525,530,25,KG,5,JG,2026-07-14 00:00:00,2026-09-02 00:00:00,2026-09-02 00:00:00,294598,Sun Digital S.A. de C.V.-México,S4
00020,AUBA,DP040,DP040.E,DP040.E-B1,26001228,2,Email MFakhry 300626,"",CX,900,530,80,KG,4,B1,2026-06-30 00:00:00,2026-07-10 00:00:00,2026-07-10 00:00:00,323810,Polykrome (X)  Dakar SN,S4
00010,CIN2,DP050,DP050,DP050-P2,2732217,1,9128,4582605,"",900,580,5760,LB,6,PA,2026-06-29 00:00:00,2026-07-14 00:00:00,2026-07-14 00:00:00,294598,Sun Digital S.A. de C.V.-México,S4
00010,CIN2,DP050,DP050,DP050-P2,2729189,1,9118,"","",900,540,3840,LB,4,PA,2026-06-25 00:00:00,2026-07-16 00:00:00,2026-07-16 00:00:00,294598,Sun Digital S.A. de C.V.-México,S4
00010,CIN2,DP050,DP050,DP050-P2,2737285,7,GR-000002095,"","",535,540,1920,LB,2,PA,2026-07-06 00:00:00,2026-07-24 00:00:00,2026-07-24 00:00:00,293987,GRAFIX DIGITAL S.A. - BOGOTA,S4
00010,CIN2,DP050,DP050,DP050-P2,2737510,1,9150,"","",535,540,960,LB,1,PA,2026-07-06 00:00:00,2026-07-24 00:00:00,2026-07-24 00:00:00,294598,Sun Digital S.A. de C.V.-México,S4
00010,CIN2,DP050,DP050,DP050-P2,2740321,1,9170,"","",535,540,3840,LB,4,PA,2026-07-10 00:00:00,2026-07-29 00:00:00,2026-07-29 00:00:00,294598,Sun Digital S.A. de C.V.-México,S4
00010,CIN2,DP050,DP050,DP050-PL,2724068,1,POLPIL0001088,4582605,"",900,580,4240,LB,106,PL,2026-06-18 00:00:00,2026-07-13 00:00:00,2026-07-13 00:00:00,323911,"S-One/ SOLP US Illinoi, Carol Stream, IL",S4
00010,CIN2,DP050,DP050,DP050-PL,2724068,1.001,POLPIL0001088,4582605,"",912,580,1520,LB,38,PL,2026-06-18 00:00:00,2026-07-13 00:00:00,2026-07-13 00:00:00,323911,"S-One/ SOLP US Illinoi, Carol Stream, IL",S4
00010,CIN2,DP050,DP050,DP050-PL,2728412,1,POLPNV0000526,4582605,"",900,580,2880,LB,72,PL,2026-06-24 00:00:00,2026-07-14 00:00:00,2026-07-14 00:00:00,323916,"S-One/ SOLP Nevada UPS, Sparks, NV",S4
00010,CIN2,DP050,DP050,DP050-PL,2728413,1,POLPIL0001090,4582605,"",900,580,5760,LB,144,PL,2026-06-24 00:00:00,2026-07-14 00:00:00,2026-07-14 00:00:00,323911,"S-One/ SOLP US Illinoi, Carol Stream, IL",S4
00010,CIN2,DP050,DP050,DP050-PL,2728414,1,POLPCA0000301,4583019,"",900,560,1920,LB,48,PL,2026-06-24 00:00:00,2026-07-14 00:00:00,2026-07-14 00:00:00,323915,"S-One/ UPS SCS,Hamilton,ON,CA",S4
00010,CIN2,DP050,DP050,DP050-PL,2733684,1,POLPNV0000527,"","",900,540,1920,LB,48,PL,2026-07-01 00:00:00,2026-07-21 00:00:00,2026-07-21 00:00:00,323916,"S-One/ SOLP Nevada UPS, Sparks, NV",S4
00010,CIN2,DP050,DP050,DP050-PL,2733686,1,POLPIL0001093,"","",900,540,3840,LB,96,PL,2026-07-01 00:00:00,2026-07-21 00:00:00,2026-07-21 00:00:00,323911,"S-One/ SOLP US Illinoi, Carol Stream, IL",S4
00010,CIN2,DP050,DP050,DP050-PL,2737285,8,GR-000002095,"","",535,540,320,LB,8,PL,2026-07-06 00:00:00,2026-07-24 00:00:00,2026-07-24 00:00:00,293987,GRAFIX DIGITAL S.A. - BOGOTA,S4
00010,CIN2,DP050,DP050,DP050-PL,2738034,3,PE - 0000122,"","",535,540,400,LB,10,PL,2026-07-07 00:00:00,2026-07-27 00:00:00,2026-07-27 00:00:00,349207,"Grafix Digital S.A. - Lima, Peru",S4
00010,CIN2,DP050,DP050,DP050-PL,2738081,1,EC-000001070,"","",900,540,400,LB,10,PL,2026-07-07 00:00:00,2026-07-27 00:00:00,2026-07-27 00:00:00,296782,"Grafixec S.A. - Quito, Ecuador",S4
00010,CIN2,DP050,DP050,DP050-PL,2738960,1,POLPPA0000479,"","",535,540,1920,LB,48,PL,2026-07-08 00:00:00,2026-07-28 00:00:00,2026-07-28 00:00:00,323918,"S-One/SOLP Pennsylvania, Harrisburg, PA",S4
00010,CIN2,DP050,DP050,DP050-PL,2738961,1,POLPGA0000417,"","",535,540,1920,LB,48,PL,2026-07-08 00:00:00,2026-07-28 00:00:00,2026-07-28 00:00:00,323917,"S-One/SOLP Georgia, Atlanta, GA",S4
00010,CIN2,DP050,DP050,DP050-PL,2738962,1,POLPNV0000528,"","",535,540,3840,LB,96,PL,2026-07-08 00:00:00,2026-07-28 00:00:00,2026-07-28 00:00:00,323916,"S-One/ SOLP Nevada UPS, Sparks, NV",S4
00010,CIN2,DP050,DP050,DP050-PL,2738963,2,POLPIL0001095,"","",535,540,3840,LB,96,PL,2026-07-08 00:00:00,2026-07-28 00:00:00,2026-07-28 00:00:00,323911,"S-One/ SOLP US Illinoi, Carol Stream, IL",S4
00010,CIN2,DP050,DP050,DP050-PL,2743309,1,4831,"",SQ,520,525,1200,LB,30,PL,2026-07-14 00:00:00,2026-09-02 00:00:00,2026-09-02 00:00:00,298451,"Graphicsource-Quito, Ecuador",S4
00020,AUBA,DP050,DP050.E,DP050.E-P2,26001222,2,CF2606-0115,"",CX,900,530,972,KG,2,PA,2026-06-30 00:00:00,2026-07-06 00:00:00,2026-07-06 00:00:00,302870,Impepack (X) MarrakechMA,S4
00020,AUBA,DP050,DP050.E,DP050.E-P2,26001223,2,CF2606-0116,"",CX,900,530,1458,KG,3,PA,2026-06-30 00:00:00,2026-07-14 00:00:00,2026-07-14 00:00:00,302870,Impepack (X) MarrakechMA,S4
00020,AUBA,DP050,DP050.E,DP050.E-P2,26001123,1,POLPDE0000361,4577018,"",900,560,1458,KG,3,PA,2026-06-11 00:00:00,2026-07-15 00:00:00,2026-07-15 00:00:00,336662,S-One Labels (S) Butzbach DE,S4
00020,AUBA,DP050,DP050.E,DP050.E-P2,26001155,1,POLPDE0000362,4578827,"",900,560,1458,KG,3,PA,2026-06-18 00:00:00,2026-07-15 00:00:00,2026-07-15 00:00:00,336662,S-One Labels (S) Butzbach DE,S4
00020,AUBA,DP050,DP050.E,DP050.E-P2,26001196,1,POLPDE0000363,4578827,"",900,560,486,KG,1,PA,2026-06-25 00:00:00,2026-07-15 00:00:00,2026-07-15 00:00:00,336662,S-One Labels (S) Butzbach DE,S4
00020,AUBA,DP050,DP050.E,DP050.E-P2,26001196,1.001,POLPDE0000363,4578827,"",912,560,486,KG,1,PA,2026-06-25 00:00:00,2026-07-15 00:00:00,2026-07-15 00:00:00,336662,S-One Labels (S) Butzbach DE,S4
00020,AUBA,DP050,DP050.E,DP050.E-P2,26001246,1,POLPDE0000364,4578827,"",900,560,972,KG,2,PA,2026-07-01 00:00:00,2026-07-15 00:00:00,2026-07-15 00:00:00,336662,S-One Labels (S) Butzbach DE,S4
00020,AUBA,DP050,DP050.E,DP050.E-P2,26001274,1,E185/26,4578827,"",900,560,486,KG,1,PA,2026-07-06 00:00:00,2026-07-15 00:00:00,2026-07-15 00:00:00,288577,Apaco Grosshandel (X) Wien AT,S4
00020,AUBA,DP050,DP050.E,DP050.E-P2,26001293,1,8227,4578827,"",900,560,972,KG,2,PA,2026-07-09 00:00:00,2026-07-16 00:00:00,2026-07-16 00:00:00,290035,Visutech Digital AB (X) Molndal SE,S4
00020,AUBA,DP050,DP050.E,DP050.E-P2,26001235,2,260280,4578827,"",900,550,972,KG,2,PA,2026-07-01 00:00:00,2026-07-17 00:00:00,2026-07-17 00:00:00,61049,Soconomar (S) Piacenza IT,S4
00020,AUBA,DP050,DP050.E,DP050.E-P2,26001275,3,611479,"",C1,900,535,2916,KG,6,PA,2026-07-07 00:00:00,2026-07-22 00:00:00,2026-07-22 00:00:00,318283,"Brigal (S) NIGRAN, ES",S4
00020,AUBA,DP050,DP050.E,DP050.E-P2,26001282,1,208973,"","",900,540,486,KG,1,PA,2026-07-08 00:00:00,2026-07-23 00:00:00,2026-07-23 00:00:00,295623,Safic UK (S) CHESHIRE GB,S4
00020,AUBA,DP050,DP050.E,DP050.E-P2,26001291,1,POLPDE0000365,"","",900,540,972,KG,2,PA,2026-07-09 00:00:00,2026-08-17 00:00:00,2026-08-17 00:00:00,336662,S-One Labels (S) Butzbach DE,S4
00030,SNG4,DP050,DP050.S,DP050.S-PD,2733358,1,No.001/VII/2026-MICHELMAN,"",C1,900,540,8000,KG,40,DR,2026-07-01 00:00:00,2026-07-18 00:00:00,2026-07-18 00:00:00,295468,PT Samafitro- Indonesia,S4
00035,MUM3,DP050,DP050.S,DP050.S-PL,2742299,1,POV-2627-601 - 13-07-2026,4578077,"",560,570,576,KG,32,PL,2026-07-13 00:00:00,2026-07-14 00:00:00,2026-07-14 00:00:00,346035,TRIGON DIGIPACK PVT LTD - VASAI,S4
00030,SNG4,DP050,DP050.S,DP050.S-PL,2710761,7,4947,"","",535,540,864,KG,48,PL,2026-06-01 00:00:00,2026-07-17 00:00:00,2026-07-17 00:00:00,319874,Mumbai Branch Plant - Bhiwandi (new),SL
00030,SNG4,DP050,DP050.S,DP050.S-PL,2738737,4,4976,"",SQ,530,535,3024,KG,168,PL,2026-07-08 00:00:00,2026-08-14 00:00:00,2026-08-14 00:00:00,319874,Mumbai Branch Plant - Bhiwandi (new),SL
00034,SHAN,DP050,DP050.S,DP050.S-PL,2675722,8,26MM13,"","",525,540,864,KG,48,PL,2026-04-16 00:00:00,2026-08-27 00:00:00,2026-08-27 00:00:00,307826,SYNTAX CHINA,S4
00034,SHAN,DP050,DP050.S,DP050.S-PL,2701681,5,26MM14,"","",525,540,2160,KG,120,PL,2026-05-20 00:00:00,2026-08-27 00:00:00,2026-08-27 00:00:00,307826,SYNTAX CHINA,S4
00010,CIN2,DP060,DP060,DP060-PL,2728412,2,POLPNV0000526,4581003,"",570,580,960,LB,24,PL,2026-06-24 00:00:00,2026-07-14 00:00:00,2026-07-14 00:00:00,323916,"S-One/ SOLP Nevada UPS, Sparks, NV",S4
00010,CIN2,DP060,DP060,DP060-PL,2738962,2,POLPNV0000528,"","",535,540,1920,LB,48,PL,2026-07-08 00:00:00,2026-07-28 00:00:00,2026-07-28 00:00:00,323916,"S-One/ SOLP Nevada UPS, Sparks, NV",S4
00020,AUBA,DP060,DP060.E,DP060.E-P2,26001093,1,122567,"","",900,540,972,KG,2,PA,2026-06-09 00:00:00,2026-07-22 00:00:00,2026-07-22 00:00:00,340226,EPP (S) Dubai UAE,S4
00020,AUBA,DP060,DP060.E,DP060.E-P2,26001275,4,611479,"",C1,530,535,486,KG,1,PA,2026-07-07 00:00:00,2026-07-22 00:00:00,2026-07-22 00:00:00,318283,"Brigal (S) NIGRAN, ES",S4
00030,SNG4,DP060,DP060.S,DP060.S-PL,2740151,1,A-2027-017,4582927,"",545,560,180,KG,10,PL,2026-07-10 00:00:00,2026-07-16 00:00:00,2026-07-16 00:00:00,293491,Acacia I.T. Services - Singapore,S4
00035,MUM3,DP060,DP060.S,DP060.S-PL,2739519,1,4200265233 - 13-07-2026,"",C1,900,525,864,KG,48,PL,2026-07-09 00:00:00,2026-07-30 00:00:00,2026-07-30 00:00:00,329183,PARKSONS PACKAGING LTD- DAMAN,S4
00030,SNG4,DP060,DP060.S,DP060.S-PL,2738737,2,4976,"",SQ,530,535,864,KG,48,PL,2026-07-08 00:00:00,2026-08-14 00:00:00,2026-08-14 00:00:00,319874,Mumbai Branch Plant - Bhiwandi (new),SL
00034,SHAN,DP6612,DP6612.S,DP6612.S-B1,2675722,10,26MM13,"","",525,540,480,KG,24,B1,2026-04-16 00:00:00,2026-08-27 00:00:00,2026-08-27 00:00:00,307826,SYNTAX CHINA,S4
00034,SHAN,DP6700,DP6700.S,DP6700.S-PL,2675722,5,26MM13,"","",525,540,4320,KG,240,PL,2026-04-16 00:00:00,2026-08-27 00:00:00,2026-08-27 00:00:00,307826,SYNTAX CHINA,S4
00034,SHAN,DP6701,DP6701.S,DP6701.S-PL,2675722,4,26MM13,"","",525,540,432,KG,24,PL,2026-04-16 00:00:00,2026-08-27 00:00:00,2026-08-27 00:00:00,307826,SYNTAX CHINA,S4
00034,SHAN,DP6701,DP6701.S,DP6701.S-PL,2701681,4,26MM14,"","",525,540,864,KG,48,PL,2026-05-20 00:00:00,2026-08-27 00:00:00,2026-08-27 00:00:00,307826,SYNTAX CHINA,S4
00010,CIN2,DP680,DP680,DP680-B1,2728411,1,POLPPA0000476,4582544,"",900,580,32,EA,32,B1,2026-06-24 00:00:00,2026-07-14 00:00:00,2026-07-14 00:00:00,323918,"S-One/SOLP Pennsylvania, Harrisburg, PA",S4
00010,CIN2,DP680,DP680,DP680-B1,2728411,1.001,POLPPA0000476,4583213,"",912,580,16,EA,16,B1,2026-06-24 00:00:00,2026-07-14 00:00:00,2026-07-14 00:00:00,323918,"S-One/SOLP Pennsylvania, Harrisburg, PA",S4
00010,CIN2,DP680,DP680,DP680-B1,2728412,3,POLPNV0000526,4583213,"",900,580,48,EA,48,B1,2026-06-24 00:00:00,2026-07-14 00:00:00,2026-07-14 00:00:00,323916,"S-One/ SOLP Nevada UPS, Sparks, NV",S4
00010,CIN2,DP680,DP680,DP680-B1,2728414,2,POLPCA0000301,4583213,"",900,560,48,EA,48,B1,2026-06-24 00:00:00,2026-07-14 00:00:00,2026-07-14 00:00:00,323915,"S-One/ UPS SCS,Hamilton,ON,CA",S4
00010,CIN2,DP680,DP680,DP680-B1,2728415,1,POLPTX0000233,4583213,"",900,580,24,EA,24,B1,2026-06-24 00:00:00,2026-07-14 00:00:00,2026-07-14 00:00:00,328284,"S-One/ SOLP US Texas UPS, Fort Worth, TX",S4
00010,CIN2,DP680,DP680,DP680-B1,2733683,1,POLPPA0000478,"","",900,540,48,EA,48,B1,2026-07-01 00:00:00,2026-07-21 00:00:00,2026-07-21 00:00:00,323918,"S-One/SOLP Pennsylvania, Harrisburg, PA",S4
00010,CIN2,DP680,DP680,DP680-B1,2733684,2,POLPNV0000527,"","",900,540,48,EA,48,B1,2026-07-01 00:00:00,2026-07-21 00:00:00,2026-07-21 00:00:00,323916,"S-One/ SOLP Nevada UPS, Sparks, NV",S4
00010,CIN2,DP680,DP680,DP680-B1,2733685,1,POLPGA0000416,"","",900,540,24,EA,24,B1,2026-07-01 00:00:00,2026-07-21 00:00:00,2026-07-21 00:00:00,323917,"S-One/SOLP Georgia, Atlanta, GA",S4
00010,CIN2,DP680,DP680,DP680-B1,2733686,2,POLPIL0001093,"","",900,540,24,EA,24,B1,2026-07-01 00:00:00,2026-07-21 00:00:00,2026-07-21 00:00:00,323911,"S-One/ SOLP US Illinoi, Carol Stream, IL",S4
00010,CIN2,DP680,DP680,DP680-B1,2733688,1,POLPCA0000302,"","",900,540,72,EA,72,B1,2026-07-01 00:00:00,2026-07-21 00:00:00,2026-07-21 00:00:00,323915,"S-One/ UPS SCS,Hamilton,ON,CA",S4
00010,CIN2,DP680,DP680,DP680-B1,2738081,2,EC-000001070,"","",535,540,10,EA,10,B1,2026-07-07 00:00:00,2026-07-27 00:00:00,2026-07-27 00:00:00,296782,"Grafixec S.A. - Quito, Ecuador",S4
00010,CIN2,DP680,DP680,DP680-B1,2738964,1,POLPTX0000235,"","",535,540,24,EA,24,B1,2026-07-08 00:00:00,2026-07-28 00:00:00,2026-07-28 00:00:00,328284,"S-One/ SOLP US Texas UPS, Fort Worth, TX",S4
00010,CIN2,DP680,DP680,DP680-B1,2743309,2,4831,"",SQ,520,525,10,EA,10,B1,2026-07-14 00:00:00,2026-09-02 00:00:00,2026-09-02 00:00:00,298451,"Graphicsource-Quito, Ecuador",S4
00010,CIN2,DP680,DP680,DP680-P1,2729189,2,9118,"","",900,540,1056,LB,1,PA,2026-06-25 00:00:00,2026-07-16 00:00:00,2026-07-16 00:00:00,294598,Sun Digital S.A. de C.V.-México,S4
00010,CIN2,DP680,DP680,DP680-P1,2727863,1,SQ-06-23-26,"",SQ,520,525,1056,LB,1,PA,2026-06-23 00:00:00,2026-07-23 00:00:00,2026-07-23 00:00:00,327990,"Litamex - FS Print,  Uruguay",S4
00010,CIN2,DP680,DP680,DP680-P1,2737285,6,GR-000002095,"","",535,540,1056,LB,1,PA,2026-07-06 00:00:00,2026-07-24 00:00:00,2026-07-24 00:00:00,293987,GRAFIX DIGITAL S.A. - BOGOTA,S4
00010,CIN2,DP680,DP680,DP680-P1,2740321,2,9170,"","",535,540,1056,LB,1,PA,2026-07-10 00:00:00,2026-07-29 00:00:00,2026-07-29 00:00:00,294598,Sun Digital S.A. de C.V.-México,S4
00020,AUBA,DP680,DP680.E,DP680.E-P1,26001123,2,POLPDE0000361,DP680-240226,"",900,560,960,KG,2,PA,2026-06-11 00:00:00,2026-07-15 00:00:00,2026-07-15 00:00:00,336662,S-One Labels (S) Butzbach DE,S4
00020,AUBA,DP680,DP680.E,DP680.E-P1,26001155,2,POLPDE0000362,DP680-310326,"",900,560,960,KG,2,PA,2026-06-18 00:00:00,2026-07-15 00:00:00,2026-07-15 00:00:00,336662,S-One Labels (S) Butzbach DE,S4
00020,AUBA,DP680,DP680.E,DP680.E-P1,26001246,2,POLPDE0000364,DP680-310326,"",900,560,960,KG,2,PA,2026-07-01 00:00:00,2026-07-15 00:00:00,2026-07-15 00:00:00,336662,S-One Labels (S) Butzbach DE,S4
00020,AUBA,DP680,DP680.E,DP680.E-P1,26001293,2,8227,DP680-310326,"",900,560,480,KG,1,PA,2026-07-09 00:00:00,2026-07-16 00:00:00,2026-07-16 00:00:00,290035,Visutech Digital AB (X) Molndal SE,S4
00020,AUBA,DP680,DP680.E,DP680.E-P1,26001275,5,611479,"",C1,900,535,1920,KG,4,PA,2026-07-07 00:00:00,2026-07-22 00:00:00,2026-07-22 00:00:00,318283,"Brigal (S) NIGRAN, ES",S4
00020,AUBA,DP680,DP680.E,DP680.E-P1,26001282,2,208973,"","",900,540,480,KG,1,PA,2026-07-08 00:00:00,2026-07-23 00:00:00,2026-07-23 00:00:00,295623,Safic UK (S) CHESHIRE GB,S4
00030,SNG4,DP680,DP680.S,DP680.S-B1,2733357,1,A-2027-013,4581287,"",545,560,10,EA,10,B1,2026-07-01 00:00:00,2026-07-14 00:00:00,2026-07-14 00:00:00,293491,Acacia I.T. Services - Singapore,S4
00030,SNG4,DP680,DP680.S,DP680.S-B1,2710761,2,4947,"","",535,540,96,EA,96,B1,2026-06-01 00:00:00,2026-07-17 00:00:00,2026-07-17 00:00:00,319874,Mumbai Branch Plant - Bhiwandi (new),SL
00030,SNG4,DP680,DP680.S,DP680.S-B1,2734895,1,RVLBO/26/054C-03,"",C1,535,540,12,EA,12,B1,2026-07-03 00:00:00,2026-07-17 00:00:00,2026-07-17 00:00:00,335614,Rieckermann Vietnam Company Ltd,S4
00035,MUM3,DP680,DP680.S,DP680.S-B1,2733396,1,202627/WP/PO/086-01.07.26,"",C1,520,525,1,EA,1,B1,2026-07-01 00:00:00,2026-07-17 00:00:00,2026-07-17 00:00:00,339466,WONDER PAC,S4
00030,SNG4,DP680,DP680.S,DP680.S-B1,2734089,1,4500389891,"","",535,540,10,EA,10,B1,2026-07-02 00:00:00,2026-07-18 00:00:00,2026-07-18 00:00:00,351940,PRINTCARE PLC - Sri Lanka,S4
00035,MUM3,DP680,DP680.S,DP680.S-B1,2743213,1,PO,4577208,C1,520,525,15,EA,15,B1,2026-07-14 00:00:00,2026-07-20 00:00:00,2026-07-20 00:00:00,326721,EPL Limited - Assam,S4
00030,SNG4,DP680,DP680.S,DP680.S-B1,2740149,1,4233008629,"",SQ,530,535,32,EA,32,B1,2026-07-10 00:00:00,2026-07-24 00:00:00,2026-07-24 00:00:00,304319,Berli Jucker Public CO-Thai,S4
00030,SNG4,DP680,DP680.S,DP680.S-B1,2742318,1,TBA,"","",535,540,3,EA,3,B1,2026-07-13 00:00:00,2026-07-28 00:00:00,2026-07-28 00:00:00,333213,R-PAC Bangladesh Packaging-Bangladesh,S4
00030,SNG4,DP680,DP680.S,DP680.S-B1,2716067,1,213-44747 OP,"","",535,540,9,EA,9,B1,2026-06-08 00:00:00,2026-08-11 00:00:00,2026-08-11 00:00:00,289442,Caldic MYS (Formly DCM)(DP)-Malaysia,S4
00030,SNG4,DP680,DP680.S,DP680.S-B1,2716083,1,213-44748 OP,"","",525,530,9,EA,9,B1,2026-06-08 00:00:00,2026-09-09 00:00:00,2026-09-09 00:00:00,289442,Caldic MYS (Formly DCM)(DP)-Malaysia,S4
00030,SNG4,DP680,DP680.S,DP680.S-B1,2716099,1,213-44749 OP,"","",525,530,9,EA,9,B1,2026-06-08 00:00:00,2026-10-07 00:00:00,2026-10-07 00:00:00,289442,Caldic MYS (Formly DCM)(DP)-Malaysia,S4
00020,AUBA,DPA1811,DPA1811.E,DPA1811.E-TO,26000966,1,604955,"","",535,540,1000,KG,1,TO,2026-05-21 00:00:00,2026-08-10 00:00:00,2026-08-10 00:00:00,297409,Avery (S Axthelm) Nohra DE,S4
00010,CIN2,DPE3500,DPE3500,DPE3500-T2,2722552,1,42034,"","",525,540,2300,LB,1,TO,2026-06-16 00:00:00,2026-07-24 00:00:00,2026-07-24 00:00:00,292764,"Monadnock Paper - Bennington, NH",S4
00010,CIN2,DPE3500,DPE3500,DPE3500-T2,2724561,1,42045,"","",535,540,2300,LB,1,TO,2026-06-19 00:00:00,2026-07-30 00:00:00,2026-07-30 00:00:00,292764,"Monadnock Paper - Bennington, NH",S4
00020,AUBA,DPE3500,DPE3500,DPE3500-T2,26000997,1,260136-2,"","",900,540,2300,LB,1,TO,2026-05-26 00:00:00,2026-08-06 00:00:00,2026-08-06 00:00:00,61049,Soconomar (S) Piacenza IT,S4
00010,CIN2,DPE3500,DPE3500,DPE3500-T2,2740571,1,42082,"","",535,540,2300,LB,1,TO,2026-07-10 00:00:00,2026-09-02 00:00:00,2026-09-02 00:00:00,292764,"Monadnock Paper - Bennington, NH",S4
00020,AUBA,DPE3500,DPE3500,DPE3500-T2,26000981,1,4830107095,"","",535,540,27600,LB,12,TO,2026-05-22 00:00:00,2026-10-19 00:00:00,2026-10-19 00:00:00,339411,Clairefontaine (X) Clairefontaine FR,S4
00010,CIN2,DPI8000,DPI8000,DPI8000-FD,2664617,1,001516- 0002-0003,"","",535,540,1350,LB,3,DR,2026-04-01 00:00:00,2026-08-19 00:00:00,2026-08-19 00:00:00,300789,"Fedrigoni / RITRAMA .-Valparaiso,Chile",S4
00020,AUBA,DPI8000,DPI8000.E,DPI8000.E-TO,26001235,3,260280,4580179,"",545,550,1000,KG,1,TO,2026-07-01 00:00:00,2026-07-17 00:00:00,2026-07-17 00:00:00,61049,Soconomar (S) Piacenza IT,S4
00020,AUBA,DPI8000,DPI8000.E,DPI8000.E-TO,26001174,1,4500199372-W208-1222,"","",535,540,3000,KG,3,TO,2026-06-22 00:00:00,2026-08-13 00:00:00,2026-08-13 00:00:00,300426,Schoeller Techno (S) Weissenborn DE,S4
00030,SNG4,DPI8000,DPI8000.S,DPI8000.S-PL,2719241,1,213-44788 OP,4583065,"",545,560,180,KG,10,PL,2026-06-12 00:00:00,2026-07-15 00:00:00,2026-07-15 00:00:00,289442,Caldic MYS (Formly DCM)(DP)-Malaysia,S4
00030,SNG4,DPI8000,DPI8000.S,DPI8000.S-PL,2731811,1,DPI8000.S-PL	24	PL,"","",535,540,252,KG,14,PL,2026-06-29 00:00:00,2026-08-12 00:00:00,2026-08-12 00:00:00,289442,Caldic MYS (Formly DCM)(DP)-Malaysia,S4
00010,CIN2,DPI8001,DPI8001,DPI8001-FD,2734580,3,312691,"","",535,540,7200,LB,16,DR,2026-07-02 00:00:00,2026-08-03 00:00:00,2026-08-03 00:00:00,287283,"Wausau Coated - Wausau, WI",S4
00010,CIN2,DPI8002,DPI8002,DPI8002-FD,2737334,1,333559113,"","",535,540,5400,LB,12,DR,2026-07-06 00:00:00,2026-07-17 00:00:00,2026-07-17 00:00:00,338481,"Neenah, Inc.. - Saint Paul, MN",S4
00010,CIN2,DPI8020,DPI8020,DPI8020-FD,2732054,1,POLPDS0011252,"","",535,540,450,LB,1,DR,2026-06-29 00:00:00,2026-07-20 00:00:00,2026-07-20 00:00:00,339193,"S-One/ Mittera - Davie, FL",S4
00010,CIN2,DPI8020,DPI8020,DPI8020-PL,2737285,4,GR-000002095,"","",535,540,280,LB,8,PL,2026-07-06 00:00:00,2026-07-24 00:00:00,2026-07-24 00:00:00,293987,GRAFIX DIGITAL S.A. - BOGOTA,S4
00020,AUBA,DPI8020,DPI8020.E,DPI8020.E-PD,26001152,1,E176/26 - 45011432,"","",535,540,200,KG,1,DR,2026-06-17 00:00:00,2026-08-25 00:00:00,2026-08-25 00:00:00,295580,Hueck Folien GmbH (S) Baumgartenberg AT,S4
00020,AUBA,DPI8020,DPI8020.E,DPI8020.E-PL,26001235,7,260280,4579847,"",900,550,18,KG,1,PL,2026-07-01 00:00:00,2026-07-17 00:00:00,2026-07-17 00:00:00,61049,Soconomar (S) Piacenza IT,S4
00020,AUBA,DPI8020,DPI8020.E,DPI8020.E-PL,26001275,6,611479,"",C1,530,535,36,KG,2,PL,2026-07-07 00:00:00,2026-07-22 00:00:00,2026-07-22 00:00:00,318283,"Brigal (S) NIGRAN, ES",S4
00020,AUBA,DPI8020,DPI8020.E,DPI8020.E-PL,26001310,1,260302,"","",535,540,54,KG,3,PL,2026-07-13 00:00:00,2026-07-22 00:00:00,2026-07-22 00:00:00,61049,Soconomar (S) Piacenza IT,S4
00020,AUBA,DPI8020,DPI8020.E,DPI8020.E-PL,26001282,4,208973,"","",900,540,486,KG,27,PL,2026-07-08 00:00:00,2026-07-23 00:00:00,2026-07-23 00:00:00,295623,Safic UK (S) CHESHIRE GB,S4
00020,AUBA,DPI8020,DPI8020.E,DPI8020.E-PL,26001182,4,628075,"","",900,535,216,KG,12,PL,2026-06-22 00:00:00,2026-08-06 00:00:00,2026-08-06 00:00:00,291821,Sobotram (S) Chalon sur Saone FR,S4
00020,AUBA,DPI8020,DPI8020.E,DPI8020.E-PL,26001291,4,POLPDE0000365,"","",900,540,486,KG,27,PL,2026-07-09 00:00:00,2026-08-17 00:00:00,2026-08-17 00:00:00,336662,S-One Labels (S) Butzbach DE,S4
00030,SNG4,DPI8020,DPI8020.S,DPI8020.S-OP,2738737,8,4976,"",SQ,525,530,4000,KG,20,DR,2026-07-08 00:00:00,2026-08-14 00:00:00,2026-08-14 00:00:00,319874,Mumbai Branch Plant - Bhiwandi (new),SL
00035,MUM3,DPI8020,DPI8020.S,DPI8020.S-OP,2742353,1,TPPL-3600000110-10JULY26,"",C1,900,525,4000,KG,20,DR,2026-07-13 00:00:00,2026-08-27 00:00:00,2026-08-27 00:00:00,329662,TRIVIDHI Prescience ( 3PL )- SECTOR 7,S4
00030,SNG4,DPI8020,DPI8020.S,DPI8020.S-PL,2705196,1,213-44683 OP,4582991,"",545,560,90,KG,5,PL,2026-05-25 00:00:00,2026-07-15 00:00:00,2026-07-15 00:00:00,289442,Caldic MYS (Formly DCM)(DP)-Malaysia,S4
00030,SNG4,DPI8020,DPI8020.S,DPI8020.S-PL,2705196,1.001,213-44683 OP,4583063,"",545,560,126,KG,7,PL,2026-05-25 00:00:00,2026-07-15 00:00:00,2026-07-15 00:00:00,289442,Caldic MYS (Formly DCM)(DP)-Malaysia,S4
00030,SNG4,DPI8020,DPI8020.S,DPI8020.S-PL,2740151,2,A-2027-017,4583063,"",545,560,36,KG,2,PL,2026-07-10 00:00:00,2026-07-16 00:00:00,2026-07-16 00:00:00,293491,Acacia I.T. Services - Singapore,S4
00030,SNG4,DPI8020,DPI8020.S,DPI8020.S-PL,2736924,1,213-44918 OP,"","",535,540,396,KG,22,PL,2026-07-06 00:00:00,2026-08-05 00:00:00,2026-08-05 00:00:00,289442,Caldic MYS (Formly DCM)(DP)-Malaysia,S4
00030,SNG4,DPI8020,DPI8020.S,DPI8020.S-PL,2738737,5,4976,"",SQ,530,535,432,KG,24,PL,2026-07-08 00:00:00,2026-08-14 00:00:00,2026-08-14 00:00:00,319874,Mumbai Branch Plant - Bhiwandi (new),SL
00034,SHAN,DPI8020,DPI8020.S,DPI8020.S-PL,2701681,1,26MM14,"","",525,540,108,KG,6,PL,2026-05-20 00:00:00,2026-08-27 00:00:00,2026-08-27 00:00:00,307826,SYNTAX CHINA,S4
00034,SHAN,DPI8435,DPI8435.S,DPI8435.S-PL,2729689,1,26MM17,"","",525,540,864,KG,48,PL,2026-06-26 00:00:00,2026-08-27 00:00:00,2026-08-27 00:00:00,307826,SYNTAX CHINA,S4
00030,SNG4,DPI8443,DPI8443.S,DPI8443.S-PL,2710761,3,4947,"","",535,540,36,KG,2,PL,2026-06-01 00:00:00,2026-07-17 00:00:00,2026-07-17 00:00:00,319874,Mumbai Branch Plant - Bhiwandi (new),SL
00010,CIN2,DPI8445,DPI8445,DPI8445-FD,2734375,1,333558913,4580952,"",545,550,450,LB,1,DR,2026-07-02 00:00:00,2026-07-17 00:00:00,2026-07-17 00:00:00,342298,"Neenah - Lowville, NY",S4
00010,CIN2,DPI8445,DPI8445,DPI8445-FD,2743420,1,333559745,"","",535,540,450,LB,1,DR,2026-07-14 00:00:00,2026-08-19 00:00:00,2026-08-19 00:00:00,342298,"Neenah - Lowville, NY",S4
00020,AUBA,DPI8445,DPI8445.E,DPI8445.E-PD,26001220,1,CB260231,"","",535,540,1200,KG,6,DR,2026-06-29 00:00:00,2026-08-18 00:00:00,2026-08-18 00:00:00,294314,ARJOBEX  (X) Renage FR,S4
00020,AUBA,DPI8445,DPI8445.E,DPI8445.E-PL,26001282,5,208973,"","",900,540,54,KG,3,PL,2026-07-08 00:00:00,2026-07-23 00:00:00,2026-07-23 00:00:00,295623,Safic UK (S) CHESHIRE GB,S4
00034,SHAN,DPI8445,DPI8445.S,DPI8445.S-OP,2679435,1,2026041457H2002,"","",525,540,400,KG,2,DR,2026-04-21 00:00:00,2026-07-29 00:00:00,2026-07-29 00:00:00,311339,Zhejiang Fulai New Materials-China,S4
00034,SHAN,DPI8445,DPI8445.S,DPI8445.S-OP,2679435,3,2026041457H2002,"","",525,540,400,KG,2,DR,2026-04-21 00:00:00,2026-08-27 00:00:00,2026-08-27 00:00:00,311339,Zhejiang Fulai New Materials-China,S4
00034,SHAN,DPI8445,DPI8445.S,DPI8445.S-OP,2679435,5,2026041457H2002,"","",525,540,400,KG,2,DR,2026-04-21 00:00:00,2026-09-28 00:00:00,2026-09-28 00:00:00,311339,Zhejiang Fulai New Materials-China,S4
00034,SHAN,DPI8445,DPI8445.S,DPI8445.S-PL,2721288,1,26MM16,"","",525,540,864,KG,48,PL,2026-06-15 00:00:00,2026-08-27 00:00:00,2026-08-27 00:00:00,307826,SYNTAX CHINA,S4
00034,SHAN,DPI8446,DPI8446.E,DPI8446.E-PL,2742370,1,26MM13,4576156,"",525,540,432,KG,24,PL,2026-07-13 00:00:00,2026-07-13 00:00:00,2026-07-13 00:00:00,307826,SYNTAX CHINA,S4
00030,SNG4,DPI8480,DPI8480.S,DPI8480.S-PD,2727928,7,5100038940,4577101,"",545,560,200,KG,1,DR,2026-06-24 00:00:00,2026-07-17 00:00:00,2026-07-17 00:00:00,291049,Lautan Luas Tbk - Indonesia,S4
00030,SNG4,DPI8480,DPI8480.S,DPI8480.S-PD,2727928,7.001,5100038940,4583455,"",545,560,800,KG,4,DR,2026-06-24 00:00:00,2026-07-17 00:00:00,2026-07-17 00:00:00,291049,Lautan Luas Tbk - Indonesia,S4
00030,SNG4,DPI8480,DPI8480.S,DPI8480.S-PD,2727928,7.002,5100038940,4583458,"",545,560,600,KG,3,DR,2026-06-24 00:00:00,2026-07-17 00:00:00,2026-07-17 00:00:00,291049,Lautan Luas Tbk - Indonesia,S4
00010,CIN2,DPI8500,DPI8500,DPI8500-FD,2734580,2,312691,"","",535,540,1800,LB,4,DR,2026-07-02 00:00:00,2026-08-03 00:00:00,2026-08-03 00:00:00,287283,"Wausau Coated - Wausau, WI",S4
00020,AUBA,DPI8500,DPI8500.E,DPI8500.E-PL,26001272,1,UA2606002,4578359,"",535,540,216,KG,12,PL,2026-07-06 00:00:00,2026-07-16 00:00:00,2026-07-16 00:00:00,329704,Uniprint (X) Kyiv UA,S4
00020,AUBA,DPI8500,DPI8500.E,DPI8500.E-PL,26001235,4,260280,4578359,"",545,550,18,KG,1,PL,2026-07-01 00:00:00,2026-07-17 00:00:00,2026-07-17 00:00:00,61049,Soconomar (S) Piacenza IT,S4
00034,SHAN,DPI8500,DPI8500.S,DPI8500.S-OP,2679435,2,2026041457H2002,"","",525,540,1200,KG,6,DR,2026-04-21 00:00:00,2026-07-29 00:00:00,2026-07-29 00:00:00,311339,Zhejiang Fulai New Materials-China,S4
00034,SHAN,DPI8500,DPI8500.S,DPI8500.S-OP,2679435,4,2026041457H2002,"","",525,540,1200,KG,6,DR,2026-04-21 00:00:00,2026-08-27 00:00:00,2026-08-27 00:00:00,311339,Zhejiang Fulai New Materials-China,S4
00034,SHAN,DPI8500,DPI8500.S,DPI8500.S-OP,2679435,6,2026041457H2002,"","",525,540,1200,KG,6,DR,2026-04-21 00:00:00,2026-09-28 00:00:00,2026-09-28 00:00:00,311339,Zhejiang Fulai New Materials-China,S4
00030,SNG4,DPI8510,DPI8510.S,DPI8510.S-PL,2740149,2,4233008629,"",SQ,525,530,54,KG,3,PL,2026-07-10 00:00:00,2026-07-24 00:00:00,2026-07-24 00:00:00,304319,Berli Jucker Public CO-Thai,S4
00010,CIN2,DPI8600,DPI8600,DPI8600-FD,2732150,1,312603,4583620,"",545,550,900,LB,2,DR,2026-06-29 00:00:00,2026-07-16 00:00:00,2026-07-16 00:00:00,287283,"Wausau Coated - Wausau, WI",S4
00010,CIN2,DPV9000,DPV9000,DPV9000-B1,2733684,3,POLPNV0000527,"","",535,540,1056,LB,24,B1,2026-07-01 00:00:00,2026-07-21 00:00:00,2026-07-21 00:00:00,323916,"S-One/ SOLP Nevada UPS, Sparks, NV",S4
00010,CIN2,DPV9000,DPV9000,DPV9000-B1,2733685,2,POLPGA0000416,"","",535,540,1056,LB,24,B1,2026-07-01 00:00:00,2026-07-21 00:00:00,2026-07-21 00:00:00,323917,"S-One/SOLP Georgia, Atlanta, GA",S4
00010,CIN2,DPV9000,DPV9000,DPV9000-B1,2733686,3,POLPIL0001093,"","",535,540,1056,LB,24,B1,2026-07-01 00:00:00,2026-07-21 00:00:00,2026-07-21 00:00:00,323911,"S-One/ SOLP US Illinoi, Carol Stream, IL",S4
00010,CIN2,DPV9000,DPV9000,DPV9000-B1,2727863,3,SQ-06-23-26,"",SQ,520,525,352,LB,8,B1,2026-06-23 00:00:00,2026-07-23 00:00:00,2026-07-23 00:00:00,327990,"Litamex - FS Print,  Uruguay",S4
00010,CIN2,DPV9000,DPV9000,DPV9000-B1,2737285,5,GR-000002095,"","",535,540,484,LB,11,B1,2026-07-06 00:00:00,2026-07-24 00:00:00,2026-07-24 00:00:00,293987,GRAFIX DIGITAL S.A. - BOGOTA,S4
00010,CIN2,DPV9000,DPV9000,DPV9000-B1,2738034,4,PE - 0000122,"","",535,540,528,LB,12,B1,2026-07-07 00:00:00,2026-07-27 00:00:00,2026-07-27 00:00:00,349207,"Grafix Digital S.A. - Lima, Peru",S4
00010,CIN2,DPV9000,DPV9000,DPV9000-B1,2738963,3,POLPIL0001095,"","",535,540,1056,LB,24,B1,2026-07-08 00:00:00,2026-07-28 00:00:00,2026-07-28 00:00:00,323911,"S-One/ SOLP US Illinoi, Carol Stream, IL",S4
00010,CIN2,DPV9000,DPV9000,DPV9000-P1,2729189,3,9118,"","",900,540,1056,LB,1,PA,2026-06-25 00:00:00,2026-07-16 00:00:00,2026-07-16 00:00:00,294598,Sun Digital S.A. de C.V.-México,S4
00010,CIN2,DPV9000,DPV9000,DPV9000-P1,2737510,2,9150,"","",535,540,1056,LB,1,PA,2026-07-06 00:00:00,2026-07-24 00:00:00,2026-07-24 00:00:00,294598,Sun Digital S.A. de C.V.-México,S4
00010,CIN2,DPV9000,DPV9000,DPV9000-P1,2738034,1,PE - 0000122,"","",535,540,1056,LB,1,PA,2026-07-07 00:00:00,2026-07-27 00:00:00,2026-07-27 00:00:00,349207,"Grafix Digital S.A. - Lima, Peru",S4
00020,AUBA,DPV9000,DPV9000.E,DPV9000.E-B1,26001223,3,CF2606-0116,"",CX,525,530,200,KG,10,B1,2026-06-30 00:00:00,2026-07-14 00:00:00,2026-07-14 00:00:00,302870,Impepack (X) MarrakechMA,S4
00020,AUBA,DPV9000,DPV9000.E,DPV9000.E-P1,26001222,3,CF2606-0115,"",CX,900,530,480,KG,1,PA,2026-06-30 00:00:00,2026-07-06 00:00:00,2026-07-06 00:00:00,302870,Impepack (X) MarrakechMA,S4
00020,AUBA,DPV9000,DPV9000.E,DPV9000.E-P1,26001155,5,POLPDE0000362,4577020,"",900,560,1440,KG,3,PA,2026-06-18 00:00:00,2026-07-15 00:00:00,2026-07-15 00:00:00,336662,S-One Labels (S) Butzbach DE,S4
00020,AUBA,DPV9000,DPV9000.E,DPV9000.E-P1,26001196,3,POLPDE0000363,4577020,"",900,560,960,KG,2,PA,2026-06-25 00:00:00,2026-07-15 00:00:00,2026-07-15 00:00:00,336662,S-One Labels (S) Butzbach DE,S4
00020,AUBA,DPV9000,DPV9000.E,DPV9000.E-P1,26001246,5,POLPDE0000364,4577020,"",900,560,960,KG,2,PA,2026-07-01 00:00:00,2026-07-15 00:00:00,2026-07-15 00:00:00,336662,S-One Labels (S) Butzbach DE,S4
00020,AUBA,DPV9000,DPV9000.E,DPV9000.E-P1,26001293,3,8227,4577020,"",900,560,960,KG,2,PA,2026-07-09 00:00:00,2026-07-16 00:00:00,2026-07-16 00:00:00,290035,Visutech Digital AB (X) Molndal SE,S4
00020,AUBA,DPV9000,DPV9000.E,DPV9000.E-P1,26001235,5,260280,4577020,"",902,550,960,KG,2,PA,2026-07-01 00:00:00,2026-07-17 00:00:00,2026-07-17 00:00:00,61049,Soconomar (S) Piacenza IT,S4
00020,AUBA,DPV9000,DPV9000.E,DPV9000.E-P1,26001275,7,611479,"",C1,900,535,3360,KG,7,PA,2026-07-07 00:00:00,2026-07-22 00:00:00,2026-07-22 00:00:00,318283,"Brigal (S) NIGRAN, ES",S4
00020,AUBA,DPV9000,DPV9000.E,DPV9000.E-P1,26001282,3,208973,"","",900,540,1440,KG,3,PA,2026-07-08 00:00:00,2026-07-23 00:00:00,2026-07-23 00:00:00,295623,Safic UK (S) CHESHIRE GB,S4
00020,AUBA,DPV9000,DPV9000.E,DPV9000.E-P1,26001291,5,POLPDE0000365,"","",900,540,960,KG,2,PA,2026-07-09 00:00:00,2026-08-17 00:00:00,2026-08-17 00:00:00,336662,S-One Labels (S) Butzbach DE,S4
00034,SHAN,DPV9000,DPV9000.S,DPV9000.S-B1,2701681,3,26MM14,"","",525,540,48,EA,48,B1,2026-05-20 00:00:00,2026-08-27 00:00:00,2026-08-27 00:00:00,307826,SYNTAX CHINA,S4
00010,CIN2,DPV9200,DPV9200,DPV9200-PL,2739816,2,POLPIL0001094,"","",535,540,2112,LB,53,PL,2026-07-09 00:00:00,2026-07-28 00:00:00,2026-07-28 00:00:00,323911,"S-One/ SOLP US Illinoi, Carol Stream, IL",S4
00030,SNG4,DPV9200,DPV9200.S,DPV9200.S-B1,2676414,4,AS260703011,"",C1,900,540,18,EA,18,B1,2026-04-17 00:00:00,2026-07-18 00:00:00,2026-07-18 00:00:00,324650,Advance Label Limited-Hong Kong,S4
00030,SNG4,DPV9200,DPV9200.S,DPV9200.S-PL,2743195,1,Sample-30872,"","",525,530,36,KG,2,PL,2026-07-14 00:00:00,2026-07-24 00:00:00,2026-07-24 00:00:00,295739,"QL Development, INC",SA
00010,CIN2,DTOX1,DTOX1,DTOX1-PL,2740619,1,PO0012924,"","",535,540,1,LB,0,PL,2026-07-10 00:00:00,2026-08-18 00:00:00,2026-08-18 00:00:00,130191,"American Thermal, LLC (ATI)- Moraine, OH",S4
00034,SHAN,E1002,E1002.S,E1002.S-PD,2717649,1,20260609MEG,"","",525,540,6000,KG,30,DR,2026-06-10 00:00:00,2026-07-29 00:00:00,2026-07-29 00:00:00,326427,Shanghai MEG Corp.-China,S4
00010,CIN2,E14,E14,E14-SS,2603140,1,26000024,"",FC,535,540,5175,LB,3,SS,2026-01-09 00:00:00,2026-08-07 00:00:00,2026-08-07 00:00:00,334143,Michelman Int'l - Belgium (Jost),S5
00010,CIN2,E14,E14,E14-SS,2717257,1,26000753,"",FC,535,540,5175,LB,3,SS,2026-06-09 00:00:00,2026-11-16 00:00:00,2026-11-16 00:00:00,334143,Michelman Int'l - Belgium (Jost),S5
00010,CIN2,E43,E43,E43-SS,2717274,1,26000754,"",FC,900,540,8625,LB,5,SS,2026-06-09 00:00:00,2026-07-16 00:00:00,2026-07-16 00:00:00,334143,Michelman Int'l - Belgium (Jost),S5
00010,CIN2,E43,E43,E43-SS,2733553,1,26000856,"",FC,535,540,12075,LB,7,SS,2026-07-01 00:00:00,2026-10-14 00:00:00,2026-10-14 00:00:00,334143,Michelman Int'l - Belgium (Jost),S5
00010,CIN2,EC4100,EC4100,EC4100-OP,2724198,5,7062133,"","",535,540,1800,LB,4,DR,2026-06-18 00:00:00,2026-07-31 00:00:00,2026-07-31 00:00:00,335579,"Barentz Whse - Avon - Avon, OH",S4
00034,SHAN,EKF1636,EKF1636.S,EKF1636.S-B1,2675722,6,26MM13,"","",525,540,72,EA,72,B1,2026-04-16 00:00:00,2026-08-27 00:00:00,2026-08-27 00:00:00,307826,SYNTAX CHINA,S4
00020,AUB2,ESC5100,ESC5100.E,ESC5100.E,26001055,1,OP - 177595,619490,"",550,560,1375,KG,1375,KG,2026-06-02 00:00:00,2026-07-16 00:00:00,2026-07-16 00:00:00,68839,Michelman Inc. Kemper(S) Cincinnati US,S5
00020,AUBA,ESC5100,ESC5100.E,ESC5100.E,26000952,2,OP- 26050617,"","",900,535,1375,KG,1375,KG,2026-05-19 00:00:00,2026-07-27 00:00:00,2026-07-27 00:00:00,346190,MAP TVS (S MAP) SINGAPORE SG,S5
00020,AUBA,ESC5200,ESC5200.E,ESC5200.E,26000952,1,OP- 26050617,"","",900,530,20625,KG,20625,KG,2026-05-19 00:00:00,2026-07-27 00:00:00,2026-07-27 00:00:00,346190,MAP TVS (S MAP) SINGAPORE SG,S5
00010,CIN2,FDCRED,FDCRED,FDCRED-QT,2742630,1,19206273,"","",900,540,4,EA,4,QT,2026-07-13 00:00:00,2026-07-21 00:00:00,2026-07-21 00:00:00,21231,"International Paper - Butler, IN",S4
00020,AUBA,FGLASSX35,FGLASSX35.E,FGLASSX35.E-TO,26001269,1,1200009602-1,"","",535,540,20000,KG,20,TO,2026-07-06 00:00:00,2026-08-13 00:00:00,2026-08-13 00:00:00,327182,Sisecam (S) Balikesir TR,S4
00020,AUBA,FGLASSX35,FGLASSX35.E,FGLASSX35.E-TO,26001270,1,1200009602_2,"","",535,540,20000,KG,20,TO,2026-07-06 00:00:00,2026-09-14 00:00:00,2026-09-14 00:00:00,327182,Sisecam (S) Balikesir TR,S4
00010,CIN2,FGLASSX36,FGLASSX36,FGLASSX36-KP,2742794,1,4590444985,"","",525,530,5292,LB,12,DR,2026-07-13 00:00:00,2026-07-28 00:00:00,2026-07-28 00:00:00,70594,"BRAZIL GR LTDA- Rio Claro, Brazil",S4
00010,CIN2,FGLASSX36,FGLASSX36,FGLASSX36-T2,2585053,1,4517989082,"",FM,900,525,41800,LB,19,TO,2025-12-16 00:00:00,2026-07-31 00:00:00,2026-07-31 00:00:00,34969,"Owens Corning - Amarillo, TX",S4
00034,SHAN,FGLASSX90,FGLASSX90.S,FGLASSX90.S-T2,2558976,2,20250609 FCCH,"","",525,540,7000,KG,7,TO,2025-11-12 00:00:00,2026-07-29 00:00:00,2026-07-29 00:00:00,304957,JIANGSU CHANGHAI COMPOSITE-China,S4
00020,AUBA,FLEXO41,FLEXO41.E,FLEXO41.E-TO,26000992,1,4700178440,"","",900,540,20000,KG,20,TO,2026-05-26 00:00:00,2026-08-10 00:00:00,2026-08-10 00:00:00,290942,"Lawter (X) Kallo, BE",S4
00010,CIN2,GC902H,GC902H,GC902H-T3,2732053,1,1009412,"","",900,540,40500,LB,15,TO,2026-06-29 00:00:00,2026-07-20 00:00:00,2026-07-20 00:00:00,283586,"Huhtamaki - Franklin, OH",S4
00010,CIN2,HL280,HL280,HL280-KP,2696734,1,4590444339,"","",535,540,3528,LB,8,DR,2026-05-13 00:00:00,2026-07-22 00:00:00,2026-07-22 00:00:00,70594,"BRAZIL GR LTDA- Rio Claro, Brazil",S4
00010,CIN2,HL280,HL280,HL280-KP,2727125,1,4518514960,"","",535,540,882,LB,2,DR,2026-06-22 00:00:00,2026-08-11 00:00:00,2026-08-11 00:00:00,315634,OCV Mexico  (Tetla plant),S4
00010,CIN2,HL280,HL280,HL280-KP,2737383,1,4518571531,"","",535,540,882,LB,2,DR,2026-07-06 00:00:00,2026-09-09 00:00:00,2026-09-09 00:00:00,315634,OCV Mexico  (Tetla plant),S4
00010,CIN2,HL280,HL280,HL280-KP,2742811,1,4590444987,"","",530,535,3528,LB,8,DR,2026-07-13 00:00:00,2026-09-15 00:00:00,2026-09-15 00:00:00,70594,"BRAZIL GR LTDA- Rio Claro, Brazil",S4
00010,CIN2,HL280,HL280,HL280-KP,2743310,1,4590445097,"","",525,530,5292,LB,12,DR,2026-07-14 00:00:00,2026-10-09 00:00:00,2026-10-09 00:00:00,70594,"BRAZIL GR LTDA- Rio Claro, Brazil",S4
00020,AUBA,HL480,HL480.E,HL480.E-TO,26000647,1,4500100335,4578431,"",900,560,2000,KG,2,TO,2026-03-31 00:00:00,2026-07-20 00:00:00,2026-07-20 00:00:00,294014,Valmieras Stikla Skiedra(X) Valmieras LV,S4
00020,AUBA,HL480,HL480.E,HL480.E-TO,26000758,1,4500100748_10,"","",900,540,2000,KG,2,TO,2026-04-16 00:00:00,2026-08-10 00:00:00,2026-08-10 00:00:00,294014,Valmieras Stikla Skiedra(X) Valmieras LV,S4
00020,AUBA,HL480,HL480.E,HL480.E-TO,26000759,1,4500100748_20,"","",535,540,2000,KG,2,TO,2026-04-16 00:00:00,2026-10-12 00:00:00,2026-10-12 00:00:00,294014,Valmieras Stikla Skiedra(X) Valmieras LV,S4
00020,AUBA,HL480,HL480.E,HL480.E-TO,26000760,1,4500100748_30,"","",525,530,2000,KG,2,TO,2026-04-16 00:00:00,2026-12-14 00:00:00,2026-12-14 00:00:00,294014,Valmieras Stikla Skiedra(X) Valmieras LV,S4
00020,AUBA,HL480,HL480.E,HL480.E-TO,26000761,1,4500100748_40,"","",525,530,2000,KG,2,TO,2026-04-16 00:00:00,2027-02-22 00:00:00,2027-02-22 00:00:00,294014,Valmieras Stikla Skiedra(X) Valmieras LV,S4
00020,AUBA,HL480,HL480.E,HL480.E-TO,26000762,1,4500100748_50,"","",525,530,2000,KG,2,TO,2026-04-16 00:00:00,2027-04-26 00:00:00,2027-04-26 00:00:00,294014,Valmieras Stikla Skiedra(X) Valmieras LV,S4
00020,AUBA,HL496,HL496.E,HL496.E-PD,26001161,1,4518471900,"","",535,540,400,KG,2,DR,2026-06-18 00:00:00,2026-08-20 00:00:00,2026-08-20 00:00:00,328833,OCV (X) Laudun FR,S4
00010,CIN2,HL723,HL723,HL723-OP,2743584,1,70233,"","",900,530,940,LB,2,DR,2026-07-14 00:00:00,2026-07-22 00:00:00,2026-07-22 00:00:00,327962,"Lift-All Atlanta - Suwanee, GA",S4
00010,CIN2,HL723,HL723,HL723-OP,2740445,1,4518584551,"","",535,540,7050,LB,15,DR,2026-07-10 00:00:00,2026-07-24 00:00:00,2026-07-24 00:00:00,34969,"Owens Corning - Amarillo, TX",S4
00020,AUBA,HL723,HL723.E,HL723.E-PD,26001063,1,4518391863,4574960,"",550,560,800,KG,4,DR,2026-06-03 00:00:00,2026-07-16 00:00:00,2026-07-16 00:00:00,328833,OCV (X) Laudun FR,S4
00020,AUBA,HL723,HL723.E,HL723.E-TO,26001160,1,4518471898,"","",900,540,1000,KG,1,TO,2026-06-18 00:00:00,2026-08-06 00:00:00,2026-08-06 00:00:00,328833,OCV (X) Laudun FR,S4
00034,SHAN,HL723,HL723.S,HL723.S-PD,2739958,1,AS2026PO0709,4578617,"",525,540,200,KG,1,DR,2026-07-10 00:00:00,2026-07-15 00:00:00,2026-07-15 00:00:00,327284,A-Star - China,S4
00034,SHAN,HL723,HL723.S,HL723.S-PD,2648927,1,6000064417,4578617,"",525,540,400,KG,2,DR,2026-03-12 00:00:00,2026-07-17 00:00:00,2026-07-17 00:00:00,305620,"KELLY TECHNOLOGY CO.,LTD DONGGUAN CO.,LT",S4
00034,SHAN,HL723,HL723.S,HL723.S-PD,2743011,1,6000064417,"","",525,540,1000,KG,5,DR,2026-07-14 00:00:00,2026-08-21 00:00:00,2026-08-21 00:00:00,305620,"KELLY TECHNOLOGY CO.,LTD DONGGUAN CO.,LT",S4
00010,CIN2,HP1632,HP1632,HP1632-OP,2737269,1,26000870,"",FC,535,540,1852,LB,4,DR,2026-07-06 00:00:00,2026-11-09 00:00:00,2026-11-09 00:00:00,24885,Michelman Int'l - Belgium SRL,S5
00020,AUBA,HP1632,HP1632,HP1632-OP,26001242,1,628866,"","",525,530,1852,LB,4,DR,2026-07-01 00:00:00,2026-12-10 00:00:00,2026-12-10 00:00:00,291821,Sobotram (S) Chalon sur Saone FR,S4
00010,CIN2,HP1632,HP1632,HP1632-OP,2734561,1,PONU043008-1,"","",535,540,7408,LB,16,DR,2026-07-02 00:00:00,2026-12-18 00:00:00,2026-12-18 00:00:00,292709,"Zoltek - St. Charles, MO",S4
00020,AUBA,HP1632,HP1632,HP1632-PL,26001058,1,28445749-1,"","",900,540,146,LB,4,PL,2026-06-03 00:00:00,2026-08-10 00:00:00,2026-08-10 00:00:00,324089,Coats (X) Nilufer TR,S4
00010,CIN2,HP1632,HP1632,HP1632-PL,2732783,1,0009847,"","",535,540,800,LB,20,PL,2026-06-30 00:00:00,2026-12-16 00:00:00,2026-12-16 00:00:00,301242,"Xactiv - Fairport, NY",S4
00020,AUBA,HP1632,HP1632,HP1632-T2,25002345,1,T012049,"",PN,900,535,13230,LB,6,TO,2025-12-03 00:00:00,2026-07-29 00:00:00,2026-07-29 00:00:00,300027,Technical Fibre (X) Cumbria GB,S4
00010,CIN2,HP1632,HP1632,HP1632-T2,2645790,1,26000321,"",FC,535,540,15435,LB,7,TO,2026-03-06 00:00:00,2026-08-24 00:00:00,2026-08-24 00:00:00,334143,Michelman Int'l - Belgium (Jost),S5
00010,CIN2,HP1632,HP1632,HP1632-T2,2701152,1,26000677,"",FC,535,540,33075,LB,15,TO,2026-05-19 00:00:00,2026-08-31 00:00:00,2026-08-31 00:00:00,334143,Michelman Int'l - Belgium (Jost),S5
00020,AUBA,HP1632,HP1632,HP1632-T2,26000286,1,450625356,"","",535,540,15435,LB,7,TO,2026-02-11 00:00:00,2026-10-09 00:00:00,2026-10-09 00:00:00,321883,SGL Carbon (X Bsto USD) Ross Shire GB,S4
00020,AUBA,HP1632,HP1632,HP1632-T2,26000438,1,450628367 - 0010,"","",535,540,17640,LB,8,TO,2026-03-05 00:00:00,2026-12-18 00:00:00,2026-12-18 00:00:00,321883,SGL Carbon (X Bsto USD) Ross Shire GB,S4
00020,AUBA,HP1632,HP1632,HP1632-T2,26000439,1,450628367 - 0020,"","",525,530,15435,LB,7,TO,2026-03-05 00:00:00,2027-02-10 00:00:00,2027-02-10 00:00:00,321883,SGL Carbon (X Bsto USD) Ross Shire GB,S4
00020,AUBA,HP1632,HP1632,HP1632-T2,26000792,1,450633353 - 0010,"","",525,530,15435,LB,7,TO,2026-04-20 00:00:00,2027-04-01 00:00:00,2027-04-01 00:00:00,321883,SGL Carbon (X Bsto USD) Ross Shire GB,S4
00020,AUBA,HP1632,HP1632,HP1632-T2,26000793,1,450633353 - 0020,"","",525,530,17640,LB,8,TO,2026-04-20 00:00:00,2027-04-28 00:00:00,2027-04-28 00:00:00,321883,SGL Carbon (X Bsto USD) Ross Shire GB,S4
00020,AUBA,HP206,HP206.E,HP206.E-PL,26001253,1,5213026646,"","",900,535,18,KG,1,PL,2026-07-02 00:00:00,2026-07-17 00:00:00,2026-07-17 00:00:00,361442,Empa (X) Duebendorf CH,S4
00020,AUBA,HP206,HP206.E,HP206.E-PL,26001237,1,626050363,"",CX,900,530,36,KG,2,PL,2026-07-01 00:00:00,2026-10-19 00:00:00,2026-10-19 00:00:00,339195,Cygnet (X) Cheshire GB,S4
00020,AUBA,HP206,HP206.E,HP206.E-TO,24000477,1,2127-5,"",FM,900,525,10000,KG,10,TO,2024-02-28 00:00:00,2026-11-23 00:00:00,2026-11-23 00:00:00,307541,Procotex (X) Plouay FR,S4
00020,AUBA,HSGF1200,HSGF1200.E,HSGF1200.E,26001285,1,4500936951,"","",525,530,18000,KG,18000,KG,2026-07-08 00:00:00,2026-08-24 00:00:00,2026-08-24 00:00:00,49066,Johns Manville (X) Trnava SK,S4
00020,AUBA,HSGF1202,HSGF1202.E,HSGF1202.E-PD,26001082,1,OP- 178031,"",FM,900,525,16000,KG,80,DR,2026-06-05 00:00:00,2026-07-17 00:00:00,2026-07-17 00:00:00,312396,Michelman (X) Shanghai PC,S5
00020,AUBA,HSGF1202,HSGF1202.E,HSGF1202.E-TO,26001062,1,4518391824,4581990,"",900,560,3800,KG,4,TO,2026-06-03 00:00:00,2026-07-16 00:00:00,2026-07-16 00:00:00,328833,OCV (X) Laudun FR,S4
00020,AUBA,HSGF1202,HSGF1202.E,HSGF1202.E-TO,26001159,1,4518471896,"","",900,535,5700,KG,6,TO,2026-06-18 00:00:00,2026-08-06 00:00:00,2026-08-06 00:00:00,328833,OCV (X) Laudun FR,S4
00030,SNG4,HSGF1202,HSGF1202.S,HSGF1202.S-OP,2739283,1,OP-178761,"","",535,540,6000,KG,30,DR,2026-07-09 00:00:00,2026-07-27 00:00:00,2026-07-27 00:00:00,300385,Michelman New Material - China,S5
00034,SHAN,HSGF1202,HSGF1202.S,HSGF1202.S-TL,2737956,1,ZGJSZBDB260702HG053,"","",525,540,2000,KG,2,TO,2026-07-07 00:00:00,2026-08-27 00:00:00,2026-08-27 00:00:00,316183,Jushi Group,S4
00020,AUBA,HUH0003,HUH0003.E,HUH0003.E-TO,26001110,1,22294689,4578581,"",545,550,9000,KG,9,TO,2026-06-10 00:00:00,2026-07-17 00:00:00,2026-07-17 00:00:00,287904,Huhtamaki (X) Ronsberg DE,S4
00020,AUBA,HUH0003,HUH0003.E,HUH0003.E-TO,26001110,1.001,22294689,4582532,"",912,550,3000,KG,3,TO,2026-06-10 00:00:00,2026-07-17 00:00:00,2026-07-17 00:00:00,287904,Huhtamaki (X) Ronsberg DE,S4
00010,CIN2,HY1000AF,HY1000AF,HY1000AF-FD,2737350,2,19161360,"","",535,540,1800,LB,4,DR,2026-07-06 00:00:00,2026-07-20 00:00:00,2026-07-20 00:00:00,23387,"DS Smith Southcorr (IP)- Asheboro, NC",S4
00010,CIN2,HY1000AF,HY1000AF,HY1000AF-T2,2722431,1,T9851,"","",535,540,15400,LB,7,TO,2026-06-16 00:00:00,2026-07-21 00:00:00,2026-07-21 00:00:00,291497,"Sun Coatings LLC- Tampa, FL",S4
00010,CIN2,HY1000AF,HY1000AF,HY1000AF-T2,2734599,1,T9976,"","",535,540,13200,LB,6,TO,2026-07-02 00:00:00,2026-08-25 00:00:00,2026-08-25 00:00:00,291497,"Sun Coatings LLC- Tampa, FL",S4
00010,CIN2,HY1000AF,HY1000AF,HY1000AF-T3,2723184,1,A3859,"","",535,540,10800,LB,4,TO,2026-06-17 00:00:00,2026-07-24 00:00:00,2026-07-24 00:00:00,296361,"Sun Coatings - Phoenix, AZ",S4
00010,CIN2,HY430,HY430,HY430-T2,2724628,1,1041875-002,"","",535,540,8800,LB,4,TO,2026-06-19 00:00:00,2026-07-20 00:00:00,2026-07-20 00:00:00,308984,Arizlu SA de CV-Mexico,S4
00030,SNG4,HY708,HY708.S,HY708.S-PD,2710763,2,4948,"","",535,540,6000,KG,30,DR,2026-06-01 00:00:00,2026-07-18 00:00:00,2026-07-18 00:00:00,319874,Mumbai Branch Plant - Bhiwandi (new),SL
00010,CIN2,HY8000,HY8000,HY8000-PL,2742775,1,Sample-30864,"",CX,900,525,1,LB,0,PL,2026-07-13 00:00:00,2026-07-20 00:00:00,2026-07-20 00:00:00,316402,"Footprint LLC - Gilbert, AZ (SAMPLES)",S4
00010,CIN2,HY8000,HY8000,HY8000-PL,2737512,1,Sample-30797,"","",900,530,35,LB,1,PL,2026-07-06 00:00:00,2026-07-22 00:00:00,2026-07-22 00:00:00,348983,"MOTUS US - Greenville, SC",SA
00010,CINC,HYPOD8510,HYPOD8510,HYPOD8510,2729867,1,4518795441,A855Q7BMI1,"",535,540,44000,LB,44000,LB,2026-06-26 00:00:00,2026-07-15 00:00:00,2026-07-15 00:00:00,291182,"DOW - (TOLL) KC, New Milford,CT",S4
00010,CINC,HYPOD8510,HYPOD8510,HYPOD8510,2729187,1,4518792359,"","",525,530,44000,LB,44000,LB,2026-06-25 00:00:00,2026-07-17 00:00:00,2026-07-17 00:00:00,293296,"DOW - (TOLL) KC, Beech Island 10",S4
00010,CINC,HYPOD8510,HYPOD8510,HYPOD8510,2729866,1,4518795450,"","",525,530,44000,LB,44000,LB,2026-06-26 00:00:00,2026-07-17 00:00:00,2026-07-17 00:00:00,291182,"DOW - (TOLL) KC, New Milford,CT",S4
00010,CINC,HYPOD8510,HYPOD8510,HYPOD8510,2734310,1,4518808990,"","",525,530,44000,LB,44000,LB,2026-07-02 00:00:00,2026-07-17 00:00:00,2026-07-17 00:00:00,293386,"DOW - (TOLL) KC, Huntsville,ON,CA",S4
00010,CINC,HYPOD8510,HYPOD8510,HYPOD8510,2733787,1,4518808010,"","",525,530,44000,LB,44000,LB,2026-07-01 00:00:00,2026-07-21 00:00:00,2026-07-21 00:00:00,293296,"DOW - (TOLL) KC, Beech Island 10",S4
00010,CINC,HYPOD8510,HYPOD8510,HYPOD8510,2729865,1,4518795455,"","",525,530,44000,LB,44000,LB,2026-06-26 00:00:00,2026-07-24 00:00:00,2026-07-24 00:00:00,291182,"DOW - (TOLL) KC, New Milford,CT",S4
00010,CINC,HYPOD8510,HYPOD8510,HYPOD8510,2734312,1,4518808993,"","",525,530,44000,LB,44000,LB,2026-07-02 00:00:00,2026-07-24 00:00:00,2026-07-24 00:00:00,293386,"DOW - (TOLL) KC, Huntsville,ON,CA",S4
00010,CINC,HYPOD8510,HYPOD8510,HYPOD8510,2738227,1,4518832138,"","",525,530,44000,LB,44000,LB,2026-07-07 00:00:00,2026-07-24 00:00:00,2026-07-24 00:00:00,293296,"DOW - (TOLL) KC, Beech Island 10",S4
00010,CINC,HYPOD8510,HYPOD8510,HYPOD8510,2738228,1,4518832141,"","",525,530,44000,LB,44000,LB,2026-07-07 00:00:00,2026-07-28 00:00:00,2026-07-28 00:00:00,293296,"DOW - (TOLL) KC, Beech Island 10",S4
00010,CINC,HYPOD8510,HYPOD8510,HYPOD8510,2733767,2,4518808994,"","",525,530,44000,LB,44000,LB,2026-07-01 00:00:00,2026-07-31 00:00:00,2026-07-31 00:00:00,291182,"DOW - (TOLL) KC, New Milford,CT",S4
00010,CINC,HYPOD8510,HYPOD8510,HYPOD8510,2743549,1,4518857595,"","",525,530,44000,LB,44000,LB,2026-07-14 00:00:00,2026-07-31 00:00:00,2026-07-31 00:00:00,293296,"DOW - (TOLL) KC, Beech Island 10",S4
00010,CINC,HYPOD8510,HYPOD8510,HYPOD8510,2743550,1,4518857601,"","",525,530,44000,LB,44000,LB,2026-07-14 00:00:00,2026-08-06 00:00:00,2026-08-06 00:00:00,293296,"DOW - (TOLL) KC, Beech Island 10",S4
00010,CINC,HYPOD8510,HYPOD8510,HYPOD8510,2733768,1,4518808995,"","",525,530,44000,LB,44000,LB,2026-07-01 00:00:00,2026-08-07 00:00:00,2026-08-07 00:00:00,291182,"DOW - (TOLL) KC, New Milford,CT",S4
00010,CIN2,IFS004,IFS004,IFS004-PD,2734560,1,32077,"","",900,540,1800,LB,4,DR,2026-07-02 00:00:00,2026-07-22 00:00:00,2026-07-22 00:00:00,332073,"Quantum Materials - Colfax, NC",S4
00010,CIN2,J1751,J1751,J1751-T2,2723219,1,BL90491756,4583090,"",900,560,17600,LB,8,TO,2026-06-17 00:00:00,2026-07-15 00:00:00,2026-07-15 00:00:00,293871,Barentz - Coatings&Adhesi - Leland NC,S4
00010,CIN2,J1751,J1751,J1751-T2,2723219,1.001,BL90491756,4583664,"",912,560,22000,LB,10,TO,2026-06-17 00:00:00,2026-07-15 00:00:00,2026-07-15 00:00:00,293871,Barentz - Coatings&Adhesi - Leland NC,S4
00010,CIN2,J1751,J1751,J1751-T2,2740554,1,BL90495956,"","",535,540,39600,LB,18,TO,2026-07-10 00:00:00,2026-08-11 00:00:00,2026-08-11 00:00:00,293871,Barentz - Coatings&Adhesi - Leland NC,S4
00020,AUBA,JPUV100,JPUV100.E,JPUV100.E-PD,26001120,1,2850002211/0,4582661,"",900,560,1600,KG,8,DR,2026-06-11 00:00:00,2026-07-17 00:00:00,2026-07-17 00:00:00,347195,Cosmo (X) Chhatrapati IN,S4
00010,CIN2,JPUV120,JPUV120,JPUV120-FD,2695111,1,156502,"","",525,540,450,LB,1,DR,2026-05-11 00:00:00,2026-08-14 00:00:00,2026-08-14 00:00:00,317932,Auto Adesivos (Beontag)-Brazil,S4
00010,CIN2,JPUV120,JPUV120,JPUV120-FD,2723203,1,157479,"","",535,540,450,LB,1,DR,2026-06-17 00:00:00,2026-09-15 00:00:00,2026-09-15 00:00:00,317932,Auto Adesivos (Beontag)-Brazil,S4
00010,CIN2,JPWB1100,JPWB1100,JPWB1100-T2,2742575,2,4508235288,4579481,"",570,580,6600,LB,3,TO,2026-07-13 00:00:00,2026-07-14 00:00:00,2026-07-14 00:00:00,20977,"Pratt (Lewisburg ) LLC - Lewisb, OH",S4
00010,CIN2,JPWB1100,JPWB1100,JPWB1100-T2,2742575,2.001,4508235288,4581806,"",912,580,2200,LB,1,TO,2026-07-13 00:00:00,2026-07-14 00:00:00,2026-07-14 00:00:00,20977,"Pratt (Lewisburg ) LLC - Lewisb, OH",S4
00010,CIN2,KHI205,KHI205,KHI205-FD,2738277,2,PO 7126,4583993,"",900,550,2850,LB,6,DR,2026-07-07 00:00:00,2026-07-16 00:00:00,2026-07-16 00:00:00,23212,"KHI Coatings - Oxford, MI",S4
00010,CIN2,KHI340,KHI340,KHI340-FD,2738277,1,PO 7126,4583995,"",900,550,2700,LB,6,DR,2026-07-07 00:00:00,2026-07-16 00:00:00,2026-07-16 00:00:00,23212,"KHI Coatings - Oxford, MI",S4
00010,CIN2,KHI771,KHI771,KHI771-FD,2739026,1,PO 7126,"",PL,520,525,450,LB,1,DR,2026-07-08 00:00:00,2026-08-25 00:00:00,2026-08-25 00:00:00,23212,"KHI Coatings - Oxford, MI",S4
00010,CIN2,LC410TP,LC410TP,LC410TP-T2,2696646,1,4507416031,"","",900,540,39600,LB,18,TO,2026-05-13 00:00:00,2026-07-16 00:00:00,2026-07-16 00:00:00,333335,"Clariant - Kiser Harriss, Belmont, NC",S4
00010,CIN2,LC410TP,LC410TP,LC410TP-T2,2734311,1,4507439927,"","",900,540,39600,LB,18,TO,2026-07-02 00:00:00,2026-07-17 00:00:00,2026-07-17 00:00:00,333335,"Clariant - Kiser Harriss, Belmont, NC",S4
00020,AUBA,LICA41,LICA41.E,LICA41.E-TO,26001147,1,O2-00008971,30789M,"",900,560,12000,KG,12,TO,2026-06-16 00:00:00,2026-07-17 00:00:00,2026-07-17 00:00:00,327093,Safic (X) Istanbul TR,S4
00020,AUBA,LICA53,LICA53.E,LICA53.E-TO,26001210,1,54464,"","",900,540,1000,KG,1,TO,2026-06-26 00:00:00,2026-07-29 00:00:00,2026-07-29 00:00:00,307468,Trion (S Termidor) Uppsala SE,S4
00020,AUBA,LICADH205,LICADH205.E,LICADH205.E-TO,26001204,1,618208828,"","",900,540,20000,KG,20,TO,2026-06-26 00:00:00,2026-07-28 00:00:00,2026-07-28 00:00:00,332556,Bayer (S) Belford BR,S4
00020,AUBA,LICM55,LICM55.E,LICM55.E-TO,26001203,1,5504494889,"","",900,540,2000,KG,2,TO,2026-06-26 00:00:00,2026-07-28 00:00:00,2026-07-28 00:00:00,315655,ECOLAB (S) Chalons Champ FR,S4
00020,AUBA,LICOF601,LICOF601.E,LICOF601.E-TO,26001200,1,4507437963/IL2,"","",525,530,20000,KG,20,TO,2026-06-25 00:00:00,2026-09-04 00:00:00,2026-09-04 00:00:00,333878,Clariant Plastics (S) Gersthofen DE,S4
00020,AUBA,LICW440,LICW440.E,LICW440.E-LP,26001182,5,628075,"","",900,535,120,KG,1,DR,2026-06-22 00:00:00,2026-08-06 00:00:00,2026-08-06 00:00:00,291821,Sobotram (S) Chalon sur Saone FR,S4
00020,AUBA,LICW440,LICW440.E,LICW440.E-TO,26001263,3,F/2945,4580689,"",550,560,2000,KG,2,TO,2026-07-03 00:00:00,2026-07-17 00:00:00,2026-07-17 00:00:00,312580,Bear Quimica (S) Masdenverge ES,S4
00020,AUBA,LICW440,LICW440.E,LICW440.E-TO,26001284,1,4501710351,"","",900,535,3000,KG,3,TO,2026-07-08 00:00:00,2026-07-29 00:00:00,2026-07-29 00:00:00,311419,Stahl (S) Leinfelden DE,S4
00020,AUBA,LICW483,LICW483.E,LICW483.E-LP,26001263,2,F/2945,4578205,"",900,560,1200,KG,10,DR,2026-07-03 00:00:00,2026-07-17 00:00:00,2026-07-17 00:00:00,312580,Bear Quimica (S) Masdenverge ES,S4
00020,AUBA,LICW483,LICW483.E,LICW483.E-TO,26001263,1,F/2945,4578205,"",550,560,3000,KG,3,TO,2026-07-03 00:00:00,2026-07-17 00:00:00,2026-07-17 00:00:00,312580,Bear Quimica (S) Masdenverge ES,S4
00010,CIN2,LIQLUB405,LIQLUB405,LIQLUB405-FD,2697480,1,4300849431,"","",535,540,36000,LB,80,DR,2026-05-14 00:00:00,2026-09-10 00:00:00,2026-09-10 00:00:00,329814,Lubrizol c/o Saddle Creek-Sheffield OH,S4
00010,CIN2,LIQLUB405,LIQLUB405,LIQLUB405-T2,2669880,1,4300843374,"","",900,540,30800,LB,14,TO,2026-04-08 00:00:00,2026-07-16 00:00:00,2026-07-16 00:00:00,329814,Lubrizol c/o Saddle Creek-Sheffield OH,S4
00010,CIN2,LIQLUB405,LIQLUB405,LIQLUB405-T2,2703536,1,4300852198,"","",535,540,30800,LB,14,TO,2026-05-22 00:00:00,2026-08-13 00:00:00,2026-08-13 00:00:00,329814,Lubrizol c/o Saddle Creek-Sheffield OH,S4
00010,CIN2,LIQLUB405,LIQLUB405,LIQLUB405-T2,2718044,1,4300857629,"","",535,540,30800,LB,14,TO,2026-06-10 00:00:00,2026-09-04 00:00:00,2026-09-04 00:00:00,329814,Lubrizol c/o Saddle Creek-Sheffield OH,S4
00010,CIN2,LIQLUB448,LIQLUB448,LIQLUB448-FD,2738299,1,4300865362,"","",535,540,1760,LB,4,DR,2026-07-07 00:00:00,2026-09-25 00:00:00,2026-09-25 00:00:00,329814,Lubrizol c/o Saddle Creek-Sheffield OH,S4
00010,CIN2,LIQLUB454,LIQLUB454,LIQLUB454-FD,2697481,1,4300849433,"","",535,540,9000,LB,20,DR,2026-05-14 00:00:00,2026-09-11 00:00:00,2026-09-11 00:00:00,329814,Lubrizol c/o Saddle Creek-Sheffield OH,S4
00010,CIN2,LIQLUB504,LIQLUB504,LIQLUB504-FD,2738298,1,4300865356,"","",535,540,5400,LB,12,DR,2026-07-07 00:00:00,2026-10-07 00:00:00,2026-10-07 00:00:00,329814,Lubrizol c/o Saddle Creek-Sheffield OH,S4
00020,AUBA,MC1548B,MC1548B.E,MC1548B.E-TO,26001224,1,2026.0791,4582222,"",900,550,3000,KG,3,TO,2026-06-30 00:00:00,2026-07-17 00:00:00,2026-07-17 00:00:00,359229,Papeterie de Mandeure (S) Bergheim FR,S4
00020,AUBA,MC1548B,MC1548B.E,MC1548B.E-TO,26001224,1.001,2026.0791,4583469,"",912,550,7000,KG,7,TO,2026-06-30 00:00:00,2026-07-17 00:00:00,2026-07-17 00:00:00,359229,Papeterie de Mandeure (S) Bergheim FR,S4
00035,MUM3,MC300,MC300.S,MC300.S-PD,2695640,1,E-MAIL -  12-05-2026,"",C1,520,525,200,KG,1,DR,2026-05-12 00:00:00,2026-07-16 00:00:00,2026-07-16 00:00:00,317194,DMG POLYPACK PVT. LTD,S4
00010,CIN2,MC40EAF,MC40EAF,MC40EAF-PL,2738851,1,21635,4582275,"",900,580,200,LB,5,PL,2026-07-08 00:00:00,2026-07-14 00:00:00,2026-07-14 00:00:00,20776,"Buckeye Boxes - Columbus, OH",S4
00010,CIN2,MC40EAF,MC40EAF,MC40EAF-PL,2561,1,SQ-07-06-2026,"",SQ,500,515,200,LB,5,PL,2026-07-06 00:00:00,2026-08-06 00:00:00,2026-08-06 00:00:00,20776,"Buckeye Boxes - Columbus, OH",SQ
00020,AUBA,MC40EAF,MC40EAF.E,MC40EAF.E-PD,26001129,1,PO102600172,4582599,"",900,560,3200,KG,16,DR,2026-06-11 00:00:00,2026-07-17 00:00:00,2026-07-17 00:00:00,49151,United Paper Ind. B.S.C. (X) Manama BH,S4
00020,AUBA,MC40EAF,MC40EAF.E,MC40EAF.E-TO,26001032,1,PO008683-1,"","",535,540,20000,KG,20,TO,2026-05-29 00:00:00,2026-09-25 00:00:00,2026-09-25 00:00:00,339969,Beekman (S VHP NL) Apeldoorn NL,S4
00020,AUBA,MC40EAF,MC40EAF.E,MC40EAF.E-TO,26001033,1,PO008683-2,"",C1,530,535,10000,KG,10,TO,2026-05-29 00:00:00,2026-09-25 00:00:00,2026-09-25 00:00:00,339969,Beekman (S VHP NL) Apeldoorn NL,S4
00020,AUBA,MC40EAF,MC40EAF.E,MC40EAF.E-TO,26001040,1,PO008684-1,"",C1,530,535,20000,KG,20,TO,2026-06-01 00:00:00,2026-10-01 00:00:00,2026-10-01 00:00:00,339969,Beekman (S VHP NL) Apeldoorn NL,S4
00020,AUBA,MC40EAF,MC40EAF.E,MC40EAF.E-TO,26001041,1,PO008684-2,"",C1,530,535,10000,KG,10,TO,2026-06-01 00:00:00,2026-10-01 00:00:00,2026-10-01 00:00:00,339969,Beekman (S VHP NL) Apeldoorn NL,S4
00020,AUBA,MC40EAF,MC40EAF.E,MC40EAF.E-TO,26001065,1,PO008685,"",C1,530,535,15000,KG,15,TO,2026-06-03 00:00:00,2026-10-22 00:00:00,2026-10-22 00:00:00,339969,Beekman (S VHP NL) Apeldoorn NL,S4
00010,CIN2,MC40HAFN,MC40HAFN,MC40HAFN-FD,2737350,3,19161360,"","",900,540,1900,LB,4,DR,2026-07-06 00:00:00,2026-07-20 00:00:00,2026-07-20 00:00:00,23387,"DS Smith Southcorr (IP)- Asheboro, NC",S4
00010,CIN2,MC40HHSN,MC40HHSN,MC40HHSN-OP,2732235,1,OC00027340,"","",900,540,14400,LB,32,DR,2026-06-29 00:00:00,2026-07-21 00:00:00,2026-07-21 00:00:00,309296,Cartonesa - El Salvador,S4
00020,AUBA,MC40M,MC40M.E,MC40M.E-TO,26001278,1,311- JeGu01 93473,"","",900,540,7600,KG,8,TO,2026-07-07 00:00:00,2026-07-22 00:00:00,2026-07-22 00:00:00,70246,Ds Smith (S Eick)  Mariestad SE,S4
00010,CIN2,MC415H,MC415H,MC415H-FD,2738867,1,PO140,4580294,"",900,580,1900,LB,4,DR,2026-07-08 00:00:00,2026-07-14 00:00:00,2026-07-14 00:00:00,342697,"Faze Three CBC -  Appleton, WI",S4
00010,CIN2,MC415H,MC415H,MC415H-FD,2738867,1.001,PO140,4582025,"",912,580,7125,LB,15,DR,2026-07-08 00:00:00,2026-07-14 00:00:00,2026-07-14 00:00:00,342697,"Faze Three CBC -  Appleton, WI",S4
00010,CIN2,MC50AFN,MC50AFN,MC50AFN-T3,2687044,5,177086,4579485,"",550,560,2600,LB,1,TO,2026-05-01 00:00:00,2026-07-15 00:00:00,2026-07-15 00:00:00,288399,Michelman New Material Shanghai Co Ltd,S5
00010,CIN2,MC50AFN,MC50AFN,MC50AFN-T3,2687044,5.001,177086,4579940,"",912,560,2600,LB,1,TO,2026-05-01 00:00:00,2026-07-15 00:00:00,2026-07-15 00:00:00,288399,Michelman New Material Shanghai Co Ltd,S5
00034,SHAN,MC50AFN,MC50AFN,MC50AFN-T3,2711552,1,2026060257H2002,"","",525,540,10400,LB,4,TO,2026-06-02 00:00:00,2026-08-27 00:00:00,2026-08-27 00:00:00,311339,Zhejiang Fulai New Materials-China,S4
00020,AUBA,MC9100,MC9100.E,MC9100.E-PD,26000477,1,Email 10/03 M. Asad,"",CX,900,530,400,KG,2,DR,2026-03-10 00:00:00,2026-07-06 00:00:00,2026-07-06 00:00:00,329072,Falcon Pack (X) Sharjah UAE,S4
00020,AUBA,MC9100,MC9100.E,MC9100.E-PD,26001137,4,Email VKolesnyk 120626,"",CX,900,530,2000,KG,10,DR,2026-06-12 00:00:00,2026-07-06 00:00:00,2026-07-06 00:00:00,347416,Univest (X) Fastiv UA,S4
00030,SNG4,MC9100,MC9100.S,MC9100.S-PD,2653257,1,4500405807,"",SQ,525,530,16000,KG,80,DR,2026-03-18 00:00:00,2026-08-17 00:00:00,2026-08-17 00:00:00,320068,Zhuhai Wandabao Import & Export Ltd.- Ch,S4
00034,SHAN,MC9100,MC9100.S,MC9100.S-TL,2742334,1,20260711AHPD,4577384,"",525,540,7000,KG,7,TO,2026-07-13 00:00:00,2026-07-16 00:00:00,2026-07-16 00:00:00,338537,ANHUI PANDO -China,S4
00034,SHAN,MC9100,MC9100.S,MC9100.S-TL,2742334,2,20260711AHPD,4577392,"",525,540,12000,KG,12,TO,2026-07-13 00:00:00,2026-07-16 00:00:00,2026-07-16 00:00:00,338537,ANHUI PANDO -China,S4
00034,SHAN,MC9100,MC9100.S,MC9100.S-TL,2742334,3,20260711AHPD,4577398,"",525,540,11000,KG,11,TO,2026-07-13 00:00:00,2026-07-16 00:00:00,2026-07-16 00:00:00,338537,ANHUI PANDO -China,S4
00034,SHAN,MC9100,MC9100.S,MC9100.S-TL,2599702,1,SB-20251101001,"","",525,540,7000,KG,7,TO,2026-01-05 00:00:00,2026-07-29 00:00:00,2026-07-29 00:00:00,346189,Wuxi EATER - China,S4
00034,SHAN,MC9100,MC9100.S,MC9100.S-TL,2705264,1,2026052202HJ,"","",525,540,200,KG,0,TO,2026-05-25 00:00:00,2026-07-29 00:00:00,2026-07-29 00:00:00,338302,Guangzhou HengJiu-China,S4
00034,SHAN,MC9100,MC9100.S,MC9100.S-TL,2743146,1,20260713ST,"","",520,525,2000,KG,2,TO,2026-07-14 00:00:00,2026-07-29 00:00:00,2026-07-29 00:00:00,355923,Zhejiang Shentai - China,S4
00034,SHAN,MC9100,MC9100.S,MC9100.S-TL,2742236,1,20260709LD,"","",525,540,24000,KG,24,TO,2026-07-13 00:00:00,2026-08-27 00:00:00,2026-08-27 00:00:00,341219,Hebei Longda-China,S4
00020,AUBA,MC95,MC95.E,MC95.E-TO,26001313,1,4500135865D01,"",C1,900,530,1050,KG,1,TO,2026-07-14 00:00:00,2026-08-18 00:00:00,2026-08-18 00:00:00,287412,"Sihl (X) Dueren, DE",S4
00030,SNG4,MC95,MC95.S,MC95.S-PL,2734772,3,KVPO2602028,"",SQ,525,530,72,KG,4,PL,2026-07-03 00:00:00,2026-10-05 00:00:00,2026-10-05 00:00:00,291765,"Koventure Co., Ltd - Thailand",S4
00010,CIN2,MCL1188,MCL1188,MCL1188-B1,2727863,2,SQ-06-23-26,"",SQ,520,525,3,EA,3,B1,2026-06-23 00:00:00,2026-07-23 00:00:00,2026-07-23 00:00:00,327990,"Litamex - FS Print,  Uruguay",S4
00010,CIN2,MCL1188,MCL1188,MCL1188-B1,2738034,2,PE - 0000122,"","",535,540,11,EA,11,B1,2026-07-07 00:00:00,2026-07-27 00:00:00,2026-07-27 00:00:00,349207,"Grafix Digital S.A. - Lima, Peru",S4
00010,CIN2,MCL1188,MCL1188,MCL1188-P1,2737510,4,9150,"","",535,540,2112,LB,2,PA,2026-07-06 00:00:00,2026-07-24 00:00:00,2026-07-24 00:00:00,294598,Sun Digital S.A. de C.V.-México,S4
00020,AUBA,MCL1188,MCL1188.E,MCL1188.E-B1,26001222,1,CF2606-0115,"",CX,525,530,200,KG,10,B1,2026-06-30 00:00:00,2026-07-06 00:00:00,2026-07-06 00:00:00,302870,Impepack (X) MarrakechMA,S4
00020,AUBA,MCL1188,MCL1188.E,MCL1188.E-B1,26001228,1,Email MFakhry 300626,"",CX,525,530,40,KG,2,B1,2026-06-30 00:00:00,2026-07-10 00:00:00,2026-07-10 00:00:00,323810,Polykrome (X)  Dakar SN,S4
00020,AUBA,MCL1188,MCL1188.E,MCL1188.E-B1,26001223,1,CF2606-0116,"",CX,525,530,200,KG,10,B1,2026-06-30 00:00:00,2026-07-14 00:00:00,2026-07-14 00:00:00,302870,Impepack (X) MarrakechMA,S4
00020,AUBA,MCL1188,MCL1188.E,MCL1188.E-P1,26001246,4,POLPDE0000364,MCL1188-040825,"",900,560,480,KG,1,PA,2026-07-01 00:00:00,2026-07-15 00:00:00,2026-07-15 00:00:00,336662,S-One Labels (S) Butzbach DE,S4
00020,AUBA,MCL1188,MCL1188.E,MCL1188.E-P1,26001235,1,260280,MCL1188-040825,"",900,550,480,KG,1,PA,2026-07-01 00:00:00,2026-07-17 00:00:00,2026-07-17 00:00:00,61049,Soconomar (S) Piacenza IT,S4
00020,AUBA,MCL1188,MCL1188.E,MCL1188.E-P1,26001275,1,611479,"",C1,900,535,960,KG,2,PA,2026-07-07 00:00:00,2026-07-22 00:00:00,2026-07-22 00:00:00,318283,"Brigal (S) NIGRAN, ES",S4
00020,AUBA,MCL1188,MCL1188.E,MCL1188.E-P1,26001291,2,POLPDE0000365,"","",900,540,480,KG,1,PA,2026-07-09 00:00:00,2026-08-17 00:00:00,2026-08-17 00:00:00,336662,S-One Labels (S) Butzbach DE,S4
00030,SNG4,MCL1188,MCL1188.S,MCL1188.S-B1,2676414,2,AS260703011,"",C1,900,540,6,EA,6,B1,2026-04-17 00:00:00,2026-07-18 00:00:00,2026-07-18 00:00:00,324650,Advance Label Limited-Hong Kong,S4
00010,CINC,MD2685,MD2685,MD2685-T2,2729267,3,826779,4583328,"",545,550,39600,LB,18,TO,2026-06-25 00:00:00,2026-07-15 00:00:00,2026-07-15 00:00:00,337185,"Elementis Specialties - Milwaukee, WI",S4
00020,AUBA,MD7900,MD7900.E,MD7900.E-TO,26001080,1,2510-4500700206-10,"","",900,540,10000,KG,8,TO,2026-06-05 00:00:00,2026-07-23 00:00:00,2026-07-23 00:00:00,307646,Jindal  films (X)  Virton BE,S4
00010,CIN2,MD91530,MD91530,MD91530-FD,2700363,1,626281NK,"","",535,540,1425,LB,3,DR,2026-05-18 00:00:00,2026-08-10 00:00:00,2026-08-10 00:00:00,334691,"ChemRite CoPac - Lannon, WI",S4
00010,CIN2,MD91530,MD91530,MD91530-KD,2718752,1,4535378813-1,"","",535,540,882,LB,2,DR,2026-06-11 00:00:00,2026-08-24 00:00:00,2026-08-24 00:00:00,162730,"Solenis (Diversey) - Sao Paulo, Brazil",S4
00030,SNG4,MD91530,MD91530.S,MD91530.S-PD,2715868,1,PO267022080,"","",900,540,800,KG,4,DR,2026-06-08 00:00:00,2026-07-24 00:00:00,2026-07-24 00:00:00,289541,Azelis Australia (formerly Chemcolour Au,S4
00030,SNG4,MD91530,MD91530.S,MD91530.S-PD,2737083,3,6000066553,"",C1,535,540,1000,KG,5,DR,2026-07-06 00:00:00,2026-08-04 00:00:00,2026-08-04 00:00:00,289459,Kelly Technology - China(Kelly Shanghai),S4
00010,CIN2,MDU20,MDU20,MDU20-T2,2739301,1,67028,"","",535,540,15400,LB,7,TO,2026-07-08 00:00:00,2026-09-09 00:00:00,2026-09-09 00:00:00,23604,"Monarch Color - Charlotte, NC (SalemCh)",S4
00020,AUBA,MDU2012B,MDU2012B.E,MDU2012B.E-LP,26001255,1,228149,2589919J,"",900,560,240,KG,2,DR,2026-07-03 00:00:00,2026-07-17 00:00:00,2026-07-17 00:00:00,324869,Safic (X) Lainate IT,S4
00020,AUBA,MDU2012B,MDU2012B.E,MDU2012B.E-LP,26001255,1.001,228149,2596122J,"",912,560,240,KG,2,DR,2026-07-03 00:00:00,2026-07-17 00:00:00,2026-07-17 00:00:00,324869,Safic (X) Lainate IT,S4
00020,AUBA,MDU4075B,MDU4075B.E,MDU4075B.E-LP,26001268,1,4500149670,"","",900,540,1800,KG,15,DR,2026-07-06 00:00:00,2026-07-23 00:00:00,2026-07-23 00:00:00,331172,Tanatex Chemicals (S) Ede NL,S4
00020,AUBA,MDU4075B,MDU4075B.E,MDU4075B.E-TO,26001053,1,54366,"","",900,540,1000,KG,1,TO,2026-06-02 00:00:00,2026-07-27 00:00:00,2026-07-27 00:00:00,327709,FlaektGroup (S) Joenkoeping SE,S4
00010,CIN2,ME03230,ME03230,ME03230-KP,2743311,1,DH-260714,"","",525,530,7056,LB,16,DR,2026-07-14 00:00:00,2027-03-31 00:00:00,2027-03-31 00:00:00,288675,"Deench Corp - Tainan, Taiwan",S5
00010,CIN2,ME05940,ME05940,ME05940-T2,2723434,1,0507132-1,"","",535,540,4400,LB,2,TO,2026-06-17 00:00:00,2026-08-04 00:00:00,2026-08-04 00:00:00,329391,"GFC - Granite Falls, NC",S4
00010,CIN2,ME05940,ME05940,ME05940-T2,2730042,1,0507167-1,"","",535,540,4400,LB,2,TO,2026-06-26 00:00:00,2026-09-07 00:00:00,2026-09-07 00:00:00,329391,"GFC - Granite Falls, NC",S4
00020,AUBA,ME09730,ME09730,ME09730-PD,26000847,1,2510-4500699020,"",C1,900,540,1764,LB,4,DR,2026-04-29 00:00:00,2026-08-10 00:00:00,2026-08-10 00:00:00,307646,Jindal  films (X)  Virton BE,S4
00020,AUBA,ME12235,ME12235.E,ME12235.E-PL,26001231,1,4501084535,"","",900,540,486,KG,27,PL,2026-06-30 00:00:00,2026-07-24 00:00:00,2026-07-24 00:00:00,289996,Leonhard Kurz (X) Fuerth DE,S4
00020,AUBA,ME12235,ME12235.E,ME12235.E-PL,1218,1,00003636,"","",500,515,5346,KG,297,PL,2026-02-02 00:00:00,2026-12-24 00:00:00,2026-12-24 00:00:00,289996,Leonhard Kurz (X) Fuerth DE,SB
00010,CIN2,ME20117,ME20117,ME20117-PD,2724233,3,27422,"","",535,540,1764,LB,4,DR,2026-06-18 00:00:00,2026-08-28 00:00:00,2026-08-28 00:00:00,289886,"Advanced Polymer Inc. - Carlstadt., NJ",S4
00010,CIN2,ME20117,ME20117,ME20117-PD,2724217,2,27423,"","",535,540,1764,LB,4,DR,2026-06-18 00:00:00,2026-10-29 00:00:00,2026-10-29 00:00:00,289886,"Advanced Polymer Inc. - Carlstadt., NJ",S4
00010,CIN2,ME20117,ME20117,ME20117-T2,2724198,1,7062133,"","",535,540,26460,LB,12,TO,2026-06-18 00:00:00,2026-07-31 00:00:00,2026-07-31 00:00:00,335579,"Barentz Whse - Avon - Avon, OH",S4
00010,CIN2,ME20117,ME20117,ME20117-T2,2724233,1,27422,"","",535,540,6615,LB,3,TO,2026-06-18 00:00:00,2026-08-28 00:00:00,2026-08-28 00:00:00,289886,"Advanced Polymer Inc. - Carlstadt., NJ",S4
00010,CIN2,ME20117,ME20117,ME20117-T2,2724217,1,27423,"","",535,540,6615,LB,3,TO,2026-06-18 00:00:00,2026-10-29 00:00:00,2026-10-29 00:00:00,289886,"Advanced Polymer Inc. - Carlstadt., NJ",S4
00010,CIN2,ME24035,ME24035,ME24035-BP,2729815,1,4997143594,"","",900,540,38808,LB,88,DR,2026-06-26 00:00:00,2026-07-20 00:00:00,2026-07-20 00:00:00,294264,"BASF - Wyandotte, MI (Jonwax)",S4
00010,CIN2,ME24414,ME24414,ME24414-PD,2729931,1,26000838,"",FC,900,540,5400,LB,12,DR,2026-06-26 00:00:00,2026-07-16 00:00:00,2026-07-16 00:00:00,24885,Michelman Int'l - Belgium SRL,S5
00020,AUBA,ME24414,ME24414,ME24414-PD,26001197,1,628064,"","",525,530,5400,LB,12,DR,2026-06-25 00:00:00,2026-09-15 00:00:00,2026-09-15 00:00:00,291821,Sobotram (S) Chalon sur Saone FR,S4
00010,CIN2,ME24414,ME24414,ME24414-T2,2728465,1,29342,"","",535,540,6600,LB,3,TO,2026-06-24 00:00:00,2026-08-11 00:00:00,2026-08-11 00:00:00,307833,"BPI Packaging - Memphis, TN",S4
00010,CIN2,ME26726,ME26726,ME26726-BP,2717910,1,4996913971,260714OH01,"",570,580,38808,LB,88,DR,2026-06-10 00:00:00,2026-07-13 00:00:00,2026-07-13 00:00:00,294264,"BASF - Wyandotte, MI (Jonwax)",S4
00030,SNG4,ME347062,ME347062.S,ME347062.S-PD,2737693,1,2100036346,"","",535,540,210,KG,1,DR,2026-07-07 00:00:00,2026-08-05 00:00:00,2026-08-05 00:00:00,341247,JWP-Milott - Thailand,S4
00030,SNG4,ME347062,ME347062.S,ME347062.S-T2,2683924,1,FP000825,4580782,"",545,560,1000,KG,1,TO,2026-04-27 00:00:00,2026-07-15 00:00:00,2026-07-15 00:00:00,297620,"JWP-Multi-Mix - Laguna, Philippines",S4
00030,SNG4,ME347062,ME347062.S,ME347062.S-T2,2658925,4,315999,4580782,"",545,560,3000,KG,3,TO,2026-03-25 00:00:00,2026-07-16 00:00:00,2026-07-16 00:00:00,295033,JWP-Custom Chemicals Int Pty - Australia,S4
00030,SNG4,ME347062,ME347062.S,ME347062.S-T2,2658925,4.001,315999,4582501,"",545,560,1000,KG,1,TO,2026-03-25 00:00:00,2026-07-16 00:00:00,2026-07-16 00:00:00,295033,JWP-Custom Chemicals Int Pty - Australia,S4
00030,SNG4,ME347062,ME347062.S,ME347062.S-T2,2678594,3,TCCD260403-12,"",OC,525,530,3000,KG,3,TO,2026-04-20 00:00:00,2026-11-05 00:00:00,2026-11-05 00:00:00,306762,JWP-Taechang Corp-Korea,S4
00030,SNG4,ME347154,ME347154.S,ME347154.S-PD,2646906,1,2100035225,"","",525,530,210,KG,1,DR,2026-03-09 00:00:00,2026-09-01 00:00:00,2026-09-01 00:00:00,341247,JWP-Milott - Thailand,S4
00030,SNG4,ME347154,ME347154.S,ME347154.S-PD,2716100,1,2100036118,"","",525,530,210,KG,1,DR,2026-06-08 00:00:00,2026-12-05 00:00:00,2026-12-05 00:00:00,341247,JWP-Milott - Thailand,S4
00030,SNG4,ME347154,ME347154.S,ME347154.S-PD,2737694,1,2100036345,"","",525,530,210,KG,1,DR,2026-07-07 00:00:00,2027-01-05 00:00:00,2027-01-05 00:00:00,341247,JWP-Milott - Thailand,S4
00030,SNG4,ME347154,ME347154.S,ME347154.S-T2,2620885,1,FP000796,4582764,"",545,560,1000,KG,1,TO,2026-02-02 00:00:00,2026-07-15 00:00:00,2026-07-15 00:00:00,297620,"JWP-Multi-Mix - Laguna, Philippines",S4
00030,SNG4,ME347154,ME347154.S,ME347154.S-T2,2658925,2,315999,4582764,"",545,560,3000,KG,3,TO,2026-03-25 00:00:00,2026-07-16 00:00:00,2026-07-16 00:00:00,295033,JWP-Custom Chemicals Int Pty - Australia,S4
00030,SNG4,ME347154,ME347154.S,ME347154.S-T2,2658925,2.001,315999,4583463,"",545,560,4000,KG,4,TO,2026-03-25 00:00:00,2026-07-16 00:00:00,2026-07-16 00:00:00,295033,JWP-Custom Chemicals Int Pty - Australia,S4
00030,SNG4,ME347154,ME347154.S,ME347154.S-T2,2652606,1,FP000819,"","",535,540,1000,KG,1,TO,2026-03-17 00:00:00,2026-08-15 00:00:00,2026-08-15 00:00:00,297620,"JWP-Multi-Mix - Laguna, Philippines",S4
00030,SNG4,ME347154,ME347154.S,ME347154.S-T2,2678594,2,TCCD260403-12,"",OC,525,530,7000,KG,7,TO,2026-04-20 00:00:00,2026-11-05 00:00:00,2026-11-05 00:00:00,306762,JWP-Taechang Corp-Korea,S4
00010,CIN2,ME35940,ME35940,ME35940-T3,2722432,1,4501330679,"","",900,540,2600,LB,1,TO,2026-06-16 00:00:00,2026-07-17 00:00:00,2026-07-17 00:00:00,288946,Rustoleum - Lesage WV,S4
00010,CIN2,ME35940,ME35940,ME35940-T3,2724711,1,4501331987,"","",535,540,2600,LB,1,TO,2026-06-19 00:00:00,2026-07-23 00:00:00,2026-07-23 00:00:00,288946,Rustoleum - Lesage WV,S4
00035,MUM3,ME36835,ME36835.S,ME36835.S-PD,2732687,2,43509 OP - 30.06.2026,"","",520,525,200,KG,1,DR,2026-06-30 00:00:00,2026-07-29 00:00:00,2026-07-29 00:00:00,342081,CALDIC SPECIALTIES INDIA PRIVATE LIMITED,S4
00035,MUM3,ME36835,ME36835.S,ME36835.S-PD,2738721,1,43555 OP - 03.07.2026,"","",520,525,200,KG,1,DR,2026-07-08 00:00:00,2026-07-29 00:00:00,2026-07-29 00:00:00,342081,CALDIC SPECIALTIES INDIA PRIVATE LIMITED,S4
00030,SNG4,ME36835,ME36835.S,ME36835.S-PD,2738737,1,4976,"",SQ,535,540,200,KG,1,DR,2026-07-08 00:00:00,2026-08-14 00:00:00,2026-08-14 00:00:00,319874,Mumbai Branch Plant - Bhiwandi (new),SL
00020,AUBA,ME36840A,ME36840A.E,ME36840A.E-PD,26001318,1,4001439,"","",900,530,200,KG,1,DR,2026-07-14 00:00:00,2026-07-29 00:00:00,2026-07-29 00:00:00,321432,Transportes Davi (S) Barcelona ES,S4
00020,AUBA,ME36840A,ME36840A.E,ME36840A.E-PD,26001288,1,4501336466,"","",900,540,600,KG,3,DR,2026-07-08 00:00:00,2026-08-04 00:00:00,2026-08-04 00:00:00,345282,EJOT (S) Tambach-Dietharz DE,S4
00020,AUBA,ME36840A,ME36840A.E,ME36840A.E-TO,26001298,1,097 / 49220016,"","",535,540,1000,KG,1,TO,2026-07-09 00:00:00,2026-08-12 00:00:00,2026-08-12 00:00:00,344550,Canon (S) Venlo NL,S4
00010,CIN2,ME36840K,ME36840K,ME36840K-PL,2737512,3,Sample-30797,"","",900,530,40,LB,1,PL,2026-07-06 00:00:00,2026-07-22 00:00:00,2026-07-22 00:00:00,348983,"MOTUS US - Greenville, SC",SA
00010,CIN2,ME39235,ME39235,ME39235-FD,2737511,1,00001806,"","",535,540,1900,LB,4,DR,2026-07-06 00:00:00,2026-07-29 00:00:00,2026-07-29 00:00:00,22782,"Davies Imperial Ctgs - Hammond, IN",S4
00010,CIN2,ME39235,ME39235,ME39235-KP,2648355,1,4700016164,"","",535,540,6174,LB,14,DR,2026-03-11 00:00:00,2026-09-22 00:00:00,2026-09-22 00:00:00,128302,Sayer Lack - MX (Laredo Warehouse),S4
00010,CIN2,ME39815,ME39815,ME39815-T2,2727688,1,1141335 -2,"","",900,540,6600,LB,3,TO,2026-06-23 00:00:00,2026-07-16 00:00:00,2026-07-16 00:00:00,90512,"PPG Inds. - Euclid, OH",S4
00010,CIN2,ME41740,ME41740,ME41740-T2,2728432,1,16274,"","",535,540,2200,LB,1,TO,2026-06-24 00:00:00,2026-08-31 00:00:00,2026-08-31 00:00:00,23514,"Capital Adhesives - Mooresville, IN",S4
00010,CIN2,ME44730,ME44730,ME44730-FD,2739735,1,A126266,"","",900,530,1900,LB,4,DR,2026-07-09 00:00:00,2026-07-21 00:00:00,2026-07-21 00:00:00,59531,"McGean - Livonia, MI",S4
00010,CIN2,ME44730,ME44730,ME44730-PL,2740636,1,4506949191,"",SQ,520,525,80,LB,2,PL,2026-07-10 00:00:00,2026-07-29 00:00:00,2026-07-29 00:00:00,330807,"Sika - Aurora, IL",S4
00010,CIN2,ME44730,ME44730,ME44730-PL,2734392,1,BL90494327,"","",535,540,40,LB,1,PL,2026-07-02 00:00:00,2026-08-03 00:00:00,2026-08-03 00:00:00,316432,"Barentz - Formula Corp, Auburn, WA",S4
00010,CIN2,ME44730,ME44730,ME44730-T2,2723943,1,BL90492146,"","",535,540,2200,LB,1,TO,2026-06-18 00:00:00,2026-07-22 00:00:00,2026-07-22 00:00:00,308391,"Barentz - Thetford - Ann Arbor, MI",S4
00010,CIN2,ME46940,ME46940,ME46940-FD,2612464,1,0000024330,"","",900,540,450,LB,1,DR,2026-01-21 00:00:00,2026-08-19 00:00:00,2026-08-19 00:00:00,22327,"Fiber Line - Hatfield, PA",S4
00035,MUM3,ME47950,ME47950.E,ME47950.E-PD,2724253,1,E-MAIL -   DT.,"",C1,900,525,200,KG,1,DR,2026-06-19 00:00:00,2026-07-29 00:00:00,2026-07-29 00:00:00,360719,AA CHEMICAL INNOVATIONS - SHIP TO,S4
00020,AUBA,ME47950,ME47950.E,ME47950.E-TO,26001102,1,4517948813-20,"","",535,540,4750,KG,5,TO,2026-06-10 00:00:00,2026-08-31 00:00:00,2026-08-31 00:00:00,337453,OCV Pittsburgh (X) Kasterek CZ,S4
00010,CIN2,ME48040M2,ME48040M2,ME48040M2-FD,2728393,1,4500724027,"","",535,540,470,LB,1,DR,2026-06-24 00:00:00,2026-07-22 00:00:00,2026-07-22 00:00:00,72460,"Chem Trend - Howell, MI (E.GrandRiver)",S4
00010,CIN2,ME48040M2,ME48040M2,ME48040M2-OP,2687044,7,177086,4583405,"",900,560,920,LB,2,DR,2026-05-01 00:00:00,2026-07-15 00:00:00,2026-07-15 00:00:00,288399,Michelman New Material Shanghai Co Ltd,S5
00010,CIN2,ME48040M2,ME48040M2,ME48040M2-OP,2687044,7.001,177086,4583405,"",912,560,2760,LB,6,DR,2026-05-01 00:00:00,2026-07-15 00:00:00,2026-07-15 00:00:00,288399,Michelman New Material Shanghai Co Ltd,S5
00034,SHAN,ME48040M2,ME48040M2,ME48040M2-OP,2697095,1,4500715498,"","",525,540,920,LB,2,DR,2026-05-14 00:00:00,2026-09-09 00:00:00,2026-09-09 00:00:00,327229,"Chemtrend (Shanghai) Co.,Ltd-China",S4
00034,SHAN,ME48040M2,ME48040M2,ME48040M2-OP,2737826,1,4500726060,"","",525,540,1380,LB,3,DR,2026-07-07 00:00:00,2026-09-09 00:00:00,2026-09-09 00:00:00,327229,"Chemtrend (Shanghai) Co.,Ltd-China",S4
00034,SHAN,ME48040M2,ME48040M2,ME48040M2-OP,2727927,1,4500723306,"","",525,540,920,LB,2,DR,2026-06-24 00:00:00,2026-10-09 00:00:00,2026-10-09 00:00:00,327229,"Chemtrend (Shanghai) Co.,Ltd-China",S4
00034,SHAN,ME48040M2,ME48040M2,ME48040M2-OP,2737827,1,4500726060,"","",525,540,1380,LB,3,DR,2026-07-07 00:00:00,2026-11-10 00:00:00,2026-11-10 00:00:00,327229,"Chemtrend (Shanghai) Co.,Ltd-China",S4
00010,CIN2,ME51938,ME51938,ME51938-T2,2738082,1,4518574106,4583927,"",900,560,4400,LB,2,TO,2026-07-07 00:00:00,2026-07-15 00:00:00,2026-07-15 00:00:00,323319,"Owens Corning - Joplin, MO",S4
00010,CINC,ME52137,ME52137,ME52137,2674511,1,7059791,"","",535,540,45000,LB,45000,LB,2026-04-14 00:00:00,2026-08-13 00:00:00,2026-08-13 00:00:00,306914,"Barentz - Quaker(GW Smith) - Dayton, OH",S4
00010,CIN2,ME52137,ME52137,ME52137-FD,2734542,1,1100,"",SQ,900,525,450,LB,1,DR,2026-07-02 00:00:00,2026-07-17 00:00:00,2026-07-17 00:00:00,361127,"Inno Chem - Stowe, PA",S4
00034,SHAN,ME59040,ME59040.C,ME59040.C-OP,2726521,3,6000066291,C260602002,"",525,540,600,KG,3,DR,2026-06-22 00:00:00,2026-07-17 00:00:00,2026-07-17 00:00:00,305620,"KELLY TECHNOLOGY CO.,LTD DONGGUAN CO.,LT",S4
00034,SHAN,ME59240,ME59240.C,ME59240.C-OP,2726521,1,6000066291,C260602001,"",525,540,2400,KG,2400,KG,2026-06-22 00:00:00,2026-07-17 00:00:00,2026-07-17 00:00:00,305620,"KELLY TECHNOLOGY CO.,LTD DONGGUAN CO.,LT",S4
00010,CIN2,ME61335,ME61335,ME61335-FD,2742758,1,4500879945,"","",535,540,3800,LB,8,DR,2026-07-13 00:00:00,2026-07-22 00:00:00,2026-07-22 00:00:00,61650,"Fuller HB - Vadnais, MN (LaBore Rd)",S4
00010,CIN2,ME61335,ME61335,ME61335-FD,2737366,1,USMMMW7MWH,"","",535,540,1900,LB,4,DR,2026-07-06 00:00:00,2026-07-30 00:00:00,2026-07-30 00:00:00,22729,"3M - Tilton, NH",S4
00020,AUBA,ME61335P,ME61335P.E,ME61335P.E-TO,26001232,1,1003023,"","",535,540,4000,KG,4,TO,2026-06-30 00:00:00,2026-08-10 00:00:00,2026-08-10 00:00:00,308078,Mueller-Gysin (S KM) Basel CH,S4
00010,CIN2,ME62330,ME62330,ME62330-FD,2737236,1,VP081268,4581116,"",545,550,2250,LB,5,DR,2026-07-06 00:00:00,2026-07-17 00:00:00,2026-07-17 00:00:00,23270,"Sherwin Williams - Victorville, CA",SZ
00010,CIN2,ME62330,ME62330,ME62330-FD,2737236,1.001,VP081268,4583298,"",912,550,1350,LB,3,DR,2026-07-06 00:00:00,2026-07-17 00:00:00,2026-07-17 00:00:00,23270,"Sherwin Williams - Victorville, CA",SZ
00010,CIN2,ME62330,ME62330,ME62330-FD,2729250,1,LP164200,"","",535,540,1800,LB,4,DR,2026-06-25 00:00:00,2026-07-21 00:00:00,2026-07-21 00:00:00,172273,"Sherwin Williams - Columbus, OH",SZ
00010,CIN2,ME62330,ME62330,ME62330-FD,2668920,1,4500625546,"","",525,540,5400,LB,12,DR,2026-04-07 00:00:00,2026-07-27 00:00:00,2026-07-27 00:00:00,291524,"Benjamin Moore - Johnstown, NY",SZ
00010,CIN2,ME62330,ME62330,ME62330-FD,2729930,1,370384,"","",535,540,450,LB,1,DR,2026-06-26 00:00:00,2026-07-28 00:00:00,2026-07-28 00:00:00,319870,Willamette Valley - Lithonia GA,S4
00010,CIN2,ME62330,ME62330,ME62330-FD,2668916,1,4500625548,"","",535,540,5400,LB,12,DR,2026-04-07 00:00:00,2026-08-10 00:00:00,2026-08-10 00:00:00,291524,"Benjamin Moore - Johnstown, NY",SZ
00010,CIN2,ME62330,ME62330,ME62330-FD,2668917,1,4500625549,"","",535,540,5400,LB,12,DR,2026-04-07 00:00:00,2026-08-24 00:00:00,2026-08-24 00:00:00,291524,"Benjamin Moore - Johnstown, NY",SZ
00010,CIN2,ME62330,ME62330,ME62330-FD,2634269,1,4500615140,"","",535,540,5400,LB,12,DR,2026-02-19 00:00:00,2026-09-08 00:00:00,2026-09-08 00:00:00,291524,"Benjamin Moore - Johnstown, NY",SZ
00010,CIN2,ME62330,ME62330,ME62330-FD,2713291,1,4500636774,"","",535,540,5400,LB,12,DR,2026-06-04 00:00:00,2026-09-21 00:00:00,2026-09-21 00:00:00,291524,"Benjamin Moore - Johnstown, NY",SZ
00010,CIN2,ME62330,ME62330,ME62330-FD,2713292,1,4500636775,"","",535,540,5400,LB,12,DR,2026-06-04 00:00:00,2026-09-30 00:00:00,2026-09-30 00:00:00,291524,"Benjamin Moore - Johnstown, NY",SZ
00010,CIN2,ME62330,ME62330,ME62330-FD,2722450,1,4500638845,"","",535,540,5400,LB,12,DR,2026-06-16 00:00:00,2026-10-12 00:00:00,2026-10-12 00:00:00,291524,"Benjamin Moore - Johnstown, NY",SZ
00010,CIN2,ME62330,ME62330,ME62330-FD,2722451,1,4500638846,"","",535,540,5400,LB,12,DR,2026-06-16 00:00:00,2026-10-26 00:00:00,2026-10-26 00:00:00,291524,"Benjamin Moore - Johnstown, NY",SZ
00010,CIN2,ME62330,ME62330,ME62330-T3,2733766,1,MP196590,4581117,"",545,550,7800,LB,3,TO,2026-07-01 00:00:00,2026-07-16 00:00:00,2026-07-16 00:00:00,22329,"Sherwin Williams - Morrow, GA",SZ
00010,CIN2,ME62330,ME62330,ME62330-T3,2642532,1,LP363601,"",CP,535,540,39000,LB,15,TO,2026-03-02 00:00:00,2026-08-17 00:00:00,2026-08-17 00:00:00,294702,"Sherwin Williams - Lebanon, PA",SZ
00010,CIN2,ME62330,ME62330,ME62330-T3,2713374,1,MP334671,"","",535,540,39000,LB,15,TO,2026-06-04 00:00:00,2026-08-24 00:00:00,2026-08-24 00:00:00,22687,"Sherwin Williams - Matteson, IL",SZ
00020,AUBA,ME62330,ME62330.E,ME62330.E-TO,26001221,1,097 / 49214974,4580932,"",545,550,1000,KG,1,TO,2026-06-30 00:00:00,2026-07-17 00:00:00,2026-07-17 00:00:00,344550,Canon (S) Venlo NL,S4
00020,AUBA,ME62330,ME62330.E,ME62330.E-TO,26001182,1,628075,"","",535,540,3000,KG,3,TO,2026-06-22 00:00:00,2026-08-06 00:00:00,2026-08-06 00:00:00,291821,Sobotram (S) Chalon sur Saone FR,S4
00020,AUBA,ME62330,ME62330.E,ME62330.E-TO,26001202,1,4997127976,"","",535,540,4000,KG,4,TO,2026-06-26 00:00:00,2026-08-06 00:00:00,2026-08-06 00:00:00,319518,BASF (S) Heerenveen NL,S4
00030,SNG4,ME62330,ME62330.S,ME62330.S-T2,2723700,1,PO290018857,"","",535,540,9000,KG,9,TO,2026-06-18 00:00:00,2026-07-16 00:00:00,2026-07-16 00:00:00,289472,Azelis NZ Ltd-(CSDP)(formerly-Chemcolour,S4
00030,SNG4,ME64422,ME64422.S,ME64422.S-PD,2722169,1,4504543995,"","",535,540,800,KG,4,DR,2026-06-16 00:00:00,2026-07-20 00:00:00,2026-07-20 00:00:00,360740,Jalco (Johnston Crescent) - Australia,S4
00030,SNG4,ME64422,ME64422.S,ME64422.S-PD,2722170,2,4504543996,"",C1,535,540,800,KG,4,DR,2026-06-16 00:00:00,2026-08-20 00:00:00,2026-08-20 00:00:00,360740,Jalco (Johnston Crescent) - Australia,S4
00030,SNG4,ME64422,ME64422.S,ME64422.S-PD,2722187,2,4504543997,"",SQ,525,530,2400,KG,12,DR,2026-06-16 00:00:00,2026-09-07 00:00:00,2026-09-07 00:00:00,360740,Jalco (Johnston Crescent) - Australia,S4
00010,CINC,ME67235,ME67235,ME67235,2732734,1,BL90493962,4583670,"",900,550,40000,LB,40000,LB,2026-06-30 00:00:00,2026-07-14 00:00:00,2026-07-14 00:00:00,315168,"Barentz - Betco Corp-Bowling Green, OH",S4
00010,CINC,ME67235,ME67235,ME67235,2727931,1,BL90493098,"","",900,540,44000,LB,44000,LB,2026-06-23 00:00:00,2026-07-17 00:00:00,2026-07-17 00:00:00,293871,Barentz - Coatings&Adhesi - Leland NC,S4
00010,CINC,ME67235,ME67235,ME67235,2727932,1,BL90493107,"","",535,540,44000,LB,44000,LB,2026-06-23 00:00:00,2026-07-22 00:00:00,2026-07-22 00:00:00,293871,Barentz - Coatings&Adhesi - Leland NC,S4
00010,CINC,ME67235,ME67235,ME67235,2727933,1,BL90493127,"","",535,540,44000,LB,44000,LB,2026-06-23 00:00:00,2026-07-27 00:00:00,2026-07-27 00:00:00,293871,Barentz - Coatings&Adhesi - Leland NC,S4
00010,CIN2,ME67235,ME67235,ME67235-T2,2733784,1,7062524,4580849,"",900,550,17600,LB,8,TO,2026-07-01 00:00:00,2026-07-17 00:00:00,2026-07-17 00:00:00,333581,"Barentz Whse/B&J Grp, Morrisville, PA",S4
00010,CIN2,ME70350A,ME70350A,ME70350A-PD,2714238,1,27415,"","",535,540,850,LB,2,DR,2026-06-05 00:00:00,2026-08-17 00:00:00,2026-08-17 00:00:00,289886,"Advanced Polymer Inc. - Carlstadt., NJ",S4
00010,CIN2,ME70350A,ME70350A,ME70350A-PD,2681285,1,16248,"","",535,540,5525,LB,13,DR,2026-04-23 00:00:00,2026-09-01 00:00:00,2026-09-01 00:00:00,211104,"Clemons Concrete - Nashville, TN",S4
00020,AUBA,ME70852,ME70852.E,ME70852.E-TO,26001086,1,O2-00008913,4582349,"",900,560,6650,KG,7,TO,2026-06-05 00:00:00,2026-07-17 00:00:00,2026-07-17 00:00:00,327093,Safic (X) Istanbul TR,S4
00020,AUBA,ME70852,ME70852.E,ME70852.E-TO,26001086,1.001,O2-00008913,4582349,"",912,560,935,KG,1,TO,2026-06-05 00:00:00,2026-07-17 00:00:00,2026-07-17 00:00:00,327093,Safic (X) Istanbul TR,S4
00030,SNG4,ME71152,ME71152.S,ME71152.S-PD,2727928,4,5100038940,4582750,"",545,560,1000,KG,5,DR,2026-06-24 00:00:00,2026-07-17 00:00:00,2026-07-17 00:00:00,291049,Lautan Luas Tbk - Indonesia,S4
00030,SNG4,ME71152,ME71152.S,ME71152.S-PD,2716049,2,KVPO2601774,"","",535,540,1600,KG,8,DR,2026-06-08 00:00:00,2026-07-20 00:00:00,2026-07-20 00:00:00,291765,"Koventure Co., Ltd - Thailand",S4
00030,SNG4,ME71152,ME71152.S,ME71152.S-PL,2743215,2,Sample-30874,"","",525,530,18,KG,1,PL,2026-07-14 00:00:00,2026-07-24 00:00:00,2026-07-24 00:00:00,291049,Lautan Luas Tbk - Indonesia,SA
00010,CIN2,ME71450,ME71450,ME71450-FD,2740620,2,24786501,"",SQ,520,525,2125,LB,5,DR,2026-07-10 00:00:00,2026-07-21 00:00:00,2026-07-21 00:00:00,305470,"La-Z-Boy-Dayton,TN",S4
00010,CIN2,ME77030,ME77030,ME77030-FD,2732766,1,9101277596,"","",900,540,450,LB,1,DR,2026-06-30 00:00:00,2026-07-21 00:00:00,2026-07-21 00:00:00,126330,"Avery Dennison - Painesville, OH(Chester",S4
00020,AUBA,ME8905,ME8905.E,ME8905.E,26001260,1,2510-4500701273,"","",900,540,12000,KG,12000,KG,2026-07-03 00:00:00,2026-07-23 00:00:00,2026-07-23 00:00:00,307646,Jindal  films (X)  Virton BE,S4
00020,AUBA,ME8905,ME8905.E,ME8905.E,26001304,1,2510-4500701669,"",FM,900,525,12000,KG,12000,KG,2026-07-10 00:00:00,2026-07-29 00:00:00,2026-07-29 00:00:00,307646,Jindal  films (X)  Virton BE,S4
00010,CINC,ME89235DE,ME89235DE,ME89235DE,2729849,1,BL90493612,4583409,"",900,550,44000,LB,44000,LB,2026-06-26 00:00:00,2026-07-13 00:00:00,2026-07-13 00:00:00,296382,"Barentz - Amano PioneerEclipse-Sparta,NC",S4
00010,CIN2,ME89535DE,ME89535DE,ME89535DE-FD,2740570,1,BL90496045,"","",900,540,900,LB,2,DR,2026-07-10 00:00:00,2026-07-21 00:00:00,2026-07-21 00:00:00,346992,"Barentz/GPMI Co - Gilbert, AZ",S4
00030,SNG4,ME90640,ME90640.S,ME90640.S-PD,2660394,3,6000064736,"",OC,525,530,21000,KG,105,DR,2026-03-27 00:00:00,2026-10-05 00:00:00,2026-10-05 00:00:00,329026,Kelly Dongguan - China,S4
00030,SNG4,ME91240G,ME91240G.S,ME91240G.S-PD,2660394,4,6000064736,"",OC,525,530,3000,KG,15,DR,2026-03-27 00:00:00,2026-10-05 00:00:00,2026-10-05 00:00:00,329026,Kelly Dongguan - China,S4
00010,CIN2,ME91735,ME91735,ME91735-FD,2722553,1,4500933253,4582534,"",900,580,3150,LB,7,DR,2026-06-16 00:00:00,2026-07-14 00:00:00,2026-07-14 00:00:00,21734,"Johns Manville - Waterville, OH(River)",S4
00010,CIN2,ME91735,ME91735,ME91735-FD,2722553,1.001,4500933253,4581889,"",912,580,32850,LB,73,DR,2026-06-16 00:00:00,2026-07-14 00:00:00,2026-07-14 00:00:00,21734,"Johns Manville - Waterville, OH(River)",S4
00010,CIN2,ME91735,ME91735,ME91735-FD,2722571,1,4500933254,"","",535,540,36000,LB,80,DR,2026-06-16 00:00:00,2026-07-27 00:00:00,2026-07-27 00:00:00,21734,"Johns Manville - Waterville, OH(River)",S4
00010,CIN2,ME91735,ME91735,ME91735-KP,2696752,1,4590444340,"","",535,540,7056,LB,16,DR,2026-05-13 00:00:00,2026-09-14 00:00:00,2026-09-14 00:00:00,70594,"BRAZIL GR LTDA- Rio Claro, Brazil",S4
00010,CIN2,ME91735,ME91735,ME91735-PL,2742627,1,20260710-1,"","",900,530,40,LB,1,PL,2026-07-13 00:00:00,2026-07-21 00:00:00,2026-07-21 00:00:00,338159,"Altum LLC - Canal Winchester, OH",S4
00010,CIN2,ME91735,ME91735,ME91735-T3,2719528,1,4500932662,4582286,"",900,580,37500,LB,15,TO,2026-06-12 00:00:00,2026-07-13 00:00:00,2026-07-13 00:00:00,270544,"Johns Manville - Etowah, TN",S4
00010,CIN2,ME91735,ME91735,ME91735-T3,2719528,1.001,4500932662,4581889,"",912,580,2500,LB,1,TO,2026-06-12 00:00:00,2026-07-13 00:00:00,2026-07-13 00:00:00,270544,"Johns Manville - Etowah, TN",S4
00020,AUBA,ME91735,ME91735.E,ME91735.E-TO,26001057,1,4500930740,"","",535,540,2850,KG,3,TO,2026-06-03 00:00:00,2026-08-04 00:00:00,2026-08-04 00:00:00,49066,Johns Manville (X) Trnava SK,S4
00034,SHAN,ME91735,ME91735.S,ME91735.S-TL,2703041,1,20260522 FCWB,"",C1,525,540,8100,KG,8,TO,2026-05-22 00:00:00,2026-07-29 00:00:00,2026-07-29 00:00:00,304363,WEIYUAN NEIHUA-China,S4
00030,SNG4,ME92040,ME92040.S,ME92040.S-PD,2739283,5,OP-178761,"","",525,530,4000,KG,20,DR,2026-07-09 00:00:00,2026-07-27 00:00:00,2026-07-27 00:00:00,300385,Michelman New Material - China,S5
00030,SNG4,ME92040,ME92040.S,ME92040.S-PD,2646910,2,6000064308,"","",535,540,18000,KG,90,DR,2026-03-09 00:00:00,2026-08-03 00:00:00,2026-08-03 00:00:00,329026,Kelly Dongguan - China,S4
00030,SNG4,ME92040,ME92040.S,ME92040.S-T2,2734010,3,OP-178623,"","",535,540,4000,KG,4,TO,2026-07-02 00:00:00,2026-07-21 00:00:00,2026-07-21 00:00:00,300385,Michelman New Material - China,S5
00030,SNG4,ME92040,ME92040.S,ME92040.S-T2,2646910,5,6000064308,"","",535,540,6000,KG,6,TO,2026-03-09 00:00:00,2026-08-03 00:00:00,2026-08-03 00:00:00,329026,Kelly Dongguan - China,S4
00030,SNG4,ME92040,ME92040.S,ME92040.S-T2,2737083,2,6000066553,"",C1,535,540,15000,KG,15,TO,2026-07-06 00:00:00,2026-08-04 00:00:00,2026-08-04 00:00:00,289459,Kelly Technology - China(Kelly Shanghai),S4
00020,AUBA,ME93204,ME93204.E,ME93204.E-TO,26001180,1,4535393022,4583123,"",900,560,6000,KG,6,TO,2026-06-22 00:00:00,2026-07-16 00:00:00,2026-07-16 00:00:00,348039,Essers (S Solenis BE) Genk BE,S4
00010,CIN2,ME93235,ME93235,ME93235-FD,2742629,1,192441,4576007,"",570,580,475,LB,1,DR,2026-07-13 00:00:00,2026-07-14 00:00:00,2026-07-14 00:00:00,23600,"Spartan Chemical - Maumee, OH",S4
00010,CIN2,ME93235,ME93235,ME93235-FD,2742629,1.001,192441,4581962,"",912,580,5225,LB,11,DR,2026-07-13 00:00:00,2026-07-14 00:00:00,2026-07-14 00:00:00,23600,"Spartan Chemical - Maumee, OH",S4
00010,CIN2,ME93235,ME93235,ME93235-FD,2724678,1,4503379813,"","",535,540,1900,LB,4,DR,2026-06-19 00:00:00,2026-07-16 00:00:00,2026-07-16 00:00:00,291038,"Axalta - Cornwall, ON, CA",S4
00010,CIN2,ME93235,ME93235,ME93235-FD,2737513,1,4535413518,"",SQ,520,525,2850,LB,6,DR,2026-07-06 00:00:00,2026-07-21 00:00:00,2026-07-21 00:00:00,26753,"Solenis - London, Ont., CN",S4
00010,CIN2,ME93235,ME93235,ME93235-FD,2742576,1,4501336210,"","",535,540,475,LB,1,DR,2026-07-13 00:00:00,2026-07-21 00:00:00,2026-07-21 00:00:00,228991,"Rustoleum - Pleasant Prairie, WI",S4
00010,CIN2,ME93235,ME93235,ME93235-FD,2717927,1,4503351988,"","",535,540,15200,LB,32,DR,2026-06-10 00:00:00,2026-07-24 00:00:00,2026-07-24 00:00:00,229782,"Axalta - High Point, NC(Gate7 English)",S4
00010,CIN2,ME93235,ME93235,ME93235-FD,2742693,1,1146036,"","",535,540,1900,LB,4,DR,2026-07-13 00:00:00,2026-07-24 00:00:00,2026-07-24 00:00:00,23679,"PPG Inds - Brazil, IN",S4
00010,CIN2,ME93235,ME93235,ME93235-FD,2723251,1,4503369861,"","",535,540,15200,LB,32,DR,2026-06-17 00:00:00,2026-08-07 00:00:00,2026-08-07 00:00:00,229782,"Axalta - High Point, NC(Gate7 English)",S4
00010,CIN2,ME93235,ME93235,ME93235-FD,2711119,1,4503323112,"","",535,540,7600,LB,16,DR,2026-06-01 00:00:00,2026-08-14 00:00:00,2026-08-14 00:00:00,339188,"Axalta - Fridley, MN",S4
00010,CIN2,ME93235,ME93235,ME93235-PD,2738833,3,20055610,"","",535,540,1800,LB,4,DR,2026-07-08 00:00:00,2026-08-12 00:00:00,2026-08-12 00:00:00,288346,"Atotech Canada - Burlington, ON, CA",S4
00010,CIN2,ME93235,ME93235,ME93235-T3,2732035,1,4500641013,4582632,"",900,550,2700,LB,1,TO,2026-06-29 00:00:00,2026-07-15 00:00:00,2026-07-15 00:00:00,289088,"Benjamin Moore - Pell City, AL",SZ
00010,CIN2,ME93235,ME93235,ME93235-T3,2737333,1,4500642135,"","",535,540,2700,LB,1,TO,2026-07-06 00:00:00,2026-07-22 00:00:00,2026-07-22 00:00:00,289088,"Benjamin Moore - Pell City, AL",SZ
00010,CIN2,ME93235,ME93235,ME93235-T3,2740337,1,192414,"","",535,540,13500,LB,5,TO,2026-07-10 00:00:00,2026-07-29 00:00:00,2026-07-29 00:00:00,23600,"Spartan Chemical - Maumee, OH",S4
00010,CIN2,ME93235,ME93235,ME93235-T3,2668919,1,4500625551,"","",525,540,5400,LB,2,TO,2026-04-07 00:00:00,2026-08-03 00:00:00,2026-08-03 00:00:00,291524,"Benjamin Moore - Johnstown, NY",SZ
00010,CIN2,ME93235,ME93235,ME93235-T3,2668918,1,4500625553,"","",525,540,5400,LB,2,TO,2026-04-07 00:00:00,2026-08-17 00:00:00,2026-08-17 00:00:00,291524,"Benjamin Moore - Johnstown, NY",SZ
00010,CIN2,ME93235,ME93235,ME93235-T3,2689527,1,4500630992,"","",535,540,5400,LB,2,TO,2026-05-04 00:00:00,2026-09-01 00:00:00,2026-09-01 00:00:00,291524,"Benjamin Moore - Johnstown, NY",SZ
00010,CIN2,ME93235,ME93235,ME93235-T3,2727624,1,4500640170,"","",535,540,5400,LB,2,TO,2026-06-23 00:00:00,2026-09-29 00:00:00,2026-09-29 00:00:00,291524,"Benjamin Moore - Johnstown, NY",SZ
00010,CIN2,ME93235,ME93235,ME93235-T3,2727625,1,4500640171,"","",535,540,5400,LB,2,TO,2026-06-23 00:00:00,2026-10-13 00:00:00,2026-10-13 00:00:00,291524,"Benjamin Moore - Johnstown, NY",SZ
00010,CIN2,ME93235,ME93235,ME93235-T3,2727623,1,4500640172,"","",535,540,5400,LB,2,TO,2026-06-23 00:00:00,2026-10-27 00:00:00,2026-10-27 00:00:00,291524,"Benjamin Moore - Johnstown, NY",SZ
00030,SNG4,ME93235,ME93235.S,ME93235.S-PD,2710761,4,4947,"","",535,540,7400,KG,37,DR,2026-06-01 00:00:00,2026-07-17 00:00:00,2026-07-17 00:00:00,319874,Mumbai Branch Plant - Bhiwandi (new),SL
00030,SNG4,ME93235,ME93235.S,ME93235.S-PD,2716049,3,KVPO2601774,"","",535,540,6400,KG,32,DR,2026-06-08 00:00:00,2026-07-20 00:00:00,2026-07-20 00:00:00,291765,"Koventure Co., Ltd - Thailand",S4
00030,SNG4,ME93235,ME93235.S,ME93235.S-PL,2739283,3,OP-178761,"","",535,540,18,KG,1,PL,2026-07-09 00:00:00,2026-07-27 00:00:00,2026-07-27 00:00:00,300385,Michelman New Material - China,S5
00034,SHAN,ME93235,ME93235.S,ME93235.S-PL,2739487,2,6000066652,"","",525,540,18,KG,1,PL,2026-07-09 00:00:00,2026-10-28 00:00:00,2026-10-28 00:00:00,305331,"Kelly Technology Co.,Ltd",S4
00020,AUBA,ME93235A,ME93235A.E,ME93235A.E-PL,26000886,1,4700001410,4580882,"",900,570,36,KG,2,PL,2026-05-05 00:00:00,2026-07-14 00:00:00,2026-07-14 00:00:00,359286,Pharmaplast (X) Alexandria EG,S4
00020,AUBA,ME93235A,ME93235A.E,ME93235A.E-PL,26001254,1,PO26000184,4582663,"",545,550,18,KG,1,PL,2026-07-02 00:00:00,2026-07-17 00:00:00,2026-07-17 00:00:00,329107,Safic Alcan (S) Korosladany HU,S4
00020,AUBA,ME93335,ME93335.E,ME93335.E-TO,26001128,1,260249,4583364,"",900,550,7000,KG,7,TO,2026-06-11 00:00:00,2026-07-17 00:00:00,2026-07-17 00:00:00,61049,Soconomar (S) Piacenza IT,S4
00030,SNG4,ME93935,ME93935.S,ME93935.S-PD,2716066,3,213-44750 OP,4580527,"",545,560,400,KG,2,DR,2026-06-08 00:00:00,2026-07-15 00:00:00,2026-07-15 00:00:00,323493,Caldic MYS (Formly DCM)(CSFP)-Malays,S4
00030,SNG4,ME93935,ME93935.S,ME93935.S-PD,2727928,2,5100038940,4580527,"",545,560,2600,KG,13,DR,2026-06-24 00:00:00,2026-07-17 00:00:00,2026-07-17 00:00:00,291049,Lautan Luas Tbk - Indonesia,S4
00030,SNG4,ME93935,ME93935.S,ME93935.S-PD,2727928,2.001,5100038940,4581273,"",545,560,1600,KG,8,DR,2026-06-24 00:00:00,2026-07-17 00:00:00,2026-07-17 00:00:00,291049,Lautan Luas Tbk - Indonesia,S4
00030,SNG4,ME93935,ME93935.S,ME93935.S-PD,2644558,1,213-44146 OP,"","",535,540,400,KG,2,DR,2026-03-05 00:00:00,2026-08-08 00:00:00,2026-08-08 00:00:00,323493,Caldic MYS (Formly DCM)(CSFP)-Malays,S4
00010,CIN2,ME94240,ME94240,ME94240-FD,2728465,2,29342,"","",535,540,900,LB,2,DR,2026-06-24 00:00:00,2026-08-11 00:00:00,2026-08-11 00:00:00,307833,"BPI Packaging - Memphis, TN",S4
00010,CIN2,ME94340,ME94340,ME94340-KD,2563079,1,4535072677-4,"","",900,540,441,LB,1,DR,2025-11-17 00:00:00,2027-02-22 00:00:00,2027-02-22 00:00:00,162730,"Solenis (Diversey) - Sao Paulo, Brazil",S4
00010,CIN2,ME94340,ME94340,ME94340-PL,2739060,1,192656,"","",900,540,400,LB,10,PL,2026-07-08 00:00:00,2026-07-16 00:00:00,2026-07-16 00:00:00,300374,"Marmon - Seymour, CT",S4
00010,CIN2,ME94340,ME94340,ME94340-T2,2733784,2,7062524,4583672,"",900,550,24200,LB,11,TO,2026-07-01 00:00:00,2026-07-17 00:00:00,2026-07-17 00:00:00,333581,"Barentz Whse/B&J Grp, Morrisville, PA",S4
00010,CIN2,ME94340,ME94340,ME94340-T2,2738245,1,BL90495035,"","",535,540,22000,LB,10,TO,2026-07-07 00:00:00,2026-08-03 00:00:00,2026-08-03 00:00:00,315168,"Barentz - Betco Corp-Bowling Green, OH",S4
00030,SNG4,ME94340,ME94340.S,ME94340.S-OP,2653655,1,213-44258 OP,4580518,"",545,560,1600,KG,8,DR,2026-03-18 00:00:00,2026-07-15 00:00:00,2026-07-15 00:00:00,323493,Caldic MYS (Formly DCM)(CSFP)-Malays,S4
00030,SNG4,ME94340,ME94340.S,ME94340.S-OP,2705197,1,213-44683 OP,4580518,"",545,560,1000,KG,5,DR,2026-05-25 00:00:00,2026-07-15 00:00:00,2026-07-15 00:00:00,323493,Caldic MYS (Formly DCM)(CSFP)-Malays,S4
00030,SNG4,ME94340,ME94340.S,ME94340.S-OP,2705197,1.001,213-44683 OP,4582240,"",545,560,2000,KG,10,DR,2026-05-25 00:00:00,2026-07-15 00:00:00,2026-07-15 00:00:00,323493,Caldic MYS (Formly DCM)(CSFP)-Malays,S4
00030,SNG4,ME94340,ME94340.S,ME94340.S-OP,2726426,1,213-44838 OP,"","",535,540,3000,KG,15,DR,2026-06-22 00:00:00,2026-08-03 00:00:00,2026-08-03 00:00:00,323493,Caldic MYS (Formly DCM)(CSFP)-Malays,S4
00030,SNG4,ME94340,ME94340.S,ME94340.S-OP,2729506,1,213-44867 OP,"","",525,530,2400,KG,12,DR,2026-06-26 00:00:00,2026-09-16 00:00:00,2026-09-16 00:00:00,323493,Caldic MYS (Formly DCM)(CSFP)-Malays,S4
00030,SNG4,ME94340,ME94340.S,ME94340.S-PD,2647985,4,C/CPIC(HK)-CG-26-079,"","",535,540,400,KG,2,DR,2026-03-11 00:00:00,2026-07-17 00:00:00,2026-07-17 00:00:00,290042,"Chongqing CPIC - Chongqing, China",S4
00030,SNG4,ME94340,ME94340.S,ME94340.S-PD,2710761,1,4947,"","",535,540,2400,KG,12,DR,2026-06-01 00:00:00,2026-07-17 00:00:00,2026-07-17 00:00:00,319874,Mumbai Branch Plant - Bhiwandi (new),SL
00030,SNG4,ME94340,ME94340.S,ME94340.S-PD,2716049,4,KVPO2601774,"","",535,540,2400,KG,12,DR,2026-06-08 00:00:00,2026-07-20 00:00:00,2026-07-20 00:00:00,291765,"Koventure Co., Ltd - Thailand",S4
00035,MUM3,ME94340,ME94340.S,ME94340.S-PD,2727288,1,PK10005510 - 25-03-2026,"","",520,525,200,KG,1,DR,2026-06-23 00:00:00,2026-07-22 00:00:00,2026-07-22 00:00:00,344653,ANSELL STERILE SOLUTIONS PRIVATE LIMITED,S4
00030,SNG4,ME94340,ME94340.S,ME94340.S-PD,2715868,3,PO267022080,"","",535,540,800,KG,4,DR,2026-06-08 00:00:00,2026-07-24 00:00:00,2026-07-24 00:00:00,289541,Azelis Australia (formerly Chemcolour Au,S4
00035,MUM3,ME94340,ME94340.S,ME94340.S-PD,2666472,1,PK10005511 - 25-03-2026,"",C1,900,525,800,KG,4,DR,2026-04-04 00:00:00,2026-07-29 00:00:00,2026-07-29 00:00:00,344653,ANSELL STERILE SOLUTIONS PRIVATE LIMITED,S4
00030,SNG4,ME94340,ME94340.S,ME94340.S-PD,2647986,4,C/CPIC(HK)-CG-26-087,"",C1,535,540,400,KG,2,DR,2026-03-11 00:00:00,2026-08-03 00:00:00,2026-08-03 00:00:00,290042,"Chongqing CPIC - Chongqing, China",S4
00030,SNG4,ME94340,ME94340.S,ME94340.S-PD,2736958,2,PO267022375,"","",535,540,1600,KG,8,DR,2026-07-06 00:00:00,2026-08-03 00:00:00,2026-08-03 00:00:00,289541,Azelis Australia (formerly Chemcolour Au,S4
00034,SHAN,ME94340,ME94340.S,ME94340.S-PD,2727929,1,4500723306,"","",525,540,200,KG,1,DR,2026-06-24 00:00:00,2026-08-11 00:00:00,2026-08-11 00:00:00,327229,"Chemtrend (Shanghai) Co.,Ltd-China",S4
00030,SNG4,ME94340,ME94340.S,ME94340.S-PD,2660313,1,10045940,"",SQ,530,535,5000,KG,25,DR,2026-03-27 00:00:00,2026-08-20 00:00:00,2026-08-20 00:00:00,289448,Ansell Lanka (Pvt) Ltd - Sri Lanka,S4
00035,MUM3,ME94340,ME94340.S,ME94340.S-PD,2743074,1,PK10006218 - 07.07.2026,"","",520,525,1600,KG,8,DR,2026-07-14 00:00:00,2026-08-28 00:00:00,2026-08-28 00:00:00,344653,ANSELL STERILE SOLUTIONS PRIVATE LIMITED,S4
00030,SNG4,ME94340,ME94340.S,ME94340.S-PD,2660314,1,10045940,"",SQ,525,530,5000,KG,25,DR,2026-03-27 00:00:00,2026-10-25 00:00:00,2026-10-25 00:00:00,289448,Ansell Lanka (Pvt) Ltd - Sri Lanka,S4
00030,SNG4,ME94340,ME94340.S,ME94340.S-TL,2716119,1,202603,"","",535,540,16000,KG,16,TO,2026-06-08 00:00:00,2026-07-21 00:00:00,2026-07-21 00:00:00,294060,Taishan Fiberglass Inc. - China,S4
00010,CIN2,ME95435,ME95435,ME95435-PL,2687044,9,177086,4578754,"",900,560,40,LB,1,PL,2026-05-01 00:00:00,2026-07-15 00:00:00,2026-07-15 00:00:00,288399,Michelman New Material Shanghai Co Ltd,S5
00034,SHAN,ME95435,ME95435,ME95435-PL,2739487,3,6000066652,"","",525,540,40,LB,1,PL,2026-07-09 00:00:00,2026-10-28 00:00:00,2026-10-28 00:00:00,305331,"Kelly Technology Co.,Ltd",S4
00030,SNG4,ME95535,ME95535.S,ME95535.S,2743215,1,Sample-30874,"","",525,530,2,KG,2,KG,2026-07-14 00:00:00,2026-07-24 00:00:00,2026-07-24 00:00:00,291049,Lautan Luas Tbk - Indonesia,SA
00034,SHAN,ME95535,ME95535.S,ME95535.S-PD,2673297,1,AR20260408,"","",525,540,1600,KG,8,DR,2026-04-13 00:00:00,2026-07-15 00:00:00,2026-07-15 00:00:00,333869,Guangzhou Airui -China,S4
00010,CIN2,ME98740,ME98740,ME98740-FD,2675105,1,BL90481050,"","",535,540,7200,LB,16,DR,2026-04-15 00:00:00,2026-08-03 00:00:00,2026-08-03 00:00:00,339749,"Barentz - Synsus - Sylacauga, AL",S4
00010,CIN2,ME98740,ME98740,ME98740-FD,2713483,2,7060837,"","",535,540,7200,LB,16,DR,2026-06-04 00:00:00,2026-08-17 00:00:00,2026-08-17 00:00:00,293267,"Barentz Whse/Porter Log.- Atlanta, GA",S4
00030,SNG4,MF1204,MF1204.S,MF1204.S-TL,2721454,1,4955,"","",900,540,20000,KG,20,TO,2026-06-15 00:00:00,2026-07-28 00:00:00,2026-07-28 00:00:00,319874,Mumbai Branch Plant - Bhiwandi (new),SL
00030,SNG4,MF1204,MF1204.S,MF1204.S-TL,2721455,1,4956,"","",900,540,20000,KG,20,TO,2026-06-15 00:00:00,2026-07-28 00:00:00,2026-07-28 00:00:00,319874,Mumbai Branch Plant - Bhiwandi (new),SL
00030,SNG4,MF1306D,MF1306D.S,MF1306D.S-PD,2727352,1,4969,"","",900,540,16000,KG,80,DR,2026-06-23 00:00:00,2026-07-15 00:00:00,2026-07-15 00:00:00,319874,Mumbai Branch Plant - Bhiwandi (new),SL
00030,SNG4,MF1306D,MF1306D.S,MF1306D.S-PD,2727353,1,4970,"","",900,540,16000,KG,80,DR,2026-06-23 00:00:00,2026-07-15 00:00:00,2026-07-15 00:00:00,319874,Mumbai Branch Plant - Bhiwandi (new),SL
00030,SNG4,MF1306D,MF1306D.S,MF1306D.S-PD,2727354,1,4971,"","",900,540,16000,KG,80,DR,2026-06-23 00:00:00,2026-07-15 00:00:00,2026-07-15 00:00:00,319874,Mumbai Branch Plant - Bhiwandi (new),SL
00030,SNG4,MF1306D,MF1306D.S,MF1306D.S-PD,2732499,1,4972,"","",900,540,13200,KG,66,DR,2026-06-30 00:00:00,2026-07-27 00:00:00,2026-07-27 00:00:00,319874,Mumbai Branch Plant - Bhiwandi (new),SL
00035,MUM3,MF1406,MF1406.S,MF1406.S-PD,2743262,1,AM/025/2627 -14.07.2026,4578813,"",520,525,16000,KG,80,DR,2026-07-14 00:00:00,2026-07-17 00:00:00,2026-07-17 00:00:00,317198,A One Paper Impex-India,S4
00035,MUM3,MF1406,MF1406.S,MF1406.S-PD,2743263,1,AM/026/2627 -14.07.2026,4578813,"",520,525,13400,KG,67,DR,2026-07-14 00:00:00,2026-07-20 00:00:00,2026-07-20 00:00:00,317198,A One Paper Impex-India,S4
00035,MUM3,MF1406,MF1406.S,MF1406.S-PD,2743263,2,AM/026/2627 -14.07.2026,4578817,"",520,525,2600,KG,13,DR,2026-07-14 00:00:00,2026-07-20 00:00:00,2026-07-20 00:00:00,317198,A One Paper Impex-India,S4
00030,SNG4,MF1406,MF1406.S,MF1406.S-PD,2732499,2,4972,"","",535,540,2800,KG,14,DR,2026-06-30 00:00:00,2026-07-27 00:00:00,2026-07-27 00:00:00,319874,Mumbai Branch Plant - Bhiwandi (new),SL
00020,AUBA,MF4915,MF4915.E,MF4915.E-TO,26001126,1,45288478,4582526,"",900,570,4000,KG,5,TO,2026-06-11 00:00:00,2026-07-14 00:00:00,2026-07-14 00:00:00,328180,Constantia (S) Regenstauf DE,S4
00020,AUBA,MF4915,MF4915.E,MF4915.E-TO,26001126,1.001,45288478,4583120,"",912,570,1600,KG,2,TO,2026-06-11 00:00:00,2026-07-14 00:00:00,2026-07-14 00:00:00,328180,Constantia (S) Regenstauf DE,S4
00020,AUBA,MF4915,MF4915.E,MF4915.E-TO,26001168,1,45288767,4583120,"",900,570,5600,KG,7,TO,2026-06-19 00:00:00,2026-07-14 00:00:00,2026-07-14 00:00:00,328180,Constantia (S) Regenstauf DE,S4
00020,AUBA,MF4915,MF4915.E,MF4915.E-TO,26001094,1,75486372,4582526,"",900,560,4800,KG,6,TO,2026-06-09 00:00:00,2026-07-16 00:00:00,2026-07-16 00:00:00,288244,Constantia Teich  (X) Weinburg AT,S4
00020,AUBA,MF4915,MF4915.E,MF4915.E-TO,26001198,1,45288929,"","",900,540,5600,KG,7,TO,2026-06-25 00:00:00,2026-08-03 00:00:00,2026-08-03 00:00:00,328180,Constantia (S) Regenstauf DE,S4
00020,AUBA,MF4915,MF4915.E,MF4915.E-TO,26001227,1,75487350,"","",900,540,4800,KG,6,TO,2026-06-30 00:00:00,2026-08-03 00:00:00,2026-08-03 00:00:00,288244,Constantia Teich  (X) Weinburg AT,S4
00020,AUBA,MF4915,MF4915.E,MF4915.E-TO,26001261,1,45289143,"","",900,540,5600,KG,7,TO,2026-07-03 00:00:00,2026-08-03 00:00:00,2026-08-03 00:00:00,328180,Constantia (S) Regenstauf DE,S4
00020,AUBA,MF4915,MF4915.E,MF4915.E-TO,26001262,1,45289144,"","",900,540,5600,KG,7,TO,2026-07-03 00:00:00,2026-08-03 00:00:00,2026-08-03 00:00:00,328180,Constantia (S) Regenstauf DE,S4
00010,CIN2,MFB1002,MFB1002.E,MFB1002.E-PD,2728566,4,Sample-30707,4572575,"",900,580,400,KG,2,DR,2026-06-24 00:00:00,2026-07-14 00:00:00,2026-07-14 00:00:00,26507,"CBC Coating - Appleton, WI",SA
00034,SHAN,MFB1002,MFB1002.E,MFB1002.E-PD,2716876,1,20260609CL,"","",525,540,600,KG,3,DR,2026-06-09 00:00:00,2026-08-27 00:00:00,2026-08-27 00:00:00,349421,Guangdong Cailong - China,S4
00020,AUBA,MFB1002,MFB1002.E,MFB1002.E-TO,26000995,1,BST029411,4581291,"",550,560,6000,KG,6,TO,2026-05-26 00:00:00,2026-07-15 00:00:00,2026-07-15 00:00:00,291860,Royal Vaassen (S) Vaassem NL,S4
00020,AUBA,MFB1002,MFB1002.E,MFB1002.E-TO,26001172,1,BST029599,4582522,"",900,550,3000,KG,3,TO,2026-06-19 00:00:00,2026-07-27 00:00:00,2026-07-27 00:00:00,291860,Royal Vaassen (S) Vaassem NL,S4
00020,AUBA,MFB1002,MFB1002.E,MFB1002.E-TO,26001172,1.001,BST029599,4583555,"",912,550,7000,KG,7,TO,2026-06-19 00:00:00,2026-07-27 00:00:00,2026-07-27 00:00:00,291860,Royal Vaassen (S) Vaassem NL,S4
00020,AUBA,MFB1002,MFB1002.E,MFB1002.E-TO,26001307,1,BST029778,"","",535,540,2000,KG,2,TO,2026-07-10 00:00:00,2026-08-10 00:00:00,2026-08-10 00:00:00,291860,Royal Vaassen (S) Vaassem NL,S4
00030,SNG4,MFB1002,MFB1002.S,MFB1002.S-PD,2739284,1,Sample-30752,"","",525,530,200,KG,1,DR,2026-07-09 00:00:00,2026-07-23 00:00:00,2026-07-23 00:00:00,300385,Michelman New Material - China,S5
00030,SNG4,MFB3510,MFB3510.S,MFB3510.S-OP,2701648,1,5100038715,"",C1,525,530,5000,KG,25,DR,2026-05-20 00:00:00,2026-11-15 00:00:00,2026-11-15 00:00:00,291049,Lautan Luas Tbk - Indonesia,S4
00010,CIN2,MFB3530,MFB3530,MFB3530-PL,2743404,1,2600003045,"",PN,520,525,40,LB,1,PL,2026-07-14 00:00:00,2026-09-16 00:00:00,2026-09-16 00:00:00,358657,Bioplast S.A.C - Peru,S4
00010,CIN2,MFB3530,MFB3530.E,MFB3530.E-PD,2728291,1,SQ-06-24-26,"",SQ,520,525,400,KG,2,DR,2026-06-24 00:00:00,2026-07-24 00:00:00,2026-07-24 00:00:00,361128,LFS Software Group S.A.C. Peru,S4
00010,CIN2,MFB3530,MFB3530.E,MFB3530.E-PD,2694880,2,IMP2026-0471A - part 1,"",C1,525,530,2800,KG,14,DR,2026-05-11 00:00:00,2026-09-29 00:00:00,2026-09-29 00:00:00,348281,"OPP FILM S.A.  - Lima, Peru",S4
00020,AUBA,MFB5770,MFB5770.E,MFB5770.E-PD,26001316,1,ZAM/00414/07/2026,"",OA,900,535,6000,KG,30,DR,2026-07-14 00:00:00,2026-08-10 00:00:00,2026-08-10 00:00:00,319169,Eurocast (X) Strzebielino PL,S4
00030,SNG4,MFB5770,MFB5770.S,MFB5770.S-OP,2722746,1,TBA,"",PN,520,525,7000,KG,35,DR,2026-06-17 00:00:00,2026-08-07 00:00:00,2026-08-07 00:00:00,328924,Mustaqim Dyeing & Printing Ind- Pakistan,S4
00030,SNG4,MFB5770,MFB5770.S,MFB5770.S-OP,2733994,1,TBA,"",PN,525,530,16000,KG,80,DR,2026-07-02 00:00:00,2026-09-02 00:00:00,2026-09-02 00:00:00,328924,Mustaqim Dyeing & Printing Ind- Pakistan,S4
00034,SHAN,MFB5770,MFB5770.S,MFB5770.S-PL,2731829,1,LM260625,"","",525,540,54,KG,3,PL,2026-06-29 00:00:00,2026-07-29 00:00:00,2026-07-29 00:00:00,349471,LAMIPAK - China,S4
00010,CIN2,MFB5780,MFB5780,MFB5780-FD,2724165,3,CMP26737,"",SQ,900,525,900,LB,2,DR,2026-06-18 00:00:00,2026-07-24 00:00:00,2026-07-24 00:00:00,344513,"Celplast Metallized Prod.-Toronto,ON, CA",S4
00020,AUBA,MFHS1130,MFHS1130.E,MFHS1130.E-TO,26000881,1,BST029273,4582583,"",900,560,1000,KG,1,TO,2026-05-05 00:00:00,2026-07-15 00:00:00,2026-07-15 00:00:00,291860,Royal Vaassen (S) Vaassem NL,S4
00030,SNG4,MFHS1881,MFHS1881.S,MFHS1881.S-PD,2710761,5,4947,"","",535,540,600,KG,3,DR,2026-06-01 00:00:00,2026-07-17 00:00:00,2026-07-17 00:00:00,319874,Mumbai Branch Plant - Bhiwandi (new),SL
00035,MUM3,MFHS1881,MFHS1881.S,MFHS1881.S-PD,2712274,1,1241680 -   02.06.2026,"","",520,525,400,KG,2,DR,2026-06-03 00:00:00,2026-07-30 00:00:00,2026-07-30 00:00:00,325133,SHRINATH ROTO PACK PVT LTD UNIT I,S4
00010,CIN2,MFHS268,MFHS268,MFHS268-OP,2569170,1,8840-2025-17,"","",900,540,36000,LB,80,DR,2025-11-25 00:00:00,2026-07-16 00:00:00,2026-07-16 00:00:00,327947,"FMS Enterprises - Lincolnton, NC",S4
00010,CIN2,MFHS268,MFHS268,MFHS268-OP,2569171,1,8840-2025-18,"","",535,540,36000,LB,80,DR,2025-11-25 00:00:00,2026-07-23 00:00:00,2026-07-23 00:00:00,327947,"FMS Enterprises - Lincolnton, NC",S4
00010,CIN2,MFHS268,MFHS268,MFHS268-OP,2569172,1,8840-2025-19,"","",535,540,36000,LB,80,DR,2025-11-25 00:00:00,2026-08-06 00:00:00,2026-08-06 00:00:00,327947,"FMS Enterprises - Lincolnton, NC",S4
00010,CIN2,MFHS268,MFHS268,MFHS268-OP,2569173,1,8840-2025-20,"","",535,540,36000,LB,80,DR,2025-11-25 00:00:00,2026-08-13 00:00:00,2026-08-13 00:00:00,327947,"FMS Enterprises - Lincolnton, NC",S4
00010,CIN2,MFHS268,MFHS268,MFHS268-OP,2569174,1,8840-2025-21,"","",535,540,36000,LB,80,DR,2025-11-25 00:00:00,2026-08-20 00:00:00,2026-08-20 00:00:00,327947,"FMS Enterprises - Lincolnton, NC",S4
00010,CIN2,MFHS268,MFHS268,MFHS268-OP,2569175,1,8840-2025-22,"","",535,540,36000,LB,80,DR,2025-11-25 00:00:00,2026-09-03 00:00:00,2026-09-03 00:00:00,327947,"FMS Enterprises - Lincolnton, NC",S4
00010,CIN2,MFHS268,MFHS268,MFHS268-OP,2569176,1,8840-2025-23,"","",535,540,36000,LB,80,DR,2025-11-25 00:00:00,2026-09-10 00:00:00,2026-09-10 00:00:00,327947,"FMS Enterprises - Lincolnton, NC",S4
00010,CIN2,MFHS268,MFHS268,MFHS268-OP,2569177,1,8840-2025-24,"","",535,540,36000,LB,80,DR,2025-11-25 00:00:00,2026-09-24 00:00:00,2026-09-24 00:00:00,327947,"FMS Enterprises - Lincolnton, NC",S4
00010,CIN2,MFHS268,MFHS268,MFHS268-OP,2569178,1,8840-2025-25,"","",535,540,36000,LB,80,DR,2025-11-25 00:00:00,2026-10-01 00:00:00,2026-10-01 00:00:00,327947,"FMS Enterprises - Lincolnton, NC",S4
00010,CIN2,MFHS268,MFHS268,MFHS268-OP,2569179,1,8840-2025-26,"","",535,540,36000,LB,80,DR,2025-11-25 00:00:00,2026-10-08 00:00:00,2026-10-08 00:00:00,327947,"FMS Enterprises - Lincolnton, NC",S4
00010,CIN2,MFHS268,MFHS268,MFHS268-OP,2569180,1,8840-2025-27,"","",535,540,36000,LB,80,DR,2025-11-25 00:00:00,2026-10-22 00:00:00,2026-10-22 00:00:00,327947,"FMS Enterprises - Lincolnton, NC",S4
00010,CIN2,MFHS268,MFHS268,MFHS268-OP,2569196,1,8840-2025-28,"","",535,540,36000,LB,80,DR,2025-11-25 00:00:00,2026-11-05 00:00:00,2026-11-05 00:00:00,327947,"FMS Enterprises - Lincolnton, NC",S4
00010,CIN2,MFHS268,MFHS268,MFHS268-OP,2569197,1,8840-2025-29,"","",535,540,36000,LB,80,DR,2025-11-25 00:00:00,2026-12-03 00:00:00,2026-12-03 00:00:00,327947,"FMS Enterprises - Lincolnton, NC",S4
00010,CIN2,MFHS268,MFHS268,MFHS268-OP,2569198,1,8840-2025-30,"","",535,540,36000,LB,80,DR,2025-11-25 00:00:00,2026-12-10 00:00:00,2026-12-10 00:00:00,327947,"FMS Enterprises - Lincolnton, NC",S4
00020,AUBA,MFHS9105,MFHS9105.E,MFHS9105.E-TO,26001271,1,CF527139,4577914,"",550,560,2000,KG,2,TO,2026-07-06 00:00:00,2026-07-15 00:00:00,2026-07-15 00:00:00,307007,Atlantique (X)  La Haye du Puits FR,S4
00020,AUBA,MFHS9105,MFHS9105.E,MFHS9105.E-TO,26001215,1,CF527096,"","",535,540,6000,KG,6,TO,2026-06-29 00:00:00,2026-07-31 00:00:00,2026-07-31 00:00:00,307007,Atlantique (X)  La Haye du Puits FR,S4
00020,AUBA,MFHS9121,MFHS9121.E,MFHS9121.E-TO,26001311,2,260303,"",PN,900,535,5000,KG,5,TO,2026-07-13 00:00:00,2026-07-24 00:00:00,2026-07-24 00:00:00,300483,VIBAC (S Soconomar) Piacenza IT,S4
00020,AUBA,MFP1808,MFP1808.E,MFP1808.E-TO,26001118,1,4500135541D01,4582835,"",900,560,2000,KG,2,TO,2026-06-10 00:00:00,2026-07-16 00:00:00,2026-07-16 00:00:00,287412,"Sihl (X) Dueren, DE",S4
00010,CIN2,MFP1852,MFP1852,MFP1852-FD,2724147,2,4501475946,4582858,"",900,580,10800,LB,24,DR,2026-06-18 00:00:00,2026-07-14 00:00:00,2026-07-14 00:00:00,322943,"Amcor Oshkosh,WI(Universal St)",S4
00010,CIN2,MFP1853R,MFP1853R,MFP1853R-FD,2728566,6,Sample-30707,4583411,"",900,580,450,LB,1,DR,2026-06-24 00:00:00,2026-07-14 00:00:00,2026-07-14 00:00:00,26507,"CBC Coating - Appleton, WI",SA
00020,AUBA,MFP1853R,MFP1853R.E,MFP1853R.E-PD,26001277,1,1002273,"","",900,540,6400,KG,32,DR,2026-07-07 00:00:00,2026-07-23 00:00:00,2026-07-23 00:00:00,321595,Keyser and Mackay (S) Lodz PL,S4
00020,AUBA,MFP1855,MFP1855.E,MFP1855.E-PD,26001301,1,E188/26 - 45012489,4581857,"",900,560,200,KG,1,DR,2026-07-09 00:00:00,2026-07-15 00:00:00,2026-07-15 00:00:00,295580,Hueck Folien GmbH (S) Baumgartenberg AT,S4
00020,AUBA,MFP1855,MFP1855.E,MFP1855.E-TO,26001017,1,4500080608,"","",535,540,1000,KG,1,TO,2026-05-28 00:00:00,2026-09-03 00:00:00,2026-09-03 00:00:00,307764,Taghleef Ind. (X) Alcala ES,S4
00020,AUBA,MFP1883,MFP1883.E,MFP1883.E-PL,26001214,1,E180/26,"","",900,540,306,KG,17,PL,2026-06-29 00:00:00,2026-07-29 00:00:00,2026-07-29 00:00:00,288577,Apaco Grosshandel (X) Wien AT,S4
00020,AUBA,MFP2300,MFP2300.E,MFP2300.E-TO,26001311,3,260303,"",PN,530,535,3000,KG,3,TO,2026-07-13 00:00:00,2026-07-24 00:00:00,2026-07-24 00:00:00,300483,VIBAC (S Soconomar) Piacenza IT,S4
00034,SHAN,MFP2300,MFP2300.S,MFP2300.S-PD,2743107,1,SSA2026089,4577988,"",525,540,20,KG,0,DR,2026-07-14 00:00:00,2026-07-14 00:00:00,2026-07-14 00:00:00,311930,SHANGHAI ZIP,S4
00034,SHAN,MFP2300,MFP2300.S,MFP2300.S-PD,2675479,1,20260415HJ,"","",525,540,8800,KG,44,DR,2026-04-16 00:00:00,2026-07-29 00:00:00,2026-07-29 00:00:00,338302,Guangzhou HengJiu-China,S4
00034,SHAN,MFP2300,MFP2300.S,MFP2300.S-PD,2740010,1,YS2026P00710,"","",525,540,1000,KG,5,DR,2026-07-10 00:00:00,2026-07-29 00:00:00,2026-07-29 00:00:00,337675,Nanjing Yuanshu - China,S4
00030,SNG4,MFP2300,MFP2300.S,MFP2300.S-PL,2727928,3,5100038940,4581461,"",545,560,900,KG,50,PL,2026-06-24 00:00:00,2026-07-17 00:00:00,2026-07-17 00:00:00,291049,Lautan Luas Tbk - Indonesia,S4
00030,SNG4,MFP2300,MFP2300.S,MFP2300.S-T2,2653256,1,SC-2026031703,"",SQ,530,535,10000,KG,10,TO,2026-03-18 00:00:00,2026-08-01 00:00:00,2026-08-01 00:00:00,322100,Loparex (Guangzhou) Paper-China,S4
00030,SNG4,MFP2300,MFP2300.S,MFP2300.S-T2,2702368,1,2026052002,"",C1,525,530,10000,KG,10,TO,2026-05-21 00:00:00,2026-10-01 00:00:00,2026-10-01 00:00:00,322100,Loparex (Guangzhou) Paper-China,S4
00010,CIN2,MFP2312,MFP2312,MFP2312-FD,2687602,1,142309,4579954,"",570,580,16200,LB,36,DR,2026-05-01 00:00:00,2026-07-14 00:00:00,2026-07-14 00:00:00,293726,"American Packaging - Rochester, NY",S4
00010,CIN2,MFP2312,MFP2312,MFP2312-FD,2737638,1,POLPDS0011273,4579954,"",570,580,450,LB,1,DR,2026-07-06 00:00:00,2026-07-14 00:00:00,2026-07-14 00:00:00,329610,"S-One/ E.M.P. - Hauppauge, NY",S4
00010,CIN2,MFP2312,MFP2312,MFP2312-FD,2687603,1,142310,"","",535,540,16200,LB,36,DR,2026-05-01 00:00:00,2026-08-11 00:00:00,2026-08-11 00:00:00,293726,"American Packaging - Rochester, NY",S4
00010,CIN2,MFP2312,MFP2312,MFP2312-PL,2728291,2,SQ-06-24-26,"",SQ,520,525,40,LB,1,PL,2026-06-24 00:00:00,2026-07-24 00:00:00,2026-07-24 00:00:00,361128,LFS Software Group S.A.C. Peru,S4
00010,CIN2,MFR1924A,MFR1924A,MFR1924A-KP,2718980,1,IMP2026-0644M,4571148,"",570,580,900,LB,2,DR,2026-06-11 00:00:00,2026-07-14 00:00:00,2026-07-14 00:00:00,348281,"OPP FILM S.A.  - Lima, Peru",S4
00010,CIN2,MFR1924A,MFR1924A,MFR1924A-KP,2733571,1,POCO0007894,"","",535,540,36000,LB,80,DR,2026-07-01 00:00:00,2026-08-05 00:00:00,2026-08-05 00:00:00,295131,Arclad S.A. - Colombia,S4
00010,CIN2,MFR1924A,MFR1924A,MFR1924A-KP,2729932,2,VAUJ6B7000V61V61,"","",535,540,1800,LB,4,DR,2026-06-26 00:00:00,2026-08-12 00:00:00,2026-08-12 00:00:00,349968,"Inteplast/STA - Rogersville, TN",S4
00010,CIN2,MFR1924A,MFR1924A,MFR1924A-KP,2739672,1,POCO0008063,"","",535,540,36000,LB,80,DR,2026-07-09 00:00:00,2026-08-28 00:00:00,2026-08-28 00:00:00,295131,Arclad S.A. - Colombia,S4
00020,AUBA,MFR1924A,MFR1924A.E,MFR1924A.E-PL,26001312,1,4500081433,"",PN,900,535,72,KG,4,PL,2026-07-14 00:00:00,2026-07-27 00:00:00,2026-07-27 00:00:00,307764,Taghleef Ind. (X) Alcala ES,S4
00020,AUBA,MFR1924A,MFR1924A.E,MFR1924A.E-TO,26001302,1,6071490,"","",525,530,3000,KG,3,TO,2026-07-09 00:00:00,2026-09-24 00:00:00,2026-09-24 00:00:00,293529,HERMA (X) Filderstadt DE,S4
00030,SNG4,MG7140,MG7140.S,MG7140.S-OP,2743129,2,KVPO2602160,"",C1,525,530,16000,KG,80,DR,2026-07-14 00:00:00,2026-08-05 00:00:00,2026-08-05 00:00:00,291765,"Koventure Co., Ltd - Thailand",S4
00030,SNG4,MG7140,MG7140.S,MG7140.S-OP,2743145,2,KVPO2602166,"",C1,525,530,16000,KG,80,DR,2026-07-14 00:00:00,2026-09-03 00:00:00,2026-09-03 00:00:00,291765,"Koventure Co., Ltd - Thailand",S4
00010,CIN2,MGRD200,MGRD200,MGRD200-T3,2717907,1,4504017472,"","",900,540,4956,LB,2,TO,2026-06-10 00:00:00,2026-07-22 00:00:00,2026-07-22 00:00:00,201742,"Behr Process - Santa Ana,CA (Segerstrom)",S4
00034,SHAN,MGRD349,MGRD349.S,MGRD349.S-OP,2737858,4,OP- 26050678,4576135,"",540,560,400,KG,2,DR,2026-07-07 00:00:00,2026-07-14 00:00:00,2026-07-14 00:00:00,318379,Michelman Asia-Pacific Pte. Ltd.,S5
00030,SNG4,MGRD349,MGRD349.S,MGRD349.S-OP,2647985,5,C/CPIC(HK)-CG-26-079,"","",535,540,1600,KG,8,DR,2026-03-11 00:00:00,2026-07-17 00:00:00,2026-07-17 00:00:00,290042,"Chongqing CPIC - Chongqing, China",S4
00030,SNG4,MGRD349,MGRD349.S,MGRD349.S-OP,2647986,5,C/CPIC(HK)-CG-26-087,"",C1,535,540,1800,KG,9,DR,2026-03-11 00:00:00,2026-08-03 00:00:00,2026-08-03 00:00:00,290042,"Chongqing CPIC - Chongqing, China",S4
00035,MUM3,MGRD349,MGRD349.S,MGRD349.S-OP,2716859,1,43315 OP - DT. 08.06.2026,"","",520,525,600,KG,3,DR,2026-06-09 00:00:00,2026-08-11 00:00:00,2026-08-11 00:00:00,342081,CALDIC SPECIALTIES INDIA PRIVATE LIMITED,S4
00030,SNG4,MGRD349,MGRD349.S,MGRD349.S-OP,2738737,6,4976,"",SQ,525,530,2800,KG,14,DR,2026-07-08 00:00:00,2026-08-14 00:00:00,2026-08-14 00:00:00,319874,Mumbai Branch Plant - Bhiwandi (new),SL
00034,SHAN,MGRD349,MGRD349.S,MGRD349.S-OP,2736925,1,12107 OP,"","",525,540,600,KG,3,DR,2026-07-06 00:00:00,2026-08-27 00:00:00,2026-08-27 00:00:00,346187,IMCD china,S4
00035,MUM3,MGRD349,MGRD349.S,MGRD349.S-OP,2742298,1,43581OP - 08.07.2026,"","",520,525,1000,KG,5,DR,2026-07-13 00:00:00,2026-09-11 00:00:00,2026-09-11 00:00:00,342081,CALDIC SPECIALTIES INDIA PRIVATE LIMITED,S4
00035,MUM3,MGRD349,MGRD349.S,MGRD349.S-OP,2742298,2,43581OP - 08.07.2026,"","",520,525,1800,KG,9,DR,2026-07-13 00:00:00,2026-09-11 00:00:00,2026-09-11 00:00:00,342081,CALDIC SPECIALTIES INDIA PRIVATE LIMITED,S4
00020,AUBA,MGRD350,MGRD350.E,MGRD350.E-PD,26001236,1,260281,"","",900,540,200,KG,1,DR,2026-07-01 00:00:00,2026-07-17 00:00:00,2026-07-17 00:00:00,61049,Soconomar (S) Piacenza IT,S4
00020,AUBA,MGRD350,MGRD350.E,MGRD350.E-PL,26001236,2,260281,"","",900,540,36,KG,2,PL,2026-07-01 00:00:00,2026-07-17 00:00:00,2026-07-17 00:00:00,61049,Soconomar (S) Piacenza IT,S4
00010,CIN2,MGRD4223,MGRD4223,MGRD4223-FD,2732199,3,4528390279,"","",535,540,2700,LB,6,DR,2026-06-29 00:00:00,2026-08-05 00:00:00,2026-08-05 00:00:00,311904,"Univar - Henkel, Warren, MI",S4
00010,CIN2,MGRD7140,MGRD7140,MGRD7140-FD,2724197,1,4503202940,4581126,"",900,580,900,LB,2,DR,2026-06-18 00:00:00,2026-07-13 00:00:00,2026-07-13 00:00:00,345331,"Sun Chemical - Doral, FL",S4
00010,CIN2,MGRD7140,MGRD7140,MGRD7140-FD,2724197,1.001,4503202940,4583415,"",912,580,4950,LB,11,DR,2026-06-18 00:00:00,2026-07-13 00:00:00,2026-07-13 00:00:00,345331,"Sun Chemical - Doral, FL",S4
00010,CIN2,MGRD7140,MGRD7140,MGRD7140-T2,2724216,3,4503203958,4582035,"",900,580,4400,LB,2,TO,2026-06-18 00:00:00,2026-07-13 00:00:00,2026-07-13 00:00:00,337361,"Sun Chemical - Maumee, OH",S4
00010,CIN2,MGRD7140,MGRD7140,MGRD7140-T2,2724216,3.001,4503203958,4583415,"",912,580,8800,LB,4,TO,2026-06-18 00:00:00,2026-07-13 00:00:00,2026-07-13 00:00:00,337361,"Sun Chemical - Maumee, OH",S4
00010,CIN2,MI001,MI001,MI001-ML,2743421,1,312803,"",CP,520,525,32,EA,736,GM,2026-07-14 00:00:00,2026-07-22 00:00:00,2026-07-22 00:00:00,287283,"Wausau Coated - Wausau, WI",S4
00010,CIN2,MI1000,MI1000,MI1000-FD,2738769,2,102901,4584004,"",900,580,1800,LB,4,DR,2026-07-08 00:00:00,2026-07-14 00:00:00,2026-07-14 00:00:00,345210,"BCM Inks - Loveland, OH",S4
00010,CIN2,MI102,MI102,MI102-ML,2728395,1,POLPCA0000300,4570939,"",900,580,20,EA,460,GM,2026-06-24 00:00:00,2026-07-14 00:00:00,2026-07-14 00:00:00,323915,"S-One/ UPS SCS,Hamilton,ON,CA",S4
00030,SNG4,MI102,MI102.S,MI102.S-ML,2733357,2,A-2027-013,4583179,"",900,560,5,EA,5,EA,2026-07-01 00:00:00,2026-07-14 00:00:00,2026-07-14 00:00:00,293491,Acacia I.T. Services - Singapore,S4
00035,MUM3,MI102,MI102.S,MI102.S-ML,2732530,1,E-MAIL - DT. 29.06.2026,4547943,C1,520,525,1,EA,1,EA,2026-06-30 00:00:00,2026-07-15 00:00:00,2026-07-15 00:00:00,360723,HARJEET PRESS LIMITED,S4
00030,SNG4,MI102,MI102.S,MI102.S-ML,2742318,2,TBA,"","",535,540,6,EA,6,EA,2026-07-13 00:00:00,2026-07-28 00:00:00,2026-07-28 00:00:00,333213,R-PAC Bangladesh Packaging-Bangladesh,S4
00010,CIN2,MI783LS,MI783LS,MI783LS-FD,2734474,1,1400002522-18,4583866,C1,900,580,475,LB,1,DR,2026-07-02 00:00:00,2026-07-14 00:00:00,2026-07-14 00:00:00,299247,"Sonoco-Trois-rivers,QC,CA",S4
00010,CIN2,MIWAX11B,MIWAX11B,MIWAX11B-FD,2742512,4,4602029771,"",SQ,520,525,480,LB,8,DR,2026-07-13 00:00:00,2026-07-29 00:00:00,2026-07-29 00:00:00,319366,Viscofan USA - Montgomery AL,S4
00010,CIN2,MIWAX127,MIWAX127,MIWAX127,2729124,1,PO069537,4582797,"",900,550,4048,LB,4048,LB,2026-06-25 00:00:00,2026-07-16 00:00:00,2026-07-16 00:00:00,22508,"Gemini Ctgs - El Reno, OK",S4
00010,CIN2,MIWAX437,MIWAX437,MIWAX437-SS,2663065,1,4505357501,"","",535,540,35932,LB,52,BG,2026-03-30 00:00:00,2026-08-28 00:00:00,2026-08-28 00:00:00,337355,"Syensqo  - Blue Island, IL",S4
00010,CIN2,MIWAX437,MIWAX437,MIWAX437-SS,2663082,1,4505357506,"","",525,540,35932,LB,52,BG,2026-03-30 00:00:00,2026-09-16 00:00:00,2026-09-16 00:00:00,337355,"Syensqo  - Blue Island, IL",S4
00010,CIN2,MIWAX437,MIWAX437,MIWAX437-SS,2663081,1,4505357507,"","",525,540,35932,LB,52,BG,2026-03-30 00:00:00,2026-10-21 00:00:00,2026-10-21 00:00:00,337355,"Syensqo  - Blue Island, IL",S4
00010,CIN2,ML124,ML124,ML124-FD,2727477,1,BL90491694,"","",900,540,1275,LB,3,DR,2026-06-23 00:00:00,2026-07-20 00:00:00,2026-07-20 00:00:00,361064,"Barentz- PJ Warehouse - Pritchard, AL",S4
00010,CIN2,ML124,ML124,ML124-OP,2739093,1,7000913256,"","",535,540,425,LB,1,DR,2026-07-08 00:00:00,2026-07-27 00:00:00,2026-07-27 00:00:00,317105,"Chemetall- Jackson, MI",S4
00030,SNG4,ML124,ML124.S,ML124.S-OP,2716066,4,213-44750 OP,4579028,"",545,560,400,KG,2,DR,2026-06-08 00:00:00,2026-07-15 00:00:00,2026-07-15 00:00:00,323493,Caldic MYS (Formly DCM)(CSFP)-Malays,S4
00030,SNG4,ML124,ML124.S,ML124.S-OP,2726426,2,213-44838 OP,"","",535,540,2000,KG,10,DR,2026-06-22 00:00:00,2026-08-03 00:00:00,2026-08-03 00:00:00,323493,Caldic MYS (Formly DCM)(CSFP)-Malays,S4
00030,SNG4,ML124,ML124.S,ML124.S-PD,2633812,1,10043535,"",C1,535,540,2000,KG,10,DR,2026-02-19 00:00:00,2026-07-16 00:00:00,2026-07-16 00:00:00,289448,Ansell Lanka (Pvt) Ltd - Sri Lanka,S4
00030,SNG4,ML124,ML124.S,ML124.S-PD,2633813,1,10043535,"",C1,535,540,2000,KG,10,DR,2026-02-19 00:00:00,2026-07-19 00:00:00,2026-07-19 00:00:00,289448,Ansell Lanka (Pvt) Ltd - Sri Lanka,S4
00030,SNG4,ML124,ML124.S,ML124.S-PD,2667886,1,10046364,"",SQ,525,530,2000,KG,10,DR,2026-04-06 00:00:00,2026-10-20 00:00:00,2026-10-20 00:00:00,289448,Ansell Lanka (Pvt) Ltd - Sri Lanka,S4
00020,AUBA,ML124P,ML124P.E,ML124P.E-PD,26001296,1,260298,"","",535,540,800,KG,4,DR,2026-07-09 00:00:00,2026-08-17 00:00:00,2026-08-17 00:00:00,61049,Soconomar (S) Piacenza IT,S4
00010,CIN2,ML126,ML126,ML126-FD,2733750,1,LP164320,"","",535,540,5400,LB,12,DR,2026-07-01 00:00:00,2026-07-24 00:00:00,2026-07-24 00:00:00,172273,"Sherwin Williams - Columbus, OH",SZ
00030,SNG4,ML126,ML126.S,ML126.S-PD,2743012,3,WCM-2608,"",SQ,525,530,16000,KG,80,DR,2026-07-14 00:00:00,2026-08-25 00:00:00,2026-08-25 00:00:00,323383,Wonjin Chemicals - Korea,S4
00035,MUM3,ML135,ML135.S,ML135.S-PD,2702415,1,42921 OP - 22.04.2026,"","",520,525,15600,KG,78,DR,2026-04-22 00:00:00,2026-07-15 00:00:00,2026-07-15 00:00:00,342081,CALDIC SPECIALTIES INDIA PRIVATE LIMITED,S4
00030,SNG4,ML135,ML135.S,ML135.S-PD,2597327,1,289448,"",C1,535,540,4000,KG,20,DR,2026-01-02 00:00:00,2026-07-19 00:00:00,2026-07-19 00:00:00,289448,Ansell Lanka (Pvt) Ltd - Sri Lanka,S4
00030,SNG4,ML135,ML135.S,ML135.S-PD,2647374,1,10044709,"",SQ,530,535,4000,KG,20,DR,2026-03-10 00:00:00,2026-07-25 00:00:00,2026-07-25 00:00:00,289448,Ansell Lanka (Pvt) Ltd - Sri Lanka,S4
00034,SHAN,ML135,ML135.S,ML135.S-PD,2742995,1,AS2026PO0624,"","",525,540,4000,KG,20,DR,2026-06-24 00:00:00,2026-07-29 00:00:00,2026-07-29 00:00:00,327284,A-Star - China,S4
00010,CIN2,ML156,ML156,ML156-KD,2743516,1,213036,"",SQ,520,525,1764,LB,4,DR,2026-07-14 00:00:00,2026-08-26 00:00:00,2026-08-26 00:00:00,99753,Valspar - Brazil,S4
00010,CIN2,ML156,ML156,ML156-T3,2721800,2,4506171611,4578531,"",550,560,8100,LB,3,TO,2026-06-15 00:00:00,2026-07-14 00:00:00,2026-07-14 00:00:00,289038,"Graphic Pkg - Portland, OR",S4
00010,CIN2,ML156,ML156,ML156-T3,2721800,2.001,4506171611,4582900,"",912,560,8100,LB,3,TO,2026-06-15 00:00:00,2026-07-14 00:00:00,2026-07-14 00:00:00,289038,"Graphic Pkg - Portland, OR",S4
00010,CIN2,ML156PFP,ML156PFP,ML156PFP-FD,2727705,1,BL90486597,"","",535,540,475,LB,1,DR,2026-06-23 00:00:00,2026-07-20 00:00:00,2026-07-20 00:00:00,335653,"Barentz - Zep - Emerson, GA",S4
00030,SNG4,ML156PFP,ML156PFP.S,ML156PFP.S-PD,2719242,1,213-44789 OP,4581448,"",545,560,2200,KG,11,DR,2026-06-12 00:00:00,2026-07-15 00:00:00,2026-07-15 00:00:00,323493,Caldic MYS (Formly DCM)(CSFP)-Malays,S4
00030,SNG4,ML156PFP,ML156PFP.S,ML156PFP.S-PD,2719242,1.001,213-44789 OP,4582758,"",545,560,3400,KG,17,DR,2026-06-12 00:00:00,2026-07-15 00:00:00,2026-07-15 00:00:00,323493,Caldic MYS (Formly DCM)(CSFP)-Malays,S4
00030,SNG4,ML156PFP,ML156PFP.S,ML156PFP.S-PD,2719243,1,213-44790 OP,"","",535,540,5600,KG,28,DR,2026-06-12 00:00:00,2026-08-17 00:00:00,2026-08-17 00:00:00,323493,Caldic MYS (Formly DCM)(CSFP)-Malays,S4
00030,SNG4,ML156PFP,ML156PFP.S,ML156PFP.S-PD,2722822,1,213-44823 OP,"","",535,540,200,KG,1,DR,2026-06-17 00:00:00,2026-08-17 00:00:00,2026-08-17 00:00:00,323493,Caldic MYS (Formly DCM)(CSFP)-Malays,S4
00010,CIN2,ML160,ML160,ML160-FD,2742776,1,32196,"","",525,530,1900,LB,4,DR,2026-07-13 00:00:00,2026-07-21 00:00:00,2026-07-21 00:00:00,222609,"Van Technologies - Duluth, MN",S4
00010,CIN2,ML160,ML160,ML160-FD,2742609,1,4500851462,"","",525,530,1900,LB,4,DR,2026-07-13 00:00:00,2026-07-22 00:00:00,2026-07-22 00:00:00,352420,"Lamberti USA, Inc. - East Providence, RI",S4
00010,CIN2,ML160,ML160,ML160-T3,2739300,1,4501482818,"",SQ,520,525,2700,LB,1,TO,2026-07-08 00:00:00,2026-07-29 00:00:00,2026-07-29 00:00:00,322943,"Amcor Oshkosh,WI(Universal St)",S4
00010,CIN2,ML160P,ML160P,ML160P-KP,2729832,1,4515085539,"","",535,540,25578,LB,58,DR,2026-06-26 00:00:00,2026-09-14 00:00:00,2026-09-14 00:00:00,325533,Monsanto Grain - Villagran Mexico,S4
00010,CIN2,ML160PFP,ML160PFP,ML160PFP-FD,2734494,1,1473380 ON,4576637,"",570,580,475,LB,1,DR,2026-07-02 00:00:00,2026-07-14 00:00:00,2026-07-14 00:00:00,302976,"Altium Packaging-Turners Falls, MA",S4
00010,CIN2,ML160PFP,ML160PFP,ML160PFP-FD,2738244,1,PO-000064498,"","",535,540,5700,LB,12,DR,2026-07-07 00:00:00,2026-07-24 00:00:00,2026-07-24 00:00:00,289584,"Iimak - Amherst, NY",S4
00010,CIN2,ML160PFP,ML160PFP,ML160PFP-FD,2742610,1,PO-000064551,"","",535,540,11400,LB,24,DR,2026-07-13 00:00:00,2026-07-31 00:00:00,2026-07-31 00:00:00,289584,"Iimak - Amherst, NY",S4
00010,CIN2,ML160PFP,ML160PFP,ML160PFP-FD,2742628,1,PO-000064554,"","",535,540,11400,LB,24,DR,2026-07-13 00:00:00,2026-08-04 00:00:00,2026-08-04 00:00:00,289584,"Iimak - Amherst, NY",S4
00010,CIN2,ML160PFP,ML160PFP,ML160PFP-PL,2739656,1,4516714384,"","",900,535,520,LB,13,PL,2026-07-09 00:00:00,2026-07-21 00:00:00,2026-07-21 00:00:00,22490,"Akzo Nobel Coatings - Roanoke, VA",S4
00010,CIN2,ML160PFP,ML160PFP,ML160PFP-T2,2727560,1,4516645601,"","",535,540,8820,LB,4,TO,2026-06-23 00:00:00,2026-07-29 00:00:00,2026-07-29 00:00:00,21141,"Akzo Nobel Coatings - High Point, NC",S4
00020,AUBA,ML160PFP,ML160PFP.E,ML160PFP.E-PD,26001182,2,628075,"","",535,540,800,KG,4,DR,2026-06-22 00:00:00,2026-08-06 00:00:00,2026-08-06 00:00:00,291821,Sobotram (S) Chalon sur Saone FR,S4
00020,AUBA,ML160PFP,ML160PFP.E,ML160PFP.E-PL,26001214,2,E180/26,"","",900,540,792,KG,44,PL,2026-06-29 00:00:00,2026-07-29 00:00:00,2026-07-29 00:00:00,288577,Apaco Grosshandel (X) Wien AT,S4
00020,AUBA,ML160PFP,ML160PFP.E,ML160PFP.E-PL,26001314,1,15904 OD,"","",535,540,18,KG,1,PL,2026-07-14 00:00:00,2026-08-21 00:00:00,2026-08-21 00:00:00,327927,Safic (X) Brno CZ,S4
00020,AUBA,ML160PFP,ML160PFP.E,ML160PFP.E-TO,26001258,1,2510-4500701328-20,"",C1,535,540,4000,KG,4,TO,2026-07-03 00:00:00,2026-08-10 00:00:00,2026-08-10 00:00:00,307646,Jindal  films (X)  Virton BE,S4
00035,MUM3,ML160PFP,ML160PFP.S,ML160PFP.S-PD,2705417,1,131285 - 25.05.2026,"","",520,525,1000,KG,5,DR,2026-05-25 00:00:00,2026-07-16 00:00:00,2026-07-16 00:00:00,325027,SRF LIMITED - PITHAMPUR,S4
00035,MUM3,ML160PFP,ML160PFP.S,ML160PFP.S-PD,2739488,1,TPPL2627/20260710EXP,4578233,C1,520,525,36,KG,0,DR,2026-07-09 00:00:00,2026-07-16 00:00:00,2026-07-16 00:00:00,329662,TRIVIDHI Prescience ( 3PL )- SECTOR 7,S4
00030,SNG4,ML160PFP,ML160PFP.S,ML160PFP.S-PD,2710763,1,4948,"","",535,540,10000,KG,50,DR,2026-06-01 00:00:00,2026-07-18 00:00:00,2026-07-18 00:00:00,319874,Mumbai Branch Plant - Bhiwandi (new),SL
00035,MUM3,ML160PFP,ML160PFP.S,ML160PFP.S-PD,2705418,1,131285 - 25.05.2026,"","",520,525,1000,KG,5,DR,2026-05-25 00:00:00,2026-07-22 00:00:00,2026-07-22 00:00:00,325027,SRF LIMITED - PITHAMPUR,S4
00035,MUM3,ML160PFP,ML160PFP.S,ML160PFP.S-PD,2740228,1,E-MAIL - DT. 10.07.2026,"","",520,525,3000,KG,15,DR,2026-07-10 00:00:00,2026-08-11 00:00:00,2026-08-11 00:00:00,322602,VACMET - Unit V- Ujjain,S4
00010,CIN2,ML160RPH,ML160RPH,ML160RPH-FD,2738959,2,1143523,4574607,"",545,550,2850,LB,6,DR,2026-07-08 00:00:00,2026-07-15 00:00:00,2026-07-15 00:00:00,21115,"PPG Inds. - Oak Creek, WI",S4
00010,CIN2,ML160RPH,ML160RPH,ML160RPH-FD,2738959,2.001,1143523,4582553,"",912,550,475,LB,1,DR,2026-07-08 00:00:00,2026-07-15 00:00:00,2026-07-15 00:00:00,21115,"PPG Inds. - Oak Creek, WI",S4
00010,CIN2,ML160RPH,ML160RPH,ML160RPH-FD,2719339,1,4800029027,4574607,"",545,550,1900,LB,4,DR,2026-06-12 00:00:00,2026-07-17 00:00:00,2026-07-17 00:00:00,309415,"Taghleef Industries - Quebec, CA",S4
00010,CIN2,ML160RPH,ML160RPH,ML160RPH-FD,2717133,1,4700064346,"","",535,540,5700,LB,12,DR,2026-06-09 00:00:00,2026-07-31 00:00:00,2026-07-31 00:00:00,318122,"Taghleef - Rosedale, IN",S4
00010,CIN2,ML160RPH,ML160RPH,ML160RPH-FD,2743582,1,4700064810,"","",525,530,5700,LB,12,DR,2026-07-14 00:00:00,2026-09-30 00:00:00,2026-09-30 00:00:00,318122,"Taghleef - Rosedale, IN",S4
00020,AUBA,ML160RPH,ML160RPH.E,ML160RPH.E-PL,26001319,1,4001440,"","",900,530,18,KG,1,PL,2026-07-14 00:00:00,2026-07-29 00:00:00,2026-07-29 00:00:00,321432,Transportes Davi (S) Barcelona ES,S4
00020,AUBA,ML160RPH,ML160RPH.E,ML160RPH.E-TO,26000840,1,OP- 26050528,"","",900,535,20000,KG,20,TO,2026-04-28 00:00:00,2026-08-03 00:00:00,2026-08-03 00:00:00,351643,Caldic (S MAP) Tokyo JP,S5
00030,SING,ML160RPH,ML160RPH.E,ML160RPH.E-TO,2684478,1,MCL26-13E,"","",525,530,20000,KG,20,TO,2026-04-28 00:00:00,2026-08-10 00:00:00,2026-08-10 00:00:00,342667,Caldic - Japan,S4
00035,MUM3,ML160RPH,ML160RPH.S,ML160RPH.S-PD,2724252,1,1000092590- 18.06.2026,"",C1,520,525,200,KG,1,DR,2026-06-19 00:00:00,2026-07-20 00:00:00,2026-07-20 00:00:00,317975,Ester Ind-Uttarakhand-India,S4
00030,SNG4,ML180,ML180.S,ML180.S-PD,2727928,1,5100038940,4582084,"",545,560,4200,KG,21,DR,2026-06-24 00:00:00,2026-07-17 00:00:00,2026-07-17 00:00:00,291049,Lautan Luas Tbk - Indonesia,S4
00030,SNG4,ML180,ML180.S,ML180.S-PD,2727928,1.001,5100038940,4582232,"",545,560,2200,KG,11,DR,2026-06-24 00:00:00,2026-07-17 00:00:00,2026-07-17 00:00:00,291049,Lautan Luas Tbk - Indonesia,S4
00030,SNG4,ML180,ML180.S,ML180.S-PD,2657123,2,KVPO2601078,"","",535,540,16000,KG,80,DR,2026-03-23 00:00:00,2026-07-20 00:00:00,2026-07-20 00:00:00,291765,"Koventure Co., Ltd - Thailand",S4
00030,SNG4,ML180,ML180.S,ML180.S-PD,2657124,2,KVPO2601079,"",C1,535,540,16000,KG,80,DR,2026-03-23 00:00:00,2026-08-14 00:00:00,2026-08-14 00:00:00,291765,"Koventure Co., Ltd - Thailand",S4
00030,SNG4,ML180,ML180.S,ML180.S-PD,2657125,3,KVPO2601080,"",SQ,525,530,16000,KG,80,DR,2026-03-23 00:00:00,2026-09-14 00:00:00,2026-09-14 00:00:00,291765,"Koventure Co., Ltd - Thailand",S4
00030,SNG4,ML180,ML180.S,ML180.S-PD,2657126,2,KVPO2601081,"",SQ,525,530,16000,KG,80,DR,2026-03-23 00:00:00,2026-10-16 00:00:00,2026-10-16 00:00:00,291765,"Koventure Co., Ltd - Thailand",S4
00010,CIN2,ML182,ML182,ML182-T3,2742795,1,187992,"","",525,530,2700,LB,1,TO,2026-07-13 00:00:00,2026-07-31 00:00:00,2026-07-31 00:00:00,21437,"Arclin Surfaces -Tacoma, WA",S4
00020,AUBA,ML190,ML190.E,ML190.E-PD,26001236,9,260281,"","",900,540,800,KG,4,DR,2026-07-01 00:00:00,2026-07-17 00:00:00,2026-07-17 00:00:00,61049,Soconomar (S) Piacenza IT,S4
00020,AUBA,ML190,ML190.E,ML190.E-TO,26001132,1,097 / 49207574,4581393,"",900,550,4000,KG,4,TO,2026-06-12 00:00:00,2026-07-17 00:00:00,2026-07-17 00:00:00,344550,Canon (S) Venlo NL,S4
00020,AUBA,ML190,ML190.E,ML190.E-TO,26001132,1.001,097 / 49207574,4582672,"",912,550,2000,KG,2,TO,2026-06-12 00:00:00,2026-07-17 00:00:00,2026-07-17 00:00:00,344550,Canon (S) Venlo NL,S4
00020,AUBA,ML190,ML190.E,ML190.E-TO,26001145,1,097 / 49209880,"","",535,540,3000,KG,3,TO,2026-06-16 00:00:00,2026-07-29 00:00:00,2026-07-29 00:00:00,344550,Canon (S) Venlo NL,S4
00020,AUBA,ML190,ML190.E,ML190.E-TO,26001184,1,097 / 49211408,"","",535,540,3000,KG,3,TO,2026-06-24 00:00:00,2026-07-29 00:00:00,2026-07-29 00:00:00,344550,Canon (S) Venlo NL,S4
00020,AUBA,ML190,ML190.E,ML190.E-TO,26001191,1,097 / 49212607,"","",535,540,3000,KG,3,TO,2026-06-24 00:00:00,2026-08-05 00:00:00,2026-08-05 00:00:00,344550,Canon (S) Venlo NL,S4
00020,AUBA,ML190,ML190.E,ML190.E-TO,26001308,1,097 / 49219224,"","",535,540,3000,KG,3,TO,2026-07-10 00:00:00,2026-08-12 00:00:00,2026-08-12 00:00:00,344550,Canon (S) Venlo NL,S4
00034,SHAN,ML190,ML190.S,ML190.S-PD,2680946,1,364078,4579151,"",525,540,400,KG,2,DR,2026-04-23 00:00:00,2026-07-13 00:00:00,2026-07-13 00:00:00,330264,3M China - China,S4
00034,SHAN,ML190,ML190.S,ML190.S-PD,2727370,1,380326,"","",525,540,600,KG,3,DR,2026-06-23 00:00:00,2026-09-04 00:00:00,2026-09-04 00:00:00,330264,3M China - China,S4
00030,SNG4,ML190,ML190.S,ML190.S-PL,2739283,2,OP-178761,"","",535,540,18,KG,1,PL,2026-07-09 00:00:00,2026-07-27 00:00:00,2026-07-27 00:00:00,300385,Michelman New Material - China,S5
00034,SHAN,ML190,ML190.S,ML190.S-PL,2739487,1,6000066652,"","",525,540,18,KG,1,PL,2026-07-09 00:00:00,2026-10-28 00:00:00,2026-10-28 00:00:00,305331,"Kelly Technology Co.,Ltd",S4
00020,AUBA,ML193P,ML193P.E,ML193P.E-PD,26001257,1,2510-4500701328-10,"","",900,540,800,KG,4,DR,2026-07-03 00:00:00,2026-08-03 00:00:00,2026-08-03 00:00:00,307646,Jindal  films (X)  Virton BE,S4
00020,AUBA,ML193P,ML193P.E,ML193P.E-TO,26001311,1,260303,"",PN,530,535,4000,KG,4,TO,2026-07-13 00:00:00,2026-07-24 00:00:00,2026-07-24 00:00:00,300483,VIBAC (S Soconomar) Piacenza IT,S4
00020,AUBA,ML215P,ML215P.E,ML215P.E,26001259,1,2510-4500701328-30,"","",900,540,22000,KG,22000,KG,2026-07-03 00:00:00,2026-07-24 00:00:00,2026-07-24 00:00:00,307646,Jindal  films (X)  Virton BE,S4
00010,CIN2,ML270R,ML270R,ML270R-FD,2740603,1,SK0609,4583235,"",570,580,2700,LB,6,DR,2026-07-10 00:00:00,2026-07-14 00:00:00,2026-07-14 00:00:00,20817,"Chem Clay-Standard Ceramic- Carnegie, PA",S4
00010,CIN2,ML270R,ML270R,ML270R-FD,2739767,2,77983,4583235,"",545,550,3600,LB,8,DR,2026-07-09 00:00:00,2026-07-17 00:00:00,2026-07-17 00:00:00,336623,"American Art Clay Co. - Indianapolis, IN",S4
00010,CIN2,ML270R,ML270R,ML270R-FD,2742793,1,PO-01082,"","",525,530,1800,LB,4,DR,2026-07-13 00:00:00,2026-07-21 00:00:00,2026-07-21 00:00:00,333542,"Penguin Pottery - Wilder, VT",S4
00010,CIN2,ML270R,ML270R,ML270R-FD,2743585,1,11393,"",CX,520,525,1,LB,0,DR,2026-07-14 00:00:00,2026-07-22 00:00:00,2026-07-22 00:00:00,350827,"ClayPeople - Richmond, CA",S4
00020,AUBA,ML270R,ML270R.E,ML270R.E-PD,26001236,7,260281,"","",900,540,800,KG,4,DR,2026-07-01 00:00:00,2026-07-17 00:00:00,2026-07-17 00:00:00,61049,Soconomar (S) Piacenza IT,S4
00020,AUBA,ML270R,ML270R.E,ML270R.E-PD,26001282,7,208973,"","",900,540,400,KG,2,DR,2026-07-08 00:00:00,2026-07-23 00:00:00,2026-07-23 00:00:00,295623,Safic UK (S) CHESHIRE GB,S4
00030,SNG4,ML270R,ML270R.S,ML270R.S-OP,2716049,5,KVPO2601774,"","",535,540,1600,KG,8,DR,2026-06-08 00:00:00,2026-07-20 00:00:00,2026-07-20 00:00:00,291765,"Koventure Co., Ltd - Thailand",S4
00030,SNG4,ML270R,ML270R.S,ML270R.S-PD,2685461,3,260429-01,"","",535,540,4800,KG,24,DR,2026-04-29 00:00:00,2026-07-23 00:00:00,2026-07-23 00:00:00,303082,SWAN COATINGS (M)-Malaysia,S4
00030,SNG4,ML270R,ML270R.S,ML270R.S-PD,2700750,1,260519-03,"","",525,530,6000,KG,30,DR,2026-05-19 00:00:00,2026-09-15 00:00:00,2026-09-15 00:00:00,303082,SWAN COATINGS (M)-Malaysia,S4
00010,CIN2,ML511,ML511,ML511-FD,2734558,1,ZP120771,"","",900,540,1760,LB,4,DR,2026-07-02 00:00:00,2026-07-21 00:00:00,2026-07-21 00:00:00,291663,"Sherwin Williams - Fernley, NV",SZ
00010,CIN2,ML511,ML511,ML511-OP,2700516,1,FP948086,"","",535,540,440,LB,1,DR,2026-05-18 00:00:00,2026-08-03 00:00:00,2026-08-03 00:00:00,292771,"Minwax Company - Flora, IL",SZ
00010,CIN2,ML511,ML511,ML511-OP,2737493,1,FP948593,"","",535,540,440,LB,1,DR,2026-07-06 00:00:00,2026-08-24 00:00:00,2026-08-24 00:00:00,292771,"Minwax Company - Flora, IL",SZ
00010,CIN2,ML511,ML511,ML511-OP,2742692,1,FP948699,"","",525,530,440,LB,1,DR,2026-07-13 00:00:00,2026-09-01 00:00:00,2026-09-01 00:00:00,292771,"Minwax Company - Flora, IL",SZ
00010,CIN2,ML511,ML511,ML511-T3,2742792,1,4501336378,"","",535,540,2500,LB,1,TO,2026-07-13 00:00:00,2026-08-03 00:00:00,2026-08-03 00:00:00,288946,Rustoleum - Lesage WV,S4
00010,CIN2,ML693,ML693,ML693-FD,2684267,1,RP435320,"","",525,540,3600,LB,8,DR,2026-04-27 00:00:00,2026-08-17 00:00:00,2026-08-17 00:00:00,23698,"Sherwin Williams - Richmond, KY",SZ
00010,CIN2,ML693,ML693,ML693-FD,2737494,1,FP948594,"","",535,540,900,LB,2,DR,2026-07-06 00:00:00,2026-09-01 00:00:00,2026-09-01 00:00:00,292771,"Minwax Company - Flora, IL",SZ
00010,CIN2,ML693,ML693,ML693-T2,2711935,1,369309,"","",535,540,2100,LB,1,TO,2026-06-02 00:00:00,2026-07-28 00:00:00,2026-07-28 00:00:00,289940,"Willamette Valley - Two Harbors, MN",S4
00010,CIN2,ML693,ML693,ML693-T2,2742593,1,CA61497,"","",525,530,2100,LB,1,TO,2026-07-13 00:00:00,2026-07-29 00:00:00,2026-07-29 00:00:00,74648,"Sherwin Williams - Cary, IL",S4
00010,CIN2,ML693,ML693,ML693-T2,2734492,1,370678,"","",535,540,4200,LB,2,TO,2026-07-02 00:00:00,2026-09-25 00:00:00,2026-09-25 00:00:00,289940,"Willamette Valley - Two Harbors, MN",S4
00010,CIN2,ML693,ML693,ML693-T3,2722516,1,369923,"","",535,540,2500,LB,1,TO,2026-06-16 00:00:00,2026-07-16 00:00:00,2026-07-16 00:00:00,319870,Willamette Valley - Lithonia GA,S4
00010,CIN2,ML723,ML723,ML723-FD,2737529,1,P000014053,"","",535,540,470,LB,1,DR,2026-07-06 00:00:00,2026-07-21 00:00:00,2026-07-21 00:00:00,247391,"Sintermet - Kittanning, PA",S4
00010,CIN2,ML723,ML723,ML723-T3,2728311,1,1827838,"","",535,540,2700,LB,1,TO,2026-06-24 00:00:00,2026-07-22 00:00:00,2026-07-22 00:00:00,344091,"Tremco - Corsicana, TX",S4
00020,AUBA,ML723HSP,ML723HSP.E,ML723HSP.E-PD,26001295,1,260298,"","",900,540,200,KG,1,DR,2026-07-09 00:00:00,2026-07-17 00:00:00,2026-07-17 00:00:00,61049,Soconomar (S) Piacenza IT,S4
00010,CIN2,ML743,ML743,ML743-PL,2582121,1,0506560-1,4581492,"",900,580,80,LB,2,PL,2025-12-12 00:00:00,2026-07-14 00:00:00,2026-07-14 00:00:00,329391,"GFC - Granite Falls, NC",S4
00010,CIN2,ML743,ML743,ML743-PL,2582121,1.001,0506560-1,4582448,"",912,580,40,LB,1,PL,2025-12-12 00:00:00,2026-07-14 00:00:00,2026-07-14 00:00:00,329391,"GFC - Granite Falls, NC",S4
00010,CIN2,ML743,ML743,ML743-T3,2724545,1,4573275120,"","",535,540,5200,LB,2,TO,2026-06-19 00:00:00,2026-07-22 00:00:00,2026-07-22 00:00:00,22273,"Pittsburgh Paints Co. - Louisville, KY",S4
00010,CIN2,ML743,ML743,ML743-T3,2740461,1,4573281020,"","",535,540,5200,LB,2,TO,2026-07-10 00:00:00,2026-08-03 00:00:00,2026-08-03 00:00:00,323031,Pittsburgh Paints Co. - Huron OH,S4
00020,AUBA,ML743P,ML743P.E,ML743P.E-PL,26001292,1,Email 090726,4579354,"",900,540,36,KG,2,PL,2026-07-09 00:00:00,2026-07-15 00:00:00,2026-07-15 00:00:00,361649,CC3 (X) Gerpinnes BE,S4
00010,CIN2,MP04422R,MP04422R,MP04422R-FD,2719479,1,233434,"","",535,540,5700,LB,12,DR,2026-06-12 00:00:00,2026-08-10 00:00:00,2026-08-10 00:00:00,329175,"Tekni-plex - Madison, WI",S4
00010,CIN2,MP2960,MP2960,MP2960-T2,2702590,1,G3A-1170826,"","",525,540,2200,LB,1,TO,2026-05-21 00:00:00,2026-07-21 00:00:00,2026-07-21 00:00:00,294107,"BGF Industries - Altavista, VA",S4
00010,CIN2,MP2960,MP2960,MP2960-T2,2732865,1,4500185129 - sept,"","",525,540,39600,LB,18,TO,2026-06-30 00:00:00,2026-09-01 00:00:00,2026-09-01 00:00:00,311790,"Avient Protective Mat.- Greenville, NC",S4
00010,CIN2,MP2960,MP2960,MP2960-T2,2718769,1,4500186102,"","",535,540,39600,LB,18,TO,2026-06-11 00:00:00,2026-09-18 00:00:00,2026-09-18 00:00:00,311790,"Avient Protective Mat.- Greenville, NC",S4
00010,CIN2,MP2960,MP2960,MP2960-T2,2718751,1,4500186103,"","",535,540,39600,LB,18,TO,2026-06-11 00:00:00,2026-09-30 00:00:00,2026-09-30 00:00:00,311790,"Avient Protective Mat.- Greenville, NC",S4
00020,AUBA,MP2960,MP2960.E,MP2960.E-TO,26001217,1,4500186264,"","",900,540,12000,KG,12,TO,2026-06-29 00:00:00,2026-07-28 00:00:00,2026-07-28 00:00:00,324213,"Avient (S) Born, NL",S4
00010,CIN2,MP34040,MP34040,MP34040-FD,2711871,1,16002WB,"","",535,540,1700,LB,4,DR,2026-06-02 00:00:00,2026-08-05 00:00:00,2026-08-05 00:00:00,89397,"Axel  Plastics - Monroe, CT",S4
00010,CIN2,MP4932,MP4932.E,MP4932.E-PD,2696754,3,CMP26617,4582885,"",900,580,200,KG,1,DR,2026-05-13 00:00:00,2026-07-14 00:00:00,2026-07-14 00:00:00,344513,"Celplast Metallized Prod.-Toronto,ON, CA",S4
00010,CINC,MP498340D,MP498340D,MP498340D,2732236,1,4551220321,"","",535,540,40000,LB,40000,LB,2026-06-29 00:00:00,2026-08-07 00:00:00,2026-08-07 00:00:00,21944,"Saint Gobain - Albion, NY (East Avenue)",S4
00010,CIN2,MP498340R,MP498340R,MP498340R-FD,2687044,8,177086,4580645,"",900,560,7200,LB,16,DR,2026-05-01 00:00:00,2026-07-15 00:00:00,2026-07-15 00:00:00,288399,Michelman New Material Shanghai Co Ltd,S5
00034,SHAN,MP498340R,MP498340R,MP498340R-FD,2674605,1,CGDD009033,"","",525,540,5400,LB,12,DR,2026-04-15 00:00:00,2026-07-17 00:00:00,2026-07-17 00:00:00,324731,J&T Chemical -China,S4
00034,SHAN,MP498340R,MP498340R,MP498340R-FD,2686145,1,CGDD009171,"","",525,540,3600,LB,8,DR,2026-04-30 00:00:00,2026-08-03 00:00:00,2026-08-03 00:00:00,324731,J&T Chemical -China,S4
00034,SHAN,MP498340R,MP498340R,MP498340R-FD,2737825,1,CGDD009911,"",FM,520,525,7199,LB,16,DR,2026-07-07 00:00:00,2026-10-20 00:00:00,2026-10-20 00:00:00,324731,J&T Chemical -China,S4
00010,CIN2,MP498340R,MP498340R,MP498340R-T3,2696713,1,4579156536,"","",535,540,39000,LB,15,TO,2026-05-13 00:00:00,2026-08-17 00:00:00,2026-08-17 00:00:00,23093,"Henkel - Delaware, OH",S4
00010,CIN2,MP498340R,MP498340R,MP498340R-T3,2701894,1,4579172642,"","",535,540,39000,LB,15,TO,2026-05-20 00:00:00,2026-09-21 00:00:00,2026-09-21 00:00:00,23093,"Henkel - Delaware, OH",S4
00010,CIN2,MP498340R,MP498340R,MP498340R-T3,2701893,1,4579172647,"","",535,540,39000,LB,15,TO,2026-05-20 00:00:00,2026-10-05 00:00:00,2026-10-05 00:00:00,23093,"Henkel - Delaware, OH",S4
00010,CIN2,MP498340R,MP498340R,MP498340R-T3,2701895,1,4579172656,"","",535,540,39000,LB,15,TO,2026-05-20 00:00:00,2026-10-26 00:00:00,2026-10-26 00:00:00,23093,"Henkel - Delaware, OH",S4
00010,CIN2,MP498340R,MP498340R,MP498340R-T3,2701892,1,4579172659,"","",535,540,39000,LB,15,TO,2026-05-20 00:00:00,2026-11-20 00:00:00,2026-11-20 00:00:00,23093,"Henkel - Delaware, OH",S4
00010,CIN2,MP498340R,MP498340R,MP498340R-T3,2701840,1,4579172661,"","",535,540,39000,LB,15,TO,2026-05-20 00:00:00,2026-12-07 00:00:00,2026-12-07 00:00:00,23093,"Henkel - Delaware, OH",S4
00020,AUBA,MP498340R,MP498340R.E,MP498340R.E-TO,26001256,1,4579277593,"","",900,540,7600,KG,8,TO,2026-07-03 00:00:00,2026-07-24 00:00:00,2026-07-24 00:00:00,337821,Henkel (S - X Henkel NL) Scheemda NL,S4
00010,CIN2,MP498345N,MP498345N,MP498345N-OP,2738850,1,POLPDS0011279,"","",535,540,1350,LB,3,DR,2026-07-08 00:00:00,2026-08-06 00:00:00,2026-08-06 00:00:00,329301,"S-One/ Brady Corp. - Glendale, WI",S4
00020,AUBA,MP498345P,MP498345P.E,MP498345P.E-TO,26001309,1,E189/26,"","",900,540,10000,KG,10,TO,2026-07-13 00:00:00,2026-07-28 00:00:00,2026-07-28 00:00:00,288577,Apaco Grosshandel (X) Wien AT,S4
00010,CIN2,MP4983R,MP4983R,MP4983R,2714190,3,4501471299,"","",535,540,39440,LB,39440,LB,2026-06-05 00:00:00,2026-08-05 00:00:00,2026-08-05 00:00:00,309311,"Amcor - Oshkosh, WI (N Main)",S4
00010,CIN2,MP4983R,MP4983R,MP4983R-FD,2728566,5,Sample-30707,4581330,"",900,580,475,LB,1,DR,2026-06-24 00:00:00,2026-07-14 00:00:00,2026-07-14 00:00:00,26507,"CBC Coating - Appleton, WI",SA
00010,CIN2,MP4983R,MP4983R,MP4983R-FD,2718718,1,OP4032817,"","",535,540,1425,LB,3,DR,2026-06-11 00:00:00,2026-07-21 00:00:00,2026-07-21 00:00:00,21952,"Chase Corp - Lenoir, NC",S4
00010,CIN2,MP4983R,MP4983R,MP4983R-FD,2743583,1,700-2594-0,"",SQ,520,525,950,LB,2,DR,2026-07-14 00:00:00,2026-07-22 00:00:00,2026-07-22 00:00:00,292152,"Torch Surface Tech - Whitmore Lake, MI",S4
00010,CIN2,MP4983R,MP4983R,MP4983R-FD,2718785,1,OP4032818,"","",535,540,1425,LB,3,DR,2026-06-11 00:00:00,2026-08-24 00:00:00,2026-08-24 00:00:00,21952,"Chase Corp - Lenoir, NC",S4
00010,CIN2,MP4983R,MP4983R,MP4983R-FD,2733589,1,716272,"","",535,540,950,LB,2,DR,2026-07-01 00:00:00,2026-10-22 00:00:00,2026-10-22 00:00:00,21842,"Ashaway Line & Twine - Ashaway, RI",S4
00010,CIN2,MP4983R,MP4983R,MP4983R-PL,2734541,3,A294914,"","",900,540,400,LB,10,PL,2026-07-02 00:00:00,2026-07-21 00:00:00,2026-07-21 00:00:00,297964,"Belmark - De Pere, WI",S4
00010,CIN2,MP4983R,MP4983R,MP4983R-T2,2708791,1,6614151OP,4581331,"",900,550,15400,LB,7,TO,2026-05-29 00:00:00,2026-07-15 00:00:00,2026-07-15 00:00:00,304227,"Ahlstrom-Munksjo-Rhinelander,WI(Phillip)",S4
00010,CIN2,MP4983R,MP4983R,MP4983R-T2,2708791,1.002,6614151OP,4582037,"",912,550,4400,LB,2,TO,2026-05-29 00:00:00,2026-07-15 00:00:00,2026-07-15 00:00:00,304227,"Ahlstrom-Munksjo-Rhinelander,WI(Phillip)",S4
00010,CIN2,MP4983R,MP4983R,MP4983R-T2,2724579,1,6616306OP,"","",535,540,22000,LB,10,TO,2026-06-19 00:00:00,2026-07-27 00:00:00,2026-07-27 00:00:00,304227,"Ahlstrom-Munksjo-Rhinelander,WI(Phillip)",S4
00010,CIN2,MP4983R,MP4983R,MP4983R-T3,2739266,1,4500094376,"","",535,540,18900,LB,7,TO,2026-07-08 00:00:00,2026-07-29 00:00:00,2026-07-29 00:00:00,290936,"Loparex - Hammond, WI",S4
00010,CIN2,MP4983R,MP4983R,MP4983R-T3,2739282,1,4500094378,"","",535,540,8100,LB,3,TO,2026-07-08 00:00:00,2026-08-27 00:00:00,2026-08-27 00:00:00,290936,"Loparex - Hammond, WI",S4
00010,CIN2,MP4983R,MP4983R,MP4983R-T3,2732801,1,4501475083,"","",535,540,40500,LB,15,TO,2026-06-30 00:00:00,2026-09-01 00:00:00,2026-09-01 00:00:00,309311,"Amcor - Oshkosh, WI (N Main)",S4
00020,AUBA,MP4983R,MP4983R.E,MP4983R.E,26001046,1,231622,"","",900,540,22000,KG,22000,KG,2026-06-01 00:00:00,2026-07-15 00:00:00,2026-07-15 00:00:00,296616,Sterimed (X) Amelie FR,S4
00020,AUBA,MP4983R,MP4983R.E,MP4983R.E,26000694,1,231386,"","",900,540,22000,KG,22000,KG,2026-04-07 00:00:00,2026-07-22 00:00:00,2026-07-22 00:00:00,296616,Sterimed (X) Amelie FR,S4
00020,AUBA,MP4983R,MP4983R.E,MP4983R.E-TO,26000407,1,4501035453,"","",535,540,20000,KG,20,TO,2026-03-02 00:00:00,2026-09-09 00:00:00,2026-09-09 00:00:00,361159,DSV (S Nelipak) Belfast GB,S4
00020,AUBA,MP4983R,MP4983R.E,MP4983R.E-TO,26001297,1,4501039552,"","",530,535,20000,KG,20,TO,2026-07-09 00:00:00,2026-11-02 00:00:00,2026-11-02 00:00:00,361159,DSV (S Nelipak) Belfast GB,S4
00034,SHAN,MP4983R,MP4983R.S,MP4983R.S-PD,2711600,1,CGDD009533,"","",900,540,400,KG,2,DR,2026-06-02 00:00:00,2026-07-17 00:00:00,2026-07-17 00:00:00,324731,J&T Chemical -China,S4
00034,SHAN,MP4983R,MP4983R.S,MP4983R.S-PD,2705397,1,20260525XQM,"","",525,540,3000,KG,15,DR,2026-05-25 00:00:00,2026-07-29 00:00:00,2026-07-29 00:00:00,359497,Shanghai XQM - China,S4
00020,AUBA,MP4983RAM,MP4983RAM.E,MP4983RAM.E-TO,26000868,1,A007906,"","",535,540,8000,KG,8,TO,2026-05-04 00:00:00,2026-08-21 00:00:00,2026-08-21 00:00:00,155951,Amcor (X) Gent BE,S4
00020,AUBA,MP4983RAM,MP4983RAM.E,MP4983RAM.E-TO,26000869,1,A007907,"","",535,540,8000,KG,8,TO,2026-05-04 00:00:00,2026-09-18 00:00:00,2026-09-18 00:00:00,155951,Amcor (X) Gent BE,S4
00020,AUBA,MP6121,MP6121.E,MP6121.E-TO,26001236,8,260281,"","",535,540,1000,KG,1,TO,2026-07-01 00:00:00,2026-07-17 00:00:00,2026-07-17 00:00:00,61049,Soconomar (S) Piacenza IT,S4
00010,CIN2,MS20LV,MS20LV,MS20LV-FD,2684266,1,RP435318,"","",535,540,20400,LB,48,DR,2026-04-27 00:00:00,2026-08-04 00:00:00,2026-08-04 00:00:00,23698,"Sherwin Williams - Richmond, KY",SZ
00010,CIN2,MS20LV,MS20LV,MS20LV-FD,2695877,1,RP435529,"","",535,540,20400,LB,48,DR,2026-05-12 00:00:00,2026-08-25 00:00:00,2026-08-25 00:00:00,23698,"Sherwin Williams - Richmond, KY",SZ
00010,CIN2,MT242AF,MT242AF,MT242AF-PL,2732864,2,539415sl,4583108,"",900,580,80,LB,2,PL,2026-06-30 00:00:00,2026-07-14 00:00:00,2026-07-14 00:00:00,347996,"SMC Springfield-Spgfld, MO-(Progress)",S4
00010,CIN2,MT242AF,MT242AF,MT242AF-PL,2732864,2.001,539415sl,4583868,"",912,580,40,LB,1,PL,2026-06-30 00:00:00,2026-07-14 00:00:00,2026-07-14 00:00:00,347996,"SMC Springfield-Spgfld, MO-(Progress)",S4
00010,CIN2,MT242AF,MT242AF,MT242AF-PL,2737445,1,500313ps,4583868,"",900,580,160,LB,4,PL,2026-07-06 00:00:00,2026-07-14 00:00:00,2026-07-14 00:00:00,342916,"SMC Conway - Conway, AR",S4
00010,CIN2,MT445AF,MT445AF,MT445AF-PL,2726815,1,918443,"",SQ,520,525,160,LB,4,PL,2026-06-22 00:00:00,2026-07-20 00:00:00,2026-07-20 00:00:00,321135,"Smurfit Kappa Corrugados - Nogales, MX",S4
00020,AUBA,MWC44,MWC44.E,MWC44.E-PD,26001276,1,628075-2,"","",900,530,1600,KG,8,DR,2026-07-07 00:00:00,2026-08-06 00:00:00,2026-08-06 00:00:00,291821,Sobotram (S) Chalon sur Saone FR,S4
00010,CIN2,MWC50,MWC50,MWC50-T3,2718702,1,4504018781,4581938,"",550,560,2500,LB,1,TO,2026-06-11 00:00:00,2026-07-15 00:00:00,2026-07-15 00:00:00,104423,"Behr Process LLC- Allentown, PA",S4
00010,CIN2,MWC70LV,MWC70LV,MWC70LV-FD,2729251,1,1828391,"","",535,540,1700,LB,4,DR,2026-06-25 00:00:00,2026-07-28 00:00:00,2026-07-28 00:00:00,344091,"Tremco - Corsicana, TX",S4
00020,AUBA,MWC70LV,MWC70LV.E,MWC70LV.E-TO,26001248,1,260281-1,"","",900,530,950,KG,1,TO,2026-07-02 00:00:00,2026-07-23 00:00:00,2026-07-23 00:00:00,61049,Soconomar (S) Piacenza IT,S4
00020,AUBA,MWC75,MWC75.E,MWC75.E-TO,26000979,1,4500537351,4581575,"",900,570,2850,KG,3,TO,2026-05-22 00:00:00,2026-07-14 00:00:00,2026-07-14 00:00:00,305077,UPM (S) Joensuu FI,S4
00020,AUBA,MWC75,MWC75.E,MWC75.E-TO,26001267,1,4500537351_2,"","",900,530,950,KG,1,TO,2026-07-06 00:00:00,2026-08-17 00:00:00,2026-08-17 00:00:00,305077,UPM (S) Joensuu FI,S4
00020,AUBA,MWC75,MWC75.E,MWC75.E-TO,26001167,1,4500538958,"","",525,530,4750,KG,5,TO,2026-06-18 00:00:00,2026-09-09 00:00:00,2026-09-09 00:00:00,305077,UPM (S) Joensuu FI,S4
00030,SNG4,NEOR540,NEOR540.S,NEOR540.S,2742220,1,OP-26000894,"","",535,540,36,KG,36,KG,2026-07-13 00:00:00,2026-07-24 00:00:00,2026-07-24 00:00:00,289493,Michelman Int'l Belgium SRL,S5
00010,CIN2,NEWITEMPKG,NEWITEMPKG,NEWITEMPKG,2734359,1,Sample-30787,"",OC,900,525,470,LB,470,LB,2026-07-02 00:00:00,2026-07-21 00:00:00,2026-07-21 00:00:00,293866,"Mimir Flexo - Troy, MO",SA
00010,CIN2,NM70AFN,NM70AFN,NM70AFN-PL,2738832,2,4500042067,4579057,"",900,580,80,LB,2,PL,2026-07-08 00:00:00,2026-07-14 00:00:00,2026-07-14 00:00:00,23224,"DS Smith Packaging - Greeneville, TN",S4
00010,CIN2,NM70N2G,NM70N2G,NM70N2G-OP,2739092,1,1100013323-1286,"","",900,540,1800,LB,4,DR,2026-07-08 00:00:00,2026-07-23 00:00:00,2026-07-23 00:00:00,22684,"Sonoco - Tiffin, OH",S4
00010,CIN2,NM70NB,NM70NB,NM70NB-T3,2739734,2,1100013323-1287,"","",900,540,2700,LB,1,TO,2026-07-09 00:00:00,2026-07-21 00:00:00,2026-07-21 00:00:00,22684,"Sonoco - Tiffin, OH",S4
00010,CIN2,NM70TN,NM70TN,NM70TN-FD,2742827,1,5100462156,4582637,"",545,550,950,LB,2,DR,2026-07-13 00:00:00,2026-07-15 00:00:00,2026-07-15 00:00:00,21074,"Menasha - (Bergstrom) Neenah, WI",S4
00010,CIN2,NM70TNFR,NM70TNFR,NM70TNFR-OP,2728481,1,4013727,"",SQ,900,525,7520,LB,16,DR,2026-06-24 00:00:00,2026-07-20 00:00:00,2026-07-20 00:00:00,27128,Smurfit Carton y Papel de Mexico- GTO,S4
00010,CIN2,NM73,NM73,NM73-OP,2738769,3,102901,4581412,"",900,580,450,LB,1,DR,2026-07-08 00:00:00,2026-07-14 00:00:00,2026-07-14 00:00:00,345210,"BCM Inks - Loveland, OH",S4
00034,SHAN,NM73,NM73,NM73-PL,2662603,1,CGDD008776,"","",525,540,7680,LB,192,PL,2026-03-30 00:00:00,2026-07-29 00:00:00,2026-07-29 00:00:00,341132,Guangzhou Tuke -China,S4
00034,SHAN,NM73,NM73,NM73-PL,2662619,2,CGDD008639,"","",525,540,3000,LB,75,PL,2026-03-30 00:00:00,2026-08-27 00:00:00,2026-08-27 00:00:00,341132,Guangzhou Tuke -China,S4
00034,SHAN,NM73,NM73,NM73-PL,2690705,1,CGDD009022,"","",525,540,10560,LB,264,PL,2026-05-06 00:00:00,2026-08-31 00:00:00,2026-08-31 00:00:00,341132,Guangzhou Tuke -China,S4
00010,CIN2,NM73,NM73,NM73-T3,2740477,3,8004637,"","",535,540,5400,LB,2,TO,2026-07-10 00:00:00,2026-07-16 00:00:00,2026-07-16 00:00:00,21089,"CorrChoice/PCA, MassillonOH",S4
00020,AUBA,NM73,NM73.E,NM73.E-TO,26001039,1,4200028178,"","",900,540,4000,KG,4,TO,2026-06-01 00:00:00,2026-07-16 00:00:00,2026-07-16 00:00:00,342908,Stora Enso (S) Lodz PL,S4
00010,CIN2,NSHLD30,NSHLD30,NSHLD30-FD,2727672,1,102579,4583870,"",900,550,490,LB,1,DR,2026-06-23 00:00:00,2026-07-16 00:00:00,2026-07-16 00:00:00,319020,Alliance Designer - Laval Quebec,S4
00020,AUBA,NSHLD50,NSHLD50.E,NSHLD50.E-PD,26001236,4,260281,"","",900,540,200,KG,1,DR,2026-07-01 00:00:00,2026-07-17 00:00:00,2026-07-17 00:00:00,61049,Soconomar (S) Piacenza IT,S4
00020,AUBA,NSHLD50,NSHLD50.E,NSHLD50.E-PD,26001266,1,IOR260498,4583606,"",900,550,400,KG,2,DR,2026-07-03 00:00:00,2026-07-17 00:00:00,2026-07-17 00:00:00,339608,Anker Stuy (X) Terwispel NL,S4
00020,AUBA,NSHLD50,NSHLD50.E,NSHLD50.E-TO,26001236,5,260281,"","",900,540,1000,KG,1,TO,2026-07-01 00:00:00,2026-07-17 00:00:00,2026-07-17 00:00:00,61049,Soconomar (S) Piacenza IT,S4
00020,AUBA,NYS2002,NYS2002.E,NYS2002.E,26001290,3,3011007,4583980,"",900,560,72,KG,72,KG,2026-07-08 00:00:00,2026-07-15 00:00:00,2026-07-15 00:00:00,336187,Phyteurop (S Aegilops) Montreuil FR,S4
00020,AUBA,NYS2010,NYS2010.E,NYS2010.E-TO,26001119,1,7627,"","",900,540,8000,KG,8,TO,2026-06-10 00:00:00,2026-08-06 00:00:00,2026-08-06 00:00:00,337870,Aegilops (S) Incarville FR,S4
00010,CIN2,NYS2101,NYS2101,NYS2101-T2,2642448,1,4502314767,"",CP,535,540,39600,LB,18,TO,2026-03-02 00:00:00,2026-08-03 00:00:00,2026-08-03 00:00:00,337473,"Incotec - Applied Material - Rockton, IL",S4
00010,CIN2,NYS2101,NYS2101,NYS2101-T2,2642449,1,4502314768,"",CP,535,540,39600,LB,18,TO,2026-03-02 00:00:00,2026-08-04 00:00:00,2026-08-04 00:00:00,337473,"Incotec - Applied Material - Rockton, IL",S4
00010,CIN2,NYS2101,NYS2101,NYS2101-T2,2642450,1,4502314769,"","",535,540,39600,LB,18,TO,2026-03-02 00:00:00,2026-08-10 00:00:00,2026-08-10 00:00:00,337473,"Incotec - Applied Material - Rockton, IL",S4
00010,CIN2,NYS2101,NYS2101,NYS2101-T2,2642451,1,4502314770,"","",535,540,39600,LB,18,TO,2026-03-02 00:00:00,2026-08-11 00:00:00,2026-08-11 00:00:00,337473,"Incotec - Applied Material - Rockton, IL",S4
00010,CIN2,NYS2101,NYS2101,NYS2101-T2,2737253,1,4503642882,"","",535,540,2200,LB,1,TO,2026-07-06 00:00:00,2026-08-12 00:00:00,2026-08-12 00:00:00,329923,"Milliken - Inman, SC",S4
00020,AUBA,NYS2103,NYS2103.E,NYS2103.E-TO,26001186,1,7695,4583183,"",900,560,5000,KG,5,TO,2026-06-24 00:00:00,2026-07-16 00:00:00,2026-07-16 00:00:00,309052,Aegilops (X) Val de Reuil FR,S4
00020,AUBA,NYS2103,NYS2103.E,NYS2103.E-TO,26001187,1,7696,"","",535,540,5000,KG,5,TO,2026-06-24 00:00:00,2026-09-29 00:00:00,2026-09-29 00:00:00,337870,Aegilops (S) Incarville FR,S4
00034,SHAN,NYS2104,NYS2104.S,NYS2104.S-OP,2726425,1,MSC20260619AMT,"","",525,540,20000,KG,100,DR,2026-06-22 00:00:00,2026-08-14 00:00:00,2026-08-14 00:00:00,333618,Shanghai Aimite- China,S4
00020,AUBA,NYS2108,NYS2108.E,NYS2108.E-TO,26001234,1,4505401032,"","",900,540,950,KG,1,TO,2026-07-01 00:00:00,2026-08-07 00:00:00,2026-08-07 00:00:00,341227,Specialty operations (S) Mereville FR,S4
00020,AUBA,NYS2202,NYS2202.E,NYS2202.E-TO,26001142,1,7654,"","",525,530,16000,KG,16,TO,2026-06-15 00:00:00,2026-09-01 00:00:00,2026-09-01 00:00:00,337870,Aegilops (S) Incarville FR,S4
00020,AUBA,NYS2202,NYS2202.E,NYS2202.E-TO,26001188,1,7697,"","",525,530,5000,KG,5,TO,2026-06-24 00:00:00,2026-09-04 00:00:00,2026-09-04 00:00:00,337870,Aegilops (S) Incarville FR,S4
00020,AUBA,NYS2202,NYS2202.E,NYS2202.E-TO,26001189,1,7698,"","",525,530,5000,KG,5,TO,2026-06-24 00:00:00,2026-10-02 00:00:00,2026-10-02 00:00:00,337870,Aegilops (S) Incarville FR,S4
00020,AUBA,NYS2203,NYS2203.E,NYS2203.E-PD,26001104,1,4505390350,4583595,"",900,550,8000,KG,40,DR,2026-06-10 00:00:00,2026-07-27 00:00:00,2026-07-27 00:00:00,341227,Specialty operations (S) Mereville FR,S4
00020,AUBA,NYS2203,NYS2203.E,NYS2203.E-PD,26001103,1,4505390351,"","",535,540,2400,KG,12,DR,2026-06-10 00:00:00,2026-09-25 00:00:00,2026-09-25 00:00:00,341227,Specialty operations (S) Mereville FR,S4
00010,CIN2,PA845H,PA845H,PA845H-OP,2737252,3,26050737,"","",535,540,5400,LB,12,DR,2026-07-06 00:00:00,2026-07-17 00:00:00,2026-07-17 00:00:00,337356,Michelman Asia-Pacific - HoJoo Communica,S5
00030,SING,PA845H,PA845H,PA845H-OP,2733977,2,HJ-PO-OV260701,"",SQ,520,525,5291,LB,12,DR,2026-07-02 00:00:00,2026-08-02 00:00:00,2026-08-02 00:00:00,333264,HoJoo Communication-Korea,S4
00010,CIN2,PA845H,PA845H,PA845H-OP,2665349,1,PO022782- Line 2,"","",535,540,10800,LB,24,DR,2026-04-02 00:00:00,2026-08-10 00:00:00,2026-08-10 00:00:00,292816,"Mitsubishi Chemical - Sacramento, CA",S4
00034,SHAN,PA845H,PA845H,PA845H-OP,2649673,1,20250313 FCFY,"","",900,540,7649,LB,17,DR,2026-03-13 00:00:00,2026-08-27 00:00:00,2026-08-27 00:00:00,331921,Nantong Fuyuan-China,S4
00034,SHAN,PA845H,PA845H,PA845H-OP,2743178,1,20260714 FCAMOS,"","",520,525,2250,LB,5,DR,2026-07-14 00:00:00,2026-08-27 00:00:00,2026-08-27 00:00:00,346926,Amos Composites-China,S4
00010,CIN2,PA845H,PA845H,PA845H-OP,2708883,1,PO022782- Line 3,"","",535,540,10800,LB,24,DR,2026-05-29 00:00:00,2026-09-04 00:00:00,2026-09-04 00:00:00,292816,"Mitsubishi Chemical - Sacramento, CA",S4
00010,CIN2,PA845H,PA845H,PA845H-OP,2691877,3,PO023057,"","",535,540,9000,LB,20,DR,2026-05-07 00:00:00,2026-10-12 00:00:00,2026-10-12 00:00:00,292816,"Mitsubishi Chemical - Sacramento, CA",S4
00020,AUBA,PA845H,PA845H,PA845H-PL,26001299,1,Email 090726,"",CX,900,530,40,LB,1,PL,2026-07-09 00:00:00,2026-08-25 00:00:00,2026-08-25 00:00:00,361657,UBE (X) Castellon ES,S4
00020,AUBA,PA845H,PA845H,PA845H-T2,26001024,1,PO/26/00056,"","",900,530,6600,LB,3,TO,2026-05-28 00:00:00,2026-08-21 00:00:00,2026-08-21 00:00:00,307541,Procotex (X) Plouay FR,S4
00010,CIN2,PE931M,PE931M,PE931M-PL,2742544,1,178818,"","",535,540,240,LB,6,PL,2026-07-13 00:00:00,2026-07-24 00:00:00,2026-07-24 00:00:00,288399,Michelman New Material Shanghai Co Ltd,S5
00020,AUBA,PH00001A,PH00001A.E,PH00001A.E-PD,26001205,2,OP- 178512,"","",900,535,400,KG,2,DR,2026-06-26 00:00:00,2026-07-22 00:00:00,2026-07-22 00:00:00,312396,Michelman (X) Shanghai PC,S5
00020,AUBA,PH00001A,PH00001A.E,PH00001A.E-PD,26001303,1,7000915737,"",C1,900,535,800,KG,4,DR,2026-07-10 00:00:00,2026-07-23 00:00:00,2026-07-23 00:00:00,310688,Chemetall (S) Langelsheim DE,S4
00020,AUBA,PH00001A,PH00001A.E,PH00001A.E-PD,26001306,1,7000917298,"","",530,535,800,KG,4,DR,2026-07-10 00:00:00,2026-10-21 00:00:00,2026-10-21 00:00:00,310688,Chemetall (S) Langelsheim DE,S4
00034,SHAN,PH00001A,PH00001A.E,PH00001A.E-PD,2736942,1,6500008631,"",FM,520,525,400,KG,2,DR,2026-07-06 00:00:00,2026-10-30 00:00:00,2026-10-30 00:00:00,340534,Coventya - China,S4
00020,AUBA,PH00001A,PH00001A.E,PH00001A.E-TO,26001205,1,OP- 178512,"","",900,535,5000,KG,5,TO,2026-06-26 00:00:00,2026-07-22 00:00:00,2026-07-22 00:00:00,312396,Michelman (X) Shanghai PC,S5
00020,AUBA,PH00001A,PH00001A.E,PH00001A.E-TO,26001317,1,260307,"",FM,900,525,1000,KG,1,TO,2026-07-14 00:00:00,2026-07-29 00:00:00,2026-07-29 00:00:00,61049,Soconomar (S) Piacenza IT,S4
00034,SHAN,PH00001A,PH00001A.E,PH00001A.E-TO,2552821,1,M251420,"","",900,540,3000,KG,3,TO,2025-11-04 00:00:00,2026-07-29 00:00:00,2026-07-29 00:00:00,350438,Whitford (Jiangmen) Ltd-PPG-CN,S4
00034,SHAN,PH00001A,PH00001A.E,PH00001A.E-TO,2732420,1,M261380,"",FM,520,525,2000,KG,2,TO,2026-06-30 00:00:00,2026-08-27 00:00:00,2026-08-27 00:00:00,350438,Whitford (Jiangmen) Ltd-PPG-CN,S4
00034,SHAN,PH00001A,PH00001A.E,PH00001A.E-TO,2732437,1,M261384,"",FM,520,525,3000,KG,3,TO,2026-06-30 00:00:00,2026-08-27 00:00:00,2026-08-27 00:00:00,350438,Whitford (Jiangmen) Ltd-PPG-CN,S4
00010,CIN2,PH00017E,PH00017E,PH00017E-OP,2711246,1,62232,4579614,"",900,580,850,LB,2,DR,2026-06-01 00:00:00,2026-07-14 00:00:00,2026-07-14 00:00:00,218851,"Columbia Chemical - Brunswick, OH",S4
00010,CIN2,PH00017E,PH00017E,PH00017E-PL,2738995,1,Sample-30818,4579614,"",900,580,80,LB,2,PL,2026-07-08 00:00:00,2026-07-14 00:00:00,2026-07-14 00:00:00,22651,"PPG Industries - Milford, OH",SA
00010,CIN2,PH00017E,PH00017E,PH00017E-T2,2728464,1,4500416836,"","",535,540,22000,LB,10,TO,2026-06-24 00:00:00,2026-08-05 00:00:00,2026-08-05 00:00:00,307241,"MacDermid - Ferndale, MI",S4
00030,SNG4,PH00019E,PH00019E.S,PH00019E.S-TL,2734010,1,OP-178623,"","",535,540,6000,KG,6,TO,2026-07-02 00:00:00,2026-07-21 00:00:00,2026-07-21 00:00:00,300385,Michelman New Material - China,S5
00010,CIN2,PH00101E,PH00101E,PH00101E-OP,2732119,1,7000900166,"","",535,540,6800,LB,16,DR,2026-06-29 00:00:00,2026-08-03 00:00:00,2026-08-03 00:00:00,317105,"Chemetall- Jackson, MI",S4
00030,SNG4,PH00102E,PH00102E.S,PH00102E.S-TL,2734010,4,OP-178623,"","",530,540,10000,KG,10,TO,2026-07-02 00:00:00,2026-07-21 00:00:00,2026-07-21 00:00:00,300385,Michelman New Material - China,S5
00034,SHAN,PH00102E,PH00102E.S,PH00102E.S-TL,2742403,1,6500008745,"","",525,540,10000,KG,10,TO,2026-07-13 00:00:00,2026-07-28 00:00:00,2026-07-28 00:00:00,340534,Coventya - China,S4
00030,SNG4,PH00102E,PH00102E.S,PH00102E.S-TL,2742419,1,OP-178816,"","",535,540,10000,KG,10,TO,2026-07-13 00:00:00,2026-08-11 00:00:00,2026-08-11 00:00:00,300385,Michelman New Material - China,S5
00020,AUBA,PH90101L,PH90101L.E,PH90101L.E-TO,26000720,1,7000766319,"","",535,540,1000,KG,1,TO,2026-04-10 00:00:00,2026-08-18 00:00:00,2026-08-18 00:00:00,310688,Chemetall (S) Langelsheim DE,S4
00020,AUBA,PH90102L,PH90102L.E,PH90102L.E-TO,26001031,2,7000854604,"","",900,530,950,KG,1,TO,2026-05-29 00:00:00,2026-08-17 00:00:00,2026-08-17 00:00:00,310688,Chemetall (S) Langelsheim DE,S4
00020,AUBA,PH90901L,PH90901L.E,PH90901L.E-TO,26000983,1,95713,"","",900,540,5000,KG,5,TO,2026-05-22 00:00:00,2026-08-10 00:00:00,2026-08-10 00:00:00,327584,Valspar (X) Tournus FR,S4
00020,AUBA,PH90901L,PH90901L.E,PH90901L.E-TO,26001139,1,95906,"","",535,540,5000,KG,5,TO,2026-06-15 00:00:00,2026-09-07 00:00:00,2026-09-07 00:00:00,327584,Valspar (X) Tournus FR,S4
00010,CIN2,PK263,PK263,PK263-T3,2742711,1,4501334165,"","",900,540,40500,LB,15,TO,2026-07-13 00:00:00,2026-07-24 00:00:00,2026-07-24 00:00:00,287899,"Dart - Chicago, IL (Kostner Ave)",S4
00010,CIN2,PK265AP,PK265AP,PK265AP-T3,2740478,1,071026KC,"","",535,540,40500,LB,15,TO,2026-07-10 00:00:00,2026-07-22 00:00:00,2026-07-22 00:00:00,290789,"Midwest Ctgs - Aspen Prods, KC, MO",S4
00035,MUM3,PK265D,PK265D,PK265D-KP,2743261,1,RM/028/2627 - 14.07.2026,4557236,"",520,525,159,LB,0,DR,2026-07-14 00:00:00,2026-07-17 00:00:00,2026-07-17 00:00:00,317022,R.V. Business Centre-India,S4
00010,CIN2,PK265D,PK265D,PK265D-PL,2737512,2,Sample-30797,"","",900,530,40,LB,1,PL,2026-07-06 00:00:00,2026-07-22 00:00:00,2026-07-22 00:00:00,348983,"MOTUS US - Greenville, SC",SA
00010,CIN2,PK521,PK521,PK521-FD,2734458,1,322-24078,4581829,"",900,550,1900,LB,4,DR,2026-07-02 00:00:00,2026-07-15 00:00:00,2026-07-15 00:00:00,287366,"PCA - Garland, TX",S4
00030,SING,PK521,PK521,PK521-OP,2691427,1,5220010548,"","",900,530,950,LB,2,DR,2026-05-07 00:00:00,2026-07-23 00:00:00,2026-07-23 00:00:00,346391,PT. Detpak Indonesia - Indonesia,S4
00010,CIN2,PK521,PK521,PK521-T3,2738149,1,4500950250,4581829,"",570,580,10800,LB,4,TO,2026-07-07 00:00:00,2026-07-14 00:00:00,2026-07-14 00:00:00,346629,"Georgia Pacific-(Dixie) Jackson, TN",S4
00010,CIN2,PK521,PK521,PK521-T3,2743533,1,4500953944,"","",900,530,40500,LB,15,TO,2026-07-14 00:00:00,2026-07-17 00:00:00,2026-07-17 00:00:00,277340,"Georgia Pacific (Dixie) - Ft Smith, AR",S4
00020,AUB2,POLYMINP,POLYMINP.E,POLYMINP.E,26001055,2,OP - 177595,619596,"",900,560,14700,KG,14700,KG,2026-06-02 00:00:00,2026-07-16 00:00:00,2026-07-16 00:00:00,68839,Michelman Inc. Kemper(S) Cincinnati US,S5
00020,AUB2,POLYMINP,POLYMINP.E,POLYMINP.E,26001055,4,OP - 177595,619597,"",900,560,4200,KG,4200,KG,2026-06-02 00:00:00,2026-07-16 00:00:00,2026-07-16 00:00:00,68839,Michelman Inc. Kemper(S) Cincinnati US,S5
00020,AUBA,POLYMINP,POLYMINP.E,POLYMINP.E,26001209,2,OP - 178488,"","",530,535,21000,KG,21000,KG,2026-06-26 00:00:00,2026-09-17 00:00:00,2026-09-17 00:00:00,68839,Michelman Inc. Kemper(S) Cincinnati US,S5
00020,AUBA,POLYMINP,POLYMINP.E,POLYMINP.E,26001249,1,OP - 178626,"","",525,530,21000,KG,21000,KG,2026-07-02 00:00:00,2026-10-28 00:00:00,2026-10-28 00:00:00,68839,Michelman Inc. Kemper(S) Cincinnati US,S5
00020,AUBA,POLYMINP,POLYMINP.E,POLYMINP.E,26001250,1,OP - 178627,"","",525,530,21000,KG,21000,KG,2026-07-02 00:00:00,2027-01-20 00:00:00,2027-01-20 00:00:00,68839,Michelman Inc. Kemper(S) Cincinnati US,S5
00030,SNG4,PP05S,PP05S.S,PP05S.S-OP,2647982,2,CPIC(HK)-CG-26-PP,"","",535,540,16000,KG,80,DR,2026-03-11 00:00:00,2026-07-17 00:00:00,2026-07-17 00:00:00,290042,"Chongqing CPIC - Chongqing, China",S4
00030,SNG4,PP05S,PP05S.S,PP05S.S-OP,2647983,1,C/CPIC(HK)-CG-26-079,"","",535,540,16000,KG,80,DR,2026-03-11 00:00:00,2026-07-17 00:00:00,2026-07-17 00:00:00,290042,"Chongqing CPIC - Chongqing, China",S4
00030,SNG4,PP05S,PP05S.S,PP05S.S-OP,2647984,1,C/CPIC(HK)-CG-26-079,"","",535,540,16000,KG,80,DR,2026-03-11 00:00:00,2026-07-17 00:00:00,2026-07-17 00:00:00,290042,"Chongqing CPIC - Chongqing, China",S4
00030,SNG4,PP05S,PP05S.S,PP05S.S-OP,2647985,1,C/CPIC(HK)-CG-26-079,"","",535,540,14000,KG,70,DR,2026-03-11 00:00:00,2026-07-17 00:00:00,2026-07-17 00:00:00,290042,"Chongqing CPIC - Chongqing, China",S4
00030,SNG4,PP05S,PP05S.S,PP05S.S-OP,2647986,1,C/CPIC(HK)-CG-26-087,"",C1,535,540,13800,KG,69,DR,2026-03-11 00:00:00,2026-08-03 00:00:00,2026-08-03 00:00:00,290042,"Chongqing CPIC - Chongqing, China",S4
00030,SNG4,PP05S,PP05S.S,PP05S.S-OP,2647987,1,CPIC(HK)-CG-26-PP,"",PN,535,540,16000,KG,80,DR,2026-03-11 00:00:00,2026-08-17 00:00:00,2026-08-17 00:00:00,290042,"Chongqing CPIC - Chongqing, China",S4
00030,SNG4,PP05S,PP05S.S,PP05S.S-OP,2647988,1,CPIC(HK)-CG-26-PP,"",PN,525,530,16000,KG,80,DR,2026-03-11 00:00:00,2026-09-14 00:00:00,2026-09-14 00:00:00,290042,"Chongqing CPIC - Chongqing, China",S4
00030,SNG4,PP05S,PP05S.S,PP05S.S-OP,2647989,1,CPIC(HK)-CG-26-PP,"",PN,525,530,10000,KG,50,DR,2026-03-11 00:00:00,2026-09-21 00:00:00,2026-09-21 00:00:00,290042,"Chongqing CPIC - Chongqing, China",S4
00010,CIN2,PP201,PP201,PP201-OP,2646926,1,4500914763,4581968,"",900,580,1800,LB,4,DR,2026-03-09 00:00:00,2026-07-14 00:00:00,2026-07-14 00:00:00,21734,"Johns Manville - Waterville, OH(River)",S4
00010,CIN2,PP201,PP201,PP201-OP,2646926,1.001,4500914763,4582908,"",912,580,34200,LB,76,DR,2026-03-09 00:00:00,2026-07-14 00:00:00,2026-07-14 00:00:00,21734,"Johns Manville - Waterville, OH(River)",S4
00010,CIN2,PP201,PP201,PP201-OP,2662963,1,4500918754,"",CP,525,540,36000,LB,80,DR,2026-03-30 00:00:00,2026-07-30 00:00:00,2026-07-30 00:00:00,21734,"Johns Manville - Waterville, OH(River)",S4
00010,CIN2,PP201,PP201,PP201-OP,2689609,1,4500925056,"","",525,540,36000,LB,80,DR,2026-05-04 00:00:00,2026-08-27 00:00:00,2026-08-27 00:00:00,21734,"Johns Manville - Waterville, OH(River)",S4
00010,CIN2,PP201,PP201,PP201-OP,2695178,1,4500926520,"",SQ,525,540,36000,LB,80,DR,2026-05-11 00:00:00,2026-09-14 00:00:00,2026-09-14 00:00:00,21734,"Johns Manville - Waterville, OH(River)",S4
00010,CIN2,PP201,PP201,PP201-OP,2739688,1,4500937236,"","",535,540,36000,LB,80,DR,2026-07-09 00:00:00,2026-10-14 00:00:00,2026-10-14 00:00:00,21734,"Johns Manville - Waterville, OH(River)",S4
00020,AUBA,PP201,PP201.E,PP201.E,26001092,2,4500931778,"","",900,540,18000,KG,18000,KG,2026-06-09 00:00:00,2026-07-16 00:00:00,2026-07-16 00:00:00,49066,Johns Manville (X) Trnava SK,S4
00020,AUBA,PP201,PP201.E,PP201.E,26001283,1,4500936944,"","",535,540,18000,KG,18000,KG,2026-07-08 00:00:00,2026-08-20 00:00:00,2026-08-20 00:00:00,49066,Johns Manville (X) Trnava SK,S4
00034,SHAN,PP201,PP201.S,PP201.S-TL,2703041,2,20260522 FCWB,"",C1,525,540,5000,KG,5,TO,2026-05-22 00:00:00,2026-07-29 00:00:00,2026-07-29 00:00:00,304363,WEIYUAN NEIHUA-China,S4
00010,CIN2,PP286,PP286,PP286-T2,2662943,2,21020330-001,"",CX,525,540,39690,LB,18,TO,2026-03-30 00:00:00,2026-10-01 00:00:00,2026-10-01 00:00:00,296362,"Electric Glass Fiber America- Shelby, NC",S4
00010,CIN2,PP286,PP286,PP286-T2,2662945,2,21020330-002,"",CX,525,540,39690,LB,18,TO,2026-03-30 00:00:00,2026-11-11 00:00:00,2026-11-11 00:00:00,296362,"Electric Glass Fiber America- Shelby, NC",S4
00010,CIN2,PP286,PP286,PP286-T2,2662961,2,21020330-003,"",CX,525,540,39690,LB,18,TO,2026-03-30 00:00:00,2026-12-08 00:00:00,2026-12-08 00:00:00,296362,"Electric Glass Fiber America- Shelby, NC",S4
00020,AUBA,PP310,PP310.E,PP310.E-TO,26001067,1,5500024554,"","",900,530,20000,KG,20,TO,2026-06-03 00:00:00,2026-08-14 00:00:00,2026-08-14 00:00:00,327182,Sisecam (S) Balikesir TR,S4
00010,CIN2,PPGEMA,PPGEMA,PPGEMA-T3,2701057,2,21020660-003,"",C1,535,540,15600,LB,6,TO,2026-05-19 00:00:00,2026-07-27 00:00:00,2026-07-27 00:00:00,296362,"Electric Glass Fiber America- Shelby, NC",S4
00010,CIN2,PPGTPO,PPGTPO,PPGTPO-OP,2737637,1,4501630620,"",CX,530,535,8100,LB,18,DR,2026-07-06 00:00:00,2026-07-27 00:00:00,2026-07-27 00:00:00,343437,"Tecnoglass S.A.S.-Barranquilla, Colombia",S4
00010,CIN2,PRX20097,PRX20097,PRX20097-SS,2742631,1,26000900,"",FC,900,535,11023,LB,5,SS,2026-07-13 00:00:00,2026-07-16 00:00:00,2026-07-16 00:00:00,334143,Michelman Int'l - Belgium (Jost),S5
00010,CIN2,Q4310A,Q4310A,Q4310A-B1,2734393,1,POLPDS0011266,"","",535,540,1,EA,1,B1,2026-07-02 00:00:00,2026-07-23 00:00:00,2026-07-23 00:00:00,334145,"S-One/ (printa pronto (JBC )-Laredo,TX",S4
00035,MUM3,Q4310A,Q4310A.S,Q4310A.S-B1,2738645,1,VERBAL - DT. 08.07.2026,"",C1,520,525,1,EA,1,B1,2026-07-08 00:00:00,2026-07-15 00:00:00,2026-07-15 00:00:00,317061,Mehul Print-India,S4
00030,SNG4,Q4310A,Q4310A.S,Q4310A.S-B1,2736959,1,1000050171,"",C1,535,540,11,EA,11,B1,2026-07-06 00:00:00,2026-07-22 00:00:00,2026-07-22 00:00:00,316005,CheckPoint Systems - Bangladesh,S4
00034,SHAN,Q4310A,Q4310A.S,Q4310A.S-B1,2701681,2,26MM14,"","",525,540,96,EA,96,B1,2026-05-20 00:00:00,2026-08-27 00:00:00,2026-08-27 00:00:00,307826,SYNTAX CHINA,S4
00020,AUBA,Q4324A,Q4324A.E,Q4324A.E-B1,26001293,4,8227,Q24-280426,"",550,560,100,KG,5,B1,2026-07-09 00:00:00,2026-07-16 00:00:00,2026-07-16 00:00:00,290035,Visutech Digital AB (X) Molndal SE,S4
00020,AUBA,Q4324A,Q4324A.E,Q4324A.E-P1,26001123,3,POLPDE0000361,Q24-230126,"",900,560,1440,KG,3,PA,2026-06-11 00:00:00,2026-07-15 00:00:00,2026-07-15 00:00:00,336662,S-One Labels (S) Butzbach DE,S4
00020,AUBA,Q4324A,Q4324A.E,Q4324A.E-P1,26001123,3.001,POLPDE0000361,Q24-280426,"",912,560,480,KG,1,PA,2026-06-11 00:00:00,2026-07-15 00:00:00,2026-07-15 00:00:00,336662,S-One Labels (S) Butzbach DE,S4
00020,AUBA,Q4324A,Q4324A.E,Q4324A.E-P1,26001155,3,POLPDE0000362,Q24-280426,"",902,560,480,KG,1,PA,2026-06-18 00:00:00,2026-07-15 00:00:00,2026-07-15 00:00:00,336662,S-One Labels (S) Butzbach DE,S4
00020,AUBA,Q4324A,Q4324A.E,Q4324A.E-P1,26001196,2,POLPDE0000363,Q24-280426,"",900,560,960,KG,2,PA,2026-06-25 00:00:00,2026-07-15 00:00:00,2026-07-15 00:00:00,336662,S-One Labels (S) Butzbach DE,S4
00020,AUBA,Q4324A,Q4324A.E,Q4324A.E-P1,26001275,8,611479,"",C1,900,535,960,KG,2,PA,2026-07-07 00:00:00,2026-07-22 00:00:00,2026-07-22 00:00:00,318283,"Brigal (S) NIGRAN, ES",S4
00030,SNG4,Q4324A,Q4324A.S,Q4324A.S-B1,2740150,2,10457431,"",SQ,530,535,1,EA,1,B1,2026-07-10 00:00:00,2026-07-24 00:00:00,2026-07-24 00:00:00,306264,Avery Dennison-Vietnam,S4
00030,SNG4,Q4325A,Q4325A.S,Q4325A.S-B1,2740150,1,10457431,"",SQ,530,535,1,EA,1,B1,2026-07-10 00:00:00,2026-07-24 00:00:00,2026-07-24 00:00:00,306264,Avery Dennison-Vietnam,S4
00034,SHAN,Q4325A,Q4325A.S,Q4325A.S-B1,2708534,1,26MM15,"","",525,540,1,EA,1,B1,2026-05-29 00:00:00,2026-08-27 00:00:00,2026-08-27 00:00:00,307826,SYNTAX CHINA,S4
00010,CIN2,RB105,RB105,RB105-FD,2738150,2,P3722502905,4583950,"",900,580,1000,LB,2,DR,2026-07-07 00:00:00,2026-07-13 00:00:00,2026-07-13 00:00:00,22743,"G-P Corrugated(Sterling) West Chester,OH",S4
00010,CIN2,RB105,RB105,RB105-T3,2739814,1,359074,"","",535,540,5400,LB,2,TO,2026-07-09 00:00:00,2026-07-20 00:00:00,2026-07-20 00:00:00,157133,"Liberty Paper - Becker, MN",S4
00010,CIN2,RB250,RB250,RB250-OP,2738150,1,P3722502905,4583287,"",570,580,1000,LB,2,DR,2026-07-07 00:00:00,2026-07-13 00:00:00,2026-07-13 00:00:00,22743,"G-P Corrugated(Sterling) West Chester,OH",S4
00010,CIN2,RC39AFG,RC39AFG,RC39AFG-OP,2739076,1,1100013323-1285,4582200,"",900,550,5100,LB,12,DR,2026-07-08 00:00:00,2026-07-16 00:00:00,2026-07-16 00:00:00,22684,"Sonoco - Tiffin, OH",S4
00010,CIN2,RC39AFG,RC39AFG,RC39AFG-T3,2739734,1,1100013323-1287,"","",535,540,2600,LB,1,TO,2026-07-09 00:00:00,2026-07-21 00:00:00,2026-07-21 00:00:00,22684,"Sonoco - Tiffin, OH",S4
00010,CIN2,RCPLUSFG,RCPLUSFG,RCPLUSFG-OP,2733555,2,1000182402,"","",535,540,1800,LB,4,DR,2026-07-01 00:00:00,2026-07-20 00:00:00,2026-07-20 00:00:00,334471,"Sonoco - Tulsa, OK",S4
00010,CIN2,RCPLUSFG,RCPLUSFG,RCPLUSFG-OP,2734493,1,31951-2,"","",520,525,1800,LB,4,DR,2026-07-02 00:00:00,2026-07-22 00:00:00,2026-07-22 00:00:00,315212,"Rational Pkg - Springfield, TN",S4
00010,CIN2,RCPLUSFG,RCPLUSFG,RCPLUSFG-OP,2739092,2,1100013323-1286,"","",900,540,3600,LB,8,DR,2026-07-08 00:00:00,2026-07-23 00:00:00,2026-07-23 00:00:00,22684,"Sonoco - Tiffin, OH",S4
00010,CIN2,RCPLUSFG,RCPLUSFG,RCPLUSFG-T3,2733555,1,1000182402,"","",535,540,2700,LB,1,TO,2026-07-01 00:00:00,2026-07-20 00:00:00,2026-07-20 00:00:00,334471,"Sonoco - Tulsa, OK",S4
00010,CIN2,RCPLUSFR,RCPLUSFR,RCPLUSFR-OP,2734582,1,5600002262,4583162,"",900,560,19350,LB,43,DR,2026-07-02 00:00:00,2026-07-15 00:00:00,2026-07-15 00:00:00,287414,"Sonoco Oper San Luis - Laredo,TX",S4
00010,CIN2,RCPLUSFR,RCPLUSFR,RCPLUSFR-OP,2734582,1.001,5600002262,4583162,"",912,560,9450,LB,21,DR,2026-07-02 00:00:00,2026-07-15 00:00:00,2026-07-15 00:00:00,287414,"Sonoco Oper San Luis - Laredo,TX",S4
00010,CIN2,RCPLUSFR,RCPLUSFR,RCPLUSFR-OP,2734582,1.002,5600002262,4583634,"",912,560,3600,LB,8,DR,2026-07-02 00:00:00,2026-07-15 00:00:00,2026-07-15 00:00:00,287414,"Sonoco Oper San Luis - Laredo,TX",S4
00010,CIN2,RCPLUSFR,RCPLUSFR,RCPLUSFR-OP,2732782,1,4013754 / GPE,"",SQ,900,525,18000,LB,40,DR,2026-06-30 00:00:00,2026-07-20 00:00:00,2026-07-20 00:00:00,348607,Smurfit Carton y Papel de Mexico- GPE,S4
00010,CINC,RHOB320,RHOB320,RHOB320-T2,2711788,1,4518711805,"","",900,530,39786,LB,19,TO,2026-06-02 00:00:00,2026-07-27 00:00:00,2026-07-27 00:00:00,315836,"DOW - (TOLL) G&A, Bensalem, PA",S4
00010,CIN2,RISP,RISP,RISP,2739815,1,26MI0003,"","",570,580,12,EA,12,EA,2026-07-09 00:00:00,2026-07-14 00:00:00,2026-07-14 00:00:00,316804,"Hood Packaging- Hanford, CA",S4
00010,CIN2,RLC40,RLC40,RLC40-FD,2743484,1,19209190,"",SQ,900,525,900,LB,2,DR,2026-07-14 00:00:00,2026-07-20 00:00:00,2026-07-20 00:00:00,23387,"DS Smith Southcorr (IP)- Asheboro, NC",S4
00010,CIN2,RM108,RM108,RM108-T3,2708149,2,4500040329,"","",535,540,35100,LB,13,TO,2026-05-28 00:00:00,2026-08-11 00:00:00,2026-08-11 00:00:00,337679,"Oliver-Tolas Health - Cincinnati, OH",S4
00030,SNG4,RP40,RP40.S,RP40.S-JE,2664964,3,8500558331,"",C1,525,530,8000,KG,320,DR,2026-04-02 00:00:00,2026-09-04 00:00:00,2026-09-04 00:00:00,289454,Arkema Pte Ltd - Singapore,S4
00030,SNG4,RP40,RP40.S,RP40.S-JE,2655134,3,8500558260,"",C1,525,530,8000,KG,320,DR,2026-03-20 00:00:00,2026-10-10 00:00:00,2026-10-10 00:00:00,289454,Arkema Pte Ltd - Singapore,S4
00010,CINC,SDP500,SDP500,SDP500,2738132,1,4535415721,4583954,"",900,550,35000,LB,35000,LB,2026-07-07 00:00:00,2026-07-14 00:00:00,2026-07-14 00:00:00,340263,"Solenis - Int'l Paper, Mansfield, LA",S4
00010,CINC,SDP500,SDP500,SDP500,2740602,1,4535420215,"","",535,540,35000,LB,35000,LB,2026-07-10 00:00:00,2026-07-27 00:00:00,2026-07-27 00:00:00,340263,"Solenis - Int'l Paper, Mansfield, LA",S4
00035,MUM3,ST126L,ST126L.E,ST126L.E-PL,2737859,1,E-MAIL -   DT. 07.07.2026,"",C1,900,525,36,KG,2,PL,2026-07-07 00:00:00,2026-07-17 00:00:00,2026-07-17 00:00:00,340934,RACORR PACK PVT LTD - BAVLA,S4
00010,CIN2,ST130,ST130,ST130-T3,2733554,2,35352,4583687,"",900,560,5400,LB,2,TO,2026-07-01 00:00:00,2026-07-15 00:00:00,2026-07-15 00:00:00,22653,"Southern States Pkg. - Spartanburg, SC",S4
00020,AUBA,ST2637,ST2637.E,ST2637.E-PD,26001226,3,O2-00009010,"","",900,540,16000,KG,80,DR,2026-06-30 00:00:00,2026-07-22 00:00:00,2026-07-22 00:00:00,327093,Safic (X) Istanbul TR,S4
00010,CIN2,ST285,ST285,ST285-T2,2733554,3,35352,4583689,"",900,560,4400,LB,2,TO,2026-07-01 00:00:00,2026-07-15 00:00:00,2026-07-15 00:00:00,22653,"Southern States Pkg. - Spartanburg, SC",S4
00010,CIN2,T173035,T173035,T173035-T3,2733533,1,P017939,4583691,"",900,560,5200,LB,2,TO,2026-07-01 00:00:00,2026-07-15 00:00:00,2026-07-15 00:00:00,27180,"Novacel - Troy, OH",S4
00020,AUBA,TECOATC,TECOATC.E,TECOATC.E-TO,1217,1,Call Off 2026,"","",500,515,21000,KG,21,TO,2025-12-01 00:00:00,2026-08-03 00:00:00,2026-08-03 00:00:00,293411,Tec Inde (X) Sintra PT,SB
00030,SNG4,TSM312,TSM312.S,TSM312.S-TL,2716119,2,202603,"","",535,540,4000,KG,4,TO,2026-06-08 00:00:00,2026-07-21 00:00:00,2026-07-21 00:00:00,294060,Taishan Fiberglass Inc. - China,S4
00010,CIN2,U2022,U2022,U2022-OP,2723346,1,PO023356,H01260600149D,"",545,550,1800,LB,4,DR,2026-06-17 00:00:00,2026-07-17 00:00:00,2026-07-17 00:00:00,292816,"Mitsubishi Chemical - Sacramento, CA",S4
00030,SING,U2022,U2022,U2022-OP,2743123,1,71511 OP,"",SQ,520,525,15750,LB,35,DR,2026-07-14 00:00:00,2026-08-14 00:00:00,2026-08-14 00:00:00,342667,Caldic - Japan,S4
00010,CIN2,U2022,U2022,U2022-OP,2733551,1,PO1344,"","",535,540,2250,LB,5,DR,2026-07-01 00:00:00,2026-08-21 00:00:00,2026-08-21 00:00:00,292708,"Teijin Carbon America - Rockwood, TN",S4
00020,AUBA,U2022EU,U2022EU.E,U2022EU.E-PL,26001299,2,Email 090726,"",CX,900,530,18,KG,1,PL,2026-07-09 00:00:00,2026-08-13 00:00:00,2026-08-13 00:00:00,361657,UBE (X) Castellon ES,S4
00010,CIN2,U204,U204,U204-OP,2708884,1,PO022782- Line 4,"","",535,540,5400,LB,12,DR,2026-05-29 00:00:00,2026-09-04 00:00:00,2026-09-04 00:00:00,292816,"Mitsubishi Chemical - Sacramento, CA",S4
00010,CIN2,U501,U501,U501-OP,2681222,1,291477,"","",900,540,18450,LB,41,DR,2026-04-23 00:00:00,2026-07-21 00:00:00,2026-07-21 00:00:00,164613,"AGY Aiken - Aiken, SC",S4
00010,CIN2,U502,U502,U502-OP,2695179,1,4500926524,"",SQ,525,540,5400,LB,12,DR,2026-05-11 00:00:00,2026-07-24 00:00:00,2026-07-24 00:00:00,21734,"Johns Manville - Waterville, OH(River)",S4
00010,CIN2,U502,U502,U502-OP,2723347,1,4500933564,"","",535,540,3600,LB,8,DR,2026-06-17 00:00:00,2026-08-13 00:00:00,2026-08-13 00:00:00,21734,"Johns Manville - Waterville, OH(River)",S4
00010,CIN2,U701,U701,U701-OP,2695060,1,4500926476,"","",900,540,18000,LB,40,DR,2026-05-11 00:00:00,2026-07-21 00:00:00,2026-07-21 00:00:00,21734,"Johns Manville - Waterville, OH(River)",S4
00010,CIN2,UN450,UN450,UN450-FD,2729933,1,26000842,"",FC,535,540,1433,LB,26,DR,2026-06-26 00:00:00,2026-08-31 00:00:00,2026-08-31 00:00:00,334143,Michelman Int'l - Belgium (Jost),S5
00010,CIN2,VAP2200R,VAP2200R,VAP2200R-PL,2742775,2,Sample-30864,"",CX,900,525,2,LB,0,PL,2026-07-13 00:00:00,2026-07-20 00:00:00,2026-07-20 00:00:00,316402,"Footprint LLC - Gilbert, AZ (SAMPLES)",S4
00010,CIN2,VAP2200R,VAP2200R,VAP2200R-T3,2743485,1,P3722502933,"","",525,540,2700,LB,1,TO,2026-07-14 00:00:00,2026-07-20 00:00:00,2026-07-20 00:00:00,22743,"G-P Corrugated(Sterling) West Chester,OH",S4
00010,CIN2,VAP2200R,VAP2200R,VAP2200R-T3,2726966,1,4501626869,"","",535,540,8100,LB,3,TO,2026-06-22 00:00:00,2026-07-31 00:00:00,2026-07-31 00:00:00,26414,"Cascades Sonoco - Berthierville, QC, CA",S4
00020,AUBA,VAPCT2200,VAPCT2200.E,VAPCT2200.E-TO,26001282,6,208973,"","",900,540,8000,KG,8,TO,2026-07-08 00:00:00,2026-07-23 00:00:00,2026-07-23 00:00:00,295623,Safic UK (S) CHESHIRE GB,S4
00030,SNG4,VAPCT2200,VAPCT2200.S,VAPCT2200.S-OP,2727928,5,5100038940,4576690,"",545,560,1000,KG,5,DR,2026-06-24 00:00:00,2026-07-17 00:00:00,2026-07-17 00:00:00,291049,Lautan Luas Tbk - Indonesia,S4
00030,SNG4,VAPCT2200,VAPCT2200.S,VAPCT2200.S-OP,2716049,6,KVPO2601774,"","",535,540,4000,KG,20,DR,2026-06-08 00:00:00,2026-07-20 00:00:00,2026-07-20 00:00:00,291765,"Koventure Co., Ltd - Thailand",S4
00034,SHAN,VAPCT2200,VAPCT2200.S,VAPCT2200.S-OP,2697730,2,20260515XQM,"","",525,540,400,KG,2,DR,2026-05-15 00:00:00,2026-07-29 00:00:00,2026-07-29 00:00:00,359497,Shanghai XQM - China,S4
00034,SHAN,VAPCT2200,VAPCT2200.S,VAPCT2200.S-PL,2699929,4,S567865,4581465,"",525,540,396,KG,22,PL,2026-05-18 00:00:00,2026-07-14 00:00:00,2026-07-14 00:00:00,356303,Suzhou Shengannuo-China,S4
00034,SHAN,VAPCT2200,VAPCT2200.S,VAPCT2200.S-PL,2740011,1,S846235,4581465,"",525,540,468,KG,26,PL,2026-07-10 00:00:00,2026-07-14 00:00:00,2026-07-14 00:00:00,356303,Suzhou Shengannuo-China,S4
00030,SNG4,VAPCT2200,VAPCT2200.S,VAPCT2200.S-PL,2739283,6,OP-178761,"","",525,530,864,KG,48,PL,2026-07-09 00:00:00,2026-07-27 00:00:00,2026-07-27 00:00:00,300385,Michelman New Material - China,S5
00034,SHAN,VAPCT2200,VAPCT2200.S,VAPCT2200.S-PL,2694772,1,SPP260511,"",C1,900,540,1112,KG,62,PL,2026-05-11 00:00:00,2026-07-29 00:00:00,2026-07-29 00:00:00,349660,PURECO PACKING-China,S4
00034,SHAN,VAPCT2200,VAPCT2200.S,VAPCT2200.S-PL,2743076,2,20260714012,"","",525,540,306,KG,17,PL,2026-07-14 00:00:00,2026-07-29 00:00:00,2026-07-29 00:00:00,341047,Qingdao RIZONE-China,S4
00010,CIN2,VAPCT501S,VAPCT501S,VAPCT501S-T3,2733554,1,35352,4580402,"",550,560,9300,LB,3,TO,2026-07-01 00:00:00,2026-07-15 00:00:00,2026-07-15 00:00:00,22653,"Southern States Pkg. - Spartanburg, SC",S4
00010,CIN2,VAPCT501S,VAPCT501S,VAPCT501S-T3,2733554,1.001,35352,4580761,"",912,560,21700,LB,7,TO,2026-07-01 00:00:00,2026-07-15 00:00:00,2026-07-15 00:00:00,22653,"Southern States Pkg. - Spartanburg, SC",S4
00010,CIN2,VAPCT501S,VAPCT501S,VAPCT501S-T3,2734495,1,35362,"","",535,540,40300,LB,13,TO,2026-07-02 00:00:00,2026-07-16 00:00:00,2026-07-16 00:00:00,22653,"Southern States Pkg. - Spartanburg, SC",S4
00010,CIN2,VAPCT501S,VAPCT501S,VAPCT501S-T3,2740477,1,8004637,"","",535,540,21700,LB,7,TO,2026-07-10 00:00:00,2026-07-16 00:00:00,2026-07-16 00:00:00,21089,"CorrChoice/PCA, MassillonOH",S4
00010,CIN2,VAPCT501S,VAPCT501S,VAPCT501S-T3,2738083,1,35372,"","",900,540,40300,LB,13,TO,2026-07-07 00:00:00,2026-07-21 00:00:00,2026-07-21 00:00:00,22653,"Southern States Pkg. - Spartanburg, SC",S4
00010,CIN2,VAPCT501S,VAPCT501S,VAPCT501S-T3,2743532,1,35420,"","",525,530,40300,LB,13,TO,2026-07-14 00:00:00,2026-07-28 00:00:00,2026-07-28 00:00:00,22653,"Southern States Pkg. - Spartanburg, SC",S4
00034,SHAN,VB2160,VB2160.S,VB2160.S-OP,2743124,1,SSA2026090,4568885,"",525,540,50,KG,0,DR,2026-07-14 00:00:00,2026-07-15 00:00:00,2026-07-15 00:00:00,341132,Guangzhou Tuke -China,S4
00030,SNG4,VB2160,VB2160.S,VB2160.S-OP,2727928,6,5100038940,4577818,"",545,560,600,KG,3,DR,2026-06-24 00:00:00,2026-07-17 00:00:00,2026-07-17 00:00:00,291049,Lautan Luas Tbk - Indonesia,S4
00020,AUBA,VBS0800,VBS0800.E,VBS0800.E-TO,26001294,1,5000470796,"","",900,540,9000,KG,9,TO,2026-07-09 00:00:00,2026-07-24 00:00:00,2026-07-24 00:00:00,293993,Tarkett (X) Lentzweiler LU,S4
00020,AUBA,VC1292,VC1292.E,VC1292.E-TO,26001149,1,EK-BE19898,4582876,"",900,550,4000,KG,4,TO,2026-06-16 00:00:00,2026-07-22 00:00:00,2026-07-22 00:00:00,343661,Panther (S Pfleiderer) Wustermark DE,S4
00030,SNG4,VC2050,VC2050.S,VC2050.S-T2,2736958,1,PO267022375,"","",535,540,16000,KG,16,TO,2026-07-06 00:00:00,2026-08-03 00:00:00,2026-08-03 00:00:00,289541,Azelis Australia (formerly Chemcolour Au,S4
00020,AUBA,VC2240,VC2240.E,VC2240.E-PD,26001125,1,4500294392,"","",535,540,600,KG,3,DR,2026-06-11 00:00:00,2026-09-01 00:00:00,2026-09-01 00:00:00,332229,Amcor (S) Barbezieux FR,S4
00020,AUBA,VC2240,VC2240.E,VC2240.E-TO,26001287,1,312,"","",900,540,1000,KG,1,TO,2026-07-08 00:00:00,2026-07-17 00:00:00,2026-07-17 00:00:00,293661,Smurfit (S Eickhof) Vamdrup DK,S4
00020,AUBA,WM110PF,WM110PF.E,WM110PF.E-TO,1219,1,Call Off 2026,"","",500,515,44000,KG,44,TO,2026-02-16 00:00:00,2026-08-03 00:00:00,2026-08-03 00:00:00,233140,Add Apt Chemicals bv (X) Helmond NL,SB
00010,CIN2,X1000H,X1000H,X1000H-FD,2742710,1,I013789,"","",535,540,11280,LB,24,DR,2026-07-13 00:00:00,2026-07-31 00:00:00,2026-07-31 00:00:00,340067,"Aurorium Netherlands ALTL - Holland, MI",S4
00010,CIN2,X1000H,X1000H,X1000H-UN,2742709,1,I013788,"","",525,530,15040,LB,32,DR,2026-07-13 00:00:00,2026-07-31 00:00:00,2026-07-31 00:00:00,340067,"Aurorium Netherlands ALTL - Holland, MI",S4
00010,CIN2,X1440H,X1440H,X1440H-FD,2733550,1,I013772,PL61313772A,"",900,550,41360,LB,88,DR,2026-07-01 00:00:00,2026-07-17 00:00:00,2026-07-17 00:00:00,340067,"Aurorium Netherlands ALTL - Holland, MI",S4
00010,CIN2,X3000H,X3000H,X3000H-FD,2727528,1,I013762,PL61313762A,"",900,580,3760,LB,8,DR,2026-06-23 00:00:00,2026-07-14 00:00:00,2026-07-14 00:00:00,340617,"Aurorium Neth-Walsh-St Louis, MO",S4
00010,CIN2,X3000H,X3000H,X3000H-PL,2727528,4,I013762,PL61313762A,"",900,580,80,LB,2,PL,2026-06-23 00:00:00,2026-07-14 00:00:00,2026-07-14 00:00:00,340617,"Aurorium Neth-Walsh-St Louis, MO",S4
00010,CIN2,X300AF,X300AF,X300AF-FD,2737350,1,19161360,"","",535,540,3800,LB,8,DR,2026-07-06 00:00:00,2026-07-20 00:00:00,2026-07-20 00:00:00,23387,"DS Smith Southcorr (IP)- Asheboro, NC",S4
00010,CIN2,X300AF,X300AF,X300AF-FD,2742592,1,18892504,"","",525,540,950,LB,2,DR,2026-07-13 00:00:00,2026-07-20 00:00:00,2026-07-20 00:00:00,21231,"International Paper - Butler, IN",S4
00010,CIN2,X300AF,X300AF,X300AF-FD,2743467,1,PO-24012-1,"","",525,540,7600,LB,16,DR,2026-07-14 00:00:00,2026-07-20 00:00:00,2026-07-20 00:00:00,295090,"Specialty Ctg & Lam - Doswell, VA",S4
00010,CIN2,X300AF,X300AF,X300AF-PL,2738753,1,1184040,"","",900,535,400,LB,10,PL,2026-07-08 00:00:00,2026-07-17 00:00:00,2026-07-17 00:00:00,32690,"Greif - Kernsville, NC",S4
00010,CIN2,X300AF,X300AF,X300AF-T3,2740477,2,8004637,"","",535,540,10800,LB,4,TO,2026-07-10 00:00:00,2026-07-16 00:00:00,2026-07-16 00:00:00,21089,"CorrChoice/PCA, MassillonOH",S4
