Branch Plant,Global Bulk Item,Bulk Item,2nd Item Number,WO Number,WO Status,Order Date,Start Date,Completed Date,Quantity Requested,Quantity Completed,Unit of Measure,Component Branch,Component 2nd Item Number,Ordered Quantity,Issued Quantity,Component UOM,Requested Date
AUBA,161107PX,161107PX.E,161107PX.E,4583972,35,2026-07-09 00:00:00,2026-07-16 00:00:00,,10000,0,KG,        AUBA,1000TO.E,10,0,EA,2026-07-16 00:00:00
AUBA,161107PX,161107PX.E,161107PX.E,4583972,35,2026-07-09 00:00:00,2026-07-16 00:00:00,,10000,0,KG,        AUBA,DMEA.E,419,0,KG,2026-07-15 00:00:00
AUBA,161107PX,161107PX.E,161107PX.E,4583972,35,2026-07-09 00:00:00,2026-07-16 00:00:00,,10000,0,KG,        AUBA,ESC5200.E,2000,0,KG,2026-07-15 00:00:00
AUBA,161107PX,161107PX.E,161107PX.E,4583972,35,2026-07-09 00:00:00,2026-07-16 00:00:00,,10000,0,KG,        AUBA,SH2O.E,7581,0,KG,2026-07-15 00:00:00
CINC,181139INT,181139INT,181139INT,4583787,90,2026-07-06 00:00:00,2026-07-15 00:00:00,,500,0,LB,        CINC,BRIJS2,20,20,LB,2026-07-14 00:00:00
CINC,181139INT,181139INT,181139INT,4583787,90,2026-07-06 00:00:00,2026-07-15 00:00:00,,500,0,LB,        CINC,DEEA50,23,23,LB,2026-07-15 00:00:00
CINC,181139INT,181139INT,181139INT,4583787,90,2026-07-06 00:00:00,2026-07-15 00:00:00,,500,0,LB,        CINC,DIH2O,277,276,LB,2026-07-15 00:00:00
CINC,181139INT,181139INT,181139INT,4583787,90,2026-07-06 00:00:00,2026-07-15 00:00:00,,500,0,LB,        CINC,EM221,11,11,LB,2026-07-14 00:00:00
CINC,181139INT,181139INT,181139INT,4583787,90,2026-07-06 00:00:00,2026-07-15 00:00:00,,500,0,LB,        CINC,GLUT50,1,0,LB,2026-07-14 00:00:00
CINC,181139INT,181139INT,181139INT,4583787,90,2026-07-06 00:00:00,2026-07-15 00:00:00,,500,0,LB,        CINC,MD353D,151,152,LB,2026-07-14 00:00:00
CINC,181139INT,181139INT,181139INT,4583787,90,2026-07-06 00:00:00,2026-07-15 00:00:00,,500,0,LB,        CINC,NEO2512,16,16,LB,2026-07-14 00:00:00
CINC,181139INT,181139INT,181139INT,4583787,90,2026-07-06 00:00:00,2026-07-15 00:00:00,,500,0,LB,        CINC,SODMET,1,1,LB,2026-07-14 00:00:00
SING,211018IX,211018IX.S,211018IX.S,4584044,20,2026-07-10 00:00:00,2026-07-20 00:00:00,,4880,0,KG,        SING,A2290.S,83,0,KG,2026-07-18 00:00:00
SING,211018IX,211018IX.S,211018IX.S,4584044,20,2026-07-10 00:00:00,2026-07-20 00:00:00,,4880,0,KG,        SING,BRIJS2.S,138,0,KG,2026-07-16 00:00:00
SING,211018IX,211018IX.S,211018IX.S,4584044,20,2026-07-10 00:00:00,2026-07-20 00:00:00,,4880,0,KG,        SING,DMEA.S,110,0,KG,2026-07-20 00:00:00
SING,211018IX,211018IX.S,211018IX.S,4584044,20,2026-07-10 00:00:00,2026-07-20 00:00:00,,4880,0,KG,        SING,NEO2512.S,172,0,KG,2026-09-19 00:00:00
SING,211018IX,211018IX.S,211018IX.S,4584044,20,2026-07-10 00:00:00,2026-07-20 00:00:00,,4880,0,KG,        SING,PB3000.S,1314,0,KG,2026-07-20 00:00:00
SING,211018IX,211018IX.S,211018IX.S,4584044,20,2026-07-10 00:00:00,2026-07-20 00:00:00,,4880,0,KG,        SING,SH2O.S,3009,0,KG,2026-07-20 00:00:00
SING,211018IX,211018IX.S,211018IX.S,4584044,20,2026-07-10 00:00:00,2026-07-20 00:00:00,,4880,0,KG,        SING,SODMET.S,5,0,KG,2026-07-20 00:00:00
SING,211018IX,211018IX.S,211018IX.S,4584044,20,2026-07-10 00:00:00,2026-07-20 00:00:00,,4880,0,KG,        SING,ZNOSOL1.S,49,0,KG,2026-07-20 00:00:00
CINC,227142X,227142X,227142X,4580948,32,2026-05-11 00:00:00,2026-07-16 00:00:00,,45000,0,LB,        CINC,BION259,3947,0,LB,2026-07-15 00:00:00
CINC,227142X,227142X,227142X,4580948,32,2026-05-11 00:00:00,2026-07-16 00:00:00,,45000,0,LB,        CINC,E43,13206,0,LB,2026-07-15 00:00:00
CINC,227142X,227142X,227142X,4580948,32,2026-05-11 00:00:00,2026-07-16 00:00:00,,45000,0,LB,        CINC,GLUT50,90,0,LB,2026-07-15 00:00:00
CINC,227142X,227142X,227142X,4580948,32,2026-05-11 00:00:00,2026-07-16 00:00:00,,45000,0,LB,        CINC,KOH45,2138,0,LB,2026-07-15 00:00:00
CINC,227142X,227142X,227142X,4580948,32,2026-05-11 00:00:00,2026-07-16 00:00:00,,45000,0,LB,        CINC,SH2O,20876,0,LB,2026-07-15 00:00:00
CINC,227142X,227142X,227142X,4580948,32,2026-05-11 00:00:00,2026-07-16 00:00:00,,45000,0,LB,        CINC,SH2OF,4743,0,LB,2026-07-15 00:00:00
CINC,227142X,227142X,227142X,4583788,20,2026-07-06 00:00:00,2026-08-19 00:00:00,,45000,0,LB,        CINC,BION259,3947,0,LB,2026-08-18 00:00:00
CINC,227142X,227142X,227142X,4583788,20,2026-07-06 00:00:00,2026-08-19 00:00:00,,45000,0,LB,        CINC,E43,13206,0,LB,2026-08-18 00:00:00
CINC,227142X,227142X,227142X,4583788,20,2026-07-06 00:00:00,2026-08-19 00:00:00,,45000,0,LB,        CINC,GLUT50,90,0,LB,2026-08-18 00:00:00
CINC,227142X,227142X,227142X,4583788,20,2026-07-06 00:00:00,2026-08-19 00:00:00,,45000,0,LB,        CINC,KOH45,2138,0,LB,2026-08-18 00:00:00
CINC,227142X,227142X,227142X,4583788,20,2026-07-06 00:00:00,2026-08-19 00:00:00,,45000,0,LB,        CINC,SH2O,20876,0,LB,2026-08-18 00:00:00
CINC,227142X,227142X,227142X,4583788,20,2026-07-06 00:00:00,2026-08-19 00:00:00,,45000,0,LB,        CINC,SH2OF,4743,0,LB,2026-08-18 00:00:00
CINC,227142X,227142X,227142X-T3,4580949,20,2026-05-11 00:00:00,2026-07-21 00:00:00,,16,0,TO,        CINC,227142X,43200,0,LB,2026-07-21 00:00:00
CINC,227142X,227142X,227142X-T3,4580949,20,2026-05-11 00:00:00,2026-07-21 00:00:00,,16,0,TO,        CINC,TC330,16,0,EA,2026-07-21 00:00:00
CINC,227142X,227142X,227142X-T3,4583789,20,2026-07-06 00:00:00,2026-08-24 00:00:00,,16,0,TO,        CINC,227142X,43200,0,LB,2026-08-24 00:00:00
CINC,227142X,227142X,227142X-T3,4583789,20,2026-07-06 00:00:00,2026-08-24 00:00:00,,16,0,TO,        CINC,TC330,16,0,EA,2026-08-24 00:00:00
CINC,227158X,227158X,227158X,4583658,30,2026-07-02 00:00:00,2026-07-22 00:00:00,,45000,0,LB,        CINC,AC316,12236,0,LB,2026-07-21 00:00:00
CINC,227158X,227158X,227158X,4583658,30,2026-07-02 00:00:00,2026-07-22 00:00:00,,45000,0,LB,        CINC,GLUT50,90,0,LB,2026-07-21 00:00:00
CINC,227158X,227158X,227158X,4583658,30,2026-07-02 00:00:00,2026-07-22 00:00:00,,45000,0,LB,        CINC,KOH45,392,0,LB,2026-07-21 00:00:00
CINC,227158X,227158X,227158X,4583658,30,2026-07-02 00:00:00,2026-07-22 00:00:00,,45000,0,LB,        CINC,NEO259,3078,0,LB,2026-07-21 00:00:00
CINC,227158X,227158X,227158X,4583658,30,2026-07-02 00:00:00,2026-07-22 00:00:00,,45000,0,LB,        CINC,SH2O,24632,0,LB,2026-07-21 00:00:00
CINC,227158X,227158X,227158X,4583658,30,2026-07-02 00:00:00,2026-07-22 00:00:00,,45000,0,LB,        CINC,SH2OF,4441,0,LB,2026-07-21 00:00:00
CINC,227158X,227158X,227158X,4583658,30,2026-07-02 00:00:00,2026-07-22 00:00:00,,45000,0,LB,        CINC,SODMET,133,0,LB,2026-07-21 00:00:00
AUBA,231043PX,231043PX.E,231043PX.E,4583191,20,2026-06-24 00:00:00,2026-08-16 00:00:00,,25500,0,KG,        AUBA,ACDILUE.E,26,0,KG,2026-08-16 00:00:00
AUBA,231043PX,231043PX.E,231043PX.E,4583191,20,2026-06-24 00:00:00,2026-08-16 00:00:00,,25500,0,KG,        AUBA,D517.E,13031,0,KG,2026-08-16 00:00:00
AUBA,231043PX,231043PX.E,231043PX.E,4583191,20,2026-06-24 00:00:00,2026-08-16 00:00:00,,25500,0,KG,        AUBA,EXP031WU.E,2678,0,KG,2026-08-16 00:00:00
AUBA,231043PX,231043PX.E,231043PX.E,4583191,20,2026-06-24 00:00:00,2026-08-16 00:00:00,,25500,0,KG,        AUBA,PRP376LO.E,4412,0,KG,2026-08-16 00:00:00
AUBA,231043PX,231043PX.E,231043PX.E,4583191,20,2026-06-24 00:00:00,2026-08-16 00:00:00,,25500,0,KG,        AUBA,RHE35.E,199,0,KG,2026-08-16 00:00:00
AUBA,231043PX,231043PX.E,231043PX.E,4583191,20,2026-06-24 00:00:00,2026-08-16 00:00:00,,25500,0,KG,        AUBA,SH2O.E,5105,0,KG,2026-08-16 00:00:00
AUBA,231043PX,231043PX.E,231043PX.E,4583191,20,2026-06-24 00:00:00,2026-08-16 00:00:00,,25500,0,KG,        AUBA,TEGO825.E,51,0,KG,2026-08-16 00:00:00
AUBA,231043PX,231043PX.E,231043PX.E-TO,4583192,20,2026-06-24 00:00:00,2026-08-17 00:00:00,,25,0,TO,        AUBA,1000TO.E,25,0,EA,2026-08-17 00:00:00
AUBA,231043PX,231043PX.E,231043PX.E-TO,4583192,20,2026-06-24 00:00:00,2026-08-17 00:00:00,,25,0,TO,        AUBA,231043PX.E,25000,0,KG,2026-08-17 00:00:00
AUBA,231135NX,231135NX.E,231135NX.E,4582002,20,2026-06-01 00:00:00,2026-08-05 00:00:00,,17900,0,KG,        AUBA,1000TO.E,18,0,EA,2026-08-05 00:00:00
AUBA,231135NX,231135NX.E,231135NX.E,4582002,20,2026-06-01 00:00:00,2026-08-05 00:00:00,,17900,0,KG,        AUBA,DMEA.E,537,0,KG,2026-08-05 00:00:00
AUBA,231135NX,231135NX.E,231135NX.E,4582002,20,2026-06-01 00:00:00,2026-08-05 00:00:00,,17900,0,KG,        AUBA,FORAX.E,1072,0,KG,2026-08-05 00:00:00
AUBA,231135NX,231135NX.E,231135NX.E,4582002,20,2026-06-01 00:00:00,2026-08-05 00:00:00,,17900,0,KG,        AUBA,NUCREL925.E,2502,0,KG,2026-08-05 00:00:00
AUBA,231135NX,231135NX.E,231135NX.E,4582002,20,2026-06-01 00:00:00,2026-08-05 00:00:00,,17900,0,KG,        AUBA,SH2O.E,13788,0,KG,2026-08-05 00:00:00
AUBA,231135NX,231135NX.E,231135NX.E,4583601,20,2026-07-01 00:00:00,2026-09-06 00:00:00,,17900,0,KG,        AUBA,1000TO.E,18,0,EA,2026-09-06 00:00:00
AUBA,231135NX,231135NX.E,231135NX.E,4583601,20,2026-07-01 00:00:00,2026-09-06 00:00:00,,17900,0,KG,        AUBA,DMEA.E,537,0,KG,2026-09-06 00:00:00
AUBA,231135NX,231135NX.E,231135NX.E,4583601,20,2026-07-01 00:00:00,2026-09-06 00:00:00,,17900,0,KG,        AUBA,FORAX.E,1072,0,KG,2026-09-06 00:00:00
AUBA,231135NX,231135NX.E,231135NX.E,4583601,20,2026-07-01 00:00:00,2026-09-06 00:00:00,,17900,0,KG,        AUBA,NUCREL925.E,2502,0,KG,2026-09-06 00:00:00
AUBA,231135NX,231135NX.E,231135NX.E,4583601,20,2026-07-01 00:00:00,2026-09-06 00:00:00,,17900,0,KG,        AUBA,SH2O.E,13788,0,KG,2026-09-06 00:00:00
AUBA,231316PX,231316PX.E,231316PX.E,4584177,20,2026-07-14 00:00:00,2026-07-28 00:00:00,,120,0,KG,        AUBA,CARTNG.E,1,0,KG,2026-07-28 00:00:00
AUBA,231316PX,231316PX.E,231316PX.E,4584177,20,2026-07-14 00:00:00,2026-07-28 00:00:00,,120,0,KG,        AUBA,DYNOL604.E,0,0,KG,2026-07-28 00:00:00
AUBA,231316PX,231316PX.E,231316PX.E,4584177,20,2026-07-14 00:00:00,2026-07-28 00:00:00,,120,0,KG,        AUBA,ENF0922.E,67,0,KG,2026-07-28 00:00:00
AUBA,231316PX,231316PX.E,231316PX.E,4584177,20,2026-07-14 00:00:00,2026-07-28 00:00:00,,120,0,KG,        AUBA,SH2O.E,33,0,KG,2026-07-28 00:00:00
AUBA,231316PX,231316PX.E,231316PX.E,4584177,20,2026-07-14 00:00:00,2026-07-28 00:00:00,,120,0,KG,        AUBA,SOK110S.E,19,0,KG,2026-07-28 00:00:00
AUBA,231316PX,231316PX.E,231316PX.E-PL,4584178,20,2026-07-14 00:00:00,2026-07-28 00:00:00,,4,0,PL,        AUBA,231316PX.E,72,0,KG,2026-07-28 00:00:00
AUBA,231316PX,231316PX.E,231316PX.E-PL,4584178,20,2026-07-14 00:00:00,2026-07-28 00:00:00,,4,0,PL,        AUBA,PL.E,4,0,EA,2026-07-28 00:00:00
CIN2,241194PX,241194PX,241194PX,4583485,32,2026-06-30 00:00:00,2026-07-17 00:00:00,,5900,0,LB,        CIN2,CAAC,1179,0,LB,2026-07-16 00:00:00
CIN2,241194PX,241194PX,241194PX,4583485,32,2026-06-30 00:00:00,2026-07-17 00:00:00,,5900,0,LB,        CIN2,FOAM1488,6,0,LB,2026-07-16 00:00:00
CIN2,241194PX,241194PX,241194PX,4583485,32,2026-06-30 00:00:00,2026-07-17 00:00:00,,5900,0,LB,        CIN2,KELSOL,884,0,LB,2026-07-17 00:00:00
CIN2,241194PX,241194PX,241194PX,4583485,32,2026-06-30 00:00:00,2026-07-17 00:00:00,,5900,0,LB,        CIN2,PREBIT,6,0,LB,2026-07-16 00:00:00
CIN2,241194PX,241194PX,241194PX,4583485,32,2026-06-30 00:00:00,2026-07-17 00:00:00,,5900,0,LB,        CIN2,SH2O,3751,0,LB,2026-07-17 00:00:00
CIN2,241194PX,241194PX,241194PX,4583485,32,2026-06-30 00:00:00,2026-07-17 00:00:00,,5900,0,LB,        CIN2,SH2OF,59,0,LB,2026-07-17 00:00:00
CIN2,241194PX,241194PX,241194PX,4583485,32,2026-06-30 00:00:00,2026-07-17 00:00:00,,5900,0,LB,        CIN2,SURF465,15,0,LB,2026-07-16 00:00:00
CIN2,241194PX,241194PX,241194PX-FD,4583486,20,2026-06-30 00:00:00,2026-07-20 00:00:00,,12,0,DR,        CIN2,241194PX,5700,0,LB,2026-07-20 00:00:00
CIN2,241194PX,241194PX,241194PX-FD,4583486,20,2026-06-30 00:00:00,2026-07-20 00:00:00,,12,0,DR,        CIN2,FD,12,0,EA,2026-07-20 00:00:00
CIN2,2427,2427,2427,4583207,35,2026-06-24 00:00:00,2026-07-15 00:00:00,,300,0,LB,        CIN2,MD91530,186,0,LB,2026-07-14 00:00:00
CIN2,2427,2427,2427,4583207,35,2026-06-24 00:00:00,2026-07-15 00:00:00,,300,0,LB,        CIN2,PASU420,1,0,LB,2026-07-14 00:00:00
CIN2,2427,2427,2427,4583207,35,2026-06-24 00:00:00,2026-07-15 00:00:00,,300,0,LB,        CIN2,S2,2,0,LB,2026-07-14 00:00:00
CIN2,2427,2427,2427,4583207,35,2026-06-24 00:00:00,2026-07-15 00:00:00,,300,0,LB,        CIN2,SH2O,22,0,LB,2026-07-14 00:00:00
CIN2,2427,2427,2427,4583207,35,2026-06-24 00:00:00,2026-07-15 00:00:00,,300,0,LB,        CIN2,WX1526,90,0,LB,2026-07-14 00:00:00
CIN2,251194NX,251194NX,251194NX,4583989,32,2026-07-09 00:00:00,2026-07-24 00:00:00,,1920,0,LB,        CIN2,DMEA45,24,0,LB,2026-07-24 00:00:00
CIN2,251194NX,251194NX,251194NX,4583989,32,2026-07-09 00:00:00,2026-07-24 00:00:00,,1920,0,LB,        CIN2,MP4983R,1229,0,LB,2026-07-24 00:00:00
CIN2,251194NX,251194NX,251194NX,4583989,32,2026-07-09 00:00:00,2026-07-24 00:00:00,,1920,0,LB,        CIN2,NEOR605,233,0,LB,2026-07-23 00:00:00
CIN2,251194NX,251194NX,251194NX,4583989,32,2026-07-09 00:00:00,2026-07-24 00:00:00,,1920,0,LB,        CIN2,SH2O,396,0,LB,2026-07-24 00:00:00
CIN2,251194NX,251194NX,251194NX,4583989,32,2026-07-09 00:00:00,2026-07-24 00:00:00,,1920,0,LB,        CIN2,SH2OF,38,0,LB,2026-07-24 00:00:00
CIN2,251194NX,251194NX,251194NX-PL,4583990,20,2026-07-09 00:00:00,2026-07-27 00:00:00,,48,0,PL,        CIN2,251194NX,1920,0,LB,2026-07-27 00:00:00
CIN2,251194NX,251194NX,251194NX-PL,4583990,20,2026-07-09 00:00:00,2026-07-27 00:00:00,,48,0,PL,        CIN2,GPL,48,0,EA,2026-07-27 00:00:00
CIN2,26006,26006,26006,4583208,20,2026-06-24 00:00:00,2026-07-20 00:00:00,,3600,0,LB,        CIN2,2427,144,0,LB,2026-07-17 00:00:00
CIN2,26006,26006,26006,4583208,20,2026-06-24 00:00:00,2026-07-20 00:00:00,,3600,0,LB,        CIN2,CH6577,1278,0,LB,2026-07-17 00:00:00
CIN2,26006,26006,26006,4583208,20,2026-06-24 00:00:00,2026-07-20 00:00:00,,3600,0,LB,        CIN2,J3001,1732,0,LB,2026-07-17 00:00:00
CIN2,26006,26006,26006,4583208,20,2026-06-24 00:00:00,2026-07-20 00:00:00,,3600,0,LB,        CIN2,MD91530,288,0,LB,2026-07-17 00:00:00
CIN2,26006,26006,26006,4583208,20,2026-06-24 00:00:00,2026-07-20 00:00:00,,3600,0,LB,        CIN2,PASU420,18,0,LB,2026-07-17 00:00:00
CIN2,26006,26006,26006,4583208,20,2026-06-24 00:00:00,2026-07-20 00:00:00,,3600,0,LB,        CIN2,S2,32,0,LB,2026-07-17 00:00:00
CIN2,26006,26006,26006,4583208,20,2026-06-24 00:00:00,2026-07-20 00:00:00,,3600,0,LB,        CIN2,S5,108,0,LB,2026-07-17 00:00:00
CIN2,26006,26006,26006-FD,4583209,20,2026-06-24 00:00:00,2026-07-21 00:00:00,,8,0,DR,        CIN2,26006,3600,0,LB,2026-07-21 00:00:00
CIN2,26006,26006,26006-FD,4583209,20,2026-06-24 00:00:00,2026-07-21 00:00:00,,8,0,DR,        CIN2,FD,8,0,EA,2026-07-21 00:00:00
CINC,261103PX,261103PX,261103PX,4584124,35,2026-07-13 00:00:00,2026-07-15 00:00:00,,400,0,LB,        CINC,BYK024,0,0,LB,2026-07-15 00:00:00
CINC,261103PX,261103PX,261103PX,4584124,35,2026-07-13 00:00:00,2026-07-15 00:00:00,,400,0,LB,        CINC,PREBIT,1,0,LB,2026-07-15 00:00:00
CINC,261103PX,261103PX,261103PX,4584124,35,2026-07-13 00:00:00,2026-07-15 00:00:00,,400,0,LB,        CINC,SELV203,100,0,LB,2026-07-15 00:00:00
CINC,261103PX,261103PX,261103PX,4584124,35,2026-07-13 00:00:00,2026-07-15 00:00:00,,400,0,LB,        CINC,SH2O,299,0,LB,2026-07-15 00:00:00
SING,AMAZONP,AMAZONP.S,AMAZONP.S,4583884,32,2026-07-08 00:00:00,2026-07-15 00:00:00,,1200,0,KG,        SING,ACTMV.S,1,0,KG,2026-07-15 00:00:00
SING,AMAZONP,AMAZONP.S,AMAZONP.S,4583884,32,2026-07-08 00:00:00,2026-07-15 00:00:00,,1200,0,KG,        SING,AMAZON.S,1199,0,KG,2026-07-15 00:00:00
SING,AMAZONP,AMAZONP.S,AMAZONP.S,4583885,32,2026-07-08 00:00:00,2026-07-15 00:00:00,,1200,0,KG,        SING,ACTMV.S,1,0,KG,2026-07-15 00:00:00
SING,AMAZONP,AMAZONP.S,AMAZONP.S,4583885,32,2026-07-08 00:00:00,2026-07-15 00:00:00,,1200,0,KG,        SING,AMAZON.S,1199,0,KG,2026-07-15 00:00:00
SING,AMAZONP,AMAZONP.S,AMAZONP.S,4583886,32,2026-07-08 00:00:00,2026-07-15 00:00:00,,1200,0,KG,        SING,ACTMV.S,1,0,KG,2026-07-15 00:00:00
SING,AMAZONP,AMAZONP.S,AMAZONP.S,4583886,32,2026-07-08 00:00:00,2026-07-15 00:00:00,,1200,0,KG,        SING,AMAZON.S,1199,0,KG,2026-07-15 00:00:00
SING,AMAZONP,AMAZONP.S,AMAZONP.S,4583887,32,2026-07-08 00:00:00,2026-07-15 00:00:00,,1200,0,KG,        SING,ACTMV.S,1,0,KG,2026-07-15 00:00:00
SING,AMAZONP,AMAZONP.S,AMAZONP.S,4583887,32,2026-07-08 00:00:00,2026-07-15 00:00:00,,1200,0,KG,        SING,AMAZON.S,1199,0,KG,2026-07-15 00:00:00
SING,AMAZONP,AMAZONP.S,AMAZONP.S,4583888,32,2026-07-08 00:00:00,2026-07-15 00:00:00,,1200,0,KG,        SING,ACTMV.S,1,0,KG,2026-07-15 00:00:00
SING,AMAZONP,AMAZONP.S,AMAZONP.S,4583888,32,2026-07-08 00:00:00,2026-07-15 00:00:00,,1200,0,KG,        SING,AMAZON.S,1199,0,KG,2026-07-15 00:00:00
SING,AMAZONP,AMAZONP.S,AMAZONP.S,4583889,32,2026-07-08 00:00:00,2026-07-15 00:00:00,,1200,0,KG,        SING,ACTMV.S,1,0,KG,2026-07-15 00:00:00
SING,AMAZONP,AMAZONP.S,AMAZONP.S,4583889,32,2026-07-08 00:00:00,2026-07-15 00:00:00,,1200,0,KG,        SING,AMAZON.S,1199,0,KG,2026-07-15 00:00:00
SING,AMAZONP,AMAZONP.S,AMAZONP.S,4583890,32,2026-07-08 00:00:00,2026-07-15 00:00:00,,1200,0,KG,        SING,ACTMV.S,1,0,KG,2026-07-15 00:00:00
SING,AMAZONP,AMAZONP.S,AMAZONP.S,4583890,32,2026-07-08 00:00:00,2026-07-15 00:00:00,,1200,0,KG,        SING,AMAZON.S,1199,0,KG,2026-07-15 00:00:00
SING,AMAZONP,AMAZONP.S,AMAZONP.S,4583891,32,2026-07-08 00:00:00,2026-07-15 00:00:00,,1200,0,KG,        SING,ACTMV.S,1,0,KG,2026-07-15 00:00:00
SING,AMAZONP,AMAZONP.S,AMAZONP.S,4583891,32,2026-07-08 00:00:00,2026-07-15 00:00:00,,1200,0,KG,        SING,AMAZON.S,1199,0,KG,2026-07-15 00:00:00
SING,AMAZONP,AMAZONP.S,AMAZONP.S,4583892,20,2026-07-08 00:00:00,2026-07-16 00:00:00,,1200,0,KG,        SING,ACTMV.S,1,0,KG,2026-07-16 00:00:00
SING,AMAZONP,AMAZONP.S,AMAZONP.S,4583892,20,2026-07-08 00:00:00,2026-07-16 00:00:00,,1200,0,KG,        SING,AMAZON.S,1199,0,KG,2026-07-16 00:00:00
SING,AMAZONP,AMAZONP.S,AMAZONP.S,4583893,20,2026-07-08 00:00:00,2026-07-16 00:00:00,,1200,0,KG,        SING,ACTMV.S,1,0,KG,2026-07-16 00:00:00
SING,AMAZONP,AMAZONP.S,AMAZONP.S,4583893,20,2026-07-08 00:00:00,2026-07-16 00:00:00,,1200,0,KG,        SING,AMAZON.S,1199,0,KG,2026-07-16 00:00:00
SING,AMAZONP,AMAZONP.S,AMAZONP.S,4583894,20,2026-07-08 00:00:00,2026-07-16 00:00:00,,1200,0,KG,        SING,ACTMV.S,1,0,KG,2026-07-16 00:00:00
SING,AMAZONP,AMAZONP.S,AMAZONP.S,4583894,20,2026-07-08 00:00:00,2026-07-16 00:00:00,,1200,0,KG,        SING,AMAZON.S,1199,0,KG,2026-07-16 00:00:00
SING,AMAZONP,AMAZONP.S,AMAZONP.S,4583895,20,2026-07-08 00:00:00,2026-07-16 00:00:00,,1200,0,KG,        SING,ACTMV.S,1,0,KG,2026-07-16 00:00:00
SING,AMAZONP,AMAZONP.S,AMAZONP.S,4583895,20,2026-07-08 00:00:00,2026-07-16 00:00:00,,1200,0,KG,        SING,AMAZON.S,1199,0,KG,2026-07-16 00:00:00
SING,AMAZONP,AMAZONP.S,AMAZONP.S,4583896,20,2026-07-08 00:00:00,2026-07-16 00:00:00,,1200,0,KG,        SING,ACTMV.S,1,0,KG,2026-07-16 00:00:00
SING,AMAZONP,AMAZONP.S,AMAZONP.S,4583896,20,2026-07-08 00:00:00,2026-07-16 00:00:00,,1200,0,KG,        SING,AMAZON.S,1199,0,KG,2026-07-16 00:00:00
SING,AMAZONP,AMAZONP.S,AMAZONP.S,4583897,20,2026-07-08 00:00:00,2026-07-16 00:00:00,,1200,0,KG,        SING,ACTMV.S,1,0,KG,2026-07-16 00:00:00
SING,AMAZONP,AMAZONP.S,AMAZONP.S,4583897,20,2026-07-08 00:00:00,2026-07-16 00:00:00,,1200,0,KG,        SING,AMAZON.S,1199,0,KG,2026-07-16 00:00:00
SING,AMAZONP,AMAZONP.S,AMAZONP.S,4583898,20,2026-07-08 00:00:00,2026-07-16 00:00:00,,1200,0,KG,        SING,ACTMV.S,1,0,KG,2026-07-16 00:00:00
SING,AMAZONP,AMAZONP.S,AMAZONP.S,4583898,20,2026-07-08 00:00:00,2026-07-16 00:00:00,,1200,0,KG,        SING,AMAZON.S,1199,0,KG,2026-07-16 00:00:00
SING,AMAZONP,AMAZONP.S,AMAZONP.S,4583899,20,2026-07-08 00:00:00,2026-07-16 00:00:00,,1200,0,KG,        SING,ACTMV.S,1,0,KG,2026-07-16 00:00:00
SING,AMAZONP,AMAZONP.S,AMAZONP.S,4583899,20,2026-07-08 00:00:00,2026-07-16 00:00:00,,1200,0,KG,        SING,AMAZON.S,1199,0,KG,2026-07-16 00:00:00
SING,AMAZONP,AMAZONP.S,AMAZONP.S,4584155,20,2026-07-14 00:00:00,2026-07-17 00:00:00,,1200,0,KG,        SING,ACTMV.S,1,0,KG,2026-07-17 00:00:00
SING,AMAZONP,AMAZONP.S,AMAZONP.S,4584155,20,2026-07-14 00:00:00,2026-07-17 00:00:00,,1200,0,KG,        SING,AMAZON.S,1199,0,KG,2026-07-17 00:00:00
SING,AMAZONP,AMAZONP.S,AMAZONP.S,4584156,20,2026-07-14 00:00:00,2026-07-17 00:00:00,,1200,0,KG,        SING,ACTMV.S,1,0,KG,2026-07-17 00:00:00
SING,AMAZONP,AMAZONP.S,AMAZONP.S,4584156,20,2026-07-14 00:00:00,2026-07-17 00:00:00,,1200,0,KG,        SING,AMAZON.S,1199,0,KG,2026-07-17 00:00:00
SING,AMAZONP,AMAZONP.S,AMAZONP.S,4584157,20,2026-07-14 00:00:00,2026-07-17 00:00:00,,1200,0,KG,        SING,ACTMV.S,1,0,KG,2026-07-17 00:00:00
SING,AMAZONP,AMAZONP.S,AMAZONP.S,4584157,20,2026-07-14 00:00:00,2026-07-17 00:00:00,,1200,0,KG,        SING,AMAZON.S,1199,0,KG,2026-07-17 00:00:00
SING,AMAZONP,AMAZONP.S,AMAZONP.S,4584158,20,2026-07-14 00:00:00,2026-07-17 00:00:00,,1200,0,KG,        SING,ACTMV.S,1,0,KG,2026-07-17 00:00:00
SING,AMAZONP,AMAZONP.S,AMAZONP.S,4584158,20,2026-07-14 00:00:00,2026-07-17 00:00:00,,1200,0,KG,        SING,AMAZON.S,1199,0,KG,2026-07-17 00:00:00
SING,AMAZONP,AMAZONP.S,AMAZONP.S,4584159,20,2026-07-14 00:00:00,2026-07-17 00:00:00,,1200,0,KG,        SING,ACTMV.S,1,0,KG,2026-07-17 00:00:00
SING,AMAZONP,AMAZONP.S,AMAZONP.S,4584159,20,2026-07-14 00:00:00,2026-07-17 00:00:00,,1200,0,KG,        SING,AMAZON.S,1199,0,KG,2026-07-17 00:00:00
SING,AMAZONP,AMAZONP.S,AMAZONP.S,4584160,20,2026-07-14 00:00:00,2026-07-17 00:00:00,,1200,0,KG,        SING,ACTMV.S,1,0,KG,2026-07-17 00:00:00
SING,AMAZONP,AMAZONP.S,AMAZONP.S,4584160,20,2026-07-14 00:00:00,2026-07-17 00:00:00,,1200,0,KG,        SING,AMAZON.S,1199,0,KG,2026-07-17 00:00:00
SING,AMAZONP,AMAZONP.S,AMAZONP.S,4584161,20,2026-07-14 00:00:00,2026-07-17 00:00:00,,1200,0,KG,        SING,ACTMV.S,1,0,KG,2026-07-17 00:00:00
SING,AMAZONP,AMAZONP.S,AMAZONP.S,4584161,20,2026-07-14 00:00:00,2026-07-17 00:00:00,,1200,0,KG,        SING,AMAZON.S,1199,0,KG,2026-07-17 00:00:00
SING,AMAZONP,AMAZONP.S,AMAZONP.S,4584162,20,2026-07-14 00:00:00,2026-07-17 00:00:00,,1200,0,KG,        SING,ACTMV.S,1,0,KG,2026-07-17 00:00:00
SING,AMAZONP,AMAZONP.S,AMAZONP.S,4584162,20,2026-07-14 00:00:00,2026-07-17 00:00:00,,1200,0,KG,        SING,AMAZON.S,1199,0,KG,2026-07-17 00:00:00
CINC,BLND550GM,BLND550GM,BLND550GM,4584125,32,2026-07-13 00:00:00,2026-07-17 00:00:00,,44000,0,LB,        CINC,ACTMV,66,0,LB,2026-07-16 00:00:00
CINC,BLND550GM,BLND550GM,BLND550GM,4584125,32,2026-07-13 00:00:00,2026-07-17 00:00:00,,44000,0,LB,        CINC,ME67235,21923,0,LB,2026-07-16 00:00:00
CINC,BLND550GM,BLND550GM,BLND550GM,4584125,32,2026-07-13 00:00:00,2026-07-17 00:00:00,,44000,0,LB,        CINC,ME94340,21923,0,LB,2026-07-16 00:00:00
CINC,BLND550GM,BLND550GM,BLND550GM,4584125,32,2026-07-13 00:00:00,2026-07-17 00:00:00,,44000,0,LB,        CINC,PREBIT,88,0,LB,2026-07-16 00:00:00
CINC,BOILOUT,BOILOUT,BOILOUT,4582894,35,2026-06-17 00:00:00,2026-07-21 00:00:00,,44000,0,LB,        CINC,KOH45,200,0,LB,2026-07-20 00:00:00
CINC,BOILOUT,BOILOUT,BOILOUT,4582894,35,2026-06-17 00:00:00,2026-07-21 00:00:00,,44000,0,LB,        CINC,PHOSACID,103,0,LB,2026-07-20 00:00:00
CINC,BOILOUT,BOILOUT,BOILOUT,4582894,35,2026-06-17 00:00:00,2026-07-21 00:00:00,,44000,0,LB,        CINC,SH2O,42817,0,LB,2026-07-20 00:00:00
CINC,BOILOUT,BOILOUT,BOILOUT,4582894,35,2026-06-17 00:00:00,2026-07-21 00:00:00,,44000,0,LB,        CINC,SH2OF,880,0,LB,2026-07-20 00:00:00
CINC,BOILOUT,BOILOUT,BOILOUT,4584185,35,2026-07-14 00:00:00,2026-07-22 00:00:00,,28000,0,LB,        CINC,KOH45,127,0,LB,2026-07-21 00:00:00
CINC,BOILOUT,BOILOUT,BOILOUT,4584185,35,2026-07-14 00:00:00,2026-07-22 00:00:00,,28000,0,LB,        CINC,PHOSACID,66,0,LB,2026-07-21 00:00:00
CINC,BOILOUT,BOILOUT,BOILOUT,4584185,35,2026-07-14 00:00:00,2026-07-22 00:00:00,,28000,0,LB,        CINC,SH2O,27247,0,LB,2026-07-21 00:00:00
CINC,BOILOUT,BOILOUT,BOILOUT,4584185,35,2026-07-14 00:00:00,2026-07-22 00:00:00,,28000,0,LB,        CINC,SH2OF,560,0,LB,2026-07-21 00:00:00
CINC,BOILOUT,BOILOUT,BOILOUT,4583849,35,2026-07-07 00:00:00,2026-07-28 00:00:00,,44000,0,LB,        CINC,KOH45,200,0,LB,2026-07-27 00:00:00
CINC,BOILOUT,BOILOUT,BOILOUT,4583849,35,2026-07-07 00:00:00,2026-07-28 00:00:00,,44000,0,LB,        CINC,PHOSACID,103,0,LB,2026-07-27 00:00:00
CINC,BOILOUT,BOILOUT,BOILOUT,4583849,35,2026-07-07 00:00:00,2026-07-28 00:00:00,,44000,0,LB,        CINC,SH2O,42817,0,LB,2026-07-27 00:00:00
CINC,BOILOUT,BOILOUT,BOILOUT,4583849,35,2026-07-07 00:00:00,2026-07-28 00:00:00,,44000,0,LB,        CINC,SH2OF,880,0,LB,2026-07-27 00:00:00
AUBA,BOILOUT,BOILOUT.E,BOILOUT.E,4584039,35,2026-07-10 00:00:00,2026-07-15 00:00:00,,10200,0,KG,        AUBA,FH2O.E,10127,0,KG,2026-07-14 00:00:00
AUBA,BOILOUT,BOILOUT.E,BOILOUT.E,4584039,35,2026-07-10 00:00:00,2026-07-15 00:00:00,,10200,0,KG,        AUBA,KOH90.E,26,0,KG,2026-07-14 00:00:00
AUBA,BOILOUT,BOILOUT.E,BOILOUT.E,4584039,35,2026-07-10 00:00:00,2026-07-15 00:00:00,,10200,0,KG,        AUBA,NITACID.E,48,0,KG,2026-07-14 00:00:00
AUBA,BOILOUT,BOILOUT.E,BOILOUT.E,4583844,20,2026-07-07 00:00:00,2026-07-21 00:00:00,,10000,0,KG,        AUBA,FH2O.E,9928,0,KG,2026-07-17 00:00:00
AUBA,BOILOUT,BOILOUT.E,BOILOUT.E,4583844,20,2026-07-07 00:00:00,2026-07-21 00:00:00,,10000,0,KG,        AUBA,KOH90.E,25,0,KG,2026-07-17 00:00:00
AUBA,BOILOUT,BOILOUT.E,BOILOUT.E,4583844,20,2026-07-07 00:00:00,2026-07-21 00:00:00,,10000,0,KG,        AUBA,NITACID.E,47,0,KG,2026-07-17 00:00:00
AUBA,BOILOUT,BOILOUT.E,BOILOUT.E,4584173,20,2026-07-14 00:00:00,2026-07-24 00:00:00,,8500,0,KG,        AUBA,FH2O.E,8439,0,KG,2026-07-23 00:00:00
AUBA,BOILOUT,BOILOUT.E,BOILOUT.E,4584173,20,2026-07-14 00:00:00,2026-07-24 00:00:00,,8500,0,KG,        AUBA,KOH90.E,21,0,KG,2026-07-23 00:00:00
AUBA,BOILOUT,BOILOUT.E,BOILOUT.E,4584173,20,2026-07-14 00:00:00,2026-07-24 00:00:00,,8500,0,KG,        AUBA,NITACID.E,40,0,KG,2026-07-23 00:00:00
SING,BOILOUT,BOILOUT.S,BOILOUT.S,4584043,32,2026-07-10 00:00:00,2026-07-17 00:00:00,,6000,0,KG,        SING,KOH90.S,60,0,KG,2026-07-16 00:00:00
SING,BOILOUT,BOILOUT.S,BOILOUT.S,4584043,32,2026-07-10 00:00:00,2026-07-17 00:00:00,,6000,0,KG,        SING,SH2O.S,5940,0,KG,2026-07-16 00:00:00
CIN2,CLG2100,CLG2100,CLG2100-FD,4583851,35,2026-07-07 00:00:00,2026-07-15 00:00:00,,8,0,DR,        CIN2,CLG2100,4000,0,LB,2026-07-15 00:00:00
CIN2,CLG2100,CLG2100,CLG2100-FD,4583851,35,2026-07-07 00:00:00,2026-07-15 00:00:00,,8,0,DR,        CIN2,FD,8,0,EA,2026-07-15 00:00:00
AUBA,DF400,DF400.E,DF400.E,4584093,20,2026-07-13 00:00:00,2026-07-24 00:00:00,,15,0,KG,        AUBA,AGITAN651.E,8,0,KG,2026-07-23 00:00:00
AUBA,DF400,DF400.E,DF400.E,4584093,20,2026-07-13 00:00:00,2026-07-24 00:00:00,,15,0,KG,        AUBA,SH2O.E,8,0,KG,2026-07-23 00:00:00
AUBA,DF400,DF400.E,DF400.E-PL,4584094,20,2026-07-13 00:00:00,2026-07-24 00:00:00,,1,0,PL,        AUBA,DF400.E,15,0,KG,2026-07-24 00:00:00
AUBA,DF400,DF400.E,DF400.E-PL,4584094,20,2026-07-13 00:00:00,2026-07-24 00:00:00,,1,0,PL,        AUBA,PL.E,1,0,EA,2026-07-24 00:00:00
AUBA,DG520IJ,DG520IJ.E,DG520IJ.E,4583753,20,2026-07-06 00:00:00,2026-08-24 00:00:00,,3200,0,KG,        AUBA,BYK016.E,16,0,KG,2026-08-21 00:00:00
AUBA,DG520IJ,DG520IJ.E,DG520IJ.E,4583753,20,2026-07-06 00:00:00,2026-08-24 00:00:00,,3200,0,KG,        AUBA,ME93935.E,594,0,KG,2026-08-21 00:00:00
AUBA,DG520IJ,DG520IJ.E,DG520IJ.E,4583753,20,2026-07-06 00:00:00,2026-08-24 00:00:00,,3200,0,KG,        AUBA,N30AMIC.E,961,0,KG,2026-08-21 00:00:00
AUBA,DG520IJ,DG520IJ.E,DG520IJ.E,4583753,20,2026-07-06 00:00:00,2026-08-24 00:00:00,,3200,0,KG,        AUBA,PROXELDILUE.E,6,0,KG,2026-08-21 00:00:00
AUBA,DG520IJ,DG520IJ.E,DG520IJ.E,4583753,20,2026-07-06 00:00:00,2026-08-24 00:00:00,,3200,0,KG,        AUBA,SE394.E,427,0,KG,2026-08-21 00:00:00
AUBA,DG520IJ,DG520IJ.E,DG520IJ.E,4583753,20,2026-07-06 00:00:00,2026-08-24 00:00:00,,3200,0,KG,        AUBA,SE3941.E,670,0,KG,2026-08-21 00:00:00
AUBA,DG520IJ,DG520IJ.E,DG520IJ.E,4583753,20,2026-07-06 00:00:00,2026-08-24 00:00:00,,3200,0,KG,        AUBA,SH2O.E,409,0,KG,2026-08-21 00:00:00
AUBA,DG520IJ,DG520IJ.E,DG520IJ.E,4583753,20,2026-07-06 00:00:00,2026-08-24 00:00:00,,3200,0,KG,        AUBA,ZNOSOL1.E,117,0,KG,2026-08-21 00:00:00
AUBA,DG520IJ,DG520IJ.E,DG520IJ.E-TO,4583757,20,2026-07-06 00:00:00,2026-08-25 00:00:00,,4,0,TO,        AUBA,1000TO.E,4,0,EA,2026-08-25 00:00:00
AUBA,DG520IJ,DG520IJ.E,DG520IJ.E-TO,4583757,20,2026-07-06 00:00:00,2026-08-25 00:00:00,,4,0,TO,        AUBA,DG520IJ.E,4000,0,KG,2026-08-25 00:00:00
CINC,DMEA45,DMEA45,DMEA45,4584186,35,2026-07-14 00:00:00,2026-07-14 00:00:00,,8720,0,LB,        CINC,DIH2O,4316,0,LB,2026-07-13 00:00:00
CINC,DMEA45,DMEA45,DMEA45,4584186,35,2026-07-14 00:00:00,2026-07-14 00:00:00,,8720,0,LB,        CINC,DIH2OF,436,0,LB,2026-07-13 00:00:00
CINC,DMEA45,DMEA45,DMEA45,4584186,35,2026-07-14 00:00:00,2026-07-14 00:00:00,,8720,0,LB,        CINC,DMEAFC,3968,0,LB,2026-07-13 00:00:00
CIN2,DP040,DP040,DP040,4584187,30,2026-07-14 00:00:00,2026-07-22 00:00:00,,3000,0,LB,        CIN2,15S15,30,0,LB,2026-07-21 00:00:00
CIN2,DP040,DP040,DP040,4584187,30,2026-07-14 00:00:00,2026-07-22 00:00:00,,3000,0,LB,        CIN2,ACTMV,3,0,LB,2026-07-21 00:00:00
CIN2,DP040,DP040,DP040,4584187,30,2026-07-14 00:00:00,2026-07-22 00:00:00,,3000,0,LB,        CIN2,ME61335P,128,0,LB,2026-07-22 00:00:00
CIN2,DP040,DP040,DP040,4584187,30,2026-07-14 00:00:00,2026-07-22 00:00:00,,3000,0,LB,        CIN2,MED800,9,0,LB,2026-07-22 00:00:00
CIN2,DP040,DP040,DP040,4584187,30,2026-07-14 00:00:00,2026-07-22 00:00:00,,3000,0,LB,        CIN2,ML193P,180,0,LB,2026-07-22 00:00:00
CIN2,DP040,DP040,DP040,4584187,30,2026-07-14 00:00:00,2026-07-22 00:00:00,,3000,0,LB,        CIN2,NEOR605,1974,0,LB,2026-07-21 00:00:00
CIN2,DP040,DP040,DP040,4584187,30,2026-07-14 00:00:00,2026-07-22 00:00:00,,3000,0,LB,        CIN2,PREBIT,3,0,LB,2026-07-21 00:00:00
CIN2,DP040,DP040,DP040,4584187,30,2026-07-14 00:00:00,2026-07-22 00:00:00,,3000,0,LB,        CIN2,PROGLY,120,0,LB,2026-07-21 00:00:00
CIN2,DP040,DP040,DP040,4584187,30,2026-07-14 00:00:00,2026-07-22 00:00:00,,3000,0,LB,        CIN2,SH2O,418,0,LB,2026-07-22 00:00:00
CIN2,DP040,DP040,DP040,4584187,30,2026-07-14 00:00:00,2026-07-22 00:00:00,,3000,0,LB,        CIN2,SH2OF,135,0,LB,2026-07-22 00:00:00
CIN2,DP040,DP040,DP040-B1,4584188,20,2026-07-14 00:00:00,2026-07-29 00:00:00,,68,0,B1,        CIN2,B2INSRT,68,0,EA,2026-07-29 00:00:00
CIN2,DP040,DP040,DP040-B1,4584188,20,2026-07-14 00:00:00,2026-07-29 00:00:00,,68,0,B1,        CIN2,BOX2,68,0,EA,2026-07-29 00:00:00
CIN2,DP040,DP040,DP040-B1,4584188,20,2026-07-14 00:00:00,2026-07-29 00:00:00,,68,0,B1,        CIN2,CAP5A,272,0,EA,2026-07-29 00:00:00
CIN2,DP040,DP040,DP040-B1,4584188,20,2026-07-14 00:00:00,2026-07-29 00:00:00,,68,0,B1,        CIN2,DP040,2992,0,LB,2026-07-29 00:00:00
CIN2,DP040,DP040,DP040-B1,4584188,20,2026-07-14 00:00:00,2026-07-29 00:00:00,,68,0,B1,        CIN2,JUG5A,272,0,EA,2026-07-29 00:00:00
AUBA,DP040,DP040.E,DP040.E,4582001,20,2026-06-01 00:00:00,2026-08-04 00:00:00,,6000,0,KG,        AUBA,1000TO.E,6,0,EA,2026-08-04 00:00:00
AUBA,DP040,DP040.E,DP040.E,4582001,20,2026-06-01 00:00:00,2026-08-04 00:00:00,,6000,0,KG,        AUBA,15S15.E,60,0,KG,2026-08-03 00:00:00
AUBA,DP040,DP040.E,DP040.E,4582001,20,2026-06-01 00:00:00,2026-08-04 00:00:00,,6000,0,KG,        AUBA,ACDILUE.E,11,0,KG,2026-08-03 00:00:00
AUBA,DP040,DP040.E,DP040.E,4582001,20,2026-06-01 00:00:00,2026-08-04 00:00:00,,6000,0,KG,        AUBA,ME61335P.E,257,0,KG,2026-08-03 00:00:00
AUBA,DP040,DP040.E,DP040.E,4582001,20,2026-06-01 00:00:00,2026-08-04 00:00:00,,6000,0,KG,        AUBA,MED800.E,18,0,KG,2026-08-03 00:00:00
AUBA,DP040,DP040.E,DP040.E,4582001,20,2026-06-01 00:00:00,2026-08-04 00:00:00,,6000,0,KG,        AUBA,ML193P.E,360,0,KG,2026-08-03 00:00:00
AUBA,DP040,DP040.E,DP040.E,4582001,20,2026-06-01 00:00:00,2026-08-04 00:00:00,,6000,0,KG,        AUBA,NEOR605.E,3948,0,KG,2026-08-03 00:00:00
AUBA,DP040,DP040.E,DP040.E,4582001,20,2026-06-01 00:00:00,2026-08-04 00:00:00,,6000,0,KG,        AUBA,PROGLY.E,240,0,KG,2026-08-03 00:00:00
AUBA,DP040,DP040.E,DP040.E,4582001,20,2026-06-01 00:00:00,2026-08-04 00:00:00,,6000,0,KG,        AUBA,PROXELDILUE.E,12,0,KG,2026-08-03 00:00:00
AUBA,DP040,DP040.E,DP040.E,4582001,20,2026-06-01 00:00:00,2026-08-04 00:00:00,,6000,0,KG,        AUBA,SH2O.E,1094,0,KG,2026-08-03 00:00:00
CINC,DP050,DP050,DP050,4583327,32,2026-06-26 00:00:00,2026-07-15 00:00:00,,20700,0,LB,        CINC,DIH2O,14341,0,LB,2026-07-15 00:00:00
CINC,DP050,DP050,DP050,4583327,32,2026-06-26 00:00:00,2026-07-15 00:00:00,,20700,0,LB,        CINC,DIH2OF,2070,0,LB,2026-07-15 00:00:00
CINC,DP050,DP050,DP050,4583327,32,2026-06-26 00:00:00,2026-07-15 00:00:00,,20700,0,LB,        CINC,FORMALFC,563,0,LB,2026-07-14 00:00:00
CINC,DP050,DP050,DP050,4583327,32,2026-06-26 00:00:00,2026-07-15 00:00:00,,20700,0,LB,        CINC,POLYMINP,3726,0,LB,2026-07-14 00:00:00
CINC,DP050,DP050,DP050,4583918,32,2026-07-08 00:00:00,2026-07-20 00:00:00,,20700,0,LB,        CINC,DIH2O,14341,0,LB,2026-07-20 00:00:00
CINC,DP050,DP050,DP050,4583918,32,2026-07-08 00:00:00,2026-07-20 00:00:00,,20700,0,LB,        CINC,DIH2OF,2070,0,LB,2026-07-20 00:00:00
CINC,DP050,DP050,DP050,4583918,32,2026-07-08 00:00:00,2026-07-20 00:00:00,,20700,0,LB,        CINC,FORMALFC,563,0,LB,2026-07-17 00:00:00
CINC,DP050,DP050,DP050,4583918,32,2026-07-08 00:00:00,2026-07-20 00:00:00,,20700,0,LB,        CINC,POLYMINP,3726,0,LB,2026-07-17 00:00:00
CINC,DP050,DP050,DP050,4583659,32,2026-07-02 00:00:00,2026-07-23 00:00:00,,20700,0,LB,        CINC,DIH2O,14341,0,LB,2026-07-23 00:00:00
CINC,DP050,DP050,DP050,4583659,32,2026-07-02 00:00:00,2026-07-23 00:00:00,,20700,0,LB,        CINC,DIH2OF,2070,0,LB,2026-07-23 00:00:00
CINC,DP050,DP050,DP050,4583659,32,2026-07-02 00:00:00,2026-07-23 00:00:00,,20700,0,LB,        CINC,FORMALFC,563,0,LB,2026-07-22 00:00:00
CINC,DP050,DP050,DP050,4583659,32,2026-07-02 00:00:00,2026-07-23 00:00:00,,20700,0,LB,        CINC,POLYMINP,3726,0,LB,2026-07-22 00:00:00
CIN2,DP050,DP050,DP050-P2,4583389,20,2026-06-29 00:00:00,2026-07-15 00:00:00,,4,0,PA,        CIN2,DP050-PL,96,0,EA,2026-07-15 00:00:00
CIN2,DP050,DP050,DP050-P2,4583854,20,2026-07-07 00:00:00,2026-07-23 00:00:00,,3,0,PA,        CIN2,DP050-PL,72,0,EA,2026-07-23 00:00:00
CIN2,DP050,DP050,DP050-P2,4584128,20,2026-07-13 00:00:00,2026-07-28 00:00:00,,4,0,PA,        CIN2,DP050-PL,96,0,EA,2026-07-28 00:00:00
CINC,DP050,DP050,DP050-PL,4583275,35,2026-06-25 00:00:00,2026-07-21 00:00:00,,517,0,PL,        CINC,DP050,20680,0,LB,2026-07-21 00:00:00
CINC,DP050,DP050,DP050-PL,4583275,35,2026-06-25 00:00:00,2026-07-21 00:00:00,,517,0,PL,        CINC,GPL,517,0,EA,2026-07-21 00:00:00
CINC,DP050,DP050,DP050-PL,4583919,20,2026-07-08 00:00:00,2026-07-28 00:00:00,,517,0,PL,        CINC,DP050,20680,0,LB,2026-07-28 00:00:00
CINC,DP050,DP050,DP050-PL,4583919,20,2026-07-08 00:00:00,2026-07-28 00:00:00,,517,0,PL,        CINC,GPL,517,0,EA,2026-07-28 00:00:00
AUBA,DP050,DP050.E,DP050.E,4583597,20,2026-07-01 00:00:00,2026-08-24 00:00:00,,20000,0,KG,        AUBA,1000TO.E,20,0,EA,2026-08-24 00:00:00
AUBA,DP050,DP050.E,DP050.E,4583597,20,2026-07-01 00:00:00,2026-08-24 00:00:00,,20000,0,KG,        AUBA,DIH2O.E,15856,0,KG,2026-08-21 00:00:00
AUBA,DP050,DP050.E,DP050.E,4583597,20,2026-07-01 00:00:00,2026-08-24 00:00:00,,20000,0,KG,        AUBA,FORMAL.E,544,0,KG,2026-08-21 00:00:00
AUBA,DP050,DP050.E,DP050.E,4583597,20,2026-07-01 00:00:00,2026-08-24 00:00:00,,20000,0,KG,        AUBA,POLYMINP.E,3600,0,KG,2026-08-21 00:00:00
SING,DP050,DP050.S,DP050.S,4584088,20,2026-07-13 00:00:00,2026-07-20 00:00:00,,8800,0,KG,        SING,DIH2O.S,6977,0,KG,2026-07-17 00:00:00
SING,DP050,DP050.S,DP050.S,4584088,20,2026-07-13 00:00:00,2026-07-20 00:00:00,,8800,0,KG,        SING,FORMAL.S,239,0,KG,2026-07-17 00:00:00
SING,DP050,DP050.S,DP050.S,4584088,20,2026-07-13 00:00:00,2026-07-20 00:00:00,,8800,0,KG,        SING,POLYMINP.S,1584,0,KG,2026-07-17 00:00:00
SING,DP050,DP050.S,DP050.S-PL,4584084,30,2026-07-13 00:00:00,2026-07-17 00:00:00,,194,0,PL,        SING,DP050.S,3492,0,KG,2026-07-17 00:00:00
SING,DP050,DP050.S,DP050.S-PL,4584084,30,2026-07-13 00:00:00,2026-07-17 00:00:00,,194,0,PL,        SING,GPL.S,194,0,EA,2026-07-16 00:00:00
SING,DP050,DP050.S,DP050.S-PL,4584087,30,2026-07-13 00:00:00,2026-07-17 00:00:00,,28,0,PL,        SING,DP050.S,504,0,KG,2026-07-17 00:00:00
SING,DP050,DP050.S,DP050.S-PL,4584087,30,2026-07-13 00:00:00,2026-07-17 00:00:00,,28,0,PL,        SING,GPL.S,28,0,EA,2026-07-16 00:00:00
AUBA,DP060,DP060.E,DP060.E,4583600,20,2026-07-01 00:00:00,2026-09-02 00:00:00,,9600,0,KG,        AUBA,1000TO.E,10,0,EA,2026-09-02 00:00:00
AUBA,DP060,DP060.E,DP060.E,4583600,20,2026-07-01 00:00:00,2026-09-02 00:00:00,,9600,0,KG,        AUBA,DIH2O.E,8607,0,KG,2026-09-01 00:00:00
AUBA,DP060,DP060.E,DP060.E,4583600,20,2026-07-01 00:00:00,2026-09-02 00:00:00,,9600,0,KG,        AUBA,FORMAL.E,119,0,KG,2026-09-01 00:00:00
AUBA,DP060,DP060.E,DP060.E,4583600,20,2026-07-01 00:00:00,2026-09-02 00:00:00,,9600,0,KG,        AUBA,POLYMINP.E,874,0,KG,2026-09-01 00:00:00
SING,DP060,DP060.S,DP060.S,4584041,32,2026-07-10 00:00:00,2026-07-14 00:00:00,,2000,0,KG,        SING,DIH2O.S,1793,0,KG,2026-07-13 00:00:00
SING,DP060,DP060.S,DP060.S,4584041,32,2026-07-10 00:00:00,2026-07-14 00:00:00,,2000,0,KG,        SING,FORMAL.S,25,0,KG,2026-07-13 00:00:00
SING,DP060,DP060.S,DP060.S,4584041,32,2026-07-10 00:00:00,2026-07-14 00:00:00,,2000,0,KG,        SING,POLYMINP.S,182,0,KG,2026-07-13 00:00:00
SING,DP060,DP060.S,DP060.S-PL,4584042,20,2026-07-10 00:00:00,2026-07-15 00:00:00,,115,0,PL,        SING,DP060.S,2070,0,KG,2026-07-15 00:00:00
SING,DP060,DP060.S,DP060.S-PL,4584042,20,2026-07-10 00:00:00,2026-07-15 00:00:00,,115,0,PL,        SING,GPL.S,115,0,EA,2026-07-14 00:00:00
CIN2,DP680,DP680,DP680,4583214,20,2026-06-24 00:00:00,2026-07-22 00:00:00,,19800,0,LB,        CIN2,DP050,19800,0,LB,2026-07-21 00:00:00
CIN2,DP680,DP680,DP680,4583920,20,2026-07-08 00:00:00,2026-07-29 00:00:00,,19800,0,LB,        CIN2,DP050,19800,0,LB,2026-07-28 00:00:00
CIN2,DP680,DP680,DP680-B1,4583215,20,2026-06-24 00:00:00,2026-07-27 00:00:00,,450,0,B1,        CIN2,B2INSRT,450,0,EA,2026-07-27 00:00:00
CIN2,DP680,DP680,DP680-B1,4583215,20,2026-06-24 00:00:00,2026-07-27 00:00:00,,450,0,B1,        CIN2,BOX2,450,0,EA,2026-07-27 00:00:00
CIN2,DP680,DP680,DP680-B1,4583215,20,2026-06-24 00:00:00,2026-07-27 00:00:00,,450,0,B1,        CIN2,CAP5A,1800,0,EA,2026-07-27 00:00:00
CIN2,DP680,DP680,DP680-B1,4583215,20,2026-06-24 00:00:00,2026-07-27 00:00:00,,450,0,B1,        CIN2,DP680,19800,0,LB,2026-07-27 00:00:00
CIN2,DP680,DP680,DP680-B1,4583215,20,2026-06-24 00:00:00,2026-07-27 00:00:00,,450,0,B1,        CIN2,JUG5A,1800,0,EA,2026-07-27 00:00:00
CIN2,DP680,DP680,DP680-B1,4583921,20,2026-07-08 00:00:00,2026-07-30 00:00:00,,450,0,B1,        CIN2,B2INSRT,450,0,EA,2026-07-30 00:00:00
CIN2,DP680,DP680,DP680-B1,4583921,20,2026-07-08 00:00:00,2026-07-30 00:00:00,,450,0,B1,        CIN2,BOX2,450,0,EA,2026-07-30 00:00:00
CIN2,DP680,DP680,DP680-B1,4583921,20,2026-07-08 00:00:00,2026-07-30 00:00:00,,450,0,B1,        CIN2,CAP5A,1800,0,EA,2026-07-30 00:00:00
CIN2,DP680,DP680,DP680-B1,4583921,20,2026-07-08 00:00:00,2026-07-30 00:00:00,,450,0,B1,        CIN2,DP680,19800,0,LB,2026-07-30 00:00:00
CIN2,DP680,DP680,DP680-B1,4583921,20,2026-07-08 00:00:00,2026-07-30 00:00:00,,450,0,B1,        CIN2,JUG5A,1800,0,EA,2026-07-30 00:00:00
CIN2,DP680,DP680,DP680-P1,4583855,20,2026-07-07 00:00:00,2026-07-15 00:00:00,,1,0,PA,        CIN2,DP680-B1,24,0,B1,2026-07-15 00:00:00
CIN2,DP680,DP680,DP680-P1,4583276,20,2026-06-25 00:00:00,2026-07-22 00:00:00,,1,0,PA,        CIN2,DP680-B1,24,0,B1,2026-07-22 00:00:00
CIN2,DP680,DP680,DP680-P1,4584129,20,2026-07-13 00:00:00,2026-07-23 00:00:00,,2,0,PA,        CIN2,DP680-B1,48,0,B1,2026-07-23 00:00:00
AUBA,DP680,DP680.E,DP680.E,4583598,20,2026-07-01 00:00:00,2026-08-31 00:00:00,,20000,0,KG,        AUBA,1000TO.E,20,0,EA,2026-08-31 00:00:00
AUBA,DP680,DP680.E,DP680.E,4583598,20,2026-07-01 00:00:00,2026-08-31 00:00:00,,20000,0,KG,        AUBA,DIH2O.E,15856,0,KG,2026-08-28 00:00:00
AUBA,DP680,DP680.E,DP680.E,4583598,20,2026-07-01 00:00:00,2026-08-31 00:00:00,,20000,0,KG,        AUBA,FORMAL.E,544,0,KG,2026-08-28 00:00:00
AUBA,DP680,DP680.E,DP680.E,4583598,20,2026-07-01 00:00:00,2026-08-31 00:00:00,,20000,0,KG,        AUBA,POLYMINP.E,3600,0,KG,2026-08-28 00:00:00
SING,DP680,DP680.S,DP680.S,4584089,20,2026-07-13 00:00:00,2026-07-21 00:00:00,,4000,0,KG,        SING,DP050.S,4000,0,KG,2026-07-20 00:00:00
SING,DP680,DP680.S,DP680.S-B1,4584090,20,2026-07-13 00:00:00,2026-07-24 00:00:00,,200,0,B1,        SING,BOX4JG.S,200,0,EA,2026-07-22 00:00:00
SING,DP680,DP680.S,DP680.S-B1,4584090,20,2026-07-13 00:00:00,2026-07-24 00:00:00,,200,0,B1,        SING,DP680.S,4000,0,KG,2026-07-24 00:00:00
SING,DP680,DP680.S,DP680.S-B1,4584090,20,2026-07-13 00:00:00,2026-07-24 00:00:00,,200,0,B1,        SING,JUG.S,800,0,EA,2026-07-22 00:00:00
CIN2,DPI8004,DPI8004,DPI8004,4583660,30,2026-07-02 00:00:00,2026-07-17 00:00:00,,450,0,LB,        CIN2,ME61335P,18,0,LB,2026-07-17 00:00:00
CIN2,DPI8004,DPI8004,DPI8004,4583660,30,2026-07-02 00:00:00,2026-07-17 00:00:00,,450,0,LB,        CIN2,MFHS9205,431,0,LB,2026-07-17 00:00:00
CIN2,DPI8004,DPI8004,DPI8004,4583660,30,2026-07-02 00:00:00,2026-07-17 00:00:00,,450,0,LB,        CIN2,SH2O,1,0,LB,2026-07-17 00:00:00
CIN2,DPI8004,DPI8004,DPI8004-FD,4583661,20,2026-07-02 00:00:00,2026-07-20 00:00:00,,1,0,DR,        CIN2,DPI8004,450,0,LB,2026-07-20 00:00:00
CIN2,DPI8004,DPI8004,DPI8004-FD,4583661,20,2026-07-02 00:00:00,2026-07-20 00:00:00,,1,0,DR,        CIN2,FD,1,0,EA,2026-07-20 00:00:00
CIN2,DPI8020,DPI8020,DPI8020,4583856,32,2026-07-07 00:00:00,2026-07-16 00:00:00,,4000,0,LB,        CIN2,ACTMV,4,0,LB,2026-07-15 00:00:00
CIN2,DPI8020,DPI8020,DPI8020,4583856,32,2026-07-07 00:00:00,2026-07-16 00:00:00,,4000,0,LB,        CIN2,DPI8000,3440,0,LB,2026-07-16 00:00:00
CIN2,DPI8020,DPI8020,DPI8020,4583856,32,2026-07-07 00:00:00,2026-07-16 00:00:00,,4000,0,LB,        CIN2,NEOR605,556,0,LB,2026-07-15 00:00:00
CIN2,DPI8020,DPI8020,DPI8020-PL,4583857,20,2026-07-07 00:00:00,2026-07-22 00:00:00,,110,0,PL,        CIN2,DPI8020,3850,0,LB,2026-07-22 00:00:00
CIN2,DPI8020,DPI8020,DPI8020-PL,4583857,20,2026-07-07 00:00:00,2026-07-22 00:00:00,,110,0,PL,        CIN2,GPL,110,0,EA,2026-07-22 00:00:00
AUBA,DPI8020,DPI8020.E,DPI8020.E,4583974,20,2026-07-09 00:00:00,2026-07-22 00:00:00,,5000,0,KG,        AUBA,161107PX.E,4300,0,KG,2026-07-17 00:00:00
AUBA,DPI8020,DPI8020.E,DPI8020.E,4583974,20,2026-07-09 00:00:00,2026-07-22 00:00:00,,5000,0,KG,        AUBA,NEOR605.E,700,0,KG,2026-07-17 00:00:00
AUBA,DPI8020,DPI8020.E,DPI8020.E-TO,4583975,20,2026-07-09 00:00:00,2026-07-22 00:00:00,,5,0,TO,        AUBA,1000TO.E,5,0,EA,2026-07-22 00:00:00
AUBA,DPI8020,DPI8020.E,DPI8020.E-TO,4583975,20,2026-07-09 00:00:00,2026-07-22 00:00:00,,5,0,TO,        AUBA,DPI8020.E,5000,0,KG,2026-07-22 00:00:00
CIN2,DPV9000,DPV9000,DPV9000,4583858,32,2026-07-07 00:00:00,2026-07-21 00:00:00,,5500,0,LB,        CIN2,231135INT,4453,0,LB,2026-07-21 00:00:00
CIN2,DPV9000,DPV9000,DPV9000,4583858,32,2026-07-07 00:00:00,2026-07-21 00:00:00,,5500,0,LB,        CIN2,NEOR605,743,0,LB,2026-07-20 00:00:00
CIN2,DPV9000,DPV9000,DPV9000,4583858,32,2026-07-07 00:00:00,2026-07-21 00:00:00,,5500,0,LB,        CIN2,SH2OF,304,0,LB,2026-07-21 00:00:00
CIN2,DPV9000,DPV9000,DPV9000-B1,4583391,35,2026-06-29 00:00:00,2026-07-22 00:00:00,,200,0,B1,        CIN2,B2INSRT,200,0,EA,2026-07-22 00:00:00
CIN2,DPV9000,DPV9000,DPV9000-B1,4583391,35,2026-06-29 00:00:00,2026-07-22 00:00:00,,200,0,B1,        CIN2,BOX2,200,0,EA,2026-07-22 00:00:00
CIN2,DPV9000,DPV9000,DPV9000-B1,4583391,35,2026-06-29 00:00:00,2026-07-22 00:00:00,,200,0,B1,        CIN2,CAP5A,800,0,EA,2026-07-22 00:00:00
CIN2,DPV9000,DPV9000,DPV9000-B1,4583391,35,2026-06-29 00:00:00,2026-07-22 00:00:00,,200,0,B1,        CIN2,DPV9000,8800,0,LB,2026-07-22 00:00:00
CIN2,DPV9000,DPV9000,DPV9000-B1,4583391,35,2026-06-29 00:00:00,2026-07-22 00:00:00,,200,0,B1,        CIN2,JUG5A,800,0,EA,2026-07-22 00:00:00
CIN2,DPV9000,DPV9000,DPV9000-B1,4583859,20,2026-07-07 00:00:00,2026-07-29 00:00:00,,125,0,B1,        CIN2,B2INSRT,125,0,EA,2026-07-29 00:00:00
CIN2,DPV9000,DPV9000,DPV9000-B1,4583859,20,2026-07-07 00:00:00,2026-07-29 00:00:00,,125,0,B1,        CIN2,BOX2,125,0,EA,2026-07-29 00:00:00
CIN2,DPV9000,DPV9000,DPV9000-B1,4583859,20,2026-07-07 00:00:00,2026-07-29 00:00:00,,125,0,B1,        CIN2,CAP5A,500,0,EA,2026-07-29 00:00:00
CIN2,DPV9000,DPV9000,DPV9000-B1,4583859,20,2026-07-07 00:00:00,2026-07-29 00:00:00,,125,0,B1,        CIN2,DPV9000,5500,0,LB,2026-07-29 00:00:00
CIN2,DPV9000,DPV9000,DPV9000-B1,4583859,20,2026-07-07 00:00:00,2026-07-29 00:00:00,,125,0,B1,        CIN2,JUG5A,500,0,EA,2026-07-29 00:00:00
CIN2,DPV9000,DPV9000,DPV9000-P1,4583392,20,2026-06-29 00:00:00,2026-07-15 00:00:00,,1,0,PA,        CIN2,DPV9000-B1,24,0,B1,2026-07-15 00:00:00
CIN2,DPV9000,DPV9000,DPV9000-P1,4583860,20,2026-07-07 00:00:00,2026-07-23 00:00:00,,2,0,PA,        CIN2,DPV9000-B1,48,0,B1,2026-07-23 00:00:00
AUBA,DPV9000,DPV9000.E,DPV9000.E,4582003,20,2026-06-01 00:00:00,2026-08-06 00:00:00,,22000,0,KG,        AUBA,1000TO.E,22,0,EA,2026-08-06 00:00:00
AUBA,DPV9000,DPV9000.E,DPV9000.E,4582003,20,2026-06-01 00:00:00,2026-08-06 00:00:00,,22000,0,KG,        AUBA,231135NX.E,17813,0,KG,2026-08-06 00:00:00
AUBA,DPV9000,DPV9000.E,DPV9000.E,4582003,20,2026-06-01 00:00:00,2026-08-06 00:00:00,,22000,0,KG,        AUBA,NEOR605.E,2970,0,KG,2026-08-06 00:00:00
AUBA,DPV9000,DPV9000.E,DPV9000.E,4582003,20,2026-06-01 00:00:00,2026-08-06 00:00:00,,22000,0,KG,        AUBA,SH2O.E,1217,0,KG,2026-08-06 00:00:00
AUBA,DPV9000,DPV9000.E,DPV9000.E,4583602,20,2026-07-01 00:00:00,2026-09-09 00:00:00,,22000,0,KG,        AUBA,1000TO.E,22,0,EA,2026-09-09 00:00:00
AUBA,DPV9000,DPV9000.E,DPV9000.E,4583602,20,2026-07-01 00:00:00,2026-09-09 00:00:00,,22000,0,KG,        AUBA,231135NX.E,17813,0,KG,2026-09-09 00:00:00
AUBA,DPV9000,DPV9000.E,DPV9000.E,4583602,20,2026-07-01 00:00:00,2026-09-09 00:00:00,,22000,0,KG,        AUBA,NEOR605.E,2970,0,KG,2026-09-09 00:00:00
AUBA,DPV9000,DPV9000.E,DPV9000.E,4583602,20,2026-07-01 00:00:00,2026-09-09 00:00:00,,22000,0,KG,        AUBA,SH2O.E,1217,0,KG,2026-09-09 00:00:00
CIN2,DPV9200,DPV9200,DPV9200,4584189,30,2026-07-14 00:00:00,2026-07-21 00:00:00,,2250,0,LB,        CIN2,DMEA45,28,0,LB,2026-07-21 00:00:00
CIN2,DPV9200,DPV9200,DPV9200,4584189,30,2026-07-14 00:00:00,2026-07-21 00:00:00,,2250,0,LB,        CIN2,MP4983R,1440,0,LB,2026-07-21 00:00:00
CIN2,DPV9200,DPV9200,DPV9200,4584189,30,2026-07-14 00:00:00,2026-07-21 00:00:00,,2250,0,LB,        CIN2,NEOR605,273,0,LB,2026-07-20 00:00:00
CIN2,DPV9200,DPV9200,DPV9200,4584189,30,2026-07-14 00:00:00,2026-07-21 00:00:00,,2250,0,LB,        CIN2,SH2O,465,0,LB,2026-07-21 00:00:00
CIN2,DPV9200,DPV9200,DPV9200,4584189,30,2026-07-14 00:00:00,2026-07-21 00:00:00,,2250,0,LB,        CIN2,SH2OF,45,0,LB,2026-07-21 00:00:00
CIN2,DPV9200,DPV9200,DPV9200-PL,4584190,20,2026-07-14 00:00:00,2026-07-22 00:00:00,,53,0,PL,        CIN2,DPV9200,2120,0,LB,2026-07-22 00:00:00
CIN2,DPV9200,DPV9200,DPV9200-PL,4584190,20,2026-07-14 00:00:00,2026-07-22 00:00:00,,53,0,PL,        CIN2,GPL,53,0,EA,2026-07-22 00:00:00
AUBA,DPV9200,DPV9200.E,DPV9200.E,4583603,20,2026-07-01 00:00:00,2026-09-09 00:00:00,,20000,0,KG,        AUBA,1000TO.E,20,0,EA,2026-09-09 00:00:00
AUBA,DPV9200,DPV9200.E,DPV9200.E,4583603,20,2026-07-01 00:00:00,2026-09-09 00:00:00,,20000,0,KG,        AUBA,DMEA.E,112,0,KG,2026-09-09 00:00:00
AUBA,DPV9200,DPV9200.E,DPV9200.E,4583603,20,2026-07-01 00:00:00,2026-09-09 00:00:00,,20000,0,KG,        AUBA,MP4983R.E,12800,0,KG,2026-09-09 00:00:00
AUBA,DPV9200,DPV9200.E,DPV9200.E,4583603,20,2026-07-01 00:00:00,2026-09-09 00:00:00,,20000,0,KG,        AUBA,NEOR605.E,2424,0,KG,2026-09-09 00:00:00
AUBA,DPV9200,DPV9200.E,DPV9200.E,4583603,20,2026-07-01 00:00:00,2026-09-09 00:00:00,,20000,0,KG,        AUBA,SH2O.E,4664,0,KG,2026-09-09 00:00:00
SING,DPV9200,DPV9200.S,DPV9200.S,4583737,20,2026-07-06 00:00:00,2026-07-06 00:00:00,,30,0,KG,        SING,251194NX.S,30,0,KG,2026-07-06 00:00:00
CINC,DTOX1,DTOX1,DTOX1,4584130,20,2026-07-13 00:00:00,2026-07-29 00:00:00,,30,0,LB,        CINC,15S15,2,0,LB,2026-07-28 00:00:00
CINC,DTOX1,DTOX1,DTOX1,4584130,20,2026-07-13 00:00:00,2026-07-29 00:00:00,,30,0,LB,        CINC,AC540,4,0,LB,2026-07-28 00:00:00
CINC,DTOX1,DTOX1,DTOX1,4584130,20,2026-07-13 00:00:00,2026-07-29 00:00:00,,30,0,LB,        CINC,DTRM99,21,0,LB,2026-07-28 00:00:00
CINC,DTOX1,DTOX1,DTOX1,4584130,20,2026-07-13 00:00:00,2026-07-29 00:00:00,,30,0,LB,        CINC,KOH90,0,0,LB,2026-07-28 00:00:00
CINC,DTOX1,DTOX1,DTOX1,4584130,20,2026-07-13 00:00:00,2026-07-29 00:00:00,,30,0,LB,        CINC,NASO2,0,0,LB,2026-07-28 00:00:00
CINC,DTOX1,DTOX1,DTOX1,4584130,20,2026-07-13 00:00:00,2026-07-29 00:00:00,,30,0,LB,        CINC,PAR1230S,4,0,LB,2026-07-28 00:00:00
CINC,DTOX1,DTOX1,DTOX1-PL,4584131,20,2026-07-13 00:00:00,2026-07-30 00:00:00,,1,0,PL,        CINC,DTOX1,30,0,LB,2026-07-30 00:00:00
CINC,DTOX1,DTOX1,DTOX1-PL,4584131,20,2026-07-13 00:00:00,2026-07-30 00:00:00,,1,0,PL,        CINC,GPL,1,0,EA,2026-07-30 00:00:00
CINC,DTOX1,DTOX1,DTOX1-PL,4584131,20,2026-07-13 00:00:00,2026-07-30 00:00:00,,1,0,PL,        CINC,TTBOX,1,0,EA,2026-07-30 00:00:00
CINC,DTOX1,DTOX1,DTOX1-PL,4584131,20,2026-07-13 00:00:00,2026-07-30 00:00:00,,1,0,PL,        CINC,TTCAP,1,0,EA,2026-07-30 00:00:00
CINC,DYNA3535PF,DYNA3535PF,DYNA3535PF,4583494,35,2026-06-30 00:00:00,2026-07-24 00:00:00,,5700,0,LB,        CINC,ME67235,5700,0,LB,2026-07-23 00:00:00
CINC,DYNA3535PF,DYNA3535PF,DYNA3535PF-FD,4583495,20,2026-06-30 00:00:00,2026-07-27 00:00:00,,12,0,DR,        CINC,DYNA3535PF,5700,0,LB,2026-07-27 00:00:00
CINC,DYNA3535PF,DYNA3535PF,DYNA3535PF-FD,4583495,20,2026-06-30 00:00:00,2026-07-27 00:00:00,,12,0,DR,        CINC,FD,12,0,EA,2026-07-27 00:00:00
CINC,EC4000,EC4000,EC4000-T2,4583663,35,2026-07-02 00:00:00,2026-07-15 00:00:00,,12,0,TO,        CINC,EC4000,26400,0,LB,2026-07-15 00:00:00
CINC,EC4000,EC4000,EC4000-T2,4583663,35,2026-07-02 00:00:00,2026-07-15 00:00:00,,12,0,TO,        CINC,TC275,12,0,EA,2026-07-15 00:00:00
CINC,ECBOILOUT,ECBOILOUT,ECBOILOUT,4583922,35,2026-07-08 00:00:00,2026-07-15 00:00:00,,25000,0,LB,        CINC,KOH45,114,0,LB,2026-07-14 00:00:00
CINC,ECBOILOUT,ECBOILOUT,ECBOILOUT,4583922,35,2026-07-08 00:00:00,2026-07-15 00:00:00,,25000,0,LB,        CINC,PHOSACID,59,0,LB,2026-07-14 00:00:00
CINC,ECBOILOUT,ECBOILOUT,ECBOILOUT,4583922,35,2026-07-08 00:00:00,2026-07-15 00:00:00,,25000,0,LB,        CINC,SH2O,22328,0,LB,2026-07-15 00:00:00
CINC,ECBOILOUT,ECBOILOUT,ECBOILOUT,4583922,35,2026-07-08 00:00:00,2026-07-15 00:00:00,,25000,0,LB,        CINC,SH2OF,2500,0,LB,2026-07-15 00:00:00
CINC,ECBOILOUT,ECBOILOUT,ECBOILOUT,4583991,35,2026-07-09 00:00:00,2026-07-20 00:00:00,,8000,0,LB,        CINC,KOH45,36,0,LB,2026-07-17 00:00:00
CINC,ECBOILOUT,ECBOILOUT,ECBOILOUT,4583991,35,2026-07-09 00:00:00,2026-07-20 00:00:00,,8000,0,LB,        CINC,PHOSACID,19,0,LB,2026-07-17 00:00:00
CINC,ECBOILOUT,ECBOILOUT,ECBOILOUT,4583991,35,2026-07-09 00:00:00,2026-07-20 00:00:00,,8000,0,LB,        CINC,SH2O,7145,0,LB,2026-07-20 00:00:00
CINC,ECBOILOUT,ECBOILOUT,ECBOILOUT,4583991,35,2026-07-09 00:00:00,2026-07-20 00:00:00,,8000,0,LB,        CINC,SH2OF,800,0,LB,2026-07-20 00:00:00
AUBA,EKF1402,EKF1402.E,EKF1402.E,4584174,20,2026-07-14 00:00:00,2026-07-27 00:00:00,,6000,0,KG,        AUBA,AZF8035Q.E,517,0,KG,2026-07-24 00:00:00
AUBA,EKF1402,EKF1402.E,EKF1402.E,4584174,20,2026-07-14 00:00:00,2026-07-27 00:00:00,,6000,0,KG,        AUBA,CY385.E,108,0,KG,2026-07-24 00:00:00
AUBA,EKF1402,EKF1402.E,EKF1402.E,4584174,20,2026-07-14 00:00:00,2026-07-27 00:00:00,,6000,0,KG,        AUBA,DIH2O.E,5255,0,KG,2026-07-24 00:00:00
AUBA,EKF1402,EKF1402.E,EKF1402.E,4584174,20,2026-07-14 00:00:00,2026-07-27 00:00:00,,6000,0,KG,        AUBA,FORMAL.E,11,0,KG,2026-07-24 00:00:00
AUBA,EKF1402,EKF1402.E,EKF1402.E,4584174,20,2026-07-14 00:00:00,2026-07-27 00:00:00,,6000,0,KG,        AUBA,H3PO4.E,42,0,KG,2026-07-24 00:00:00
AUBA,EKF1402,EKF1402.E,EKF1402.E,4584174,20,2026-07-14 00:00:00,2026-07-27 00:00:00,,6000,0,KG,        AUBA,MERGAL10.E,10,0,KG,2026-07-24 00:00:00
AUBA,EKF1402,EKF1402.E,EKF1402.E,4584174,20,2026-07-14 00:00:00,2026-07-27 00:00:00,,6000,0,KG,        AUBA,POLYMINP.E,57,0,KG,2026-07-24 00:00:00
CIN2,FDCGN,FDCGN,FDCGN,4584048,20,2026-07-10 00:00:00,2026-07-23 00:00:00,,300,0,LB,        CIN2,PREBIT,1,0,LB,2026-07-22 00:00:00
CIN2,FDCGN,FDCGN,FDCGN,4584048,20,2026-07-10 00:00:00,2026-07-23 00:00:00,,300,0,LB,        CIN2,TAPH2O,238,0,LB,2026-07-22 00:00:00
CIN2,FDCGN,FDCGN,FDCGN,4584048,20,2026-07-10 00:00:00,2026-07-23 00:00:00,,300,0,LB,        CIN2,VIGN,61,0,LB,2026-07-22 00:00:00
CIN2,FDCRED,FDCRED,FDCRED-QT,4584191,35,2026-07-14 00:00:00,2026-07-20 00:00:00,,4,0,QT,        CIN2,FDCRED,8,0,LB,2026-07-20 00:00:00
CIN2,FDCRED,FDCRED,FDCRED-QT,4584191,35,2026-07-14 00:00:00,2026-07-20 00:00:00,,4,0,QT,        CIN2,QUART,4,0,EA,2026-07-20 00:00:00
AUBA,FLEXO41,FLEXO41.E,FLEXO41.E,4581735,20,2026-05-26 00:00:00,2026-08-02 00:00:00,,19700,0,KG,        AUBA,DIH2O.E,13167,0,KG,2026-07-31 00:00:00
AUBA,FLEXO41,FLEXO41.E,FLEXO41.E,4581735,20,2026-05-26 00:00:00,2026-08-02 00:00:00,,19700,0,KG,        AUBA,GMT1816.E,4996,0,KG,2026-07-31 00:00:00
AUBA,FLEXO41,FLEXO41.E,FLEXO41.E,4581735,20,2026-05-26 00:00:00,2026-08-02 00:00:00,,19700,0,KG,        AUBA,KOH90.E,93,0,KG,2026-07-31 00:00:00
AUBA,FLEXO41,FLEXO41.E,FLEXO41.E,4581735,20,2026-05-26 00:00:00,2026-08-02 00:00:00,,19700,0,KG,        AUBA,MARL1399.E,1387,0,KG,2026-07-31 00:00:00
AUBA,FLEXO41,FLEXO41.E,FLEXO41.E,4581735,20,2026-05-26 00:00:00,2026-08-02 00:00:00,,19700,0,KG,        AUBA,PROXELDILUE.E,39,0,KG,2026-07-31 00:00:00
AUBA,FLEXO41,FLEXO41.E,FLEXO41.E,4581735,20,2026-05-26 00:00:00,2026-08-02 00:00:00,,19700,0,KG,        AUBA,SODMET.E,18,0,KG,2026-07-31 00:00:00
AUBA,FLEXO41,FLEXO41.E,FLEXO41.E-TO,4581736,20,2026-05-26 00:00:00,2026-08-04 00:00:00,,20,0,TO,        AUBA,1000TO.E,20,0,EA,2026-08-04 00:00:00
AUBA,FLEXO41,FLEXO41.E,FLEXO41.E-TO,4581736,20,2026-05-26 00:00:00,2026-08-04 00:00:00,,20,0,TO,        AUBA,FLEXO41.E,20000,0,KG,2026-08-04 00:00:00
AUBA,HL480,HL480.E,HL480.E,4582989,20,2026-06-19 00:00:00,2026-08-03 00:00:00,,4000,0,KG,        AUBA,ACTM10S.E,8,0,KG,2026-07-31 00:00:00
AUBA,HL480,HL480.E,HL480.E,4582989,20,2026-06-19 00:00:00,2026-08-03 00:00:00,,4000,0,KG,        AUBA,AQAMMONIA.E,2,0,KG,2026-07-31 00:00:00
AUBA,HL480,HL480.E,HL480.E,4582989,20,2026-06-19 00:00:00,2026-08-03 00:00:00,,4000,0,KG,        AUBA,MERGAL10.E,8,0,KG,2026-07-31 00:00:00
AUBA,HL480,HL480.E,HL480.E,4582989,20,2026-06-19 00:00:00,2026-08-03 00:00:00,,4000,0,KG,        AUBA,SH2O.E,2382,0,KG,2026-07-31 00:00:00
AUBA,HL480,HL480.E,HL480.E,4582989,20,2026-06-19 00:00:00,2026-08-03 00:00:00,,4000,0,KG,        AUBA,UN750.E,320,0,KG,2026-07-31 00:00:00
AUBA,HL480,HL480.E,HL480.E,4582989,20,2026-06-19 00:00:00,2026-08-03 00:00:00,,4000,0,KG,        AUBA,WAX1800.E,1280,0,KG,2026-07-31 00:00:00
AUBA,HL480,HL480.E,HL480.E,4583714,20,2026-07-03 00:00:00,2026-12-06 00:00:00,,6000,0,KG,        AUBA,ACTM10S.E,12,0,KG,2026-12-04 00:00:00
AUBA,HL480,HL480.E,HL480.E,4583714,20,2026-07-03 00:00:00,2026-12-06 00:00:00,,6000,0,KG,        AUBA,AQAMMONIA.E,3,0,KG,2026-12-04 00:00:00
AUBA,HL480,HL480.E,HL480.E,4583714,20,2026-07-03 00:00:00,2026-12-06 00:00:00,,6000,0,KG,        AUBA,MERGAL10.E,12,0,KG,2026-12-04 00:00:00
AUBA,HL480,HL480.E,HL480.E,4583714,20,2026-07-03 00:00:00,2026-12-06 00:00:00,,6000,0,KG,        AUBA,SH2O.E,3573,0,KG,2026-12-04 00:00:00
AUBA,HL480,HL480.E,HL480.E,4583714,20,2026-07-03 00:00:00,2026-12-06 00:00:00,,6000,0,KG,        AUBA,UN750.E,480,0,KG,2026-12-04 00:00:00
AUBA,HL480,HL480.E,HL480.E,4583714,20,2026-07-03 00:00:00,2026-12-06 00:00:00,,6000,0,KG,        AUBA,WAX1800.E,1920,0,KG,2026-12-04 00:00:00
AUBA,HL480,HL480.E,HL480.E-TO,4582990,20,2026-06-19 00:00:00,2026-08-04 00:00:00,,4,0,TO,        AUBA,1000TO.E,4,0,EA,2026-08-04 00:00:00
AUBA,HL480,HL480.E,HL480.E-TO,4582990,20,2026-06-19 00:00:00,2026-08-04 00:00:00,,4,0,TO,        AUBA,HL480.E,4000,0,KG,2026-08-04 00:00:00
AUBA,HL480,HL480.E,HL480.E-TO,4583715,20,2026-07-03 00:00:00,2026-12-07 00:00:00,,6,0,TO,        AUBA,1000TO.E,6,0,EA,2026-12-07 00:00:00
AUBA,HL480,HL480.E,HL480.E-TO,4583715,20,2026-07-03 00:00:00,2026-12-07 00:00:00,,6,0,TO,        AUBA,HL480.E,6000,0,KG,2026-12-07 00:00:00
AUBA,HL496,HL496.E,HL496.E,4582944,20,2026-06-18 00:00:00,2026-08-11 00:00:00,,220,0,KG,        AUBA,15S15.E,15,0,KG,2026-08-10 00:00:00
AUBA,HL496,HL496.E,HL496.E,4582944,20,2026-06-18 00:00:00,2026-08-11 00:00:00,,220,0,KG,        AUBA,C6112.E,49,0,KG,2026-08-10 00:00:00
AUBA,HL496,HL496.E,HL496.E,4582944,20,2026-06-18 00:00:00,2026-08-11 00:00:00,,220,0,KG,        AUBA,DEEA.E,4,0,KG,2026-08-10 00:00:00
AUBA,HL496,HL496.E,HL496.E,4582944,20,2026-06-18 00:00:00,2026-08-11 00:00:00,,220,0,KG,        AUBA,PROXELDILUE.E,1,0,KG,2026-08-10 00:00:00
AUBA,HL496,HL496.E,HL496.E,4582944,20,2026-06-18 00:00:00,2026-08-11 00:00:00,,220,0,KG,        AUBA,SH2O.E,150,0,KG,2026-08-10 00:00:00
AUBA,HL496,HL496.E,HL496.E,4582944,20,2026-06-18 00:00:00,2026-08-11 00:00:00,,220,0,KG,        AUBA,SODMET.E,0,0,KG,2026-08-10 00:00:00
AUBA,HL496,HL496.E,HL496.E,4582945,20,2026-06-18 00:00:00,2026-08-12 00:00:00,,220,0,KG,        AUBA,15S15.E,15,0,KG,2026-08-11 00:00:00
AUBA,HL496,HL496.E,HL496.E,4582945,20,2026-06-18 00:00:00,2026-08-12 00:00:00,,220,0,KG,        AUBA,C6112.E,49,0,KG,2026-08-11 00:00:00
AUBA,HL496,HL496.E,HL496.E,4582945,20,2026-06-18 00:00:00,2026-08-12 00:00:00,,220,0,KG,        AUBA,DEEA.E,4,0,KG,2026-08-11 00:00:00
AUBA,HL496,HL496.E,HL496.E,4582945,20,2026-06-18 00:00:00,2026-08-12 00:00:00,,220,0,KG,        AUBA,PROXELDILUE.E,1,0,KG,2026-08-11 00:00:00
AUBA,HL496,HL496.E,HL496.E,4582945,20,2026-06-18 00:00:00,2026-08-12 00:00:00,,220,0,KG,        AUBA,SH2O.E,150,0,KG,2026-08-11 00:00:00
AUBA,HL496,HL496.E,HL496.E,4582945,20,2026-06-18 00:00:00,2026-08-12 00:00:00,,220,0,KG,        AUBA,SODMET.E,0,0,KG,2026-08-11 00:00:00
AUBA,HL496,HL496.E,HL496.E-PD,4582946,20,2026-06-18 00:00:00,2026-08-13 00:00:00,,2,0,DR,        AUBA,HL496.E,400,0,KG,2026-08-13 00:00:00
AUBA,HL496,HL496.E,HL496.E-PD,4582946,20,2026-06-18 00:00:00,2026-08-13 00:00:00,,2,0,DR,        AUBA,PD.E,2,0,EA,2026-08-13 00:00:00
CINC,HL723,HL723,HL723,4584132,32,2026-07-13 00:00:00,2026-07-17 00:00:00,,14000,0,LB,        CINC,127PARL,3080,0,LB,2026-07-16 00:00:00
CINC,HL723,HL723,HL723,4584132,32,2026-07-13 00:00:00,2026-07-17 00:00:00,,14000,0,LB,        CINC,ACTMV,14,0,LB,2026-07-16 00:00:00
CINC,HL723,HL723,HL723,4584132,32,2026-07-13 00:00:00,2026-07-17 00:00:00,,14000,0,LB,        CINC,AMMONIA19,28,0,LB,2026-07-16 00:00:00
CINC,HL723,HL723,HL723,4584132,32,2026-07-13 00:00:00,2026-07-17 00:00:00,,14000,0,LB,        CINC,PREBIT,21,0,LB,2026-07-16 00:00:00
CINC,HL723,HL723,HL723,4584132,32,2026-07-13 00:00:00,2026-07-17 00:00:00,,14000,0,LB,        CINC,SH2OF,1533,0,LB,2026-07-17 00:00:00
CINC,HL723,HL723,HL723,4584132,32,2026-07-13 00:00:00,2026-07-17 00:00:00,,14000,0,LB,        CINC,SH2ORT,7924,0,LB,2026-07-16 00:00:00
CINC,HL723,HL723,HL723,4584132,32,2026-07-13 00:00:00,2026-07-17 00:00:00,,14000,0,LB,        CINC,SPAN60,532,0,LB,2026-07-16 00:00:00
CINC,HL723,HL723,HL723,4584132,32,2026-07-13 00:00:00,2026-07-17 00:00:00,,14000,0,LB,        CINC,TWN60NK,868,0,LB,2026-07-16 00:00:00
CINC,HL723,HL723,HL723-OP,4584133,20,2026-07-13 00:00:00,2026-07-23 00:00:00,,29,0,DR,        CINC,HL723,13630,0,LB,2026-07-23 00:00:00
CINC,HL723,HL723,HL723-OP,4584133,20,2026-07-13 00:00:00,2026-07-23 00:00:00,,29,0,DR,        CINC,OPNHDPOLY,29,0,EA,2026-07-23 00:00:00
AUBA,HL723,HL723.E,HL723.E,4582953,20,2026-06-18 00:00:00,2026-07-29 00:00:00,,5800,0,KG,        AUBA,127PAR.E,1276,0,KG,2026-07-28 00:00:00
AUBA,HL723,HL723.E,HL723.E,4582953,20,2026-06-18 00:00:00,2026-07-29 00:00:00,,5800,0,KG,        AUBA,ACDILUE.E,12,0,KG,2026-07-29 00:00:00
AUBA,HL723,HL723.E,HL723.E,4582953,20,2026-06-18 00:00:00,2026-07-29 00:00:00,,5800,0,KG,        AUBA,AQAMMONIA.E,9,0,KG,2026-07-28 00:00:00
AUBA,HL723,HL723.E,HL723.E,4582953,20,2026-06-18 00:00:00,2026-07-29 00:00:00,,5800,0,KG,        AUBA,PROXELDILUE.E,17,0,KG,2026-07-28 00:00:00
AUBA,HL723,HL723.E,HL723.E,4582953,20,2026-06-18 00:00:00,2026-07-29 00:00:00,,5800,0,KG,        AUBA,SH2O.E,3906,0,KG,2026-07-28 00:00:00
AUBA,HL723,HL723.E,HL723.E,4582953,20,2026-06-18 00:00:00,2026-07-29 00:00:00,,5800,0,KG,        AUBA,SPAN60.E,220,0,KG,2026-07-28 00:00:00
AUBA,HL723,HL723.E,HL723.E,4582953,20,2026-06-18 00:00:00,2026-07-29 00:00:00,,5800,0,KG,        AUBA,TWN60.E,360,0,KG,2026-07-28 00:00:00
AUBA,HL723,HL723.E,HL723.E-TO,4582954,20,2026-06-18 00:00:00,2026-07-30 00:00:00,,6,0,TO,        AUBA,1000TO.E,6,0,EA,2026-07-30 00:00:00
AUBA,HL723,HL723.E,HL723.E-TO,4582954,20,2026-06-18 00:00:00,2026-07-30 00:00:00,,6,0,TO,        AUBA,HL723.E,6000,0,KG,2026-07-30 00:00:00
AUBA,HSGF1202,HSGF1202.E,HSGF1202.E,4584102,20,2026-07-13 00:00:00,2026-07-22 00:00:00,,15080,0,KG,        AUBA,A2290.E,256,0,KG,2026-07-22 00:00:00
AUBA,HSGF1202,HSGF1202.E,HSGF1202.E,4584102,20,2026-07-13 00:00:00,2026-07-22 00:00:00,,15080,0,KG,        AUBA,BRIJS2.E,427,0,KG,2026-07-22 00:00:00
AUBA,HSGF1202,HSGF1202.E,HSGF1202.E,4584102,20,2026-07-13 00:00:00,2026-07-22 00:00:00,,15080,0,KG,        AUBA,DMEA.E,339,0,KG,2026-07-22 00:00:00
AUBA,HSGF1202,HSGF1202.E,HSGF1202.E,4584102,20,2026-07-13 00:00:00,2026-07-22 00:00:00,,15080,0,KG,        AUBA,NEO2512.E,531,0,KG,2026-07-22 00:00:00
AUBA,HSGF1202,HSGF1202.E,HSGF1202.E,4584102,20,2026-07-13 00:00:00,2026-07-22 00:00:00,,15080,0,KG,        AUBA,PB3000.E,4061,0,KG,2026-07-22 00:00:00
AUBA,HSGF1202,HSGF1202.E,HSGF1202.E,4584102,20,2026-07-13 00:00:00,2026-07-22 00:00:00,,15080,0,KG,        AUBA,SH2O.E,9300,0,KG,2026-07-22 00:00:00
AUBA,HSGF1202,HSGF1202.E,HSGF1202.E,4584102,20,2026-07-13 00:00:00,2026-07-22 00:00:00,,15080,0,KG,        AUBA,SODMET.E,15,0,KG,2026-07-22 00:00:00
AUBA,HSGF1202,HSGF1202.E,HSGF1202.E,4584102,20,2026-07-13 00:00:00,2026-07-22 00:00:00,,15080,0,KG,        AUBA,ZNOSOL1.E,151,0,KG,2026-07-22 00:00:00
AUBA,HSGF1202,HSGF1202.E,HSGF1202.E-TO,4584103,20,2026-07-13 00:00:00,2026-07-23 00:00:00,,15,0,TO,        AUBA,1000TO.E,15,0,EA,2026-07-23 00:00:00
AUBA,HSGF1202,HSGF1202.E,HSGF1202.E-TO,4584103,20,2026-07-13 00:00:00,2026-07-23 00:00:00,,15,0,TO,        AUBA,HSGF1202.E,14250,0,KG,2026-07-23 00:00:00
SING,HSGF1202,HSGF1202.S,HSGF1202.S,4584045,20,2026-07-10 00:00:00,2026-07-21 00:00:00,,6000,0,KG,        SING,211018IX.S,6000,0,KG,2026-07-20 00:00:00
SING,HSGF1202,HSGF1202.S,HSGF1202.S-OP,4584046,20,2026-07-10 00:00:00,2026-07-22 00:00:00,,30,0,DR,        SING,HSGF1202.S,6000,0,KG,2026-07-22 00:00:00
SING,HSGF1202,HSGF1202.S,HSGF1202.S-OP,4584046,20,2026-07-10 00:00:00,2026-07-22 00:00:00,,30,0,DR,        SING,OPNHDPOLY.S,30,0,EA,2026-07-22 00:00:00
CINC,HYPOD8510,HYPOD8510,HYPOD8510,4583337,32,2026-06-26 00:00:00,2026-07-14 00:00:00,,44000,0,LB,        CINC,AFEG8200G,10639,0,LB,2026-07-13 00:00:00
CINC,HYPOD8510,HYPOD8510,HYPOD8510,4583337,32,2026-06-26 00:00:00,2026-07-14 00:00:00,,44000,0,LB,        CINC,DIH2O,24235,0,LB,2026-07-13 00:00:00
CINC,HYPOD8510,HYPOD8510,HYPOD8510,4583337,32,2026-06-26 00:00:00,2026-07-14 00:00:00,,44000,0,LB,        CINC,DMD5980I,6996,0,LB,2026-07-13 00:00:00
CINC,HYPOD8510,HYPOD8510,HYPOD8510,4583337,32,2026-06-26 00:00:00,2026-07-14 00:00:00,,44000,0,LB,        CINC,KOH45,2108,0,LB,2026-07-13 00:00:00
CINC,HYPOD8510,HYPOD8510,HYPOD8510,4583337,32,2026-06-26 00:00:00,2026-07-14 00:00:00,,44000,0,LB,        CINC,PROXBD20,22,0,LB,2026-07-13 00:00:00
CINC,HYPOD8510,HYPOD8510,HYPOD8510,4583338,32,2026-06-26 00:00:00,2026-07-15 00:00:00,,44000,0,LB,        CINC,AFEG8200G,10639,0,LB,2026-07-14 00:00:00
CINC,HYPOD8510,HYPOD8510,HYPOD8510,4583338,32,2026-06-26 00:00:00,2026-07-15 00:00:00,,44000,0,LB,        CINC,DIH2O,24235,0,LB,2026-07-14 00:00:00
CINC,HYPOD8510,HYPOD8510,HYPOD8510,4583338,32,2026-06-26 00:00:00,2026-07-15 00:00:00,,44000,0,LB,        CINC,DMD5980I,6996,0,LB,2026-07-14 00:00:00
CINC,HYPOD8510,HYPOD8510,HYPOD8510,4583338,32,2026-06-26 00:00:00,2026-07-15 00:00:00,,44000,0,LB,        CINC,KOH45,2108,0,LB,2026-07-14 00:00:00
CINC,HYPOD8510,HYPOD8510,HYPOD8510,4583338,32,2026-06-26 00:00:00,2026-07-15 00:00:00,,44000,0,LB,        CINC,PROXBD20,22,0,LB,2026-07-14 00:00:00
CINC,HYPOD8510,HYPOD8510,HYPOD8510,4583339,32,2026-06-26 00:00:00,2026-07-16 00:00:00,,44000,0,LB,        CINC,AFEG8200G,10639,0,LB,2026-07-15 00:00:00
CINC,HYPOD8510,HYPOD8510,HYPOD8510,4583339,32,2026-06-26 00:00:00,2026-07-16 00:00:00,,44000,0,LB,        CINC,DIH2O,24235,0,LB,2026-07-15 00:00:00
CINC,HYPOD8510,HYPOD8510,HYPOD8510,4583339,32,2026-06-26 00:00:00,2026-07-16 00:00:00,,44000,0,LB,        CINC,DMD5980I,6996,0,LB,2026-07-15 00:00:00
CINC,HYPOD8510,HYPOD8510,HYPOD8510,4583339,32,2026-06-26 00:00:00,2026-07-16 00:00:00,,44000,0,LB,        CINC,KOH45,2108,0,LB,2026-07-15 00:00:00
CINC,HYPOD8510,HYPOD8510,HYPOD8510,4583339,32,2026-06-26 00:00:00,2026-07-16 00:00:00,,44000,0,LB,        CINC,PROXBD20,22,0,LB,2026-07-15 00:00:00
CINC,HYPOD8510,HYPOD8510,HYPOD8510,4583437,32,2026-06-29 00:00:00,2026-07-17 00:00:00,,44000,0,LB,        CINC,AFEG8200G,10639,0,LB,2026-07-16 00:00:00
CINC,HYPOD8510,HYPOD8510,HYPOD8510,4583437,32,2026-06-29 00:00:00,2026-07-17 00:00:00,,44000,0,LB,        CINC,DIH2O,24235,0,LB,2026-07-16 00:00:00
CINC,HYPOD8510,HYPOD8510,HYPOD8510,4583437,32,2026-06-29 00:00:00,2026-07-17 00:00:00,,44000,0,LB,        CINC,DMD5980I,6996,0,LB,2026-07-16 00:00:00
CINC,HYPOD8510,HYPOD8510,HYPOD8510,4583437,32,2026-06-29 00:00:00,2026-07-17 00:00:00,,44000,0,LB,        CINC,KOH45,2108,0,LB,2026-07-16 00:00:00
CINC,HYPOD8510,HYPOD8510,HYPOD8510,4583437,32,2026-06-29 00:00:00,2026-07-17 00:00:00,,44000,0,LB,        CINC,PROXBD20,22,0,LB,2026-07-16 00:00:00
CINC,HYPOD8510,HYPOD8510,HYPOD8510,4583438,32,2026-06-29 00:00:00,2026-07-20 00:00:00,,44000,0,LB,        CINC,AFEG8200G,10639,0,LB,2026-07-17 00:00:00
CINC,HYPOD8510,HYPOD8510,HYPOD8510,4583438,32,2026-06-29 00:00:00,2026-07-20 00:00:00,,44000,0,LB,        CINC,DIH2O,24235,0,LB,2026-07-17 00:00:00
CINC,HYPOD8510,HYPOD8510,HYPOD8510,4583438,32,2026-06-29 00:00:00,2026-07-20 00:00:00,,44000,0,LB,        CINC,DMD5980I,6996,0,LB,2026-07-17 00:00:00
CINC,HYPOD8510,HYPOD8510,HYPOD8510,4583438,32,2026-06-29 00:00:00,2026-07-20 00:00:00,,44000,0,LB,        CINC,KOH45,2108,0,LB,2026-07-17 00:00:00
CINC,HYPOD8510,HYPOD8510,HYPOD8510,4583438,32,2026-06-29 00:00:00,2026-07-20 00:00:00,,44000,0,LB,        CINC,PROXBD20,22,0,LB,2026-07-17 00:00:00
CINC,HYPOD8510,HYPOD8510,HYPOD8510,4583439,32,2026-06-29 00:00:00,2026-07-20 00:00:00,,44000,0,LB,        CINC,AFEG8200G,10639,0,LB,2026-07-17 00:00:00
CINC,HYPOD8510,HYPOD8510,HYPOD8510,4583439,32,2026-06-29 00:00:00,2026-07-20 00:00:00,,44000,0,LB,        CINC,DIH2O,24235,0,LB,2026-07-17 00:00:00
CINC,HYPOD8510,HYPOD8510,HYPOD8510,4583439,32,2026-06-29 00:00:00,2026-07-20 00:00:00,,44000,0,LB,        CINC,DMD5980I,6996,0,LB,2026-07-17 00:00:00
CINC,HYPOD8510,HYPOD8510,HYPOD8510,4583439,32,2026-06-29 00:00:00,2026-07-20 00:00:00,,44000,0,LB,        CINC,KOH45,2108,0,LB,2026-07-17 00:00:00
CINC,HYPOD8510,HYPOD8510,HYPOD8510,4583439,32,2026-06-29 00:00:00,2026-07-20 00:00:00,,44000,0,LB,        CINC,PROXBD20,22,0,LB,2026-07-17 00:00:00
CINC,HYPOD8510,HYPOD8510,HYPOD8510,4583440,32,2026-06-29 00:00:00,2026-07-21 00:00:00,,44000,0,LB,        CINC,AFEG8200G,10639,0,LB,2026-07-20 00:00:00
CINC,HYPOD8510,HYPOD8510,HYPOD8510,4583440,32,2026-06-29 00:00:00,2026-07-21 00:00:00,,44000,0,LB,        CINC,DIH2O,24235,0,LB,2026-07-20 00:00:00
CINC,HYPOD8510,HYPOD8510,HYPOD8510,4583440,32,2026-06-29 00:00:00,2026-07-21 00:00:00,,44000,0,LB,        CINC,DMD5980I,6996,0,LB,2026-07-20 00:00:00
CINC,HYPOD8510,HYPOD8510,HYPOD8510,4583440,32,2026-06-29 00:00:00,2026-07-21 00:00:00,,44000,0,LB,        CINC,KOH45,2108,0,LB,2026-07-20 00:00:00
CINC,HYPOD8510,HYPOD8510,HYPOD8510,4583440,32,2026-06-29 00:00:00,2026-07-21 00:00:00,,44000,0,LB,        CINC,PROXBD20,22,0,LB,2026-07-20 00:00:00
CINC,HYPOD8510,HYPOD8510,HYPOD8510,4583961,32,2026-07-08 00:00:00,2026-07-21 00:00:00,,44000,0,LB,        CINC,AFEG8200G,10639,0,LB,2026-07-20 00:00:00
CINC,HYPOD8510,HYPOD8510,HYPOD8510,4583961,32,2026-07-08 00:00:00,2026-07-21 00:00:00,,44000,0,LB,        CINC,DIH2O,24235,0,LB,2026-07-20 00:00:00
CINC,HYPOD8510,HYPOD8510,HYPOD8510,4583961,32,2026-07-08 00:00:00,2026-07-21 00:00:00,,44000,0,LB,        CINC,DMD5980I,6996,0,LB,2026-07-20 00:00:00
CINC,HYPOD8510,HYPOD8510,HYPOD8510,4583961,32,2026-07-08 00:00:00,2026-07-21 00:00:00,,44000,0,LB,        CINC,KOH45,2108,0,LB,2026-07-20 00:00:00
CINC,HYPOD8510,HYPOD8510,HYPOD8510,4583961,32,2026-07-08 00:00:00,2026-07-21 00:00:00,,44000,0,LB,        CINC,PROXBD20,22,0,LB,2026-07-20 00:00:00
CINC,HYPOD8510,HYPOD8510,HYPOD8510,4583962,20,2026-07-08 00:00:00,2026-07-27 00:00:00,,44000,0,LB,        CINC,AFEG8200G,10639,0,LB,2026-07-24 00:00:00
CINC,HYPOD8510,HYPOD8510,HYPOD8510,4583962,20,2026-07-08 00:00:00,2026-07-27 00:00:00,,44000,0,LB,        CINC,DIH2O,24235,0,LB,2026-07-24 00:00:00
CINC,HYPOD8510,HYPOD8510,HYPOD8510,4583962,20,2026-07-08 00:00:00,2026-07-27 00:00:00,,44000,0,LB,        CINC,DMD5980I,6996,0,LB,2026-07-24 00:00:00
CINC,HYPOD8510,HYPOD8510,HYPOD8510,4583962,20,2026-07-08 00:00:00,2026-07-27 00:00:00,,44000,0,LB,        CINC,KOH45,2108,0,LB,2026-07-24 00:00:00
CINC,HYPOD8510,HYPOD8510,HYPOD8510,4583962,20,2026-07-08 00:00:00,2026-07-27 00:00:00,,44000,0,LB,        CINC,PROXBD20,22,0,LB,2026-07-24 00:00:00
CINC,HYPOD8510,HYPOD8510,HYPOD8510,4583963,20,2026-07-08 00:00:00,2026-07-27 00:00:00,,44000,0,LB,        CINC,AFEG8200G,10639,0,LB,2026-07-24 00:00:00
CINC,HYPOD8510,HYPOD8510,HYPOD8510,4583963,20,2026-07-08 00:00:00,2026-07-27 00:00:00,,44000,0,LB,        CINC,DIH2O,24235,0,LB,2026-07-24 00:00:00
CINC,HYPOD8510,HYPOD8510,HYPOD8510,4583963,20,2026-07-08 00:00:00,2026-07-27 00:00:00,,44000,0,LB,        CINC,DMD5980I,6996,0,LB,2026-07-24 00:00:00
CINC,HYPOD8510,HYPOD8510,HYPOD8510,4583963,20,2026-07-08 00:00:00,2026-07-27 00:00:00,,44000,0,LB,        CINC,KOH45,2108,0,LB,2026-07-24 00:00:00
CINC,HYPOD8510,HYPOD8510,HYPOD8510,4583963,20,2026-07-08 00:00:00,2026-07-27 00:00:00,,44000,0,LB,        CINC,PROXBD20,22,0,LB,2026-07-24 00:00:00
CINC,HYPOD8510,HYPOD8510,HYPOD8510,4583964,20,2026-07-08 00:00:00,2026-07-28 00:00:00,,44000,0,LB,        CINC,AFEG8200G,10639,0,LB,2026-07-27 00:00:00
CINC,HYPOD8510,HYPOD8510,HYPOD8510,4583964,20,2026-07-08 00:00:00,2026-07-28 00:00:00,,44000,0,LB,        CINC,DIH2O,24235,0,LB,2026-07-27 00:00:00
CINC,HYPOD8510,HYPOD8510,HYPOD8510,4583964,20,2026-07-08 00:00:00,2026-07-28 00:00:00,,44000,0,LB,        CINC,DMD5980I,6996,0,LB,2026-07-27 00:00:00
CINC,HYPOD8510,HYPOD8510,HYPOD8510,4583964,20,2026-07-08 00:00:00,2026-07-28 00:00:00,,44000,0,LB,        CINC,KOH45,2108,0,LB,2026-07-27 00:00:00
CINC,HYPOD8510,HYPOD8510,HYPOD8510,4583964,20,2026-07-08 00:00:00,2026-07-28 00:00:00,,44000,0,LB,        CINC,PROXBD20,22,0,LB,2026-07-27 00:00:00
CINC,HYPOD8510,HYPOD8510,HYPOD8510,4583965,20,2026-07-08 00:00:00,2026-07-28 00:00:00,,44000,0,LB,        CINC,AFEG8200G,10639,0,LB,2026-07-27 00:00:00
CINC,HYPOD8510,HYPOD8510,HYPOD8510,4583965,20,2026-07-08 00:00:00,2026-07-28 00:00:00,,44000,0,LB,        CINC,DIH2O,24235,0,LB,2026-07-27 00:00:00
CINC,HYPOD8510,HYPOD8510,HYPOD8510,4583965,20,2026-07-08 00:00:00,2026-07-28 00:00:00,,44000,0,LB,        CINC,DMD5980I,6996,0,LB,2026-07-27 00:00:00
CINC,HYPOD8510,HYPOD8510,HYPOD8510,4583965,20,2026-07-08 00:00:00,2026-07-28 00:00:00,,44000,0,LB,        CINC,KOH45,2108,0,LB,2026-07-27 00:00:00
CINC,HYPOD8510,HYPOD8510,HYPOD8510,4583965,20,2026-07-08 00:00:00,2026-07-28 00:00:00,,44000,0,LB,        CINC,PROXBD20,22,0,LB,2026-07-27 00:00:00
CIN2,IFS004,IFS004,IFS004,4583798,20,2026-07-06 00:00:00,2026-07-20 00:00:00,,1800,0,LB,        CIN2,181139INT,486,0,LB,2026-07-17 00:00:00
CIN2,IFS004,IFS004,IFS004,4583798,20,2026-07-06 00:00:00,2026-07-20 00:00:00,,1800,0,LB,        CIN2,DIH2O,228,0,LB,2026-07-17 00:00:00
CIN2,IFS004,IFS004,IFS004,4583798,20,2026-07-06 00:00:00,2026-07-20 00:00:00,,1800,0,LB,        CIN2,DIH2OF,27,0,LB,2026-07-17 00:00:00
CIN2,IFS004,IFS004,IFS004,4583798,20,2026-07-06 00:00:00,2026-07-20 00:00:00,,1800,0,LB,        CIN2,HL496,360,0,LB,2026-07-17 00:00:00
CIN2,IFS004,IFS004,IFS004,4583798,20,2026-07-06 00:00:00,2026-07-20 00:00:00,,1800,0,LB,        CIN2,NEOR600,573,0,LB,2026-07-17 00:00:00
CIN2,IFS004,IFS004,IFS004,4583798,20,2026-07-06 00:00:00,2026-07-20 00:00:00,,1800,0,LB,        CIN2,PP201,125,0,LB,2026-07-17 00:00:00
CIN2,IFS004,IFS004,IFS004,4583798,20,2026-07-06 00:00:00,2026-07-20 00:00:00,,1800,0,LB,        CIN2,PREBIT,2,0,LB,2026-07-17 00:00:00
CIN2,IFS004,IFS004,IFS004-PD,4583799,20,2026-07-06 00:00:00,2026-07-22 00:00:00,,4,0,DR,        CIN2,IFS004,1800,0,LB,2026-07-22 00:00:00
CIN2,IFS004,IFS004,IFS004-PD,4583799,20,2026-07-06 00:00:00,2026-07-22 00:00:00,,4,0,DR,        CIN2,PD,4,0,EA,2026-07-22 00:00:00
CINC,J1751,J1751,J1751,4584193,30,2026-07-14 00:00:00,2026-07-20 00:00:00,,28000,0,LB,        CINC,141PARL,1470,0,LB,2026-07-17 00:00:00
CINC,J1751,J1751,J1751,4584193,30,2026-07-14 00:00:00,2026-07-20 00:00:00,,28000,0,LB,        CINC,AC6,1470,0,LB,2026-07-17 00:00:00
CINC,J1751,J1751,J1751,4584193,30,2026-07-14 00:00:00,2026-07-20 00:00:00,,28000,0,LB,        CINC,AC680,7806,0,LB,2026-07-17 00:00:00
CINC,J1751,J1751,J1751,4584193,30,2026-07-14 00:00:00,2026-07-20 00:00:00,,28000,0,LB,        CINC,ACTMV,14,0,LB,2026-07-17 00:00:00
CINC,J1751,J1751,J1751,4584193,30,2026-07-14 00:00:00,2026-07-20 00:00:00,,28000,0,LB,        CINC,L2412,952,0,LB,2026-07-17 00:00:00
CINC,J1751,J1751,J1751,4584193,30,2026-07-14 00:00:00,2026-07-20 00:00:00,,28000,0,LB,        CINC,MORPHO50,350,0,LB,2026-07-17 00:00:00
CINC,J1751,J1751,J1751,4584193,30,2026-07-14 00:00:00,2026-07-20 00:00:00,,28000,0,LB,        CINC,SH2O,13924,0,LB,2026-07-17 00:00:00
CINC,J1751,J1751,J1751,4584193,30,2026-07-14 00:00:00,2026-07-20 00:00:00,,28000,0,LB,        CINC,SH2OF,1971,0,LB,2026-07-17 00:00:00
CINC,J1751,J1751,J1751,4584193,30,2026-07-14 00:00:00,2026-07-20 00:00:00,,28000,0,LB,        CINC,SODMET,42,0,LB,2026-07-17 00:00:00
CINC,J1751,J1751,J1751,4584192,30,2026-07-14 00:00:00,2026-07-27 00:00:00,,28000,0,LB,        CINC,141PARL,1470,0,LB,2026-07-24 00:00:00
CINC,J1751,J1751,J1751,4584192,30,2026-07-14 00:00:00,2026-07-27 00:00:00,,28000,0,LB,        CINC,AC6,1470,0,LB,2026-07-24 00:00:00
CINC,J1751,J1751,J1751,4584192,30,2026-07-14 00:00:00,2026-07-27 00:00:00,,28000,0,LB,        CINC,AC680,7806,0,LB,2026-07-24 00:00:00
CINC,J1751,J1751,J1751,4584192,30,2026-07-14 00:00:00,2026-07-27 00:00:00,,28000,0,LB,        CINC,ACTMV,14,0,LB,2026-07-24 00:00:00
CINC,J1751,J1751,J1751,4584192,30,2026-07-14 00:00:00,2026-07-27 00:00:00,,28000,0,LB,        CINC,L2412,952,0,LB,2026-07-24 00:00:00
CINC,J1751,J1751,J1751,4584192,30,2026-07-14 00:00:00,2026-07-27 00:00:00,,28000,0,LB,        CINC,MORPHO50,350,0,LB,2026-07-24 00:00:00
CINC,J1751,J1751,J1751,4584192,30,2026-07-14 00:00:00,2026-07-27 00:00:00,,28000,0,LB,        CINC,SH2O,13924,0,LB,2026-07-24 00:00:00
CINC,J1751,J1751,J1751,4584192,30,2026-07-14 00:00:00,2026-07-27 00:00:00,,28000,0,LB,        CINC,SH2OF,1971,0,LB,2026-07-24 00:00:00
CINC,J1751,J1751,J1751,4584192,30,2026-07-14 00:00:00,2026-07-27 00:00:00,,28000,0,LB,        CINC,SODMET,42,0,LB,2026-07-24 00:00:00
CINC,J1751,J1751,J1751-T2,4584194,20,2026-07-14 00:00:00,2026-07-23 00:00:00,,12,0,TO,        CINC,J1751,26400,0,LB,2026-07-23 00:00:00
CINC,J1751,J1751,J1751-T2,4584194,20,2026-07-14 00:00:00,2026-07-23 00:00:00,,12,0,TO,        CINC,TC275,12,0,EA,2026-07-23 00:00:00
CINC,J1751,J1751,J1751-T2,4584195,20,2026-07-14 00:00:00,2026-07-30 00:00:00,,12,0,TO,        CINC,J1751,26400,0,LB,2026-07-30 00:00:00
CINC,J1751,J1751,J1751-T2,4584195,20,2026-07-14 00:00:00,2026-07-30 00:00:00,,12,0,TO,        CINC,TC275,12,0,EA,2026-07-30 00:00:00
CIN2,JPUV120,JPUV120,JPUV120,4583800,35,2026-07-06 00:00:00,2026-07-15 00:00:00,,4960,0,LB,        CIN2,A1127,3224,0,LB,2026-07-14 00:00:00
CIN2,JPUV120,JPUV120,JPUV120,4583800,35,2026-07-06 00:00:00,2026-07-15 00:00:00,,4960,0,LB,        CIN2,ACTMV,12,0,LB,2026-07-14 00:00:00
CIN2,JPUV120,JPUV120,JPUV120,4583800,35,2026-07-06 00:00:00,2026-07-15 00:00:00,,4960,0,LB,        CIN2,SE394,1240,0,LB,2026-07-14 00:00:00
CIN2,JPUV120,JPUV120,JPUV120,4583800,35,2026-07-06 00:00:00,2026-07-15 00:00:00,,4960,0,LB,        CIN2,SH2O,459,0,LB,2026-07-14 00:00:00
CIN2,JPUV120,JPUV120,JPUV120,4583800,35,2026-07-06 00:00:00,2026-07-15 00:00:00,,4960,0,LB,        CIN2,SURF465,25,0,LB,2026-07-14 00:00:00
CIN2,JPUV120,JPUV120,JPUV120-FD,4583801,20,2026-07-06 00:00:00,2026-07-16 00:00:00,,11,0,DR,        CIN2,FD,11,0,EA,2026-07-16 00:00:00
CIN2,JPUV120,JPUV120,JPUV120-FD,4583801,20,2026-07-06 00:00:00,2026-07-16 00:00:00,,11,0,DR,        CIN2,JPUV120,4950,0,LB,2026-07-16 00:00:00
SING,KAOWHTS,KAOWHTS.S,KAOWHTS.S,4583767,32,2026-07-06 00:00:00,2026-07-14 00:00:00,,1530,0,KG,        SING,KWHITES.S,1034,0,KG,2026-07-13 00:00:00
SING,KAOWHTS,KAOWHTS.S,KAOWHTS.S,4583767,32,2026-07-06 00:00:00,2026-07-14 00:00:00,,1530,0,KG,        SING,NUO491.S,2,0,KG,2026-07-13 00:00:00
SING,KAOWHTS,KAOWHTS.S,KAOWHTS.S,4583767,32,2026-07-06 00:00:00,2026-07-14 00:00:00,,1530,0,KG,        SING,SH2O.S,494,0,KG,2026-07-13 00:00:00
SING,KAOWHTS,KAOWHTS.S,KAOWHTS.S,4583767,32,2026-07-06 00:00:00,2026-07-14 00:00:00,,1530,0,KG,        SING,T945.S,1,0,KG,2026-07-13 00:00:00
CIN2,KELSOL,KELSOL,KELSOL,4583805,32,2026-07-06 00:00:00,2026-07-18 00:00:00,,10000,0,LB,        CIN2,ACTMV,30,0,LB,2026-07-17 00:00:00
CIN2,KELSOL,KELSOL,KELSOL,4583805,32,2026-07-06 00:00:00,2026-07-18 00:00:00,,10000,0,LB,        CIN2,KELTROL,120,0,LB,2026-07-17 00:00:00
CIN2,KELSOL,KELSOL,KELSOL,4583805,32,2026-07-06 00:00:00,2026-07-18 00:00:00,,10000,0,LB,        CIN2,PREBIT,30,0,LB,2026-07-17 00:00:00
CIN2,KELSOL,KELSOL,KELSOL,4583805,32,2026-07-06 00:00:00,2026-07-18 00:00:00,,10000,0,LB,        CIN2,SH2O,9820,0,LB,2026-07-17 00:00:00
CINC,LC410TP,LC410TP,LC410TP,4583667,90,2026-07-02 00:00:00,2026-07-14 00:00:00,,42000,0,LB,        CINC,AMMONIA19,277,277,LB,2026-07-13 00:00:00
CINC,LC410TP,LC410TP,LC410TP,4583667,90,2026-07-02 00:00:00,2026-07-14 00:00:00,,42000,0,LB,        CINC,IMBC9135,2730,2730,LB,2026-07-13 00:00:00
CINC,LC410TP,LC410TP,LC410TP,4583667,90,2026-07-02 00:00:00,2026-07-14 00:00:00,,42000,0,LB,        CINC,KOH45,185,184,LB,2026-07-13 00:00:00
CINC,LC410TP,LC410TP,LC410TP,4583667,90,2026-07-02 00:00:00,2026-07-14 00:00:00,,42000,0,LB,        CINC,PED191C,11760,11760,LB,2026-07-13 00:00:00
CINC,LC410TP,LC410TP,LC410TP,4583667,90,2026-07-02 00:00:00,2026-07-14 00:00:00,,42000,0,LB,        CINC,SALT,21,21,LB,2026-07-13 00:00:00
CINC,LC410TP,LC410TP,LC410TP,4583667,90,2026-07-02 00:00:00,2026-07-14 00:00:00,,42000,0,LB,        CINC,SH2O,23267,23265,LB,2026-07-13 00:00:00
CINC,LC410TP,LC410TP,LC410TP,4583667,90,2026-07-02 00:00:00,2026-07-14 00:00:00,,42000,0,LB,        CINC,SH2OF,1260,1260,LB,2026-07-13 00:00:00
CINC,LC410TP,LC410TP,LC410TP-T2,4583668,20,2026-07-02 00:00:00,2026-07-15 00:00:00,,18,0,TO,        CINC,LC410TP,39600,0,LB,2026-07-15 00:00:00
CINC,LC410TP,LC410TP,LC410TP-T2,4583668,20,2026-07-02 00:00:00,2026-07-15 00:00:00,,18,0,TO,        CINC,TC275,18,0,EA,2026-07-15 00:00:00
AUBA,LICOF601,LICOF601.E,LICOF601.E,4583303,20,2026-06-26 00:00:00,2026-08-30 00:00:00,,19600,0,KG,        AUBA,DEEA.E,274,0,KG,2026-08-28 00:00:00
AUBA,LICOF601,LICOF601.E,LICOF601.E,4583303,20,2026-06-26 00:00:00,2026-08-30 00:00:00,,19600,0,KG,        AUBA,IMBC9135.E,1294,0,KG,2026-08-28 00:00:00
AUBA,LICOF601,LICOF601.E,LICOF601.E,4583303,20,2026-06-26 00:00:00,2026-08-30 00:00:00,,19600,0,KG,        AUBA,KOH90.E,227,0,KG,2026-08-28 00:00:00
AUBA,LICOF601,LICOF601.E,LICOF601.E,4583303,20,2026-06-26 00:00:00,2026-08-30 00:00:00,,19600,0,KG,        AUBA,LICO6252.E,5194,0,KG,2026-08-28 00:00:00
AUBA,LICOF601,LICOF601.E,LICOF601.E,4583303,20,2026-06-26 00:00:00,2026-08-30 00:00:00,,19600,0,KG,        AUBA,NASO2.E,39,0,KG,2026-08-28 00:00:00
AUBA,LICOF601,LICOF601.E,LICOF601.E,4583303,20,2026-06-26 00:00:00,2026-08-30 00:00:00,,19600,0,KG,        AUBA,SH2O.E,12571,0,KG,2026-08-28 00:00:00
AUBA,LICOF601,LICOF601.E,LICOF601.E-TO,4583304,20,2026-06-26 00:00:00,2026-09-01 00:00:00,,20,0,TO,        AUBA,1000TO.E,20,0,EA,2026-09-01 00:00:00
AUBA,LICOF601,LICOF601.E,LICOF601.E-TO,4583304,20,2026-06-26 00:00:00,2026-09-01 00:00:00,,20,0,TO,        AUBA,LICOF601.E,20000,0,KG,2026-09-01 00:00:00
AUBA,LICW440,LICW440.E,LICW440.E,4584112,20,2026-07-13 00:00:00,2026-07-24 00:00:00,,4585,0,KG,        AUBA,ACDILUE.E,9,0,KG,2026-07-23 00:00:00
AUBA,LICW440,LICW440.E,LICW440.E,4584112,20,2026-07-13 00:00:00,2026-07-24 00:00:00,,4585,0,KG,        AUBA,BRIJCS20.E,358,0,KG,2026-07-23 00:00:00
AUBA,LICW440,LICW440.E,LICW440.E,4584112,20,2026-07-13 00:00:00,2026-07-24 00:00:00,,4585,0,KG,        AUBA,CARN3.E,1469,0,KG,2026-07-23 00:00:00
AUBA,LICW440,LICW440.E,LICW440.E,4584112,20,2026-07-13 00:00:00,2026-07-24 00:00:00,,4585,0,KG,        AUBA,KOH90.E,13,0,KG,2026-07-23 00:00:00
AUBA,LICW440,LICW440.E,LICW440.E,4584112,20,2026-07-13 00:00:00,2026-07-24 00:00:00,,4585,0,KG,        AUBA,MERGAL10.E,17,0,KG,2026-07-23 00:00:00
AUBA,LICW440,LICW440.E,LICW440.E,4584112,20,2026-07-13 00:00:00,2026-07-24 00:00:00,,4585,0,KG,        AUBA,SH2O.E,2720,0,KG,2026-07-23 00:00:00
AUBA,LICW440,LICW440.E,LICW440.E-LP,4584113,20,2026-07-13 00:00:00,2026-07-24 00:00:00,,1,0,DR,        AUBA,LICW440.E,120,0,KG,2026-07-24 00:00:00
AUBA,LICW440,LICW440.E,LICW440.E-LP,4584113,20,2026-07-13 00:00:00,2026-07-24 00:00:00,,1,0,DR,        AUBA,PD120UN.E,1,0,EA,2026-07-24 00:00:00
AUBA,LICW440,LICW440.E,LICW440.E-TO,4584114,20,2026-07-13 00:00:00,2026-07-24 00:00:00,,4,0,TO,        AUBA,1000TO.E,4,0,EA,2026-07-24 00:00:00
AUBA,LICW440,LICW440.E,LICW440.E-TO,4584114,20,2026-07-13 00:00:00,2026-07-24 00:00:00,,4,0,TO,        AUBA,LICW440.E,4000,0,KG,2026-07-24 00:00:00
CINC,LIQLUB405,LIQLUB405,LIQLUB405-T2,4583397,35,2026-06-29 00:00:00,2026-07-13 00:00:00,,16,0,TO,        CINC,LIQLUB405,35200,0,LB,2026-07-13 00:00:00
CINC,LIQLUB405,LIQLUB405,LIQLUB405-T2,4583397,35,2026-06-29 00:00:00,2026-07-13 00:00:00,,16,0,TO,        CINC,TC275,16,0,EA,2026-07-13 00:00:00
CIN2,MC40HAFN,MC40HAFN,MC40HAFN,4583861,32,2026-07-07 00:00:00,2026-07-16 00:00:00,,2000,0,LB,        CIN2,ACTMV,5,0,LB,2026-07-15 00:00:00
CIN2,MC40HAFN,MC40HAFN,MC40HAFN,4583861,32,2026-07-07 00:00:00,2026-07-16 00:00:00,,2000,0,LB,        CIN2,AMMONIA19,10,0,LB,2026-07-15 00:00:00
CIN2,MC40HAFN,MC40HAFN,MC40HAFN,4583861,32,2026-07-07 00:00:00,2026-07-16 00:00:00,,2000,0,LB,        CIN2,DF215,9,0,LB,2026-07-15 00:00:00
CIN2,MC40HAFN,MC40HAFN,MC40HAFN,4583861,32,2026-07-07 00:00:00,2026-07-16 00:00:00,,2000,0,LB,        CIN2,ME61335P,95,0,LB,2026-07-15 00:00:00
CIN2,MC40HAFN,MC40HAFN,MC40HAFN,4583861,32,2026-07-07 00:00:00,2026-07-16 00:00:00,,2000,0,LB,        CIN2,SH2O,403,0,LB,2026-07-15 00:00:00
CIN2,MC40HAFN,MC40HAFN,MC40HAFN,4583861,32,2026-07-07 00:00:00,2026-07-16 00:00:00,,2000,0,LB,        CIN2,SH2OF,30,0,LB,2026-07-15 00:00:00
CIN2,MC40HAFN,MC40HAFN,MC40HAFN,4583861,32,2026-07-07 00:00:00,2026-07-16 00:00:00,,2000,0,LB,        CIN2,T6155,1302,0,LB,2026-07-15 00:00:00
CIN2,MC40HAFN,MC40HAFN,MC40HAFN,4583861,32,2026-07-07 00:00:00,2026-07-16 00:00:00,,2000,0,LB,        CIN2,ZINPLEX15,28,0,LB,2026-07-15 00:00:00
CIN2,MC40HAFN,MC40HAFN,MC40HAFN-FD,4583862,20,2026-07-07 00:00:00,2026-07-17 00:00:00,,4,0,DR,        CIN2,FD,4,0,EA,2026-07-17 00:00:00
CIN2,MC40HAFN,MC40HAFN,MC40HAFN-FD,4583862,20,2026-07-07 00:00:00,2026-07-17 00:00:00,,4,0,DR,        CIN2,MC40HAFN,1900,0,LB,2026-07-17 00:00:00
CIN2,MC40HHSN,MC40HHSN,MC40HHSN-OP,4583924,35,2026-07-08 00:00:00,2026-07-15 00:00:00,,32,0,DR,        CIN2,MC40HHSN,14400,0,LB,2026-07-15 00:00:00
CIN2,MC40HHSN,MC40HHSN,MC40HHSN-OP,4583924,35,2026-07-08 00:00:00,2026-07-15 00:00:00,,32,0,DR,        CIN2,OPNHDPOLY,32,0,EA,2026-07-15 00:00:00
AUBA,MC40M,MC40M.E,MC40M.E,4583846,32,2026-07-07 00:00:00,2026-07-16 00:00:00,,7600,0,KG,        AUBA,BYK016.E,8,0,KG,2026-07-15 00:00:00
AUBA,MC40M,MC40M.E,MC40M.E,4583846,32,2026-07-07 00:00:00,2026-07-16 00:00:00,,7600,0,KG,        AUBA,DL391.E,3701,0,KG,2026-07-15 00:00:00
AUBA,MC40M,MC40M.E,MC40M.E,4583846,32,2026-07-07 00:00:00,2026-07-16 00:00:00,,7600,0,KG,        AUBA,ME14130.E,745,0,KG,2026-07-15 00:00:00
AUBA,MC40M,MC40M.E,MC40M.E,4583846,32,2026-07-07 00:00:00,2026-07-16 00:00:00,,7600,0,KG,        AUBA,MERGAL10.E,30,0,KG,2026-07-15 00:00:00
AUBA,MC40M,MC40M.E,MC40M.E,4583846,32,2026-07-07 00:00:00,2026-07-16 00:00:00,,7600,0,KG,        AUBA,PRP376LO.E,1254,0,KG,2026-07-15 00:00:00
AUBA,MC40M,MC40M.E,MC40M.E,4583846,32,2026-07-07 00:00:00,2026-07-16 00:00:00,,7600,0,KG,        AUBA,RHE35.E,48,0,KG,2026-07-15 00:00:00
AUBA,MC40M,MC40M.E,MC40M.E,4583846,32,2026-07-07 00:00:00,2026-07-16 00:00:00,,7600,0,KG,        AUBA,SH2O.E,1815,0,KG,2026-07-15 00:00:00
AUBA,MC40M,MC40M.E,MC40M.E-TO,4583847,20,2026-07-07 00:00:00,2026-07-17 00:00:00,,8,0,TO,        AUBA,1000TO.E,8,0,EA,2026-07-17 00:00:00
AUBA,MC40M,MC40M.E,MC40M.E-TO,4583847,20,2026-07-07 00:00:00,2026-07-17 00:00:00,,8,0,TO,        AUBA,MC40M.E,7600,0,KG,2026-07-17 00:00:00
AUBA,MC9100,MC9100.E,MC9100.E,4584040,35,2026-07-10 00:00:00,2026-07-16 00:00:00,,8000,0,KG,        AUBA,DMEA.E,335,0,KG,2026-07-15 00:00:00
AUBA,MC9100,MC9100.E,MC9100.E,4584040,35,2026-07-10 00:00:00,2026-07-16 00:00:00,,8000,0,KG,        AUBA,ESC5200.E,1600,0,KG,2026-07-15 00:00:00
AUBA,MC9100,MC9100.E,MC9100.E,4584040,35,2026-07-10 00:00:00,2026-07-16 00:00:00,,8000,0,KG,        AUBA,SH2O.E,6065,0,KG,2026-07-15 00:00:00
AUBA,MC9100,MC9100.E,MC9100.E-PD,4583840,20,2026-07-07 00:00:00,2026-07-17 00:00:00,,14,0,DR,        AUBA,MC9100.E,2800,0,KG,2026-07-17 00:00:00
AUBA,MC9100,MC9100.E,MC9100.E-PD,4583840,20,2026-07-07 00:00:00,2026-07-17 00:00:00,,14,0,DR,        AUBA,PD.E,14,0,EA,2026-07-17 00:00:00
AUBA,MC9100,MC9100.E,MC9100.E-TO,4583841,20,2026-07-07 00:00:00,2026-07-17 00:00:00,,5,0,TO,        AUBA,1000TO.E,5,0,EA,2026-07-17 00:00:00
AUBA,MC9100,MC9100.E,MC9100.E-TO,4583841,20,2026-07-07 00:00:00,2026-07-17 00:00:00,,5,0,TO,        AUBA,MC9100.E,5000,0,KG,2026-07-17 00:00:00
SING,MC9100,MC9100.S,MC9100.S,4584091,32,2026-07-13 00:00:00,2026-07-16 00:00:00,,12000,0,KG,        SING,DMEA.S,503,0,KG,2026-07-15 00:00:00
SING,MC9100,MC9100.S,MC9100.S,4584091,32,2026-07-13 00:00:00,2026-07-16 00:00:00,,12000,0,KG,        SING,ESC5200.S,2400,0,KG,2026-07-15 00:00:00
SING,MC9100,MC9100.S,MC9100.S,4584091,32,2026-07-13 00:00:00,2026-07-16 00:00:00,,12000,0,KG,        SING,SH2O.S,9097,0,KG,2026-07-15 00:00:00
SING,MC9100,MC9100.S,MC9100.S-TL,4584092,20,2026-07-13 00:00:00,2026-07-17 00:00:00,,12,0,TO,        SING,1000TL.S,12,0,EA,2026-07-16 00:00:00
SING,MC9100,MC9100.S,MC9100.S-TL,4584092,20,2026-07-13 00:00:00,2026-07-17 00:00:00,,12,0,TO,        SING,MC9100.S,12000,0,KG,2026-07-17 00:00:00
CIN2,MCL1188,MCL1188,MCL1188-B1,4583152,35,2026-06-23 00:00:00,2026-07-22 00:00:00,,90,0,B1,        CIN2,B2INSRT,90,0,EA,2026-07-22 00:00:00
CIN2,MCL1188,MCL1188,MCL1188-B1,4583152,35,2026-06-23 00:00:00,2026-07-22 00:00:00,,90,0,B1,        CIN2,BOX2,90,0,EA,2026-07-22 00:00:00
CIN2,MCL1188,MCL1188,MCL1188-B1,4583152,35,2026-06-23 00:00:00,2026-07-22 00:00:00,,90,0,B1,        CIN2,CAP5A,360,0,EA,2026-07-22 00:00:00
CIN2,MCL1188,MCL1188,MCL1188-B1,4583152,35,2026-06-23 00:00:00,2026-07-22 00:00:00,,90,0,B1,        CIN2,JUG5A,360,0,EA,2026-07-22 00:00:00
CIN2,MCL1188,MCL1188,MCL1188-B1,4583152,35,2026-06-23 00:00:00,2026-07-22 00:00:00,,90,0,B1,        CIN2,MCL1188,3960,0,LB,2026-07-22 00:00:00
CIN2,MCL1188,MCL1188,MCL1188-P1,4583863,20,2026-07-07 00:00:00,2026-07-23 00:00:00,,2,0,PA,        CIN2,MCL1188-B1,48,0,B1,2026-07-23 00:00:00
AUBA,MCL1188,MCL1188.E,MCL1188.E,4583599,20,2026-07-01 00:00:00,2026-09-02 00:00:00,,15000,0,KG,        AUBA,1000TO.E,16,0,EA,2026-09-02 00:00:00
AUBA,MCL1188,MCL1188.E,MCL1188.E,4583599,20,2026-07-01 00:00:00,2026-09-02 00:00:00,,15000,0,KG,        AUBA,AGITAN651.E,8,0,KG,2026-09-01 00:00:00
AUBA,MCL1188,MCL1188.E,MCL1188.E,4583599,20,2026-07-01 00:00:00,2026-09-02 00:00:00,,15000,0,KG,        AUBA,PROXELDILUE.E,60,0,KG,2026-09-01 00:00:00
AUBA,MCL1188,MCL1188.E,MCL1188.E,4583599,20,2026-07-01 00:00:00,2026-09-02 00:00:00,,15000,0,KG,        AUBA,SH2O.E,14406,0,KG,2026-09-01 00:00:00
AUBA,MCL1188,MCL1188.E,MCL1188.E,4583599,20,2026-07-01 00:00:00,2026-09-02 00:00:00,,15000,0,KG,        AUBA,WAC.E,527,0,KG,2026-09-01 00:00:00
AUBA,MD7900,MD7900.E,MD7900.E,4583383,90,2026-06-29 00:00:00,2026-07-15 00:00:00,,10384,0,KG,        AUBA,FL780.E,1911,1910,KG,2026-07-14 00:00:00
AUBA,MD7900,MD7900.E,MD7900.E,4583383,90,2026-06-29 00:00:00,2026-07-15 00:00:00,,10384,0,KG,        AUBA,GLYCEROL.E,26,0,KG,2026-07-14 00:00:00
AUBA,MD7900,MD7900.E,MD7900.E,4583383,90,2026-06-29 00:00:00,2026-07-15 00:00:00,,10384,0,KG,        AUBA,LAPRD.E,18,18,KG,2026-07-14 00:00:00
AUBA,MD7900,MD7900.E,MD7900.E,4583383,90,2026-06-29 00:00:00,2026-07-15 00:00:00,,10384,0,KG,        AUBA,LS7005.E,1500,1500,KG,2026-07-14 00:00:00
AUBA,MD7900,MD7900.E,MD7900.E,4583383,90,2026-06-29 00:00:00,2026-07-15 00:00:00,,10384,0,KG,        AUBA,LS7005BG.E,1310,312,KG,2026-07-15 00:00:00
AUBA,MD7900,MD7900.E,MD7900.E,4583383,90,2026-06-29 00:00:00,2026-07-15 00:00:00,,10384,0,KG,        AUBA,MARL1399.E,114,114,KG,2026-07-14 00:00:00
AUBA,MD7900,MD7900.E,MD7900.E,4583383,90,2026-06-29 00:00:00,2026-07-15 00:00:00,,10384,0,KG,        AUBA,MP4983R.E,1864,0,KG,2026-07-14 00:00:00
AUBA,MD7900,MD7900.E,MD7900.E,4583383,90,2026-06-29 00:00:00,2026-07-15 00:00:00,,10384,0,KG,        AUBA,NUOSEPT.E,30,0,KG,2026-07-14 00:00:00
AUBA,MD7900,MD7900.E,MD7900.E,4583383,90,2026-06-29 00:00:00,2026-07-15 00:00:00,,10384,0,KG,        AUBA,RHE35.E,42,0,KG,2026-07-14 00:00:00
AUBA,MD7900,MD7900.E,MD7900.E,4583383,90,2026-06-29 00:00:00,2026-07-15 00:00:00,,10384,0,KG,        AUBA,SH2O.E,2546,2339,KG,2026-07-14 00:00:00
AUBA,MD7900,MD7900.E,MD7900.E,4583383,90,2026-06-29 00:00:00,2026-07-15 00:00:00,,10384,0,KG,        AUBA,TSPP.E,5,5,KG,2026-07-14 00:00:00
AUBA,MD7900,MD7900.E,MD7900.E,4583383,90,2026-06-29 00:00:00,2026-07-15 00:00:00,,10384,0,KG,        AUBA,W300.E,1018,0,KG,2026-07-14 00:00:00
AUBA,MD7900,MD7900.E,MD7900.E,4583383,90,2026-06-29 00:00:00,2026-07-15 00:00:00,,10384,0,KG,        AUBA,WO2323.E,1,0,KG,2026-07-14 00:00:00
AUBA,MD7900,MD7900.E,MD7900.E-TO,4583384,20,2026-06-29 00:00:00,2026-07-16 00:00:00,,8,0,TO,        AUBA,1000TO.E,8,0,EA,2026-07-16 00:00:00
AUBA,MD7900,MD7900.E,MD7900.E-TO,4583384,20,2026-06-29 00:00:00,2026-07-16 00:00:00,,8,0,TO,        AUBA,MD7900.E,10000,0,KG,2026-07-16 00:00:00
SING,MD91530,MD91530.S,MD91530.S,4583461,32,2026-06-30 00:00:00,2026-07-16 00:00:00,,3766,0,KG,        SING,AMMONIA.S,291,0,KG,2026-07-15 00:00:00
SING,MD91530,MD91530.S,MD91530.S,4583461,32,2026-06-30 00:00:00,2026-07-16 00:00:00,,3766,0,KG,        SING,JON678.S,1130,0,KG,2026-07-15 00:00:00
SING,MD91530,MD91530.S,MD91530.S,4583461,32,2026-06-30 00:00:00,2026-07-16 00:00:00,,3766,0,KG,        SING,SH2O.S,2345,0,KG,2026-07-15 00:00:00
SING,MD91530,MD91530.S,MD91530.S-PD,4583462,20,2026-06-30 00:00:00,2026-07-17 00:00:00,,18,0,DR,        SING,MD91530.S,3600,0,KG,2026-07-17 00:00:00
SING,MD91530,MD91530.S,MD91530.S-PD,4583462,20,2026-06-30 00:00:00,2026-07-17 00:00:00,,18,0,DR,        SING,PDLR.S,18,0,EA,2026-07-16 00:00:00
CINC,ME20117,ME20117,ME20117,4583925,32,2026-07-08 00:00:00,2026-07-16 00:00:00,,33000,0,LB,        CINC,ACACID56,413,0,LB,2026-07-15 00:00:00
CINC,ME20117,ME20117,ME20117,4583925,32,2026-07-08 00:00:00,2026-07-16 00:00:00,,33000,0,LB,        CINC,CARN3,3554,0,LB,2026-07-15 00:00:00
CINC,ME20117,ME20117,ME20117,4583925,32,2026-07-08 00:00:00,2026-07-16 00:00:00,,33000,0,LB,        CINC,DIH2O,24998,0,LB,2026-07-15 00:00:00
CINC,ME20117,ME20117,ME20117,4583925,32,2026-07-08 00:00:00,2026-07-16 00:00:00,,33000,0,LB,        CINC,DIH2OF,1980,0,LB,2026-07-15 00:00:00
CINC,ME20117,ME20117,ME20117,4583925,32,2026-07-08 00:00:00,2026-07-16 00:00:00,,33000,0,LB,        CINC,EXTAM2,2016,0,LB,2026-07-15 00:00:00
CINC,ME20117,ME20117,ME20117,4583925,32,2026-07-08 00:00:00,2026-07-16 00:00:00,,33000,0,LB,        CINC,SCHERCO,40,0,LB,2026-07-15 00:00:00
CINC,ME20117,ME20117,ME20117-T2,4583926,20,2026-07-08 00:00:00,2026-07-20 00:00:00,,14,0,TO,        CINC,ME20117,30870,0,LB,2026-07-20 00:00:00
CINC,ME20117,ME20117,ME20117-T2,4583926,20,2026-07-08 00:00:00,2026-07-20 00:00:00,,14,0,TO,        CINC,TC275,14,0,EA,2026-07-20 00:00:00
CINC,ME24035,ME24035,ME24035,4583400,90,2026-06-29 00:00:00,2026-07-15 00:00:00,,41000,0,LB,        CINC,127PARL,11,5955,LB,2026-07-14 00:00:00
CINC,ME24035,ME24035,ME24035,4583400,90,2026-06-29 00:00:00,2026-07-15 00:00:00,,41000,0,LB,        CINC,127PARL,5955,25,LB,2026-07-15 00:00:00
CINC,ME24035,ME24035,ME24035,4583400,90,2026-06-29 00:00:00,2026-07-15 00:00:00,,41000,0,LB,        CINC,AC629M,4686,4690,LB,2026-07-14 00:00:00
CINC,ME24035,ME24035,ME24035,4583400,90,2026-06-29 00:00:00,2026-07-15 00:00:00,,41000,0,LB,        CINC,ACTMV,82,0,LB,2026-07-14 00:00:00
CINC,ME24035,ME24035,ME24035,4583400,90,2026-06-29 00:00:00,2026-07-15 00:00:00,,41000,0,LB,        CINC,EM221,2960,2961,LB,2026-07-14 00:00:00
CINC,ME24035,ME24035,ME24035,4583400,90,2026-06-29 00:00:00,2026-07-15 00:00:00,,41000,0,LB,        CINC,NAOH50,804,803,LB,2026-07-14 00:00:00
CINC,ME24035,ME24035,ME24035,4583400,90,2026-06-29 00:00:00,2026-07-15 00:00:00,,41000,0,LB,        CINC,SH2O,24042,22812,LB,2026-07-14 00:00:00
CINC,ME24035,ME24035,ME24035,4583400,90,2026-06-29 00:00:00,2026-07-15 00:00:00,,41000,0,LB,        CINC,SH2OF,2460,1640,LB,2026-07-14 00:00:00
CINC,ME24035,ME24035,ME24035-BP,4583401,20,2026-06-29 00:00:00,2026-07-17 00:00:00,,88,0,DR,        CINC,BPD,88,0,EA,2026-07-17 00:00:00
CINC,ME24035,ME24035,ME24035-BP,4583401,20,2026-06-29 00:00:00,2026-07-17 00:00:00,,88,0,DR,        CINC,ME24035,38808,0,LB,2026-07-17 00:00:00
CIN2,ME35940,ME35940,ME35940-T3,4583499,35,2026-06-30 00:00:00,2026-07-14 00:00:00,,2,0,TO,        CIN2,ME35940,5200,0,LB,2026-07-14 00:00:00
CIN2,ME35940,ME35940,ME35940-T3,4583499,35,2026-06-30 00:00:00,2026-07-14 00:00:00,,2,0,TO,        CIN2,TC330,2,0,EA,2026-07-14 00:00:00
AUBA,ME36840A,ME36840A.E,ME36840A.E,4584180,20,2026-07-14 00:00:00,2026-07-29 00:00:00,,10000,0,KG,        AUBA,141PAR.E,3068,0,KG,2026-07-28 00:00:00
AUBA,ME36840A,ME36840A.E,ME36840A.E,4584180,20,2026-07-14 00:00:00,2026-07-29 00:00:00,,10000,0,KG,        AUBA,A1813.E,343,0,KG,2026-07-28 00:00:00
AUBA,ME36840A,ME36840A.E,ME36840A.E,4584180,20,2026-07-14 00:00:00,2026-07-29 00:00:00,,10000,0,KG,        AUBA,AC629M.E,540,0,KG,2026-07-28 00:00:00
AUBA,ME36840A,ME36840A.E,ME36840A.E,4584180,20,2026-07-14 00:00:00,2026-07-29 00:00:00,,10000,0,KG,        AUBA,KOH90.E,69,0,KG,2026-07-28 00:00:00
AUBA,ME36840A,ME36840A.E,ME36840A.E,4584180,20,2026-07-14 00:00:00,2026-07-29 00:00:00,,10000,0,KG,        AUBA,MERGAL10.E,20,0,KG,2026-07-28 00:00:00
AUBA,ME36840A,ME36840A.E,ME36840A.E,4584180,20,2026-07-14 00:00:00,2026-07-29 00:00:00,,10000,0,KG,        AUBA,PROGLY.E,137,0,KG,2026-07-28 00:00:00
AUBA,ME36840A,ME36840A.E,ME36840A.E,4584180,20,2026-07-14 00:00:00,2026-07-29 00:00:00,,10000,0,KG,        AUBA,SH2O.E,5823,0,KG,2026-07-28 00:00:00
AUBA,ME36840A,ME36840A.E,ME36840A.E-PD,4583911,20,2026-07-08 00:00:00,2026-07-30 00:00:00,,3,0,DR,        AUBA,ME36840A.E,600,0,KG,2026-07-30 00:00:00
AUBA,ME36840A,ME36840A.E,ME36840A.E-PD,4583911,20,2026-07-08 00:00:00,2026-07-30 00:00:00,,3,0,DR,        AUBA,PD.E,3,0,EA,2026-07-30 00:00:00
AUBA,ME36840A,ME36840A.E,ME36840A.E-TO,4584181,20,2026-07-14 00:00:00,2026-07-30 00:00:00,,10,0,TO,        AUBA,1000TO.E,10,0,EA,2026-07-30 00:00:00
AUBA,ME36840A,ME36840A.E,ME36840A.E-TO,4584181,20,2026-07-14 00:00:00,2026-07-30 00:00:00,,10,0,TO,        AUBA,ME36840A.E,10000,0,KG,2026-07-30 00:00:00
CIN2,ME39235,ME39235,ME39235-FD,4583917,35,2026-07-08 00:00:00,2026-07-24 00:00:00,,5,0,DR,        CIN2,FD,5,0,EA,2026-07-24 00:00:00
CIN2,ME39235,ME39235,ME39235-FD,4583917,35,2026-07-08 00:00:00,2026-07-24 00:00:00,,5,0,DR,        CIN2,ME39235,2375,0,LB,2026-07-24 00:00:00
CINC,ME51530K,ME51530K,ME51530K,4584196,32,2026-07-14 00:00:00,2026-07-17 00:00:00,,44000,0,LB,        CINC,100FGK,2816,0,LB,2026-07-16 00:00:00
CINC,ME51530K,ME51530K,ME51530K,4584196,32,2026-07-14 00:00:00,2026-07-17 00:00:00,,44000,0,LB,        CINC,AMMONIA19,1734,0,LB,2026-07-16 00:00:00
CINC,ME51530K,ME51530K,ME51530K,4584196,32,2026-07-14 00:00:00,2026-07-17 00:00:00,,44000,0,LB,        CINC,E14,4123,0,LB,2026-07-16 00:00:00
CINC,ME51530K,ME51530K,ME51530K,4584196,32,2026-07-14 00:00:00,2026-07-17 00:00:00,,44000,0,LB,        CINC,HP1190,6182,0,LB,2026-07-16 00:00:00
CINC,ME51530K,ME51530K,ME51530K,4584196,32,2026-07-14 00:00:00,2026-07-17 00:00:00,,44000,0,LB,        CINC,SH2O,26928,0,LB,2026-07-16 00:00:00
CINC,ME51530K,ME51530K,ME51530K,4584196,32,2026-07-14 00:00:00,2026-07-17 00:00:00,,44000,0,LB,        CINC,SH2OF,880,0,LB,2026-07-17 00:00:00
CINC,ME51530K,ME51530K,ME51530K,4584196,32,2026-07-14 00:00:00,2026-07-17 00:00:00,,44000,0,LB,        CINC,SH2OF,1258,0,LB,2026-07-16 00:00:00
CINC,ME51530K,ME51530K,ME51530K,4584196,32,2026-07-14 00:00:00,2026-07-17 00:00:00,,44000,0,LB,        CINC,SODMET,79,0,LB,2026-07-16 00:00:00
CINC,ME52137I,ME52137I,ME52137I,4583931,32,2026-07-08 00:00:00,2026-07-14 00:00:00,,28000,0,LB,        CINC,AC629M,8126,0,LB,2026-07-13 00:00:00
CINC,ME52137I,ME52137I,ME52137I,4583931,32,2026-07-08 00:00:00,2026-07-14 00:00:00,,28000,0,LB,        CINC,GLUT50,17,0,LB,2026-07-13 00:00:00
CINC,ME52137I,ME52137I,ME52137I,4583931,32,2026-07-08 00:00:00,2026-07-14 00:00:00,,28000,0,LB,        CINC,KOH45,319,0,LB,2026-07-13 00:00:00
CINC,ME52137I,ME52137I,ME52137I,4583931,32,2026-07-08 00:00:00,2026-07-14 00:00:00,,28000,0,LB,        CINC,NEO2512,2052,0,LB,2026-07-13 00:00:00
CINC,ME52137I,ME52137I,ME52137I,4583931,32,2026-07-08 00:00:00,2026-07-14 00:00:00,,28000,0,LB,        CINC,SH2O,3522,0,LB,2026-07-14 00:00:00
CINC,ME52137I,ME52137I,ME52137I,4583931,32,2026-07-08 00:00:00,2026-07-14 00:00:00,,28000,0,LB,        CINC,SH2OF,644,0,LB,2026-07-14 00:00:00
CINC,ME52137I,ME52137I,ME52137I,4583931,32,2026-07-08 00:00:00,2026-07-14 00:00:00,,28000,0,LB,        CINC,SH2OF,801,0,LB,2026-07-13 00:00:00
CINC,ME52137I,ME52137I,ME52137I,4583931,32,2026-07-08 00:00:00,2026-07-14 00:00:00,,28000,0,LB,        CINC,SH2ORT,12480,0,LB,2026-07-13 00:00:00
CINC,ME52137I,ME52137I,ME52137I,4583931,32,2026-07-08 00:00:00,2026-07-14 00:00:00,,28000,0,LB,        CINC,SODMET,39,0,LB,2026-07-13 00:00:00
CINC,ME52137I,ME52137I,ME52137I,4583930,32,2026-07-08 00:00:00,2026-07-15 00:00:00,,28000,0,LB,        CINC,AC629M,8126,0,LB,2026-07-14 00:00:00
CINC,ME52137I,ME52137I,ME52137I,4583930,32,2026-07-08 00:00:00,2026-07-15 00:00:00,,28000,0,LB,        CINC,GLUT50,17,0,LB,2026-07-14 00:00:00
CINC,ME52137I,ME52137I,ME52137I,4583930,32,2026-07-08 00:00:00,2026-07-15 00:00:00,,28000,0,LB,        CINC,KOH45,319,0,LB,2026-07-14 00:00:00
CINC,ME52137I,ME52137I,ME52137I,4583930,32,2026-07-08 00:00:00,2026-07-15 00:00:00,,28000,0,LB,        CINC,NEO2512,2052,0,LB,2026-07-14 00:00:00
CINC,ME52137I,ME52137I,ME52137I,4583930,32,2026-07-08 00:00:00,2026-07-15 00:00:00,,28000,0,LB,        CINC,SH2O,3522,0,LB,2026-07-15 00:00:00
CINC,ME52137I,ME52137I,ME52137I,4583930,32,2026-07-08 00:00:00,2026-07-15 00:00:00,,28000,0,LB,        CINC,SH2OF,644,0,LB,2026-07-15 00:00:00
CINC,ME52137I,ME52137I,ME52137I,4583930,32,2026-07-08 00:00:00,2026-07-15 00:00:00,,28000,0,LB,        CINC,SH2OF,801,0,LB,2026-07-14 00:00:00
CINC,ME52137I,ME52137I,ME52137I,4583930,32,2026-07-08 00:00:00,2026-07-15 00:00:00,,28000,0,LB,        CINC,SH2ORT,12480,0,LB,2026-07-14 00:00:00
CINC,ME52137I,ME52137I,ME52137I,4583930,32,2026-07-08 00:00:00,2026-07-15 00:00:00,,28000,0,LB,        CINC,SODMET,39,0,LB,2026-07-14 00:00:00
CINC,ME52137I,ME52137I,ME52137I,4584135,32,2026-07-13 00:00:00,2026-07-20 00:00:00,,28000,0,LB,        CINC,AC629M,8126,0,LB,2026-07-17 00:00:00
CINC,ME52137I,ME52137I,ME52137I,4584135,32,2026-07-13 00:00:00,2026-07-20 00:00:00,,28000,0,LB,        CINC,GLUT50,17,0,LB,2026-07-17 00:00:00
CINC,ME52137I,ME52137I,ME52137I,4584135,32,2026-07-13 00:00:00,2026-07-20 00:00:00,,28000,0,LB,        CINC,KOH45,319,0,LB,2026-07-17 00:00:00
CINC,ME52137I,ME52137I,ME52137I,4584135,32,2026-07-13 00:00:00,2026-07-20 00:00:00,,28000,0,LB,        CINC,NEO2512,2052,0,LB,2026-07-17 00:00:00
CINC,ME52137I,ME52137I,ME52137I,4584135,32,2026-07-13 00:00:00,2026-07-20 00:00:00,,28000,0,LB,        CINC,SH2O,3522,0,LB,2026-07-20 00:00:00
CINC,ME52137I,ME52137I,ME52137I,4584135,32,2026-07-13 00:00:00,2026-07-20 00:00:00,,28000,0,LB,        CINC,SH2OF,644,0,LB,2026-07-20 00:00:00
CINC,ME52137I,ME52137I,ME52137I,4584135,32,2026-07-13 00:00:00,2026-07-20 00:00:00,,28000,0,LB,        CINC,SH2OF,801,0,LB,2026-07-17 00:00:00
CINC,ME52137I,ME52137I,ME52137I,4584135,32,2026-07-13 00:00:00,2026-07-20 00:00:00,,28000,0,LB,        CINC,SH2ORT,12480,0,LB,2026-07-17 00:00:00
CINC,ME52137I,ME52137I,ME52137I,4584135,32,2026-07-13 00:00:00,2026-07-20 00:00:00,,28000,0,LB,        CINC,SODMET,39,0,LB,2026-07-17 00:00:00
CINC,ME52137I,ME52137I,ME52137I,4584134,32,2026-07-13 00:00:00,2026-07-21 00:00:00,,28000,0,LB,        CINC,AC629M,8126,0,LB,2026-07-20 00:00:00
CINC,ME52137I,ME52137I,ME52137I,4584134,32,2026-07-13 00:00:00,2026-07-21 00:00:00,,28000,0,LB,        CINC,GLUT50,17,0,LB,2026-07-20 00:00:00
CINC,ME52137I,ME52137I,ME52137I,4584134,32,2026-07-13 00:00:00,2026-07-21 00:00:00,,28000,0,LB,        CINC,KOH45,319,0,LB,2026-07-20 00:00:00
CINC,ME52137I,ME52137I,ME52137I,4584134,32,2026-07-13 00:00:00,2026-07-21 00:00:00,,28000,0,LB,        CINC,NEO2512,2052,0,LB,2026-07-20 00:00:00
CINC,ME52137I,ME52137I,ME52137I,4584134,32,2026-07-13 00:00:00,2026-07-21 00:00:00,,28000,0,LB,        CINC,SH2O,3522,0,LB,2026-07-21 00:00:00
CINC,ME52137I,ME52137I,ME52137I,4584134,32,2026-07-13 00:00:00,2026-07-21 00:00:00,,28000,0,LB,        CINC,SH2OF,644,0,LB,2026-07-21 00:00:00
CINC,ME52137I,ME52137I,ME52137I,4584134,32,2026-07-13 00:00:00,2026-07-21 00:00:00,,28000,0,LB,        CINC,SH2OF,801,0,LB,2026-07-20 00:00:00
CINC,ME52137I,ME52137I,ME52137I,4584134,32,2026-07-13 00:00:00,2026-07-21 00:00:00,,28000,0,LB,        CINC,SH2ORT,12480,0,LB,2026-07-20 00:00:00
CINC,ME52137I,ME52137I,ME52137I,4584134,32,2026-07-13 00:00:00,2026-07-21 00:00:00,,28000,0,LB,        CINC,SODMET,39,0,LB,2026-07-20 00:00:00
CINC,ME62330,ME62330,ME62330,4583809,32,2026-07-06 00:00:00,2026-07-17 00:00:00,,28000,0,LB,        CINC,141PARL,3934,0,LB,2026-07-16 00:00:00
CINC,ME62330,ME62330,ME62330,4583809,32,2026-07-06 00:00:00,2026-07-17 00:00:00,,28000,0,LB,        CINC,AC629M,2624,0,LB,2026-07-16 00:00:00
CINC,ME62330,ME62330,ME62330,4583809,32,2026-07-06 00:00:00,2026-07-17 00:00:00,,28000,0,LB,        CINC,AMMONIA19,1103,0,LB,2026-07-16 00:00:00
CINC,ME62330,ME62330,ME62330,4583809,32,2026-07-06 00:00:00,2026-07-17 00:00:00,,28000,0,LB,        CINC,EM221,1792,0,LB,2026-07-16 00:00:00
CINC,ME62330,ME62330,ME62330,4583809,32,2026-07-06 00:00:00,2026-07-17 00:00:00,,28000,0,LB,        CINC,SH2O,14997,0,LB,2026-07-16 00:00:00
CINC,ME62330,ME62330,ME62330,4583809,32,2026-07-06 00:00:00,2026-07-17 00:00:00,,28000,0,LB,        CINC,SH2OF,3738,0,LB,2026-07-16 00:00:00
CINC,ME62330,ME62330,ME62330,4583809,32,2026-07-06 00:00:00,2026-07-17 00:00:00,,28000,0,LB,        CINC,SODMET,50,0,LB,2026-07-16 00:00:00
CINC,ME62330,ME62330,ME62330,4584049,20,2026-07-10 00:00:00,2026-07-30 00:00:00,,44000,0,LB,        CINC,141PARL,6182,0,LB,2026-07-29 00:00:00
CINC,ME62330,ME62330,ME62330,4584049,20,2026-07-10 00:00:00,2026-07-30 00:00:00,,44000,0,LB,        CINC,AC629M,4123,0,LB,2026-07-29 00:00:00
CINC,ME62330,ME62330,ME62330,4584049,20,2026-07-10 00:00:00,2026-07-30 00:00:00,,44000,0,LB,        CINC,AMMONIA19,1734,0,LB,2026-07-29 00:00:00
CINC,ME62330,ME62330,ME62330,4584049,20,2026-07-10 00:00:00,2026-07-30 00:00:00,,44000,0,LB,        CINC,EM221,2816,0,LB,2026-07-29 00:00:00
CINC,ME62330,ME62330,ME62330,4584049,20,2026-07-10 00:00:00,2026-07-30 00:00:00,,44000,0,LB,        CINC,SH2O,23566,0,LB,2026-07-29 00:00:00
CINC,ME62330,ME62330,ME62330,4584049,20,2026-07-10 00:00:00,2026-07-30 00:00:00,,44000,0,LB,        CINC,SH2OF,5874,0,LB,2026-07-29 00:00:00
CINC,ME62330,ME62330,ME62330,4584049,20,2026-07-10 00:00:00,2026-07-30 00:00:00,,44000,0,LB,        CINC,SODMET,79,0,LB,2026-07-29 00:00:00
CINC,ME62330,ME62330,ME62330-FD,4583810,20,2026-07-06 00:00:00,2026-07-22 00:00:00,,62,0,DR,        CINC,FD,62,0,EA,2026-07-22 00:00:00
CINC,ME62330,ME62330,ME62330-FD,4583810,20,2026-07-06 00:00:00,2026-07-22 00:00:00,,62,0,DR,        CINC,ME62330,27900,0,LB,2026-07-22 00:00:00
CINC,ME66035,ME66035,ME66035-T3,4583987,20,2026-07-09 00:00:00,2026-07-14 00:00:00,,12,0,TO,        CINC,ME66035,26400,0,LB,2026-07-14 00:00:00
CINC,ME66035,ME66035,ME66035-T3,4583987,20,2026-07-09 00:00:00,2026-07-14 00:00:00,,12,0,TO,        CINC,TC330,12,0,EA,2026-07-14 00:00:00
CINC,ME67235,ME67235,ME67235,4583098,32,2026-06-22 00:00:00,2026-07-15 00:00:00,,43900,0,LB,        CINC,ACTMV,75,0,LB,2026-07-14 00:00:00
CINC,ME67235,ME67235,ME67235,4583098,32,2026-06-22 00:00:00,2026-07-15 00:00:00,,43900,0,LB,        CINC,KOH45,780,0,LB,2026-07-14 00:00:00
CINC,ME67235,ME67235,ME67235,4583098,32,2026-06-22 00:00:00,2026-07-15 00:00:00,,43900,0,LB,        CINC,L2412,3025,0,LB,2026-07-14 00:00:00
CINC,ME67235,ME67235,ME67235,4583098,32,2026-06-22 00:00:00,2026-07-15 00:00:00,,43900,0,LB,        CINC,OPI1316,11967,0,LB,2026-07-14 00:00:00
CINC,ME67235,ME67235,ME67235,4583098,32,2026-06-22 00:00:00,2026-07-15 00:00:00,,43900,0,LB,        CINC,SH2O,25003,0,LB,2026-07-14 00:00:00
CINC,ME67235,ME67235,ME67235,4583098,32,2026-06-22 00:00:00,2026-07-15 00:00:00,,43900,0,LB,        CINC,SH2OF,3358,0,LB,2026-07-14 00:00:00
CINC,ME67235,ME67235,ME67235,4583098,32,2026-06-22 00:00:00,2026-07-15 00:00:00,,43900,0,LB,        CINC,SODMET,154,0,LB,2026-07-14 00:00:00
CINC,ME67235,ME67235,ME67235,4583622,32,2026-07-01 00:00:00,2026-07-15 00:00:00,,43900,0,LB,        CINC,ACTMV,75,0,LB,2026-07-14 00:00:00
CINC,ME67235,ME67235,ME67235,4583622,32,2026-07-01 00:00:00,2026-07-15 00:00:00,,43900,0,LB,        CINC,KOH45,780,0,LB,2026-07-14 00:00:00
CINC,ME67235,ME67235,ME67235,4583622,32,2026-07-01 00:00:00,2026-07-15 00:00:00,,43900,0,LB,        CINC,L2412,3025,0,LB,2026-07-14 00:00:00
CINC,ME67235,ME67235,ME67235,4583622,32,2026-07-01 00:00:00,2026-07-15 00:00:00,,43900,0,LB,        CINC,OPI1316,11967,0,LB,2026-07-14 00:00:00
CINC,ME67235,ME67235,ME67235,4583622,32,2026-07-01 00:00:00,2026-07-15 00:00:00,,43900,0,LB,        CINC,SH2O,25003,0,LB,2026-07-14 00:00:00
CINC,ME67235,ME67235,ME67235,4583622,32,2026-07-01 00:00:00,2026-07-15 00:00:00,,43900,0,LB,        CINC,SH2OF,3358,0,LB,2026-07-14 00:00:00
CINC,ME67235,ME67235,ME67235,4583622,32,2026-07-01 00:00:00,2026-07-15 00:00:00,,43900,0,LB,        CINC,SODMET,154,0,LB,2026-07-14 00:00:00
CINC,ME67235,ME67235,ME67235,4583220,32,2026-06-24 00:00:00,2026-07-22 00:00:00,,43900,0,LB,        CINC,ACTMV,75,0,LB,2026-07-21 00:00:00
CINC,ME67235,ME67235,ME67235,4583220,32,2026-06-24 00:00:00,2026-07-22 00:00:00,,43900,0,LB,        CINC,KOH45,780,0,LB,2026-07-21 00:00:00
CINC,ME67235,ME67235,ME67235,4583220,32,2026-06-24 00:00:00,2026-07-22 00:00:00,,43900,0,LB,        CINC,L2412,3025,0,LB,2026-07-21 00:00:00
CINC,ME67235,ME67235,ME67235,4583220,32,2026-06-24 00:00:00,2026-07-22 00:00:00,,43900,0,LB,        CINC,OPI1316,11967,0,LB,2026-07-21 00:00:00
CINC,ME67235,ME67235,ME67235,4583220,32,2026-06-24 00:00:00,2026-07-22 00:00:00,,43900,0,LB,        CINC,SH2O,25003,0,LB,2026-07-21 00:00:00
CINC,ME67235,ME67235,ME67235,4583220,32,2026-06-24 00:00:00,2026-07-22 00:00:00,,43900,0,LB,        CINC,SH2OF,3358,0,LB,2026-07-21 00:00:00
CINC,ME67235,ME67235,ME67235,4583220,32,2026-06-24 00:00:00,2026-07-22 00:00:00,,43900,0,LB,        CINC,SODMET,154,0,LB,2026-07-21 00:00:00
CINC,ME67235,ME67235,ME67235,4583503,32,2026-06-30 00:00:00,2026-07-23 00:00:00,,43900,0,LB,        CINC,ACTMV,75,0,LB,2026-07-22 00:00:00
CINC,ME67235,ME67235,ME67235,4583503,32,2026-06-30 00:00:00,2026-07-23 00:00:00,,43900,0,LB,        CINC,KOH45,780,0,LB,2026-07-22 00:00:00
CINC,ME67235,ME67235,ME67235,4583503,32,2026-06-30 00:00:00,2026-07-23 00:00:00,,43900,0,LB,        CINC,L2412,3025,0,LB,2026-07-22 00:00:00
CINC,ME67235,ME67235,ME67235,4583503,32,2026-06-30 00:00:00,2026-07-23 00:00:00,,43900,0,LB,        CINC,OPI1316,11967,0,LB,2026-07-22 00:00:00
CINC,ME67235,ME67235,ME67235,4583503,32,2026-06-30 00:00:00,2026-07-23 00:00:00,,43900,0,LB,        CINC,SH2O,25003,0,LB,2026-07-22 00:00:00
CINC,ME67235,ME67235,ME67235,4583503,32,2026-06-30 00:00:00,2026-07-23 00:00:00,,43900,0,LB,        CINC,SH2OF,3358,0,LB,2026-07-22 00:00:00
CINC,ME67235,ME67235,ME67235,4583503,32,2026-06-30 00:00:00,2026-07-23 00:00:00,,43900,0,LB,        CINC,SODMET,154,0,LB,2026-07-22 00:00:00
CINC,ME67235,ME67235,ME67235,4583221,32,2026-06-24 00:00:00,2026-07-27 00:00:00,,43900,0,LB,        CINC,ACTMV,75,0,LB,2026-07-24 00:00:00
CINC,ME67235,ME67235,ME67235,4583221,32,2026-06-24 00:00:00,2026-07-27 00:00:00,,43900,0,LB,        CINC,KOH45,780,0,LB,2026-07-24 00:00:00
CINC,ME67235,ME67235,ME67235,4583221,32,2026-06-24 00:00:00,2026-07-27 00:00:00,,43900,0,LB,        CINC,L2412,3025,0,LB,2026-07-24 00:00:00
CINC,ME67235,ME67235,ME67235,4583221,32,2026-06-24 00:00:00,2026-07-27 00:00:00,,43900,0,LB,        CINC,OPI1316,11967,0,LB,2026-07-24 00:00:00
CINC,ME67235,ME67235,ME67235,4583221,32,2026-06-24 00:00:00,2026-07-27 00:00:00,,43900,0,LB,        CINC,SH2O,25003,0,LB,2026-07-24 00:00:00
CINC,ME67235,ME67235,ME67235,4583221,32,2026-06-24 00:00:00,2026-07-27 00:00:00,,43900,0,LB,        CINC,SH2OF,3358,0,LB,2026-07-24 00:00:00
CINC,ME67235,ME67235,ME67235,4583221,32,2026-06-24 00:00:00,2026-07-27 00:00:00,,43900,0,LB,        CINC,SODMET,154,0,LB,2026-07-24 00:00:00
CINC,ME67235,ME67235,ME67235-FD,4583504,20,2026-06-30 00:00:00,2026-07-27 00:00:00,,38,0,DR,        CINC,FD,38,0,EA,2026-07-27 00:00:00
CINC,ME67235,ME67235,ME67235-FD,4583504,20,2026-06-30 00:00:00,2026-07-27 00:00:00,,38,0,DR,        CINC,ME67235,18050,0,LB,2026-07-27 00:00:00
CINC,ME67235,ME67235,ME67235-T2,4584136,20,2026-07-13 00:00:00,2026-07-16 00:00:00,,9,0,TO,        CINC,ME67235,19800,0,LB,2026-07-16 00:00:00
CINC,ME67235,ME67235,ME67235-T2,4584136,20,2026-07-13 00:00:00,2026-07-16 00:00:00,,9,0,TO,        CINC,TC275,9,0,EA,2026-07-16 00:00:00
CINC,ME67235,ME67235,ME67235-T2,4583505,20,2026-06-30 00:00:00,2026-07-27 00:00:00,,9,0,TO,        CINC,ME67235,19800,0,LB,2026-07-27 00:00:00
CINC,ME67235,ME67235,ME67235-T2,4583505,20,2026-06-30 00:00:00,2026-07-27 00:00:00,,9,0,TO,        CINC,TC275,9,0,EA,2026-07-27 00:00:00
AUBA,ME8905,ME8905.E,ME8905.E,4583845,20,2026-07-07 00:00:00,2026-07-22 00:00:00,,11585,0,KG,        AUBA,EL9050.E,950,0,KG,2026-07-17 00:00:00
AUBA,ME8905,ME8905.E,ME8905.E,4583845,20,2026-07-07 00:00:00,2026-07-22 00:00:00,,11585,0,KG,        AUBA,SH2O.E,10635,0,KG,2026-07-17 00:00:00
CINC,ME89535DE,ME89535DE,ME89535DE,4584137,35,2026-07-13 00:00:00,2026-07-16 00:00:00,,500,0,LB,        CINC,AC540,138,0,LB,2026-07-15 00:00:00
CINC,ME89535DE,ME89535DE,ME89535DE,4584137,35,2026-07-13 00:00:00,2026-07-16 00:00:00,,500,0,LB,        CINC,KOH45,7,0,LB,2026-07-15 00:00:00
CINC,ME89535DE,ME89535DE,ME89535DE,4584137,35,2026-07-13 00:00:00,2026-07-16 00:00:00,,500,0,LB,        CINC,L2412,35,0,LB,2026-07-15 00:00:00
CINC,ME89535DE,ME89535DE,ME89535DE,4584137,35,2026-07-13 00:00:00,2026-07-16 00:00:00,,500,0,LB,        CINC,NASO2,1,0,LB,2026-07-15 00:00:00
CINC,ME89535DE,ME89535DE,ME89535DE,4584137,35,2026-07-13 00:00:00,2026-07-16 00:00:00,,500,0,LB,        CINC,PREBIT,2,0,LB,2026-07-15 00:00:00
CINC,ME89535DE,ME89535DE,ME89535DE,4584137,35,2026-07-13 00:00:00,2026-07-16 00:00:00,,500,0,LB,        CINC,SH2O,269,0,LB,2026-07-15 00:00:00
CINC,ME89535DE,ME89535DE,ME89535DE,4584137,35,2026-07-13 00:00:00,2026-07-16 00:00:00,,500,0,LB,        CINC,SH2OF,50,0,LB,2026-07-15 00:00:00
CINC,ME89535DE,ME89535DE,ME89535DE,4584138,35,2026-07-13 00:00:00,2026-07-17 00:00:00,,500,0,LB,        CINC,AC540,138,0,LB,2026-07-16 00:00:00
CINC,ME89535DE,ME89535DE,ME89535DE,4584138,35,2026-07-13 00:00:00,2026-07-17 00:00:00,,500,0,LB,        CINC,KOH45,7,0,LB,2026-07-16 00:00:00
CINC,ME89535DE,ME89535DE,ME89535DE,4584138,35,2026-07-13 00:00:00,2026-07-17 00:00:00,,500,0,LB,        CINC,L2412,35,0,LB,2026-07-16 00:00:00
CINC,ME89535DE,ME89535DE,ME89535DE,4584138,35,2026-07-13 00:00:00,2026-07-17 00:00:00,,500,0,LB,        CINC,NASO2,1,0,LB,2026-07-16 00:00:00
CINC,ME89535DE,ME89535DE,ME89535DE,4584138,35,2026-07-13 00:00:00,2026-07-17 00:00:00,,500,0,LB,        CINC,PREBIT,2,0,LB,2026-07-16 00:00:00
CINC,ME89535DE,ME89535DE,ME89535DE,4584138,35,2026-07-13 00:00:00,2026-07-17 00:00:00,,500,0,LB,        CINC,SH2O,269,0,LB,2026-07-16 00:00:00
CINC,ME89535DE,ME89535DE,ME89535DE,4584138,35,2026-07-13 00:00:00,2026-07-17 00:00:00,,500,0,LB,        CINC,SH2OF,50,0,LB,2026-07-16 00:00:00
CINC,ME89535DE,ME89535DE,ME89535DE-FD,4584139,20,2026-07-13 00:00:00,2026-07-18 00:00:00,,1,0,DR,        CINC,FD,1,0,EA,2026-07-18 00:00:00
CINC,ME89535DE,ME89535DE,ME89535DE-FD,4584139,20,2026-07-13 00:00:00,2026-07-18 00:00:00,,1,0,DR,        CINC,ME89535DE,450,0,LB,2026-07-18 00:00:00
CINC,ME89535DE,ME89535DE,ME89535DE-FD,4584140,20,2026-07-13 00:00:00,2026-07-20 00:00:00,,1,0,DR,        CINC,FD,1,0,EA,2026-07-20 00:00:00
CINC,ME89535DE,ME89535DE,ME89535DE-FD,4584140,20,2026-07-13 00:00:00,2026-07-20 00:00:00,,1,0,DR,        CINC,ME89535DE,450,0,LB,2026-07-20 00:00:00
CINC,ME91735,ME91735,ME91735,4582895,32,2026-06-17 00:00:00,2026-07-16 00:00:00,,44000,0,LB,        CINC,ACTMV,59,0,LB,2026-07-15 00:00:00
CINC,ME91735,ME91735,ME91735,4582895,32,2026-06-17 00:00:00,2026-07-16 00:00:00,,44000,0,LB,        CINC,BRIJS2,1109,0,LB,2026-07-15 00:00:00
CINC,ME91735,ME91735,ME91735,4582895,32,2026-06-17 00:00:00,2026-07-16 00:00:00,,44000,0,LB,        CINC,BRIJS20,1663,0,LB,2026-07-15 00:00:00
CINC,ME91735,ME91735,ME91735,4582895,32,2026-06-17 00:00:00,2026-07-16 00:00:00,,44000,0,LB,        CINC,DEEA50,444,0,LB,2026-07-15 00:00:00
CINC,ME91735,ME91735,ME91735,4582895,32,2026-06-17 00:00:00,2026-07-16 00:00:00,,44000,0,LB,        CINC,MD353D,11088,0,LB,2026-07-15 00:00:00
CINC,ME91735,ME91735,ME91735,4582895,32,2026-06-17 00:00:00,2026-07-16 00:00:00,,44000,0,LB,        CINC,ME91735O,4400,0,LB,2026-07-16 00:00:00
CINC,ME91735,ME91735,ME91735,4582895,32,2026-06-17 00:00:00,2026-07-16 00:00:00,,44000,0,LB,        CINC,SH2O,23954,0,LB,2026-07-15 00:00:00
CINC,ME91735,ME91735,ME91735,4582895,32,2026-06-17 00:00:00,2026-07-16 00:00:00,,44000,0,LB,        CINC,SH2OF,396,0,LB,2026-07-16 00:00:00
CINC,ME91735,ME91735,ME91735,4582895,32,2026-06-17 00:00:00,2026-07-16 00:00:00,,44000,0,LB,        CINC,SH2OF,1584,0,LB,2026-07-15 00:00:00
CINC,ME91735,ME91735,ME91735,4583330,30,2026-06-26 00:00:00,2026-07-20 00:00:00,,44000,0,LB,        CINC,ACTMV,59,0,LB,2026-07-17 00:00:00
CINC,ME91735,ME91735,ME91735,4583330,30,2026-06-26 00:00:00,2026-07-20 00:00:00,,44000,0,LB,        CINC,BRIJS2,1109,0,LB,2026-07-17 00:00:00
CINC,ME91735,ME91735,ME91735,4583330,30,2026-06-26 00:00:00,2026-07-20 00:00:00,,44000,0,LB,        CINC,BRIJS20,1663,0,LB,2026-07-17 00:00:00
CINC,ME91735,ME91735,ME91735,4583330,30,2026-06-26 00:00:00,2026-07-20 00:00:00,,44000,0,LB,        CINC,DEEA50,444,0,LB,2026-07-17 00:00:00
CINC,ME91735,ME91735,ME91735,4583330,30,2026-06-26 00:00:00,2026-07-20 00:00:00,,44000,0,LB,        CINC,MD353D,11088,0,LB,2026-07-17 00:00:00
CINC,ME91735,ME91735,ME91735,4583330,30,2026-06-26 00:00:00,2026-07-20 00:00:00,,44000,0,LB,        CINC,ME91735O,4400,0,LB,2026-07-17 00:00:00
CINC,ME91735,ME91735,ME91735,4583330,30,2026-06-26 00:00:00,2026-07-20 00:00:00,,44000,0,LB,        CINC,SH2O,23653,0,LB,2026-07-17 00:00:00
CINC,ME91735,ME91735,ME91735,4583330,30,2026-06-26 00:00:00,2026-07-20 00:00:00,,44000,0,LB,        CINC,SH2OF,396,0,LB,2026-07-20 00:00:00
CINC,ME91735,ME91735,ME91735,4583330,30,2026-06-26 00:00:00,2026-07-20 00:00:00,,44000,0,LB,        CINC,SH2OF,1584,0,LB,2026-07-17 00:00:00
CINC,ME91735,ME91735,ME91735,4582842,32,2026-06-16 00:00:00,2026-07-29 00:00:00,,44000,0,LB,        CINC,ACTMV,59,0,LB,2026-07-28 00:00:00
CINC,ME91735,ME91735,ME91735,4582842,32,2026-06-16 00:00:00,2026-07-29 00:00:00,,44000,0,LB,        CINC,BRIJS2,1109,0,LB,2026-07-28 00:00:00
CINC,ME91735,ME91735,ME91735,4582842,32,2026-06-16 00:00:00,2026-07-29 00:00:00,,44000,0,LB,        CINC,BRIJS20,1663,0,LB,2026-07-28 00:00:00
CINC,ME91735,ME91735,ME91735,4582842,32,2026-06-16 00:00:00,2026-07-29 00:00:00,,44000,0,LB,        CINC,DEEA50,444,0,LB,2026-07-28 00:00:00
CINC,ME91735,ME91735,ME91735,4582842,32,2026-06-16 00:00:00,2026-07-29 00:00:00,,44000,0,LB,        CINC,MD353D,11088,0,LB,2026-07-28 00:00:00
CINC,ME91735,ME91735,ME91735,4582842,32,2026-06-16 00:00:00,2026-07-29 00:00:00,,44000,0,LB,        CINC,ME91735O,4400,0,LB,2026-07-29 00:00:00
CINC,ME91735,ME91735,ME91735,4582842,32,2026-06-16 00:00:00,2026-07-29 00:00:00,,44000,0,LB,        CINC,SH2O,23954,0,LB,2026-07-28 00:00:00
CINC,ME91735,ME91735,ME91735,4582842,32,2026-06-16 00:00:00,2026-07-29 00:00:00,,44000,0,LB,        CINC,SH2OF,396,0,LB,2026-07-29 00:00:00
CINC,ME91735,ME91735,ME91735,4582842,32,2026-06-16 00:00:00,2026-07-29 00:00:00,,44000,0,LB,        CINC,SH2OF,1584,0,LB,2026-07-28 00:00:00
CINC,ME91735,ME91735,ME91735-FD,4582896,20,2026-06-17 00:00:00,2026-07-19 00:00:00,,80,0,DR,        CINC,FD,80,0,EA,2026-07-19 00:00:00
CINC,ME91735,ME91735,ME91735-FD,4582896,20,2026-06-17 00:00:00,2026-07-19 00:00:00,,80,0,DR,        CINC,ME91735,36000,0,LB,2026-07-19 00:00:00
CINC,ME91735,ME91735,ME91735-FD,4583331,20,2026-06-26 00:00:00,2026-07-24 00:00:00,,97,0,DR,        CINC,FD,97,0,EA,2026-07-24 00:00:00
CINC,ME91735,ME91735,ME91735-FD,4583331,20,2026-06-26 00:00:00,2026-07-24 00:00:00,,97,0,DR,        CINC,ME91735,43650,0,LB,2026-07-24 00:00:00
CINC,ME91735,ME91735,ME91735-T3,4582897,20,2026-06-17 00:00:00,2026-07-22 00:00:00,,3,0,TO,        CINC,ME91735,7500,0,LB,2026-07-22 00:00:00
CINC,ME91735,ME91735,ME91735-T3,4582897,20,2026-06-17 00:00:00,2026-07-22 00:00:00,,3,0,TO,        CINC,TC330,3,0,EA,2026-07-22 00:00:00
CINC,ME91735,ME91735,ME91735-T3,4582845,20,2026-06-16 00:00:00,2026-07-31 00:00:00,,17,0,TO,        CINC,ME91735,42500,0,LB,2026-07-31 00:00:00
CINC,ME91735,ME91735,ME91735-T3,4582845,20,2026-06-16 00:00:00,2026-07-31 00:00:00,,17,0,TO,        CINC,TC330,17,0,EA,2026-07-31 00:00:00
SING,ME92040,ME92040.S,ME92040.S-T2,4583834,20,2026-07-07 00:00:00,2026-07-15 00:00:00,,6,0,TO,        SING,1000TO.S,6,0,EA,2026-07-14 00:00:00
SING,ME92040,ME92040.S,ME92040.S-T2,4583834,20,2026-07-07 00:00:00,2026-07-15 00:00:00,,6,0,TO,        SING,ME92040.S,6000,0,KG,2026-07-15 00:00:00
CINC,ME93235,ME93235,ME93235,4583623,32,2026-07-01 00:00:00,2026-07-24 00:00:00,,43900,0,LB,        CINC,AC325,11967,0,LB,2026-07-23 00:00:00
CINC,ME93235,ME93235,ME93235,4583623,32,2026-07-01 00:00:00,2026-07-24 00:00:00,,43900,0,LB,        CINC,GLUT50,83,0,LB,2026-07-23 00:00:00
CINC,ME93235,ME93235,ME93235,4583623,32,2026-07-01 00:00:00,2026-07-24 00:00:00,,43900,0,LB,        CINC,KOH45,781,0,LB,2026-07-23 00:00:00
CINC,ME93235,ME93235,ME93235,4583623,32,2026-07-01 00:00:00,2026-07-24 00:00:00,,43900,0,LB,        CINC,L2412,3025,0,LB,2026-07-23 00:00:00
CINC,ME93235,ME93235,ME93235,4583623,32,2026-07-01 00:00:00,2026-07-24 00:00:00,,43900,0,LB,        CINC,SH2O,25264,0,LB,2026-07-23 00:00:00
CINC,ME93235,ME93235,ME93235,4583623,32,2026-07-01 00:00:00,2026-07-24 00:00:00,,43900,0,LB,        CINC,SH2OF,1256,0,LB,2026-07-23 00:00:00
CINC,ME93235,ME93235,ME93235,4583623,32,2026-07-01 00:00:00,2026-07-24 00:00:00,,43900,0,LB,        CINC,SH2OF,1317,0,LB,2026-07-24 00:00:00
CINC,ME93235,ME93235,ME93235,4583623,32,2026-07-01 00:00:00,2026-07-24 00:00:00,,43900,0,LB,        CINC,SODMET,206,0,LB,2026-07-23 00:00:00
CINC,ME93235,ME93235,ME93235,4583506,32,2026-06-30 00:00:00,2026-07-30 00:00:00,,43900,0,LB,        CINC,AC325,11967,0,LB,2026-07-29 00:00:00
CINC,ME93235,ME93235,ME93235,4583506,32,2026-06-30 00:00:00,2026-07-30 00:00:00,,43900,0,LB,        CINC,GLUT50,83,0,LB,2026-07-29 00:00:00
CINC,ME93235,ME93235,ME93235,4583506,32,2026-06-30 00:00:00,2026-07-30 00:00:00,,43900,0,LB,        CINC,KOH45,781,0,LB,2026-07-29 00:00:00
CINC,ME93235,ME93235,ME93235,4583506,32,2026-06-30 00:00:00,2026-07-30 00:00:00,,43900,0,LB,        CINC,L2412,3025,0,LB,2026-07-29 00:00:00
CINC,ME93235,ME93235,ME93235,4583506,32,2026-06-30 00:00:00,2026-07-30 00:00:00,,43900,0,LB,        CINC,SH2O,25264,0,LB,2026-07-29 00:00:00
CINC,ME93235,ME93235,ME93235,4583506,32,2026-06-30 00:00:00,2026-07-30 00:00:00,,43900,0,LB,        CINC,SH2OF,1256,0,LB,2026-07-29 00:00:00
CINC,ME93235,ME93235,ME93235,4583506,32,2026-06-30 00:00:00,2026-07-30 00:00:00,,43900,0,LB,        CINC,SH2OF,1317,0,LB,2026-07-30 00:00:00
CINC,ME93235,ME93235,ME93235,4583506,32,2026-06-30 00:00:00,2026-07-30 00:00:00,,43900,0,LB,        CINC,SODMET,206,0,LB,2026-07-29 00:00:00
CINC,ME93235,ME93235,ME93235-FD,4583624,20,2026-07-01 00:00:00,2026-07-27 00:00:00,,43,0,DR,        CINC,FD,43,0,EA,2026-07-27 00:00:00
CINC,ME93235,ME93235,ME93235-FD,4583624,20,2026-07-01 00:00:00,2026-07-27 00:00:00,,43,0,DR,        CINC,ME93235,20425,0,LB,2026-07-27 00:00:00
CINC,ME93235,ME93235,ME93235-PD,4583932,20,2026-07-08 00:00:00,2026-07-27 00:00:00,,4,0,DR,        CINC,ME93235,1800,0,LB,2026-07-27 00:00:00
CINC,ME93235,ME93235,ME93235-PD,4583932,20,2026-07-08 00:00:00,2026-07-27 00:00:00,,4,0,DR,        CINC,PD,4,0,EA,2026-07-27 00:00:00
CINC,ME93235,ME93235,ME93235-T3,4583625,20,2026-07-01 00:00:00,2026-07-27 00:00:00,,8,0,TO,        CINC,ME93235,21600,0,LB,2026-07-27 00:00:00
CINC,ME93235,ME93235,ME93235-T3,4583625,20,2026-07-01 00:00:00,2026-07-27 00:00:00,,8,0,TO,        CINC,TC330,8,0,EA,2026-07-27 00:00:00
CINC,ME94340,ME94340,ME94340-PL,4584002,35,2026-07-09 00:00:00,2026-07-14 00:00:00,,10,0,PL,        CINC,GPL,10,0,EA,2026-07-14 00:00:00
CINC,ME94340,ME94340,ME94340-PL,4584002,35,2026-07-09 00:00:00,2026-07-14 00:00:00,,10,0,PL,        CINC,ME94340,400,0,LB,2026-07-14 00:00:00
CINC,ME94340,ME94340,ME94340-T2,4583813,35,2026-07-06 00:00:00,2026-07-16 00:00:00,,15,0,TO,        CINC,ME94340,33000,0,LB,2026-07-16 00:00:00
CINC,ME94340,ME94340,ME94340-T2,4583813,35,2026-07-06 00:00:00,2026-07-16 00:00:00,,15,0,TO,        CINC,TC275,15,0,EA,2026-07-16 00:00:00
SING,ME94340,ME94340.S,ME94340.S,4583772,20,2026-07-06 00:00:00,2026-07-21 00:00:00,,6000,0,KG,        SING,E43.S,1784,0,KG,2026-07-20 00:00:00
SING,ME94340,ME94340.S,ME94340.S,4583772,20,2026-07-06 00:00:00,2026-07-21 00:00:00,,6000,0,KG,        SING,KOH90.S,130,0,KG,2026-07-20 00:00:00
SING,ME94340,ME94340.S,ME94340.S,4583772,20,2026-07-06 00:00:00,2026-07-21 00:00:00,,6000,0,KG,        SING,NEO2512.S,541,0,KG,2026-07-17 00:00:00
SING,ME94340,ME94340.S,ME94340.S,4583772,20,2026-07-06 00:00:00,2026-07-21 00:00:00,,6000,0,KG,        SING,NUO491.S,12,0,KG,2026-07-20 00:00:00
SING,ME94340,ME94340.S,ME94340.S,4583772,20,2026-07-06 00:00:00,2026-07-21 00:00:00,,6000,0,KG,        SING,SH2O.S,3354,0,KG,2026-07-20 00:00:00
SING,ME94340,ME94340.S,ME94340.S,4583772,20,2026-07-06 00:00:00,2026-07-21 00:00:00,,6000,0,KG,        SING,SH2OH.S,180,0,KG,2026-07-20 00:00:00
SING,ME94340,ME94340.S,ME94340.S-OP,4583773,20,2026-07-06 00:00:00,2026-07-22 00:00:00,,15,0,DR,        SING,ME94340.S,3000,0,KG,2026-07-22 00:00:00
SING,ME94340,ME94340.S,ME94340.S-OP,4583773,20,2026-07-06 00:00:00,2026-07-22 00:00:00,,15,0,DR,        SING,OPNHDPOLY.S,15,0,EA,2026-07-21 00:00:00
SING,ME94340,ME94340.S,ME94340.S-PD,4583774,20,2026-07-06 00:00:00,2026-07-22 00:00:00,,15,0,DR,        SING,ME94340.S,3000,0,KG,2026-07-22 00:00:00
SING,ME94340,ME94340.S,ME94340.S-PD,4583774,20,2026-07-06 00:00:00,2026-07-22 00:00:00,,15,0,DR,        SING,PDLR.S,15,0,EA,2026-07-21 00:00:00
AUBA,MF4915,MF4915.E,MF4915.E,4584096,20,2026-07-13 00:00:00,2026-07-23 00:00:00,,10000,0,KG,        AUBA,AQAMMONIA.E,323,0,KG,2026-07-22 00:00:00
AUBA,MF4915,MF4915.E,MF4915.E,4584096,20,2026-07-13 00:00:00,2026-07-23 00:00:00,,10000,0,KG,        AUBA,PR5985.E,2460,0,KG,2026-07-22 00:00:00
AUBA,MF4915,MF4915.E,MF4915.E,4584096,20,2026-07-13 00:00:00,2026-07-23 00:00:00,,10000,0,KG,        AUBA,SH2O.E,7217,0,KG,2026-07-22 00:00:00
AUBA,MF4915,MF4915.E,MF4915.E-TO,4583718,35,2026-07-03 00:00:00,2026-07-15 00:00:00,,13,0,TO,        AUBA,1000TO.E,13,0,EA,2026-07-15 00:00:00
AUBA,MF4915,MF4915.E,MF4915.E-TO,4583718,35,2026-07-03 00:00:00,2026-07-15 00:00:00,,13,0,TO,        AUBA,MF4915.E,10400,0,KG,2026-07-15 00:00:00
AUBA,MF4915,MF4915.E,MF4915.E-TO,4584097,20,2026-07-13 00:00:00,2026-07-27 00:00:00,,12,0,TO,        AUBA,1000TO.E,12,0,EA,2026-07-27 00:00:00
AUBA,MF4915,MF4915.E,MF4915.E-TO,4584097,20,2026-07-13 00:00:00,2026-07-27 00:00:00,,12,0,TO,        AUBA,MF4915.E,9600,0,KG,2026-07-27 00:00:00
CINC,MFB3530,MFB3530,MFB3530,4582898,30,2026-06-17 00:00:00,2026-08-06 00:00:00,,8400,0,LB,        CINC,AZF8035Q,996,0,LB,2026-08-06 00:00:00
CINC,MFB3530,MFB3530,MFB3530,4582898,30,2026-06-17 00:00:00,2026-08-06 00:00:00,,8400,0,LB,        CINC,CARTATSI,84,0,LB,2026-08-06 00:00:00
CINC,MFB3530,MFB3530,MFB3530,4582898,30,2026-06-17 00:00:00,2026-08-06 00:00:00,,8400,0,LB,        CINC,CY385,208,0,LB,2026-08-06 00:00:00
CINC,MFB3530,MFB3530,MFB3530,4582898,30,2026-06-17 00:00:00,2026-08-06 00:00:00,,8400,0,LB,        CINC,MFP2300,840,0,LB,2026-08-06 00:00:00
CINC,MFB3530,MFB3530,MFB3530,4582898,30,2026-06-17 00:00:00,2026-08-06 00:00:00,,8400,0,LB,        CINC,PHOSACFC,91,0,LB,2026-08-06 00:00:00
CINC,MFB3530,MFB3530,MFB3530,4582898,30,2026-06-17 00:00:00,2026-08-06 00:00:00,,8400,0,LB,        CINC,PREBIT,7,0,LB,2026-08-06 00:00:00
CINC,MFB3530,MFB3530,MFB3530,4582898,30,2026-06-17 00:00:00,2026-08-06 00:00:00,,8400,0,LB,        CINC,SH2O,5691,0,LB,2026-08-06 00:00:00
CINC,MFB3530,MFB3530,MFB3530,4582898,30,2026-06-17 00:00:00,2026-08-06 00:00:00,,8400,0,LB,        CINC,SH2OF,484,0,LB,2026-08-06 00:00:00
AUBA,MFB5770,MFB5770.E,MFB5770.E,4584175,20,2026-07-14 00:00:00,2026-07-28 00:00:00,,6000,0,KG,        AUBA,EKF1402.E,6000,0,KG,2026-07-28 00:00:00
AUBA,MFB5770,MFB5770.E,MFB5770.E-PD,4584176,20,2026-07-14 00:00:00,2026-07-28 00:00:00,,30,0,DR,        AUBA,MFB5770.E,6000,0,KG,2026-07-28 00:00:00
AUBA,MFB5770,MFB5770.E,MFB5770.E-PD,4584176,20,2026-07-14 00:00:00,2026-07-28 00:00:00,,30,0,DR,        AUBA,PD.E,30,0,EA,2026-07-28 00:00:00
CINC,MFHS268,MFHS268,MFHS268,4581841,90,2026-05-27 00:00:00,2026-07-13 00:00:00,,46000,0,LB,        CINC,AFEG8200C,10345,2831,LB,2026-07-13 00:00:00
CINC,MFHS268,MFHS268,MFHS268,4581841,90,2026-05-27 00:00:00,2026-07-13 00:00:00,,46000,0,LB,        CINC,AMMONIA19,2286,0,LB,2026-07-13 00:00:00
CINC,MFHS268,MFHS268,MFHS268,4581841,90,2026-05-27 00:00:00,2026-07-13 00:00:00,,46000,0,LB,        CINC,DIH2O,26400,0,LB,2026-07-13 00:00:00
CINC,MFHS268,MFHS268,MFHS268,4581841,90,2026-05-27 00:00:00,2026-07-13 00:00:00,,46000,0,LB,        CINC,PR5985,6928,2574,LB,2026-07-13 00:00:00
CINC,MFHS268,MFHS268,MFHS268,4581841,90,2026-05-27 00:00:00,2026-07-13 00:00:00,,46000,0,LB,        CINC,SALT,41,0,LB,2026-07-13 00:00:00
CINC,MFHS268,MFHS268,MFHS268,4583433,32,2026-06-29 00:00:00,2026-07-22 00:00:00,,46000,0,LB,        CINC,AFEG8200C,10345,0,LB,2026-07-21 00:00:00
CINC,MFHS268,MFHS268,MFHS268,4583433,32,2026-06-29 00:00:00,2026-07-22 00:00:00,,46000,0,LB,        CINC,AMMONIA19,2286,0,LB,2026-07-21 00:00:00
CINC,MFHS268,MFHS268,MFHS268,4583433,32,2026-06-29 00:00:00,2026-07-22 00:00:00,,46000,0,LB,        CINC,DIH2O,26400,0,LB,2026-07-22 00:00:00
CINC,MFHS268,MFHS268,MFHS268,4583433,32,2026-06-29 00:00:00,2026-07-22 00:00:00,,46000,0,LB,        CINC,PR5985,6928,0,LB,2026-07-21 00:00:00
CINC,MFHS268,MFHS268,MFHS268,4583433,32,2026-06-29 00:00:00,2026-07-22 00:00:00,,46000,0,LB,        CINC,SALT,41,0,LB,2026-07-21 00:00:00
CINC,MFHS268,MFHS268,MFHS268,4583435,32,2026-06-29 00:00:00,2026-07-23 00:00:00,,46000,0,LB,        CINC,AFEG8200C,10345,0,LB,2026-07-22 00:00:00
CINC,MFHS268,MFHS268,MFHS268,4583435,32,2026-06-29 00:00:00,2026-07-23 00:00:00,,46000,0,LB,        CINC,AMMONIA19,2286,0,LB,2026-07-22 00:00:00
CINC,MFHS268,MFHS268,MFHS268,4583435,32,2026-06-29 00:00:00,2026-07-23 00:00:00,,46000,0,LB,        CINC,DIH2O,26400,0,LB,2026-07-23 00:00:00
CINC,MFHS268,MFHS268,MFHS268,4583435,32,2026-06-29 00:00:00,2026-07-23 00:00:00,,46000,0,LB,        CINC,PR5985,6928,0,LB,2026-07-22 00:00:00
CINC,MFHS268,MFHS268,MFHS268,4583435,32,2026-06-29 00:00:00,2026-07-23 00:00:00,,46000,0,LB,        CINC,SALT,41,0,LB,2026-07-22 00:00:00
CINC,MFHS268,MFHS268,MFHS268-OP,4581840,35,2026-05-27 00:00:00,2026-07-14 00:00:00,,102,0,DR,        CINC,MFHS268,45900,0,LB,2026-07-14 00:00:00
CINC,MFHS268,MFHS268,MFHS268-OP,4581840,35,2026-05-27 00:00:00,2026-07-14 00:00:00,,102,0,DR,        CINC,OPNHDPOLY,102,0,EA,2026-07-14 00:00:00
CINC,MFHS268,MFHS268,MFHS268-OP,4581842,20,2026-05-27 00:00:00,2026-07-15 00:00:00,,102,0,DR,        CINC,MFHS268,45900,0,LB,2026-07-15 00:00:00
CINC,MFHS268,MFHS268,MFHS268-OP,4581842,20,2026-05-27 00:00:00,2026-07-15 00:00:00,,102,0,DR,        CINC,OPNHDPOLY,102,0,EA,2026-07-15 00:00:00
CINC,MFHS268,MFHS268,MFHS268-OP,4583434,20,2026-06-29 00:00:00,2026-07-24 00:00:00,,102,0,DR,        CINC,MFHS268,45900,0,LB,2026-07-24 00:00:00
CINC,MFHS268,MFHS268,MFHS268-OP,4583434,20,2026-06-29 00:00:00,2026-07-24 00:00:00,,102,0,DR,        CINC,OPNHDPOLY,102,0,EA,2026-07-24 00:00:00
CINC,MFHS268,MFHS268,MFHS268-OP,4583436,20,2026-06-29 00:00:00,2026-07-28 00:00:00,,102,0,DR,        CINC,MFHS268,45900,0,LB,2026-07-28 00:00:00
CINC,MFHS268,MFHS268,MFHS268-OP,4583436,20,2026-06-29 00:00:00,2026-07-28 00:00:00,,102,0,DR,        CINC,OPNHDPOLY,102,0,EA,2026-07-28 00:00:00
AUBA,MFHS9121,MFHS9121.E,MFHS9121.E,4584119,20,2026-07-13 00:00:00,2026-07-21 00:00:00,,5500,0,KG,        AUBA,MFHS9105.E,2035,0,KG,2026-07-21 00:00:00
AUBA,MFHS9121,MFHS9121.E,MFHS9121.E,4584119,20,2026-07-13 00:00:00,2026-07-21 00:00:00,,5500,0,KG,        AUBA,MP6121.E,3438,0,KG,2026-07-21 00:00:00
AUBA,MFHS9121,MFHS9121.E,MFHS9121.E,4584119,20,2026-07-13 00:00:00,2026-07-21 00:00:00,,5500,0,KG,        AUBA,SH2O.E,28,0,KG,2026-07-21 00:00:00
AUBA,MFHS9121,MFHS9121.E,MFHS9121.E-TO,4584120,20,2026-07-13 00:00:00,2026-07-23 00:00:00,,5,0,TO,        AUBA,1000TO.E,5,0,EA,2026-07-23 00:00:00
AUBA,MFHS9121,MFHS9121.E,MFHS9121.E-TO,4584120,20,2026-07-13 00:00:00,2026-07-23 00:00:00,,5,0,TO,        AUBA,MFHS9121.E,5000,0,KG,2026-07-23 00:00:00
AUBA,MFP1853R,MFP1853R.E,MFP1853R.E,4583902,35,2026-07-08 00:00:00,2026-07-16 00:00:00,,5700,0,KG,        AUBA,MERGAL10.E,6,0,KG,2026-07-15 00:00:00
AUBA,MFP1853R,MFP1853R.E,MFP1853R.E,4583902,35,2026-07-08 00:00:00,2026-07-16 00:00:00,,5700,0,KG,        AUBA,MP4983RHSA.E,3848,0,KG,2026-07-15 00:00:00
AUBA,MFP1853R,MFP1853R.E,MFP1853R.E,4583902,35,2026-07-08 00:00:00,2026-07-16 00:00:00,,5700,0,KG,        AUBA,NEOR605.E,935,0,KG,2026-07-15 00:00:00
AUBA,MFP1853R,MFP1853R.E,MFP1853R.E,4583902,35,2026-07-08 00:00:00,2026-07-16 00:00:00,,5700,0,KG,        AUBA,SH2O.E,911,0,KG,2026-07-15 00:00:00
AUBA,MFP1853R,MFP1853R.E,MFP1853R.E-PD,4583903,20,2026-07-08 00:00:00,2026-07-17 00:00:00,,32,0,DR,        AUBA,MFP1853R.E,6400,0,KG,2026-07-17 00:00:00
AUBA,MFP1853R,MFP1853R.E,MFP1853R.E-PD,4583903,20,2026-07-08 00:00:00,2026-07-17 00:00:00,,32,0,DR,        AUBA,PD.E,32,0,EA,2026-07-17 00:00:00
CIN2,MFR1924A,MFR1924A,MFR1924A,4584050,20,2026-07-10 00:00:00,2026-07-24 00:00:00,,36000,0,LB,        CIN2,A1127,26280,0,LB,2026-07-23 00:00:00
CIN2,MFR1924A,MFR1924A,MFR1924A,4584050,20,2026-07-10 00:00:00,2026-07-24 00:00:00,,36000,0,LB,        CIN2,DFT3202,36,0,LB,2026-07-23 00:00:00
CIN2,MFR1924A,MFR1924A,MFR1924A,4584050,20,2026-07-10 00:00:00,2026-07-24 00:00:00,,36000,0,LB,        CIN2,FL791,8820,0,LB,2026-07-23 00:00:00
CIN2,MFR1924A,MFR1924A,MFR1924A,4584050,20,2026-07-10 00:00:00,2026-07-24 00:00:00,,36000,0,LB,        CIN2,NEOR540,360,0,LB,2026-07-23 00:00:00
CIN2,MFR1924A,MFR1924A,MFR1924A,4584050,20,2026-07-10 00:00:00,2026-07-24 00:00:00,,36000,0,LB,        CIN2,PREBIT,36,0,LB,2026-07-23 00:00:00
CIN2,MFR1924A,MFR1924A,MFR1924A,4584050,20,2026-07-10 00:00:00,2026-07-24 00:00:00,,36000,0,LB,        CIN2,SH2O,468,0,LB,2026-07-24 00:00:00
CIN2,MFR1924A,MFR1924A,MFR1924A-KP,4584051,20,2026-07-10 00:00:00,2026-07-28 00:00:00,,80,0,DR,        CIN2,MFR1924A,36000,0,LB,2026-07-28 00:00:00
CIN2,MFR1924A,MFR1924A,MFR1924A-KP,4584051,20,2026-07-10 00:00:00,2026-07-28 00:00:00,,80,0,DR,        CIN2,OPNHDPOLY,80,0,EA,2026-07-28 00:00:00
AUBA,MFR1924A,MFR1924A.E,MFR1924A.E,4584032,20,2026-07-10 00:00:00,2026-09-20 00:00:00,,2700,0,KG,        AUBA,A1127.E,1971,0,KG,2026-09-20 00:00:00
AUBA,MFR1924A,MFR1924A.E,MFR1924A.E,4584032,20,2026-07-10 00:00:00,2026-09-20 00:00:00,,2700,0,KG,        AUBA,DFT3202.E,3,0,KG,2026-09-20 00:00:00
AUBA,MFR1924A,MFR1924A.E,MFR1924A.E,4584032,20,2026-07-10 00:00:00,2026-09-20 00:00:00,,2700,0,KG,        AUBA,FL780.E,662,0,KG,2026-09-20 00:00:00
AUBA,MFR1924A,MFR1924A.E,MFR1924A.E,4584032,20,2026-07-10 00:00:00,2026-09-20 00:00:00,,2700,0,KG,        AUBA,MERGAL10.E,11,0,KG,2026-09-20 00:00:00
AUBA,MFR1924A,MFR1924A.E,MFR1924A.E,4584032,20,2026-07-10 00:00:00,2026-09-20 00:00:00,,2700,0,KG,        AUBA,NEOR540.E,27,0,KG,2026-09-20 00:00:00
AUBA,MFR1924A,MFR1924A.E,MFR1924A.E,4584032,20,2026-07-10 00:00:00,2026-09-20 00:00:00,,2700,0,KG,        AUBA,SH2O.E,27,0,KG,2026-09-20 00:00:00
AUBA,MFR1924A,MFR1924A.E,MFR1924A.E-PL,4584171,20,2026-07-14 00:00:00,2026-07-17 00:00:00,,4,0,PL,        AUBA,MFR1924A.E,72,0,KG,2026-07-17 00:00:00
AUBA,MFR1924A,MFR1924A.E,MFR1924A.E-PL,4584171,20,2026-07-14 00:00:00,2026-07-17 00:00:00,,4,0,PL,        AUBA,PL.E,4,0,EA,2026-07-17 00:00:00
AUBA,MFR1924A,MFR1924A.E,MFR1924A.E-TO,4584033,20,2026-07-10 00:00:00,2026-09-21 00:00:00,,3,0,TO,        AUBA,1000TO.E,3,0,EA,2026-09-21 00:00:00
AUBA,MFR1924A,MFR1924A.E,MFR1924A.E-TO,4584033,20,2026-07-10 00:00:00,2026-09-21 00:00:00,,3,0,TO,        AUBA,MFR1924A.E,3000,0,KG,2026-09-21 00:00:00
CINC,MGRD1350,MGRD1350,MGRD1350,4583864,32,2026-07-07 00:00:00,2026-07-22 00:00:00,,12000,0,LB,        CINC,AC9,2124,0,LB,2026-07-21 00:00:00
CINC,MGRD1350,MGRD1350,MGRD1350,4583864,32,2026-07-07 00:00:00,2026-07-22 00:00:00,,12000,0,LB,        CINC,ACTMV,12,0,LB,2026-07-21 00:00:00
CINC,MGRD1350,MGRD1350,MGRD1350,4583864,32,2026-07-07 00:00:00,2026-07-22 00:00:00,,12000,0,LB,        CINC,ASE75,39,0,LB,2026-07-21 00:00:00
CINC,MGRD1350,MGRD1350,MGRD1350,4583864,32,2026-07-07 00:00:00,2026-07-22 00:00:00,,12000,0,LB,        CINC,E20,3300,0,LB,2026-07-21 00:00:00
CINC,MGRD1350,MGRD1350,MGRD1350,4583864,32,2026-07-07 00:00:00,2026-07-22 00:00:00,,12000,0,LB,        CINC,KOH45,50,0,LB,2026-07-21 00:00:00
CINC,MGRD1350,MGRD1350,MGRD1350,4583864,32,2026-07-07 00:00:00,2026-07-22 00:00:00,,12000,0,LB,        CINC,L2412,141,0,LB,2026-07-21 00:00:00
CINC,MGRD1350,MGRD1350,MGRD1350,4583864,32,2026-07-07 00:00:00,2026-07-22 00:00:00,,12000,0,LB,        CINC,NEO259,423,0,LB,2026-07-21 00:00:00
CINC,MGRD1350,MGRD1350,MGRD1350,4583864,32,2026-07-07 00:00:00,2026-07-22 00:00:00,,12000,0,LB,        CINC,PREBIT,18,0,LB,2026-07-21 00:00:00
CINC,MGRD1350,MGRD1350,MGRD1350,4583864,32,2026-07-07 00:00:00,2026-07-22 00:00:00,,12000,0,LB,        CINC,SH2O,4432,0,LB,2026-07-21 00:00:00
CINC,MGRD1350,MGRD1350,MGRD1350,4583864,32,2026-07-07 00:00:00,2026-07-22 00:00:00,,12000,0,LB,        CINC,SH2OF,640,0,LB,2026-07-22 00:00:00
CINC,MGRD1350,MGRD1350,MGRD1350,4583864,32,2026-07-07 00:00:00,2026-07-22 00:00:00,,12000,0,LB,        CINC,SH2OF,800,0,LB,2026-07-21 00:00:00
CINC,MGRD1350,MGRD1350,MGRD1350-T2,4583865,20,2026-07-07 00:00:00,2026-07-26 00:00:00,,5,0,TO,        CINC,MGRD1350,11000,0,LB,2026-07-26 00:00:00
CINC,MGRD1350,MGRD1350,MGRD1350-T2,4583865,20,2026-07-07 00:00:00,2026-07-26 00:00:00,,5,0,TO,        CINC,TC275,5,0,EA,2026-07-26 00:00:00
CIN2,MGRD200,MGRD200,MGRD200-T3,4583676,30,2026-07-02 00:00:00,2026-07-22 00:00:00,,1,0,TO,        CIN2,MGRD200,2356,0,LB,2026-07-22 00:00:00
CIN2,MGRD200,MGRD200,MGRD200-T3,4583676,30,2026-07-02 00:00:00,2026-07-22 00:00:00,,1,0,TO,        CIN2,TC330,1,0,EA,2026-07-22 00:00:00
CIN2,MGRD4223,MGRD4223,MGRD4223,4583628,32,2026-07-01 00:00:00,2026-07-23 00:00:00,,3250,0,LB,        CIN2,104DPM,7,0,LB,2026-07-22 00:00:00
CIN2,MGRD4223,MGRD4223,MGRD4223,4583628,32,2026-07-01 00:00:00,2026-07-23 00:00:00,,3250,0,LB,        CIN2,CER3620,788,0,LB,2026-07-22 00:00:00
CIN2,MGRD4223,MGRD4223,MGRD4223,4583628,32,2026-07-01 00:00:00,2026-07-23 00:00:00,,3250,0,LB,        CIN2,KELSOL,569,0,LB,2026-07-23 00:00:00
CIN2,MGRD4223,MGRD4223,MGRD4223,4583628,32,2026-07-01 00:00:00,2026-07-23 00:00:00,,3250,0,LB,        CIN2,KOH45,4,0,LB,2026-07-22 00:00:00
CIN2,MGRD4223,MGRD4223,MGRD4223,4583628,32,2026-07-01 00:00:00,2026-07-23 00:00:00,,3250,0,LB,        CIN2,ME94340,394,0,LB,2026-07-23 00:00:00
CIN2,MGRD4223,MGRD4223,MGRD4223,4583628,32,2026-07-01 00:00:00,2026-07-23 00:00:00,,3250,0,LB,        CIN2,ME98040M1,788,0,LB,2026-07-23 00:00:00
CIN2,MGRD4223,MGRD4223,MGRD4223,4583628,32,2026-07-01 00:00:00,2026-07-23 00:00:00,,3250,0,LB,        CIN2,SH2O,700,0,LB,2026-07-23 00:00:00
CIN2,MGRD4223,MGRD4223,MGRD4223-FD,4583629,20,2026-07-01 00:00:00,2026-07-24 00:00:00,,7,0,DR,        CIN2,FD,7,0,EA,2026-07-24 00:00:00
CIN2,MGRD4223,MGRD4223,MGRD4223-FD,4583629,20,2026-07-01 00:00:00,2026-07-24 00:00:00,,7,0,DR,        CIN2,MGRD4223,3150,0,LB,2026-07-24 00:00:00
CIN2,MI001,MI001,MI001,4583877,32,2026-07-07 00:00:00,2026-07-08 00:00:00,,6348,0,ML,        CIN2,MCP,6,0,GM,2026-07-07 00:00:00
CIN2,MI001,MI001,MI001,4583877,32,2026-07-07 00:00:00,2026-07-08 00:00:00,,6348,0,ML,        CIN2,NAOH025N,135,0,GM,2026-07-07 00:00:00
CIN2,MI001,MI001,MI001,4583877,32,2026-07-07 00:00:00,2026-07-08 00:00:00,,6348,0,ML,        CIN2,REAL,6207,0,GM,2026-07-07 00:00:00
CIN2,MIWAX437,MIWAX437,MIWAX437,4580230,20,2026-04-27 00:00:00,2026-08-03 00:00:00,,35932,0,LB,        CIN2,CER3715,35932,0,LB,2026-07-31 00:00:00
CIN2,MIWAX437,MIWAX437,MIWAX437-SS,4580231,20,2026-04-27 00:00:00,2026-08-07 00:00:00,,52,0,BG,        CIN2,MIWAX437,35932,0,LB,2026-08-07 00:00:00
CIN2,MIWAX437,MIWAX437,MIWAX437-SS,4580231,20,2026-04-27 00:00:00,2026-08-07 00:00:00,,52,0,BG,        CIN2,SS,52,0,EA,2026-08-07 00:00:00
CINC,ML124,ML124,ML124-FD,4584197,20,2026-07-14 00:00:00,2026-07-21 00:00:00,,3,0,DR,        CINC,FD,3,0,EA,2026-07-21 00:00:00
CINC,ML124,ML124,ML124-FD,4584197,20,2026-07-14 00:00:00,2026-07-21 00:00:00,,3,0,DR,        CINC,ML124,1275,0,LB,2026-07-21 00:00:00
AUBA,ML124P,ML124P.E,ML124P.E,4581934,20,2026-05-29 00:00:00,2026-08-09 00:00:00,,6890,0,KG,        AUBA,A1813.E,300,0,KG,2026-08-07 00:00:00
AUBA,ML124P,ML124P.E,ML124P.E,4581934,20,2026-05-29 00:00:00,2026-08-09 00:00:00,,6890,0,KG,        AUBA,AC629M.E,500,0,KG,2026-08-07 00:00:00
AUBA,ML124P,ML124P.E,ML124P.E,4581934,20,2026-05-29 00:00:00,2026-08-09 00:00:00,,6890,0,KG,        AUBA,DS10.E,50,0,KG,2026-08-07 00:00:00
AUBA,ML124P,ML124P.E,ML124P.E,4581934,20,2026-05-29 00:00:00,2026-08-09 00:00:00,,6890,0,KG,        AUBA,KOH90.E,68,0,KG,2026-08-07 00:00:00
AUBA,ML124P,ML124P.E,ML124P.E,4581934,20,2026-05-29 00:00:00,2026-08-09 00:00:00,,6890,0,KG,        AUBA,MERGAL10.E,14,0,KG,2026-08-07 00:00:00
AUBA,ML124P,ML124P.E,ML124P.E,4581934,20,2026-05-29 00:00:00,2026-08-09 00:00:00,,6890,0,KG,        AUBA,OK1950.E,1999,0,KG,2026-08-07 00:00:00
AUBA,ML124P,ML124P.E,ML124P.E,4581934,20,2026-05-29 00:00:00,2026-08-09 00:00:00,,6890,0,KG,        AUBA,PROGLY.E,131,0,KG,2026-08-07 00:00:00
AUBA,ML124P,ML124P.E,ML124P.E,4581934,20,2026-05-29 00:00:00,2026-08-09 00:00:00,,6890,0,KG,        AUBA,SH2O.E,3829,0,KG,2026-08-07 00:00:00
AUBA,ML124P,ML124P.E,ML124P.E-PD,4583984,20,2026-07-09 00:00:00,2026-08-11 00:00:00,,4,0,DR,        AUBA,ML124P.E,800,0,KG,2026-08-11 00:00:00
AUBA,ML124P,ML124P.E,ML124P.E-PD,4583984,20,2026-07-09 00:00:00,2026-08-11 00:00:00,,4,0,DR,        AUBA,PD.E,4,0,EA,2026-08-11 00:00:00
AUBA,ML124P,ML124P.E,ML124P.E-TO,4581937,20,2026-05-29 00:00:00,2026-08-11 00:00:00,,5,0,TO,        AUBA,1000TO.E,5,0,EA,2026-08-11 00:00:00
AUBA,ML124P,ML124P.E,ML124P.E-TO,4581937,20,2026-05-29 00:00:00,2026-08-11 00:00:00,,5,0,TO,        AUBA,ML124P.E,4750,0,KG,2026-08-11 00:00:00
SING,ML156PFP,ML156PFP.S,ML156PFP.S,4583835,32,2026-07-07 00:00:00,2026-07-17 00:00:00,,6000,0,KG,        SING,15S9.S,222,0,KG,2026-07-16 00:00:00
SING,ML156PFP,ML156PFP.S,ML156PFP.S,4583835,32,2026-07-07 00:00:00,2026-07-17 00:00:00,,6000,0,KG,        SING,ACTMV.S,6,0,KG,2026-07-16 00:00:00
SING,ML156PFP,ML156PFP.S,ML156PFP.S,4583835,32,2026-07-07 00:00:00,2026-07-17 00:00:00,,6000,0,KG,        SING,AMMONIA.S,6,0,KG,2026-07-16 00:00:00
SING,ML156PFP,ML156PFP.S,ML156PFP.S,4583835,32,2026-07-07 00:00:00,2026-07-17 00:00:00,,6000,0,KG,        SING,CARN3.S,1230,0,KG,2026-07-16 00:00:00
SING,ML156PFP,ML156PFP.S,ML156PFP.S,4583835,32,2026-07-07 00:00:00,2026-07-17 00:00:00,,6000,0,KG,        SING,EAC70.S,75,0,KG,2026-07-16 00:00:00
SING,ML156PFP,ML156PFP.S,ML156PFP.S,4583835,32,2026-07-07 00:00:00,2026-07-17 00:00:00,,6000,0,KG,        SING,NUO491.S,11,0,KG,2026-07-16 00:00:00
SING,ML156PFP,ML156PFP.S,ML156PFP.S,4583835,32,2026-07-07 00:00:00,2026-07-17 00:00:00,,6000,0,KG,        SING,SH2O.S,4451,0,KG,2026-07-16 00:00:00
SING,ML156PFP,ML156PFP.S,ML156PFP.S-PD,4583836,20,2026-07-07 00:00:00,2026-07-17 00:00:00,,30,0,DR,        SING,ML156PFP.S,6000,0,KG,2026-07-17 00:00:00
SING,ML156PFP,ML156PFP.S,ML156PFP.S-PD,4583836,20,2026-07-07 00:00:00,2026-07-17 00:00:00,,30,0,DR,        SING,PDLR.S,30,0,EA,2026-07-16 00:00:00
CINC,ML160PFP,ML160PFP,ML160PFP,4584198,32,2026-07-14 00:00:00,2026-07-27 00:00:00,,30000,0,LB,        CINC,B11,1638,0,LB,2026-07-24 00:00:00
CINC,ML160PFP,ML160PFP,ML160PFP,4584198,32,2026-07-14 00:00:00,2026-07-27 00:00:00,,30000,0,LB,        CINC,CARN1,6549,0,LB,2026-07-24 00:00:00
CINC,ML160PFP,ML160PFP,ML160PFP,4584198,32,2026-07-14 00:00:00,2026-07-27 00:00:00,,30000,0,LB,        CINC,PREBIT,30,0,LB,2026-07-24 00:00:00
CINC,ML160PFP,ML160PFP,ML160PFP,4584198,32,2026-07-14 00:00:00,2026-07-27 00:00:00,,30000,0,LB,        CINC,SH2O,21333,0,LB,2026-07-24 00:00:00
CINC,ML160PFP,ML160PFP,ML160PFP,4584198,32,2026-07-14 00:00:00,2026-07-27 00:00:00,,30000,0,LB,        CINC,SH2OF,450,0,LB,2026-07-24 00:00:00
CINC,ML160PFP,ML160PFP,ML160PFP-FD,4583233,35,2026-06-24 00:00:00,2026-07-15 00:00:00,,18,0,DR,        CINC,FD,18,0,EA,2026-07-15 00:00:00
CINC,ML160PFP,ML160PFP,ML160PFP-FD,4583233,35,2026-06-24 00:00:00,2026-07-15 00:00:00,,18,0,DR,        CINC,ML160PFP,8550,0,LB,2026-07-15 00:00:00
CINC,ML160PFP,ML160PFP,ML160PFP-FD,4584199,20,2026-07-14 00:00:00,2026-07-30 00:00:00,,44,0,DR,        CINC,FD,44,0,EA,2026-07-30 00:00:00
CINC,ML160PFP,ML160PFP,ML160PFP-FD,4584199,20,2026-07-14 00:00:00,2026-07-30 00:00:00,,44,0,DR,        CINC,ML160PFP,20900,0,LB,2026-07-30 00:00:00
CINC,ML160PFP,ML160PFP,ML160PFP-PL,4584182,20,2026-07-14 00:00:00,2026-07-15 00:00:00,,12,0,PL,        CINC,GPL,12,0,EA,2026-07-15 00:00:00
CINC,ML160PFP,ML160PFP,ML160PFP-PL,4584182,20,2026-07-14 00:00:00,2026-07-15 00:00:00,,12,0,PL,        CINC,ML160PFP,480,0,LB,2026-07-15 00:00:00
CINC,ML160PFP,ML160PFP,ML160PFP-T2,4583234,35,2026-06-24 00:00:00,2026-07-15 00:00:00,,7,0,TO,        CINC,ML160PFP,15435,0,LB,2026-07-15 00:00:00
CINC,ML160PFP,ML160PFP,ML160PFP-T2,4583234,35,2026-06-24 00:00:00,2026-07-15 00:00:00,,7,0,TO,        CINC,TC275,7,0,EA,2026-07-15 00:00:00
CINC,ML160PFP,ML160PFP,ML160PFP-T2,4584200,20,2026-07-14 00:00:00,2026-07-30 00:00:00,,4,0,TO,        CINC,ML160PFP,8820,0,LB,2026-07-30 00:00:00
CINC,ML160PFP,ML160PFP,ML160PFP-T2,4584200,20,2026-07-14 00:00:00,2026-07-30 00:00:00,,4,0,TO,        CINC,TC275,4,0,EA,2026-07-30 00:00:00
AUBA,ML160PFP,ML160PFP.E,ML160PFP.E,4584104,20,2026-07-13 00:00:00,2026-07-26 00:00:00,,11450,0,KG,        AUBA,CA460.E,625,0,KG,2026-07-24 00:00:00
AUBA,ML160PFP,ML160PFP.E,ML160PFP.E,4584104,20,2026-07-13 00:00:00,2026-07-26 00:00:00,,11450,0,KG,        AUBA,CARN1.E,2500,0,KG,2026-07-24 00:00:00
AUBA,ML160PFP,ML160PFP.E,ML160PFP.E,4584104,20,2026-07-13 00:00:00,2026-07-26 00:00:00,,11450,0,KG,        AUBA,PROXELDILUE.E,23,0,KG,2026-07-24 00:00:00
AUBA,ML160PFP,ML160PFP.E,ML160PFP.E,4584104,20,2026-07-13 00:00:00,2026-07-26 00:00:00,,11450,0,KG,        AUBA,SH2O.E,8302,0,KG,2026-07-24 00:00:00
AUBA,ML160PFP,ML160PFP.E,ML160PFP.E,4584105,20,2026-07-13 00:00:00,2026-07-27 00:00:00,,11450,0,KG,        AUBA,CA460.E,625,0,KG,2026-07-24 00:00:00
AUBA,ML160PFP,ML160PFP.E,ML160PFP.E,4584105,20,2026-07-13 00:00:00,2026-07-27 00:00:00,,11450,0,KG,        AUBA,CARN1.E,2500,0,KG,2026-07-24 00:00:00
AUBA,ML160PFP,ML160PFP.E,ML160PFP.E,4584105,20,2026-07-13 00:00:00,2026-07-27 00:00:00,,11450,0,KG,        AUBA,PROXELDILUE.E,23,0,KG,2026-07-24 00:00:00
AUBA,ML160PFP,ML160PFP.E,ML160PFP.E,4584105,20,2026-07-13 00:00:00,2026-07-27 00:00:00,,11450,0,KG,        AUBA,SH2O.E,8302,0,KG,2026-07-24 00:00:00
AUBA,ML160PFP,ML160PFP.E,ML160PFP.E-PL,4584172,20,2026-07-14 00:00:00,2026-07-17 00:00:00,,1,0,PL,        AUBA,ML160PFP.E,18,0,KG,2026-07-17 00:00:00
AUBA,ML160PFP,ML160PFP.E,ML160PFP.E-PL,4584172,20,2026-07-14 00:00:00,2026-07-17 00:00:00,,1,0,PL,        AUBA,PL.E,1,0,EA,2026-07-17 00:00:00
AUBA,ML160PFP,ML160PFP.E,ML160PFP.E-TO,4584110,20,2026-07-13 00:00:00,2026-07-28 00:00:00,,2,0,TO,        AUBA,1000TO.E,2,0,EA,2026-07-28 00:00:00
AUBA,ML160PFP,ML160PFP.E,ML160PFP.E-TO,4584110,20,2026-07-13 00:00:00,2026-07-28 00:00:00,,2,0,TO,        AUBA,ML160PFP.E,2000,0,KG,2026-07-28 00:00:00
CINC,ML160RPH,ML160RPH,ML160RPH-FD,4584123,20,2026-07-13 00:00:00,2026-07-15 00:00:00,,11,0,DR,        CINC,FD,11,0,EA,2026-07-15 00:00:00
CINC,ML160RPH,ML160RPH,ML160RPH-FD,4584123,20,2026-07-13 00:00:00,2026-07-15 00:00:00,,11,0,DR,        CINC,ML160RPH,5225,0,LB,2026-07-15 00:00:00
AUBA,ML160RPH,ML160RPH.E,ML160RPH.E,4584106,20,2026-07-13 00:00:00,2026-07-27 00:00:00,,11000,0,KG,        AUBA,ML160PFP.E,11000,0,KG,2026-07-27 00:00:00
AUBA,ML160RPH,ML160RPH.E,ML160RPH.E,4584108,20,2026-07-13 00:00:00,2026-07-28 00:00:00,,9000,0,KG,        AUBA,ML160PFP.E,9000,0,KG,2026-07-28 00:00:00
AUBA,ML160RPH,ML160RPH.E,ML160RPH.E-TO,4584107,20,2026-07-13 00:00:00,2026-07-27 00:00:00,,11,0,TO,        AUBA,1000TO.E,11,0,EA,2026-07-27 00:00:00
AUBA,ML160RPH,ML160RPH.E,ML160RPH.E-TO,4584107,20,2026-07-13 00:00:00,2026-07-27 00:00:00,,11,0,TO,        AUBA,ML160RPH.E,11000,0,KG,2026-07-27 00:00:00
AUBA,ML160RPH,ML160RPH.E,ML160RPH.E-TO,4584109,20,2026-07-13 00:00:00,2026-07-28 00:00:00,,9,0,TO,        AUBA,1000TO.E,9,0,EA,2026-07-28 00:00:00
AUBA,ML160RPH,ML160RPH.E,ML160RPH.E-TO,4584109,20,2026-07-13 00:00:00,2026-07-28 00:00:00,,9,0,TO,        AUBA,ML160RPH.E,9000,0,KG,2026-07-28 00:00:00
SING,ML180,ML180.S,ML180.S,4583746,32,2026-07-06 00:00:00,2026-07-15 00:00:00,,8016,0,KG,        SING,CARN1.S,1050,0,KG,2026-07-14 00:00:00
SING,ML180,ML180.S,ML180.S,4583746,32,2026-07-06 00:00:00,2026-07-15 00:00:00,,8016,0,KG,        SING,FORMAL.S,13,0,KG,2026-07-14 00:00:00
SING,ML180,ML180.S,ML180.S,4583746,32,2026-07-06 00:00:00,2026-07-15 00:00:00,,8016,0,KG,        SING,NP4LF.S,439,0,KG,2026-07-14 00:00:00
SING,ML180,ML180.S,ML180.S,4583746,32,2026-07-06 00:00:00,2026-07-15 00:00:00,,8016,0,KG,        SING,NUO491.S,6,0,KG,2026-07-14 00:00:00
SING,ML180,ML180.S,ML180.S,4583746,32,2026-07-06 00:00:00,2026-07-15 00:00:00,,8016,0,KG,        SING,SH2O.S,5808,0,KG,2026-07-14 00:00:00
SING,ML180,ML180.S,ML180.S,4583746,32,2026-07-06 00:00:00,2026-07-15 00:00:00,,8016,0,KG,        SING,SW5203.S,700,0,KG,2026-07-14 00:00:00
SING,ML180,ML180.S,ML180.S,4583748,32,2026-07-06 00:00:00,2026-07-16 00:00:00,,8016,0,KG,        SING,CARN1.S,1050,0,KG,2026-07-15 00:00:00
SING,ML180,ML180.S,ML180.S,4583748,32,2026-07-06 00:00:00,2026-07-16 00:00:00,,8016,0,KG,        SING,FORMAL.S,13,0,KG,2026-07-15 00:00:00
SING,ML180,ML180.S,ML180.S,4583748,32,2026-07-06 00:00:00,2026-07-16 00:00:00,,8016,0,KG,        SING,NP4LF.S,439,0,KG,2026-07-15 00:00:00
SING,ML180,ML180.S,ML180.S,4583748,32,2026-07-06 00:00:00,2026-07-16 00:00:00,,8016,0,KG,        SING,NUO491.S,6,0,KG,2026-07-15 00:00:00
SING,ML180,ML180.S,ML180.S,4583748,32,2026-07-06 00:00:00,2026-07-16 00:00:00,,8016,0,KG,        SING,SH2O.S,5808,0,KG,2026-07-15 00:00:00
SING,ML180,ML180.S,ML180.S,4583748,32,2026-07-06 00:00:00,2026-07-16 00:00:00,,8016,0,KG,        SING,SW5203.S,700,0,KG,2026-07-15 00:00:00
SING,ML180,ML180.S,ML180.S-PD,4583747,20,2026-07-06 00:00:00,2026-07-16 00:00:00,,40,0,DR,        SING,ML180.S,8000,0,KG,2026-07-16 00:00:00
SING,ML180,ML180.S,ML180.S-PD,4583747,20,2026-07-06 00:00:00,2026-07-16 00:00:00,,40,0,DR,        SING,PDLR.S,40,0,EA,2026-07-15 00:00:00
SING,ML180,ML180.S,ML180.S-PD,4583749,20,2026-07-06 00:00:00,2026-07-17 00:00:00,,40,0,DR,        SING,ML180.S,8000,0,KG,2026-07-17 00:00:00
SING,ML180,ML180.S,ML180.S-PD,4583749,20,2026-07-06 00:00:00,2026-07-17 00:00:00,,40,0,DR,        SING,PDLR.S,40,0,EA,2026-07-16 00:00:00
AUBA,ML190,ML190.E,ML190.E,4584098,20,2026-07-13 00:00:00,2026-07-23 00:00:00,,10490,0,KG,        AUBA,AC392.E,3124,0,KG,2026-07-22 00:00:00
AUBA,ML190,ML190.E,ML190.E,4584098,20,2026-07-13 00:00:00,2026-07-23 00:00:00,,10490,0,KG,        AUBA,DEEA.E,389,0,KG,2026-07-22 00:00:00
AUBA,ML190,ML190.E,ML190.E,4584098,20,2026-07-13 00:00:00,2026-07-23 00:00:00,,10490,0,KG,        AUBA,KOH90.E,21,0,KG,2026-07-22 00:00:00
AUBA,ML190,ML190.E,ML190.E,4584098,20,2026-07-13 00:00:00,2026-07-23 00:00:00,,10490,0,KG,        AUBA,PR6907.E,492,0,KG,2026-07-22 00:00:00
AUBA,ML190,ML190.E,ML190.E,4584098,20,2026-07-13 00:00:00,2026-07-23 00:00:00,,10490,0,KG,        AUBA,SH2O.E,6449,0,KG,2026-07-22 00:00:00
AUBA,ML190,ML190.E,ML190.E,4584098,20,2026-07-13 00:00:00,2026-07-23 00:00:00,,10490,0,KG,        AUBA,SODMET.E,15,0,KG,2026-07-22 00:00:00
AUBA,ML190,ML190.E,ML190.E-PD,4583843,20,2026-07-07 00:00:00,2026-07-15 00:00:00,,4,0,DR,        AUBA,ML190.E,800,0,KG,2026-07-15 00:00:00
AUBA,ML190,ML190.E,ML190.E-PD,4583843,20,2026-07-07 00:00:00,2026-07-15 00:00:00,,4,0,DR,        AUBA,PD.E,4,0,EA,2026-07-15 00:00:00
AUBA,ML190,ML190.E,ML190.E-TO,4584099,20,2026-07-13 00:00:00,2026-07-24 00:00:00,,10,0,TO,        AUBA,1000TO.E,10,0,EA,2026-07-24 00:00:00
AUBA,ML190,ML190.E,ML190.E-TO,4584099,20,2026-07-13 00:00:00,2026-07-24 00:00:00,,10,0,TO,        AUBA,ML190.E,10000,0,KG,2026-07-24 00:00:00
AUBA,ML193P,ML193P.E,ML193P.E-PD,4584095,20,2026-07-13 00:00:00,2026-07-15 00:00:00,,4,0,DR,        AUBA,ML193P.E,800,0,KG,2026-07-15 00:00:00
AUBA,ML193P,ML193P.E,ML193P.E-PD,4584095,20,2026-07-13 00:00:00,2026-07-15 00:00:00,,4,0,DR,        AUBA,PD.E,4,0,EA,2026-07-15 00:00:00
AUBA,ML215P,ML215P.E,ML215P.E,4584068,20,2026-07-10 00:00:00,2026-07-21 00:00:00,,11035,0,KG,        AUBA,AQAMMONIA.E,110,0,KG,2026-07-17 00:00:00
AUBA,ML215P,ML215P.E,ML215P.E,4584068,20,2026-07-10 00:00:00,2026-07-21 00:00:00,,11035,0,KG,        AUBA,CARN1.E,2001,0,KG,2026-07-17 00:00:00
AUBA,ML215P,ML215P.E,ML215P.E,4584068,20,2026-07-10 00:00:00,2026-07-21 00:00:00,,11035,0,KG,        AUBA,EDK818MY.E,39,0,KG,2026-07-17 00:00:00
AUBA,ML215P,ML215P.E,ML215P.E,4584068,20,2026-07-10 00:00:00,2026-07-21 00:00:00,,11035,0,KG,        AUBA,KOH90.E,50,0,KG,2026-07-17 00:00:00
AUBA,ML215P,ML215P.E,ML215P.E,4584068,20,2026-07-10 00:00:00,2026-07-21 00:00:00,,11035,0,KG,        AUBA,PR6907.E,113,0,KG,2026-07-17 00:00:00
AUBA,ML215P,ML215P.E,ML215P.E,4584068,20,2026-07-10 00:00:00,2026-07-21 00:00:00,,11035,0,KG,        AUBA,PROXELDILUE.E,11,0,KG,2026-07-17 00:00:00
AUBA,ML215P,ML215P.E,ML215P.E,4584068,20,2026-07-10 00:00:00,2026-07-21 00:00:00,,11035,0,KG,        AUBA,SALT.E,22,0,KG,2026-07-17 00:00:00
AUBA,ML215P,ML215P.E,ML215P.E,4584068,20,2026-07-10 00:00:00,2026-07-21 00:00:00,,11035,0,KG,        AUBA,SH2O.E,8690,0,KG,2026-07-17 00:00:00
AUBA,ML215P,ML215P.E,ML215P.E,4584069,20,2026-07-10 00:00:00,2026-07-22 00:00:00,,11035,0,KG,        AUBA,AQAMMONIA.E,110,0,KG,2026-07-17 00:00:00
AUBA,ML215P,ML215P.E,ML215P.E,4584069,20,2026-07-10 00:00:00,2026-07-22 00:00:00,,11035,0,KG,        AUBA,CARN1.E,2001,0,KG,2026-07-17 00:00:00
AUBA,ML215P,ML215P.E,ML215P.E,4584069,20,2026-07-10 00:00:00,2026-07-22 00:00:00,,11035,0,KG,        AUBA,EDK818MY.E,39,0,KG,2026-07-17 00:00:00
AUBA,ML215P,ML215P.E,ML215P.E,4584069,20,2026-07-10 00:00:00,2026-07-22 00:00:00,,11035,0,KG,        AUBA,KOH90.E,50,0,KG,2026-07-17 00:00:00
AUBA,ML215P,ML215P.E,ML215P.E,4584069,20,2026-07-10 00:00:00,2026-07-22 00:00:00,,11035,0,KG,        AUBA,PR6907.E,113,0,KG,2026-07-17 00:00:00
AUBA,ML215P,ML215P.E,ML215P.E,4584069,20,2026-07-10 00:00:00,2026-07-22 00:00:00,,11035,0,KG,        AUBA,PROXELDILUE.E,11,0,KG,2026-07-17 00:00:00
AUBA,ML215P,ML215P.E,ML215P.E,4584069,20,2026-07-10 00:00:00,2026-07-22 00:00:00,,11035,0,KG,        AUBA,SALT.E,22,0,KG,2026-07-17 00:00:00
AUBA,ML215P,ML215P.E,ML215P.E,4584069,20,2026-07-10 00:00:00,2026-07-22 00:00:00,,11035,0,KG,        AUBA,SH2O.E,8690,0,KG,2026-07-17 00:00:00
CINC,ML511,ML511,ML511-FD,4583935,35,2026-07-08 00:00:00,2026-07-17 00:00:00,,11,0,DR,        CINC,FD,11,0,EA,2026-07-17 00:00:00
CINC,ML511,ML511,ML511-FD,4583935,35,2026-07-08 00:00:00,2026-07-17 00:00:00,,11,0,DR,        CINC,ML511,4840,0,LB,2026-07-17 00:00:00
CINC,ML511,ML511,ML511-OP,4583936,35,2026-07-08 00:00:00,2026-07-17 00:00:00,,2,0,DR,        CINC,ML511,880,0,LB,2026-07-17 00:00:00
CINC,ML511,ML511,ML511-OP,4583936,35,2026-07-08 00:00:00,2026-07-17 00:00:00,,2,0,DR,        CINC,OPNHDPOLY,2,0,EA,2026-07-17 00:00:00
CINC,ML511,ML511,ML511-T3,4583937,35,2026-07-08 00:00:00,2026-07-17 00:00:00,,1,0,TO,        CINC,ML511,2500,0,LB,2026-07-17 00:00:00
CINC,ML511,ML511,ML511-T3,4583937,35,2026-07-08 00:00:00,2026-07-17 00:00:00,,1,0,TO,        CINC,TC330,1,0,EA,2026-07-17 00:00:00
CINC,ML693K,ML693K,ML693K,4584201,32,2026-07-14 00:00:00,2026-07-16 00:00:00,,36000,0,LB,        CINC,100FGK,1082,0,LB,2026-07-15 00:00:00
CINC,ML693K,ML693K,ML693K,4584201,32,2026-07-14 00:00:00,2026-07-16 00:00:00,,36000,0,LB,        CINC,141PARL,7544,0,LB,2026-07-15 00:00:00
CINC,ML693K,ML693K,ML693K,4584201,32,2026-07-14 00:00:00,2026-07-16 00:00:00,,36000,0,LB,        CINC,E14,5032,0,LB,2026-07-15 00:00:00
CINC,ML693K,ML693K,ML693K,4584201,32,2026-07-14 00:00:00,2026-07-16 00:00:00,,36000,0,LB,        CINC,KOH90,327,0,LB,2026-07-15 00:00:00
CINC,ML693K,ML693K,ML693K,4584201,32,2026-07-14 00:00:00,2026-07-16 00:00:00,,36000,0,LB,        CINC,PREBIT,36,0,LB,2026-07-15 00:00:00
CINC,ML693K,ML693K,ML693K,4584201,32,2026-07-14 00:00:00,2026-07-16 00:00:00,,36000,0,LB,        CINC,PROGLY,653,0,LB,2026-07-15 00:00:00
CINC,ML693K,ML693K,ML693K,4584201,32,2026-07-14 00:00:00,2026-07-16 00:00:00,,36000,0,LB,        CINC,SH2O,20126,0,LB,2026-07-15 00:00:00
CINC,ML693K,ML693K,ML693K,4584201,32,2026-07-14 00:00:00,2026-07-16 00:00:00,,36000,0,LB,        CINC,SH2OF,1200,0,LB,2026-07-15 00:00:00
AUBA,ML723HSP,ML723HSP.E,ML723HSP.E-PD,4584111,20,2026-07-13 00:00:00,2026-07-16 00:00:00,,1,0,DR,        AUBA,ML723HSP.E,200,0,KG,2026-07-16 00:00:00
AUBA,ML723HSP,ML723HSP.E,ML723HSP.E-PD,4584111,20,2026-07-13 00:00:00,2026-07-16 00:00:00,,1,0,DR,        AUBA,PD.E,1,0,EA,2026-07-16 00:00:00
CINC,MP2960,MP2960,MP2960-T2,4582675,35,2026-06-12 00:00:00,2026-07-13 00:00:00,,13,0,TO,        CINC,BLUECAP,13,0,EA,2026-07-13 00:00:00
CINC,MP2960,MP2960,MP2960-T2,4582675,35,2026-06-12 00:00:00,2026-07-13 00:00:00,,13,0,TO,        CINC,MP2960,28600,0,LB,2026-07-13 00:00:00
CINC,MP2960,MP2960,MP2960-T2,4582675,35,2026-06-12 00:00:00,2026-07-13 00:00:00,,13,0,TO,        CINC,TC275,13,0,EA,2026-07-13 00:00:00
AUBA,MP2960,MP2960.E,MP2960.E,4583904,90,2026-07-08 00:00:00,2026-07-13 00:00:00,,7970,0,KG,        AUBA,AQAMMONIA.E,124,125,KG,2026-07-10 00:00:00
AUBA,MP2960,MP2960.E,MP2960.E,4583904,90,2026-07-08 00:00:00,2026-07-13 00:00:00,,7970,0,KG,        AUBA,DIH2O.E,6458,6278,KG,2026-07-10 00:00:00
AUBA,MP2960,MP2960.E,MP2960.E,4583904,90,2026-07-08 00:00:00,2026-07-13 00:00:00,,7970,0,KG,        AUBA,KOH90.E,0,0,KG,2026-07-13 00:00:00
AUBA,MP2960,MP2960.E,MP2960.E,4583904,90,2026-07-08 00:00:00,2026-07-13 00:00:00,,7970,0,KG,        AUBA,KOH90.E,89,90,KG,2026-07-10 00:00:00
AUBA,MP2960,MP2960.E,MP2960.E,4583904,90,2026-07-08 00:00:00,2026-07-13 00:00:00,,7970,0,KG,        AUBA,PR3460.E,1299,1304,KG,2026-07-10 00:00:00
AUBA,MP2960,MP2960.E,MP2960.E-TO,4583905,20,2026-07-08 00:00:00,2026-07-15 00:00:00,,8,0,TO,        AUBA,1000TOUN.E,8,0,EA,2026-07-15 00:00:00
AUBA,MP2960,MP2960.E,MP2960.E-TO,4583905,20,2026-07-08 00:00:00,2026-07-15 00:00:00,,8,0,TO,        AUBA,MP2960.E,8000,0,KG,2026-07-15 00:00:00
CINC,MP34040,MP34040,MP34040,4583940,32,2026-07-08 00:00:00,2026-07-23 00:00:00,,22400,0,LB,        CINC,AC5120M,8960,0,LB,2026-07-22 00:00:00
CINC,MP34040,MP34040,MP34040,4583940,32,2026-07-08 00:00:00,2026-07-23 00:00:00,,22400,0,LB,        CINC,AMMONIA19,576,0,LB,2026-07-22 00:00:00
CINC,MP34040,MP34040,MP34040,4583940,32,2026-07-08 00:00:00,2026-07-23 00:00:00,,22400,0,LB,        CINC,PREBIT,22,0,LB,2026-07-22 00:00:00
CINC,MP34040,MP34040,MP34040,4583940,32,2026-07-08 00:00:00,2026-07-23 00:00:00,,22400,0,LB,        CINC,SH2O,7914,0,LB,2026-07-22 00:00:00
CINC,MP34040,MP34040,MP34040,4583940,32,2026-07-08 00:00:00,2026-07-23 00:00:00,,22400,0,LB,        CINC,SH2OF,448,0,LB,2026-07-22 00:00:00
CINC,MP34040,MP34040,MP34040,4583940,32,2026-07-08 00:00:00,2026-07-23 00:00:00,,22400,0,LB,        CINC,SH2ORT,4480,0,LB,2026-07-22 00:00:00
CINC,MP498340D,MP498340D,MP498340D,4583630,20,2026-07-01 00:00:00,2026-08-03 00:00:00,,41000,0,LB,        CINC,ACTMV,37,0,LB,2026-07-31 00:00:00
CINC,MP498340D,MP498340D,MP498340D,4583630,20,2026-07-01 00:00:00,2026-08-03 00:00:00,,41000,0,LB,        CINC,AMMONIA19,1255,0,LB,2026-07-31 00:00:00
CINC,MP498340D,MP498340D,MP498340D,4583630,20,2026-07-01 00:00:00,2026-08-03 00:00:00,,41000,0,LB,        CINC,PR5985,16381,0,LB,2026-07-31 00:00:00
CINC,MP498340D,MP498340D,MP498340D,4583630,20,2026-07-01 00:00:00,2026-08-03 00:00:00,,41000,0,LB,        CINC,PREBIT,10,0,LB,2026-07-31 00:00:00
CINC,MP498340D,MP498340D,MP498340D,4583630,20,2026-07-01 00:00:00,2026-08-03 00:00:00,,41000,0,LB,        CINC,SH2O,23317,0,LB,2026-07-31 00:00:00
CINC,MP498340R,MP498340R,MP498340R,4583510,30,2026-06-30 00:00:00,2026-07-28 00:00:00,,44000,0,LB,        CINC,ACTMV,40,0,LB,2026-07-27 00:00:00
CINC,MP498340R,MP498340R,MP498340R,4583510,30,2026-06-30 00:00:00,2026-07-28 00:00:00,,44000,0,LB,        CINC,AMMONIA19,1346,0,LB,2026-07-27 00:00:00
CINC,MP498340R,MP498340R,MP498340R,4583510,30,2026-06-30 00:00:00,2026-07-28 00:00:00,,44000,0,LB,        CINC,PR5985,17580,0,LB,2026-07-27 00:00:00
CINC,MP498340R,MP498340R,MP498340R,4583510,30,2026-06-30 00:00:00,2026-07-28 00:00:00,,44000,0,LB,        CINC,PREBIT,11,0,LB,2026-07-27 00:00:00
CINC,MP498340R,MP498340R,MP498340R,4583510,30,2026-06-30 00:00:00,2026-07-28 00:00:00,,44000,0,LB,        CINC,SH2O,25023,0,LB,2026-07-27 00:00:00
AUBA,MP498340R,MP498340R.E,MP498340R.E,4583776,35,2026-07-06 00:00:00,2026-07-15 00:00:00,,8000,0,KG,        AUBA,ACDILUE.E,14,0,KG,2026-07-15 00:00:00
AUBA,MP498340R,MP498340R.E,MP498340R.E,4583776,35,2026-07-06 00:00:00,2026-07-15 00:00:00,,8000,0,KG,        AUBA,AQAMMONIA.E,191,0,KG,2026-07-15 00:00:00
AUBA,MP498340R,MP498340R.E,MP498340R.E,4583776,35,2026-07-06 00:00:00,2026-07-15 00:00:00,,8000,0,KG,        AUBA,PR5985.E,3200,0,KG,2026-07-15 00:00:00
AUBA,MP498340R,MP498340R.E,MP498340R.E,4583776,35,2026-07-06 00:00:00,2026-07-15 00:00:00,,8000,0,KG,        AUBA,PROXELDILUE.E,4,0,KG,2026-07-15 00:00:00
AUBA,MP498340R,MP498340R.E,MP498340R.E,4583776,35,2026-07-06 00:00:00,2026-07-15 00:00:00,,8000,0,KG,        AUBA,SH2O.E,4590,0,KG,2026-07-15 00:00:00
AUBA,MP498340R,MP498340R.E,MP498340R.E-TO,4583783,20,2026-07-06 00:00:00,2026-07-16 00:00:00,,8,0,TO,        AUBA,1000TO.E,8,0,EA,2026-07-16 00:00:00
AUBA,MP498340R,MP498340R.E,MP498340R.E-TO,4583783,20,2026-07-06 00:00:00,2026-07-16 00:00:00,,8,0,TO,        AUBA,MP498340R.E,7600,0,KG,2026-07-16 00:00:00
CINC,MP498345N,MP498345N,MP498345N,4584009,32,2026-07-09 00:00:00,2026-07-23 00:00:00,,525,0,LB,        CINC,ACTMV,1,0,LB,2026-07-22 00:00:00
CINC,MP498345N,MP498345N,MP498345N,4584009,32,2026-07-09 00:00:00,2026-07-23 00:00:00,,525,0,LB,        CINC,NAOH50,12,0,LB,2026-07-22 00:00:00
CINC,MP498345N,MP498345N,MP498345N,4584009,32,2026-07-09 00:00:00,2026-07-23 00:00:00,,525,0,LB,        CINC,PR5985,232,0,LB,2026-07-22 00:00:00
CINC,MP498345N,MP498345N,MP498345N,4584009,32,2026-07-09 00:00:00,2026-07-23 00:00:00,,525,0,LB,        CINC,SALT,0,0,LB,2026-07-22 00:00:00
CINC,MP498345N,MP498345N,MP498345N,4584009,32,2026-07-09 00:00:00,2026-07-23 00:00:00,,525,0,LB,        CINC,SH2O,274,0,LB,2026-07-22 00:00:00
CINC,MP498345N,MP498345N,MP498345N,4584009,32,2026-07-09 00:00:00,2026-07-23 00:00:00,,525,0,LB,        CINC,SH2OF,5,0,LB,2026-07-22 00:00:00
CINC,MP498345N,MP498345N,MP498345N,4584010,32,2026-07-09 00:00:00,2026-07-24 00:00:00,,525,0,LB,        CINC,ACTMV,1,0,LB,2026-07-23 00:00:00
CINC,MP498345N,MP498345N,MP498345N,4584010,32,2026-07-09 00:00:00,2026-07-24 00:00:00,,525,0,LB,        CINC,NAOH50,12,0,LB,2026-07-23 00:00:00
CINC,MP498345N,MP498345N,MP498345N,4584010,32,2026-07-09 00:00:00,2026-07-24 00:00:00,,525,0,LB,        CINC,PR5985,232,0,LB,2026-07-23 00:00:00
CINC,MP498345N,MP498345N,MP498345N,4584010,32,2026-07-09 00:00:00,2026-07-24 00:00:00,,525,0,LB,        CINC,SALT,0,0,LB,2026-07-23 00:00:00
CINC,MP498345N,MP498345N,MP498345N,4584010,32,2026-07-09 00:00:00,2026-07-24 00:00:00,,525,0,LB,        CINC,SH2O,274,0,LB,2026-07-23 00:00:00
CINC,MP498345N,MP498345N,MP498345N,4584010,32,2026-07-09 00:00:00,2026-07-24 00:00:00,,525,0,LB,        CINC,SH2OF,5,0,LB,2026-07-23 00:00:00
CINC,MP498345N,MP498345N,MP498345N,4584011,32,2026-07-09 00:00:00,2026-07-28 00:00:00,,525,0,LB,        CINC,ACTMV,1,0,LB,2026-07-27 00:00:00
CINC,MP498345N,MP498345N,MP498345N,4584011,32,2026-07-09 00:00:00,2026-07-28 00:00:00,,525,0,LB,        CINC,NAOH50,12,0,LB,2026-07-27 00:00:00
CINC,MP498345N,MP498345N,MP498345N,4584011,32,2026-07-09 00:00:00,2026-07-28 00:00:00,,525,0,LB,        CINC,PR5985,232,0,LB,2026-07-27 00:00:00
CINC,MP498345N,MP498345N,MP498345N,4584011,32,2026-07-09 00:00:00,2026-07-28 00:00:00,,525,0,LB,        CINC,SALT,0,0,LB,2026-07-27 00:00:00
CINC,MP498345N,MP498345N,MP498345N,4584011,32,2026-07-09 00:00:00,2026-07-28 00:00:00,,525,0,LB,        CINC,SH2O,274,0,LB,2026-07-27 00:00:00
CINC,MP498345N,MP498345N,MP498345N,4584011,32,2026-07-09 00:00:00,2026-07-28 00:00:00,,525,0,LB,        CINC,SH2OF,5,0,LB,2026-07-27 00:00:00
CINC,MP498345N,MP498345N,MP498345N-OP,4584013,20,2026-07-09 00:00:00,2026-07-24 00:00:00,,1,0,DR,        CINC,MP498345N,450,0,LB,2026-07-24 00:00:00
CINC,MP498345N,MP498345N,MP498345N-OP,4584013,20,2026-07-09 00:00:00,2026-07-24 00:00:00,,1,0,DR,        CINC,OPNHDPOLY,1,0,EA,2026-07-24 00:00:00
CINC,MP498345N,MP498345N,MP498345N-OP,4584012,20,2026-07-09 00:00:00,2026-07-28 00:00:00,,1,0,DR,        CINC,MP498345N,450,0,LB,2026-07-28 00:00:00
CINC,MP498345N,MP498345N,MP498345N-OP,4584012,20,2026-07-09 00:00:00,2026-07-28 00:00:00,,1,0,DR,        CINC,OPNHDPOLY,1,0,EA,2026-07-28 00:00:00
CINC,MP498345N,MP498345N,MP498345N-OP,4584014,20,2026-07-09 00:00:00,2026-07-29 00:00:00,,1,0,DR,        CINC,MP498345N,450,0,LB,2026-07-29 00:00:00
CINC,MP498345N,MP498345N,MP498345N-OP,4584014,20,2026-07-09 00:00:00,2026-07-29 00:00:00,,1,0,DR,        CINC,OPNHDPOLY,1,0,EA,2026-07-29 00:00:00
AUBA,MP498345P,MP498345P.E,MP498345P.E,4584165,20,2026-07-14 00:00:00,2026-07-23 00:00:00,,10000,0,KG,        AUBA,NAOH.E,120,0,KG,2026-07-22 00:00:00
AUBA,MP498345P,MP498345P.E,MP498345P.E,4584165,20,2026-07-14 00:00:00,2026-07-23 00:00:00,,10000,0,KG,        AUBA,PR5985.E,4472,0,KG,2026-07-22 00:00:00
AUBA,MP498345P,MP498345P.E,MP498345P.E,4584165,20,2026-07-14 00:00:00,2026-07-23 00:00:00,,10000,0,KG,        AUBA,PROXELDILUE.E,10,0,KG,2026-07-22 00:00:00
AUBA,MP498345P,MP498345P.E,MP498345P.E,4584165,20,2026-07-14 00:00:00,2026-07-23 00:00:00,,10000,0,KG,        AUBA,SH2O.E,5398,0,KG,2026-07-22 00:00:00
AUBA,MP498345P,MP498345P.E,MP498345P.E-TO,4584166,20,2026-07-14 00:00:00,2026-07-24 00:00:00,,10,0,TO,        AUBA,1000TO.E,10,0,EA,2026-07-24 00:00:00
AUBA,MP498345P,MP498345P.E,MP498345P.E-TO,4584166,20,2026-07-14 00:00:00,2026-07-24 00:00:00,,10,0,TO,        AUBA,MP498345P.E,10000,0,KG,2026-07-24 00:00:00
CINC,MP4983R,MP4983R,MP4983R,4583941,32,2026-07-08 00:00:00,2026-07-16 00:00:00,,28000,0,LB,        CINC,AMMONIA19,1246,0,LB,2026-07-15 00:00:00
CINC,MP4983R,MP4983R,MP4983R,4583941,32,2026-07-08 00:00:00,2026-07-16 00:00:00,,28000,0,LB,        CINC,MP4983R,14500,0,LB,2026-07-16 00:00:00
CINC,MP4983R,MP4983R,MP4983R,4583941,32,2026-07-08 00:00:00,2026-07-16 00:00:00,,28000,0,LB,        CINC,PR5980I,7000,0,LB,2026-07-15 00:00:00
CINC,MP4983R,MP4983R,MP4983R,4583941,32,2026-07-08 00:00:00,2026-07-16 00:00:00,,28000,0,LB,        CINC,SH2O,18384,0,LB,2026-07-15 00:00:00
CINC,MP4983R,MP4983R,MP4983R,4583941,32,2026-07-08 00:00:00,2026-07-16 00:00:00,,28000,0,LB,        CINC,SH2OF,560,0,LB,2026-07-15 00:00:00
CINC,MP4983R,MP4983R,MP4983R,4584053,32,2026-07-10 00:00:00,2026-07-17 00:00:00,,28000,0,LB,        CINC,AMMONIA19,1246,0,LB,2026-07-16 00:00:00
CINC,MP4983R,MP4983R,MP4983R,4584053,32,2026-07-10 00:00:00,2026-07-17 00:00:00,,28000,0,LB,        CINC,MP4983R,15000,0,LB,2026-07-17 00:00:00
CINC,MP4983R,MP4983R,MP4983R,4584053,32,2026-07-10 00:00:00,2026-07-17 00:00:00,,28000,0,LB,        CINC,PR5980I,7000,0,LB,2026-07-16 00:00:00
CINC,MP4983R,MP4983R,MP4983R,4584053,32,2026-07-10 00:00:00,2026-07-17 00:00:00,,28000,0,LB,        CINC,SH2O,18384,0,LB,2026-07-16 00:00:00
CINC,MP4983R,MP4983R,MP4983R,4584053,32,2026-07-10 00:00:00,2026-07-17 00:00:00,,28000,0,LB,        CINC,SH2OF,560,0,LB,2026-07-16 00:00:00
CINC,MP4983R,MP4983R,MP4983R,4583511,32,2026-06-30 00:00:00,2026-07-27 00:00:00,,44000,0,LB,        CINC,AMMONIA19,1958,0,LB,2026-07-24 00:00:00
CINC,MP4983R,MP4983R,MP4983R,4583511,32,2026-06-30 00:00:00,2026-07-27 00:00:00,,44000,0,LB,        CINC,PR5980I,10450,0,LB,2026-07-24 00:00:00
CINC,MP4983R,MP4983R,MP4983R,4583511,32,2026-06-30 00:00:00,2026-07-27 00:00:00,,44000,0,LB,        CINC,PR5985,550,0,LB,2026-07-27 00:00:00
CINC,MP4983R,MP4983R,MP4983R,4583511,32,2026-06-30 00:00:00,2026-07-27 00:00:00,,44000,0,LB,        CINC,SH2O,30382,0,LB,2026-07-24 00:00:00
CINC,MP4983R,MP4983R,MP4983R,4583511,32,2026-06-30 00:00:00,2026-07-27 00:00:00,,44000,0,LB,        CINC,SH2OF,880,0,LB,2026-07-24 00:00:00
CINC,MP4983R,MP4983R,MP4983R,4583512,32,2026-06-30 00:00:00,2026-07-31 00:00:00,,44000,0,LB,        CINC,AMMONIA19,1958,0,LB,2026-07-30 00:00:00
CINC,MP4983R,MP4983R,MP4983R,4583512,32,2026-06-30 00:00:00,2026-07-31 00:00:00,,44000,0,LB,        CINC,PR5980I,11000,0,LB,2026-07-30 00:00:00
CINC,MP4983R,MP4983R,MP4983R,4583512,32,2026-06-30 00:00:00,2026-07-31 00:00:00,,44000,0,LB,        CINC,SH2O,30382,0,LB,2026-07-30 00:00:00
CINC,MP4983R,MP4983R,MP4983R,4583512,32,2026-06-30 00:00:00,2026-07-31 00:00:00,,44000,0,LB,        CINC,SH2OF,880,0,LB,2026-07-30 00:00:00
CINC,MP4983R,MP4983R,MP4983R-PL,4583942,20,2026-07-08 00:00:00,2026-07-17 00:00:00,,5,0,PL,        CINC,GPL,5,0,EA,2026-07-17 00:00:00
CINC,MP4983R,MP4983R,MP4983R-PL,4583942,20,2026-07-08 00:00:00,2026-07-17 00:00:00,,5,0,PL,        CINC,MP4983R,200,0,LB,2026-07-17 00:00:00
CINC,MP4983R,MP4983R,MP4983R-T2,4583943,20,2026-07-08 00:00:00,2026-07-17 00:00:00,,6,0,TO,        CINC,MP4983R,13200,0,LB,2026-07-17 00:00:00
CINC,MP4983R,MP4983R,MP4983R-T2,4583943,20,2026-07-08 00:00:00,2026-07-17 00:00:00,,6,0,TO,        CINC,TC275,6,0,EA,2026-07-17 00:00:00
CINC,MP4983R,MP4983R,MP4983R-T3,4583944,20,2026-07-08 00:00:00,2026-07-17 00:00:00,,5,0,TO,        CINC,MP4983R,13500,0,LB,2026-07-17 00:00:00
CINC,MP4983R,MP4983R,MP4983R-T3,4583944,20,2026-07-08 00:00:00,2026-07-17 00:00:00,,5,0,TO,        CINC,TC330,5,0,EA,2026-07-17 00:00:00
CINC,MP4983R,MP4983R,MP4983R-T3,4584054,20,2026-07-10 00:00:00,2026-07-22 00:00:00,,10,0,TO,        CINC,MP4983R,27000,0,LB,2026-07-22 00:00:00
CINC,MP4983R,MP4983R,MP4983R-T3,4584054,20,2026-07-10 00:00:00,2026-07-22 00:00:00,,10,0,TO,        CINC,TC330,10,0,EA,2026-07-22 00:00:00
AUBA,MP4983R,MP4983R.E,MP4983R.E,4583837,35,2026-07-07 00:00:00,2026-07-15 00:00:00,,22000,0,KG,        AUBA,AQAMMONIA.E,759,0,KG,2026-07-14 00:00:00
AUBA,MP4983R,MP4983R.E,MP4983R.E,4583837,35,2026-07-07 00:00:00,2026-07-15 00:00:00,,22000,0,KG,        AUBA,PR5980I.E,5500,0,KG,2026-07-15 00:00:00
AUBA,MP4983R,MP4983R.E,MP4983R.E,4583837,35,2026-07-07 00:00:00,2026-07-15 00:00:00,,22000,0,KG,        AUBA,SH2O.E,15741,0,KG,2026-07-14 00:00:00
CINC,MWC50,MWC50,MWC50-T3,4583682,20,2026-07-02 00:00:00,2026-07-16 00:00:00,,15,0,TO,        CINC,MWC50,37500,0,LB,2026-07-16 00:00:00
CINC,MWC50,MWC50,MWC50-T3,4583682,20,2026-07-02 00:00:00,2026-07-16 00:00:00,,15,0,TO,        CINC,TC330,15,0,EA,2026-07-16 00:00:00
CINC,MWC70LV,MWC70LV,MWC70LV-FD,4584055,20,2026-07-10 00:00:00,2026-07-17 00:00:00,,3,0,DR,        CINC,FD,3,0,EA,2026-07-17 00:00:00
CINC,MWC70LV,MWC70LV,MWC70LV-FD,4584055,20,2026-07-10 00:00:00,2026-07-17 00:00:00,,3,0,DR,        CINC,MWC70LV,1275,0,LB,2026-07-17 00:00:00
AUBA,MWC75,MWC75.E,MWC75.E,4582984,20,2026-06-19 00:00:00,2026-08-11 00:00:00,,5500,0,KG,        AUBA,141PAR.E,220,0,KG,2026-08-11 00:00:00
AUBA,MWC75,MWC75.E,MWC75.E,4582984,20,2026-06-19 00:00:00,2026-08-11 00:00:00,,5500,0,KG,        AUBA,A1813.E,62,0,KG,2026-08-11 00:00:00
AUBA,MWC75,MWC75.E,MWC75.E,4582984,20,2026-06-19 00:00:00,2026-08-11 00:00:00,,5500,0,KG,        AUBA,AQAMMONIA.E,52,0,KG,2026-08-11 00:00:00
AUBA,MWC75,MWC75.E,MWC75.E,4582984,20,2026-06-19 00:00:00,2026-08-11 00:00:00,,5500,0,KG,        AUBA,BUCARB.E,165,0,KG,2026-08-11 00:00:00
AUBA,MWC75,MWC75.E,MWC75.E,4582984,20,2026-06-19 00:00:00,2026-08-11 00:00:00,,5500,0,KG,        AUBA,SH2O.E,3633,0,KG,2026-08-11 00:00:00
AUBA,MWC75,MWC75.E,MWC75.E,4582984,20,2026-06-19 00:00:00,2026-08-11 00:00:00,,5500,0,KG,        AUBA,SYNCF.E,1368,0,KG,2026-08-11 00:00:00
AUBA,MWC75,MWC75.E,MWC75.E-TO,4582985,20,2026-06-19 00:00:00,2026-08-13 00:00:00,,6,0,TO,        AUBA,1000TO.E,6,0,EA,2026-08-13 00:00:00
AUBA,MWC75,MWC75.E,MWC75.E-TO,4582985,20,2026-06-19 00:00:00,2026-08-13 00:00:00,,6,0,TO,        AUBA,MWC75.E,5700,0,KG,2026-08-13 00:00:00
CIN2,NM70AFN,NM70AFN,NM70AFN,4584056,20,2026-07-10 00:00:00,2026-07-22 00:00:00,,28000,0,LB,        CIN2,KOH45,18,0,LB,2026-07-21 00:00:00
CIN2,NM70AFN,NM70AFN,NM70AFN,4584056,20,2026-07-10 00:00:00,2026-07-22 00:00:00,,28000,0,LB,        CIN2,ME93135I,5040,0,LB,2026-07-21 00:00:00
CIN2,NM70AFN,NM70AFN,NM70AFN,4584056,20,2026-07-10 00:00:00,2026-07-22 00:00:00,,28000,0,LB,        CIN2,PEGSOL,12320,0,LB,2026-07-21 00:00:00
CIN2,NM70AFN,NM70AFN,NM70AFN,4584056,20,2026-07-10 00:00:00,2026-07-22 00:00:00,,28000,0,LB,        CIN2,PI547,105,0,LB,2026-07-21 00:00:00
CIN2,NM70AFN,NM70AFN,NM70AFN,4584056,20,2026-07-10 00:00:00,2026-07-22 00:00:00,,28000,0,LB,        CIN2,PRXBZPS,42,0,LB,2026-07-21 00:00:00
CIN2,NM70AFN,NM70AFN,NM70AFN,4584056,20,2026-07-10 00:00:00,2026-07-22 00:00:00,,28000,0,LB,        CIN2,RHE93,70,0,LB,2026-07-21 00:00:00
CIN2,NM70AFN,NM70AFN,NM70AFN,4584056,20,2026-07-10 00:00:00,2026-07-22 00:00:00,,28000,0,LB,        CIN2,ROV4009,980,0,LB,2026-07-21 00:00:00
CIN2,NM70AFN,NM70AFN,NM70AFN,4584056,20,2026-07-10 00:00:00,2026-07-22 00:00:00,,28000,0,LB,        CIN2,SH2O,8585,0,LB,2026-07-21 00:00:00
CIN2,NM70AFN,NM70AFN,NM70AFN,4584056,20,2026-07-10 00:00:00,2026-07-22 00:00:00,,28000,0,LB,        CIN2,SH2OF,840,0,LB,2026-07-21 00:00:00
CIN2,NM70NR,NM70NR,NM70NR-OP,4583633,35,2026-07-01 00:00:00,2026-07-15 00:00:00,,5,0,DR,        CIN2,NM70NR,2250,0,LB,2026-07-15 00:00:00
CIN2,NM70NR,NM70NR,NM70NR-OP,4583633,35,2026-07-01 00:00:00,2026-07-15 00:00:00,,5,0,DR,        CIN2,OPNHDPOLY,5,0,EA,2026-07-15 00:00:00
AUBA,NM73,NM73.E,NM73.E-TO,4582162,20,2026-06-03 00:00:00,2026-07-13 00:00:00,,4,0,TO,        AUBA,1000TO.E,4,0,EA,2026-07-13 00:00:00
AUBA,NM73,NM73.E,NM73.E-TO,4582162,20,2026-06-03 00:00:00,2026-07-13 00:00:00,,4,0,TO,        AUBA,NM73.E,4000,0,KG,2026-07-13 00:00:00
AUBA,NYS2010,NYS2010.E,NYS2010.E,4584100,20,2026-07-13 00:00:00,2026-07-28 00:00:00,,8200,0,KG,        AUBA,4106.E,328,0,KG,2026-07-27 00:00:00
AUBA,NYS2010,NYS2010.E,NYS2010.E,4584100,20,2026-07-13 00:00:00,2026-07-28 00:00:00,,8200,0,KG,        AUBA,ACDILUE.E,15,0,KG,2026-07-27 00:00:00
AUBA,NYS2010,NYS2010.E,NYS2010.E,4584100,20,2026-07-13 00:00:00,2026-07-28 00:00:00,,8200,0,KG,        AUBA,RBW102.E,2132,0,KG,2026-07-27 00:00:00
AUBA,NYS2010,NYS2010.E,NYS2010.E,4584100,20,2026-07-13 00:00:00,2026-07-28 00:00:00,,8200,0,KG,        AUBA,SH2O.E,5725,0,KG,2026-07-27 00:00:00
AUBA,NYS2010,NYS2010.E,NYS2010.E-TO,4584101,20,2026-07-13 00:00:00,2026-07-29 00:00:00,,8,0,TO,        AUBA,1000TO.E,8,0,EA,2026-07-29 00:00:00
AUBA,NYS2010,NYS2010.E,NYS2010.E-TO,4584101,20,2026-07-13 00:00:00,2026-07-29 00:00:00,,8,0,TO,        AUBA,NYS2010.E,8000,0,KG,2026-07-29 00:00:00
AUBA,NYS2202,NYS2202.E,NYS2202.E,4582816,20,2026-06-16 00:00:00,2026-08-12 00:00:00,,10000,0,KG,        AUBA,ACDILUE.E,8,0,KG,2026-08-12 00:00:00
AUBA,NYS2202,NYS2202.E,NYS2202.E,4582816,20,2026-06-16 00:00:00,2026-08-12 00:00:00,,10000,0,KG,        AUBA,BRIJO20.E,700,0,KG,2026-08-12 00:00:00
AUBA,NYS2202,NYS2202.E,NYS2202.E,4582816,20,2026-06-16 00:00:00,2026-08-12 00:00:00,,10000,0,KG,        AUBA,CARN3.E,3600,0,KG,2026-08-12 00:00:00
AUBA,NYS2202,NYS2202.E,NYS2202.E,4582816,20,2026-06-16 00:00:00,2026-08-12 00:00:00,,10000,0,KG,        AUBA,KOH50.E,16,0,KG,2026-08-12 00:00:00
AUBA,NYS2202,NYS2202.E,NYS2202.E,4582816,20,2026-06-16 00:00:00,2026-08-12 00:00:00,,10000,0,KG,        AUBA,MERGAL10.E,40,0,KG,2026-08-12 00:00:00
AUBA,NYS2202,NYS2202.E,NYS2202.E,4582816,20,2026-06-16 00:00:00,2026-08-12 00:00:00,,10000,0,KG,        AUBA,SH2O.E,5636,0,KG,2026-08-12 00:00:00
AUBA,NYS2202,NYS2202.E,NYS2202.E-TO,4582817,20,2026-06-16 00:00:00,2026-08-13 00:00:00,,10,0,TO,        AUBA,1000TO.E,10,0,EA,2026-08-13 00:00:00
AUBA,NYS2202,NYS2202.E,NYS2202.E-TO,4582817,20,2026-06-16 00:00:00,2026-08-13 00:00:00,,10,0,TO,        AUBA,NYS2202.E,10000,0,KG,2026-08-13 00:00:00
CINC,PE931M,PE931M,PE931M,4584202,32,2026-07-14 00:00:00,2026-07-20 00:00:00,,500,0,LB,        CINC,AC316,132,0,LB,2026-07-17 00:00:00
CINC,PE931M,PE931M,PE931M,4584202,32,2026-07-14 00:00:00,2026-07-20 00:00:00,,500,0,LB,        CINC,DEEA50,11,0,LB,2026-07-17 00:00:00
CINC,PE931M,PE931M,PE931M,4584202,32,2026-07-14 00:00:00,2026-07-20 00:00:00,,500,0,LB,        CINC,NEO2512,40,0,LB,2026-07-17 00:00:00
CINC,PE931M,PE931M,PE931M,4584202,32,2026-07-14 00:00:00,2026-07-20 00:00:00,,500,0,LB,        CINC,PREBIT,2,0,LB,2026-07-17 00:00:00
CINC,PE931M,PE931M,PE931M,4584202,32,2026-07-14 00:00:00,2026-07-20 00:00:00,,500,0,LB,        CINC,SH2O,299,0,LB,2026-07-17 00:00:00
CINC,PE931M,PE931M,PE931M,4584202,32,2026-07-14 00:00:00,2026-07-20 00:00:00,,500,0,LB,        CINC,SH2OF,15,0,LB,2026-07-17 00:00:00
CINC,PE931M,PE931M,PE931M,4584202,32,2026-07-14 00:00:00,2026-07-20 00:00:00,,500,0,LB,        CINC,SODMET,1,0,LB,2026-07-17 00:00:00
CINC,PE931M,PE931M,PE931M-PL,4584203,20,2026-07-14 00:00:00,2026-07-22 00:00:00,,6,0,PL,        CINC,GPL,6,0,EA,2026-07-22 00:00:00
CINC,PE931M,PE931M,PE931M-PL,4584203,20,2026-07-14 00:00:00,2026-07-22 00:00:00,,6,0,PL,        CINC,PE931M,240,0,LB,2026-07-22 00:00:00
AUBA,PH00001A,PH00001A.E,PH00001A.E,4584167,20,2026-07-14 00:00:00,2026-07-16 00:00:00,,5000,0,KG,        AUBA,MP4983R.E-TO,5000,0,KG,2026-07-16 00:00:00
AUBA,PH00001A,PH00001A.E,PH00001A.E,4584169,20,2026-07-14 00:00:00,2026-07-16 00:00:00,,2000,0,KG,        AUBA,MP4983R.E,2000,0,KG,2026-07-16 00:00:00
AUBA,PH00001A,PH00001A.E,PH00001A.E-PD,4584170,20,2026-07-14 00:00:00,2026-07-16 00:00:00,,10,0,DR,        AUBA,PD.E,10,0,EA,2026-07-16 00:00:00
AUBA,PH00001A,PH00001A.E,PH00001A.E-PD,4584170,20,2026-07-14 00:00:00,2026-07-16 00:00:00,,10,0,DR,        AUBA,PH00001A.E,2000,0,KG,2026-07-16 00:00:00
AUBA,PH00001A,PH00001A.E,PH00001A.E-TO,4584168,20,2026-07-14 00:00:00,2026-07-16 00:00:00,,5,0,TO,        AUBA,PH00001A.E,5000,0,KG,2026-07-16 00:00:00
CINC,PH00101E,PH00101E,PH00101E,4583945,35,2026-07-08 00:00:00,2026-07-25 00:00:00,,20750,0,LB,        CINC,MP34040,20750,0,LB,2026-07-24 00:00:00
CINC,PH00101E,PH00101E,PH00101E-OP,4584059,20,2026-07-10 00:00:00,2026-07-28 00:00:00,,6,0,DR,        CINC,OPNHDPOLY,6,0,EA,2026-07-28 00:00:00
CINC,PH00101E,PH00101E,PH00101E-OP,4584059,20,2026-07-10 00:00:00,2026-07-28 00:00:00,,6,0,DR,        CINC,PH00101E,2550,0,LB,2026-07-28 00:00:00
CINC,PH00101E,PH00101E,PH00101E-T3,4583946,20,2026-07-08 00:00:00,2026-07-28 00:00:00,,7,0,TO,        CINC,PH00101E,18200,0,LB,2026-07-28 00:00:00
CINC,PH00101E,PH00101E,PH00101E-T3,4583946,20,2026-07-08 00:00:00,2026-07-28 00:00:00,,7,0,TO,        CINC,TC330,7,0,EA,2026-07-28 00:00:00
AUBA,PH90102L,PH90102L.E,PH90102L.E,4581935,20,2026-05-29 00:00:00,2026-08-11 00:00:00,,950,0,KG,        AUBA,ML124P.E,950,0,KG,2026-08-11 00:00:00
AUBA,PH90102L,PH90102L.E,PH90102L.E-TO,4581936,20,2026-05-29 00:00:00,2026-08-11 00:00:00,,1,0,TO,        AUBA,PH90102L.E,950,0,KG,2026-08-11 00:00:00
CIN2,PITCH,PITCH,PITCH,4584213,90,2026-07-14 00:00:00,2026-07-23 00:00:00,,35000,0,LB,        CIN2,SOFTAK126,0,9386,LB,2026-07-14 00:00:00
CIN2,PK263,PK263,PK263,4584204,20,2026-07-14 00:00:00,2026-07-22 00:00:00,,40500,0,LB,        CIN2,15S40,304,0,LB,2026-07-21 00:00:00
CIN2,PK263,PK263,PK263,4584204,20,2026-07-14 00:00:00,2026-07-22 00:00:00,,40500,0,LB,        CIN2,ACTMV,101,0,LB,2026-07-21 00:00:00
CIN2,PK263,PK263,PK263,4584204,20,2026-07-14 00:00:00,2026-07-22 00:00:00,,40500,0,LB,        CIN2,AP75N,122,0,LB,2026-07-21 00:00:00
CIN2,PK263,PK263,PK263,4584204,20,2026-07-14 00:00:00,2026-07-22 00:00:00,,40500,0,LB,        CIN2,DF215,122,0,LB,2026-07-21 00:00:00
CIN2,PK263,PK263,PK263,4584204,20,2026-07-14 00:00:00,2026-07-22 00:00:00,,40500,0,LB,        CIN2,JON2177,20048,0,LB,2026-07-21 00:00:00
CIN2,PK263,PK263,PK263,4584204,20,2026-07-14 00:00:00,2026-07-22 00:00:00,,40500,0,LB,        CIN2,JONZNO,1021,0,LB,2026-07-21 00:00:00
CIN2,PK263,PK263,PK263,4584204,20,2026-07-14 00:00:00,2026-07-22 00:00:00,,40500,0,LB,        CIN2,MASILEM,810,0,LB,2026-07-21 00:00:00
CIN2,PK263,PK263,PK263,4584204,20,2026-07-14 00:00:00,2026-07-22 00:00:00,,40500,0,LB,        CIN2,ML693K,11745,0,LB,2026-07-21 00:00:00
CIN2,PK263,PK263,PK263,4584204,20,2026-07-14 00:00:00,2026-07-22 00:00:00,,40500,0,LB,        CIN2,SH2O,5419,0,LB,2026-07-21 00:00:00
CIN2,PK263,PK263,PK263,4584204,20,2026-07-14 00:00:00,2026-07-22 00:00:00,,40500,0,LB,        CIN2,SH2OF,810,0,LB,2026-07-21 00:00:00
CIN2,PK263,PK263,PK263-T3,4584205,20,2026-07-14 00:00:00,2026-07-24 00:00:00,,15,0,TO,        CIN2,PK263,40500,0,LB,2026-07-24 00:00:00
CIN2,PK263,PK263,PK263-T3,4584205,20,2026-07-14 00:00:00,2026-07-24 00:00:00,,15,0,TO,        CIN2,TC330,15,0,EA,2026-07-24 00:00:00
CIN2,PK265AP,PK265AP,PK265AP,4584142,20,2026-07-13 00:00:00,2026-07-20 00:00:00,,43200,0,LB,        CIN2,ACTMV,108,0,LB,2026-07-17 00:00:00
CIN2,PK265AP,PK265AP,PK265AP,4584142,20,2026-07-13 00:00:00,2026-07-20 00:00:00,,43200,0,LB,        CIN2,AP75N,238,0,LB,2026-07-17 00:00:00
CIN2,PK265AP,PK265AP,PK265AP,4584142,20,2026-07-13 00:00:00,2026-07-20 00:00:00,,43200,0,LB,        CIN2,FMX812,56,0,LB,2026-07-17 00:00:00
CIN2,PK265AP,PK265AP,PK265AP,4584142,20,2026-07-13 00:00:00,2026-07-20 00:00:00,,43200,0,LB,        CIN2,FMXN,56,0,LB,2026-07-17 00:00:00
CIN2,PK265AP,PK265AP,PK265AP,4584142,20,2026-07-13 00:00:00,2026-07-20 00:00:00,,43200,0,LB,        CIN2,JON2177,23587,0,LB,2026-07-17 00:00:00
CIN2,PK265AP,PK265AP,PK265AP,4584142,20,2026-07-13 00:00:00,2026-07-20 00:00:00,,43200,0,LB,        CIN2,MASILEM,324,0,LB,2026-07-17 00:00:00
CIN2,PK265AP,PK265AP,PK265AP,4584142,20,2026-07-13 00:00:00,2026-07-20 00:00:00,,43200,0,LB,        CIN2,ME51530K,15552,0,LB,2026-07-17 00:00:00
CIN2,PK265AP,PK265AP,PK265AP,4584142,20,2026-07-13 00:00:00,2026-07-20 00:00:00,,43200,0,LB,        CIN2,SH2O,3279,0,LB,2026-07-17 00:00:00
CIN2,PK265AP,PK265AP,PK265AP-T3,4583873,20,2026-07-07 00:00:00,2026-07-16 00:00:00,,25,0,TO,        CIN2,PK265AP,67500,0,LB,2026-07-16 00:00:00
CIN2,PK265AP,PK265AP,PK265AP-T3,4583873,20,2026-07-07 00:00:00,2026-07-16 00:00:00,,25,0,TO,        CIN2,TC330,25,0,EA,2026-07-16 00:00:00
CIN2,PK265AP,PK265AP,PK265AP-T3,4584143,20,2026-07-13 00:00:00,2026-07-21 00:00:00,,16,0,TO,        CIN2,PK265AP,43200,0,LB,2026-07-21 00:00:00
CIN2,PK265AP,PK265AP,PK265AP-T3,4584143,20,2026-07-13 00:00:00,2026-07-21 00:00:00,,16,0,TO,        CIN2,TC330,16,0,EA,2026-07-21 00:00:00
CIN2,PK265D,PK265D,PK265D,4584060,32,2026-07-10 00:00:00,2026-07-16 00:00:00,,35500,0,LB,        CIN2,ACTMV,89,0,LB,2026-07-15 00:00:00
CIN2,PK265D,PK265D,PK265D,4584060,32,2026-07-10 00:00:00,2026-07-16 00:00:00,,35500,0,LB,        CIN2,FMX812,46,0,LB,2026-07-15 00:00:00
CIN2,PK265D,PK265D,PK265D,4584060,32,2026-07-10 00:00:00,2026-07-16 00:00:00,,35500,0,LB,        CIN2,FMXN,46,0,LB,2026-07-15 00:00:00
CIN2,PK265D,PK265D,PK265D,4584060,32,2026-07-10 00:00:00,2026-07-16 00:00:00,,35500,0,LB,        CIN2,JON2177,19383,0,LB,2026-07-15 00:00:00
CIN2,PK265D,PK265D,PK265D,4584060,32,2026-07-10 00:00:00,2026-07-16 00:00:00,,35500,0,LB,        CIN2,MASILEM,266,0,LB,2026-07-15 00:00:00
CIN2,PK265D,PK265D,PK265D,4584060,32,2026-07-10 00:00:00,2026-07-16 00:00:00,,35500,0,LB,        CIN2,ME51530K,12780,0,LB,2026-07-16 00:00:00
CIN2,PK265D,PK265D,PK265D,4584060,32,2026-07-10 00:00:00,2026-07-16 00:00:00,,35500,0,LB,        CIN2,SH2O,2890,0,LB,2026-07-16 00:00:00
CIN2,PK265D,PK265D,PK265D-T3,4584061,20,2026-07-10 00:00:00,2026-07-17 00:00:00,,13,0,TO,        CIN2,PK265D,35100,0,LB,2026-07-17 00:00:00
CIN2,PK265D,PK265D,PK265D-T3,4584061,20,2026-07-10 00:00:00,2026-07-17 00:00:00,,13,0,TO,        CIN2,TC330,13,0,EA,2026-07-17 00:00:00
CIN2,PK521,PK521,PK521,4583683,32,2026-07-02 00:00:00,2026-07-16 00:00:00,,44000,0,LB,        CIN2,FMX812,110,0,LB,2026-07-15 00:00:00
CIN2,PK521,PK521,PK521,4583683,32,2026-07-02 00:00:00,2026-07-16 00:00:00,,44000,0,LB,        CIN2,FMXN,110,0,LB,2026-07-15 00:00:00
CIN2,PK521,PK521,PK521,4583683,32,2026-07-02 00:00:00,2026-07-16 00:00:00,,44000,0,LB,        CIN2,ME52137I,43340,0,LB,2026-07-15 00:00:00
CIN2,PK521,PK521,PK521,4583683,32,2026-07-02 00:00:00,2026-07-16 00:00:00,,44000,0,LB,        CIN2,SH2OF,440,0,LB,2026-07-15 00:00:00
CIN2,PK521,PK521,PK521,4583947,20,2026-07-08 00:00:00,2026-07-21 00:00:00,,44000,0,LB,        CIN2,FMX812,110,0,LB,2026-07-20 00:00:00
CIN2,PK521,PK521,PK521,4583947,20,2026-07-08 00:00:00,2026-07-21 00:00:00,,44000,0,LB,        CIN2,FMXN,110,0,LB,2026-07-20 00:00:00
CIN2,PK521,PK521,PK521,4583947,20,2026-07-08 00:00:00,2026-07-21 00:00:00,,44000,0,LB,        CIN2,ME52137I,43340,0,LB,2026-07-20 00:00:00
CIN2,PK521,PK521,PK521,4583947,20,2026-07-08 00:00:00,2026-07-21 00:00:00,,44000,0,LB,        CIN2,SH2OF,440,0,LB,2026-07-20 00:00:00
CIN2,PK521,PK521,PK521-T3,4583684,20,2026-07-02 00:00:00,2026-07-17 00:00:00,,16,0,TO,        CIN2,PK521,43200,0,LB,2026-07-17 00:00:00
CIN2,PK521,PK521,PK521-T3,4583684,20,2026-07-02 00:00:00,2026-07-17 00:00:00,,16,0,TO,        CIN2,TC330,16,0,EA,2026-07-17 00:00:00
CIN2,PK521,PK521,PK521-T3,4583949,20,2026-07-08 00:00:00,2026-07-22 00:00:00,,16,0,TO,        CIN2,PK521,43200,0,LB,2026-07-22 00:00:00
CIN2,PK521,PK521,PK521-T3,4583949,20,2026-07-08 00:00:00,2026-07-22 00:00:00,,16,0,TO,        CIN2,TC330,16,0,EA,2026-07-22 00:00:00
SING,PP05S,PP05S.S,PP05S.S-OP,4583977,35,2026-07-09 00:00:00,2026-07-14 00:00:00,,5,0,DR,        SING,OPNHDPOLY.S,5,0,EA,2026-07-10 00:00:00
SING,PP05S,PP05S.S,PP05S.S-OP,4583977,35,2026-07-09 00:00:00,2026-07-14 00:00:00,,5,0,DR,        SING,PP05S.S,1000,0,KG,2026-07-14 00:00:00
SING,PP05S,PP05S.S,PP05S.S-OP,4583979,35,2026-07-09 00:00:00,2026-07-14 00:00:00,,40,0,DR,        SING,OPNHDPOLY.S,40,0,EA,2026-07-10 00:00:00
SING,PP05S,PP05S.S,PP05S.S-OP,4583979,35,2026-07-09 00:00:00,2026-07-14 00:00:00,,40,0,DR,        SING,PP05S.S,8000,0,KG,2026-07-14 00:00:00
SING,PP05S,PP05S.S,PP05S.S-OP,4584151,35,2026-07-14 00:00:00,2026-07-15 00:00:00,,5,0,DR,        SING,OPNHDPOLY.S,5,0,EA,2026-07-13 00:00:00
SING,PP05S,PP05S.S,PP05S.S-OP,4584151,35,2026-07-14 00:00:00,2026-07-15 00:00:00,,5,0,DR,        SING,PP05S.S,1000,0,KG,2026-07-15 00:00:00
CINC,PP201,PP201,PP201,4582909,90,2026-06-17 00:00:00,2026-07-27 00:00:00,,44000,0,LB,        CINC,AC950,13332,0,LB,2026-07-24 00:00:00
CINC,PP201,PP201,PP201,4582909,90,2026-06-17 00:00:00,2026-07-27 00:00:00,,44000,0,LB,        CINC,DIH2O,19509,19505,LB,2026-07-24 00:00:00
CINC,PP201,PP201,PP201,4582909,90,2026-06-17 00:00:00,2026-07-27 00:00:00,,44000,0,LB,        CINC,DIH2OF,1797,880,LB,2026-07-24 00:00:00
CINC,PP201,PP201,PP201,4582909,90,2026-06-17 00:00:00,2026-07-27 00:00:00,,44000,0,LB,        CINC,DMEA45,5222,0,LB,2026-07-24 00:00:00
CINC,PP201,PP201,PP201,4582909,90,2026-06-17 00:00:00,2026-07-27 00:00:00,,44000,0,LB,        CINC,NEO259,4048,4050,LB,2026-07-24 00:00:00
CINC,PP201,PP201,PP201,4582909,90,2026-06-17 00:00:00,2026-07-27 00:00:00,,44000,0,LB,        CINC,PREBIT,4,0,LB,2026-07-24 00:00:00
CINC,PP201,PP201,PP201,4582909,90,2026-06-17 00:00:00,2026-07-27 00:00:00,,44000,0,LB,        CINC,SODMET,88,0,LB,2026-07-24 00:00:00
CINC,PP201,PP201,PP201,4584062,20,2026-07-10 00:00:00,2026-08-04 00:00:00,,44000,0,LB,        CINC,AC950,13332,0,LB,2026-08-03 00:00:00
CINC,PP201,PP201,PP201,4584062,20,2026-07-10 00:00:00,2026-08-04 00:00:00,,44000,0,LB,        CINC,DIH2O,19509,0,LB,2026-08-03 00:00:00
CINC,PP201,PP201,PP201,4584062,20,2026-07-10 00:00:00,2026-08-04 00:00:00,,44000,0,LB,        CINC,DIH2OF,1797,0,LB,2026-08-03 00:00:00
CINC,PP201,PP201,PP201,4584062,20,2026-07-10 00:00:00,2026-08-04 00:00:00,,44000,0,LB,        CINC,DMEA45,5222,0,LB,2026-08-03 00:00:00
CINC,PP201,PP201,PP201,4584062,20,2026-07-10 00:00:00,2026-08-04 00:00:00,,44000,0,LB,        CINC,NEO259,4048,0,LB,2026-08-03 00:00:00
CINC,PP201,PP201,PP201,4584062,20,2026-07-10 00:00:00,2026-08-04 00:00:00,,44000,0,LB,        CINC,PREBIT,4,0,LB,2026-08-03 00:00:00
CINC,PP201,PP201,PP201,4584062,20,2026-07-10 00:00:00,2026-08-04 00:00:00,,44000,0,LB,        CINC,SODMET,88,0,LB,2026-08-03 00:00:00
CINC,PP201,PP201,PP201-OP,4582911,20,2026-06-17 00:00:00,2026-07-29 00:00:00,,97,0,DR,        CINC,OPNHDPOLY,97,0,EA,2026-07-29 00:00:00
CINC,PP201,PP201,PP201-OP,4582911,20,2026-06-17 00:00:00,2026-07-29 00:00:00,,97,0,DR,        CINC,PP201,43650,0,LB,2026-07-29 00:00:00
CINC,PP201,PP201,PP201-OP,4584063,20,2026-07-10 00:00:00,2026-08-10 00:00:00,,97,0,DR,        CINC,OPNHDPOLY,97,0,EA,2026-08-10 00:00:00
CINC,PP201,PP201,PP201-OP,4584063,20,2026-07-10 00:00:00,2026-08-10 00:00:00,,97,0,DR,        CINC,PP201,43650,0,LB,2026-08-10 00:00:00
AUBA,PP201,PP201.E,PP201.E,4583711,90,2026-07-03 00:00:00,2026-07-14 00:00:00,,18000,0,KG,        AUBA,AC950.E,5454,5454,KG,2026-07-13 00:00:00
AUBA,PP201,PP201.E,PP201.E,4583711,90,2026-07-03 00:00:00,2026-07-14 00:00:00,,18000,0,KG,        AUBA,DIH2O.E,9878,9106,KG,2026-07-13 00:00:00
AUBA,PP201,PP201.E,PP201.E,4583711,90,2026-07-03 00:00:00,2026-07-14 00:00:00,,18000,0,KG,        AUBA,DMEA.E,972,0,KG,2026-07-13 00:00:00
AUBA,PP201,PP201.E,PP201.E,4583711,90,2026-07-03 00:00:00,2026-07-14 00:00:00,,18000,0,KG,        AUBA,NEO259.E,1656,1659,KG,2026-07-13 00:00:00
AUBA,PP201,PP201.E,PP201.E,4583711,90,2026-07-03 00:00:00,2026-07-14 00:00:00,,18000,0,KG,        AUBA,PROXELDILUE.E,4,0,KG,2026-07-13 00:00:00
AUBA,PP201,PP201.E,PP201.E,4583711,90,2026-07-03 00:00:00,2026-07-14 00:00:00,,18000,0,KG,        AUBA,SODMET.E,36,36,KG,2026-07-13 00:00:00
CINC,PPGTPO,PPGTPO,PPGTPO,4584021,32,2026-07-09 00:00:00,2026-07-20 00:00:00,,8700,0,LB,        CINC,1ADIH2O,7602,0,LB,2026-07-17 00:00:00
CINC,PPGTPO,PPGTPO,PPGTPO,4584021,32,2026-07-09 00:00:00,2026-07-20 00:00:00,,8700,0,LB,        CINC,BYK333,44,0,LB,2026-07-17 00:00:00
CINC,PPGTPO,PPGTPO,PPGTPO,4584021,32,2026-07-09 00:00:00,2026-07-20 00:00:00,,8700,0,LB,        CINC,KATHONLX,10,0,LB,2026-07-17 00:00:00
CINC,PPGTPO,PPGTPO,PPGTPO,4584021,32,2026-07-09 00:00:00,2026-07-20 00:00:00,,8700,0,LB,        CINC,SELV203,1044,0,LB,2026-07-17 00:00:00
CINC,PPGTPO,PPGTPO,PPGTPO-OP,4584022,20,2026-07-09 00:00:00,2026-07-24 00:00:00,,19,0,DR,        CINC,OPNHDPOLY,19,0,EA,2026-07-24 00:00:00
CINC,PPGTPO,PPGTPO,PPGTPO-OP,4584022,20,2026-07-09 00:00:00,2026-07-24 00:00:00,,19,0,DR,        CINC,PPGTPO,8550,0,LB,2026-07-24 00:00:00
AUBA,PROXELDILUE,PROXELDILUE.E,PROXELDILUE.E,4584154,20,2026-07-14 00:00:00,2026-07-23 00:00:00,,1000,0,KG,        AUBA,PROXELPUR.E,500,0,KG,2026-07-22 00:00:00
AUBA,PROXELDILUE,PROXELDILUE.E,PROXELDILUE.E,4584154,20,2026-07-14 00:00:00,2026-07-23 00:00:00,,1000,0,KG,        AUBA,SH2O.E,500,0,KG,2026-07-22 00:00:00
CIN2,PRX20097,PRX20097,PRX20097-SS,4584184,35,2026-07-14 00:00:00,2026-07-15 00:00:00,,5,0,SS,        CIN2,PRX20097,11023,0,LB,2026-07-15 00:00:00
CIN2,RB105,RB105,RB105,4584064,32,2026-07-10 00:00:00,2026-07-15 00:00:00,,13000,0,LB,        CIN2,LEUCOT100,65,0,LB,2026-07-14 00:00:00
CIN2,RB105,RB105,RB105,4584064,32,2026-07-10 00:00:00,2026-07-15 00:00:00,,13000,0,LB,        CIN2,SH2O,6201,0,LB,2026-07-14 00:00:00
CIN2,RB105,RB105,RB105,4584064,32,2026-07-10 00:00:00,2026-07-15 00:00:00,,13000,0,LB,        CIN2,SH2OF,260,0,LB,2026-07-14 00:00:00
CIN2,RB105,RB105,RB105,4584064,32,2026-07-10 00:00:00,2026-07-15 00:00:00,,13000,0,LB,        CIN2,SODBEN,3231,0,LB,2026-07-14 00:00:00
CIN2,RB105,RB105,RB105,4584064,32,2026-07-10 00:00:00,2026-07-15 00:00:00,,13000,0,LB,        CIN2,SU420,13,0,LB,2026-07-14 00:00:00
CIN2,RB105,RB105,RB105,4584064,32,2026-07-10 00:00:00,2026-07-15 00:00:00,,13000,0,LB,        CIN2,UREA,3231,0,LB,2026-07-14 00:00:00
CIN2,RB105,RB105,RB105-FD,4584065,20,2026-07-10 00:00:00,2026-07-16 00:00:00,,4,0,DR,        CIN2,FD,4,0,EA,2026-07-16 00:00:00
CIN2,RB105,RB105,RB105-FD,4584065,20,2026-07-10 00:00:00,2026-07-16 00:00:00,,4,0,DR,        CIN2,RB105,2000,0,LB,2026-07-16 00:00:00
CIN2,RB105,RB105,RB105-T3,4584066,20,2026-07-10 00:00:00,2026-07-16 00:00:00,,4,0,TO,        CIN2,RB105,10800,0,LB,2026-07-16 00:00:00
CIN2,RB105,RB105,RB105-T3,4584066,20,2026-07-10 00:00:00,2026-07-16 00:00:00,,4,0,TO,        CIN2,TC330,4,0,EA,2026-07-16 00:00:00
CIN2,RC39AFG,RC39AFG,RC39AFG-OP,4584024,20,2026-07-09 00:00:00,2026-07-15 00:00:00,,24,0,DR,        CIN2,OPNHDPOLY,24,0,EA,2026-07-15 00:00:00
CIN2,RC39AFG,RC39AFG,RC39AFG-OP,4584024,20,2026-07-09 00:00:00,2026-07-15 00:00:00,,24,0,DR,        CIN2,RC39AFG,10200,0,LB,2026-07-15 00:00:00
CINC,RC39RXT,RC39RXT,RC39RXT,4583513,32,2026-06-30 00:00:00,2026-07-27 00:00:00,,42000,0,LB,        CINC,141PARL,7930,0,LB,2026-07-24 00:00:00
CINC,RC39RXT,RC39RXT,RC39RXT,4583513,32,2026-06-30 00:00:00,2026-07-27 00:00:00,,42000,0,LB,        CINC,E14,5284,0,LB,2026-07-24 00:00:00
CINC,RC39RXT,RC39RXT,RC39RXT,4583513,32,2026-06-30 00:00:00,2026-07-27 00:00:00,,42000,0,LB,        CINC,EM221,2911,0,LB,2026-07-24 00:00:00
CINC,RC39RXT,RC39RXT,RC39RXT,4583513,32,2026-06-30 00:00:00,2026-07-27 00:00:00,,42000,0,LB,        CINC,KOH45,1541,0,LB,2026-07-24 00:00:00
CINC,RC39RXT,RC39RXT,RC39RXT,4583513,32,2026-06-30 00:00:00,2026-07-27 00:00:00,,42000,0,LB,        CINC,SH2O,7451,0,LB,2026-07-24 00:00:00
CINC,RC39RXT,RC39RXT,RC39RXT,4583513,32,2026-06-30 00:00:00,2026-07-27 00:00:00,,42000,0,LB,        CINC,SH2OF,630,0,LB,2026-07-24 00:00:00
CINC,RC39RXT,RC39RXT,RC39RXT,4583513,32,2026-06-30 00:00:00,2026-07-27 00:00:00,,42000,0,LB,        CINC,SH2ORT,16254,0,LB,2026-07-24 00:00:00
CIN2,RCPLUSFG,RCPLUSFG,RCPLUSFG,4584025,20,2026-07-09 00:00:00,2026-07-22 00:00:00,,11500,0,LB,        CIN2,FDCGN,92,0,LB,2026-07-22 00:00:00
CIN2,RCPLUSFG,RCPLUSFG,RCPLUSFG,4584025,20,2026-07-09 00:00:00,2026-07-22 00:00:00,,11500,0,LB,        CIN2,GLUT50,6,0,LB,2026-07-22 00:00:00
CIN2,RCPLUSFG,RCPLUSFG,RCPLUSFG,4584025,20,2026-07-09 00:00:00,2026-07-22 00:00:00,,11500,0,LB,        CIN2,ML693,5868,0,LB,2026-07-22 00:00:00
CIN2,RCPLUSFG,RCPLUSFG,RCPLUSFG,4584025,20,2026-07-09 00:00:00,2026-07-22 00:00:00,,11500,0,LB,        CIN2,PREBIT,3,0,LB,2026-07-22 00:00:00
CIN2,RCPLUSFG,RCPLUSFG,RCPLUSFG,4584025,20,2026-07-09 00:00:00,2026-07-22 00:00:00,,11500,0,LB,        CIN2,SH2OF,5532,0,LB,2026-07-22 00:00:00
CIN2,RCPLUSFG,RCPLUSFG,RCPLUSFG-OP,4584026,20,2026-07-09 00:00:00,2026-07-23 00:00:00,,24,0,DR,        CIN2,OPNHDPOLY,24,0,EA,2026-07-23 00:00:00
CIN2,RCPLUSFG,RCPLUSFG,RCPLUSFG-OP,4584026,20,2026-07-09 00:00:00,2026-07-23 00:00:00,,24,0,DR,        CIN2,RCPLUSFG,10800,0,LB,2026-07-23 00:00:00
CIN2,RCPLUSFR,RCPLUSFR,RCPLUSFR,4583952,20,2026-07-08 00:00:00,2026-07-20 00:00:00,,33000,0,LB,        CIN2,FDCRED,162,0,LB,2026-07-20 00:00:00
CIN2,RCPLUSFR,RCPLUSFR,RCPLUSFR,4583952,20,2026-07-08 00:00:00,2026-07-20 00:00:00,,33000,0,LB,        CIN2,GLUT50,17,0,LB,2026-07-20 00:00:00
CIN2,RCPLUSFR,RCPLUSFR,RCPLUSFR,4583952,20,2026-07-08 00:00:00,2026-07-20 00:00:00,,33000,0,LB,        CIN2,ML693,16842,0,LB,2026-07-20 00:00:00
CIN2,RCPLUSFR,RCPLUSFR,RCPLUSFR,4583952,20,2026-07-08 00:00:00,2026-07-20 00:00:00,,33000,0,LB,        CIN2,PREBIT,8,0,LB,2026-07-20 00:00:00
CIN2,RCPLUSFR,RCPLUSFR,RCPLUSFR,4583952,20,2026-07-08 00:00:00,2026-07-20 00:00:00,,33000,0,LB,        CIN2,SH2OF,15972,0,LB,2026-07-20 00:00:00
CIN2,RCPLUSFR,RCPLUSFR,RCPLUSFR-OP,4583953,20,2026-07-08 00:00:00,2026-07-22 00:00:00,,72,0,DR,        CIN2,OPNHDPOLY,72,0,EA,2026-07-22 00:00:00
CIN2,RCPLUSFR,RCPLUSFR,RCPLUSFR-OP,4583953,20,2026-07-08 00:00:00,2026-07-22 00:00:00,,72,0,DR,        CIN2,RCPLUSFR,32400,0,LB,2026-07-22 00:00:00
CINC,RHOB320,RHOB320,RHOB320,4583340,32,2026-06-26 00:00:00,2026-07-17 00:00:00,,40300,0,LB,        CINC,DEUREXA20,173,0,LB,2026-07-16 00:00:00
CINC,RHOB320,RHOB320,RHOB320,4583340,32,2026-06-26 00:00:00,2026-07-17 00:00:00,,40300,0,LB,        CINC,DIH2O,18977,0,LB,2026-07-16 00:00:00
CINC,RHOB320,RHOB320,RHOB320,4583340,32,2026-06-26 00:00:00,2026-07-17 00:00:00,,40300,0,LB,        CINC,DMD5980I,4284,0,LB,2026-07-16 00:00:00
CINC,RHOB320,RHOB320,RHOB320,4583340,32,2026-06-26 00:00:00,2026-07-17 00:00:00,,40300,0,LB,        CINC,DMEA45,4191,0,LB,2026-07-16 00:00:00
CINC,RHOB320,RHOB320,RHOB320,4583340,32,2026-06-26 00:00:00,2026-07-17 00:00:00,,40300,0,LB,        CINC,EG8401,7879,0,LB,2026-07-16 00:00:00
CINC,RHOB320,RHOB320,RHOB320,4583340,32,2026-06-26 00:00:00,2026-07-17 00:00:00,,40300,0,LB,        CINC,EL2103,3083,0,LB,2026-07-16 00:00:00
CINC,RHOB320,RHOB320,RHOB320,4583340,32,2026-06-26 00:00:00,2026-07-17 00:00:00,,40300,0,LB,        CINC,LICO431,1713,0,LB,2026-07-16 00:00:00
CINC,RHOB320,RHOB320,RHOB320-T2,4583341,20,2026-06-26 00:00:00,2026-07-20 00:00:00,,19,0,TO,        CINC,RHOB320,39786,0,LB,2026-07-20 00:00:00
CINC,RHOB320,RHOB320,RHOB320-T2,4583341,20,2026-06-26 00:00:00,2026-07-20 00:00:00,,19,0,TO,        CINC,TC275,19,0,EA,2026-07-20 00:00:00
CINC,SDP500,SDP500,SDP500,4584144,32,2026-07-13 00:00:00,2026-07-24 00:00:00,,35000,0,LB,        CINC,ME52137I,35000,0,LB,2026-07-23 00:00:00
CIN2,ST130,ST130,ST130,4583821,20,2026-07-06 00:00:00,2026-07-22 00:00:00,,25000,0,LB,        CIN2,ACTMV,63,0,LB,2026-07-21 00:00:00
CIN2,ST130,ST130,ST130,4583821,20,2026-07-06 00:00:00,2026-07-22 00:00:00,,25000,0,LB,        CIN2,AMMONIA19,150,0,LB,2026-07-21 00:00:00
CIN2,ST130,ST130,ST130,4583821,20,2026-07-06 00:00:00,2026-07-22 00:00:00,,25000,0,LB,        CIN2,DF215,250,0,LB,2026-07-21 00:00:00
CIN2,ST130,ST130,ST130,4583821,20,2026-07-06 00:00:00,2026-07-22 00:00:00,,25000,0,LB,        CIN2,HDXP,2723,0,LB,2026-07-21 00:00:00
CIN2,ST130,ST130,ST130,4583821,20,2026-07-06 00:00:00,2026-07-22 00:00:00,,25000,0,LB,        CIN2,HV30,313,0,LB,2026-07-21 00:00:00
CIN2,ST130,ST130,ST130,4583821,20,2026-07-06 00:00:00,2026-07-22 00:00:00,,25000,0,LB,        CIN2,HYV95,14845,0,LB,2026-07-21 00:00:00
CIN2,ST130,ST130,ST130,4583821,20,2026-07-06 00:00:00,2026-07-22 00:00:00,,25000,0,LB,        CIN2,SH2O,6658,0,LB,2026-07-22 00:00:00
CIN2,ST130,ST130,ST130-T3,4583822,20,2026-07-06 00:00:00,2026-07-23 00:00:00,,9,0,TO,        CIN2,ST130,24300,0,LB,2026-07-23 00:00:00
CIN2,ST130,ST130,ST130-T3,4583822,20,2026-07-06 00:00:00,2026-07-23 00:00:00,,9,0,TO,        CIN2,TC330,9,0,EA,2026-07-23 00:00:00
CIN2,ST201,ST201,ST201-FD,4583824,35,2026-07-06 00:00:00,2026-07-14 00:00:00,,22,0,DR,        CIN2,FD,22,0,EA,2026-07-14 00:00:00
CIN2,ST201,ST201,ST201-FD,4583824,35,2026-07-06 00:00:00,2026-07-14 00:00:00,,22,0,DR,        CIN2,ST201,11000,0,LB,2026-07-14 00:00:00
AUBA,ST2637,ST2637.E,ST2637.E,4583473,35,2026-06-30 00:00:00,2026-07-15 00:00:00,,16500,0,KG,        AUBA,AQAMMONIA.E,135,0,KG,2026-07-15 00:00:00
AUBA,ST2637,ST2637.E,ST2637.E,4583473,35,2026-06-30 00:00:00,2026-07-15 00:00:00,,16500,0,KG,        AUBA,CAPIMP.E,2888,0,KG,2026-07-15 00:00:00
AUBA,ST2637,ST2637.E,ST2637.E,4583473,35,2026-06-30 00:00:00,2026-07-15 00:00:00,,16500,0,KG,        AUBA,D517.E,9570,0,KG,2026-07-15 00:00:00
AUBA,ST2637,ST2637.E,ST2637.E,4583473,35,2026-06-30 00:00:00,2026-07-15 00:00:00,,16500,0,KG,        AUBA,EXP031WU.E,1320,0,KG,2026-07-15 00:00:00
AUBA,ST2637,ST2637.E,ST2637.E,4583473,35,2026-06-30 00:00:00,2026-07-15 00:00:00,,16500,0,KG,        AUBA,RHE35.E,198,0,KG,2026-07-15 00:00:00
AUBA,ST2637,ST2637.E,ST2637.E,4583473,35,2026-06-30 00:00:00,2026-07-15 00:00:00,,16500,0,KG,        AUBA,SH2O.E,2356,0,KG,2026-07-15 00:00:00
AUBA,ST2637,ST2637.E,ST2637.E,4583473,35,2026-06-30 00:00:00,2026-07-15 00:00:00,,16500,0,KG,        AUBA,TEGO825.E,33,0,KG,2026-07-15 00:00:00
AUBA,ST2637,ST2637.E,ST2637.E-PD,4583474,20,2026-06-30 00:00:00,2026-07-16 00:00:00,,80,0,DR,        AUBA,PD.E,80,0,EA,2026-07-16 00:00:00
AUBA,ST2637,ST2637.E,ST2637.E-PD,4583474,20,2026-06-30 00:00:00,2026-07-16 00:00:00,,80,0,DR,        AUBA,ST2637.E,16000,0,KG,2026-07-16 00:00:00
CIN2,ST285,ST285,ST285,4583874,20,2026-07-07 00:00:00,2026-07-27 00:00:00,,26400,0,LB,        CIN2,3010E50,58,0,LB,2026-07-27 00:00:00
CIN2,ST285,ST285,ST285,4583874,20,2026-07-07 00:00:00,2026-07-27 00:00:00,,26400,0,LB,        CIN2,ACTMV,66,0,LB,2026-07-24 00:00:00
CIN2,ST285,ST285,ST285,4583874,20,2026-07-07 00:00:00,2026-07-27 00:00:00,,26400,0,LB,        CIN2,AMMONIA19,174,0,LB,2026-07-24 00:00:00
CIN2,ST285,ST285,ST285,4583874,20,2026-07-07 00:00:00,2026-07-27 00:00:00,,26400,0,LB,        CIN2,HDXP,2643,0,LB,2026-07-24 00:00:00
CIN2,ST285,ST285,ST285,4583874,20,2026-07-07 00:00:00,2026-07-27 00:00:00,,26400,0,LB,        CIN2,HYV95,591,0,LB,2026-07-24 00:00:00
CIN2,ST285,ST285,ST285,4583874,20,2026-07-07 00:00:00,2026-07-27 00:00:00,,26400,0,LB,        CIN2,PREBIT,40,0,LB,2026-07-24 00:00:00
CIN2,ST285,ST285,ST285,4583874,20,2026-07-07 00:00:00,2026-07-27 00:00:00,,26400,0,LB,        CIN2,RHE93,169,0,LB,2026-07-24 00:00:00
CIN2,ST285,ST285,ST285,4583874,20,2026-07-07 00:00:00,2026-07-27 00:00:00,,26400,0,LB,        CIN2,ROV4009,14845,0,LB,2026-07-24 00:00:00
CIN2,ST285,ST285,ST285,4583874,20,2026-07-07 00:00:00,2026-07-27 00:00:00,,26400,0,LB,        CIN2,SH2O,6017,0,LB,2026-07-27 00:00:00
CIN2,ST285,ST285,ST285,4583874,20,2026-07-07 00:00:00,2026-07-27 00:00:00,,26400,0,LB,        CIN2,SH2OF,1769,0,LB,2026-07-27 00:00:00
CIN2,ST285,ST285,ST285,4583874,20,2026-07-07 00:00:00,2026-07-27 00:00:00,,26400,0,LB,        CIN2,T945,29,0,LB,2026-07-24 00:00:00
CIN2,ST285,ST285,ST285-T2,4583875,20,2026-07-07 00:00:00,2026-07-28 00:00:00,,12,0,TO,        CIN2,ST285,26400,0,LB,2026-07-28 00:00:00
CIN2,ST285,ST285,ST285-T2,4583875,20,2026-07-07 00:00:00,2026-07-28 00:00:00,,12,0,TO,        CIN2,TC275,12,0,EA,2026-07-28 00:00:00
AUBA,VAPCT2200,VAPCT2200.E,VAPCT2200.E,4583906,32,2026-07-08 00:00:00,2026-07-17 00:00:00,,9000,0,KG,        AUBA,AGITAN651.E,18,0,KG,2026-07-16 00:00:00
AUBA,VAPCT2200,VAPCT2200.E,VAPCT2200.E,4583906,32,2026-07-08 00:00:00,2026-07-17 00:00:00,,9000,0,KG,        AUBA,AMCARB.E,11,0,KG,2026-07-16 00:00:00
AUBA,VAPCT2200,VAPCT2200.E,VAPCT2200.E,4583906,32,2026-07-08 00:00:00,2026-07-17 00:00:00,,9000,0,KG,        AUBA,AQAMMONIA.E,10,0,KG,2026-07-16 00:00:00
AUBA,VAPCT2200,VAPCT2200.E,VAPCT2200.E,4583906,32,2026-07-08 00:00:00,2026-07-17 00:00:00,,9000,0,KG,        AUBA,ME36840A.E,3543,0,KG,2026-07-16 00:00:00
AUBA,VAPCT2200,VAPCT2200.E,VAPCT2200.E,4583906,32,2026-07-08 00:00:00,2026-07-17 00:00:00,,9000,0,KG,        AUBA,PROXELDILUE.E,18,0,KG,2026-07-16 00:00:00
AUBA,VAPCT2200,VAPCT2200.E,VAPCT2200.E,4583906,32,2026-07-08 00:00:00,2026-07-17 00:00:00,,9000,0,KG,        AUBA,SH2O.E,1008,0,KG,2026-07-16 00:00:00
AUBA,VAPCT2200,VAPCT2200.E,VAPCT2200.E,4583906,32,2026-07-08 00:00:00,2026-07-17 00:00:00,,9000,0,KG,        AUBA,TEX13820.E,4386,0,KG,2026-07-16 00:00:00
AUBA,VAPCT2200,VAPCT2200.E,VAPCT2200.E,4583906,32,2026-07-08 00:00:00,2026-07-17 00:00:00,,9000,0,KG,        AUBA,ZNOFC.E,6,0,KG,2026-07-16 00:00:00
AUBA,VAPCT2200,VAPCT2200.E,VAPCT2200.E-TO,4583907,20,2026-07-08 00:00:00,2026-07-17 00:00:00,,9,0,TO,        AUBA,1000TO.E,9,0,EA,2026-07-17 00:00:00
AUBA,VAPCT2200,VAPCT2200.E,VAPCT2200.E-TO,4583907,20,2026-07-08 00:00:00,2026-07-17 00:00:00,,9,0,TO,        AUBA,VAPCT2200.E,9000,0,KG,2026-07-17 00:00:00
CIN2,VAPCT501H,VAPCT501H,VAPCT501H,4583245,90,2026-06-24 00:00:00,2026-07-14 00:00:00,,43010,0,LB,        CIN2,ACTMV,108,0,LB,2026-07-13 00:00:00
CIN2,VAPCT501H,VAPCT501H,VAPCT501H,4583245,90,2026-06-24 00:00:00,2026-07-14 00:00:00,,43010,0,LB,        CIN2,BT2207,4000,3985,LB,2026-07-13 00:00:00
CIN2,VAPCT501H,VAPCT501H,VAPCT501H,4583245,90,2026-06-24 00:00:00,2026-07-14 00:00:00,,43010,0,LB,        CIN2,FC702,86,86,LB,2026-07-13 00:00:00
CIN2,VAPCT501H,VAPCT501H,VAPCT501H,4583245,90,2026-06-24 00:00:00,2026-07-14 00:00:00,,43010,0,LB,        CIN2,JONZNO,847,0,LB,2026-07-13 00:00:00
CIN2,VAPCT501H,VAPCT501H,VAPCT501H,4583245,90,2026-06-24 00:00:00,2026-07-14 00:00:00,,43010,0,LB,        CIN2,KAOWHTA,6667,0,LB,2026-07-13 00:00:00
CIN2,VAPCT501H,VAPCT501H,VAPCT501H,4583245,90,2026-06-24 00:00:00,2026-07-14 00:00:00,,43010,0,LB,        CIN2,RHE93,110,0,LB,2026-07-13 00:00:00
CIN2,VAPCT501H,VAPCT501H,VAPCT501H,4583245,90,2026-06-24 00:00:00,2026-07-14 00:00:00,,43010,0,LB,        CIN2,SH2OF,4139,1880,LB,2026-07-13 00:00:00
CIN2,VAPCT501H,VAPCT501H,VAPCT501H,4583245,90,2026-06-24 00:00:00,2026-07-14 00:00:00,,43010,0,LB,        CIN2,SMAX3LS,86,86,LB,2026-07-13 00:00:00
CIN2,VAPCT501H,VAPCT501H,VAPCT501H,4583245,90,2026-06-24 00:00:00,2026-07-14 00:00:00,,43010,0,LB,        CIN2,T1004,25871,25870,LB,2026-07-13 00:00:00
CIN2,VAPCT501H,VAPCT501H,VAPCT501H,4583245,90,2026-06-24 00:00:00,2026-07-14 00:00:00,,43010,0,LB,        CIN2,T945,34,34,LB,2026-07-13 00:00:00
CIN2,VAPCT501H,VAPCT501H,VAPCT501H,4583245,90,2026-06-24 00:00:00,2026-07-14 00:00:00,,43010,0,LB,        CIN2,VAPLB437,645,0,LB,2026-07-13 00:00:00
CIN2,VAPCT501H,VAPCT501H,VAPCT501H,4583423,32,2026-06-29 00:00:00,2026-07-17 00:00:00,,43010,0,LB,        CIN2,ACTMV,108,0,LB,2026-07-16 00:00:00
CIN2,VAPCT501H,VAPCT501H,VAPCT501H,4583423,32,2026-06-29 00:00:00,2026-07-17 00:00:00,,43010,0,LB,        CIN2,BT2207,4000,0,LB,2026-07-16 00:00:00
CIN2,VAPCT501H,VAPCT501H,VAPCT501H,4583423,32,2026-06-29 00:00:00,2026-07-17 00:00:00,,43010,0,LB,        CIN2,FC702,86,0,LB,2026-07-16 00:00:00
CIN2,VAPCT501H,VAPCT501H,VAPCT501H,4583423,32,2026-06-29 00:00:00,2026-07-17 00:00:00,,43010,0,LB,        CIN2,JONZNO,847,0,LB,2026-07-16 00:00:00
CIN2,VAPCT501H,VAPCT501H,VAPCT501H,4583423,32,2026-06-29 00:00:00,2026-07-17 00:00:00,,43010,0,LB,        CIN2,KAOWHTA,6667,0,LB,2026-07-16 00:00:00
CIN2,VAPCT501H,VAPCT501H,VAPCT501H,4583423,32,2026-06-29 00:00:00,2026-07-17 00:00:00,,43010,0,LB,        CIN2,RHE93,110,0,LB,2026-07-16 00:00:00
CIN2,VAPCT501H,VAPCT501H,VAPCT501H,4583423,32,2026-06-29 00:00:00,2026-07-17 00:00:00,,43010,0,LB,        CIN2,SH2OF,4139,0,LB,2026-07-16 00:00:00
CIN2,VAPCT501H,VAPCT501H,VAPCT501H,4583423,32,2026-06-29 00:00:00,2026-07-17 00:00:00,,43010,0,LB,        CIN2,SMAX3LS,86,0,LB,2026-07-16 00:00:00
CIN2,VAPCT501H,VAPCT501H,VAPCT501H,4583423,32,2026-06-29 00:00:00,2026-07-17 00:00:00,,43010,0,LB,        CIN2,T1004,25871,0,LB,2026-07-16 00:00:00
CIN2,VAPCT501H,VAPCT501H,VAPCT501H,4583423,32,2026-06-29 00:00:00,2026-07-17 00:00:00,,43010,0,LB,        CIN2,T945,34,0,LB,2026-07-16 00:00:00
CIN2,VAPCT501H,VAPCT501H,VAPCT501H,4583423,32,2026-06-29 00:00:00,2026-07-17 00:00:00,,43010,0,LB,        CIN2,VAPLB437,645,0,LB,2026-07-16 00:00:00
CIN2,VAPCT501H,VAPCT501H,VAPCT501H,4583955,20,2026-07-08 00:00:00,2026-07-30 00:00:00,,43010,0,LB,        CIN2,ACTMV,108,0,LB,2026-07-29 00:00:00
CIN2,VAPCT501H,VAPCT501H,VAPCT501H,4583955,20,2026-07-08 00:00:00,2026-07-30 00:00:00,,43010,0,LB,        CIN2,BT2207,4000,0,LB,2026-07-29 00:00:00
CIN2,VAPCT501H,VAPCT501H,VAPCT501H,4583955,20,2026-07-08 00:00:00,2026-07-30 00:00:00,,43010,0,LB,        CIN2,FC702,86,0,LB,2026-07-29 00:00:00
CIN2,VAPCT501H,VAPCT501H,VAPCT501H,4583955,20,2026-07-08 00:00:00,2026-07-30 00:00:00,,43010,0,LB,        CIN2,JONZNO,847,0,LB,2026-07-29 00:00:00
CIN2,VAPCT501H,VAPCT501H,VAPCT501H,4583955,20,2026-07-08 00:00:00,2026-07-30 00:00:00,,43010,0,LB,        CIN2,KAOWHTA,6667,0,LB,2026-07-29 00:00:00
CIN2,VAPCT501H,VAPCT501H,VAPCT501H,4583955,20,2026-07-08 00:00:00,2026-07-30 00:00:00,,43010,0,LB,        CIN2,RHE93,110,0,LB,2026-07-29 00:00:00
CIN2,VAPCT501H,VAPCT501H,VAPCT501H,4583955,20,2026-07-08 00:00:00,2026-07-30 00:00:00,,43010,0,LB,        CIN2,SH2O,417,0,LB,2026-07-29 00:00:00
CIN2,VAPCT501H,VAPCT501H,VAPCT501H,4583955,20,2026-07-08 00:00:00,2026-07-30 00:00:00,,43010,0,LB,        CIN2,SH2OF,4139,0,LB,2026-07-29 00:00:00
CIN2,VAPCT501H,VAPCT501H,VAPCT501H,4583955,20,2026-07-08 00:00:00,2026-07-30 00:00:00,,43010,0,LB,        CIN2,SMAX3LS,86,0,LB,2026-07-29 00:00:00
CIN2,VAPCT501H,VAPCT501H,VAPCT501H,4583955,20,2026-07-08 00:00:00,2026-07-30 00:00:00,,43010,0,LB,        CIN2,T1004,25871,0,LB,2026-07-29 00:00:00
CIN2,VAPCT501H,VAPCT501H,VAPCT501H,4583955,20,2026-07-08 00:00:00,2026-07-30 00:00:00,,43010,0,LB,        CIN2,T945,34,0,LB,2026-07-29 00:00:00
CIN2,VAPCT501H,VAPCT501H,VAPCT501H,4583955,20,2026-07-08 00:00:00,2026-07-30 00:00:00,,43010,0,LB,        CIN2,VAPLB437,645,0,LB,2026-07-29 00:00:00
CIN2,VAPCT501H,VAPCT501H,VAPCT501H-T3,4583246,20,2026-06-24 00:00:00,2026-07-15 00:00:00,,13,0,TO,        CIN2,TC330,13,0,EA,2026-07-15 00:00:00
CIN2,VAPCT501H,VAPCT501H,VAPCT501H-T3,4583246,20,2026-06-24 00:00:00,2026-07-15 00:00:00,,13,0,TO,        CIN2,VAPCT501H,40300,0,LB,2026-07-15 00:00:00
CIN2,VAPCT501H,VAPCT501H,VAPCT501H-T3,4583425,20,2026-06-29 00:00:00,2026-07-18 00:00:00,,13,0,TO,        CIN2,TC330,13,0,EA,2026-07-18 00:00:00
CIN2,VAPCT501H,VAPCT501H,VAPCT501H-T3,4583425,20,2026-06-29 00:00:00,2026-07-18 00:00:00,,13,0,TO,        CIN2,VAPCT501H,40300,0,LB,2026-07-18 00:00:00
CIN2,VAPCT501H,VAPCT501H,VAPCT501H-T3,4583956,20,2026-07-08 00:00:00,2026-07-31 00:00:00,,13,0,TO,        CIN2,TC330,13,0,EA,2026-07-31 00:00:00
CIN2,VAPCT501H,VAPCT501H,VAPCT501H-T3,4583956,20,2026-07-08 00:00:00,2026-07-31 00:00:00,,13,0,TO,        CIN2,VAPCT501H,40300,0,LB,2026-07-31 00:00:00
CIN2,VAPCT501S,VAPCT501S,VAPCT501S,4582208,32,2026-06-03 00:00:00,2026-07-16 00:00:00,,43010,0,LB,        CIN2,ACTMV,108,0,LB,2026-07-15 00:00:00
CIN2,VAPCT501S,VAPCT501S,VAPCT501S,4582208,32,2026-06-03 00:00:00,2026-07-16 00:00:00,,43010,0,LB,        CIN2,BT2207,4000,0,LB,2026-07-15 00:00:00
CIN2,VAPCT501S,VAPCT501S,VAPCT501S,4582208,32,2026-06-03 00:00:00,2026-07-16 00:00:00,,43010,0,LB,        CIN2,FC702,86,0,LB,2026-07-15 00:00:00
CIN2,VAPCT501S,VAPCT501S,VAPCT501S,4582208,32,2026-06-03 00:00:00,2026-07-16 00:00:00,,43010,0,LB,        CIN2,JONZNO,847,0,LB,2026-07-15 00:00:00
CIN2,VAPCT501S,VAPCT501S,VAPCT501S,4582208,32,2026-06-03 00:00:00,2026-07-16 00:00:00,,43010,0,LB,        CIN2,KAOWHTA,6667,0,LB,2026-07-15 00:00:00
CIN2,VAPCT501S,VAPCT501S,VAPCT501S,4582208,32,2026-06-03 00:00:00,2026-07-16 00:00:00,,43010,0,LB,        CIN2,RHE93,65,0,LB,2026-07-15 00:00:00
CIN2,VAPCT501S,VAPCT501S,VAPCT501S,4582208,32,2026-06-03 00:00:00,2026-07-16 00:00:00,,43010,0,LB,        CIN2,SH2O,366,0,LB,2026-07-15 00:00:00
CIN2,VAPCT501S,VAPCT501S,VAPCT501S,4582208,32,2026-06-03 00:00:00,2026-07-16 00:00:00,,43010,0,LB,        CIN2,SH2OF,4236,0,LB,2026-07-15 00:00:00
CIN2,VAPCT501S,VAPCT501S,VAPCT501S,4582208,32,2026-06-03 00:00:00,2026-07-16 00:00:00,,43010,0,LB,        CIN2,SMAX3LS,86,0,LB,2026-07-15 00:00:00
CIN2,VAPCT501S,VAPCT501S,VAPCT501S,4582208,32,2026-06-03 00:00:00,2026-07-16 00:00:00,,43010,0,LB,        CIN2,T1004,25871,0,LB,2026-07-15 00:00:00
CIN2,VAPCT501S,VAPCT501S,VAPCT501S,4582208,32,2026-06-03 00:00:00,2026-07-16 00:00:00,,43010,0,LB,        CIN2,T945,34,0,LB,2026-07-15 00:00:00
CIN2,VAPCT501S,VAPCT501S,VAPCT501S,4582208,32,2026-06-03 00:00:00,2026-07-16 00:00:00,,43010,0,LB,        CIN2,VAPLB437,645,0,LB,2026-07-15 00:00:00
CIN2,VAPCT501S,VAPCT501S,VAPCT501S,4583247,32,2026-06-24 00:00:00,2026-07-20 00:00:00,,43010,0,LB,        CIN2,ACTMV,108,0,LB,2026-07-17 00:00:00
CIN2,VAPCT501S,VAPCT501S,VAPCT501S,4583247,32,2026-06-24 00:00:00,2026-07-20 00:00:00,,43010,0,LB,        CIN2,BT2207,4000,0,LB,2026-07-17 00:00:00
CIN2,VAPCT501S,VAPCT501S,VAPCT501S,4583247,32,2026-06-24 00:00:00,2026-07-20 00:00:00,,43010,0,LB,        CIN2,FC702,86,0,LB,2026-07-17 00:00:00
CIN2,VAPCT501S,VAPCT501S,VAPCT501S,4583247,32,2026-06-24 00:00:00,2026-07-20 00:00:00,,43010,0,LB,        CIN2,JONZNO,847,0,LB,2026-07-17 00:00:00
CIN2,VAPCT501S,VAPCT501S,VAPCT501S,4583247,32,2026-06-24 00:00:00,2026-07-20 00:00:00,,43010,0,LB,        CIN2,KAOWHTA,6667,0,LB,2026-07-17 00:00:00
CIN2,VAPCT501S,VAPCT501S,VAPCT501S,4583247,32,2026-06-24 00:00:00,2026-07-20 00:00:00,,43010,0,LB,        CIN2,RHE93,65,0,LB,2026-07-17 00:00:00
CIN2,VAPCT501S,VAPCT501S,VAPCT501S,4583247,32,2026-06-24 00:00:00,2026-07-20 00:00:00,,43010,0,LB,        CIN2,SH2O,366,0,LB,2026-07-17 00:00:00
CIN2,VAPCT501S,VAPCT501S,VAPCT501S,4583247,32,2026-06-24 00:00:00,2026-07-20 00:00:00,,43010,0,LB,        CIN2,SH2OF,4236,0,LB,2026-07-17 00:00:00
CIN2,VAPCT501S,VAPCT501S,VAPCT501S,4583247,32,2026-06-24 00:00:00,2026-07-20 00:00:00,,43010,0,LB,        CIN2,SMAX3LS,86,0,LB,2026-07-17 00:00:00
CIN2,VAPCT501S,VAPCT501S,VAPCT501S,4583247,32,2026-06-24 00:00:00,2026-07-20 00:00:00,,43010,0,LB,        CIN2,T1004,25871,0,LB,2026-07-17 00:00:00
CIN2,VAPCT501S,VAPCT501S,VAPCT501S,4583247,32,2026-06-24 00:00:00,2026-07-20 00:00:00,,43010,0,LB,        CIN2,T945,34,0,LB,2026-07-17 00:00:00
CIN2,VAPCT501S,VAPCT501S,VAPCT501S,4583247,32,2026-06-24 00:00:00,2026-07-20 00:00:00,,43010,0,LB,        CIN2,VAPLB437,645,0,LB,2026-07-17 00:00:00
CIN2,VAPCT501S,VAPCT501S,VAPCT501S,4583693,32,2026-07-02 00:00:00,2026-07-21 00:00:00,,43010,0,LB,        CIN2,ACTMV,108,0,LB,2026-07-20 00:00:00
CIN2,VAPCT501S,VAPCT501S,VAPCT501S,4583693,32,2026-07-02 00:00:00,2026-07-21 00:00:00,,43010,0,LB,        CIN2,BT2207,4000,0,LB,2026-07-20 00:00:00
CIN2,VAPCT501S,VAPCT501S,VAPCT501S,4583693,32,2026-07-02 00:00:00,2026-07-21 00:00:00,,43010,0,LB,        CIN2,FC702,86,0,LB,2026-07-20 00:00:00
CIN2,VAPCT501S,VAPCT501S,VAPCT501S,4583693,32,2026-07-02 00:00:00,2026-07-21 00:00:00,,43010,0,LB,        CIN2,JONZNO,847,0,LB,2026-07-20 00:00:00
CIN2,VAPCT501S,VAPCT501S,VAPCT501S,4583693,32,2026-07-02 00:00:00,2026-07-21 00:00:00,,43010,0,LB,        CIN2,KAOWHTA,6667,0,LB,2026-07-20 00:00:00
CIN2,VAPCT501S,VAPCT501S,VAPCT501S,4583693,32,2026-07-02 00:00:00,2026-07-21 00:00:00,,43010,0,LB,        CIN2,RHE93,65,0,LB,2026-07-20 00:00:00
CIN2,VAPCT501S,VAPCT501S,VAPCT501S,4583693,32,2026-07-02 00:00:00,2026-07-21 00:00:00,,43010,0,LB,        CIN2,SH2O,366,0,LB,2026-07-20 00:00:00
CIN2,VAPCT501S,VAPCT501S,VAPCT501S,4583693,32,2026-07-02 00:00:00,2026-07-21 00:00:00,,43010,0,LB,        CIN2,SH2OF,4236,0,LB,2026-07-20 00:00:00
CIN2,VAPCT501S,VAPCT501S,VAPCT501S,4583693,32,2026-07-02 00:00:00,2026-07-21 00:00:00,,43010,0,LB,        CIN2,SMAX3LS,86,0,LB,2026-07-20 00:00:00
CIN2,VAPCT501S,VAPCT501S,VAPCT501S,4583693,32,2026-07-02 00:00:00,2026-07-21 00:00:00,,43010,0,LB,        CIN2,T1004,25871,0,LB,2026-07-20 00:00:00
CIN2,VAPCT501S,VAPCT501S,VAPCT501S,4583693,32,2026-07-02 00:00:00,2026-07-21 00:00:00,,43010,0,LB,        CIN2,T945,34,0,LB,2026-07-20 00:00:00
CIN2,VAPCT501S,VAPCT501S,VAPCT501S,4583693,32,2026-07-02 00:00:00,2026-07-21 00:00:00,,43010,0,LB,        CIN2,VAPLB437,645,0,LB,2026-07-20 00:00:00
CIN2,VAPCT501S,VAPCT501S,VAPCT501S,4583694,32,2026-07-02 00:00:00,2026-07-23 00:00:00,,43010,0,LB,        CIN2,ACTMV,108,0,LB,2026-07-22 00:00:00
CIN2,VAPCT501S,VAPCT501S,VAPCT501S,4583694,32,2026-07-02 00:00:00,2026-07-23 00:00:00,,43010,0,LB,        CIN2,BT2207,4000,0,LB,2026-07-22 00:00:00
CIN2,VAPCT501S,VAPCT501S,VAPCT501S,4583694,32,2026-07-02 00:00:00,2026-07-23 00:00:00,,43010,0,LB,        CIN2,FC702,86,0,LB,2026-07-22 00:00:00
CIN2,VAPCT501S,VAPCT501S,VAPCT501S,4583694,32,2026-07-02 00:00:00,2026-07-23 00:00:00,,43010,0,LB,        CIN2,JONZNO,847,0,LB,2026-07-22 00:00:00
CIN2,VAPCT501S,VAPCT501S,VAPCT501S,4583694,32,2026-07-02 00:00:00,2026-07-23 00:00:00,,43010,0,LB,        CIN2,KAOWHTA,6667,0,LB,2026-07-22 00:00:00
CIN2,VAPCT501S,VAPCT501S,VAPCT501S,4583694,32,2026-07-02 00:00:00,2026-07-23 00:00:00,,43010,0,LB,        CIN2,RHE93,65,0,LB,2026-07-22 00:00:00
CIN2,VAPCT501S,VAPCT501S,VAPCT501S,4583694,32,2026-07-02 00:00:00,2026-07-23 00:00:00,,43010,0,LB,        CIN2,SH2O,366,0,LB,2026-07-22 00:00:00
CIN2,VAPCT501S,VAPCT501S,VAPCT501S,4583694,32,2026-07-02 00:00:00,2026-07-23 00:00:00,,43010,0,LB,        CIN2,SH2OF,4236,0,LB,2026-07-22 00:00:00
CIN2,VAPCT501S,VAPCT501S,VAPCT501S,4583694,32,2026-07-02 00:00:00,2026-07-23 00:00:00,,43010,0,LB,        CIN2,SMAX3LS,86,0,LB,2026-07-22 00:00:00
CIN2,VAPCT501S,VAPCT501S,VAPCT501S,4583694,32,2026-07-02 00:00:00,2026-07-23 00:00:00,,43010,0,LB,        CIN2,T1004,25871,0,LB,2026-07-22 00:00:00
CIN2,VAPCT501S,VAPCT501S,VAPCT501S,4583694,32,2026-07-02 00:00:00,2026-07-23 00:00:00,,43010,0,LB,        CIN2,T945,34,0,LB,2026-07-22 00:00:00
CIN2,VAPCT501S,VAPCT501S,VAPCT501S,4583694,32,2026-07-02 00:00:00,2026-07-23 00:00:00,,43010,0,LB,        CIN2,VAPLB437,645,0,LB,2026-07-22 00:00:00
CIN2,VAPCT501S,VAPCT501S,VAPCT501S,4583958,20,2026-07-08 00:00:00,2026-07-25 00:00:00,,43010,0,LB,        CIN2,ACTMV,108,0,LB,2026-07-24 00:00:00
CIN2,VAPCT501S,VAPCT501S,VAPCT501S,4583958,20,2026-07-08 00:00:00,2026-07-25 00:00:00,,43010,0,LB,        CIN2,BT2207,4000,0,LB,2026-07-24 00:00:00
CIN2,VAPCT501S,VAPCT501S,VAPCT501S,4583958,20,2026-07-08 00:00:00,2026-07-25 00:00:00,,43010,0,LB,        CIN2,FC702,86,0,LB,2026-07-24 00:00:00
CIN2,VAPCT501S,VAPCT501S,VAPCT501S,4583958,20,2026-07-08 00:00:00,2026-07-25 00:00:00,,43010,0,LB,        CIN2,JONZNO,847,0,LB,2026-07-24 00:00:00
CIN2,VAPCT501S,VAPCT501S,VAPCT501S,4583958,20,2026-07-08 00:00:00,2026-07-25 00:00:00,,43010,0,LB,        CIN2,KAOWHTA,6667,0,LB,2026-07-24 00:00:00
CIN2,VAPCT501S,VAPCT501S,VAPCT501S,4583958,20,2026-07-08 00:00:00,2026-07-25 00:00:00,,43010,0,LB,        CIN2,RHE93,65,0,LB,2026-07-24 00:00:00
CIN2,VAPCT501S,VAPCT501S,VAPCT501S,4583958,20,2026-07-08 00:00:00,2026-07-25 00:00:00,,43010,0,LB,        CIN2,SH2O,366,0,LB,2026-07-24 00:00:00
CIN2,VAPCT501S,VAPCT501S,VAPCT501S,4583958,20,2026-07-08 00:00:00,2026-07-25 00:00:00,,43010,0,LB,        CIN2,SH2OF,4236,0,LB,2026-07-24 00:00:00
CIN2,VAPCT501S,VAPCT501S,VAPCT501S,4583958,20,2026-07-08 00:00:00,2026-07-25 00:00:00,,43010,0,LB,        CIN2,SMAX3LS,86,0,LB,2026-07-24 00:00:00
CIN2,VAPCT501S,VAPCT501S,VAPCT501S,4583958,20,2026-07-08 00:00:00,2026-07-25 00:00:00,,43010,0,LB,        CIN2,T1004,25871,0,LB,2026-07-24 00:00:00
CIN2,VAPCT501S,VAPCT501S,VAPCT501S,4583958,20,2026-07-08 00:00:00,2026-07-25 00:00:00,,43010,0,LB,        CIN2,T945,34,0,LB,2026-07-24 00:00:00
CIN2,VAPCT501S,VAPCT501S,VAPCT501S,4583958,20,2026-07-08 00:00:00,2026-07-25 00:00:00,,43010,0,LB,        CIN2,VAPLB437,645,0,LB,2026-07-24 00:00:00
CIN2,VAPCT501S,VAPCT501S,VAPCT501S,4583957,20,2026-07-08 00:00:00,2026-07-28 00:00:00,,43010,0,LB,        CIN2,ACTMV,108,0,LB,2026-07-27 00:00:00
CIN2,VAPCT501S,VAPCT501S,VAPCT501S,4583957,20,2026-07-08 00:00:00,2026-07-28 00:00:00,,43010,0,LB,        CIN2,BT2207,4000,0,LB,2026-07-27 00:00:00
CIN2,VAPCT501S,VAPCT501S,VAPCT501S,4583957,20,2026-07-08 00:00:00,2026-07-28 00:00:00,,43010,0,LB,        CIN2,FC702,86,0,LB,2026-07-27 00:00:00
CIN2,VAPCT501S,VAPCT501S,VAPCT501S,4583957,20,2026-07-08 00:00:00,2026-07-28 00:00:00,,43010,0,LB,        CIN2,JONZNO,847,0,LB,2026-07-27 00:00:00
CIN2,VAPCT501S,VAPCT501S,VAPCT501S,4583957,20,2026-07-08 00:00:00,2026-07-28 00:00:00,,43010,0,LB,        CIN2,KAOWHTA,6667,0,LB,2026-07-27 00:00:00
CIN2,VAPCT501S,VAPCT501S,VAPCT501S,4583957,20,2026-07-08 00:00:00,2026-07-28 00:00:00,,43010,0,LB,        CIN2,RHE93,65,0,LB,2026-07-27 00:00:00
CIN2,VAPCT501S,VAPCT501S,VAPCT501S,4583957,20,2026-07-08 00:00:00,2026-07-28 00:00:00,,43010,0,LB,        CIN2,SH2O,366,0,LB,2026-07-27 00:00:00
CIN2,VAPCT501S,VAPCT501S,VAPCT501S,4583957,20,2026-07-08 00:00:00,2026-07-28 00:00:00,,43010,0,LB,        CIN2,SH2OF,4236,0,LB,2026-07-27 00:00:00
CIN2,VAPCT501S,VAPCT501S,VAPCT501S,4583957,20,2026-07-08 00:00:00,2026-07-28 00:00:00,,43010,0,LB,        CIN2,SMAX3LS,86,0,LB,2026-07-27 00:00:00
CIN2,VAPCT501S,VAPCT501S,VAPCT501S,4583957,20,2026-07-08 00:00:00,2026-07-28 00:00:00,,43010,0,LB,        CIN2,T1004,25871,0,LB,2026-07-27 00:00:00
CIN2,VAPCT501S,VAPCT501S,VAPCT501S,4583957,20,2026-07-08 00:00:00,2026-07-28 00:00:00,,43010,0,LB,        CIN2,T945,34,0,LB,2026-07-27 00:00:00
CIN2,VAPCT501S,VAPCT501S,VAPCT501S,4583957,20,2026-07-08 00:00:00,2026-07-28 00:00:00,,43010,0,LB,        CIN2,VAPLB437,645,0,LB,2026-07-27 00:00:00
CIN2,VAPCT501S,VAPCT501S,VAPCT501S-T3,4582210,20,2026-06-03 00:00:00,2026-07-17 00:00:00,,13,0,TO,        CIN2,TC330,13,0,EA,2026-07-17 00:00:00
CIN2,VAPCT501S,VAPCT501S,VAPCT501S-T3,4582210,20,2026-06-03 00:00:00,2026-07-17 00:00:00,,13,0,TO,        CIN2,VAPCT501S,40300,0,LB,2026-07-17 00:00:00
CIN2,VAPCT501S,VAPCT501S,VAPCT501S-T3,4583248,20,2026-06-24 00:00:00,2026-07-21 00:00:00,,13,0,TO,        CIN2,TC330,13,0,EA,2026-07-21 00:00:00
CIN2,VAPCT501S,VAPCT501S,VAPCT501S-T3,4583248,20,2026-06-24 00:00:00,2026-07-21 00:00:00,,13,0,TO,        CIN2,VAPCT501S,40300,0,LB,2026-07-21 00:00:00
CIN2,VAPCT501S,VAPCT501S,VAPCT501S-T3,4583695,20,2026-07-02 00:00:00,2026-07-22 00:00:00,,13,0,TO,        CIN2,TC330,13,0,EA,2026-07-22 00:00:00
CIN2,VAPCT501S,VAPCT501S,VAPCT501S-T3,4583695,20,2026-07-02 00:00:00,2026-07-22 00:00:00,,13,0,TO,        CIN2,VAPCT501S,40300,0,LB,2026-07-22 00:00:00
CIN2,VAPCT501S,VAPCT501S,VAPCT501S-T3,4583696,20,2026-07-02 00:00:00,2026-07-24 00:00:00,,13,0,TO,        CIN2,TC330,13,0,EA,2026-07-24 00:00:00
CIN2,VAPCT501S,VAPCT501S,VAPCT501S-T3,4583696,20,2026-07-02 00:00:00,2026-07-24 00:00:00,,13,0,TO,        CIN2,VAPCT501S,40300,0,LB,2026-07-24 00:00:00
CIN2,VAPCT501S,VAPCT501S,VAPCT501S-T3,4583959,20,2026-07-08 00:00:00,2026-07-27 00:00:00,,13,0,TO,        CIN2,TC330,13,0,EA,2026-07-27 00:00:00
CIN2,VAPCT501S,VAPCT501S,VAPCT501S-T3,4583959,20,2026-07-08 00:00:00,2026-07-27 00:00:00,,13,0,TO,        CIN2,VAPCT501S,40300,0,LB,2026-07-27 00:00:00
CIN2,VAPCT501S,VAPCT501S,VAPCT501S-T3,4583960,20,2026-07-08 00:00:00,2026-07-30 00:00:00,,13,0,TO,        CIN2,TC330,13,0,EA,2026-07-30 00:00:00
CIN2,VAPCT501S,VAPCT501S,VAPCT501S-T3,4583960,20,2026-07-08 00:00:00,2026-07-30 00:00:00,,13,0,TO,        CIN2,VAPCT501S,40300,0,LB,2026-07-30 00:00:00
CIN2,VAPLB437,VAPLB437,VAPLB437,4583825,32,2026-07-06 00:00:00,2026-07-15 00:00:00,,10000,0,LB,        CIN2,ACA12,3320,0,LB,2026-07-14 00:00:00
CIN2,VAPLB437,VAPLB437,VAPLB437,4583825,32,2026-07-06 00:00:00,2026-07-15 00:00:00,,10000,0,LB,        CIN2,AMMONIA19,52,0,LB,2026-07-14 00:00:00
CIN2,VAPLB437,VAPLB437,VAPLB437,4583825,32,2026-07-06 00:00:00,2026-07-15 00:00:00,,10000,0,LB,        CIN2,AP75N,50,0,LB,2026-07-14 00:00:00
CIN2,VAPLB437,VAPLB437,VAPLB437,4583825,32,2026-07-06 00:00:00,2026-07-15 00:00:00,,10000,0,LB,        CIN2,MET775,30,0,LB,2026-07-14 00:00:00
CIN2,VAPLB437,VAPLB437,VAPLB437,4583825,32,2026-07-06 00:00:00,2026-07-15 00:00:00,,10000,0,LB,        CIN2,PREBIT,10,0,LB,2026-07-14 00:00:00
CIN2,VAPLB437,VAPLB437,VAPLB437,4583825,32,2026-07-06 00:00:00,2026-07-15 00:00:00,,10000,0,LB,        CIN2,SH2O,6258,0,LB,2026-07-14 00:00:00
CIN2,VAPLB437,VAPLB437,VAPLB437,4583825,32,2026-07-06 00:00:00,2026-07-15 00:00:00,,10000,0,LB,        CIN2,SH2OF,280,0,LB,2026-07-14 00:00:00
CIN2,VAPLB437,VAPLB437,VAPLB437,4583876,32,2026-07-07 00:00:00,2026-07-24 00:00:00,,10000,0,LB,        CIN2,ACA12,3320,0,LB,2026-07-23 00:00:00
CIN2,VAPLB437,VAPLB437,VAPLB437,4583876,32,2026-07-07 00:00:00,2026-07-24 00:00:00,,10000,0,LB,        CIN2,AMMONIA19,52,0,LB,2026-07-23 00:00:00
CIN2,VAPLB437,VAPLB437,VAPLB437,4583876,32,2026-07-07 00:00:00,2026-07-24 00:00:00,,10000,0,LB,        CIN2,AP75N,50,0,LB,2026-07-23 00:00:00
CIN2,VAPLB437,VAPLB437,VAPLB437,4583876,32,2026-07-07 00:00:00,2026-07-24 00:00:00,,10000,0,LB,        CIN2,MET775,30,0,LB,2026-07-23 00:00:00
CIN2,VAPLB437,VAPLB437,VAPLB437,4583876,32,2026-07-07 00:00:00,2026-07-24 00:00:00,,10000,0,LB,        CIN2,PREBIT,10,0,LB,2026-07-23 00:00:00
CIN2,VAPLB437,VAPLB437,VAPLB437,4583876,32,2026-07-07 00:00:00,2026-07-24 00:00:00,,10000,0,LB,        CIN2,SH2O,6258,0,LB,2026-07-23 00:00:00
CIN2,VAPLB437,VAPLB437,VAPLB437,4583876,32,2026-07-07 00:00:00,2026-07-24 00:00:00,,10000,0,LB,        CIN2,SH2OF,280,0,LB,2026-07-23 00:00:00
CIN2,VB200,VB200,VB200,4583427,32,2026-06-29 00:00:00,2026-07-18 00:00:00,,35000,0,LB,        CIN2,ACTMV,88,0,LB,2026-07-17 00:00:00
CIN2,VB200,VB200,VB200,4583427,32,2026-06-29 00:00:00,2026-07-18 00:00:00,,35000,0,LB,        CIN2,AMMONIA19,70,0,LB,2026-07-17 00:00:00
CIN2,VB200,VB200,VB200,4583427,32,2026-06-29 00:00:00,2026-07-18 00:00:00,,35000,0,LB,        CIN2,AP75N,175,0,LB,2026-07-17 00:00:00
CIN2,VB200,VB200,VB200,4583427,32,2026-06-29 00:00:00,2026-07-18 00:00:00,,35000,0,LB,        CIN2,DF215,35,0,LB,2026-07-17 00:00:00
CIN2,VB200,VB200,VB200,4583427,32,2026-06-29 00:00:00,2026-07-18 00:00:00,,35000,0,LB,        CIN2,KAOWHTA,8684,0,LB,2026-07-17 00:00:00
CIN2,VB200,VB200,VB200,4583427,32,2026-06-29 00:00:00,2026-07-18 00:00:00,,35000,0,LB,        CIN2,MET775,35,0,LB,2026-07-17 00:00:00
CIN2,VB200,VB200,VB200,4583427,32,2026-06-29 00:00:00,2026-07-18 00:00:00,,35000,0,LB,        CIN2,ROV4009,10420,0,LB,2026-07-17 00:00:00
CIN2,VB200,VB200,VB200,4583427,32,2026-06-29 00:00:00,2026-07-18 00:00:00,,35000,0,LB,        CIN2,SH2O,1232,0,LB,2026-07-17 00:00:00
CIN2,VB200,VB200,VB200,4583427,32,2026-06-29 00:00:00,2026-07-18 00:00:00,,35000,0,LB,        CIN2,SH2OF,14263,0,LB,2026-07-17 00:00:00
CIN2,VB200,VB200,VB200-T3,4583428,20,2026-06-29 00:00:00,2026-07-20 00:00:00,,12,0,TO,        CIN2,TC330,12,0,EA,2026-07-20 00:00:00
CIN2,VB200,VB200,VB200-T3,4583428,20,2026-06-29 00:00:00,2026-07-20 00:00:00,,12,0,TO,        CIN2,VB200,34800,0,LB,2026-07-20 00:00:00
AUBA,VBS0800,VBS0800.E,VBS0800.E,4584035,20,2026-07-10 00:00:00,2026-07-21 00:00:00,,9000,0,KG,        AUBA,RS2117.E,720,0,KG,2026-07-17 00:00:00
AUBA,VBS0800,VBS0800.E,VBS0800.E,4584035,20,2026-07-10 00:00:00,2026-07-21 00:00:00,,9000,0,KG,        AUBA,SH2O.E,8280,0,KG,2026-07-17 00:00:00
AUBA,VBS0800,VBS0800.E,VBS0800.E-TO,4584036,20,2026-07-10 00:00:00,2026-07-22 00:00:00,,9,0,TO,        AUBA,1000TO.E,9,0,EA,2026-07-22 00:00:00
AUBA,VBS0800,VBS0800.E,VBS0800.E-TO,4584036,20,2026-07-10 00:00:00,2026-07-22 00:00:00,,9,0,TO,        AUBA,VBS0800.E,9000,0,KG,2026-07-22 00:00:00
SING,VC2050,VC2050.S,VC2050.S,4583763,32,2026-07-06 00:00:00,2026-07-15 00:00:00,,5000,0,KG,        SING,ABRON55.S,788,0,KG,2026-07-14 00:00:00
SING,VC2050,VC2050.S,VC2050.S,4583763,32,2026-07-06 00:00:00,2026-07-15 00:00:00,,5000,0,KG,        SING,DF215.S,8,0,KG,2026-07-14 00:00:00
SING,VC2050,VC2050.S,VC2050.S,4583763,32,2026-07-06 00:00:00,2026-07-15 00:00:00,,5000,0,KG,        SING,DL930PA.S,2604,0,KG,2026-07-14 00:00:00
SING,VC2050,VC2050.S,VC2050.S,4583763,32,2026-07-06 00:00:00,2026-07-15 00:00:00,,5000,0,KG,        SING,KAOWHTS.S,764,0,KG,2026-07-14 00:00:00
SING,VC2050,VC2050.S,VC2050.S,4583763,32,2026-07-06 00:00:00,2026-07-15 00:00:00,,5000,0,KG,        SING,MET775.S,8,0,KG,2026-07-14 00:00:00
SING,VC2050,VC2050.S,VC2050.S,4583763,32,2026-07-06 00:00:00,2026-07-15 00:00:00,,5000,0,KG,        SING,NUO491.S,5,0,KG,2026-07-14 00:00:00
SING,VC2050,VC2050.S,VC2050.S,4583763,32,2026-07-06 00:00:00,2026-07-15 00:00:00,,5000,0,KG,        SING,ROV4106.S,370,0,KG,2026-07-14 00:00:00
SING,VC2050,VC2050.S,VC2050.S,4583763,32,2026-07-06 00:00:00,2026-07-15 00:00:00,,5000,0,KG,        SING,SH2O.S,200,0,KG,2026-07-14 00:00:00
SING,VC2050,VC2050.S,VC2050.S,4583763,32,2026-07-06 00:00:00,2026-07-15 00:00:00,,5000,0,KG,        SING,T945.S,5,0,KG,2026-07-14 00:00:00
SING,VC2050,VC2050.S,VC2050.S,4583763,32,2026-07-06 00:00:00,2026-07-15 00:00:00,,5000,0,KG,        SING,TT935.S,3,0,KG,2026-07-14 00:00:00
SING,VC2050,VC2050.S,VC2050.S,4583763,32,2026-07-06 00:00:00,2026-07-15 00:00:00,,5000,0,KG,        SING,ZNOSOL.S,247,0,KG,2026-07-14 00:00:00
SING,VC2050,VC2050.S,VC2050.S,4583765,32,2026-07-06 00:00:00,2026-07-17 00:00:00,,5000,0,KG,        SING,ABRON55.S,788,0,KG,2026-07-16 00:00:00
SING,VC2050,VC2050.S,VC2050.S,4583765,32,2026-07-06 00:00:00,2026-07-17 00:00:00,,5000,0,KG,        SING,DF215.S,8,0,KG,2026-07-16 00:00:00
SING,VC2050,VC2050.S,VC2050.S,4583765,32,2026-07-06 00:00:00,2026-07-17 00:00:00,,5000,0,KG,        SING,DL930PA.S,2604,0,KG,2026-07-16 00:00:00
SING,VC2050,VC2050.S,VC2050.S,4583765,32,2026-07-06 00:00:00,2026-07-17 00:00:00,,5000,0,KG,        SING,KAOWHTS.S,764,0,KG,2026-07-16 00:00:00
SING,VC2050,VC2050.S,VC2050.S,4583765,32,2026-07-06 00:00:00,2026-07-17 00:00:00,,5000,0,KG,        SING,MET775.S,8,0,KG,2026-07-16 00:00:00
SING,VC2050,VC2050.S,VC2050.S,4583765,32,2026-07-06 00:00:00,2026-07-17 00:00:00,,5000,0,KG,        SING,NUO491.S,5,0,KG,2026-07-16 00:00:00
SING,VC2050,VC2050.S,VC2050.S,4583765,32,2026-07-06 00:00:00,2026-07-17 00:00:00,,5000,0,KG,        SING,ROV4106.S,370,0,KG,2026-07-16 00:00:00
SING,VC2050,VC2050.S,VC2050.S,4583765,32,2026-07-06 00:00:00,2026-07-17 00:00:00,,5000,0,KG,        SING,SH2O.S,200,0,KG,2026-07-16 00:00:00
SING,VC2050,VC2050.S,VC2050.S,4583765,32,2026-07-06 00:00:00,2026-07-17 00:00:00,,5000,0,KG,        SING,T945.S,5,0,KG,2026-07-16 00:00:00
SING,VC2050,VC2050.S,VC2050.S,4583765,32,2026-07-06 00:00:00,2026-07-17 00:00:00,,5000,0,KG,        SING,TT935.S,3,0,KG,2026-07-16 00:00:00
SING,VC2050,VC2050.S,VC2050.S,4583765,32,2026-07-06 00:00:00,2026-07-17 00:00:00,,5000,0,KG,        SING,ZNOSOL.S,247,0,KG,2026-07-16 00:00:00
SING,VC2050,VC2050.S,VC2050.S-T2,4583762,35,2026-07-06 00:00:00,2026-07-14 00:00:00,,5,0,TO,        SING,1000TO.S,5,0,EA,2026-07-13 00:00:00
SING,VC2050,VC2050.S,VC2050.S-T2,4583762,35,2026-07-06 00:00:00,2026-07-14 00:00:00,,5,0,TO,        SING,VC2050.S,5000,0,KG,2026-07-14 00:00:00
SING,VC2050,VC2050.S,VC2050.S-T2,4583764,20,2026-07-06 00:00:00,2026-07-15 00:00:00,,5,0,TO,        SING,1000TO.S,5,0,EA,2026-07-14 00:00:00
SING,VC2050,VC2050.S,VC2050.S-T2,4583764,20,2026-07-06 00:00:00,2026-07-15 00:00:00,,5,0,TO,        SING,VC2050.S,5000,0,KG,2026-07-15 00:00:00
SING,VC2050,VC2050.S,VC2050.S-T2,4583766,20,2026-07-06 00:00:00,2026-07-17 00:00:00,,5,0,TO,        SING,1000TO.S,5,0,EA,2026-07-16 00:00:00
SING,VC2050,VC2050.S,VC2050.S-T2,4583766,20,2026-07-06 00:00:00,2026-07-17 00:00:00,,5,0,TO,        SING,VC2050.S,5000,0,KG,2026-07-17 00:00:00
CIN2,VC2200W,VC2200W,VC2200W,4583429,32,2026-06-29 00:00:00,2026-07-17 00:00:00,,70000,0,LB,        CIN2,15S40,210,0,LB,2026-07-16 00:00:00
CIN2,VC2200W,VC2200W,VC2200W,4583429,32,2026-06-29 00:00:00,2026-07-17 00:00:00,,70000,0,LB,        CIN2,ACTMV,175,0,LB,2026-07-16 00:00:00
CIN2,VC2200W,VC2200W,VC2200W,4583429,32,2026-06-29 00:00:00,2026-07-17 00:00:00,,70000,0,LB,        CIN2,AP75N,490,0,LB,2026-07-16 00:00:00
CIN2,VC2200W,VC2200W,VC2200W,4583429,32,2026-06-29 00:00:00,2026-07-17 00:00:00,,70000,0,LB,        CIN2,DF215,210,0,LB,2026-07-16 00:00:00
CIN2,VC2200W,VC2200W,VC2200W,4583429,32,2026-06-29 00:00:00,2026-07-17 00:00:00,,70000,0,LB,        CIN2,JONZNO,1855,0,LB,2026-07-16 00:00:00
CIN2,VC2200W,VC2200W,VC2200W,4583429,32,2026-06-29 00:00:00,2026-07-17 00:00:00,,70000,0,LB,        CIN2,ME36840K,30765,0,LB,2026-07-16 00:00:00
CIN2,VC2200W,VC2200W,VC2200W,4583429,32,2026-06-29 00:00:00,2026-07-17 00:00:00,,70000,0,LB,        CIN2,MET775,70,0,LB,2026-07-16 00:00:00
CIN2,VC2200W,VC2200W,VC2200W,4583429,32,2026-06-29 00:00:00,2026-07-17 00:00:00,,70000,0,LB,        CIN2,SH2O,2316,0,LB,2026-07-16 00:00:00
CIN2,VC2200W,VC2200W,VC2200W,4583429,32,2026-06-29 00:00:00,2026-07-17 00:00:00,,70000,0,LB,        CIN2,SH2OF,3640,0,LB,2026-07-16 00:00:00
CIN2,VC2200W,VC2200W,VC2200W,4583429,32,2026-06-29 00:00:00,2026-07-17 00:00:00,,70000,0,LB,        CIN2,T6155,30765,0,LB,2026-07-16 00:00:00
CIN2,VC2200W,VC2200W,VC2200W-T3,4583430,20,2026-06-29 00:00:00,2026-07-20 00:00:00,,25,0,TO,        CIN2,TC330,25,0,EA,2026-07-20 00:00:00
CIN2,VC2200W,VC2200W,VC2200W-T3,4583430,20,2026-06-29 00:00:00,2026-07-20 00:00:00,,25,0,TO,        CIN2,VC2200W,67500,0,LB,2026-07-20 00:00:00
CINC,X1000H,X1000H,X1000H,4584206,20,2026-07-14 00:00:00,2026-07-22 00:00:00,,28000,0,LB,        CINC,AMMONIA19,7316,0,LB,2026-07-21 00:00:00
CINC,X1000H,X1000H,X1000H,4584206,20,2026-07-14 00:00:00,2026-07-22 00:00:00,,28000,0,LB,        CINC,SH2O,9176,0,LB,2026-07-22 00:00:00
CINC,X1000H,X1000H,X1000H,4584206,20,2026-07-14 00:00:00,2026-07-22 00:00:00,,28000,0,LB,        CINC,SH2OF,280,0,LB,2026-07-22 00:00:00
CINC,X1000H,X1000H,X1000H,4584206,20,2026-07-14 00:00:00,2026-07-22 00:00:00,,28000,0,LB,        CINC,SH2ORT,1680,0,LB,2026-07-22 00:00:00
CINC,X1000H,X1000H,X1000H,4584206,20,2026-07-14 00:00:00,2026-07-22 00:00:00,,28000,0,LB,        CINC,XIRAN1000,9548,0,LB,2026-07-21 00:00:00
CINC,X1000H,X1000H,X1000H-FD,4584207,20,2026-07-14 00:00:00,2026-07-27 00:00:00,,24,0,DR,        CINC,FD,24,0,EA,2026-07-27 00:00:00
CINC,X1000H,X1000H,X1000H-FD,4584207,20,2026-07-14 00:00:00,2026-07-27 00:00:00,,24,0,DR,        CINC,X1000H,11280,0,LB,2026-07-27 00:00:00
CINC,X1000H,X1000H,X1000H-UN,4584208,20,2026-07-14 00:00:00,2026-07-27 00:00:00,,32,0,DR,        CINC,PERSD,32,0,EA,2026-07-27 00:00:00
CINC,X1000H,X1000H,X1000H-UN,4584208,20,2026-07-14 00:00:00,2026-07-27 00:00:00,,32,0,DR,        CINC,X1000H,15040,0,LB,2026-07-27 00:00:00
CIN2,X300AF,X300AF,X300AF,4584145,32,2026-07-13 00:00:00,2026-07-23 00:00:00,,44000,0,LB,        CIN2,ACTMV,110,0,LB,2026-07-22 00:00:00
CIN2,X300AF,X300AF,X300AF,4584145,32,2026-07-13 00:00:00,2026-07-23 00:00:00,,44000,0,LB,        CIN2,ASE75,37,0,LB,2026-07-22 00:00:00
CIN2,X300AF,X300AF,X300AF,4584145,32,2026-07-13 00:00:00,2026-07-23 00:00:00,,44000,0,LB,        CIN2,P376,13962,0,LB,2026-07-22 00:00:00
CIN2,X300AF,X300AF,X300AF,4584145,32,2026-07-13 00:00:00,2026-07-23 00:00:00,,44000,0,LB,        CIN2,RCCAEK,26849,0,LB,2026-07-22 00:00:00
CIN2,X300AF,X300AF,X300AF,4584145,32,2026-07-13 00:00:00,2026-07-23 00:00:00,,44000,0,LB,        CIN2,SH2O,1756,0,LB,2026-07-22 00:00:00
CIN2,X300AF,X300AF,X300AF,4584145,32,2026-07-13 00:00:00,2026-07-23 00:00:00,,44000,0,LB,        CIN2,SH2OF,991,0,LB,2026-07-22 00:00:00
CIN2,X300AF,X300AF,X300AF,4584145,32,2026-07-13 00:00:00,2026-07-23 00:00:00,,44000,0,LB,        CIN2,XFO30S,295,0,LB,2026-07-22 00:00:00
CIN2,X300AF,X300AF,X300AF-FD,4584146,20,2026-07-13 00:00:00,2026-07-24 00:00:00,,24,0,DR,        CIN2,FD,24,0,EA,2026-07-24 00:00:00
CIN2,X300AF,X300AF,X300AF-FD,4584146,20,2026-07-13 00:00:00,2026-07-24 00:00:00,,24,0,DR,        CIN2,X300AF,11400,0,LB,2026-07-24 00:00:00
CIN2,X300AF,X300AF,X300AF-PL,4584209,35,2026-07-14 00:00:00,2026-07-16 00:00:00,,18,0,PL,        CIN2,GPL,18,0,EA,2026-07-16 00:00:00
CIN2,X300AF,X300AF,X300AF-PL,4584209,35,2026-07-14 00:00:00,2026-07-16 00:00:00,,18,0,PL,        CIN2,X300AF,720,0,LB,2026-07-16 00:00:00
CIN2,X300AF,X300AF,X300AF-T3,4584147,20,2026-07-13 00:00:00,2026-07-24 00:00:00,,12,0,TO,        CIN2,TC330,12,0,EA,2026-07-24 00:00:00
CIN2,X300AF,X300AF,X300AF-T3,4584147,20,2026-07-13 00:00:00,2026-07-24 00:00:00,,12,0,TO,        CIN2,X300AF,32400,0,LB,2026-07-24 00:00:00
