Order Company,Branch Plant,Global Bulk Item,Bulk Item,2nd Item Number,Order Number,Next Status,Year,Month,Promised Ship Date,Ordered Quantity KGs,Revenue Business Unit,Customer Code,Customer Name,Global Parent,Global Parent Name,TM Name,Country Name,Ordered Quantity,Ordering Unit of Measure,Ordered Quantity LBs,Open Indicator
00010,        CIN2,251194NX,251194NX,251194NX-PL,2638098,999,2026,3,2026-03-02 00:00:00,18.1437,10230,291971,"RTA (Soluciones del Futuro) - Miami, FL",291971,"RTA (Soluciones del Futuro) - Miami, FL",Dave Jeffers,United States,1.00,PL,40,N
00010,        CIN2,MP04422R,MP04422R,MP04422R-FD,2608667,999,2026,3,2026-03-02 00:00:00,1723.6512,10230,329175,"Tekni-plex - Madison, WI",339215,Tekni-Plex - Global Parent,Brad Durden,United States,8.00,DR,3800,N
00010,        CIN2,MP48525R,MP48525R,MP48525R-T2,2633661,999,2026,3,2026-03-02 00:00:00,1995.8066,10230,304227,"Ahlstrom-Munksjo-Rhinelander,WI(Phillip)",304253,Ahlstrom-Munksjo - Global Parent,Brad Durden,United States,2.00,TO,4400,N
00020,        AUBA,251194NX,251194NX.E,251194NX.E-P1,26000337,999,2026,3,2026-03-02 00:00:00,480,20230,49118,Soconomar (X) Milano IT,290539,Soconomar - Global Parent,Krist Vanderstiggel,Italy,1.00,PA,1058.2188,N
00010,        CIN2,MP2960,MP2960,MP2960-T2,2584451,999,2026,3,2026-03-03 00:00:00,1995.8066,10240,294107,"BGF Industries - Altavista, VA",294107,"BGF Industries - Altavista, VA",Samuel Hankins,United States,2.00,TO,4400,N
00010,        CIN2,MP4983R,MP4983R,MP4983R-T2,2626669,999,2026,3,2026-03-03 00:00:00,14968.5495,10230,304227,"Ahlstrom-Munksjo-Rhinelander,WI(Phillip)",304253,Ahlstrom-Munksjo - Global Parent,Brad Durden,United States,15.00,TO,33000,N
00010,        CIN2,MP4983R,MP4983R,MP4983R-T3,2558494,999,2026,3,2026-03-03 00:00:00,15921.093499999999,10230,28093,"Oliver-Tolas Health - Hamilton, OH",290128,Oliver Tolas - Global Parent,Brad Durden,United States,13.00,TO,35100,N
00010,        CIN2,251194NX,251194NX,251194NX-PL,2637907,999,2026,3,2026-03-04 00:00:00,18.1437,10230,288600,"Comprint Máquinas - Sao Paulo, SP",309091,Comprint - Global Parent,Dave Jeffers,Brazil,1.00,PL,40,N
00010,        CIN2,MFP1853R,MFP1853R,MFP1853R-FD,2637875,999,2026,3,2026-03-04 00:00:00,204.1166,10230,337052,"Utopia - Mukwonago,WI",290497,Utopia - Global Parent,Dave Jeffers,United States,1.00,DR,450,N
00010,        CIN2,MFP1883,MFP1883,MFP1883-FD,2626574,999,2026,3,2026-03-04 00:00:00,1292.7384,10220,336657,"O-I, Plant - Auburn, NY",340177,"O-I, Inc. - Global Parent",Bryan Fuka,United States,6.00,DR,2850,N
00010,        CIN2,MP498340R,MP498340R,MP498340R-PL,2638082,999,2026,3,2026-03-04 00:00:00,18.1437,10230,327399,"Coaterex - Columbus, OH",327399,"Coaterex - Columbus, OH",Dave Jeffers,United States,1.00,PL,40,N
00020,        AUBA,MP4983R,MP4983R.E,MP4983R.E-TO,25002094,999,2026,3,2026-03-04 00:00:00,19999.796,20230,334716,Nelipak (X) Derry GB,334790,Nelipak - Global Parent,Krist Vanderstiggel,United Kingdom,20.00,TO,44091.99999999999,N
00035,        MUM3,MF1306D,MF1306D.S,MF1306D.S-PD,2644695,999,2026,3,2026-03-05 00:00:00,16000,35230,317022,R.V. Business Centre-India,346703,A One R.V. - Global Parent,Deepak Agarwal,India,16000.00,KG,35273.6,N
00035,        MUM3,MF1406,MF1406.S,MF1406.S-PD,2644694,999,2026,3,2026-03-05 00:00:00,16000,35230,317198,A One Paper Impex-India,346703,A One R.V. - Global Parent,Deepak Agarwal,India,16000.00,KG,35273.6,N
00010,        CIN2,MFHS268,MFHS268,MFHS268-OP,2569143,999,2026,3,2026-03-06 00:00:00,16329.328000000001,10240,327947,"FMS Enterprises - Lincolnton, NC",352994,FMS Enterprises - Global Parent,Brendan Schloerb,United States,80.00,DR,36000,N
00020,        AUBA,MFP1883,MFP1883.E,MFP1883.E-PL,26000416,999,2026,3,2026-03-06 00:00:00,18,20230,288577,Apaco Grosshandel (X) Wien AT,290632,Apaco - Global Parent,Alexandre Pomes,Austria,1.00,PL,39.6832,N
00020,        AUBA,MP4983RAM,MP4983RAM.E,MP4983RAM.E-TO,26000128,999,2026,3,2026-03-06 00:00:00,8000,20230,155951,Amcor (X) Gent BE,290487,Amcor Flexibles - Global Parent,Krist Vanderstiggel,Belgium,8.00,TO,17636.98,N
00030,        SING,251194NX,251194NX.S,251194NX.S-PL,2645151,999,2026,3,2026-03-06 00:00:00,144,SING,338064,TVS SCS SINGAPORE PTE LTD,338064,TVS SCS SINGAPORE PTE LTD,,Singapore,8.00,PL,317.4656,N
00010,        CINC,MP498340D,MP498340D,MP498340D,2638875,999,2026,3,2026-03-09 00:00:00,18407.088,10240,21944,"Saint Gobain - Albion, NY (East Avenue)",290179,Saint Gobain - Global Parent,Brendan Schloerb,United States,40580.00,LB,40580,N
00020,        AUBA,251379PX,251379PX.E,251379PX.E-PD,26000317,999,2026,3,2026-03-09 00:00:00,200,20230,308030,Keyser  Mackay (X) Dietikon CH,290511,K&M Switzerland - Global Parent,Marie-Annette Mahy,Switzerland,1.00,DR,440.9245,N
00020,        AUBA,251379PX,251379PX.E,251379PX.E-PL,26000317,999,2026,3,2026-03-09 00:00:00,54,20230,308030,Keyser  Mackay (X) Dietikon CH,290511,K&M Switzerland - Global Parent,Marie-Annette Mahy,Switzerland,3.00,PL,119.0496,N
00010,        CIN2,251194NX,251194NX,251194NX-PL,2646929,999,2026,3,2026-03-10 00:00:00,54.4311,10230,291971,"RTA (Soluciones del Futuro) - Miami, FL",291971,"RTA (Soluciones del Futuro) - Miami, FL",Dave Jeffers,United States,3.00,PL,120,N
00010,        CIN2,MP4983R,MP4983R,MP4983R-T3,2506171,999,2026,3,2026-03-10 00:00:00,18370.4925,10230,309311,"Amcor - Oshkosh, WI (N Main)",290487,Amcor Flexibles - Global Parent,Brad Durden,United States,15.00,TO,40500,N
00010,        CIN2,MP4983R,MP4983R,MP4983R-T3,2629072,999,2026,3,2026-03-10 00:00:00,3674.0985,10230,328339,"Pixelle - Spring Grove, PA",328585,Pixelle - Global Parent,Andrew Suski,United States,3.00,TO,8100,N
00010,        CIN2,MT242AF,MT242AF,MT242AF-PL,2642675,999,2026,3,2026-03-10 00:00:00,127.0059,10230,299103,"Capitol City Container - Indianapolis,IN",299103,"Capitol City Container - Indianapolis,IN",Moses Martinez,United States,7.00,PL,280,N
00020,        AUBA,MP4983R,MP4983R.E,MP4983R.E,26000233,999,2026,3,2026-03-10 00:00:00,22080,20230,296616,Sterimed (X) Amelie FR,327014,Sterimed - Global Parent,Marie-Annette Mahy,France,22080.00,KG,48677.568,N
00035,        MUM3,MF1204,MF1204.S,MF1204.S-TL,2643702,999,2026,3,2026-03-10 00:00:00,22000,35230,317984,Montage Enterprises - Noida,300957,Montage - Global Parent,Deepak Agarwal,India,22000.00,KG,48501.2,N
00035,        MUM3,MF1406,MF1406.S,MF1406.S-PD,2644538,999,2026,3,2026-03-10 00:00:00,72,35230,341004,CILICANT PRIVATE LIMITED,360325,CILICANT - Global Parent,Rohan Aranjo,India,72.00,KG,158.7312,N
00010,        CIN2,DPI8600,DPI8600,DPI8600-FD,2638874,999,2026,3,2026-03-11 00:00:00,204.1166,10230,287283,"Wausau Coated - Wausau, WI",290604,Wausau Coated - Global Parent,Dave Jeffers,United States,1.00,DR,450,N
00010,        CIN2,DPI8600,DPI8600,DPI8600-PL,2638874,999,2026,3,2026-03-11 00:00:00,72.5748,10230,287283,"Wausau Coated - Wausau, WI",290604,Wausau Coated - Global Parent,Dave Jeffers,United States,4.00,PL,160,N
00010,        CIN2,MFP1853R,MFP1853R,MFP1853R-PL,2643241,999,2026,3,2026-03-11 00:00:00,18.1437,10230,293866,"Mimir Flexo - Troy, MO",293866,"Mimir Flexo - Troy, MO",Jim McNally,United States,1.00,PL,40,N
00020,        AUBA,MP2960,MP2960.E,MP2960.E-TO,26000277,999,2026,3,2026-03-11 00:00:00,12000,20240,324185,Avient (X)  Geleen NL,309093,Avient - Global Parent,Philippe Chabanne,Netherlands,12.00,TO,26455.47,N
00020,        AUBA,MP48525R,MP48525R.E,MP48525R.E-PD,26000346,999,2026,3,2026-03-11 00:00:00,799.992,20230,346553,ITASA (X) ANDOAIN ES,346553,ITASA (X) ANDOAIN ES,Marie-Annette Mahy,Spain,4.00,DR,1763.68,N
00020,        AUBA,MP498340R,MP498340R.E,MP498340R.E-TO,26000319,999,2026,3,2026-03-11 00:00:00,7600,20220,337819,Henkel (X) Amsterdam NL,290122,Henkel - Global Parent,Luc Vanderstappen,Netherlands,8.00,TO,16755.1312,N
00020,        AUBA,MP4983R,MP4983R.E,MP4983R.E-TO,26000345,999,2026,3,2026-03-11 00:00:00,7999.9184,20230,68767,Pelta Medical (X) Cumbria GB,68767,Pelta Medical (X) Cumbria GB,Alexandre Pomes,United Kingdom,8.00,TO,17636.8,N
00020,        AUBA,PA845H,PA845H,PA845H-T2,26000068,999,2026,3,2026-03-11 00:00:00,3991.6132,20240,307541,Procotex (X) Plouay FR,349386,Procotex - Global Parent,Philippe Chabanne,France,4.00,TO,8800,N
00035,        MUM3,MF1306D,MF1306D.S,MF1306D.S-PD,2647326,999,2026,3,2026-03-11 00:00:00,16000,35230,317198,A One Paper Impex-India,346703,A One R.V. - Global Parent,Deepak Agarwal,India,16000.00,KG,35273.6,N
00035,        MUM3,MF1306D,MF1306D.S,MF1306D.S-PD,2647342,999,2026,3,2026-03-11 00:00:00,16000,35230,317022,R.V. Business Centre-India,346703,A One R.V. - Global Parent,Deepak Agarwal,India,16000.00,KG,35273.600000000006,N
00035,        MUM3,MF1406,MF1406.S,MF1406.S-PD,2644696,999,2026,3,2026-03-11 00:00:00,16000,35230,317198,A One Paper Impex-India,346703,A One R.V. - Global Parent,Deepak Agarwal,India,16000.00,KG,35273.6,N
00035,        MUM3,MF1406,MF1406.S,MF1406.S-PD,2647325,999,2026,3,2026-03-11 00:00:00,16000,35230,317198,A One Paper Impex-India,346703,A One R.V. - Global Parent,Deepak Agarwal,India,16000.00,KG,35273.6,N
00010,        CIN2,MFHS268,MFHS268,MFHS268-OP,2569144,999,2026,3,2026-03-12 00:00:00,16329.328000000001,10240,327947,"FMS Enterprises - Lincolnton, NC",352994,FMS Enterprises - Global Parent,Brendan Schloerb,United States,80.00,DR,36000,N
00010,        CIN2,MP498340R,MP498340R,MP498340R-FD,2617643,999,2026,3,2026-03-12 00:00:00,6531.7312,10200,288399,Michelman New Material Shanghai Co Ltd,291477,Michelman Asia-Pacific - Global Parent,,China,32.00,DR,14400,N
00010,        CIN2,MP2960,MP2960,MP2960-T2,2623880,999,2026,3,2026-03-13 00:00:00,17962.2594,10240,311790,"Avient Protective Mat.- Greenville, NC",309093,Avient - Global Parent,Brendan Schloerb,United States,18.00,TO,39600,N
00010,        CIN2,PA845H,PA845H,PA845H-OP,2600862,999,2026,3,2026-03-13 00:00:00,4898.7984,10240,292816,"Mitsubishi Chemical - Sacramento, CA",333999,Mitsubishi Chemical F&C-Global Parent,Brendan Schloerb,United States,24.00,DR,10800,N
00020,        AUBA,251194NX,251194NX.E,251194NX.E-P1,26000467,999,2026,3,2026-03-13 00:00:00,960,20230,288577,Apaco Grosshandel (X) Wien AT,290632,Apaco - Global Parent,Alexandre Pomes,Austria,2.00,PA,2116.4376,N
00020,        AUBA,MP4983R,MP4983R.E,MP4983R.E-TO,26000128,999,2026,3,2026-03-13 00:00:00,7999.9184,20230,155951,Amcor (X) Gent BE,290487,Amcor Flexibles - Global Parent,Krist Vanderstiggel,Belgium,8.00,TO,17636.8,N
00034,        SHAN,MF1406,MF1406.S,MF1406.S-TL,2623485,999,2026,3,2026-03-13 00:00:00,1000,34230,338302,Guangzhou HengJiu-China,356313,Guangzhou HengJiu-Global Parent,"Wang,Lu( Leon)",China,1.00,TO,2204.6225,N
00034,        SHAN,PA845H,PA845H,PA845H-OP,2649652,999,2026,3,2026-03-13 00:00:00,1632.8,34240,345139,Youchuang New material-China,345139,Youchuang New material-China,Ethan Cheng,China,1632.80,KG,3599.67088,N
00035,        MUM3,MF1406,MF1406.S,MF1406.S-PD,2649929,999,2026,3,2026-03-13 00:00:00,16000,35230,317022,R.V. Business Centre-India,346703,A One R.V. - Global Parent,Deepak Agarwal,India,16000.00,KG,35273.6,N
00010,        CIN2,251194NX,251194NX,251194NX-PL,2646929,999,2026,3,2026-03-16 00:00:00,36.2874,10230,291971,"RTA (Soluciones del Futuro) - Miami, FL",291971,"RTA (Soluciones del Futuro) - Miami, FL",Dave Jeffers,United States,2.00,PL,80,N
00010,        CIN2,MFP1853R,MFP1853R,MFP1853R-FD,2645723,999,2026,3,2026-03-16 00:00:00,408.2332,10230,337052,"Utopia - Mukwonago,WI",290497,Utopia - Global Parent,Dave Jeffers,United States,2.00,DR,900,N
00010,        CIN2,MP4983R,MP4983R,MP4983R-T3,2638703,999,2026,3,2026-03-16 00:00:00,8572.896499999999,10230,290936,"Loparex - Hammond, WI",290137,Loparex - Global Parent,Brad Durden,United States,7.00,TO,18900,N
00020,        AUBA,251194NX,251194NX.E,251194NX.E-P1,26000461,999,2026,3,2026-03-16 00:00:00,960,20230,49118,Soconomar (X) Milano IT,290539,Soconomar - Global Parent,Krist Vanderstiggel,Italy,2.00,PA,2116.4376,N
00020,        AUBA,MFP1853R,MFP1853R.E,MFP1853R.E-PD,26000409,999,2026,3,2026-03-16 00:00:00,200,20200,312396,Michelman (X) Shanghai PC,291477,Michelman Asia-Pacific - Global Parent,,China,1.00,DR,440.9245,N
00020,        AUBA,MFP1853R,MFP1853R.E,MFP1853R.E-PL,26000413,999,2026,3,2026-03-16 00:00:00,198,20230,49118,Soconomar (X) Milano IT,290539,Soconomar - Global Parent,Krist Vanderstiggel,Italy,11.00,PL,436.5152,N
00030,        SING,MP4983R,MP4983R.S,MP4983R.S-PL,2651859,999,2026,3,2026-03-16 00:00:00,18,SING,338064,TVS SCS SINGAPORE PTE LTD,338064,TVS SCS SINGAPORE PTE LTD,,Singapore,1.00,PL,39.6832,N
00035,        MUM3,MF1406,MF1406.S,MF1406.S-PD,2648860,999,2026,3,2026-03-16 00:00:00,16000,35230,317198,A One Paper Impex-India,346703,A One R.V. - Global Parent,Deepak Agarwal,India,16000.00,KG,35273.6,N
00035,        MUM3,MF1406,MF1406.S,MF1406.S-PD,2648861,999,2026,3,2026-03-16 00:00:00,16000,35230,317022,R.V. Business Centre-India,346703,A One R.V. - Global Parent,Deepak Agarwal,India,16000.00,KG,35273.600000000006,N
00010,        CIN2,MT242AF,MT242AF,MT242AF-FD,2646950,999,2026,3,2026-03-17 00:00:00,646.3692,10230,22470,"Southeastern Ppbd - Piedmont, SC",22470,"Southeastern Ppbd - Piedmont, SC",Jim McNally,United States,3.00,DR,1425,N
00010,        CIN2,PA845H,PA845H,PA845H-KP,2646917,999,2026,3,2026-03-17 00:00:00,2400.4103999999998,10200,27237,Michelman Asia-Pac. - Singapore,291477,Michelman Asia-Pacific - Global Parent,,Singapore,12.00,DR,5292,N
00034,        SHAN,PA845H,PA845H,PA845H-OP,2652558,999,2026,3,2026-03-17 00:00:00,1632.8,34240,331921,Nantong Fuyuan-China,331921,Nantong Fuyuan-China,Ethan Cheng,China,1632.80,KG,3599.67088,N
00035,        MUM3,MF1406,MF1406.S,MF1406.S-PD,2649927,999,2026,3,2026-03-17 00:00:00,16000,35230,317198,A One Paper Impex-India,346703,A One R.V. - Global Parent,Deepak Agarwal,India,16000.00,KG,35273.6,N
00035,        MUM3,MF1406,MF1406.S,MF1406.S-PD,2649928,999,2026,3,2026-03-17 00:00:00,16000,35230,317198,A One Paper Impex-India,346703,A One R.V. - Global Parent,Deepak Agarwal,India,16000.00,KG,35273.6,N
00010,        CIN2,MFHS268,MFHS268,MFHS268-OP,2569145,999,2026,3,2026-03-19 00:00:00,16329.328000000001,10240,327947,"FMS Enterprises - Lincolnton, NC",352994,FMS Enterprises - Global Parent,Brendan Schloerb,United States,80.00,DR,36000,N
00020,        AUBA,PH00001A,PH00001A.E,PH00001A.E-TO,26000506,999,2026,3,2026-03-19 00:00:00,1000,20220,49118,Soconomar (X) Milano IT,290539,Soconomar - Global Parent,Luc Vanderstappen,Italy,1.00,TO,2204.6225,N
00010,        CIN2,MP498340R,MP498340R,MP498340R-T3,2654629,999,2026,3,2026-03-20 00:00:00,3538.0206000000003,10240,357599,"W.F. Taylor LLC-Dalton, GA",357599,"W.F. Taylor LLC-Dalton, GA",Samuel Hankins,United States,3.00,TO,7800,N
00020,        AUBA,MFP1853R,MFP1853R.E,MFP1853R.E-PD,26000490,999,2026,3,2026-03-20 00:00:00,1000,20200,312396,Michelman (X) Shanghai PC,291477,Michelman Asia-Pacific - Global Parent,,China,5.00,DR,2204.6225,N
00030,        SNG4,MF1406,MF1406.S,MF1406.S-PD,2621120,999,2026,3,2026-03-20 00:00:00,16000,30200,317300,Michelman Private Ltd,291477,Michelman Asia-Pacific - Global Parent,,India,16000.00,KG,35273.6,N
00035,        MUM3,MF1204,MF1204.S,MF1204.S-TL,2652639,999,2026,3,2026-03-20 00:00:00,22000,35230,317984,Montage Enterprises - Noida,300957,Montage - Global Parent,Deepak Agarwal,India,22000.00,KG,48501.2,N
00030,        SNG4,MF1406,MF1406.S,MF1406.S-PD,2621121,999,2026,3,2026-03-21 00:00:00,16000,30200,317300,Michelman Private Ltd,291477,Michelman Asia-Pacific - Global Parent,,India,16000.00,KG,35273.6,N
00030,        SNG4,MF1406,MF1406.S,MF1406.S-PD,2621122,999,2026,3,2026-03-22 00:00:00,16000,30200,317300,Michelman Private Ltd,291477,Michelman Asia-Pacific - Global Parent,,India,16000.00,KG,35273.6,N
00010,        CIN2,MED310,MED310,MED310-T2,2642641,999,2026,3,2026-03-23 00:00:00,1995.8066,10220,341503,3M PP SAN LUIS POTOSI Plant - Mexico,290059,3M - Global Parent,Bryan Fuka,Mexico,2.00,TO,4400,N
00035,        MUM3,MF1306D,MF1306D.S,MF1306D.S-PD,2655133,999,2026,3,2026-03-23 00:00:00,16000,35230,317022,R.V. Business Centre-India,346703,A One R.V. - Global Parent,Deepak Agarwal,India,16000.00,KG,35273.6,N
00035,        MUM3,MF1406,MF1406.S,MF1406.S-PD,2653407,999,2026,3,2026-03-23 00:00:00,16000,35230,317198,A One Paper Impex-India,346703,A One R.V. - Global Parent,Deepak Agarwal,India,16000.00,KG,35273.6,N
00035,        MUM3,MF1406,MF1406.S,MF1406.S-PD,2653408,999,2026,3,2026-03-23 00:00:00,16000,35230,317022,R.V. Business Centre-India,346703,A One R.V. - Global Parent,Deepak Agarwal,India,16000.00,KG,35273.6,N
00010,        CIN2,251194NX,251194NX,251194NX-PL,2650056,999,2026,3,2026-03-24 00:00:00,435.4488,10230,323912,"S-One/ Sarasota,FL(CORP OFFICE)",319906,S-One Labels - GLOBAL PARENT,Dave Jeffers,United States,24.00,PL,960,N
00010,        CIN2,251194NX,251194NX,251194NX-PL,2650057,999,2026,3,2026-03-24 00:00:00,435.4488,10230,323912,"S-One/ Sarasota,FL(CORP OFFICE)",319906,S-One Labels - GLOBAL PARENT,Dave Jeffers,United States,24.00,PL,960,N
00020,        AUBA,MP4983RHSA,MP4983RHSA.E,MP4983RHSA.E-TO,26000457,999,2026,3,2026-03-24 00:00:00,9499.903,20230,287412,"Sihl (X) Dueren, DE",287412,"Sihl (X) Dueren, DE",Krist Vanderstiggel,Germany,10.00,TO,20943.699999999997,N
00020,        AUBA,PH00017E,PH00017E.E,PH00017E.E-TO,26000479,999,2026,3,2026-03-24 00:00:00,2000,20220,352288,Vera (X) Irigny FR,309140,MacDermid - Global Parent,Luc Vanderstappen,France,2.00,TO,4409.245,N
00035,        MUM3,MF1204,MF1204.S,MF1204.S-TL,2655005,999,2026,3,2026-03-24 00:00:00,22000,35230,317984,Montage Enterprises - Noida,300957,Montage - Global Parent,Deepak Agarwal,India,22000.00,KG,48501.200000000004,N
00035,        MUM3,MF1306D,MF1306D.S,MF1306D.S-PD,2655131,999,2026,3,2026-03-24 00:00:00,16000,35230,317198,A One Paper Impex-India,346703,A One R.V. - Global Parent,Deepak Agarwal,India,16000.00,KG,35273.6,N
00035,        MUM3,MF1306D,MF1306D.S,MF1306D.S-PD,2655132,999,2026,3,2026-03-24 00:00:00,16000,35230,317198,A One Paper Impex-India,346703,A One R.V. - Global Parent,Deepak Agarwal,India,16000.00,KG,35273.6,N
00010,        CIN2,MP48525R,MP48525R,MP48525R-FD,2628219,999,2026,3,2026-03-25 00:00:00,215.4564,10230,323912,"S-One/ Sarasota,FL(CORP OFFICE)",319906,S-One Labels - GLOBAL PARENT,Dave Jeffers,United States,1.00,DR,475,N
00010,        CIN2,MP4983R,MP4983R,MP4983R-T3,2646919,999,2026,3,2026-03-25 00:00:00,7348.197,10230,21934,"ProAmpac - Neenah, WI",301399,ProAmpac - Global Parent,Brad Durden,United States,6.00,TO,16200,N
00010,        CIN2,MP4983R,MP4983R,MP4983R-T3,2647707,999,2026,3,2026-03-25 00:00:00,4898.798,10230,290936,"Loparex - Hammond, WI",290137,Loparex - Global Parent,Brad Durden,United States,4.00,TO,10800,N
00020,        AUBA,251194NX,251194NX.E,251194NX.E-P1,26000432,999,2026,3,2026-03-25 00:00:00,480,20230,336660,S-One Labels (X) Saarbruecken DE,319906,S-One Labels - GLOBAL PARENT,Laurence Vast,Germany,1.00,PA,1058.2188,N
00020,        AUBA,251194NX,251194NX.E,251194NX.E-P1,26000480,999,2026,3,2026-03-25 00:00:00,960,20230,297908,Dataline (X) Prague CZ,297908,Dataline (X) Prague CZ,Tomasz Machnik,Czech Republic,2.00,PA,2116.4376,N
00010,        CIN2,KHI205,KHI205,KHI205-FD,2648519,999,2026,3,2026-03-27 00:00:00,1292.7384,10220,23212,"KHI Coatings - Oxford, MI",23212,"KHI Coatings - Oxford, MI",Tim Baker,United States,6.00,DR,2850,N
00010,        CIN2,KHI340,KHI340,KHI340-FD,2648519,999,2026,3,2026-03-27 00:00:00,1224.6996,10220,23212,"KHI Coatings - Oxford, MI",23212,"KHI Coatings - Oxford, MI",Tim Baker,United States,6.00,DR,2700,N
00010,        CIN2,MP2960,MP2960,MP2960-T2,2547011,999,2026,3,2026-03-27 00:00:00,17962.2594,10240,311790,"Avient Protective Mat.- Greenville, NC",309093,Avient - Global Parent,Brendan Schloerb,United States,18.00,TO,39600,N
00020,        AUBA,201250PX,201250PX.E,201250PX.E-PL,26000484,999,2026,3,2026-03-27 00:00:00,36,20230,291539,Brigal  (X) NIGRAN ES,330997,Brigal - Global Parent,Laurence Vast,Spain,2.00,PL,79.3664,N
00020,        AUBA,251194NX,251194NX.E,251194NX.E-B1,26000492,999,2026,3,2026-03-27 00:00:00,19.9998,20230,291539,Brigal  (X) NIGRAN ES,330997,Brigal - Global Parent,Laurence Vast,Spain,1.00,B1,44.0919,N
00020,        AUBA,251194NX,251194NX.E,251194NX.E-P1,26000484,999,2026,3,2026-03-27 00:00:00,480,20230,291539,Brigal  (X) NIGRAN ES,330997,Brigal - Global Parent,Laurence Vast,Spain,1.00,PA,1058.2188,N
00030,        SING,MP4983R,MP4983R.S,MP4983R.S-PL,2660167,999,2026,3,2026-03-27 00:00:00,18,SING,338064,TVS SCS SINGAPORE PTE LTD,338064,TVS SCS SINGAPORE PTE LTD,,Singapore,1.00,PL,39.6832,N
00030,        SING,PA845H,PA845H,PA845H-KP,2646907,999,2026,3,2026-03-27 00:00:00,2400.41,30240,333264,HoJoo Communication-Korea,333264,HoJoo Communication-Korea,Brandon Lee,South Korea,2400.41,KG,5291.943886,N
00030,        SNG4,MP4983R,MP4983R.S,MP4983R.S-PL,2647358,999,2026,3,2026-03-27 00:00:00,18,30200,300385,Michelman New Material - China,291477,Michelman Asia-Pacific - Global Parent,,China,1.00,PL,39.6832,N
00030,        SNG4,MP4983R,MP4983R.S,MP4983R.S-PL,2657201,999,2026,3,2026-03-27 00:00:00,18,30200,300385,Michelman New Material - China,291477,Michelman Asia-Pacific - Global Parent,,China,1.00,PL,39.6832,N
00030,        SNG4,PR5985,PR5985.S,PR5985.S,2659633,999,2026,3,2026-03-27 00:00:00,7150,SNG4,26227,Singapore Manufacturing,26227,Singapore Manufacturing,,Singapore,7150.00,KG,15762.89,N
00035,        MUM3,MF1306D,MF1306D.S,MF1306D.S-PD,2658078,999,2026,3,2026-03-27 00:00:00,16000,35230,317198,A One Paper Impex-India,346703,A One R.V. - Global Parent,Deepak Agarwal,India,16000.00,KG,35273.6,N
00035,        MUM3,MF1306D,MF1306D.S,MF1306D.S-PD,2658079,999,2026,3,2026-03-27 00:00:00,16000,35230,317022,R.V. Business Centre-India,346703,A One R.V. - Global Parent,Deepak Agarwal,India,16000.00,KG,35273.6,N
00010,        CIN2,251194NX,251194NX,251194NX-PL,2647758,999,2026,3,2026-03-30 00:00:00,435.4488,10230,323912,"S-One/ Sarasota,FL(CORP OFFICE)",319906,S-One Labels - GLOBAL PARENT,Dave Jeffers,United States,24.00,PL,960,N
00010,        CIN2,DPI8600,DPI8600,DPI8600-FD,2658433,999,2026,3,2026-03-30 00:00:00,204.1166,10230,287283,"Wausau Coated - Wausau, WI",290604,Wausau Coated - Global Parent,Dave Jeffers,United States,1.00,DR,450,N
00010,        CIN2,MP498345N,MP498345N,MP498345N-FD,2632634,999,2026,3,2026-03-30 00:00:00,430.9128,10230,323912,"S-One/ Sarasota,FL(CORP OFFICE)",319906,S-One Labels - GLOBAL PARENT,Dave Jeffers,United States,2.00,DR,950,N
00010,        CIN2,UBD211,UBD211,UBD211-T3,2654629,999,2026,3,2026-03-30 00:00:00,3538.0206000000003,10240,356624,"Polycom Industries-Dalton, GA",356624,"Polycom Industries-Dalton, GA",Samuel Hankins,United States,3.00,TO,7800,N
00010,        CINC,MP498340D,MP498340D,MP498340D,2646916,999,2026,3,2026-03-30 00:00:00,18144,10240,21944,"Saint Gobain - Albion, NY (East Avenue)",290179,Saint Gobain - Global Parent,Brendan Schloerb,United States,40000.00,LB,40000,N
00020,        AUBA,251095NX,251095NX.E,251095NX.E-PL,26000494,999,2026,3,2026-03-30 00:00:00,18,20230,291539,Brigal  (X) NIGRAN ES,330997,Brigal - Global Parent,Laurence Vast,Spain,1.00,PL,39.6832,N
00020,        AUBA,251194NX,251194NX.E,251194NX.E-P1,26000582,999,2026,3,2026-03-30 00:00:00,480,20230,288577,Apaco Grosshandel (X) Wien AT,290632,Apaco - Global Parent,Alexandre Pomes,Austria,1.00,PA,1058.2188,N
00020,        AUBA,251194NX,251194NX.E,251194NX.E-PL,26000494,999,2026,3,2026-03-30 00:00:00,18,20230,291539,Brigal  (X) NIGRAN ES,330997,Brigal - Global Parent,Laurence Vast,Spain,1.00,PL,39.6832,N
00020,        AUBA,MF4915,MF4915.E,MF4915.E-TO,26000391,999,2026,3,2026-03-30 00:00:00,5600,20230,291650,Constantia (X) Weiden DE,297153,Constantia - Global Parent,Alexandre Pomes,Germany,7.00,TO,12345.886,N
00020,        AUBA,MP4932,MP4932.E,MP4932.E-PD,26000620,999,2026,3,2026-03-30 00:00:00,400,20230,309029,Bobst (X) San Giorgio IT,311787,Bobst - Global Parent,Krist Vanderstiggel,Italy,2.00,DR,881.849,N
00020,        AUBA,MP4983R,MP4983R.E,MP4983R.E,26000270,999,2026,3,2026-03-30 00:00:00,22000,20230,296616,Sterimed (X) Amelie FR,327014,Sterimed - Global Parent,Marie-Annette Mahy,France,22000.00,KG,48501.200000000004,N
00030,        SNG4,PR5985,PR5985.S,PR5985.S,2660441,999,2026,3,2026-03-30 00:00:00,5850,SNG4,26227,Singapore Manufacturing,26227,Singapore Manufacturing,,Singapore,5850.00,KG,12896.91,N
00034,        SHAN,MFP1853R,MFP1853R.E,MFP1853R.E-PD,2642975,999,2026,3,2026-03-30 00:00:00,200,34230,354159,Jiangsu Kaiwei - China,354159,Jiangsu Kaiwei - China,"Wang,Lu( Leon)",China,1.00,DR,440.9245,N
00010,        CIN2,MP4983RN,MP4983RN,MP4983RN-FD,2640335,999,2026,3,2026-03-31 00:00:00,17236.512,10230,20968,"Neenah Inc - Munising, MI",290523,Neenah Inc. - Global Parent,Andrew Suski,United States,80.00,DR,38000,N
00020,        AUBA,MF4915,MF4915.E,MF4915.E-TO,26000371,999,2026,3,2026-03-31 00:00:00,4800,20230,288244,Constantia Teich  (X) Weinburg AT,297153,Constantia - Global Parent,Alexandre Pomes,Austria,6.00,TO,10582.188,N
00030,        SNG4,PR5985,PR5985.S,PR5985.S,2662584,999,2026,3,2026-03-31 00:00:00,5850,SNG4,26227,Singapore Manufacturing,26227,Singapore Manufacturing,,Singapore,5850.00,KG,12896.91,N
00030,        SNG4,PR5985,PR5985.S,PR5985.S,2663221,999,2026,3,2026-03-31 00:00:00,650,SNG4,26227,Singapore Manufacturing,26227,Singapore Manufacturing,,Singapore,650.00,KG,1432.99,N
00035,        MUM3,MF1204,MF1204.S,MF1204.S-TL,2658875,999,2026,3,2026-03-31 00:00:00,22000,35230,317984,Montage Enterprises - Noida,300957,Montage - Global Parent,Deepak Agarwal,India,22000.00,KG,48501.200000000004,N
00010,        CIN2,MP4983R,MP4983R,MP4983R-KP,2647798,999,2026,4,2026-04-01 00:00:00,200.0342,10230,330151,"Galas de Mexico - Mexico City, MX",330151,"Galas de Mexico - Mexico City, MX",Dave Jeffers,Mexico,1.00,DR,441,N
00010,        CIN2,RM108,RM108,RM108-T3,2638048,999,2026,4,2026-04-01 00:00:00,15921.093499999999,10230,21702,"Oliver-Tolas Health - Feasterville, PA",290128,Oliver Tolas - Global Parent,Brad Durden,United States,13.00,TO,35100,N
00030,        SING,MF1204,MF1204.S,MF1204.S-TL,2664125,999,2026,4,2026-04-01 00:00:00,10000,SING,338064,TVS SCS SINGAPORE PTE LTD,338064,TVS SCS SINGAPORE PTE LTD,,Singapore,10.00,TO,22046.225,N
00030,        SING,MF1204,MF1204.S,MF1204.S-TL,2664126,999,2026,4,2026-04-01 00:00:00,10000,SING,338064,TVS SCS SINGAPORE PTE LTD,338064,TVS SCS SINGAPORE PTE LTD,,Singapore,10.00,TO,22046.225,N
00030,        SING,MF1204,MF1204.S,MF1204.S-TL,2664127,999,2026,4,2026-04-01 00:00:00,10000,SING,338064,TVS SCS SINGAPORE PTE LTD,338064,TVS SCS SINGAPORE PTE LTD,,Singapore,10.00,TO,22046.225,N
00030,        SING,MF1204,MF1204.S,MF1204.S-TL,2664129,999,2026,4,2026-04-01 00:00:00,1000,SING,338064,TVS SCS SINGAPORE PTE LTD,338064,TVS SCS SINGAPORE PTE LTD,,Singapore,1.00,TO,2204.6225,N
00030,        SING,MP4982SC,MP4982SC.S,MP4982SC.S-PD,2664201,999,2026,4,2026-04-01 00:00:00,420,SING,338064,TVS SCS SINGAPORE PTE LTD,338064,TVS SCS SINGAPORE PTE LTD,,Singapore,2.00,DR,925.9414,N
00030,        SING,PH00017E,PH00017E.S,PH00017E.S-PL,2664201,999,2026,4,2026-04-01 00:00:00,108,SING,338064,TVS SCS SINGAPORE PTE LTD,338064,TVS SCS SINGAPORE PTE LTD,,Singapore,6.00,PL,238.0992,N
00010,        CIN2,251095NX,251095NX,251095NX-PL,2665299,999,2026,4,2026-04-02 00:00:00,18.1437,10230,323912,"S-One/ Sarasota,FL(CORP OFFICE)",319906,S-One Labels - GLOBAL PARENT,Dave Jeffers,United States,1.00,PL,40,N
00010,        CIN2,251194NX,251194NX,251194NX-PL,2665299,999,2026,4,2026-04-02 00:00:00,18.1437,10230,323912,"S-One/ Sarasota,FL(CORP OFFICE)",319906,S-One Labels - GLOBAL PARENT,Dave Jeffers,United States,1.00,PL,40,N
00010,        CIN2,MFHS268,MFHS268,MFHS268-OP,2569146,999,2026,4,2026-04-02 00:00:00,16329.328000000001,10240,327947,"FMS Enterprises - Lincolnton, NC",352994,FMS Enterprises - Global Parent,Brendan Schloerb,United States,80.00,DR,36000,N
00010,        CIN2,MP4983R,MP4983R,MP4983R-PL,2627706,999,2026,4,2026-04-02 00:00:00,36.2874,10220,115964,"Qfix - Avondale, PA (Anholt)",115964,"Qfix - Avondale, PA (Anholt)",Tammy Patton,United States,2.00,PL,80,N
00010,        CINC,MP4983R,MP4983R,MP4983R,2628235,999,2026,4,2026-04-02 00:00:00,18144,10230,309311,"Amcor - Oshkosh, WI (N Main)",290487,Amcor Flexibles - Global Parent,Brad Durden,United States,40000.00,LB,40000,N
00020,        AUBA,251194NX,251194NX.E,251194NX.E-B1,26000594,999,2026,4,2026-04-02 00:00:00,19.9998,20230,308030,Keyser  Mackay (X) Dietikon CH,290511,K&M Switzerland - Global Parent,Marie-Annette Mahy,Switzerland,1.00,B1,44.0919,N
00020,        AUBA,251194NX,251194NX.E,251194NX.E-P1,26000579,999,2026,4,2026-04-02 00:00:00,480,20230,49118,Soconomar (X) Milano IT,290539,Soconomar - Global Parent,Krist Vanderstiggel,Italy,1.00,PA,1058.2188,N
00020,        AUBA,251194NX,251194NX.E,251194NX.E-P1,26000602,999,2026,4,2026-04-02 00:00:00,480,20230,49118,Soconomar (X) Milano IT,290539,Soconomar - Global Parent,Krist Vanderstiggel,Italy,1.00,PA,1058.2188,N
00020,        AUBA,DPI8200,DPI8200.E,DPI8200.E-TO,26000450,999,2026,4,2026-04-02 00:00:00,1000,20230,300666,Avery (X FR) Oegstgeest NL,290069,Avery Dennison - Global Parent,Krist Vanderstiggel,Netherlands,1.00,TO,2204.6225,N
00020,        AUBA,MP4983R,MP4983R.E,MP4983R.E-PD,26000435,999,2026,4,2026-04-02 00:00:00,3199.968,20230,308030,Keyser  Mackay (X) Dietikon CH,290511,K&M Switzerland - Global Parent,Marie-Annette Mahy,Switzerland,16.00,DR,7054.72,N
00030,        SNG4,PR5985,PR5985.S,PR5985.S,2664205,999,2026,4,2026-04-02 00:00:00,4550,SNG4,26227,Singapore Manufacturing,26227,Singapore Manufacturing,,Singapore,4550.00,KG,10030.93,N
00020,        AUBA,MP2960,MP2960.E,MP2960.E-TO,26000675,999,2026,4,2026-04-03 00:00:00,1000,20240,324185,Avient (X)  Geleen NL,309093,Avient - Global Parent,Philippe Chabanne,Netherlands,1.00,TO,2204.6225,N
00020,        AUBA,MP4932,MP4932.E,MP4932.E-PD,26000524,999,2026,4,2026-04-03 00:00:00,400,20230,309029,Bobst (X) San Giorgio IT,311787,Bobst - Global Parent,Krist Vanderstiggel,Italy,2.00,DR,881.849,N
00030,        SNG4,MP4982SC,MP4982SC.S,MP4982SC.S-PD,2648200,999,2026,4,2026-04-03 00:00:00,420,30200,300385,Michelman New Material - China,291477,Michelman Asia-Pacific - Global Parent,,China,2.00,DR,925.9414,N
00030,        SNG4,PH00017E,PH00017E.S,PH00017E.S-PL,2648200,999,2026,4,2026-04-03 00:00:00,108,30200,300385,Michelman New Material - China,291477,Michelman Asia-Pacific - Global Parent,,China,6.00,PL,238.0992,N
00030,        SING,MF1204,MF1204.S,MF1204.S-TL,2666255,999,2026,4,2026-04-04 00:00:00,10000,SING,338064,TVS SCS SINGAPORE PTE LTD,338064,TVS SCS SINGAPORE PTE LTD,,Singapore,10.00,TO,22046.225,N
00030,        SING,MF1204,MF1204.S,MF1204.S-TL,2666256,999,2026,4,2026-04-04 00:00:00,10000,SING,338064,TVS SCS SINGAPORE PTE LTD,338064,TVS SCS SINGAPORE PTE LTD,,Singapore,10.00,TO,22046.225,N
00030,        SING,MF1204,MF1204.S,MF1204.S-TL,2666257,999,2026,4,2026-04-04 00:00:00,10000,SING,338064,TVS SCS SINGAPORE PTE LTD,338064,TVS SCS SINGAPORE PTE LTD,,Singapore,10.00,TO,22046.225,N
00030,        SING,MF1204,MF1204.S,MF1204.S-TL,2666288,999,2026,4,2026-04-04 00:00:00,1000,SING,338064,TVS SCS SINGAPORE PTE LTD,338064,TVS SCS SINGAPORE PTE LTD,,Singapore,1.00,TO,2204.6225,N
00030,        SNG4,PR5985,PR5985.S,PR5985.S,2664984,999,2026,4,2026-04-04 00:00:00,20150,SNG4,26227,Singapore Manufacturing,26227,Singapore Manufacturing,,Singapore,20150.00,KG,44422.69,N
00010,        CIN2,HSCF280,HSCF280,HSCF280-OP,2652984,999,2026,4,2026-04-06 00:00:00,1632.9328,10240,324952,"William Barnet  & Son - Spartanburg, SC",324952,"William Barnet  & Son - Spartanburg, SC",Samuel Hankins,United States,8.00,DR,3600,N
00010,        CIN2,MP04422R,MP04422R,MP04422R-FD,2626840,999,2026,4,2026-04-06 00:00:00,1723.6512,10230,329175,"Tekni-plex - Madison, WI",339215,Tekni-Plex - Global Parent,Brad Durden,United States,8.00,DR,3800,N
00010,        CIN2,MP4983R,MP4983R,MP4983R-PL,2664565,999,2026,4,2026-04-06 00:00:00,108.8622,10230,297964,"Belmark - De Pere, WI",297964,"Belmark - De Pere, WI",Brad Durden,United States,6.00,PL,240,N
00010,        CIN2,PA845H,PA845H,PA845H-OP,2659033,999,2026,4,2026-04-06 00:00:00,2449.3992,10240,330490,"Mitsubishi Chem Adv Material - Mesa, AZ",333999,Mitsubishi Chemical F&C-Global Parent,Brendan Schloerb,United States,12.00,DR,5400,N
00030,        SNG4,MF1204,MF1204.S,MF1204.S-TL,2655042,999,2026,4,2026-04-06 00:00:00,20000,30200,317300,Michelman Private Ltd,291477,Michelman Asia-Pacific - Global Parent,,India,20000.00,KG,44092,N
00030,        SNG4,PR5985,PR5985.S,PR5985.S,2664992,999,2026,4,2026-04-06 00:00:00,3250,SNG4,26227,Singapore Manufacturing,26227,Singapore Manufacturing,,Singapore,3250.00,KG,7164.950000000001,N
00030,        SNG4,PR5985,PR5985.S,PR5985.S,2667755,999,2026,4,2026-04-06 00:00:00,650,SNG4,26227,Singapore Manufacturing,26227,Singapore Manufacturing,,Singapore,650.00,KG,1432.99,N
00010,        CIN2,251194NX,251194NX,251194NX-PL,2653946,999,2026,4,2026-04-07 00:00:00,435.4488,10230,323912,"S-One/ Sarasota,FL(CORP OFFICE)",319906,S-One Labels - GLOBAL PARENT,Dave Jeffers,United States,24.00,PL,960,N
00010,        CIN2,MP4983RN,MP4983RN,MP4983RN-FD,2658302,999,2026,4,2026-04-07 00:00:00,17236.512,10230,20968,"Neenah Inc - Munising, MI",290523,Neenah Inc. - Global Parent,Andrew Suski,United States,80.00,DR,38000,N
00020,        AUBA,MP2960,MP2960.E,MP2960.E-TO,26000677,999,2026,4,2026-04-07 00:00:00,1556,20240,324185,Avient (X)  Geleen NL,309093,Avient - Global Parent,Philippe Chabanne,Netherlands,1556.00,KG,3430.3576000000003,N
00030,        SING,MF1204,MF1204.S,MF1204.S-TL,2668473,999,2026,4,2026-04-07 00:00:00,2000,SING,338064,TVS SCS SINGAPORE PTE LTD,338064,TVS SCS SINGAPORE PTE LTD,,Singapore,2.00,TO,4409.245,N
00030,        SING,MF1204,MF1204.S,MF1204.S-TL,2668474,999,2026,4,2026-04-07 00:00:00,10000,SING,338064,TVS SCS SINGAPORE PTE LTD,338064,TVS SCS SINGAPORE PTE LTD,,Singapore,10.00,TO,22046.225,N
00030,        SING,MF1204,MF1204.S,MF1204.S-TL,2668475,999,2026,4,2026-04-07 00:00:00,10000,SING,338064,TVS SCS SINGAPORE PTE LTD,338064,TVS SCS SINGAPORE PTE LTD,,Singapore,10.00,TO,22046.225,N
00030,        SING,MF1204,MF1204.S,MF1204.S-TL,2668476,999,2026,4,2026-04-07 00:00:00,10000,SING,338064,TVS SCS SINGAPORE PTE LTD,338064,TVS SCS SINGAPORE PTE LTD,,Singapore,10.00,TO,22046.225,N
00030,        SING,MF1204,MF1204.S,MF1204.S-TL,2668586,999,2026,4,2026-04-07 00:00:00,3000,SING,338064,TVS SCS SINGAPORE PTE LTD,338064,TVS SCS SINGAPORE PTE LTD,,Singapore,3.00,TO,6613.8675,N
00030,        SNG4,PR5985,PR5985.S,PR5985.S,2667919,999,2026,4,2026-04-07 00:00:00,4550,SNG4,26227,Singapore Manufacturing,26227,Singapore Manufacturing,,Singapore,4550.00,KG,10030.93,N
00035,        MUM3,MF1204,MF1204.S,MF1204.S-TL,2664930,999,2026,4,2026-04-07 00:00:00,22000,35230,317984,Montage Enterprises - Noida,300957,Montage - Global Parent,Deepak Agarwal,India,22000.00,KG,48501.200000000004,N
00010,        CIN2,MP4983R,MP4983R,MP4983R-FD,2665437,999,2026,4,2026-04-08 00:00:00,646.3692,10240,21952,"Chase Corp - Lenoir, NC",290149,Chase Corp - Global Parent,Brendan Schloerb,United States,3.00,DR,1425,N
00010,        CINC,MP2960,MP2960,MP2960-T2,2663014,999,2026,4,2026-04-08 00:00:00,1995.8066,10240,311790,"Avient Protective Mat.- Greenville, NC",309093,Avient - Global Parent,Brendan Schloerb,United States,2.00,TO,4400,N
00020,        AUBA,MFP1883,MFP1883.E,MFP1883.E-PL,26000660,999,2026,4,2026-04-08 00:00:00,126,20230,288577,Apaco Grosshandel (X) Wien AT,290632,Apaco - Global Parent,Alexandre Pomes,Austria,7.00,PL,277.7824,N
00030,        SING,MF1406,MF1406.S,MF1406.S-PD,2669317,999,2026,4,2026-04-08 00:00:00,9600,SING,338064,TVS SCS SINGAPORE PTE LTD,338064,TVS SCS SINGAPORE PTE LTD,,Singapore,48.00,DR,21164.376,N
00030,        SING,MF1406,MF1406.S,MF1406.S-PD,2669318,999,2026,4,2026-04-08 00:00:00,9600,SING,338064,TVS SCS SINGAPORE PTE LTD,338064,TVS SCS SINGAPORE PTE LTD,,Singapore,48.00,DR,21164.376,N
00030,        SNG4,PR5985,PR5985.S,PR5985.S,2668703,999,2026,4,2026-04-08 00:00:00,8450,SNG4,26227,Singapore Manufacturing,26227,Singapore Manufacturing,,Singapore,8450.00,KG,18628.870000000003,N
00034,        SHAN,MP498340R,MP498340R.S,MP498340R.S-PL,2669319,999,2026,4,2026-04-08 00:00:00,18,34230,324731,J&T Chemical -China,332367,Guangzhou J&T - Global Parent,"Wang,Lu( Leon)",China,1.00,PL,39.6832,N
00010,        CIN2,MFHS268,MFHS268,MFHS268-OP,2569147,999,2026,4,2026-04-09 00:00:00,16329.328000000001,10240,327947,"FMS Enterprises - Lincolnton, NC",352994,FMS Enterprises - Global Parent,Brendan Schloerb,United States,80.00,DR,36000,N
00010,        CIN2,MP4983R,MP4983R,MP4983R-T2,2645196,999,2026,4,2026-04-09 00:00:00,11974.8396,10230,304227,"Ahlstrom-Munksjo-Rhinelander,WI(Phillip)",304253,Ahlstrom-Munksjo - Global Parent,Brad Durden,United States,12.00,TO,26400,N
00010,        CIN2,PH00017E,PH00017E,PH00017E-OP,2664563,999,2026,4,2026-04-09 00:00:00,385.5536,10220,218851,"Columbia Chemical - Brunswick, OH",218851,"Columbia Chemical - Brunswick, OH",Tammy Patton,United States,2.00,DR,850,N
00020,        AUBA,251194NX,251194NX.E,251194NX.E-P1,26000607,999,2026,4,2026-04-09 00:00:00,960,20230,295622,Safic Alcan (X) Warrington GB,309173,Safic Alcan UK - Global Parent,Alexandre Pomes,United Kingdom,2.00,PA,2116.4376,N
00020,        AUBA,251194NX,251194NX.E,251194NX.E-P1,26000661,999,2026,4,2026-04-09 00:00:00,960,20230,288577,Apaco Grosshandel (X) Wien AT,290632,Apaco - Global Parent,Alexandre Pomes,Austria,2.00,PA,2116.4376,N
00020,        AUBA,MFP1883,MFP1883.E,MFP1883.E-TO,26000663,999,2026,4,2026-04-09 00:00:00,2000,20230,339536,Leoprint (X) Vilnius LT,339536,Leoprint (X) Vilnius LT,Laurence Vast,Lithuania,2.00,TO,4409.245,N
00030,        SING,MF1406,MF1406.S,MF1406.S-PD,2670051,999,2026,4,2026-04-09 00:00:00,5600,SING,338064,TVS SCS SINGAPORE PTE LTD,338064,TVS SCS SINGAPORE PTE LTD,,Singapore,28.00,DR,12345.886,N
00030,        SING,MF1406,MF1406.S,MF1406.S-PD,2670115,999,2026,4,2026-04-09 00:00:00,5400,SING,338064,TVS SCS SINGAPORE PTE LTD,338064,TVS SCS SINGAPORE PTE LTD,,Singapore,27.00,DR,11904.961500000001,N
00030,        SING,MP4983R,MP4983R.S,MP4983R.S-PL,2670051,999,2026,4,2026-04-09 00:00:00,36,SING,338064,TVS SCS SINGAPORE PTE LTD,338064,TVS SCS SINGAPORE PTE LTD,,Singapore,2.00,PL,79.3664,N
00030,        SNG4,251194NX,251194NX.S,251194NX.S-PL,2628640,999,2026,4,2026-04-09 00:00:00,216,30230,295588,Currie Group Pty Ltd - Australia,305914,Currie - Global Parent,Deepak Agarwal,Australia,12.00,PL,476.1984,N
00030,        SNG4,MF1204,MF1204.S,MF1204.S-TL,2655024,999,2026,4,2026-04-09 00:00:00,20000,30200,317300,Michelman Private Ltd,291477,Michelman Asia-Pacific - Global Parent,,India,20000.00,KG,44092,N
00030,        SNG4,MF1204,MF1204.S,MF1204.S-TL,2655043,999,2026,4,2026-04-09 00:00:00,20000,30200,317300,Michelman Private Ltd,291477,Michelman Asia-Pacific - Global Parent,,India,20000.00,KG,44092,N
00030,        SNG4,PR5985,PR5985.S,PR5985.S,2670136,999,2026,4,2026-04-09 00:00:00,3250,SNG4,26227,Singapore Manufacturing,26227,Singapore Manufacturing,,Singapore,3250.00,KG,7164.950000000001,N
00010,        CIN2,MP498340R,MP498340R,MP498340R-FD,2665453,999,2026,4,2026-04-10 00:00:00,408.2332,10230,347249,"3R Packaging, LLC - Miami, FL",347249,"3R Packaging, LLC - Miami, FL",Dave Jeffers,United States,2.00,DR,900,N
00010,        CIN2,MP498340R,MP498340R,MP498340R-T3,2658471,999,2026,4,2026-04-10 00:00:00,9434.7216,10240,315805,"Ques Industries - Cleveland, OH",315805,"Ques Industries - Cleveland, OH",Brendan Schloerb,United States,8.00,TO,20800,N
00020,        AUBA,251194NX,251194NX.E,251194NX.E-P1,26000648,999,2026,4,2026-04-10 00:00:00,960,20230,49118,Soconomar (X) Milano IT,290539,Soconomar - Global Parent,Krist Vanderstiggel,Italy,2.00,PA,2116.4376,N
00030,        SING,MF1204,MF1204.S,MF1204.S-TL,2670947,999,2026,4,2026-04-10 00:00:00,10000,SING,338064,TVS SCS SINGAPORE PTE LTD,338064,TVS SCS SINGAPORE PTE LTD,,Singapore,10.00,TO,22046.225,N
00030,        SING,MF1204,MF1204.S,MF1204.S-TL,2670948,999,2026,4,2026-04-10 00:00:00,10000,SING,338064,TVS SCS SINGAPORE PTE LTD,338064,TVS SCS SINGAPORE PTE LTD,,Singapore,10.00,TO,22046.225,N
00030,        SING,MF1204,MF1204.S,MF1204.S-TL,2670949,999,2026,4,2026-04-10 00:00:00,10000,SING,338064,TVS SCS SINGAPORE PTE LTD,338064,TVS SCS SINGAPORE PTE LTD,,Singapore,10.00,TO,22046.225,N
00030,        SING,MF1204,MF1204.S,MF1204.S-TL,2670950,999,2026,4,2026-04-10 00:00:00,4000,SING,338064,TVS SCS SINGAPORE PTE LTD,338064,TVS SCS SINGAPORE PTE LTD,,Singapore,4.00,TO,8818.49,N
00030,        SNG4,MF1204,MF1204.S,MF1204.S-TL,2655025,999,2026,4,2026-04-10 00:00:00,20000,30200,317300,Michelman Private Ltd,291477,Michelman Asia-Pacific - Global Parent,,India,20000.00,KG,44092,N
00030,        SNG4,MF1406,MF1406.S,MF1406.S-PD,2653440,999,2026,4,2026-04-10 00:00:00,16000,30200,317300,Michelman Private Ltd,291477,Michelman Asia-Pacific - Global Parent,,India,16000.00,KG,35273.6,N
00030,        SNG4,PR5985,PR5985.S,PR5985.S,2670137,999,2026,4,2026-04-10 00:00:00,11700,SNG4,26227,Singapore Manufacturing,26227,Singapore Manufacturing,,Singapore,11700.00,KG,25793.820000000003,N
00034,        SHAN,PA845H,PA845H,PA845H-OP,2649636,999,2026,4,2026-04-10 00:00:00,408.2,34240,349613,Datong Yurong-China,349613,Datong Yurong-China,Ethan Cheng,China,408.20,KG,899.91772,N
00010,        CIN2,MP4983R,MP4983R,MP4983R-PL,2669932,999,2026,4,2026-04-13 00:00:00,54.4311,10240,73582,"Atkins & Pearce - Covington, KY",73582,"Atkins & Pearce - Covington, KY",Samuel Hankins,United States,3.00,PL,120,N
00010,        CIN2,PH00017E,PH00017E,PH00017E-T2,2649293,999,2026,4,2026-04-13 00:00:00,9979.033,10220,307241,"MacDermid - Ferndale, MI",309140,MacDermid - Global Parent,Abbie Wootton,United States,10.00,TO,22000,N
00010,        CINC,MP2960,MP2960,MP2960-T2,2638015,999,2026,4,2026-04-13 00:00:00,17962.2594,10240,311790,"Avient Protective Mat.- Greenville, NC",309093,Avient - Global Parent,Brendan Schloerb,United States,18.00,TO,39600,N
00020,        AUBA,251194NX,251194NX.E,251194NX.E-B1,26000534,999,2026,4,2026-04-13 00:00:00,219.9978,20230,315667,ColorGen (X) New Germany ZA,315667,ColorGen (X) New Germany ZA,Laurence Vast,South Africa,11.00,B1,485.01090000000005,N
00020,        AUBA,251194NX,251194NX.E,251194NX.E-PL,26000534,999,2026,4,2026-04-13 00:00:00,198,20230,315667,ColorGen (X) New Germany ZA,315667,ColorGen (X) New Germany ZA,Laurence Vast,South Africa,11.00,PL,436.5152,N
00030,        SING,MF1204,MF1204.S,MF1204.S-TL,2673057,999,2026,4,2026-04-13 00:00:00,10000,SING,338064,TVS SCS SINGAPORE PTE LTD,338064,TVS SCS SINGAPORE PTE LTD,,Singapore,10.00,TO,22046.225,N
00030,        SING,MF1204,MF1204.S,MF1204.S-TL,2673058,999,2026,4,2026-04-13 00:00:00,10000,SING,338064,TVS SCS SINGAPORE PTE LTD,338064,TVS SCS SINGAPORE PTE LTD,,Singapore,10.00,TO,22046.225,N
00030,        SING,MF1204,MF1204.S,MF1204.S-TL,2673059,999,2026,4,2026-04-13 00:00:00,10000,SING,338064,TVS SCS SINGAPORE PTE LTD,338064,TVS SCS SINGAPORE PTE LTD,,Singapore,10.00,TO,22046.225,N
00030,        SING,MF1204,MF1204.S,MF1204.S-TL,2673060,999,2026,4,2026-04-13 00:00:00,7000,SING,338064,TVS SCS SINGAPORE PTE LTD,338064,TVS SCS SINGAPORE PTE LTD,,Singapore,7.00,TO,15432.3575,N
00030,        SING,MF1406,MF1406.S,MF1406.S-PD,2673040,999,2026,4,2026-04-13 00:00:00,8000,SING,338064,TVS SCS SINGAPORE PTE LTD,338064,TVS SCS SINGAPORE PTE LTD,,Singapore,40.00,DR,17636.98,N
00030,        SING,MF1406,MF1406.S,MF1406.S-PD,2673041,999,2026,4,2026-04-13 00:00:00,9600,SING,338064,TVS SCS SINGAPORE PTE LTD,338064,TVS SCS SINGAPORE PTE LTD,,Singapore,48.00,DR,21164.376,N
00030,        SING,MF1406,MF1406.S,MF1406.S-PD,2673060,999,2026,4,2026-04-13 00:00:00,2600,SING,338064,TVS SCS SINGAPORE PTE LTD,338064,TVS SCS SINGAPORE PTE LTD,,Singapore,13.00,DR,5732.0185,N
00030,        SING,MF1406,MF1406.S,MF1406.S-PD,2673077,999,2026,4,2026-04-13 00:00:00,9600,SING,338064,TVS SCS SINGAPORE PTE LTD,338064,TVS SCS SINGAPORE PTE LTD,,Singapore,48.00,DR,21164.376,N
00030,        SING,MF1406,MF1406.S,MF1406.S-PD,2673185,999,2026,4,2026-04-13 00:00:00,800,SING,338064,TVS SCS SINGAPORE PTE LTD,338064,TVS SCS SINGAPORE PTE LTD,,Singapore,4.00,DR,1763.698,N
00030,        SNG4,PR5985,PR5985.S,PR5985.S,2670893,999,2026,4,2026-04-13 00:00:00,3250,SNG4,26227,Singapore Manufacturing,26227,Singapore Manufacturing,,Singapore,3250.00,KG,7164.95,N
00034,        SHAN,MP498340R,MP498340R,MP498340R-FD,2581744,999,2026,4,2026-04-13 00:00:00,2449.2,34220,324731,J&T Chemical -China,332367,Guangzhou J&T - Global Parent,"Dai,Zhaochen(Vincent)",China,2449.20,KG,5399.5063199999995,N
00034,        SHAN,MP498340R,MP498340R,MP498340R-FD,2605820,999,2026,4,2026-04-13 00:00:00,2449.2,34220,324731,J&T Chemical -China,332367,Guangzhou J&T - Global Parent,"Dai,Zhaochen(Vincent)",China,2449.20,KG,5399.5063199999995,N
00035,        MUM3,MF1406,MF1406.S,MF1406.S-PD,2669638,999,2026,4,2026-04-13 00:00:00,16000,35230,317022,R.V. Business Centre-India,346703,A One R.V. - Global Parent,Deepak Agarwal,India,16000.00,KG,35273.6,N
00035,        MUM3,MF1406,MF1406.S,MF1406.S-PD,2669639,999,2026,4,2026-04-13 00:00:00,16000,35230,317198,A One Paper Impex-India,346703,A One R.V. - Global Parent,Deepak Agarwal,India,16000.00,KG,35273.6,N
00035,        MUM3,MF1406,MF1406.S,MF1406.S-PD,2669655,999,2026,4,2026-04-13 00:00:00,16000,35230,317198,A One Paper Impex-India,346703,A One R.V. - Global Parent,Deepak Agarwal,India,16000.00,KG,35273.6,N
00035,        MUM3,MF1406,MF1406.S,MF1406.S-PD,2669656,999,2026,4,2026-04-13 00:00:00,16000,35230,317198,A One Paper Impex-India,346703,A One R.V. - Global Parent,Deepak Agarwal,India,16000.00,KG,35273.6,N
00010,        CIN2,MP498345N,MP498345N,MP498345N-OP,2644794,999,2026,4,2026-04-14 00:00:00,408.2332,10230,323912,"S-One/ Sarasota,FL(CORP OFFICE)",319906,S-One Labels - GLOBAL PARENT,Dave Jeffers,United States,2.00,DR,900,N
00020,        AUBA,251194NX,251194NX.E,251194NX.E-B1,26000692,999,2026,4,2026-04-14 00:00:00,79.9992,20230,327444, 3 Print Adriatik (X) Celje SI,353914,3 print  SI - Global Parent,Tomasz Machnik,Slovenia,4.00,B1,176.3676,N
00030,        SING,MF1406,MF1406.S,MF1406.S-PD,2673841,999,2026,4,2026-04-14 00:00:00,9600,SING,338064,TVS SCS SINGAPORE PTE LTD,338064,TVS SCS SINGAPORE PTE LTD,,Singapore,48.00,DR,21164.376,N
00030,        SING,MF1406,MF1406.S,MF1406.S-PD,2673842,999,2026,4,2026-04-14 00:00:00,9600,SING,338064,TVS SCS SINGAPORE PTE LTD,338064,TVS SCS SINGAPORE PTE LTD,,Singapore,48.00,DR,21164.376,N
00030,        SING,MF1406,MF1406.S,MF1406.S-PD,2673843,999,2026,4,2026-04-14 00:00:00,1600,SING,338064,TVS SCS SINGAPORE PTE LTD,338064,TVS SCS SINGAPORE PTE LTD,,Singapore,8.00,DR,3527.396,N
00030,        SING,MF1406,MF1406.S,MF1406.S-PD,2673859,999,2026,4,2026-04-14 00:00:00,8200,SING,338064,TVS SCS SINGAPORE PTE LTD,338064,TVS SCS SINGAPORE PTE LTD,,Singapore,41.00,DR,18077.9045,N
00030,        SNG4,MF1204,MF1204.S,MF1204.S-TL,2655041,999,2026,4,2026-04-14 00:00:00,20000,30200,317300,Michelman Private Ltd,291477,Michelman Asia-Pacific - Global Parent,,India,20000.00,KG,44092.00000000001,N
00030,        SNG4,MF1204,MF1204.S,MF1204.S-TL,2655044,999,2026,4,2026-04-14 00:00:00,20000,30200,317300,Michelman Private Ltd,291477,Michelman Asia-Pacific - Global Parent,,India,20000.00,KG,44092,N
00030,        SNG4,PR5985,PR5985.S,PR5985.S,2673969,999,2026,4,2026-04-14 00:00:00,650,SNG4,26227,Singapore Manufacturing,26227,Singapore Manufacturing,,Singapore,650.00,KG,1432.99,N
00034,        SHAN,MP4983R,MP4983R.S,MP4983R.S-PD,2673166,999,2026,4,2026-04-14 00:00:00,1600,34220,327284,A-Star - China,334375,A-Star-Global Parent,Robin Li,China,8.00,DR,3527.396,N
00035,        MUM3,MF1204,MF1204.S,MF1204.S-TL,2664931,999,2026,4,2026-04-14 00:00:00,22000,35230,317984,Montage Enterprises - Noida,300957,Montage - Global Parent,Deepak Agarwal,India,22000.00,KG,48501.2,N
00010,        CIN2,MP498340R,MP498340R,MP498340R-FD,2645437,999,2026,4,2026-04-15 00:00:00,4898.7984,10200,288399,Michelman New Material Shanghai Co Ltd,291477,Michelman Asia-Pacific - Global Parent,,China,24.00,DR,10800,N
00010,        CIN2,MP498340R,MP498340R,MP498340R-KP,2665453,999,2026,4,2026-04-15 00:00:00,400.0684,10230,347249,"3R Packaging, LLC - Miami, FL",347249,"3R Packaging, LLC - Miami, FL",Dave Jeffers,United States,2.00,DR,882,N
00010,        CIN2,MT242AF,MT242AF,MT242AF-PL,2671490,999,2026,4,2026-04-15 00:00:00,54.4311,10230,21691,SMC Springfield - Sprgfld. MO (Belcrest),21691,SMC Springfield - Sprgfld. MO (Belcrest),Moses Martinez,United States,3.00,PL,120,N
00010,        CIN2,PA845H,PA845H,PA845H-OP,2645437,999,2026,4,2026-04-15 00:00:00,6123.4980000000005,10200,288399,Michelman New Material Shanghai Co Ltd,291477,Michelman Asia-Pacific - Global Parent,,China,30.00,DR,13500,N
00020,        AUBA,251194NX,251194NX.E,251194NX.E-P1,26000704,999,2026,4,2026-04-15 00:00:00,480,20230,297908,Dataline (X) Prague CZ,297908,Dataline (X) Prague CZ,Tomasz Machnik,Czech Republic,1.00,PA,1058.2188,N
00020,        AUBA,MFP1853R,MFP1853R.E,MFP1853R.E-PD,26000544,999,2026,4,2026-04-15 00:00:00,2400,20230,321588,Keyser and Mackay (X) Lodz PL,326638,K&M Poland - Global Parent,Tomasz Machnik,Poland,12.00,DR,5291.094,N
00020,        AUBA,MFP1853R,MFP1853R.E,MFP1853R.E-PD,26000681,999,2026,4,2026-04-15 00:00:00,2400,20230,321588,Keyser and Mackay (X) Lodz PL,326638,K&M Poland - Global Parent,Tomasz Machnik,Poland,12.00,DR,5291.094,N
00030,        SNG4,251194NX,251194NX.S,251194NX.S-PL,2669477,999,2026,4,2026-04-15 00:00:00,36,30230,326245,QL DEVELOPMENT INC - Philippines,305922,Norde - Global Parent,Rohan Aranjo,Philippines,2.00,PL,79.3664,N
00030,        SNG4,MF1406,MF1406.S,MF1406.S-PD,2653441,999,2026,4,2026-04-15 00:00:00,16000,30200,317300,Michelman Private Ltd,291477,Michelman Asia-Pacific - Global Parent,,India,16000.00,KG,35273.600000000006,N
00030,        SNG4,MF1406,MF1406.S,MF1406.S-PD,2653442,999,2026,4,2026-04-15 00:00:00,16000,30200,317300,Michelman Private Ltd,291477,Michelman Asia-Pacific - Global Parent,,India,16000.00,KG,35273.6,N
00034,        SHAN,PH00001A,PH00001A.E,PH00001A.E-PD,2574135,999,2026,4,2026-04-15 00:00:00,600,34220,340534,Coventya - China,309140,MacDermid - Global Parent,Robin Li,China,3.00,DR,1322.7735,N
00020,        AUBA,251194NX,251194NX.E,251194NX.E-P1,26000591,999,2026,4,2026-04-16 00:00:00,480,20230,291539,Brigal  (X) NIGRAN ES,330997,Brigal - Global Parent,Laurence Vast,Spain,1.00,PA,1058.2188,N
00020,        AUBA,251194NX,251194NX.E,251194NX.E-P1,26000592,999,2026,4,2026-04-16 00:00:00,480,20230,336660,S-One Labels (X) Saarbruecken DE,319906,S-One Labels - GLOBAL PARENT,Laurence Vast,Germany,1.00,PA,1058.2188,N
00020,        AUBA,251194NX,251194NX.E,251194NX.E-P1,26000709,999,2026,4,2026-04-16 00:00:00,1440,20230,336660,S-One Labels (X) Saarbruecken DE,319906,S-One Labels - GLOBAL PARENT,Laurence Vast,Germany,3.00,PA,3174.6564000000003,N
00030,        SNG4,MF1406,MF1406.S,MF1406.S-PD,2653458,999,2026,4,2026-04-16 00:00:00,16000,30200,317300,Michelman Private Ltd,291477,Michelman Asia-Pacific - Global Parent,,India,16000.00,KG,35273.6,N
00030,        SNG4,MF1406,MF1406.S,MF1406.S-PD,2653459,999,2026,4,2026-04-16 00:00:00,16000,30200,317300,Michelman Private Ltd,291477,Michelman Asia-Pacific - Global Parent,,India,16000.00,KG,35273.6,N
00035,        MUM3,MF1306D,MF1306D.S,MF1306D.S-PD,2671184,999,2026,4,2026-04-16 00:00:00,600,35230,340598,MADHU JAYANTI INTERNATIONAL P L - Salap,323479,Madhu Jayanti International Ltd. - Coim,Deepak Agarwal,India,600.00,KG,1322.76,N
00035,        MUM3,MF1406,MF1406.S,MF1406.S-PD,2664898,999,2026,4,2026-04-16 00:00:00,200,35230,348134,S K AGROFOOD TECH PRIVATE LIMITED,348134,S K AGROFOOD TECH PRIVATE LIMITED,Rohan Aranjo,India,200.00,KG,440.92,N
00035,        MUM3,MF1406,MF1406.S,MF1406.S-PD,2674917,999,2026,4,2026-04-16 00:00:00,200,35230,317022,R.V. Business Centre-India,346703,A One R.V. - Global Parent,Deepak Agarwal,India,200.00,KG,440.92,N
00010,        CIN2,MP4983R,MP4983R,MP4983R-PL,2673745,999,2026,4,2026-04-17 00:00:00,108.8622,10230,297964,"Belmark - De Pere, WI",297964,"Belmark - De Pere, WI",Brad Durden,United States,6.00,PL,240,N
00010,        CINC,MP498340D,MP498340D,MP498340D,2664340,999,2026,4,2026-04-17 00:00:00,18144,10240,21944,"Saint Gobain - Albion, NY (East Avenue)",290179,Saint Gobain - Global Parent,Brendan Schloerb,United States,40000.00,LB,40000,N
00020,        AUBA,MP4983RAM,MP4983RAM.E,MP4983RAM.E-TO,26000281,999,2026,4,2026-04-17 00:00:00,4000,20230,155951,Amcor (X) Gent BE,290487,Amcor Flexibles - Global Parent,Krist Vanderstiggel,Belgium,4.00,TO,8818.49,N
00030,        SNG4,MF1204,MF1204.S,MF1204.S-TL,2655045,999,2026,4,2026-04-17 00:00:00,20000,30200,317300,Michelman Private Ltd,291477,Michelman Asia-Pacific - Global Parent,,India,20000.00,KG,44092,N
00030,        SNG4,PR5985,PR5985.S,PR5985.S,2675475,999,2026,4,2026-04-17 00:00:00,4550,SNG4,26227,Singapore Manufacturing,26227,Singapore Manufacturing,,Singapore,4550.00,KG,10030.93,N
00030,        SING,MF1406,MF1406.S,MF1406.S-PD,2676969,999,2026,4,2026-04-18 00:00:00,8400,SING,338064,TVS SCS SINGAPORE PTE LTD,338064,TVS SCS SINGAPORE PTE LTD,,Singapore,42.00,DR,18518.829,N
00030,        SING,MF1406,MF1406.S,MF1406.S-PD,2677015,999,2026,4,2026-04-18 00:00:00,9600,SING,338064,TVS SCS SINGAPORE PTE LTD,338064,TVS SCS SINGAPORE PTE LTD,,Singapore,48.00,DR,21164.376,N
00030,        SING,MF1406,MF1406.S,MF1406.S-PD,2677016,999,2026,4,2026-04-18 00:00:00,4800,SING,338064,TVS SCS SINGAPORE PTE LTD,338064,TVS SCS SINGAPORE PTE LTD,,Singapore,24.00,DR,10582.188,N
00030,        SING,MF1406,MF1406.S,MF1406.S-PD,2677017,999,2026,4,2026-04-18 00:00:00,7200,SING,338064,TVS SCS SINGAPORE PTE LTD,338064,TVS SCS SINGAPORE PTE LTD,,Singapore,36.00,DR,15873.282000000001,N
00010,        CIN2,MP2960,MP2960,MP2960-T2,2645836,999,2026,4,2026-04-20 00:00:00,1995.8066,10240,294107,"BGF Industries - Altavista, VA",294107,"BGF Industries - Altavista, VA",Samuel Hankins,United States,2.00,TO,4400,N
00020,        AUBA,MFHS1130,MFHS1130.E,MFHS1130.E-PL,26000595,999,2026,4,2026-04-20 00:00:00,54,20230,50853,Michelman Inc. (X) Cincinnati US,316842,Michelman - Global Parent,,United States,3.00,PL,119.0496,N
00020,        AUBA,MFHS1130,MFHS1130.E,MFHS1130.E-PL,26000782,999,2026,4,2026-04-20 00:00:00,54,20200,50853,Michelman Inc. (X) Cincinnati US,316842,Michelman - Global Parent,,United States,3.00,PL,119.0496,N
00020,        AUBA,MFHS1130,MFHS1130.E,MFHS1130.E-PL,26000782,999,2026,4,2026-04-20 00:00:00,54,20230,50853,Michelman Inc. (X) Cincinnati US,316842,Michelman - Global Parent,,United States,3.00,PL,119.0496,N
00020,        AUBA,MFHS1130,MFHS1130.E,MFHS1130.E-TO,26000589,999,2026,4,2026-04-20 00:00:00,1000,20230,291859,Royal Vaassen (X) Vaassem NL,291859,Royal Vaassen (X) Vaassem NL,Krist Vanderstiggel,Netherlands,1.00,TO,2204.6225,N
00020,        AUBA,MFP1853R,MFP1853R.E,MFP1853R.E-PL,26000702,999,2026,4,2026-04-20 00:00:00,36,20230,291650,Constantia (X) Weiden DE,297153,Constantia - Global Parent,Alexandre Pomes,Germany,2.00,PL,79.3664,N
00020,        AUBA,MP2960,MP2960.E,MP2960.E-LP,26000732,999,2026,4,2026-04-20 00:00:00,240,20240,319433,GOTEX (X) Llica ES,319433,GOTEX (X) Llica ES,Laurence Vast,Spain,2.00,DR,529.1094,N
00020,        AUBA,MP2960,MP2960.E,MP2960.E-TO,26000349,999,2026,4,2026-04-20 00:00:00,5000,20240,324185,Avient (X)  Geleen NL,309093,Avient - Global Parent,Philippe Chabanne,Netherlands,5.00,TO,11023.1125,N
00020,        AUBA,MP4983RAM,MP4983RAM.E,MP4983RAM.E-TO,26000281,999,2026,4,2026-04-20 00:00:00,8000,20230,155951,Amcor (X) Gent BE,290487,Amcor Flexibles - Global Parent,Krist Vanderstiggel,Belgium,8.00,TO,17636.98,N
00030,        SING,MF1406,MF1406.S,MF1406.S-PD,2678401,999,2026,4,2026-04-20 00:00:00,9600,SING,338064,TVS SCS SINGAPORE PTE LTD,338064,TVS SCS SINGAPORE PTE LTD,,Singapore,48.00,DR,21164.376,N
00030,        SING,MF1406,MF1406.S,MF1406.S-PD,2678402,999,2026,4,2026-04-20 00:00:00,9600,SING,338064,TVS SCS SINGAPORE PTE LTD,338064,TVS SCS SINGAPORE PTE LTD,,Singapore,48.00,DR,21164.376,N
00030,        SING,MF1406,MF1406.S,MF1406.S-PD,2678403,999,2026,4,2026-04-20 00:00:00,9600,SING,338064,TVS SCS SINGAPORE PTE LTD,338064,TVS SCS SINGAPORE PTE LTD,,Singapore,48.00,DR,21164.376,N
00030,        SING,MF1406,MF1406.S,MF1406.S-PD,2678467,999,2026,4,2026-04-20 00:00:00,2000,SING,338064,TVS SCS SINGAPORE PTE LTD,338064,TVS SCS SINGAPORE PTE LTD,,Singapore,10.00,DR,4409.245,N
00030,        SING,MF1406,MF1406.S,MF1406.S-PD,2678468,999,2026,4,2026-04-20 00:00:00,800,SING,338064,TVS SCS SINGAPORE PTE LTD,338064,TVS SCS SINGAPORE PTE LTD,,Singapore,4.00,DR,1763.698,N
00030,        SNG4,MF1204,MF1204.S,MF1204.S-TL,2655046,999,2026,4,2026-04-20 00:00:00,20000,30200,317300,Michelman Private Ltd,291477,Michelman Asia-Pacific - Global Parent,,India,20000.00,KG,44092,N
00035,        MUM3,MF1306D,MF1306D.S,MF1306D.S-PD,2674916,999,2026,4,2026-04-20 00:00:00,16000,35230,317198,A One Paper Impex-India,346703,A One R.V. - Global Parent,Deepak Agarwal,India,16000.00,KG,35273.600000000006,N
00035,        MUM3,MF1306D,MF1306D.S,MF1306D.S-PD,2674918,999,2026,4,2026-04-20 00:00:00,11200,35230,317022,R.V. Business Centre-India,346703,A One R.V. - Global Parent,Deepak Agarwal,India,11200.00,KG,24691.52,N
00035,        MUM3,MF1406,MF1406.S,MF1406.S-PD,2674915,999,2026,4,2026-04-20 00:00:00,16000,35230,317198,A One Paper Impex-India,346703,A One R.V. - Global Parent,Deepak Agarwal,India,16000.00,KG,35273.6,N
00010,        CIN2,MP498345N,MP498345N,MP498345N-FD,2669153,999,2026,4,2026-04-21 00:00:00,430.9128,10230,300523,"Custom Laminating - Mount Bethel, PA",300523,"Custom Laminating - Mount Bethel, PA",Brad Durden,United States,2.00,DR,950,N
00010,        CIN2,MT242AF,MT242AF,MT242AF-OP,2673600,999,2026,4,2026-04-21 00:00:00,192.7768,10230,342297,"DFW Converting - Kennedale, TX",342297,"DFW Converting - Kennedale, TX",Moses Martinez,United States,1.00,DR,425,N
00020,        AUBA,MF4915,MF4915.E,MF4915.E-TO,26000679,999,2026,4,2026-04-21 00:00:00,5600,20230,291650,Constantia (X) Weiden DE,297153,Constantia - Global Parent,Alexandre Pomes,Germany,7.00,TO,12345.886,N
00020,        AUBA,MP2960,MP2960.E,MP2960.E-TO,26000349,999,2026,4,2026-04-21 00:00:00,12000,20240,324185,Avient (X)  Geleen NL,309093,Avient - Global Parent,Philippe Chabanne,Netherlands,12.00,TO,26455.47,N
00020,        AUBA,MP2960,MP2960.E,MP2960.E-TO,26000637,999,2026,4,2026-04-21 00:00:00,12000,20240,324185,Avient (X)  Geleen NL,309093,Avient - Global Parent,Philippe Chabanne,Netherlands,12.00,TO,26455.47,N
00020,        AUBA,MP498345P,MP498345P.E,MP498345P.E-TO,26000525,999,2026,4,2026-04-21 00:00:00,5999.9388,20230,288577,Apaco Grosshandel (X) Wien AT,290632,Apaco - Global Parent,Alexandre Pomes,Austria,6.00,TO,13227.599999999999,N
00030,        SNG4,MF1406,MF1406.S,MF1406.S-PD,2653461,999,2026,4,2026-04-21 00:00:00,16000,30200,317300,Michelman Private Ltd,291477,Michelman Asia-Pacific - Global Parent,,India,16000.00,KG,35273.600000000006,N
00030,        SNG4,MF1406,MF1406.S,MF1406.S-PD,2653462,999,2026,4,2026-04-21 00:00:00,16000,30200,317300,Michelman Private Ltd,291477,Michelman Asia-Pacific - Global Parent,,India,16000.00,KG,35273.6,N
00035,        MUM3,MF1204,MF1204.S,MF1204.S-TL,2674145,999,2026,4,2026-04-21 00:00:00,44000,35230,317984,Montage Enterprises - Noida,300957,Montage - Global Parent,Deepak Agarwal,India,44000.00,KG,97002.4,N
00035,        MUM3,MF1204,MF1204.S,MF1204.S-TL,2674601,999,2026,4,2026-04-21 00:00:00,22000,35230,317984,Montage Enterprises - Noida,300957,Montage - Global Parent,Deepak Agarwal,India,22000.00,KG,48501.200000000004,N
00035,        MUM3,MF1306D,MF1306D.S,MF1306D.S-PD,2674918,999,2026,4,2026-04-21 00:00:00,16000,35230,317022,R.V. Business Centre-India,346703,A One R.V. - Global Parent,Deepak Agarwal,India,16000.00,KG,35273.6,N
00035,        MUM3,MF1406,MF1406.S,MF1406.S-PD,2674917,999,2026,4,2026-04-21 00:00:00,16000,35230,317022,R.V. Business Centre-India,346703,A One R.V. - Global Parent,Deepak Agarwal,India,16000.00,KG,35273.6,N
00010,        CIN2,MP4983RN,MP4983RN,MP4983RN-FD,2658286,999,2026,4,2026-04-22 00:00:00,17236.512,10230,20968,"Neenah Inc - Munising, MI",290523,Neenah Inc. - Global Parent,Andrew Suski,United States,80.00,DR,38000,N
00010,        CIN2,251194NX,251194NX,251194NX-PL,2665935,999,2026,4,2026-04-23 00:00:00,18.1437,10230,323912,"S-One/ Sarasota,FL(CORP OFFICE)",319906,S-One Labels - GLOBAL PARENT,Dave Jeffers,United States,1.00,PL,40,N
00010,        CIN2,261044NX,261044NX,261044NX-PL,2665935,999,2026,4,2026-04-23 00:00:00,18.1437,10230,323912,"S-One/ Sarasota,FL(CORP OFFICE)",319906,S-One Labels - GLOBAL PARENT,Dave Jeffers,United States,1.00,PL,40,N
00010,        CIN2,MFHS268,MFHS268,MFHS268-OP,2569148,999,2026,4,2026-04-23 00:00:00,16329.328,10240,327947,"FMS Enterprises - Lincolnton, NC",352994,FMS Enterprises - Global Parent,Brendan Schloerb,United States,80.00,DR,36000,N
00010,        CIN2,MFP1853R,MFP1853R,MFP1853R-FD,2670610,999,2026,4,2026-04-23 00:00:00,204.1166,10220,353479,"3M - Hutchinson, MN",290059,3M - Global Parent,Tammy Patton,United States,1.00,DR,450,N
00010,        CIN2,MP4983R,MP4983R,MP4983R-FD,2640460,999,2026,4,2026-04-23 00:00:00,646.3692,10240,21952,"Chase Corp - Lenoir, NC",290149,Chase Corp - Global Parent,Brendan Schloerb,United States,3.00,DR,1425,N
00020,        AUBA,251194NX,251194NX.E,251194NX.E-B1,26000688,999,2026,4,2026-04-23 00:00:00,99.999,20230,295630,PPS (X)  Belgrade RS,305863,PPS - Global Parent,Tomasz Machnik,Serbia,5.00,B1,220.4595,N
00020,        AUBA,MFP1853R,MFP1853R.E,MFP1853R.E-PD,26000668,999,2026,4,2026-04-23 00:00:00,600,20230,327093,Safic (X) Istanbul TR,327095,Safic Turkey - Global Parent,Tomasz Machnik,Turkey,3.00,DR,1322.7735,N
00020,        AUBA,MP2960,MP2960.E,MP2960.E-TO,26000036,999,2026,4,2026-04-23 00:00:00,23000,20240,324185,Avient (X)  Geleen NL,309093,Avient - Global Parent,Philippe Chabanne,Netherlands,23.00,TO,50706.3175,N
00030,        SNG4,MF1406,MF1406.S,MF1406.S-PD,2653463,999,2026,4,2026-04-23 00:00:00,16000,30200,317300,Michelman Private Ltd,291477,Michelman Asia-Pacific - Global Parent,,India,16000.00,KG,35273.600000000006,N
00030,        SNG4,MF1406,MF1406.S,MF1406.S-PD,2653464,999,2026,4,2026-04-23 00:00:00,16000,30200,317300,Michelman Private Ltd,291477,Michelman Asia-Pacific - Global Parent,,India,16000.00,KG,35273.6,N
00034,        SHAN,MP4982SC,MP4982SC.S,MP4982SC.S-PD,2662653,999,2026,4,2026-04-23 00:00:00,420,34220,357813,Lanfan new material technology-China,357813,Lanfan new material technology-China,Robin Li,China,2.00,DR,925.9414,N
00020,        AUBA,MFP1853R,MFP1853R.E,MFP1853R.E-PD,26000729,999,2026,4,2026-04-24 00:00:00,3000,20230,321588,Keyser and Mackay (X) Lodz PL,326638,K&M Poland - Global Parent,Tomasz Machnik,Poland,15.00,DR,6613.8675,N
00020,        AUBA,MP4983R,MP4983R.E,MP4983R.E-TO,26000638,999,2026,4,2026-04-24 00:00:00,7999.9184,20230,68767,Pelta Medical (X) Cumbria GB,68767,Pelta Medical (X) Cumbria GB,Alexandre Pomes,United Kingdom,8.00,TO,17636.8,N
00020,        AUBA,PH00001A,PH00001A.E,PH00001A.E-PD,26000097,999,2026,4,2026-04-24 00:00:00,800,20220,310673,Chemetall (X) Berlin DE,290491,Chemetall - Global Parent,Luc Vanderstappen,Germany,4.00,DR,1763.698,N
00034,        SHAN,PH00017E,PH00017E.S,PH00017E.S-PL,2680805,999,2026,4,2026-04-24 00:00:00,108,34220,358717,Xinyingshun-China,358717,Xinyingshun-China,,China,6.00,PL,238.0992,N
00035,        MUM3,MF1204,MF1204.S,MF1204.S-TL,2675723,999,2026,4,2026-04-24 00:00:00,10000,35230,317984,Montage Enterprises - Noida,300957,Montage - Global Parent,Deepak Agarwal,India,10000.00,KG,22046,N
00035,        MUM3,MF1306D,MF1306D.S,MF1306D.S-PD,2652021,999,2026,4,2026-04-24 00:00:00,12000,35230,317198,A One Paper Impex-India,346703,A One R.V. - Global Parent,Deepak Agarwal,India,12000.00,KG,26455.2,N
00030,        SING,MF1406,MF1406.S,MF1406.S-PD,2682313,999,2026,4,2026-04-25 00:00:00,9600,SING,338064,TVS SCS SINGAPORE PTE LTD,338064,TVS SCS SINGAPORE PTE LTD,,Singapore,48.00,DR,21164.376,N
00030,        SING,MF1406,MF1406.S,MF1406.S-PD,2682314,999,2026,4,2026-04-25 00:00:00,9600,SING,338064,TVS SCS SINGAPORE PTE LTD,338064,TVS SCS SINGAPORE PTE LTD,,Singapore,48.00,DR,21164.376,N
00030,        SING,MF1406,MF1406.S,MF1406.S-PD,2682315,999,2026,4,2026-04-25 00:00:00,9600,SING,338064,TVS SCS SINGAPORE PTE LTD,338064,TVS SCS SINGAPORE PTE LTD,,Singapore,48.00,DR,21164.376,N
00030,        SING,MF1406,MF1406.S,MF1406.S-PD,2682316,999,2026,4,2026-04-25 00:00:00,2200,SING,338064,TVS SCS SINGAPORE PTE LTD,338064,TVS SCS SINGAPORE PTE LTD,,Singapore,11.00,DR,4850.1695,N
00010,        CIN2,PH00017E,PH00017E,PH00017E-T2,2674456,999,2026,4,2026-04-27 00:00:00,17962.2594,10220,307241,"MacDermid - Ferndale, MI",309140,MacDermid - Global Parent,Abbie Wootton,United States,18.00,TO,39600,N
00030,        SING,MF1406,MF1406.S,MF1406.S-PD,2683686,999,2026,4,2026-04-27 00:00:00,9600,SING,338064,TVS SCS SINGAPORE PTE LTD,338064,TVS SCS SINGAPORE PTE LTD,,Singapore,48.00,DR,21164.376,N
00030,        SING,MF1406,MF1406.S,MF1406.S-PD,2683687,999,2026,4,2026-04-27 00:00:00,9600,SING,338064,TVS SCS SINGAPORE PTE LTD,338064,TVS SCS SINGAPORE PTE LTD,,Singapore,48.00,DR,21164.376,N
00030,        SING,MF1406,MF1406.S,MF1406.S-PD,2683688,999,2026,4,2026-04-27 00:00:00,9600,SING,338064,TVS SCS SINGAPORE PTE LTD,338064,TVS SCS SINGAPORE PTE LTD,,Singapore,48.00,DR,21164.376,N
00030,        SING,MF1406,MF1406.S,MF1406.S-PD,2683719,999,2026,4,2026-04-27 00:00:00,1600,SING,338064,TVS SCS SINGAPORE PTE LTD,338064,TVS SCS SINGAPORE PTE LTD,,Singapore,8.00,DR,3527.396,N
00030,        SNG4,MF1406,MF1406.S,MF1406.S-PD,2653465,999,2026,4,2026-04-27 00:00:00,16000,30200,317300,Michelman Private Ltd,291477,Michelman Asia-Pacific - Global Parent,,India,16000.00,KG,35273.600000000006,N
00030,        SNG4,MF1406,MF1406.S,MF1406.S-PD,2653466,999,2026,4,2026-04-27 00:00:00,16000,30200,317300,Michelman Private Ltd,291477,Michelman Asia-Pacific - Global Parent,,India,16000.00,KG,35273.6,N
00010,        CIN2,MP498340R,MP498340R,MP498340R-T3,2333361,999,2026,4,2026-04-28 00:00:00,17690.103,10220,23093,"Henkel - Delaware, OH",290122,Henkel - Global Parent,Abbie Wootton,United States,15.00,TO,39000,N
00020,        AUBA,MFP1853R,MFP1853R.E,MFP1853R.E-PD,26000710,999,2026,4,2026-04-28 00:00:00,200,20230,308030,Keyser  Mackay (X) Dietikon CH,290511,K&M Switzerland - Global Parent,Marie-Annette Mahy,Switzerland,1.00,DR,440.9245,N
00020,        AUBA,MP4983R,MP4983R.E,MP4983R.E-PD,26000626,999,2026,4,2026-04-28 00:00:00,7999.92,20230,308030,Keyser  Mackay (X) Dietikon CH,290511,K&M Switzerland - Global Parent,Marie-Annette Mahy,Switzerland,40.00,DR,17636.8,N
00020,        AUBA,MP4983R,MP4983R.E,MP4983R.E-TO,26000096,999,2026,4,2026-04-28 00:00:00,19999.796000000002,20230,334716,Nelipak (X) Derry GB,334790,Nelipak - Global Parent,Krist Vanderstiggel,United Kingdom,20.00,TO,44092,N
00034,        SHAN,PH00001A,PH00001A.E,PH00001A.E-TO,2683925,999,2026,4,2026-04-28 00:00:00,1000,34220,350438,Whitford (Jiangmen) Ltd-PPG-CN,290161,PPG - Global Parent,Robin Li,China,1.00,TO,2204.6225,N
00035,        MUM3,MF1306D,MF1306D.S,MF1306D.S-PD,2681698,999,2026,4,2026-04-28 00:00:00,16000,35230,317198,A One Paper Impex-India,346703,A One R.V. - Global Parent,Deepak Agarwal,India,16000.00,KG,35273.6,N
00035,        MUM3,MF1306D,MF1306D.S,MF1306D.S-PD,2681699,999,2026,4,2026-04-28 00:00:00,16000,35230,317198,A One Paper Impex-India,346703,A One R.V. - Global Parent,Deepak Agarwal,India,16000.00,KG,35273.6,N
00035,        MUM3,MF1306D,MF1306D.S,MF1306D.S-PD,2681715,999,2026,4,2026-04-28 00:00:00,16000,35230,317022,R.V. Business Centre-India,346703,A One R.V. - Global Parent,Deepak Agarwal,India,16000.00,KG,35273.6,N
00035,        MUM3,MF1306D,MF1306D.S,MF1306D.S-PD,2681716,999,2026,4,2026-04-28 00:00:00,16000,35230,317022,R.V. Business Centre-India,346703,A One R.V. - Global Parent,Deepak Agarwal,India,16000.00,KG,35273.6,N
00010,        CIN2,MP48525R,MP48525R,MP48525R-FD,2648322,999,2026,4,2026-04-29 00:00:00,215.4564,10230,323912,"S-One/ Sarasota,FL(CORP OFFICE)",319906,S-One Labels - GLOBAL PARENT,Dave Jeffers,United States,1.00,DR,475,N
00010,        CIN2,MP4983R,MP4983R,MP4983R-T3,2647740,999,2026,4,2026-04-29 00:00:00,9797.596,10230,290936,"Loparex - Hammond, WI",290137,Loparex - Global Parent,Brad Durden,United States,8.00,TO,21600,N
00020,        AUBA,MF4915,MF4915.E,MF4915.E-TO,26000617,999,2026,4,2026-04-29 00:00:00,5600,20230,291650,Constantia (X) Weiden DE,297153,Constantia - Global Parent,Alexandre Pomes,Germany,7.00,TO,12345.886,N
00020,        AUBA,MP2960,MP2960.E,MP2960.E-TO,26000737,999,2026,4,2026-04-29 00:00:00,12000,20240,324185,Avient (X)  Geleen NL,309093,Avient - Global Parent,Philippe Chabanne,Netherlands,12.00,TO,26455.47,N
00034,        SHAN,PA845H,PA845H,PA845H-OP,2683870,999,2026,4,2026-04-29 00:00:00,408.2,34240,340838,Heilongjiang Hongyu-China,340838,Heilongjiang Hongyu-China,Ethan Cheng,China,408.20,KG,899.91772,N
00010,        CIN2,251194NX,251194NX,251194NX-PD,2669796,999,2026,4,2026-04-30 00:00:00,771.1072,10230,323912,"S-One/ Sarasota,FL(CORP OFFICE)",319906,S-One Labels - GLOBAL PARENT,Dave Jeffers,United States,4.00,DR,1700,N
00010,        CIN2,MFHS268,MFHS268,MFHS268-OP,2569149,999,2026,4,2026-04-30 00:00:00,16329.328000000001,10240,327947,"FMS Enterprises - Lincolnton, NC",352994,FMS Enterprises - Global Parent,Brendan Schloerb,United States,80.00,DR,36000,N
00010,        CIN2,MP4983RN,MP4983RN,MP4983RN-FD,2669935,999,2026,4,2026-04-30 00:00:00,17236.512,10230,20968,"Neenah Inc - Munising, MI",290523,Neenah Inc. - Global Parent,Andrew Suski,United States,80.00,DR,38000,N
00010,        CIN2,PA845H,PA845H,PA845H-PL,2680320,999,2026,4,2026-04-30 00:00:00,18.1437,10200,24885,Michelman Int'l - Belgium SRL,309148,Michelman International - Global Parent,,Belgium,1.00,PL,40,N
00020,        AUBA,MP4983R,MP4983R.E,MP4983R.E,26000427,999,2026,4,2026-04-30 00:00:00,21880,20230,296616,Sterimed (X) Amelie FR,327014,Sterimed - Global Parent,Marie-Annette Mahy,France,21880.00,KG,48236.648,N
00030,        SNG4,PR5985,PR5985.S,PR5985.S,2686078,999,2026,4,2026-04-30 00:00:00,4550,SNG4,26227,Singapore Manufacturing,26227,Singapore Manufacturing,,Singapore,4550.00,KG,10030.93,N
00035,        MUM3,MF1204,MF1204.S,MF1204.S-TL,2675739,999,2026,4,2026-04-30 00:00:00,20000,35230,317984,Montage Enterprises - Noida,300957,Montage - Global Parent,Deepak Agarwal,India,20000.00,KG,44092,N
00035,        MUM3,MF1204,MF1204.S,MF1204.S-TL,2675740,999,2026,4,2026-04-30 00:00:00,23000,35230,317984,Montage Enterprises - Noida,300957,Montage - Global Parent,Deepak Agarwal,India,23000.00,KG,50705.8,N
00035,        MUM3,MF1306D,MF1306D.S,MF1306D.S-PD,2684739,999,2026,4,2026-04-30 00:00:00,16000,35230,317198,A One Paper Impex-India,346703,A One R.V. - Global Parent,Deepak Agarwal,India,16000.00,KG,35273.6,N
00035,        MUM3,MF1306D,MF1306D.S,MF1306D.S-PD,2684741,999,2026,4,2026-04-30 00:00:00,16000,35230,317022,R.V. Business Centre-India,346703,A One R.V. - Global Parent,Deepak Agarwal,India,16000.00,KG,35273.600000000006,N
00035,        MUM3,MF1306D,MF1306D.S,MF1306D.S-PD,2686253,999,2026,4,2026-04-30 00:00:00,16000,35230,317022,R.V. Business Centre-India,346703,A One R.V. - Global Parent,Deepak Agarwal,India,16000.00,KG,35273.6,N
00035,        MUM3,MF1406,MF1406.S,MF1406.S-PD,2684738,999,2026,4,2026-04-30 00:00:00,16000,35230,317198,A One Paper Impex-India,346703,A One R.V. - Global Parent,Deepak Agarwal,India,16000.00,KG,35273.6,N
00035,        MUM3,MF1406,MF1406.S,MF1406.S-PD,2684740,999,2026,4,2026-04-30 00:00:00,16000,35230,317022,R.V. Business Centre-India,346703,A One R.V. - Global Parent,Deepak Agarwal,India,16000.00,KG,35273.6,N
00010,        CIN2,MP48525R,MP48525R,MP48525R-T2,2670611,999,2026,5,2026-05-01 00:00:00,2993.7099,10230,304227,"Ahlstrom-Munksjo-Rhinelander,WI(Phillip)",304253,Ahlstrom-Munksjo - Global Parent,Brad Durden,United States,3.00,TO,6600,N
00010,        CIN2,MP4983R,MP4983R,MP4983R-T2,2654645,999,2026,5,2026-05-01 00:00:00,9979.033,10230,304227,"Ahlstrom-Munksjo-Rhinelander,WI(Phillip)",304253,Ahlstrom-Munksjo - Global Parent,Brad Durden,United States,10.00,TO,22000,N
00010,        CINC,MP498340D,MP498340D,MP498340D,2665936,999,2026,5,2026-05-01 00:00:00,18144,10240,21944,"Saint Gobain - Albion, NY (East Avenue)",290179,Saint Gobain - Global Parent,Brendan Schloerb,United States,40000.00,LB,40000,N
00010,        CIN2,MT242AF,MT242AF,MT242AF-FD,2681896,999,2026,5,2026-05-04 00:00:00,215.4564,10230,323912,"S-One/ Sarasota,FL(CORP OFFICE)",319906,S-One Labels - GLOBAL PARENT,Dave Jeffers,United States,1.00,DR,475,N
00010,        CIN2,PA845H,PA845H,PA845H-OP,2685058,999,2026,5,2026-05-04 00:00:00,2449.3992,10240,292709,"Zoltek - St. Charles, MO",290536,Zoltek - Global Parent,Brendan Schloerb,United States,12.00,DR,5400,N
00020,        AUBA,251095NX,251095NX.E,251095NX.E-PL,26000852,999,2026,5,2026-05-04 00:00:00,18,20230,298497,HP training Graphic Arts (X) BCA ES,290506,Hewlett Packard - Global Parent,Tomasz Machnik,Spain,1.00,PL,39.6832,N
00020,        AUBA,MFHS1130,MFHS1130.E,MFHS1130.E-PL,26000707,999,2026,5,2026-05-04 00:00:00,108,20230,338009,MONDI (X) TREBSEN DE,290521,Mondi Pkg - Global Parent,Krist Vanderstiggel,Germany,6.00,PL,238.0992,N
00020,        AUBA,MP4983R,MP4983R.E,MP4983R.E-PL,26000817,999,2026,5,2026-05-04 00:00:00,35.9996,20230,291650,Constantia (X) Weiden DE,297153,Constantia - Global Parent,Alexandre Pomes,Germany,2.00,PL,79.3656,N
00030,        SNG4,MF1406,MF1406.S,MF1406.S-PD,2653467,999,2026,5,2026-05-04 00:00:00,16000,30200,317300,Michelman Private Ltd,291477,Michelman Asia-Pacific - Global Parent,,India,16000.00,KG,35273.6,N
00030,        SNG4,MF1406,MF1406.S,MF1406.S-PD,2653468,999,2026,5,2026-05-04 00:00:00,16000,30200,317300,Michelman Private Ltd,291477,Michelman Asia-Pacific - Global Parent,,India,16000.00,KG,35273.6,N
00030,        SNG4,MP4983R,MP4983R.S,MP4983R.S-PL,2667884,999,2026,5,2026-05-04 00:00:00,36,30200,300385,Michelman New Material - China,291477,Michelman Asia-Pacific - Global Parent,,China,2.00,PL,79.3664,N
00010,        CIN2,251194NX,251194NX,251194NX-PD,2679691,999,2026,5,2026-05-05 00:00:00,771.1072,10230,323912,"S-One/ Sarasota,FL(CORP OFFICE)",319906,S-One Labels - GLOBAL PARENT,Dave Jeffers,United States,4.00,DR,1700,N
00020,        AUBA,251194NX,251194NX.E,251194NX.E-B1,26000864,999,2026,5,2026-05-05 00:00:00,39.9996,20230,295918,Digiprint (X) Warsawa PL,295918,Digiprint (X) Warsawa PL,Tomasz Machnik,Poland,2.00,B1,88.1838,N
00030,        SNG4,MFHS1881,MFHS1881.S,MFHS1881.S-PL,2689239,999,2026,5,2026-05-05 00:00:00,36,SNG4,26227,Singapore Manufacturing,26227,Singapore Manufacturing,,Singapore,36.00,KG,79.3656,N
00030,        SNG4,PR5985,PR5985.S,PR5985.S,2689022,999,2026,5,2026-05-05 00:00:00,5200,SNG4,26227,Singapore Manufacturing,26227,Singapore Manufacturing,,Singapore,5200.00,KG,11463.92,N
00010,        CIN2,251194NX,251194NX,251194NX-PL,2679691,999,2026,5,2026-05-06 00:00:00,870.8976,10230,323912,"S-One/ Sarasota,FL(CORP OFFICE)",319906,S-One Labels - GLOBAL PARENT,Dave Jeffers,United States,48.00,PL,1920,N
00010,        CIN2,251194NX,251194NX,251194NX-PL,2680369,999,2026,5,2026-05-06 00:00:00,870.8976,10230,323912,"S-One/ Sarasota,FL(CORP OFFICE)",319906,S-One Labels - GLOBAL PARENT,Dave Jeffers,United States,48.00,PL,1920,N
00010,        CIN2,MP4983R,MP4983R,MP4983R-T3,2647780,999,2026,5,2026-05-06 00:00:00,18370.492499999997,10230,309311,"Amcor - Oshkosh, WI (N Main)",290487,Amcor Flexibles - Global Parent,Brad Durden,United States,15.00,TO,40500,N
00020,        AUBA,251194NX,251194NX.E,251194NX.E-B1,26000851,999,2026,5,2026-05-06 00:00:00,239.9976,20230,288577,Apaco Grosshandel (X) Wien AT,290632,Apaco - Global Parent,Alexandre Pomes,Austria,12.00,B1,529.1028,N
00020,        AUBA,MP4983RHSA,MP4983RHSA.E,MP4983RHSA.E-PL,26000614,999,2026,5,2026-05-06 00:00:00,431.9952,20200,68250,MAP (X) Singapore SG,291477,Michelman Asia-Pacific - Global Parent,,Singapore,24.00,PL,952.3872,N
00020,        AUBA,PH00007E,PH00007E.E,PH00007E.E-PD,26000698,999,2026,5,2026-05-06 00:00:00,800,20220,310673,Chemetall (X) Berlin DE,290491,Chemetall - Global Parent,Luc Vanderstappen,Germany,4.00,DR,1763.698,N
00030,        SNG4,PR5985,PR5985.S,PR5985.S,2689807,999,2026,5,2026-05-06 00:00:00,4550,SNG4,26227,Singapore Manufacturing,26227,Singapore Manufacturing,,Singapore,4550.00,KG,10030.93,N
00034,        SHAN,PA845H,PA845H,PA845H-OP,2664947,999,2026,5,2026-05-06 00:00:00,408.2,34240,343310,Shanxi Guangshengqiang-China,343310,Shanxi Guangshengqiang-China,Ethan Cheng,China,408.20,KG,899.91772,N
00010,        CIN2,MFHS268,MFHS268,MFHS268-OP,2569165,999,2026,5,2026-05-07 00:00:00,16329.328000000001,10240,327947,"FMS Enterprises - Lincolnton, NC",352994,FMS Enterprises - Global Parent,Brendan Schloerb,United States,80.00,DR,36000,N
00010,        CIN2,MP4983RN,MP4983RN,MP4983RN-FD,2680577,999,2026,5,2026-05-07 00:00:00,17236.512,10230,20968,"Neenah Inc - Munising, MI",290523,Neenah Inc. - Global Parent,Andrew Suski,United States,80.00,DR,38000,N
00020,        AUBA,251194NX,251194NX.E,251194NX.E-P1,26000757,999,2026,5,2026-05-07 00:00:00,2880,20230,336660,S-One Labels (X) Saarbruecken DE,319906,S-One Labels - GLOBAL PARENT,Laurence Vast,Germany,6.00,PA,6349.312800000001,N
00020,        AUBA,251194NX,251194NX.E,251194NX.E-P1,26000777,999,2026,5,2026-05-07 00:00:00,480,20230,336660,S-One Labels (X) Saarbruecken DE,319906,S-One Labels - GLOBAL PARENT,Laurence Vast,Germany,1.00,PA,1058.2188,N
00020,        AUBA,251194NX,251194NX.E,251194NX.E-P1,26000860,999,2026,5,2026-05-07 00:00:00,1920,20230,336660,S-One Labels (X) Saarbruecken DE,319906,S-One Labels - GLOBAL PARENT,Laurence Vast,Germany,4.00,PA,4232.8752,N
00020,        AUBA,MFP1853R,MFP1853R.E,MFP1853R.E-TO,26000837,999,2026,5,2026-05-07 00:00:00,3000,20230,321588,Keyser and Mackay (X) Lodz PL,326638,K&M Poland - Global Parent,Tomasz Machnik,Poland,3.00,TO,6613.8675,N
00030,        SING,MF1406,MF1406.S,MF1406.S-PD,2691309,999,2026,5,2026-05-07 00:00:00,2400,SING,338064,TVS SCS SINGAPORE PTE LTD,338064,TVS SCS SINGAPORE PTE LTD,,Singapore,12.00,DR,5291.094,N
00030,        SING,MF1406,MF1406.S,MF1406.S-PD,2691326,999,2026,5,2026-05-07 00:00:00,9600,SING,338064,TVS SCS SINGAPORE PTE LTD,338064,TVS SCS SINGAPORE PTE LTD,,Singapore,48.00,DR,21164.376,N
00030,        SING,MF1406,MF1406.S,MF1406.S-PD,2691327,999,2026,5,2026-05-07 00:00:00,9600,SING,338064,TVS SCS SINGAPORE PTE LTD,338064,TVS SCS SINGAPORE PTE LTD,,Singapore,48.00,DR,21164.376,N
00030,        SING,MF1406,MF1406.S,MF1406.S-PD,2691328,999,2026,5,2026-05-07 00:00:00,9600,SING,338064,TVS SCS SINGAPORE PTE LTD,338064,TVS SCS SINGAPORE PTE LTD,,Singapore,48.00,DR,21164.376,N
00030,        SING,MF1406,MF1406.S,MF1406.S-PD,2691329,999,2026,5,2026-05-07 00:00:00,1600,SING,338064,TVS SCS SINGAPORE PTE LTD,338064,TVS SCS SINGAPORE PTE LTD,,Singapore,8.00,DR,3527.396,N
00035,        MUM3,MF1204,MF1204.S,MF1204.S-TL,2675741,999,2026,5,2026-05-07 00:00:00,22000,35230,317984,Montage Enterprises - Noida,300957,Montage - Global Parent,Deepak Agarwal,India,22000.00,KG,48501.200000000004,N
00010,        CIN2,DP040,DP040,DP040-B1,2675331,999,2026,5,2026-05-08 00:00:00,478.99440000000004,10230,323912,"S-One/ Sarasota,FL(CORP OFFICE)",319906,S-One Labels - GLOBAL PARENT,Dave Jeffers,United States,24.00,B1,1056,N
00010,        CIN2,DP040,DP040,DP040-B1,2679792,999,2026,5,2026-05-08 00:00:00,478.99440000000004,10230,323912,"S-One/ Sarasota,FL(CORP OFFICE)",319906,S-One Labels - GLOBAL PARENT,Dave Jeffers,United States,24.00,B1,1056,N
00030,        SNG4,MF1406,MF1406.S,MF1406.S-PD,2653470,999,2026,5,2026-05-08 00:00:00,16000,30200,317300,Michelman Private Ltd,291477,Michelman Asia-Pacific - Global Parent,,India,16000.00,KG,35273.6,N
00030,        SNG4,PR5985,PR5985.S,PR5985.S,2692213,999,2026,5,2026-05-08 00:00:00,3250,SNG4,26227,Singapore Manufacturing,26227,Singapore Manufacturing,,Singapore,3250.00,KG,7164.950000000001,N
00035,        MUM3,MF1204,MF1204.S,MF1204.S-TL,2675742,999,2026,5,2026-05-08 00:00:00,22000,35230,317984,Montage Enterprises - Noida,300957,Montage - Global Parent,Deepak Agarwal,India,22000.00,KG,48501.2,N
00010,        CIN2,HSCF280,HSCF280,HSCF280-OP,2647796,999,2026,5,2026-05-11 00:00:00,1632.9328,10240,324952,"William Barnet  & Son - Spartanburg, SC",324952,"William Barnet  & Son - Spartanburg, SC",Samuel Hankins,United States,8.00,DR,3600,N
00010,        CIN2,MP498340R,MP498340R,MP498340R-FD,2673618,999,2026,5,2026-05-11 00:00:00,2449.3992,10200,288399,Michelman New Material Shanghai Co Ltd,291477,Michelman Asia-Pacific - Global Parent,,China,12.00,DR,5400,N
00010,        CIN2,MP498340R,MP498340R,MP498340R-KP,2684385,999,2026,5,2026-05-11 00:00:00,400.0684,10230,347249,"3R Packaging, LLC - Miami, FL",347249,"3R Packaging, LLC - Miami, FL",Dave Jeffers,United States,2.00,DR,882,N
00010,        CIN2,MP498345N,MP498345N,MP498345N-OP,2658250,999,2026,5,2026-05-11 00:00:00,204.1166,10230,323912,"S-One/ Sarasota,FL(CORP OFFICE)",319906,S-One Labels - GLOBAL PARENT,Dave Jeffers,United States,1.00,DR,450,N
00010,        CIN2,MP4983R,MP4983R,MP4983R-FD,2665499,999,2026,5,2026-05-11 00:00:00,646.3692,10240,21952,"Chase Corp - Lenoir, NC",290149,Chase Corp - Global Parent,Brendan Schloerb,United States,3.00,DR,1425,N
00010,        CIN2,MP4983R,MP4983R,MP4983R-FD,2680640,999,2026,5,2026-05-11 00:00:00,646.3692,10240,320762,"Chase Corp - Oxford, MA",290149,Chase Corp - Global Parent,Brendan Schloerb,United States,3.00,DR,1425,N
00020,        AUBA,MP2960,MP2960.E,MP2960.E-TO,26000859,999,2026,5,2026-05-11 00:00:00,1000,20240,319433,GOTEX (X) Llica ES,319433,GOTEX (X) Llica ES,Laurence Vast,Spain,1.00,TO,2204.6225,N
00020,        AUBA,MP4983R,MP4983R.E,MP4983R.E,26000474,999,2026,5,2026-05-11 00:00:00,22120,20230,296616,Sterimed (X) Amelie FR,327014,Sterimed - Global Parent,Marie-Annette Mahy,France,22120.00,KG,48765.752,N
00020,        AUBA,PH00001A,PH00001A.E,PH00001A.E-PD,26000861,999,2026,5,2026-05-11 00:00:00,400,20220,303740,Coventya (X) Gutersloh DE,309140,MacDermid - Global Parent,Luc Vanderstappen,Germany,2.00,DR,881.849,N
00020,        AUBA,PH00007E,PH00007E.E,PH00007E.E-PD,26000883,999,2026,5,2026-05-11 00:00:00,200,20220,331958,Keyser & Mackay (X) Koeln DE,332826,K&M Deutchland - Global Parent,Luc Vanderstappen,Germany,1.00,DR,440.9245,N
00030,        SING,MF1406,MF1406.S,MF1406.S-PD,2694459,999,2026,5,2026-05-11 00:00:00,9600,SING,338064,TVS SCS SINGAPORE PTE LTD,338064,TVS SCS SINGAPORE PTE LTD,,Singapore,48.00,DR,21164.376,N
00030,        SING,MF1406,MF1406.S,MF1406.S-PD,2694460,999,2026,5,2026-05-11 00:00:00,9600,SING,338064,TVS SCS SINGAPORE PTE LTD,338064,TVS SCS SINGAPORE PTE LTD,,Singapore,48.00,DR,21164.376,N
00030,        SING,MF1406,MF1406.S,MF1406.S-PD,2694495,999,2026,5,2026-05-11 00:00:00,5400,SING,338064,TVS SCS SINGAPORE PTE LTD,338064,TVS SCS SINGAPORE PTE LTD,,Singapore,27.00,DR,11904.961500000001,N
00030,        SING,MF1406,MF1406.S,MF1406.S-PD,2694513,999,2026,5,2026-05-11 00:00:00,8000,SING,338064,TVS SCS SINGAPORE PTE LTD,338064,TVS SCS SINGAPORE PTE LTD,,Singapore,40.00,DR,17636.98,N
00030,        SNG4,MF1406,MF1406.S,MF1406.S-PD,2653469,999,2026,5,2026-05-11 00:00:00,16000,30200,317300,Michelman Private Ltd,291477,Michelman Asia-Pacific - Global Parent,,India,16000.00,KG,35273.6,N
00030,        SING,MF1406,MF1406.S,MF1406.S-PD,2695292,999,2026,5,2026-05-12 00:00:00,9600,SING,338064,TVS SCS SINGAPORE PTE LTD,338064,TVS SCS SINGAPORE PTE LTD,,Singapore,48.00,DR,21164.376,N
00030,        SING,MF1406,MF1406.S,MF1406.S-PD,2695293,999,2026,5,2026-05-12 00:00:00,9600,SING,338064,TVS SCS SINGAPORE PTE LTD,338064,TVS SCS SINGAPORE PTE LTD,,Singapore,48.00,DR,21164.376,N
00030,        SING,MF1406,MF1406.S,MF1406.S-PD,2695294,999,2026,5,2026-05-12 00:00:00,9600,SING,338064,TVS SCS SINGAPORE PTE LTD,338064,TVS SCS SINGAPORE PTE LTD,,Singapore,48.00,DR,21164.376,N
00030,        SING,MF1406,MF1406.S,MF1406.S-PD,2695408,999,2026,5,2026-05-12 00:00:00,3600,SING,338064,TVS SCS SINGAPORE PTE LTD,338064,TVS SCS SINGAPORE PTE LTD,,Singapore,18.00,DR,7936.6410000000005,N
00030,        SNG4,PR5985,PR5985.S,PR5985.S,2694684,999,2026,5,2026-05-12 00:00:00,8450,SNG4,26227,Singapore Manufacturing,26227,Singapore Manufacturing,,Singapore,8450.00,KG,18628.870000000003,N
00035,        MUM3,MF1406,MF1406.S,MF1406.S-PD,2695546,999,2026,5,2026-05-12 00:00:00,16000,35230,317198,A One Paper Impex-India,346703,A One R.V. - Global Parent,Deepak Agarwal,India,16000.00,KG,35273.6,N
00010,        CIN2,DP040,DP040,DP040-B1,2676664,999,2026,5,2026-05-13 00:00:00,299.3715,10230,298451,"Graphicsource-Quito, Ecuador",298451,"Graphicsource-Quito, Ecuador",Dave Jeffers,Ecuador,15.00,B1,660,N
00010,        CIN2,MP498340R,MP498340R,MP498340R-T3,2692627,999,2026,5,2026-05-13 00:00:00,1179.3402,10240,357599,"W.F. Taylor LLC-Dalton, GA",357599,"W.F. Taylor LLC-Dalton, GA",Samuel Hankins,United States,1.00,TO,2600,N
00010,        CIN2,MP4983R,MP4983R,MP4983R-T3,2685686,999,2026,5,2026-05-13 00:00:00,7348.196999999999,10230,328339,"Pixelle - Spring Grove, PA",328585,Pixelle - Global Parent,Andrew Suski,United States,6.00,TO,16200,N
00010,        CIN2,PA845H,PA845H,PA845H-OP,2618528,999,2026,5,2026-05-13 00:00:00,204.1166,10240,292816,"Mitsubishi Chemical - Sacramento, CA",333999,Mitsubishi Chemical F&C-Global Parent,Brendan Schloerb,United States,1.00,DR,450,N
00020,        AUBA,MP2960,MP2960.E,MP2960.E-TO,26000738,999,2026,5,2026-05-13 00:00:00,12000,20240,324185,Avient (X)  Geleen NL,309093,Avient - Global Parent,Philippe Chabanne,Netherlands,12.00,TO,26455.47,N
00020,        AUBA,PA845H,PA845H,PA845H-PL,26000774,999,2026,5,2026-05-13 00:00:00,18.1437,20240,336245,Alpha (X) Toulouse FR,336245,Alpha (X) Toulouse FR,Laurence Vast,France,1.00,PL,40,N
00030,        SING,251194NX,251194NX.S,251194NX.S-B1,2696135,999,2026,5,2026-05-13 00:00:00,20,SING,338064,TVS SCS SINGAPORE PTE LTD,338064,TVS SCS SINGAPORE PTE LTD,,Singapore,1.00,B1,44.0924,N
00030,        SNG4,251194NX,251194NX.S,251194NX.S-B1,2685310,999,2026,5,2026-05-13 00:00:00,20,30230,324650,Advance Label Limited-Hong Kong,324650,Advance Label Limited-Hong Kong,Nick Guan,Hong Kong,1.00,B1,44.0924,N
00030,        SNG4,PR5985,PR5985.S,PR5985.S,2695372,999,2026,5,2026-05-13 00:00:00,8450,SNG4,26227,Singapore Manufacturing,26227,Singapore Manufacturing,,Singapore,8450.00,KG,18628.870000000003,N
00034,        SHAN,PA845H,PA845H,PA845H-OP,2696199,999,2026,5,2026-05-13 00:00:00,1020.5,34240,337132,Jiangsu Zengtuo-China,337132,Jiangsu Zengtuo-China,Ethan Cheng,China,1020.50,KG,2249.7943,N
00035,        MUM3,MF1406,MF1406.S,MF1406.S-PD,2690158,999,2026,5,2026-05-13 00:00:00,36,35230,341004,CILICANT PRIVATE LIMITED,360325,CILICANT - Global Parent,Rohan Aranjo,India,36.00,KG,79.3656,N
00030,        SING,MF1406,MF1406.S,MF1406.S-PD,2696909,999,2026,5,2026-05-14 00:00:00,9600,SING,338064,TVS SCS SINGAPORE PTE LTD,338064,TVS SCS SINGAPORE PTE LTD,,Singapore,48.00,DR,21164.376,N
00030,        SING,MF1406,MF1406.S,MF1406.S-PD,2696910,999,2026,5,2026-05-14 00:00:00,9600,SING,338064,TVS SCS SINGAPORE PTE LTD,338064,TVS SCS SINGAPORE PTE LTD,,Singapore,48.00,DR,21164.376,N
00030,        SING,MF1406,MF1406.S,MF1406.S-PD,2696911,999,2026,5,2026-05-14 00:00:00,9600,SING,338064,TVS SCS SINGAPORE PTE LTD,338064,TVS SCS SINGAPORE PTE LTD,,Singapore,48.00,DR,21164.376,N
00030,        SING,MF1406,MF1406.S,MF1406.S-PD,2696936,999,2026,5,2026-05-14 00:00:00,1600,SING,338064,TVS SCS SINGAPORE PTE LTD,338064,TVS SCS SINGAPORE PTE LTD,,Singapore,8.00,DR,3527.396,N
00030,        SNG4,MF1406,MF1406.S,MF1406.S-PD,2653489,999,2026,5,2026-05-14 00:00:00,16000,30200,317300,Michelman Private Ltd,291477,Michelman Asia-Pacific - Global Parent,,India,16000.00,KG,35273.6,N
00030,        SNG4,PR5985,PR5985.S,PR5985.S,2696326,999,2026,5,2026-05-14 00:00:00,5200,SNG4,26227,Singapore Manufacturing,26227,Singapore Manufacturing,,Singapore,5200.00,KG,11463.92,N
00034,        SHAN,MFP1853R,MFP1853R.E,MFP1853R.E-PD,2644645,999,2026,5,2026-05-14 00:00:00,1000,34230,354159,Jiangsu Kaiwei - China,354159,Jiangsu Kaiwei - China,"Wang,Lu( Leon)",China,5.00,DR,2204.6225,N
00030,        SING,MP4983RHSA,MP4983RHSA.E,MP4983RHSA.E-PL,2659483,999,2026,5,2026-05-15 00:00:00,432,30220,342667,Caldic - Japan,347016,Connell Caldic Japan- Global Parent,Brandon Lee,Japan,432.00,KG,952.3872,N
00030,        SNG4,MF1204,MF1204.S,MF1204.S-TL,2689272,999,2026,5,2026-05-15 00:00:00,8000,30200,317300,Michelman Private Ltd,291477,Michelman Asia-Pacific - Global Parent,,India,8000.00,KG,17636.8,N
00030,        SNG4,MF1406,MF1406.S,MF1406.S-PD,2653573,999,2026,5,2026-05-15 00:00:00,16000,30200,317300,Michelman Private Ltd,291477,Michelman Asia-Pacific - Global Parent,,India,16000.00,KG,35273.6,N
00030,        SNG4,MF1406,MF1406.S,MF1406.S-PD,2653574,999,2026,5,2026-05-15 00:00:00,16000,30200,317300,Michelman Private Ltd,291477,Michelman Asia-Pacific - Global Parent,,India,16000.00,KG,35273.6,N
00030,        SNG4,MF1406,MF1406.S,MF1406.S-PD,2653575,999,2026,5,2026-05-15 00:00:00,25400,30200,317300,Michelman Private Ltd,291477,Michelman Asia-Pacific - Global Parent,,India,25400.00,KG,55996.84,N
00030,        SNG4,MF1406,MF1406.S,MF1406.S-PD,2689272,999,2026,5,2026-05-15 00:00:00,8000,30200,317300,Michelman Private Ltd,291477,Michelman Asia-Pacific - Global Parent,,India,8000.00,KG,17636.8,N
00030,        SNG4,PR5985,PR5985.S,PR5985.S,2696915,999,2026,5,2026-05-15 00:00:00,17550,SNG4,26227,Singapore Manufacturing,26227,Singapore Manufacturing,,Singapore,17550.00,KG,38690.73,N
00035,        MUM3,MF1406,MF1406.S,MF1406.S-PD,2694789,999,2026,5,2026-05-15 00:00:00,16000,35230,317022,R.V. Business Centre-India,346703,A One R.V. - Global Parent,Deepak Agarwal,India,16000.00,KG,35273.6,N
00010,        CIN2,251194NX,251194NX,251194NX-PL,2685077,999,2026,5,2026-05-18 00:00:00,435.4488,10230,323912,"S-One/ Sarasota,FL(CORP OFFICE)",319906,S-One Labels - GLOBAL PARENT,Dave Jeffers,United States,24.00,PL,960,N
00010,        CIN2,MP48525R,MP48525R,MP48525R-FD,2658249,999,2026,5,2026-05-18 00:00:00,215.4564,10230,323912,"S-One/ Sarasota,FL(CORP OFFICE)",319906,S-One Labels - GLOBAL PARENT,Dave Jeffers,United States,1.00,DR,475,N
00010,        CIN2,UBD211,UBD211,UBD211-T3,2692627,999,2026,5,2026-05-18 00:00:00,1179.3402,10240,357599,"W.F. Taylor LLC-Dalton, GA",357599,"W.F. Taylor LLC-Dalton, GA",Samuel Hankins,United States,1.00,TO,2600,N
00020,        AUBA,251194NX,251194NX.E,251194NX.E-P1,26000915,999,2026,5,2026-05-18 00:00:00,480,20230,336660,S-One Labels (X) Saarbruecken DE,319906,S-One Labels - GLOBAL PARENT,Laurence Vast,Germany,1.00,PA,1058.2188,N
00020,        AUBA,MP4983R,MP4983R.E,MP4983R.E,26000830,999,2026,5,2026-05-18 00:00:00,21920,20230,296616,Sterimed (X) Amelie FR,327014,Sterimed - Global Parent,Marie-Annette Mahy,France,21920.00,KG,48324.832,N
00020,        AUBA,MP4983R,MP4983R.E,MP4983R.E-PD,26000857,999,2026,5,2026-05-18 00:00:00,199.998,20230,347326,LENK (X) Kappelrodeck DE,347326,LENK (X) Kappelrodeck DE,Tomasz Machnik,Germany,1.00,DR,440.92,N
00020,        AUBA,MP4983RAM,MP4983RAM.E,MP4983RAM.E-TO,26000473,999,2026,5,2026-05-18 00:00:00,8000,20230,155951,Amcor (X) Gent BE,290487,Amcor Flexibles - Global Parent,Krist Vanderstiggel,Belgium,8.00,TO,17636.98,N
00020,        AUBA,PH00017E,PH00017E.E,PH00017E.E-TO,26000689,999,2026,5,2026-05-18 00:00:00,10000,20220,303740,Coventya (X) Gutersloh DE,309140,MacDermid - Global Parent,Luc Vanderstappen,Germany,10.00,TO,22046.225,N
00030,        SNG4,PR5985,PR5985.S,PR5985.S,2697703,999,2026,5,2026-05-18 00:00:00,5200,SNG4,26227,Singapore Manufacturing,26227,Singapore Manufacturing,,Singapore,5200.00,KG,11463.92,N
00035,        MUM3,MFHS1881,MFHS1881.S,MFHS1881.S-PD,2696394,999,2026,5,2026-05-18 00:00:00,200,35230,325133,SHRINATH ROTO PACK PVT LTD UNIT I,360359,SHRINATH ROTO PACK - Global Parent,Rohan Aranjo,India,200.00,KG,440.92,N
00010,        CIN2,MP48525R,MP48525R,MP48525R-T2,2691760,999,2026,5,2026-05-19 00:00:00,3991.6132,10230,304227,"Ahlstrom-Munksjo-Rhinelander,WI(Phillip)",304253,Ahlstrom-Munksjo - Global Parent,Brad Durden,United States,4.00,TO,8800,N
00010,        CIN2,MP4983R,MP4983R,MP4983R-T2,2684318,999,2026,5,2026-05-19 00:00:00,10976.9363,10230,304227,"Ahlstrom-Munksjo-Rhinelander,WI(Phillip)",304253,Ahlstrom-Munksjo - Global Parent,Brad Durden,United States,11.00,TO,24200,N
00020,        AUBA,MP4983RHSA,MP4983RHSA.E,MP4983RHSA.E-TO,26000610,999,2026,5,2026-05-19 00:00:00,9499.903,20230,287412,"Sihl (X) Dueren, DE",287412,"Sihl (X) Dueren, DE",Krist Vanderstiggel,Germany,10.00,TO,20943.699999999997,N
00030,        SING,MF1204,MF1204.S,MF1204.S-TL,2700607,999,2026,5,2026-05-19 00:00:00,10000,SING,338064,TVS SCS SINGAPORE PTE LTD,338064,TVS SCS SINGAPORE PTE LTD,,Singapore,10.00,TO,22046.225,N
00030,        SING,MF1204,MF1204.S,MF1204.S-TL,2700608,999,2026,5,2026-05-19 00:00:00,10000,SING,338064,TVS SCS SINGAPORE PTE LTD,338064,TVS SCS SINGAPORE PTE LTD,,Singapore,10.00,TO,22046.225,N
00030,        SING,MF1204,MF1204.S,MF1204.S-TL,2700609,999,2026,5,2026-05-19 00:00:00,10000,SING,338064,TVS SCS SINGAPORE PTE LTD,338064,TVS SCS SINGAPORE PTE LTD,,Singapore,10.00,TO,22046.225,N
00030,        SING,MF1204,MF1204.S,MF1204.S-TL,2700670,999,2026,5,2026-05-19 00:00:00,1000,SING,338064,TVS SCS SINGAPORE PTE LTD,338064,TVS SCS SINGAPORE PTE LTD,,Singapore,1.00,TO,2204.6225,N
00030,        SNG4,PR5985,PR5985.S,PR5985.S,2699872,999,2026,5,2026-05-19 00:00:00,8450,SNG4,26227,Singapore Manufacturing,26227,Singapore Manufacturing,,Singapore,8450.00,KG,18628.870000000003,N
00030,        SNG4,PR5985,PR5985.S,PR5985.S,2700646,999,2026,5,2026-05-19 00:00:00,3250,SNG4,26227,Singapore Manufacturing,26227,Singapore Manufacturing,,Singapore,3250.00,KG,7164.950000000001,N
00035,        MUM3,MF1204,MF1204.S,MF1204.S-TL,2675743,999,2026,5,2026-05-19 00:00:00,22000,35230,317984,Montage Enterprises - Noida,300957,Montage - Global Parent,Deepak Agarwal,India,22000.00,KG,48501.200000000004,N
00010,        CIN2,251194NX,251194NX,251194NX-PL,2685078,999,2026,5,2026-05-20 00:00:00,870.8976,10230,323912,"S-One/ Sarasota,FL(CORP OFFICE)",319906,S-One Labels - GLOBAL PARENT,Dave Jeffers,United States,48.00,PL,1920,N
00020,        AUBA,251194NX,251194NX.E,251194NX.E-B1,26000892,999,2026,5,2026-05-20 00:00:00,239.9976,20230,288577,Apaco Grosshandel (X) Wien AT,290632,Apaco - Global Parent,Alexandre Pomes,Austria,12.00,B1,529.1028,N
00020,        AUBA,MP4983R,MP4983R.E,MP4983R.E-TO,26000906,999,2026,5,2026-05-20 00:00:00,7999.9184,20230,68767,Pelta Medical (X) Cumbria GB,68767,Pelta Medical (X) Cumbria GB,Alexandre Pomes,United Kingdom,8.00,TO,17636.8,N
00030,        SING,MP498345N,MP498345N.S,MP498345N.S,2701569,999,2026,5,2026-05-20 00:00:00,10000,SING,338064,TVS SCS SINGAPORE PTE LTD,338064,TVS SCS SINGAPORE PTE LTD,,Singapore,10000.00,KG,22046,N
00030,        SNG4,PR5985,PR5985.S,PR5985.S,2700647,999,2026,5,2026-05-20 00:00:00,4550,SNG4,26227,Singapore Manufacturing,26227,Singapore Manufacturing,,Singapore,4550.00,KG,10030.93,N
00010,        CIN2,MP498340R,MP498340R,MP498340R-T3,2673675,999,2026,5,2026-05-21 00:00:00,17690.103,10220,23093,"Henkel - Delaware, OH",290122,Henkel - Global Parent,Abbie Wootton,United States,15.00,TO,39000,N
00020,        AUBA,251194NX,251194NX.E,251194NX.E-P1,26000791,999,2026,5,2026-05-21 00:00:00,960,20230,291539,Brigal  (X) NIGRAN ES,330997,Brigal - Global Parent,Laurence Vast,Spain,2.00,PA,2116.4376,N
00030,        SING,MF1204,MF1204.S,MF1204.S-TL,2702161,999,2026,5,2026-05-21 00:00:00,5000,SING,338064,TVS SCS SINGAPORE PTE LTD,338064,TVS SCS SINGAPORE PTE LTD,,Singapore,5.00,TO,11023.1125,N
00030,        SING,MF1204,MF1204.S,MF1204.S-TL,2702178,999,2026,5,2026-05-21 00:00:00,10000,SING,338064,TVS SCS SINGAPORE PTE LTD,338064,TVS SCS SINGAPORE PTE LTD,,Singapore,10.00,TO,22046.225,N
00030,        SING,MF1204,MF1204.S,MF1204.S-TL,2702179,999,2026,5,2026-05-21 00:00:00,10000,SING,338064,TVS SCS SINGAPORE PTE LTD,338064,TVS SCS SINGAPORE PTE LTD,,Singapore,10.00,TO,22046.225,N
00030,        SING,MF1204,MF1204.S,MF1204.S-TL,2702180,999,2026,5,2026-05-21 00:00:00,6000,SING,338064,TVS SCS SINGAPORE PTE LTD,338064,TVS SCS SINGAPORE PTE LTD,,Singapore,6.00,TO,13227.735,N
00030,        SNG4,PR5985,PR5985.S,PR5985.S,2701440,999,2026,5,2026-05-21 00:00:00,8450,SNG4,26227,Singapore Manufacturing,26227,Singapore Manufacturing,,Singapore,8450.00,KG,18628.870000000003,N
00030,        SNG4,PR5985,PR5985.S,PR5985.S,2702273,999,2026,5,2026-05-21 00:00:00,6500,SNG4,26227,Singapore Manufacturing,26227,Singapore Manufacturing,,Singapore,6500.00,KG,14329.900000000001,N
00034,        SHAN,MP498340R,MP498340R,MP498340R-FD,2616393,999,2026,5,2026-05-21 00:00:00,4082,34220,324731,J&T Chemical -China,332367,Guangzhou J&T - Global Parent,"Dai,Zhaochen(Vincent)",China,4082.00,KG,8999.1772,N
00034,        SHAN,MP498340R,MP498340R,MP498340R-FD,2623312,999,2026,5,2026-05-21 00:00:00,2449.2,34220,324731,J&T Chemical -China,332367,Guangzhou J&T - Global Parent,"Dai,Zhaochen(Vincent)",China,2449.20,KG,5399.5063199999995,N
00035,        MUM3,MF1306D,MF1306D.S,MF1306D.S-PD,2665670,999,2026,5,2026-05-21 00:00:00,4000,35230,325084,Ridhi Petrochem Pvt Ltd,325084,Ridhi Petrochem Pvt Ltd,Rohan Aranjo,India,4000.00,KG,8818.4,N
00035,        MUM3,MF1406,MF1406.S,MF1406.S-PD,2700041,999,2026,5,2026-05-21 00:00:00,16000,35230,317198,A One Paper Impex-India,346703,A One R.V. - Global Parent,Deepak Agarwal,India,16000.00,KG,35273.6,N
00035,        MUM3,MFHS1881,MFHS1881.S,MFHS1881.S-PD,2686409,999,2026,5,2026-05-21 00:00:00,200,35230,352552,QUANT AGRIFUELS PVT LTD,352552,QUANT AGRIFUELS PVT LTD,Deepak Agarwal,India,200.00,KG,440.92,N
00035,        MUM3,MFHS1881,MFHS1881.S,MFHS1881.S-PL,2686409,999,2026,5,2026-05-21 00:00:00,162,35230,352552,QUANT AGRIFUELS PVT LTD,352552,QUANT AGRIFUELS PVT LTD,Deepak Agarwal,India,162.00,KG,357.14520000000005,N
00010,        CIN2,MFP1883,MFP1883,MFP1883-FD,2681254,999,2026,5,2026-05-22 00:00:00,1292.7384,10230,336657,"O-I, Plant - Auburn, NY",340177,"O-I, Inc. - Global Parent",,United States,6.00,DR,2850,N
00010,        CIN2,MT242AF,MT242AF,MT242AF-PL,2697271,999,2026,5,2026-05-22 00:00:00,72.5748,10230,342916,"SMC Conway - Conway, AR",21691,SMC Springfield - Sprgfld. MO (Belcrest),Moses Martinez,United States,4.00,PL,160,N
00020,        AUBA,PH00017E,PH00017E.E,PH00017E.E-TO,26000907,999,2026,5,2026-05-22 00:00:00,2000,20220,303740,Coventya (X) Gutersloh DE,309140,MacDermid - Global Parent,Luc Vanderstappen,Germany,2.00,TO,4409.245,N
00030,        SING,MF1406,MF1406.S,MF1406.S-PD,2702939,999,2026,5,2026-05-22 00:00:00,9600,SING,338064,TVS SCS SINGAPORE PTE LTD,338064,TVS SCS SINGAPORE PTE LTD,,Singapore,48.00,DR,21164.376,N
00030,        SING,MF1406,MF1406.S,MF1406.S-PD,2702940,999,2026,5,2026-05-22 00:00:00,9600,SING,338064,TVS SCS SINGAPORE PTE LTD,338064,TVS SCS SINGAPORE PTE LTD,,Singapore,48.00,DR,21164.376,N
00030,        SING,MF1406,MF1406.S,MF1406.S-PD,2702941,999,2026,5,2026-05-22 00:00:00,9600,SING,338064,TVS SCS SINGAPORE PTE LTD,338064,TVS SCS SINGAPORE PTE LTD,,Singapore,48.00,DR,21164.376,N
00030,        SING,MF1406,MF1406.S,MF1406.S-PD,2703169,999,2026,5,2026-05-22 00:00:00,3200,SING,338064,TVS SCS SINGAPORE PTE LTD,338064,TVS SCS SINGAPORE PTE LTD,,Singapore,16.00,DR,7054.792,N
00030,        SNG4,MF1204,MF1204.S,MF1204.S-TL,2655047,999,2026,5,2026-05-22 00:00:00,20000,30200,317300,Michelman Private Ltd,291477,Michelman Asia-Pacific - Global Parent,,India,20000.00,KG,44092,N
00030,        SNG4,MF1204,MF1204.S,MF1204.S-TL,2655048,999,2026,5,2026-05-22 00:00:00,20000,30200,317300,Michelman Private Ltd,291477,Michelman Asia-Pacific - Global Parent,,India,20000.00,KG,44092,N
00030,        SNG4,PR5985,PR5985.S,PR5985.S,2702243,999,2026,5,2026-05-22 00:00:00,7800,SNG4,26227,Singapore Manufacturing,26227,Singapore Manufacturing,,Singapore,7800.00,KG,17195.88,N
00035,        MUM3,MF1306D,MF1306D.S,MF1306D.S-PD,2700881,999,2026,5,2026-05-22 00:00:00,16000,35230,317022,R.V. Business Centre-India,346703,A One R.V. - Global Parent,Deepak Agarwal,India,16000.00,KG,35273.600000000006,N
00035,        MUM3,MF1306D,MF1306D.S,MF1306D.S-PD,2700882,999,2026,5,2026-05-22 00:00:00,16000,35230,317022,R.V. Business Centre-India,346703,A One R.V. - Global Parent,Deepak Agarwal,India,16000.00,KG,35273.6,N
00035,        MUM3,MF1406,MF1406.S,MF1406.S-PD,2700042,999,2026,5,2026-05-22 00:00:00,16000,35230,317022,R.V. Business Centre-India,346703,A One R.V. - Global Parent,Deepak Agarwal,India,16000.00,KG,35273.6,N
00030,        SING,MF1204,MF1204.S,MF1204.S-TL,2703711,999,2026,5,2026-05-23 00:00:00,10000,SING,338064,TVS SCS SINGAPORE PTE LTD,338064,TVS SCS SINGAPORE PTE LTD,,Singapore,10.00,TO,22046.225,N
00030,        SING,MF1204,MF1204.S,MF1204.S-TL,2703712,999,2026,5,2026-05-23 00:00:00,10000,SING,338064,TVS SCS SINGAPORE PTE LTD,338064,TVS SCS SINGAPORE PTE LTD,,Singapore,10.00,TO,22046.225,N
00030,        SING,MF1204,MF1204.S,MF1204.S-TL,2703713,999,2026,5,2026-05-23 00:00:00,10000,SING,338064,TVS SCS SINGAPORE PTE LTD,338064,TVS SCS SINGAPORE PTE LTD,,Singapore,10.00,TO,22046.225,N
00030,        SING,MF1204,MF1204.S,MF1204.S-TL,2703714,999,2026,5,2026-05-23 00:00:00,4000,SING,338064,TVS SCS SINGAPORE PTE LTD,338064,TVS SCS SINGAPORE PTE LTD,,Singapore,4.00,TO,8818.49,N
00030,        SNG4,PR5985,PR5985.S,PR5985.S,2702244,999,2026,5,2026-05-23 00:00:00,12350,SNG4,26227,Singapore Manufacturing,26227,Singapore Manufacturing,,Singapore,12350.00,KG,27226.81,N
00030,        SING,MF1204,MF1204.S,MF1204.S-TL,2705193,999,2026,5,2026-05-25 00:00:00,8000,SING,338064,TVS SCS SINGAPORE PTE LTD,338064,TVS SCS SINGAPORE PTE LTD,,Singapore,8.00,TO,17636.98,N
00030,        SING,MF1204,MF1204.S,MF1204.S-TL,2705194,999,2026,5,2026-05-25 00:00:00,10000,SING,338064,TVS SCS SINGAPORE PTE LTD,338064,TVS SCS SINGAPORE PTE LTD,,Singapore,10.00,TO,22046.225,N
00030,        SING,MF1204,MF1204.S,MF1204.S-TL,2705195,999,2026,5,2026-05-25 00:00:00,10000,SING,338064,TVS SCS SINGAPORE PTE LTD,338064,TVS SCS SINGAPORE PTE LTD,,Singapore,10.00,TO,22046.225,N
00030,        SING,MF1204,MF1204.S,MF1204.S-TL,2705220,999,2026,5,2026-05-25 00:00:00,6000,SING,338064,TVS SCS SINGAPORE PTE LTD,338064,TVS SCS SINGAPORE PTE LTD,,Singapore,6.00,TO,13227.735,N
00030,        SING,MF1406,MF1406.S,MF1406.S-PD,2705157,999,2026,5,2026-05-25 00:00:00,9600,SING,338064,TVS SCS SINGAPORE PTE LTD,338064,TVS SCS SINGAPORE PTE LTD,,Singapore,48.00,DR,21164.376,N
00030,        SING,MF1406,MF1406.S,MF1406.S-PD,2705158,999,2026,5,2026-05-25 00:00:00,9600,SING,338064,TVS SCS SINGAPORE PTE LTD,338064,TVS SCS SINGAPORE PTE LTD,,Singapore,48.00,DR,21164.376,N
00030,        SING,MF1406,MF1406.S,MF1406.S-PD,2705159,999,2026,5,2026-05-25 00:00:00,9600,SING,338064,TVS SCS SINGAPORE PTE LTD,338064,TVS SCS SINGAPORE PTE LTD,,Singapore,48.00,DR,21164.376,N
00030,        SING,MF1406,MF1406.S,MF1406.S-PD,2705191,999,2026,5,2026-05-25 00:00:00,3200,SING,338064,TVS SCS SINGAPORE PTE LTD,338064,TVS SCS SINGAPORE PTE LTD,,Singapore,16.00,DR,7054.792,N
00030,        SING,MF1406,MF1406.S,MF1406.S-PD,2705192,999,2026,5,2026-05-25 00:00:00,3200,SING,338064,TVS SCS SINGAPORE PTE LTD,338064,TVS SCS SINGAPORE PTE LTD,,Singapore,16.00,DR,7054.792,N
00030,        SNG4,MF1204,MF1204.S,MF1204.S-TL,2674162,999,2026,5,2026-05-25 00:00:00,20000,30200,317300,Michelman Private Ltd,291477,Michelman Asia-Pacific - Global Parent,,India,20000.00,KG,44092,N
00030,        SNG4,PR5985,PR5985.S,PR5985.S,2703019,999,2026,5,2026-05-25 00:00:00,7150,SNG4,26227,Singapore Manufacturing,26227,Singapore Manufacturing,,Singapore,7150.00,KG,15762.890000000001,N
00035,        MUM3,MF1306D,MF1306D.S,MF1306D.S-PD,2702495,999,2026,5,2026-05-25 00:00:00,16000,35230,317198,A One Paper Impex-India,346703,A One R.V. - Global Parent,Deepak Agarwal,India,16000.00,KG,35273.6,N
00035,        MUM3,MF1306D,MF1306D.S,MF1306D.S-PD,2702511,999,2026,5,2026-05-25 00:00:00,16000,35230,317198,A One Paper Impex-India,346703,A One R.V. - Global Parent,Deepak Agarwal,India,16000.00,KG,35273.600000000006,N
00035,        MUM3,MF1406,MF1406.S,MF1406.S-PD,2701616,999,2026,5,2026-05-25 00:00:00,16000,35230,317198,A One Paper Impex-India,346703,A One R.V. - Global Parent,Deepak Agarwal,India,16000.00,KG,35273.6,N
00035,        MUM3,MF1406,MF1406.S,MF1406.S-PD,2701759,999,2026,5,2026-05-25 00:00:00,16000,35230,317198,A One Paper Impex-India,346703,A One R.V. - Global Parent,Deepak Agarwal,India,16000.00,KG,35273.6,N
00030,        SING,MF1204,MF1204.S,MF1204.S-TL,2705939,999,2026,5,2026-05-26 00:00:00,2000,SING,338064,TVS SCS SINGAPORE PTE LTD,338064,TVS SCS SINGAPORE PTE LTD,,Singapore,2.00,TO,4409.245,N
00030,        SING,MF1204,MF1204.S,MF1204.S-TL,2705940,999,2026,5,2026-05-26 00:00:00,10000,SING,338064,TVS SCS SINGAPORE PTE LTD,338064,TVS SCS SINGAPORE PTE LTD,,Singapore,10.00,TO,22046.225,N
00030,        SING,MF1204,MF1204.S,MF1204.S-TL,2705941,999,2026,5,2026-05-26 00:00:00,10000,SING,338064,TVS SCS SINGAPORE PTE LTD,338064,TVS SCS SINGAPORE PTE LTD,,Singapore,10.00,TO,22046.225,N
00030,        SING,MF1204,MF1204.S,MF1204.S-TL,2705942,999,2026,5,2026-05-26 00:00:00,10000,SING,338064,TVS SCS SINGAPORE PTE LTD,338064,TVS SCS SINGAPORE PTE LTD,,Singapore,10.00,TO,22046.225,N
00030,        SING,MF1204,MF1204.S,MF1204.S-TL,2705974,999,2026,5,2026-05-26 00:00:00,3000,SING,338064,TVS SCS SINGAPORE PTE LTD,338064,TVS SCS SINGAPORE PTE LTD,,Singapore,3.00,TO,6613.8675,N
00030,        SNG4,MF1204,MF1204.S,MF1204.S-TL,2674163,999,2026,5,2026-05-26 00:00:00,20000,30200,317300,Michelman Private Ltd,291477,Michelman Asia-Pacific - Global Parent,,India,20000.00,KG,44092,N
00030,        SNG4,MF1406,MF1406.S,MF1406.S-PD,2655065,999,2026,5,2026-05-26 00:00:00,16000,30200,317300,Michelman Private Ltd,291477,Michelman Asia-Pacific - Global Parent,,India,16000.00,KG,35273.600000000006,N
00030,        SNG4,PR5985,PR5985.S,PR5985.S,2705216,999,2026,5,2026-05-26 00:00:00,14950,SNG4,26227,Singapore Manufacturing,26227,Singapore Manufacturing,,Singapore,14950.00,KG,32958.770000000004,N
00035,        MUM3,MF1204,MF1204.S,MF1204.S-TL,2675745,999,2026,5,2026-05-26 00:00:00,22000,35230,317984,Montage Enterprises - Noida,300957,Montage - Global Parent,Deepak Agarwal,India,22000.00,KG,48501.200000000004,N
00010,        CIN2,251194NX,251194NX,251194NX-PL,2698201,999,2026,5,2026-05-27 00:00:00,18.1437,10230,323912,"S-One/ Sarasota,FL(CORP OFFICE)",319906,S-One Labels - GLOBAL PARENT,Dave Jeffers,United States,1.00,PL,40,N
00010,        CIN2,261044NX,261044NX,261044NX-PL,2698201,999,2026,5,2026-05-27 00:00:00,18.1437,10230,323912,"S-One/ Sarasota,FL(CORP OFFICE)",319906,S-One Labels - GLOBAL PARENT,Dave Jeffers,United States,1.00,PL,40,N
00010,        CIN2,MP4983R,MP4983R,MP4983R-PL,2697367,999,2026,5,2026-05-27 00:00:00,18.1437,10230,327399,"Coaterex - Columbus, OH",327399,"Coaterex - Columbus, OH",Dave Jeffers,United States,1.00,PL,40,N
00020,        AUBA,251194NX,251194NX.E,251194NX.E-P1,26000905,999,2026,5,2026-05-27 00:00:00,2400,20230,295622,Safic Alcan (X) Warrington GB,309173,Safic Alcan UK - Global Parent,Alexandre Pomes,United Kingdom,5.00,PA,5291.094000000001,N
00020,        AUBA,MF4915,MF4915.E,MF4915.E-TO,26000808,999,2026,5,2026-05-27 00:00:00,5600,20230,291650,Constantia (X) Weiden DE,297153,Constantia - Global Parent,Alexandre Pomes,Germany,7.00,TO,12345.886,N
00030,        SNG4,MF1406,MF1406.S,MF1406.S-PD,2653576,999,2026,5,2026-05-27 00:00:00,16000,30200,317300,Michelman Private Ltd,291477,Michelman Asia-Pacific - Global Parent,,India,16000.00,KG,35273.6,N
00034,        SHAN,MP4983R,MP4983R.S,MP4983R.S-PD,2502010,999,2026,5,2026-05-27 00:00:00,400,34230,329901,Xingtu Pack-China,329901,Xingtu Pack-China,"Wang,Lu( Leon)",China,2.00,DR,881.849,N
00034,        SHAN,MP4983R,MP4983R.S,MP4983R.S-PD,2702431,999,2026,5,2026-05-27 00:00:00,1200,34230,359497,Shanghai XQM - China,359497,Shanghai XQM - China,"Wang,Lu( Leon)",China,6.00,DR,2645.547,N
00010,        CIN2,MP2960,MP2960,MP2960-KD,2663656,999,2026,5,2026-05-28 00:00:00,6601.1286,10240,353010,Guangdong Supcosmos - China,353010,Guangdong Supcosmos - China,Ethan Cheng,China,33.00,DR,14553,N
00010,        CIN2,PA845H,PA845H,PA845H-OP,2618528,999,2026,5,2026-05-28 00:00:00,0.4536,10240,292816,"Mitsubishi Chemical - Sacramento, CA",333999,Mitsubishi Chemical F&C-Global Parent,Brendan Schloerb,United States,1.00,LB,1,N
00020,        AUBA,MP498345P,MP498345P.E,MP498345P.E-TO,26000878,999,2026,5,2026-05-28 00:00:00,9999.898,20230,288577,Apaco Grosshandel (X) Wien AT,290632,Apaco - Global Parent,Alexandre Pomes,Austria,10.00,TO,22045.999999999996,N
00030,        SING,MF1204,MF1204.S,MF1204.S-TL,2707500,999,2026,5,2026-05-28 00:00:00,10000,SING,338064,TVS SCS SINGAPORE PTE LTD,338064,TVS SCS SINGAPORE PTE LTD,,Singapore,10.00,TO,22046.225,N
00030,        SING,MF1204,MF1204.S,MF1204.S-TL,2707501,999,2026,5,2026-05-28 00:00:00,10000,SING,338064,TVS SCS SINGAPORE PTE LTD,338064,TVS SCS SINGAPORE PTE LTD,,Singapore,10.00,TO,22046.225,N
00030,        SING,MF1204,MF1204.S,MF1204.S-TL,2707502,999,2026,5,2026-05-28 00:00:00,10000,SING,338064,TVS SCS SINGAPORE PTE LTD,338064,TVS SCS SINGAPORE PTE LTD,,Singapore,10.00,TO,22046.225,N
00030,        SING,MF1204,MF1204.S,MF1204.S-TL,2707551,999,2026,5,2026-05-28 00:00:00,2000,SING,338064,TVS SCS SINGAPORE PTE LTD,338064,TVS SCS SINGAPORE PTE LTD,,Singapore,2.00,TO,4409.245,N
00030,        SING,MF1204,MF1204.S,MF1204.S-TL,2707552,999,2026,5,2026-05-28 00:00:00,2000,SING,338064,TVS SCS SINGAPORE PTE LTD,338064,TVS SCS SINGAPORE PTE LTD,,Singapore,2.00,TO,4409.245,N
00030,        SING,MF1204,MF1204.S,MF1204.S-TL,2707601,999,2026,5,2026-05-28 00:00:00,3000,SING,338064,TVS SCS SINGAPORE PTE LTD,338064,TVS SCS SINGAPORE PTE LTD,,Singapore,3.00,TO,6613.8675,N
00030,        SNG4,MF1204,MF1204.S,MF1204.S-TL,2674164,999,2026,5,2026-05-28 00:00:00,20000,30200,317300,Michelman Private Ltd,291477,Michelman Asia-Pacific - Global Parent,,India,20000.00,KG,44092,N
00030,        SNG4,MF1204,MF1204.S,MF1204.S-TL,2674165,999,2026,5,2026-05-28 00:00:00,20000,30200,317300,Michelman Private Ltd,291477,Michelman Asia-Pacific - Global Parent,,India,20000.00,KG,44092,N
00030,        SNG4,MF1204,MF1204.S,MF1204.S-TL,2674166,999,2026,5,2026-05-28 00:00:00,20000,30200,317300,Michelman Private Ltd,291477,Michelman Asia-Pacific - Global Parent,,India,20000.00,KG,44092,N
00030,        SNG4,MF1406,MF1406.S,MF1406.S-PD,2655066,999,2026,5,2026-05-28 00:00:00,16000,30200,317300,Michelman Private Ltd,291477,Michelman Asia-Pacific - Global Parent,,India,16000.00,KG,35273.6,N
00030,        SNG4,MF1406,MF1406.S,MF1406.S-PD,2655067,999,2026,5,2026-05-28 00:00:00,16000,30200,317300,Michelman Private Ltd,291477,Michelman Asia-Pacific - Global Parent,,India,16000.00,KG,35273.600000000006,N
00030,        SNG4,MF1406,MF1406.S,MF1406.S-PD,2655068,999,2026,5,2026-05-28 00:00:00,16000,30200,317300,Michelman Private Ltd,291477,Michelman Asia-Pacific - Global Parent,,India,16000.00,KG,35273.6,N
00030,        SNG4,PR5985,PR5985.S,PR5985.S,2705976,999,2026,5,2026-05-28 00:00:00,8450,SNG4,26227,Singapore Manufacturing,26227,Singapore Manufacturing,,Singapore,8450.00,KG,18628.870000000003,N
00035,        MUM3,MF1204,MF1204.S,MF1204.S-TL,2675746,999,2026,5,2026-05-28 00:00:00,22000,35230,317984,Montage Enterprises - Noida,300957,Montage - Global Parent,Deepak Agarwal,India,22000.00,KG,48501.200000000004,N
00035,        MUM3,MF1306D,MF1306D.S,MF1306D.S-PD,2703282,999,2026,5,2026-05-28 00:00:00,4000,35230,317022,R.V. Business Centre-India,346703,A One R.V. - Global Parent,Deepak Agarwal,India,4000.00,KG,8818.4,N
00035,        MUM3,MF1306D,MF1306D.S,MF1306D.S-PD,2703283,999,2026,5,2026-05-28 00:00:00,4000,35230,317198,A One Paper Impex-India,346703,A One R.V. - Global Parent,Deepak Agarwal,India,4000.00,KG,8818.4,N
00035,        MUM3,MF1306D,MF1306D.S,MF1306D.S-PD,2705345,999,2026,5,2026-05-28 00:00:00,12000,35230,317198,A One Paper Impex-India,346703,A One R.V. - Global Parent,Deepak Agarwal,India,12000.00,KG,26455.2,N
00035,        MUM3,MF1306D,MF1306D.S,MF1306D.S-PD,2705361,999,2026,5,2026-05-28 00:00:00,16000,35230,317022,R.V. Business Centre-India,346703,A One R.V. - Global Parent,Deepak Agarwal,India,16000.00,KG,35273.6,N
00010,        CIN2,MP498340R,MP498340R,MP498340R-FD,2687044,999,2026,5,2026-05-29 00:00:00,1632.9328,10200,288399,Michelman New Material Shanghai Co Ltd,291477,Michelman Asia-Pacific - Global Parent,,China,8.00,DR,3600,N
00010,        CINC,MP498340D,MP498340D,MP498340D,2608579,999,2026,5,2026-05-29 00:00:00,0.4536,10240,21944,"Saint Gobain - Albion, NY (East Avenue)",290179,Saint Gobain - Global Parent,Brendan Schloerb,United States,1.00,EA,1,N
00020,        AUBA,251095NX,251095NX.E,251095NX.E-PL,26000957,999,2026,5,2026-05-29 00:00:00,18,20230,298497,HP training Graphic Arts (X) BCA ES,290506,Hewlett Packard - Global Parent,Tomasz Machnik,Spain,1.00,PL,39.6832,N
00020,        AUBA,MFP1853R,MFP1853R.E,MFP1853R.E-PD,26000951,999,2026,5,2026-05-29 00:00:00,3000,20230,321588,Keyser and Mackay (X) Lodz PL,326638,K&M Poland - Global Parent,Tomasz Machnik,Poland,15.00,DR,6613.8675,N
00020,        AUBA,MP2960,MP2960.E,MP2960.E-TO,26000918,999,2026,5,2026-05-29 00:00:00,12000,20240,324185,Avient (X)  Geleen NL,309093,Avient - Global Parent,Philippe Chabanne,Netherlands,12.00,TO,26455.47,N
00020,        AUBA,MP498340R,MP498340R.E,MP498340R.E-TO,26000890,999,2026,5,2026-05-29 00:00:00,7600,20220,337819,Henkel (X) Amsterdam NL,290122,Henkel - Global Parent,Luc Vanderstappen,Netherlands,8.00,TO,16755.1312,N
00030,        SING,MF1306D,MF1306D.S,MF1306D.S-PD,2708282,999,2026,5,2026-05-29 00:00:00,9600,SING,338064,TVS SCS SINGAPORE PTE LTD,338064,TVS SCS SINGAPORE PTE LTD,,Singapore,48.00,DR,21164.376,N
00030,        SING,MF1306D,MF1306D.S,MF1306D.S-PD,2708283,999,2026,5,2026-05-29 00:00:00,9600,SING,338064,TVS SCS SINGAPORE PTE LTD,338064,TVS SCS SINGAPORE PTE LTD,,Singapore,48.00,DR,21164.376,N
00030,        SING,MF1306D,MF1306D.S,MF1306D.S-PD,2708284,999,2026,5,2026-05-29 00:00:00,9600,SING,338064,TVS SCS SINGAPORE PTE LTD,338064,TVS SCS SINGAPORE PTE LTD,,Singapore,48.00,DR,21164.376,N
00030,        SING,MF1306D,MF1306D.S,MF1306D.S-PD,2708285,999,2026,5,2026-05-29 00:00:00,9200,SING,338064,TVS SCS SINGAPORE PTE LTD,338064,TVS SCS SINGAPORE PTE LTD,,Singapore,46.00,DR,20282.527000000002,N
00030,        SNG4,MF1204,MF1204.S,MF1204.S-TL,2674167,999,2026,5,2026-05-29 00:00:00,20000,30200,317300,Michelman Private Ltd,291477,Michelman Asia-Pacific - Global Parent,,India,20000.00,KG,44092,N
00030,        SNG4,MP498345N,MP498345N.S,MP498345N.S,2707617,999,2026,5,2026-05-29 00:00:00,2000,SNG4,26227,Singapore Manufacturing,26227,Singapore Manufacturing,,Singapore,2000.00,KG,4409.2,N
00030,        SNG4,PR5985,PR5985.S,PR5985.S,2707556,999,2026,5,2026-05-29 00:00:00,21450,SNG4,26227,Singapore Manufacturing,26227,Singapore Manufacturing,,Singapore,21450.00,KG,47288.670000000006,N
00035,        MUM3,MF1204,MF1204.S,MF1204.S-TL,2675744,999,2026,5,2026-05-29 00:00:00,22000,35230,317984,Montage Enterprises - Noida,300957,Montage - Global Parent,Deepak Agarwal,India,22000.00,KG,48501.2,N
00035,        MUM3,MF1204,MF1204.S,MF1204.S-TL,2706344,999,2026,5,2026-05-29 00:00:00,22000,35230,317984,Montage Enterprises - Noida,300957,Montage - Global Parent,Deepak Agarwal,India,22000.00,KG,48501.200000000004,N
00035,        MUM3,MF1306D,MF1306D.S,MF1306D.S-PD,2705362,999,2026,5,2026-05-29 00:00:00,16000,35230,317022,R.V. Business Centre-India,346703,A One R.V. - Global Parent,Deepak Agarwal,India,16000.00,KG,35273.6,N
00035,        MUM3,MF1306D,MF1306D.S,MF1306D.S-PD,2705363,999,2026,5,2026-05-29 00:00:00,16000,35230,317022,R.V. Business Centre-India,346703,A One R.V. - Global Parent,Deepak Agarwal,India,16000.00,KG,35273.6,N
00035,        MUM3,MF1306D,MF1306D.S,MF1306D.S-PD,2706153,999,2026,5,2026-05-29 00:00:00,11000,35230,317022,R.V. Business Centre-India,346703,A One R.V. - Global Parent,Deepak Agarwal,India,11000.00,KG,24250.600000000002,N
00035,        MUM3,MF1306D,MF1306D.S,MF1306D.S-PD,2707669,999,2026,5,2026-05-29 00:00:00,200,35230,340598,MADHU JAYANTI INTERNATIONAL P L - Salap,323479,Madhu Jayanti International Ltd. - Coim,Deepak Agarwal,India,200.00,KG,440.92,N
00035,        MUM3,MF1406,MF1406.S,MF1406.S-PD,2706151,999,2026,5,2026-05-29 00:00:00,16000,35230,317198,A One Paper Impex-India,346703,A One R.V. - Global Parent,Deepak Agarwal,India,16000.00,KG,35273.6,N
00035,        MUM3,MF1406,MF1406.S,MF1406.S-PD,2706152,999,2026,5,2026-05-29 00:00:00,16000,35230,317022,R.V. Business Centre-India,346703,A One R.V. - Global Parent,Deepak Agarwal,India,16000.00,KG,35273.6,N
00035,        MUM3,MF1406,MF1406.S,MF1406.S-PD,2706153,999,2026,5,2026-05-29 00:00:00,5000,35230,317022,R.V. Business Centre-India,346703,A One R.V. - Global Parent,Deepak Agarwal,India,5000.00,KG,11023,N
00030,        SING,MF1306D,MF1306D.S,MF1306D.S-PD,2709133,999,2026,5,2026-05-30 00:00:00,9600,SING,338064,TVS SCS SINGAPORE PTE LTD,338064,TVS SCS SINGAPORE PTE LTD,,Singapore,48.00,DR,21164.376,N
00030,        SING,MF1306D,MF1306D.S,MF1306D.S-PD,2709134,999,2026,5,2026-05-30 00:00:00,9600,SING,338064,TVS SCS SINGAPORE PTE LTD,338064,TVS SCS SINGAPORE PTE LTD,,Singapore,48.00,DR,21164.376,N
00030,        SING,MF1306D,MF1306D.S,MF1306D.S-PD,2709135,999,2026,5,2026-05-30 00:00:00,7200,SING,338064,TVS SCS SINGAPORE PTE LTD,338064,TVS SCS SINGAPORE PTE LTD,,Singapore,36.00,DR,15873.282000000001,N
00030,        SING,MF1306D,MF1306D.S,MF1306D.S-PD,2709136,999,2026,5,2026-05-30 00:00:00,9600,SING,338064,TVS SCS SINGAPORE PTE LTD,338064,TVS SCS SINGAPORE PTE LTD,,Singapore,48.00,DR,21164.376,N
00030,        SING,MF1306D,MF1306D.S,MF1306D.S-PD,2709167,999,2026,5,2026-05-30 00:00:00,2000,SING,338064,TVS SCS SINGAPORE PTE LTD,338064,TVS SCS SINGAPORE PTE LTD,,Singapore,10.00,DR,4409.245,N
00030,        SNG4,MF1204,MF1204.S,MF1204.S-TL,2708603,999,2026,5,2026-05-30 00:00:00,1000,SNG4,26227,Singapore Manufacturing,26227,Singapore Manufacturing,,Singapore,1000.00,KG,2204.6,N
00010,        CIN2,MP48525R,MP48525R,MP48525R-FD,2678810,999,2026,6,2026-06-01 00:00:00,215.4564,10230,323912,"S-One/ Sarasota,FL(CORP OFFICE)",319906,S-One Labels - GLOBAL PARENT,Dave Jeffers,United States,1.00,DR,475,N
00010,        CIN2,MP498340R,MP498340R,MP498340R-FD,2687028,999,2026,6,2026-06-01 00:00:00,1632.9328,10200,288399,Michelman New Material Shanghai Co Ltd,291477,Michelman Asia-Pacific - Global Parent,,China,8.00,DR,3600,N
00010,        CIN2,MP4983R,MP4983R,MP4983R-PL,2692784,999,2026,6,2026-06-01 00:00:00,145.1496,10230,297964,"Belmark - De Pere, WI",297964,"Belmark - De Pere, WI",Brad Durden,United States,8.00,PL,320,N
00030,        SING,MF1306D,MF1306D.S,MF1306D.S-PD,2710739,999,2026,6,2026-06-01 00:00:00,9600,SING,338064,TVS SCS SINGAPORE PTE LTD,338064,TVS SCS SINGAPORE PTE LTD,,Singapore,48.00,DR,21164.376,N
00030,        SING,MF1306D,MF1306D.S,MF1306D.S-PD,2710740,999,2026,6,2026-06-01 00:00:00,9600,SING,338064,TVS SCS SINGAPORE PTE LTD,338064,TVS SCS SINGAPORE PTE LTD,,Singapore,48.00,DR,21164.376,N
00030,        SING,MF1306D,MF1306D.S,MF1306D.S-PD,2710741,999,2026,6,2026-06-01 00:00:00,9600,SING,338064,TVS SCS SINGAPORE PTE LTD,338064,TVS SCS SINGAPORE PTE LTD,,Singapore,48.00,DR,21164.376,N
00030,        SING,MF1306D,MF1306D.S,MF1306D.S-PD,2710748,999,2026,6,2026-06-01 00:00:00,9200,SING,338064,TVS SCS SINGAPORE PTE LTD,338064,TVS SCS SINGAPORE PTE LTD,,Singapore,46.00,DR,20282.527000000002,N
00030,        SNG4,PR5985,PR5985.S,PR5985.S,2708356,999,2026,6,2026-06-01 00:00:00,8450,SNG4,26227,Singapore Manufacturing,26227,Singapore Manufacturing,,Singapore,8450.00,KG,18628.870000000003,N
00010,        CIN2,MP498340R,MP498340R,MP498340R-KP,2696550,999,2026,6,2026-06-02 00:00:00,1400.2394,10230,347249,"3R Packaging, LLC - Miami, FL",347249,"3R Packaging, LLC - Miami, FL",Dave Jeffers,United States,7.00,DR,3087,N
00010,        CIN2,MP4983R,MP4983R,MP4983R-PL,2703617,999,2026,6,2026-06-02 00:00:00,254.0118,10230,297964,"Belmark - De Pere, WI",297964,"Belmark - De Pere, WI",Brad Durden,United States,14.00,PL,560,N
00020,        AUBA,251194NX,251194NX.E,251194NX.E-B1,26000716,999,2026,6,2026-06-02 00:00:00,39.9996,20230,327444, 3 Print Adriatik (X) Celje SI,353914,3 print  SI - Global Parent,Tomasz Machnik,Slovenia,2.00,B1,88.1838,N
00020,        AUBA,MFP1883,MFP1883.E,MFP1883.E-TO,26000982,999,2026,6,2026-06-02 00:00:00,2000,20230,339536,Leoprint (X) Vilnius LT,339536,Leoprint (X) Vilnius LT,Laurence Vast,Lithuania,2.00,TO,4409.245,N
00030,        SING,MF1306D,MF1306D.S,MF1306D.S-PD,2711533,999,2026,6,2026-06-02 00:00:00,9600,SING,338064,TVS SCS SINGAPORE PTE LTD,338064,TVS SCS SINGAPORE PTE LTD,,Singapore,48.00,DR,21164.376,N
00030,        SING,MF1306D,MF1306D.S,MF1306D.S-PD,2711534,999,2026,6,2026-06-02 00:00:00,9600,SING,338064,TVS SCS SINGAPORE PTE LTD,338064,TVS SCS SINGAPORE PTE LTD,,Singapore,48.00,DR,21164.376,N
00030,        SING,MF1306D,MF1306D.S,MF1306D.S-PD,2711535,999,2026,6,2026-06-02 00:00:00,9600,SING,338064,TVS SCS SINGAPORE PTE LTD,338064,TVS SCS SINGAPORE PTE LTD,,Singapore,48.00,DR,21164.376,N
00030,        SING,MF1306D,MF1306D.S,MF1306D.S-PD,2711536,999,2026,6,2026-06-02 00:00:00,9000,SING,338064,TVS SCS SINGAPORE PTE LTD,338064,TVS SCS SINGAPORE PTE LTD,,Singapore,45.00,DR,19841.6025,N
00030,        SNG4,MF1306D,MF1306D.S,MF1306D.S-PD,2681810,999,2026,6,2026-06-02 00:00:00,16000,30200,317300,Michelman Private Ltd,291477,Michelman Asia-Pacific - Global Parent,,India,16000.00,KG,35273.6,N
00030,        SNG4,MF1306D,MF1306D.S,MF1306D.S-PD,2681811,999,2026,6,2026-06-02 00:00:00,16000,30200,317300,Michelman Private Ltd,291477,Michelman Asia-Pacific - Global Parent,,India,16000.00,KG,35273.6,N
00030,        SNG4,MF1306D,MF1306D.S,MF1306D.S-PD,2681812,999,2026,6,2026-06-02 00:00:00,16000,30200,317300,Michelman Private Ltd,291477,Michelman Asia-Pacific - Global Parent,,India,16000.00,KG,35273.6,N
00030,        SNG4,MP498345N,MP498345N.S,MP498345N.S,2707618,999,2026,6,2026-06-02 00:00:00,2000,SNG4,26227,Singapore Manufacturing,26227,Singapore Manufacturing,,Singapore,2000.00,KG,4409.2,N
00030,        SNG4,PR5985,PR5985.S,PR5985.S,2708357,999,2026,6,2026-06-02 00:00:00,7150,SNG4,26227,Singapore Manufacturing,26227,Singapore Manufacturing,,Singapore,7150.00,KG,15762.890000000001,N
00010,        CIN2,MP4983R,MP4983R,MP4983R-PL,2695182,999,2026,6,2026-06-03 00:00:00,108.8622,10230,297964,"Belmark - De Pere, WI",297964,"Belmark - De Pere, WI",Brad Durden,United States,6.00,PL,240,N
00010,        CIN2,PA845H,PA845H,PA845H-OP,2691099,999,2026,6,2026-06-03 00:00:00,3878.2154,10240,292816,"Mitsubishi Chemical - Sacramento, CA",333999,Mitsubishi Chemical F&C-Global Parent,Brendan Schloerb,United States,19.00,DR,8550,N
00010,        CIN2,PA845H,PA845H,PA845H-OP,2697251,999,2026,6,2026-06-03 00:00:00,2449.3992,10240,330490,"Mitsubishi Chem Adv Material - Mesa, AZ",333999,Mitsubishi Chemical F&C-Global Parent,Brendan Schloerb,United States,12.00,DR,5400,N
00020,        AUBA,251194NX,251194NX.E,251194NX.E-P1,26000960,999,2026,6,2026-06-03 00:00:00,480,20230,291539,Brigal  (X) NIGRAN ES,330997,Brigal - Global Parent,Laurence Vast,Spain,1.00,PA,1058.2188,N
00020,        AUBA,MP4983R,MP4983R.E,MP4983R.E,26000585,999,2026,6,2026-06-03 00:00:00,21800,20230,296616,Sterimed (X) Amelie FR,327014,Sterimed - Global Parent,Marie-Annette Mahy,France,21800.00,KG,48060.280000000006,N
00030,        SNG4,PR5985,PR5985.S,PR5985.S,2711369,999,2026,6,2026-06-03 00:00:00,7150,SNG4,26227,Singapore Manufacturing,26227,Singapore Manufacturing,,Singapore,7150.00,KG,15762.890000000001,N
00010,        CIN2,MFP1853R,MFP1853R,MFP1853R-FD,2697478,999,2026,6,2026-06-04 00:00:00,1224.6996,10220,353479,"3M - Hutchinson, MN",290059,3M - Global Parent,Tammy Patton,United States,6.00,DR,2700,N
00010,        CIN2,MP4983R,MP4983R,MP4983R-FD,2698252,999,2026,6,2026-06-04 00:00:00,861.8256,10220,316381,"Synthomer - Roebuck, SC",316381,"Synthomer - Roebuck, SC",Abbie Wootton,United States,4.00,DR,1900,N
00020,        AUBA,MFP1883,MFP1883.E,MFP1883.E-PL,26001010,999,2026,6,2026-06-04 00:00:00,18,20230,288577,Apaco Grosshandel (X) Wien AT,290632,Apaco - Global Parent,Alexandre Pomes,Austria,1.00,PL,39.6832,N
00020,        AUBA,MP2960,MP2960.E,MP2960.E-TO,26000987,999,2026,6,2026-06-04 00:00:00,2000,20230,49118,Soconomar (X) Milano IT,290539,Soconomar - Global Parent,Krist Vanderstiggel,Italy,2.00,TO,4409.245,N
00030,        SING,MF1306D,MF1306D.S,MF1306D.S-PD,2712863,999,2026,6,2026-06-04 00:00:00,4800,SING,338064,TVS SCS SINGAPORE PTE LTD,338064,TVS SCS SINGAPORE PTE LTD,,Singapore,24.00,DR,10582.188,N
00030,        SING,MF1306D,MF1306D.S,MF1306D.S-PD,2712864,999,2026,6,2026-06-04 00:00:00,9600,SING,338064,TVS SCS SINGAPORE PTE LTD,338064,TVS SCS SINGAPORE PTE LTD,,Singapore,48.00,DR,21164.376,N
00030,        SING,MF1306D,MF1306D.S,MF1306D.S-PD,2712865,999,2026,6,2026-06-04 00:00:00,9600,SING,338064,TVS SCS SINGAPORE PTE LTD,338064,TVS SCS SINGAPORE PTE LTD,,Singapore,48.00,DR,21164.376,N
00030,        SING,MF1306D,MF1306D.S,MF1306D.S-PD,2712866,999,2026,6,2026-06-04 00:00:00,9600,SING,338064,TVS SCS SINGAPORE PTE LTD,338064,TVS SCS SINGAPORE PTE LTD,,Singapore,48.00,DR,21164.376,N
00030,        SING,MF1306D,MF1306D.S,MF1306D.S-PD,2712897,999,2026,6,2026-06-04 00:00:00,4400,SING,338064,TVS SCS SINGAPORE PTE LTD,338064,TVS SCS SINGAPORE PTE LTD,,Singapore,22.00,DR,9700.339,N
00010,        CIN2,MFHS268,MFHS268,MFHS268-OP,2569166,999,2026,6,2026-06-05 00:00:00,16329.328,10240,327947,"FMS Enterprises - Lincolnton, NC",352994,FMS Enterprises - Global Parent,Brendan Schloerb,United States,80.00,DR,36000,N
00030,        SING,MF1306D,MF1306D.S,MF1306D.S-PD,2713645,999,2026,6,2026-06-05 00:00:00,8000,SING,338064,TVS SCS SINGAPORE PTE LTD,338064,TVS SCS SINGAPORE PTE LTD,,Singapore,40.00,DR,17636.98,N
00030,        SING,MF1306D,MF1306D.S,MF1306D.S-PD,2713646,999,2026,6,2026-06-05 00:00:00,4800,SING,338064,TVS SCS SINGAPORE PTE LTD,338064,TVS SCS SINGAPORE PTE LTD,,Singapore,24.00,DR,10582.188,N
00030,        SING,MF1306D,MF1306D.S,MF1306D.S-PD,2713647,999,2026,6,2026-06-05 00:00:00,9600,SING,338064,TVS SCS SINGAPORE PTE LTD,338064,TVS SCS SINGAPORE PTE LTD,,Singapore,48.00,DR,21164.376,N
00030,        SING,MF1306D,MF1306D.S,MF1306D.S-PD,2713648,999,2026,6,2026-06-05 00:00:00,9600,SING,338064,TVS SCS SINGAPORE PTE LTD,338064,TVS SCS SINGAPORE PTE LTD,,Singapore,48.00,DR,21164.376,N
00030,        SING,MF1306D,MF1306D.S,MF1306D.S-PD,2713718,999,2026,6,2026-06-05 00:00:00,6000,SING,338064,TVS SCS SINGAPORE PTE LTD,338064,TVS SCS SINGAPORE PTE LTD,,Singapore,6000.00,KG,13227.6,N
00030,        SNG4,MF1306D,MF1306D.S,MF1306D.S-PD,2681813,999,2026,6,2026-06-05 00:00:00,16000,30200,317300,Michelman Private Ltd,291477,Michelman Asia-Pacific - Global Parent,,India,16000.00,KG,35273.6,N
00030,        SNG4,PR5985,PR5985.S,PR5985.S,2712964,999,2026,6,2026-06-05 00:00:00,20150,SNG4,26227,Singapore Manufacturing,26227,Singapore Manufacturing,,Singapore,20150.00,KG,44422.69,N
00010,        CIN2,MP48525R,MP48525R,MP48525R-T2,2703300,999,2026,6,2026-06-08 00:00:00,1995.8066,10230,304227,"Ahlstrom-Munksjo-Rhinelander,WI(Phillip)",304253,Ahlstrom-Munksjo - Global Parent,Brad Durden,United States,2.00,TO,4400,N
00010,        CIN2,MP4983R,MP4983R,MP4983R-T2,2697288,999,2026,6,2026-06-08 00:00:00,11974.8396,10230,304227,"Ahlstrom-Munksjo-Rhinelander,WI(Phillip)",304253,Ahlstrom-Munksjo - Global Parent,Brad Durden,United States,12.00,TO,26400,N
00030,        SING,MF1306D,MF1306D.S,MF1306D.S-PD,2715884,999,2026,6,2026-06-08 00:00:00,8000,SING,338064,TVS SCS SINGAPORE PTE LTD,338064,TVS SCS SINGAPORE PTE LTD,,Singapore,40.00,DR,17636.98,N
00030,        SING,MF1306D,MF1306D.S,MF1306D.S-PD,2715885,999,2026,6,2026-06-08 00:00:00,9600,SING,338064,TVS SCS SINGAPORE PTE LTD,338064,TVS SCS SINGAPORE PTE LTD,,Singapore,48.00,DR,21164.376,N
00030,        SING,MF1306D,MF1306D.S,MF1306D.S-PD,2715888,999,2026,6,2026-06-08 00:00:00,1200,SING,338064,TVS SCS SINGAPORE PTE LTD,338064,TVS SCS SINGAPORE PTE LTD,,Singapore,6.00,DR,2645.547,N
00030,        SING,MF1306D,MF1306D.S,MF1306D.S-PD,2715889,999,2026,6,2026-06-08 00:00:00,9600,SING,338064,TVS SCS SINGAPORE PTE LTD,338064,TVS SCS SINGAPORE PTE LTD,,Singapore,48.00,DR,21164.376,N
00030,        SING,MF1306D,MF1306D.S,MF1306D.S-PD,2715890,999,2026,6,2026-06-08 00:00:00,9600,SING,338064,TVS SCS SINGAPORE PTE LTD,338064,TVS SCS SINGAPORE PTE LTD,,Singapore,48.00,DR,21164.376,N
00030,        SNG4,MF1306D,MF1306D.S,MF1306D.S-PD,2681814,999,2026,6,2026-06-08 00:00:00,16000,30200,317300,Michelman Private Ltd,291477,Michelman Asia-Pacific - Global Parent,,India,16000.00,KG,35273.6,N
00030,        SNG4,MF1306D,MF1306D.S,MF1306D.S-PD,2685477,999,2026,6,2026-06-08 00:00:00,16000,30200,317300,Michelman Private Ltd,291477,Michelman Asia-Pacific - Global Parent,,India,16000.00,KG,35273.6,N
00030,        SNG4,MF1306D,MF1306D.S,MF1306D.S-PD,2685493,999,2026,6,2026-06-08 00:00:00,16000,30200,317300,Michelman Private Ltd,291477,Michelman Asia-Pacific - Global Parent,,India,16000.00,KG,35273.6,N
00030,        SNG4,MF1306D,MF1306D.S,MF1306D.S-PD,2685495,999,2026,6,2026-06-08 00:00:00,16000,30200,317300,Michelman Private Ltd,291477,Michelman Asia-Pacific - Global Parent,,India,16000.00,KG,35273.6,N
00030,        SNG4,MF1306D,MF1306D.S,MF1306D.S-PD,2685496,999,2026,6,2026-06-08 00:00:00,16000,30200,317300,Michelman Private Ltd,291477,Michelman Asia-Pacific - Global Parent,,India,16000.00,KG,35273.6,N
00030,        SNG4,MF1306D,MF1306D.S,MF1306D.S-PD,2685497,999,2026,6,2026-06-08 00:00:00,16000,30200,317300,Michelman Private Ltd,291477,Michelman Asia-Pacific - Global Parent,,India,16000.00,KG,35273.6,N
00030,        SNG4,MF1306D,MF1306D.S,MF1306D.S-PD,2690000,999,2026,6,2026-06-08 00:00:00,16000,30200,317300,Michelman Private Ltd,291477,Michelman Asia-Pacific - Global Parent,,India,16000.00,KG,35273.600000000006,N
00030,        SNG4,MP498345N,MP498345N.S,MP498345N.S,2715922,999,2026,6,2026-06-08 00:00:00,1000,SNG4,26227,Singapore Manufacturing,26227,Singapore Manufacturing,,Singapore,1000.00,KG,2204.6,N
00030,        SNG4,PR5985,PR5985.S,PR5985.S,2712965,999,2026,6,2026-06-08 00:00:00,21450,SNG4,26227,Singapore Manufacturing,26227,Singapore Manufacturing,,Singapore,21450.00,KG,47288.67,N
00010,        CIN2,251194NX,251194NX,251194NX-PL,2701838,999,2026,6,2026-06-09 00:00:00,435.44879999999995,10230,323912,"S-One/ Sarasota,FL(CORP OFFICE)",319906,S-One Labels - GLOBAL PARENT,Dave Jeffers,United States,24.00,PL,960,N
00010,        CIN2,MFP1853R,MFP1853R,MFP1853R-FD,2706635,999,2026,6,2026-06-09 00:00:00,204.1166,10220,352481,"Miller Stephenson Chem - Danbury, CT",352481,"Miller Stephenson Chem - Danbury, CT",Tammy Patton,United States,1.00,DR,450,N
00010,        CIN2,MFP1853R,MFP1853R,MFP1853R-FD,2710998,999,2026,6,2026-06-09 00:00:00,408.2332,10230,337052,"Utopia - Mukwonago,WI",290497,Utopia - Global Parent,Dave Jeffers,United States,2.00,DR,900,N
00010,        CINC,MP498340D,MP498340D,MP498340D,2692786,999,2026,6,2026-06-09 00:00:00,18271.008,10240,21944,"Saint Gobain - Albion, NY (East Avenue)",290179,Saint Gobain - Global Parent,Brendan Schloerb,United States,40280.00,LB,40280,N
00020,        AUBA,251194NX,251194NX.E,251194NX.E-P1,26000986,999,2026,6,2026-06-09 00:00:00,960,20230,49118,Soconomar (X) Milano IT,290539,Soconomar - Global Parent,Krist Vanderstiggel,Italy,2.00,PA,2116.4376,N
00020,        AUBA,MF4915,MF4915.E,MF4915.E-TO,26000848,999,2026,6,2026-06-09 00:00:00,4800,20230,288244,Constantia Teich  (X) Weinburg AT,297153,Constantia - Global Parent,Alexandre Pomes,Austria,6.00,TO,10582.188,N
00030,        SING,MF1306D,MF1306D.S,MF1306D.S-PD,2716627,999,2026,6,2026-06-09 00:00:00,9600,SING,338064,TVS SCS SINGAPORE PTE LTD,338064,TVS SCS SINGAPORE PTE LTD,,Singapore,48.00,DR,21164.376,N
00030,        SING,MF1306D,MF1306D.S,MF1306D.S-PD,2716628,999,2026,6,2026-06-09 00:00:00,9600,SING,338064,TVS SCS SINGAPORE PTE LTD,338064,TVS SCS SINGAPORE PTE LTD,,Singapore,48.00,DR,21164.376,N
00030,        SING,MF1306D,MF1306D.S,MF1306D.S-PD,2716629,999,2026,6,2026-06-09 00:00:00,9600,SING,338064,TVS SCS SINGAPORE PTE LTD,338064,TVS SCS SINGAPORE PTE LTD,,Singapore,48.00,DR,21164.376,N
00030,        SING,MF1306D,MF1306D.S,MF1306D.S-PD,2716630,999,2026,6,2026-06-09 00:00:00,9200,SING,338064,TVS SCS SINGAPORE PTE LTD,338064,TVS SCS SINGAPORE PTE LTD,,Singapore,46.00,DR,20282.527000000002,N
00030,        SING,MP4983R,MP4983R.S,MP4983R.S-PD,2716720,999,2026,6,2026-06-09 00:00:00,2000,SING,338064,TVS SCS SINGAPORE PTE LTD,338064,TVS SCS SINGAPORE PTE LTD,,Singapore,10.00,DR,4409.245,N
00034,        SHAN,251194NX,251194NX.S,251194NX.S-PL,2713859,999,2026,6,2026-06-09 00:00:00,18,34230,360279,KING-China,360279,KING-China,Nick Guan,China,1.00,PL,39.6832,N
00035,        MUM3,MF1204,MF1204.S,MF1204.S-TL,2713984,999,2026,6,2026-06-09 00:00:00,22000,35230,317984,Montage Enterprises - Noida,300957,Montage - Global Parent,Deepak Agarwal,India,22000.00,KG,48501.200000000004,N
00035,        MUM3,MF1204,MF1204.S,MF1204.S-TL,2716827,999,2026,6,2026-06-09 00:00:00,22000,35230,317984,Montage Enterprises - Noida,300957,Montage - Global Parent,Deepak Agarwal,India,22000.00,KG,48501.200000000004,N
00035,        MUM3,MF1406,MF1406.S,MF1406.S-PD,2713890,999,2026,6,2026-06-09 00:00:00,16000,35230,317022,R.V. Business Centre-India,346703,A One R.V. - Global Parent,Deepak Agarwal,India,16000.00,KG,35273.6,N
00035,        MUM3,MF1406,MF1406.S,MF1406.S-PD,2713908,999,2026,6,2026-06-09 00:00:00,16000,35230,317198,A One Paper Impex-India,346703,A One R.V. - Global Parent,Deepak Agarwal,India,16000.00,KG,35273.6,N
00010,        CIN2,MP4983R,MP4983R,MP4983R-FD,2706497,999,2026,6,2026-06-10 00:00:00,861.8256,10230,22961,"Mitsubishi Polyester Films - Greer, SC",290718,Mitsubishi Films - Global Parent,Brad Durden,United States,4.00,DR,1900,N
00010,        CINC,MP4983R,MP4983R,MP4983R,2674510,999,2026,6,2026-06-10 00:00:00,18769.968,10230,309311,"Amcor - Oshkosh, WI (N Main)",290487,Amcor Flexibles - Global Parent,Brad Durden,United States,41380.00,LB,41380,N
00020,        AUBA,251194NX,251194NX.E,251194NX.E-P1,26001019,999,2026,6,2026-06-10 00:00:00,480,20230,49118,Soconomar (X) Milano IT,290539,Soconomar - Global Parent,Krist Vanderstiggel,Italy,1.00,PA,1058.2188,N
00030,        SING,MF1306D,MF1306D.S,MF1306D.S-PD,2717398,999,2026,6,2026-06-10 00:00:00,9600,SING,338064,TVS SCS SINGAPORE PTE LTD,338064,TVS SCS SINGAPORE PTE LTD,,Singapore,48.00,DR,21164.376,N
00030,        SING,MF1306D,MF1306D.S,MF1306D.S-PD,2717399,999,2026,6,2026-06-10 00:00:00,9600,SING,338064,TVS SCS SINGAPORE PTE LTD,338064,TVS SCS SINGAPORE PTE LTD,,Singapore,48.00,DR,21164.376,N
00030,        SING,MF1306D,MF1306D.S,MF1306D.S-PD,2717400,999,2026,6,2026-06-10 00:00:00,9600,SING,338064,TVS SCS SINGAPORE PTE LTD,338064,TVS SCS SINGAPORE PTE LTD,,Singapore,48.00,DR,21164.376,N
00030,        SING,MF1306D,MF1306D.S,MF1306D.S-PD,2717401,999,2026,6,2026-06-10 00:00:00,9400,SING,338064,TVS SCS SINGAPORE PTE LTD,338064,TVS SCS SINGAPORE PTE LTD,,Singapore,47.00,DR,20723.451500000003,N
00030,        SNG4,MP498345N,MP498345N.S,MP498345N.S,2717489,999,2026,6,2026-06-10 00:00:00,5000,SNG4,26227,Singapore Manufacturing,26227,Singapore Manufacturing,,Singapore,5000.00,KG,11023,N
00030,        SNG4,PR5985,PR5985.S,PR5985.S,2716649,999,2026,6,2026-06-10 00:00:00,7150,SNG4,26227,Singapore Manufacturing,26227,Singapore Manufacturing,,Singapore,7150.00,KG,15762.89,N
00020,        AUBA,MP2960,MP2960.E,MP2960.E-TO,26000677,999,2026,6,2026-06-11 00:00:00,1,20240,324185,Avient (X)  Geleen NL,309093,Avient - Global Parent,Philippe Chabanne,Netherlands,1.00,KG,2.2046,N
00030,        SNG4,PR5985,PR5985.S,PR5985.S,2717437,999,2026,6,2026-06-11 00:00:00,13000,SNG4,26227,Singapore Manufacturing,26227,Singapore Manufacturing,,Singapore,13000.00,KG,28659.800000000003,N
00010,        CIN2,MFHS268,MFHS268,MFHS268-OP,2569167,999,2026,6,2026-06-12 00:00:00,16329.328000000001,10240,327947,"FMS Enterprises - Lincolnton, NC",352994,FMS Enterprises - Global Parent,Brendan Schloerb,United States,80.00,DR,36000,N
00010,        CIN2,MP498340R,MP498340R,MP498340R-T3,2674527,999,2026,6,2026-06-12 00:00:00,17690.103000000003,10220,23093,"Henkel - Delaware, OH",290122,Henkel - Global Parent,Abbie Wootton,United States,15.00,TO,39000,N
00020,        AUBA,251194NX,251194NX.E,251194NX.E-P1,26000846,999,2026,6,2026-06-12 00:00:00,3840,20230,336660,S-One Labels (X) Saarbruecken DE,319906,S-One Labels - GLOBAL PARENT,Laurence Vast,Germany,8.00,PA,8465.7504,N
00020,        AUBA,251194NX,251194NX.E,251194NX.E-P1,26000898,999,2026,6,2026-06-12 00:00:00,1920,20230,336660,S-One Labels (X) Saarbruecken DE,319906,S-One Labels - GLOBAL PARENT,Laurence Vast,Germany,4.00,PA,4232.8752,N
00020,        AUBA,251194NX,251194NX.E,251194NX.E-P1,26001073,999,2026,6,2026-06-12 00:00:00,1920,20230,336660,S-One Labels (X) Saarbruecken DE,319906,S-One Labels - GLOBAL PARENT,Laurence Vast,Germany,4.00,PA,4232.8752,N
00020,        AUBA,MP4983R,MP4983R.E,MP4983R.E-TO,26001077,999,2026,6,2026-06-12 00:00:00,3999.9592,20220,295622,Safic Alcan (X) Warrington GB,309173,Safic Alcan UK - Global Parent,Luc Vanderstappen,United Kingdom,4.00,TO,8818.4,N
00030,        SING,MF1204,MF1204.S,MF1204.S-TL,2719192,999,2026,6,2026-06-12 00:00:00,10000,SING,338064,TVS SCS SINGAPORE PTE LTD,338064,TVS SCS SINGAPORE PTE LTD,,Singapore,10.00,TO,22046.225,N
00030,        SING,MF1204,MF1204.S,MF1204.S-TL,2719193,999,2026,6,2026-06-12 00:00:00,10000,SING,338064,TVS SCS SINGAPORE PTE LTD,338064,TVS SCS SINGAPORE PTE LTD,,Singapore,10.00,TO,22046.225,N
00030,        SING,MF1204,MF1204.S,MF1204.S-TL,2719194,999,2026,6,2026-06-12 00:00:00,10000,SING,338064,TVS SCS SINGAPORE PTE LTD,338064,TVS SCS SINGAPORE PTE LTD,,Singapore,10.00,TO,22046.225,N
00030,        SING,MF1204,MF1204.S,MF1204.S-TL,2719225,999,2026,6,2026-06-12 00:00:00,1000,SING,338064,TVS SCS SINGAPORE PTE LTD,338064,TVS SCS SINGAPORE PTE LTD,,Singapore,1.00,TO,2204.6225,N
00030,        SING,MF1306D,MF1306D.S,MF1306D.S-PD,2718962,999,2026,6,2026-06-12 00:00:00,9600,SING,338064,TVS SCS SINGAPORE PTE LTD,338064,TVS SCS SINGAPORE PTE LTD,,Singapore,48.00,DR,21164.376,N
00030,        SING,MF1306D,MF1306D.S,MF1306D.S-PD,2718963,999,2026,6,2026-06-12 00:00:00,9600,SING,338064,TVS SCS SINGAPORE PTE LTD,338064,TVS SCS SINGAPORE PTE LTD,,Singapore,48.00,DR,21164.376,N
00030,        SING,MF1306D,MF1306D.S,MF1306D.S-PD,2718964,999,2026,6,2026-06-12 00:00:00,9600,SING,338064,TVS SCS SINGAPORE PTE LTD,338064,TVS SCS SINGAPORE PTE LTD,,Singapore,48.00,DR,21164.376,N
00030,        SING,MF1306D,MF1306D.S,MF1306D.S-PD,2718982,999,2026,6,2026-06-12 00:00:00,8800,SING,338064,TVS SCS SINGAPORE PTE LTD,338064,TVS SCS SINGAPORE PTE LTD,,Singapore,44.00,DR,19400.678,N
00030,        SNG4,MF1306D,MF1306D.S,MF1306D.S-PD,2690001,999,2026,6,2026-06-12 00:00:00,16000,30200,317300,Michelman Private Ltd,291477,Michelman Asia-Pacific - Global Parent,,India,16000.00,KG,35273.600000000006,N
00030,        SNG4,MF1306D,MF1306D.S,MF1306D.S-PD,2690017,999,2026,6,2026-06-12 00:00:00,16000,30200,317300,Michelman Private Ltd,291477,Michelman Asia-Pacific - Global Parent,,India,16000.00,KG,35273.6,N
00030,        SNG4,MF1306D,MF1306D.S,MF1306D.S-PD,2705451,999,2026,6,2026-06-12 00:00:00,16000,30200,317300,Michelman Private Ltd,291477,Michelman Asia-Pacific - Global Parent,,India,16000.00,KG,35273.6,N
00030,        SNG4,MF1306D,MF1306D.S,MF1306D.S-PD,2705452,999,2026,6,2026-06-12 00:00:00,16000,30200,317300,Michelman Private Ltd,291477,Michelman Asia-Pacific - Global Parent,,India,16000.00,KG,35273.600000000006,N
00030,        SNG4,MF1306D,MF1306D.S,MF1306D.S-PD,2705470,999,2026,6,2026-06-12 00:00:00,16000,30200,317300,Michelman Private Ltd,291477,Michelman Asia-Pacific - Global Parent,,India,16000.00,KG,35273.6,N
00030,        SNG4,MP4983R,MP4983R.S,MP4983R.S-PD,2696098,999,2026,6,2026-06-12 00:00:00,2000,30200,300385,Michelman New Material - China,291477,Michelman Asia-Pacific - Global Parent,,China,10.00,DR,4409.245,N
00030,        SNG4,PR5985,PR5985.S,PR5985.S,2718267,999,2026,6,2026-06-12 00:00:00,11700,SNG4,26227,Singapore Manufacturing,26227,Singapore Manufacturing,,Singapore,11700.00,KG,25793.820000000003,N
00030,        SNG4,PR5985,PR5985.S,PR5985.S,2718480,999,2026,6,2026-06-12 00:00:00,3250,SNG4,26227,Singapore Manufacturing,26227,Singapore Manufacturing,,Singapore,3250.00,KG,7164.950000000001,N
00035,        MUM3,MF1204,MF1204.S,MF1204.S-TL,2715996,999,2026,6,2026-06-12 00:00:00,22000,35230,317984,Montage Enterprises - Noida,300957,Montage - Global Parent,Deepak Agarwal,India,22000.00,KG,48501.200000000004,N
00030,        SNG4,PR5985,PR5985.S,PR5985.S,2719063,999,2026,6,2026-06-13 00:00:00,8450,SNG4,26227,Singapore Manufacturing,26227,Singapore Manufacturing,,Singapore,8450.00,KG,18628.870000000003,N
00010,        CIN2,MP4983RN,MP4983RN,MP4983RN-FD,2706465,999,2026,6,2026-06-15 00:00:00,17236.512,10230,20968,"Neenah Inc - Munising, MI",290523,Neenah Inc. - Global Parent,Andrew Suski,United States,80.00,DR,38000,N
00030,        SING,MF1306D,MF1306D.S,MF1306D.S-PD,2721182,999,2026,6,2026-06-15 00:00:00,9600,SING,338064,TVS SCS SINGAPORE PTE LTD,338064,TVS SCS SINGAPORE PTE LTD,,Singapore,48.00,DR,21164.376,N
00030,        SING,MF1306D,MF1306D.S,MF1306D.S-PD,2721183,999,2026,6,2026-06-15 00:00:00,9600,SING,338064,TVS SCS SINGAPORE PTE LTD,338064,TVS SCS SINGAPORE PTE LTD,,Singapore,48.00,DR,21164.376,N
00030,        SING,MF1306D,MF1306D.S,MF1306D.S-PD,2721184,999,2026,6,2026-06-15 00:00:00,9600,SING,338064,TVS SCS SINGAPORE PTE LTD,338064,TVS SCS SINGAPORE PTE LTD,,Singapore,48.00,DR,21164.376,N
00030,        SING,MF1306D,MF1306D.S,MF1306D.S-PD,2721185,999,2026,6,2026-06-15 00:00:00,9200,SING,338064,TVS SCS SINGAPORE PTE LTD,338064,TVS SCS SINGAPORE PTE LTD,,Singapore,46.00,DR,20282.527000000002,N
00030,        SING,MF1306D,MF1306D.S,MF1306D.S-PD,2721250,999,2026,6,2026-06-15 00:00:00,8600,SING,338064,TVS SCS SINGAPORE PTE LTD,338064,TVS SCS SINGAPORE PTE LTD,,Singapore,43.00,DR,18959.753500000003,N
00030,        SING,MF1306D,MF1306D.S,MF1306D.S-PD,2721251,999,2026,6,2026-06-15 00:00:00,9600,SING,338064,TVS SCS SINGAPORE PTE LTD,338064,TVS SCS SINGAPORE PTE LTD,,Singapore,48.00,DR,21164.376,N
00030,        SING,MF1306D,MF1306D.S,MF1306D.S-PD,2721252,999,2026,6,2026-06-15 00:00:00,9600,SING,338064,TVS SCS SINGAPORE PTE LTD,338064,TVS SCS SINGAPORE PTE LTD,,Singapore,48.00,DR,21164.376,N
00030,        SING,MF1306D,MF1306D.S,MF1306D.S-PD,2721253,999,2026,6,2026-06-15 00:00:00,9600,SING,338064,TVS SCS SINGAPORE PTE LTD,338064,TVS SCS SINGAPORE PTE LTD,,Singapore,48.00,DR,21164.376,N
00030,        SING,MF1306D,MF1306D.S,MF1306D.S-PD,2721254,999,2026,6,2026-06-15 00:00:00,800,SING,338064,TVS SCS SINGAPORE PTE LTD,338064,TVS SCS SINGAPORE PTE LTD,,Singapore,4.00,DR,1763.698,N
00030,        SNG4,MF1204,MF1204.S,MF1204.S-TL,2674919,999,2026,6,2026-06-15 00:00:00,20000,30200,317300,Michelman Private Ltd,291477,Michelman Asia-Pacific - Global Parent,,India,20000.00,KG,44092,N
00030,        SNG4,MF1204,MF1204.S,MF1204.S-TL,2700916,999,2026,6,2026-06-15 00:00:00,20000,30200,317300,Michelman Private Ltd,291477,Michelman Asia-Pacific - Global Parent,,India,20000.00,KG,44092,N
00030,        SNG4,MF1306D,MF1306D.S,MF1306D.S-PD,2705486,999,2026,6,2026-06-15 00:00:00,16000,30200,317300,Michelman Private Ltd,291477,Michelman Asia-Pacific - Global Parent,,India,16000.00,KG,35273.600000000006,N
00030,        SNG4,MF1306D,MF1306D.S,MF1306D.S-PD,2705487,999,2026,6,2026-06-15 00:00:00,16000,30200,317300,Michelman Private Ltd,291477,Michelman Asia-Pacific - Global Parent,,India,16000.00,KG,35273.6,N
00030,        SNG4,MF1306D,MF1306D.S,MF1306D.S-PD,2706236,999,2026,6,2026-06-15 00:00:00,16000,30200,317300,Michelman Private Ltd,291477,Michelman Asia-Pacific - Global Parent,,India,16000.00,KG,35273.6,N
00030,        SNG4,MF1306D,MF1306D.S,MF1306D.S-PD,2706237,999,2026,6,2026-06-15 00:00:00,16000,30200,317300,Michelman Private Ltd,291477,Michelman Asia-Pacific - Global Parent,,India,16000.00,KG,35273.6,N
00030,        SNG4,MF1306D,MF1306D.S,MF1306D.S-PD,2706238,999,2026,6,2026-06-15 00:00:00,16000,30200,317300,Michelman Private Ltd,291477,Michelman Asia-Pacific - Global Parent,,India,16000.00,KG,35273.6,N
00030,        SNG4,PR5985,PR5985.S,PR5985.S,2721186,999,2026,6,2026-06-15 00:00:00,3250,SNG4,26227,Singapore Manufacturing,26227,Singapore Manufacturing,,Singapore,3250.00,KG,7164.950000000001,N
00010,        CIN2,MFP1883,MFP1883,MFP1883-FD,2707987,999,2026,6,2026-06-16 00:00:00,1508.1948,10230,336657,"O-I, Plant - Auburn, NY",340177,"O-I, Inc. - Global Parent",,United States,7.00,DR,3325,N
00010,        CIN2,MP4983R,MP4983R,MP4983R-FD,2717944,999,2026,6,2026-06-16 00:00:00,646.3692,10240,21952,"Chase Corp - Lenoir, NC",290149,Chase Corp - Global Parent,Brendan Schloerb,United States,3.00,DR,1425,N
00010,        CIN2,RM108,RM108,RM108-T3,2668990,999,2026,6,2026-06-16 00:00:00,15921.093499999999,10230,21702,"Oliver-Tolas Health - Feasterville, PA",290128,Oliver Tolas - Global Parent,Brad Durden,United States,13.00,TO,35100,N
00030,        SNG4,MF1306D,MF1306D.S,MF1306D.S-PD,2706239,999,2026,6,2026-06-16 00:00:00,16000,30200,317300,Michelman Private Ltd,291477,Michelman Asia-Pacific - Global Parent,,India,16000.00,KG,35273.6,N
00030,        SNG4,MF1306D,MF1306D.S,MF1306D.S-PD,2706240,999,2026,6,2026-06-16 00:00:00,16000,30200,317300,Michelman Private Ltd,291477,Michelman Asia-Pacific - Global Parent,,India,16000.00,KG,35273.6,N
00030,        SNG4,PR5985,PR5985.S,PR5985.S,2721248,999,2026,6,2026-06-16 00:00:00,1950,SNG4,26227,Singapore Manufacturing,26227,Singapore Manufacturing,,Singapore,1950.00,KG,4298.97,N
00035,        MUM3,MF1204,MF1204.S,MF1204.S-TL,2717650,999,2026,6,2026-06-16 00:00:00,22000,35230,317984,Montage Enterprises - Noida,300957,Montage - Global Parent,Deepak Agarwal,India,22000.00,KG,48501.2,N
00030,        SING,MF1204,MF1204.S,MF1204.S-TL,2722765,999,2026,6,2026-06-17 00:00:00,10000,SING,338064,TVS SCS SINGAPORE PTE LTD,338064,TVS SCS SINGAPORE PTE LTD,,Singapore,10.00,TO,22046.225,N
00030,        SING,MF1204,MF1204.S,MF1204.S-TL,2722766,999,2026,6,2026-06-17 00:00:00,10000,SING,338064,TVS SCS SINGAPORE PTE LTD,338064,TVS SCS SINGAPORE PTE LTD,,Singapore,10.00,TO,22046.225,N
00030,        SING,MF1204,MF1204.S,MF1204.S-TL,2722806,999,2026,6,2026-06-17 00:00:00,8000,SING,338064,TVS SCS SINGAPORE PTE LTD,338064,TVS SCS SINGAPORE PTE LTD,,Singapore,8.00,TO,17636.98,N
00030,        SING,MF1306D,MF1306D.S,MF1306D.S-PD,2722727,999,2026,6,2026-06-17 00:00:00,9600,SING,338064,TVS SCS SINGAPORE PTE LTD,338064,TVS SCS SINGAPORE PTE LTD,,Singapore,48.00,DR,21164.376,N
00030,        SING,MF1306D,MF1306D.S,MF1306D.S-PD,2722728,999,2026,6,2026-06-17 00:00:00,9600,SING,338064,TVS SCS SINGAPORE PTE LTD,338064,TVS SCS SINGAPORE PTE LTD,,Singapore,48.00,DR,21164.376,N
00030,        SING,MF1306D,MF1306D.S,MF1306D.S-PD,2722729,999,2026,6,2026-06-17 00:00:00,9600,SING,338064,TVS SCS SINGAPORE PTE LTD,338064,TVS SCS SINGAPORE PTE LTD,,Singapore,48.00,DR,21164.376,N
00030,        SING,MF1306D,MF1306D.S,MF1306D.S-PD,2722730,999,2026,6,2026-06-17 00:00:00,9200,SING,338064,TVS SCS SINGAPORE PTE LTD,338064,TVS SCS SINGAPORE PTE LTD,,Singapore,46.00,DR,20282.527000000002,N
00030,        SNG4,MF1204,MF1204.S,MF1204.S-TL,2706265,999,2026,6,2026-06-17 00:00:00,20000,30200,317300,Michelman Private Ltd,291477,Michelman Asia-Pacific - Global Parent,,India,20000.00,KG,44092,N
00030,        SNG4,MF1306D,MF1306D.S,MF1306D.S-PD,2706241,999,2026,6,2026-06-17 00:00:00,16000,30200,317300,Michelman Private Ltd,291477,Michelman Asia-Pacific - Global Parent,,India,16000.00,KG,35273.6,N
00030,        SNG4,MF1306D,MF1306D.S,MF1306D.S-PD,2706242,999,2026,6,2026-06-17 00:00:00,16000,30200,317300,Michelman Private Ltd,291477,Michelman Asia-Pacific - Global Parent,,India,16000.00,KG,35273.6,N
00030,        SNG4,MF1306D,MF1306D.S,MF1306D.S-PD,2706988,999,2026,6,2026-06-17 00:00:00,16000,30200,317300,Michelman Private Ltd,291477,Michelman Asia-Pacific - Global Parent,,India,16000.00,KG,35273.6,N
00030,        SNG4,PR5985,PR5985.S,PR5985.S,2721990,999,2026,6,2026-06-17 00:00:00,7150,SNG4,26227,Singapore Manufacturing,26227,Singapore Manufacturing,,Singapore,7150.00,KG,15762.89,N
00010,        CIN2,MP498340R,MP498340R,MP498340R-T3,2721653,999,2026,6,2026-06-18 00:00:00,2358.6804,10240,357599,"W.F. Taylor LLC-Dalton, GA",357599,"W.F. Taylor LLC-Dalton, GA",Samuel Hankins,United States,2.00,TO,5200,N
00010,        CIN2,UBD211,UBD211,UBD211-T3,2721653,999,2026,6,2026-06-18 00:00:00,2358.6804,10240,357599,"W.F. Taylor LLC-Dalton, GA",357599,"W.F. Taylor LLC-Dalton, GA",Samuel Hankins,United States,2.00,TO,5200,N
00020,        AUBA,251194NX,251194NX.E,251194NX.E-P1,26001096,999,2026,6,2026-06-18 00:00:00,480,20230,288577,Apaco Grosshandel (X) Wien AT,290632,Apaco - Global Parent,Alexandre Pomes,Austria,1.00,PA,1058.2188,N
00020,        AUBA,251194NX,251194NX.E,251194NX.E-P1,26001101,999,2026,6,2026-06-18 00:00:00,480,20230,291539,Brigal  (X) NIGRAN ES,330997,Brigal - Global Parent,Laurence Vast,Spain,1.00,PA,1058.2188,N
00020,        AUBA,MFP1853R,MFP1853R.E,MFP1853R.E-PD,26001114,999,2026,6,2026-06-18 00:00:00,400,20230,309029,Bobst (X) San Giorgio IT,311787,Bobst - Global Parent,Krist Vanderstiggel,Italy,2.00,DR,881.849,N
00020,        AUBA,MP4932,MP4932.E,MP4932.E-PD,26001114,999,2026,6,2026-06-18 00:00:00,200,20230,309029,Bobst (X) San Giorgio IT,311787,Bobst - Global Parent,Krist Vanderstiggel,Italy,1.00,DR,440.9245,N
00030,        SING,251194NX,251194NX.S,251194NX.S-B1,2723604,999,2026,6,2026-06-18 00:00:00,460,SING,338064,TVS SCS SINGAPORE PTE LTD,338064,TVS SCS SINGAPORE PTE LTD,,Singapore,23.00,B1,1014.1252,N
00030,        SNG4,MF1306D,MF1306D.S,MF1306D.S-PD,2706989,999,2026,6,2026-06-18 00:00:00,16000,30200,317300,Michelman Private Ltd,291477,Michelman Asia-Pacific - Global Parent,,India,16000.00,KG,35273.600000000006,N
00030,        SNG4,MF1306D,MF1306D.S,MF1306D.S-PD,2706990,999,2026,6,2026-06-18 00:00:00,16000,30200,317300,Michelman Private Ltd,291477,Michelman Asia-Pacific - Global Parent,,India,16000.00,KG,35273.6,N
00030,        SNG4,PR5985,PR5985.S,PR5985.S,2723753,999,2026,6,2026-06-18 00:00:00,1950,SNG4,26227,Singapore Manufacturing,26227,Singapore Manufacturing,,Singapore,1950.00,KG,4298.97,N
00020,        AUBA,PH00007E,PH00007E.E,PH00007E.E-PD,26001048,999,2026,6,2026-06-19 00:00:00,800,20220,310673,Chemetall (X) Berlin DE,290491,Chemetall - Global Parent,Luc Vanderstappen,Germany,4.00,DR,1763.698,N
00030,        SING,MF1204,MF1204.S,MF1204.S-TL,2724234,999,2026,6,2026-06-19 00:00:00,10000,SING,338064,TVS SCS SINGAPORE PTE LTD,338064,TVS SCS SINGAPORE PTE LTD,,Singapore,10.00,TO,22046.225,N
00030,        SING,MF1204,MF1204.S,MF1204.S-TL,2724235,999,2026,6,2026-06-19 00:00:00,10000,SING,338064,TVS SCS SINGAPORE PTE LTD,338064,TVS SCS SINGAPORE PTE LTD,,Singapore,10.00,TO,22046.225,N
00030,        SING,MF1204,MF1204.S,MF1204.S-TL,2724236,999,2026,6,2026-06-19 00:00:00,10000,SING,338064,TVS SCS SINGAPORE PTE LTD,338064,TVS SCS SINGAPORE PTE LTD,,Singapore,10.00,TO,22046.225,N
00030,        SING,MF1204,MF1204.S,MF1204.S-TL,2724237,999,2026,6,2026-06-19 00:00:00,6000,SING,338064,TVS SCS SINGAPORE PTE LTD,338064,TVS SCS SINGAPORE PTE LTD,,Singapore,6.00,TO,13227.735,N
00030,        SING,MP4983R,MP4983R.S,MP4983R.S-PD,2724247,999,2026,6,2026-06-19 00:00:00,1400,SING,338064,TVS SCS SINGAPORE PTE LTD,338064,TVS SCS SINGAPORE PTE LTD,,Singapore,7.00,DR,3086.4715,N
00030,        SNG4,MF1306D,MF1306D.S,MF1306D.S-PD,2706991,999,2026,6,2026-06-19 00:00:00,16000,30200,317300,Michelman Private Ltd,291477,Michelman Asia-Pacific - Global Parent,,India,16000.00,KG,35273.600000000006,N
00030,        SNG4,MF1306D,MF1306D.S,MF1306D.S-PD,2706992,999,2026,6,2026-06-19 00:00:00,16000,30200,317300,Michelman Private Ltd,291477,Michelman Asia-Pacific - Global Parent,,India,16000.00,KG,35273.6,N
00030,        SNG4,PR5985,PR5985.S,PR5985.S,2723833,999,2026,6,2026-06-19 00:00:00,650,SNG4,26227,Singapore Manufacturing,26227,Singapore Manufacturing,,Singapore,650.00,KG,1432.99,N
00030,        SNG4,PR5985,PR5985.S,PR5985.S,2724240,999,2026,6,2026-06-19 00:00:00,1950,SNG4,26227,Singapore Manufacturing,26227,Singapore Manufacturing,,Singapore,1950.00,KG,4298.97,N
00035,        MUM3,MF1204,MF1204.S,MF1204.S-TL,2722107,999,2026,6,2026-06-19 00:00:00,22000,35230,317984,Montage Enterprises - Noida,300957,Montage - Global Parent,Deepak Agarwal,India,22000.00,KG,48501.200000000004,N
00035,        MUM3,MF1406,MF1406.S,MF1406.S-PD,2722900,999,2026,6,2026-06-19 00:00:00,12000,35230,317022,R.V. Business Centre-India,346703,A One R.V. - Global Parent,Deepak Agarwal,India,12000.00,KG,26455.2,N
00030,        SING,MF1306D,MF1306D.S,MF1306D.S-PD,2724902,999,2026,6,2026-06-20 00:00:00,9600,SING,338064,TVS SCS SINGAPORE PTE LTD,338064,TVS SCS SINGAPORE PTE LTD,,Singapore,48.00,DR,21164.376,N
00030,        SING,MF1306D,MF1306D.S,MF1306D.S-PD,2724903,999,2026,6,2026-06-20 00:00:00,4800,SING,338064,TVS SCS SINGAPORE PTE LTD,338064,TVS SCS SINGAPORE PTE LTD,,Singapore,24.00,DR,10582.188,N
00030,        SING,MF1306D,MF1306D.S,MF1306D.S-PD,2724904,999,2026,6,2026-06-20 00:00:00,9600,SING,338064,TVS SCS SINGAPORE PTE LTD,338064,TVS SCS SINGAPORE PTE LTD,,Singapore,48.00,DR,21164.376,N
00030,        SING,MF1306D,MF1306D.S,MF1306D.S-PD,2724905,999,2026,6,2026-06-20 00:00:00,9600,SING,338064,TVS SCS SINGAPORE PTE LTD,338064,TVS SCS SINGAPORE PTE LTD,,Singapore,48.00,DR,21164.376,N
00030,        SING,MF1306D,MF1306D.S,MF1306D.S-PD,2724968,999,2026,6,2026-06-20 00:00:00,4800,SING,338064,TVS SCS SINGAPORE PTE LTD,338064,TVS SCS SINGAPORE PTE LTD,,Singapore,24.00,DR,10582.188,N
00010,        CIN2,MT242AF,MT242AF,MT242AF-PL,2719448,999,2026,6,2026-06-22 00:00:00,36.2874,10230,22215,"Midwest Fibre - Viola, IL",290717,Midwest Fibre - Global Parent,Moses Martinez,United States,2.00,PL,80,N
00010,        CIN2,PA845H,PA845H,PA845H-OP,2665333,999,2026,6,2026-06-22 00:00:00,4082.3320000000003,10240,292816,"Mitsubishi Chemical - Sacramento, CA",333999,Mitsubishi Chemical F&C-Global Parent,Brendan Schloerb,United States,20.00,DR,9000,N
00020,        AUBA,PH00007E,PH00007E.E,PH00007E.E-TO,26001154,999,2026,6,2026-06-22 00:00:00,950,20220,321409,Keyser & Mackay (X) Barcelona ES,326637,K&M Spain - Global Parent,Luc Vanderstappen,Spain,1.00,TO,2094.3914,N
00030,        SNG4,251194NX,251194NX.S,251194NX.S-B1,2708365,999,2026,6,2026-06-22 00:00:00,460,30230,295588,Currie Group Pty Ltd - Australia,305914,Currie - Global Parent,Deepak Agarwal,Australia,23.00,B1,1014.1252,N
00030,        SNG4,MF1306D,MF1306D.S,MF1306D.S-PD,2707811,999,2026,6,2026-06-22 00:00:00,16000,30200,317300,Michelman Private Ltd,291477,Michelman Asia-Pacific - Global Parent,,India,16000.00,KG,35273.6,N
00030,        SNG4,MF1306D,MF1306D.S,MF1306D.S-PD,2707812,999,2026,6,2026-06-22 00:00:00,16000,30200,317300,Michelman Private Ltd,291477,Michelman Asia-Pacific - Global Parent,,India,16000.00,KG,35273.6,N
00030,        SNG4,PR5985,PR5985.S,PR5985.S,2724242,999,2026,6,2026-06-22 00:00:00,650,SNG4,26227,Singapore Manufacturing,26227,Singapore Manufacturing,,Singapore,650.00,KG,1432.99,N
00030,        SNG4,PR5985,PR5985.S,PR5985.S,2726322,999,2026,6,2026-06-22 00:00:00,3250,SNG4,26227,Singapore Manufacturing,26227,Singapore Manufacturing,,Singapore,3250.00,KG,7164.950000000001,N
00034,        SHAN,PA845H,PA845H,PA845H-OP,2715980,999,2026,6,2026-06-22 00:00:00,408.2,34240,340838,Heilongjiang Hongyu-China,340838,Heilongjiang Hongyu-China,Ethan Cheng,China,408.20,KG,899.91772,N
00034,        SHAN,PA845H,PA845H,PA845H-OP,2716893,999,2026,6,2026-06-22 00:00:00,20,34240,355979,Guangdong Aosai-China,355979,Guangdong Aosai-China,Ethan Cheng,China,20.00,KG,44.092,N
00030,        SING,MF1406,MF1406.S,MF1406.S-PD,2727074,999,2026,6,2026-06-23 00:00:00,9600,SING,338064,TVS SCS SINGAPORE PTE LTD,338064,TVS SCS SINGAPORE PTE LTD,,Singapore,48.00,DR,21164.376,N
00030,        SING,MF1406,MF1406.S,MF1406.S-PD,2727075,999,2026,6,2026-06-23 00:00:00,6200,SING,338064,TVS SCS SINGAPORE PTE LTD,338064,TVS SCS SINGAPORE PTE LTD,,Singapore,31.00,DR,13668.659500000002,N
00030,        SING,MF1406,MF1406.S,MF1406.S-PD,2727091,999,2026,6,2026-06-23 00:00:00,5600,SING,338064,TVS SCS SINGAPORE PTE LTD,338064,TVS SCS SINGAPORE PTE LTD,,Singapore,28.00,DR,12345.886,N
00030,        SING,MF1406,MF1406.S,MF1406.S-PD,2727092,999,2026,6,2026-06-23 00:00:00,9600,SING,338064,TVS SCS SINGAPORE PTE LTD,338064,TVS SCS SINGAPORE PTE LTD,,Singapore,48.00,DR,21164.376,N
00030,        SNG4,PR5985,PR5985.S,PR5985.S,2726374,999,2026,6,2026-06-23 00:00:00,1300,SNG4,26227,Singapore Manufacturing,26227,Singapore Manufacturing,,Singapore,1300.00,KG,2865.98,N
00034,        SHAN,PA845H,PA845H,PA845H-OP,2717733,999,2026,6,2026-06-23 00:00:00,816.4,34240,331921,Nantong Fuyuan-China,331921,Nantong Fuyuan-China,Ethan Cheng,China,816.40,KG,1799.83544,N
00035,        MUM3,MF1306D,MF1306D.S,MF1306D.S-PD,2723829,999,2026,6,2026-06-23 00:00:00,16000,35230,317198,A One Paper Impex-India,346703,A One R.V. - Global Parent,Deepak Agarwal,India,16000.00,KG,35273.6,N
00035,        MUM3,MF1306D,MF1306D.S,MF1306D.S-PD,2723830,999,2026,6,2026-06-23 00:00:00,16000,35230,317198,A One Paper Impex-India,346703,A One R.V. - Global Parent,Deepak Agarwal,India,16000.00,KG,35273.6,N
00035,        MUM3,MF1306D,MF1306D.S,MF1306D.S-PD,2724420,999,2026,6,2026-06-23 00:00:00,600,35230,340598,MADHU JAYANTI INTERNATIONAL P L - Salap,323479,Madhu Jayanti International Ltd. - Coim,Deepak Agarwal,India,600.00,KG,1322.76,N
00035,        MUM3,MF1306D,MF1306D.S,MF1306D.S-PD,2725359,999,2026,6,2026-06-23 00:00:00,16000,35230,317198,A One Paper Impex-India,346703,A One R.V. - Global Parent,Deepak Agarwal,India,16000.00,KG,35273.6,N
00010,        CIN2,MP04422R,MP04422R,MP04422R-FD,2703302,999,2026,6,2026-06-24 00:00:00,2585.4768,10230,329175,"Tekni-plex - Madison, WI",339215,Tekni-Plex - Global Parent,Brad Durden,United States,12.00,DR,5700,N
00030,        SING,MF1406,MF1406.S,MF1406.S-PD,2727845,999,2026,6,2026-06-24 00:00:00,9600,SING,338064,TVS SCS SINGAPORE PTE LTD,338064,TVS SCS SINGAPORE PTE LTD,,Singapore,48.00,DR,21164.376,N
00030,        SING,MF1406,MF1406.S,MF1406.S-PD,2727846,999,2026,6,2026-06-24 00:00:00,9600,SING,338064,TVS SCS SINGAPORE PTE LTD,338064,TVS SCS SINGAPORE PTE LTD,,Singapore,48.00,DR,21164.376,N
00030,        SING,MF1406,MF1406.S,MF1406.S-PD,2727847,999,2026,6,2026-06-24 00:00:00,9600,SING,338064,TVS SCS SINGAPORE PTE LTD,338064,TVS SCS SINGAPORE PTE LTD,,Singapore,48.00,DR,21164.376,N
00030,        SING,MF1406,MF1406.S,MF1406.S-PD,2728040,999,2026,6,2026-06-24 00:00:00,4400,SING,338064,TVS SCS SINGAPORE PTE LTD,338064,TVS SCS SINGAPORE PTE LTD,,Singapore,22.00,DR,9700.339,N
00030,        SING,MF1406,MF1406.S,MF1406.S-PD,2728041,999,2026,6,2026-06-24 00:00:00,9600,SING,338064,TVS SCS SINGAPORE PTE LTD,338064,TVS SCS SINGAPORE PTE LTD,,Singapore,48.00,DR,21164.376,N
00030,        SING,MF1406,MF1406.S,MF1406.S-PD,2728042,999,2026,6,2026-06-24 00:00:00,9600,SING,338064,TVS SCS SINGAPORE PTE LTD,338064,TVS SCS SINGAPORE PTE LTD,,Singapore,48.00,DR,21164.376,N
00030,        SING,MF1406,MF1406.S,MF1406.S-PD,2728043,999,2026,6,2026-06-24 00:00:00,9600,SING,338064,TVS SCS SINGAPORE PTE LTD,338064,TVS SCS SINGAPORE PTE LTD,,Singapore,48.00,DR,21164.376,N
00030,        SNG4,MF1204,MF1204.S,MF1204.S-TL,2706266,999,2026,6,2026-06-24 00:00:00,20000,30200,317300,Michelman Private Ltd,291477,Michelman Asia-Pacific - Global Parent,,India,20000.00,KG,44092,N
00030,        SNG4,MF1204,MF1204.S,MF1204.S-TL,2706267,999,2026,6,2026-06-24 00:00:00,20000,30200,317300,Michelman Private Ltd,291477,Michelman Asia-Pacific - Global Parent,,India,20000.00,KG,44092,N
00030,        SNG4,MF1306D,MF1306D.S,MF1306D.S-PD,2706993,999,2026,6,2026-06-24 00:00:00,16000,30200,317300,Michelman Private Ltd,291477,Michelman Asia-Pacific - Global Parent,,India,16000.00,KG,35273.600000000006,N
00030,        SNG4,MF1306D,MF1306D.S,MF1306D.S-PD,2706994,999,2026,6,2026-06-24 00:00:00,16000,30200,317300,Michelman Private Ltd,291477,Michelman Asia-Pacific - Global Parent,,India,16000.00,KG,35273.6,N
00030,        SNG4,MF1306D,MF1306D.S,MF1306D.S-PD,2707810,999,2026,6,2026-06-24 00:00:00,16000,30200,317300,Michelman Private Ltd,291477,Michelman Asia-Pacific - Global Parent,,India,16000.00,KG,35273.6,N
00030,        SNG4,PR5985,PR5985.S,PR5985.S,2727909,999,2026,6,2026-06-24 00:00:00,1300,SNG4,26227,Singapore Manufacturing,26227,Singapore Manufacturing,,Singapore,1300.00,KG,2865.98,N
00034,        SHAN,MP498340R,MP498340R,MP498340R-FD,2644576,999,2026,6,2026-06-24 00:00:00,4898.400000000001,34220,324731,J&T Chemical -China,332367,Guangzhou J&T - Global Parent,"Dai,Zhaochen(Vincent)",China,4898.40,KG,10799.01264,N
00035,        MUM3,MF1306D,MF1306D.S,MF1306D.S-PD,2723831,999,2026,6,2026-06-24 00:00:00,16000,35230,317022,R.V. Business Centre-India,346703,A One R.V. - Global Parent,Deepak Agarwal,India,16000.00,KG,35273.6,N
00035,        MUM3,MF1306D,MF1306D.S,MF1306D.S-PD,2723832,999,2026,6,2026-06-24 00:00:00,16000,35230,317022,R.V. Business Centre-India,346703,A One R.V. - Global Parent,Deepak Agarwal,India,16000.00,KG,35273.6,N
00035,        MUM3,MF1306D,MF1306D.S,MF1306D.S-PD,2723895,999,2026,6,2026-06-24 00:00:00,16000,35230,317022,R.V. Business Centre-India,346703,A One R.V. - Global Parent,Deepak Agarwal,India,16000.00,KG,35273.6,N
00010,        CIN2,MFHS268,MFHS268,MFHS268-OP,2569168,999,2026,6,2026-06-25 00:00:00,16329.328,10240,327947,"FMS Enterprises - Lincolnton, NC",352994,FMS Enterprises - Global Parent,Brendan Schloerb,United States,80.00,DR,36000,N
00010,        CIN2,MP4983R,MP4983R,MP4983R-T3,2717856,999,2026,6,2026-06-25 00:00:00,11022.2955,10230,290936,"Loparex - Hammond, WI",290137,Loparex - Global Parent,Brad Durden,United States,9.00,TO,24300,N
00010,        CIN2,PA845H,PA845H,PA845H-T2,2708720,999,2026,6,2026-06-25 00:00:00,2993.7099,10200,24885,Michelman Int'l - Belgium SRL,309148,Michelman International - Global Parent,,Belgium,3.00,TO,6600,N
00030,        SNG4,MF1204,MF1204.S,MF1204.S-TL,2706283,999,2026,6,2026-06-25 00:00:00,20000,30200,317300,Michelman Private Ltd,291477,Michelman Asia-Pacific - Global Parent,,India,20000.00,KG,44092,N
00020,        AUBA,221247PX,221247PX.E,221247PX.E-TO,26001064,999,2026,6,2026-06-26 00:00:00,2000,20230,49118,Soconomar (X) Milano IT,290539,Soconomar - Global Parent,Krist Vanderstiggel,Italy,2.00,TO,4409.245,N
00020,        AUBA,MP4932,MP4932.E,MP4932.E-PD,26001151,999,2026,6,2026-06-26 00:00:00,400,20200,50853,Michelman Inc. (X) Cincinnati US,316842,Michelman - Global Parent,,United States,2.00,DR,881.849,N
00030,        SNG4,MF1406,MF1406.S,MF1406.S-PD,2706243,999,2026,6,2026-06-26 00:00:00,16000,30200,317300,Michelman Private Ltd,291477,Michelman Asia-Pacific - Global Parent,,India,16000.00,KG,35273.600000000006,N
00030,        SNG4,MF1406,MF1406.S,MF1406.S-PD,2706244,999,2026,6,2026-06-26 00:00:00,16000,30200,317300,Michelman Private Ltd,291477,Michelman Asia-Pacific - Global Parent,,India,16000.00,KG,35273.6,N
00030,        SNG4,PR5985,PR5985.S,PR5985.S,2728695,999,2026,6,2026-06-26 00:00:00,3250,SNG4,26227,Singapore Manufacturing,26227,Singapore Manufacturing,,Singapore,3250.00,KG,7164.950000000001,N
00034,        SHAN,MP4983R,MP4983R.S,MP4983R.S-PD,2649737,999,2026,6,2026-06-26 00:00:00,1600,34230,332381,Shanghai Pulse-China,332381,Shanghai Pulse-China,"Wang,Lu( Leon)",China,8.00,DR,3527.396,N
00034,        SHAN,MP4983R,MP4983R.S,MP4983R.S-PD,2697730,999,2026,6,2026-06-26 00:00:00,1200,34230,359497,Shanghai XQM - China,359497,Shanghai XQM - China,"Wang,Lu( Leon)",China,6.00,DR,2645.547,N
00010,        CIN2,MP48525R,MP48525R,MP48525R-T2,2724596,999,2026,6,2026-06-29 00:00:00,1995.8066,10230,304227,"Ahlstrom-Munksjo-Rhinelander,WI(Phillip)",304253,Ahlstrom-Munksjo - Global Parent,Brad Durden,United States,2.00,TO,4400,N
00010,        CIN2,MP4983R,MP4983R,MP4983R-FD,2724564,999,2026,6,2026-06-29 00:00:00,215.4564,10230,60826,"Amcor - Oshkosh, WI(2450 Badger)",290487,Amcor Flexibles - Global Parent,Brad Durden,United States,1.00,DR,475,N
00010,        CIN2,MT242AF,MT242AF,MT242AF-PL,2724677,999,2026,6,2026-06-29 00:00:00,127.0059,10230,299103,"Capitol City Container - Indianapolis,IN",299103,"Capitol City Container - Indianapolis,IN",Moses Martinez,United States,7.00,PL,280,N
00020,        AUBA,PH00017E,PH00017E.E,PH00017E.E-TO,26001068,999,2026,6,2026-06-29 00:00:00,10000,20220,360292,Anion (X) Sao Paulo BR,309140,MacDermid - Global Parent,Luc Vanderstappen,Brazil,10.00,TO,22046.225000000002,N
00030,        SING,251194NX,251194NX.S,251194NX.S-PL,2731812,999,2026,6,2026-06-29 00:00:00,18,SING,338064,TVS SCS SINGAPORE PTE LTD,338064,TVS SCS SINGAPORE PTE LTD,,Singapore,1.00,PL,39.6832,N
00030,        SNG4,MF1406,MF1406.S,MF1406.S-PD,2706245,999,2026,6,2026-06-29 00:00:00,16000,30200,317300,Michelman Private Ltd,291477,Michelman Asia-Pacific - Global Parent,,India,16000.00,KG,35273.6,N
00030,        SNG4,MP4983R,MP4983R.S,MP4983R.S-PD,2717682,999,2026,6,2026-06-29 00:00:00,1400,30200,300385,Michelman New Material - China,291477,Michelman Asia-Pacific - Global Parent,,China,7.00,DR,3086.4715,N
00030,        SNG4,PR5985,PR5985.S,PR5985.S,2731591,999,2026,6,2026-06-29 00:00:00,1950,SNG4,26227,Singapore Manufacturing,26227,Singapore Manufacturing,,Singapore,1950.00,KG,4298.97,N
00035,        MUM3,MF1306D,MF1306D.S,MF1306D.S-PD,2726552,999,2026,6,2026-06-29 00:00:00,16000,35230,317198,A One Paper Impex-India,346703,A One R.V. - Global Parent,Deepak Agarwal,India,16000.00,KG,35273.6,N
00035,        MUM3,MF1306D,MF1306D.S,MF1306D.S-PD,2726553,999,2026,6,2026-06-29 00:00:00,16000,35230,317022,R.V. Business Centre-India,346703,A One R.V. - Global Parent,Deepak Agarwal,India,16000.00,KG,35273.6,N
00035,        MUM3,MF1306D,MF1306D.S,MF1306D.S-PD,2726554,999,2026,6,2026-06-29 00:00:00,16000,35230,317022,R.V. Business Centre-India,346703,A One R.V. - Global Parent,Deepak Agarwal,India,16000.00,KG,35273.6,N
00035,        MUM3,MF1306D,MF1306D.S,MF1306D.S-PD,2726555,999,2026,6,2026-06-29 00:00:00,16000,35230,317022,R.V. Business Centre-India,346703,A One R.V. - Global Parent,Deepak Agarwal,India,16000.00,KG,35273.6,N
00010,        CIN2,DP040,DP040,DP040-B1,2717948,999,2026,6,2026-06-30 00:00:00,478.99440000000004,10230,323912,"S-One/ Sarasota,FL(CORP OFFICE)",319906,S-One Labels - GLOBAL PARENT,Dave Jeffers,United States,24.00,B1,1056,N
00010,        CIN2,MP2960,MP2960,MP2960-T2,2638017,999,2026,6,2026-06-30 00:00:00,17962.2594,10240,311790,"Avient Protective Mat.- Greenville, NC",309093,Avient - Global Parent,Brendan Schloerb,United States,18.00,TO,39600,N
00020,        AUBA,DPI8600,DPI8600.E,DPI8600.E-TO,26001100,999,2026,6,2026-06-30 00:00:00,1000,20230,294885,UPM Raflatac Oy (X) Tampere FI,308740,UPM - Global Parent,Thierry Van Migem,Finland,1.00,TO,2204.6225,N
00020,        AUBA,MF4915,MF4915.E,MF4915.E-TO,26000978,999,2026,6,2026-06-30 00:00:00,5600,20230,291650,Constantia (X) Weiden DE,297153,Constantia - Global Parent,Alexandre Pomes,Germany,7.00,TO,12345.886,N
00020,        AUBA,MP4983R,MP4983R.E,MP4983R.E,26000714,999,2026,6,2026-06-30 00:00:00,21900,20230,296616,Sterimed (X) Amelie FR,327014,Sterimed - Global Parent,Marie-Annette Mahy,France,21900.00,KG,48280.740000000005,N
00035,        MUM3,MF1204,MF1204.S,MF1204.S-TL,2727386,999,2026,6,2026-06-30 00:00:00,22000,35230,317984,Montage Enterprises - Noida,300957,Montage - Global Parent,Deepak Agarwal,India,22000.00,KG,48501.200000000004,N
00010,        CINC,MFHS268,MFHS268,MFHS268-OP,2733573,999,2026,7,2026-07-01 00:00:00,19595.1936,CINC,20095,Cinci Kemper Manufacturing,20095,Cinci Kemper Manufacturing,,United States,96.00,DR,43200,N
00030,        SNG4,MF1406,MF1406.S,MF1406.S-PD,2706246,999,2026,7,2026-07-01 00:00:00,16000,30200,317300,Michelman Private Ltd,291477,Michelman Asia-Pacific - Global Parent,,India,16000.00,KG,35273.6,N
00030,        SNG4,MF1406,MF1406.S,MF1406.S-PD,2706247,999,2026,7,2026-07-01 00:00:00,16000,30200,317300,Michelman Private Ltd,291477,Michelman Asia-Pacific - Global Parent,,India,16000.00,KG,35273.600000000006,N
00030,        SNG4,MF1406,MF1406.S,MF1406.S-PD,2706248,999,2026,7,2026-07-01 00:00:00,16000,30200,317300,Michelman Private Ltd,291477,Michelman Asia-Pacific - Global Parent,,India,16000.00,KG,35273.6,N
00010,        CIN2,MFHS268,MFHS268,MFHS268-OP,2569169,999,2026,7,2026-07-02 00:00:00,16329.328,10240,327947,"FMS Enterprises - Lincolnton, NC",352994,FMS Enterprises - Global Parent,Brendan Schloerb,United States,80.00,DR,36000,N
00020,        AUBA,251194NX,251194NX.E,251194NX.E-B1,26001193,999,2026,7,2026-07-02 00:00:00,239.9976,20230,327444, 3 Print Adriatik (X) Celje SI,353914,3 print  SI - Global Parent,Tomasz Machnik,Slovenia,12.00,B1,529.1028,N
00020,        AUBA,251194NX,251194NX.E,251194NX.E-P1,26001177,999,2026,7,2026-07-02 00:00:00,960,20230,297908,Dataline (X) Prague CZ,297908,Dataline (X) Prague CZ,Tomasz Machnik,Czech Republic,2.00,PA,2116.4376,N
00020,        AUBA,251194NX,251194NX.E,251194NX.E-P1,26001190,999,2026,7,2026-07-02 00:00:00,1440,20230,288577,Apaco Grosshandel (X) Wien AT,290632,Apaco - Global Parent,Alexandre Pomes,Austria,3.00,PA,3174.6564000000003,N
00020,        AUBA,MP4983R,MP4983R.E,MP4983R.E,26001047,999,2026,7,2026-07-02 00:00:00,21960,20230,296616,Sterimed (X) Amelie FR,327014,Sterimed - Global Parent,Marie-Annette Mahy,France,21960.00,KG,48413.016,N
00020,        AUBA,MP4983R,MP4983R.E,MP4983R.E-TO,26000344,999,2026,7,2026-07-02 00:00:00,19999.796,20230,334716,Nelipak (X) Derry GB,334790,Nelipak - Global Parent,Krist Vanderstiggel,United Kingdom,20.00,TO,44092,N
00030,        SING,MF1204,MF1204.S,MF1204.S-TL,2734026,999,2026,7,2026-07-02 00:00:00,10000,SING,338064,TVS SCS SINGAPORE PTE LTD,338064,TVS SCS SINGAPORE PTE LTD,,Singapore,10.00,TO,22046.225,N
00030,        SING,MF1204,MF1204.S,MF1204.S-TL,2734027,999,2026,7,2026-07-02 00:00:00,10000,SING,338064,TVS SCS SINGAPORE PTE LTD,338064,TVS SCS SINGAPORE PTE LTD,,Singapore,10.00,TO,22046.225,N
00030,        SING,MF1204,MF1204.S,MF1204.S-TL,2734073,999,2026,7,2026-07-02 00:00:00,10000,SING,338064,TVS SCS SINGAPORE PTE LTD,338064,TVS SCS SINGAPORE PTE LTD,,Singapore,10.00,TO,22046.225,N
00030,        SING,MF1204,MF1204.S,MF1204.S-TL,2734172,999,2026,7,2026-07-02 00:00:00,6000,SING,338064,TVS SCS SINGAPORE PTE LTD,338064,TVS SCS SINGAPORE PTE LTD,,Singapore,6.00,TO,13227.735,N
00035,        MUM3,MF1406,MF1406.S,MF1406.S-PD,2734155,999,2026,7,2026-07-02 00:00:00,16000,35230,317198,A One Paper Impex-India,346703,A One R.V. - Global Parent,Deepak Agarwal,India,16000.00,KG,35273.600000000006,N
00020,        AUBA,MFP1853R,MFP1853R.E,MFP1853R.E-PL,26001178,999,2026,7,2026-07-03 00:00:00,54,20200,68250,MAP (X) Singapore SG,291477,Michelman Asia-Pacific - Global Parent,,Singapore,3.00,PL,119.0496,N
00020,        AUBA,MP4983R,MP4983R.E,MP4983R.E-TO,26001181,999,2026,7,2026-07-03 00:00:00,2999.9694,20220,291384,Safic FR (X) Puteaux FR,311967,Safic France - Global Parent,Luc Vanderstappen,France,3.00,TO,6613.799999999999,N
00030,        SING,MF1204,MF1204.S,MF1204.S-TL,2734692,999,2026,7,2026-07-03 00:00:00,1000,SING,338064,TVS SCS SINGAPORE PTE LTD,338064,TVS SCS SINGAPORE PTE LTD,,Singapore,1.00,TO,2204.6225,N
00030,        SNG4,MF1204,MF1204.S,MF1204.S-TL,2721452,999,2026,7,2026-07-03 00:00:00,20000,30200,317300,Michelman Private Ltd,291477,Michelman Asia-Pacific - Global Parent,,India,20000.00,KG,44092,N
00030,        SNG4,MF1204,MF1204.S,MF1204.S-TL,2721453,999,2026,7,2026-07-03 00:00:00,20000,30200,317300,Michelman Private Ltd,291477,Michelman Asia-Pacific - Global Parent,,India,20000.00,KG,44092,N
00030,        SNG4,MP4983R,MP4983R.S,MP4983R.S-PD,2685314,999,2026,7,2026-07-03 00:00:00,1400,30200,300385,Michelman New Material - China,291477,Michelman Asia-Pacific - Global Parent,,China,7.00,DR,3086.4715,N
00030,        SNG4,PR5985,PR5985.S,PR5985.S,2733959,999,2026,7,2026-07-03 00:00:00,6500,SNG4,26227,Singapore Manufacturing,26227,Singapore Manufacturing,,Singapore,6500.00,KG,14329.900000000001,N
00035,        MUM3,MF1204,MF1204.S,MF1204.S-TL,2734848,999,2026,7,2026-07-03 00:00:00,17000,35230,317984,Montage Enterprises - Noida,300957,Montage - Global Parent,Deepak Agarwal,India,17000.00,KG,37478.200000000004,N
00010,        CIN2,MFP1853R,MFP1853R,MFP1853R-FD,2728566,999,2026,7,2026-07-06 00:00:00,204.1166,10230,26507,"CBC Coating - Appleton, WI",26507,"CBC Coating - Appleton, WI",Andrew Suski,United States,1.00,DR,450,N
00010,        CIN2,MP4983R,MP4983R,MP4983R-FD,2728566,999,2026,7,2026-07-06 00:00:00,215.4564,10230,26507,"CBC Coating - Appleton, WI",26507,"CBC Coating - Appleton, WI",Andrew Suski,United States,1.00,DR,475,N
00010,        CIN2,MP4983R,MP4983R,MP4983R-T2,2708791,999,2026,7,2026-07-06 00:00:00,1995.8066,10230,304227,"Ahlstrom-Munksjo-Rhinelander,WI(Phillip)",304253,Ahlstrom-Munksjo - Global Parent,Brad Durden,United States,2.00,TO,4400,N
00020,        AUBA,251194NX,251194NX.E,251194NX.E-B1,26001194,535,2026,7,2026-07-06 00:00:00,79.9992,20230,291539,Brigal  (X) NIGRAN ES,330997,Brigal - Global Parent,Laurence Vast,Spain,4.00,B1,176.3676,Y
00020,        AUBA,251194NX,251194NX.E,251194NX.E-P1,26001150,999,2026,7,2026-07-06 00:00:00,960,20230,295622,Safic Alcan (X) Warrington GB,309173,Safic Alcan UK - Global Parent,Alexandre Pomes,United Kingdom,2.00,PA,2116.4376,N
00020,        AUBA,MF4915,MF4915.E,MF4915.E-TO,26001027,999,2026,7,2026-07-06 00:00:00,5600,20230,291650,Constantia (X) Weiden DE,297153,Constantia - Global Parent,Alexandre Pomes,Germany,7.00,TO,12345.886,N
00020,        AUBA,MP4983RAM,MP4983RAM.E,MP4983RAM.E-TO,26000630,999,2026,7,2026-07-06 00:00:00,8000,20230,155951,Amcor (X) Gent BE,290487,Amcor Flexibles - Global Parent,Krist Vanderstiggel,Belgium,8.00,TO,17636.98,N
00030,        SING,MFHS1881,MFHS1881.S,MFHS1881.S-PD,2736941,999,2026,7,2026-07-06 00:00:00,600,SING,338064,TVS SCS SINGAPORE PTE LTD,338064,TVS SCS SINGAPORE PTE LTD,,Singapore,3.00,DR,1322.7735,N
00030,        SNG4,251194NX,251194NX.S,251194NX.S-PL,2728024,999,2026,7,2026-07-06 00:00:00,18,30230,333016,Rieckermann (Malaysia) Sdn Bhd-Malaysia,305881,Rieckermann - Global Parent,Rohan Aranjo,Malaysia,1.00,PL,39.6832,N
00030,        SNG4,PR5985,PR5985.S,PR5985.S,2734739,999,2026,7,2026-07-06 00:00:00,6500,SNG4,26227,Singapore Manufacturing,26227,Singapore Manufacturing,,Singapore,6500.00,KG,14329.900000000001,N
00030,        SNG4,PR5985,PR5985.S,PR5985.S,2736904,999,2026,7,2026-07-06 00:00:00,3900,SNG4,26227,Singapore Manufacturing,26227,Singapore Manufacturing,,Singapore,3900.00,KG,8597.94,N
00010,        CIN2,MP498345N,MP498345N,MP498345N-OP,2706376,999,2026,7,2026-07-07 00:00:00,408.2332,10230,323912,"S-One/ Sarasota,FL(CORP OFFICE)",319906,S-One Labels - GLOBAL PARENT,Dave Jeffers,United States,2.00,DR,900,N
00010,        CIN2,MP4983R,MP4983R,MP4983R-T3,2691033,999,2026,7,2026-07-07 00:00:00,18370.4925,10230,309311,"Amcor - Oshkosh, WI (N Main)",290487,Amcor Flexibles - Global Parent,Brad Durden,United States,15.00,TO,40500,N
00010,        CINC,MP498340D,MP498340D,MP498340D,2713538,999,2026,7,2026-07-07 00:00:00,18443.376,10240,21944,"Saint Gobain - Albion, NY (East Avenue)",290179,Saint Gobain - Global Parent,Brendan Schloerb,United States,40660.00,LB,40660,N
00020,        AUBA,MP4983R,MP4983R.E,MP4983R.E-PD,26001183,999,2026,7,2026-07-07 00:00:00,399.996,20220,331958,Keyser & Mackay (X) Koeln DE,332826,K&M Deutchland - Global Parent,Luc Vanderstappen,Germany,2.00,DR,881.84,N
00030,        SNG4,MF1406,MF1406.S,MF1406.S-PD,2718622,560,2026,7,2026-07-07 00:00:00,7200,30200,317300,Michelman Private Ltd,291477,Michelman Asia-Pacific - Global Parent,,India,7200.00,KG,15873.12,Y
00030,        SNG4,PR5985,PR5985.S,PR5985.S,2736905,999,2026,7,2026-07-07 00:00:00,2600,SNG4,26227,Singapore Manufacturing,26227,Singapore Manufacturing,,Singapore,2600.00,KG,5731.96,N
00034,        SHAN,MP498340R,MP498340R.S,MP498340R.S-PL,2737692,999,2026,7,2026-07-07 00:00:00,18,34220,327284,A-Star - China,334375,A-Star-Global Parent,Robin Li,China,1.00,PL,39.6832,N
00035,        MUM3,MF1204,MF1204.S,MF1204.S-TL,2734848,999,2026,7,2026-07-07 00:00:00,22000,35230,317984,Montage Enterprises - Noida,300957,Montage - Global Parent,Deepak Agarwal,India,22000.00,KG,48501.200000000004,N
00035,        MUM3,MF1406,MF1406.S,MF1406.S-PD,2734156,999,2026,7,2026-07-07 00:00:00,16000,35230,317198,A One Paper Impex-India,346703,A One R.V. - Global Parent,Deepak Agarwal,India,16000.00,KG,35273.6,N
00010,        CIN2,MP4983RN,MP4983RN,MP4983RN-FD,2712511,999,2026,7,2026-07-08 00:00:00,17236.512,10230,20968,"Neenah Inc - Munising, MI",290523,Neenah Inc. - Global Parent,Andrew Suski,United States,80.00,DR,38000,N
00010,        CIN2,MP498340R,MP498340R,MP498340R-KP,2724481,999,2026,7,2026-07-09 00:00:00,600.1025999999999,10230,347249,"3R Packaging, LLC - Miami, FL",347249,"3R Packaging, LLC - Miami, FL",Dave Jeffers,United States,3.00,DR,1323,N
00010,        CIN2,MP498340R,MP498340R,MP498340R-T3,2696731,999,2026,7,2026-07-09 00:00:00,17690.103000000003,10220,23093,"Henkel - Delaware, OH",290122,Henkel - Global Parent,Abbie Wootton,United States,15.00,TO,39000,N
00010,        CIN2,MP2960,MP2960,MP2960-T2,2668922,999,2026,7,2026-07-10 00:00:00,997.9033,10240,294107,"BGF Industries - Altavista, VA",294107,"BGF Industries - Altavista, VA",Samuel Hankins,United States,1.00,TO,2200,N
00010,        CIN2,MP48525R,MP48525R,MP48525R-FD,2728394,999,2026,7,2026-07-10 00:00:00,215.4564,10230,323912,"S-One/ Sarasota,FL(CORP OFFICE)",319906,S-One Labels - GLOBAL PARENT,Dave Jeffers,United States,1.00,DR,475,N
00010,        CIN2,MP48525R,MP48525R,MP48525R-FD,2738831,999,2026,7,2026-07-10 00:00:00,215.4564,10230,323912,"S-One/ Sarasota,FL(CORP OFFICE)",319906,S-One Labels - GLOBAL PARENT,Dave Jeffers,United States,1.00,DR,475,N
00010,        CIN2,MP4983R,MP4983R,MP4983R-FD,2728416,999,2026,7,2026-07-10 00:00:00,1292.7384,10240,320762,"Chase Corp - Oxford, MA",290149,Chase Corp - Global Parent,Brendan Schloerb,United States,6.00,DR,2850,N
00010,        CIN2,MP4983R,MP4983R,MP4983R-T3,2739265,999,2026,7,2026-07-10 00:00:00,1224.6995,10230,290936,"Loparex - Hammond, WI",290137,Loparex - Global Parent,Brad Durden,United States,1.00,TO,2700,N
00030,        SING,MF1306D,MF1306D.S,MF1306D.S-PD,2739923,999,2026,7,2026-07-10 00:00:00,7200,SING,338064,TVS SCS SINGAPORE PTE LTD,338064,TVS SCS SINGAPORE PTE LTD,,Singapore,36.00,DR,15873.282000000001,N
00030,        SING,MF1306D,MF1306D.S,MF1306D.S-PD,2739924,999,2026,7,2026-07-10 00:00:00,9600,SING,338064,TVS SCS SINGAPORE PTE LTD,338064,TVS SCS SINGAPORE PTE LTD,,Singapore,48.00,DR,21164.376,N
00030,        SING,MF1306D,MF1306D.S,MF1306D.S-PD,2739925,999,2026,7,2026-07-10 00:00:00,9600,SING,338064,TVS SCS SINGAPORE PTE LTD,338064,TVS SCS SINGAPORE PTE LTD,,Singapore,48.00,DR,21164.376,N
00030,        SING,MF1306D,MF1306D.S,MF1306D.S-PD,2739926,999,2026,7,2026-07-10 00:00:00,9600,SING,338064,TVS SCS SINGAPORE PTE LTD,338064,TVS SCS SINGAPORE PTE LTD,,Singapore,48.00,DR,21164.376,N
00030,        SING,MF1306D,MF1306D.S,MF1306D.S-PD,2739989,999,2026,7,2026-07-10 00:00:00,5200,SING,338064,TVS SCS SINGAPORE PTE LTD,338064,TVS SCS SINGAPORE PTE LTD,,Singapore,26.00,DR,11464.037,N
00035,        MUM3,MFHS1881,MFHS1881.S,MFHS1881.S-PD,2706345,999,2026,7,2026-07-10 00:00:00,400,35230,325133,SHRINATH ROTO PACK PVT LTD UNIT I,360359,SHRINATH ROTO PACK - Global Parent,Rohan Aranjo,India,400.00,KG,881.84,N
00010,        CIN2,251194NX,251194NX,251194NX-PL,2733687,570,2026,7,2026-07-13 00:00:00,435.4488,10230,323912,"S-One/ Sarasota,FL(CORP OFFICE)",319906,S-One Labels - GLOBAL PARENT,Dave Jeffers,United States,24.00,PL,960,Y
00010,        CIN2,MP498340R,MP498340R,MP498340R-PL,2738834,999,2026,7,2026-07-13 00:00:00,54.4311,10230,323912,"S-One/ Sarasota,FL(CORP OFFICE)",319906,S-One Labels - GLOBAL PARENT,Dave Jeffers,United States,3.00,PL,120,N
00010,        CIN2,MP4983R,MP4983R,MP4983R-FD,2734396,570,2026,7,2026-07-13 00:00:00,215.4564,10220,23523,"Akron Coat. & Adhesives - Akron, OH",23523,"Akron Coat. & Adhesives - Akron, OH",Tammy Patton,United States,1.00,DR,475,Y
00020,        AUBA,251095NX,251095NX.E,251095NX.E-PL,26001264,570,2026,7,2026-07-13 00:00:00,252,20230,288203,Eshuis BV (X) Dalfsen NL,288203,Eshuis BV (X) Dalfsen NL,Laurence Vast,Netherlands,14.00,PL,555.5648,Y
00020,        AUBA,MFP1853R,MFP1853R.E,MFP1853R.E-PD,26001230,570,2026,7,2026-07-13 00:00:00,1400,20230,308030,Keyser  Mackay (X) Dietikon CH,290511,K&M Switzerland - Global Parent,Marie-Annette Mahy,Switzerland,7.00,DR,3086.4715,Y
00020,        AUBA,PH00017E,PH00017E.E,PH00017E.E-TO,26001109,570,2026,7,2026-07-13 00:00:00,4000,20220,340211,Macdermid (X) Biella IT,309140,MacDermid - Global Parent,Luc Vanderstappen,Italy,4.00,TO,8818.49,Y
00030,        SING,MF1306D,MF1306D.S,MF1306D.S-PD,2742125,999,2026,7,2026-07-13 00:00:00,8800,SING,338064,TVS SCS SINGAPORE PTE LTD,338064,TVS SCS SINGAPORE PTE LTD,,Singapore,44.00,DR,19400.678,N
00030,        SING,MF1306D,MF1306D.S,MF1306D.S-PD,2742141,999,2026,7,2026-07-13 00:00:00,9600,SING,338064,TVS SCS SINGAPORE PTE LTD,338064,TVS SCS SINGAPORE PTE LTD,,Singapore,48.00,DR,21164.376,N
00030,        SING,MF1306D,MF1306D.S,MF1306D.S-PD,2742142,999,2026,7,2026-07-13 00:00:00,9600,SING,338064,TVS SCS SINGAPORE PTE LTD,338064,TVS SCS SINGAPORE PTE LTD,,Singapore,48.00,DR,21164.376,N
00030,        SING,MF1306D,MF1306D.S,MF1306D.S-PD,2742300,999,2026,7,2026-07-13 00:00:00,7200,SING,338064,TVS SCS SINGAPORE PTE LTD,338064,TVS SCS SINGAPORE PTE LTD,,Singapore,36.00,DR,15873.282000000001,N
00030,        SNG4,MF1306D,MF1306D.S,MF1306D.S-PD,2727350,560,2026,7,2026-07-13 00:00:00,16000,30200,317300,Michelman Private Ltd,291477,Michelman Asia-Pacific - Global Parent,,India,16000.00,KG,35273.600000000006,Y
00030,        SNG4,MF1306D,MF1306D.S,MF1306D.S-PD,2727351,560,2026,7,2026-07-13 00:00:00,16000,30200,317300,Michelman Private Ltd,291477,Michelman Asia-Pacific - Global Parent,,India,16000.00,KG,35273.6,Y
00010,        CIN2,MFP1853R,MFP1853R,MFP1853R-FD,2728566,560,2026,7,2026-07-14 00:00:00,204.1166,10230,26507,"CBC Coating - Appleton, WI",26507,"CBC Coating - Appleton, WI",Andrew Suski,United States,1.00,DR,450,Y
00010,        CIN2,MP4932,MP4932.E,MP4932.E-PD,2696754,560,2026,7,2026-07-14 00:00:00,199.9889,10230,344513,"Celplast Metallized Prod.-Toronto,ON, CA",344513,"Celplast Metallized Prod.-Toronto,ON, CA",Brad Durden,Canada,1.00,DR,440.9,Y
00010,        CIN2,MP4983R,MP4983R,MP4983R-FD,2728566,560,2026,7,2026-07-14 00:00:00,215.4564,10230,26507,"CBC Coating - Appleton, WI",26507,"CBC Coating - Appleton, WI",Andrew Suski,United States,1.00,DR,475,Y
00010,        CIN2,MT242AF,MT242AF,MT242AF-PL,2732864,560,2026,7,2026-07-14 00:00:00,54.4311,10230,21691,SMC Springfield - Sprgfld. MO (Belcrest),21691,SMC Springfield - Sprgfld. MO (Belcrest),Moses Martinez,United States,3.00,PL,120,Y
00010,        CIN2,MT242AF,MT242AF,MT242AF-PL,2737445,560,2026,7,2026-07-14 00:00:00,72.5748,10230,342916,"SMC Conway - Conway, AR",21691,SMC Springfield - Sprgfld. MO (Belcrest),Moses Martinez,United States,4.00,PL,160,Y
00010,        CIN2,PH00017E,PH00017E,PH00017E-OP,2711246,550,2026,7,2026-07-14 00:00:00,385.5536,10220,218851,"Columbia Chemical - Brunswick, OH",218851,"Columbia Chemical - Brunswick, OH",Tammy Patton,United States,2.00,DR,850,Y
00010,        CIN2,PH00017E,PH00017E,PH00017E-PL,2738995,550,2026,7,2026-07-14 00:00:00,36.2874,10220,22651,"PPG Industries - Milford, OH",290161,PPG - Global Parent,Abbie Wootton,United States,2.00,PL,80,Y
00020,        AUBA,MF4915,MF4915.E,MF4915.E-TO,26001126,560,2026,7,2026-07-14 00:00:00,5600,20230,291650,Constantia (X) Weiden DE,297153,Constantia - Global Parent,Alexandre Pomes,Germany,7.00,TO,12345.886,Y
00020,        AUBA,MF4915,MF4915.E,MF4915.E-TO,26001168,560,2026,7,2026-07-14 00:00:00,5600,20230,291650,Constantia (X) Weiden DE,297153,Constantia - Global Parent,Alexandre Pomes,Germany,7.00,TO,12345.886,Y
00020,        AUBA,MP2960,MP2960.E,MP2960.E-TO,26001179,570,2026,7,2026-07-14 00:00:00,12000,20240,324185,Avient (X)  Geleen NL,309093,Avient - Global Parent,Philippe Chabanne,Netherlands,12.00,TO,26455.469999999998,Y
00035,        MUM3,MF1204,MF1204.S,MF1204.S-TL,2737908,999,2026,7,2026-07-14 00:00:00,22000,35230,317984,Montage Enterprises - Noida,300957,Montage - Global Parent,Deepak Agarwal,India,22000.00,KG,48501.200000000004,N
00035,        MUM3,MF1406,MF1406.S,MF1406.S-PD,2740244,999,2026,7,2026-07-14 00:00:00,17600,35230,317022,R.V. Business Centre-India,346703,A One R.V. - Global Parent,Deepak Agarwal,India,17600.00,KG,38800.96,N
00035,        MUM3,MF1406,MF1406.S,MF1406.S-PD,2740245,999,2026,7,2026-07-14 00:00:00,16000,35230,317022,R.V. Business Centre-India,346703,A One R.V. - Global Parent,Deepak Agarwal,India,16000.00,KG,35273.600000000006,N
00010,        CIN2,MP48525R,MP48525R,MP48525R-FD,2724497,999,2026,7,2026-07-15 00:00:00,215.4564,10230,323912,"S-One/ Sarasota,FL(CORP OFFICE)",319906,S-One Labels - GLOBAL PARENT,Dave Jeffers,United States,1.00,DR,475,N
00010,        CIN2,MP48525R,MP48525R,MP48525R-FD,2728376,999,2026,7,2026-07-15 00:00:00,215.4564,10230,323912,"S-One/ Sarasota,FL(CORP OFFICE)",319906,S-One Labels - GLOBAL PARENT,Dave Jeffers,United States,1.00,DR,475,N
00010,        CIN2,MP498340R,MP498340R,MP498340R-FD,2687044,540,2026,7,2026-07-15 00:00:00,3265.8656,10200,288399,Michelman New Material Shanghai Co Ltd,291477,Michelman Asia-Pacific - Global Parent,,China,16.00,DR,7200,Y
00010,        CIN2,MP4983R,MP4983R,MP4983R-T2,2708791,550,2026,7,2026-07-15 00:00:00,8981.1297,10230,304227,"Ahlstrom-Munksjo-Rhinelander,WI(Phillip)",304253,Ahlstrom-Munksjo - Global Parent,Brad Durden,United States,9.00,TO,19800,Y
00020,        AUBA,251194NX,251194NX.E,251194NX.E-B1,26001279,550,2026,7,2026-07-15 00:00:00,59.9994,20230,295622,Safic Alcan (X) Warrington GB,309173,Safic Alcan UK - Global Parent,Alexandre Pomes,United Kingdom,3.00,BX,132.2757,Y
00020,        AUBA,MF4915,MF4915.E,MF4915.E-TO,26001094,560,2026,7,2026-07-15 00:00:00,4800,20230,288244,Constantia Teich  (X) Weinburg AT,297153,Constantia - Global Parent,Alexandre Pomes,Austria,6.00,TO,10582.188,Y
00020,        AUBA,MFHS1130,MFHS1130.E,MFHS1130.E-TO,26000881,550,2026,7,2026-07-15 00:00:00,1000,20230,291859,Royal Vaassen (X) Vaassem NL,291859,Royal Vaassen (X) Vaassem NL,Krist Vanderstiggel,Netherlands,1.00,TO,2204.6225,Y
00020,        AUBA,MP4983R,MP4983R.E,MP4983R.E,26001046,540,2026,7,2026-07-15 00:00:00,22000,20230,296616,Sterimed (X) Amelie FR,327014,Sterimed - Global Parent,Marie-Annette Mahy,France,22000.00,KG,48501.200000000004,Y
00030,        SNG4,MF1306D,MF1306D.S,MF1306D.S-PD,2727352,540,2026,7,2026-07-15 00:00:00,16000,30200,317300,Michelman Private Ltd,291477,Michelman Asia-Pacific - Global Parent,,India,16000.00,KG,35273.6,Y
00030,        SNG4,MF1306D,MF1306D.S,MF1306D.S-PD,2727353,540,2026,7,2026-07-15 00:00:00,16000,30200,317300,Michelman Private Ltd,291477,Michelman Asia-Pacific - Global Parent,,India,16000.00,KG,35273.6,Y
00030,        SNG4,MF1306D,MF1306D.S,MF1306D.S-PD,2727354,540,2026,7,2026-07-15 00:00:00,16000,30200,317300,Michelman Private Ltd,291477,Michelman Asia-Pacific - Global Parent,,India,16000.00,KG,35273.6,Y
00010,        CIN2,DPI8600,DPI8600,DPI8600-FD,2732150,540,2026,7,2026-07-16 00:00:00,408.2332,10230,287283,"Wausau Coated - Wausau, WI",290604,Wausau Coated - Global Parent,Dave Jeffers,United States,2.00,DR,900,Y
00010,        CIN2,KHI205,KHI205,KHI205-FD,2738277,540,2026,7,2026-07-16 00:00:00,1292.7384,10220,23212,"KHI Coatings - Oxford, MI",23212,"KHI Coatings - Oxford, MI",Tim Baker,United States,6.00,DR,2850,Y
00010,        CIN2,KHI340,KHI340,KHI340-FD,2738277,540,2026,7,2026-07-16 00:00:00,1224.6996,10220,23212,"KHI Coatings - Oxford, MI",23212,"KHI Coatings - Oxford, MI",Tim Baker,United States,6.00,DR,2700,Y
00010,        CIN2,MFHS268,MFHS268,MFHS268-OP,2569170,540,2026,7,2026-07-16 00:00:00,16329.328000000001,10240,327947,"FMS Enterprises - Lincolnton, NC",352994,FMS Enterprises - Global Parent,Brendan Schloerb,United States,80.00,DR,36000,Y
00010,        CIN2,PA845H,PA845H,PA845H-OP,2737252,540,2026,7,2026-07-17 00:00:00,2449.3992,10200,27237,Michelman Asia-Pac. - Singapore,291477,Michelman Asia-Pacific - Global Parent,,Singapore,12.00,DR,5400,Y
00020,        AUBA,251194NX,251194NX.E,251194NX.E-P1,26001235,540,2026,7,2026-07-17 00:00:00,480,20230,49118,Soconomar (X) Milano IT,290539,Soconomar - Global Parent,Krist Vanderstiggel,Italy,1.00,PA,1058.2188,Y
00030,        SNG4,MFHS1881,MFHS1881.S,MFHS1881.S-PD,2710761,540,2026,7,2026-07-17 00:00:00,600,30200,317300,Michelman Private Ltd,291477,Michelman Asia-Pacific - Global Parent,,India,600.00,KG,1322.76,Y
00034,        SHAN,MP498340R,MP498340R,MP498340R-FD,2674605,540,2026,7,2026-07-17 00:00:00,2449.2,34220,324731,J&T Chemical -China,332367,Guangzhou J&T - Global Parent,"Dai,Zhaochen(Vincent)",China,2449.20,KG,5399.5063199999995,Y
00034,        SHAN,MP4983R,MP4983R.S,MP4983R.S-PD,2711600,540,2026,7,2026-07-17 00:00:00,400,34220,324731,J&T Chemical -China,332367,Guangzhou J&T - Global Parent,"Dai,Zhaochen(Vincent)",China,2.00,DR,881.849,Y
00030,        SNG4,MF1306D,MF1306D.S,MF1306D.S-PD,2710698,999,2026,7,2026-07-19 00:00:00,16000,30200,317300,Michelman Private Ltd,291477,Michelman Asia-Pacific - Global Parent,,India,16000.00,KG,35273.6,N
00030,        SNG4,MF1306D,MF1306D.S,MF1306D.S-PD,2710699,999,2026,7,2026-07-20 00:00:00,16000,30200,317300,Michelman Private Ltd,291477,Michelman Asia-Pacific - Global Parent,,India,16000.00,KG,35273.6,N
00010,        CIN2,MP2960,MP2960,MP2960-T2,2702590,540,2026,7,2026-07-21 00:00:00,997.9033,10240,294107,"BGF Industries - Altavista, VA",294107,"BGF Industries - Altavista, VA",Samuel Hankins,United States,1.00,TO,2200,Y
00010,        CIN2,MP4983R,MP4983R,MP4983R-FD,2718718,540,2026,7,2026-07-21 00:00:00,646.3692,10240,21952,"Chase Corp - Lenoir, NC",290149,Chase Corp - Global Parent,Brendan Schloerb,United States,3.00,DR,1425,Y
00010,        CIN2,MP4983R,MP4983R,MP4983R-PL,2734541,540,2026,7,2026-07-21 00:00:00,181.43699999999998,10230,297964,"Belmark - De Pere, WI",297964,"Belmark - De Pere, WI",Brad Durden,United States,10.00,PL,400,Y
00030,        SNG4,MF1306D,MF1306D.S,MF1306D.S-PD,2710700,999,2026,7,2026-07-21 00:00:00,16000,30200,317300,Michelman Private Ltd,291477,Michelman Asia-Pacific - Global Parent,,India,16000.00,KG,35273.6,N
00020,        AUBA,MP4983R,MP4983R.E,MP4983R.E,26000694,540,2026,7,2026-07-22 00:00:00,22000,20230,296616,Sterimed (X) Amelie FR,327014,Sterimed - Global Parent,Marie-Annette Mahy,France,22000.00,KG,48501.200000000004,Y
00010,        CIN2,MFHS268,MFHS268,MFHS268-OP,2569171,540,2026,7,2026-07-23 00:00:00,16329.328000000001,10240,327947,"FMS Enterprises - Lincolnton, NC",352994,FMS Enterprises - Global Parent,Brendan Schloerb,United States,80.00,DR,36000,Y
00020,        AUBA,251095NX,251095NX.E,251095NX.E-PL,26001300,525,2026,7,2026-07-23 00:00:00,36,20230,294105,HP (X Euros) Rehovot IL,290506,Hewlett Packard - Global Parent,Tomasz Machnik,Israel,2.00,PL,79.3664,Y
00020,        AUBA,MD7900,MD7900.E,MD7900.E-TO,26001080,540,2026,7,2026-07-23 00:00:00,10000,20230,307646,Jindal  films (X)  Virton BE,290105,Jindal Films - Global Parent,Marie-Annette Mahy,Belgium,10000.00,KG,22046,Y
00020,        AUBA,MFP1853R,MFP1853R.E,MFP1853R.E-PD,26001277,540,2026,7,2026-07-23 00:00:00,6400,20230,321588,Keyser and Mackay (X) Lodz PL,326638,K&M Poland - Global Parent,Tomasz Machnik,Poland,32.00,DR,14109.584,Y
00020,        AUBA,MP498340R,MP498340R.E,MP498340R.E-TO,26001256,540,2026,7,2026-07-24 00:00:00,7600,20220,337819,Henkel (X) Amsterdam NL,290122,Henkel - Global Parent,Luc Vanderstappen,Netherlands,8.00,TO,16755.1312,Y
00030,        SNG4,MF1306D,MF1306D.S,MF1306D.S-PD,2710701,999,2026,7,2026-07-24 00:00:00,16000,30200,317300,Michelman Private Ltd,291477,Michelman Asia-Pacific - Global Parent,,India,16000.00,KG,35273.6,N
00030,        SNG4,MF1306D,MF1306D.S,MF1306D.S-PD,2710702,999,2026,7,2026-07-25 00:00:00,16000,30200,317300,Michelman Private Ltd,291477,Michelman Asia-Pacific - Global Parent,,India,16000.00,KG,35273.6,N
00030,        SNG4,MF1306D,MF1306D.S,MF1306D.S-PD,2710703,999,2026,7,2026-07-26 00:00:00,16000,30200,317300,Michelman Private Ltd,291477,Michelman Asia-Pacific - Global Parent,,India,16000.00,KG,35273.6,N
00010,        CIN2,MP48525R,MP48525R,MP48525R-OP,2728359,999,2026,7,2026-07-27 00:00:00,204.1166,10230,323912,"S-One/ Sarasota,FL(CORP OFFICE)",319906,S-One Labels - GLOBAL PARENT,Dave Jeffers,United States,1.00,DR,450,N
00010,        CIN2,MP4983R,MP4983R,MP4983R-T2,2724579,540,2026,7,2026-07-27 00:00:00,9979.033,10230,304227,"Ahlstrom-Munksjo-Rhinelander,WI(Phillip)",304253,Ahlstrom-Munksjo - Global Parent,Brad Durden,United States,10.00,TO,22000,Y
00010,        CIN2,PA845H,PA845H,PA845H-KP,2737252,999,2026,7,2026-07-27 00:00:00,2400.4103999999998,10200,27237,Michelman Asia-Pac. - Singapore,291477,Michelman Asia-Pacific - Global Parent,,Singapore,12.00,DR,5292,N
00030,        SNG4,MF1306D,MF1306D.S,MF1306D.S-PD,2710704,999,2026,7,2026-07-27 00:00:00,16000,30200,317300,Michelman Private Ltd,291477,Michelman Asia-Pacific - Global Parent,,India,16000.00,KG,35273.6,N
00030,        SNG4,MF1306D,MF1306D.S,MF1306D.S-PD,2732499,540,2026,7,2026-07-27 00:00:00,13200,30200,317300,Michelman Private Ltd,291477,Michelman Asia-Pacific - Global Parent,,India,13200.00,KG,29100.72,Y
00030,        SNG4,MF1406,MF1406.S,MF1406.S-PD,2732499,540,2026,7,2026-07-27 00:00:00,2800,30200,317300,Michelman Private Ltd,291477,Michelman Asia-Pacific - Global Parent,,India,2800.00,KG,6172.88,Y
00010,        CIN2,251194NX,251194NX,251194NX-PL,2738963,540,2026,7,2026-07-28 00:00:00,870.8976,10230,323912,"S-One/ Sarasota,FL(CORP OFFICE)",319906,S-One Labels - GLOBAL PARENT,Dave Jeffers,United States,48.00,PL,1920,Y
00020,        AUBA,251194NX,251194NX.E,251194NX.E-P1,26001310,525,2026,7,2026-07-28 00:00:00,960,20230,49118,Soconomar (X) Milano IT,290539,Soconomar - Global Parent,Krist Vanderstiggel,Italy,2.00,PA,2116.4376,Y
00020,        AUBA,MP2960,MP2960.E,MP2960.E-TO,26001217,540,2026,7,2026-07-28 00:00:00,12000,20240,324185,Avient (X)  Geleen NL,309093,Avient - Global Parent,Philippe Chabanne,Netherlands,12.00,TO,26455.47,Y
00020,        AUBA,MP498345P,MP498345P.E,MP498345P.E-TO,26001309,525,2026,7,2026-07-28 00:00:00,9999.898,20230,288577,Apaco Grosshandel (X) Wien AT,290632,Apaco - Global Parent,Alexandre Pomes,Austria,10.00,TO,22046,Y
00030,        SNG4,MF1204,MF1204.S,MF1204.S-TL,2721454,540,2026,7,2026-07-28 00:00:00,20000,30200,317300,Michelman Private Ltd,291477,Michelman Asia-Pacific - Global Parent,,India,20000.00,KG,44092,Y
00030,        SNG4,MF1204,MF1204.S,MF1204.S-TL,2721455,540,2026,7,2026-07-28 00:00:00,20000,30200,317300,Michelman Private Ltd,291477,Michelman Asia-Pacific - Global Parent,,India,20000.00,KG,44092,Y
00030,        SNG4,MF1306D,MF1306D.S,MF1306D.S-PD,2710705,999,2026,7,2026-07-28 00:00:00,16000,30200,317300,Michelman Private Ltd,291477,Michelman Asia-Pacific - Global Parent,,India,16000.00,KG,35273.6,N
00010,        CIN2,MP4983R,MP4983R,MP4983R-T3,2739266,540,2026,7,2026-07-29 00:00:00,8572.896499999999,10230,290936,"Loparex - Hammond, WI",290137,Loparex - Global Parent,Brad Durden,United States,7.00,TO,18900,Y
00020,        AUBA,MFP1883,MFP1883.E,MFP1883.E-PL,26001214,540,2026,7,2026-07-29 00:00:00,306,20230,288577,Apaco Grosshandel (X) Wien AT,290632,Apaco - Global Parent,Alexandre Pomes,Austria,17.00,PL,674.6143999999999,Y
00034,        SHAN,MP4983R,MP4983R.S,MP4983R.S-PD,2705397,540,2026,7,2026-07-29 00:00:00,3000,34230,359497,Shanghai XQM - China,359497,Shanghai XQM - China,"Wang,Lu( Leon)",China,15.00,DR,6613.8675,Y
00034,        SHAN,PH00001A,PH00001A.E,PH00001A.E-TO,2552821,540,2026,7,2026-07-29 00:00:00,3000,34220,350438,Whitford (Jiangmen) Ltd-PPG-CN,290161,PPG - Global Parent,Robin Li,China,3.00,TO,6613.8675,Y
00035,        MUM3,MFHS1881,MFHS1881.S,MFHS1881.S-PD,2712274,525,2026,7,2026-07-30 00:00:00,400,35230,325133,SHRINATH ROTO PACK PVT LTD UNIT I,360359,SHRINATH ROTO PACK - Global Parent,Rohan Aranjo,India,400.00,KG,881.84,Y
00020,        AUBA,PH00001A,PH00001A.E,PH00001A.E-PD,26001205,525,2026,7,2026-07-31 00:00:00,400,20200,312396,Michelman (X) Shanghai PC,291477,Michelman Asia-Pacific - Global Parent,,China,2.00,DR,881.849,Y
00020,        AUBA,PH00001A,PH00001A.E,PH00001A.E-TO,26001205,525,2026,7,2026-07-31 00:00:00,5000,20200,312396,Michelman (X) Shanghai PC,291477,Michelman Asia-Pacific - Global Parent,,China,5.00,TO,11023.1125,Y
00030,        SING,PA845H,PA845H,PA845H-KP,2733977,999,2026,8,2026-08-02 00:00:00,2400,30240,333264,HoJoo Communication-Korea,333264,HoJoo Communication-Korea,Brandon Lee,South Korea,2400.00,KG,5291.04,N
00030,        SING,PA845H,PA845H,PA845H-OP,2733977,525,2026,8,2026-08-02 00:00:00,2400,30240,333264,HoJoo Communication-Korea,333264,HoJoo Communication-Korea,Brandon Lee,South Korea,2400.00,KG,5291.04,Y
00020,        AUBA,MF4915,MF4915.E,MF4915.E-TO,26001198,540,2026,8,2026-08-03 00:00:00,5600,20230,291650,Constantia (X) Weiden DE,297153,Constantia - Global Parent,Alexandre Pomes,Germany,7.00,TO,12345.886,Y
00020,        AUBA,MF4915,MF4915.E,MF4915.E-TO,26001227,540,2026,8,2026-08-03 00:00:00,4800,20230,288244,Constantia Teich  (X) Weinburg AT,297153,Constantia - Global Parent,Alexandre Pomes,Austria,6.00,TO,10582.188,Y
00020,        AUBA,MF4915,MF4915.E,MF4915.E-TO,26001261,540,2026,8,2026-08-03 00:00:00,5600,20230,291650,Constantia (X) Weiden DE,297153,Constantia - Global Parent,Alexandre Pomes,Germany,7.00,TO,12345.886,Y
00020,        AUBA,MF4915,MF4915.E,MF4915.E-TO,26001262,540,2026,8,2026-08-03 00:00:00,5600,20230,291650,Constantia (X) Weiden DE,297153,Constantia - Global Parent,Alexandre Pomes,Germany,7.00,TO,12345.886,Y
00034,        SHAN,MP498340R,MP498340R,MP498340R-FD,2686145,540,2026,8,2026-08-03 00:00:00,1632.8,34220,324731,J&T Chemical -China,332367,Guangzhou J&T - Global Parent,"Dai,Zhaochen(Vincent)",China,1632.80,KG,3599.67088,Y
00010,        CIN2,MP4983R,MP4983R,MP4983R,2714190,540,2026,8,2026-08-05 00:00:00,17889.984,10230,309311,"Amcor - Oshkosh, WI (N Main)",290487,Amcor Flexibles - Global Parent,Brad Durden,United States,39440.00,LB,39440,Y
00010,        CIN2,PH00017E,PH00017E,PH00017E-T2,2728464,540,2026,8,2026-08-05 00:00:00,9979.033,10220,307241,"MacDermid - Ferndale, MI",309140,MacDermid - Global Parent,Abbie Wootton,United States,10.00,TO,22000,Y
00010,        CIN2,MFHS268,MFHS268,MFHS268-OP,2569172,540,2026,8,2026-08-06 00:00:00,16329.328000000001,10240,327947,"FMS Enterprises - Lincolnton, NC",352994,FMS Enterprises - Global Parent,Brendan Schloerb,United States,80.00,DR,36000,Y
00010,        CIN2,MP498345N,MP498345N,MP498345N-OP,2738850,540,2026,8,2026-08-06 00:00:00,612.3498,10230,323912,"S-One/ Sarasota,FL(CORP OFFICE)",319906,S-One Labels - GLOBAL PARENT,Dave Jeffers,United States,3.00,DR,1350,Y
00010,        CINC,MP498340D,MP498340D,MP498340D,2732236,540,2026,8,2026-08-07 00:00:00,18144,10240,21944,"Saint Gobain - Albion, NY (East Avenue)",290179,Saint Gobain - Global Parent,Brendan Schloerb,United States,40000.00,LB,40000,Y
00010,        CIN2,MP04422R,MP04422R,MP04422R-FD,2719479,540,2026,8,2026-08-10 00:00:00,2585.4768,10230,329175,"Tekni-plex - Madison, WI",339215,Tekni-Plex - Global Parent,Brad Durden,United States,12.00,DR,5700,Y
00010,        CIN2,PA845H,PA845H,PA845H-OP,2665349,540,2026,8,2026-08-10 00:00:00,4898.7984,10240,292816,"Mitsubishi Chemical - Sacramento, CA",333999,Mitsubishi Chemical F&C-Global Parent,Brendan Schloerb,United States,24.00,DR,10800,Y
00010,        CIN2,RM108,RM108,RM108-T3,2708149,540,2026,8,2026-08-11 00:00:00,15921.093499999999,10230,21702,"Oliver-Tolas Health - Feasterville, PA",290128,Oliver Tolas - Global Parent,Brad Durden,United States,13.00,TO,35100,Y
00010,        CIN2,MFHS268,MFHS268,MFHS268-OP,2569173,540,2026,8,2026-08-13 00:00:00,16329.328000000001,10240,327947,"FMS Enterprises - Lincolnton, NC",352994,FMS Enterprises - Global Parent,Brendan Schloerb,United States,80.00,DR,36000,Y
00010,        CIN2,MP498340R,MP498340R,MP498340R-T3,2696713,540,2026,8,2026-08-17 00:00:00,17690.103000000003,10220,23093,"Henkel - Delaware, OH",290122,Henkel - Global Parent,Abbie Wootton,United States,15.00,TO,39000,Y
00010,        CIN2,MFHS268,MFHS268,MFHS268-OP,2569174,540,2026,8,2026-08-20 00:00:00,16329.328000000001,10240,327947,"FMS Enterprises - Lincolnton, NC",352994,FMS Enterprises - Global Parent,Brendan Schloerb,United States,80.00,DR,36000,Y
00020,        AUBA,MP4983RAM,MP4983RAM.E,MP4983RAM.E-TO,26000868,540,2026,8,2026-08-21 00:00:00,8000,20230,155951,Amcor (X) Gent BE,290487,Amcor Flexibles - Global Parent,Krist Vanderstiggel,Belgium,8.00,TO,17636.98,Y
00020,        AUBA,PA845H,PA845H,PA845H-T2,26001024,530,2026,8,2026-08-21 00:00:00,2993.7099,20240,307541,Procotex (X) Plouay FR,349386,Procotex - Global Parent,Philippe Chabanne,France,3.00,TO,6600,Y
00010,        CIN2,MP4983R,MP4983R,MP4983R-FD,2718785,540,2026,8,2026-08-24 00:00:00,646.3692,10240,21952,"Chase Corp - Lenoir, NC",290149,Chase Corp - Global Parent,Brendan Schloerb,United States,3.00,DR,1425,Y
00020,        AUBA,PA845H,PA845H,PA845H-PL,26001299,530,2026,8,2026-08-25 00:00:00,18.1437,20240,361657,UBE (X) Castellon ES,361657,UBE (X) Castellon ES,Laurence Vast,Spain,1.00,PL,40,Y
00034,        SHAN,PA845H,PA845H,PA845H-OP,2599680,540,2026,8,2026-08-27 00:00:00,2041,34240,346926,Amos Composites-China,346926,Amos Composites-China,Ethan Cheng,China,2041.00,KG,4499.5886,Y
00034,        SHAN,PA845H,PA845H,PA845H-OP,2649673,540,2026,8,2026-08-27 00:00:00,3469.7,34240,331921,Nantong Fuyuan-China,331921,Nantong Fuyuan-China,Ethan Cheng,China,3469.70,KG,7649.30062,Y
00034,        SHAN,PH00001A,PH00001A.E,PH00001A.E-TO,2732420,525,2026,8,2026-08-27 00:00:00,2000,34220,350438,Whitford (Jiangmen) Ltd-PPG-CN,290161,PPG - Global Parent,Robin Li,China,2.00,TO,4409.245,Y
00034,        SHAN,PH00001A,PH00001A.E,PH00001A.E-TO,2732437,525,2026,8,2026-08-27 00:00:00,3000,34220,350438,Whitford (Jiangmen) Ltd-PPG-CN,290161,PPG - Global Parent,Robin Li,China,3.00,TO,6613.8675,Y
00010,        CIN2,MP2960,MP2960,MP2960-T2,2732865,540,2026,9,2026-09-01 00:00:00,17962.2594,10240,311790,"Avient Protective Mat.- Greenville, NC",309093,Avient - Global Parent,Brendan Schloerb,United States,18.00,TO,39600,Y
00010,        CIN2,MP4983R,MP4983R,MP4983R-T3,2732801,540,2026,9,2026-09-01 00:00:00,18370.4925,10230,309311,"Amcor - Oshkosh, WI (N Main)",290487,Amcor Flexibles - Global Parent,Brad Durden,United States,15.00,TO,40500,Y
00010,        CIN2,MFHS268,MFHS268,MFHS268-OP,2569175,540,2026,9,2026-09-03 00:00:00,16329.328000000001,10240,327947,"FMS Enterprises - Lincolnton, NC",352994,FMS Enterprises - Global Parent,Brendan Schloerb,United States,80.00,DR,36000,Y
00010,        CIN2,PA845H,PA845H,PA845H-OP,2691877,999,2026,9,2026-09-04 00:00:00,4082.3320000000003,10240,292816,"Mitsubishi Chemical - Sacramento, CA",333999,Mitsubishi Chemical F&C-Global Parent,Brendan Schloerb,United States,20.00,DR,9000,N
00010,        CIN2,PA845H,PA845H,PA845H-OP,2708883,540,2026,9,2026-09-04 00:00:00,4898.7984,10240,292816,"Mitsubishi Chemical - Sacramento, CA",333999,Mitsubishi Chemical F&C-Global Parent,Brendan Schloerb,United States,24.00,DR,10800,Y
00020,        AUBA,MP4983R,MP4983R.E,MP4983R.E-TO,26000407,540,2026,9,2026-09-09 00:00:00,19999.796,20230,334716,Nelipak (X) Derry GB,334790,Nelipak - Global Parent,Krist Vanderstiggel,United Kingdom,20.00,TO,44092,Y
00010,        CIN2,MFHS268,MFHS268,MFHS268-OP,2569176,540,2026,9,2026-09-10 00:00:00,16329.328000000001,10240,327947,"FMS Enterprises - Lincolnton, NC",352994,FMS Enterprises - Global Parent,Brendan Schloerb,United States,80.00,DR,36000,Y
00010,        CIN2,MP2960,MP2960,MP2960-T2,2718769,540,2026,9,2026-09-18 00:00:00,17962.2594,10240,311790,"Avient Protective Mat.- Greenville, NC",309093,Avient - Global Parent,Brendan Schloerb,United States,18.00,TO,39600,Y
00010,        CIN2,MP4983R,MP4983R,MP4983R-T3,2739282,540,2026,9,2026-09-18 00:00:00,3674.0985,10230,290936,"Loparex - Hammond, WI",290137,Loparex - Global Parent,Brad Durden,United States,3.00,TO,8100,Y
00020,        AUBA,MP4983RAM,MP4983RAM.E,MP4983RAM.E-TO,26000869,540,2026,9,2026-09-18 00:00:00,8000,20230,155951,Amcor (X) Gent BE,290487,Amcor Flexibles - Global Parent,Krist Vanderstiggel,Belgium,8.00,TO,17636.98,Y
00010,        CIN2,MP498340R,MP498340R,MP498340R-T3,2701894,540,2026,9,2026-09-21 00:00:00,17690.103000000003,10220,23093,"Henkel - Delaware, OH",290122,Henkel - Global Parent,Abbie Wootton,United States,15.00,TO,39000,Y
00010,        CIN2,MP4983R,MP4983R,MP4983R-T3,2708149,999,2026,9,2026-09-22 00:00:00,15921.093499999999,10230,21702,"Oliver-Tolas Health - Feasterville, PA",290128,Oliver Tolas - Global Parent,Brad Durden,United States,13.00,TO,35100,N
00020,        AUBA,PH00001A,PH00001A.E,PH00001A.E-PD,26001303,525,2026,9,2026-09-22 00:00:00,800,20220,310673,Chemetall (X) Berlin DE,290491,Chemetall - Global Parent,Luc Vanderstappen,Germany,4.00,DR,1763.698,Y
00010,        CIN2,MFHS268,MFHS268,MFHS268-OP,2569177,540,2026,9,2026-09-24 00:00:00,16329.328000000001,10240,327947,"FMS Enterprises - Lincolnton, NC",352994,FMS Enterprises - Global Parent,Brendan Schloerb,United States,80.00,DR,36000,Y
00010,        CIN2,MP2960,MP2960,MP2960-T2,2718751,540,2026,9,2026-09-30 00:00:00,17962.2594,10240,311790,"Avient Protective Mat.- Greenville, NC",309093,Avient - Global Parent,Brendan Schloerb,United States,18.00,TO,39600,Y
00010,        CIN2,MFHS268,MFHS268,MFHS268-OP,2569178,540,2026,10,2026-10-01 00:00:00,16329.328000000001,10240,327947,"FMS Enterprises - Lincolnton, NC",352994,FMS Enterprises - Global Parent,Brendan Schloerb,United States,80.00,DR,36000,Y
00010,        CIN2,MP498340R,MP498340R,MP498340R-T3,2701893,540,2026,10,2026-10-05 00:00:00,17690.103000000003,10220,23093,"Henkel - Delaware, OH",290122,Henkel - Global Parent,Abbie Wootton,United States,15.00,TO,39000,Y
00010,        CIN2,MFHS268,MFHS268,MFHS268-OP,2569179,540,2026,10,2026-10-08 00:00:00,16329.328000000001,10240,327947,"FMS Enterprises - Lincolnton, NC",352994,FMS Enterprises - Global Parent,Brendan Schloerb,United States,80.00,DR,36000,Y
00010,        CIN2,PA845H,PA845H,PA845H-OP,2691877,540,2026,10,2026-10-12 00:00:00,4082.3320000000003,10240,292816,"Mitsubishi Chemical - Sacramento, CA",333999,Mitsubishi Chemical F&C-Global Parent,Brendan Schloerb,United States,20.00,DR,9000,Y
00034,        SHAN,MP498340R,MP498340R,MP498340R-FD,2737825,525,2026,10,2026-10-20 00:00:00,3265.6,34220,324731,J&T Chemical -China,332367,Guangzhou J&T - Global Parent,"Dai,Zhaochen(Vincent)",China,3265.60,KG,7199.34176,Y
00020,        AUBA,PH00001A,PH00001A.E,PH00001A.E-PD,26001306,525,2026,10,2026-10-21 00:00:00,800,20220,310673,Chemetall (X) Berlin DE,290491,Chemetall - Global Parent,Luc Vanderstappen,Germany,4.00,DR,1763.698,Y
00010,        CIN2,MFHS268,MFHS268,MFHS268-OP,2569180,540,2026,10,2026-10-22 00:00:00,16329.328000000001,10240,327947,"FMS Enterprises - Lincolnton, NC",352994,FMS Enterprises - Global Parent,Brendan Schloerb,United States,80.00,DR,36000,Y
00010,        CIN2,MP4983R,MP4983R,MP4983R-FD,2733589,540,2026,10,2026-10-22 00:00:00,430.9128,10240,21842,"Ashaway Line & Twine - Ashaway, RI",21842,"Ashaway Line & Twine - Ashaway, RI",Samuel Hankins,United States,2.00,DR,950,Y
00010,        CIN2,MP498340R,MP498340R,MP498340R-T3,2701895,540,2026,10,2026-10-26 00:00:00,17690.103000000003,10220,23093,"Henkel - Delaware, OH",290122,Henkel - Global Parent,Abbie Wootton,United States,15.00,TO,39000,Y
00034,        SHAN,PH00001A,PH00001A.E,PH00001A.E-PD,2736942,525,2026,10,2026-10-30 00:00:00,400,34220,340534,Coventya - China,309140,MacDermid - Global Parent,Robin Li,China,2.00,DR,881.849,Y
00020,        AUBA,MP4983R,MP4983R.E,MP4983R.E-TO,26001297,525,2026,11,2026-11-02 00:00:00,19999.796,20230,334716,Nelipak (X) Derry GB,334790,Nelipak - Global Parent,Krist Vanderstiggel,United Kingdom,20.00,TO,44092,Y
00010,        CIN2,MFHS268,MFHS268,MFHS268-OP,2569196,540,2026,11,2026-11-05 00:00:00,16329.328000000001,10240,327947,"FMS Enterprises - Lincolnton, NC",352994,FMS Enterprises - Global Parent,Brendan Schloerb,United States,80.00,DR,36000,Y
00010,        CIN2,MP498340R,MP498340R,MP498340R-T3,2701892,540,2026,11,2026-11-20 00:00:00,17690.103000000003,10220,23093,"Henkel - Delaware, OH",290122,Henkel - Global Parent,Abbie Wootton,United States,15.00,TO,39000,Y
00010,        CIN2,MFHS268,MFHS268,MFHS268-OP,2569197,540,2026,12,2026-12-03 00:00:00,16329.328000000001,10240,327947,"FMS Enterprises - Lincolnton, NC",352994,FMS Enterprises - Global Parent,Brendan Schloerb,United States,80.00,DR,36000,Y
00010,        CIN2,MP498340R,MP498340R,MP498340R-T3,2701840,540,2026,12,2026-12-07 00:00:00,17690.103000000003,10220,23093,"Henkel - Delaware, OH",290122,Henkel - Global Parent,Abbie Wootton,United States,15.00,TO,39000,Y
00010,        CIN2,MFHS268,MFHS268,MFHS268-OP,2569198,540,2026,12,2026-12-10 00:00:00,16329.328000000001,10240,327947,"FMS Enterprises - Lincolnton, NC",352994,FMS Enterprises - Global Parent,Brendan Schloerb,United States,80.00,DR,36000,Y
