TABLE_SCHEMA,TABLE_NAME,ORDINAL_POSITION,COLUMN_NAME,DATA_TYPE,CHARACTER_MAXIMUM_LENGTH,NUMERIC_PRECISION,NUMERIC_SCALE,IS_NULLABLE
PRODDTA,F3711,23,TRQPF,nchar,1,,,YES
PRODDTA,F3711,24,TRTOVR,nchar,1,,,YES
PRODDTA,F3711,47,TRPTTS,nchar,1,,,YES
PRODDTA,F3711,53,TRTTTY,nchar,1,,,YES
PRODDTA,F3711,54,TRMFGR,nchar,1,,,YES
PRODDTA,F3711,55,TRMRRR,nchar,1,,,YES
PRODDTA,F3711,56,TRMFGC,nchar,1,,,YES
PRODDTA,F3711,57,TRPRCR,nchar,1,,,YES
PRODDTA,F3711,58,TRPRER,nchar,1,,,YES
PRODDTA,F3711,59,TRSHPR,nchar,1,,,YES
PRODDTA,F3711,60,TRBLKR,nchar,1,,,YES
PRODDTA,F3711,70,TRTTST,nchar,1,,,YES
PRODDTA,F3711,71,TRDFCW,nchar,1,,,YES
PRODDTA,F3711,82,TRCDEC,nchar,1,,,YES
PRODDTA,F3711,99,TRWVTY,nchar,1,,,YES
PRODDTA,F3711,101,TRRSSTS,nchar,1,,,YES
PRODDTA,F3711,111,TRCDEC2,nchar,1,,,YES
PRODDTA,F3711,115,TRNUMT,nchar,1,,,YES
PRODDTA,F3711,116,TRNUMT3,nchar,1,,,YES
PRODDTA,F31122,13,WTTYR,nchar,1,,,YES
PRODDTA,F31122,21,WTSHFT,nchar,1,,,YES
PRODDTA,F31122,31,WTSUMR,nchar,1,,,YES
PRODDTA,F31122,48,WTSOHR,nchar,1,,,YES
PRODDTA,F31122,49,WTSORE,nchar,1,,,YES
PRODDTA,F3114,5,IQSHFT,nchar,1,,,YES
PRODDTA,F3701,8,QATTTY,nchar,1,,,YES
PRODDTA,F3701,9,QANUMT,nchar,1,,,YES
PRODDTA,F3701,12,QACDEC,nchar,1,,,YES
PRODDTA,F3701,23,QAAVG,nchar,1,,,YES
PRODDTA,F3701,24,QATSDP,nchar,1,,,YES
PRODDTA,F3701,25,QAPTTS,nchar,1,,,YES
PRODDTA,F3701,26,QAPTTX,nchar,1,,,YES
PRODDTA,F3701,39,QAQM01,nchar,1,,,YES
PRODDTA,F3701,40,QAQM02,nchar,1,,,YES
PRODDTA,F3701,41,QAQM03,nchar,1,,,YES
PRODDTA,F3701,42,QAQM04,nchar,1,,,YES
PRODDTA,F3701,43,QAQM05,nchar,1,,,YES
PRODDTA,F3701,44,QAQM06,nchar,1,,,YES
PRODDTA,F3701,45,QAQM07,nchar,1,,,YES
PRODDTA,F3701,46,QAQM08,nchar,1,,,YES
PRODDTA,F3701,47,QAQM09,nchar,1,,,YES
PRODDTA,F3701,48,QAQM10,nchar,1,,,YES
PRODDTA,F3701,56,QAACTN,nchar,1,,,YES
PRODDTA,F3701,73,QACRTLBTSK,nchar,1,,,YES
PRODDTA,F5531,16,QZQPF,nchar,1,,,YES
PRODDTA,F31UI006,7,LSSHFT,nchar,1,,,YES
PRODDTA,F31UI006,21,LSEV01,nchar,1,,,YES
PRODDTA,F31UI006,35,LSMWDH,nchar,1,,,YES
PRODDTA,F31UI006,36,LSEV02,nchar,1,,,YES
PRODDTA,F31UI006,39,LSEV11,nchar,1,,,YES
PRODDTA,F31UI006,40,LSEV12,nchar,1,,,YES
PRODDTA,F31UI006,41,LSEV13,nchar,1,,,YES
PRODDTA,F31UI006,42,LSEV14,nchar,1,,,YES
PRODDTA,F31UI006,43,LSEV15,nchar,1,,,YES
PRODDTA,F554072,14,ADBSCD,nchar,1,,,YES
PRODDTA,F554072,18,ADFGY,nchar,1,,,YES
PRODDTA,F554072,28,ADPARTFG,nchar,1,,,YES
PRODDTA,F554072,29,ADAPRS,nchar,1,,,YES
PRODDTA,F554072,99,AD55OTPEN,nchar,1,,,YES
PRODDTA,F554072,100,AD55NOCPEN,nchar,1,,,YES
PRODDTA,F3460,13,MFBPFC,nchar,1,,,YES
PRODDTA,F3460,14,MFRVIS,nchar,1,,,YES
PRODDTA,F4111_ARCH,12,ILFRTO,nchar,1,,,YES
PRODDTA,F4111_ARCH,13,ILLMCX,nchar,1,,,YES
PRODDTA,F4111_ARCH,14,ILLOTS,nchar,1,,,YES
PRODDTA,F4111_ARCH,33,ILIPCD,nchar,1,,,YES
PRODDTA,F4111_ARCH,56,ILCMOO,nchar,1,,,YES
PRODDTA,F4111_ARCH,57,ILRE,nchar,1,,,YES
PRODDTA,F4111_ARCH,58,ILSBLT,nchar,1,,,YES
PRODDTA,F40205,4,LFGLI,nchar,1,,,YES
PRODDTA,F40205,5,LFIVI,nchar,1,,,YES
PRODDTA,F40205,6,LFARI,nchar,1,,,YES
PRODDTA,F40205,7,LFAPI,nchar,1,,,YES
PRODDTA,F40205,8,LFRSGN,nchar,1,,,YES
PRODDTA,F40205,9,LFTXYN,nchar,1,,,YES
PRODDTA,F40205,10,LFPRFT,nchar,1,,,YES
PRODDTA,F40205,11,LFCDSC,nchar,1,,,YES
PRODDTA,F40205,12,LFTX01,nchar,1,,,YES
PRODDTA,F40205,13,LFTX02,nchar,1,,,YES
PRODDTA,F40205,15,LFPDC1,nchar,1,,,YES
PRODDTA,F40205,16,LFPDC2,nchar,1,,,YES
PRODDTA,F40205,17,LFPDC3,nchar,1,,,YES
PRODDTA,F40205,18,LFPDC4,nchar,1,,,YES
PRODDTA,F40205,19,LFIDC1,nchar,1,,,YES
PRODDTA,F40205,20,LFIDC2,nchar,1,,,YES
PRODDTA,F40205,21,LFIDC3,nchar,1,,,YES
PRODDTA,F40205,22,LFIDC4,nchar,1,,,YES
PRODDTA,F40205,23,LFCSJ,nchar,1,,,YES
PRODDTA,F40205,25,LFART,nchar,1,,,YES
PRODDTA,F40205,26,LFAFT,nchar,1,,,YES
PRODDTA,F40205,27,LFGWO,nchar,1,,,YES
PRODDTA,F40205,28,LFEXVR,nchar,1,,,YES
PRODDTA,F40205,29,LFCMI,nchar,1,,,YES
PRODDTA,F40205,30,LFPRRQ,nchar,1,,,YES
PRODDTA,F40205,31,LFEV01,nchar,1,,,YES
PRODDTA,F40205,32,LFEV02,nchar,1,,,YES
PRODDTA,F40205,33,LFEV03,nchar,1,,,YES
PRODDTA,F40205,34,LFEV04,nchar,1,,,YES
PRODDTA,F40205,35,LFEV05,nchar,1,,,YES
PRODDTA,F40205,36,LFNEWR,nchar,1,,,YES
PRODDTA,F40205,37,LFSRUF,nchar,1,,,YES
PRODDTA,F40205,38,LFNBRU,nchar,1,,,YES
PRODDTA,F554072L,18,LTEV01,nchar,1,,,YES
PRODDTA,F4111,12,ILFRTO,nchar,1,,,YES
PRODDTA,F4111,13,ILLMCX,nchar,1,,,YES
PRODDTA,F4111,14,ILLOTS,nchar,1,,,YES
PRODDTA,F4111,33,ILIPCD,nchar,1,,,YES
PRODDTA,F4111,56,ILCMOO,nchar,1,,,YES
PRODDTA,F4111,57,ILRE,nchar,1,,,YES
PRODDTA,F4111,58,ILSBLT,nchar,1,,,YES
PRODDTA,F42119_ARCH,73,SDCOMM,nchar,1,,,YES
PRODDTA,F42119_ARCH,74,SDOTQY,nchar,1,,,YES
PRODDTA,F42119_ARCH,78,SDPROV,nchar,1,,,YES
PRODDTA,F42119_ARCH,79,SDTPC,nchar,1,,,YES
PRODDTA,F42119_ARCH,84,SDCSTO,nchar,1,,,YES
PRODDTA,F42119_ARCH,88,SDRYIN,nchar,1,,,YES
PRODDTA,F42119_ARCH,89,SDDTBS,nchar,1,,,YES
PRODDTA,F42119_ARCH,104,SDTAX1,nchar,1,,,YES
PRODDTA,F42119_ARCH,107,SDATXT,nchar,1,,,YES
PRODDTA,F42119_ARCH,108,SDPRIO,nchar,1,,,YES
PRODDTA,F42119_ARCH,109,SDRESL,nchar,1,,,YES
PRODDTA,F42119_ARCH,110,SDBACK,nchar,1,,,YES
PRODDTA,F42119_ARCH,111,SDSBAL,nchar,1,,,YES
PRODDTA,F42119_ARCH,112,SDAPTS,nchar,1,,,YES
PRODDTA,F42119_ARCH,139,SDORP,nchar,1,,,YES
PRODDTA,F42119_ARCH,144,SDSO01,nchar,1,,,YES
PRODDTA,F42119_ARCH,145,SDSO02,nchar,1,,,YES
PRODDTA,F42119_ARCH,146,SDSO03,nchar,1,,,YES
PRODDTA,F42119_ARCH,147,SDSO04,nchar,1,,,YES
PRODDTA,F42119_ARCH,148,SDSO05,nchar,1,,,YES
PRODDTA,F42119_ARCH,149,SDSO06,nchar,1,,,YES
PRODDTA,F42119_ARCH,150,SDSO07,nchar,1,,,YES
PRODDTA,F42119_ARCH,151,SDSO08,nchar,1,,,YES
PRODDTA,F42119_ARCH,152,SDSO09,nchar,1,,,YES
PRODDTA,F42119_ARCH,153,SDSO10,nchar,1,,,YES
PRODDTA,F42119_ARCH,154,SDSO11,nchar,1,,,YES
PRODDTA,F42119_ARCH,155,SDSO12,nchar,1,,,YES
PRODDTA,F42119_ARCH,156,SDSO13,nchar,1,,,YES
PRODDTA,F42119_ARCH,157,SDSO14,nchar,1,,,YES
PRODDTA,F42119_ARCH,158,SDSO15,nchar,1,,,YES
PRODDTA,F42119_ARCH,159,SDACOM,nchar,1,,,YES
PRODDTA,F42119_ARCH,165,SDSBLT,nchar,1,,,YES
PRODDTA,F42119_ARCH,170,SDSWMS,nchar,1,,,YES
PRODDTA,F42119_ARCH,171,SDUNCD,nchar,1,,,YES
PRODDTA,F42119_ARCH,172,SDCRMD,nchar,1,,,YES
PRODDTA,F42119_ARCH,191,SDSO16,nchar,1,,,YES
PRODDTA,F42119_ARCH,192,SDSO17,nchar,1,,,YES
PRODDTA,F42119_ARCH,193,SDSO18,nchar,1,,,YES
PRODDTA,F42119_ARCH,194,SDSO19,nchar,1,,,YES
PRODDTA,F42119_ARCH,195,SDSO20,nchar,1,,,YES
PRODDTA,F42119_ARCH,214,SDXDCK,nchar,1,,,YES
PRODDTA,F42119_ARCH,216,SDDUAL,nchar,1,,,YES
PRODDTA,F42119_ARCH,221,SDPEND,nchar,1,,,YES
PRODDTA,F42119_ARCH,241,SDPMTO,nchar,1,,,YES
PRODDTA,F42119_ARCH,255,SDALLOC,nchar,1,,,YES
PRODDTA,F42119_ARCH,259,SDOSCOREO,nchar,1,,,YES
PRODDTA,F42119_ARCH,264,SDKITDIRTY,nchar,1,,,YES
PRODDTA,F42119_ARCH,265,SDOCITT,nchar,1,,,YES
PRODDTA,F5531_PRE_90,16,QZQPF,nchar,1,,,YES
PRODDTA,F4211,73,SDCOMM,nchar,1,,,YES
PRODDTA,F4211,74,SDOTQY,nchar,1,,,YES
PRODDTA,F4211,78,SDPROV,nchar,1,,,YES
PRODDTA,F4211,79,SDTPC,nchar,1,,,YES
PRODDTA,F4211,84,SDCSTO,nchar,1,,,YES
PRODDTA,F4211,88,SDRYIN,nchar,1,,,YES
PRODDTA,F4211,89,SDDTBS,nchar,1,,,YES
PRODDTA,F4211,104,SDTAX1,nchar,1,,,YES
PRODDTA,F4211,107,SDATXT,nchar,1,,,YES
PRODDTA,F4211,108,SDPRIO,nchar,1,,,YES
PRODDTA,F4211,109,SDRESL,nchar,1,,,YES
PRODDTA,F4211,110,SDBACK,nchar,1,,,YES
PRODDTA,F4211,111,SDSBAL,nchar,1,,,YES
PRODDTA,F4211,112,SDAPTS,nchar,1,,,YES
PRODDTA,F4211,139,SDORP,nchar,1,,,YES
PRODDTA,F4211,144,SDSO01,nchar,1,,,YES
PRODDTA,F4211,145,SDSO02,nchar,1,,,YES
PRODDTA,F4211,146,SDSO03,nchar,1,,,YES
PRODDTA,F4211,147,SDSO04,nchar,1,,,YES
PRODDTA,F4211,148,SDSO05,nchar,1,,,YES
PRODDTA,F4211,149,SDSO06,nchar,1,,,YES
PRODDTA,F4211,150,SDSO07,nchar,1,,,YES
PRODDTA,F4211,151,SDSO08,nchar,1,,,YES
PRODDTA,F4211,152,SDSO09,nchar,1,,,YES
PRODDTA,F4211,153,SDSO10,nchar,1,,,YES
PRODDTA,F4211,154,SDSO11,nchar,1,,,YES
PRODDTA,F4211,155,SDSO12,nchar,1,,,YES
PRODDTA,F4211,156,SDSO13,nchar,1,,,YES
PRODDTA,F4211,157,SDSO14,nchar,1,,,YES
PRODDTA,F4211,158,SDSO15,nchar,1,,,YES
PRODDTA,F4211,159,SDACOM,nchar,1,,,YES
PRODDTA,F4211,165,SDSBLT,nchar,1,,,YES
PRODDTA,F4211,170,SDSWMS,nchar,1,,,YES
PRODDTA,F4211,171,SDUNCD,nchar,1,,,YES
PRODDTA,F4211,172,SDCRMD,nchar,1,,,YES
PRODDTA,F4211,191,SDSO16,nchar,1,,,YES
PRODDTA,F4211,192,SDSO17,nchar,1,,,YES
PRODDTA,F4211,193,SDSO18,nchar,1,,,YES
PRODDTA,F4211,194,SDSO19,nchar,1,,,YES
PRODDTA,F4211,195,SDSO20,nchar,1,,,YES
PRODDTA,F4211,214,SDXDCK,nchar,1,,,YES
PRODDTA,F4211,216,SDDUAL,nchar,1,,,YES
PRODDTA,F4211,221,SDPEND,nchar,1,,,YES
PRODDTA,F4211,241,SDPMTO,nchar,1,,,YES
PRODDTA,F4211,255,SDALLOC,nchar,1,,,YES
PRODDTA,F4211,259,SDOSCOREO,nchar,1,,,YES
PRODDTA,F4211,264,SDKITDIRTY,nchar,1,,,YES
PRODDTA,F4211,265,SDOCITT,nchar,1,,,YES
PRODDTA,F4211_ARCH,73,SDCOMM,nchar,1,,,YES
PRODDTA,F4211_ARCH,74,SDOTQY,nchar,1,,,YES
PRODDTA,F4211_ARCH,78,SDPROV,nchar,1,,,YES
PRODDTA,F4211_ARCH,79,SDTPC,nchar,1,,,YES
PRODDTA,F4211_ARCH,84,SDCSTO,nchar,1,,,YES
PRODDTA,F4211_ARCH,88,SDRYIN,nchar,1,,,YES
PRODDTA,F4211_ARCH,89,SDDTBS,nchar,1,,,YES
PRODDTA,F4211_ARCH,104,SDTAX1,nchar,1,,,YES
PRODDTA,F4211_ARCH,107,SDATXT,nchar,1,,,YES
PRODDTA,F4211_ARCH,108,SDPRIO,nchar,1,,,YES
PRODDTA,F4211_ARCH,109,SDRESL,nchar,1,,,YES
PRODDTA,F4211_ARCH,110,SDBACK,nchar,1,,,YES
PRODDTA,F4211_ARCH,111,SDSBAL,nchar,1,,,YES
PRODDTA,F4211_ARCH,112,SDAPTS,nchar,1,,,YES
PRODDTA,F4211_ARCH,139,SDORP,nchar,1,,,YES
PRODDTA,F4211_ARCH,144,SDSO01,nchar,1,,,YES
PRODDTA,F4211_ARCH,145,SDSO02,nchar,1,,,YES
PRODDTA,F4211_ARCH,146,SDSO03,nchar,1,,,YES
PRODDTA,F4211_ARCH,147,SDSO04,nchar,1,,,YES
PRODDTA,F4211_ARCH,148,SDSO05,nchar,1,,,YES
PRODDTA,F4211_ARCH,149,SDSO06,nchar,1,,,YES
PRODDTA,F4211_ARCH,150,SDSO07,nchar,1,,,YES
PRODDTA,F4211_ARCH,151,SDSO08,nchar,1,,,YES
PRODDTA,F4211_ARCH,152,SDSO09,nchar,1,,,YES
PRODDTA,F4211_ARCH,153,SDSO10,nchar,1,,,YES
PRODDTA,F4211_ARCH,154,SDSO11,nchar,1,,,YES
PRODDTA,F4211_ARCH,155,SDSO12,nchar,1,,,YES
PRODDTA,F4211_ARCH,156,SDSO13,nchar,1,,,YES
PRODDTA,F4211_ARCH,157,SDSO14,nchar,1,,,YES
PRODDTA,F4211_ARCH,158,SDSO15,nchar,1,,,YES
PRODDTA,F4211_ARCH,159,SDACOM,nchar,1,,,YES
PRODDTA,F4211_ARCH,165,SDSBLT,nchar,1,,,YES
PRODDTA,F4211_ARCH,170,SDSWMS,nchar,1,,,YES
PRODDTA,F4211_ARCH,171,SDUNCD,nchar,1,,,YES
PRODDTA,F4211_ARCH,172,SDCRMD,nchar,1,,,YES
PRODDTA,F4211_ARCH,191,SDSO16,nchar,1,,,YES
PRODDTA,F4211_ARCH,192,SDSO17,nchar,1,,,YES
PRODDTA,F4211_ARCH,193,SDSO18,nchar,1,,,YES
PRODDTA,F4211_ARCH,194,SDSO19,nchar,1,,,YES
PRODDTA,F4211_ARCH,195,SDSO20,nchar,1,,,YES
PRODDTA,F4211_ARCH,214,SDXDCK,nchar,1,,,YES
PRODDTA,F4211_ARCH,216,SDDUAL,nchar,1,,,YES
PRODDTA,F4211_ARCH,221,SDPEND,nchar,1,,,YES
PRODDTA,F4211_ARCH,241,SDPMTO,nchar,1,,,YES
PRODDTA,F4211_ARCH,255,SDALLOC,nchar,1,,,YES
PRODDTA,F4211_ARCH,259,SDOSCOREO,nchar,1,,,YES
PRODDTA,F4211_ARCH,264,SDKITDIRTY,nchar,1,,,YES
PRODDTA,F4211_ARCH,265,SDOCITT,nchar,1,,,YES
PRODDTA,F4100,13,LMLLDL,nchar,1,,,YES
PRODDTA,F4100,17,LMFREZ,nchar,1,,,YES
PRODDTA,F4100,18,LMNETA,nchar,1,,,YES
PRODDTA,F4100,24,LMCTNF,nchar,1,,,YES
PRODDTA,F4100,25,LMMCNT,nchar,1,,,YES
PRODDTA,F4100,26,LMMLOT,nchar,1,,,YES
PRODDTA,F4100,28,LMSTAG,nchar,1,,,YES
PRODDTA,F4100,30,LMPCNF,nchar,1,,,YES
PRODDTA,F4100,31,LMKCNF,nchar,1,,,YES
PRODDTA,F4100,32,LMAPUT,nchar,1,,,YES
PRODDTA,F4100,33,LMAPIK,nchar,1,,,YES
PRODDTA,F4100,34,LMARPL,nchar,1,,,YES
PRODDTA,F4100,53,LMOT1Y,nchar,1,,,YES
PRODDTA,F4100,54,LMOT2Y,nchar,1,,,YES
PRODDTA,F4100,60,LMMIXL,nchar,1,,,YES
PRODDTA,F4100,61,LMMPTL,nchar,1,,,YES
PRODDTA,F4100,62,LMMUMS,nchar,1,,,YES
PRODDTA,F42119,73,SDCOMM,nchar,1,,,YES
PRODDTA,F42119,74,SDOTQY,nchar,1,,,YES
PRODDTA,F42119,78,SDPROV,nchar,1,,,YES
PRODDTA,F42119,79,SDTPC,nchar,1,,,YES
PRODDTA,F42119,84,SDCSTO,nchar,1,,,YES
PRODDTA,F42119,88,SDRYIN,nchar,1,,,YES
PRODDTA,F42119,89,SDDTBS,nchar,1,,,YES
PRODDTA,F42119,104,SDTAX1,nchar,1,,,YES
PRODDTA,F42119,107,SDATXT,nchar,1,,,YES
PRODDTA,F42119,108,SDPRIO,nchar,1,,,YES
PRODDTA,F42119,109,SDRESL,nchar,1,,,YES
PRODDTA,F42119,110,SDBACK,nchar,1,,,YES
PRODDTA,F42119,111,SDSBAL,nchar,1,,,YES
PRODDTA,F42119,112,SDAPTS,nchar,1,,,YES
PRODDTA,F42119,139,SDORP,nchar,1,,,YES
PRODDTA,F42119,144,SDSO01,nchar,1,,,YES
PRODDTA,F42119,145,SDSO02,nchar,1,,,YES
PRODDTA,F42119,146,SDSO03,nchar,1,,,YES
PRODDTA,F42119,147,SDSO04,nchar,1,,,YES
PRODDTA,F42119,148,SDSO05,nchar,1,,,YES
PRODDTA,F42119,149,SDSO06,nchar,1,,,YES
PRODDTA,F42119,150,SDSO07,nchar,1,,,YES
PRODDTA,F42119,151,SDSO08,nchar,1,,,YES
PRODDTA,F42119,152,SDSO09,nchar,1,,,YES
PRODDTA,F42119,153,SDSO10,nchar,1,,,YES
PRODDTA,F42119,154,SDSO11,nchar,1,,,YES
PRODDTA,F42119,155,SDSO12,nchar,1,,,YES
PRODDTA,F42119,156,SDSO13,nchar,1,,,YES
PRODDTA,F42119,157,SDSO14,nchar,1,,,YES
PRODDTA,F42119,158,SDSO15,nchar,1,,,YES
PRODDTA,F42119,159,SDACOM,nchar,1,,,YES
PRODDTA,F42119,165,SDSBLT,nchar,1,,,YES
PRODDTA,F42119,170,SDSWMS,nchar,1,,,YES
PRODDTA,F42119,171,SDUNCD,nchar,1,,,YES
PRODDTA,F42119,172,SDCRMD,nchar,1,,,YES
PRODDTA,F42119,191,SDSO16,nchar,1,,,YES
PRODDTA,F42119,192,SDSO17,nchar,1,,,YES
PRODDTA,F42119,193,SDSO18,nchar,1,,,YES
PRODDTA,F42119,194,SDSO19,nchar,1,,,YES
PRODDTA,F42119,195,SDSO20,nchar,1,,,YES
PRODDTA,F42119,214,SDXDCK,nchar,1,,,YES
PRODDTA,F42119,216,SDDUAL,nchar,1,,,YES
PRODDTA,F42119,221,SDPEND,nchar,1,,,YES
PRODDTA,F42119,241,SDPMTO,nchar,1,,,YES
PRODDTA,F42119,255,SDALLOC,nchar,1,,,YES
PRODDTA,F42119,259,SDOSCOREO,nchar,1,,,YES
PRODDTA,F42119,264,SDKITDIRTY,nchar,1,,,YES
PRODDTA,F42119,265,SDOCITT,nchar,1,,,YES
PRODDTA,F41002,5,UMUSTR,nchar,1,,,YES
PRODDTA,F41002,13,UMEXPO,nchar,1,,,YES
PRODDTA,F41002,14,UMEXSO,nchar,1,,,YES
PRODDTA,F4101,37,IMDSZE,nchar,1,,,YES
PRODDTA,F4101,53,IMUMVW,nchar,1,,,YES
PRODDTA,F4101,56,IMPLEV,nchar,1,,,YES
PRODDTA,F4101,57,IMPPLV,nchar,1,,,YES
PRODDTA,F4101,58,IMCLEV,nchar,1,,,YES
PRODDTA,F4101,59,IMPRPO,nchar,1,,,YES
PRODDTA,F4101,60,IMCKAV,nchar,1,,,YES
PRODDTA,F4101,61,IMBPFG,nchar,1,,,YES
PRODDTA,F4101,62,IMSRCE,nchar,1,,,YES
PRODDTA,F4101,63,IMOT1Y,nchar,1,,,YES
PRODDTA,F4101,64,IMOT2Y,nchar,1,,,YES
PRODDTA,F4101,71,IMCOTY,nchar,1,,,YES
PRODDTA,F4101,72,IMSTKT,nchar,1,,,YES
PRODDTA,F4101,74,IMCONT,nchar,1,,,YES
PRODDTA,F4101,75,IMBACK,nchar,1,,,YES
PRODDTA,F4101,79,IMABCS,nchar,1,,,YES
PRODDTA,F4101,80,IMABCM,nchar,1,,,YES
PRODDTA,F4101,81,IMABCI,nchar,1,,,YES
PRODDTA,F4101,82,IMOVR,nchar,1,,,YES
PRODDTA,F4101,85,IMSRNR,nchar,1,,,YES
PRODDTA,F4101,86,IMPMTH,nchar,1,,,YES
PRODDTA,F4101,87,IMFIFO,nchar,1,,,YES
PRODDTA,F4101,88,IMLOTS,nchar,1,,,YES
PRODDTA,F4101,91,IMMPST,nchar,1,,,YES
PRODDTA,F4101,95,IMSNS,nchar,1,,,YES
PRODDTA,F4101,99,IMOPC,nchar,1,,,YES
PRODDTA,F4101,104,IMMPSP,nchar,1,,,YES
PRODDTA,F4101,105,IMMRPP,nchar,1,,,YES
PRODDTA,F4101,106,IMITC,nchar,1,,,YES
PRODDTA,F4101,107,IMORDW,nchar,1,,,YES
PRODDTA,F4101,116,IMMAKE,nchar,1,,,YES
PRODDTA,F4101,117,IMCOBY,nchar,1,,,YES
PRODDTA,F4101,119,IMCMGL,nchar,1,,,YES
PRODDTA,F4101,144,IMPOC,nchar,1,,,YES
PRODDTA,F4101,147,IMWTRQ,nchar,1,,,YES
PRODDTA,F4101,159,IMMIC,nchar,1,,,YES
PRODDTA,F4101,160,IMAING,nchar,1,,,YES
PRODDTA,F4101,162,IMCMDM,nchar,1,,,YES
PRODDTA,F4101,163,IMLECM,nchar,1,,,YES
PRODDTA,F4101,173,IMDPPO,nchar,1,,,YES
PRODDTA,F4101,174,IMDUAL,nchar,1,,,YES
PRODDTA,F4101,175,IMXDCK,nchar,1,,,YES
PRODDTA,F4101,176,IMLAF,nchar,1,,,YES
PRODDTA,F4101,177,IMLTFM,nchar,1,,,YES
PRODDTA,F4101,178,IMRWLA,nchar,1,,,YES
PRODDTA,F4101,179,IMLNPA,nchar,1,,,YES
PRODDTA,F4101,181,IMAPSC,nchar,1,,,YES
PRODDTA,F4101,183,IMCONB,nchar,1,,,YES
PRODDTA,F4101,184,IMGCMP,nchar,1,,,YES
PRODDTA,F4101,187,IMASHL,nchar,1,,,YES
PRODDTA,F4101,188,IMVMINV,nchar,1,,,YES
PRODDTA,F4101,189,IMCMETH,nchar,1,,,YES
PRODDTA,F4101,190,IMEXPI,nchar,1,,,YES
PRODDTA,F4101,194,IMLMFG,nchar,1,,,YES
PRODDTA,F4101,197,IMKBIT,nchar,1,,,YES
PRODDTA,F4101,198,IMDFENDITM,nchar,1,,,YES
PRODDTA,F4101,199,IMKANEXLL,nchar,1,,,YES
PRODDTA,F4101,200,IMSCPSELL,nchar,1,,,YES
PRODDTA,F4101,205,IMATPCA,nchar,1,,,YES
PRODDTA,F4101,207,IMCOORE,nchar,1,,,YES
PRODDTA,F4101,209,IMPNYN,nchar,1,,,YES
PRODDTA,F5541021,5,LIPBIN,nchar,1,,,YES
PRODDTA,F5541021,7,LILOTS,nchar,1,,,YES
PRODDTA,F5541021,52,LICHDF,nchar,1,,,YES
PRODDTA,F5541021,53,LIWPDF,nchar,1,,,YES
PRODDTA,F4102,41,IBCKAV,nchar,1,,,YES
PRODDTA,F4102,42,IBSRCE,nchar,1,,,YES
PRODDTA,F4102,43,IBLOTS,nchar,1,,,YES
PRODDTA,F4102,44,IBOT1Y,nchar,1,,,YES
PRODDTA,F4102,45,IBOT2Y,nchar,1,,,YES
PRODDTA,F4102,52,IBCOTY,nchar,1,,,YES
PRODDTA,F4102,57,IBBACK,nchar,1,,,YES
PRODDTA,F4102,59,IBABCS,nchar,1,,,YES
PRODDTA,F4102,60,IBABCM,nchar,1,,,YES
PRODDTA,F4102,61,IBABCI,nchar,1,,,YES
PRODDTA,F4102,62,IBOVR,nchar,1,,,YES
PRODDTA,F4102,67,IBSTKT,nchar,1,,,YES
PRODDTA,F4102,69,IBFIFO,nchar,1,,,YES
PRODDTA,F4102,73,IBSRNR,nchar,1,,,YES
PRODDTA,F4102,76,IBFUF1,nchar,1,,,YES
PRODDTA,F4102,77,IBTX,nchar,1,,,YES
PRODDTA,F4102,78,IBTAX1,nchar,1,,,YES
PRODDTA,F4102,79,IBMPST,nchar,1,,,YES
PRODDTA,F4102,80,IBMRPD,nchar,1,,,YES
PRODDTA,F4102,81,IBMRPC,nchar,1,,,YES
PRODDTA,F4102,83,IBSNS,nchar,1,,,YES
PRODDTA,F4102,88,IBOPC,nchar,1,,,YES
PRODDTA,F4102,93,IBMPSP,nchar,1,,,YES
PRODDTA,F4102,94,IBMRPP,nchar,1,,,YES
PRODDTA,F4102,95,IBITC,nchar,1,,,YES
PRODDTA,F4102,108,IBSRKF,nchar,1,,,YES
PRODDTA,F4102,109,IBTIMB,nchar,1,,,YES
PRODDTA,F4102,111,IBORDW,nchar,1,,,YES
PRODDTA,F4102,116,IBMAKE,nchar,1,,,YES
PRODDTA,F4102,119,IBCMGL,nchar,1,,,YES
PRODDTA,F4102,133,IBPOC,nchar,1,,,YES
PRODDTA,F4102,134,IBAING,nchar,1,,,YES
PRODDTA,F4102,136,IBCMDM,nchar,1,,,YES
PRODDTA,F4102,137,IBLECM,nchar,1,,,YES
PRODDTA,F4102,139,IBMLOT,nchar,1,,,YES
PRODDTA,F4102,147,IBXDCK,nchar,1,,,YES
PRODDTA,F4102,148,IBLAF,nchar,1,,,YES
PRODDTA,F4102,149,IBLTFM,nchar,1,,,YES
PRODDTA,F4102,150,IBRWLA,nchar,1,,,YES
PRODDTA,F4102,151,IBLNPA,nchar,1,,,YES
PRODDTA,F4102,153,IBAPSC,nchar,1,,,YES
PRODDTA,F4102,157,IBASHL,nchar,1,,,YES
PRODDTA,F4102,161,IBLMFG,nchar,1,,,YES
PRODDTA,F4102,164,IBKBIT,nchar,1,,,YES
PRODDTA,F4102,165,IBDFENDITM,nchar,1,,,YES
PRODDTA,F4102,166,IBKANEXLL,nchar,1,,,YES
PRODDTA,F4102,167,IBSCPSELL,nchar,1,,,YES
PRODDTA,F4102,172,IBATPCA,nchar,1,,,YES
PRODDTA,F4102,174,IBCOORE,nchar,1,,,YES
PRODDTA,F4102,176,IBPNYN,nchar,1,,,YES
PRODDTA,F3400,23,SGBPFC,nchar,1,,,YES
PRODDTA,F3400,24,SGRVIS,nchar,1,,,YES
PRODDTA,F41021,5,LIPBIN,nchar,1,,,YES
PRODDTA,F41021,7,LILOTS,nchar,1,,,YES
PRODDTA,F41021,52,LICHDF,nchar,1,,,YES
PRODDTA,F41021,53,LIWPDF,nchar,1,,,YES
PRODDTA,F554102D,5,RMSTKT,nchar,1,,,YES
PRODDTA,F4104,25,IVIDEM,nchar,1,,,YES
PRODDTA,F4104,26,IVAPSS,nchar,1,,,YES
PRODDTA,F4104,28,IVADIND,nchar,1,,,YES
PRODDTA,F4104,29,IVBPIND,nchar,1,,,YES
PRODDTA,F554102S,5,IBEDSP,nchar,1,,,YES
PRODDTA,F4105,10,COCSPO,nchar,1,,,YES
PRODDTA,F4105,11,COCSIN,nchar,1,,,YES
PRODDTA,F4105,22,COCCFL,nchar,1,,,YES
PRODDTA,F4106,18,BPBSCD,nchar,1,,,YES
PRODDTA,F4106,27,BPAPRS,nchar,1,,,YES
PRODDTA,F554105,5,MRSTKT,nchar,1,,,YES
PRODDTA,F42004,2,CMCCTY,nchar,1,,,YES
PRODDTA,F42005,8,SCCCTY,nchar,1,,,YES
PRODDTA,F42005,10,SCCTYR,nchar,1,,,YES
PRODDTA,F42005,23,SCSPLT,nchar,1,,,YES
PRODDTA,F42005,47,SCPDCD,nchar,1,,,YES
PRODDTA,F4301,37,PHATXT,nchar,1,,,YES
PRODDTA,F4301,48,PHFRTC,nchar,1,,,YES
PRODDTA,F4301,49,PHFUF1,nchar,1,,,YES
PRODDTA,F4301,50,PHFUF2,nchar,1,,,YES
PRODDTA,F4301,56,PHPURG,nchar,1,,,YES
PRODDTA,F4301,57,PHLGCT,nchar,1,,,YES
PRODDTA,F4301,58,PHPROM,nchar,1,,,YES
PRODDTA,F4301,59,PHMATY,nchar,1,,,YES
PRODDTA,F4301,60,PHOSTS,nchar,1,,,YES
PRODDTA,F4301,61,PHAVCH,nchar,1,,,YES
PRODDTA,F4301,62,PHPRPY,nchar,1,,,YES
PRODDTA,F4301,63,PHCRMD,nchar,1,,,YES
PRODDTA,F4301,67,PHCRRM,nchar,1,,,YES
PRODDTA,F4301,90,PHPOHP01,nchar,1,,,YES
PRODDTA,F4301,91,PHPOHP02,nchar,1,,,YES
PRODDTA,F4301,92,PHPOHP03,nchar,1,,,YES
PRODDTA,F4301,93,PHPOHP04,nchar,1,,,YES
PRODDTA,F4301,94,PHPOHP05,nchar,1,,,YES
PRODDTA,F4301,95,PHPOHP06,nchar,1,,,YES
PRODDTA,F4301,96,PHPOHP07,nchar,1,,,YES
PRODDTA,F4301,97,PHPOHP08,nchar,1,,,YES
PRODDTA,F4301,98,PHPOHP09,nchar,1,,,YES
PRODDTA,F4301,99,PHPOHP10,nchar,1,,,YES
PRODDTA,F4301,100,PHPOHP11,nchar,1,,,YES
PRODDTA,F4301,101,PHPOHP12,nchar,1,,,YES
PRODDTA,F4301,122,PHRETI,nchar,1,,,YES
PRODDTA,F03B11,20,RPPOST,nchar,1,,,YES
PRODDTA,F03B11,21,RPISTR,nchar,1,,,YES
PRODDTA,F03B11,22,RPBALJ,nchar,1,,,YES
PRODDTA,F03B11,23,RPPST,nchar,1,,,YES
PRODDTA,F03B11,32,RPCRRM,nchar,1,,,YES
PRODDTA,F03B11,35,RPDMCD,nchar,1,,,YES
PRODDTA,F03B11,47,RPAM,nchar,1,,,YES
PRODDTA,F03B11,49,RPAM2,nchar,1,,,YES
PRODDTA,F03B11,53,RPSBLT,nchar,1,,,YES
PRODDTA,F03B11,62,RPNBRR,nchar,1,,,YES
PRODDTA,F03B11,63,RPRDRL,nchar,1,,,YES
PRODDTA,F03B11,65,RPCOLL,nchar,1,,,YES
PRODDTA,F03B11,67,RPAFC,nchar,1,,,YES
PRODDTA,F03B11,68,RPDNLT,nchar,1,,,YES
PRODDTA,F03B11,94,RPFNLP,nchar,1,,,YES
PRODDTA,F03B11,98,RPALT6,nchar,1,,,YES
PRODDTA,F03B11,99,RPRYIN,nchar,1,,,YES
PRODDTA,F03B11,101,RPVOD,nchar,1,,,YES
PRODDTA,F03B11,102,RPRP1,nchar,1,,,YES
PRODDTA,F03B11,103,RPRP2,nchar,1,,,YES
PRODDTA,F03B11,104,RPRP3,nchar,1,,,YES
PRODDTA,F03B11,115,RPISTC,nchar,1,,,YES
PRODDTA,F03B11,135,RPDTXS,nchar,1,,,YES
PRODDTA,F03B11,136,RPOMOD,nchar,1,,,YES
PRODDTA,F03B11,143,RPPRGF,nchar,1,,,YES
PRODDTA,F03B11,144,RPGFL1,nchar,1,,,YES
PRODDTA,F03B11,145,RPGFL2,nchar,1,,,YES
PRODDTA,F03B11,148,RPSOTF,nchar,1,,,YES
PRODDTA,F03B11,155,RPNETST,nchar,1,,,YES
PRODDTA,F01151,16,EAFALGE,nchar,1,,,YES
PRODDTA,F03B112,22,RWPOST,nchar,1,,,YES
PRODDTA,F03B112,23,RWPST,nchar,1,,,YES
PRODDTA,F03B112,34,RWDMCD,nchar,1,,,YES
PRODDTA,F03B112,35,RWCRRM,nchar,1,,,YES
PRODDTA,F03B112,54,RWISTC,nchar,1,,,YES
PRODDTA,F03B112,57,RWSTPF,nchar,1,,,YES
PRODDTA,F03B112,63,RWOMOD,nchar,1,,,YES
PRODDTA,F4311,18,PDBALU,nchar,1,,,YES
PRODDTA,F4311,67,PDOTQY,nchar,1,,,YES
PRODDTA,F4311,76,PDPROV,nchar,1,,,YES
PRODDTA,F4311,79,PDCSTO,nchar,1,,,YES
PRODDTA,F4311,80,PDCSMP,nchar,1,,,YES
PRODDTA,F4311,88,PDTX,nchar,1,,,YES
PRODDTA,F4311,91,PDATXT,nchar,1,,,YES
PRODDTA,F4311,96,PDFRTC,nchar,1,,,YES
PRODDTA,F4311,99,PDRATT,nchar,1,,,YES
PRODDTA,F4311,120,PDFUF1,nchar,1,,,YES
PRODDTA,F4311,121,PDFUF2,nchar,1,,,YES
PRODDTA,F4311,130,PDSBLT,nchar,1,,,YES
PRODDTA,F4311,141,PDPURG,nchar,1,,,YES
PRODDTA,F4311,142,PDPROM,nchar,1,,,YES
PRODDTA,F4311,143,PDFNLP,nchar,1,,,YES
PRODDTA,F4311,144,PDAVCH,nchar,1,,,YES
PRODDTA,F4311,145,PDPRPY,nchar,1,,,YES
PRODDTA,F4311,146,PDUNCD,nchar,1,,,YES
PRODDTA,F4311,147,PDMATY,nchar,1,,,YES
PRODDTA,F4311,148,PDRTGC,nchar,1,,,YES
PRODDTA,F4311,149,PDRCPF,nchar,1,,,YES
PRODDTA,F4311,150,PDPS01,nchar,1,,,YES
PRODDTA,F4311,151,PDPS02,nchar,1,,,YES
PRODDTA,F4311,152,PDPS03,nchar,1,,,YES
PRODDTA,F4311,153,PDPS04,nchar,1,,,YES
PRODDTA,F4311,154,PDPS05,nchar,1,,,YES
PRODDTA,F4311,155,PDPS06,nchar,1,,,YES
PRODDTA,F4311,156,PDPS07,nchar,1,,,YES
PRODDTA,F4311,157,PDPS08,nchar,1,,,YES
PRODDTA,F4311,158,PDPS09,nchar,1,,,YES
PRODDTA,F4311,159,PDPS10,nchar,1,,,YES
PRODDTA,F4311,160,PDCRMD,nchar,1,,,YES
PRODDTA,F4311,194,PDMACT,nchar,1,,,YES
PRODDTA,F4311,197,PDDUAL,nchar,1,,,YES
PRODDTA,F4311,204,PDCHRS,nchar,1,,,YES
PRODDTA,F4311,218,PDMOADJ,nchar,1,,,YES
PRODDTA,F4311,226,PDCFGFL,nchar,1,,,YES
PRODDTA,F4072,14,ADBSCD,nchar,1,,,YES
PRODDTA,F4072,18,ADFGY,nchar,1,,,YES
PRODDTA,F4072,28,ADPARTFG,nchar,1,,,YES
PRODDTA,F4072,29,ADAPRS,nchar,1,,,YES
PRODDTA,F03B13,8,RYPOST,nchar,1,,,YES
PRODDTA,F03B13,9,RYISTR,nchar,1,,,YES
PRODDTA,F03B13,10,RYISTC,nchar,1,,,YES
PRODDTA,F03B13,11,RYEULP,nchar,1,,,YES
PRODDTA,F03B13,25,RYCRRM,nchar,1,,,YES
PRODDTA,F03B13,29,RYCRCM,nchar,1,,,YES
PRODDTA,F03B13,35,RYAM,nchar,1,,,YES
PRODDTA,F03B13,36,RYTYIN,nchar,1,,,YES
PRODDTA,F03B13,38,RYALT6,nchar,1,,,YES
PRODDTA,F03B13,39,RYRYIN,nchar,1,,,YES
PRODDTA,F03B13,47,RYNFVD,nchar,1,,,YES
PRODDTA,F03B13,54,RYPSTQ,nchar,1,,,YES
PRODDTA,F03B13,58,RYATCS,nchar,1,,,YES
PRODDTA,F03B13,59,RYEAAC,nchar,1,,,YES
PRODDTA,F03B13,60,RYEUFB,nchar,1,,,YES
PRODDTA,F03B13,66,RYASTA,nchar,1,,,YES
PRODDTA,F03B13,67,RYDDST,nchar,1,,,YES
PRODDTA,F03B13,70,RYDCDS,nchar,1,,,YES
PRODDTA,F03B13,77,RYGFL1,nchar,1,,,YES
PRODDTA,F03B13,78,RYPRGF,nchar,1,,,YES
PRODDTA,F03B13,90,RYOMOD,nchar,1,,,YES
PRODDTA,F03B13,91,RYMIP,nchar,1,,,YES
PRODDTA,F03B13,92,RYLRFL,nchar,1,,,YES
PRODDTA,F03B13,93,RYGFL2,nchar,1,,,YES
PRODDTA,F03B13,96,RYRCND,nchar,1,,,YES
PRODDTA,F43121,13,PRBALU,nchar,1,,,YES
PRODDTA,F43121,34,PRPST,nchar,1,,,YES
PRODDTA,F43121,35,PRLAND,nchar,1,,,YES
PRODDTA,F43121,38,PRILOG,nchar,1,,,YES
PRODDTA,F43121,39,PRDLOG,nchar,1,,,YES
PRODDTA,F43121,40,PRRTGC,nchar,1,,,YES
PRODDTA,F43121,41,PRRCPF,nchar,1,,,YES
PRODDTA,F43121,42,PRAVCH,nchar,1,,,YES
PRODDTA,F43121,54,PRSBLT,nchar,1,,,YES
PRODDTA,F43121,62,PRTX,nchar,1,,,YES
PRODDTA,F43121,109,PRMACT,nchar,1,,,YES
PRODDTA,F43121,121,PRFUF3,nchar,1,,,YES
PRODDTA,F43121,122,PRFUF4,nchar,1,,,YES
PRODDTA,F43121,123,PRFUF5,nchar,1,,,YES
PRODDTA,F43121,124,PRFUF6,nchar,1,,,YES
PRODDTA,F43121,132,PRDUAL,nchar,1,,,YES
PRODDTA,F43121,134,PRXDCK,nchar,1,,,YES
PRODDTA,F43121,139,PRPROV,nchar,1,,,YES
PRODDTA,F43121,141,PRPRFLG1,nchar,1,,,YES
PRODDTA,F43121,142,PRPRFLG2,nchar,1,,,YES
PRODDTA,F43121,143,PRMOADJ,nchar,1,,,YES
PRODDTA,F43121,144,PRPS09,nchar,1,,,YES
PRODDTA,F43121,149,PRREVFLG,nchar,1,,,YES
PRODDTA,F43121,150,PRAPPFLG,nchar,1,,,YES
PRODDTA,F43121,154,PRWVTY,nchar,1,,,YES
PRODDTA,F43121,158,PRNBRU,nchar,1,,,YES
PRODDTA,F43121,159,PRNEWR,nchar,1,,,YES
PRODDTA,F40721,9,PVGENCHAR,nchar,1,,,YES
PRODDTA,F03B14,12,RZPOST,nchar,1,,,YES
PRODDTA,F03B14,32,RZCRRM,nchar,1,,,YES
PRODDTA,F03B14,52,RZACRM,nchar,1,,,YES
PRODDTA,F03B14,63,RZTYIN,nchar,1,,,YES
PRODDTA,F03B14,65,RZUCTF,nchar,1,,,YES
PRODDTA,F03B14,67,RZAM2,nchar,1,,,YES
PRODDTA,F03B14,70,RZSBLT,nchar,1,,,YES
PRODDTA,F03B14,78,RZFNLP,nchar,1,,,YES
PRODDTA,F03B14,79,RZALT6,nchar,1,,,YES
PRODDTA,F03B14,95,RZNFVD,nchar,1,,,YES
PRODDTA,F03B14,97,RZISTC,nchar,1,,,YES
PRODDTA,F03B14,99,RZPDLT,nchar,1,,,YES
PRODDTA,F03B14,103,RZDDST,nchar,1,,,YES
PRODDTA,F03B14,106,RZRIDC,nchar,1,,,YES
PRODDTA,F03B14,107,RZPRGF,nchar,1,,,YES
PRODDTA,F03B14,108,RZGFL1,nchar,1,,,YES
PRODDTA,F03B14,122,RZOMOD,nchar,1,,,YES
PRODDTA,F03B14,129,RZLRFL,nchar,1,,,YES
PRODDTA,F03B14,130,RZGFL2,nchar,1,,,YES
PRODDTA,F4801,9,WATYPS,nchar,1,,,YES
PRODDTA,F4801,10,WAPRTS,nchar,1,,,YES
PRODDTA,F4801,73,WASHTY,nchar,1,,,YES
PRODDTA,F4801,74,WAPEC,nchar,1,,,YES
PRODDTA,F4801,75,WAPPFG,nchar,1,,,YES
PRODDTA,F4801,76,WABM,nchar,1,,,YES
PRODDTA,F4801,77,WARTG,nchar,1,,,YES
PRODDTA,F4801,78,WASPRT,nchar,1,,,YES
PRODDTA,F4801,79,WAUNCD,nchar,1,,,YES
PRODDTA,F4801,80,WAINDC,nchar,1,,,YES
PRODDTA,F4801,95,WASBLI,nchar,1,,,YES
PRODDTA,F4801,99,WADRWC,nchar,1,,,YES
PRODDTA,F4801,100,WARTCH,nchar,1,,,YES
PRODDTA,F4801,101,WAPNRQ,nchar,1,,,YES
PRODDTA,F4801,105,WABOMC,nchar,1,,,YES
PRODDTA,F0008,19,CDPNT,nchar,1,,,YES
PRODDTA,F41001,1,CIPRIM,nchar,1,,,YES
PRODDTA,F41001,2,CISYM1,nchar,1,,,YES
PRODDTA,F41001,3,CISYM2,nchar,1,,,YES
PRODDTA,F41001,4,CISYM3,nchar,1,,,YES
PRODDTA,F41001,5,CISYM5,nchar,1,,,YES
PRODDTA,F41001,6,CISECD,nchar,1,,,YES
PRODDTA,F41001,7,CISEPL,nchar,1,,,YES
PRODDTA,F41001,18,CILR01,nchar,1,,,YES
PRODDTA,F41001,19,CILR02,nchar,1,,,YES
PRODDTA,F41001,20,CILR03,nchar,1,,,YES
PRODDTA,F41001,21,CILR04,nchar,1,,,YES
PRODDTA,F41001,22,CILR05,nchar,1,,,YES
PRODDTA,F41001,23,CILR06,nchar,1,,,YES
PRODDTA,F41001,24,CILR07,nchar,1,,,YES
PRODDTA,F41001,25,CILR08,nchar,1,,,YES
PRODDTA,F41001,26,CILR09,nchar,1,,,YES
PRODDTA,F41001,27,CILR10,nchar,1,,,YES
PRODDTA,F41001,43,CIGLPO,nchar,1,,,YES
PRODDTA,F41001,44,CIUNGL,nchar,1,,,YES
PRODDTA,F41001,45,CICMGL,nchar,1,,,YES
PRODDTA,F41001,48,CIBACK,nchar,1,,,YES
PRODDTA,F41001,50,CIICRI,nchar,1,,,YES
PRODDTA,F41001,51,CIIARI,nchar,1,,,YES
PRODDTA,F41001,52,CIMATY,nchar,1,,,YES
PRODDTA,F41001,56,CIDA01,nchar,1,,,YES
PRODDTA,F41001,57,CIDA02,nchar,1,,,YES
PRODDTA,F41001,58,CIDA03,nchar,1,,,YES
PRODDTA,F41001,59,CIDA04,nchar,1,,,YES
PRODDTA,F41001,60,CIDA05,nchar,1,,,YES
PRODDTA,F41001,61,CIDA06,nchar,1,,,YES
PRODDTA,F41001,62,CIDA07,nchar,1,,,YES
PRODDTA,F41001,63,CIDA08,nchar,1,,,YES
PRODDTA,F41001,64,CIDA09,nchar,1,,,YES
PRODDTA,F41001,65,CIDA10,nchar,1,,,YES
PRODDTA,F41001,66,CIDA11,nchar,1,,,YES
PRODDTA,F41001,67,CIDA12,nchar,1,,,YES
PRODDTA,F41001,68,CIDA13,nchar,1,,,YES
PRODDTA,F41001,69,CIDA14,nchar,1,,,YES
PRODDTA,F41001,70,CIDA15,nchar,1,,,YES
PRODDTA,F41001,71,CIDA16,nchar,1,,,YES
PRODDTA,F41001,72,CISYM4,nchar,1,,,YES
PRODDTA,F41001,76,CIULOT,nchar,1,,,YES
PRODDTA,F41001,77,CILCTL,nchar,1,,,YES
PRODDTA,F41001,78,CIWCTL,nchar,1,,,YES
PRODDTA,F41001,82,CISTPU,nchar,1,,,YES
PRODDTA,F41001,83,CIDNTP,nchar,1,,,YES
PRODDTA,F41001,85,CIUSMT,nchar,1,,,YES
PRODDTA,F41001,86,CIOT1Y,nchar,1,,,YES
PRODDTA,F41001,87,CIOT2Y,nchar,1,,,YES
PRODDTA,F41001,88,CIOT3Y,nchar,1,,,YES
PRODDTA,F41001,89,CIOT4Y,nchar,1,,,YES
PRODDTA,F41001,90,CIOT5Y,nchar,1,,,YES
PRODDTA,F41001,91,CIUSID,nchar,1,,,YES
PRODDTA,F41001,99,CIOT6Y,nchar,1,,,YES
PRODDTA,F41001,100,CISCTL,nchar,1,,,YES
PRODDTA,F41001,101,CISEPS,nchar,1,,,YES
PRODDTA,F41001,102,CISYM6,nchar,1,,,YES
PRODDTA,F41001,103,CILAF,nchar,1,,,YES
PRODDTA,F41001,104,CILTFM,nchar,1,,,YES
PRODDTA,F41001,105,CIRWLA,nchar,1,,,YES
PRODDTA,F41001,106,CILNPA,nchar,1,,,YES
PRODDTA,F41001,108,CICSNBF,nchar,1,,,YES
PRODDTA,F0411,22,RPBALJ,nchar,1,,,YES
PRODDTA,F0411,23,RPPST,nchar,1,,,YES
PRODDTA,F0411,33,RPCRRM,nchar,1,,,YES
PRODDTA,F0411,45,RPPOST,nchar,1,,,YES
PRODDTA,F0411,46,RPAM,nchar,1,,,YES
PRODDTA,F0411,51,RPSBLT,nchar,1,,,YES
PRODDTA,F0411,55,RPVOD,nchar,1,,,YES
PRODDTA,F0411,75,RPFNLP,nchar,1,,,YES
PRODDTA,F0411,78,RPPYIN,nchar,1,,,YES
PRODDTA,F0411,81,RPRP1,nchar,1,,,YES
PRODDTA,F0411,82,RPRP2,nchar,1,,,YES
PRODDTA,F0411,83,RPRP3,nchar,1,,,YES
PRODDTA,F0411,85,RPTNN,nchar,1,,,YES
PRODDTA,F0411,86,RPDMCD,nchar,1,,,YES
PRODDTA,F0411,112,RPDTXS,nchar,1,,,YES
PRODDTA,F0411,118,RPTAXP,nchar,1,,,YES
PRODDTA,F0411,119,RPPRGF,nchar,1,,,YES
PRODDTA,F0411,120,RPGFL5,nchar,1,,,YES
PRODDTA,F0411,121,RPGFL6,nchar,1,,,YES
PRODDTA,F0411,128,RPSMMF,nchar,1,,,YES
PRODDTA,F0411,129,RPPYWP,nchar,1,,,YES
PRODDTA,F0411,134,RPNETST,nchar,1,,,YES
PRODDTA,F41003,9,UCEXPO,nchar,1,,,YES
PRODDTA,F41003,10,UCEXSO,nchar,1,,,YES
PRODDTA,F0413,13,RMCRRM,nchar,1,,,YES
PRODDTA,F0413,14,RMAM,nchar,1,,,YES
PRODDTA,F0413,16,RMPYIN,nchar,1,,,YES
PRODDTA,F0413,17,RMISTP,nchar,1,,,YES
PRODDTA,F0413,26,RMMIP,nchar,1,,,YES
PRODDTA,F0413,27,RMLRFL,nchar,1,,,YES
PRODDTA,F0413,28,RMPRGF,nchar,1,,,YES
PRODDTA,F0413,29,RMGFL7,nchar,1,,,YES
PRODDTA,F0413,30,RMGFL8,nchar,1,,,YES
PRODDTA,F0413,37,RMRCND,nchar,1,,,YES
PRODDTA,F0010,6,CCDOT1,nchar,1,,,YES
PRODDTA,F0010,7,CCCRYR,nchar,1,,,YES
PRODDTA,F0010,8,CCCRYC,nchar,1,,,YES
PRODDTA,F0010,9,CCDOT2,nchar,1,,,YES
PRODDTA,F0010,10,CCMCUA,nchar,1,,,YES
PRODDTA,F0010,11,CCMCUD,nchar,1,,,YES
PRODDTA,F0010,12,CCMCUC,nchar,1,,,YES
PRODDTA,F0010,13,CCMCUB,nchar,1,,,YES
PRODDTA,F0010,14,CCDPRC,nchar,1,,,YES
PRODDTA,F0010,15,CCBKTX,nchar,1,,,YES
PRODDTA,F0010,19,CCGLIE,nchar,1,,,YES
PRODDTA,F0010,20,CCABIN,nchar,1,,,YES
PRODDTA,F0010,22,CCDTPN,nchar,1,,,YES
PRODDTA,F0010,26,CCSMI,nchar,1,,,YES
PRODDTA,F0010,27,CCSMU,nchar,1,,,YES
PRODDTA,F0010,28,CCSMS,nchar,1,,,YES
PRODDTA,F0010,29,CCDNLT,nchar,1,,,YES
PRODDTA,F0010,30,CCSTMT,nchar,1,,,YES
PRODDTA,F0010,31,CCATCS,nchar,1,,,YES
PRODDTA,F0010,33,CCAGEM,nchar,1,,,YES
PRODDTA,F0010,46,CCAGE,nchar,1,,,YES
PRODDTA,F0010,54,CCPTCO,nchar,1,,,YES
PRODDTA,F0010,55,CCX1,nchar,1,,,YES
PRODDTA,F0010,56,CCX2,nchar,1,,,YES
PRODDTA,F0414,15,RNCRRM,nchar,1,,,YES
PRODDTA,F0414,19,RNPOST,nchar,1,,,YES
PRODDTA,F0414,20,RNALT6,nchar,1,,,YES
PRODDTA,F0414,24,RNFNLP,nchar,1,,,YES
PRODDTA,F0414,37,RNLRFL,nchar,1,,,YES
PRODDTA,F0414,38,RNGFL7,nchar,1,,,YES
PRODDTA,F0414,39,RNGFL8,nchar,1,,,YES
PRODDTA,F0012,11,KGMOPT,nchar,1,,,YES
PRODDTA,F0012,12,KGOOPT,nchar,1,,,YES
PRODDTA,F0012,13,KGSOPT,nchar,1,,,YES
PRODDTA,F42199,73,SLCOMM,nchar,1,,,YES
PRODDTA,F42199,74,SLOTQY,nchar,1,,,YES
PRODDTA,F42199,78,SLPROV,nchar,1,,,YES
PRODDTA,F42199,79,SLTPC,nchar,1,,,YES
PRODDTA,F42199,84,SLCSTO,nchar,1,,,YES
PRODDTA,F42199,88,SLRYIN,nchar,1,,,YES
PRODDTA,F42199,89,SLDTBS,nchar,1,,,YES
PRODDTA,F42199,104,SLTAX1,nchar,1,,,YES
PRODDTA,F42199,107,SLATXT,nchar,1,,,YES
PRODDTA,F42199,108,SLPRIO,nchar,1,,,YES
PRODDTA,F42199,109,SLRESL,nchar,1,,,YES
PRODDTA,F42199,110,SLBACK,nchar,1,,,YES
PRODDTA,F42199,111,SLSBAL,nchar,1,,,YES
PRODDTA,F42199,112,SLAPTS,nchar,1,,,YES
PRODDTA,F42199,139,SLORP,nchar,1,,,YES
PRODDTA,F42199,144,SLSO01,nchar,1,,,YES
PRODDTA,F42199,145,SLSO02,nchar,1,,,YES
PRODDTA,F42199,146,SLSO03,nchar,1,,,YES
PRODDTA,F42199,147,SLSO04,nchar,1,,,YES
PRODDTA,F42199,148,SLSO05,nchar,1,,,YES
PRODDTA,F42199,149,SLSO06,nchar,1,,,YES
PRODDTA,F42199,150,SLSO07,nchar,1,,,YES
PRODDTA,F42199,151,SLSO08,nchar,1,,,YES
PRODDTA,F42199,152,SLSO09,nchar,1,,,YES
PRODDTA,F42199,153,SLSO10,nchar,1,,,YES
PRODDTA,F42199,154,SLSO11,nchar,1,,,YES
PRODDTA,F42199,155,SLSO12,nchar,1,,,YES
PRODDTA,F42199,156,SLSO13,nchar,1,,,YES
PRODDTA,F42199,157,SLSO14,nchar,1,,,YES
PRODDTA,F42199,158,SLSO15,nchar,1,,,YES
PRODDTA,F42199,159,SLACOM,nchar,1,,,YES
PRODDTA,F42199,165,SLSBLT,nchar,1,,,YES
PRODDTA,F42199,170,SLSWMS,nchar,1,,,YES
PRODDTA,F42199,171,SLUNCD,nchar,1,,,YES
PRODDTA,F42199,172,SLCRMD,nchar,1,,,YES
PRODDTA,F42199,191,SLSO16,nchar,1,,,YES
PRODDTA,F42199,192,SLSO17,nchar,1,,,YES
PRODDTA,F42199,193,SLSO18,nchar,1,,,YES
PRODDTA,F42199,194,SLSO19,nchar,1,,,YES
PRODDTA,F42199,195,SLSO20,nchar,1,,,YES
PRODDTA,F42199,214,SLXDCK,nchar,1,,,YES
PRODDTA,F42199,216,SLDUAL,nchar,1,,,YES
PRODDTA,F42199,221,SLPEND,nchar,1,,,YES
PRODDTA,F42199,241,SLPMTO,nchar,1,,,YES
PRODDTA,F42199,255,SLALLOC,nchar,1,,,YES
PRODDTA,F42199,259,SLOSCOREO,nchar,1,,,YES
PRODDTA,F42199,264,SLKITDIRTY,nchar,1,,,YES
PRODDTA,F42199,265,SLOCITT,nchar,1,,,YES
PRODDTA,F0013,3,CVEC,nchar,1,,,YES
PRODDTA,F0013,4,CVCDEC,nchar,1,,,YES
PRODDTA,F46011,13,IQDMTH,nchar,1,,,YES
PRODDTA,F46011,14,IQCRMT,nchar,1,,,YES
PRODDTA,F46011,15,IQEQUS,nchar,1,,,YES
PRODDTA,F46011,16,IQAROT,nchar,1,,,YES
PRODDTA,F46011,17,IQABKD,nchar,1,,,YES
PRODDTA,F46011,18,IQAROL,nchar,1,,,YES
PRODDTA,F46011,21,IQRPCK,nchar,1,,,YES
PRODDTA,F46011,23,IQLIPL,nchar,1,,,YES
PRODDTA,F46011,24,IQPPTG,nchar,1,,,YES
PRODDTA,F46011,25,IQPKTG,nchar,1,,,YES
PRODDTA,F46011,26,IQPRTG,nchar,1,,,YES
PRODDTA,F46011,35,IQUCCU,nchar,1,,,YES
PRODDTA,F42003,6,RECOMB,nchar,1,,,YES
PRODDTA,F42003,7,RELNOR,nchar,1,,,YES
PRODDTA,F4908,4,IIPFCT,nchar,1,,,YES
PRODDTA,F4908,5,IIDMFR,nchar,1,,,YES
PRODDTA,F4908,12,IISTPU,nchar,1,,,YES
PRODDTA,F0015,6,CXCLMETH,nchar,1,,,YES
PRODDTA,F0015,7,CXCRCM,nchar,1,,,YES
PRODDTA,F0015,11,CXCSR,nchar,1,,,YES
PRODDTA,F0025,4,LHFRE,nchar,1,,,YES
PRODDTA,F0025,5,LHFLRB,nchar,1,,,YES
PRODDTA,F0025,6,LHFISL,nchar,1,,,YES
PRODDTA,F0025,7,LHFROB,nchar,1,,,YES
PRODDTA,F0025,8,LHFDNS,nchar,1,,,YES
PRODDTA,F0025,9,LHFRL,nchar,1,,,YES
PRODDTA,F0025,10,LHFDBU,nchar,1,,,YES
PRODDTA,F0025,13,LHGLGA,nchar,1,,,YES
PRODDTA,F0025,14,LHRNDR,nchar,1,,,YES
PRODDTA,F0025,15,LHODPN,nchar,1,,,YES
PRODDTA,F0025,19,LHFBL,nchar,1,,,YES
PRODDTA,F0025,20,LHFJCS,nchar,1,,,YES
PRODDTA,F0025,21,LHFFU1,nchar,1,,,YES
PRODDTA,F0025,22,LHFFU2,nchar,1,,,YES
PRODDTA,F0025,28,LHFCJE,nchar,1,,,YES
PRODDTA,F0101,11,ABTAXC,nchar,1,,,YES
PRODDTA,F0101,12,ABAT2,nchar,1,,,YES
PRODDTA,F0101,13,ABAT3,nchar,1,,,YES
PRODDTA,F0101,14,ABAT4,nchar,1,,,YES
PRODDTA,F0101,15,ABAT5,nchar,1,,,YES
PRODDTA,F0101,16,ABATP,nchar,1,,,YES
PRODDTA,F0101,17,ABATR,nchar,1,,,YES
PRODDTA,F0101,18,ABATPR,nchar,1,,,YES
PRODDTA,F0101,19,ABAB3,nchar,1,,,YES
PRODDTA,F0101,20,ABATE,nchar,1,,,YES
PRODDTA,F0101,21,ABSBLI,nchar,1,,,YES
PRODDTA,F0101,62,ABMSGA,nchar,1,,,YES
PRODDTA,F0101,77,ABPRGF,nchar,1,,,YES
PRODDTA,F0101,91,ABACTIN,nchar,1,,,YES
PRODDTA,F0006,4,MCLDM,nchar,1,,,YES
PRODDTA,F0006,10,MCFMOD,nchar,1,,,YES
PRODDTA,F0006,59,MCND01,nchar,1,,,YES
PRODDTA,F0006,60,MCND02,nchar,1,,,YES
PRODDTA,F0006,61,MCND03,nchar,1,,,YES
PRODDTA,F0006,62,MCND04,nchar,1,,,YES
PRODDTA,F0006,63,MCND05,nchar,1,,,YES
PRODDTA,F0006,64,MCND06,nchar,1,,,YES
PRODDTA,F0006,65,MCND07,nchar,1,,,YES
PRODDTA,F0006,66,MCND08,nchar,1,,,YES
PRODDTA,F0006,67,MCND09,nchar,1,,,YES
PRODDTA,F0006,68,MCND10,nchar,1,,,YES
PRODDTA,F0006,69,MCCC01,nchar,1,,,YES
PRODDTA,F0006,70,MCCC02,nchar,1,,,YES
PRODDTA,F0006,71,MCCC03,nchar,1,,,YES
PRODDTA,F0006,72,MCCC04,nchar,1,,,YES
PRODDTA,F0006,73,MCCC05,nchar,1,,,YES
PRODDTA,F0006,74,MCCC06,nchar,1,,,YES
PRODDTA,F0006,75,MCCC07,nchar,1,,,YES
PRODDTA,F0006,76,MCCC08,nchar,1,,,YES
PRODDTA,F0006,77,MCCC09,nchar,1,,,YES
PRODDTA,F0006,78,MCCC10,nchar,1,,,YES
PRODDTA,F0006,79,MCPECC,nchar,1,,,YES
PRODDTA,F0006,80,MCALS,nchar,1,,,YES
PRODDTA,F0006,81,MCISS,nchar,1,,,YES
PRODDTA,F0006,84,MCLMTH,nchar,1,,,YES
PRODDTA,F0006,91,MCSBLI,nchar,1,,,YES
PRODDTA,F0006,94,MCCERT,nchar,1,,,YES
PRODDTA,F0006,96,MCBTYP,nchar,1,,,YES
PRODDTA,F0006,111,MCEEO,nchar,1,,,YES
PRODDTA,F0006,119,MCAPSB,nchar,1,,,YES
PRODDTA,F0006,151,MCADJENT,nchar,1,,,YES
PRODDTA,F0006,152,MCUAFL,nchar,1,,,YES
PRODDTA,F0115,15,WPFALGE,nchar,1,,,YES
PRODDTA,F43199,18,OLBALU,nchar,1,,,YES
PRODDTA,F43199,67,OLOTQY,nchar,1,,,YES
PRODDTA,F43199,76,OLPROV,nchar,1,,,YES
PRODDTA,F43199,79,OLCSTO,nchar,1,,,YES
PRODDTA,F43199,80,OLCSMP,nchar,1,,,YES
PRODDTA,F43199,88,OLTX,nchar,1,,,YES
PRODDTA,F43199,91,OLATXT,nchar,1,,,YES
PRODDTA,F43199,96,OLFRTC,nchar,1,,,YES
PRODDTA,F43199,99,OLRATT,nchar,1,,,YES
PRODDTA,F43199,120,OLFUF1,nchar,1,,,YES
PRODDTA,F43199,121,OLFUF2,nchar,1,,,YES
PRODDTA,F43199,130,OLSBLT,nchar,1,,,YES
PRODDTA,F43199,141,OLPURG,nchar,1,,,YES
PRODDTA,F43199,142,OLPROM,nchar,1,,,YES
PRODDTA,F43199,143,OLFNLP,nchar,1,,,YES
PRODDTA,F43199,144,OLAVCH,nchar,1,,,YES
PRODDTA,F43199,145,OLPRPY,nchar,1,,,YES
PRODDTA,F43199,146,OLUNCD,nchar,1,,,YES
PRODDTA,F43199,147,OLMATY,nchar,1,,,YES
PRODDTA,F43199,148,OLRTGC,nchar,1,,,YES
PRODDTA,F43199,149,OLRCPF,nchar,1,,,YES
PRODDTA,F43199,150,OLPS01,nchar,1,,,YES
PRODDTA,F43199,151,OLPS02,nchar,1,,,YES
PRODDTA,F43199,152,OLPS03,nchar,1,,,YES
PRODDTA,F43199,153,OLPS04,nchar,1,,,YES
PRODDTA,F43199,154,OLPS05,nchar,1,,,YES
PRODDTA,F43199,155,OLPS06,nchar,1,,,YES
PRODDTA,F43199,156,OLPS07,nchar,1,,,YES
PRODDTA,F43199,157,OLPS08,nchar,1,,,YES
PRODDTA,F43199,158,OLPS09,nchar,1,,,YES
PRODDTA,F43199,159,OLPS10,nchar,1,,,YES
PRODDTA,F43199,160,OLCRMD,nchar,1,,,YES
PRODDTA,F43199,196,OLMACT,nchar,1,,,YES
PRODDTA,F43199,205,OLCHRS,nchar,1,,,YES
PRODDTA,F43199,208,OLDUAL,nchar,1,,,YES
PRODDTA,F43199,212,OLMFLG,nchar,1,,,YES
PRODDTA,F43199,220,OLMOADJ,nchar,1,,,YES
PRODDTA,F43199,228,OLCFGFL,nchar,1,,,YES
PRODDTA,F0116,3,ALEFTF,nchar,1,,,YES
PRODDTA,F03B11_ARCH,20,RPPOST,nchar,1,,,YES
PRODDTA,F03B11_ARCH,21,RPISTR,nchar,1,,,YES
PRODDTA,F03B11_ARCH,22,RPBALJ,nchar,1,,,YES
PRODDTA,F03B11_ARCH,23,RPPST,nchar,1,,,YES
PRODDTA,F03B11_ARCH,32,RPCRRM,nchar,1,,,YES
PRODDTA,F03B11_ARCH,35,RPDMCD,nchar,1,,,YES
PRODDTA,F03B11_ARCH,47,RPAM,nchar,1,,,YES
PRODDTA,F03B11_ARCH,49,RPAM2,nchar,1,,,YES
PRODDTA,F03B11_ARCH,53,RPSBLT,nchar,1,,,YES
PRODDTA,F03B11_ARCH,62,RPNBRR,nchar,1,,,YES
PRODDTA,F03B11_ARCH,63,RPRDRL,nchar,1,,,YES
PRODDTA,F03B11_ARCH,65,RPCOLL,nchar,1,,,YES
PRODDTA,F03B11_ARCH,67,RPAFC,nchar,1,,,YES
PRODDTA,F03B11_ARCH,68,RPDNLT,nchar,1,,,YES
PRODDTA,F03B11_ARCH,94,RPFNLP,nchar,1,,,YES
PRODDTA,F03B11_ARCH,98,RPALT6,nchar,1,,,YES
PRODDTA,F03B11_ARCH,99,RPRYIN,nchar,1,,,YES
PRODDTA,F03B11_ARCH,101,RPVOD,nchar,1,,,YES
PRODDTA,F03B11_ARCH,102,RPRP1,nchar,1,,,YES
PRODDTA,F03B11_ARCH,103,RPRP2,nchar,1,,,YES
PRODDTA,F03B11_ARCH,104,RPRP3,nchar,1,,,YES
PRODDTA,F03B11_ARCH,115,RPISTC,nchar,1,,,YES
PRODDTA,F03B11_ARCH,135,RPDTXS,nchar,1,,,YES
PRODDTA,F03B11_ARCH,136,RPOMOD,nchar,1,,,YES
PRODDTA,F03B11_ARCH,143,RPPRGF,nchar,1,,,YES
PRODDTA,F03B11_ARCH,144,RPGFL1,nchar,1,,,YES
PRODDTA,F03B11_ARCH,145,RPGFL2,nchar,1,,,YES
PRODDTA,F03B11_ARCH,148,RPSOTF,nchar,1,,,YES
PRODDTA,F03B11_ARCH,155,RPNETST,nchar,1,,,YES
PRODDTA,F0111,13,WWTYC,nchar,1,,,YES
PRODDTA,F0111,33,WWGEND,nchar,1,,,YES
PRODDTA,F0111,50,WWACTIN,nchar,1,,,YES
PRODDTA,F03012,14,AIHDAR,nchar,1,,,YES
PRODDTA,F03012,16,AISTTO,nchar,1,,,YES
PRODDTA,F03012,17,AIRYIN,nchar,1,,,YES
PRODDTA,F03012,18,AISTMT,nchar,1,,,YES
PRODDTA,F03012,20,AIATCS,nchar,1,,,YES
PRODDTA,F03012,21,AISITO,nchar,1,,,YES
PRODDTA,F03012,22,AISQNL,nchar,1,,,YES
PRODDTA,F03012,25,AIBO,nchar,1,,,YES
PRODDTA,F03012,27,AICKHC,nchar,1,,,YES
PRODDTA,F03012,29,AIDNLT,nchar,1,,,YES
PRODDTA,F03012,37,AINBRR,nchar,1,,,YES
PRODDTA,F03012,38,AICOLL,nchar,1,,,YES
PRODDTA,F03012,43,AIAFC,nchar,1,,,YES
PRODDTA,F03012,46,AICFCE,nchar,1,,,YES
PRODDTA,F03012,47,AIAB2,nchar,1,,,YES
PRODDTA,F03012,51,AIABC1,nchar,1,,,YES
PRODDTA,F03012,52,AIABC2,nchar,1,,,YES
PRODDTA,F03012,53,AIABC3,nchar,1,,,YES
PRODDTA,F03012,79,AIBADT,nchar,1,,,YES
PRODDTA,F03012,84,AIEXHD,nchar,1,,,YES
PRODDTA,F03012,94,AIAFT,nchar,1,,,YES
PRODDTA,F03012,95,AIAPTS,nchar,1,,,YES
PRODDTA,F03012,96,AISBAL,nchar,1,,,YES
PRODDTA,F03012,97,AIBACK,nchar,1,,,YES
PRODDTA,F03012,98,AIPORQ,nchar,1,,,YES
PRODDTA,F03012,99,AIPRIO,nchar,1,,,YES
PRODDTA,F03012,100,AIARTO,nchar,1,,,YES
PRODDTA,F03012,102,AIICON,nchar,1,,,YES
PRODDTA,F03012,103,AIBLFR,nchar,1,,,YES
PRODDTA,F03012,106,AIPLST,nchar,1,,,YES
PRODDTA,F03012,107,AIMORD,nchar,1,,,YES
PRODDTA,F03012,112,AIPALC,nchar,1,,,YES
PRODDTA,F03012,115,AIEDPM,nchar,1,,,YES
PRODDTA,F03012,116,AIEDII,nchar,1,,,YES
PRODDTA,F03012,117,AIEDCI,nchar,1,,,YES
PRODDTA,F03012,120,AIEDF1,nchar,1,,,YES
PRODDTA,F03012,121,AIEDF2,nchar,1,,,YES
PRODDTA,F03012,122,AISI01,nchar,1,,,YES
PRODDTA,F03012,123,AISI02,nchar,1,,,YES
PRODDTA,F03012,124,AISI03,nchar,1,,,YES
PRODDTA,F03012,125,AISI04,nchar,1,,,YES
PRODDTA,F03012,126,AISI05,nchar,1,,,YES
PRODDTA,F03012,132,AICP01,nchar,1,,,YES
PRODDTA,F03012,134,AIDSPA,nchar,1,,,YES
PRODDTA,F03012,135,AICRMD,nchar,1,,,YES
PRODDTA,F03012,174,AICFDF,nchar,1,,,YES
PRODDTA,F03012,175,AIRQ01,nchar,1,,,YES
PRODDTA,F03012,176,AIRQ02,nchar,1,,,YES
PRODDTA,F03012,179,AIRQ03,nchar,1,,,YES
PRODDTA,F03012,180,AIRQ04,nchar,1,,,YES
PRODDTA,F03012,181,AIRQ05,nchar,1,,,YES
PRODDTA,F03012,182,AIRQ06,nchar,1,,,YES
PRODDTA,F03012,183,AIRQ07,nchar,1,,,YES
PRODDTA,F03012,184,AIRQ08,nchar,1,,,YES
PRODDTA,F03012,187,AIRQ09,nchar,1,,,YES
PRODDTA,F03012,193,AIPRGF,nchar,1,,,YES
PRODDTA,F03012,194,AIBYAL,nchar,1,,,YES
PRODDTA,F03012,196,AIASHL,nchar,1,,,YES
PRODDTA,F03012,199,AIAPSB,nchar,1,,,YES
PRODDTA,F03012,202,AICUSTS,nchar,1,,,YES
PRODDTA,F03012,203,AISTOF,nchar,1,,,YES
PRODDTA,F03012,210,AIGOPASF,nchar,1,,,YES
PRODDTA,F03B13_ARCH,8,RYPOST,nchar,1,,,YES
PRODDTA,F03B13_ARCH,9,RYISTR,nchar,1,,,YES
PRODDTA,F03B13_ARCH,10,RYISTC,nchar,1,,,YES
PRODDTA,F03B13_ARCH,11,RYEULP,nchar,1,,,YES
PRODDTA,F03B13_ARCH,25,RYCRRM,nchar,1,,,YES
PRODDTA,F03B13_ARCH,29,RYCRCM,nchar,1,,,YES
PRODDTA,F03B13_ARCH,35,RYAM,nchar,1,,,YES
PRODDTA,F03B13_ARCH,36,RYTYIN,nchar,1,,,YES
PRODDTA,F03B13_ARCH,38,RYALT6,nchar,1,,,YES
PRODDTA,F03B13_ARCH,39,RYRYIN,nchar,1,,,YES
PRODDTA,F03B13_ARCH,47,RYNFVD,nchar,1,,,YES
PRODDTA,F03B13_ARCH,54,RYPSTQ,nchar,1,,,YES
PRODDTA,F03B13_ARCH,58,RYATCS,nchar,1,,,YES
PRODDTA,F03B13_ARCH,59,RYEAAC,nchar,1,,,YES
PRODDTA,F03B13_ARCH,60,RYEUFB,nchar,1,,,YES
PRODDTA,F03B13_ARCH,66,RYASTA,nchar,1,,,YES
PRODDTA,F03B13_ARCH,67,RYDDST,nchar,1,,,YES
PRODDTA,F03B13_ARCH,70,RYDCDS,nchar,1,,,YES
PRODDTA,F03B13_ARCH,77,RYGFL1,nchar,1,,,YES
PRODDTA,F03B13_ARCH,78,RYPRGF,nchar,1,,,YES
PRODDTA,F03B13_ARCH,90,RYOMOD,nchar,1,,,YES
PRODDTA,F03B13_ARCH,91,RYMIP,nchar,1,,,YES
PRODDTA,F03B13_ARCH,92,RYLRFL,nchar,1,,,YES
PRODDTA,F03B13_ARCH,93,RYGFL2,nchar,1,,,YES
PRODDTA,F03B13_ARCH,96,RYRCND,nchar,1,,,YES
PRODDTA,F4801T,3,WAMWDH,nchar,1,,,YES
PRODDTA,F4801T,5,WASHFT,nchar,1,,,YES
PRODDTA,F4801T,6,WASRCN,nchar,1,,,YES
PRODDTA,F4801T,12,WAALSE,nchar,1,,,YES
PRODDTA,F4801T,16,WACHPR,nchar,1,,,YES
PRODDTA,F4801T,23,WADUAL,nchar,1,,,YES
PRODDTA,F4801T,24,WAMPCE,nchar,1,,,YES
PRODDTA,F4801T,25,WAMPRC,nchar,1,,,YES
PRODDTA,F4801T,29,WAPRRP,nchar,1,,,YES
PRODDTA,F4801T,30,WASHPP,nchar,1,,,YES
PRODDTA,F4801T,32,WASRKF,nchar,1,,,YES
PRODDTA,F4801T,35,WATRAF,nchar,1,,,YES
PRODDTA,F4801T,48,WAVFWO,nchar,1,,,YES
PRODDTA,F4801T,56,WAMTHPR,nchar,1,,,YES
PRODDTA,F4801T,58,WARYIN,nchar,1,,,YES
PRODDTA,F4801T,86,WASRYN,nchar,1,,,YES
PRODDTA,F4801T,92,WACRRM,nchar,1,,,YES
PRODDTA,F4801T,111,WAHPLF,nchar,1,,,YES
PRODDTA,F4801T,113,WASCALL,nchar,1,,,YES
PRODDTA,F4801T,115,WARMTHD,nchar,1,,,YES
PRODDTA,F4801T,122,WAXEVT,nchar,1,,,YES
PRODDTA,F4801T,124,WAWSCHF,nchar,1,,,YES
PRODDTA,F4801T,125,WADFMDP,nchar,1,,,YES
PRODDTA,F03B14_ARCH,12,RZPOST,nchar,1,,,YES
PRODDTA,F03B14_ARCH,32,RZCRRM,nchar,1,,,YES
PRODDTA,F03B14_ARCH,52,RZACRM,nchar,1,,,YES
PRODDTA,F03B14_ARCH,63,RZTYIN,nchar,1,,,YES
PRODDTA,F03B14_ARCH,65,RZUCTF,nchar,1,,,YES
PRODDTA,F03B14_ARCH,67,RZAM2,nchar,1,,,YES
PRODDTA,F03B14_ARCH,70,RZSBLT,nchar,1,,,YES
PRODDTA,F03B14_ARCH,78,RZFNLP,nchar,1,,,YES
PRODDTA,F03B14_ARCH,79,RZALT6,nchar,1,,,YES
PRODDTA,F03B14_ARCH,95,RZNFVD,nchar,1,,,YES
PRODDTA,F03B14_ARCH,97,RZISTC,nchar,1,,,YES
PRODDTA,F03B14_ARCH,99,RZPDLT,nchar,1,,,YES
PRODDTA,F03B14_ARCH,103,RZDDST,nchar,1,,,YES
PRODDTA,F03B14_ARCH,106,RZRIDC,nchar,1,,,YES
PRODDTA,F03B14_ARCH,107,RZPRGF,nchar,1,,,YES
PRODDTA,F03B14_ARCH,108,RZGFL1,nchar,1,,,YES
PRODDTA,F03B14_ARCH,122,RZOMOD,nchar,1,,,YES
PRODDTA,F03B14_ARCH,129,RZLRFL,nchar,1,,,YES
PRODDTA,F03B14_ARCH,130,RZGFL2,nchar,1,,,YES
PRODDTA,F0411_ARCH,22,RPBALJ,nchar,1,,,YES
PRODDTA,F0411_ARCH,23,RPPST,nchar,1,,,YES
PRODDTA,F0411_ARCH,33,RPCRRM,nchar,1,,,YES
PRODDTA,F0411_ARCH,45,RPPOST,nchar,1,,,YES
PRODDTA,F0411_ARCH,46,RPAM,nchar,1,,,YES
PRODDTA,F0411_ARCH,51,RPSBLT,nchar,1,,,YES
PRODDTA,F0411_ARCH,55,RPVOD,nchar,1,,,YES
PRODDTA,F0411_ARCH,75,RPFNLP,nchar,1,,,YES
PRODDTA,F0411_ARCH,78,RPPYIN,nchar,1,,,YES
PRODDTA,F0411_ARCH,81,RPRP1,nchar,1,,,YES
PRODDTA,F0411_ARCH,82,RPRP2,nchar,1,,,YES
PRODDTA,F0411_ARCH,83,RPRP3,nchar,1,,,YES
PRODDTA,F0411_ARCH,85,RPTNN,nchar,1,,,YES
PRODDTA,F0411_ARCH,86,RPDMCD,nchar,1,,,YES
PRODDTA,F0411_ARCH,112,RPDTXS,nchar,1,,,YES
PRODDTA,F0411_ARCH,118,RPTAXP,nchar,1,,,YES
PRODDTA,F0411_ARCH,119,RPPRGF,nchar,1,,,YES
PRODDTA,F0411_ARCH,120,RPGFL5,nchar,1,,,YES
PRODDTA,F0411_ARCH,121,RPGFL6,nchar,1,,,YES
PRODDTA,F0411_ARCH,128,RPSMMF,nchar,1,,,YES
PRODDTA,F0411_ARCH,129,RPPYWP,nchar,1,,,YES
PRODDTA,F0411_ARCH,134,RPNETST,nchar,1,,,YES
PRODDTA,F4201,30,SHRYIN,nchar,1,,,YES
PRODDTA,F4201,38,SHATXT,nchar,1,,,YES
PRODDTA,F4201,39,SHPRIO,nchar,1,,,YES
PRODDTA,F4201,40,SHBACK,nchar,1,,,YES
PRODDTA,F4201,41,SHSBAL,nchar,1,,,YES
PRODDTA,F4201,43,SHPLST,nchar,1,,,YES
PRODDTA,F4201,55,SHAFT,nchar,1,,,YES
PRODDTA,F4201,56,SHFUF1,nchar,1,,,YES
PRODDTA,F4201,57,SHFRTC,nchar,1,,,YES
PRODDTA,F4201,58,SHMORD,nchar,1,,,YES
PRODDTA,F4201,60,SHFUF2,nchar,1,,,YES
PRODDTA,F4201,68,SHSBLI,nchar,1,,,YES
PRODDTA,F4201,69,SHCRMD,nchar,1,,,YES
PRODDTA,F4201,70,SHCRRM,nchar,1,,,YES
PRODDTA,F4201,113,SHAUFT,nchar,1,,,YES
PRODDTA,F4201,114,SHAUFI,nchar,1,,,YES
PRODDTA,F4201,121,SHOPPL,nchar,1,,,YES
PRODDTA,F4201,122,SHOPMS,nchar,1,,,YES
PRODDTA,F4201,123,SHOPSS,nchar,1,,,YES
PRODDTA,F4201,124,SHOPBA,nchar,1,,,YES
PRODDTA,F4201,125,SHOPLL,nchar,1,,,YES
PRODDTA,F4201,130,SHOTIND,nchar,1,,,YES
PRODDTA,F0413_ARCH,13,RMCRRM,nchar,1,,,YES
PRODDTA,F0413_ARCH,14,RMAM,nchar,1,,,YES
PRODDTA,F0413_ARCH,16,RMPYIN,nchar,1,,,YES
PRODDTA,F0413_ARCH,17,RMISTP,nchar,1,,,YES
PRODDTA,F0413_ARCH,26,RMMIP,nchar,1,,,YES
PRODDTA,F0413_ARCH,27,RMLRFL,nchar,1,,,YES
PRODDTA,F0413_ARCH,28,RMPRGF,nchar,1,,,YES
PRODDTA,F0413_ARCH,29,RMGFL7,nchar,1,,,YES
PRODDTA,F0413_ARCH,30,RMGFL8,nchar,1,,,YES
PRODDTA,F0413_ARCH,37,RMRCND,nchar,1,,,YES
PRODDTA,F0401,12,A6HDPY,nchar,1,,,YES
PRODDTA,F0401,18,A6SCK,nchar,1,,,YES
PRODDTA,F0401,19,A6PYIN,nchar,1,,,YES
PRODDTA,F0401,21,A6AB1,nchar,1,,,YES
PRODDTA,F0401,23,A6SQNL,nchar,1,,,YES
PRODDTA,F0401,33,A6BADT,nchar,1,,,YES
PRODDTA,F0401,48,A6PLST,nchar,1,,,YES
PRODDTA,F0401,52,A6EDPM,nchar,1,,,YES
PRODDTA,F0401,53,A6EDCI,nchar,1,,,YES
PRODDTA,F0401,54,A6EDII,nchar,1,,,YES
PRODDTA,F0401,57,A6EDF1,nchar,1,,,YES
PRODDTA,F0401,58,A6EDF2,nchar,1,,,YES
PRODDTA,F0401,59,A6VI01,nchar,1,,,YES
PRODDTA,F0401,60,A6VI02,nchar,1,,,YES
PRODDTA,F0401,61,A6VI03,nchar,1,,,YES
PRODDTA,F0401,62,A6VI04,nchar,1,,,YES
PRODDTA,F0401,63,A6VI05,nchar,1,,,YES
PRODDTA,F0401,64,A6MNSC,nchar,1,,,YES
PRODDTA,F0401,65,A6ATO,nchar,1,,,YES
PRODDTA,F0401,66,A6RVNT,nchar,1,,,YES
PRODDTA,F0401,78,A6CRMD,nchar,1,,,YES
PRODDTA,F0401,79,A6AVCH,nchar,1,,,YES
PRODDTA,F0902_JG,37,GBPRGF,nchar,1,,,YES
PRODDTA,F0414_ARCH,15,RNCRRM,nchar,1,,,YES
PRODDTA,F0414_ARCH,19,RNPOST,nchar,1,,,YES
PRODDTA,F0414_ARCH,20,RNALT6,nchar,1,,,YES
PRODDTA,F0414_ARCH,24,RNFNLP,nchar,1,,,YES
PRODDTA,F0414_ARCH,37,RNLRFL,nchar,1,,,YES
PRODDTA,F0414_ARCH,38,RNGFL7,nchar,1,,,YES
PRODDTA,F0414_ARCH,39,RNGFL8,nchar,1,,,YES
PRODDTA,F42019,30,SHRYIN,nchar,1,,,YES
PRODDTA,F42019,38,SHATXT,nchar,1,,,YES
PRODDTA,F42019,39,SHPRIO,nchar,1,,,YES
PRODDTA,F42019,40,SHBACK,nchar,1,,,YES
PRODDTA,F42019,41,SHSBAL,nchar,1,,,YES
PRODDTA,F42019,43,SHPLST,nchar,1,,,YES
PRODDTA,F42019,55,SHAFT,nchar,1,,,YES
PRODDTA,F42019,56,SHFUF1,nchar,1,,,YES
PRODDTA,F42019,57,SHFRTC,nchar,1,,,YES
PRODDTA,F42019,58,SHMORD,nchar,1,,,YES
PRODDTA,F42019,60,SHFUF2,nchar,1,,,YES
PRODDTA,F42019,68,SHSBLI,nchar,1,,,YES
PRODDTA,F42019,69,SHCRMD,nchar,1,,,YES
PRODDTA,F42019,70,SHCRRM,nchar,1,,,YES
PRODDTA,F42019,113,SHAUFT,nchar,1,,,YES
PRODDTA,F42019,114,SHAUFI,nchar,1,,,YES
PRODDTA,F42019,121,SHOPPL,nchar,1,,,YES
PRODDTA,F42019,122,SHOPMS,nchar,1,,,YES
PRODDTA,F42019,123,SHOPSS,nchar,1,,,YES
PRODDTA,F42019,124,SHOPBA,nchar,1,,,YES
PRODDTA,F42019,125,SHOPLL,nchar,1,,,YES
PRODDTA,F42019,130,SHOTIND,nchar,1,,,YES
PRODDTA,F3112_ARCH,17,WLTIMB,nchar,1,,,YES
PRODDTA,F3112_ARCH,18,WLLAMC,nchar,1,,,YES
PRODDTA,F3112_ARCH,19,WLBFPF,nchar,1,,,YES
PRODDTA,F3112_ARCH,20,WLPPRF,nchar,1,,,YES
PRODDTA,F3112_ARCH,29,WLRSFT,nchar,1,,,YES
PRODDTA,F3112_ARCH,30,WLSSFT,nchar,1,,,YES
PRODDTA,F3112_ARCH,31,WLCSFT,nchar,1,,,YES
PRODDTA,F3112_ARCH,95,WLAPSC,nchar,1,,,YES
PRODDTA,F3112_ARCH,105,WLCMRQ,nchar,1,,,YES
PRODDTA,F3112_ARCH,109,WLWSCHF,nchar,1,,,YES
PRODDTA,F3112_ARCH,110,WLTRAF,nchar,1,,,YES
PRODDTA,F31122_ARCH,13,WTTYR,nchar,1,,,YES
PRODDTA,F31122_ARCH,21,WTSHFT,nchar,1,,,YES
PRODDTA,F31122_ARCH,31,WTSUMR,nchar,1,,,YES
PRODDTA,F31122_ARCH,48,WTSOHR,nchar,1,,,YES
PRODDTA,F31122_ARCH,49,WTSORE,nchar,1,,,YES
PRODDTA,F0901,8,GMLDA,nchar,1,,,YES
PRODDTA,F0901,10,GMPEC,nchar,1,,,YES
PRODDTA,F0901,11,GMBILL,nchar,1,,,YES
PRODDTA,F0901,40,GMCCT,nchar,1,,,YES
PRODDTA,F0901,42,GMHTC,nchar,1,,,YES
PRODDTA,F0901,43,GMQLDA,nchar,1,,,YES
PRODDTA,F0901,44,GMCCC,nchar,1,,,YES
PRODDTA,F0901,45,GMFMOD,nchar,1,,,YES
PRODDTA,F0901,51,GMCEC1,nchar,1,,,YES
PRODDTA,F0901,52,GMCEC2,nchar,1,,,YES
PRODDTA,F0901,53,GMCEC3,nchar,1,,,YES
PRODDTA,F0901,54,GMCEC4,nchar,1,,,YES
PRODDTA,F0901,55,GMIEC,nchar,1,,,YES
PRODDTA,F0901,56,GMFPEC,nchar,1,,,YES
PRODDTA,F0901,57,GMSTPC,nchar,1,,,YES
PRODDTA,F0901,58,GMTXGL,nchar,1,,,YES
PRODDTA,F0901,61,GMPRGF,nchar,1,,,YES
PRODDTA,F0901,83,GMADJENT,nchar,1,,,YES
PRODDTA,F0901,84,GMUAFL,nchar,1,,,YES
PRODDTA,F42140,8,CMCCTY,nchar,1,,,YES
PRODDTA,F42140,9,CMOWNFLG,nchar,1,,,YES
PRODDTA,F42140,13,CMCOMMYN,nchar,1,,,YES
PRODDTA,F42140,22,CMEFFS,nchar,1,,,YES
PRODDTA,F3003,13,IRBFPF,nchar,1,,,YES
PRODDTA,F3003,14,IRLAMC,nchar,1,,,YES
PRODDTA,F3003,15,IRTIMB,nchar,1,,,YES
PRODDTA,F3003,38,IRPOY,nchar,1,,,YES
PRODDTA,F3003,64,IRAPSC,nchar,1,,,YES
PRODDTA,F3003,71,IRCMRQ,nchar,1,,,YES
PRODDTA,F3003,75,IRWSCHF,nchar,1,,,YES
PRODDTA,F3003,76,IRTRAF,nchar,1,,,YES
PRODDTA,F3003,77,IRDFOPC,nchar,1,,,YES
PRODDTA,F4074_ARCH,20,ALBSCD,nchar,1,,,YES
PRODDTA,F4074_ARCH,22,ALABAS,nchar,1,,,YES
PRODDTA,F4074_ARCH,27,ALACNT,nchar,1,,,YES
PRODDTA,F4074_ARCH,28,ALSBIF,nchar,1,,,YES
PRODDTA,F4074_ARCH,29,ALMDED,nchar,1,,,YES
PRODDTA,F4074_ARCH,30,ALPROV,nchar,1,,,YES
PRODDTA,F4074_ARCH,37,ALSRFLAG,nchar,1,,,YES
PRODDTA,F4074_ARCH,41,ALOLVL,nchar,1,,,YES
PRODDTA,F4074_ARCH,42,ALADJSTS,nchar,1,,,YES
PRODDTA,F4074_ARCH,47,ALMEADJ,nchar,1,,,YES
PRODDTA,F4074_ARCH,49,ALPDCL,nchar,1,,,YES
PRODDTA,F4074_ARCH,58,ALNDPI,nchar,1,,,YES
PRODDTA,F4074_ARCH,67,ALADJQTY,nchar,1,,,YES
PRODDTA,F4074_ARCH,69,ALSTPRCF,nchar,1,,,YES
PRODDTA,F0902,42,GBPRGF,nchar,1,,,YES
PRODDTA,F0909,4,ACLDA,nchar,1,,,YES
PRODDTA,F0909,5,ACPEC,nchar,1,,,YES
PRODDTA,F42005_ARCH,8,SCCCTY,nchar,1,,,YES
PRODDTA,F42005_ARCH,10,SCCTYR,nchar,1,,,YES
PRODDTA,F42005_ARCH,23,SCSPLT,nchar,1,,,YES
PRODDTA,F42005_ARCH,47,SCPDCD,nchar,1,,,YES
PRODDTA,F0911,7,GLPOST,nchar,1,,,YES
PRODDTA,F0911,15,GLAM,nchar,1,,,YES
PRODDTA,F0911,21,GLSBLT,nchar,1,,,YES
PRODDTA,F0911,35,GLRE,nchar,1,,,YES
PRODDTA,F0911,53,GLBRE,nchar,1,,,YES
PRODDTA,F0911,54,GLRCND,nchar,1,,,YES
PRODDTA,F0911,55,GLSUMM,nchar,1,,,YES
PRODDTA,F0911,56,GLPRGE,nchar,1,,,YES
PRODDTA,F0911,57,GLTNN,nchar,1,,,YES
PRODDTA,F0911,58,GLALT1,nchar,1,,,YES
PRODDTA,F0911,59,GLALT2,nchar,1,,,YES
PRODDTA,F0911,60,GLALT3,nchar,1,,,YES
PRODDTA,F0911,61,GLALT4,nchar,1,,,YES
PRODDTA,F0911,62,GLALT5,nchar,1,,,YES
PRODDTA,F0911,63,GLALT6,nchar,1,,,YES
PRODDTA,F0911,64,GLALT7,nchar,1,,,YES
PRODDTA,F0911,65,GLALT8,nchar,1,,,YES
PRODDTA,F0911,66,GLALT9,nchar,1,,,YES
PRODDTA,F0911,67,GLALT0,nchar,1,,,YES
PRODDTA,F0911,68,GLALTT,nchar,1,,,YES
PRODDTA,F0911,69,GLALTU,nchar,1,,,YES
PRODDTA,F0911,70,GLALTV,nchar,1,,,YES
PRODDTA,F0911,71,GLALTW,nchar,1,,,YES
PRODDTA,F0911,72,GLALTX,nchar,1,,,YES
PRODDTA,F0911,73,GLALTZ,nchar,1,,,YES
PRODDTA,F0911,74,GLDLNA,nchar,1,,,YES
PRODDTA,F0911,75,GLCFF1,nchar,1,,,YES
PRODDTA,F0911,76,GLCFF2,nchar,1,,,YES
PRODDTA,F0911,77,GLASM,nchar,1,,,YES
PRODDTA,F0911,78,GLBC,nchar,1,,,YES
PRODDTA,F0911,88,GLFNLP,nchar,1,,,YES
PRODDTA,F0911,109,GLABT1,nchar,1,,,YES
PRODDTA,F0911,110,GLABT2,nchar,1,,,YES
PRODDTA,F0911,111,GLABT3,nchar,1,,,YES
PRODDTA,F0911,112,GLABT4,nchar,1,,,YES
PRODDTA,F0911,114,GLPM01,nchar,1,,,YES
PRODDTA,F0911,115,GLPM02,nchar,1,,,YES
PRODDTA,F0911,116,GLPM03,nchar,1,,,YES
PRODDTA,F0911,117,GLPM04,nchar,1,,,YES
PRODDTA,F0911,118,GLPM05,nchar,1,,,YES
PRODDTA,F0911,119,GLPM06,nchar,1,,,YES
PRODDTA,F0911,120,GLPM07,nchar,1,,,YES
PRODDTA,F0911,121,GLPM08,nchar,1,,,YES
PRODDTA,F0911,122,GLPM09,nchar,1,,,YES
PRODDTA,F0911,123,GLPM10,nchar,1,,,YES
PRODDTA,F0911,125,GLCRRM,nchar,1,,,YES
PRODDTA,F0911,126,GLPRGF,nchar,1,,,YES
PRODDTA,F0911,131,GLGPF1,nchar,1,,,YES
PRODDTA,F0911,135,GLBUPC,nchar,1,,,YES
PRODDTA,F0911,141,GLOFM,nchar,1,,,YES
PRODDTA,F3112,17,WLTIMB,nchar,1,,,YES
PRODDTA,F3112,18,WLLAMC,nchar,1,,,YES
PRODDTA,F3112,19,WLBFPF,nchar,1,,,YES
PRODDTA,F3112,20,WLPPRF,nchar,1,,,YES
PRODDTA,F3112,29,WLRSFT,nchar,1,,,YES
PRODDTA,F3112,30,WLSSFT,nchar,1,,,YES
PRODDTA,F3112,31,WLCSFT,nchar,1,,,YES
PRODDTA,F3112,95,WLAPSC,nchar,1,,,YES
PRODDTA,F3112,105,WLCMRQ,nchar,1,,,YES
PRODDTA,F3112,109,WLWSCHF,nchar,1,,,YES
PRODDTA,F3112,110,WLTRAF,nchar,1,,,YES
PRODDTA,F4201_ARCH,30,SHRYIN,nchar,1,,,YES
PRODDTA,F4201_ARCH,38,SHATXT,nchar,1,,,YES
PRODDTA,F4201_ARCH,39,SHPRIO,nchar,1,,,YES
PRODDTA,F4201_ARCH,40,SHBACK,nchar,1,,,YES
PRODDTA,F4201_ARCH,41,SHSBAL,nchar,1,,,YES
PRODDTA,F4201_ARCH,43,SHPLST,nchar,1,,,YES
PRODDTA,F4201_ARCH,55,SHAFT,nchar,1,,,YES
PRODDTA,F4201_ARCH,56,SHFUF1,nchar,1,,,YES
PRODDTA,F4201_ARCH,57,SHFRTC,nchar,1,,,YES
PRODDTA,F4201_ARCH,58,SHMORD,nchar,1,,,YES
PRODDTA,F4201_ARCH,60,SHFUF2,nchar,1,,,YES
PRODDTA,F4201_ARCH,68,SHSBLI,nchar,1,,,YES
PRODDTA,F4201_ARCH,69,SHCRMD,nchar,1,,,YES
PRODDTA,F4201_ARCH,70,SHCRRM,nchar,1,,,YES
PRODDTA,F4201_ARCH,113,SHAUFT,nchar,1,,,YES
PRODDTA,F4201_ARCH,114,SHAUFI,nchar,1,,,YES
PRODDTA,F4201_ARCH,121,SHOPPL,nchar,1,,,YES
PRODDTA,F4201_ARCH,122,SHOPMS,nchar,1,,,YES
PRODDTA,F4201_ARCH,123,SHOPSS,nchar,1,,,YES
PRODDTA,F4201_ARCH,124,SHOPBA,nchar,1,,,YES
PRODDTA,F4201_ARCH,125,SHOPLL,nchar,1,,,YES
PRODDTA,F4201_ARCH,130,SHOTIND,nchar,1,,,YES
PRODDTA,F42019_ARCH,30,SHRYIN,nchar,1,,,YES
PRODDTA,F42019_ARCH,38,SHATXT,nchar,1,,,YES
PRODDTA,F42019_ARCH,39,SHPRIO,nchar,1,,,YES
PRODDTA,F42019_ARCH,40,SHBACK,nchar,1,,,YES
PRODDTA,F42019_ARCH,41,SHSBAL,nchar,1,,,YES
PRODDTA,F42019_ARCH,43,SHPLST,nchar,1,,,YES
PRODDTA,F42019_ARCH,55,SHAFT,nchar,1,,,YES
PRODDTA,F42019_ARCH,56,SHFUF1,nchar,1,,,YES
PRODDTA,F42019_ARCH,57,SHFRTC,nchar,1,,,YES
PRODDTA,F42019_ARCH,58,SHMORD,nchar,1,,,YES
PRODDTA,F42019_ARCH,60,SHFUF2,nchar,1,,,YES
PRODDTA,F42019_ARCH,68,SHSBLI,nchar,1,,,YES
PRODDTA,F42019_ARCH,69,SHCRMD,nchar,1,,,YES
PRODDTA,F42019_ARCH,70,SHCRRM,nchar,1,,,YES
PRODDTA,F42019_ARCH,113,SHAUFT,nchar,1,,,YES
PRODDTA,F42019_ARCH,114,SHAUFI,nchar,1,,,YES
PRODDTA,F42019_ARCH,121,SHOPPL,nchar,1,,,YES
PRODDTA,F42019_ARCH,122,SHOPMS,nchar,1,,,YES
PRODDTA,F42019_ARCH,123,SHOPSS,nchar,1,,,YES
PRODDTA,F42019_ARCH,124,SHOPBA,nchar,1,,,YES
PRODDTA,F42019_ARCH,125,SHOPLL,nchar,1,,,YES
PRODDTA,F42019_ARCH,130,SHOTIND,nchar,1,,,YES
PRODDTA,F1114,13,C2CMBP,nchar,1,,,YES
PRODDTA,F1114,18,C2AM,nchar,1,,,YES
PRODDTA,F1114,20,C2AM2,nchar,1,,,YES
PRODDTA,F1114,25,C2MOR,nchar,1,,,YES
PRODDTA,F4074,20,ALBSCD,nchar,1,,,YES
PRODDTA,F4074,22,ALABAS,nchar,1,,,YES
PRODDTA,F4074,27,ALACNT,nchar,1,,,YES
PRODDTA,F4074,28,ALSBIF,nchar,1,,,YES
PRODDTA,F4074,29,ALMDED,nchar,1,,,YES
PRODDTA,F4074,30,ALPROV,nchar,1,,,YES
PRODDTA,F4074,37,ALSRFLAG,nchar,1,,,YES
PRODDTA,F4074,41,ALOLVL,nchar,1,,,YES
PRODDTA,F4074,42,ALADJSTS,nchar,1,,,YES
PRODDTA,F4074,47,ALMEADJ,nchar,1,,,YES
PRODDTA,F4074,49,ALPDCL,nchar,1,,,YES
PRODDTA,F4074,58,ALNDPI,nchar,1,,,YES
PRODDTA,F4074,67,ALADJQTY,nchar,1,,,YES
PRODDTA,F4074,69,ALSTPRCF,nchar,1,,,YES
PRODDTA,F11151,12,CECCAI,nchar,1,,,YES
PRODDTA,F4108,3,IOLOTS,nchar,1,,,YES
PRODDTA,F4108,57,IOCHDF,nchar,1,,,YES
PRODDTA,F4108,58,IOWPDF,nchar,1,,,YES
PRODDTA,F4108,60,IOLOTR,nchar,1,,,YES
PRODDTA,F1201,20,FANORU,nchar,1,,,YES
PRODDTA,F1201,41,FAFINC,nchar,1,,,YES
PRODDTA,F1201,42,FAITCO,nchar,1,,,YES
PRODDTA,F1201,43,FAPURO,nchar,1,,,YES
PRODDTA,F1201,66,FAMSGA,nchar,1,,,YES
PRODDTA,F1201,86,FASBLI,nchar,1,,,YES
PRODDTA,F1201,103,FAWOYN,nchar,1,,,YES
PRODDTA,F1201,105,FAWRFL,nchar,1,,,YES
PRODDTA,F4301_ARCH,37,PHATXT,nchar,1,,,YES
PRODDTA,F4301_ARCH,48,PHFRTC,nchar,1,,,YES
PRODDTA,F4301_ARCH,49,PHFUF1,nchar,1,,,YES
PRODDTA,F4301_ARCH,50,PHFUF2,nchar,1,,,YES
PRODDTA,F4301_ARCH,56,PHPURG,nchar,1,,,YES
PRODDTA,F4301_ARCH,57,PHLGCT,nchar,1,,,YES
PRODDTA,F4301_ARCH,58,PHPROM,nchar,1,,,YES
PRODDTA,F4301_ARCH,59,PHMATY,nchar,1,,,YES
PRODDTA,F4301_ARCH,60,PHOSTS,nchar,1,,,YES
PRODDTA,F4301_ARCH,61,PHAVCH,nchar,1,,,YES
PRODDTA,F4301_ARCH,62,PHPRPY,nchar,1,,,YES
PRODDTA,F4301_ARCH,63,PHCRMD,nchar,1,,,YES
PRODDTA,F4301_ARCH,67,PHCRRM,nchar,1,,,YES
PRODDTA,F4301_ARCH,90,PHPOHP01,nchar,1,,,YES
PRODDTA,F4301_ARCH,91,PHPOHP02,nchar,1,,,YES
PRODDTA,F4301_ARCH,92,PHPOHP03,nchar,1,,,YES
PRODDTA,F4301_ARCH,93,PHPOHP04,nchar,1,,,YES
PRODDTA,F4301_ARCH,94,PHPOHP05,nchar,1,,,YES
PRODDTA,F4301_ARCH,95,PHPOHP06,nchar,1,,,YES
PRODDTA,F4301_ARCH,96,PHPOHP07,nchar,1,,,YES
PRODDTA,F4301_ARCH,97,PHPOHP08,nchar,1,,,YES
PRODDTA,F4301_ARCH,98,PHPOHP09,nchar,1,,,YES
PRODDTA,F4301_ARCH,99,PHPOHP10,nchar,1,,,YES
PRODDTA,F4301_ARCH,100,PHPOHP11,nchar,1,,,YES
PRODDTA,F4301_ARCH,101,PHPOHP12,nchar,1,,,YES
PRODDTA,F4301_ARCH,122,PHRETI,nchar,1,,,YES
PRODDTA,F1202,37,FLITAC,nchar,1,,,YES
PRODDTA,F1202,40,FLDIR1,nchar,1,,,YES
PRODDTA,F1202,50,FLCHCD,nchar,1,,,YES
PRODDTA,F1202,51,FLDPCF,nchar,1,,,YES
PRODDTA,F550001,11,SDEMAILNFY,nchar,1,,,YES
PRODDTA,F550001,17,SDTYRE,nchar,1,,,YES
PRODDTA,F3312,1,CWCAPM,nchar,1,,,YES
PRODDTA,F3312,9,CWUNTY,nchar,1,,,YES
PRODDTA,F4311_ARCH,18,PDBALU,nchar,1,,,YES
PRODDTA,F4311_ARCH,67,PDOTQY,nchar,1,,,YES
PRODDTA,F4311_ARCH,76,PDPROV,nchar,1,,,YES
PRODDTA,F4311_ARCH,79,PDCSTO,nchar,1,,,YES
PRODDTA,F4311_ARCH,80,PDCSMP,nchar,1,,,YES
PRODDTA,F4311_ARCH,88,PDTX,nchar,1,,,YES
PRODDTA,F4311_ARCH,91,PDATXT,nchar,1,,,YES
PRODDTA,F4311_ARCH,96,PDFRTC,nchar,1,,,YES
PRODDTA,F4311_ARCH,99,PDRATT,nchar,1,,,YES
PRODDTA,F4311_ARCH,120,PDFUF1,nchar,1,,,YES
PRODDTA,F4311_ARCH,121,PDFUF2,nchar,1,,,YES
PRODDTA,F4311_ARCH,130,PDSBLT,nchar,1,,,YES
PRODDTA,F4311_ARCH,141,PDPURG,nchar,1,,,YES
PRODDTA,F4311_ARCH,142,PDPROM,nchar,1,,,YES
PRODDTA,F4311_ARCH,143,PDFNLP,nchar,1,,,YES
PRODDTA,F4311_ARCH,144,PDAVCH,nchar,1,,,YES
PRODDTA,F4311_ARCH,145,PDPRPY,nchar,1,,,YES
PRODDTA,F4311_ARCH,146,PDUNCD,nchar,1,,,YES
PRODDTA,F4311_ARCH,147,PDMATY,nchar,1,,,YES
PRODDTA,F4311_ARCH,148,PDRTGC,nchar,1,,,YES
PRODDTA,F4311_ARCH,149,PDRCPF,nchar,1,,,YES
PRODDTA,F4311_ARCH,150,PDPS01,nchar,1,,,YES
PRODDTA,F4311_ARCH,151,PDPS02,nchar,1,,,YES
PRODDTA,F4311_ARCH,152,PDPS03,nchar,1,,,YES
PRODDTA,F4311_ARCH,153,PDPS04,nchar,1,,,YES
PRODDTA,F4311_ARCH,154,PDPS05,nchar,1,,,YES
PRODDTA,F4311_ARCH,155,PDPS06,nchar,1,,,YES
PRODDTA,F4311_ARCH,156,PDPS07,nchar,1,,,YES
PRODDTA,F4311_ARCH,157,PDPS08,nchar,1,,,YES
PRODDTA,F4311_ARCH,158,PDPS09,nchar,1,,,YES
PRODDTA,F4311_ARCH,159,PDPS10,nchar,1,,,YES
PRODDTA,F4311_ARCH,160,PDCRMD,nchar,1,,,YES
PRODDTA,F4311_ARCH,194,PDMACT,nchar,1,,,YES
PRODDTA,F4311_ARCH,197,PDDUAL,nchar,1,,,YES
PRODDTA,F4311_ARCH,204,PDCHRS,nchar,1,,,YES
PRODDTA,F4311_ARCH,218,PDMOADJ,nchar,1,,,YES
PRODDTA,F4311_ARCH,226,PDCFGFL,nchar,1,,,YES
PRODDTA,F1217,3,WRCOOWN,nchar,1,,,YES
PRODDTA,F1217,60,WRTERMYN,nchar,1,,,YES
PRODDTA,F1217,64,WRMRRYN,nchar,1,,,YES
PRODDTA,F1217,71,WRMTRYN,nchar,1,,,YES
PRODDTA,F3313,5,CRUNTY,nchar,1,,,YES
PRODDTA,F4801_ARCH,9,WATYPS,nchar,1,,,YES
PRODDTA,F4801_ARCH,10,WAPRTS,nchar,1,,,YES
PRODDTA,F4801_ARCH,73,WASHTY,nchar,1,,,YES
PRODDTA,F4801_ARCH,74,WAPEC,nchar,1,,,YES
PRODDTA,F4801_ARCH,75,WAPPFG,nchar,1,,,YES
PRODDTA,F4801_ARCH,76,WABM,nchar,1,,,YES
PRODDTA,F4801_ARCH,77,WARTG,nchar,1,,,YES
PRODDTA,F4801_ARCH,78,WASPRT,nchar,1,,,YES
PRODDTA,F4801_ARCH,79,WAUNCD,nchar,1,,,YES
PRODDTA,F4801_ARCH,80,WAINDC,nchar,1,,,YES
PRODDTA,F4801_ARCH,95,WASBLI,nchar,1,,,YES
PRODDTA,F4801_ARCH,99,WADRWC,nchar,1,,,YES
PRODDTA,F4801_ARCH,100,WARTCH,nchar,1,,,YES
PRODDTA,F4801_ARCH,101,WAPNRQ,nchar,1,,,YES
PRODDTA,F4801_ARCH,105,WABOMC,nchar,1,,,YES
PRODDTA,F1602,47,CBASMF,nchar,1,,,YES
PRODDTA,F4801T_ARCH,3,WAMWDH,nchar,1,,,YES
PRODDTA,F4801T_ARCH,5,WASHFT,nchar,1,,,YES
PRODDTA,F4801T_ARCH,6,WASRCN,nchar,1,,,YES
PRODDTA,F4801T_ARCH,12,WAALSE,nchar,1,,,YES
PRODDTA,F4801T_ARCH,16,WACHPR,nchar,1,,,YES
PRODDTA,F4801T_ARCH,23,WADUAL,nchar,1,,,YES
PRODDTA,F4801T_ARCH,24,WAMPCE,nchar,1,,,YES
PRODDTA,F4801T_ARCH,25,WAMPRC,nchar,1,,,YES
PRODDTA,F4801T_ARCH,29,WAPRRP,nchar,1,,,YES
PRODDTA,F4801T_ARCH,30,WASHPP,nchar,1,,,YES
PRODDTA,F4801T_ARCH,32,WASRKF,nchar,1,,,YES
PRODDTA,F4801T_ARCH,35,WATRAF,nchar,1,,,YES
PRODDTA,F4801T_ARCH,48,WAVFWO,nchar,1,,,YES
PRODDTA,F4801T_ARCH,56,WAMTHPR,nchar,1,,,YES
PRODDTA,F4801T_ARCH,58,WARYIN,nchar,1,,,YES
PRODDTA,F4801T_ARCH,86,WASRYN,nchar,1,,,YES
PRODDTA,F4801T_ARCH,92,WACRRM,nchar,1,,,YES
PRODDTA,F4801T_ARCH,111,WAHPLF,nchar,1,,,YES
PRODDTA,F4801T_ARCH,113,WASCALL,nchar,1,,,YES
PRODDTA,F4801T_ARCH,115,WARMTHD,nchar,1,,,YES
PRODDTA,F4801T_ARCH,122,WAXEVT,nchar,1,,,YES
PRODDTA,F4801T_ARCH,124,WAWSCHF,nchar,1,,,YES
PRODDTA,F4801T_ARCH,125,WADFMDP,nchar,1,,,YES
PRODDTA,F1620,3,CTCMER,nchar,1,,,YES
PRODDTA,F43090,51,PCROTP,nchar,1,,,YES
PRODDTA,F43090,52,PCPOC,nchar,1,,,YES
PRODDTA,F3002,12,IXPRTA,nchar,1,,,YES
PRODDTA,F3002,17,IXFVBT,nchar,1,,,YES
PRODDTA,F3002,22,IXITC,nchar,1,,,YES
PRODDTA,F3002,23,IXFTRC,nchar,1,,,YES
PRODDTA,F3002,24,IXOPTK,nchar,1,,,YES
PRODDTA,F3002,25,IXFORV,nchar,1,,,YES
PRODDTA,F3002,26,IXCSTM,nchar,1,,,YES
PRODDTA,F3002,27,IXCSMP,nchar,1,,,YES
PRODDTA,F3002,28,IXORDW,nchar,1,,,YES
PRODDTA,F3002,29,IXFORQ,nchar,1,,,YES
PRODDTA,F3002,31,IXCOTY,nchar,1,,,YES
PRODDTA,F3002,73,IXAING,nchar,1,,,YES
PRODDTA,F3002,77,IXAPSC,nchar,1,,,YES
PRODDTA,F3002,80,IXBCHAR,nchar,1,,,YES
PRODDTA,F3102_ARCH,34,IGFORQ,nchar,1,,,YES
PRODDTA,F30026,22,IEPFLG,nchar,1,,,YES
PRODDTA,F30026,31,IELDA,nchar,1,,,YES
PRODDTA,F30026,34,IEF,nchar,1,,,YES
PRODDTA,F30006,5,IWCRTW,nchar,1,,,YES
PRODDTA,F30006,6,IWPILC,nchar,1,,,YES
PRODDTA,F30006,7,IWBFPF,nchar,1,,,YES
PRODDTA,F30006,8,IWDEMO,nchar,1,,,YES
PRODDTA,F30006,27,IWDC1,nchar,1,,,YES
PRODDTA,F30006,28,IWDC2,nchar,1,,,YES
PRODDTA,F30006,29,IWDC3,nchar,1,,,YES
PRODDTA,F30006,43,IWLIC,nchar,1,,,YES
PRODDTA,F30006,54,IWBFWC,nchar,1,,,YES
PRODDTA,F30006,56,IWAPSC,nchar,1,,,YES
PRODDTA,F3102,34,IGFORQ,nchar,1,,,YES
PRODDTA,F3111_ARCH,5,WMFORQ,nchar,1,,,YES
PRODDTA,F3111_ARCH,6,WMITC,nchar,1,,,YES
PRODDTA,F3111_ARCH,7,WMCOBY,nchar,1,,,YES
PRODDTA,F3111_ARCH,8,WMCOTY,nchar,1,,,YES
PRODDTA,F3111_ARCH,48,WMRTG,nchar,1,,,YES
PRODDTA,F3111_ARCH,59,WMCOMM,nchar,1,,,YES
PRODDTA,F3111_ARCH,72,WMPOC,nchar,1,,,YES
PRODDTA,F3111_ARCH,77,WMSBFL,nchar,1,,,YES
PRODDTA,F3111_ARCH,78,WMAING,nchar,1,,,YES
PRODDTA,F3111_ARCH,81,WMAPSC,nchar,1,,,YES
PRODDTA,F3111_ARCH,85,WMCHPP,nchar,1,,,YES
PRODDTA,F40318,12,QCSTPR,nchar,1,,,YES
PRODDTA,F40318,20,QCTTTY,nchar,1,,,YES
PRODDTA,F40318,22,QCTSSP,nchar,1,,,YES
PRODDTA,F40318,37,QCPTTS,nchar,1,,,YES
PRODDTA,F40318,38,QCMFGR,nchar,1,,,YES
PRODDTA,F40318,39,QCMRRR,nchar,1,,,YES
PRODDTA,F40318,40,QCPRER,nchar,1,,,YES
PRODDTA,F40318,41,QCPRCR,nchar,1,,,YES
PRODDTA,F40318,42,QCMFGC,nchar,1,,,YES
PRODDTA,F40318,43,QCSHPR,nchar,1,,,YES
PRODDTA,F40318,44,QCBLKR,nchar,1,,,YES
PRODDTA,F40318,54,QCTTST,nchar,1,,,YES
PRODDTA,F40318,56,QCCDEC,nchar,1,,,YES
PRODDTA,F40318,63,QCACTN,nchar,1,,,YES
PRODDTA,F3111,5,WMFORQ,nchar,1,,,YES
PRODDTA,F3111,6,WMITC,nchar,1,,,YES
PRODDTA,F3111,7,WMCOBY,nchar,1,,,YES
PRODDTA,F3111,8,WMCOTY,nchar,1,,,YES
PRODDTA,F3111,48,WMRTG,nchar,1,,,YES
PRODDTA,F3111,59,WMCOMM,nchar,1,,,YES
PRODDTA,F3111,72,WMPOC,nchar,1,,,YES
PRODDTA,F3111,77,WMSBFL,nchar,1,,,YES
PRODDTA,F3111,78,WMAING,nchar,1,,,YES
PRODDTA,F3111,81,WMAPSC,nchar,1,,,YES
PRODDTA,F3111,85,WMCHPP,nchar,1,,,YES
PRODDTA,F31122,1,WTYST,nchar,1,,,NO
PRODDTA,F3701,3,QASTAW,nchar,1,,,NO
PRODDTA,F43121,1,PRMATC,nchar,1,,,NO
PRODDTA,F40721,3,PVRCTY,nchar,1,,,NO
PRODDTA,F0008,1,CDDTPN,nchar,1,,,NO
PRODDTA,F0902_JG,34,GBSBLT,nchar,1,,,NO
PRODDTA,F31122_ARCH,1,WTYST,nchar,1,,,NO
PRODDTA,F4074_ARCH,66,ALPA04,nchar,1,,,NO
PRODDTA,F0902,38,GBSBLT,nchar,1,,,NO
PRODDTA,F1114,1,C2DOT2,nchar,1,,,NO
PRODDTA,F4074,66,ALPA04,nchar,1,,,NO
PRODDTA,F1202,45,FLSBLT,nchar,1,,,NO
PRODDTA,F3007,7,WUSHFT,nchar,1,,,NO
PRODDTA,F3313,1,CRCAPM,nchar,1,,,NO
PRODDTA,F4006,4,OAANTY,nchar,1,,,NO
PRODDTA,F1602,7,CBSBLT,nchar,1,,,NO
PRODDTA,F1602,9,CBABT1,nchar,1,,,NO
PRODDTA,F1602,11,CBABT2,nchar,1,,,NO
PRODDTA,F1602,13,CBABT3,nchar,1,,,NO
PRODDTA,F1602,15,CBABT4,nchar,1,,,NO
PRODDTA,F1620,1,CTABT1,nchar,1,,,NO
PRODDTA,F3002,30,IXCOBY,nchar,1,,,NO
PRODDTA,F3102_ARCH,8,IGPART,nchar,1,,,NO
PRODDTA,F3102,8,IGPART,nchar,1,,,NO
PRODDTA,F31091,8,IQSHFT,nchar,1,,,NO
PRODDTA,F40318,10,QCSTAW,nchar,1,,,NO
PRODCTL,F0005,7,DRUDCO,nchar,1,,,YES
PRODCTL,F0005,8,DRHRDC,nchar,1,,,YES
PRODDTA,F554072,9,ADCRCD,nchar,3,,,NO
PRODDTA,F554072A,3,TRCRCD,nchar,3,,,NO
PRODDTA,F40942,2,CKCGP1,nchar,3,,,NO
PRODDTA,F40942,3,CKCGP2,nchar,3,,,NO
PRODDTA,F40942,4,CKCGP3,nchar,3,,,NO
PRODDTA,F40942,5,CKCGP4,nchar,3,,,NO
PRODDTA,F40942,6,CKCGP5,nchar,3,,,NO
PRODDTA,F40942,7,CKCGP6,nchar,3,,,NO
PRODDTA,F40942,8,CKCGP7,nchar,3,,,NO
PRODDTA,F40942,9,CKCGP8,nchar,3,,,NO
PRODDTA,F40942,10,CKCGP9,nchar,3,,,NO
PRODDTA,F40942,11,CKCGP10,nchar,3,,,NO
PRODDTA,F3400,1,SGKVER,nchar,3,,,NO
PRODDTA,F4106,10,BPLOTG,nchar,3,,,NO
PRODDTA,F4106,12,BPCRCD,nchar,3,,,NO
PRODDTA,F42004,21,CMCMCR,nchar,3,,,NO
PRODDTA,F4301,4,PHSFXO,nchar,3,,,NO
PRODDTA,F0050,4,MAOTPS,nchar,3,,,NO
PRODDTA,F03B11,4,RPSFX,nchar,3,,,NO
PRODDTA,F03B112,4,RWSFX,nchar,3,,,NO
PRODDTA,F4311,4,PDSFXO,nchar,3,,,NO
PRODDTA,F4072,9,ADCRCD,nchar,3,,,NO
PRODDTA,F43121,6,PRSFXO,nchar,3,,,NO
PRODDTA,F0411,4,RPSFX,nchar,3,,,NO
PRODDTA,F0013,1,CVCRCD,nchar,3,,,NO
PRODDTA,F0014,1,PNPTC,nchar,3,,,NO
PRODDTA,F0015,1,CXCRCD,nchar,3,,,NO
PRODDTA,F0015,2,CXCRDC,nchar,3,,,NO
PRODDTA,F0150,1,MAOSTP,nchar,3,,,NO
PRODDTA,F03B11_ARCH,4,RPSFX,nchar,3,,,NO
PRODDTA,F0411_ARCH,4,RPSFX,nchar,3,,,NO
PRODDTA,F0902_JG,35,GBCRCD,nchar,3,,,NO
PRODDTA,F41061,13,CBCRCD,nchar,3,,,NO
PRODDTA,F3003,1,IRTRT,nchar,3,,,NO
PRODDTA,F4074_ARCH,4,ALSFXO,nchar,3,,,NO
PRODDTA,F0902,40,GBCRCD,nchar,3,,,NO
PRODDTA,F1113,2,C1CRDC,nchar,3,,,NO
PRODDTA,F1113,3,C1CRCD,nchar,3,,,NO
PRODDTA,F1114,7,C2CRDC,nchar,3,,,NO
PRODDTA,F4074,4,ALSFXO,nchar,3,,,NO
PRODDTA,F11151,1,CECRCD,nchar,3,,,NO
PRODDTA,F11151,2,CECRDC,nchar,3,,,NO
PRODDTA,F4301_ARCH,4,PHSFXO,nchar,3,,,NO
PRODDTA,F4311_ARCH,4,PDSFXO,nchar,3,,,NO
PRODDTA,F3002,1,IXTBM,nchar,3,,,NO
PRODDTA,F3102_ARCH,7,IGCOST,nchar,3,,,NO
PRODDTA,F30026,8,IECOST,nchar,3,,,NO
PRODDTA,F3102,7,IGCOST,nchar,3,,,NO
PRODDTA,F3711,21,TRQREV,nchar,3,,,YES
PRODDTA,F3711,29,TRQDSP,nchar,3,,,YES
PRODDTA,F3711,46,TRQUM,nchar,3,,,YES
PRODDTA,F3711,48,TRQTC1,nchar,3,,,YES
PRODDTA,F3711,49,TRQTC2,nchar,3,,,YES
PRODDTA,F3711,50,TRQTC3,nchar,3,,,YES
PRODDTA,F3711,51,TRQTC4,nchar,3,,,YES
PRODDTA,F3711,52,TRQTC5,nchar,3,,,YES
PRODDTA,F3711,64,TRTRT,nchar,3,,,YES
PRODDTA,F3711,75,TRRSUM,nchar,3,,,YES
PRODDTA,F3711,79,TRQDFC,nchar,3,,,YES
PRODDTA,F3711,80,TRQRTC,nchar,3,,,YES
PRODDTA,F3711,104,TRFRMRSUM,nchar,3,,,YES
PRODDTA,F3711,106,TRQMCD3,nchar,3,,,YES
PRODDTA,F3711,117,TRPRVRSUM,nchar,3,,,YES
PRODDTA,F3711,129,TRTSTRTY,nchar,3,,,YES
PRODDTA,F554105A,3,DCCRCD,nchar,3,,,YES
PRODDTA,F31122,38,WTRCD,nchar,3,,,YES
PRODDTA,F3701,21,QAQUM,nchar,3,,,YES
PRODDTA,F3701,27,QAQTC1,nchar,3,,,YES
PRODDTA,F3701,28,QAQTC2,nchar,3,,,YES
PRODDTA,F3701,29,QAQTC3,nchar,3,,,YES
PRODDTA,F3701,30,QAQTC4,nchar,3,,,YES
PRODDTA,F3701,31,QAQTC5,nchar,3,,,YES
PRODDTA,F3701,35,QAQREV,nchar,3,,,YES
PRODDTA,F3701,37,QARSUM,nchar,3,,,YES
PRODDTA,F3701,69,QAQMCD1,nchar,3,,,YES
PRODDTA,F5531,18,QZQSC1,nchar,3,,,YES
PRODDTA,F5531,19,QZQSC2,nchar,3,,,YES
PRODDTA,F5531,20,QZQSC3,nchar,3,,,YES
PRODDTA,F5531,21,QZQSC4,nchar,3,,,YES
PRODDTA,F5531,22,QZQSC5,nchar,3,,,YES
PRODDTA,F31UI006,22,LSMERL,nchar,3,,,YES
PRODDTA,F554072,36,ADCRCDVID,nchar,3,,,YES
PRODDTA,F554072,40,ADFRTH,nchar,3,,,YES
PRODDTA,F554072,41,AD55FRTH,nchar,3,,,YES
PRODDTA,F554072,96,ADADDS,nchar,3,,,YES
PRODDTA,F554072,103,ADSRP1,nchar,3,,,YES
PRODDTA,F4111_ARCH,16,ILLOTG,nchar,3,,,YES
PRODDTA,F4111_ARCH,24,ILSFX,nchar,3,,,YES
PRODDTA,F4111_ARCH,39,ILRCD,nchar,3,,,YES
PRODDTA,F4111_ARCH,66,ILLOTC,nchar,3,,,YES
PRODDTA,F4111_ARCH,68,ILLRCD,nchar,3,,,YES
PRODDTA,F554072L,7,LTSRP1,nchar,3,,,YES
PRODDTA,F554072L,29,LTAC01,nchar,3,,,YES
PRODDTA,F4111,16,ILLOTG,nchar,3,,,YES
PRODDTA,F4111,24,ILSFX,nchar,3,,,YES
PRODDTA,F4111,39,ILRCD,nchar,3,,,YES
PRODDTA,F4111,66,ILLOTC,nchar,3,,,YES
PRODDTA,F4111,68,ILLRCD,nchar,3,,,YES
PRODDTA,F42119_ARCH,5,SDSFXO,nchar,3,,,YES
PRODDTA,F42119_ARCH,38,SDFRGD,nchar,3,,,YES
PRODDTA,F42119_ARCH,39,SDTHGD,nchar,3,,,YES
PRODDTA,F42119_ARCH,46,SDNXTR,nchar,3,,,YES
PRODDTA,F42119_ARCH,47,SDLTTR,nchar,3,,,YES
PRODDTA,F42119_ARCH,54,SDSRP1,nchar,3,,,YES
PRODDTA,F42119_ARCH,55,SDSRP2,nchar,3,,,YES
PRODDTA,F42119_ARCH,56,SDSRP3,nchar,3,,,YES
PRODDTA,F42119_ARCH,57,SDSRP4,nchar,3,,,YES
PRODDTA,F42119_ARCH,58,SDSRP5,nchar,3,,,YES
PRODDTA,F42119_ARCH,59,SDPRP1,nchar,3,,,YES
PRODDTA,F42119_ARCH,60,SDPRP2,nchar,3,,,YES
PRODDTA,F42119_ARCH,61,SDPRP3,nchar,3,,,YES
PRODDTA,F42119_ARCH,62,SDPRP4,nchar,3,,,YES
PRODDTA,F42119_ARCH,63,SDPRP5,nchar,3,,,YES
PRODDTA,F42119_ARCH,87,SDPTC,nchar,3,,,YES
PRODDTA,F42119_ARCH,94,SDCLVL,nchar,3,,,YES
PRODDTA,F42119_ARCH,113,SDLOB,nchar,3,,,YES
PRODDTA,F42119_ARCH,114,SDEUSE,nchar,3,,,YES
PRODDTA,F42119_ARCH,119,SDMOT,nchar,3,,,YES
PRODDTA,F42119_ARCH,120,SDROUT,nchar,3,,,YES
PRODDTA,F42119_ARCH,121,SDSTOP,nchar,3,,,YES
PRODDTA,F42119_ARCH,122,SDZON,nchar,3,,,YES
PRODDTA,F42119_ARCH,124,SDFRTH,nchar,3,,,YES
PRODDTA,F42119_ARCH,125,SDSHCM,nchar,3,,,YES
PRODDTA,F42119_ARCH,126,SDSHCN,nchar,3,,,YES
PRODDTA,F42119_ARCH,161,SDRCD,nchar,3,,,YES
PRODDTA,F42119_ARCH,173,SDCRCD,nchar,3,,,YES
PRODDTA,F42119_ARCH,222,SDRFRV,nchar,3,,,YES
PRODDTA,F42119_ARCH,228,SDMERL,nchar,3,,,YES
PRODDTA,F42119_ARCH,232,SDBCRC,nchar,3,,,YES
PRODDTA,F42119_ARCH,239,SDXSFX,nchar,3,,,YES
PRODDTA,F42119_ARCH,252,SDOSTP,nchar,3,,,YES
PRODDTA,F5531_PRE_90,18,QZQSC1,nchar,3,,,YES
PRODDTA,F5531_PRE_90,19,QZQSC2,nchar,3,,,YES
PRODDTA,F5531_PRE_90,20,QZQSC3,nchar,3,,,YES
PRODDTA,F5531_PRE_90,21,QZQSC4,nchar,3,,,YES
PRODDTA,F5531_PRE_90,22,QZQSC5,nchar,3,,,YES
PRODDTA,F4211,5,SDSFXO,nchar,3,,,YES
PRODDTA,F4211,38,SDFRGD,nchar,3,,,YES
PRODDTA,F4211,39,SDTHGD,nchar,3,,,YES
PRODDTA,F4211,46,SDNXTR,nchar,3,,,YES
PRODDTA,F4211,47,SDLTTR,nchar,3,,,YES
PRODDTA,F4211,54,SDSRP1,nchar,3,,,YES
PRODDTA,F4211,55,SDSRP2,nchar,3,,,YES
PRODDTA,F4211,56,SDSRP3,nchar,3,,,YES
PRODDTA,F4211,57,SDSRP4,nchar,3,,,YES
PRODDTA,F4211,58,SDSRP5,nchar,3,,,YES
PRODDTA,F4211,59,SDPRP1,nchar,3,,,YES
PRODDTA,F4211,60,SDPRP2,nchar,3,,,YES
PRODDTA,F4211,61,SDPRP3,nchar,3,,,YES
PRODDTA,F4211,62,SDPRP4,nchar,3,,,YES
PRODDTA,F4211,63,SDPRP5,nchar,3,,,YES
PRODDTA,F4211,87,SDPTC,nchar,3,,,YES
PRODDTA,F4211,94,SDCLVL,nchar,3,,,YES
PRODDTA,F4211,113,SDLOB,nchar,3,,,YES
PRODDTA,F4211,114,SDEUSE,nchar,3,,,YES
PRODDTA,F4211,119,SDMOT,nchar,3,,,YES
PRODDTA,F4211,120,SDROUT,nchar,3,,,YES
PRODDTA,F4211,121,SDSTOP,nchar,3,,,YES
PRODDTA,F4211,122,SDZON,nchar,3,,,YES
PRODDTA,F4211,124,SDFRTH,nchar,3,,,YES
PRODDTA,F4211,125,SDSHCM,nchar,3,,,YES
PRODDTA,F4211,126,SDSHCN,nchar,3,,,YES
PRODDTA,F4211,161,SDRCD,nchar,3,,,YES
PRODDTA,F4211,173,SDCRCD,nchar,3,,,YES
PRODDTA,F4211,222,SDRFRV,nchar,3,,,YES
PRODDTA,F4211,228,SDMERL,nchar,3,,,YES
PRODDTA,F4211,232,SDBCRC,nchar,3,,,YES
PRODDTA,F4211,239,SDXSFX,nchar,3,,,YES
PRODDTA,F4211,252,SDOSTP,nchar,3,,,YES
PRODDTA,F4211_ARCH,5,SDSFXO,nchar,3,,,YES
PRODDTA,F4211_ARCH,38,SDFRGD,nchar,3,,,YES
PRODDTA,F4211_ARCH,39,SDTHGD,nchar,3,,,YES
PRODDTA,F4211_ARCH,46,SDNXTR,nchar,3,,,YES
PRODDTA,F4211_ARCH,47,SDLTTR,nchar,3,,,YES
PRODDTA,F4211_ARCH,54,SDSRP1,nchar,3,,,YES
PRODDTA,F4211_ARCH,55,SDSRP2,nchar,3,,,YES
PRODDTA,F4211_ARCH,56,SDSRP3,nchar,3,,,YES
PRODDTA,F4211_ARCH,57,SDSRP4,nchar,3,,,YES
PRODDTA,F4211_ARCH,58,SDSRP5,nchar,3,,,YES
PRODDTA,F4211_ARCH,59,SDPRP1,nchar,3,,,YES
PRODDTA,F4211_ARCH,60,SDPRP2,nchar,3,,,YES
PRODDTA,F4211_ARCH,61,SDPRP3,nchar,3,,,YES
PRODDTA,F4211_ARCH,62,SDPRP4,nchar,3,,,YES
PRODDTA,F4211_ARCH,63,SDPRP5,nchar,3,,,YES
PRODDTA,F4211_ARCH,87,SDPTC,nchar,3,,,YES
PRODDTA,F4211_ARCH,94,SDCLVL,nchar,3,,,YES
PRODDTA,F4211_ARCH,113,SDLOB,nchar,3,,,YES
PRODDTA,F4211_ARCH,114,SDEUSE,nchar,3,,,YES
PRODDTA,F4211_ARCH,119,SDMOT,nchar,3,,,YES
PRODDTA,F4211_ARCH,120,SDROUT,nchar,3,,,YES
PRODDTA,F4211_ARCH,121,SDSTOP,nchar,3,,,YES
PRODDTA,F4211_ARCH,122,SDZON,nchar,3,,,YES
PRODDTA,F4211_ARCH,124,SDFRTH,nchar,3,,,YES
PRODDTA,F4211_ARCH,125,SDSHCM,nchar,3,,,YES
PRODDTA,F4211_ARCH,126,SDSHCN,nchar,3,,,YES
PRODDTA,F4211_ARCH,161,SDRCD,nchar,3,,,YES
PRODDTA,F4211_ARCH,173,SDCRCD,nchar,3,,,YES
PRODDTA,F4211_ARCH,222,SDRFRV,nchar,3,,,YES
PRODDTA,F4211_ARCH,228,SDMERL,nchar,3,,,YES
PRODDTA,F4211_ARCH,232,SDBCRC,nchar,3,,,YES
PRODDTA,F4211_ARCH,239,SDXSFX,nchar,3,,,YES
PRODDTA,F4211_ARCH,252,SDOSTP,nchar,3,,,YES
PRODDTA,F4100,47,LMEQTP,nchar,3,,,YES
PRODDTA,F42119,5,SDSFXO,nchar,3,,,YES
PRODDTA,F42119,38,SDFRGD,nchar,3,,,YES
PRODDTA,F42119,39,SDTHGD,nchar,3,,,YES
PRODDTA,F42119,46,SDNXTR,nchar,3,,,YES
PRODDTA,F42119,47,SDLTTR,nchar,3,,,YES
PRODDTA,F42119,54,SDSRP1,nchar,3,,,YES
PRODDTA,F42119,55,SDSRP2,nchar,3,,,YES
PRODDTA,F42119,56,SDSRP3,nchar,3,,,YES
PRODDTA,F42119,57,SDSRP4,nchar,3,,,YES
PRODDTA,F42119,58,SDSRP5,nchar,3,,,YES
PRODDTA,F42119,59,SDPRP1,nchar,3,,,YES
PRODDTA,F42119,60,SDPRP2,nchar,3,,,YES
PRODDTA,F42119,61,SDPRP3,nchar,3,,,YES
PRODDTA,F42119,62,SDPRP4,nchar,3,,,YES
PRODDTA,F42119,63,SDPRP5,nchar,3,,,YES
PRODDTA,F42119,87,SDPTC,nchar,3,,,YES
PRODDTA,F42119,94,SDCLVL,nchar,3,,,YES
PRODDTA,F42119,113,SDLOB,nchar,3,,,YES
PRODDTA,F42119,114,SDEUSE,nchar,3,,,YES
PRODDTA,F42119,119,SDMOT,nchar,3,,,YES
PRODDTA,F42119,120,SDROUT,nchar,3,,,YES
PRODDTA,F42119,121,SDSTOP,nchar,3,,,YES
PRODDTA,F42119,122,SDZON,nchar,3,,,YES
PRODDTA,F42119,124,SDFRTH,nchar,3,,,YES
PRODDTA,F42119,125,SDSHCM,nchar,3,,,YES
PRODDTA,F42119,126,SDSHCN,nchar,3,,,YES
PRODDTA,F42119,161,SDRCD,nchar,3,,,YES
PRODDTA,F42119,173,SDCRCD,nchar,3,,,YES
PRODDTA,F42119,222,SDRFRV,nchar,3,,,YES
PRODDTA,F42119,228,SDMERL,nchar,3,,,YES
PRODDTA,F42119,232,SDBCRC,nchar,3,,,YES
PRODDTA,F42119,239,SDXSFX,nchar,3,,,YES
PRODDTA,F42119,252,SDOSTP,nchar,3,,,YES
PRODDTA,F554101T,3,IMAC01,nchar,3,,,YES
PRODDTA,F554101T,4,IMAC02,nchar,3,,,YES
PRODDTA,F554101T,5,IMAC03,nchar,3,,,YES
PRODDTA,F554101T,6,IMAC04,nchar,3,,,YES
PRODDTA,F554101T,7,IMAC05,nchar,3,,,YES
PRODDTA,F554101T,8,IMAC06,nchar,3,,,YES
PRODDTA,F554101T,9,IMAC07,nchar,3,,,YES
PRODDTA,F554101T,10,IMAC08,nchar,3,,,YES
PRODDTA,F554101T,11,IMAC09,nchar,3,,,YES
PRODDTA,F554101T,12,IMAC10,nchar,3,,,YES
PRODDTA,F4101,8,IMSRP1,nchar,3,,,YES
PRODDTA,F4101,9,IMSRP2,nchar,3,,,YES
PRODDTA,F4101,10,IMSRP3,nchar,3,,,YES
PRODDTA,F4101,11,IMSRP4,nchar,3,,,YES
PRODDTA,F4101,12,IMSRP5,nchar,3,,,YES
PRODDTA,F4101,18,IMPRP1,nchar,3,,,YES
PRODDTA,F4101,19,IMPRP2,nchar,3,,,YES
PRODDTA,F4101,20,IMPRP3,nchar,3,,,YES
PRODDTA,F4101,21,IMPRP4,nchar,3,,,YES
PRODDTA,F4101,22,IMPRP5,nchar,3,,,YES
PRODDTA,F4101,29,IMPDGR,nchar,3,,,YES
PRODDTA,F4101,30,IMDSGP,nchar,3,,,YES
PRODDTA,F4101,41,IMSHCN,nchar,3,,,YES
PRODDTA,F4101,42,IMSHCM,nchar,3,,,YES
PRODDTA,F4101,54,IMCYCL,nchar,3,,,YES
PRODDTA,F4101,68,IMSTDG,nchar,3,,,YES
PRODDTA,F4101,69,IMFRGD,nchar,3,,,YES
PRODDTA,F4101,70,IMTHGD,nchar,3,,,YES
PRODDTA,F4101,180,IMLOTC,nchar,3,,,YES
PRODDTA,F4101,193,IMUMTH,nchar,3,,,YES
PRODDTA,F4101,203,IMCUMTH,nchar,3,,,YES
PRODDTA,F4102,5,IBSRP1,nchar,3,,,YES
PRODDTA,F4102,6,IBSRP2,nchar,3,,,YES
PRODDTA,F4102,7,IBSRP3,nchar,3,,,YES
PRODDTA,F4102,8,IBSRP4,nchar,3,,,YES
PRODDTA,F4102,9,IBSRP5,nchar,3,,,YES
PRODDTA,F4102,15,IBPRP1,nchar,3,,,YES
PRODDTA,F4102,16,IBPRP2,nchar,3,,,YES
PRODDTA,F4102,17,IBPRP3,nchar,3,,,YES
PRODDTA,F4102,18,IBPRP4,nchar,3,,,YES
PRODDTA,F4102,19,IBPRP5,nchar,3,,,YES
PRODDTA,F4102,26,IBPDGR,nchar,3,,,YES
PRODDTA,F4102,27,IBDSGP,nchar,3,,,YES
PRODDTA,F4102,32,IBORIG,nchar,3,,,YES
PRODDTA,F4102,49,IBSTDG,nchar,3,,,YES
PRODDTA,F4102,50,IBFRGD,nchar,3,,,YES
PRODDTA,F4102,51,IBTHGD,nchar,3,,,YES
PRODDTA,F4102,63,IBSHCM,nchar,3,,,YES
PRODDTA,F4102,66,IBSHCN,nchar,3,,,YES
PRODDTA,F4102,70,IBCYCL,nchar,3,,,YES
PRODDTA,F4102,84,IBMERL,nchar,3,,,YES
PRODDTA,F4102,152,IBLOTC,nchar,3,,,YES
PRODDTA,F4102,160,IBUMTH,nchar,3,,,YES
PRODDTA,F4102,170,IBCUMTH,nchar,3,,,YES
PRODDTA,F554102D,6,RMSRP1,nchar,3,,,YES
PRODDTA,F554102D,7,RMSRP2,nchar,3,,,YES
PRODDTA,F4105,7,COLOTG,nchar,3,,,YES
PRODDTA,F554102T,3,IBAC01,nchar,3,,,YES
PRODDTA,F554102T,4,IBAC02,nchar,3,,,YES
PRODDTA,F554102T,5,IBAC03,nchar,3,,,YES
PRODDTA,F554102T,6,IBAC04,nchar,3,,,YES
PRODDTA,F554102T,7,IBAC05,nchar,3,,,YES
PRODDTA,F554102T,8,IBAC06,nchar,3,,,YES
PRODDTA,F554102T,9,IBAC07,nchar,3,,,YES
PRODDTA,F554102T,10,IBAC08,nchar,3,,,YES
PRODDTA,F554102T,11,IBAC09,nchar,3,,,YES
PRODDTA,F554102T,12,IBAC10,nchar,3,,,YES
PRODDTA,F554105,6,MRSRP1,nchar,3,,,YES
PRODDTA,F554105,7,MRSRP2,nchar,3,,,YES
PRODDTA,F554105,8,MRAC09,nchar,3,,,YES
PRODDTA,F554105,9,MRAC10,nchar,3,,,YES
PRODDTA,F42004,6,CMAC01,nchar,3,,,YES
PRODDTA,F42004,7,CMAC04,nchar,3,,,YES
PRODDTA,F42004,9,CMFRTH,nchar,3,,,YES
PRODDTA,F42005,3,SCSFXO,nchar,3,,,YES
PRODDTA,F42005,13,SCAC01,nchar,3,,,YES
PRODDTA,F42005,14,SCAC02,nchar,3,,,YES
PRODDTA,F42005,15,SCAC03,nchar,3,,,YES
PRODDTA,F42005,16,SCAC04,nchar,3,,,YES
PRODDTA,F42005,17,SCAC05,nchar,3,,,YES
PRODDTA,F42005,18,SCSRP1,nchar,3,,,YES
PRODDTA,F42005,19,SCSRP2,nchar,3,,,YES
PRODDTA,F42005,20,SCSRP3,nchar,3,,,YES
PRODDTA,F42005,21,SCSRP4,nchar,3,,,YES
PRODDTA,F42005,22,SCSRP5,nchar,3,,,YES
PRODDTA,F42005,24,SCFRTH,nchar,3,,,YES
PRODDTA,F4301,32,PHPTC,nchar,3,,,YES
PRODDTA,F4301,41,PHFRTH,nchar,3,,,YES
PRODDTA,F4301,42,PHZON,nchar,3,,,YES
PRODDTA,F4301,45,PHMOT,nchar,3,,,YES
PRODDTA,F4301,46,PHCOT,nchar,3,,,YES
PRODDTA,F4301,47,PHRCD,nchar,3,,,YES
PRODDTA,F4301,53,PHRTNR,nchar,3,,,YES
PRODDTA,F4301,64,PHPRP5,nchar,3,,,YES
PRODDTA,F4301,68,PHCRCD,nchar,3,,,YES
PRODDTA,F4301,88,PHBCRC,nchar,3,,,YES
PRODDTA,F4301,102,PHPOHC01,nchar,3,,,YES
PRODDTA,F4301,103,PHPOHC02,nchar,3,,,YES
PRODDTA,F4301,104,PHPOHC03,nchar,3,,,YES
PRODDTA,F4301,105,PHPOHC04,nchar,3,,,YES
PRODDTA,F4301,106,PHPOHC05,nchar,3,,,YES
PRODDTA,F4301,107,PHPOHC06,nchar,3,,,YES
PRODDTA,F4301,123,PHCLASS01,nchar,3,,,YES
PRODDTA,F4301,124,PHCLASS02,nchar,3,,,YES
PRODDTA,F4301,125,PHCLASS03,nchar,3,,,YES
PRODDTA,F4301,126,PHCLASS04,nchar,3,,,YES
PRODDTA,F4301,127,PHCLASS05,nchar,3,,,YES
PRODDTA,F03B11,31,RPBCRC,nchar,3,,,YES
PRODDTA,F03B11,33,RPCRCD,nchar,3,,,YES
PRODDTA,F03B11,55,RPPTC,nchar,3,,,YES
PRODDTA,F03B11,73,RPOSFX,nchar,3,,,YES
PRODDTA,F03B11,83,RPSFXO,nchar,3,,,YES
PRODDTA,F03B11,105,RPAR01,nchar,3,,,YES
PRODDTA,F03B11,106,RPAR02,nchar,3,,,YES
PRODDTA,F03B11,107,RPAR03,nchar,3,,,YES
PRODDTA,F03B11,108,RPAR04,nchar,3,,,YES
PRODDTA,F03B11,109,RPAR05,nchar,3,,,YES
PRODDTA,F03B11,110,RPAR06,nchar,3,,,YES
PRODDTA,F03B11,111,RPAR07,nchar,3,,,YES
PRODDTA,F03B11,112,RPAR08,nchar,3,,,YES
PRODDTA,F03B11,113,RPAR09,nchar,3,,,YES
PRODDTA,F03B11,114,RPAR10,nchar,3,,,YES
PRODDTA,F03B11,117,RPURC1,nchar,3,,,YES
PRODDTA,F01151,13,EAECLASS,nchar,3,,,YES
PRODDTA,F03B112,9,RWOSFX,nchar,3,,,YES
PRODDTA,F03B112,10,RWARE,nchar,3,,,YES
PRODDTA,F03B112,33,RWBCRC,nchar,3,,,YES
PRODDTA,F03B112,37,RWCRCD,nchar,3,,,YES
PRODDTA,F03B112,47,RWPTC,nchar,3,,,YES
PRODDTA,F4311,40,PDFRGD,nchar,3,,,YES
PRODDTA,F4311,41,PDTHGD,nchar,3,,,YES
PRODDTA,F4311,47,PDNXTR,nchar,3,,,YES
PRODDTA,F4311,48,PDLTTR,nchar,3,,,YES
PRODDTA,F4311,50,PDPDS1,nchar,3,,,YES
PRODDTA,F4311,51,PDPDS2,nchar,3,,,YES
PRODDTA,F4311,52,PDPDS3,nchar,3,,,YES
PRODDTA,F4311,53,PDPDS4,nchar,3,,,YES
PRODDTA,F4311,54,PDPDS5,nchar,3,,,YES
PRODDTA,F4311,55,PDPDP1,nchar,3,,,YES
PRODDTA,F4311,56,PDPDP2,nchar,3,,,YES
PRODDTA,F4311,57,PDPDP3,nchar,3,,,YES
PRODDTA,F4311,58,PDPDP4,nchar,3,,,YES
PRODDTA,F4311,59,PDPDP5,nchar,3,,,YES
PRODDTA,F4311,84,PDCLVL,nchar,3,,,YES
PRODDTA,F4311,87,PDPTC,nchar,3,,,YES
PRODDTA,F4311,95,PDFRTH,nchar,3,,,YES
PRODDTA,F4311,97,PDZON,nchar,3,,,YES
PRODDTA,F4311,102,PDMOT,nchar,3,,,YES
PRODDTA,F4311,103,PDCOT,nchar,3,,,YES
PRODDTA,F4311,104,PDSHCM,nchar,3,,,YES
PRODDTA,F4311,105,PDSHCN,nchar,3,,,YES
PRODDTA,F4311,119,PDRCD,nchar,3,,,YES
PRODDTA,F4311,137,PDELEV,nchar,3,,,YES
PRODDTA,F4311,138,PDR001,nchar,3,,,YES
PRODDTA,F4311,139,PDRTNR,nchar,3,,,YES
PRODDTA,F4311,166,PDCRCD,nchar,3,,,YES
PRODDTA,F4311,191,PDOSFX,nchar,3,,,YES
PRODDTA,F4311,192,PDMERL,nchar,3,,,YES
PRODDTA,F4311,206,PDBCRC,nchar,3,,,YES
PRODDTA,F4311,214,PDRSFX,nchar,3,,,YES
PRODDTA,F4311,219,PDPODC01,nchar,3,,,YES
PRODDTA,F4311,220,PDPODC02,nchar,3,,,YES
PRODDTA,F4072,36,ADCRCDVID,nchar,3,,,YES
PRODDTA,F03B13,24,RYBCRC,nchar,3,,,YES
PRODDTA,F03B13,26,RYCRCD,nchar,3,,,YES
PRODDTA,F03B13,46,RYVRE,nchar,3,,,YES
PRODDTA,F03B13,72,RYURC1,nchar,3,,,YES
PRODDTA,F43121,20,PRLOTG,nchar,3,,,YES
PRODDTA,F43121,24,PRNXTR,nchar,3,,,YES
PRODDTA,F43121,25,PRLTTR,nchar,3,,,YES
PRODDTA,F43121,31,PRRCD,nchar,3,,,YES
PRODDTA,F43121,33,PRPTC,nchar,3,,,YES
PRODDTA,F43121,36,PRPRP5,nchar,3,,,YES
PRODDTA,F43121,37,PRLVLA,nchar,3,,,YES
PRODDTA,F43121,58,PRSFX,nchar,3,,,YES
PRODDTA,F43121,86,PRCRCD,nchar,3,,,YES
PRODDTA,F43121,106,PRBCRC,nchar,3,,,YES
PRODDTA,F43121,125,PRMERL,nchar,3,,,YES
PRODDTA,F03B14,7,RZSFX,nchar,3,,,YES
PRODDTA,F03B14,31,RZBCRC,nchar,3,,,YES
PRODDTA,F03B14,33,RZCRCD,nchar,3,,,YES
PRODDTA,F03B14,43,RZTCRC,nchar,3,,,YES
PRODDTA,F03B14,83,RZOSFX,nchar,3,,,YES
PRODDTA,F03B14,87,RZGSFX,nchar,3,,,YES
PRODDTA,F03B14,94,RZVRE,nchar,3,,,YES
PRODDTA,F03B14,118,RZURC1,nchar,3,,,YES
PRODDTA,F03B14,125,RZSFXO,nchar,3,,,YES
PRODDTA,F03B14,131,RZDRCO,nchar,3,,,YES
PRODDTA,F4801,3,WASFXO,nchar,3,,,YES
PRODDTA,F4801,38,WAWR02,nchar,3,,,YES
PRODDTA,F4801,39,WAWR03,nchar,3,,,YES
PRODDTA,F4801,40,WAWR04,nchar,3,,,YES
PRODDTA,F4801,41,WAWR05,nchar,3,,,YES
PRODDTA,F4801,42,WAWR06,nchar,3,,,YES
PRODDTA,F4801,43,WAWR07,nchar,3,,,YES
PRODDTA,F4801,44,WAWR08,nchar,3,,,YES
PRODDTA,F4801,45,WAWR09,nchar,3,,,YES
PRODDTA,F4801,46,WAWR10,nchar,3,,,YES
PRODDTA,F4801,71,WATBM,nchar,3,,,YES
PRODDTA,F4801,72,WATRT,nchar,3,,,YES
PRODDTA,F4801,91,WALOTG,nchar,3,,,YES
PRODDTA,F4801,97,WABREV,nchar,3,,,YES
PRODDTA,F4801,98,WARREV,nchar,3,,,YES
PRODDTA,F4801,103,WAPHSE,nchar,3,,,YES
PRODDTA,F4801,104,WAXDSP,nchar,3,,,YES
PRODDTA,F4801,123,WAAPRT,nchar,3,,,YES
PRODDTA,F41001,79,CIMVER,nchar,3,,,YES
PRODDTA,F41001,107,CINCOOC,nchar,3,,,YES
PRODDTA,F0411,34,RPCRCD,nchar,3,,,YES
PRODDTA,F0411,54,RPPTC,nchar,3,,,YES
PRODDTA,F0411,59,RPOSFX,nchar,3,,,YES
PRODDTA,F0411,60,RPCRC,nchar,3,,,YES
PRODDTA,F0411,66,RPSFXO,nchar,3,,,YES
PRODDTA,F0411,84,RPAC07,nchar,3,,,YES
PRODDTA,F0411,90,RPURC1,nchar,3,,,YES
PRODDTA,F0411,102,RPYC01,nchar,3,,,YES
PRODDTA,F0411,103,RPYC02,nchar,3,,,YES
PRODDTA,F0411,104,RPYC03,nchar,3,,,YES
PRODDTA,F0411,105,RPYC04,nchar,3,,,YES
PRODDTA,F0411,106,RPYC05,nchar,3,,,YES
PRODDTA,F0411,107,RPYC06,nchar,3,,,YES
PRODDTA,F0411,108,RPYC07,nchar,3,,,YES
PRODDTA,F0411,109,RPYC08,nchar,3,,,YES
PRODDTA,F0411,110,RPYC09,nchar,3,,,YES
PRODDTA,F0411,111,RPYC10,nchar,3,,,YES
PRODDTA,F0411,113,RPBCRC,nchar,3,,,YES
PRODDTA,F0411,143,RPCLASS01,nchar,3,,,YES
PRODDTA,F0411,144,RPCLASS02,nchar,3,,,YES
PRODDTA,F0411,145,RPCLASS03,nchar,3,,,YES
PRODDTA,F0411,146,RPCLASS04,nchar,3,,,YES
PRODDTA,F0411,147,RPCLASS05,nchar,3,,,YES
PRODDTA,F0413,12,RMCRCD,nchar,3,,,YES
PRODDTA,F0010,25,CCCRCD,nchar,3,,,YES
PRODDTA,F0010,64,CCTHCO,nchar,3,,,YES
PRODDTA,F0414,7,RNSFX,nchar,3,,,YES
PRODDTA,F0414,16,RNCRCD,nchar,3,,,YES
PRODDTA,F0414,36,RNBCRC,nchar,3,,,YES
PRODDTA,F0414,44,RNDRCO,nchar,3,,,YES
PRODDTA,F42199,5,SLSFXO,nchar,3,,,YES
PRODDTA,F42199,38,SLFRGD,nchar,3,,,YES
PRODDTA,F42199,39,SLTHGD,nchar,3,,,YES
PRODDTA,F42199,46,SLNXTR,nchar,3,,,YES
PRODDTA,F42199,47,SLLTTR,nchar,3,,,YES
PRODDTA,F42199,54,SLSRP1,nchar,3,,,YES
PRODDTA,F42199,55,SLSRP2,nchar,3,,,YES
PRODDTA,F42199,56,SLSRP3,nchar,3,,,YES
PRODDTA,F42199,57,SLSRP4,nchar,3,,,YES
PRODDTA,F42199,58,SLSRP5,nchar,3,,,YES
PRODDTA,F42199,59,SLPRP1,nchar,3,,,YES
PRODDTA,F42199,60,SLPRP2,nchar,3,,,YES
PRODDTA,F42199,61,SLPRP3,nchar,3,,,YES
PRODDTA,F42199,62,SLPRP4,nchar,3,,,YES
PRODDTA,F42199,63,SLPRP5,nchar,3,,,YES
PRODDTA,F42199,87,SLPTC,nchar,3,,,YES
PRODDTA,F42199,94,SLCLVL,nchar,3,,,YES
PRODDTA,F42199,113,SLLOB,nchar,3,,,YES
PRODDTA,F42199,114,SLEUSE,nchar,3,,,YES
PRODDTA,F42199,119,SLMOT,nchar,3,,,YES
PRODDTA,F42199,120,SLROUT,nchar,3,,,YES
PRODDTA,F42199,121,SLSTOP,nchar,3,,,YES
PRODDTA,F42199,122,SLZON,nchar,3,,,YES
PRODDTA,F42199,124,SLFRTH,nchar,3,,,YES
PRODDTA,F42199,125,SLSHCM,nchar,3,,,YES
PRODDTA,F42199,126,SLSHCN,nchar,3,,,YES
PRODDTA,F42199,161,SLRCD,nchar,3,,,YES
PRODDTA,F42199,173,SLCRCD,nchar,3,,,YES
PRODDTA,F42199,222,SLRFRV,nchar,3,,,YES
PRODDTA,F42199,228,SLMERL,nchar,3,,,YES
PRODDTA,F42199,232,SLBCRC,nchar,3,,,YES
PRODDTA,F42199,239,SLXSFX,nchar,3,,,YES
PRODDTA,F42199,252,SLOSTP,nchar,3,,,YES
PRODDTA,F46011,27,IQPTRA,nchar,3,,,YES
PRODDTA,F46011,28,IQKTRA,nchar,3,,,YES
PRODDTA,F46011,29,IQRTRA,nchar,3,,,YES
PRODDTA,F4908,8,IIHZDC,nchar,3,,,YES
PRODDTA,F4908,9,IIPKGP,nchar,3,,,YES
PRODDTA,F4908,10,IISRSK,nchar,3,,,YES
PRODDTA,F4908,14,IIHZDL,nchar,3,,,YES
PRODDTA,F0015,8,CXTRCR,nchar,3,,,YES
PRODDTA,F0025,11,LHCRCX,nchar,3,,,YES
PRODDTA,F0101,9,ABAT1,nchar,3,,,YES
PRODDTA,F0101,29,ABAC01,nchar,3,,,YES
PRODDTA,F0101,30,ABAC02,nchar,3,,,YES
PRODDTA,F0101,31,ABAC03,nchar,3,,,YES
PRODDTA,F0101,32,ABAC04,nchar,3,,,YES
PRODDTA,F0101,33,ABAC05,nchar,3,,,YES
PRODDTA,F0101,34,ABAC06,nchar,3,,,YES
PRODDTA,F0101,35,ABAC07,nchar,3,,,YES
PRODDTA,F0101,36,ABAC08,nchar,3,,,YES
PRODDTA,F0101,37,ABAC09,nchar,3,,,YES
PRODDTA,F0101,38,ABAC10,nchar,3,,,YES
PRODDTA,F0101,39,ABAC11,nchar,3,,,YES
PRODDTA,F0101,40,ABAC12,nchar,3,,,YES
PRODDTA,F0101,41,ABAC13,nchar,3,,,YES
PRODDTA,F0101,42,ABAC14,nchar,3,,,YES
PRODDTA,F0101,43,ABAC15,nchar,3,,,YES
PRODDTA,F0101,44,ABAC16,nchar,3,,,YES
PRODDTA,F0101,45,ABAC17,nchar,3,,,YES
PRODDTA,F0101,46,ABAC18,nchar,3,,,YES
PRODDTA,F0101,47,ABAC19,nchar,3,,,YES
PRODDTA,F0101,48,ABAC20,nchar,3,,,YES
PRODDTA,F0101,49,ABAC21,nchar,3,,,YES
PRODDTA,F0101,50,ABAC22,nchar,3,,,YES
PRODDTA,F0101,51,ABAC23,nchar,3,,,YES
PRODDTA,F0101,52,ABAC24,nchar,3,,,YES
PRODDTA,F0101,53,ABAC25,nchar,3,,,YES
PRODDTA,F0101,54,ABAC26,nchar,3,,,YES
PRODDTA,F0101,55,ABAC27,nchar,3,,,YES
PRODDTA,F0101,56,ABAC28,nchar,3,,,YES
PRODDTA,F0101,57,ABAC29,nchar,3,,,YES
PRODDTA,F0101,58,ABAC30,nchar,3,,,YES
PRODDTA,F0101,82,ABCLASS01,nchar,3,,,YES
PRODDTA,F0101,83,ABCLASS02,nchar,3,,,YES
PRODDTA,F0101,84,ABCLASS03,nchar,3,,,YES
PRODDTA,F0101,85,ABCLASS04,nchar,3,,,YES
PRODDTA,F0101,86,ABCLASS05,nchar,3,,,YES
PRODDTA,F0006,8,MCCNTY,nchar,3,,,YES
PRODDTA,F0006,9,MCADDS,nchar,3,,,YES
PRODDTA,F0006,15,MCRP01,nchar,3,,,YES
PRODDTA,F0006,16,MCRP02,nchar,3,,,YES
PRODDTA,F0006,17,MCRP03,nchar,3,,,YES
PRODDTA,F0006,18,MCRP04,nchar,3,,,YES
PRODDTA,F0006,19,MCRP05,nchar,3,,,YES
PRODDTA,F0006,20,MCRP06,nchar,3,,,YES
PRODDTA,F0006,21,MCRP07,nchar,3,,,YES
PRODDTA,F0006,22,MCRP08,nchar,3,,,YES
PRODDTA,F0006,23,MCRP09,nchar,3,,,YES
PRODDTA,F0006,24,MCRP10,nchar,3,,,YES
PRODDTA,F0006,25,MCRP11,nchar,3,,,YES
PRODDTA,F0006,26,MCRP12,nchar,3,,,YES
PRODDTA,F0006,27,MCRP13,nchar,3,,,YES
PRODDTA,F0006,28,MCRP14,nchar,3,,,YES
PRODDTA,F0006,29,MCRP15,nchar,3,,,YES
PRODDTA,F0006,30,MCRP16,nchar,3,,,YES
PRODDTA,F0006,31,MCRP17,nchar,3,,,YES
PRODDTA,F0006,32,MCRP18,nchar,3,,,YES
PRODDTA,F0006,33,MCRP19,nchar,3,,,YES
PRODDTA,F0006,34,MCRP20,nchar,3,,,YES
PRODDTA,F43199,4,OLSFXO,nchar,3,,,YES
PRODDTA,F43199,40,OLFRGD,nchar,3,,,YES
PRODDTA,F43199,41,OLTHGD,nchar,3,,,YES
PRODDTA,F43199,47,OLNXTR,nchar,3,,,YES
PRODDTA,F43199,48,OLLTTR,nchar,3,,,YES
PRODDTA,F43199,50,OLPDS1,nchar,3,,,YES
PRODDTA,F43199,51,OLPDS2,nchar,3,,,YES
PRODDTA,F43199,52,OLPDS3,nchar,3,,,YES
PRODDTA,F43199,53,OLPDS4,nchar,3,,,YES
PRODDTA,F43199,54,OLPDS5,nchar,3,,,YES
PRODDTA,F43199,55,OLPDP1,nchar,3,,,YES
PRODDTA,F43199,56,OLPDP2,nchar,3,,,YES
PRODDTA,F43199,57,OLPDP3,nchar,3,,,YES
PRODDTA,F43199,58,OLPDP4,nchar,3,,,YES
PRODDTA,F43199,59,OLPDP5,nchar,3,,,YES
PRODDTA,F43199,84,OLCLVL,nchar,3,,,YES
PRODDTA,F43199,87,OLPTC,nchar,3,,,YES
PRODDTA,F43199,95,OLFRTH,nchar,3,,,YES
PRODDTA,F43199,97,OLZON,nchar,3,,,YES
PRODDTA,F43199,102,OLMOT,nchar,3,,,YES
PRODDTA,F43199,103,OLCOT,nchar,3,,,YES
PRODDTA,F43199,104,OLSHCM,nchar,3,,,YES
PRODDTA,F43199,105,OLSHCN,nchar,3,,,YES
PRODDTA,F43199,119,OLRCD,nchar,3,,,YES
PRODDTA,F43199,137,OLELEV,nchar,3,,,YES
PRODDTA,F43199,138,OLR001,nchar,3,,,YES
PRODDTA,F43199,139,OLRTNR,nchar,3,,,YES
PRODDTA,F43199,166,OLCRCD,nchar,3,,,YES
PRODDTA,F43199,193,OLOSFX,nchar,3,,,YES
PRODDTA,F43199,194,OLMERL,nchar,3,,,YES
PRODDTA,F43199,207,OLBCRC,nchar,3,,,YES
PRODDTA,F43199,216,OLRSFX,nchar,3,,,YES
PRODDTA,F43199,221,OLPODC01,nchar,3,,,YES
PRODDTA,F43199,222,OLPODC02,nchar,3,,,YES
PRODDTA,F0116,11,ALADDS,nchar,3,,,YES
PRODDTA,F0116,14,ALCTR,nchar,3,,,YES
PRODDTA,F56NAICS,10,NANAISEC,nchar,3,,,YES
PRODDTA,F03B11_ARCH,31,RPBCRC,nchar,3,,,YES
PRODDTA,F03B11_ARCH,33,RPCRCD,nchar,3,,,YES
PRODDTA,F03B11_ARCH,55,RPPTC,nchar,3,,,YES
PRODDTA,F03B11_ARCH,73,RPOSFX,nchar,3,,,YES
PRODDTA,F03B11_ARCH,83,RPSFXO,nchar,3,,,YES
PRODDTA,F03B11_ARCH,105,RPAR01,nchar,3,,,YES
PRODDTA,F03B11_ARCH,106,RPAR02,nchar,3,,,YES
PRODDTA,F03B11_ARCH,107,RPAR03,nchar,3,,,YES
PRODDTA,F03B11_ARCH,108,RPAR04,nchar,3,,,YES
PRODDTA,F03B11_ARCH,109,RPAR05,nchar,3,,,YES
PRODDTA,F03B11_ARCH,110,RPAR06,nchar,3,,,YES
PRODDTA,F03B11_ARCH,111,RPAR07,nchar,3,,,YES
PRODDTA,F03B11_ARCH,112,RPAR08,nchar,3,,,YES
PRODDTA,F03B11_ARCH,113,RPAR09,nchar,3,,,YES
PRODDTA,F03B11_ARCH,114,RPAR10,nchar,3,,,YES
PRODDTA,F03B11_ARCH,117,RPURC1,nchar,3,,,YES
PRODDTA,F0111,14,WWW001,nchar,3,,,YES
PRODDTA,F0111,15,WWW002,nchar,3,,,YES
PRODDTA,F0111,16,WWW003,nchar,3,,,YES
PRODDTA,F0111,17,WWW004,nchar,3,,,YES
PRODDTA,F0111,18,WWW005,nchar,3,,,YES
PRODDTA,F0111,19,WWW006,nchar,3,,,YES
PRODDTA,F0111,20,WWW007,nchar,3,,,YES
PRODDTA,F0111,21,WWW008,nchar,3,,,YES
PRODDTA,F0111,22,WWW009,nchar,3,,,YES
PRODDTA,F0111,23,WWW010,nchar,3,,,YES
PRODDTA,F0111,31,WWNTYP,nchar,3,,,YES
PRODDTA,F0111,37,WWWN001,nchar,3,,,YES
PRODDTA,F0111,38,WWWN002,nchar,3,,,YES
PRODDTA,F0111,39,WWWN003,nchar,3,,,YES
PRODDTA,F0111,40,WWWN004,nchar,3,,,YES
PRODDTA,F0111,41,WWWN005,nchar,3,,,YES
PRODDTA,F0111,42,WWWN006,nchar,3,,,YES
PRODDTA,F0111,43,WWWN007,nchar,3,,,YES
PRODDTA,F0111,44,WWWN008,nchar,3,,,YES
PRODDTA,F0111,45,WWWN009,nchar,3,,,YES
PRODDTA,F0111,46,WWWN010,nchar,3,,,YES
PRODDTA,F0111,49,WWPCF,nchar,3,,,YES
PRODDTA,F03012,10,AICRCD,nchar,3,,,YES
PRODDTA,F03012,15,AITRAR,nchar,3,,,YES
PRODDTA,F03012,56,AIDB,nchar,3,,,YES
PRODDTA,F03012,58,AITRW,nchar,3,,,YES
PRODDTA,F03012,61,AICRCA,nchar,3,,,YES
PRODDTA,F03012,86,AIROUT,nchar,3,,,YES
PRODDTA,F03012,87,AISTOP,nchar,3,,,YES
PRODDTA,F03012,88,AIZON,nchar,3,,,YES
PRODDTA,F03012,93,AIFRTH,nchar,3,,,YES
PRODDTA,F03012,140,AIAC01,nchar,3,,,YES
PRODDTA,F03012,141,AIAC02,nchar,3,,,YES
PRODDTA,F03012,142,AIAC03,nchar,3,,,YES
PRODDTA,F03012,143,AIAC04,nchar,3,,,YES
PRODDTA,F03012,144,AIAC05,nchar,3,,,YES
PRODDTA,F03012,145,AIAC06,nchar,3,,,YES
PRODDTA,F03012,146,AIAC07,nchar,3,,,YES
PRODDTA,F03012,147,AIAC08,nchar,3,,,YES
PRODDTA,F03012,148,AIAC09,nchar,3,,,YES
PRODDTA,F03012,149,AIAC10,nchar,3,,,YES
PRODDTA,F03012,150,AIAC11,nchar,3,,,YES
PRODDTA,F03012,151,AIAC12,nchar,3,,,YES
PRODDTA,F03012,152,AIAC13,nchar,3,,,YES
PRODDTA,F03012,153,AIAC14,nchar,3,,,YES
PRODDTA,F03012,154,AIAC15,nchar,3,,,YES
PRODDTA,F03012,155,AIAC16,nchar,3,,,YES
PRODDTA,F03012,156,AIAC17,nchar,3,,,YES
PRODDTA,F03012,157,AIAC18,nchar,3,,,YES
PRODDTA,F03012,158,AIAC19,nchar,3,,,YES
PRODDTA,F03012,159,AIAC20,nchar,3,,,YES
PRODDTA,F03012,160,AIAC21,nchar,3,,,YES
PRODDTA,F03012,161,AIAC22,nchar,3,,,YES
PRODDTA,F03012,162,AIAC23,nchar,3,,,YES
PRODDTA,F03012,163,AIAC24,nchar,3,,,YES
PRODDTA,F03012,164,AIAC25,nchar,3,,,YES
PRODDTA,F03012,165,AIAC26,nchar,3,,,YES
PRODDTA,F03012,166,AIAC27,nchar,3,,,YES
PRODDTA,F03012,167,AIAC28,nchar,3,,,YES
PRODDTA,F03012,168,AIAC29,nchar,3,,,YES
PRODDTA,F03012,169,AIAC30,nchar,3,,,YES
PRODDTA,F03B13_ARCH,24,RYBCRC,nchar,3,,,YES
PRODDTA,F03B13_ARCH,26,RYCRCD,nchar,3,,,YES
PRODDTA,F03B13_ARCH,46,RYVRE,nchar,3,,,YES
PRODDTA,F03B13_ARCH,72,RYURC1,nchar,3,,,YES
PRODDTA,F4801T,17,WACRCD,nchar,3,,,YES
PRODDTA,F4801T,18,WACRCE,nchar,3,,,YES
PRODDTA,F4801T,19,WACRCF,nchar,3,,,YES
PRODDTA,F4801T,37,WAWR11,nchar,3,,,YES
PRODDTA,F4801T,38,WAWR12,nchar,3,,,YES
PRODDTA,F4801T,39,WAWR13,nchar,3,,,YES
PRODDTA,F4801T,40,WAWR14,nchar,3,,,YES
PRODDTA,F4801T,41,WAWR15,nchar,3,,,YES
PRODDTA,F4801T,42,WAWR16,nchar,3,,,YES
PRODDTA,F4801T,43,WAWR17,nchar,3,,,YES
PRODDTA,F4801T,44,WAWR18,nchar,3,,,YES
PRODDTA,F4801T,45,WAWR19,nchar,3,,,YES
PRODDTA,F4801T,46,WAWR20,nchar,3,,,YES
PRODDTA,F4801T,57,WAENTCK,nchar,3,,,YES
PRODDTA,F4801T,60,WACTR,nchar,3,,,YES
PRODDTA,F4801T,61,WAREGION,nchar,3,,,YES
PRODDTA,F4801T,87,WAENTCKS,nchar,3,,,YES
PRODDTA,F4801T,91,WACRDC,nchar,3,,,YES
PRODDTA,F4801T,119,WACOCH,nchar,3,,,YES
PRODDTA,F03B14_ARCH,7,RZSFX,nchar,3,,,YES
PRODDTA,F03B14_ARCH,31,RZBCRC,nchar,3,,,YES
PRODDTA,F03B14_ARCH,33,RZCRCD,nchar,3,,,YES
PRODDTA,F03B14_ARCH,43,RZTCRC,nchar,3,,,YES
PRODDTA,F03B14_ARCH,83,RZOSFX,nchar,3,,,YES
PRODDTA,F03B14_ARCH,87,RZGSFX,nchar,3,,,YES
PRODDTA,F03B14_ARCH,94,RZVRE,nchar,3,,,YES
PRODDTA,F03B14_ARCH,118,RZURC1,nchar,3,,,YES
PRODDTA,F03B14_ARCH,125,RZSFXO,nchar,3,,,YES
PRODDTA,F03B14_ARCH,131,RZDRCO,nchar,3,,,YES
PRODDTA,F0411_ARCH,34,RPCRCD,nchar,3,,,YES
PRODDTA,F0411_ARCH,54,RPPTC,nchar,3,,,YES
PRODDTA,F0411_ARCH,59,RPOSFX,nchar,3,,,YES
PRODDTA,F0411_ARCH,60,RPCRC,nchar,3,,,YES
PRODDTA,F0411_ARCH,66,RPSFXO,nchar,3,,,YES
PRODDTA,F0411_ARCH,84,RPAC07,nchar,3,,,YES
PRODDTA,F0411_ARCH,90,RPURC1,nchar,3,,,YES
PRODDTA,F0411_ARCH,102,RPYC01,nchar,3,,,YES
PRODDTA,F0411_ARCH,103,RPYC02,nchar,3,,,YES
PRODDTA,F0411_ARCH,104,RPYC03,nchar,3,,,YES
PRODDTA,F0411_ARCH,105,RPYC04,nchar,3,,,YES
PRODDTA,F0411_ARCH,106,RPYC05,nchar,3,,,YES
PRODDTA,F0411_ARCH,107,RPYC06,nchar,3,,,YES
PRODDTA,F0411_ARCH,108,RPYC07,nchar,3,,,YES
PRODDTA,F0411_ARCH,109,RPYC08,nchar,3,,,YES
PRODDTA,F0411_ARCH,110,RPYC09,nchar,3,,,YES
PRODDTA,F0411_ARCH,111,RPYC10,nchar,3,,,YES
PRODDTA,F0411_ARCH,113,RPBCRC,nchar,3,,,YES
PRODDTA,F0411_ARCH,143,RPCLASS01,nchar,3,,,YES
PRODDTA,F0411_ARCH,144,RPCLASS02,nchar,3,,,YES
PRODDTA,F0411_ARCH,145,RPCLASS03,nchar,3,,,YES
PRODDTA,F0411_ARCH,146,RPCLASS04,nchar,3,,,YES
PRODDTA,F0411_ARCH,147,RPCLASS05,nchar,3,,,YES
PRODDTA,F4201,4,SHSFXO,nchar,3,,,YES
PRODDTA,F4201,29,SHPTC,nchar,3,,,YES
PRODDTA,F4201,48,SHMOT,nchar,3,,,YES
PRODDTA,F4201,49,SHCOT,nchar,3,,,YES
PRODDTA,F4201,50,SHROUT,nchar,3,,,YES
PRODDTA,F4201,51,SHSTOP,nchar,3,,,YES
PRODDTA,F4201,52,SHZON,nchar,3,,,YES
PRODDTA,F4201,54,SHFRTH,nchar,3,,,YES
PRODDTA,F4201,59,SHRCD,nchar,3,,,YES
PRODDTA,F4201,71,SHCRCD,nchar,3,,,YES
PRODDTA,F4201,112,SHBCRC,nchar,3,,,YES
PRODDTA,F0413_ARCH,12,RMCRCD,nchar,3,,,YES
PRODDTA,F0401,9,A6CRRP,nchar,3,,,YES
PRODDTA,F0401,17,A6TRAP,nchar,3,,,YES
PRODDTA,F0401,24,A6CRCA,nchar,3,,,YES
PRODDTA,F0401,38,A6ROUT,nchar,3,,,YES
PRODDTA,F0401,39,A6STOP,nchar,3,,,YES
PRODDTA,F0401,40,A6ZON,nchar,3,,,YES
PRODDTA,F0401,46,A6FRTH,nchar,3,,,YES
PRODDTA,F0401,51,A6PRP5,nchar,3,,,YES
PRODDTA,F0902_JG,36,GBCRCX,nchar,3,,,YES
PRODDTA,F0414_ARCH,7,RNSFX,nchar,3,,,YES
PRODDTA,F0414_ARCH,16,RNCRCD,nchar,3,,,YES
PRODDTA,F0414_ARCH,36,RNBCRC,nchar,3,,,YES
PRODDTA,F0414_ARCH,44,RNDRCO,nchar,3,,,YES
PRODDTA,F42019,4,SHSFXO,nchar,3,,,YES
PRODDTA,F42019,29,SHPTC,nchar,3,,,YES
PRODDTA,F42019,48,SHMOT,nchar,3,,,YES
PRODDTA,F42019,49,SHCOT,nchar,3,,,YES
PRODDTA,F42019,50,SHROUT,nchar,3,,,YES
PRODDTA,F42019,51,SHSTOP,nchar,3,,,YES
PRODDTA,F42019,52,SHZON,nchar,3,,,YES
PRODDTA,F42019,54,SHFRTH,nchar,3,,,YES
PRODDTA,F42019,59,SHRCD,nchar,3,,,YES
PRODDTA,F42019,71,SHCRCD,nchar,3,,,YES
PRODDTA,F42019,112,SHBCRC,nchar,3,,,YES
PRODDTA,F3112_ARCH,3,WLSFXO,nchar,3,,,YES
PRODDTA,F3112_ARCH,4,WLTRT,nchar,3,,,YES
PRODDTA,F3112_ARCH,86,WLCOST,nchar,3,,,YES
PRODDTA,F3112_ARCH,101,WLCMPE,nchar,3,,,YES
PRODDTA,F31122_ARCH,38,WTRCD,nchar,3,,,YES
PRODDTA,F0901,9,GMBPC,nchar,3,,,YES
PRODDTA,F0901,12,GMCRCD,nchar,3,,,YES
PRODDTA,F0901,14,GMR001,nchar,3,,,YES
PRODDTA,F0901,15,GMR002,nchar,3,,,YES
PRODDTA,F0901,16,GMR003,nchar,3,,,YES
PRODDTA,F0901,17,GMR004,nchar,3,,,YES
PRODDTA,F0901,18,GMR005,nchar,3,,,YES
PRODDTA,F0901,19,GMR006,nchar,3,,,YES
PRODDTA,F0901,20,GMR007,nchar,3,,,YES
PRODDTA,F0901,21,GMR008,nchar,3,,,YES
PRODDTA,F0901,22,GMR009,nchar,3,,,YES
PRODDTA,F0901,23,GMR010,nchar,3,,,YES
PRODDTA,F0901,24,GMR011,nchar,3,,,YES
PRODDTA,F0901,25,GMR012,nchar,3,,,YES
PRODDTA,F0901,26,GMR013,nchar,3,,,YES
PRODDTA,F0901,27,GMR014,nchar,3,,,YES
PRODDTA,F0901,28,GMR015,nchar,3,,,YES
PRODDTA,F0901,29,GMR016,nchar,3,,,YES
PRODDTA,F0901,30,GMR017,nchar,3,,,YES
PRODDTA,F0901,31,GMR018,nchar,3,,,YES
PRODDTA,F0901,32,GMR019,nchar,3,,,YES
PRODDTA,F0901,33,GMR020,nchar,3,,,YES
PRODDTA,F3003,39,IRCOST,nchar,3,,,YES
PRODDTA,F3003,43,IRRREV,nchar,3,,,YES
PRODDTA,F3003,67,IRCMPE,nchar,3,,,YES
PRODDTA,F4074_ARCH,15,ALCRCD,nchar,3,,,YES
PRODDTA,F4074_ARCH,26,ALARSN,nchar,3,,,YES
PRODDTA,F4074_ARCH,52,ALAPRP1,nchar,3,,,YES
PRODDTA,F4074_ARCH,53,ALAPRP2,nchar,3,,,YES
PRODDTA,F4074_ARCH,54,ALAPRP3,nchar,3,,,YES
PRODDTA,F0902,41,GBCRCX,nchar,3,,,YES
PRODDTA,F42005_ARCH,3,SCSFXO,nchar,3,,,YES
PRODDTA,F42005_ARCH,13,SCAC01,nchar,3,,,YES
PRODDTA,F42005_ARCH,14,SCAC02,nchar,3,,,YES
PRODDTA,F42005_ARCH,15,SCAC03,nchar,3,,,YES
PRODDTA,F42005_ARCH,16,SCAC04,nchar,3,,,YES
PRODDTA,F42005_ARCH,17,SCAC05,nchar,3,,,YES
PRODDTA,F42005_ARCH,18,SCSRP1,nchar,3,,,YES
PRODDTA,F42005_ARCH,19,SCSRP2,nchar,3,,,YES
PRODDTA,F42005_ARCH,20,SCSRP3,nchar,3,,,YES
PRODDTA,F42005_ARCH,21,SCSRP4,nchar,3,,,YES
PRODDTA,F42005_ARCH,22,SCSRP5,nchar,3,,,YES
PRODDTA,F42005_ARCH,24,SCFRTH,nchar,3,,,YES
PRODDTA,F0911,27,GLCRCD,nchar,3,,,YES
PRODDTA,F0911,41,GLSFX,nchar,3,,,YES
PRODDTA,F0911,44,GLOSFX,nchar,3,,,YES
PRODDTA,F0911,83,GLPSFX,nchar,3,,,YES
PRODDTA,F0911,124,GLBCRC,nchar,3,,,YES
PRODDTA,F0911,137,GLEPGC,nchar,3,,,YES
PRODDTA,F0911,138,GLJPGC,nchar,3,,,YES
PRODDTA,F3112,3,WLSFXO,nchar,3,,,YES
PRODDTA,F3112,4,WLTRT,nchar,3,,,YES
PRODDTA,F3112,86,WLCOST,nchar,3,,,YES
PRODDTA,F3112,101,WLCMPE,nchar,3,,,YES
PRODDTA,F4201_ARCH,4,SHSFXO,nchar,3,,,YES
PRODDTA,F4201_ARCH,29,SHPTC,nchar,3,,,YES
PRODDTA,F4201_ARCH,48,SHMOT,nchar,3,,,YES
PRODDTA,F4201_ARCH,49,SHCOT,nchar,3,,,YES
PRODDTA,F4201_ARCH,50,SHROUT,nchar,3,,,YES
PRODDTA,F4201_ARCH,51,SHSTOP,nchar,3,,,YES
PRODDTA,F4201_ARCH,52,SHZON,nchar,3,,,YES
PRODDTA,F4201_ARCH,54,SHFRTH,nchar,3,,,YES
PRODDTA,F4201_ARCH,59,SHRCD,nchar,3,,,YES
PRODDTA,F4201_ARCH,71,SHCRCD,nchar,3,,,YES
PRODDTA,F4201_ARCH,112,SHBCRC,nchar,3,,,YES
PRODDTA,F42019_ARCH,4,SHSFXO,nchar,3,,,YES
PRODDTA,F42019_ARCH,29,SHPTC,nchar,3,,,YES
PRODDTA,F42019_ARCH,48,SHMOT,nchar,3,,,YES
PRODDTA,F42019_ARCH,49,SHCOT,nchar,3,,,YES
PRODDTA,F42019_ARCH,50,SHROUT,nchar,3,,,YES
PRODDTA,F42019_ARCH,51,SHSTOP,nchar,3,,,YES
PRODDTA,F42019_ARCH,52,SHZON,nchar,3,,,YES
PRODDTA,F42019_ARCH,54,SHFRTH,nchar,3,,,YES
PRODDTA,F42019_ARCH,59,SHRCD,nchar,3,,,YES
PRODDTA,F42019_ARCH,71,SHCRCD,nchar,3,,,YES
PRODDTA,F42019_ARCH,112,SHBCRC,nchar,3,,,YES
PRODDTA,F4074,15,ALCRCD,nchar,3,,,YES
PRODDTA,F4074,26,ALARSN,nchar,3,,,YES
PRODDTA,F4074,52,ALAPRP1,nchar,3,,,YES
PRODDTA,F4074,53,ALAPRP2,nchar,3,,,YES
PRODDTA,F4074,54,ALAPRP3,nchar,3,,,YES
PRODDTA,F11151,6,CECCF1,nchar,3,,,YES
PRODDTA,F11151,7,CECCT1,nchar,3,,,YES
PRODDTA,F11151,9,CECCF2,nchar,3,,,YES
PRODDTA,F11151,10,CECCT2,nchar,3,,,YES
PRODDTA,F4108,14,IOLOTG,nchar,3,,,YES
PRODDTA,F4108,34,IOLRP1,nchar,3,,,YES
PRODDTA,F4108,35,IOLRP2,nchar,3,,,YES
PRODDTA,F4108,36,IOLRP3,nchar,3,,,YES
PRODDTA,F4108,37,IOLRP4,nchar,3,,,YES
PRODDTA,F4108,38,IOLRP5,nchar,3,,,YES
PRODDTA,F4108,39,IOLRP6,nchar,3,,,YES
PRODDTA,F4108,40,IOLRP7,nchar,3,,,YES
PRODDTA,F4108,41,IOLRP8,nchar,3,,,YES
PRODDTA,F4108,42,IOLRP9,nchar,3,,,YES
PRODDTA,F4108,43,IOLRP0,nchar,3,,,YES
PRODDTA,F4108,61,IOLOTC,nchar,3,,,YES
PRODDTA,F4108,62,IOORIG,nchar,3,,,YES
PRODDTA,F1201,7,FAACL1,nchar,3,,,YES
PRODDTA,F1201,8,FAACL2,nchar,3,,,YES
PRODDTA,F1201,9,FAACL3,nchar,3,,,YES
PRODDTA,F1201,10,FAACL4,nchar,3,,,YES
PRODDTA,F1201,11,FAACL5,nchar,3,,,YES
PRODDTA,F1201,62,FAADDS,nchar,3,,,YES
PRODDTA,F1201,70,FAACL6,nchar,3,,,YES
PRODDTA,F1201,71,FAACL7,nchar,3,,,YES
PRODDTA,F1201,72,FAACL8,nchar,3,,,YES
PRODDTA,F1201,73,FAACL9,nchar,3,,,YES
PRODDTA,F1201,74,FAACL0,nchar,3,,,YES
PRODDTA,F1201,90,FAFA0,nchar,3,,,YES
PRODDTA,F1201,91,FAFA1,nchar,3,,,YES
PRODDTA,F1201,92,FAFA2,nchar,3,,,YES
PRODDTA,F1201,93,FAFA3,nchar,3,,,YES
PRODDTA,F1201,94,FAFA4,nchar,3,,,YES
PRODDTA,F1201,95,FAFA5,nchar,3,,,YES
PRODDTA,F1201,96,FAFA6,nchar,3,,,YES
PRODDTA,F1201,97,FAFA7,nchar,3,,,YES
PRODDTA,F1201,98,FAFA8,nchar,3,,,YES
PRODDTA,F1201,99,FAFA9,nchar,3,,,YES
PRODDTA,F4301_ARCH,32,PHPTC,nchar,3,,,YES
PRODDTA,F4301_ARCH,41,PHFRTH,nchar,3,,,YES
PRODDTA,F4301_ARCH,42,PHZON,nchar,3,,,YES
PRODDTA,F4301_ARCH,45,PHMOT,nchar,3,,,YES
PRODDTA,F4301_ARCH,46,PHCOT,nchar,3,,,YES
PRODDTA,F4301_ARCH,47,PHRCD,nchar,3,,,YES
PRODDTA,F4301_ARCH,53,PHRTNR,nchar,3,,,YES
PRODDTA,F4301_ARCH,64,PHPRP5,nchar,3,,,YES
PRODDTA,F4301_ARCH,68,PHCRCD,nchar,3,,,YES
PRODDTA,F4301_ARCH,88,PHBCRC,nchar,3,,,YES
PRODDTA,F4301_ARCH,102,PHPOHC01,nchar,3,,,YES
PRODDTA,F4301_ARCH,103,PHPOHC02,nchar,3,,,YES
PRODDTA,F4301_ARCH,104,PHPOHC03,nchar,3,,,YES
PRODDTA,F4301_ARCH,105,PHPOHC04,nchar,3,,,YES
PRODDTA,F4301_ARCH,106,PHPOHC05,nchar,3,,,YES
PRODDTA,F4301_ARCH,107,PHPOHC06,nchar,3,,,YES
PRODDTA,F4301_ARCH,123,PHCLASS01,nchar,3,,,YES
PRODDTA,F4301_ARCH,124,PHCLASS02,nchar,3,,,YES
PRODDTA,F4301_ARCH,125,PHCLASS03,nchar,3,,,YES
PRODDTA,F4301_ARCH,126,PHCLASS04,nchar,3,,,YES
PRODDTA,F4301_ARCH,127,PHCLASS05,nchar,3,,,YES
PRODDTA,F1202,46,FLCRCD,nchar,3,,,YES
PRODDTA,F4311_ARCH,40,PDFRGD,nchar,3,,,YES
PRODDTA,F4311_ARCH,41,PDTHGD,nchar,3,,,YES
PRODDTA,F4311_ARCH,47,PDNXTR,nchar,3,,,YES
PRODDTA,F4311_ARCH,48,PDLTTR,nchar,3,,,YES
PRODDTA,F4311_ARCH,50,PDPDS1,nchar,3,,,YES
PRODDTA,F4311_ARCH,51,PDPDS2,nchar,3,,,YES
PRODDTA,F4311_ARCH,52,PDPDS3,nchar,3,,,YES
PRODDTA,F4311_ARCH,53,PDPDS4,nchar,3,,,YES
PRODDTA,F4311_ARCH,54,PDPDS5,nchar,3,,,YES
PRODDTA,F4311_ARCH,55,PDPDP1,nchar,3,,,YES
PRODDTA,F4311_ARCH,56,PDPDP2,nchar,3,,,YES
PRODDTA,F4311_ARCH,57,PDPDP3,nchar,3,,,YES
PRODDTA,F4311_ARCH,58,PDPDP4,nchar,3,,,YES
PRODDTA,F4311_ARCH,59,PDPDP5,nchar,3,,,YES
PRODDTA,F4311_ARCH,84,PDCLVL,nchar,3,,,YES
PRODDTA,F4311_ARCH,87,PDPTC,nchar,3,,,YES
PRODDTA,F4311_ARCH,95,PDFRTH,nchar,3,,,YES
PRODDTA,F4311_ARCH,97,PDZON,nchar,3,,,YES
PRODDTA,F4311_ARCH,102,PDMOT,nchar,3,,,YES
PRODDTA,F4311_ARCH,103,PDCOT,nchar,3,,,YES
PRODDTA,F4311_ARCH,104,PDSHCM,nchar,3,,,YES
PRODDTA,F4311_ARCH,105,PDSHCN,nchar,3,,,YES
PRODDTA,F4311_ARCH,119,PDRCD,nchar,3,,,YES
PRODDTA,F4311_ARCH,137,PDELEV,nchar,3,,,YES
PRODDTA,F4311_ARCH,138,PDR001,nchar,3,,,YES
PRODDTA,F4311_ARCH,139,PDRTNR,nchar,3,,,YES
PRODDTA,F4311_ARCH,166,PDCRCD,nchar,3,,,YES
PRODDTA,F4311_ARCH,191,PDOSFX,nchar,3,,,YES
PRODDTA,F4311_ARCH,192,PDMERL,nchar,3,,,YES
PRODDTA,F4311_ARCH,206,PDBCRC,nchar,3,,,YES
PRODDTA,F4311_ARCH,214,PDRSFX,nchar,3,,,YES
PRODDTA,F4311_ARCH,219,PDPODC01,nchar,3,,,YES
PRODDTA,F4311_ARCH,220,PDPODC02,nchar,3,,,YES
PRODDTA,F1217,2,WRCTR,nchar,3,,,YES
PRODDTA,F1217,23,WRSFXO,nchar,3,,,YES
PRODDTA,F1217,56,WRBREV,nchar,3,,,YES
PRODDTA,F1217,61,WRSATYP,nchar,3,,,YES
PRODDTA,F1217,65,WRREGSTS,nchar,3,,,YES
PRODDTA,F5501,9,QAQTC1,nchar,3,,,YES
PRODDTA,F5501,10,QAQTC2,nchar,3,,,YES
PRODDTA,F5501,11,QAQTC3,nchar,3,,,YES
PRODDTA,F5501,12,QAQTC4,nchar,3,,,YES
PRODDTA,F5501,13,QAQTC5,nchar,3,,,YES
PRODDTA,F4006,13,OAADDS,nchar,3,,,YES
PRODDTA,F4006,16,OACTR,nchar,3,,,YES
PRODDTA,F4801_ARCH,3,WASFXO,nchar,3,,,YES
PRODDTA,F4801_ARCH,38,WAWR02,nchar,3,,,YES
PRODDTA,F4801_ARCH,39,WAWR03,nchar,3,,,YES
PRODDTA,F4801_ARCH,40,WAWR04,nchar,3,,,YES
PRODDTA,F4801_ARCH,41,WAWR05,nchar,3,,,YES
PRODDTA,F4801_ARCH,42,WAWR06,nchar,3,,,YES
PRODDTA,F4801_ARCH,43,WAWR07,nchar,3,,,YES
PRODDTA,F4801_ARCH,44,WAWR08,nchar,3,,,YES
PRODDTA,F4801_ARCH,45,WAWR09,nchar,3,,,YES
PRODDTA,F4801_ARCH,46,WAWR10,nchar,3,,,YES
PRODDTA,F4801_ARCH,71,WATBM,nchar,3,,,YES
PRODDTA,F4801_ARCH,72,WATRT,nchar,3,,,YES
PRODDTA,F4801_ARCH,91,WALOTG,nchar,3,,,YES
PRODDTA,F4801_ARCH,97,WABREV,nchar,3,,,YES
PRODDTA,F4801_ARCH,98,WARREV,nchar,3,,,YES
PRODDTA,F4801_ARCH,103,WAPHSE,nchar,3,,,YES
PRODDTA,F4801_ARCH,104,WAXDSP,nchar,3,,,YES
PRODDTA,F4801_ARCH,123,WAAPRT,nchar,3,,,YES
PRODDTA,F1602,55,CBCRCD,nchar,3,,,YES
PRODDTA,F1602,56,CBCRCX,nchar,3,,,YES
PRODDTA,F4801T_ARCH,17,WACRCD,nchar,3,,,YES
PRODDTA,F4801T_ARCH,18,WACRCE,nchar,3,,,YES
PRODDTA,F4801T_ARCH,19,WACRCF,nchar,3,,,YES
PRODDTA,F4801T_ARCH,37,WAWR11,nchar,3,,,YES
PRODDTA,F4801T_ARCH,38,WAWR12,nchar,3,,,YES
PRODDTA,F4801T_ARCH,39,WAWR13,nchar,3,,,YES
PRODDTA,F4801T_ARCH,40,WAWR14,nchar,3,,,YES
PRODDTA,F4801T_ARCH,41,WAWR15,nchar,3,,,YES
PRODDTA,F4801T_ARCH,42,WAWR16,nchar,3,,,YES
PRODDTA,F4801T_ARCH,43,WAWR17,nchar,3,,,YES
PRODDTA,F4801T_ARCH,44,WAWR18,nchar,3,,,YES
PRODDTA,F4801T_ARCH,45,WAWR19,nchar,3,,,YES
PRODDTA,F4801T_ARCH,46,WAWR20,nchar,3,,,YES
PRODDTA,F4801T_ARCH,57,WAENTCK,nchar,3,,,YES
PRODDTA,F4801T_ARCH,60,WACTR,nchar,3,,,YES
PRODDTA,F4801T_ARCH,61,WAREGION,nchar,3,,,YES
PRODDTA,F4801T_ARCH,87,WAENTCKS,nchar,3,,,YES
PRODDTA,F4801T_ARCH,91,WACRDC,nchar,3,,,YES
PRODDTA,F4801T_ARCH,119,WACOCH,nchar,3,,,YES
PRODDTA,F3002,34,IXFRGD,nchar,3,,,YES
PRODDTA,F3002,35,IXTHGD,nchar,3,,,YES
PRODDTA,F3002,59,IXBREV,nchar,3,,,YES
PRODDTA,F3002,60,IXCMRV,nchar,3,,,YES
PRODDTA,F30026,9,IELOTG,nchar,3,,,YES
PRODDTA,F30026,32,IETBM,nchar,3,,,YES
PRODDTA,F5512,11,QDQSC1,nchar,3,,,YES
PRODDTA,F5512,12,QDQSC2,nchar,3,,,YES
PRODDTA,F5512,13,QDQSC3,nchar,3,,,YES
PRODDTA,F5512,14,QDQSC4,nchar,3,,,YES
PRODDTA,F5512,15,QDQSC5,nchar,3,,,YES
PRODDTA,F3111_ARCH,3,WMSFXO,nchar,3,,,YES
PRODDTA,F3111_ARCH,4,WMTBM,nchar,3,,,YES
PRODDTA,F3111_ARCH,12,WMFRGD,nchar,3,,,YES
PRODDTA,F3111_ARCH,13,WMTHGD,nchar,3,,,YES
PRODDTA,F3111_ARCH,56,WMCMRV,nchar,3,,,YES
PRODDTA,F3111_ARCH,84,WMCOST,nchar,3,,,YES
PRODDTA,F5521,10,QIQSC1,nchar,3,,,YES
PRODDTA,F5521,11,QIQSC2,nchar,3,,,YES
PRODDTA,F5521,12,QIQSC3,nchar,3,,,YES
PRODDTA,F5521,13,QIQSC4,nchar,3,,,YES
PRODDTA,F5521,14,QIQSC5,nchar,3,,,YES
PRODDTA,F31091,14,IQWR02,nchar,3,,,YES
PRODDTA,F31091,15,IQWR03,nchar,3,,,YES
PRODDTA,F40318,21,QCQREV,nchar,3,,,YES
PRODDTA,F40318,32,QCQUM,nchar,3,,,YES
PRODDTA,F40318,48,QCTRT,nchar,3,,,YES
PRODDTA,F40318,50,QCRSUM,nchar,3,,,YES
PRODDTA,F3111,3,WMSFXO,nchar,3,,,YES
PRODDTA,F3111,4,WMTBM,nchar,3,,,YES
PRODDTA,F3111,12,WMFRGD,nchar,3,,,YES
PRODDTA,F3111,13,WMTHGD,nchar,3,,,YES
PRODDTA,F3111,56,WMCMRV,nchar,3,,,YES
PRODDTA,F3111,84,WMCOST,nchar,3,,,YES
PRODDTA,F553002,7,AHTBM,nchar,3,,,YES
PRODDTA,F3711,25,TRMUSE,nchar,10,,,YES
PRODDTA,F3711,78,TRQPRP,nchar,10,,,YES
PRODDTA,F3711,90,TRUSER,nchar,10,,,YES
PRODDTA,F3711,91,TRPID,nchar,10,,,YES
PRODDTA,F3711,94,TRJOBN,nchar,10,,,YES
PRODDTA,F3711,119,TRMELC,nchar,10,,,YES
PRODDTA,F554105A,7,DCUSER,nchar,10,,,YES
PRODDTA,F554105A,8,DCPID,nchar,10,,,YES
PRODDTA,F554105A,9,DCJOBN,nchar,10,,,YES
PRODDTA,F553011,2,BCUSER,nchar,10,,,YES
PRODDTA,F553011,3,BCJOBN,nchar,10,,,YES
PRODDTA,F553011,4,BCPID,nchar,10,,,YES
PRODDTA,F31122,32,WTUSER,nchar,10,,,YES
PRODDTA,F31122,35,WTPID,nchar,10,,,YES
PRODDTA,F31122,36,WTJOBN,nchar,10,,,YES
PRODDTA,F31122,46,WTACTB,nchar,10,,,YES
PRODDTA,F3114,16,IQUSER,nchar,10,,,YES
PRODDTA,F3114,17,IQPID,nchar,10,,,YES
PRODDTA,F3114,19,IQJOBN,nchar,10,,,YES
PRODDTA,F3701,13,QAQPRP,nchar,10,,,YES
PRODDTA,F3701,58,QAUSER,nchar,10,,,YES
PRODDTA,F3701,59,QAPID,nchar,10,,,YES
PRODDTA,F3701,62,QAJOBN,nchar,10,,,YES
PRODDTA,F3701,74,QASMPMTHD,nchar,10,,,YES
PRODDTA,F3701,76,QASMPCNTR,nchar,10,,,YES
PRODDTA,F3701,77,QASMPCLSR,nchar,10,,,YES
PRODDTA,F5531,24,QZEUSR,nchar,10,,,YES
PRODDTA,F554072,16,ADFRMN,nchar,10,,,YES
PRODDTA,F554072,30,ADUSER,nchar,10,,,YES
PRODDTA,F554072,31,ADPID,nchar,10,,,YES
PRODDTA,F554072,32,ADJOBN,nchar,10,,,YES
PRODDTA,F554072,37,ADRULENAME,nchar,10,,,YES
PRODDTA,F3460,16,MFUSER,nchar,10,,,YES
PRODDTA,F3460,17,MFJOBN,nchar,10,,,YES
PRODDTA,F3460,18,MFPID,nchar,10,,,YES
PRODDTA,F554072A,11,TRPID,nchar,10,,,YES
PRODDTA,F554072A,12,TRUSER,nchar,10,,,YES
PRODDTA,F554072A,13,TRJOBN,nchar,10,,,YES
PRODDTA,F4111_ARCH,43,ILTERM,nchar,10,,,YES
PRODDTA,F4111_ARCH,46,ILUSER,nchar,10,,,YES
PRODDTA,F4111_ARCH,47,ILPID,nchar,10,,,YES
PRODDTA,F554072L,20,LTPID,nchar,10,,,YES
PRODDTA,F554072L,21,LTUSER,nchar,10,,,YES
PRODDTA,F4111,43,ILTERM,nchar,10,,,YES
PRODDTA,F4111,46,ILUSER,nchar,10,,,YES
PRODDTA,F4111,47,ILPID,nchar,10,,,YES
PRODDTA,F42119_ARCH,86,SDINMG,nchar,10,,,YES
PRODDTA,F42119_ARCH,105,SDTXA1,nchar,10,,,YES
PRODDTA,F42119_ARCH,185,SDTORG,nchar,10,,,YES
PRODDTA,F42119_ARCH,186,SDUSER,nchar,10,,,YES
PRODDTA,F42119_ARCH,187,SDPID,nchar,10,,,YES
PRODDTA,F42119_ARCH,188,SDJOBN,nchar,10,,,YES
PRODDTA,F42119_ARCH,205,SDRLNU,nchar,10,,,YES
PRODDTA,F42119_ARCH,217,SDBSC,nchar,10,,,YES
PRODDTA,F42119_ARCH,218,SDCBSC,nchar,10,,,YES
PRODDTA,F5531_PRE_90,24,QZEUSR,nchar,10,,,YES
PRODDTA,F5541006,21,IDUSER,nchar,10,,,YES
PRODDTA,F5541006,22,IDJOBN,nchar,10,,,YES
PRODDTA,F4211,86,SDINMG,nchar,10,,,YES
PRODDTA,F4211,105,SDTXA1,nchar,10,,,YES
PRODDTA,F4211,185,SDTORG,nchar,10,,,YES
PRODDTA,F4211,186,SDUSER,nchar,10,,,YES
PRODDTA,F4211,187,SDPID,nchar,10,,,YES
PRODDTA,F4211,188,SDJOBN,nchar,10,,,YES
PRODDTA,F4211,205,SDRLNU,nchar,10,,,YES
PRODDTA,F4211,217,SDBSC,nchar,10,,,YES
PRODDTA,F4211,218,SDCBSC,nchar,10,,,YES
PRODDTA,F4211_ARCH,86,SDINMG,nchar,10,,,YES
PRODDTA,F4211_ARCH,105,SDTXA1,nchar,10,,,YES
PRODDTA,F4211_ARCH,185,SDTORG,nchar,10,,,YES
PRODDTA,F4211_ARCH,186,SDUSER,nchar,10,,,YES
PRODDTA,F4211_ARCH,187,SDPID,nchar,10,,,YES
PRODDTA,F4211_ARCH,188,SDJOBN,nchar,10,,,YES
PRODDTA,F4211_ARCH,205,SDRLNU,nchar,10,,,YES
PRODDTA,F4211_ARCH,217,SDBSC,nchar,10,,,YES
PRODDTA,F4211_ARCH,218,SDCBSC,nchar,10,,,YES
PRODDTA,F554101A,10,IMUSER,nchar,10,,,YES
PRODDTA,F554101A,11,IMPID,nchar,10,,,YES
PRODDTA,F4100,55,LMUSER,nchar,10,,,YES
PRODDTA,F4100,56,LMPID,nchar,10,,,YES
PRODDTA,F4100,57,LMJOBN,nchar,10,,,YES
PRODDTA,F42119,86,SDINMG,nchar,10,,,YES
PRODDTA,F42119,105,SDTXA1,nchar,10,,,YES
PRODDTA,F42119,185,SDTORG,nchar,10,,,YES
PRODDTA,F42119,186,SDUSER,nchar,10,,,YES
PRODDTA,F42119,187,SDPID,nchar,10,,,YES
PRODDTA,F42119,188,SDJOBN,nchar,10,,,YES
PRODDTA,F42119,205,SDRLNU,nchar,10,,,YES
PRODDTA,F42119,217,SDBSC,nchar,10,,,YES
PRODDTA,F42119,218,SDCBSC,nchar,10,,,YES
PRODDTA,F554101T,23,IMG70CC01,nchar,10,,,YES
PRODDTA,F554101T,24,IMG70CC02,nchar,10,,,YES
PRODDTA,F554101T,25,IMG70CC03,nchar,10,,,YES
PRODDTA,F554101T,26,IMG70CC04,nchar,10,,,YES
PRODDTA,F554101T,27,IMG70CC05,nchar,10,,,YES
PRODDTA,F554101T,37,IMUSER,nchar,10,,,YES
PRODDTA,F554101T,38,IMPID,nchar,10,,,YES
PRODDTA,F554101T,39,IMJOBN,nchar,10,,,YES
PRODDTA,F41002,8,UMUSER,nchar,10,,,YES
PRODDTA,F41002,9,UMPID,nchar,10,,,YES
PRODDTA,F41002,10,UMJOBN,nchar,10,,,YES
PRODDTA,F4101,78,IMINMG,nchar,10,,,YES
PRODDTA,F4101,126,IMUSER,nchar,10,,,YES
PRODDTA,F4101,127,IMPID,nchar,10,,,YES
PRODDTA,F4101,128,IMJOBN,nchar,10,,,YES
PRODDTA,F4101,149,IMSEG1,nchar,10,,,YES
PRODDTA,F4101,150,IMSEG2,nchar,10,,,YES
PRODDTA,F4101,151,IMSEG3,nchar,10,,,YES
PRODDTA,F4101,152,IMSEG4,nchar,10,,,YES
PRODDTA,F4101,153,IMSEG5,nchar,10,,,YES
PRODDTA,F4101,154,IMSEG6,nchar,10,,,YES
PRODDTA,F4101,155,IMSEG7,nchar,10,,,YES
PRODDTA,F4101,156,IMSEG8,nchar,10,,,YES
PRODDTA,F4101,157,IMSEG9,nchar,10,,,YES
PRODDTA,F4101,158,IMSEG0,nchar,10,,,YES
PRODDTA,F5541021,33,LIJOBN,nchar,10,,,YES
PRODDTA,F5541021,34,LIPID,nchar,10,,,YES
PRODDTA,F5541021,36,LIUSER,nchar,10,,,YES
PRODDTA,F4102,71,IBINMG,nchar,10,,,YES
PRODDTA,F4102,125,IBUSER,nchar,10,,,YES
PRODDTA,F4102,126,IBPID,nchar,10,,,YES
PRODDTA,F4102,127,IBJOBN,nchar,10,,,YES
PRODDTA,F3400,26,SGUSER,nchar,10,,,YES
PRODDTA,F3400,27,SGJOBN,nchar,10,,,YES
PRODDTA,F3400,28,SGPID,nchar,10,,,YES
PRODDTA,F41021,33,LIJOBN,nchar,10,,,YES
PRODDTA,F41021,34,LIPID,nchar,10,,,YES
PRODDTA,F41021,36,LIUSER,nchar,10,,,YES
PRODDTA,F554102D,18,RMUSER,nchar,10,,,YES
PRODDTA,F554102D,19,RMPID,nchar,10,,,YES
PRODDTA,F554102D,20,RMJOBN,nchar,10,,,YES
PRODDTA,F4104,18,IVUSER,nchar,10,,,YES
PRODDTA,F4104,19,IVPID,nchar,10,,,YES
PRODDTA,F4104,20,IVJOBN,nchar,10,,,YES
PRODDTA,F554102S,7,IBUSER,nchar,10,,,YES
PRODDTA,F554102S,8,IBPID,nchar,10,,,YES
PRODDTA,F554102S,9,IBJOBN,nchar,10,,,YES
PRODDTA,F4105,17,COUSER,nchar,10,,,YES
PRODDTA,F4105,18,COPID,nchar,10,,,YES
PRODDTA,F4105,19,COJOBN,nchar,10,,,YES
PRODDTA,F554102T,23,IBG70CC01,nchar,10,,,YES
PRODDTA,F554102T,24,IBG70CC02,nchar,10,,,YES
PRODDTA,F554102T,25,IBG70CC03,nchar,10,,,YES
PRODDTA,F554102T,26,IBG70CC04,nchar,10,,,YES
PRODDTA,F554102T,27,IBG70CC05,nchar,10,,,YES
PRODDTA,F554102T,37,IBUSER,nchar,10,,,YES
PRODDTA,F554102T,38,IBPID,nchar,10,,,YES
PRODDTA,F554102T,39,IBJOBN,nchar,10,,,YES
PRODDTA,F4106,21,BPFRMN,nchar,10,,,YES
PRODDTA,F4106,28,BPUSER,nchar,10,,,YES
PRODDTA,F4106,29,BPPID,nchar,10,,,YES
PRODDTA,F4106,30,BPJOBN,nchar,10,,,YES
PRODDTA,F554105,16,MRPID,nchar,10,,,YES
PRODDTA,F554105,17,MRJOBN,nchar,10,,,YES
PRODDTA,F554105,18,MRTERM,nchar,10,,,YES
PRODDTA,F42004,5,CMPWRD,nchar,10,,,YES
PRODDTA,F42004,15,CMENTB,nchar,10,,,YES
PRODDTA,F42004,17,CMRPMB,nchar,10,,,YES
PRODDTA,F42005,44,SCRPMB,nchar,10,,,YES
PRODDTA,F4301,29,PHINMG,nchar,10,,,YES
PRODDTA,F4301,34,PHTXA1,nchar,10,,,YES
PRODDTA,F4301,72,PHORBY,nchar,10,,,YES
PRODDTA,F4301,73,PHTKBY,nchar,10,,,YES
PRODDTA,F4301,79,PHUSER,nchar,10,,,YES
PRODDTA,F4301,80,PHPID,nchar,10,,,YES
PRODDTA,F4301,81,PHJOBN,nchar,10,,,YES
PRODDTA,F4301,108,PHPOHC07,nchar,10,,,YES
PRODDTA,F4301,109,PHPOHC08,nchar,10,,,YES
PRODDTA,F4301,110,PHPOHC09,nchar,10,,,YES
PRODDTA,F4301,111,PHPOHC10,nchar,10,,,YES
PRODDTA,F4301,112,PHPOHC11,nchar,10,,,YES
PRODDTA,F4301,113,PHPOHC12,nchar,10,,,YES
PRODDTA,F0050,8,MAUSER,nchar,10,,,YES
PRODDTA,F0050,10,MAPID,nchar,10,,,YES
PRODDTA,F0050,11,MAJOBN,nchar,10,,,YES
PRODDTA,F03B11,43,RPTXA1,nchar,10,,,YES
PRODDTA,F03B11,124,RPTORG,nchar,10,,,YES
PRODDTA,F03B11,125,RPUSER,nchar,10,,,YES
PRODDTA,F03B11,127,RPPID,nchar,10,,,YES
PRODDTA,F03B11,131,RPJOBN,nchar,10,,,YES
PRODDTA,F03B11,137,RPCLMG,nchar,10,,,YES
PRODDTA,F03B11,138,RPCMGR,nchar,10,,,YES
PRODDTA,F01151,6,EAUSER,nchar,10,,,YES
PRODDTA,F01151,7,EAPID,nchar,10,,,YES
PRODDTA,F01151,9,EAJOBN,nchar,10,,,YES
PRODDTA,F01151,15,EAGEN1,nchar,10,,,YES
PRODDTA,F03B112,45,RWTXA1,nchar,10,,,YES
PRODDTA,F03B112,58,RWUSER,nchar,10,,,YES
PRODDTA,F03B112,59,RWPID,nchar,10,,,YES
PRODDTA,F03B112,62,RWJOBN,nchar,10,,,YES
PRODDTA,F4311,81,PDINMG,nchar,10,,,YES
PRODDTA,F4311,90,PDTXA1,nchar,10,,,YES
PRODDTA,F4311,98,PDFRAT,nchar,10,,,YES
PRODDTA,F4311,180,PDTORG,nchar,10,,,YES
PRODDTA,F4311,181,PDUSER,nchar,10,,,YES
PRODDTA,F4311,182,PDPID,nchar,10,,,YES
PRODDTA,F4311,183,PDJOBN,nchar,10,,,YES
PRODDTA,F4311,221,PDPODC03,nchar,10,,,YES
PRODDTA,F4311,222,PDPODC04,nchar,10,,,YES
PRODDTA,F4072,16,ADFRMN,nchar,10,,,YES
PRODDTA,F4072,30,ADUSER,nchar,10,,,YES
PRODDTA,F4072,31,ADPID,nchar,10,,,YES
PRODDTA,F4072,32,ADJOBN,nchar,10,,,YES
PRODDTA,F4072,37,ADRULENAME,nchar,10,,,YES
PRODDTA,F03B13,61,RYECLK,nchar,10,,,YES
PRODDTA,F03B13,62,RYARL,nchar,10,,,YES
PRODDTA,F03B13,64,RYALGO,nchar,10,,,YES
PRODDTA,F03B13,65,RYVERS,nchar,10,,,YES
PRODDTA,F03B13,80,RYCUID,nchar,10,,,YES
PRODDTA,F03B13,81,RYTORG,nchar,10,,,YES
PRODDTA,F03B13,82,RYUSER,nchar,10,,,YES
PRODDTA,F03B13,83,RYPID,nchar,10,,,YES
PRODDTA,F03B13,86,RYJOBN,nchar,10,,,YES
PRODDTA,F43121,64,PRTXA1,nchar,10,,,YES
PRODDTA,F43121,99,PRTORG,nchar,10,,,YES
PRODDTA,F43121,100,PRUSER,nchar,10,,,YES
PRODDTA,F43121,101,PRPID,nchar,10,,,YES
PRODDTA,F43121,102,PRJOBN,nchar,10,,,YES
PRODDTA,F43121,103,PRTERM,nchar,10,,,YES
PRODDTA,F40721,11,PVUSER,nchar,10,,,YES
PRODDTA,F40721,12,PVPID,nchar,10,,,YES
PRODDTA,F40721,13,PVJOBN,nchar,10,,,YES
PRODDTA,F03B14,110,RZTORG,nchar,10,,,YES
PRODDTA,F03B14,111,RZUSER,nchar,10,,,YES
PRODDTA,F03B14,112,RZPID,nchar,10,,,YES
PRODDTA,F03B14,115,RZJOBN,nchar,10,,,YES
PRODDTA,F4801,69,WASHNO,nchar,10,,,YES
PRODDTA,F4801,111,WAUSER,nchar,10,,,YES
PRODDTA,F4801,112,WAPID,nchar,10,,,YES
PRODDTA,F4801,113,WAJOBN,nchar,10,,,YES
PRODDTA,F0008,20,CDUSER,nchar,10,,,YES
PRODDTA,F0008,21,CDPID,nchar,10,,,YES
PRODDTA,F0008,23,CDJOBN,nchar,10,,,YES
PRODDTA,F41001,92,CIUSER,nchar,10,,,YES
PRODDTA,F41001,93,CIPID,nchar,10,,,YES
PRODDTA,F41001,94,CIJOBN,nchar,10,,,YES
PRODDTA,F0411,31,RPTXA1,nchar,10,,,YES
PRODDTA,F0411,79,RPTXA3,nchar,10,,,YES
PRODDTA,F0411,95,RPTORG,nchar,10,,,YES
PRODDTA,F0411,96,RPUSER,nchar,10,,,YES
PRODDTA,F0411,97,RPPID,nchar,10,,,YES
PRODDTA,F0411,100,RPJOBN,nchar,10,,,YES
PRODDTA,F0411,138,RPBLSCD2,nchar,10,,,YES
PRODDTA,F0411,140,RPHARSFX,nchar,10,,,YES
PRODDTA,F00092,14,T3KY,nchar,10,,,YES
PRODDTA,F00092,23,T3KYWW,nchar,10,,,YES
PRODDTA,F00092,24,T3USER,nchar,10,,,YES
PRODDTA,F00092,25,T3PID,nchar,10,,,YES
PRODDTA,F00092,26,T3JOBN,nchar,10,,,YES
PRODDTA,F41003,4,UCUSER,nchar,10,,,YES
PRODDTA,F41003,5,UCPID,nchar,10,,,YES
PRODDTA,F41003,6,UCJOBN,nchar,10,,,YES
PRODDTA,F0413,20,RMTORG,nchar,10,,,YES
PRODDTA,F0413,21,RMUSER,nchar,10,,,YES
PRODDTA,F0413,22,RMPID,nchar,10,,,YES
PRODDTA,F0413,25,RMJOBN,nchar,10,,,YES
PRODDTA,F0413,42,RMBLSCD2,nchar,10,,,YES
PRODDTA,F0413,44,RMHARSFX,nchar,10,,,YES
PRODDTA,F0010,57,CCUSER,nchar,10,,,YES
PRODDTA,F0010,58,CCPID,nchar,10,,,YES
PRODDTA,F0010,60,CCJOBN,nchar,10,,,YES
PRODDTA,F4217,9,XIUSER,nchar,10,,,YES
PRODDTA,F4217,10,XIPID,nchar,10,,,YES
PRODDTA,F4217,11,XIJOBN,nchar,10,,,YES
PRODDTA,F0414,31,RNUSER,nchar,10,,,YES
PRODDTA,F0414,32,RNPID,nchar,10,,,YES
PRODDTA,F0414,35,RNJOBN,nchar,10,,,YES
PRODDTA,F0414,51,RNBLSCD2,nchar,10,,,YES
PRODDTA,F0414,53,RNHARSFX,nchar,10,,,YES
PRODDTA,F0012,16,KGUSER,nchar,10,,,YES
PRODDTA,F0012,17,KGPID,nchar,10,,,YES
PRODDTA,F0012,19,KGJOBN,nchar,10,,,YES
PRODDTA,F42199,86,SLINMG,nchar,10,,,YES
PRODDTA,F42199,105,SLTXA1,nchar,10,,,YES
PRODDTA,F42199,185,SLTORG,nchar,10,,,YES
PRODDTA,F42199,186,SLUSER,nchar,10,,,YES
PRODDTA,F42199,187,SLPID,nchar,10,,,YES
PRODDTA,F42199,188,SLJOBN,nchar,10,,,YES
PRODDTA,F42199,205,SLRLNU,nchar,10,,,YES
PRODDTA,F42199,217,SLBSC,nchar,10,,,YES
PRODDTA,F42199,218,SLCBSC,nchar,10,,,YES
PRODDTA,F0013,5,CVCKR,nchar,10,,,YES
PRODDTA,F0013,6,CVUSER,nchar,10,,,YES
PRODDTA,F0013,7,CVPID,nchar,10,,,YES
PRODDTA,F0013,9,CVJOBN,nchar,10,,,YES
PRODDTA,F46011,30,IQUSER,nchar,10,,,YES
PRODDTA,F46011,31,IQPID,nchar,10,,,YES
PRODDTA,F46011,32,IQJOBN,nchar,10,,,YES
PRODDTA,F0014,10,PNUSER,nchar,10,,,YES
PRODDTA,F0014,11,PNPID,nchar,10,,,YES
PRODDTA,F0014,13,PNJOBN,nchar,10,,,YES
PRODDTA,F4908,6,IIECCN,nchar,10,,,YES
PRODDTA,F4908,17,IISTCC,nchar,10,,,YES
PRODDTA,F4908,20,IIUSER,nchar,10,,,YES
PRODDTA,F4908,21,IIPID,nchar,10,,,YES
PRODDTA,F4908,22,IIJOBN,nchar,10,,,YES
PRODDTA,F0015,12,CXUSER,nchar,10,,,YES
PRODDTA,F0015,13,CXPID,nchar,10,,,YES
PRODDTA,F0015,14,CXJOBN,nchar,10,,,YES
PRODDTA,F0025,23,LHUSER,nchar,10,,,YES
PRODDTA,F0025,24,LHPID,nchar,10,,,YES
PRODDTA,F0025,26,LHJOBN,nchar,10,,,YES
PRODDTA,F0101,7,ABSIC,nchar,10,,,YES
PRODDTA,F0101,72,ABUSER,nchar,10,,,YES
PRODDTA,F0101,73,ABPID,nchar,10,,,YES
PRODDTA,F0101,75,ABJOBN,nchar,10,,,YES
PRODDTA,F0101,79,ABTICKER,nchar,10,,,YES
PRODDTA,F0101,80,ABEXCHG,nchar,10,,,YES
PRODDTA,F0006,35,MCRP21,nchar,10,,,YES
PRODDTA,F0006,36,MCRP22,nchar,10,,,YES
PRODDTA,F0006,37,MCRP23,nchar,10,,,YES
PRODDTA,F0006,38,MCRP24,nchar,10,,,YES
PRODDTA,F0006,39,MCRP25,nchar,10,,,YES
PRODDTA,F0006,40,MCRP26,nchar,10,,,YES
PRODDTA,F0006,41,MCRP27,nchar,10,,,YES
PRODDTA,F0006,42,MCRP28,nchar,10,,,YES
PRODDTA,F0006,43,MCRP29,nchar,10,,,YES
PRODDTA,F0006,44,MCRP30,nchar,10,,,YES
PRODDTA,F0006,45,MCTA,nchar,10,,,YES
PRODDTA,F0006,47,MCTXA1,nchar,10,,,YES
PRODDTA,F0006,113,MCUSER,nchar,10,,,YES
PRODDTA,F0006,114,MCPID,nchar,10,,,YES
PRODDTA,F0006,116,MCJOBN,nchar,10,,,YES
PRODDTA,F0006,121,MCRP31,nchar,10,,,YES
PRODDTA,F0006,122,MCRP32,nchar,10,,,YES
PRODDTA,F0006,123,MCRP33,nchar,10,,,YES
PRODDTA,F0006,124,MCRP34,nchar,10,,,YES
PRODDTA,F0006,125,MCRP35,nchar,10,,,YES
PRODDTA,F0006,126,MCRP36,nchar,10,,,YES
PRODDTA,F0006,127,MCRP37,nchar,10,,,YES
PRODDTA,F0006,128,MCRP38,nchar,10,,,YES
PRODDTA,F0006,129,MCRP39,nchar,10,,,YES
PRODDTA,F0006,130,MCRP40,nchar,10,,,YES
PRODDTA,F0006,131,MCRP41,nchar,10,,,YES
PRODDTA,F0006,132,MCRP42,nchar,10,,,YES
PRODDTA,F0006,133,MCRP43,nchar,10,,,YES
PRODDTA,F0006,134,MCRP44,nchar,10,,,YES
PRODDTA,F0006,135,MCRP45,nchar,10,,,YES
PRODDTA,F0006,136,MCRP46,nchar,10,,,YES
PRODDTA,F0006,137,MCRP47,nchar,10,,,YES
PRODDTA,F0006,138,MCRP48,nchar,10,,,YES
PRODDTA,F0006,139,MCRP49,nchar,10,,,YES
PRODDTA,F0006,140,MCRP50,nchar,10,,,YES
PRODDTA,F0115,8,WPUSER,nchar,10,,,YES
PRODDTA,F0115,9,WPPID,nchar,10,,,YES
PRODDTA,F0115,11,WPJOBN,nchar,10,,,YES
PRODDTA,F0115,14,WPGEN1,nchar,10,,,YES
PRODDTA,F5542UOM,7,IBUSER,nchar,10,,,YES
PRODDTA,F5542UOM,8,IBPID,nchar,10,,,YES
PRODDTA,F5542UOM,9,IBJOBN,nchar,10,,,YES
PRODDTA,F43199,81,OLINMG,nchar,10,,,YES
PRODDTA,F43199,90,OLTXA1,nchar,10,,,YES
PRODDTA,F43199,98,OLFRAT,nchar,10,,,YES
PRODDTA,F43199,180,OLTORG,nchar,10,,,YES
PRODDTA,F43199,181,OLUSER,nchar,10,,,YES
PRODDTA,F43199,182,OLPID,nchar,10,,,YES
PRODDTA,F43199,183,OLJOBN,nchar,10,,,YES
PRODDTA,F43199,223,OLPODC03,nchar,10,,,YES
PRODDTA,F43199,224,OLPODC04,nchar,10,,,YES
PRODDTA,F0116,15,ALUSER,nchar,10,,,YES
PRODDTA,F0116,16,ALPID,nchar,10,,,YES
PRODDTA,F0116,18,ALJOBN,nchar,10,,,YES
PRODDTA,F0150,8,MAUSER,nchar,10,,,YES
PRODDTA,F0150,10,MAPID,nchar,10,,,YES
PRODDTA,F0150,11,MAJOBN,nchar,10,,,YES
PRODDTA,F554101,7,IMUSER,nchar,10,,,YES
PRODDTA,F554101,8,IMPID,nchar,10,,,YES
PRODDTA,F554101,9,IMJOBN,nchar,10,,,YES
PRODDTA,F56NAICS,21,NAUSER,nchar,10,,,YES
PRODDTA,F03B11_ARCH,43,RPTXA1,nchar,10,,,YES
PRODDTA,F03B11_ARCH,124,RPTORG,nchar,10,,,YES
PRODDTA,F03B11_ARCH,125,RPUSER,nchar,10,,,YES
PRODDTA,F03B11_ARCH,127,RPPID,nchar,10,,,YES
PRODDTA,F03B11_ARCH,131,RPJOBN,nchar,10,,,YES
PRODDTA,F03B11_ARCH,137,RPCLMG,nchar,10,,,YES
PRODDTA,F03B11_ARCH,138,RPCMGR,nchar,10,,,YES
PRODDTA,F0111,26,WWUSER,nchar,10,,,YES
PRODDTA,F0111,27,WWPID,nchar,10,,,YES
PRODDTA,F0111,29,WWJOBN,nchar,10,,,YES
PRODDTA,F0111,47,WWFUCO,nchar,10,,,YES
PRODDTA,F0111,48,WWPCM,nchar,10,,,YES
PRODDTA,F03012,11,AITXA1,nchar,10,,,YES
PRODDTA,F03012,30,AIPLCR,nchar,10,,,YES
PRODDTA,F03012,33,AICMGR,nchar,10,,,YES
PRODDTA,F03012,34,AICLMG,nchar,10,,,YES
PRODDTA,F03012,76,AIPOPN,nchar,10,,,YES
PRODDTA,F03012,83,AIINMG,nchar,10,,,YES
PRODDTA,F03012,138,AIARL,nchar,10,,,YES
PRODDTA,F03012,170,AISLPG,nchar,10,,,YES
PRODDTA,F03012,171,AISLDW,nchar,10,,,YES
PRODDTA,F03012,188,AIUSER,nchar,10,,,YES
PRODDTA,F03012,189,AIPID,nchar,10,,,YES
PRODDTA,F03012,192,AIJOBN,nchar,10,,,YES
PRODDTA,F03012,195,AIBSC,nchar,10,,,YES
PRODDTA,F03012,206,AITORG,nchar,10,,,YES
PRODDTA,F03B13_ARCH,61,RYECLK,nchar,10,,,YES
PRODDTA,F03B13_ARCH,62,RYARL,nchar,10,,,YES
PRODDTA,F03B13_ARCH,64,RYALGO,nchar,10,,,YES
PRODDTA,F03B13_ARCH,65,RYVERS,nchar,10,,,YES
PRODDTA,F03B13_ARCH,80,RYCUID,nchar,10,,,YES
PRODDTA,F03B13_ARCH,81,RYTORG,nchar,10,,,YES
PRODDTA,F03B13_ARCH,82,RYUSER,nchar,10,,,YES
PRODDTA,F03B13_ARCH,83,RYPID,nchar,10,,,YES
PRODDTA,F03B13_ARCH,86,RYJOBN,nchar,10,,,YES
PRODDTA,F4801T,62,WATXA1,nchar,10,,,YES
PRODDTA,F4801T,72,WADSAVNAME,nchar,10,,,YES
PRODDTA,F4801T,112,WAVMRS33,nchar,10,,,YES
PRODDTA,F4801T,121,WACRTU,nchar,10,,,YES
PRODDTA,F03B14_ARCH,110,RZTORG,nchar,10,,,YES
PRODDTA,F03B14_ARCH,111,RZUSER,nchar,10,,,YES
PRODDTA,F03B14_ARCH,112,RZPID,nchar,10,,,YES
PRODDTA,F03B14_ARCH,115,RZJOBN,nchar,10,,,YES
PRODDTA,F0411_ARCH,31,RPTXA1,nchar,10,,,YES
PRODDTA,F0411_ARCH,79,RPTXA3,nchar,10,,,YES
PRODDTA,F0411_ARCH,95,RPTORG,nchar,10,,,YES
PRODDTA,F0411_ARCH,96,RPUSER,nchar,10,,,YES
PRODDTA,F0411_ARCH,97,RPPID,nchar,10,,,YES
PRODDTA,F0411_ARCH,100,RPJOBN,nchar,10,,,YES
PRODDTA,F0411_ARCH,138,RPBLSCD2,nchar,10,,,YES
PRODDTA,F0411_ARCH,140,RPHARSFX,nchar,10,,,YES
PRODDTA,F4201,28,SHINMG,nchar,10,,,YES
PRODDTA,F4201,35,SHTXA1,nchar,10,,,YES
PRODDTA,F4201,65,SHAUTN,nchar,10,,,YES
PRODDTA,F4201,76,SHORBY,nchar,10,,,YES
PRODDTA,F4201,77,SHTKBY,nchar,10,,,YES
PRODDTA,F4201,83,SHUSER,nchar,10,,,YES
PRODDTA,F4201,84,SHPID,nchar,10,,,YES
PRODDTA,F4201,85,SHJOBN,nchar,10,,,YES
PRODDTA,F4201,111,SHBSC,nchar,10,,,YES
PRODDTA,F0413_ARCH,20,RMTORG,nchar,10,,,YES
PRODDTA,F0413_ARCH,21,RMUSER,nchar,10,,,YES
PRODDTA,F0413_ARCH,22,RMPID,nchar,10,,,YES
PRODDTA,F0413_ARCH,25,RMJOBN,nchar,10,,,YES
PRODDTA,F0413_ARCH,42,RMBLSCD2,nchar,10,,,YES
PRODDTA,F0413_ARCH,44,RMHARSFX,nchar,10,,,YES
PRODDTA,F0401,10,A6TXA2,nchar,10,,,YES
PRODDTA,F0401,13,A6TXA3,nchar,10,,,YES
PRODDTA,F0401,36,A6INMG,nchar,10,,,YES
PRODDTA,F0401,72,A6USER,nchar,10,,,YES
PRODDTA,F0401,73,A6PID,nchar,10,,,YES
PRODDTA,F0401,74,A6JOBN,nchar,10,,,YES
PRODDTA,F0414_ARCH,31,RNUSER,nchar,10,,,YES
PRODDTA,F0414_ARCH,32,RNPID,nchar,10,,,YES
PRODDTA,F0414_ARCH,35,RNJOBN,nchar,10,,,YES
PRODDTA,F0414_ARCH,51,RNBLSCD2,nchar,10,,,YES
PRODDTA,F0414_ARCH,53,RNHARSFX,nchar,10,,,YES
PRODDTA,F42019,28,SHINMG,nchar,10,,,YES
PRODDTA,F42019,35,SHTXA1,nchar,10,,,YES
PRODDTA,F42019,65,SHAUTN,nchar,10,,,YES
PRODDTA,F42019,76,SHORBY,nchar,10,,,YES
PRODDTA,F42019,77,SHTKBY,nchar,10,,,YES
PRODDTA,F42019,83,SHUSER,nchar,10,,,YES
PRODDTA,F42019,84,SHPID,nchar,10,,,YES
PRODDTA,F42019,85,SHJOBN,nchar,10,,,YES
PRODDTA,F42019,111,SHBSC,nchar,10,,,YES
PRODDTA,F00165,6,GDUSER,nchar,10,,,YES
PRODDTA,F00165,12,GDGTFUTS1,nchar,10,,,YES
PRODDTA,F00165,13,GDGTFUTS2,nchar,10,,,YES
PRODDTA,F3112_ARCH,59,WLSHNO,nchar,10,,,YES
PRODDTA,F3112_ARCH,74,WLUSER,nchar,10,,,YES
PRODDTA,F3112_ARCH,75,WLPID,nchar,10,,,YES
PRODDTA,F3112_ARCH,76,WLJOBN,nchar,10,,,YES
PRODDTA,F3112_ARCH,87,WLACTB,nchar,10,,,YES
PRODDTA,F3112_ARCH,102,WLCMPC,nchar,10,,,YES
PRODDTA,F31122_ARCH,32,WTUSER,nchar,10,,,YES
PRODDTA,F31122_ARCH,35,WTPID,nchar,10,,,YES
PRODDTA,F31122_ARCH,36,WTJOBN,nchar,10,,,YES
PRODDTA,F31122_ARCH,46,WTACTB,nchar,10,,,YES
PRODDTA,F41061,19,CBUSER,nchar,10,,,YES
PRODDTA,F41061,20,CBPID,nchar,10,,,YES
PRODDTA,F41061,21,CBJOBN,nchar,10,,,YES
PRODDTA,F0901,34,GMR021,nchar,10,,,YES
PRODDTA,F0901,35,GMR022,nchar,10,,,YES
PRODDTA,F0901,36,GMR023,nchar,10,,,YES
PRODDTA,F0901,46,GMUSER,nchar,10,,,YES
PRODDTA,F0901,47,GMPID,nchar,10,,,YES
PRODDTA,F0901,48,GMJOBN,nchar,10,,,YES
PRODDTA,F0901,62,GMTXA1,nchar,10,,,YES
PRODDTA,F0901,63,GMR024,nchar,10,,,YES
PRODDTA,F0901,64,GMR025,nchar,10,,,YES
PRODDTA,F0901,65,GMR026,nchar,10,,,YES
PRODDTA,F0901,66,GMR027,nchar,10,,,YES
PRODDTA,F0901,67,GMR028,nchar,10,,,YES
PRODDTA,F0901,68,GMR029,nchar,10,,,YES
PRODDTA,F0901,69,GMR030,nchar,10,,,YES
PRODDTA,F0901,70,GMR031,nchar,10,,,YES
PRODDTA,F0901,71,GMR032,nchar,10,,,YES
PRODDTA,F0901,72,GMR033,nchar,10,,,YES
PRODDTA,F0901,73,GMR034,nchar,10,,,YES
PRODDTA,F0901,74,GMR035,nchar,10,,,YES
PRODDTA,F0901,75,GMR036,nchar,10,,,YES
PRODDTA,F0901,76,GMR037,nchar,10,,,YES
PRODDTA,F0901,77,GMR038,nchar,10,,,YES
PRODDTA,F0901,78,GMR039,nchar,10,,,YES
PRODDTA,F0901,79,GMR040,nchar,10,,,YES
PRODDTA,F0901,80,GMR041,nchar,10,,,YES
PRODDTA,F0901,81,GMR042,nchar,10,,,YES
PRODDTA,F0901,82,GMR043,nchar,10,,,YES
PRODDTA,F42140,14,CMUSER,nchar,10,,,YES
PRODDTA,F42140,15,CMJOBN,nchar,10,,,YES
PRODDTA,F42140,20,CMPID,nchar,10,,,YES
PRODDTA,F42140,21,CMVID,nchar,10,,,YES
PRODDTA,F3003,32,IRSHNO,nchar,10,,,YES
PRODDTA,F3003,49,IRUSER,nchar,10,,,YES
PRODDTA,F3003,50,IRPID,nchar,10,,,YES
PRODDTA,F3003,53,IRJOBN,nchar,10,,,YES
PRODDTA,F3003,58,IRACTB,nchar,10,,,YES
PRODDTA,F3003,68,IRCMPC,nchar,10,,,YES
PRODDTA,F4074_ARCH,19,ALFRMN,nchar,10,,,YES
PRODDTA,F4074_ARCH,46,ALADJGRP,nchar,10,,,YES
PRODDTA,F4074_ARCH,59,ALUSER,nchar,10,,,YES
PRODDTA,F4074_ARCH,60,ALPID,nchar,10,,,YES
PRODDTA,F4074_ARCH,61,ALJOBN,nchar,10,,,YES
PRODDTA,F4074_ARCH,65,ALRULENAME,nchar,10,,,YES
PRODDTA,F0902,34,GBUSER,nchar,10,,,YES
PRODDTA,F0902,35,GBPID,nchar,10,,,YES
PRODDTA,F0902,37,GBJOBN,nchar,10,,,YES
PRODDTA,F55SODOC,11,SHUSER,nchar,10,,,YES
PRODDTA,F55SODOC,12,SHPID,nchar,10,,,YES
PRODDTA,F55SODOC,13,SHJOBN,nchar,10,,,YES
PRODDTA,F42005_ARCH,44,SCRPMB,nchar,10,,,YES
PRODDTA,F0911,97,GLTORG,nchar,10,,,YES
PRODDTA,F0911,100,GLUSER,nchar,10,,,YES
PRODDTA,F0911,101,GLPID,nchar,10,,,YES
PRODDTA,F0911,102,GLJOBN,nchar,10,,,YES
PRODDTA,F0911,127,GLTXA1,nchar,10,,,YES
PRODDTA,F0911,130,GLACTB,nchar,10,,,YES
PRODDTA,F3112,59,WLSHNO,nchar,10,,,YES
PRODDTA,F3112,74,WLUSER,nchar,10,,,YES
PRODDTA,F3112,75,WLPID,nchar,10,,,YES
PRODDTA,F3112,76,WLJOBN,nchar,10,,,YES
PRODDTA,F3112,87,WLACTB,nchar,10,,,YES
PRODDTA,F3112,102,WLCMPC,nchar,10,,,YES
PRODDTA,F4201_ARCH,28,SHINMG,nchar,10,,,YES
PRODDTA,F4201_ARCH,35,SHTXA1,nchar,10,,,YES
PRODDTA,F4201_ARCH,65,SHAUTN,nchar,10,,,YES
PRODDTA,F4201_ARCH,76,SHORBY,nchar,10,,,YES
PRODDTA,F4201_ARCH,77,SHTKBY,nchar,10,,,YES
PRODDTA,F4201_ARCH,83,SHUSER,nchar,10,,,YES
PRODDTA,F4201_ARCH,84,SHPID,nchar,10,,,YES
PRODDTA,F4201_ARCH,85,SHJOBN,nchar,10,,,YES
PRODDTA,F4201_ARCH,111,SHBSC,nchar,10,,,YES
PRODDTA,F42019_ARCH,28,SHINMG,nchar,10,,,YES
PRODDTA,F42019_ARCH,35,SHTXA1,nchar,10,,,YES
PRODDTA,F42019_ARCH,65,SHAUTN,nchar,10,,,YES
PRODDTA,F42019_ARCH,76,SHORBY,nchar,10,,,YES
PRODDTA,F42019_ARCH,77,SHTKBY,nchar,10,,,YES
PRODDTA,F42019_ARCH,83,SHUSER,nchar,10,,,YES
PRODDTA,F42019_ARCH,84,SHPID,nchar,10,,,YES
PRODDTA,F42019_ARCH,85,SHJOBN,nchar,10,,,YES
PRODDTA,F42019_ARCH,111,SHBSC,nchar,10,,,YES
PRODDTA,F1114,32,C2USER,nchar,10,,,YES
PRODDTA,F1114,33,C2PID,nchar,10,,,YES
PRODDTA,F1114,34,C2JOBN,nchar,10,,,YES
PRODDTA,F4074,19,ALFRMN,nchar,10,,,YES
PRODDTA,F4074,46,ALADJGRP,nchar,10,,,YES
PRODDTA,F4074,59,ALUSER,nchar,10,,,YES
PRODDTA,F4074,60,ALPID,nchar,10,,,YES
PRODDTA,F4074,61,ALJOBN,nchar,10,,,YES
PRODDTA,F4074,65,ALRULENAME,nchar,10,,,YES
PRODDTA,F11151,15,CEUSER,nchar,10,,,YES
PRODDTA,F11151,16,CEPID,nchar,10,,,YES
PRODDTA,F4108,29,IOUSER,nchar,10,,,YES
PRODDTA,F4108,30,IOPID,nchar,10,,,YES
PRODDTA,F4108,33,IOJOBN,nchar,10,,,YES
PRODDTA,F1201,59,FAUSER,nchar,10,,,YES
PRODDTA,F1201,63,FAPID,nchar,10,,,YES
PRODDTA,F1201,88,FAJOBN,nchar,10,,,YES
PRODDTA,F1201,100,FAFA21,nchar,10,,,YES
PRODDTA,F1201,101,FAFA22,nchar,10,,,YES
PRODDTA,F1201,102,FAFA23,nchar,10,,,YES
PRODDTA,F4301_ARCH,29,PHINMG,nchar,10,,,YES
PRODDTA,F4301_ARCH,34,PHTXA1,nchar,10,,,YES
PRODDTA,F4301_ARCH,72,PHORBY,nchar,10,,,YES
PRODDTA,F4301_ARCH,73,PHTKBY,nchar,10,,,YES
PRODDTA,F4301_ARCH,79,PHUSER,nchar,10,,,YES
PRODDTA,F4301_ARCH,80,PHPID,nchar,10,,,YES
PRODDTA,F4301_ARCH,81,PHJOBN,nchar,10,,,YES
PRODDTA,F4301_ARCH,108,PHPOHC07,nchar,10,,,YES
PRODDTA,F4301_ARCH,109,PHPOHC08,nchar,10,,,YES
PRODDTA,F4301_ARCH,110,PHPOHC09,nchar,10,,,YES
PRODDTA,F4301_ARCH,111,PHPOHC10,nchar,10,,,YES
PRODDTA,F4301_ARCH,112,PHPOHC11,nchar,10,,,YES
PRODDTA,F4301_ARCH,113,PHPOHC12,nchar,10,,,YES
PRODDTA,F1202,42,FLUSER,nchar,10,,,YES
PRODDTA,F1202,44,FLPID,nchar,10,,,YES
PRODDTA,F1202,48,FLJOBN,nchar,10,,,YES
PRODDTA,F3007,41,WUPID,nchar,10,,,YES
PRODDTA,F3007,42,WUJOBN,nchar,10,,,YES
PRODDTA,F3007,43,WUUSER,nchar,10,,,YES
PRODDTA,F550001,12,SDUSER,nchar,10,,,YES
PRODDTA,F550001,13,SDPID,nchar,10,,,YES
PRODDTA,F550001,14,SDJOBN,nchar,10,,,YES
PRODDTA,F4311_ARCH,81,PDINMG,nchar,10,,,YES
PRODDTA,F4311_ARCH,90,PDTXA1,nchar,10,,,YES
PRODDTA,F4311_ARCH,98,PDFRAT,nchar,10,,,YES
PRODDTA,F4311_ARCH,180,PDTORG,nchar,10,,,YES
PRODDTA,F4311_ARCH,181,PDUSER,nchar,10,,,YES
PRODDTA,F4311_ARCH,182,PDPID,nchar,10,,,YES
PRODDTA,F4311_ARCH,183,PDJOBN,nchar,10,,,YES
PRODDTA,F4311_ARCH,221,PDPODC03,nchar,10,,,YES
PRODDTA,F4311_ARCH,222,PDPODC04,nchar,10,,,YES
PRODDTA,F1217,27,WRPRODC,nchar,10,,,YES
PRODDTA,F1217,32,WRZE01,nchar,10,,,YES
PRODDTA,F1217,33,WRZE02,nchar,10,,,YES
PRODDTA,F1217,34,WRZE03,nchar,10,,,YES
PRODDTA,F1217,35,WRZE04,nchar,10,,,YES
PRODDTA,F1217,36,WRZE05,nchar,10,,,YES
PRODDTA,F1217,37,WRZE06,nchar,10,,,YES
PRODDTA,F1217,38,WRZE07,nchar,10,,,YES
PRODDTA,F1217,39,WRZE08,nchar,10,,,YES
PRODDTA,F1217,40,WRZE09,nchar,10,,,YES
PRODDTA,F1217,41,WRZE10,nchar,10,,,YES
PRODDTA,F1217,47,WRCRTU,nchar,10,,,YES
PRODDTA,F1217,48,WRUSER,nchar,10,,,YES
PRODDTA,F1217,49,WRPID,nchar,10,,,YES
PRODDTA,F1217,50,WRJOBN,nchar,10,,,YES
PRODDTA,F1217,68,WRVMRS34,nchar,10,,,YES
PRODDTA,F5501,15,QAEUSR,nchar,10,,,YES
PRODDTA,F4006,17,OAUSER,nchar,10,,,YES
PRODDTA,F4006,18,OAPID,nchar,10,,,YES
PRODDTA,F4006,20,OAJOBN,nchar,10,,,YES
PRODDTA,F41112,46,INUSER,nchar,10,,,YES
PRODDTA,F41112,47,INPID,nchar,10,,,YES
PRODDTA,F41112,49,INJOBN,nchar,10,,,YES
PRODDTA,F4801_ARCH,69,WASHNO,nchar,10,,,YES
PRODDTA,F4801_ARCH,111,WAUSER,nchar,10,,,YES
PRODDTA,F4801_ARCH,112,WAPID,nchar,10,,,YES
PRODDTA,F4801_ARCH,113,WAJOBN,nchar,10,,,YES
PRODDTA,F1602,57,CBUSER,nchar,10,,,YES
PRODDTA,F1602,58,CBPID,nchar,10,,,YES
PRODDTA,F1602,61,CBJOBN,nchar,10,,,YES
PRODDTA,F4801T_ARCH,62,WATXA1,nchar,10,,,YES
PRODDTA,F4801T_ARCH,72,WADSAVNAME,nchar,10,,,YES
PRODDTA,F4801T_ARCH,112,WAVMRS33,nchar,10,,,YES
PRODDTA,F4801T_ARCH,121,WACRTU,nchar,10,,,YES
PRODDTA,F1620,4,CTFILE,nchar,10,,,YES
PRODDTA,F1620,5,CTDTAI,nchar,10,,,YES
PRODDTA,F1620,7,CTCMVL,nchar,10,,,YES
PRODDTA,F1620,10,CTUSER,nchar,10,,,YES
PRODDTA,F1620,11,CTPID,nchar,10,,,YES
PRODDTA,F1620,14,CTJOBN,nchar,10,,,YES
PRODDTA,F550401,7,VAPID,nchar,10,,,YES
PRODDTA,F30008,20,IWUSER,nchar,10,,,YES
PRODDTA,F30008,21,IWPID,nchar,10,,,YES
PRODDTA,F30008,24,IWJOBN,nchar,10,,,YES
PRODDTA,F3002,55,IXSHNO,nchar,10,,,YES
PRODDTA,F3002,68,IXUSER,nchar,10,,,YES
PRODDTA,F3002,69,IXPID,nchar,10,,,YES
PRODDTA,F3002,70,IXJOBN,nchar,10,,,YES
PRODDTA,F550901,22,GMUSER,nchar,10,,,YES
PRODDTA,F550901,23,GMPID,nchar,10,,,YES
PRODDTA,F550901,24,GMJOBN,nchar,10,,,YES
PRODDTA,F550901,27,GMR021,nchar,10,,,YES
PRODDTA,F3102_ARCH,26,IGUSER,nchar,10,,,YES
PRODDTA,F3102_ARCH,27,IGPID,nchar,10,,,YES
PRODDTA,F3102_ARCH,30,IGJOBN,nchar,10,,,YES
PRODDTA,F30026,23,IEUSER,nchar,10,,,YES
PRODDTA,F30026,24,IEPID,nchar,10,,,YES
PRODDTA,F30026,25,IEJOBN,nchar,10,,,YES
PRODDTA,F5511,4,QSEUSR,nchar,10,,,YES
PRODDTA,F30006,35,IWUSER,nchar,10,,,YES
PRODDTA,F30006,36,IWPID,nchar,10,,,YES
PRODDTA,F30006,39,IWJOBN,nchar,10,,,YES
PRODDTA,F30006,40,IWWDCT,nchar,10,,,YES
PRODDTA,F30006,41,IWWDCK,nchar,10,,,YES
PRODDTA,F3102,26,IGUSER,nchar,10,,,YES
PRODDTA,F3102,27,IGPID,nchar,10,,,YES
PRODDTA,F3102,30,IGJOBN,nchar,10,,,YES
PRODDTA,F5512,17,QDEUSR,nchar,10,,,YES
PRODDTA,F40072,9,GIUSER,nchar,10,,,YES
PRODDTA,F40072,10,GIPID,nchar,10,,,YES
PRODDTA,F40072,11,GIJOBN,nchar,10,,,YES
PRODDTA,F3111_ARCH,51,WMSHNO,nchar,10,,,YES
PRODDTA,F3111_ARCH,65,WMUSER,nchar,10,,,YES
PRODDTA,F3111_ARCH,66,WMPID,nchar,10,,,YES
PRODDTA,F3111_ARCH,67,WMJOBN,nchar,10,,,YES
PRODDTA,F5521,15,QIEUSR,nchar,10,,,YES
PRODDTA,F31091,21,IQUSER,nchar,10,,,YES
PRODDTA,F31091,22,IQPID,nchar,10,,,YES
PRODDTA,F31091,23,IQJOBN,nchar,10,,,YES
PRODDTA,F40318,53,QCQPRP,nchar,10,,,YES
PRODDTA,F40318,64,QCUSER,nchar,10,,,YES
PRODDTA,F40318,65,QCPID,nchar,10,,,YES
PRODDTA,F40318,68,QCJOBN,nchar,10,,,YES
PRODDTA,F3111,51,WMSHNO,nchar,10,,,YES
PRODDTA,F3111,65,WMUSER,nchar,10,,,YES
PRODDTA,F3111,66,WMPID,nchar,10,,,YES
PRODDTA,F3111,67,WMJOBN,nchar,10,,,YES
PRODDTA,F553012,7,ADUSER,nchar,10,,,NO
PRODDTA,F554105,19,MRUSER,nchar,10,,,NO
PRODDTA,F40721,5,PVDTAI,nchar,10,,,NO
PRODDTA,F00092,3,T3SBA1,nchar,10,,,NO
PRODDTA,F00092,5,T3SBA2,nchar,10,,,NO
PRODDTA,F56INMKT,1,SOINDCODE,nchar,10,,,NO
PRODDTA,F56INSEC,1,SOINDCODE,nchar,10,,,NO
PRODDTA,F56INSEG,1,SOINDCODE,nchar,10,,,NO
PRODDTA,F56MRMKT,1,SOINDCODE,nchar,10,,,NO
PRODDTA,F56MRSEC,1,SOINDCODE,nchar,10,,,NO
PRODDTA,F56MRSEG,1,SOINDCODE,nchar,10,,,NO
PRODDTA,F00165,1,GDOBNM,nchar,10,,,NO
PRODDTA,F55SODOC,4,SHKY,nchar,10,,,NO
PRODDTA,F1602,2,CBACTB,nchar,10,,,NO
PRODDTA,F5503B01,1,WFUSER,nchar,10,,,NO
PRODDTA,F5503B01,2,WFJOBN,nchar,10,,,NO
PRODDTA,F550401,6,VAUSER,nchar,10,,,NO
PRODDTA,F553002,6,AHUSER,nchar,10,,,NO
PRODCTL,F0005,3,DRKY,nchar,10,,,NO
PRODCTL,F0005,6,DRSPHD,nchar,10,,,YES
PRODCTL,F0005,9,DRUSER,nchar,10,,,YES
PRODCTL,F0005,10,DRPID,nchar,10,,,YES
PRODCTL,F0005,12,DRJOBN,nchar,10,,,YES
PRODDTA,F554102,3,IT$APE,nchar,10,,,YES
PRODDTA,F554102,4,IT$BS01,nchar,10,,,YES
PRODDTA,F554102,5,IT$BS02,nchar,10,,,YES
PRODDTA,F554102,6,IT$BS03,nchar,10,,,YES
PRODDTA,F554102,7,IT$BS04,nchar,10,,,YES
PRODDTA,F554102,8,IT$BS05,nchar,10,,,YES
PRODDTA,F554102,9,IT$CT01,nchar,10,,,YES
PRODDTA,F554102,10,IT$CT02,nchar,10,,,YES
PRODDTA,F554102,11,IT$CT03,nchar,10,,,YES
PRODDTA,F554102,12,IT$CT04,nchar,10,,,YES
PRODDTA,F554102,13,IT$CT05,nchar,10,,,YES
PRODDTA,F554102,14,IT$DEF,nchar,10,,,YES
PRODDTA,F554102,15,IT$DP01,nchar,10,,,YES
PRODDTA,F554102,16,IT$DP02,nchar,10,,,YES
PRODDTA,F554102,17,IT$DP03,nchar,10,,,YES
PRODDTA,F554102,18,IT$DP04,nchar,10,,,YES
PRODDTA,F554102,19,IT$DP05,nchar,10,,,YES
PRODDTA,F554102,20,IT$DSP,nchar,10,,,YES
PRODDTA,F554102,21,IT$EU01,nchar,10,,,YES
PRODDTA,F554102,22,IT$EU02,nchar,10,,,YES
PRODDTA,F554102,23,IT$EU03,nchar,10,,,YES
PRODDTA,F554102,24,IT$EU04,nchar,10,,,YES
PRODDTA,F554102,25,IT$EU05,nchar,10,,,YES
PRODDTA,F554102,26,IT$FC01,nchar,10,,,YES
PRODDTA,F554102,27,IT$FC02,nchar,10,,,YES
PRODDTA,F554102,28,IT$FC03,nchar,10,,,YES
PRODDTA,F554102,29,IT$FC04,nchar,10,,,YES
PRODDTA,F554102,30,IT$FC05,nchar,10,,,YES
PRODDTA,F554102,31,IT$FF01,nchar,10,,,YES
PRODDTA,F554102,32,IT$FF02,nchar,10,,,YES
PRODDTA,F554102,33,IT$FF03,nchar,10,,,YES
PRODDTA,F554102,34,IT$FF04,nchar,10,,,YES
PRODDTA,F554102,35,IT$FF05,nchar,10,,,YES
PRODDTA,F554102,36,IT$FRM,nchar,10,,,YES
PRODDTA,F554102,37,IT$IF01,nchar,10,,,YES
PRODDTA,F554102,38,IT$IF02,nchar,10,,,YES
PRODDTA,F554102,39,IT$IF03,nchar,10,,,YES
PRODDTA,F554102,40,IT$IF04,nchar,10,,,YES
PRODDTA,F554102,41,IT$IF05,nchar,10,,,YES
PRODDTA,F554102,42,IT$IP01,nchar,10,,,YES
PRODDTA,F554102,44,IT$IP02,nchar,10,,,YES
PRODDTA,F554102,46,IT$IP03,nchar,10,,,YES
PRODDTA,F554102,48,IT$IP04,nchar,10,,,YES
PRODDTA,F554102,50,IT$IP05,nchar,10,,,YES
PRODDTA,F554102,52,IT$NTA,nchar,10,,,YES
PRODDTA,F554102,53,IT$OG01,nchar,10,,,YES
PRODDTA,F554102,54,IT$OG02,nchar,10,,,YES
PRODDTA,F554102,55,IT$OG03,nchar,10,,,YES
PRODDTA,F554102,56,IT$OG04,nchar,10,,,YES
PRODDTA,F554102,57,IT$OG05,nchar,10,,,YES
PRODDTA,F554102,58,IT$OL01,nchar,10,,,YES
PRODDTA,F554102,59,IT$OL02,nchar,10,,,YES
PRODDTA,F554102,60,IT$OL03,nchar,10,,,YES
PRODDTA,F554102,61,IT$OL04,nchar,10,,,YES
PRODDTA,F554102,62,IT$OL05,nchar,10,,,YES
PRODDTA,F554102,63,IT$PB01,nchar,10,,,YES
PRODDTA,F554102,64,IT$PB02,nchar,10,,,YES
PRODDTA,F554102,65,IT$PB03,nchar,10,,,YES
PRODDTA,F554102,66,IT$PB04,nchar,10,,,YES
PRODDTA,F554102,67,IT$PB05,nchar,10,,,YES
PRODDTA,F554102,68,IT$PS01,nchar,10,,,YES
PRODDTA,F554102,69,IT$PS02,nchar,10,,,YES
PRODDTA,F554102,70,IT$PS03,nchar,10,,,YES
PRODDTA,F554102,71,IT$PS04,nchar,10,,,YES
PRODDTA,F554102,72,IT$PS05,nchar,10,,,YES
PRODDTA,F554102,74,IT$SC01,nchar,10,,,YES
PRODDTA,F554102,75,IT$SC02,nchar,10,,,YES
PRODDTA,F554102,76,IT$SC03,nchar,10,,,YES
PRODDTA,F554102,77,IT$SC04,nchar,10,,,YES
PRODDTA,F554102,78,IT$SC05,nchar,10,,,YES
PRODDTA,F554102,79,IT$SF01,nchar,10,,,YES
PRODDTA,F554102,80,IT$SF02,nchar,10,,,YES
PRODDTA,F554102,81,IT$SF03,nchar,10,,,YES
PRODDTA,F554102,82,IT$SF04,nchar,10,,,YES
PRODDTA,F554102,83,IT$SF05,nchar,10,,,YES
PRODDTA,F554102,84,IT$SLA,nchar,10,,,YES
PRODDTA,F554102,85,IT$SLC,nchar,10,,,YES
PRODDTA,F554102,86,IT$SLT,nchar,10,,,YES
PRODDTA,F554102,87,IT$SS01,nchar,10,,,YES
PRODDTA,F554102,88,IT$SS02,nchar,10,,,YES
PRODDTA,F554102,89,IT$SS03,nchar,10,,,YES
PRODDTA,F554102,90,IT$SS04,nchar,10,,,YES
PRODDTA,F554102,91,IT$SS05,nchar,10,,,YES
PRODDTA,F554102,92,IT$ST01,nchar,10,,,YES
PRODDTA,F554102,93,IT$ST02,nchar,10,,,YES
PRODDTA,F554102,94,IT$ST03,nchar,10,,,YES
PRODDTA,F554102,95,IT$ST04,nchar,10,,,YES
PRODDTA,F554102,96,IT$ST05,nchar,10,,,YES
PRODDTA,F554102,97,IT$STR,nchar,10,,,YES
PRODDTA,F554102,98,IT$SV01,nchar,10,,,YES
PRODDTA,F554102,99,IT$SV02,nchar,10,,,YES
PRODDTA,F554102,100,IT$SV03,nchar,10,,,YES
PRODDTA,F554102,101,IT$SV04,nchar,10,,,YES
PRODDTA,F554102,102,IT$SV05,nchar,10,,,YES
PRODDTA,F554102,103,IT$TCH,nchar,10,,,YES
PRODDTA,F554102,104,IT$TH01,nchar,10,,,YES
PRODDTA,F554102,105,IT$TH02,nchar,10,,,YES
PRODDTA,F554102,106,IT$TH03,nchar,10,,,YES
PRODDTA,F554102,107,IT$TH04,nchar,10,,,YES
PRODDTA,F554102,108,IT$TH05,nchar,10,,,YES
PRODDTA,F554102,109,IT$TP01,nchar,10,,,YES
PRODDTA,F554102,110,IT$TP02,nchar,10,,,YES
PRODDTA,F554102,111,IT$TP03,nchar,10,,,YES
PRODDTA,F554102,112,IT$TP04,nchar,10,,,YES
PRODDTA,F554102,113,IT$TP05,nchar,10,,,YES
PRODDTA,F554102,114,IT$TMK,nchar,10,,,YES
PRODDTA,F554102,115,IT$WX01,nchar,10,,,YES
PRODDTA,F554102,116,IT$WX02,nchar,10,,,YES
PRODDTA,F554102,117,IT$WX03,nchar,10,,,YES
PRODDTA,F554102,118,IT$WX04,nchar,10,,,YES
PRODDTA,F554102,119,IT$WX05,nchar,10,,,YES
PRODDTA,F554102,120,IT$SSTK,nchar,10,,,YES
PRODDTA,F554102,121,IT$BFAM,nchar,10,,,YES
PRODDTA,F554102,124,IT$CAS01,nchar,10,,,YES
PRODDTA,F554102,125,IT$CAS02,nchar,10,,,YES
PRODDTA,F554102,126,IT$CAS03,nchar,10,,,YES
PRODDTA,F554102,127,IT$CAS04,nchar,10,,,YES
PRODDTA,F554102,128,IT$CAS05,nchar,10,,,YES
PRODDTA,F554102,129,IT$CAS06,nchar,10,,,YES
PRODDTA,F554102,130,IT$CAS07,nchar,10,,,YES
PRODDTA,F554102,131,IT$CAS08,nchar,10,,,YES
PRODDTA,F554102,132,IT$CAS09,nchar,10,,,YES
PRODDTA,F554102,133,IT$CAS10,nchar,10,,,YES
PRODDTA,F554102,134,IT$CAS11,nchar,10,,,YES
PRODDTA,F554102,135,IT$CAS12,nchar,10,,,YES
PRODDTA,F554102,136,IT$CAS13,nchar,10,,,YES
PRODDTA,F554102,137,IT$CAS14,nchar,10,,,YES
PRODDTA,F554102,138,IT$CAS15,nchar,10,,,YES
PRODDTA,F554102,140,IT$PLSZ,nchar,10,,,YES
PRODDTA,F554102,141,IT$CPOP,nchar,10,,,YES
PRODDTA,F554102,146,IT$MTYP,nchar,10,,,YES
PRODDTA,F554102,150,IT$BSON,nchar,10,,,YES
PRODDTA,F554102,151,IT$FRT,nchar,10,,,YES
PRODDTA,F554102,152,IT$MOQ,nchar,10,,,YES
PRODDTA,F554102,154,IT$AVL,nchar,10,,,YES
PRODDTA,F554102,155,IT$MISC,nchar,10,,,YES
PRODDTA,F554102,161,ITPID,nchar,10,,,YES
PRODDTA,F554102,162,ITUSER,nchar,10,,,YES
PRODDTA,F554102,163,ITJOBN,nchar,10,,,YES
PRODCTL,F0005,2,DRRT,nchar,2,,,NO
PRODDTA,F3114,4,IQSCHT,nchar,2,,,NO
PRODDTA,F554072,10,ADUOM,nchar,2,,,NO
PRODDTA,F554072,42,AD55STATUS,nchar,2,,,NO
PRODDTA,F3460,11,MFTYPF,nchar,2,,,NO
PRODDTA,F554072A,4,TRUOM,nchar,2,,,NO
PRODDTA,F554072A,7,TR55STATUS,nchar,2,,,NO
PRODDTA,F40205,1,LFLNTY,nchar,2,,,NO
PRODDTA,F42119_ARCH,3,SDDCTO,nchar,2,,,NO
PRODDTA,F4211,3,SDDCTO,nchar,2,,,NO
PRODDTA,F4211_ARCH,3,SDDCTO,nchar,2,,,NO
PRODDTA,F42119,3,SDDCTO,nchar,2,,,NO
PRODDTA,F41002,3,UMUM,nchar,2,,,NO
PRODDTA,F41002,4,UMRUM,nchar,2,,,NO
PRODDTA,F3400,2,SGTYPF,nchar,2,,,NO
PRODDTA,F4104,2,IVXRT,nchar,2,,,NO
PRODDTA,F4105,8,COLEDG,nchar,2,,,NO
PRODDTA,F4106,13,BPUOM,nchar,2,,,NO
PRODDTA,F42004,8,CMDCTO,nchar,2,,,NO
PRODDTA,F42005,11,SCDCTO,nchar,2,,,NO
PRODDTA,F4301,3,PHDCTO,nchar,2,,,NO
PRODDTA,F03B11,2,RPDCT,nchar,2,,,NO
PRODDTA,F03B112,2,RWDCT,nchar,2,,,NO
PRODDTA,F4311,3,PDDCTO,nchar,2,,,NO
PRODDTA,F4072,10,ADUOM,nchar,2,,,NO
PRODDTA,F43121,5,PRDCTO,nchar,2,,,NO
PRODDTA,F0411,3,RPDCT,nchar,2,,,NO
PRODDTA,F00092,2,T3TYDT,nchar,2,,,NO
PRODDTA,F41003,1,UCUM,nchar,2,,,NO
PRODDTA,F41003,2,UCRUM,nchar,2,,,NO
PRODDTA,F42199,3,SLDCTO,nchar,2,,,NO
PRODDTA,F46011,4,IQUOM,nchar,2,,,NO
PRODDTA,F0015,4,CXRTTYP,nchar,2,,,NO
PRODDTA,F0025,1,LHLT,nchar,2,,,NO
PRODDTA,F5542UOM,4,IBUM,nchar,2,,,NO
PRODDTA,F03B11_ARCH,2,RPDCT,nchar,2,,,NO
PRODDTA,F0411_ARCH,3,RPDCT,nchar,2,,,NO
PRODDTA,F4201,3,SHDCTO,nchar,2,,,NO
PRODDTA,F0902_JG,5,GBLT,nchar,2,,,NO
PRODDTA,F42019,3,SHDCTO,nchar,2,,,NO
PRODDTA,F3112_ARCH,14,WLOPSC,nchar,2,,,NO
PRODDTA,F41061,14,CBUOM,nchar,2,,,NO
PRODDTA,F3003,33,IROPSC,nchar,2,,,NO
PRODDTA,F4074_ARCH,2,ALDCTO,nchar,2,,,NO
PRODDTA,F4074_ARCH,7,ALSRCFD,nchar,2,,,NO
PRODDTA,F0902,5,GBLT,nchar,2,,,NO
PRODDTA,F55SODOC,2,SHDCTO,nchar,2,,,NO
PRODDTA,F42005_ARCH,11,SCDCTO,nchar,2,,,NO
PRODDTA,F0911,2,GLDCT,nchar,2,,,NO
PRODDTA,F0911,6,GLEXTL,nchar,2,,,NO
PRODDTA,F0911,22,GLLT,nchar,2,,,NO
PRODDTA,F3112,14,WLOPSC,nchar,2,,,NO
PRODDTA,F4201_ARCH,3,SHDCTO,nchar,2,,,NO
PRODDTA,F1113,1,C1RTTY,nchar,2,,,NO
PRODDTA,F42019_ARCH,3,SHDCTO,nchar,2,,,NO
PRODDTA,F1114,3,C2FLT1,nchar,2,,,NO
PRODDTA,F1114,6,C2TLT,nchar,2,,,NO
PRODDTA,F4074,2,ALDCTO,nchar,2,,,NO
PRODDTA,F4074,7,ALSRCFD,nchar,2,,,NO
PRODDTA,F4301_ARCH,3,PHDCTO,nchar,2,,,NO
PRODDTA,F1202,5,FLLT,nchar,2,,,NO
PRODDTA,F3007,5,WUUM,nchar,2,,,NO
PRODDTA,F3007,6,WUSTYL,nchar,2,,,NO
PRODDTA,F4311_ARCH,3,PDDCTO,nchar,2,,,NO
PRODDTA,F3313,3,CRCQT,nchar,2,,,NO
PRODDTA,F3313,4,CRUM,nchar,2,,,NO
PRODDTA,F4006,2,OADCTO,nchar,2,,,NO
PRODDTA,F41112,1,INDCT,nchar,2,,,NO
PRODDTA,F1602,5,CBLT,nchar,2,,,NO
PRODDTA,F30008,2,IWLEDG,nchar,2,,,NO
PRODDTA,F30026,7,IELEDG,nchar,2,,,NO
PRODDTA,F40072,2,GIPRFR,nchar,2,,,NO
PRODDTA,F31091,7,IQDCTO,nchar,2,,,NO
PRODDTA,F3711,2,TRDCTO,nchar,2,,,YES
PRODDTA,F3711,5,TRRCTO,nchar,2,,,YES
PRODDTA,F3711,36,TRRT,nchar,2,,,YES
PRODDTA,F3711,72,TRQPCD,nchar,2,,,YES
PRODDTA,F3711,85,TRURCD,nchar,2,,,YES
PRODDTA,F3711,128,TRRT1,nchar,2,,,YES
PRODDTA,F3711,131,TRSMPCNSL,nchar,2,,,YES
PRODDTA,F554105A,4,DCUOM,nchar,2,,,YES
PRODDTA,F31122,3,WTDCTO,nchar,2,,,YES
PRODDTA,F31122,12,WTOPST,nchar,2,,,YES
PRODDTA,F31122,16,WTDCT,nchar,2,,,YES
PRODDTA,F31122,30,WTUOM,nchar,2,,,YES
PRODDTA,F31122,41,WTURCD,nchar,2,,,YES
PRODDTA,F3114,9,IQUOM,nchar,2,,,YES
PRODDTA,F3701,11,QART,nchar,2,,,YES
PRODDTA,F3701,51,QAURCD,nchar,2,,,YES
PRODDTA,F3701,75,QASMPCNSL,nchar,2,,,YES
PRODDTA,F31UI006,6,LSDCTO,nchar,2,,,YES
PRODDTA,F31UI006,15,LSUOM,nchar,2,,,YES
PRODDTA,F31UI006,33,LSSRST,nchar,2,,,YES
PRODDTA,F31UI006,38,LSRCTO,nchar,2,,,YES
PRODDTA,F554072,15,ADLEDG,nchar,2,,,YES
PRODDTA,F554072,20,ADURCD,nchar,2,,,YES
PRODDTA,F554072,26,ADUOMVID,nchar,2,,,YES
PRODDTA,F554072,27,ADFVUM,nchar,2,,,YES
PRODDTA,F3460,12,MFDCTO,nchar,2,,,YES
PRODDTA,F4111_ARCH,23,ILDCT,nchar,2,,,YES
PRODDTA,F4111_ARCH,29,ILDCTO,nchar,2,,,YES
PRODDTA,F4111_ARCH,35,ILTRUM,nchar,2,,,YES
PRODDTA,F4111_ARCH,55,ILUOM2,nchar,2,,,YES
PRODDTA,F40205,24,LFDCTO,nchar,2,,,YES
PRODDTA,F4111,23,ILDCT,nchar,2,,,YES
PRODDTA,F4111,29,ILDCTO,nchar,2,,,YES
PRODDTA,F4111,35,ILTRUM,nchar,2,,,YES
PRODDTA,F4111,55,ILUOM2,nchar,2,,,YES
PRODDTA,F42119_ARCH,10,SDOCTO,nchar,2,,,YES
PRODDTA,F42119_ARCH,14,SDRCTO,nchar,2,,,YES
PRODDTA,F42119_ARCH,45,SDLNTY,nchar,2,,,YES
PRODDTA,F42119_ARCH,64,SDUOM,nchar,2,,,YES
PRODDTA,F42119_ARCH,80,SDAPUM,nchar,2,,,YES
PRODDTA,F42119_ARCH,98,SDDCT,nchar,2,,,YES
PRODDTA,F42119_ARCH,100,SDODCT,nchar,2,,,YES
PRODDTA,F42119_ARCH,106,SDEXR1,nchar,2,,,YES
PRODDTA,F42119_ARCH,115,SDDTYS,nchar,2,,,YES
PRODDTA,F42119_ARCH,116,SDNTR,nchar,2,,,YES
PRODDTA,F42119_ARCH,128,SDUOM1,nchar,2,,,YES
PRODDTA,F42119_ARCH,130,SDUOM2,nchar,2,,,YES
PRODDTA,F42119_ARCH,132,SDUOM4,nchar,2,,,YES
PRODDTA,F42119_ARCH,134,SDWTUM,nchar,2,,,YES
PRODDTA,F42119_ARCH,136,SDVLUM,nchar,2,,,YES
PRODDTA,F42119_ARCH,140,SDCMGP,nchar,2,,,YES
PRODDTA,F42119_ARCH,163,SDGWUM,nchar,2,,,YES
PRODDTA,F42119_ARCH,166,SDLCOD,nchar,2,,,YES
PRODDTA,F42119_ARCH,167,SDUPC1,nchar,2,,,YES
PRODDTA,F42119_ARCH,168,SDUPC2,nchar,2,,,YES
PRODDTA,F42119_ARCH,169,SDUPC3,nchar,2,,,YES
PRODDTA,F42119_ARCH,180,SDURCD,nchar,2,,,YES
PRODDTA,F42119_ARCH,229,SDHOLD,nchar,2,,,YES
PRODDTA,F42119_ARCH,237,SDXCTO,nchar,2,,,YES
PRODDTA,F5541006,7,IDUOM,nchar,2,,,YES
PRODDTA,F5541006,16,IDURCD,nchar,2,,,YES
PRODDTA,F4211,10,SDOCTO,nchar,2,,,YES
PRODDTA,F4211,14,SDRCTO,nchar,2,,,YES
PRODDTA,F4211,45,SDLNTY,nchar,2,,,YES
PRODDTA,F4211,64,SDUOM,nchar,2,,,YES
PRODDTA,F4211,80,SDAPUM,nchar,2,,,YES
PRODDTA,F4211,98,SDDCT,nchar,2,,,YES
PRODDTA,F4211,100,SDODCT,nchar,2,,,YES
PRODDTA,F4211,106,SDEXR1,nchar,2,,,YES
PRODDTA,F4211,115,SDDTYS,nchar,2,,,YES
PRODDTA,F4211,116,SDNTR,nchar,2,,,YES
PRODDTA,F4211,128,SDUOM1,nchar,2,,,YES
PRODDTA,F4211,130,SDUOM2,nchar,2,,,YES
PRODDTA,F4211,132,SDUOM4,nchar,2,,,YES
PRODDTA,F4211,134,SDWTUM,nchar,2,,,YES
PRODDTA,F4211,136,SDVLUM,nchar,2,,,YES
PRODDTA,F4211,140,SDCMGP,nchar,2,,,YES
PRODDTA,F4211,163,SDGWUM,nchar,2,,,YES
PRODDTA,F4211,166,SDLCOD,nchar,2,,,YES
PRODDTA,F4211,167,SDUPC1,nchar,2,,,YES
PRODDTA,F4211,168,SDUPC2,nchar,2,,,YES
PRODDTA,F4211,169,SDUPC3,nchar,2,,,YES
PRODDTA,F4211,180,SDURCD,nchar,2,,,YES
PRODDTA,F4211,229,SDHOLD,nchar,2,,,YES
PRODDTA,F4211,237,SDXCTO,nchar,2,,,YES
PRODDTA,F4211_ARCH,10,SDOCTO,nchar,2,,,YES
PRODDTA,F4211_ARCH,14,SDRCTO,nchar,2,,,YES
PRODDTA,F4211_ARCH,45,SDLNTY,nchar,2,,,YES
PRODDTA,F4211_ARCH,64,SDUOM,nchar,2,,,YES
PRODDTA,F4211_ARCH,80,SDAPUM,nchar,2,,,YES
PRODDTA,F4211_ARCH,98,SDDCT,nchar,2,,,YES
PRODDTA,F4211_ARCH,100,SDODCT,nchar,2,,,YES
PRODDTA,F4211_ARCH,106,SDEXR1,nchar,2,,,YES
PRODDTA,F4211_ARCH,115,SDDTYS,nchar,2,,,YES
PRODDTA,F4211_ARCH,116,SDNTR,nchar,2,,,YES
PRODDTA,F4211_ARCH,128,SDUOM1,nchar,2,,,YES
PRODDTA,F4211_ARCH,130,SDUOM2,nchar,2,,,YES
PRODDTA,F4211_ARCH,132,SDUOM4,nchar,2,,,YES
PRODDTA,F4211_ARCH,134,SDWTUM,nchar,2,,,YES
PRODDTA,F4211_ARCH,136,SDVLUM,nchar,2,,,YES
PRODDTA,F4211_ARCH,140,SDCMGP,nchar,2,,,YES
PRODDTA,F4211_ARCH,163,SDGWUM,nchar,2,,,YES
PRODDTA,F4211_ARCH,166,SDLCOD,nchar,2,,,YES
PRODDTA,F4211_ARCH,167,SDUPC1,nchar,2,,,YES
PRODDTA,F4211_ARCH,168,SDUPC2,nchar,2,,,YES
PRODDTA,F4211_ARCH,169,SDUPC3,nchar,2,,,YES
PRODDTA,F4211_ARCH,180,SDURCD,nchar,2,,,YES
PRODDTA,F4211_ARCH,229,SDHOLD,nchar,2,,,YES
PRODDTA,F4211_ARCH,237,SDXCTO,nchar,2,,,YES
PRODDTA,F554101A,9,IMURCD,nchar,2,,,YES
PRODDTA,F4100,16,LMLHLD,nchar,2,,,YES
PRODDTA,F4100,21,LMLCOD,nchar,2,,,YES
PRODDTA,F4100,48,LMURCD,nchar,2,,,YES
PRODDTA,F42119,10,SDOCTO,nchar,2,,,YES
PRODDTA,F42119,14,SDRCTO,nchar,2,,,YES
PRODDTA,F42119,45,SDLNTY,nchar,2,,,YES
PRODDTA,F42119,64,SDUOM,nchar,2,,,YES
PRODDTA,F42119,80,SDAPUM,nchar,2,,,YES
PRODDTA,F42119,98,SDDCT,nchar,2,,,YES
PRODDTA,F42119,100,SDODCT,nchar,2,,,YES
PRODDTA,F42119,106,SDEXR1,nchar,2,,,YES
PRODDTA,F42119,115,SDDTYS,nchar,2,,,YES
PRODDTA,F42119,116,SDNTR,nchar,2,,,YES
PRODDTA,F42119,128,SDUOM1,nchar,2,,,YES
PRODDTA,F42119,130,SDUOM2,nchar,2,,,YES
PRODDTA,F42119,132,SDUOM4,nchar,2,,,YES
PRODDTA,F42119,134,SDWTUM,nchar,2,,,YES
PRODDTA,F42119,136,SDVLUM,nchar,2,,,YES
PRODDTA,F42119,140,SDCMGP,nchar,2,,,YES
PRODDTA,F42119,163,SDGWUM,nchar,2,,,YES
PRODDTA,F42119,166,SDLCOD,nchar,2,,,YES
PRODDTA,F42119,167,SDUPC1,nchar,2,,,YES
PRODDTA,F42119,168,SDUPC2,nchar,2,,,YES
PRODDTA,F42119,169,SDUPC3,nchar,2,,,YES
PRODDTA,F42119,180,SDURCD,nchar,2,,,YES
PRODDTA,F42119,229,SDHOLD,nchar,2,,,YES
PRODDTA,F42119,237,SDXCTO,nchar,2,,,YES
PRODDTA,F554101T,33,IMURCD,nchar,2,,,YES
PRODDTA,F554102,158,ITURCD,nchar,2,,,YES
PRODDTA,F4101,36,IMRVNO,nchar,2,,,YES
PRODDTA,F4101,43,IMUOM1,nchar,2,,,YES
PRODDTA,F4101,44,IMUOM2,nchar,2,,,YES
PRODDTA,F4101,45,IMUOM3,nchar,2,,,YES
PRODDTA,F4101,46,IMUOM4,nchar,2,,,YES
PRODDTA,F4101,47,IMUOM6,nchar,2,,,YES
PRODDTA,F4101,48,IMUOM8,nchar,2,,,YES
PRODDTA,F4101,49,IMUOM9,nchar,2,,,YES
PRODDTA,F4101,50,IMUWUM,nchar,2,,,YES
PRODDTA,F4101,51,IMUVM1,nchar,2,,,YES
PRODDTA,F4101,52,IMSUTM,nchar,2,,,YES
PRODDTA,F4101,73,IMLNTY,nchar,2,,,YES
PRODDTA,F4101,76,IMIFLA,nchar,2,,,YES
PRODDTA,F4101,77,IMTFLA,nchar,2,,,YES
PRODDTA,F4101,94,IMPTSC,nchar,2,,,YES
PRODDTA,F4101,121,IMURCD,nchar,2,,,YES
PRODDTA,F4101,133,IMUMUP,nchar,2,,,YES
PRODDTA,F4101,134,IMUMDF,nchar,2,,,YES
PRODDTA,F4101,135,IMUMS0,nchar,2,,,YES
PRODDTA,F4101,136,IMUMS1,nchar,2,,,YES
PRODDTA,F4101,137,IMUMS2,nchar,2,,,YES
PRODDTA,F4101,138,IMUMS3,nchar,2,,,YES
PRODDTA,F4101,139,IMUMS4,nchar,2,,,YES
PRODDTA,F4101,140,IMUMS5,nchar,2,,,YES
PRODDTA,F4101,141,IMUMS6,nchar,2,,,YES
PRODDTA,F4101,142,IMUMS7,nchar,2,,,YES
PRODDTA,F4101,143,IMUMS8,nchar,2,,,YES
PRODDTA,F5541021,32,LIURCD,nchar,2,,,YES
PRODDTA,F4102,58,IBIFLA,nchar,2,,,YES
PRODDTA,F4102,68,IBLNTY,nchar,2,,,YES
PRODDTA,F4102,97,IBECTY,nchar,2,,,YES
PRODDTA,F4102,120,IBURCD,nchar,2,,,YES
PRODDTA,F4102,130,IBTFLA,nchar,2,,,YES
PRODDTA,F41021,32,LIURCD,nchar,2,,,YES
PRODDTA,F554102D,15,RMURCD,nchar,2,,,YES
PRODDTA,F4104,13,IVURCD,nchar,2,,,YES
PRODDTA,F4105,12,COURCD,nchar,2,,,YES
PRODDTA,F554102T,33,IBURCD,nchar,2,,,YES
PRODDTA,F4106,19,BPLEDG,nchar,2,,,YES
PRODDTA,F4106,22,BPURCD,nchar,2,,,YES
PRODDTA,F4301,8,PHOCTO,nchar,2,,,YES
PRODDTA,F4301,11,PHRCTO,nchar,2,,,YES
PRODDTA,F4301,33,PHEXR1,nchar,2,,,YES
PRODDTA,F4301,36,PHHOLD,nchar,2,,,YES
PRODDTA,F4301,39,PHNTR,nchar,2,,,YES
PRODDTA,F4301,54,PHWUMD,nchar,2,,,YES
PRODDTA,F4301,55,PHVUMD,nchar,2,,,YES
PRODDTA,F4301,70,PHLNGP,nchar,2,,,YES
PRODDTA,F4301,74,PHURCD,nchar,2,,,YES
PRODDTA,F4301,87,PHDCT4,nchar,2,,,YES
PRODDTA,F03B11,8,RPICUT,nchar,2,,,YES
PRODDTA,F03B11,44,RPEXR1,nchar,2,,,YES
PRODDTA,F03B11,66,RPCORC,nchar,2,,,YES
PRODDTA,F03B11,69,RPRSCO,nchar,2,,,YES
PRODDTA,F03B11,71,RPODCT,nchar,2,,,YES
PRODDTA,F03B11,76,RPPDCT,nchar,2,,,YES
PRODDTA,F03B11,78,RPDCTO,nchar,2,,,YES
PRODDTA,F03B11,81,RPSDCT,nchar,2,,,YES
PRODDTA,F03B11,91,RPRF,nchar,2,,,YES
PRODDTA,F03B11,97,RPUM,nchar,2,,,YES
PRODDTA,F03B11,130,RPDDEX,nchar,2,,,YES
PRODDTA,F03B112,7,RWODCT,nchar,2,,,YES
PRODDTA,F03B112,18,RWICUT,nchar,2,,,YES
PRODDTA,F03B112,46,RWEXR1,nchar,2,,,YES
PRODDTA,F4311,10,PDOCTO,nchar,2,,,YES
PRODDTA,F4311,14,PDRCTO,nchar,2,,,YES
PRODDTA,F4311,46,PDLNTY,nchar,2,,,YES
PRODDTA,F4311,60,PDUOM,nchar,2,,,YES
PRODDTA,F4311,89,PDEXR1,nchar,2,,,YES
PRODDTA,F4311,94,PDNTR,nchar,2,,,YES
PRODDTA,F4311,106,PDUOM1,nchar,2,,,YES
PRODDTA,F4311,108,PDUOM2,nchar,2,,,YES
PRODDTA,F4311,110,PDUOM3,nchar,2,,,YES
PRODDTA,F4311,112,PDWTUM,nchar,2,,,YES
PRODDTA,F4311,114,PDVLUM,nchar,2,,,YES
PRODDTA,F4311,118,PDSTTS,nchar,2,,,YES
PRODDTA,F4311,123,PDGWUM,nchar,2,,,YES
PRODDTA,F4311,124,PDLT,nchar,2,,,YES
PRODDTA,F4311,140,PDLCOD,nchar,2,,,YES
PRODDTA,F4311,163,PDCHDT,nchar,2,,,YES
PRODDTA,F4311,175,PDURCD,nchar,2,,,YES
PRODDTA,F4311,225,PDSRUOM,nchar,2,,,YES
PRODDTA,F4072,15,ADLEDG,nchar,2,,,YES
PRODDTA,F4072,20,ADURCD,nchar,2,,,YES
PRODDTA,F4072,26,ADUOMVID,nchar,2,,,YES
PRODDTA,F4072,27,ADFVUM,nchar,2,,,YES
PRODDTA,F03B13,18,RYICUT,nchar,2,,,YES
PRODDTA,F03B13,43,RYDCTG,nchar,2,,,YES
PRODDTA,F03B13,49,RYDCTQ,nchar,2,,,YES
PRODDTA,F03B13,51,RYICTQ,nchar,2,,,YES
PRODDTA,F43121,10,PRRTBY,nchar,2,,,YES
PRODDTA,F43121,43,PRLNTY,nchar,2,,,YES
PRODDTA,F43121,57,PRDCT,nchar,2,,,YES
PRODDTA,F43121,63,PREXR1,nchar,2,,,YES
PRODDTA,F43121,65,PRUOM,nchar,2,,,YES
PRODDTA,F43121,77,PRUOM3,nchar,2,,,YES
PRODDTA,F43121,94,PRURCD,nchar,2,,,YES
PRODDTA,F43121,114,PRSCUM,nchar,2,,,YES
PRODDTA,F43121,117,PRUPUM,nchar,2,,,YES
PRODDTA,F43121,131,PRUOM2,nchar,2,,,YES
PRODDTA,F43121,157,PRSRUOM,nchar,2,,,YES
PRODDTA,F03B14,5,RZDCT,nchar,2,,,YES
PRODDTA,F03B14,9,RZDCTM,nchar,2,,,YES
PRODDTA,F03B14,19,RZICUT,nchar,2,,,YES
PRODDTA,F03B14,56,RZRSCO,nchar,2,,,YES
PRODDTA,F03B14,58,RZECBR,nchar,2,,,YES
PRODDTA,F03B14,61,RZDDEX,nchar,2,,,YES
PRODDTA,F03B14,64,RZUTIC,nchar,2,,,YES
PRODDTA,F03B14,73,RZPDCT,nchar,2,,,YES
PRODDTA,F03B14,81,RZODCT,nchar,2,,,YES
PRODDTA,F03B14,85,RZGDCT,nchar,2,,,YES
PRODDTA,F03B14,88,RZDCTG,nchar,2,,,YES
PRODDTA,F03B14,127,RZDCTO,nchar,2,,,YES
PRODDTA,F4801,1,WADCTO,nchar,2,,,YES
PRODDTA,F4801,4,WARCTO,nchar,2,,,YES
PRODDTA,F4801,19,WASRST,nchar,2,,,YES
PRODDTA,F4801,68,WAUOM,nchar,2,,,YES
PRODDTA,F4801,94,WADCT,nchar,2,,,YES
PRODDTA,F4801,102,WAREAS,nchar,2,,,YES
PRODDTA,F4801,106,WAURCD,nchar,2,,,YES
PRODDTA,F4801,117,WANTST,nchar,2,,,YES
PRODDTA,F41001,46,CICSMT,nchar,2,,,YES
PRODDTA,F41001,47,CIPCSM,nchar,2,,,YES
PRODDTA,F41001,53,CIXRT,nchar,2,,,YES
PRODDTA,F41001,54,CIXRT2,nchar,2,,,YES
PRODDTA,F41001,73,CIWIUM,nchar,2,,,YES
PRODDTA,F41001,74,CIVUMD,nchar,2,,,YES
PRODDTA,F41001,75,CIUWUM,nchar,2,,,YES
PRODDTA,F0411,6,RPDCTA,nchar,2,,,YES
PRODDTA,F0411,20,RPICUT,nchar,2,,,YES
PRODDTA,F0411,32,RPEXR1,nchar,2,,,YES
PRODDTA,F0411,57,RPODCT,nchar,2,,,YES
PRODDTA,F0411,64,RPPDCT,nchar,2,,,YES
PRODDTA,F0411,72,RPRF,nchar,2,,,YES
PRODDTA,F0411,77,RPUM,nchar,2,,,YES
PRODDTA,F0411,80,RPEXR3,nchar,2,,,YES
PRODDTA,F00092,13,T3RCTO,nchar,2,,,YES
PRODDTA,F0413,2,RMDCTM,nchar,2,,,YES
PRODDTA,F0413,9,RMICUT,nchar,2,,,YES
PRODDTA,F0010,21,CCCALD,nchar,2,,,YES
PRODDTA,F0010,32,CCALGM,nchar,2,,,YES
PRODDTA,F4217,4,XIREFQ,nchar,2,,,YES
PRODDTA,F4217,7,XIDCT,nchar,2,,,YES
PRODDTA,F0414,3,RNDCTM,nchar,2,,,YES
PRODDTA,F0414,5,RNDCT,nchar,2,,,YES
PRODDTA,F42199,10,SLOCTO,nchar,2,,,YES
PRODDTA,F42199,14,SLRCTO,nchar,2,,,YES
PRODDTA,F42199,45,SLLNTY,nchar,2,,,YES
PRODDTA,F42199,64,SLUOM,nchar,2,,,YES
PRODDTA,F42199,80,SLAPUM,nchar,2,,,YES
PRODDTA,F42199,98,SLDCT,nchar,2,,,YES
PRODDTA,F42199,100,SLODCT,nchar,2,,,YES
PRODDTA,F42199,106,SLEXR1,nchar,2,,,YES
PRODDTA,F42199,115,SLDTYS,nchar,2,,,YES
PRODDTA,F42199,116,SLNTR,nchar,2,,,YES
PRODDTA,F42199,128,SLUOM1,nchar,2,,,YES
PRODDTA,F42199,130,SLUOM2,nchar,2,,,YES
PRODDTA,F42199,132,SLUOM4,nchar,2,,,YES
PRODDTA,F42199,134,SLWTUM,nchar,2,,,YES
PRODDTA,F42199,136,SLVLUM,nchar,2,,,YES
PRODDTA,F42199,140,SLCMGP,nchar,2,,,YES
PRODDTA,F42199,163,SLGWUM,nchar,2,,,YES
PRODDTA,F42199,166,SLLCOD,nchar,2,,,YES
PRODDTA,F42199,167,SLUPC1,nchar,2,,,YES
PRODDTA,F42199,168,SLUPC2,nchar,2,,,YES
PRODDTA,F42199,169,SLUPC3,nchar,2,,,YES
PRODDTA,F42199,180,SLURCD,nchar,2,,,YES
PRODDTA,F42199,229,SLHOLD,nchar,2,,,YES
PRODDTA,F42199,237,SLXCTO,nchar,2,,,YES
PRODDTA,F46011,8,IQWIUM,nchar,2,,,YES
PRODDTA,F46011,10,IQVUMD,nchar,2,,,YES
PRODDTA,F46011,12,IQUWUM,nchar,2,,,YES
PRODDTA,F0025,3,LHULT,nchar,2,,,YES
PRODDTA,F0025,12,LHLTCF,nchar,2,,,YES
PRODDTA,F0025,16,LHNNPO,nchar,2,,,YES
PRODDTA,F0101,8,ABLNGP,nchar,2,,,YES
PRODDTA,F0101,10,ABCM,nchar,2,,,YES
PRODDTA,F0101,67,ABURCD,nchar,2,,,YES
PRODDTA,F0101,78,ABSCCLTP,nchar,2,,,YES
PRODDTA,F0006,2,MCSTYL,nchar,2,,,YES
PRODDTA,F0006,48,MCEXR1,nchar,2,,,YES
PRODDTA,F0006,83,MCALCL,nchar,2,,,YES
PRODDTA,F0006,112,MCERC,nchar,2,,,YES
PRODDTA,F5542UOM,5,IBRUM,nchar,2,,,YES
PRODDTA,F43199,3,OLDCTO,nchar,2,,,YES
PRODDTA,F43199,10,OLOCTO,nchar,2,,,YES
PRODDTA,F43199,14,OLRCTO,nchar,2,,,YES
PRODDTA,F43199,46,OLLNTY,nchar,2,,,YES
PRODDTA,F43199,60,OLUOM,nchar,2,,,YES
PRODDTA,F43199,89,OLEXR1,nchar,2,,,YES
PRODDTA,F43199,94,OLNTR,nchar,2,,,YES
PRODDTA,F43199,106,OLUOM1,nchar,2,,,YES
PRODDTA,F43199,108,OLUOM2,nchar,2,,,YES
PRODDTA,F43199,110,OLUOM3,nchar,2,,,YES
PRODDTA,F43199,112,OLWTUM,nchar,2,,,YES
PRODDTA,F43199,114,OLVLUM,nchar,2,,,YES
PRODDTA,F43199,118,OLSTTS,nchar,2,,,YES
PRODDTA,F43199,123,OLGWUM,nchar,2,,,YES
PRODDTA,F43199,124,OLLT,nchar,2,,,YES
PRODDTA,F43199,140,OLLCOD,nchar,2,,,YES
PRODDTA,F43199,163,OLCHDT,nchar,2,,,YES
PRODDTA,F43199,175,OLURCD,nchar,2,,,YES
PRODDTA,F43199,227,OLSRUOM,nchar,2,,,YES
PRODDTA,F0116,13,ALBKML,nchar,2,,,YES
PRODDTA,F56NAICS,16,NAARCE,nchar,2,,,YES
PRODDTA,F03B11_ARCH,8,RPICUT,nchar,2,,,YES
PRODDTA,F03B11_ARCH,44,RPEXR1,nchar,2,,,YES
PRODDTA,F03B11_ARCH,66,RPCORC,nchar,2,,,YES
PRODDTA,F03B11_ARCH,69,RPRSCO,nchar,2,,,YES
PRODDTA,F03B11_ARCH,71,RPODCT,nchar,2,,,YES
PRODDTA,F03B11_ARCH,76,RPPDCT,nchar,2,,,YES
PRODDTA,F03B11_ARCH,78,RPDCTO,nchar,2,,,YES
PRODDTA,F03B11_ARCH,81,RPSDCT,nchar,2,,,YES
PRODDTA,F03B11_ARCH,91,RPRF,nchar,2,,,YES
PRODDTA,F03B11_ARCH,97,RPUM,nchar,2,,,YES
PRODDTA,F03B11_ARCH,130,RPDDEX,nchar,2,,,YES
PRODDTA,F03012,9,AIDTAR,nchar,2,,,YES
PRODDTA,F03012,12,AIEXR1,nchar,2,,,YES
PRODDTA,F03012,23,AIALGM,nchar,2,,,YES
PRODDTA,F03012,24,AICYCN,nchar,2,,,YES
PRODDTA,F03012,26,AITSTA,nchar,2,,,YES
PRODDTA,F03012,85,AIHOLD,nchar,2,,,YES
PRODDTA,F03012,113,AIVUMD,nchar,2,,,YES
PRODDTA,F03012,114,AIWUMD,nchar,2,,,YES
PRODDTA,F03012,127,AIURCD,nchar,2,,,YES
PRODDTA,F03012,177,AIDR03,nchar,2,,,YES
PRODDTA,F03012,178,AIDR04,nchar,2,,,YES
PRODDTA,F03012,185,AIDR08,nchar,2,,,YES
PRODDTA,F03012,186,AIDR09,nchar,2,,,YES
PRODDTA,F03B13_ARCH,18,RYICUT,nchar,2,,,YES
PRODDTA,F03B13_ARCH,43,RYDCTG,nchar,2,,,YES
PRODDTA,F03B13_ARCH,49,RYDCTQ,nchar,2,,,YES
PRODDTA,F03B13_ARCH,51,RYICTQ,nchar,2,,,YES
PRODDTA,F4801T,7,WALEDG,nchar,2,,,YES
PRODDTA,F4801T,36,WAUOM2,nchar,2,,,YES
PRODDTA,F4801T,63,WAEXR1,nchar,2,,,YES
PRODDTA,F4801T,64,WALNGP,nchar,2,,,YES
PRODDTA,F4801T,73,WATIMEZONES,nchar,2,,,YES
PRODDTA,F4801T,94,WAVMRS31,nchar,2,,,YES
PRODDTA,F4801T,117,WADCT,nchar,2,,,YES
PRODDTA,F03B14_ARCH,5,RZDCT,nchar,2,,,YES
PRODDTA,F03B14_ARCH,9,RZDCTM,nchar,2,,,YES
PRODDTA,F03B14_ARCH,19,RZICUT,nchar,2,,,YES
PRODDTA,F03B14_ARCH,56,RZRSCO,nchar,2,,,YES
PRODDTA,F03B14_ARCH,58,RZECBR,nchar,2,,,YES
PRODDTA,F03B14_ARCH,61,RZDDEX,nchar,2,,,YES
PRODDTA,F03B14_ARCH,64,RZUTIC,nchar,2,,,YES
PRODDTA,F03B14_ARCH,73,RZPDCT,nchar,2,,,YES
PRODDTA,F03B14_ARCH,81,RZODCT,nchar,2,,,YES
PRODDTA,F03B14_ARCH,85,RZGDCT,nchar,2,,,YES
PRODDTA,F03B14_ARCH,88,RZDCTG,nchar,2,,,YES
PRODDTA,F03B14_ARCH,127,RZDCTO,nchar,2,,,YES
PRODDTA,F0411_ARCH,6,RPDCTA,nchar,2,,,YES
PRODDTA,F0411_ARCH,20,RPICUT,nchar,2,,,YES
PRODDTA,F0411_ARCH,32,RPEXR1,nchar,2,,,YES
PRODDTA,F0411_ARCH,57,RPODCT,nchar,2,,,YES
PRODDTA,F0411_ARCH,64,RPPDCT,nchar,2,,,YES
PRODDTA,F0411_ARCH,72,RPRF,nchar,2,,,YES
PRODDTA,F0411_ARCH,77,RPUM,nchar,2,,,YES
PRODDTA,F0411_ARCH,80,RPEXR3,nchar,2,,,YES
PRODDTA,F4201,9,SHOCTO,nchar,2,,,YES
PRODDTA,F4201,12,SHRCTO,nchar,2,,,YES
PRODDTA,F4201,36,SHEXR1,nchar,2,,,YES
PRODDTA,F4201,42,SHHOLD,nchar,2,,,YES
PRODDTA,F4201,45,SHNTR,nchar,2,,,YES
PRODDTA,F4201,63,SHWUMD,nchar,2,,,YES
PRODDTA,F4201,64,SHVUMD,nchar,2,,,YES
PRODDTA,F4201,73,SHLNGP,nchar,2,,,YES
PRODDTA,F4201,78,SHURCD,nchar,2,,,YES
PRODDTA,F4201,109,SHDCT4,nchar,2,,,YES
PRODDTA,F0413_ARCH,2,RMDCTM,nchar,2,,,YES
PRODDTA,F0413_ARCH,9,RMICUT,nchar,2,,,YES
PRODDTA,F0401,8,A6DTAP,nchar,2,,,YES
PRODDTA,F0401,11,A6EXR2,nchar,2,,,YES
PRODDTA,F0401,14,A6EXR3,nchar,2,,,YES
PRODDTA,F0401,37,A6HOLD,nchar,2,,,YES
PRODDTA,F0401,49,A6WUMD,nchar,2,,,YES
PRODDTA,F0401,50,A6VUMD,nchar,2,,,YES
PRODDTA,F0401,67,A6URCD,nchar,2,,,YES
PRODDTA,F0401,80,A6ATRL,nchar,2,,,YES
PRODDTA,F0414_ARCH,3,RNDCTM,nchar,2,,,YES
PRODDTA,F0414_ARCH,5,RNDCT,nchar,2,,,YES
PRODDTA,F42019,9,SHOCTO,nchar,2,,,YES
PRODDTA,F42019,12,SHRCTO,nchar,2,,,YES
PRODDTA,F42019,36,SHEXR1,nchar,2,,,YES
PRODDTA,F42019,42,SHHOLD,nchar,2,,,YES
PRODDTA,F42019,45,SHNTR,nchar,2,,,YES
PRODDTA,F42019,63,SHWUMD,nchar,2,,,YES
PRODDTA,F42019,64,SHVUMD,nchar,2,,,YES
PRODDTA,F42019,73,SHLNGP,nchar,2,,,YES
PRODDTA,F42019,78,SHURCD,nchar,2,,,YES
PRODDTA,F42019,109,SHDCT4,nchar,2,,,YES
PRODDTA,F00165,5,GDLNGP,nchar,2,,,YES
PRODDTA,F3112_ARCH,2,WLDCTO,nchar,2,,,YES
PRODDTA,F3112_ARCH,15,WLOPST,nchar,2,,,YES
PRODDTA,F3112_ARCH,16,WLINPE,nchar,2,,,YES
PRODDTA,F3112_ARCH,52,WLUOM,nchar,2,,,YES
PRODDTA,F3112_ARCH,66,WLRCTO,nchar,2,,,YES
PRODDTA,F3112_ARCH,68,WLDCT,nchar,2,,,YES
PRODDTA,F3112_ARCH,69,WLURCD,nchar,2,,,YES
PRODDTA,F3112_ARCH,81,WLCAPU,nchar,2,,,YES
PRODDTA,F31122_ARCH,3,WTDCTO,nchar,2,,,YES
PRODDTA,F31122_ARCH,12,WTOPST,nchar,2,,,YES
PRODDTA,F31122_ARCH,16,WTDCT,nchar,2,,,YES
PRODDTA,F31122_ARCH,30,WTUOM,nchar,2,,,YES
PRODDTA,F31122_ARCH,41,WTURCD,nchar,2,,,YES
PRODDTA,F41061,11,CBDCTO,nchar,2,,,YES
PRODDTA,F0901,13,GMUM,nchar,2,,,YES
PRODDTA,F0901,41,GMERC,nchar,2,,,YES
PRODDTA,F3003,18,IRUOM,nchar,2,,,YES
PRODDTA,F3003,34,IRINPE,nchar,2,,,YES
PRODDTA,F3003,44,IRURCD,nchar,2,,,YES
PRODDTA,F3003,57,IRCAPU,nchar,2,,,YES
PRODDTA,F4074_ARCH,16,ALUOM,nchar,2,,,YES
PRODDTA,F4074_ARCH,18,ALLEDG,nchar,2,,,YES
PRODDTA,F4074_ARCH,40,ALUOMVID,nchar,2,,,YES
PRODDTA,F4074_ARCH,48,ALFVUM,nchar,2,,,YES
PRODDTA,F0909,6,ACUM,nchar,2,,,YES
PRODDTA,F55SODOC,7,SHURCD,nchar,2,,,YES
PRODDTA,F0911,9,GLICUT,nchar,2,,,YES
PRODDTA,F0911,33,GLUM,nchar,2,,,YES
PRODDTA,F0911,43,GLODCT,nchar,2,,,YES
PRODDTA,F0911,47,GLPDCT,nchar,2,,,YES
PRODDTA,F0911,84,GLDCTO,nchar,2,,,YES
PRODDTA,F0911,95,GLALTY,nchar,2,,,YES
PRODDTA,F0911,128,GLEXR1,nchar,2,,,YES
PRODDTA,F3112,2,WLDCTO,nchar,2,,,YES
PRODDTA,F3112,15,WLOPST,nchar,2,,,YES
PRODDTA,F3112,16,WLINPE,nchar,2,,,YES
PRODDTA,F3112,52,WLUOM,nchar,2,,,YES
PRODDTA,F3112,66,WLRCTO,nchar,2,,,YES
PRODDTA,F3112,68,WLDCT,nchar,2,,,YES
PRODDTA,F3112,69,WLURCD,nchar,2,,,YES
PRODDTA,F3112,81,WLCAPU,nchar,2,,,YES
PRODDTA,F4201_ARCH,9,SHOCTO,nchar,2,,,YES
PRODDTA,F4201_ARCH,12,SHRCTO,nchar,2,,,YES
PRODDTA,F4201_ARCH,36,SHEXR1,nchar,2,,,YES
PRODDTA,F4201_ARCH,42,SHHOLD,nchar,2,,,YES
PRODDTA,F4201_ARCH,45,SHNTR,nchar,2,,,YES
PRODDTA,F4201_ARCH,63,SHWUMD,nchar,2,,,YES
PRODDTA,F4201_ARCH,64,SHVUMD,nchar,2,,,YES
PRODDTA,F4201_ARCH,73,SHLNGP,nchar,2,,,YES
PRODDTA,F4201_ARCH,78,SHURCD,nchar,2,,,YES
PRODDTA,F4201_ARCH,109,SHDCT4,nchar,2,,,YES
PRODDTA,F42019_ARCH,9,SHOCTO,nchar,2,,,YES
PRODDTA,F42019_ARCH,12,SHRCTO,nchar,2,,,YES
PRODDTA,F42019_ARCH,36,SHEXR1,nchar,2,,,YES
PRODDTA,F42019_ARCH,42,SHHOLD,nchar,2,,,YES
PRODDTA,F42019_ARCH,45,SHNTR,nchar,2,,,YES
PRODDTA,F42019_ARCH,63,SHWUMD,nchar,2,,,YES
PRODDTA,F42019_ARCH,64,SHVUMD,nchar,2,,,YES
PRODDTA,F42019_ARCH,73,SHLNGP,nchar,2,,,YES
PRODDTA,F42019_ARCH,78,SHURCD,nchar,2,,,YES
PRODDTA,F42019_ARCH,109,SHDCT4,nchar,2,,,YES
PRODDTA,F1114,4,C2FLT2,nchar,2,,,YES
PRODDTA,F1114,5,C2FLT3,nchar,2,,,YES
PRODDTA,F1114,12,C2FLT,nchar,2,,,YES
PRODDTA,F1114,14,C2RTTY,nchar,2,,,YES
PRODDTA,F4074,16,ALUOM,nchar,2,,,YES
PRODDTA,F4074,18,ALLEDG,nchar,2,,,YES
PRODDTA,F4074,40,ALUOMVID,nchar,2,,,YES
PRODDTA,F4074,48,ALFVUM,nchar,2,,,YES
PRODDTA,F4108,11,IODCTO,nchar,2,,,YES
PRODDTA,F1201,19,FAEQST,nchar,2,,,YES
PRODDTA,F4301_ARCH,8,PHOCTO,nchar,2,,,YES
PRODDTA,F4301_ARCH,11,PHRCTO,nchar,2,,,YES
PRODDTA,F4301_ARCH,33,PHEXR1,nchar,2,,,YES
PRODDTA,F4301_ARCH,36,PHHOLD,nchar,2,,,YES
PRODDTA,F4301_ARCH,39,PHNTR,nchar,2,,,YES
PRODDTA,F4301_ARCH,54,PHWUMD,nchar,2,,,YES
PRODDTA,F4301_ARCH,55,PHVUMD,nchar,2,,,YES
PRODDTA,F4301_ARCH,70,PHLNGP,nchar,2,,,YES
PRODDTA,F4301_ARCH,74,PHURCD,nchar,2,,,YES
PRODDTA,F4301_ARCH,87,PHDCT4,nchar,2,,,YES
PRODDTA,F1202,36,FLADM,nchar,2,,,YES
PRODDTA,F550001,6,SDDCTO,nchar,2,,,YES
PRODDTA,F3312,8,CWUM,nchar,2,,,YES
PRODDTA,F3312,11,CWDCTO,nchar,2,,,YES
PRODDTA,F4311_ARCH,10,PDOCTO,nchar,2,,,YES
PRODDTA,F4311_ARCH,14,PDRCTO,nchar,2,,,YES
PRODDTA,F4311_ARCH,46,PDLNTY,nchar,2,,,YES
PRODDTA,F4311_ARCH,60,PDUOM,nchar,2,,,YES
PRODDTA,F4311_ARCH,89,PDEXR1,nchar,2,,,YES
PRODDTA,F4311_ARCH,94,PDNTR,nchar,2,,,YES
PRODDTA,F4311_ARCH,106,PDUOM1,nchar,2,,,YES
PRODDTA,F4311_ARCH,108,PDUOM2,nchar,2,,,YES
PRODDTA,F4311_ARCH,110,PDUOM3,nchar,2,,,YES
PRODDTA,F4311_ARCH,112,PDWTUM,nchar,2,,,YES
PRODDTA,F4311_ARCH,114,PDVLUM,nchar,2,,,YES
PRODDTA,F4311_ARCH,118,PDSTTS,nchar,2,,,YES
PRODDTA,F4311_ARCH,123,PDGWUM,nchar,2,,,YES
PRODDTA,F4311_ARCH,124,PDLT,nchar,2,,,YES
PRODDTA,F4311_ARCH,140,PDLCOD,nchar,2,,,YES
PRODDTA,F4311_ARCH,163,PDCHDT,nchar,2,,,YES
PRODDTA,F4311_ARCH,175,PDURCD,nchar,2,,,YES
PRODDTA,F4311_ARCH,225,PDSRUOM,nchar,2,,,YES
PRODDTA,F1217,6,WRDCTO,nchar,2,,,YES
PRODDTA,F1217,17,WRRCTO,nchar,2,,,YES
PRODDTA,F1217,21,WROCTO,nchar,2,,,YES
PRODDTA,F1217,42,WRURCD,nchar,2,,,YES
PRODDTA,F1217,66,WRVMRS31,nchar,2,,,YES
PRODDTA,F4006,15,OABKML,nchar,2,,,YES
PRODDTA,F4801_ARCH,1,WADCTO,nchar,2,,,YES
PRODDTA,F4801_ARCH,4,WARCTO,nchar,2,,,YES
PRODDTA,F4801_ARCH,19,WASRST,nchar,2,,,YES
PRODDTA,F4801_ARCH,68,WAUOM,nchar,2,,,YES
PRODDTA,F4801_ARCH,94,WADCT,nchar,2,,,YES
PRODDTA,F4801_ARCH,102,WAREAS,nchar,2,,,YES
PRODDTA,F4801_ARCH,106,WAURCD,nchar,2,,,YES
PRODDTA,F4801_ARCH,117,WANTST,nchar,2,,,YES
PRODDTA,F5503B01,8,WFDCT,nchar,2,,,YES
PRODDTA,F5503B01,18,WFURCD,nchar,2,,,YES
PRODDTA,F4801T_ARCH,7,WALEDG,nchar,2,,,YES
PRODDTA,F4801T_ARCH,36,WAUOM2,nchar,2,,,YES
PRODDTA,F4801T_ARCH,63,WAEXR1,nchar,2,,,YES
PRODDTA,F4801T_ARCH,64,WALNGP,nchar,2,,,YES
PRODDTA,F4801T_ARCH,73,WATIMEZONES,nchar,2,,,YES
PRODDTA,F4801T_ARCH,94,WAVMRS31,nchar,2,,,YES
PRODDTA,F4801T_ARCH,117,WADCT,nchar,2,,,YES
PRODDTA,F1620,6,CTVALR,nchar,2,,,YES
PRODDTA,F1620,9,CTRT,nchar,2,,,YES
PRODDTA,F43090,8,PCCERS,nchar,2,,,YES
PRODDTA,F43090,46,PCURCD,nchar,2,,,YES
PRODDTA,F3002,14,IXUM,nchar,2,,,YES
PRODDTA,F3002,16,IXUOM,nchar,2,,,YES
PRODDTA,F3002,48,IXECTY,nchar,2,,,YES
PRODDTA,F3002,51,IXLNTY,nchar,2,,,YES
PRODDTA,F3002,61,IXRVNO,nchar,2,,,YES
PRODDTA,F3002,63,IXURCD,nchar,2,,,YES
PRODDTA,F550901,17,GMURCD,nchar,2,,,YES
PRODDTA,F3102_ARCH,2,IGDCTO,nchar,2,,,YES
PRODDTA,F3102_ARCH,25,IGUOM,nchar,2,,,YES
PRODDTA,F30006,34,IWURCD,nchar,2,,,YES
PRODDTA,F30006,49,IWCAPU,nchar,2,,,YES
PRODDTA,F3102,2,IGDCTO,nchar,2,,,YES
PRODDTA,F3102,25,IGUOM,nchar,2,,,YES
PRODDTA,F40072,4,GIURCD,nchar,2,,,YES
PRODDTA,F3111_ARCH,2,WMDCTO,nchar,2,,,YES
PRODDTA,F3111_ARCH,16,WMRCTO,nchar,2,,,YES
PRODDTA,F3111_ARCH,36,WMLNTY,nchar,2,,,YES
PRODDTA,F3111_ARCH,46,WMUM,nchar,2,,,YES
PRODDTA,F3111_ARCH,49,WMMTST,nchar,2,,,YES
PRODDTA,F3111_ARCH,50,WMDCT,nchar,2,,,YES
PRODDTA,F3111_ARCH,60,WMURCD,nchar,2,,,YES
PRODDTA,F3111_ARCH,80,WMUOM2,nchar,2,,,YES
PRODDTA,F31091,11,IQUOM,nchar,2,,,YES
PRODDTA,F31091,16,IQURCD,nchar,2,,,YES
PRODDTA,F40318,9,QCUOM,nchar,2,,,YES
PRODDTA,F40318,25,QCRT,nchar,2,,,YES
PRODDTA,F40318,57,QCURCD,nchar,2,,,YES
PRODDTA,F3111,2,WMDCTO,nchar,2,,,YES
PRODDTA,F3111,16,WMRCTO,nchar,2,,,YES
PRODDTA,F3111,36,WMLNTY,nchar,2,,,YES
PRODDTA,F3111,46,WMUM,nchar,2,,,YES
PRODDTA,F3111,49,WMMTST,nchar,2,,,YES
PRODDTA,F3111,50,WMDCT,nchar,2,,,YES
PRODDTA,F3111,60,WMURCD,nchar,2,,,YES
PRODDTA,F3111,80,WMUOM2,nchar,2,,,YES
PRODDTA,F3711,6,TRRORN,nchar,8,,,YES
PRODDTA,F3711,13,TRCS18,nchar,8,,,YES
PRODDTA,F3711,15,TRIT18,nchar,8,,,YES
PRODDTA,F5531,9,QZ_1MCAM,nchar,8,,,YES
PRODDTA,F31UI006,37,LSRORN,nchar,8,,,YES
PRODDTA,F554072,1,ADAST,nchar,8,,,YES
PRODDTA,F4111_ARCH,38,ILTREF,nchar,8,,,YES
PRODDTA,F4111_ARCH,49,ILAID,nchar,8,,,YES
PRODDTA,F4111_ARCH,53,ILSBL,nchar,8,,,YES
PRODDTA,F4111_ARCH,54,ILSUB,nchar,8,,,YES
PRODDTA,F4111,38,ILTREF,nchar,8,,,YES
PRODDTA,F4111,49,ILAID,nchar,8,,,YES
PRODDTA,F4111,53,ILSBL,nchar,8,,,YES
PRODDTA,F4111,54,ILSUB,nchar,8,,,YES
PRODDTA,F42119_ARCH,9,SDOORN,nchar,8,,,YES
PRODDTA,F42119_ARCH,13,SDRORN,nchar,8,,,YES
PRODDTA,F42119_ARCH,49,SDRLIT,nchar,8,,,YES
PRODDTA,F42119_ARCH,92,SDASN,nchar,8,,,YES
PRODDTA,F42119_ARCH,93,SDPRGR,nchar,8,,,YES
PRODDTA,F42119_ARCH,137,SDRPRC,nchar,8,,,YES
PRODDTA,F42119_ARCH,138,SDORPR,nchar,8,,,YES
PRODDTA,F42119_ARCH,160,SDCMCG,nchar,8,,,YES
PRODDTA,F42119_ARCH,164,SDSBL,nchar,8,,,YES
PRODDTA,F5531_PRE_90,9,QZ_1MCAM,nchar,8,,,YES
PRODDTA,F4211,9,SDOORN,nchar,8,,,YES
PRODDTA,F4211,13,SDRORN,nchar,8,,,YES
PRODDTA,F4211,49,SDRLIT,nchar,8,,,YES
PRODDTA,F4211,92,SDASN,nchar,8,,,YES
PRODDTA,F4211,93,SDPRGR,nchar,8,,,YES
PRODDTA,F4211,137,SDRPRC,nchar,8,,,YES
PRODDTA,F4211,138,SDORPR,nchar,8,,,YES
PRODDTA,F4211,160,SDCMCG,nchar,8,,,YES
PRODDTA,F4211,164,SDSBL,nchar,8,,,YES
PRODDTA,F4211_ARCH,9,SDOORN,nchar,8,,,YES
PRODDTA,F4211_ARCH,13,SDRORN,nchar,8,,,YES
PRODDTA,F4211_ARCH,49,SDRLIT,nchar,8,,,YES
PRODDTA,F4211_ARCH,92,SDASN,nchar,8,,,YES
PRODDTA,F4211_ARCH,93,SDPRGR,nchar,8,,,YES
PRODDTA,F4211_ARCH,137,SDRPRC,nchar,8,,,YES
PRODDTA,F4211_ARCH,138,SDORPR,nchar,8,,,YES
PRODDTA,F4211_ARCH,160,SDCMCG,nchar,8,,,YES
PRODDTA,F4211_ARCH,164,SDSBL,nchar,8,,,YES
PRODDTA,F4100,3,LMAISL,nchar,8,,,YES
PRODDTA,F4100,4,LMBIN,nchar,8,,,YES
PRODDTA,F42119,9,SDOORN,nchar,8,,,YES
PRODDTA,F42119,13,SDRORN,nchar,8,,,YES
PRODDTA,F42119,49,SDRLIT,nchar,8,,,YES
PRODDTA,F42119,92,SDASN,nchar,8,,,YES
PRODDTA,F42119,93,SDPRGR,nchar,8,,,YES
PRODDTA,F42119,137,SDRPRC,nchar,8,,,YES
PRODDTA,F42119,138,SDORPR,nchar,8,,,YES
PRODDTA,F42119,160,SDCMCG,nchar,8,,,YES
PRODDTA,F42119,164,SDSBL,nchar,8,,,YES
PRODDTA,F4101,31,IMPRGR,nchar,8,,,YES
PRODDTA,F4101,32,IMRPRC,nchar,8,,,YES
PRODDTA,F4101,33,IMORPR,nchar,8,,,YES
PRODDTA,F4101,83,IMWARR,nchar,8,,,YES
PRODDTA,F4101,84,IMCMCG,nchar,8,,,YES
PRODDTA,F4102,54,IBPRGR,nchar,8,,,YES
PRODDTA,F4102,55,IBRPRC,nchar,8,,,YES
PRODDTA,F4102,56,IBORPR,nchar,8,,,YES
PRODDTA,F4102,72,IBWARR,nchar,8,,,YES
PRODDTA,F4102,75,IBCMCG,nchar,8,,,YES
PRODDTA,F4301,7,PHOORN,nchar,8,,,YES
PRODDTA,F4301,10,PHRORN,nchar,8,,,YES
PRODDTA,F4301,30,PHASN,nchar,8,,,YES
PRODDTA,F4301,31,PHPRGP,nchar,8,,,YES
PRODDTA,F03B11,16,RPAID,nchar,8,,,YES
PRODDTA,F03B11,46,RPGLBA,nchar,8,,,YES
PRODDTA,F03B11,48,RPAID2,nchar,8,,,YES
PRODDTA,F03B11,52,RPSUB,nchar,8,,,YES
PRODDTA,F03B11,54,RPSBL,nchar,8,,,YES
PRODDTA,F03B11,75,RPPO,nchar,8,,,YES
PRODDTA,F03B11,87,RPUNIT,nchar,8,,,YES
PRODDTA,F4311,9,PDOORN,nchar,8,,,YES
PRODDTA,F4311,13,PDRORN,nchar,8,,,YES
PRODDTA,F4311,49,PDRLIT,nchar,8,,,YES
PRODDTA,F4311,82,PDASN,nchar,8,,,YES
PRODDTA,F4311,83,PDPRGR,nchar,8,,,YES
PRODDTA,F4311,85,PDCATN,nchar,8,,,YES
PRODDTA,F4311,126,PDAID,nchar,8,,,YES
PRODDTA,F4311,129,PDSUB,nchar,8,,,YES
PRODDTA,F4311,131,PDSBL,nchar,8,,,YES
PRODDTA,F4311,134,PDTAG,nchar,8,,,YES
PRODDTA,F4311,212,PDUNSPSC,nchar,8,,,YES
PRODDTA,F03B13,13,RYAID,nchar,8,,,YES
PRODDTA,F03B13,34,RYGLBA,nchar,8,,,YES
PRODDTA,F03B13,40,RYBKTR,nchar,8,,,YES
PRODDTA,F03B13,97,RYR3,nchar,8,,,YES
PRODDTA,F43121,47,PRAID,nchar,8,,,YES
PRODDTA,F43121,51,PRSUB,nchar,8,,,YES
PRODDTA,F43121,53,PRSBL,nchar,8,,,YES
PRODDTA,F43121,140,PRASN,nchar,8,,,YES
PRODDTA,F03B14,14,RZAID,nchar,8,,,YES
PRODDTA,F03B14,42,RZAIDT,nchar,8,,,YES
PRODDTA,F03B14,54,RZAIDA,nchar,8,,,YES
PRODDTA,F03B14,55,RZAIDD,nchar,8,,,YES
PRODDTA,F03B14,57,RZAIDW,nchar,8,,,YES
PRODDTA,F03B14,60,RZAIDC,nchar,8,,,YES
PRODDTA,F03B14,62,RZDAID,nchar,8,,,YES
PRODDTA,F03B14,66,RZAID2,nchar,8,,,YES
PRODDTA,F03B14,69,RZSBL,nchar,8,,,YES
PRODDTA,F03B14,72,RZPO,nchar,8,,,YES
PRODDTA,F03B14,75,RZUNIT,nchar,8,,,YES
PRODDTA,F03B14,124,RZRASI,nchar,8,,,YES
PRODDTA,F4801,5,WARORN,nchar,8,,,YES
PRODDTA,F4801,8,WAPARS,nchar,8,,,YES
PRODDTA,F4801,17,WAAISL,nchar,8,,,YES
PRODDTA,F4801,18,WABIN,nchar,8,,,YES
PRODDTA,F4801,21,WASUB,nchar,8,,,YES
PRODDTA,F0411,44,RPGLBA,nchar,8,,,YES
PRODDTA,F0411,47,RPAID2,nchar,8,,,YES
PRODDTA,F0411,50,RPSUB,nchar,8,,,YES
PRODDTA,F0411,52,RPSBL,nchar,8,,,YES
PRODDTA,F0411,53,RPBAID,nchar,8,,,YES
PRODDTA,F0411,63,RPPO,nchar,8,,,YES
PRODDTA,F0411,69,RPUNIT,nchar,8,,,YES
PRODDTA,F00092,12,T3RORN,nchar,8,,,YES
PRODDTA,F0413,5,RMGLBA,nchar,8,,,YES
PRODDTA,F0413,19,RMBKTR,nchar,8,,,YES
PRODDTA,F0413,38,RMR3,nchar,8,,,YES
PRODDTA,F0414,28,RNPO,nchar,8,,,YES
PRODDTA,F0012,5,KGSUB,nchar,8,,,YES
PRODDTA,F42199,9,SLOORN,nchar,8,,,YES
PRODDTA,F42199,13,SLRORN,nchar,8,,,YES
PRODDTA,F42199,49,SLRLIT,nchar,8,,,YES
PRODDTA,F42199,92,SLASN,nchar,8,,,YES
PRODDTA,F42199,93,SLPRGR,nchar,8,,,YES
PRODDTA,F42199,137,SLRPRC,nchar,8,,,YES
PRODDTA,F42199,138,SLORPR,nchar,8,,,YES
PRODDTA,F42199,160,SLCMCG,nchar,8,,,YES
PRODDTA,F42199,164,SLSBL,nchar,8,,,YES
PRODDTA,F0101,59,ABGLBA,nchar,8,,,YES
PRODDTA,F0006,82,MCGLBA,nchar,8,,,YES
PRODDTA,F0006,89,MCSUB1,nchar,8,,,YES
PRODDTA,F43199,9,OLOORN,nchar,8,,,YES
PRODDTA,F43199,13,OLRORN,nchar,8,,,YES
PRODDTA,F43199,49,OLRLIT,nchar,8,,,YES
PRODDTA,F43199,82,OLASN,nchar,8,,,YES
PRODDTA,F43199,83,OLPRGR,nchar,8,,,YES
PRODDTA,F43199,85,OLCATN,nchar,8,,,YES
PRODDTA,F43199,126,OLAID,nchar,8,,,YES
PRODDTA,F43199,129,OLSUB,nchar,8,,,YES
PRODDTA,F43199,131,OLSBL,nchar,8,,,YES
PRODDTA,F43199,134,OLTAG,nchar,8,,,YES
PRODDTA,F43199,215,OLUNSPSC,nchar,8,,,YES
PRODDTA,F56NAICS,14,NAMARSEG,nchar,8,,,YES
PRODDTA,F03B11_ARCH,16,RPAID,nchar,8,,,YES
PRODDTA,F03B11_ARCH,46,RPGLBA,nchar,8,,,YES
PRODDTA,F03B11_ARCH,48,RPAID2,nchar,8,,,YES
PRODDTA,F03B11_ARCH,52,RPSUB,nchar,8,,,YES
PRODDTA,F03B11_ARCH,54,RPSBL,nchar,8,,,YES
PRODDTA,F03B11_ARCH,75,RPPO,nchar,8,,,YES
PRODDTA,F03B11_ARCH,87,RPUNIT,nchar,8,,,YES
PRODDTA,F03012,6,AIAIDR,nchar,8,,,YES
PRODDTA,F03012,80,AICPGP,nchar,8,,,YES
PRODDTA,F03012,81,AIORTP,nchar,8,,,YES
PRODDTA,F03012,133,AIASN,nchar,8,,,YES
PRODDTA,F03012,197,AIPRSN,nchar,8,,,YES
PRODDTA,F03B13_ARCH,13,RYAID,nchar,8,,,YES
PRODDTA,F03B13_ARCH,34,RYGLBA,nchar,8,,,YES
PRODDTA,F03B13_ARCH,40,RYBKTR,nchar,8,,,YES
PRODDTA,F03B13_ARCH,97,RYR3,nchar,8,,,YES
PRODDTA,F4801T,11,WAAID,nchar,8,,,YES
PRODDTA,F4801T,51,WAPRODM,nchar,8,,,YES
PRODDTA,F4801T,67,WACOVGR,nchar,8,,,YES
PRODDTA,F4801T,68,WAASN4,nchar,8,,,YES
PRODDTA,F4801T,69,WAASN2,nchar,8,,,YES
PRODDTA,F4801T,74,WAPRODF,nchar,8,,,YES
PRODDTA,F4801T,78,WAFAILCD,nchar,8,,,YES
PRODDTA,F4801T,95,WAVMRS32,nchar,8,,,YES
PRODDTA,F03B14_ARCH,14,RZAID,nchar,8,,,YES
PRODDTA,F03B14_ARCH,42,RZAIDT,nchar,8,,,YES
PRODDTA,F03B14_ARCH,54,RZAIDA,nchar,8,,,YES
PRODDTA,F03B14_ARCH,55,RZAIDD,nchar,8,,,YES
PRODDTA,F03B14_ARCH,57,RZAIDW,nchar,8,,,YES
PRODDTA,F03B14_ARCH,60,RZAIDC,nchar,8,,,YES
PRODDTA,F03B14_ARCH,62,RZDAID,nchar,8,,,YES
PRODDTA,F03B14_ARCH,66,RZAID2,nchar,8,,,YES
PRODDTA,F03B14_ARCH,69,RZSBL,nchar,8,,,YES
PRODDTA,F03B14_ARCH,72,RZPO,nchar,8,,,YES
PRODDTA,F03B14_ARCH,75,RZUNIT,nchar,8,,,YES
PRODDTA,F03B14_ARCH,124,RZRASI,nchar,8,,,YES
PRODDTA,F0411_ARCH,44,RPGLBA,nchar,8,,,YES
PRODDTA,F0411_ARCH,47,RPAID2,nchar,8,,,YES
PRODDTA,F0411_ARCH,50,RPSUB,nchar,8,,,YES
PRODDTA,F0411_ARCH,52,RPSBL,nchar,8,,,YES
PRODDTA,F0411_ARCH,53,RPBAID,nchar,8,,,YES
PRODDTA,F0411_ARCH,63,RPPO,nchar,8,,,YES
PRODDTA,F0411_ARCH,69,RPUNIT,nchar,8,,,YES
PRODDTA,F4201,8,SHOORN,nchar,8,,,YES
PRODDTA,F4201,11,SHRORN,nchar,8,,,YES
PRODDTA,F4201,31,SHASN,nchar,8,,,YES
PRODDTA,F4201,32,SHPRGP,nchar,8,,,YES
PRODDTA,F0413_ARCH,5,RMGLBA,nchar,8,,,YES
PRODDTA,F0413_ARCH,19,RMBKTR,nchar,8,,,YES
PRODDTA,F0413_ARCH,38,RMR3,nchar,8,,,YES
PRODDTA,F0401,5,A6AIDP,nchar,8,,,YES
PRODDTA,F0401,34,A6CPGP,nchar,8,,,YES
PRODDTA,F0401,35,A6ORTP,nchar,8,,,YES
PRODDTA,F0401,77,A6ASN,nchar,8,,,YES
PRODDTA,F0902_JG,33,GBSUB,nchar,8,,,YES
PRODDTA,F0414_ARCH,28,RNPO,nchar,8,,,YES
PRODDTA,F42019,8,SHOORN,nchar,8,,,YES
PRODDTA,F42019,11,SHRORN,nchar,8,,,YES
PRODDTA,F42019,31,SHASN,nchar,8,,,YES
PRODDTA,F42019,32,SHPRGP,nchar,8,,,YES
PRODDTA,F3112_ARCH,62,WLSUB,nchar,8,,,YES
PRODDTA,F3112_ARCH,65,WLRORN,nchar,8,,,YES
PRODDTA,F0901,5,GMSUB,nchar,8,,,YES
PRODDTA,F0901,38,GMSUBA,nchar,8,,,YES
PRODDTA,F0901,60,GMTSUB,nchar,8,,,YES
PRODDTA,F3003,42,IRSUB,nchar,8,,,YES
PRODDTA,F4074_ARCH,11,ALASN,nchar,8,,,YES
PRODDTA,F4074_ARCH,12,ALAST,nchar,8,,,YES
PRODDTA,F0902,33,GBSUB,nchar,8,,,YES
PRODDTA,F0911,16,GLAID,nchar,8,,,YES
PRODDTA,F0911,19,GLSUB,nchar,8,,,YES
PRODDTA,F0911,20,GLSBL,nchar,8,,,YES
PRODDTA,F0911,38,GLR1,nchar,8,,,YES
PRODDTA,F0911,39,GLR2,nchar,8,,,YES
PRODDTA,F0911,40,GLR3,nchar,8,,,YES
PRODDTA,F0911,49,GLCN,nchar,8,,,YES
PRODDTA,F0911,82,GLPO,nchar,8,,,YES
PRODDTA,F3112,62,WLSUB,nchar,8,,,YES
PRODDTA,F3112,65,WLRORN,nchar,8,,,YES
PRODDTA,F4201_ARCH,8,SHOORN,nchar,8,,,YES
PRODDTA,F4201_ARCH,11,SHRORN,nchar,8,,,YES
PRODDTA,F4201_ARCH,31,SHASN,nchar,8,,,YES
PRODDTA,F4201_ARCH,32,SHPRGP,nchar,8,,,YES
PRODDTA,F42019_ARCH,8,SHOORN,nchar,8,,,YES
PRODDTA,F42019_ARCH,11,SHRORN,nchar,8,,,YES
PRODDTA,F42019_ARCH,31,SHASN,nchar,8,,,YES
PRODDTA,F42019_ARCH,32,SHPRGP,nchar,8,,,YES
PRODDTA,F1114,17,C2AID,nchar,8,,,YES
PRODDTA,F1114,19,C2AID2,nchar,8,,,YES
PRODDTA,F1114,24,C2SUBT,nchar,8,,,YES
PRODDTA,F1114,27,C2SUB,nchar,8,,,YES
PRODDTA,F1114,30,C2SUB2,nchar,8,,,YES
PRODDTA,F4074,11,ALASN,nchar,8,,,YES
PRODDTA,F4074,12,ALAST,nchar,8,,,YES
PRODDTA,F1201,26,FAASUB,nchar,8,,,YES
PRODDTA,F1201,29,FADSUB,nchar,8,,,YES
PRODDTA,F1201,32,FAXSUB,nchar,8,,,YES
PRODDTA,F1201,35,FARSUB,nchar,8,,,YES
PRODDTA,F1201,78,FADADS,nchar,8,,,YES
PRODDTA,F1201,79,FAUNIT,nchar,8,,,YES
PRODDTA,F4301_ARCH,7,PHOORN,nchar,8,,,YES
PRODDTA,F4301_ARCH,10,PHRORN,nchar,8,,,YES
PRODDTA,F4301_ARCH,30,PHASN,nchar,8,,,YES
PRODDTA,F4301_ARCH,31,PHPRGP,nchar,8,,,YES
PRODDTA,F1202,33,FLSUB,nchar,8,,,YES
PRODDTA,F4311_ARCH,9,PDOORN,nchar,8,,,YES
PRODDTA,F4311_ARCH,13,PDRORN,nchar,8,,,YES
PRODDTA,F4311_ARCH,49,PDRLIT,nchar,8,,,YES
PRODDTA,F4311_ARCH,82,PDASN,nchar,8,,,YES
PRODDTA,F4311_ARCH,83,PDPRGR,nchar,8,,,YES
PRODDTA,F4311_ARCH,85,PDCATN,nchar,8,,,YES
PRODDTA,F4311_ARCH,126,PDAID,nchar,8,,,YES
PRODDTA,F4311_ARCH,129,PDSUB,nchar,8,,,YES
PRODDTA,F4311_ARCH,131,PDSBL,nchar,8,,,YES
PRODDTA,F4311_ARCH,134,PDTAG,nchar,8,,,YES
PRODDTA,F4311_ARCH,212,PDUNSPSC,nchar,8,,,YES
PRODDTA,F1217,16,WRRORN,nchar,8,,,YES
PRODDTA,F1217,20,WROORN,nchar,8,,,YES
PRODDTA,F1217,25,WRPRODF,nchar,8,,,YES
PRODDTA,F1217,26,WRPRODM,nchar,8,,,YES
PRODDTA,F1217,67,WRVMRS32,nchar,8,,,YES
PRODDTA,F5501,5,QA_1MCAM,nchar,8,,,YES
PRODDTA,F41112,43,INAISL,nchar,8,,,YES
PRODDTA,F41112,44,INBIN,nchar,8,,,YES
PRODDTA,F4801_ARCH,5,WARORN,nchar,8,,,YES
PRODDTA,F4801_ARCH,8,WAPARS,nchar,8,,,YES
PRODDTA,F4801_ARCH,17,WAAISL,nchar,8,,,YES
PRODDTA,F4801_ARCH,18,WABIN,nchar,8,,,YES
PRODDTA,F4801_ARCH,21,WASUB,nchar,8,,,YES
PRODDTA,F1602,54,CBSUB,nchar,8,,,YES
PRODDTA,F4801T_ARCH,11,WAAID,nchar,8,,,YES
PRODDTA,F4801T_ARCH,51,WAPRODM,nchar,8,,,YES
PRODDTA,F4801T_ARCH,67,WACOVGR,nchar,8,,,YES
PRODDTA,F4801T_ARCH,68,WAASN4,nchar,8,,,YES
PRODDTA,F4801T_ARCH,69,WAASN2,nchar,8,,,YES
PRODDTA,F4801T_ARCH,74,WAPRODF,nchar,8,,,YES
PRODDTA,F4801T_ARCH,78,WAFAILCD,nchar,8,,,YES
PRODDTA,F4801T_ARCH,95,WAVMRS32,nchar,8,,,YES
PRODDTA,F3002,58,IXSUB,nchar,8,,,YES
PRODDTA,F550901,5,GMSUB,nchar,8,,,YES
PRODDTA,F550901,13,GM55SUB,nchar,8,,,YES
PRODDTA,F5512,7,QD_1MCAM,nchar,8,,,YES
PRODDTA,F40072,3,GIITTP,nchar,8,,,YES
PRODDTA,F3111_ARCH,15,WMRORN,nchar,8,,,YES
PRODDTA,F3111_ARCH,55,WMSUB,nchar,8,,,YES
PRODDTA,F3111_ARCH,58,WMPARS,nchar,8,,,YES
PRODDTA,F5521,6,QI_1MCAM,nchar,8,,,YES
PRODDTA,F3111,15,WMRORN,nchar,8,,,YES
PRODDTA,F3111,55,WMSUB,nchar,8,,,YES
PRODDTA,F3111,58,WMPARS,nchar,8,,,YES
PRODDTA,F553012,4,ADDATE,nchar,8,,,NO
PRODDTA,F553012,5,ADTIME,nchar,8,,,NO
PRODDTA,F40941,1,IKPRGR,nchar,8,,,NO
PRODDTA,F40942,1,CKCPGP,nchar,8,,,NO
PRODDTA,F4072,1,ADAST,nchar,8,,,NO
PRODDTA,F40721,2,PVAST,nchar,8,,,NO
PRODDTA,F0902_JG,1,GBAID,nchar,8,,,NO
PRODDTA,F0902_JG,6,GBSBL,nchar,8,,,NO
PRODDTA,F41061,6,CBCATN,nchar,8,,,NO
PRODDTA,F0901,2,GMAID,nchar,8,,,NO
PRODDTA,F0902,1,GBAID,nchar,8,,,NO
PRODDTA,F0902,6,GBSBL,nchar,8,,,NO
PRODDTA,F1114,22,C2FSUB,nchar,8,,,NO
PRODDTA,F1202,1,FLAID,nchar,8,,,NO
PRODDTA,F1202,6,FLSBL,nchar,8,,,NO
PRODDTA,F1602,3,CBAID,nchar,8,,,NO
PRODDTA,F1602,6,CBSBL,nchar,8,,,NO
PRODDTA,F550901,2,GMAID,nchar,8,,,NO
PRODDTA,F550901,10,GM55ACID,nchar,8,,,NO
PRODDTA,F40318,2,QCCS18,nchar,8,,,NO
PRODDTA,F40318,4,QCIT18,nchar,8,,,NO
PRODDTA,F553002,4,AHDATE,nchar,8,,,NO
PRODDTA,F553002,5,AHTIME,nchar,8,,,NO
PRODDTA,F554105A,12,DCMCU,nchar,12,,,NO
PRODDTA,F553012,1,ADMCU,nchar,12,,,NO
PRODDTA,F3114,2,IQMMCU,nchar,12,,,NO
PRODDTA,F3114,3,IQMCU,nchar,12,,,NO
PRODDTA,F3701,2,QAMCU,nchar,12,,,NO
PRODDTA,F5531,1,QZMCU,nchar,12,,,NO
PRODDTA,F3460,4,MFMCU,nchar,12,,,NO
PRODDTA,F5531_PRE_90,1,QZMCU,nchar,12,,,NO
PRODDTA,F4100,1,LMMCU,nchar,12,,,NO
PRODDTA,F41002,1,UMMCU,nchar,12,,,NO
PRODDTA,F554102,2,ITMCU,nchar,12,,,NO
PRODDTA,F5541021,2,LIMCU,nchar,12,,,NO
PRODDTA,F4102,4,IBMCU,nchar,12,,,NO
PRODDTA,F41021,2,LIMCU,nchar,12,,,NO
PRODDTA,F554102D,4,RMMCU,nchar,12,,,NO
PRODDTA,F4105,4,COMCU,nchar,12,,,NO
PRODDTA,F554102T,42,IBMCU,nchar,12,,,NO
PRODDTA,F4106,4,BPMCU,nchar,12,,,NO
PRODDTA,F554105,2,MRMCU,nchar,12,,,NO
PRODDTA,F0050,1,MAMCU1,nchar,12,,,NO
PRODDTA,F0050,2,MAMCU,nchar,12,,,NO
PRODDTA,F41001,98,CIMCU,nchar,12,,,NO
PRODDTA,F00092,6,T3MCU,nchar,12,,,NO
PRODDTA,F46011,1,IQMCU,nchar,12,,,NO
PRODDTA,F0006,1,MCMCU,nchar,12,,,NO
PRODDTA,F5542UOM,1,IBMCU,nchar,12,,,NO
PRODDTA,F3112_ARCH,10,WLMCU,nchar,12,,,NO
PRODDTA,F41061,1,CBMCU,nchar,12,,,NO
PRODDTA,F3003,5,IRMMCU,nchar,12,,,NO
PRODDTA,F3003,8,IRLINE,nchar,12,,,NO
PRODDTA,F3112,10,WLMCU,nchar,12,,,NO
PRODDTA,F1114,8,C2MCUF,nchar,12,,,NO
PRODDTA,F4108,4,IOMCU,nchar,12,,,NO
PRODDTA,F3007,1,WUMCU,nchar,12,,,NO
PRODDTA,F3007,4,WUMMCU,nchar,12,,,NO
PRODDTA,F3313,2,CRMCU,nchar,12,,,NO
PRODDTA,F3313,8,CRWMCU,nchar,12,,,NO
PRODDTA,F5501,1,QAMCU,nchar,12,,,NO
PRODDTA,F41112,7,INMCU,nchar,12,,,NO
PRODDTA,F1602,8,CBABR1,nchar,12,,,NO
PRODDTA,F1602,10,CBABR2,nchar,12,,,NO
PRODDTA,F1602,12,CBABR3,nchar,12,,,NO
PRODDTA,F1602,14,CBABR4,nchar,12,,,NO
PRODDTA,F43090,5,PCMCU,nchar,12,,,NO
PRODDTA,F30008,1,IWMCU,nchar,12,,,NO
PRODDTA,F30008,25,IWMMCU,nchar,12,,,NO
PRODDTA,F3002,5,IXMMCU,nchar,12,,,NO
PRODDTA,F3102_ARCH,31,IGMCU,nchar,12,,,NO
PRODDTA,F30026,4,IEMMCU,nchar,12,,,NO
PRODDTA,F5511,1,QSMCU,nchar,12,,,NO
PRODDTA,F30006,1,IWMCU,nchar,12,,,NO
PRODDTA,F30006,3,IWMMCU,nchar,12,,,NO
PRODDTA,F3102,31,IGMCU,nchar,12,,,NO
PRODDTA,F5512,1,QDMCU,nchar,12,,,NO
PRODDTA,F5521,1,QIMCU,nchar,12,,,NO
PRODDTA,F31091,4,IQMMCU,nchar,12,,,NO
PRODDTA,F40318,17,QCMCU,nchar,12,,,NO
PRODDTA,F553002,1,AHMCU,nchar,12,,,NO
PRODDTA,F3711,9,TRMCU,nchar,12,,,YES
PRODDTA,F3711,17,TRMCU2,nchar,12,,,YES
PRODDTA,F3711,19,TRHMCU,nchar,12,,,YES
PRODDTA,F3711,68,TRVEHI,nchar,12,,,YES
PRODDTA,F3711,81,TRMMCU,nchar,12,,,YES
PRODDTA,F31122,9,WTMMCU,nchar,12,,,YES
PRODDTA,F31122,10,WTMCU,nchar,12,,,YES
PRODDTA,F31122,22,WTAPID,nchar,12,,,YES
PRODDTA,F31122,40,WTLINE,nchar,12,,,YES
PRODDTA,F3701,49,QAMMCU,nchar,12,,,YES
PRODDTA,F31UI006,3,LSMMCU,nchar,12,,,YES
PRODDTA,F31UI006,4,LSLINE,nchar,12,,,YES
PRODDTA,F4111_ARCH,5,ILMCU,nchar,12,,,YES
PRODDTA,F4111_ARCH,18,ILMMCU,nchar,12,,,YES
PRODDTA,F4111_ARCH,19,ILDMCT,nchar,12,,,YES
PRODDTA,F4111_ARCH,51,ILMCUZ,nchar,12,,,YES
PRODDTA,F4111,5,ILMCU,nchar,12,,,YES
PRODDTA,F4111,18,ILMMCU,nchar,12,,,YES
PRODDTA,F4111,19,ILDMCT,nchar,12,,,YES
PRODDTA,F4111,51,ILMCUZ,nchar,12,,,YES
PRODDTA,F42119_ARCH,6,SDMCU,nchar,12,,,YES
PRODDTA,F42119_ARCH,16,SDDMCT,nchar,12,,,YES
PRODDTA,F42119_ARCH,48,SDEMCU,nchar,12,,,YES
PRODDTA,F42119_ARCH,230,SDHDBU,nchar,12,,,YES
PRODDTA,F42119_ARCH,231,SDDMBU,nchar,12,,,YES
PRODDTA,F42119_ARCH,243,SDPMTN,nchar,12,,,YES
PRODDTA,F5541006,4,IDMCU,nchar,12,,,YES
PRODDTA,F4211,6,SDMCU,nchar,12,,,YES
PRODDTA,F4211,16,SDDMCT,nchar,12,,,YES
PRODDTA,F4211,48,SDEMCU,nchar,12,,,YES
PRODDTA,F4211,230,SDHDBU,nchar,12,,,YES
PRODDTA,F4211,231,SDDMBU,nchar,12,,,YES
PRODDTA,F4211,243,SDPMTN,nchar,12,,,YES
PRODDTA,F4211_ARCH,6,SDMCU,nchar,12,,,YES
PRODDTA,F4211_ARCH,16,SDDMCT,nchar,12,,,YES
PRODDTA,F4211_ARCH,48,SDEMCU,nchar,12,,,YES
PRODDTA,F4211_ARCH,230,SDHDBU,nchar,12,,,YES
PRODDTA,F4211_ARCH,231,SDDMBU,nchar,12,,,YES
PRODDTA,F4211_ARCH,243,SDPMTN,nchar,12,,,YES
PRODDTA,F42119,6,SDMCU,nchar,12,,,YES
PRODDTA,F42119,16,SDDMCT,nchar,12,,,YES
PRODDTA,F42119,48,SDEMCU,nchar,12,,,YES
PRODDTA,F42119,230,SDHDBU,nchar,12,,,YES
PRODDTA,F42119,231,SDDMBU,nchar,12,,,YES
PRODDTA,F42119,243,SDPMTN,nchar,12,,,YES
PRODDTA,F4101,195,IMLINE,nchar,12,,,YES
PRODDTA,F4102,96,IBECO,nchar,12,,,YES
PRODDTA,F4102,162,IBLINE,nchar,12,,,YES
PRODDTA,F4104,6,IVMCU,nchar,12,,,YES
PRODDTA,F554102S,4,IBMCU,nchar,12,,,YES
PRODDTA,F42004,20,CMMCU,nchar,12,,,YES
PRODDTA,F42005,42,SCMCU,nchar,12,,,YES
PRODDTA,F4301,5,PHMCU,nchar,12,,,YES
PRODDTA,F4301,65,PHARTG,nchar,12,,,YES
PRODDTA,F03B11,50,RPMCU,nchar,12,,,YES
PRODDTA,F03B11,88,RPMCU2,nchar,12,,,YES
PRODDTA,F03B112,56,RWMCU,nchar,12,,,YES
PRODDTA,F4311,6,PDMCU,nchar,12,,,YES
PRODDTA,F4311,16,PDDMCT,nchar,12,,,YES
PRODDTA,F4311,127,PDOMCU,nchar,12,,,YES
PRODDTA,F4311,161,PDARTG,nchar,12,,,YES
PRODDTA,F4311,210,PDPMTN,nchar,12,,,YES
PRODDTA,F43121,11,PRDMCT,nchar,12,,,YES
PRODDTA,F43121,17,PRIMCU,nchar,12,,,YES
PRODDTA,F43121,45,PRMCU,nchar,12,,,YES
PRODDTA,F43121,49,PROMCU,nchar,12,,,YES
PRODDTA,F03B14,68,RZMCU,nchar,12,,,YES
PRODDTA,F03B14,76,RZMCU2,nchar,12,,,YES
PRODDTA,F4801,14,WAMCU,nchar,12,,,YES
PRODDTA,F4801,15,WAMMCU,nchar,12,,,YES
PRODDTA,F4801,62,WAAPID,nchar,12,,,YES
PRODDTA,F41001,55,CIARTG,nchar,12,,,YES
PRODDTA,F0411,48,RPMCU,nchar,12,,,YES
PRODDTA,F0411,70,RPMCU2,nchar,12,,,YES
PRODDTA,F0411,136,RPCNTRTCD,nchar,12,,,YES
PRODDTA,F0413,40,RMCNTRTCD,nchar,12,,,YES
PRODDTA,F0414,27,RNMCU,nchar,12,,,YES
PRODDTA,F0414,49,RNCNTRTCD,nchar,12,,,YES
PRODDTA,F0012,3,KGMCU,nchar,12,,,YES
PRODDTA,F42199,6,SLMCU,nchar,12,,,YES
PRODDTA,F42199,16,SLDMCT,nchar,12,,,YES
PRODDTA,F42199,48,SLEMCU,nchar,12,,,YES
PRODDTA,F42199,230,SLHDBU,nchar,12,,,YES
PRODDTA,F42199,231,SLDMBU,nchar,12,,,YES
PRODDTA,F42199,243,SLPMTN,nchar,12,,,YES
PRODDTA,F4908,2,IIHSCD,nchar,12,,,YES
PRODDTA,F0101,6,ABMCU,nchar,12,,,YES
PRODDTA,F0006,95,MCMCUS,nchar,12,,,YES
PRODDTA,F0006,120,MCTSBU,nchar,12,,,YES
PRODDTA,F0006,146,MCRMCU1,nchar,12,,,YES
PRODDTA,F43199,6,OLMCU,nchar,12,,,YES
PRODDTA,F43199,16,OLDMCT,nchar,12,,,YES
PRODDTA,F43199,127,OLOMCU,nchar,12,,,YES
PRODDTA,F43199,161,OLARTG,nchar,12,,,YES
PRODDTA,F43199,203,OLPMTN,nchar,12,,,YES
PRODDTA,F0116,8,ALADDZ,nchar,12,,,YES
PRODDTA,F03B11_ARCH,50,RPMCU,nchar,12,,,YES
PRODDTA,F03B11_ARCH,88,RPMCU2,nchar,12,,,YES
PRODDTA,F03012,4,AIMCUR,nchar,12,,,YES
PRODDTA,F4801T,2,WALINE,nchar,12,,,YES
PRODDTA,F4801T,49,WAPMTN,nchar,12,,,YES
PRODDTA,F4801T,76,WAMCUCSL,nchar,12,,,YES
PRODDTA,F4801T,123,WAMCULT,nchar,12,,,YES
PRODDTA,F03B14_ARCH,68,RZMCU,nchar,12,,,YES
PRODDTA,F03B14_ARCH,76,RZMCU2,nchar,12,,,YES
PRODDTA,F0411_ARCH,48,RPMCU,nchar,12,,,YES
PRODDTA,F0411_ARCH,70,RPMCU2,nchar,12,,,YES
PRODDTA,F0411_ARCH,136,RPCNTRTCD,nchar,12,,,YES
PRODDTA,F4201,5,SHMCU,nchar,12,,,YES
PRODDTA,F0413_ARCH,40,RMCNTRTCD,nchar,12,,,YES
PRODDTA,F0401,3,A6MCUP,nchar,12,,,YES
PRODDTA,F0902_JG,31,GBMCU,nchar,12,,,YES
PRODDTA,F0414_ARCH,27,RNMCU,nchar,12,,,YES
PRODDTA,F0414_ARCH,49,RNCNTRTCD,nchar,12,,,YES
PRODDTA,F42019,5,SHMCU,nchar,12,,,YES
PRODDTA,F3112_ARCH,8,WLMMCU,nchar,12,,,YES
PRODDTA,F3112_ARCH,9,WLLINE,nchar,12,,,YES
PRODDTA,F3112_ARCH,58,WLAPID,nchar,12,,,YES
PRODDTA,F3112_ARCH,60,WLOMCU,nchar,12,,,YES
PRODDTA,F3112_ARCH,82,WLWMCU,nchar,12,,,YES
PRODDTA,F31122_ARCH,9,WTMMCU,nchar,12,,,YES
PRODDTA,F31122_ARCH,10,WTMCU,nchar,12,,,YES
PRODDTA,F31122_ARCH,22,WTAPID,nchar,12,,,YES
PRODDTA,F31122_ARCH,40,WTLINE,nchar,12,,,YES
PRODDTA,F41061,7,CBDMCT,nchar,12,,,YES
PRODDTA,F0901,3,GMMCU,nchar,12,,,YES
PRODDTA,F3003,9,IRMCU,nchar,12,,,YES
PRODDTA,F3003,31,IRAPID,nchar,12,,,YES
PRODDTA,F3003,40,IROMCU,nchar,12,,,YES
PRODDTA,F3003,54,IRWMCU,nchar,12,,,YES
PRODDTA,F4074_ARCH,64,ALPMTN,nchar,12,,,YES
PRODDTA,F0902,31,GBMCU,nchar,12,,,YES
PRODDTA,F42005_ARCH,42,SCMCU,nchar,12,,,YES
PRODDTA,F0911,17,GLMCU,nchar,12,,,YES
PRODDTA,F0911,92,GLHMCU,nchar,12,,,YES
PRODDTA,F0911,105,GLABR1,nchar,12,,,YES
PRODDTA,F0911,106,GLABR2,nchar,12,,,YES
PRODDTA,F0911,107,GLABR3,nchar,12,,,YES
PRODDTA,F0911,108,GLABR4,nchar,12,,,YES
PRODDTA,F0911,136,GLAHBU,nchar,12,,,YES
PRODDTA,F3112,8,WLMMCU,nchar,12,,,YES
PRODDTA,F3112,9,WLLINE,nchar,12,,,YES
PRODDTA,F3112,58,WLAPID,nchar,12,,,YES
PRODDTA,F3112,60,WLOMCU,nchar,12,,,YES
PRODDTA,F3112,82,WLWMCU,nchar,12,,,YES
PRODDTA,F4201_ARCH,5,SHMCU,nchar,12,,,YES
PRODDTA,F42019_ARCH,5,SHMCU,nchar,12,,,YES
PRODDTA,F1114,9,C2MCUT,nchar,12,,,YES
PRODDTA,F1114,28,C2MCU2,nchar,12,,,YES
PRODDTA,F1114,31,C2MCU,nchar,12,,,YES
PRODDTA,F4074,64,ALPMTN,nchar,12,,,YES
PRODDTA,F1201,3,FAAPID,nchar,12,,,YES
PRODDTA,F1201,12,FAMCU,nchar,12,,,YES
PRODDTA,F1201,24,FAAMCU,nchar,12,,,YES
PRODDTA,F1201,27,FADMCU,nchar,12,,,YES
PRODDTA,F1201,30,FAXMCU,nchar,12,,,YES
PRODDTA,F1201,33,FARMCU,nchar,12,,,YES
PRODDTA,F1201,61,FALOC,nchar,12,,,YES
PRODDTA,F1201,76,FADADC,nchar,12,,,YES
PRODDTA,F1201,82,FAAFE,nchar,12,,,YES
PRODDTA,F4301_ARCH,5,PHMCU,nchar,12,,,YES
PRODDTA,F4301_ARCH,65,PHARTG,nchar,12,,,YES
PRODDTA,F1202,31,FLMCU,nchar,12,,,YES
PRODDTA,F1202,39,FLADSN,nchar,12,,,YES
PRODDTA,F3312,2,CWMCU,nchar,12,,,YES
PRODDTA,F3312,4,CWMMCU,nchar,12,,,YES
PRODDTA,F3312,13,CWWMCU,nchar,12,,,YES
PRODDTA,F4311_ARCH,6,PDMCU,nchar,12,,,YES
PRODDTA,F4311_ARCH,16,PDDMCT,nchar,12,,,YES
PRODDTA,F4311_ARCH,127,PDOMCU,nchar,12,,,YES
PRODDTA,F4311_ARCH,161,PDARTG,nchar,12,,,YES
PRODDTA,F4311_ARCH,210,PDPMTN,nchar,12,,,YES
PRODDTA,F1217,4,WRMMCU,nchar,12,,,YES
PRODDTA,F1217,63,WRMCU,nchar,12,,,YES
PRODDTA,F4006,10,OAADDZ,nchar,12,,,YES
PRODDTA,F4801_ARCH,14,WAMCU,nchar,12,,,YES
PRODDTA,F4801_ARCH,15,WAMMCU,nchar,12,,,YES
PRODDTA,F4801_ARCH,62,WAAPID,nchar,12,,,YES
PRODDTA,F1602,52,CBMCU,nchar,12,,,YES
PRODDTA,F4801T_ARCH,2,WALINE,nchar,12,,,YES
PRODDTA,F4801T_ARCH,49,WAPMTN,nchar,12,,,YES
PRODDTA,F4801T_ARCH,76,WAMCUCSL,nchar,12,,,YES
PRODDTA,F4801T_ARCH,123,WAMCULT,nchar,12,,,YES
PRODDTA,F3002,9,IXCMCU,nchar,12,,,YES
PRODDTA,F3002,47,IXECO,nchar,12,,,YES
PRODDTA,F3002,56,IXOMCU,nchar,12,,,YES
PRODDTA,F550901,3,GMMCU,nchar,12,,,YES
PRODDTA,F550901,11,GM55MCU,nchar,12,,,YES
PRODDTA,F3102_ARCH,32,IGWMCU,nchar,12,,,YES
PRODDTA,F3102_ARCH,33,IGMMCU,nchar,12,,,YES
PRODDTA,F30026,29,IEMCUL,nchar,12,,,YES
PRODDTA,F30026,30,IEWMCU,nchar,12,,,YES
PRODDTA,F30006,2,IWMCUW,nchar,12,,,YES
PRODDTA,F30006,42,IWLOMC,nchar,12,,,YES
PRODDTA,F3102,32,IGWMCU,nchar,12,,,YES
PRODDTA,F3102,33,IGMMCU,nchar,12,,,YES
PRODDTA,F3111_ARCH,30,WMCMCU,nchar,12,,,YES
PRODDTA,F3111_ARCH,52,WMMCU,nchar,12,,,YES
PRODDTA,F3111_ARCH,53,WMOMCU,nchar,12,,,YES
PRODDTA,F31091,5,IQLINE,nchar,12,,,YES
PRODDTA,F40318,23,QCMCU2,nchar,12,,,YES
PRODDTA,F40318,55,QCMMCU,nchar,12,,,YES
PRODDTA,F3111,30,WMCMCU,nchar,12,,,YES
PRODDTA,F3111,52,WMMCU,nchar,12,,,YES
PRODDTA,F3111,53,WMOMCU,nchar,12,,,YES
PRODDTA,F3711,3,TRKCOO,nchar,5,,,YES
PRODDTA,F3711,7,TRRKCO,nchar,5,,,YES
PRODDTA,F3711,110,TRQABLRUL,nchar,5,,,YES
PRODDTA,F554105A,1,DCCO,nchar,5,,,YES
PRODDTA,F554072,102,ADCO,nchar,5,,,YES
PRODDTA,F4111_ARCH,21,ILKCO,nchar,5,,,YES
PRODDTA,F4111_ARCH,31,ILKCOO,nchar,5,,,YES
PRODDTA,F554072L,11,LTKCOO,nchar,5,,,YES
PRODDTA,F4111,21,ILKCO,nchar,5,,,YES
PRODDTA,F4111,31,ILKCOO,nchar,5,,,YES
PRODDTA,F42119_ARCH,1,SDKCOO,nchar,5,,,NO
PRODDTA,F42119_ARCH,7,SDCO,nchar,5,,,YES
PRODDTA,F42119_ARCH,8,SDOKCO,nchar,5,,,YES
PRODDTA,F42119_ARCH,12,SDRKCO,nchar,5,,,YES
PRODDTA,F42119_ARCH,96,SDKCO,nchar,5,,,YES
PRODDTA,F42119_ARCH,101,SDOKC,nchar,5,,,YES
PRODDTA,F42119_ARCH,235,SDXKCO,nchar,5,,,YES
PRODDTA,F42119_ARCH,260,SDCMCO,nchar,5,,,YES
PRODDTA,F4211,1,SDKCOO,nchar,5,,,NO
PRODDTA,F4211,7,SDCO,nchar,5,,,YES
PRODDTA,F4211,8,SDOKCO,nchar,5,,,YES
PRODDTA,F4211,12,SDRKCO,nchar,5,,,YES
PRODDTA,F4211,96,SDKCO,nchar,5,,,YES
PRODDTA,F4211,101,SDOKC,nchar,5,,,YES
PRODDTA,F4211,235,SDXKCO,nchar,5,,,YES
PRODDTA,F4211,260,SDCMCO,nchar,5,,,YES
PRODDTA,F4211_ARCH,1,SDKCOO,nchar,5,,,NO
PRODDTA,F4211_ARCH,7,SDCO,nchar,5,,,YES
PRODDTA,F4211_ARCH,8,SDOKCO,nchar,5,,,YES
PRODDTA,F4211_ARCH,12,SDRKCO,nchar,5,,,YES
PRODDTA,F4211_ARCH,96,SDKCO,nchar,5,,,YES
PRODDTA,F4211_ARCH,101,SDOKC,nchar,5,,,YES
PRODDTA,F4211_ARCH,235,SDXKCO,nchar,5,,,YES
PRODDTA,F4211_ARCH,260,SDCMCO,nchar,5,,,YES
PRODDTA,F4100,23,LMEQTY,nchar,5,,,YES
PRODDTA,F4100,29,LMLVER,nchar,5,,,YES
PRODDTA,F42119,1,SDKCOO,nchar,5,,,NO
PRODDTA,F42119,7,SDCO,nchar,5,,,YES
PRODDTA,F42119,8,SDOKCO,nchar,5,,,YES
PRODDTA,F42119,12,SDRKCO,nchar,5,,,YES
PRODDTA,F42119,96,SDKCO,nchar,5,,,YES
PRODDTA,F42119,101,SDOKC,nchar,5,,,YES
PRODDTA,F42119,235,SDXKCO,nchar,5,,,YES
PRODDTA,F42119,260,SDCMCO,nchar,5,,,YES
PRODDTA,F4101,146,IMEQTY,nchar,5,,,YES
PRODDTA,F4101,206,IMATPAC,nchar,5,,,YES
PRODDTA,F4102,173,IBATPAC,nchar,5,,,YES
PRODDTA,F3400,13,SGCO,nchar,5,,,NO
PRODDTA,F42005,1,SCKCOO,nchar,5,,,NO
PRODDTA,F4301,1,PHKCOO,nchar,5,,,NO
PRODDTA,F4301,6,PHOKCO,nchar,5,,,YES
PRODDTA,F4301,9,PHRKCO,nchar,5,,,YES
PRODDTA,F03B11,3,RPKCO,nchar,5,,,NO
PRODDTA,F03B11,14,RPCO,nchar,5,,,YES
PRODDTA,F03B11,72,RPOKCO,nchar,5,,,YES
PRODDTA,F03B11,77,RPPKCO,nchar,5,,,YES
PRODDTA,F03B11,82,RPSKCO,nchar,5,,,YES
PRODDTA,F03B11,147,RPKCOO,nchar,5,,,YES
PRODDTA,F03B112,3,RWKCO,nchar,5,,,NO
PRODDTA,F03B112,8,RWOKCO,nchar,5,,,YES
PRODDTA,F03B112,14,RWCO,nchar,5,,,YES
PRODDTA,F4311,1,PDKCOO,nchar,5,,,NO
PRODDTA,F4311,7,PDCO,nchar,5,,,YES
PRODDTA,F4311,8,PDOKCO,nchar,5,,,YES
PRODDTA,F4311,12,PDRKCO,nchar,5,,,YES
PRODDTA,F03B13,17,RYCO,nchar,5,,,YES
PRODDTA,F03B13,44,RYKCOG,nchar,5,,,YES
PRODDTA,F03B13,50,RYKCOQ,nchar,5,,,YES
PRODDTA,F43121,3,PRKCOO,nchar,5,,,NO
PRODDTA,F43121,46,PRCO,nchar,5,,,YES
PRODDTA,F43121,55,PRKCO,nchar,5,,,YES
PRODDTA,F03B14,6,RZKCO,nchar,5,,,YES
PRODDTA,F03B14,18,RZCO,nchar,5,,,YES
PRODDTA,F03B14,71,RZPKCO,nchar,5,,,YES
PRODDTA,F03B14,82,RZOKCO,nchar,5,,,YES
PRODDTA,F03B14,86,RZGKCO,nchar,5,,,YES
PRODDTA,F03B14,90,RZKCOG,nchar,5,,,YES
PRODDTA,F03B14,126,RZKCOO,nchar,5,,,YES
PRODDTA,F4801,13,WACO,nchar,5,,,YES
PRODDTA,F4801,52,WAPAYT,nchar,5,,,YES
PRODDTA,F4801,96,WARKCO,nchar,5,,,YES
PRODDTA,F0411,1,RPKCO,nchar,5,,,NO
PRODDTA,F0411,18,RPCO,nchar,5,,,YES
PRODDTA,F0411,56,RPOKCO,nchar,5,,,YES
PRODDTA,F0411,62,RPPKCO,nchar,5,,,YES
PRODDTA,F0411,141,RPDDRL,nchar,5,,,YES
PRODDTA,F00092,4,T3KCO,nchar,5,,,NO
PRODDTA,F0010,1,CCCO,nchar,5,,,NO
PRODDTA,F0010,63,CCTSCO,nchar,5,,,YES
PRODDTA,F4217,8,XIKCO,nchar,5,,,YES
PRODDTA,F0414,4,RNKCO,nchar,5,,,YES
PRODDTA,F0414,26,RNCO,nchar,5,,,YES
PRODDTA,F0012,2,KGCO,nchar,5,,,NO
PRODDTA,F42199,1,SLKCOO,nchar,5,,,NO
PRODDTA,F42199,7,SLCO,nchar,5,,,YES
PRODDTA,F42199,8,SLOKCO,nchar,5,,,YES
PRODDTA,F42199,12,SLRKCO,nchar,5,,,YES
PRODDTA,F42199,96,SLKCO,nchar,5,,,YES
PRODDTA,F42199,101,SLOKC,nchar,5,,,YES
PRODDTA,F42199,235,SLXKCO,nchar,5,,,YES
PRODDTA,F42199,260,SLCMCO,nchar,5,,,YES
PRODDTA,F46011,20,IQEQTY,nchar,5,,,YES
PRODDTA,F0101,90,ABAEMPGP,nchar,5,,,YES
PRODDTA,F0101,92,ABREVRNG,nchar,5,,,YES
PRODDTA,F0006,5,MCCO,nchar,5,,,YES
PRODDTA,F0006,150,MCBUCA,nchar,5,,,YES
PRODDTA,F43199,1,OLKCOO,nchar,5,,,YES
PRODDTA,F43199,7,OLCO,nchar,5,,,YES
PRODDTA,F43199,8,OLOKCO,nchar,5,,,YES
PRODDTA,F43199,12,OLRKCO,nchar,5,,,YES
PRODDTA,F56NAICS,5,NAKCOO,nchar,5,,,YES
PRODDTA,F56NAICS,19,NAAURST1,nchar,5,,,YES
PRODDTA,F03B11_ARCH,3,RPKCO,nchar,5,,,NO
PRODDTA,F03B11_ARCH,14,RPCO,nchar,5,,,YES
PRODDTA,F03B11_ARCH,72,RPOKCO,nchar,5,,,YES
PRODDTA,F03B11_ARCH,77,RPPKCO,nchar,5,,,YES
PRODDTA,F03B11_ARCH,82,RPSKCO,nchar,5,,,YES
PRODDTA,F03B11_ARCH,147,RPKCOO,nchar,5,,,YES
PRODDTA,F03012,2,AICO,nchar,5,,,NO
PRODDTA,F03012,7,AIKCOR,nchar,5,,,YES
PRODDTA,F03012,200,AITIER1,nchar,5,,,YES
PRODDTA,F03B13_ARCH,17,RYCO,nchar,5,,,YES
PRODDTA,F03B13_ARCH,44,RYKCOG,nchar,5,,,YES
PRODDTA,F03B13_ARCH,50,RYKCOQ,nchar,5,,,YES
PRODDTA,F4801T,118,WAKCO,nchar,5,,,YES
PRODDTA,F03B14_ARCH,6,RZKCO,nchar,5,,,YES
PRODDTA,F03B14_ARCH,18,RZCO,nchar,5,,,YES
PRODDTA,F03B14_ARCH,71,RZPKCO,nchar,5,,,YES
PRODDTA,F03B14_ARCH,82,RZOKCO,nchar,5,,,YES
PRODDTA,F03B14_ARCH,86,RZGKCO,nchar,5,,,YES
PRODDTA,F03B14_ARCH,90,RZKCOG,nchar,5,,,YES
PRODDTA,F03B14_ARCH,126,RZKCOO,nchar,5,,,YES
PRODDTA,F0411_ARCH,1,RPKCO,nchar,5,,,NO
PRODDTA,F0411_ARCH,18,RPCO,nchar,5,,,YES
PRODDTA,F0411_ARCH,56,RPOKCO,nchar,5,,,YES
PRODDTA,F0411_ARCH,62,RPPKCO,nchar,5,,,YES
PRODDTA,F0411_ARCH,141,RPDDRL,nchar,5,,,YES
PRODDTA,F4201,1,SHKCOO,nchar,5,,,NO
PRODDTA,F4201,6,SHCO,nchar,5,,,YES
PRODDTA,F4201,7,SHOKCO,nchar,5,,,YES
PRODDTA,F4201,10,SHRKCO,nchar,5,,,YES
PRODDTA,F0401,6,A6KCOP,nchar,5,,,YES
PRODDTA,F0902_JG,7,GBCO,nchar,5,,,YES
PRODDTA,F0414_ARCH,4,RNKCO,nchar,5,,,YES
PRODDTA,F0414_ARCH,26,RNCO,nchar,5,,,YES
PRODDTA,F42019,1,SHKCOO,nchar,5,,,NO
PRODDTA,F42019,6,SHCO,nchar,5,,,YES
PRODDTA,F42019,7,SHOKCO,nchar,5,,,YES
PRODDTA,F42019,10,SHRKCO,nchar,5,,,YES
PRODDTA,F3112_ARCH,64,WLRKCO,nchar,5,,,YES
PRODDTA,F41061,9,CBKCOO,nchar,5,,,YES
PRODDTA,F0901,1,GMCO,nchar,5,,,YES
PRODDTA,F42140,2,CMCO,nchar,5,,,NO
PRODDTA,F42140,10,CMRTYPE,nchar,5,,,YES
PRODDTA,F4074_ARCH,3,ALKCOO,nchar,5,,,NO
PRODDTA,F0902,7,GBCO,nchar,5,,,YES
PRODDTA,F0909,2,ACCO,nchar,5,,,YES
PRODDTA,F55SODOC,3,SHKCOO,nchar,5,,,NO
PRODDTA,F42005_ARCH,1,SCKCOO,nchar,5,,,NO
PRODDTA,F0911,1,GLKCO,nchar,5,,,NO
PRODDTA,F0911,13,GLCO,nchar,5,,,YES
PRODDTA,F0911,45,GLPKCO,nchar,5,,,YES
PRODDTA,F0911,46,GLOKCO,nchar,5,,,YES
PRODDTA,F3112,64,WLRKCO,nchar,5,,,YES
PRODDTA,F4201_ARCH,1,SHKCOO,nchar,5,,,NO
PRODDTA,F4201_ARCH,6,SHCO,nchar,5,,,YES
PRODDTA,F4201_ARCH,7,SHOKCO,nchar,5,,,YES
PRODDTA,F4201_ARCH,10,SHRKCO,nchar,5,,,YES
PRODDTA,F42019_ARCH,1,SHKCOO,nchar,5,,,NO
PRODDTA,F42019_ARCH,6,SHCO,nchar,5,,,YES
PRODDTA,F42019_ARCH,7,SHOKCO,nchar,5,,,YES
PRODDTA,F42019_ARCH,10,SHRKCO,nchar,5,,,YES
PRODDTA,F1114,2,C2CO,nchar,5,,,NO
PRODDTA,F4074,3,ALKCOO,nchar,5,,,NO
PRODDTA,F4108,9,IOKCOO,nchar,5,,,YES
PRODDTA,F1201,1,FACO,nchar,5,,,YES
PRODDTA,F4301_ARCH,1,PHKCOO,nchar,5,,,NO
PRODDTA,F4301_ARCH,6,PHOKCO,nchar,5,,,YES
PRODDTA,F4301_ARCH,9,PHRKCO,nchar,5,,,YES
PRODDTA,F1202,7,FLCO,nchar,5,,,YES
PRODDTA,F550001,7,SDKCOO,nchar,5,,,YES
PRODDTA,F4311_ARCH,1,PDKCOO,nchar,5,,,NO
PRODDTA,F4311_ARCH,7,PDCO,nchar,5,,,YES
PRODDTA,F4311_ARCH,8,PDOKCO,nchar,5,,,YES
PRODDTA,F4311_ARCH,12,PDRKCO,nchar,5,,,YES
PRODDTA,F1217,7,WRKCOO,nchar,5,,,YES
PRODDTA,F1217,22,WROKCO,nchar,5,,,YES
PRODDTA,F4006,3,OAKCOO,nchar,5,,,NO
PRODDTA,F4801_ARCH,13,WACO,nchar,5,,,YES
PRODDTA,F4801_ARCH,52,WAPAYT,nchar,5,,,YES
PRODDTA,F4801_ARCH,96,WARKCO,nchar,5,,,YES
PRODDTA,F1602,17,CBCO,nchar,5,,,YES
PRODDTA,F5503B01,9,WFKCOO,nchar,5,,,YES
PRODDTA,F4801T_ARCH,118,WAKCO,nchar,5,,,YES
PRODDTA,F3002,79,IXBSEQAN,nchar,5,,,YES
PRODDTA,F550901,1,GMCO,nchar,5,,,YES
PRODDTA,F550901,9,GM55CO,nchar,5,,,YES
PRODDTA,F3111_ARCH,14,WMRKCO,nchar,5,,,YES
PRODDTA,F3111_ARCH,87,WMBSEQAN,nchar,5,,,YES
PRODDTA,F3111,14,WMRKCO,nchar,5,,,YES
PRODDTA,F3111,87,WMBSEQAN,nchar,5,,,YES
PRODDTA,F40941,2,IKIGP1,nchar,6,,,NO
PRODDTA,F40941,3,IKIGP2,nchar,6,,,NO
PRODDTA,F40941,4,IKIGP3,nchar,6,,,NO
PRODDTA,F40941,5,IKIGP4,nchar,6,,,NO
PRODDTA,F40941,6,IKIGP5,nchar,6,,,NO
PRODDTA,F40941,7,IKIGP6,nchar,6,,,NO
PRODDTA,F40941,8,IKIGP7,nchar,6,,,NO
PRODDTA,F40941,9,IKIGP8,nchar,6,,,NO
PRODDTA,F40941,10,IKIGP9,nchar,6,,,NO
PRODDTA,F40941,11,IKIGP10,nchar,6,,,NO
PRODDTA,F3400,3,SGKV01,nchar,6,,,NO
PRODDTA,F3400,4,SGKV02,nchar,6,,,NO
PRODDTA,F3400,5,SGKV03,nchar,6,,,NO
PRODDTA,F3400,6,SGKV04,nchar,6,,,NO
PRODDTA,F3400,7,SGKV05,nchar,6,,,NO
PRODDTA,F3400,8,SGKV06,nchar,6,,,NO
PRODDTA,F3400,9,SGKV07,nchar,6,,,NO
PRODDTA,F3400,10,SGKV08,nchar,6,,,NO
PRODDTA,F3400,11,SGKV09,nchar,6,,,NO
PRODDTA,F3400,12,SGKV10,nchar,6,,,NO
PRODDTA,F0012,1,KGITEM,nchar,6,,,NO
PRODDTA,F46011,2,IQPRP6,nchar,6,,,NO
PRODDTA,F0909,1,ACOBJ,nchar,6,,,NO
PRODDTA,F1114,21,C2OBJF,nchar,6,,,NO
PRODDTA,F554072,97,ADPRP0,nchar,6,,,YES
PRODDTA,F4111_ARCH,52,ILOBJ,nchar,6,,,YES
PRODDTA,F554072L,8,LTPRP8,nchar,6,,,YES
PRODDTA,F554072L,9,LTPRP0,nchar,6,,,YES
PRODDTA,F4111,52,ILOBJ,nchar,6,,,YES
PRODDTA,F42119_ARCH,240,SDPOE,nchar,6,,,YES
PRODDTA,F4211,240,SDPOE,nchar,6,,,YES
PRODDTA,F4211_ARCH,240,SDPOE,nchar,6,,,YES
PRODDTA,F4100,14,LMSTY1,nchar,6,,,YES
PRODDTA,F4100,15,LMCGRP,nchar,6,,,YES
PRODDTA,F4100,35,LMPZON,nchar,6,,,YES
PRODDTA,F4100,36,LMKZON,nchar,6,,,YES
PRODDTA,F4100,37,LMZONR,nchar,6,,,YES
PRODDTA,F42119,240,SDPOE,nchar,6,,,YES
PRODDTA,F554101T,13,IMIGP1,nchar,6,,,YES
PRODDTA,F554101T,14,IMIGP2,nchar,6,,,YES
PRODDTA,F554101T,15,IMIGP3,nchar,6,,,YES
PRODDTA,F554101T,16,IMIGP4,nchar,6,,,YES
PRODDTA,F554101T,17,IMIGP5,nchar,6,,,YES
PRODDTA,F554101T,18,IMIGP6,nchar,6,,,YES
PRODDTA,F554101T,19,IMIGP7,nchar,6,,,YES
PRODDTA,F554101T,20,IMIGP8,nchar,6,,,YES
PRODDTA,F554101T,21,IMIGP9,nchar,6,,,YES
PRODDTA,F554101T,22,IMIGP10,nchar,6,,,YES
PRODDTA,F4101,13,IMSRP6,nchar,6,,,YES
PRODDTA,F4101,14,IMSRP7,nchar,6,,,YES
PRODDTA,F4101,15,IMSRP8,nchar,6,,,YES
PRODDTA,F4101,16,IMSRP9,nchar,6,,,YES
PRODDTA,F4101,17,IMSRP0,nchar,6,,,YES
PRODDTA,F4101,23,IMPRP6,nchar,6,,,YES
PRODDTA,F4101,24,IMPRP7,nchar,6,,,YES
PRODDTA,F4101,25,IMPRP8,nchar,6,,,YES
PRODDTA,F4101,26,IMPRP9,nchar,6,,,YES
PRODDTA,F4101,27,IMPRP0,nchar,6,,,YES
PRODDTA,F4102,10,IBSRP6,nchar,6,,,YES
PRODDTA,F4102,11,IBSRP7,nchar,6,,,YES
PRODDTA,F4102,12,IBSRP8,nchar,6,,,YES
PRODDTA,F4102,13,IBSRP9,nchar,6,,,YES
PRODDTA,F4102,14,IBSRP0,nchar,6,,,YES
PRODDTA,F4102,20,IBPRP6,nchar,6,,,YES
PRODDTA,F4102,21,IBPRP7,nchar,6,,,YES
PRODDTA,F4102,22,IBPRP8,nchar,6,,,YES
PRODDTA,F4102,23,IBPRP9,nchar,6,,,YES
PRODDTA,F4102,24,IBPRP0,nchar,6,,,YES
PRODDTA,F554102T,13,IBIGP1,nchar,6,,,YES
PRODDTA,F554102T,14,IBIGP2,nchar,6,,,YES
PRODDTA,F554102T,15,IBIGP3,nchar,6,,,YES
PRODDTA,F554102T,16,IBIGP4,nchar,6,,,YES
PRODDTA,F554102T,17,IBIGP5,nchar,6,,,YES
PRODDTA,F554102T,18,IBIGP6,nchar,6,,,YES
PRODDTA,F554102T,19,IBIGP7,nchar,6,,,YES
PRODDTA,F554102T,20,IBIGP8,nchar,6,,,YES
PRODDTA,F554102T,21,IBIGP9,nchar,6,,,YES
PRODDTA,F554102T,22,IBIGP10,nchar,6,,,YES
PRODDTA,F03B11,51,RPOBJ,nchar,6,,,YES
PRODDTA,F4311,128,PDOBJ,nchar,6,,,YES
PRODDTA,F4311,223,PDJBCD,nchar,6,,,YES
PRODDTA,F43121,50,PROBJ,nchar,6,,,YES
PRODDTA,F43121,135,PRPOE,nchar,6,,,YES
PRODDTA,F43121,155,PRJBCD,nchar,6,,,YES
PRODDTA,F0411,49,RPOBJ,nchar,6,,,YES
PRODDTA,F0411,139,RPHARPER,nchar,6,,,YES
PRODDTA,F0413,43,RMHARPER,nchar,6,,,YES
PRODDTA,F0414,52,RNHARPER,nchar,6,,,YES
PRODDTA,F0012,4,KGOBJ,nchar,6,,,YES
PRODDTA,F42199,240,SLPOE,nchar,6,,,YES
PRODDTA,F4908,7,IIUNNA,nchar,6,,,YES
PRODDTA,F4908,15,IINMFI,nchar,6,,,YES
PRODDTA,F4908,18,IIFRT1,nchar,6,,,YES
PRODDTA,F4908,19,IIFRT2,nchar,6,,,YES
PRODDTA,F0006,86,MCOBJ1,nchar,6,,,YES
PRODDTA,F0006,87,MCOBJ2,nchar,6,,,YES
PRODDTA,F0006,88,MCOBJ3,nchar,6,,,YES
PRODDTA,F0115,6,WPAR1,nchar,6,,,YES
PRODDTA,F43199,128,OLOBJ,nchar,6,,,YES
PRODDTA,F43199,225,OLJBCD,nchar,6,,,YES
PRODDTA,F56NAICS,9,NANAIIND,nchar,6,,,YES
PRODDTA,F56NAICS,12,NAMARMAR,nchar,6,,,YES
PRODDTA,F56NAICS,13,NAMARSEC,nchar,6,,,YES
PRODDTA,F03B11_ARCH,51,RPOBJ,nchar,6,,,YES
PRODDTA,F03012,5,AIOBAR,nchar,6,,,YES
PRODDTA,F4801T,26,WAOBJ,nchar,6,,,YES
PRODDTA,F4801T,47,WAJBCD,nchar,6,,,YES
PRODDTA,F4801T,53,WAAR1,nchar,6,,,YES
PRODDTA,F0411_ARCH,49,RPOBJ,nchar,6,,,YES
PRODDTA,F0411_ARCH,139,RPHARPER,nchar,6,,,YES
PRODDTA,F0413_ARCH,43,RMHARPER,nchar,6,,,YES
PRODDTA,F0401,4,A6OBAP,nchar,6,,,YES
PRODDTA,F0902_JG,32,GBOBJ,nchar,6,,,YES
PRODDTA,F0414_ARCH,52,RNHARPER,nchar,6,,,YES
PRODDTA,F3112_ARCH,21,WLJBCD,nchar,6,,,YES
PRODDTA,F3112_ARCH,61,WLOBJ,nchar,6,,,YES
PRODDTA,F0901,4,GMOBJ,nchar,6,,,YES
PRODDTA,F0901,37,GMOBJA,nchar,6,,,YES
PRODDTA,F0901,59,GMTOBJ,nchar,6,,,YES
PRODDTA,F3003,35,IRJBCD,nchar,6,,,YES
PRODDTA,F3003,41,IROBJ,nchar,6,,,YES
PRODDTA,F4074_ARCH,55,ALAPRP4,nchar,6,,,YES
PRODDTA,F4074_ARCH,56,ALAPRP5,nchar,6,,,YES
PRODDTA,F4074_ARCH,57,ALAPRP6,nchar,6,,,YES
PRODDTA,F0902,32,GBOBJ,nchar,6,,,YES
PRODDTA,F0911,18,GLOBJ,nchar,6,,,YES
PRODDTA,F0911,90,GLJBCD,nchar,6,,,YES
PRODDTA,F3112,21,WLJBCD,nchar,6,,,YES
PRODDTA,F3112,61,WLOBJ,nchar,6,,,YES
PRODDTA,F1114,23,C2OBJT,nchar,6,,,YES
PRODDTA,F1114,26,C2OBJ,nchar,6,,,YES
PRODDTA,F1114,29,C2OBJ7,nchar,6,,,YES
PRODDTA,F4074,55,ALAPRP4,nchar,6,,,YES
PRODDTA,F4074,56,ALAPRP5,nchar,6,,,YES
PRODDTA,F4074,57,ALAPRP6,nchar,6,,,YES
PRODDTA,F1201,25,FAAOBJ,nchar,6,,,YES
PRODDTA,F1201,28,FADOBJ,nchar,6,,,YES
PRODDTA,F1201,31,FAXOBJ,nchar,6,,,YES
PRODDTA,F1201,34,FAROBJ,nchar,6,,,YES
PRODDTA,F1201,77,FADADO,nchar,6,,,YES
PRODDTA,F1201,83,FAJBCD,nchar,6,,,YES
PRODDTA,F1201,85,FAUN,nchar,6,,,YES
PRODDTA,F1202,32,FLOBJ,nchar,6,,,YES
PRODDTA,F4311_ARCH,128,PDOBJ,nchar,6,,,YES
PRODDTA,F4311_ARCH,223,PDJBCD,nchar,6,,,YES
PRODDTA,F1602,53,CBOBJ,nchar,6,,,YES
PRODDTA,F4801T_ARCH,26,WAOBJ,nchar,6,,,YES
PRODDTA,F4801T_ARCH,47,WAJBCD,nchar,6,,,YES
PRODDTA,F4801T_ARCH,53,WAAR1,nchar,6,,,YES
PRODDTA,F3002,57,IXOBJ,nchar,6,,,YES
PRODDTA,F550901,4,GMOBJ,nchar,6,,,YES
PRODDTA,F550901,12,GM55OBJ,nchar,6,,,YES
PRODDTA,F3111_ARCH,54,WMOBJ,nchar,6,,,YES
PRODDTA,F3111,54,WMOBJ,nchar,6,,,YES
PRODDTA,F3711,35,TRSY,nchar,4,,,YES
PRODDTA,F3711,127,TRSY1,nchar,4,,,YES
PRODDTA,F3701,10,QASY,nchar,4,,,YES
PRODDTA,F4111_ARCH,28,ILGLPT,nchar,4,,,YES
PRODDTA,F40205,14,LFGLC,nchar,4,,,YES
PRODDTA,F4111,28,ILGLPT,nchar,4,,,YES
PRODDTA,F42119_ARCH,141,SDGLC,nchar,4,,,YES
PRODDTA,F4211,141,SDGLC,nchar,4,,,YES
PRODDTA,F4211_ARCH,141,SDGLC,nchar,4,,,YES
PRODDTA,F4100,5,LMLA03,nchar,4,,,YES
PRODDTA,F4100,6,LMLA04,nchar,4,,,YES
PRODDTA,F4100,7,LMLA05,nchar,4,,,YES
PRODDTA,F4100,8,LMLA06,nchar,4,,,YES
PRODDTA,F4100,9,LMLA07,nchar,4,,,YES
PRODDTA,F4100,10,LMLA08,nchar,4,,,YES
PRODDTA,F4100,11,LMLA09,nchar,4,,,YES
PRODDTA,F4100,12,LMLA10,nchar,4,,,YES
PRODDTA,F4100,22,LMMMTH,nchar,4,,,YES
PRODDTA,F42119,141,SDGLC,nchar,4,,,YES
PRODDTA,F4101,55,IMGLPT,nchar,4,,,YES
PRODDTA,F5541021,6,LIGLPT,nchar,4,,,YES
PRODDTA,F4102,31,IBGLPT,nchar,4,,,YES
PRODDTA,F41021,6,LIGLPT,nchar,4,,,YES
PRODDTA,F4104,30,IVCARDNO,nchar,4,,,YES
PRODDTA,F03B11,15,RPGLC,nchar,4,,,YES
PRODDTA,F01151,4,EAETP,nchar,4,,,YES
PRODDTA,F03B112,24,RWGLC,nchar,4,,,YES
PRODDTA,F4311,115,PDGLC,nchar,4,,,YES
PRODDTA,F4311,135,PDWR01,nchar,4,,,YES
PRODDTA,F4311,136,PDPL,nchar,4,,,YES
PRODDTA,F03B13,12,RYGLC,nchar,4,,,YES
PRODDTA,F43121,44,PRGLC,nchar,4,,,YES
PRODDTA,F03B14,13,RZGLC,nchar,4,,,YES
PRODDTA,F03B14,59,RZGLCC,nchar,4,,,YES
PRODDTA,F4801,37,WAWR01,nchar,4,,,YES
PRODDTA,F0008,4,CDFQ,nchar,4,,,NO
PRODDTA,F41001,97,CISY,nchar,4,,,NO
PRODDTA,F0411,43,RPGLC,nchar,4,,,YES
PRODDTA,F00092,1,T3SDB,nchar,4,,,NO
PRODDTA,F0414,18,RNGLC,nchar,4,,,YES
PRODDTA,F0012,14,KGSY,nchar,4,,,YES
PRODDTA,F42199,141,SLGLC,nchar,4,,,YES
PRODDTA,F46011,22,IQPACK,nchar,4,,,YES
PRODDTA,F4908,3,IIPDCG,nchar,4,,,YES
PRODDTA,F4908,13,IIPKIN,nchar,4,,,YES
PRODDTA,F4908,16,IINMFC,nchar,4,,,YES
PRODDTA,F0006,49,MCTC01,nchar,4,,,YES
PRODDTA,F0006,50,MCTC02,nchar,4,,,YES
PRODDTA,F0006,51,MCTC03,nchar,4,,,YES
PRODDTA,F0006,52,MCTC04,nchar,4,,,YES
PRODDTA,F0006,53,MCTC05,nchar,4,,,YES
PRODDTA,F0006,54,MCTC06,nchar,4,,,YES
PRODDTA,F0006,55,MCTC07,nchar,4,,,YES
PRODDTA,F0006,56,MCTC08,nchar,4,,,YES
PRODDTA,F0006,57,MCTC09,nchar,4,,,YES
PRODDTA,F0006,58,MCTC10,nchar,4,,,YES
PRODDTA,F0006,93,MCCT,nchar,4,,,YES
PRODDTA,F0006,100,MCINTA,nchar,4,,,YES
PRODDTA,F0006,101,MCINTL,nchar,4,,,YES
PRODDTA,F0115,5,WPPHTP,nchar,4,,,YES
PRODDTA,F43199,115,OLGLC,nchar,4,,,YES
PRODDTA,F43199,135,OLWR01,nchar,4,,,YES
PRODDTA,F43199,136,OLPL,nchar,4,,,YES
PRODDTA,F0116,12,ALCRTE,nchar,4,,,YES
PRODDTA,F03B11_ARCH,15,RPGLC,nchar,4,,,YES
PRODDTA,F03012,3,AIARC,nchar,4,,,YES
PRODDTA,F03B13_ARCH,12,RYGLC,nchar,4,,,YES
PRODDTA,F4801T,65,WAGLCCV,nchar,4,,,YES
PRODDTA,F4801T,66,WAGLCNC,nchar,4,,,YES
PRODDTA,F03B14_ARCH,13,RZGLC,nchar,4,,,YES
PRODDTA,F03B14_ARCH,59,RZGLCC,nchar,4,,,YES
PRODDTA,F0411_ARCH,43,RPGLC,nchar,4,,,YES
PRODDTA,F0401,2,A6APC,nchar,4,,,YES
PRODDTA,F0902_JG,4,GBFQ,nchar,4,,,NO
PRODDTA,F0414_ARCH,18,RNGLC,nchar,4,,,YES
PRODDTA,F3112_ARCH,11,WLALD,nchar,4,,,YES
PRODDTA,F0901,39,GMWCMP,nchar,4,,,YES
PRODDTA,F3003,6,IRALD,nchar,4,,,YES
PRODDTA,F4074_ARCH,25,ALGLC,nchar,4,,,YES
PRODDTA,F0902,4,GBFQ,nchar,4,,,NO
PRODDTA,F0911,26,GLFQ,nchar,4,,,YES
PRODDTA,F0911,34,GLGLC,nchar,4,,,YES
PRODDTA,F0911,81,GLWR01,nchar,4,,,YES
PRODDTA,F0911,91,GLJBST,nchar,4,,,YES
PRODDTA,F3112,11,WLALD,nchar,4,,,YES
PRODDTA,F4074,25,ALGLC,nchar,4,,,YES
PRODDTA,F1201,84,FAJBST,nchar,4,,,YES
PRODDTA,F1202,4,FLFQ,nchar,4,,,NO
PRODDTA,F4311_ARCH,115,PDGLC,nchar,4,,,YES
PRODDTA,F4311_ARCH,135,PDWR01,nchar,4,,,YES
PRODDTA,F4311_ARCH,136,PDPL,nchar,4,,,YES
PRODDTA,F4006,14,OACRTE,nchar,4,,,YES
PRODDTA,F41112,10,INGLPT,nchar,4,,,NO
PRODDTA,F4801_ARCH,37,WAWR01,nchar,4,,,YES
PRODDTA,F4801T_ARCH,65,WAGLCCV,nchar,4,,,YES
PRODDTA,F4801T_ARCH,66,WAGLCNC,nchar,4,,,YES
PRODDTA,F1620,8,CTSY,nchar,4,,,YES
PRODDTA,F43090,9,PCNROU,nchar,4,,,YES
PRODDTA,F43090,10,PCTROU,nchar,4,,,YES
PRODDTA,F3002,81,IXBOSTR,nchar,4,,,YES
PRODDTA,F3102_ARCH,41,IGSCTC,nchar,4,,,YES
PRODDTA,F3102_ARCH,43,IGRATS,nchar,4,,,YES
PRODDTA,F30026,14,IESCTC,nchar,4,,,YES
PRODDTA,F30026,15,IEXSFC,nchar,4,,,YES
PRODDTA,F30026,18,IERATS,nchar,4,,,YES
PRODDTA,F30026,19,IEXSRC,nchar,4,,,YES
PRODDTA,F3102,41,IGSCTC,nchar,4,,,YES
PRODDTA,F3102,43,IGRATS,nchar,4,,,YES
PRODDTA,F31091,13,IQWR01,nchar,4,,,YES
PRODDTA,F40318,24,QCSY,nchar,4,,,YES
PRODCTL,F0005,1,DRSY,nchar,4,,,NO
PRODDTA,F553012,2,ADUITM,nchar,26,,,NO
PRODDTA,F553012,6,ADLITM,nchar,25,,,YES
PRODDTA,F553012,10,ADAITM,nchar,25,,,YES
PRODDTA,F553012,13,ADDSC1,nchar,30,,,YES
PRODDTA,F5531,2,QZLITM,nchar,25,,,NO
PRODDTA,F5531,3,QZLOTN,nchar,30,,,NO
PRODDTA,F5531,5,QZQSPC,nchar,25,,,YES
PRODDTA,F5531,6,QZQTST,nchar,25,,,YES
PRODDTA,F5531,7,QZDSC1,nchar,30,,,YES
PRODDTA,F5531,8,QZDSC2,nchar,30,,,YES
PRODDTA,F5531,10,QZPMIN,nchar,15,,,YES
PRODDTA,F5531,11,QZPMAX,nchar,15,,,YES
PRODDTA,F5531,12,QZQTRG,nchar,15,,,YES
PRODDTA,F5531,13,QZ_1ACT,nchar,15,,,YES
PRODDTA,F554072,3,ADLITM,nchar,25,,,YES
PRODDTA,F554072,4,ADAITM,nchar,25,,,YES
PRODDTA,F554072,24,ADURRF,nchar,15,,,YES
PRODDTA,F554072,38,AD55EXPL,nchar,250,,,YES
PRODDTA,F554072,95,ADCTY1,nchar,25,,,YES
PRODDTA,F554072A,10,TR55EXPL,nchar,170,,,YES
PRODDTA,F4111_ARCH,3,ILLITM,nchar,25,,,YES
PRODDTA,F4111_ARCH,4,ILAITM,nchar,25,,,YES
PRODDTA,F4111_ARCH,6,ILLOCN,nchar,20,,,YES
PRODDTA,F4111_ARCH,7,ILLOTN,nchar,30,,,YES
PRODDTA,F554072L,4,LTLITM,nchar,25,,,NO
PRODDTA,F554072L,5,LTAA25,nchar,25,,,YES
PRODDTA,F4111,3,ILLITM,nchar,25,,,YES
PRODDTA,F4111,4,ILAITM,nchar,25,,,YES
PRODDTA,F4111,6,ILLOCN,nchar,20,,,YES
PRODDTA,F4111,7,ILLOTN,nchar,30,,,YES
PRODDTA,F5531_PRE_90,2,QZLITM,nchar,25,,,NO
PRODDTA,F5531_PRE_90,3,QZLOTN,nchar,30,,,NO
PRODDTA,F5531_PRE_90,5,QZQSPC,nchar,25,,,YES
PRODDTA,F5531_PRE_90,6,QZQTST,nchar,25,,,YES
PRODDTA,F5531_PRE_90,7,QZDSC1,nchar,30,,,YES
PRODDTA,F5531_PRE_90,8,QZDSC2,nchar,30,,,YES
PRODDTA,F5531_PRE_90,10,QZPMIN,nchar,15,,,YES
PRODDTA,F5531_PRE_90,11,QZPMAX,nchar,15,,,YES
PRODDTA,F5531_PRE_90,12,QZQTRG,nchar,15,,,YES
PRODDTA,F5531_PRE_90,13,QZ_1ACT,nchar,15,,,YES
PRODDTA,F5541006,2,IDLITM,nchar,25,,,YES
PRODDTA,F5541006,3,IDAITM,nchar,25,,,YES
PRODDTA,F5541006,5,IDLOTN,nchar,30,,,NO
PRODDTA,F5541006,14,IDVINV,nchar,25,,,NO
PRODDTA,F5541006,20,IDURRF,nchar,15,,,YES
PRODDTA,F554101A,2,IMLITM,nchar,25,,,YES
PRODDTA,F554101A,4,IMR74DL01,nchar,250,,,YES
PRODDTA,F554101A,6,IMURRF,nchar,15,,,YES
PRODDTA,F4100,2,LMLOCN,nchar,20,,,NO
PRODDTA,F554101T,2,IMLITM,nchar,25,,,YES
PRODDTA,F554101T,28,IMITCD01DS,nchar,30,,,YES
PRODDTA,F554101T,29,IMITCD02DS,nchar,30,,,YES
PRODDTA,F554101T,30,IMITCD03DS,nchar,30,,,YES
PRODDTA,F554101T,31,IMITCD04DS,nchar,30,,,YES
PRODDTA,F554101T,32,IMITCD05DS,nchar,30,,,YES
PRODDTA,F554101T,36,IMURRF,nchar,15,,,YES
PRODDTA,F554102,122,IT$RLITM,nchar,25,,,YES
PRODDTA,F554102,142,IT$SNM,nchar,40,,,YES
PRODDTA,F554102,143,IT$CNM,nchar,40,,,YES
PRODDTA,F554102,144,ITPH1,nchar,20,,,YES
PRODDTA,F554102,145,IT$MLOC,nchar,30,,,YES
PRODDTA,F554102,148,IT$PNM,nchar,40,,,YES
PRODDTA,F554102,160,ITURRF,nchar,15,,,YES
PRODDTA,F4101,2,IMLITM,nchar,25,,,YES
PRODDTA,F4101,3,IMAITM,nchar,25,,,YES
PRODDTA,F4101,182,IMAUOM,nchar,9,,,YES
PRODDTA,F5541021,3,LILOCN,nchar,20,,,NO
PRODDTA,F5541021,4,LILOTN,nchar,30,,,NO
PRODDTA,F5541021,30,LIURRF,nchar,15,,,YES
PRODDTA,F5541021,54,LICFGSID,nchar,32,,,YES
PRODDTA,F4102,2,IBLITM,nchar,25,,,YES
PRODDTA,F4102,3,IBAITM,nchar,25,,,YES
PRODDTA,F41021,3,LILOCN,nchar,20,,,NO
PRODDTA,F41021,4,LILOTN,nchar,30,,,NO
PRODDTA,F554102D,2,RMLITM,nchar,25,,,YES
PRODDTA,F554102D,3,RMDSC1,nchar,30,,,YES
PRODDTA,F554102D,17,RMURRF,nchar,15,,,YES
PRODDTA,F554102S,3,IBLITM,nchar,25,,,YES
PRODDTA,F4105,2,COLITM,nchar,25,,,YES
PRODDTA,F4105,3,COAITM,nchar,25,,,YES
PRODDTA,F4105,5,COLOCN,nchar,20,,,NO
PRODDTA,F4105,6,COLOTN,nchar,30,,,NO
PRODDTA,F554102T,2,IBLITM,nchar,25,,,YES
PRODDTA,F554102T,28,IBITCD01DS,nchar,30,,,YES
PRODDTA,F554102T,29,IBITCD02DS,nchar,30,,,YES
PRODDTA,F554102T,30,IBITCD03DS,nchar,30,,,YES
PRODDTA,F554102T,31,IBITCD04DS,nchar,30,,,YES
PRODDTA,F554102T,32,IBITCD05DS,nchar,30,,,YES
PRODDTA,F554102T,36,IBURRF,nchar,15,,,YES
PRODDTA,F554105,3,MRLITM,nchar,25,,,YES
PRODDTA,F554105,4,MRDSC1,nchar,30,,,YES
PRODDTA,F0050,7,MARMK,nchar,30,,,YES
PRODDTA,F01151,12,EAEFOR,nchar,15,,,YES
PRODDTA,F0012,6,KGDL01,nchar,30,,,YES
PRODDTA,F0012,7,KGDL02,nchar,30,,,YES
PRODDTA,F0012,8,KGDL03,nchar,30,,,YES
PRODDTA,F0012,9,KGDL04,nchar,30,,,YES
PRODDTA,F0012,10,KGDL05,nchar,30,,,YES
PRODDTA,F42003,8,REDESC,nchar,30,,,YES
PRODDTA,F56INMKT,2,SONADESC,nchar,100,,,YES
PRODDTA,F56INMKT,3,SONADESC2,nchar,100,,,YES
PRODDTA,F56INSEC,2,SONADESC,nchar,100,,,YES
PRODDTA,F56INSEC,3,SONADESC2,nchar,100,,,YES
PRODDTA,F56INSEG,2,SONADESC,nchar,100,,,YES
PRODDTA,F56INSEG,3,SONADESC2,nchar,100,,,YES
PRODDTA,F56MRMKT,2,SONADESC,nchar,100,,,YES
PRODDTA,F56MRMKT,3,SONADESC2,nchar,100,,,YES
PRODDTA,F56MRSEC,2,SONADESC,nchar,100,,,YES
PRODDTA,F56MRSEC,3,SONADESC2,nchar,100,,,YES
PRODDTA,F43199,33,OLVR01,nchar,25,,,YES
PRODDTA,F43199,34,OLVR02,nchar,25,,,YES
PRODDTA,F43199,36,OLLITM,nchar,25,,,YES
PRODDTA,F43199,37,OLAITM,nchar,25,,,YES
PRODDTA,F43199,38,OLLOCN,nchar,20,,,YES
PRODDTA,F43199,39,OLLOTN,nchar,30,,,YES
PRODDTA,F43199,44,OLDSC1,nchar,30,,,YES
PRODDTA,F43199,45,OLDSC2,nchar,30,,,YES
PRODDTA,F43199,92,OLCNID,nchar,20,,,YES
PRODDTA,F43199,93,OLCDCD,nchar,15,,,YES
PRODDTA,F43199,125,OLANI,nchar,29,,,YES
PRODDTA,F43199,132,OLASID,nchar,25,,,YES
PRODDTA,F43199,179,OLURRF,nchar,15,,,YES
PRODDTA,F43199,186,OLVR05,nchar,25,,,YES
PRODDTA,F43199,187,OLVR04,nchar,25,,,YES
PRODDTA,F43199,189,OLSHMT,nchar,15,,,YES
PRODDTA,F43199,214,OLCMDCDE,nchar,15,,,YES
PRODDTA,F43199,229,OLPMPN,nchar,30,,,YES
PRODDTA,F56MRSEG,2,SONADESC,nchar,100,,,YES
PRODDTA,F56MRSEG,3,SONADESC2,nchar,100,,,YES
PRODDTA,F554101,2,IMLITM,nchar,25,,,YES
PRODDTA,F554101,12,ROWID,nchar,18,,,NO
PRODDTA,F56NAICS,3,NAREGNDESC,nchar,40,,,YES
PRODDTA,F56NAICS,4,NAALPH,nchar,40,,,YES
PRODDTA,F56NAICS,6,NACUSMI,nchar,30,,,YES
PRODDTA,F56NAICS,7,NAAITM,nchar,25,,,NO
PRODDTA,F56NAICS,8,NADLMC,nchar,30,,,YES
PRODDTA,F56NAICS,11,NANAISEG,nchar,9,,,YES
PRODDTA,F56NAICS,15,NANAISOL,nchar,30,,,YES
PRODDTA,F56NAICS,20,NAAURST3,nchar,15,,,YES
PRODDTA,F56NAICS,23,NASTIND,nchar,50,,,YES
PRODDTA,F56NAICS,24,NAVEN,nchar,50,,,YES
PRODDTA,F00165,9,GDGTITNM,nchar,50,,,YES
PRODDTA,F00165,10,GDQUNAM,nchar,30,,,YES
PRODDTA,F00165,11,GDGTFILENM,nchar,254,,,YES
PRODDTA,F00165,14,GDGTFUTS3,nchar,50,,,YES
PRODDTA,F00165,15,GDGTFUTS4,nchar,50,,,YES
PRODDTA,F41061,4,CBLITM,nchar,25,,,YES
PRODDTA,F41061,5,CBAITM,nchar,25,,,YES
PRODDTA,F0909,3,ACDL01,nchar,30,,,YES
PRODDTA,F55SODOC,5,SHDL01,nchar,30,,,YES
PRODDTA,F55SODOC,6,SHDL02,nchar,30,,,YES
PRODDTA,F55SODOC,8,SHURRF,nchar,15,,,YES
PRODDTA,F4108,1,IOLOTN,nchar,30,,,NO
PRODDTA,F4108,6,IOLITM,nchar,25,,,YES
PRODDTA,F4108,7,IOAITM,nchar,25,,,YES
PRODDTA,F550001,1,SDLITM,nchar,25,,,NO
PRODDTA,F550001,2,SDLOTN,nchar,30,,,YES
PRODDTA,F1217,28,WRCMOD,nchar,25,,,YES
PRODDTA,F1217,29,WRSYEM,nchar,36,,,YES
PRODDTA,F1217,30,WRVINNU,nchar,30,,,YES
PRODDTA,F1217,31,WRREFN,nchar,30,,,YES
PRODDTA,F1217,46,WRURRF,nchar,15,,,YES
PRODDTA,F1217,53,WRLOTN,nchar,30,,,YES
PRODDTA,F1217,54,WRLOCN,nchar,20,,,YES
PRODDTA,F5501,2,QAQTST,nchar,25,,,NO
PRODDTA,F5501,3,QADS01,nchar,80,,,YES
PRODDTA,F5501,4,QADS02,nchar,80,,,YES
PRODDTA,F5501,6,QAPMIN,nchar,15,,,YES
PRODDTA,F5501,7,QAPMAX,nchar,15,,,YES
PRODDTA,F5501,8,QAQTRG,nchar,15,,,YES
PRODDTA,F4006,5,OAMLNM,nchar,40,,,YES
PRODDTA,F4006,6,OAADD1,nchar,40,,,YES
PRODDTA,F4006,7,OAADD2,nchar,40,,,YES
PRODDTA,F4006,8,OAADD3,nchar,40,,,YES
PRODDTA,F4006,9,OAADD4,nchar,40,,,YES
PRODDTA,F4006,11,OACTY1,nchar,25,,,YES
PRODDTA,F4006,12,OACOUN,nchar,25,,,YES
PRODDTA,F5503B01,16,WFCKNU,nchar,25,,,YES
PRODDTA,F5503B01,22,WFURRF,nchar,15,,,YES
PRODDTA,F550401,3,VAALPH,nchar,40,,,YES
PRODDTA,F550901,6,GMANS,nchar,25,,,YES
PRODDTA,F550901,7,GMANI,nchar,29,,,YES
PRODDTA,F550901,8,GMDL01,nchar,30,,,YES
PRODDTA,F550901,14,GM55ANS,nchar,25,,,YES
PRODDTA,F550901,15,GM55ANI,nchar,29,,,YES
PRODDTA,F550901,16,GM55DL01,nchar,30,,,YES
PRODDTA,F550901,20,GMURRF,nchar,15,,,YES
PRODDTA,F5511,2,QSQSPC,nchar,25,,,NO
PRODDTA,F5511,3,QSDESC,nchar,30,,,YES
PRODDTA,F30006,4,IWLOCN,nchar,20,,,YES
PRODDTA,F30006,33,IWURRF,nchar,15,,,YES
PRODDTA,F30006,53,IWCOLO,nchar,20,,,YES
PRODDTA,F5512,2,QDQSPC,nchar,25,,,NO
PRODDTA,F5512,4,QDQTST,nchar,25,,,YES
PRODDTA,F5512,5,QDDSC1,nchar,30,,,YES
PRODDTA,F5512,6,QDDSC2,nchar,30,,,YES
PRODDTA,F5512,8,QDPMIN,nchar,15,,,YES
PRODDTA,F5512,9,QDPMAX,nchar,15,,,YES
PRODDTA,F5512,10,QDQTRG,nchar,15,,,YES
PRODDTA,F5521,3,QILITM,nchar,25,,,NO
PRODDTA,F5521,4,QIQSPC,nchar,25,,,YES
PRODDTA,F5521,5,QIQTST,nchar,25,,,YES
PRODDTA,F5521,7,QIPMIN,nchar,15,,,YES
PRODDTA,F5521,8,QIPMAX,nchar,15,,,YES
PRODDTA,F5521,9,QIQTRG,nchar,15,,,YES
PRODDTA,F5521,17,QIDSC1,nchar,30,,,YES
PRODDTA,F5521,18,QIDSC2,nchar,30,,,YES
PRODDTA,F553002,2,AHUITM,nchar,26,,,NO
PRODDTA,F553002,8,AHDSC1,nchar,30,,,YES
PRODDTA,F3711,84,TRDERC,nvarchar,80,,,YES
PRODDTA,F3701,50,QADERC,nvarchar,80,,,YES
PRODDTA,F554072,39,ADRTYPE,nvarchar,5,,,YES
PRODDTA,F4111_ARCH,70,ILLPNU,nvarchar,40,,,YES
PRODDTA,F4111,70,ILLPNU,nvarchar,40,,,YES
PRODDTA,F42119_ARCH,246,SDSPATTN,nvarchar,50,,,YES
PRODDTA,F4211,246,SDSPATTN,nvarchar,50,,,YES
PRODDTA,F4095,2,MLCO,nvarchar,5,,,NO
PRODDTA,F4095,3,MLDCTO,nvarchar,2,,,NO
PRODDTA,F4095,4,MLDCT,nvarchar,2,,,NO
PRODDTA,F4095,5,MLGLPT,nvarchar,4,,,NO
PRODDTA,F4095,6,MLCOST,nvarchar,3,,,NO
PRODDTA,F4095,7,MLMCU,nvarchar,12,,,YES
PRODDTA,F4095,8,MLOBJ,nvarchar,6,,,YES
PRODDTA,F4095,9,MLSUB,nvarchar,8,,,YES
PRODDTA,F4211_ARCH,246,SDSPATTN,nvarchar,50,,,YES
PRODDTA,F42119,246,SDSPATTN,nvarchar,50,,,YES
PRODDTA,F4101,131,IMUPCN,nvarchar,13,,,YES
PRODDTA,F4101,132,IMSCC0,nvarchar,14,,,YES
PRODDTA,F4101,204,IMATPRN,nvarchar,80,,,YES
PRODDTA,F4102,171,IBATPRN,nvarchar,80,,,YES
PRODDTA,F41021,54,LICFGSID,nvarchar,32,,,YES
PRODDTA,F03B11,90,RPALPH,nvarchar,40,,,YES
PRODDTA,F03B11,93,RPCTL,nvarchar,13,,,YES
PRODDTA,F03B11,157,RPRMR1,nvarchar,50,,,YES
PRODDTA,F01151,5,EAEMAL,nvarchar,256,,,YES
PRODDTA,F4311,125,PDANI,nvarchar,29,,,YES
PRODDTA,F03B13,41,RYALPH,nvarchar,40,,,YES
PRODDTA,F03B13,71,RYDREG,nvarchar,13,,,YES
PRODDTA,F43121,48,PRANI,nvarchar,29,,,YES
PRODDTA,F43121,61,PRVANI,nvarchar,29,,,YES
PRODDTA,F43121,110,PRPLT,nvarchar,18,,,YES
PRODDTA,F43121,111,PRPAK,nvarchar,18,,,YES
PRODDTA,F43121,112,PRSCCN,nvarchar,14,,,YES
PRODDTA,F43121,115,PRUPCN,nvarchar,13,,,YES
PRODDTA,F43121,138,PRCTSN,nvarchar,40,,,YES
PRODDTA,F03B14,91,RZCTL,nvarchar,13,,,YES
PRODDTA,F0411,74,RPCTL,nvarchar,13,,,YES
PRODDTA,F00092,29,T3RMK3,nvarchar,50,,,YES
PRODDTA,F0010,3,CCALTC,nvarchar,40,,,YES
PRODDTA,F0010,53,CCSGBK,nvarchar,40,,,YES
PRODDTA,F42199,247,SLSPATTN,nvarchar,50,,,YES
PRODDTA,F0101,4,ABALPH,nvarchar,40,,,YES
PRODDTA,F0101,5,ABDC,nvarchar,40,,,YES
PRODDTA,F0101,66,ABALP1,nvarchar,40,,,YES
PRODDTA,F0101,81,ABDUNS,nvarchar,13,,,YES
PRODDTA,F0006,3,MCDC,nvarchar,40,,,YES
PRODDTA,F0116,4,ALADD1,nvarchar,40,,,YES
PRODDTA,F0116,5,ALADD2,nvarchar,40,,,YES
PRODDTA,F0116,6,ALADD3,nvarchar,40,,,YES
PRODDTA,F0116,7,ALADD4,nvarchar,40,,,YES
PRODDTA,F554101,6,IMTORG,nvarchar,10,,,YES
PRODDTA,F03B11_ARCH,90,RPALPH,nvarchar,40,,,YES
PRODDTA,F03B11_ARCH,93,RPCTL,nvarchar,13,,,YES
PRODDTA,F03B11_ARCH,157,RPRMR1,nvarchar,50,,,YES
PRODDTA,F0111,4,WWMLNM,nvarchar,40,,,YES
PRODDTA,F0111,5,WWATTL,nvarchar,40,,,YES
PRODDTA,F0111,6,WWREM1,nvarchar,40,,,YES
PRODDTA,F0111,7,WWSLNM,nvarchar,40,,,YES
PRODDTA,F0111,8,WWALPH,nvarchar,40,,,YES
PRODDTA,F0111,9,WWDC,nvarchar,40,,,YES
PRODDTA,F0111,24,WWMLN1,nvarchar,40,,,YES
PRODDTA,F0111,25,WWALP1,nvarchar,40,,,YES
PRODDTA,F0111,32,WWNICK,nvarchar,40,,,YES
PRODDTA,F0111,51,WWCFRGUID,nvarchar,36,,,YES
PRODDTA,F03012,172,AICFPP,nvarchar,18,,,YES
PRODDTA,F03012,173,AICFSP,nvarchar,18,,,YES
PRODDTA,F03B13_ARCH,41,RYALPH,nvarchar,40,,,YES
PRODDTA,F03B13_ARCH,71,RYDREG,nvarchar,13,,,YES
PRODDTA,F4801T,50,WAISSUE,nvarchar,80,,,YES
PRODDTA,F4801T,52,WAWHO2,nvarchar,40,,,YES
PRODDTA,F03B14_ARCH,91,RZCTL,nvarchar,13,,,YES
PRODDTA,F0411_ARCH,74,RPCTL,nvarchar,13,,,YES
PRODDTA,F4201,128,SHSDATTN,nvarchar,50,,,YES
PRODDTA,F4201,129,SHSPATTN,nvarchar,50,,,YES
PRODDTA,F42019,128,SHSDATTN,nvarchar,50,,,YES
PRODDTA,F42019,129,SHSPATTN,nvarchar,50,,,YES
PRODDTA,F3411,3,MMMCU,nvarchar,12,,,YES
PRODDTA,F3411,4,MMMMCU,nvarchar,12,,,YES
PRODDTA,F3411,5,MMMSGT,nvarchar,1,,,YES
PRODDTA,F3411,6,MMMSGA,nvarchar,1,,,YES
PRODDTA,F3411,7,MMHCLD,nvarchar,1,,,YES
PRODDTA,F3411,8,MMKCOO,nvarchar,5,,,YES
PRODDTA,F3411,10,MMDCTO,nvarchar,2,,,YES
PRODDTA,F3411,12,MMSFXO,nvarchar,3,,,YES
PRODDTA,F3411,22,MMUSER,nvarchar,10,,,YES
PRODDTA,F3411,23,MMJOBN,nvarchar,10,,,YES
PRODDTA,F3411,24,MMPID,nvarchar,10,,,YES
PRODDTA,F3411,27,MMLINE,nvarchar,12,,,YES
PRODDTA,F3411,30,MMOSTT,nvarchar,1,,,YES
PRODDTA,F00165,2,GDTXKY,nvarchar,254,,,NO
PRODDTA,F3412,2,MWMCU,nvarchar,12,,,YES
PRODDTA,F3412,6,MWMMCU,nvarchar,12,,,YES
PRODDTA,F3412,9,MWDCTO,nvarchar,2,,,YES
PRODDTA,F3412,10,MWRKCO,nvarchar,5,,,YES
PRODDTA,F3412,11,MWRORN,nvarchar,8,,,YES
PRODDTA,F3412,12,MWRCTO,nvarchar,2,,,YES
PRODDTA,F3413,2,MRMCU,nvarchar,12,,,NO
PRODDTA,F3413,3,MRQT,nvarchar,2,,,NO
PRODDTA,F4074_ARCH,38,ALADJCAL,nvarchar,80,,,YES
PRODDTA,F0911,14,GLANI,nvarchar,29,,,YES
PRODDTA,T_PRODUCTS,2,F_PRODUCT_NAME,nvarchar,2000,,,YES
PRODDTA,F4201_ARCH,128,SHSDATTN,nvarchar,50,,,YES
PRODDTA,F4201_ARCH,129,SHSPATTN,nvarchar,50,,,YES
PRODDTA,F42019_ARCH,128,SHSDATTN,nvarchar,50,,,YES
PRODDTA,F42019_ARCH,129,SHSPATTN,nvarchar,50,,,YES
PRODDTA,F4074,38,ALADJCAL,nvarchar,80,,,YES
PRODDTA,F1201,16,FADSCC,nvarchar,40,,,YES
PRODDTA,F4311_ARCH,125,PDANI,nvarchar,29,,,YES
PRODDTA,F4801T_ARCH,50,WAISSUE,nvarchar,80,,,YES
PRODDTA,F4801T_ARCH,52,WAWHO2,nvarchar,40,,,YES
PRODDTA,T_PROD_DATA,3,F_DATA,nvarchar,4000,,,YES
PRODDTA,T_PROD_COMP,4,F_CHEM_NAME,nvarchar,1000,,,YES
PRODDTA,T_PROD_COMP,5,F_TRADE_SECRET_CHEM_NAME,nvarchar,1000,,,YES
PRODDTA,T_COMP_DATA,4,F_DATA,nvarchar,4000,,,YES
PRODDTA,T_PDF_MSDS,8,F_PRODUCT_NAME,nvarchar,2000,,,YES
PRODDTA,T_PDF_MSDS,20,F_CUSTOM1,nvarchar,4000,,,YES
PRODDTA,T_PDF_MSDS,21,F_CUSTOM2,nvarchar,4000,,,YES
PRODDTA,T_PDF_MSDS,22,F_CUSTOM3,nvarchar,4000,,,YES
PRODDTA,T_PDF_MSDS,23,F_CUSTOM4,nvarchar,4000,,,YES
PRODDTA,T_PDF_MSDS,24,F_CUSTOM5,nvarchar,4000,,,YES
PRODDTA,F40318,69,QCDERC,nvarchar,80,,,YES
PRODDTA,F3711,10,TRLOCN,nvarchar,20,,,YES
PRODDTA,F42119_ARCH,36,SDLOCN,nvarchar,20,,,YES
PRODDTA,F42119_ARCH,123,SDCNID,nvarchar,20,,,YES
PRODDTA,F4211,36,SDLOCN,nvarchar,20,,,YES
PRODDTA,F4211,123,SDCNID,nvarchar,20,,,YES
PRODDTA,F4211_ARCH,36,SDLOCN,nvarchar,20,,,YES
PRODDTA,F4211_ARCH,123,SDCNID,nvarchar,20,,,YES
PRODDTA,F4100,38,LMSTGP,nvarchar,20,,,YES
PRODDTA,F4100,39,LMSTGK,nvarchar,20,,,YES
PRODDTA,F4100,40,LMSTGR,nvarchar,20,,,YES
PRODDTA,F42119,36,SDLOCN,nvarchar,20,,,YES
PRODDTA,F42119,123,SDCNID,nvarchar,20,,,YES
PRODDTA,F4101,35,IMDRAW,nvarchar,20,,,YES
PRODDTA,F4101,148,IMTMPL,nvarchar,20,,,YES
PRODDTA,F4101,208,IMVCPFC,nvarchar,20,,,YES
PRODDTA,F4102,175,IBVCPFC,nvarchar,20,,,YES
PRODDTA,F4104,27,IVCIRV,nvarchar,20,,,NO
PRODDTA,F4106,5,BPLOCN,nvarchar,20,,,NO
PRODDTA,F4301,35,PHTXCT,nvarchar,20,,,YES
PRODDTA,F4301,40,PHCNID,nvarchar,20,,,YES
PRODDTA,F4311,38,PDLOCN,nvarchar,20,,,YES
PRODDTA,F4311,92,PDCNID,nvarchar,20,,,YES
PRODDTA,F03B13,55,RYCBNK,nvarchar,20,,,YES
PRODDTA,F03B13,56,RYTNST,nvarchar,20,,,YES
PRODDTA,F43121,18,PRLOCN,nvarchar,20,,,YES
PRODDTA,F43121,23,PRCNID,nvarchar,20,,,YES
PRODDTA,F4801,16,WALOCN,nvarchar,20,,,YES
PRODDTA,F41001,80,CICLOC,nvarchar,20,,,YES
PRODDTA,F41001,81,CIXLOC,nvarchar,20,,,YES
PRODDTA,F0411,101,RPTNST,nvarchar,20,,,YES
PRODDTA,F0413,18,RMCBNK,nvarchar,20,,,YES
PRODDTA,F42199,36,SLLOCN,nvarchar,20,,,YES
PRODDTA,F42199,123,SLCNID,nvarchar,20,,,YES
PRODDTA,F0025,17,LHCH1,nvarchar,20,,,YES
PRODDTA,F0025,18,LHCH2,nvarchar,20,,,YES
PRODDTA,F0101,2,ABALKY,nvarchar,20,,,YES
PRODDTA,F0101,3,ABTAX,nvarchar,20,,,YES
PRODDTA,F0101,64,ABTXCT,nvarchar,20,,,YES
PRODDTA,F0101,65,ABTX2,nvarchar,20,,,YES
PRODDTA,F0115,7,WPPH1,nvarchar,20,,,YES
PRODDTA,F03B13_ARCH,55,RYCBNK,nvarchar,20,,,YES
PRODDTA,F03B13_ARCH,56,RYTNST,nvarchar,20,,,YES
PRODDTA,F4801T,22,WADRAW,nvarchar,20,,,YES
PRODDTA,F4801T,54,WAPHN1,nvarchar,20,,,YES
PRODDTA,F0411_ARCH,101,RPTNST,nvarchar,20,,,YES
PRODDTA,F4201,37,SHTXCT,nvarchar,20,,,YES
PRODDTA,F4201,53,SHCNID,nvarchar,20,,,YES
PRODDTA,F0413_ARCH,18,RMCBNK,nvarchar,20,,,YES
PRODDTA,F42019,37,SHTXCT,nvarchar,20,,,YES
PRODDTA,F42019,53,SHCNID,nvarchar,20,,,YES
PRODDTA,F3112_ARCH,79,WLLOCN,nvarchar,20,,,YES
PRODDTA,F3003,55,IRLOCN,nvarchar,20,,,YES
PRODDTA,F3112,79,WLLOCN,nvarchar,20,,,YES
PRODDTA,F4201_ARCH,37,SHTXCT,nvarchar,20,,,YES
PRODDTA,F4201_ARCH,53,SHCNID,nvarchar,20,,,YES
PRODDTA,F42019_ARCH,37,SHTXCT,nvarchar,20,,,YES
PRODDTA,F42019_ARCH,53,SHCNID,nvarchar,20,,,YES
PRODDTA,F4301_ARCH,35,PHTXCT,nvarchar,20,,,YES
PRODDTA,F4301_ARCH,40,PHCNID,nvarchar,20,,,YES
PRODDTA,F4311_ARCH,38,PDLOCN,nvarchar,20,,,YES
PRODDTA,F4311_ARCH,92,PDCNID,nvarchar,20,,,YES
PRODDTA,F41112,8,INLOCN,nvarchar,20,,,NO
PRODDTA,F4801_ARCH,16,WALOCN,nvarchar,20,,,YES
PRODDTA,F4801T_ARCH,22,WADRAW,nvarchar,20,,,YES
PRODDTA,F4801T_ARCH,54,WAPHN1,nvarchar,20,,,YES
PRODDTA,F30026,5,IELOCN,nvarchar,20,,,NO
PRODDTA,F3111_ARCH,33,WMLOCN,nvarchar,20,,,YES
PRODDTA,F3111,33,WMLOCN,nvarchar,20,,,YES
PRODDTA,F3711,22,TRQVAL,nvarchar,15,,,YES
PRODDTA,F3711,37,TRAMIN,nvarchar,15,,,YES
PRODDTA,F3711,38,TRAMAX,nvarchar,15,,,YES
PRODDTA,F3711,39,TRPMIN,nvarchar,15,,,YES
PRODDTA,F3711,40,TRPMAX,nvarchar,15,,,YES
PRODDTA,F3711,43,TRQTRG,nvarchar,15,,,YES
PRODDTA,F3711,88,TRURRF,nvarchar,15,,,YES
PRODDTA,F3711,103,TRFRMRSVAL,nvarchar,15,,,YES
PRODDTA,F3711,112,TRPRVQVAL,nvarchar,15,,,YES
PRODDTA,F3711,114,TRPRVRSNM,nvarchar,15,,,YES
PRODDTA,F3711,120,TRRNAMAX,nvarchar,15,,,YES
PRODDTA,F3711,121,TRRNAMIN,nvarchar,15,,,YES
PRODDTA,F3711,122,TRRNPMAX,nvarchar,15,,,YES
PRODDTA,F3711,123,TRRNPMIN,nvarchar,15,,,YES
PRODDTA,F3711,124,TRRNQTRG,nvarchar,15,,,YES
PRODDTA,F31122,45,WTURRF,nvarchar,15,,,YES
PRODDTA,F3701,15,QAAMIN,nvarchar,15,,,YES
PRODDTA,F3701,16,QAPMIN,nvarchar,15,,,YES
PRODDTA,F3701,17,QAAMAX,nvarchar,15,,,YES
PRODDTA,F3701,18,QAPMAX,nvarchar,15,,,YES
PRODDTA,F3701,19,QAQTRG,nvarchar,15,,,YES
PRODDTA,F3701,54,QAURRF,nvarchar,15,,,YES
PRODDTA,F31UI006,1,LSCTID,nvarchar,15,,,NO
PRODDTA,F42119_ARCH,184,SDURRF,nvarchar,15,,,YES
PRODDTA,F4211,184,SDURRF,nvarchar,15,,,YES
PRODDTA,F4211_ARCH,184,SDURRF,nvarchar,15,,,YES
PRODDTA,F4100,52,LMURRF,nvarchar,15,,,YES
PRODDTA,F42119,184,SDURRF,nvarchar,15,,,YES
PRODDTA,F4101,28,IMCDCD,nvarchar,15,,,YES
PRODDTA,F4101,125,IMURRF,nvarchar,15,,,YES
PRODDTA,F4102,25,IBCDCD,nvarchar,15,,,YES
PRODDTA,F4102,124,IBURRF,nvarchar,15,,,YES
PRODDTA,F41021,30,LIURRF,nvarchar,15,,,YES
PRODDTA,F4104,17,IVURRF,nvarchar,15,,,YES
PRODDTA,F4105,16,COURRF,nvarchar,15,,,YES
PRODDTA,F4106,26,BPURRF,nvarchar,15,,,YES
PRODDTA,F4301,78,PHURRF,nvarchar,15,,,YES
PRODDTA,F03B11,121,RPURRF,nvarchar,15,,,YES
PRODDTA,F4311,93,PDCDCD,nvarchar,15,,,YES
PRODDTA,F4311,179,PDURRF,nvarchar,15,,,YES
PRODDTA,F4311,213,PDCMDCDE,nvarchar,15,,,YES
PRODDTA,F4072,24,ADURRF,nvarchar,15,,,YES
PRODDTA,F03B13,76,RYURRF,nvarchar,15,,,YES
PRODDTA,F43121,98,PRURRF,nvarchar,15,,,YES
PRODDTA,F03B14,120,RZURRF,nvarchar,15,,,YES
PRODDTA,F4801,110,WAURRF,nvarchar,15,,,YES
PRODDTA,F0411,94,RPURRF,nvarchar,15,,,YES
PRODDTA,F42199,184,SLURRF,nvarchar,15,,,YES
PRODDTA,F0101,71,ABURRF,nvarchar,15,,,YES
PRODDTA,F0101,89,ABYEARSTAR,nvarchar,15,,,YES
PRODDTA,F0006,118,MCBPTP,nvarchar,15,,,YES
PRODDTA,F03B11_ARCH,121,RPURRF,nvarchar,15,,,YES
PRODDTA,F03012,131,AIURRF,nvarchar,15,,,YES
PRODDTA,F03B13_ARCH,76,RYURRF,nvarchar,15,,,YES
PRODDTA,F03B14_ARCH,120,RZURRF,nvarchar,15,,,YES
PRODDTA,F0411_ARCH,94,RPURRF,nvarchar,15,,,YES
PRODDTA,F4201,82,SHURRF,nvarchar,15,,,YES
PRODDTA,F0401,71,A6URRF,nvarchar,15,,,YES
PRODDTA,F42019,82,SHURRF,nvarchar,15,,,YES
PRODDTA,F3112_ARCH,72,WLURRF,nvarchar,15,,,YES
PRODDTA,F31122_ARCH,45,WTURRF,nvarchar,15,,,YES
PRODDTA,F42140,16,CMMKEY,nvarchar,15,,,YES
PRODDTA,F3003,47,IRURRF,nvarchar,15,,,YES
PRODDTA,F4074_ARCH,43,ALADJREF,nvarchar,15,,,YES
PRODDTA,F3112,72,WLURRF,nvarchar,15,,,YES
PRODDTA,F4201_ARCH,82,SHURRF,nvarchar,15,,,YES
PRODDTA,F42019_ARCH,82,SHURRF,nvarchar,15,,,YES
PRODDTA,F1114,10,C2FROM,nvarchar,15,,,YES
PRODDTA,F1114,11,C2THRU,nvarchar,15,,,YES
PRODDTA,F4074,43,ALADJREF,nvarchar,15,,,YES
PRODDTA,F4301_ARCH,78,PHURRF,nvarchar,15,,,YES
PRODDTA,F4311_ARCH,93,PDCDCD,nvarchar,15,,,YES
PRODDTA,F4311_ARCH,179,PDURRF,nvarchar,15,,,YES
PRODDTA,F4311_ARCH,213,PDCMDCDE,nvarchar,15,,,YES
PRODDTA,F4801_ARCH,110,WAURRF,nvarchar,15,,,YES
PRODDTA,F43090,50,PCURRF,nvarchar,15,,,YES
PRODDTA,F3002,66,IXURRF,nvarchar,15,,,YES
PRODDTA,F40072,8,GIURRF,nvarchar,15,,,YES
PRODDTA,F3111_ARCH,63,WMURRF,nvarchar,15,,,YES
PRODDTA,F31091,20,IQURRF,nvarchar,15,,,YES
PRODDTA,F40318,26,QCAMIN,nvarchar,15,,,YES
PRODDTA,F40318,27,QCAMAX,nvarchar,15,,,YES
PRODDTA,F40318,28,QCPMIN,nvarchar,15,,,YES
PRODDTA,F40318,29,QCPMAX,nvarchar,15,,,YES
PRODDTA,F40318,30,QCQTRG,nvarchar,15,,,YES
PRODDTA,F40318,60,QCURRF,nvarchar,15,,,YES
PRODDTA,F3111,63,WMURRF,nvarchar,15,,,YES
PRODDTA,F3701,1,QAQTST,nvarchar,25,,,NO
PRODDTA,F4104,7,IVCITM,nvarchar,25,,,NO
PRODDTA,F3711,16,TRQTST,nvarchar,25,,,YES
PRODDTA,F3711,18,TRQSPC,nvarchar,25,,,YES
PRODDTA,F31122,7,WTKITL,nvarchar,25,,,YES
PRODDTA,F31122,8,WTKITA,nvarchar,25,,,YES
PRODDTA,F31UI006,9,LSLITM,nvarchar,25,,,YES
PRODDTA,F3460,2,MFLITM,nvarchar,25,,,YES
PRODDTA,F3460,3,MFAITM,nvarchar,25,,,YES
PRODDTA,F4111_ARCH,50,ILASID,nvarchar,25,,,YES
PRODDTA,F4111,50,ILASID,nvarchar,25,,,YES
PRODDTA,F42119_ARCH,31,SDVR01,nvarchar,25,,,YES
PRODDTA,F42119_ARCH,32,SDVR02,nvarchar,25,,,YES
PRODDTA,F42119_ARCH,34,SDLITM,nvarchar,25,,,YES
PRODDTA,F42119_ARCH,35,SDAITM,nvarchar,25,,,YES
PRODDTA,F42119_ARCH,202,SDVR03,nvarchar,25,,,YES
PRODDTA,F4211,31,SDVR01,nvarchar,25,,,YES
PRODDTA,F4211,32,SDVR02,nvarchar,25,,,YES
PRODDTA,F4211,34,SDLITM,nvarchar,25,,,YES
PRODDTA,F4211,35,SDAITM,nvarchar,25,,,YES
PRODDTA,F4211,202,SDVR03,nvarchar,25,,,YES
PRODDTA,F4211_ARCH,31,SDVR01,nvarchar,25,,,YES
PRODDTA,F4211_ARCH,32,SDVR02,nvarchar,25,,,YES
PRODDTA,F4211_ARCH,34,SDLITM,nvarchar,25,,,YES
PRODDTA,F4211_ARCH,35,SDAITM,nvarchar,25,,,YES
PRODDTA,F4211_ARCH,202,SDVR03,nvarchar,25,,,YES
PRODDTA,F42119,31,SDVR01,nvarchar,25,,,YES
PRODDTA,F42119,32,SDVR02,nvarchar,25,,,YES
PRODDTA,F42119,34,SDLITM,nvarchar,25,,,YES
PRODDTA,F42119,35,SDAITM,nvarchar,25,,,YES
PRODDTA,F42119,202,SDVR03,nvarchar,25,,,YES
PRODDTA,F4104,11,IVLITM,nvarchar,25,,,YES
PRODDTA,F4104,12,IVAITM,nvarchar,25,,,YES
PRODDTA,F4106,2,BPLITM,nvarchar,25,,,YES
PRODDTA,F4106,3,BPAITM,nvarchar,25,,,YES
PRODDTA,F4301,23,PHVR01,nvarchar,25,,,YES
PRODDTA,F4301,24,PHVR02,nvarchar,25,,,YES
PRODDTA,F03B11,74,RPVINV,nvarchar,25,,,YES
PRODDTA,F03B11,86,RPVR01,nvarchar,25,,,YES
PRODDTA,F4311,33,PDVR01,nvarchar,25,,,YES
PRODDTA,F4311,34,PDVR02,nvarchar,25,,,YES
PRODDTA,F4311,36,PDLITM,nvarchar,25,,,YES
PRODDTA,F4311,37,PDAITM,nvarchar,25,,,YES
PRODDTA,F4311,132,PDASID,nvarchar,25,,,YES
PRODDTA,F4311,186,PDVR05,nvarchar,25,,,YES
PRODDTA,F4311,187,PDVR04,nvarchar,25,,,YES
PRODDTA,F4311,207,PDVR03,nvarchar,25,,,YES
PRODDTA,F4072,3,ADLITM,nvarchar,25,,,YES
PRODDTA,F4072,4,ADAITM,nvarchar,25,,,YES
PRODDTA,F03B13,2,RYCKNU,nvarchar,25,,,YES
PRODDTA,F03B13,68,RYRREF,nvarchar,25,,,YES
PRODDTA,F43121,15,PRLITM,nvarchar,25,,,YES
PRODDTA,F43121,16,PRAITM,nvarchar,25,,,YES
PRODDTA,F43121,32,PRVINV,nvarchar,25,,,YES
PRODDTA,F43121,52,PRASID,nvarchar,25,,,YES
PRODDTA,F43121,119,PRVR01,nvarchar,25,,,YES
PRODDTA,F43121,120,PRVR02,nvarchar,25,,,YES
PRODDTA,F43121,128,PRVR04,nvarchar,25,,,YES
PRODDTA,F43121,129,PRVR05,nvarchar,25,,,YES
PRODDTA,F43121,136,PRVR03,nvarchar,25,,,YES
PRODDTA,F03B14,3,RZCKNU,nvarchar,25,,,YES
PRODDTA,F03B14,104,RZVR01,nvarchar,25,,,YES
PRODDTA,F4801,47,WAVR01,nvarchar,25,,,YES
PRODDTA,F4801,48,WAVR02,nvarchar,25,,,YES
PRODDTA,F4801,59,WAAITM,nvarchar,25,,,YES
PRODDTA,F4801,60,WALITM,nvarchar,25,,,YES
PRODDTA,F0411,61,RPVINV,nvarchar,25,,,YES
PRODDTA,F0411,68,RPVR01,nvarchar,25,,,YES
PRODDTA,F0411,124,RPGEN4,nvarchar,25,,,YES
PRODDTA,F0411,125,RPGEN5,nvarchar,25,,,YES
PRODDTA,F0413,33,RMGEN6,nvarchar,25,,,YES
PRODDTA,F0413,34,RMGEN7,nvarchar,25,,,YES
PRODDTA,F0414,42,RNGEN6,nvarchar,25,,,YES
PRODDTA,F0414,43,RNGEN7,nvarchar,25,,,YES
PRODDTA,F42199,31,SLVR01,nvarchar,25,,,YES
PRODDTA,F42199,32,SLVR02,nvarchar,25,,,YES
PRODDTA,F42199,34,SLLITM,nvarchar,25,,,YES
PRODDTA,F42199,35,SLAITM,nvarchar,25,,,YES
PRODDTA,F42199,202,SLVR03,nvarchar,25,,,YES
PRODDTA,F5542UOM,3,IBLITM,nvarchar,25,,,YES
PRODDTA,F0116,9,ALCTY1,nvarchar,25,,,YES
PRODDTA,F0116,10,ALCOUN,nvarchar,25,,,YES
PRODDTA,F554101,3,IMBULK,nvarchar,25,,,YES
PRODDTA,F554101,4,IMGBLK,nvarchar,25,,,YES
PRODDTA,F03B11_ARCH,74,RPVINV,nvarchar,25,,,YES
PRODDTA,F03B11_ARCH,86,RPVR01,nvarchar,25,,,YES
PRODDTA,F0111,10,WWGNNM,nvarchar,25,,,YES
PRODDTA,F0111,11,WWMDNM,nvarchar,25,,,YES
PRODDTA,F0111,12,WWSRNM,nvarchar,25,,,YES
PRODDTA,F03B13_ARCH,2,RYCKNU,nvarchar,25,,,YES
PRODDTA,F03B13_ARCH,68,RYRREF,nvarchar,25,,,YES
PRODDTA,F4801T,13,WAASID,nvarchar,25,,,YES
PRODDTA,F03B14_ARCH,3,RZCKNU,nvarchar,25,,,YES
PRODDTA,F03B14_ARCH,104,RZVR01,nvarchar,25,,,YES
PRODDTA,F0411_ARCH,61,RPVINV,nvarchar,25,,,YES
PRODDTA,F0411_ARCH,68,RPVR01,nvarchar,25,,,YES
PRODDTA,F0411_ARCH,124,RPGEN4,nvarchar,25,,,YES
PRODDTA,F0411_ARCH,125,RPGEN5,nvarchar,25,,,YES
PRODDTA,F4201,24,SHVR01,nvarchar,25,,,YES
PRODDTA,F4201,25,SHVR02,nvarchar,25,,,YES
PRODDTA,F4201,66,SHCACT,nvarchar,25,,,YES
PRODDTA,F4201,93,SHVR03,nvarchar,25,,,YES
PRODDTA,F0413_ARCH,33,RMGEN6,nvarchar,25,,,YES
PRODDTA,F0413_ARCH,34,RMGEN7,nvarchar,25,,,YES
PRODDTA,F0414_ARCH,42,RNGEN6,nvarchar,25,,,YES
PRODDTA,F0414_ARCH,43,RNGEN7,nvarchar,25,,,YES
PRODDTA,F42019,24,SHVR01,nvarchar,25,,,YES
PRODDTA,F42019,25,SHVR02,nvarchar,25,,,YES
PRODDTA,F42019,66,SHCACT,nvarchar,25,,,YES
PRODDTA,F42019,93,SHVR03,nvarchar,25,,,YES
PRODDTA,F3112_ARCH,6,WLKITL,nvarchar,25,,,YES
PRODDTA,F3112_ARCH,7,WLKITA,nvarchar,25,,,YES
PRODDTA,F31122_ARCH,7,WTKITL,nvarchar,25,,,YES
PRODDTA,F31122_ARCH,8,WTKITA,nvarchar,25,,,YES
PRODDTA,F0901,6,GMANS,nvarchar,25,,,YES
PRODDTA,F3003,3,IRKITL,nvarchar,25,,,YES
PRODDTA,F3003,4,IRKITA,nvarchar,25,,,YES
PRODDTA,F0911,52,GLASID,nvarchar,25,,,YES
PRODDTA,F0911,79,GLVINV,nvarchar,25,,,YES
PRODDTA,F0911,94,GLALID,nvarchar,25,,,YES
PRODDTA,F0911,134,GLCKNU,nvarchar,25,,,YES
PRODDTA,F3112,6,WLKITL,nvarchar,25,,,YES
PRODDTA,F3112,7,WLKITA,nvarchar,25,,,YES
PRODDTA,F4201_ARCH,24,SHVR01,nvarchar,25,,,YES
PRODDTA,F4201_ARCH,25,SHVR02,nvarchar,25,,,YES
PRODDTA,F4201_ARCH,66,SHCACT,nvarchar,25,,,YES
PRODDTA,F4201_ARCH,93,SHVR03,nvarchar,25,,,YES
PRODDTA,F42019_ARCH,24,SHVR01,nvarchar,25,,,YES
PRODDTA,F42019_ARCH,25,SHVR02,nvarchar,25,,,YES
PRODDTA,F42019_ARCH,66,SHCACT,nvarchar,25,,,YES
PRODDTA,F42019_ARCH,93,SHVR03,nvarchar,25,,,YES
PRODDTA,F1201,5,FAASID,nvarchar,25,,,YES
PRODDTA,F1201,53,FAINSP,nvarchar,25,,,YES
PRODDTA,F1201,54,FAINSC,nvarchar,25,,,YES
PRODDTA,F1201,81,FAKITL,nvarchar,25,,,YES
PRODDTA,F4301_ARCH,23,PHVR01,nvarchar,25,,,YES
PRODDTA,F4301_ARCH,24,PHVR02,nvarchar,25,,,YES
PRODDTA,F4311_ARCH,33,PDVR01,nvarchar,25,,,YES
PRODDTA,F4311_ARCH,34,PDVR02,nvarchar,25,,,YES
PRODDTA,F4311_ARCH,36,PDLITM,nvarchar,25,,,YES
PRODDTA,F4311_ARCH,37,PDAITM,nvarchar,25,,,YES
PRODDTA,F4311_ARCH,132,PDASID,nvarchar,25,,,YES
PRODDTA,F4311_ARCH,186,PDVR05,nvarchar,25,,,YES
PRODDTA,F4311_ARCH,187,PDVR04,nvarchar,25,,,YES
PRODDTA,F4311_ARCH,207,PDVR03,nvarchar,25,,,YES
PRODDTA,F41112,5,INLITM,nvarchar,25,,,YES
PRODDTA,F41112,6,INAITM,nvarchar,25,,,YES
PRODDTA,F4801_ARCH,47,WAVR01,nvarchar,25,,,YES
PRODDTA,F4801_ARCH,48,WAVR02,nvarchar,25,,,YES
PRODDTA,F4801_ARCH,59,WAAITM,nvarchar,25,,,YES
PRODDTA,F4801_ARCH,60,WALITM,nvarchar,25,,,YES
PRODDTA,F4801T_ARCH,13,WAASID,nvarchar,25,,,YES
PRODDTA,F43090,3,PCLITM,nvarchar,25,,,YES
PRODDTA,F43090,4,PCAITM,nvarchar,25,,,YES
PRODDTA,F3002,3,IXKITL,nvarchar,25,,,YES
PRODDTA,F3002,4,IXKITA,nvarchar,25,,,YES
PRODDTA,F3002,7,IXLITM,nvarchar,25,,,YES
PRODDTA,F3002,8,IXAITM,nvarchar,25,,,YES
PRODDTA,F3002,20,IXFSER,nvarchar,25,,,YES
PRODDTA,F3002,21,IXTSER,nvarchar,25,,,YES
PRODDTA,F3102_ARCH,5,IGLITM,nvarchar,25,,,YES
PRODDTA,F3102_ARCH,6,IGAITM,nvarchar,25,,,YES
PRODDTA,F30026,2,IELITM,nvarchar,25,,,YES
PRODDTA,F30026,3,IEAITM,nvarchar,25,,,YES
PRODDTA,F3102,5,IGLITM,nvarchar,25,,,YES
PRODDTA,F3102,6,IGAITM,nvarchar,25,,,YES
PRODDTA,F3111_ARCH,28,WMCPIL,nvarchar,25,,,YES
PRODDTA,F3111_ARCH,29,WMCPIA,nvarchar,25,,,YES
PRODDTA,F31091,2,IQLITM,nvarchar,25,,,YES
PRODDTA,F31091,3,IQAITM,nvarchar,25,,,YES
PRODDTA,F40318,19,QCQTST,nvarchar,25,,,YES
PRODDTA,F3111,28,WMCPIL,nvarchar,25,,,YES
PRODDTA,F3111,29,WMCPIA,nvarchar,25,,,YES
PRODCTL,F0005,4,DRDL01,nvarchar,30,,,YES
PRODCTL,F0005,5,DRDL02,nvarchar,30,,,YES
PRODDTA,F4106,6,BPLOTN,nvarchar,30,,,NO
PRODDTA,F41112,9,INLOTN,nvarchar,30,,,NO
PRODDTA,F30026,6,IELOTN,nvarchar,30,,,NO
PRODDTA,F3711,11,TRLOTN,nvarchar,30,,,YES
PRODDTA,F3711,74,TRTMHD,nvarchar,30,,,YES
PRODDTA,F3711,77,TRASTM,nvarchar,30,,,YES
PRODDTA,F3711,95,TRWLOTN,nvarchar,30,,,YES
PRODDTA,F3711,100,TRTSTRSNM,nvarchar,30,,,YES
PRODDTA,F3711,102,TRRSCONVID,nvarchar,30,,,YES
PRODDTA,F3711,105,TRQMRF3,nvarchar,30,,,YES
PRODDTA,F3711,130,TRWVNUM,nvarchar,30,,,YES
PRODDTA,F31122,14,WTEXR,nvarchar,30,,,YES
PRODDTA,F3701,7,QADSC1,nvarchar,30,,,YES
PRODDTA,F3701,14,QAASTM,nvarchar,30,,,YES
PRODDTA,F3701,36,QATMHD,nvarchar,30,,,YES
PRODDTA,F3701,63,QATSTRSNM,nvarchar,30,,,YES
PRODDTA,F3701,64,QARSCONVID,nvarchar,30,,,YES
PRODDTA,F3701,68,QAQMRF1,nvarchar,30,,,YES
PRODDTA,F3460,21,MFPMPN,nvarchar,30,,,YES
PRODDTA,F4111_ARCH,8,ILPLOT,nvarchar,30,,,YES
PRODDTA,F4111_ARCH,37,ILTREX,nvarchar,30,,,YES
PRODDTA,F4111_ARCH,69,ILRLOT,nvarchar,30,,,YES
PRODDTA,F4111_ARCH,71,ILPMPN,nvarchar,30,,,YES
PRODDTA,F40205,2,LFLNDS,nvarchar,30,,,YES
PRODDTA,F40205,3,LFLND2,nvarchar,30,,,YES
PRODDTA,F4111,8,ILPLOT,nvarchar,30,,,YES
PRODDTA,F4111,37,ILTREX,nvarchar,30,,,YES
PRODDTA,F4111,69,ILRLOT,nvarchar,30,,,YES
PRODDTA,F4111,71,ILPMPN,nvarchar,30,,,YES
PRODDTA,F42119_ARCH,37,SDLOTN,nvarchar,30,,,YES
PRODDTA,F42119_ARCH,43,SDDSC1,nvarchar,30,,,YES
PRODDTA,F42119_ARCH,44,SDDSC2,nvarchar,30,,,YES
PRODDTA,F42119_ARCH,127,SDSERN,nvarchar,30,,,YES
PRODDTA,F42119_ARCH,196,SDIR01,nvarchar,30,,,YES
PRODDTA,F42119_ARCH,197,SDIR02,nvarchar,30,,,YES
PRODDTA,F42119_ARCH,198,SDIR03,nvarchar,30,,,YES
PRODDTA,F42119_ARCH,199,SDIR04,nvarchar,30,,,YES
PRODDTA,F42119_ARCH,200,SDIR05,nvarchar,30,,,YES
PRODDTA,F42119_ARCH,204,SDPSIG,nvarchar,30,,,YES
PRODDTA,F42119_ARCH,254,SDCATNM,nvarchar,30,,,YES
PRODDTA,F42119_ARCH,257,SDALLSTS,nvarchar,30,,,YES
PRODDTA,F42119_ARCH,267,SDPMPN,nvarchar,30,,,YES
PRODDTA,F4211,37,SDLOTN,nvarchar,30,,,YES
PRODDTA,F4211,43,SDDSC1,nvarchar,30,,,YES
PRODDTA,F4211,44,SDDSC2,nvarchar,30,,,YES
PRODDTA,F4211,127,SDSERN,nvarchar,30,,,YES
PRODDTA,F4211,196,SDIR01,nvarchar,30,,,YES
PRODDTA,F4211,197,SDIR02,nvarchar,30,,,YES
PRODDTA,F4211,198,SDIR03,nvarchar,30,,,YES
PRODDTA,F4211,199,SDIR04,nvarchar,30,,,YES
PRODDTA,F4211,200,SDIR05,nvarchar,30,,,YES
PRODDTA,F4211,204,SDPSIG,nvarchar,30,,,YES
PRODDTA,F4211,254,SDCATNM,nvarchar,30,,,YES
PRODDTA,F4211,257,SDALLSTS,nvarchar,30,,,YES
PRODDTA,F4211,267,SDPMPN,nvarchar,30,,,YES
PRODDTA,F4211_ARCH,37,SDLOTN,nvarchar,30,,,YES
PRODDTA,F4211_ARCH,43,SDDSC1,nvarchar,30,,,YES
PRODDTA,F4211_ARCH,44,SDDSC2,nvarchar,30,,,YES
PRODDTA,F4211_ARCH,127,SDSERN,nvarchar,30,,,YES
PRODDTA,F4211_ARCH,196,SDIR01,nvarchar,30,,,YES
PRODDTA,F4211_ARCH,197,SDIR02,nvarchar,30,,,YES
PRODDTA,F4211_ARCH,198,SDIR03,nvarchar,30,,,YES
PRODDTA,F4211_ARCH,199,SDIR04,nvarchar,30,,,YES
PRODDTA,F4211_ARCH,200,SDIR05,nvarchar,30,,,YES
PRODDTA,F4211_ARCH,204,SDPSIG,nvarchar,30,,,YES
PRODDTA,F4211_ARCH,254,SDCATNM,nvarchar,30,,,YES
PRODDTA,F4211_ARCH,257,SDALLSTS,nvarchar,30,,,YES
PRODDTA,F4211_ARCH,267,SDPMPN,nvarchar,30,,,YES
PRODDTA,F42119,37,SDLOTN,nvarchar,30,,,YES
PRODDTA,F42119,43,SDDSC1,nvarchar,30,,,YES
PRODDTA,F42119,44,SDDSC2,nvarchar,30,,,YES
PRODDTA,F42119,127,SDSERN,nvarchar,30,,,YES
PRODDTA,F42119,196,SDIR01,nvarchar,30,,,YES
PRODDTA,F42119,197,SDIR02,nvarchar,30,,,YES
PRODDTA,F42119,198,SDIR03,nvarchar,30,,,YES
PRODDTA,F42119,199,SDIR04,nvarchar,30,,,YES
PRODDTA,F42119,200,SDIR05,nvarchar,30,,,YES
PRODDTA,F42119,204,SDPSIG,nvarchar,30,,,YES
PRODDTA,F42119,254,SDCATNM,nvarchar,30,,,YES
PRODDTA,F42119,257,SDALLSTS,nvarchar,30,,,YES
PRODDTA,F42119,267,SDPMPN,nvarchar,30,,,YES
PRODDTA,F4101,4,IMDSC1,nvarchar,30,,,YES
PRODDTA,F4101,5,IMDSC2,nvarchar,30,,,YES
PRODDTA,F4101,6,IMSRTX,nvarchar,30,,,YES
PRODDTA,F4101,7,IMALN,nvarchar,30,,,YES
PRODDTA,F4104,8,IVDSC1,nvarchar,30,,,YES
PRODDTA,F4104,9,IVDSC2,nvarchar,30,,,YES
PRODDTA,F4104,10,IVALN,nvarchar,30,,,YES
PRODDTA,F4301,25,PHDEL1,nvarchar,30,,,YES
PRODDTA,F4301,26,PHDEL2,nvarchar,30,,,YES
PRODDTA,F4301,27,PHRMK,nvarchar,30,,,YES
PRODDTA,F4301,28,PHDESC,nvarchar,30,,,YES
PRODDTA,F4301,119,PHPOHP13,nvarchar,30,,,YES
PRODDTA,F03B11,89,RPRMK,nvarchar,30,,,YES
PRODDTA,F03B112,25,RWRMK,nvarchar,30,,,YES
PRODDTA,F4311,39,PDLOTN,nvarchar,30,,,YES
PRODDTA,F4311,44,PDDSC1,nvarchar,30,,,YES
PRODDTA,F4311,45,PDDSC2,nvarchar,30,,,YES
PRODDTA,F4311,227,PDPMPN,nvarchar,30,,,YES
PRODDTA,F03B13,37,RYEXR,nvarchar,30,,,YES
PRODDTA,F43121,19,PRLOTN,nvarchar,30,,,YES
PRODDTA,F43121,22,PRVRMK,nvarchar,30,,,YES
PRODDTA,F43121,162,PRPMPN,nvarchar,30,,,YES
PRODDTA,F40721,8,PVGENSTR,nvarchar,30,,,YES
PRODDTA,F03B14,77,RZRMK,nvarchar,30,,,YES
PRODDTA,F4801,11,WADL01,nvarchar,30,,,YES
PRODDTA,F4801,12,WASTCM,nvarchar,30,,,YES
PRODDTA,F4801,89,WALOTN,nvarchar,30,,,YES
PRODDTA,F0411,71,RPRMK,nvarchar,30,,,YES
PRODDTA,F00092,18,T3RMK,nvarchar,30,,,YES
PRODDTA,F00092,19,T3RMK2,nvarchar,30,,,YES
PRODDTA,F0010,2,CCNAME,nvarchar,30,,,YES
PRODDTA,F4217,5,XIREFN,nvarchar,30,,,YES
PRODDTA,F0414,29,RNRMK,nvarchar,30,,,YES
PRODDTA,F42199,37,SLLOTN,nvarchar,30,,,YES
PRODDTA,F42199,43,SLDSC1,nvarchar,30,,,YES
PRODDTA,F42199,44,SLDSC2,nvarchar,30,,,YES
PRODDTA,F42199,127,SLSERN,nvarchar,30,,,YES
PRODDTA,F42199,196,SLIR01,nvarchar,30,,,YES
PRODDTA,F42199,197,SLIR02,nvarchar,30,,,YES
PRODDTA,F42199,198,SLIR03,nvarchar,30,,,YES
PRODDTA,F42199,199,SLIR04,nvarchar,30,,,YES
PRODDTA,F42199,200,SLIR05,nvarchar,30,,,YES
PRODDTA,F42199,204,SLPSIG,nvarchar,30,,,YES
PRODDTA,F42199,254,SLCATNM,nvarchar,30,,,YES
PRODDTA,F42199,257,SLALLSTS,nvarchar,30,,,YES
PRODDTA,F42199,267,SLPMPN,nvarchar,30,,,YES
PRODDTA,F0013,2,CVDL01,nvarchar,30,,,YES
PRODDTA,F0014,2,PNPTD,nvarchar,30,,,YES
PRODDTA,F0025,2,LHDL01,nvarchar,30,,,YES
PRODDTA,F0101,63,ABRMK,nvarchar,30,,,YES
PRODDTA,F0006,11,MCDL01,nvarchar,30,,,YES
PRODDTA,F0006,12,MCDL02,nvarchar,30,,,YES
PRODDTA,F0006,13,MCDL03,nvarchar,30,,,YES
PRODDTA,F0006,14,MCDL04,nvarchar,30,,,YES
PRODDTA,F0150,7,MARMK,nvarchar,30,,,YES
PRODDTA,F03B11_ARCH,89,RPRMK,nvarchar,30,,,YES
PRODDTA,F03012,90,AIDEL1,nvarchar,30,,,YES
PRODDTA,F03012,91,AIDEL2,nvarchar,30,,,YES
PRODDTA,F03012,198,AIOPBO,nvarchar,30,,,YES
PRODDTA,F03B13_ARCH,37,RYEXR,nvarchar,30,,,YES
PRODDTA,F4801T,77,WARLOT,nvarchar,30,,,YES
PRODDTA,F03B14_ARCH,77,RZRMK,nvarchar,30,,,YES
PRODDTA,F0411_ARCH,71,RPRMK,nvarchar,30,,,YES
PRODDTA,F4201,26,SHDEL1,nvarchar,30,,,YES
PRODDTA,F4201,27,SHDEL2,nvarchar,30,,,YES
PRODDTA,F4201,88,SHIR01,nvarchar,30,,,YES
PRODDTA,F4201,89,SHIR02,nvarchar,30,,,YES
PRODDTA,F4201,90,SHIR03,nvarchar,30,,,YES
PRODDTA,F4201,91,SHIR04,nvarchar,30,,,YES
PRODDTA,F4201,92,SHIR05,nvarchar,30,,,YES
PRODDTA,F4201,115,SHOPBO,nvarchar,30,,,YES
PRODDTA,F4201,120,SHOPPS,nvarchar,30,,,YES
PRODDTA,F0401,43,A6DEL1,nvarchar,30,,,YES
PRODDTA,F0401,44,A6DEL2,nvarchar,30,,,YES
PRODDTA,F0414_ARCH,29,RNRMK,nvarchar,30,,,YES
PRODDTA,F42019,26,SHDEL1,nvarchar,30,,,YES
PRODDTA,F42019,27,SHDEL2,nvarchar,30,,,YES
PRODDTA,F42019,88,SHIR01,nvarchar,30,,,YES
PRODDTA,F42019,89,SHIR02,nvarchar,30,,,YES
PRODDTA,F42019,90,SHIR03,nvarchar,30,,,YES
PRODDTA,F42019,91,SHIR04,nvarchar,30,,,YES
PRODDTA,F42019,92,SHIR05,nvarchar,30,,,YES
PRODDTA,F42019,115,SHOPBO,nvarchar,30,,,YES
PRODDTA,F42019,120,SHOPPS,nvarchar,30,,,YES
PRODDTA,F3411,13,MMDSC1,nvarchar,30,,,YES
PRODDTA,F3411,31,MMLOTN,nvarchar,30,,,YES
PRODDTA,F3411,33,MMPMPN,nvarchar,30,,,YES
PRODDTA,F3112_ARCH,12,WLDSC1,nvarchar,30,,,YES
PRODDTA,F31122_ARCH,14,WTEXR,nvarchar,30,,,YES
PRODDTA,F0901,7,GMDL01,nvarchar,30,,,YES
PRODDTA,F3003,7,IRDSC1,nvarchar,30,,,YES
PRODDTA,F4074_ARCH,70,ALTSTRSNM,nvarchar,30,,,YES
PRODDTA,F0911,36,GLEXA,nvarchar,30,,,YES
PRODDTA,F0911,37,GLEXR,nvarchar,30,,,YES
PRODDTA,F3112,12,WLDSC1,nvarchar,30,,,YES
PRODDTA,F4201_ARCH,26,SHDEL1,nvarchar,30,,,YES
PRODDTA,F4201_ARCH,27,SHDEL2,nvarchar,30,,,YES
PRODDTA,F4201_ARCH,88,SHIR01,nvarchar,30,,,YES
PRODDTA,F4201_ARCH,89,SHIR02,nvarchar,30,,,YES
PRODDTA,F4201_ARCH,90,SHIR03,nvarchar,30,,,YES
PRODDTA,F4201_ARCH,91,SHIR04,nvarchar,30,,,YES
PRODDTA,F4201_ARCH,92,SHIR05,nvarchar,30,,,YES
PRODDTA,F4201_ARCH,115,SHOPBO,nvarchar,30,,,YES
PRODDTA,F4201_ARCH,120,SHOPPS,nvarchar,30,,,YES
PRODDTA,F42019_ARCH,26,SHDEL1,nvarchar,30,,,YES
PRODDTA,F42019_ARCH,27,SHDEL2,nvarchar,30,,,YES
PRODDTA,F42019_ARCH,88,SHIR01,nvarchar,30,,,YES
PRODDTA,F42019_ARCH,89,SHIR02,nvarchar,30,,,YES
PRODDTA,F42019_ARCH,90,SHIR03,nvarchar,30,,,YES
PRODDTA,F42019_ARCH,91,SHIR04,nvarchar,30,,,YES
PRODDTA,F42019_ARCH,92,SHIR05,nvarchar,30,,,YES
PRODDTA,F42019_ARCH,115,SHOPBO,nvarchar,30,,,YES
PRODDTA,F42019_ARCH,120,SHOPPS,nvarchar,30,,,YES
PRODDTA,F1114,16,C2EXA,nvarchar,30,,,YES
PRODDTA,F4074,70,ALTSTRSNM,nvarchar,30,,,YES
PRODDTA,F4108,2,IOLDSC,nvarchar,30,,,YES
PRODDTA,F4108,12,IORLOT,nvarchar,30,,,YES
PRODDTA,F4108,16,IOSERN,nvarchar,30,,,YES
PRODDTA,F4108,44,IOLOT1,nvarchar,30,,,YES
PRODDTA,F4108,45,IOLOT2,nvarchar,30,,,YES
PRODDTA,F4108,46,IOLOT3,nvarchar,30,,,YES
PRODDTA,F1201,13,FADL01,nvarchar,30,,,YES
PRODDTA,F1201,14,FADL02,nvarchar,30,,,YES
PRODDTA,F1201,15,FADL03,nvarchar,30,,,YES
PRODDTA,F1201,51,FARMK,nvarchar,30,,,YES
PRODDTA,F1201,52,FARMK2,nvarchar,30,,,YES
PRODDTA,F1201,67,FAEX,nvarchar,30,,,YES
PRODDTA,F1201,68,FAEXR,nvarchar,30,,,YES
PRODDTA,F4301_ARCH,25,PHDEL1,nvarchar,30,,,YES
PRODDTA,F4301_ARCH,26,PHDEL2,nvarchar,30,,,YES
PRODDTA,F4301_ARCH,27,PHRMK,nvarchar,30,,,YES
PRODDTA,F4301_ARCH,28,PHDESC,nvarchar,30,,,YES
PRODDTA,F4301_ARCH,119,PHPOHP13,nvarchar,30,,,YES
PRODDTA,F4311_ARCH,39,PDLOTN,nvarchar,30,,,YES
PRODDTA,F4311_ARCH,44,PDDSC1,nvarchar,30,,,YES
PRODDTA,F4311_ARCH,45,PDDSC2,nvarchar,30,,,YES
PRODDTA,F4311_ARCH,227,PDPMPN,nvarchar,30,,,YES
PRODDTA,F4801_ARCH,11,WADL01,nvarchar,30,,,YES
PRODDTA,F4801_ARCH,12,WASTCM,nvarchar,30,,,YES
PRODDTA,F4801_ARCH,89,WALOTN,nvarchar,30,,,YES
PRODDTA,F4801T_ARCH,77,WARLOT,nvarchar,30,,,YES
PRODDTA,F1620,2,CTDL01,nvarchar,30,,,YES
PRODDTA,F3002,50,IXDSC1,nvarchar,30,,,YES
PRODDTA,F3111_ARCH,31,WMDSC1,nvarchar,30,,,YES
PRODDTA,F3111_ARCH,32,WMDSC2,nvarchar,30,,,YES
PRODDTA,F3111_ARCH,34,WMLOTN,nvarchar,30,,,YES
PRODDTA,F3111_ARCH,37,WMSERN,nvarchar,30,,,YES
PRODDTA,F40318,49,QCTMHD,nvarchar,30,,,YES
PRODDTA,F40318,52,QCASTM,nvarchar,30,,,YES
PRODDTA,F3111,31,WMDSC1,nvarchar,30,,,YES
PRODDTA,F3111,32,WMDSC2,nvarchar,30,,,YES
PRODDTA,F3111,34,WMLOTN,nvarchar,30,,,YES
PRODDTA,F3111,37,WMSERN,nvarchar,30,,,YES
PRODDTA,F553002G,1,IZTBM,char,3,,,NO
PRODDTA,F553002G,3,IZKITL,char,25,,,YES
PRODDTA,F553002G,4,IZKITA,char,25,,,YES
PRODDTA,F553002G,5,IZMMCU,char,12,,,NO
PRODDTA,F553002G,7,IZDFLITM,char,25,,,YES
PRODDTA,F553002G,8,IZDFAITM,char,25,,,YES
PRODDTA,F553002G,10,IZLITM,char,25,,,YES
PRODDTA,F553002G,11,IZAITM,char,25,,,YES
PRODDTA,F553002G,12,IZCMCU,char,12,,,YES
PRODDTA,F553002G,16,IZCOBY,char,1,,,NO
PRODDTA,F553002G,18,IZOBNM,char,10,,,YES
PRODDTA,F553002G,19,IZTXKY,varchar,254,,,YES
PRODDTA,F553002G,21,IZURCD,char,2,,,YES
PRODDTA,F553002G,24,IZURRF,char,15,,,YES
PRODDTA,F553002G,26,IZUSER,char,10,,,YES
PRODDTA,F553002G,27,IZPID,char,10,,,YES
PRODDTA,F553002G,28,IZJOB,char,8,,,YES
PRODDTA,T_PROD_TEXT,1,F_PRODUCT,varchar,50,,,NO
PRODDTA,T_PROD_TEXT,2,F_FORMAT,char,3,,,NO
PRODDTA,T_PROD_TEXT,3,F_TEXT_CODE,varchar,10,,,NO
PRODDTA,T_PROD_TEXT,4,F_DATE_STAMP,datetime2,,,,YES
PRODDTA,T_PROD_TEXT,5,F_DATA_CODE,varchar,10,,,YES
PRODDTA,T_PROD_TEXT,7,F_USER_UPDATED,varchar,15,,,YES
PRODDTA,T_PROD_TEXT,8,F_JOIN_BY,varchar,5,,,YES
PRODDTA,T_PROD_TEXT,9,F_HASH,varbinary,128,,,YES
PRODDTA,F4301,120,PHPOHU01,smalldatetime,,,,YES
PRODDTA,F4301,121,PHPOHU02,smalldatetime,,,,YES
PRODDTA,F5504JP,1,PHUSER,char,10,,,YES
PRODDTA,F5504JP,4,PHJOBN,char,10,,,YES
PRODDTA,F5504JP,8,PHPHTP,char,4,,,YES
PRODDTA,F5504JP,9,PHAR1,char,6,,,YES
PRODDTA,F5504JP,10,PHPH1,char,20,,,YES
PRODDTA,F554102A,2,IBLITM,char,25,,,YES
PRODDTA,F554102A,3,IBMCU,char,12,,,NO
PRODDTA,F554102A,4,IBEDATE,datetime2,,,,YES
PRODDTA,F554102A,5,IBTORG,char,10,,,YES
PRODDTA,F554102A,6,IBUSER,char,10,,,YES
PRODDTA,F554102A,7,IBPID,char,10,,,YES
PRODDTA,F554102A,8,IBJOBN,char,10,,,YES
PRODDTA,F554101,5,IMEDATE,datetime2,,,,YES
PRODDTA,F03012,207,AIDTEE,smalldatetime,,,,YES
PRODDTA,F00165,18,GDTXFT,varbinary,-1,,,YES
PRODDTA,F42140,11,CMSTMBDT,datetime,,,,YES
PRODDTA,F42140,12,CMSTMEDT,datetime,,,,YES
PRODDTA,F42140,18,CMEDATE,datetime,,,,YES
PRODDTA,F42140,19,CMUDTTM,datetime,,,,YES
PRODDTA,T_PRODUCTS,1,F_PRODUCT,varchar,50,,,NO
PRODDTA,T_PRODUCTS,3,F_DATE_CREATED,datetime2,,,,YES
PRODDTA,T_PRODUCTS,5,F_DATE_SCANNED,datetime2,,,,YES
PRODDTA,T_PRODUCTS,6,F_DATE_STAMP,datetime2,,,,YES
PRODDTA,T_PRODUCTS,7,F_KEYWORDS,varchar,50,,,YES
PRODDTA,T_PRODUCTS,8,F_USER_UPDATED,varchar,15,,,YES
PRODDTA,T_PRODUCTS,9,F_DATE_UPDATED_FORM_AUTH,datetime2,,,,YES
PRODDTA,T_PRODUCTS,10,F_USER_UPDATED_FORM_AUTH,varchar,15,,,YES
PRODDTA,T_PRODUCTS,13,F_GENERIC_ID,varchar,50,,,YES
PRODDTA,F4301_ARCH,120,PHPOHU01,smalldatetime,,,,YES
PRODDTA,F4301_ARCH,121,PHPOHU02,smalldatetime,,,,YES
PRODDTA,T_PROD_DATA,1,F_PRODUCT,varchar,50,,,NO
PRODDTA,T_PROD_DATA,2,F_DATA_CODE,varchar,8,,,NO
PRODDTA,T_PROD_DATA,4,F_DATE_FOR_DATE_TYPES,datetime2,,,,YES
PRODDTA,T_PROD_DATA,5,F_USER_UPDATED,varchar,15,,,YES
PRODDTA,T_PROD_DATA,6,F_DATE_STAMP,datetime2,,,,YES
PRODDTA,T_PROD_COMP,1,F_PRODUCT,varchar,50,,,NO
PRODDTA,T_PROD_COMP,2,F_CAS_NUMBER,varchar,15,,,NO
PRODDTA,T_PROD_COMP,3,F_COMPONENT_ID,varchar,35,,,NO
PRODDTA,T_PROD_COMP,8,F_PERCENT_RANGE,varchar,50,,,YES
PRODDTA,T_PROD_COMP,9,F_UNITS,varchar,25,,,YES
PRODDTA,T_PROD_COMP,12,F_USER_UPDATED,varchar,15,,,YES
PRODDTA,T_PROD_COMP,13,F_DATE_STAMP,datetime2,,,,YES
PRODDTA,T_PROD_COMP,14,F_ORDER,datetime2,,,,YES
PRODDTA,T_PROD_COMP,15,F_CAS_NUMBER_COMPONENT_ID,varchar,50,,,NO
PRODDTA,T_PROD_COMP,16,F_WEIGHT_QTY,varchar,50,,,YES
PRODDTA,T_PROD_COMP,17,F_HASH,varbinary,128,,,YES
PRODDTA,T_TEXT_DETAILS,1,F_TEXT_KEY,varchar,10,,,NO
PRODDTA,T_TEXT_DETAILS,2,F_LANGUAGE,char,2,,,YES
PRODDTA,T_TEXT_DETAILS,3,F_TEXT_CODE,varchar,8,,,YES
PRODDTA,T_TEXT_DETAILS,4,F_TEXT_LINE,varchar,4000,,,YES
PRODDTA,T_TEXT_DETAILS,5,F_TEXT_TYPE,char,2,,,YES
PRODDTA,T_TEXT_DETAILS,6,F_PREFIX,varchar,8,,,YES
PRODDTA,T_TEXT_DETAILS,7,F_USER_ID,varchar,15,,,YES
PRODDTA,T_TEXT_DETAILS,8,F_DATE_STAMP,varchar,19,,,YES
PRODDTA,T_TEXT_DETAILS,9,F_TIME,varchar,19,,,YES
PRODDTA,T_TEXT_DETAILS,10,F_CATEGORY_TEXT_CODE,varchar,8,,,YES
PRODDTA,T_TEXT_DETAILS,11,F_RECORD_NUMBER,varchar,30,,,YES
PRODDTA,T_TEXT_DETAILS,12,F_RECORD_NUMBER_ROOT,varchar,30,,,YES
PRODDTA,T_COMP_DATA,1,F_CAS_NUMBER,varchar,15,,,NO
PRODDTA,T_COMP_DATA,2,F_COMPONENT_ID,varchar,35,,,NO
PRODDTA,T_COMP_DATA,3,F_DATA_CODE,varchar,10,,,NO
PRODDTA,T_COMP_DATA,5,F_DATE_FOR_DATE_TYPES,datetime2,,,,YES
PRODDTA,T_COMP_DATA,6,F_USER_UPDATED,varchar,15,,,YES
PRODDTA,T_COMP_DATA,7,F_DATE_STAMP,datetime2,,,,YES
PRODDTA,T_COMP_DATA,8,F_CAS_NUMBER_COMPONENT_ID,varchar,50,,,YES
PRODDTA,T_COMP_DATA,9,F_HASH,varbinary,128,,,YES
PRODDTA,T_PDF_MSDS,1,F_PRODUCT,varchar,50,,,NO
PRODDTA,T_PDF_MSDS,2,F_LANGUAGE,varchar,2,,,NO
PRODDTA,T_PDF_MSDS,3,F_FORMAT,varchar,3,,,NO
PRODDTA,T_PDF_MSDS,4,F_SUBFORMAT,varchar,4,,,NO
PRODDTA,T_PDF_MSDS,5,F_DATE_STAMP,datetime2,,,,NO
PRODDTA,T_PDF_MSDS,6,F_PLANT,varchar,10,,,NO
PRODDTA,T_PDF_MSDS,7,F_SUPPLIER,varchar,200,,,YES
PRODDTA,T_PDF_MSDS,9,F_DATE_REVISED,datetime2,,,,YES
PRODDTA,T_PDF_MSDS,11,F_PUBLISHED_DATE,datetime2,,,,YES
PRODDTA,T_PDF_MSDS,12,F_CAS_NUMBERS,varchar,4000,,,YES
PRODDTA,T_PDF_MSDS,13,F_COMPONENT_IDS,varchar,4000,,,YES
PRODDTA,T_PDF_MSDS,14,F_ISSUE_DATE,datetime2,,,,YES
PRODDTA,T_PDF_MSDS,15,F_DISPOSAL_DATE,datetime2,,,,YES
PRODDTA,T_PDF_MSDS,17,F_DOC_PATH,varchar,200,,,YES
PRODDTA,T_PDF_MSDS,18,F_KEYWORDS,varchar,255,,,YES
PRODDTA,T_PDF_MSDS,19,F_GUID,varchar,50,,,YES
PRODDTA,T_PDF_MSDS,25,F_PDF,varbinary,-1,,,YES
PRODDTA,T_PDF_MSDS,26,F_USER_UPDATED,varchar,15,,,YES
PRODDTA,T_PROD_TEXT,6,F_COUNTER,decimal,,10,0,YES
PRODDTA,F3460,22,MFPNS,decimal,,10,0,YES
PRODDTA,F4111_ARCH,72,ILPNS,decimal,,10,0,YES
PRODDTA,F4111,72,ILPNS,decimal,,10,0,YES
PRODDTA,F42119_ARCH,268,SDPNS,decimal,,10,0,YES
PRODDTA,F4211,268,SDPNS,decimal,,10,0,YES
PRODDTA,F4211_ARCH,268,SDPNS,decimal,,10,0,YES
PRODDTA,F42119,268,SDPNS,decimal,,10,0,YES
PRODDTA,F4311,228,PDPNS,decimal,,10,0,YES
PRODDTA,F43121,163,PRPNS,decimal,,10,0,YES
PRODDTA,F42199,268,SLPNS,decimal,,10,0,YES
PRODDTA,T_PRODUCTS,12,F_SID,decimal,,10,0,YES
PRODDTA,F4311_ARCH,228,PDPNS,decimal,,10,0,YES
PRODDTA,T_PDF_MSDS,16,F_DOC_TYPE,decimal,,10,0,NO
PRODCTL,F0005,11,DRUPMJ,int,,10,0,YES
PRODCTL,F0005,13,DRUPMT,int,,10,0,YES
PRODDTA,F31122,4,WTAN8,int,,10,0,NO
PRODDTA,F31122,17,WTDGL,int,,10,0,NO
PRODDTA,F3114,1,IQITM,int,,10,0,NO
PRODDTA,F3114,6,IQTRDJ,int,,10,0,NO
PRODDTA,F3701,4,QAEFFT,int,,10,0,NO
PRODDTA,F3701,5,QAQTSN,int,,10,0,NO
PRODDTA,F31UI006,2,LSJOBS,int,,10,0,NO
PRODDTA,F31UI006,5,LSDOCO,int,,10,0,NO
PRODDTA,F3460,1,MFITM,int,,10,0,NO
PRODDTA,F3460,5,MFDRQJ,int,,10,0,NO
PRODDTA,F3460,6,MFAN8,int,,10,0,NO
PRODDTA,F3460,19,MFYR,int,,10,0,NO
PRODDTA,F42119_ARCH,2,SDDOCO,int,,10,0,NO
PRODDTA,F4211,2,SDDOCO,int,,10,0,NO
PRODDTA,F4211_ARCH,2,SDDOCO,int,,10,0,NO
PRODDTA,F42119,2,SDDOCO,int,,10,0,NO
PRODDTA,F41002,2,UMITM,int,,10,0,NO
PRODDTA,F4101,1,IMITM,int,,10,0,NO
PRODDTA,F4102,1,IBITM,int,,10,0,NO
PRODDTA,F3400,14,SGITM,int,,10,0,NO
PRODDTA,F3400,15,SGAN8,int,,10,0,NO
PRODDTA,F3400,16,SGDRQJ,int,,10,0,NO
PRODDTA,F41021,1,LIITM,int,,10,0,NO
PRODDTA,F4104,1,IVAN8,int,,10,0,NO
PRODDTA,F4104,3,IVITM,int,,10,0,NO
PRODDTA,F4104,4,IVEXDJ,int,,10,0,NO
PRODDTA,F4105,1,COITM,int,,10,0,NO
PRODDTA,F4106,1,BPITM,int,,10,0,NO
PRODDTA,F4106,7,BPAN8,int,,10,0,NO
PRODDTA,F4106,15,BPEXDJ,int,,10,0,NO
PRODDTA,F4106,31,BPUPMJ,int,,10,0,NO
PRODDTA,F4106,32,BPTDAY,int,,10,0,NO
PRODDTA,F42004,1,CMAN8,int,,10,0,NO
PRODDTA,F42004,4,CMCXPJ,int,,10,0,NO
PRODDTA,F42005,2,SCDOCO,int,,10,0,NO
PRODDTA,F42005,7,SCSLSP,int,,10,0,NO
PRODDTA,F4301,2,PHDOCO,int,,10,0,NO
PRODDTA,F03B11,1,RPDOC,int,,10,0,NO
PRODDTA,F01151,1,EAAN8,int,,10,0,NO
PRODDTA,F01151,2,EAIDLN,int,,10,0,NO
PRODDTA,F01151,3,EARCK7,int,,10,0,NO
PRODDTA,F03B112,1,RWDOC,int,,10,0,NO
PRODDTA,F03B112,5,RWSFXE,int,,10,0,NO
PRODDTA,F4311,2,PDDOCO,int,,10,0,NO
PRODDTA,F4072,2,ADITM,int,,10,0,NO
PRODDTA,F4072,5,ADAN8,int,,10,0,NO
PRODDTA,F4072,6,ADIGID,int,,10,0,NO
PRODDTA,F4072,7,ADCGID,int,,10,0,NO
PRODDTA,F4072,8,ADOGID,int,,10,0,NO
PRODDTA,F4072,13,ADEXDJ,int,,10,0,NO
PRODDTA,F4072,33,ADUPMJ,int,,10,0,NO
PRODDTA,F4072,34,ADTDAY,int,,10,0,NO
PRODDTA,F43121,4,PRDOCO,int,,10,0,NO
PRODDTA,F43121,8,PRNLIN,int,,10,0,NO
PRODDTA,F43121,56,PRDOC,int,,10,0,NO
PRODDTA,F40721,1,PVATID,int,,10,0,NO
PRODDTA,F40721,4,PVSEQ,int,,10,0,NO
PRODDTA,F40721,6,PVSQPR,int,,10,0,NO
PRODDTA,F03B14,2,RZRC5,int,,10,0,NO
PRODDTA,F4801,2,WADOCO,int,,10,0,NO
PRODDTA,F0008,3,CDDFYJ,int,,10,0,NO
PRODDTA,F0411,2,RPDOC,int,,10,0,NO
PRODDTA,F0411,5,RPSFXE,int,,10,0,NO
PRODDTA,F00092,7,T3SBN1,int,,10,0,NO
PRODDTA,F00092,8,T3SBN2,int,,10,0,NO
PRODDTA,F4217,1,XISHPN,int,,10,0,NO
PRODDTA,F4217,3,XISQNR,int,,10,0,NO
PRODDTA,F0414,2,RNRC5,int,,10,0,NO
PRODDTA,F42199,2,SLDOCO,int,,10,0,NO
PRODDTA,F42199,189,SLUPMJ,int,,10,0,NO
PRODDTA,F42199,190,SLTDAY,int,,10,0,NO
PRODDTA,F46011,3,IQITM,int,,10,0,NO
PRODDTA,F4908,1,IIITM,int,,10,0,NO
PRODDTA,F0015,3,CXAN8,int,,10,0,NO
PRODDTA,F0101,1,ABAN8,int,,10,0,NO
PRODDTA,F0115,1,WPAN8,int,,10,0,NO
PRODDTA,F0115,2,WPIDLN,int,,10,0,NO
PRODDTA,F0115,3,WPRCK7,int,,10,0,NO
PRODDTA,F0115,4,WPCNLN,int,,10,0,NO
PRODDTA,F0116,1,ALAN8,int,,10,0,NO
PRODDTA,F0116,2,ALEFTB,int,,10,0,NO
PRODDTA,F0150,2,MAPA8,int,,10,0,NO
PRODDTA,F0150,3,MAAN8,int,,10,0,NO
PRODDTA,F03B11_ARCH,1,RPDOC,int,,10,0,NO
PRODDTA,F0111,1,WWAN8,int,,10,0,NO
PRODDTA,F03012,1,AIAN8,int,,10,0,NO
PRODDTA,F4801T,1,WADOCO,int,,10,0,NO
PRODDTA,F03B14_ARCH,2,RZRC5,int,,10,0,NO
PRODDTA,F0411_ARCH,2,RPDOC,int,,10,0,NO
PRODDTA,F0411_ARCH,5,RPSFXE,int,,10,0,NO
PRODDTA,F4201,2,SHDOCO,int,,10,0,NO
PRODDTA,F0401,1,A6AN8,int,,10,0,NO
PRODDTA,F0902_JG,2,GBCTRY,int,,10,0,NO
PRODDTA,F0902_JG,3,GBFY,int,,10,0,NO
PRODDTA,F0414_ARCH,2,RNRC5,int,,10,0,NO
PRODDTA,F42019,2,SHDOCO,int,,10,0,NO
PRODDTA,F3112_ARCH,1,WLDOCO,int,,10,0,NO
PRODDTA,F3413,1,MRITM,int,,10,0,NO
PRODDTA,F31122_ARCH,4,WTAN8,int,,10,0,NO
PRODDTA,F31122_ARCH,17,WTDGL,int,,10,0,NO
PRODDTA,F42140,1,CMAN8,int,,10,0,NO
PRODDTA,F42140,4,CMSLSM,int,,10,0,NO
PRODDTA,F3003,2,IRKIT,int,,10,0,NO
PRODDTA,F3003,11,IREFFF,int,,10,0,NO
PRODDTA,F4074_ARCH,1,ALDOCO,int,,10,0,NO
PRODDTA,F4074_ARCH,8,ALOSEQ,int,,10,0,NO
PRODDTA,F4074_ARCH,9,ALSUBSEQ,int,,10,0,NO
PRODDTA,F4074_ARCH,10,ALTIER,int,,10,0,NO
PRODDTA,F0902,2,GBCTRY,int,,10,0,NO
PRODDTA,F0902,3,GBFY,int,,10,0,NO
PRODDTA,F42005_ARCH,2,SCDOCO,int,,10,0,NO
PRODDTA,F42005_ARCH,7,SCSLSP,int,,10,0,NO
PRODDTA,F0911,3,GLDOC,int,,10,0,NO
PRODDTA,F0911,4,GLDGJ,int,,10,0,NO
PRODDTA,F3112,1,WLDOCO,int,,10,0,NO
PRODDTA,F4201_ARCH,2,SHDOCO,int,,10,0,NO
PRODDTA,F1113,4,C1EFT,int,,10,0,NO
PRODDTA,F42019_ARCH,2,SHDOCO,int,,10,0,NO
PRODDTA,F4074,1,ALDOCO,int,,10,0,NO
PRODDTA,F4074,8,ALOSEQ,int,,10,0,NO
PRODDTA,F4074,9,ALSUBSEQ,int,,10,0,NO
PRODDTA,F4074,10,ALTIER,int,,10,0,NO
PRODDTA,F11151,3,CEAN8,int,,10,0,NO
PRODDTA,F11151,4,CESQNA,int,,10,0,NO
PRODDTA,F11151,5,CECEFJ,int,,10,0,NO
PRODDTA,F4108,5,IOITM,int,,10,0,NO
PRODDTA,F1201,2,FANUMB,int,,10,0,NO
PRODDTA,F4301_ARCH,2,PHDOCO,int,,10,0,NO
PRODDTA,F1202,2,FLCTRY,int,,10,0,NO
PRODDTA,F1202,3,FLFY,int,,10,0,NO
PRODDTA,F1202,34,FLNUMB,int,,10,0,NO
PRODDTA,F4311_ARCH,2,PDDOCO,int,,10,0,NO
PRODDTA,F41112,2,INFY,int,,10,0,NO
PRODDTA,F41112,3,INCTRY,int,,10,0,NO
PRODDTA,F41112,4,INITM,int,,10,0,NO
PRODDTA,F41112,11,INAN8,int,,10,0,NO
PRODDTA,F41112,12,INSHAN,int,,10,0,NO
PRODDTA,F4801_ARCH,2,WADOCO,int,,10,0,NO
PRODDTA,F4801T_ARCH,1,WADOCO,int,,10,0,NO
PRODDTA,F43090,1,PCAN8,int,,10,0,NO
PRODDTA,F43090,2,PCITM,int,,10,0,NO
PRODDTA,F3002,2,IXKIT,int,,10,0,NO
PRODDTA,F3102_ARCH,1,IGDOCO,int,,10,0,NO
PRODDTA,F3102_ARCH,4,IGITM,int,,10,0,NO
PRODDTA,F30026,1,IEITM,int,,10,0,NO
PRODDTA,F3102,1,IGDOCO,int,,10,0,NO
PRODDTA,F3102,4,IGITM,int,,10,0,NO
PRODDTA,F40072,1,GIITM,int,,10,0,NO
PRODDTA,F31091,1,IQITM,int,,10,0,NO
PRODDTA,F31091,6,IQDOCO,int,,10,0,NO
PRODDTA,F31091,9,IQSESD,int,,10,0,NO
PRODDTA,F31091,12,IQOPSQ,int,,10,0,NO
PRODDTA,F40318,1,QCAN8,int,,10,0,NO
PRODDTA,F40318,3,QCITM,int,,10,0,NO
PRODDTA,F40318,6,QCEXDJ,int,,10,0,NO
PRODDTA,F40318,15,QCEFFT,int,,10,0,NO
PRODDTA,F40318,16,QCQTSN,int,,10,0,NO
PRODDTA,F40318,18,QCTSRT,int,,10,0,NO
PRODDTA,F3711,1,TRDOCO,int,,10,0,YES
PRODDTA,F3711,4,TRLNID,int,,10,0,YES
PRODDTA,F3711,8,TRRLLN,int,,10,0,YES
PRODDTA,F3711,12,TRAN8,int,,10,0,YES
PRODDTA,F3711,14,TRITM,int,,10,0,YES
PRODDTA,F3711,20,TRTSRT,int,,10,0,YES
PRODDTA,F3711,26,TRANO,int,,10,0,YES
PRODDTA,F3711,27,TRQDAT,int,,10,0,YES
PRODDTA,F3711,28,TRQTIM,int,,10,0,YES
PRODDTA,F3711,32,TRSMPC,int,,10,0,YES
PRODDTA,F3711,34,TRACPC,int,,10,0,YES
PRODDTA,F3711,41,TREFFF,int,,10,0,YES
PRODDTA,F3711,42,TREFFT,int,,10,0,YES
PRODDTA,F3711,61,TROPSQ,int,,10,0,YES
PRODDTA,F3711,62,TROPRS,int,,10,0,YES
PRODDTA,F3711,63,TRBSEQ,int,,10,0,YES
PRODDTA,F3711,65,TRTRP,int,,10,0,YES
PRODDTA,F3711,66,TRTRPL,int,,10,0,YES
PRODDTA,F3711,67,TRLCMP,int,,10,0,YES
PRODDTA,F3711,69,TRRSQQ,int,,10,0,YES
PRODDTA,F3711,73,TRQTID,int,,10,0,YES
PRODDTA,F3711,76,TRNUMB,int,,10,0,YES
PRODDTA,F3711,86,TRURDT,int,,10,0,YES
PRODDTA,F3711,89,TRURAB,int,,10,0,YES
PRODDTA,F3711,92,TRUPMJ,int,,10,0,YES
PRODDTA,F3711,93,TRTDAY,int,,10,0,YES
PRODDTA,F3711,97,TRRSEXPD,int,,10,0,YES
PRODDTA,F3711,98,TRWVID,int,,10,0,YES
PRODDTA,F3711,107,TRQMAB3,int,,10,0,YES
PRODDTA,F3711,109,TRQMDT3,int,,10,0,YES
PRODDTA,F3711,113,TRPRVQDAT,int,,10,0,YES
PRODDTA,F3711,118,TRDLAB,int,,10,0,YES
PRODDTA,F3711,125,TRBLUID,int,,10,0,YES
PRODDTA,F3711,126,TRSBLUID,int,,10,0,YES
PRODDTA,F31122,2,WTDOCO,int,,10,0,YES
PRODDTA,F31122,5,WTPRTR,int,,10,0,YES
PRODDTA,F31122,6,WTKIT,int,,10,0,YES
PRODDTA,F31122,11,WTOPSQ,int,,10,0,YES
PRODDTA,F31122,15,WTICU,int,,10,0,YES
PRODDTA,F31122,18,WTPBDT,int,,10,0,YES
PRODDTA,F31122,19,WTPBTM,int,,10,0,YES
PRODDTA,F31122,20,WTPETM,int,,10,0,YES
PRODDTA,F31122,33,WTUPMJ,int,,10,0,YES
PRODDTA,F31122,34,WTTDAY,int,,10,0,YES
PRODDTA,F31122,42,WTURDT,int,,10,0,YES
PRODDTA,F31122,44,WTURAB,int,,10,0,YES
PRODDTA,F31122,47,WTNUMB,int,,10,0,YES
PRODDTA,F3114,18,IQUPMJ,int,,10,0,YES
PRODDTA,F3701,6,QAEFFF,int,,10,0,YES
PRODDTA,F3701,32,QASMPC,int,,10,0,YES
PRODDTA,F3701,34,QAACPC,int,,10,0,YES
PRODDTA,F3701,38,QANUMB,int,,10,0,YES
PRODDTA,F3701,52,QAURDT,int,,10,0,YES
PRODDTA,F3701,55,QAURAB,int,,10,0,YES
PRODDTA,F3701,60,QAUPMJ,int,,10,0,YES
PRODDTA,F3701,61,QATDAY,int,,10,0,YES
PRODDTA,F3701,65,QARSDURDY,int,,10,0,YES
PRODDTA,F3701,66,QATSTDURDY,int,,10,0,YES
PRODDTA,F3701,70,QAQMAB1,int,,10,0,YES
PRODDTA,F3701,72,QAQMDT1,int,,10,0,YES
PRODDTA,F3701,78,QADLAB,int,,10,0,YES
PRODDTA,F31UI006,8,LSSESD,int,,10,0,YES
PRODDTA,F31UI006,31,LSSTRT,int,,10,0,YES
PRODDTA,F31UI006,32,LSDRQJ,int,,10,0,YES
PRODDTA,F31UI006,34,LSITM,int,,10,0,YES
PRODDTA,F3460,15,MFUPMJ,int,,10,0,YES
PRODDTA,F3460,20,MFTDAY,int,,10,0,YES
PRODDTA,F40941,12,IKIGID,int,,10,0,YES
PRODDTA,F4111_ARCH,1,ILNLIN,int,,10,0,YES
PRODDTA,F4111_ARCH,2,ILITM,int,,10,0,YES
PRODDTA,F4111_ARCH,9,ILSTUN,int,,10,0,YES
PRODDTA,F4111_ARCH,10,ILLDSQ,int,,10,0,YES
PRODDTA,F4111_ARCH,17,ILKIT,int,,10,0,YES
PRODDTA,F4111_ARCH,20,ILDMCS,int,,10,0,YES
PRODDTA,F4111_ARCH,22,ILDOC,int,,10,0,YES
PRODDTA,F4111_ARCH,26,ILICU,int,,10,0,YES
PRODDTA,F4111_ARCH,27,ILDGL,int,,10,0,YES
PRODDTA,F4111_ARCH,30,ILDOCO,int,,10,0,YES
PRODDTA,F4111_ARCH,34,ILTRDJ,int,,10,0,YES
PRODDTA,F4111_ARCH,36,ILAN8,int,,10,0,YES
PRODDTA,F4111_ARCH,45,ILTDAY,int,,10,0,YES
PRODDTA,F4111_ARCH,48,ILCRDJ,int,,10,0,YES
PRODDTA,F4111_ARCH,60,ILVPEJ,int,,10,0,YES
PRODDTA,F4111_ARCH,61,ILHDGJ,int,,10,0,YES
PRODDTA,F4111_ARCH,62,ILSHAN,int,,10,0,YES
PRODDTA,F4111_ARCH,67,ILSVDT,int,,10,0,YES
PRODDTA,F4111,1,ILNLIN,int,,10,0,YES
PRODDTA,F4111,2,ILITM,int,,10,0,YES
PRODDTA,F4111,9,ILSTUN,int,,10,0,YES
PRODDTA,F4111,10,ILLDSQ,int,,10,0,YES
PRODDTA,F4111,17,ILKIT,int,,10,0,YES
PRODDTA,F4111,20,ILDMCS,int,,10,0,YES
PRODDTA,F4111,22,ILDOC,int,,10,0,YES
PRODDTA,F4111,26,ILICU,int,,10,0,YES
PRODDTA,F4111,27,ILDGL,int,,10,0,YES
PRODDTA,F4111,30,ILDOCO,int,,10,0,YES
PRODDTA,F4111,34,ILTRDJ,int,,10,0,YES
PRODDTA,F4111,36,ILAN8,int,,10,0,YES
PRODDTA,F4111,45,ILTDAY,int,,10,0,YES
PRODDTA,F4111,48,ILCRDJ,int,,10,0,YES
PRODDTA,F4111,60,ILVPEJ,int,,10,0,YES
PRODDTA,F4111,61,ILHDGJ,int,,10,0,YES
PRODDTA,F4111,62,ILSHAN,int,,10,0,YES
PRODDTA,F4111,67,ILSVDT,int,,10,0,YES
PRODDTA,F42119_ARCH,17,SDDMCS,int,,10,0,YES
PRODDTA,F42119_ARCH,18,SDAN8,int,,10,0,YES
PRODDTA,F42119_ARCH,19,SDSHAN,int,,10,0,YES
PRODDTA,F42119_ARCH,20,SDPA8,int,,10,0,YES
PRODDTA,F42119_ARCH,21,SDDRQJ,int,,10,0,YES
PRODDTA,F42119_ARCH,22,SDTRDJ,int,,10,0,YES
PRODDTA,F42119_ARCH,23,SDPDDJ,int,,10,0,YES
PRODDTA,F42119_ARCH,24,SDADDJ,int,,10,0,YES
PRODDTA,F42119_ARCH,25,SDIVD,int,,10,0,YES
PRODDTA,F42119_ARCH,26,SDCNDJ,int,,10,0,YES
PRODDTA,F42119_ARCH,27,SDDGL,int,,10,0,YES
PRODDTA,F42119_ARCH,28,SDRSDJ,int,,10,0,YES
PRODDTA,F42119_ARCH,29,SDPEFJ,int,,10,0,YES
PRODDTA,F42119_ARCH,30,SDPPDJ,int,,10,0,YES
PRODDTA,F42119_ARCH,33,SDITM,int,,10,0,YES
PRODDTA,F42119_ARCH,42,SDEXDP,int,,10,0,YES
PRODDTA,F42119_ARCH,52,SDRKIT,int,,10,0,YES
PRODDTA,F42119_ARCH,97,SDDOC,int,,10,0,YES
PRODDTA,F42119_ARCH,99,SDODOC,int,,10,0,YES
PRODDTA,F42119_ARCH,102,SDPSN,int,,10,0,YES
PRODDTA,F42119_ARCH,103,SDDELN,int,,10,0,YES
PRODDTA,F42119_ARCH,117,SDVEND,int,,10,0,YES
PRODDTA,F42119_ARCH,118,SDCARS,int,,10,0,YES
PRODDTA,F42119_ARCH,142,SDCTRY,int,,10,0,YES
PRODDTA,F42119_ARCH,143,SDFY,int,,10,0,YES
PRODDTA,F42119_ARCH,181,SDURDT,int,,10,0,YES
PRODDTA,F42119_ARCH,183,SDURAB,int,,10,0,YES
PRODDTA,F42119_ARCH,189,SDUPMJ,int,,10,0,YES
PRODDTA,F42119_ARCH,190,SDTDAY,int,,10,0,YES
PRODDTA,F42119_ARCH,206,SDPMDT,int,,10,0,YES
PRODDTA,F42119_ARCH,207,SDRLTM,int,,10,0,YES
PRODDTA,F42119_ARCH,208,SDRLDJ,int,,10,0,YES
PRODDTA,F42119_ARCH,209,SDDRQT,int,,10,0,YES
PRODDTA,F42119_ARCH,210,SDADTM,int,,10,0,YES
PRODDTA,F42119_ARCH,211,SDOPTT,int,,10,0,YES
PRODDTA,F42119_ARCH,212,SDPDTT,int,,10,0,YES
PRODDTA,F42119_ARCH,213,SDPSTM,int,,10,0,YES
PRODDTA,F42119_ARCH,219,SDCORD,int,,10,0,YES
PRODDTA,F42119_ARCH,220,SDDVAN,int,,10,0,YES
PRODDTA,F42119_ARCH,224,SDSHPN,int,,10,0,YES
PRODDTA,F42119_ARCH,225,SDRSDT,int,,10,0,YES
PRODDTA,F42119_ARCH,226,SDPRJM,int,,10,0,YES
PRODDTA,F42119_ARCH,227,SDOSEQ,int,,10,0,YES
PRODDTA,F42119_ARCH,234,SDOPDJ,int,,10,0,YES
PRODDTA,F42119_ARCH,236,SDXORN,int,,10,0,YES
PRODDTA,F42119_ARCH,242,SDANBY,int,,10,0,YES
PRODDTA,F42119_ARCH,244,SDNUMB,int,,10,0,YES
PRODDTA,F42119_ARCH,245,SDAAID,int,,10,0,YES
PRODDTA,F42119_ARCH,247,SDPRAN8,int,,10,0,YES
PRODDTA,F42119_ARCH,248,SDPRCIDLN,int,,10,0,YES
PRODDTA,F42119_ARCH,249,SDCCIDLN,int,,10,0,YES
PRODDTA,F42119_ARCH,250,SDSHCCIDLN,int,,10,0,YES
PRODDTA,F42119_ARCH,266,SDOCCARDNO,int,,10,0,YES
PRODDTA,F4211,17,SDDMCS,int,,10,0,YES
PRODDTA,F4211,18,SDAN8,int,,10,0,YES
PRODDTA,F4211,19,SDSHAN,int,,10,0,YES
PRODDTA,F4211,20,SDPA8,int,,10,0,YES
PRODDTA,F4211,21,SDDRQJ,int,,10,0,YES
PRODDTA,F4211,22,SDTRDJ,int,,10,0,YES
PRODDTA,F4211,23,SDPDDJ,int,,10,0,YES
PRODDTA,F4211,24,SDADDJ,int,,10,0,YES
PRODDTA,F4211,25,SDIVD,int,,10,0,YES
PRODDTA,F4211,26,SDCNDJ,int,,10,0,YES
PRODDTA,F4211,27,SDDGL,int,,10,0,YES
PRODDTA,F4211,28,SDRSDJ,int,,10,0,YES
PRODDTA,F4211,29,SDPEFJ,int,,10,0,YES
PRODDTA,F4211,30,SDPPDJ,int,,10,0,YES
PRODDTA,F4211,33,SDITM,int,,10,0,YES
PRODDTA,F4211,42,SDEXDP,int,,10,0,YES
PRODDTA,F4211,52,SDRKIT,int,,10,0,YES
PRODDTA,F4211,97,SDDOC,int,,10,0,YES
PRODDTA,F4211,99,SDODOC,int,,10,0,YES
PRODDTA,F4211,102,SDPSN,int,,10,0,YES
PRODDTA,F4211,103,SDDELN,int,,10,0,YES
PRODDTA,F4211,117,SDVEND,int,,10,0,YES
PRODDTA,F4211,118,SDCARS,int,,10,0,YES
PRODDTA,F4211,142,SDCTRY,int,,10,0,YES
PRODDTA,F4211,143,SDFY,int,,10,0,YES
PRODDTA,F4211,181,SDURDT,int,,10,0,YES
PRODDTA,F4211,183,SDURAB,int,,10,0,YES
PRODDTA,F4211,189,SDUPMJ,int,,10,0,YES
PRODDTA,F4211,190,SDTDAY,int,,10,0,YES
PRODDTA,F4211,206,SDPMDT,int,,10,0,YES
PRODDTA,F4211,207,SDRLTM,int,,10,0,YES
PRODDTA,F4211,208,SDRLDJ,int,,10,0,YES
PRODDTA,F4211,209,SDDRQT,int,,10,0,YES
PRODDTA,F4211,210,SDADTM,int,,10,0,YES
PRODDTA,F4211,211,SDOPTT,int,,10,0,YES
PRODDTA,F4211,212,SDPDTT,int,,10,0,YES
PRODDTA,F4211,213,SDPSTM,int,,10,0,YES
PRODDTA,F4211,219,SDCORD,int,,10,0,YES
PRODDTA,F4211,220,SDDVAN,int,,10,0,YES
PRODDTA,F4211,224,SDSHPN,int,,10,0,YES
PRODDTA,F4211,225,SDRSDT,int,,10,0,YES
PRODDTA,F4211,226,SDPRJM,int,,10,0,YES
PRODDTA,F4211,227,SDOSEQ,int,,10,0,YES
PRODDTA,F4211,234,SDOPDJ,int,,10,0,YES
PRODDTA,F4211,236,SDXORN,int,,10,0,YES
PRODDTA,F4211,242,SDANBY,int,,10,0,YES
PRODDTA,F4211,244,SDNUMB,int,,10,0,YES
PRODDTA,F4211,245,SDAAID,int,,10,0,YES
PRODDTA,F4211,247,SDPRAN8,int,,10,0,YES
PRODDTA,F4211,248,SDPRCIDLN,int,,10,0,YES
PRODDTA,F4211,249,SDCCIDLN,int,,10,0,YES
PRODDTA,F4211,250,SDSHCCIDLN,int,,10,0,YES
PRODDTA,F4211,266,SDOCCARDNO,int,,10,0,YES
PRODDTA,F40942,12,CKCGID,int,,10,0,YES
PRODDTA,F4211_ARCH,17,SDDMCS,int,,10,0,YES
PRODDTA,F4211_ARCH,18,SDAN8,int,,10,0,YES
PRODDTA,F4211_ARCH,19,SDSHAN,int,,10,0,YES
PRODDTA,F4211_ARCH,20,SDPA8,int,,10,0,YES
PRODDTA,F4211_ARCH,21,SDDRQJ,int,,10,0,YES
PRODDTA,F4211_ARCH,22,SDTRDJ,int,,10,0,YES
PRODDTA,F4211_ARCH,23,SDPDDJ,int,,10,0,YES
PRODDTA,F4211_ARCH,24,SDADDJ,int,,10,0,YES
PRODDTA,F4211_ARCH,25,SDIVD,int,,10,0,YES
PRODDTA,F4211_ARCH,26,SDCNDJ,int,,10,0,YES
PRODDTA,F4211_ARCH,27,SDDGL,int,,10,0,YES
PRODDTA,F4211_ARCH,28,SDRSDJ,int,,10,0,YES
PRODDTA,F4211_ARCH,29,SDPEFJ,int,,10,0,YES
PRODDTA,F4211_ARCH,30,SDPPDJ,int,,10,0,YES
PRODDTA,F4211_ARCH,33,SDITM,int,,10,0,YES
PRODDTA,F4211_ARCH,42,SDEXDP,int,,10,0,YES
PRODDTA,F4211_ARCH,52,SDRKIT,int,,10,0,YES
PRODDTA,F4211_ARCH,97,SDDOC,int,,10,0,YES
PRODDTA,F4211_ARCH,99,SDODOC,int,,10,0,YES
PRODDTA,F4211_ARCH,102,SDPSN,int,,10,0,YES
PRODDTA,F4211_ARCH,103,SDDELN,int,,10,0,YES
PRODDTA,F4211_ARCH,117,SDVEND,int,,10,0,YES
PRODDTA,F4211_ARCH,118,SDCARS,int,,10,0,YES
PRODDTA,F4211_ARCH,142,SDCTRY,int,,10,0,YES
PRODDTA,F4211_ARCH,143,SDFY,int,,10,0,YES
PRODDTA,F4211_ARCH,181,SDURDT,int,,10,0,YES
PRODDTA,F4211_ARCH,183,SDURAB,int,,10,0,YES
PRODDTA,F4211_ARCH,189,SDUPMJ,int,,10,0,YES
PRODDTA,F4211_ARCH,190,SDTDAY,int,,10,0,YES
PRODDTA,F4211_ARCH,206,SDPMDT,int,,10,0,YES
PRODDTA,F4211_ARCH,207,SDRLTM,int,,10,0,YES
PRODDTA,F4211_ARCH,208,SDRLDJ,int,,10,0,YES
PRODDTA,F4211_ARCH,209,SDDRQT,int,,10,0,YES
PRODDTA,F4211_ARCH,210,SDADTM,int,,10,0,YES
PRODDTA,F4211_ARCH,211,SDOPTT,int,,10,0,YES
PRODDTA,F4211_ARCH,212,SDPDTT,int,,10,0,YES
PRODDTA,F4211_ARCH,213,SDPSTM,int,,10,0,YES
PRODDTA,F4211_ARCH,219,SDCORD,int,,10,0,YES
PRODDTA,F4211_ARCH,220,SDDVAN,int,,10,0,YES
PRODDTA,F4211_ARCH,224,SDSHPN,int,,10,0,YES
PRODDTA,F4211_ARCH,225,SDRSDT,int,,10,0,YES
PRODDTA,F4211_ARCH,226,SDPRJM,int,,10,0,YES
PRODDTA,F4211_ARCH,227,SDOSEQ,int,,10,0,YES
PRODDTA,F4211_ARCH,234,SDOPDJ,int,,10,0,YES
PRODDTA,F4211_ARCH,236,SDXORN,int,,10,0,YES
PRODDTA,F4211_ARCH,242,SDANBY,int,,10,0,YES
PRODDTA,F4211_ARCH,244,SDNUMB,int,,10,0,YES
PRODDTA,F4211_ARCH,245,SDAAID,int,,10,0,YES
PRODDTA,F4211_ARCH,247,SDPRAN8,int,,10,0,YES
PRODDTA,F4211_ARCH,248,SDPRCIDLN,int,,10,0,YES
PRODDTA,F4211_ARCH,249,SDCCIDLN,int,,10,0,YES
PRODDTA,F4211_ARCH,250,SDSHCCIDLN,int,,10,0,YES
PRODDTA,F4211_ARCH,266,SDOCCARDNO,int,,10,0,YES
PRODDTA,F4100,19,LMMNUP,int,,10,0,YES
PRODDTA,F4100,20,LMMNUK,int,,10,0,YES
PRODDTA,F4100,27,LMMITM,int,,10,0,YES
PRODDTA,F4100,41,LMWSQP,int,,10,0,YES
PRODDTA,F4100,42,LMWSQQ,int,,10,0,YES
PRODDTA,F4100,43,LMWSQR,int,,10,0,YES
PRODDTA,F4100,44,LMDISX,int,,10,0,YES
PRODDTA,F4100,45,LMDISY,int,,10,0,YES
PRODDTA,F4100,46,LMDISZ,int,,10,0,YES
PRODDTA,F4100,49,LMURDT,int,,10,0,YES
PRODDTA,F4100,51,LMURAB,int,,10,0,YES
PRODDTA,F4100,58,LMUPMJ,int,,10,0,YES
PRODDTA,F4100,59,LMTDAY,int,,10,0,YES
PRODDTA,F42119,17,SDDMCS,int,,10,0,YES
PRODDTA,F42119,18,SDAN8,int,,10,0,YES
PRODDTA,F42119,19,SDSHAN,int,,10,0,YES
PRODDTA,F42119,20,SDPA8,int,,10,0,YES
PRODDTA,F42119,21,SDDRQJ,int,,10,0,YES
PRODDTA,F42119,22,SDTRDJ,int,,10,0,YES
PRODDTA,F42119,23,SDPDDJ,int,,10,0,YES
PRODDTA,F42119,24,SDADDJ,int,,10,0,YES
PRODDTA,F42119,25,SDIVD,int,,10,0,YES
PRODDTA,F42119,26,SDCNDJ,int,,10,0,YES
PRODDTA,F42119,27,SDDGL,int,,10,0,YES
PRODDTA,F42119,28,SDRSDJ,int,,10,0,YES
PRODDTA,F42119,29,SDPEFJ,int,,10,0,YES
PRODDTA,F42119,30,SDPPDJ,int,,10,0,YES
PRODDTA,F42119,33,SDITM,int,,10,0,YES
PRODDTA,F42119,42,SDEXDP,int,,10,0,YES
PRODDTA,F42119,52,SDRKIT,int,,10,0,YES
PRODDTA,F42119,97,SDDOC,int,,10,0,YES
PRODDTA,F42119,99,SDODOC,int,,10,0,YES
PRODDTA,F42119,102,SDPSN,int,,10,0,YES
PRODDTA,F42119,103,SDDELN,int,,10,0,YES
PRODDTA,F42119,117,SDVEND,int,,10,0,YES
PRODDTA,F42119,118,SDCARS,int,,10,0,YES
PRODDTA,F42119,142,SDCTRY,int,,10,0,YES
PRODDTA,F42119,143,SDFY,int,,10,0,YES
PRODDTA,F42119,181,SDURDT,int,,10,0,YES
PRODDTA,F42119,183,SDURAB,int,,10,0,YES
PRODDTA,F42119,189,SDUPMJ,int,,10,0,YES
PRODDTA,F42119,190,SDTDAY,int,,10,0,YES
PRODDTA,F42119,206,SDPMDT,int,,10,0,YES
PRODDTA,F42119,207,SDRLTM,int,,10,0,YES
PRODDTA,F42119,208,SDRLDJ,int,,10,0,YES
PRODDTA,F42119,209,SDDRQT,int,,10,0,YES
PRODDTA,F42119,210,SDADTM,int,,10,0,YES
PRODDTA,F42119,211,SDOPTT,int,,10,0,YES
PRODDTA,F42119,212,SDPDTT,int,,10,0,YES
PRODDTA,F42119,213,SDPSTM,int,,10,0,YES
PRODDTA,F42119,219,SDCORD,int,,10,0,YES
PRODDTA,F42119,220,SDDVAN,int,,10,0,YES
PRODDTA,F42119,224,SDSHPN,int,,10,0,YES
PRODDTA,F42119,225,SDRSDT,int,,10,0,YES
PRODDTA,F42119,226,SDPRJM,int,,10,0,YES
PRODDTA,F42119,227,SDOSEQ,int,,10,0,YES
PRODDTA,F42119,234,SDOPDJ,int,,10,0,YES
PRODDTA,F42119,236,SDXORN,int,,10,0,YES
PRODDTA,F42119,242,SDANBY,int,,10,0,YES
PRODDTA,F42119,244,SDNUMB,int,,10,0,YES
PRODDTA,F42119,245,SDAAID,int,,10,0,YES
PRODDTA,F42119,247,SDPRAN8,int,,10,0,YES
PRODDTA,F42119,248,SDPRCIDLN,int,,10,0,YES
PRODDTA,F42119,249,SDCCIDLN,int,,10,0,YES
PRODDTA,F42119,250,SDSHCCIDLN,int,,10,0,YES
PRODDTA,F42119,266,SDOCCARDNO,int,,10,0,YES
PRODDTA,F41002,11,UMUPMJ,int,,10,0,YES
PRODDTA,F41002,12,UMTDAY,int,,10,0,YES
PRODDTA,F4101,34,IMBUYR,int,,10,0,YES
PRODDTA,F4101,39,IMCARS,int,,10,0,YES
PRODDTA,F4101,40,IMCARP,int,,10,0,YES
PRODDTA,F4101,65,IMSTDP,int,,10,0,YES
PRODDTA,F4101,66,IMFRMP,int,,10,0,YES
PRODDTA,F4101,67,IMTHRP,int,,10,0,YES
PRODDTA,F4101,89,IMSLD,int,,10,0,YES
PRODDTA,F4101,90,IMANPL,int,,10,0,YES
PRODDTA,F4101,96,IMLTLV,int,,10,0,YES
PRODDTA,F4101,97,IMLTMF,int,,10,0,YES
PRODDTA,F4101,98,IMLTCM,int,,10,0,YES
PRODDTA,F4101,108,IMMTF1,int,,10,0,YES
PRODDTA,F4101,109,IMMTF2,int,,10,0,YES
PRODDTA,F4101,110,IMMTF3,int,,10,0,YES
PRODDTA,F4101,111,IMMTF4,int,,10,0,YES
PRODDTA,F4101,112,IMMTF5,int,,10,0,YES
PRODDTA,F4101,113,IMEXPD,int,,10,0,YES
PRODDTA,F4101,114,IMDEFD,int,,10,0,YES
PRODDTA,F4101,115,IMSFLT,int,,10,0,YES
PRODDTA,F4101,118,IMLLX,int,,10,0,YES
PRODDTA,F4101,120,IMCOMH,int,,10,0,YES
PRODDTA,F4101,122,IMURDT,int,,10,0,YES
PRODDTA,F4101,124,IMURAB,int,,10,0,YES
PRODDTA,F4101,129,IMUPMJ,int,,10,0,YES
PRODDTA,F4101,130,IMTDAY,int,,10,0,YES
PRODDTA,F4101,161,IMBBDD,int,,10,0,YES
PRODDTA,F4101,164,IMLEDD,int,,10,0,YES
PRODDTA,F4101,165,IMPEFD,int,,10,0,YES
PRODDTA,F4101,166,IMSBDD,int,,10,0,YES
PRODDTA,F4101,167,IMU1DD,int,,10,0,YES
PRODDTA,F4101,168,IMU2DD,int,,10,0,YES
PRODDTA,F4101,169,IMU3DD,int,,10,0,YES
PRODDTA,F4101,170,IMU4DD,int,,10,0,YES
PRODDTA,F4101,171,IMU5DD,int,,10,0,YES
PRODDTA,F4102,28,IBVEND,int,,10,0,YES
PRODDTA,F4102,29,IBANPL,int,,10,0,YES
PRODDTA,F4102,30,IBBUYR,int,,10,0,YES
PRODDTA,F4102,37,IBWOMO,int,,10,0,YES
PRODDTA,F4102,40,IBSLD,int,,10,0,YES
PRODDTA,F4102,64,IBCARS,int,,10,0,YES
PRODDTA,F4102,65,IBCARP,int,,10,0,YES
PRODDTA,F4102,85,IBLTLV,int,,10,0,YES
PRODDTA,F4102,86,IBLTMF,int,,10,0,YES
PRODDTA,F4102,87,IBLTCM,int,,10,0,YES
PRODDTA,F4102,98,IBECOD,int,,10,0,YES
PRODDTA,F4102,99,IBMTF1,int,,10,0,YES
PRODDTA,F4102,100,IBMTF2,int,,10,0,YES
PRODDTA,F4102,101,IBMTF3,int,,10,0,YES
PRODDTA,F4102,102,IBMTF4,int,,10,0,YES
PRODDTA,F4102,103,IBMTF5,int,,10,0,YES
PRODDTA,F4102,112,IBEXPD,int,,10,0,YES
PRODDTA,F4102,113,IBDEFD,int,,10,0,YES
PRODDTA,F4102,115,IBSFLT,int,,10,0,YES
PRODDTA,F4102,117,IBLFDJ,int,,10,0,YES
PRODDTA,F4102,118,IBLLX,int,,10,0,YES
PRODDTA,F4102,121,IBURDT,int,,10,0,YES
PRODDTA,F4102,123,IBURAB,int,,10,0,YES
PRODDTA,F4102,128,IBUPMJ,int,,10,0,YES
PRODDTA,F4102,129,IBTDAY,int,,10,0,YES
PRODDTA,F4102,131,IBCOMH,int,,10,0,YES
PRODDTA,F4102,135,IBBBDD,int,,10,0,YES
PRODDTA,F4102,138,IBLEDD,int,,10,0,YES
PRODDTA,F4102,140,IBPEFD,int,,10,0,YES
PRODDTA,F4102,141,IBSBDD,int,,10,0,YES
PRODDTA,F4102,142,IBU1DD,int,,10,0,YES
PRODDTA,F4102,143,IBU2DD,int,,10,0,YES
PRODDTA,F4102,144,IBU3DD,int,,10,0,YES
PRODDTA,F4102,145,IBU4DD,int,,10,0,YES
PRODDTA,F4102,146,IBU5DD,int,,10,0,YES
PRODDTA,F3400,21,SGSFKY,int,,10,0,YES
PRODDTA,F3400,22,SGSFKE,int,,10,0,YES
PRODDTA,F3400,25,SGUPMJ,int,,10,0,YES
PRODDTA,F3400,29,SGTDAY,int,,10,0,YES
PRODDTA,F41021,8,LILRCJ,int,,10,0,YES
PRODDTA,F41021,26,LINCDJ,int,,10,0,YES
PRODDTA,F41021,29,LIURAB,int,,10,0,YES
PRODDTA,F41021,35,LIUPMJ,int,,10,0,YES
PRODDTA,F41021,37,LITDAY,int,,10,0,YES
PRODDTA,F41021,38,LIURDT,int,,10,0,YES
PRODDTA,F4104,5,IVEFTJ,int,,10,0,YES
PRODDTA,F4104,14,IVURDT,int,,10,0,YES
PRODDTA,F4104,16,IVURAB,int,,10,0,YES
PRODDTA,F4104,21,IVUPMJ,int,,10,0,YES
PRODDTA,F4104,22,IVTDAY,int,,10,0,YES
PRODDTA,F4105,13,COURDT,int,,10,0,YES
PRODDTA,F4105,15,COURAB,int,,10,0,YES
PRODDTA,F4105,20,COUPMJ,int,,10,0,YES
PRODDTA,F4105,21,COTDAY,int,,10,0,YES
PRODDTA,F4106,14,BPEFTJ,int,,10,0,YES
PRODDTA,F4106,23,BPURDT,int,,10,0,YES
PRODDTA,F42004,3,CMCEFJ,int,,10,0,YES
PRODDTA,F42004,14,CMENTJ,int,,10,0,YES
PRODDTA,F42004,16,CMUPMJ,int,,10,0,YES
PRODDTA,F42005,4,SCDOCM,int,,10,0,YES
PRODDTA,F42005,5,SCDLIJ,int,,10,0,YES
PRODDTA,F42005,6,SCAN8,int,,10,0,YES
PRODDTA,F42005,9,SCRAN8,int,,10,0,YES
PRODDTA,F42005,43,SCITM,int,,10,0,YES
PRODDTA,F42005,45,SCUPMJ,int,,10,0,YES
PRODDTA,F42005,46,SCCMDJ,int,,10,0,YES
PRODDTA,F42005,48,SCCLOJ,int,,10,0,YES
PRODDTA,F42005,49,SCTDAY,int,,10,0,YES
PRODDTA,F4301,12,PHAN8,int,,10,0,YES
PRODDTA,F4301,13,PHSHAN,int,,10,0,YES
PRODDTA,F4301,14,PHDRQJ,int,,10,0,YES
PRODDTA,F4301,15,PHTRDJ,int,,10,0,YES
PRODDTA,F4301,16,PHPDDJ,int,,10,0,YES
PRODDTA,F4301,17,PHOPDJ,int,,10,0,YES
PRODDTA,F4301,18,PHADDJ,int,,10,0,YES
PRODDTA,F4301,19,PHCNDJ,int,,10,0,YES
PRODDTA,F4301,20,PHPEFJ,int,,10,0,YES
PRODDTA,F4301,21,PHPPDJ,int,,10,0,YES
PRODDTA,F4301,22,PHPSDJ,int,,10,0,YES
PRODDTA,F4301,38,PHINVC,int,,10,0,YES
PRODDTA,F4301,43,PHANBY,int,,10,0,YES
PRODDTA,F4301,44,PHANCR,int,,10,0,YES
PRODDTA,F4301,66,PHCORD,int,,10,0,YES
PRODDTA,F4301,75,PHURDT,int,,10,0,YES
PRODDTA,F4301,77,PHURAB,int,,10,0,YES
PRODDTA,F4301,82,PHUPMJ,int,,10,0,YES
PRODDTA,F4301,83,PHTDAY,int,,10,0,YES
PRODDTA,F4301,84,PHRSHT,int,,10,0,YES
PRODDTA,F4301,85,PHDRQT,int,,10,0,YES
PRODDTA,F4301,86,PHDOC1,int,,10,0,YES
PRODDTA,F4301,89,PHMKFR,int,,10,0,YES
PRODDTA,F4301,114,PHPOHD01,int,,10,0,YES
PRODDTA,F4301,115,PHPOHD02,int,,10,0,YES
PRODDTA,F4301,116,PHPOHAB01,int,,10,0,YES
PRODDTA,F4301,117,PHPOHAB02,int,,10,0,YES
PRODDTA,F0050,5,MABEFD,int,,10,0,YES
PRODDTA,F0050,6,MAEEFD,int,,10,0,YES
PRODDTA,F0050,12,MAUPMT,int,,10,0,YES
PRODDTA,F03B11,5,RPAN8,int,,10,0,YES
PRODDTA,F03B11,6,RPDGJ,int,,10,0,YES
PRODDTA,F03B11,7,RPDIVJ,int,,10,0,YES
PRODDTA,F03B11,9,RPICU,int,,10,0,YES
PRODDTA,F03B11,10,RPDICJ,int,,10,0,YES
PRODDTA,F03B11,12,RPCTRY,int,,10,0,YES
PRODDTA,F03B11,13,RPPN,int,,10,0,YES
PRODDTA,F03B11,17,RPPA8,int,,10,0,YES
PRODDTA,F03B11,18,RPAN8J,int,,10,0,YES
PRODDTA,F03B11,19,RPPYR,int,,10,0,YES
PRODDTA,F03B11,45,RPDSVJ,int,,10,0,YES
PRODDTA,F03B11,56,RPDDJ,int,,10,0,YES
PRODDTA,F03B11,57,RPDDNJ,int,,10,0,YES
PRODDTA,F03B11,58,RPRDDJ,int,,10,0,YES
PRODDTA,F03B11,59,RPRDSJ,int,,10,0,YES
PRODDTA,F03B11,60,RPLFCJ,int,,10,0,YES
PRODDTA,F03B11,61,RPSMTJ,int,,10,0,YES
PRODDTA,F03B11,64,RPRMDS,int,,10,0,YES
PRODDTA,F03B11,70,RPODOC,int,,10,0,YES
PRODDTA,F03B11,80,RPSDOC,int,,10,0,YES
PRODDTA,F03B11,84,RPVLDT,int,,10,0,YES
PRODDTA,F03B11,92,RPDRF,int,,10,0,YES
PRODDTA,F03B11,95,RPITM,int,,10,0,YES
PRODDTA,F03B11,100,RPVDGJ,int,,10,0,YES
PRODDTA,F03B11,118,RPURDT,int,,10,0,YES
PRODDTA,F03B11,122,RPRNID,int,,10,0,YES
PRODDTA,F03B11,123,RPPPDI,int,,10,0,YES
PRODDTA,F03B11,126,RPJCL,int,,10,0,YES
PRODDTA,F03B11,128,RPUPMJ,int,,10,0,YES
PRODDTA,F03B11,129,RPUPMT,int,,10,0,YES
PRODDTA,F03B11,133,RPHDGJ,int,,10,0,YES
PRODDTA,F03B11,134,RPSHPN,int,,10,0,YES
PRODDTA,F03B11,146,RPDOCO,int,,10,0,YES
PRODDTA,F03B11,149,RPDTPB,int,,10,0,YES
PRODDTA,F03B11,150,RPERDJ,int,,10,0,YES
PRODDTA,F03B11,156,RPAJCL,int,,10,0,YES
PRODDTA,F01151,8,EAUPMJ,int,,10,0,YES
PRODDTA,F01151,10,EAUPMT,int,,10,0,YES
PRODDTA,F01151,11,EAEHIER,int,,10,0,YES
PRODDTA,F01151,14,EACFNO1,int,,10,0,YES
PRODDTA,F01151,17,EASYNCS,int,,10,0,YES
PRODDTA,F01151,18,EACAAD,int,,10,0,YES
PRODDTA,F03B112,6,RWODOC,int,,10,0,YES
PRODDTA,F03B112,11,RWFY,int,,10,0,YES
PRODDTA,F03B112,12,RWCTRY,int,,10,0,YES
PRODDTA,F03B112,13,RWPN,int,,10,0,YES
PRODDTA,F03B112,15,RWDGJ,int,,10,0,YES
PRODDTA,F03B112,16,RWDIVJ,int,,10,0,YES
PRODDTA,F03B112,17,RWICU,int,,10,0,YES
PRODDTA,F03B112,19,RWDICJ,int,,10,0,YES
PRODDTA,F03B112,20,RWAN8,int,,10,0,YES
PRODDTA,F03B112,21,RWPA8,int,,10,0,YES
PRODDTA,F03B112,48,RWDSVJ,int,,10,0,YES
PRODDTA,F03B112,49,RWITM,int,,10,0,YES
PRODDTA,F03B112,50,RWDDJ,int,,10,0,YES
PRODDTA,F03B112,51,RWDDNJ,int,,10,0,YES
PRODDTA,F03B112,52,RWODDJ,int,,10,0,YES
PRODDTA,F03B112,55,RWRNID,int,,10,0,YES
PRODDTA,F03B112,60,RWUPMJ,int,,10,0,YES
PRODDTA,F03B112,61,RWUPMT,int,,10,0,YES
PRODDTA,F4311,17,PDDMCS,int,,10,0,YES
PRODDTA,F4311,19,PDAN8,int,,10,0,YES
PRODDTA,F4311,20,PDSHAN,int,,10,0,YES
PRODDTA,F4311,21,PDDRQJ,int,,10,0,YES
PRODDTA,F4311,22,PDTRDJ,int,,10,0,YES
PRODDTA,F4311,23,PDPDDJ,int,,10,0,YES
PRODDTA,F4311,24,PDOPDJ,int,,10,0,YES
PRODDTA,F4311,25,PDADDJ,int,,10,0,YES
PRODDTA,F4311,26,PDCNDJ,int,,10,0,YES
PRODDTA,F4311,27,PDPEFJ,int,,10,0,YES
PRODDTA,F4311,28,PDPPDJ,int,,10,0,YES
PRODDTA,F4311,29,PDPSDJ,int,,10,0,YES
PRODDTA,F4311,30,PDDSVJ,int,,10,0,YES
PRODDTA,F4311,31,PDDGL,int,,10,0,YES
PRODDTA,F4311,32,PDPN,int,,10,0,YES
PRODDTA,F4311,35,PDITM,int,,10,0,YES
PRODDTA,F4311,100,PDANBY,int,,10,0,YES
PRODDTA,F4311,101,PDANCR,int,,10,0,YES
PRODDTA,F4311,116,PDCTRY,int,,10,0,YES
PRODDTA,F4311,117,PDFY,int,,10,0,YES
PRODDTA,F4311,133,PDCCMP,int,,10,0,YES
PRODDTA,F4311,162,PDCORD,int,,10,0,YES
PRODDTA,F4311,164,PDDOCC,int,,10,0,YES
PRODDTA,F4311,176,PDURDT,int,,10,0,YES
PRODDTA,F4311,178,PDURAB,int,,10,0,YES
PRODDTA,F4311,184,PDUPMJ,int,,10,0,YES
PRODDTA,F4311,185,PDTDAY,int,,10,0,YES
PRODDTA,F4311,188,PDSHPN,int,,10,0,YES
PRODDTA,F4311,189,PDRSHT,int,,10,0,YES
PRODDTA,F4311,190,PDPRJM,int,,10,0,YES
PRODDTA,F4311,198,PDDRQT,int,,10,0,YES
PRODDTA,F4311,199,PDDLEJ,int,,10,0,YES
PRODDTA,F4311,202,PDCHT,int,,10,0,YES
PRODDTA,F4311,203,PDCHRT,int,,10,0,YES
PRODDTA,F4311,205,PDCHMJ,int,,10,0,YES
PRODDTA,F4311,208,PDLDNM,int,,10,0,YES
PRODDTA,F4311,209,PDMKFR,int,,10,0,YES
PRODDTA,F4311,215,PDWVID,int,,10,0,YES
PRODDTA,F4311,216,PDCNTRTID,int,,10,0,YES
PRODDTA,F4072,12,ADEFTJ,int,,10,0,YES
PRODDTA,F4072,19,ADATID,int,,10,0,YES
PRODDTA,F4072,21,ADURDT,int,,10,0,YES
PRODDTA,F4072,23,ADURAB,int,,10,0,YES
PRODDTA,F4072,35,ADBKTPID,int,,10,0,YES
PRODDTA,F03B13,3,RYAN8,int,,10,0,YES
PRODDTA,F03B13,4,RYPYR,int,,10,0,YES
PRODDTA,F03B13,5,RYDMTJ,int,,10,0,YES
PRODDTA,F03B13,6,RYDGJ,int,,10,0,YES
PRODDTA,F03B13,7,RYVLDT,int,,10,0,YES
PRODDTA,F03B13,14,RYCTRY,int,,10,0,YES
PRODDTA,F03B13,15,RYFY,int,,10,0,YES
PRODDTA,F03B13,16,RYPN,int,,10,0,YES
PRODDTA,F03B13,19,RYICU,int,,10,0,YES
PRODDTA,F03B13,20,RYDICJ,int,,10,0,YES
PRODDTA,F03B13,21,RYPA8,int,,10,0,YES
PRODDTA,F03B13,28,RYERDJ,int,,10,0,YES
PRODDTA,F03B13,42,RYDOCG,int,,10,0,YES
PRODDTA,F03B13,45,RYVDGJ,int,,10,0,YES
PRODDTA,F03B13,48,RYDOCQ,int,,10,0,YES
PRODDTA,F03B13,52,RYICUQ,int,,10,0,YES
PRODDTA,F03B13,53,RYDIQJ,int,,10,0,YES
PRODDTA,F03B13,57,RYDKC,int,,10,0,YES
PRODDTA,F03B13,73,RYURDT,int,,10,0,YES
PRODDTA,F03B13,79,RYRNID,int,,10,0,YES
PRODDTA,F03B13,84,RYUPMJ,int,,10,0,YES
PRODDTA,F03B13,85,RYUPMT,int,,10,0,YES
PRODDTA,F03B13,87,RYVFY,int,,10,0,YES
PRODDTA,F03B13,88,RYVFP,int,,10,0,YES
PRODDTA,F03B13,89,RYVFC,int,,10,0,YES
PRODDTA,F43121,2,PRAN8,int,,10,0,YES
PRODDTA,F43121,9,PRALIN,int,,10,0,YES
PRODDTA,F43121,12,PRDMCS,int,,10,0,YES
PRODDTA,F43121,14,PRITM,int,,10,0,YES
PRODDTA,F43121,26,PRTRDJ,int,,10,0,YES
PRODDTA,F43121,27,PRRCDJ,int,,10,0,YES
PRODDTA,F43121,28,PRDRQJ,int,,10,0,YES
PRODDTA,F43121,29,PRPDDJ,int,,10,0,YES
PRODDTA,F43121,30,PROPDJ,int,,10,0,YES
PRODDTA,F43121,59,PRDGL,int,,10,0,YES
PRODDTA,F43121,95,PRURDT,int,,10,0,YES
PRODDTA,F43121,97,PRURAB,int,,10,0,YES
PRODDTA,F43121,104,PRUPMJ,int,,10,0,YES
PRODDTA,F43121,105,PRTDAY,int,,10,0,YES
PRODDTA,F43121,118,PRSHPN,int,,10,0,YES
PRODDTA,F43121,137,PRLDNM,int,,10,0,YES
PRODDTA,F43121,146,PRWVID,int,,10,0,YES
PRODDTA,F43121,147,PRCNTRTID,int,,10,0,YES
PRODDTA,F43121,151,PRREVAN8,int,,10,0,YES
PRODDTA,F43121,152,PRAPPAN8,int,,10,0,YES
PRODDTA,F40721,10,PVGENDATE,int,,10,0,YES
PRODDTA,F40721,14,PVUPMJ,int,,10,0,YES
PRODDTA,F40721,15,PVTDAY,int,,10,0,YES
PRODDTA,F03B14,4,RZDOC,int,,10,0,YES
PRODDTA,F03B14,8,RZAN8,int,,10,0,YES
PRODDTA,F03B14,10,RZDMTJ,int,,10,0,YES
PRODDTA,F03B14,11,RZDGJ,int,,10,0,YES
PRODDTA,F03B14,15,RZCTRY,int,,10,0,YES
PRODDTA,F03B14,17,RZPN,int,,10,0,YES
PRODDTA,F03B14,20,RZICU,int,,10,0,YES
PRODDTA,F03B14,21,RZDICJ,int,,10,0,YES
PRODDTA,F03B14,22,RZPA8,int,,10,0,YES
PRODDTA,F03B14,24,RZRLIN,int,,10,0,YES
PRODDTA,F03B14,74,RZNUMB,int,,10,0,YES
PRODDTA,F03B14,80,RZODOC,int,,10,0,YES
PRODDTA,F03B14,84,RZGDOC,int,,10,0,YES
PRODDTA,F03B14,89,RZDOCG,int,,10,0,YES
PRODDTA,F03B14,92,RZSMTJ,int,,10,0,YES
PRODDTA,F03B14,93,RZVDGJ,int,,10,0,YES
PRODDTA,F03B14,98,RZLFCJ,int,,10,0,YES
PRODDTA,F03B14,100,RZDDJ,int,,10,0,YES
PRODDTA,F03B14,101,RZDDNJ,int,,10,0,YES
PRODDTA,F03B14,102,RZIDGJ,int,,10,0,YES
PRODDTA,F03B14,109,RZRNID,int,,10,0,YES
PRODDTA,F03B14,113,RZUPMJ,int,,10,0,YES
PRODDTA,F03B14,114,RZUPMT,int,,10,0,YES
PRODDTA,F03B14,119,RZURDT,int,,10,0,YES
PRODDTA,F03B14,121,RZSHPN,int,,10,0,YES
PRODDTA,F03B14,123,RZDOCO,int,,10,0,YES
PRODDTA,F03B14,134,RZNETRC5,int,,10,0,YES
PRODDTA,F03B14,135,RZADGJ,int,,10,0,YES
PRODDTA,F4801,7,WAPTWO,int,,10,0,YES
PRODDTA,F4801,20,WADCG,int,,10,0,YES
PRODDTA,F4801,22,WAAN8,int,,10,0,YES
PRODDTA,F4801,23,WAANO,int,,10,0,YES
PRODDTA,F4801,24,WAANSA,int,,10,0,YES
PRODDTA,F4801,25,WAANPA,int,,10,0,YES
PRODDTA,F4801,26,WAANP,int,,10,0,YES
PRODDTA,F4801,27,WADPL,int,,10,0,YES
PRODDTA,F4801,28,WAANT,int,,10,0,YES
PRODDTA,F4801,29,WANAN8,int,,10,0,YES
PRODDTA,F4801,30,WATRDJ,int,,10,0,YES
PRODDTA,F4801,31,WASTRT,int,,10,0,YES
PRODDTA,F4801,32,WADRQJ,int,,10,0,YES
PRODDTA,F4801,33,WASTRX,int,,10,0,YES
PRODDTA,F4801,34,WADAP,int,,10,0,YES
PRODDTA,F4801,35,WADAT,int,,10,0,YES
PRODDTA,F4801,36,WAPPDT,int,,10,0,YES
PRODDTA,F4801,58,WAITM,int,,10,0,YES
PRODDTA,F4801,61,WANUMB,int,,10,0,YES
PRODDTA,F4801,70,WAPBTM,int,,10,0,YES
PRODDTA,F4801,83,WATDT,int,,10,0,YES
PRODDTA,F4801,107,WAURDT,int,,10,0,YES
PRODDTA,F4801,114,WAUPMJ,int,,10,0,YES
PRODDTA,F4801,115,WATDAY,int,,10,0,YES
PRODDTA,F4801,116,WAAAID,int,,10,0,YES
PRODDTA,F4801,121,WASAID,int,,10,0,YES
PRODDTA,F0008,5,CDD01J,int,,10,0,YES
PRODDTA,F0008,6,CDD02J,int,,10,0,YES
PRODDTA,F0008,7,CDD03J,int,,10,0,YES
PRODDTA,F0008,8,CDD04J,int,,10,0,YES
PRODDTA,F0008,9,CDD05J,int,,10,0,YES
PRODDTA,F0008,10,CDD06J,int,,10,0,YES
PRODDTA,F0008,11,CDD07J,int,,10,0,YES
PRODDTA,F0008,12,CDD08J,int,,10,0,YES
PRODDTA,F0008,13,CDD09J,int,,10,0,YES
PRODDTA,F0008,14,CDD10J,int,,10,0,YES
PRODDTA,F0008,15,CDD11J,int,,10,0,YES
PRODDTA,F0008,16,CDD12J,int,,10,0,YES
PRODDTA,F0008,17,CDD13J,int,,10,0,YES
PRODDTA,F0008,18,CDD14J,int,,10,0,YES
PRODDTA,F0008,22,CDUPMJ,int,,10,0,YES
PRODDTA,F0008,24,CDUPMT,int,,10,0,YES
PRODDTA,F0008,25,CDCTRY,int,,10,0,YES
PRODDTA,F41001,8,CISE01,int,,10,0,YES
PRODDTA,F41001,9,CISE02,int,,10,0,YES
PRODDTA,F41001,10,CISE03,int,,10,0,YES
PRODDTA,F41001,11,CISE04,int,,10,0,YES
PRODDTA,F41001,12,CISE05,int,,10,0,YES
PRODDTA,F41001,13,CISE06,int,,10,0,YES
PRODDTA,F41001,14,CISE07,int,,10,0,YES
PRODDTA,F41001,15,CISE08,int,,10,0,YES
PRODDTA,F41001,16,CISE09,int,,10,0,YES
PRODDTA,F41001,17,CISE10,int,,10,0,YES
PRODDTA,F41001,28,CIAN8,int,,10,0,YES
PRODDTA,F41001,29,CIPOCS,int,,10,0,YES
PRODDTA,F41001,30,CIINCS,int,,10,0,YES
PRODDTA,F41001,31,CIIALP,int,,10,0,YES
PRODDTA,F41001,32,CIBSDY,int,,10,0,YES
PRODDTA,F41001,33,CIIA1,int,,10,0,YES
PRODDTA,F41001,34,CIIB1,int,,10,0,YES
PRODDTA,F41001,35,CIIC1,int,,10,0,YES
PRODDTA,F41001,36,CIIA2,int,,10,0,YES
PRODDTA,F41001,37,CIIB2,int,,10,0,YES
PRODDTA,F41001,38,CIIC2,int,,10,0,YES
PRODDTA,F41001,39,CIIA3,int,,10,0,YES
PRODDTA,F41001,40,CIIB3,int,,10,0,YES
PRODDTA,F41001,41,CIIC3,int,,10,0,YES
PRODDTA,F41001,42,CIPNC,int,,10,0,YES
PRODDTA,F41001,49,CICOMH,int,,10,0,YES
PRODDTA,F41001,95,CIUPMJ,int,,10,0,YES
PRODDTA,F41001,96,CITDAY,int,,10,0,YES
PRODDTA,F0411,7,RPAN8,int,,10,0,YES
PRODDTA,F0411,8,RPPYE,int,,10,0,YES
PRODDTA,F0411,9,RPSNTO,int,,10,0,YES
PRODDTA,F0411,10,RPDIVJ,int,,10,0,YES
PRODDTA,F0411,11,RPDSVJ,int,,10,0,YES
PRODDTA,F0411,12,RPDDJ,int,,10,0,YES
PRODDTA,F0411,13,RPDDNJ,int,,10,0,YES
PRODDTA,F0411,14,RPDGJ,int,,10,0,YES
PRODDTA,F0411,15,RPFY,int,,10,0,YES
PRODDTA,F0411,16,RPCTRY,int,,10,0,YES
PRODDTA,F0411,17,RPPN,int,,10,0,YES
PRODDTA,F0411,19,RPICU,int,,10,0,YES
PRODDTA,F0411,21,RPDICJ,int,,10,0,YES
PRODDTA,F0411,58,RPODOC,int,,10,0,YES
PRODDTA,F0411,73,RPDRF,int,,10,0,YES
PRODDTA,F0411,87,RPITM,int,,10,0,YES
PRODDTA,F0411,89,RPHDGJ,int,,10,0,YES
PRODDTA,F0411,91,RPURDT,int,,10,0,YES
PRODDTA,F0411,93,RPURAB,int,,10,0,YES
PRODDTA,F0411,98,RPUPMJ,int,,10,0,YES
PRODDTA,F0411,99,RPUPMT,int,,10,0,YES
PRODDTA,F0411,135,RPCNTRTID,int,,10,0,YES
PRODDTA,F0411,137,RPWVID,int,,10,0,YES
PRODDTA,F00092,11,T3EFT,int,,10,0,YES
PRODDTA,F00092,15,T3EFTE,int,,10,0,YES
PRODDTA,F00092,20,T3UPDJ,int,,10,0,YES
PRODDTA,F00092,21,T3DYUD,int,,10,0,YES
PRODDTA,F00092,22,T3AN8,int,,10,0,YES
PRODDTA,F00092,27,T3UPMJ,int,,10,0,YES
PRODDTA,F00092,28,T3TDAY,int,,10,0,YES
PRODDTA,F00092,30,T3UPTM,int,,10,0,YES
PRODDTA,F41003,7,UCUPMJ,int,,10,0,YES
PRODDTA,F41003,8,UCTDAY,int,,10,0,YES
PRODDTA,F0413,3,RMDOCM,int,,10,0,YES
PRODDTA,F0413,4,RMPYE,int,,10,0,YES
PRODDTA,F0413,6,RMDMTJ,int,,10,0,YES
PRODDTA,F0413,7,RMVDGJ,int,,10,0,YES
PRODDTA,F0413,8,RMICU,int,,10,0,YES
PRODDTA,F0413,10,RMDICJ,int,,10,0,YES
PRODDTA,F0413,15,RMVLDT,int,,10,0,YES
PRODDTA,F0413,23,RMUPMJ,int,,10,0,YES
PRODDTA,F0413,24,RMUPMT,int,,10,0,YES
PRODDTA,F0413,39,RMCNTRTID,int,,10,0,YES
PRODDTA,F0413,41,RMWVID,int,,10,0,YES
PRODDTA,F0010,4,CCDFYJ,int,,10,0,YES
PRODDTA,F0010,5,CCPNC,int,,10,0,YES
PRODDTA,F0010,16,CCTXBM,int,,10,0,YES
PRODDTA,F0010,17,CCTXBO,int,,10,0,YES
PRODDTA,F0010,18,CCNWXJ,int,,10,0,YES
PRODDTA,F0010,23,CCPNF,int,,10,0,YES
PRODDTA,F0010,24,CCDFF,int,,10,0,YES
PRODDTA,F0010,34,CCCRDY,int,,10,0,YES
PRODDTA,F0010,35,CCAGR1,int,,10,0,YES
PRODDTA,F0010,36,CCAGR2,int,,10,0,YES
PRODDTA,F0010,37,CCAGR3,int,,10,0,YES
PRODDTA,F0010,38,CCAGR4,int,,10,0,YES
PRODDTA,F0010,39,CCAGR5,int,,10,0,YES
PRODDTA,F0010,40,CCAGR6,int,,10,0,YES
PRODDTA,F0010,41,CCAGR7,int,,10,0,YES
PRODDTA,F0010,42,CCFRY,int,,10,0,YES
PRODDTA,F0010,43,CCFRP,int,,10,0,YES
PRODDTA,F0010,44,CCNNP,int,,10,0,YES
PRODDTA,F0010,47,CCDAG,int,,10,0,YES
PRODDTA,F0010,48,CCARPN,int,,10,0,YES
PRODDTA,F0010,49,CCAPPN,int,,10,0,YES
PRODDTA,F0010,50,CCARFJ,int,,10,0,YES
PRODDTA,F0010,51,CCAPFJ,int,,10,0,YES
PRODDTA,F0010,52,CCAN8,int,,10,0,YES
PRODDTA,F0010,59,CCUPMJ,int,,10,0,YES
PRODDTA,F0010,61,CCUPMT,int,,10,0,YES
PRODDTA,F0010,62,CCTSID,int,,10,0,YES
PRODDTA,F0010,65,CCAN8C,int,,10,0,YES
PRODDTA,F4217,6,XIDOC,int,,10,0,YES
PRODDTA,F4217,12,XIUPMJ,int,,10,0,YES
PRODDTA,F4217,13,XITDAY,int,,10,0,YES
PRODDTA,F0414,6,RNDOC,int,,10,0,YES
PRODDTA,F0414,8,RNSFXE,int,,10,0,YES
PRODDTA,F0414,21,RNPN,int,,10,0,YES
PRODDTA,F0414,22,RNFY,int,,10,0,YES
PRODDTA,F0414,23,RNCTRY,int,,10,0,YES
PRODDTA,F0414,25,RNAN8,int,,10,0,YES
PRODDTA,F0414,33,RNUPMJ,int,,10,0,YES
PRODDTA,F0414,34,RNUPMT,int,,10,0,YES
PRODDTA,F0414,47,RNNETRC5,int,,10,0,YES
PRODDTA,F0414,48,RNCNTRTID,int,,10,0,YES
PRODDTA,F0414,50,RNWVID,int,,10,0,YES
PRODDTA,F0012,18,KGUPMJ,int,,10,0,YES
PRODDTA,F0012,20,KGUPMT,int,,10,0,YES
PRODDTA,F42199,17,SLDMCS,int,,10,0,YES
PRODDTA,F42199,18,SLAN8,int,,10,0,YES
PRODDTA,F42199,19,SLSHAN,int,,10,0,YES
PRODDTA,F42199,20,SLPA8,int,,10,0,YES
PRODDTA,F42199,21,SLDRQJ,int,,10,0,YES
PRODDTA,F42199,22,SLTRDJ,int,,10,0,YES
PRODDTA,F42199,23,SLPDDJ,int,,10,0,YES
PRODDTA,F42199,24,SLADDJ,int,,10,0,YES
PRODDTA,F42199,25,SLIVD,int,,10,0,YES
PRODDTA,F42199,26,SLCNDJ,int,,10,0,YES
PRODDTA,F42199,27,SLDGL,int,,10,0,YES
PRODDTA,F42199,28,SLRSDJ,int,,10,0,YES
PRODDTA,F42199,29,SLPEFJ,int,,10,0,YES
PRODDTA,F42199,30,SLPPDJ,int,,10,0,YES
PRODDTA,F42199,33,SLITM,int,,10,0,YES
PRODDTA,F42199,97,SLDOC,int,,10,0,YES
PRODDTA,F42199,99,SLODOC,int,,10,0,YES
PRODDTA,F42199,102,SLPSN,int,,10,0,YES
PRODDTA,F42199,103,SLDELN,int,,10,0,YES
PRODDTA,F42199,142,SLCTRY,int,,10,0,YES
PRODDTA,F42199,181,SLURDT,int,,10,0,YES
PRODDTA,F42199,206,SLPMDT,int,,10,0,YES
PRODDTA,F42199,207,SLRLTM,int,,10,0,YES
PRODDTA,F42199,208,SLRLDJ,int,,10,0,YES
PRODDTA,F42199,209,SLDRQT,int,,10,0,YES
PRODDTA,F42199,210,SLADTM,int,,10,0,YES
PRODDTA,F42199,211,SLOPTT,int,,10,0,YES
PRODDTA,F42199,212,SLPDTT,int,,10,0,YES
PRODDTA,F42199,213,SLPSTM,int,,10,0,YES
PRODDTA,F42199,219,SLCORD,int,,10,0,YES
PRODDTA,F42199,224,SLSHPN,int,,10,0,YES
PRODDTA,F42199,225,SLRSDT,int,,10,0,YES
PRODDTA,F42199,234,SLOPDJ,int,,10,0,YES
PRODDTA,F42199,236,SLXORN,int,,10,0,YES
PRODDTA,F42199,242,SLANBY,int,,10,0,YES
PRODDTA,F42199,244,SLNUMB,int,,10,0,YES
PRODDTA,F42199,245,SLAAID,int,,10,0,YES
PRODDTA,F0013,8,CVUPMJ,int,,10,0,YES
PRODDTA,F0013,10,CVUPMT,int,,10,0,YES
PRODDTA,F46011,19,IQSLIM,int,,10,0,YES
PRODDTA,F46011,33,IQUPMJ,int,,10,0,YES
PRODDTA,F46011,34,IQTDAY,int,,10,0,YES
PRODDTA,F0014,4,PNDCD,int,,10,0,YES
PRODDTA,F0014,5,PNNDTP,int,,10,0,YES
PRODDTA,F0014,6,PNDDJ,int,,10,0,YES
PRODDTA,F0014,7,PNNSP,int,,10,0,YES
PRODDTA,F0014,8,PNDTPA,int,,10,0,YES
PRODDTA,F0014,12,PNUPMJ,int,,10,0,YES
PRODDTA,F0014,14,PNUPMT,int,,10,0,YES
PRODDTA,F0014,15,PNPXDM,int,,10,0,YES
PRODDTA,F0014,16,PNPXDD,int,,10,0,YES
PRODDTA,F4908,11,IIFPNT,int,,10,0,YES
PRODDTA,F4908,23,IIUPMJ,int,,10,0,YES
PRODDTA,F4908,24,IITDAY,int,,10,0,YES
PRODDTA,F0025,25,LHUPMJ,int,,10,0,YES
PRODDTA,F0025,27,LHUPMT,int,,10,0,YES
PRODDTA,F0101,22,ABEFTB,int,,10,0,YES
PRODDTA,F0101,23,ABAN81,int,,10,0,YES
PRODDTA,F0101,24,ABAN82,int,,10,0,YES
PRODDTA,F0101,25,ABAN83,int,,10,0,YES
PRODDTA,F0101,26,ABAN84,int,,10,0,YES
PRODDTA,F0101,27,ABAN86,int,,10,0,YES
PRODDTA,F0101,28,ABAN85,int,,10,0,YES
PRODDTA,F0101,60,ABPTI,int,,10,0,YES
PRODDTA,F0101,61,ABPDI,int,,10,0,YES
PRODDTA,F0101,68,ABURDT,int,,10,0,YES
PRODDTA,F0101,70,ABURAB,int,,10,0,YES
PRODDTA,F0101,74,ABUPMJ,int,,10,0,YES
PRODDTA,F0101,76,ABUPMT,int,,10,0,YES
PRODDTA,F0101,88,ABGROWTHR,int,,10,0,YES
PRODDTA,F0101,93,ABSYNCS,int,,10,0,YES
PRODDTA,F0101,94,ABPERRS,int,,10,0,YES
PRODDTA,F0101,95,ABCAAD,int,,10,0,YES
PRODDTA,F0006,6,MCAN8,int,,10,0,YES
PRODDTA,F0006,7,MCAN8O,int,,10,0,YES
PRODDTA,F0006,46,MCTXJS,int,,10,0,YES
PRODDTA,F0006,92,MCANPA,int,,10,0,YES
PRODDTA,F0006,102,MCD1J,int,,10,0,YES
PRODDTA,F0006,103,MCD2J,int,,10,0,YES
PRODDTA,F0006,104,MCD3J,int,,10,0,YES
PRODDTA,F0006,105,MCD4J,int,,10,0,YES
PRODDTA,F0006,106,MCD5J,int,,10,0,YES
PRODDTA,F0006,107,MCD6J,int,,10,0,YES
PRODDTA,F0006,108,MCFPDJ,int,,10,0,YES
PRODDTA,F0006,115,MCUPMJ,int,,10,0,YES
PRODDTA,F0006,117,MCUPMT,int,,10,0,YES
PRODDTA,F0006,141,MCAN8GCA1,int,,10,0,YES
PRODDTA,F0006,142,MCAN8GCA2,int,,10,0,YES
PRODDTA,F0006,143,MCAN8GCA3,int,,10,0,YES
PRODDTA,F0006,144,MCAN8GCA4,int,,10,0,YES
PRODDTA,F0006,145,MCAN8GCA5,int,,10,0,YES
PRODDTA,F0006,147,MCDOCO,int,,10,0,YES
PRODDTA,F0006,148,MCPCTN,int,,10,0,YES
PRODDTA,F0006,149,MCCLNU,int,,10,0,YES
PRODDTA,F0115,10,WPUPMJ,int,,10,0,YES
PRODDTA,F0115,12,WPUPMT,int,,10,0,YES
PRODDTA,F0115,13,WPCFNO1,int,,10,0,YES
PRODDTA,F0115,16,WPSYNCS,int,,10,0,YES
PRODDTA,F0115,17,WPCAAD,int,,10,0,YES
PRODDTA,F5542UOM,10,IBUPMJ,int,,10,0,YES
PRODDTA,F0116,17,ALUPMJ,int,,10,0,YES
PRODDTA,F0116,19,ALUPMT,int,,10,0,YES
PRODDTA,F0150,5,MABEFD,int,,10,0,YES
PRODDTA,F0150,6,MAEEFD,int,,10,0,YES
PRODDTA,F0150,9,MAUPMJ,int,,10,0,YES
PRODDTA,F0150,12,MAUPMT,int,,10,0,YES
PRODDTA,F554101,1,IMITM,int,,10,0,YES
PRODDTA,F554101,10,IMUPMJ,int,,10,0,YES
PRODDTA,F554101,11,IMTDAY,int,,10,0,YES
PRODDTA,F03B11_ARCH,5,RPAN8,int,,10,0,YES
PRODDTA,F03B11_ARCH,6,RPDGJ,int,,10,0,YES
PRODDTA,F03B11_ARCH,7,RPDIVJ,int,,10,0,YES
PRODDTA,F03B11_ARCH,9,RPICU,int,,10,0,YES
PRODDTA,F03B11_ARCH,10,RPDICJ,int,,10,0,YES
PRODDTA,F03B11_ARCH,12,RPCTRY,int,,10,0,YES
PRODDTA,F03B11_ARCH,13,RPPN,int,,10,0,YES
PRODDTA,F03B11_ARCH,17,RPPA8,int,,10,0,YES
PRODDTA,F03B11_ARCH,18,RPAN8J,int,,10,0,YES
PRODDTA,F03B11_ARCH,19,RPPYR,int,,10,0,YES
PRODDTA,F03B11_ARCH,45,RPDSVJ,int,,10,0,YES
PRODDTA,F03B11_ARCH,56,RPDDJ,int,,10,0,YES
PRODDTA,F03B11_ARCH,57,RPDDNJ,int,,10,0,YES
PRODDTA,F03B11_ARCH,58,RPRDDJ,int,,10,0,YES
PRODDTA,F03B11_ARCH,59,RPRDSJ,int,,10,0,YES
PRODDTA,F03B11_ARCH,60,RPLFCJ,int,,10,0,YES
PRODDTA,F03B11_ARCH,61,RPSMTJ,int,,10,0,YES
PRODDTA,F03B11_ARCH,64,RPRMDS,int,,10,0,YES
PRODDTA,F03B11_ARCH,70,RPODOC,int,,10,0,YES
PRODDTA,F03B11_ARCH,80,RPSDOC,int,,10,0,YES
PRODDTA,F03B11_ARCH,84,RPVLDT,int,,10,0,YES
PRODDTA,F03B11_ARCH,92,RPDRF,int,,10,0,YES
PRODDTA,F03B11_ARCH,95,RPITM,int,,10,0,YES
PRODDTA,F03B11_ARCH,100,RPVDGJ,int,,10,0,YES
PRODDTA,F03B11_ARCH,118,RPURDT,int,,10,0,YES
PRODDTA,F03B11_ARCH,122,RPRNID,int,,10,0,YES
PRODDTA,F03B11_ARCH,123,RPPPDI,int,,10,0,YES
PRODDTA,F03B11_ARCH,126,RPJCL,int,,10,0,YES
PRODDTA,F03B11_ARCH,128,RPUPMJ,int,,10,0,YES
PRODDTA,F03B11_ARCH,129,RPUPMT,int,,10,0,YES
PRODDTA,F03B11_ARCH,133,RPHDGJ,int,,10,0,YES
PRODDTA,F03B11_ARCH,134,RPSHPN,int,,10,0,YES
PRODDTA,F03B11_ARCH,146,RPDOCO,int,,10,0,YES
PRODDTA,F03B11_ARCH,149,RPDTPB,int,,10,0,YES
PRODDTA,F03B11_ARCH,150,RPERDJ,int,,10,0,YES
PRODDTA,F03B11_ARCH,156,RPAJCL,int,,10,0,YES
PRODDTA,F0111,28,WWUPMJ,int,,10,0,YES
PRODDTA,F0111,30,WWUPMT,int,,10,0,YES
PRODDTA,F0111,34,WWDDATE,int,,10,0,YES
PRODDTA,F0111,35,WWDMON,int,,10,0,YES
PRODDTA,F03012,8,AIDCAR,int,,10,0,YES
PRODDTA,F03012,19,AIARPY,int,,10,0,YES
PRODDTA,F03012,28,AIDLC,int,,10,0,YES
PRODDTA,F03012,31,AIRVDJ,int,,10,0,YES
PRODDTA,F03012,32,AIDSO,int,,10,0,YES
PRODDTA,F03012,35,AIDLQT,int,,10,0,YES
PRODDTA,F03012,36,AIDLQJ,int,,10,0,YES
PRODDTA,F03012,39,AINBR1,int,,10,0,YES
PRODDTA,F03012,40,AINBR2,int,,10,0,YES
PRODDTA,F03012,41,AINBR3,int,,10,0,YES
PRODDTA,F03012,42,AINBCL,int,,10,0,YES
PRODDTA,F03012,44,AIFD,int,,10,0,YES
PRODDTA,F03012,48,AIDT1J,int,,10,0,YES
PRODDTA,F03012,49,AIDFIJ,int,,10,0,YES
PRODDTA,F03012,50,AIDLIJ,int,,10,0,YES
PRODDTA,F03012,54,AIFNDJ,int,,10,0,YES
PRODDTA,F03012,55,AIDLP,int,,10,0,YES
PRODDTA,F03012,57,AIDNBJ,int,,10,0,YES
PRODDTA,F03012,59,AITWDJ,int,,10,0,YES
PRODDTA,F03012,60,AIAVD,int,,10,0,YES
PRODDTA,F03012,74,AIOYTD,int,,10,0,YES
PRODDTA,F03012,75,AIOPY,int,,10,0,YES
PRODDTA,F03012,77,AIDAOJ,int,,10,0,YES
PRODDTA,F03012,78,AIAN8R,int,,10,0,YES
PRODDTA,F03012,89,AICARS,int,,10,0,YES
PRODDTA,F03012,92,AILTDT,int,,10,0,YES
PRODDTA,F03012,101,AIINVC,int,,10,0,YES
PRODDTA,F03012,104,AINIVD,int,,10,0,YES
PRODDTA,F03012,105,AILEDJ,int,,10,0,YES
PRODDTA,F03012,108,AICMC1,int,,10,0,YES
PRODDTA,F03012,110,AICMC2,int,,10,0,YES
PRODDTA,F03012,118,AIEDQD,int,,10,0,YES
PRODDTA,F03012,119,AIEDAD,int,,10,0,YES
PRODDTA,F03012,129,AIURAB,int,,10,0,YES
PRODDTA,F03012,130,AIURDT,int,,10,0,YES
PRODDTA,F03012,136,AIPLY,int,,10,0,YES
PRODDTA,F03012,137,AIMAN8,int,,10,0,YES
PRODDTA,F03012,190,AIUPMJ,int,,10,0,YES
PRODDTA,F03012,191,AIUPMT,int,,10,0,YES
PRODDTA,F03012,201,AIPWPCP,int,,10,0,YES
PRODDTA,F03012,208,AISYNCS,int,,10,0,YES
PRODDTA,F03012,209,AICAAD,int,,10,0,YES
PRODDTA,F03B13_ARCH,3,RYAN8,int,,10,0,YES
PRODDTA,F03B13_ARCH,4,RYPYR,int,,10,0,YES
PRODDTA,F03B13_ARCH,5,RYDMTJ,int,,10,0,YES
PRODDTA,F03B13_ARCH,6,RYDGJ,int,,10,0,YES
PRODDTA,F03B13_ARCH,7,RYVLDT,int,,10,0,YES
PRODDTA,F03B13_ARCH,14,RYCTRY,int,,10,0,YES
PRODDTA,F03B13_ARCH,15,RYFY,int,,10,0,YES
PRODDTA,F03B13_ARCH,16,RYPN,int,,10,0,YES
PRODDTA,F03B13_ARCH,19,RYICU,int,,10,0,YES
PRODDTA,F03B13_ARCH,20,RYDICJ,int,,10,0,YES
PRODDTA,F03B13_ARCH,21,RYPA8,int,,10,0,YES
PRODDTA,F03B13_ARCH,28,RYERDJ,int,,10,0,YES
PRODDTA,F03B13_ARCH,42,RYDOCG,int,,10,0,YES
PRODDTA,F03B13_ARCH,45,RYVDGJ,int,,10,0,YES
PRODDTA,F03B13_ARCH,48,RYDOCQ,int,,10,0,YES
PRODDTA,F03B13_ARCH,52,RYICUQ,int,,10,0,YES
PRODDTA,F03B13_ARCH,53,RYDIQJ,int,,10,0,YES
PRODDTA,F03B13_ARCH,57,RYDKC,int,,10,0,YES
PRODDTA,F03B13_ARCH,73,RYURDT,int,,10,0,YES
PRODDTA,F03B13_ARCH,79,RYRNID,int,,10,0,YES
PRODDTA,F03B13_ARCH,84,RYUPMJ,int,,10,0,YES
PRODDTA,F03B13_ARCH,85,RYUPMT,int,,10,0,YES
PRODDTA,F03B13_ARCH,87,RYVFY,int,,10,0,YES
PRODDTA,F03B13_ARCH,88,RYVFP,int,,10,0,YES
PRODDTA,F03B13_ARCH,89,RYVFC,int,,10,0,YES
PRODDTA,F4801T,4,WASCSP,int,,10,0,YES
PRODDTA,F4801T,14,WAATST,int,,10,0,YES
PRODDTA,F4801T,15,WABSEQ,int,,10,0,YES
PRODDTA,F4801T,20,WAD5J,int,,10,0,YES
PRODDTA,F4801T,21,WAD6J,int,,10,0,YES
PRODDTA,F4801T,28,WAPRJM,int,,10,0,YES
PRODDTA,F4801T,55,WATMCO,int,,10,0,YES
PRODDTA,F4801T,59,WARSTM,int,,10,0,YES
PRODDTA,F4801T,70,WASEST,int,,10,0,YES
PRODDTA,F4801T,71,WASEET,int,,10,0,YES
PRODDTA,F4801T,75,WACSLPRT,int,,10,0,YES
PRODDTA,F4801T,79,WAFAILDT,int,,10,0,YES
PRODDTA,F4801T,80,WAFAILTM,int,,10,0,YES
PRODDTA,F4801T,81,WAREPDT,int,,10,0,YES
PRODDTA,F4801T,82,WAREPTM,int,,10,0,YES
PRODDTA,F4801T,83,WAVEND,int,,10,0,YES
PRODDTA,F4801T,84,WAAN8AS,int,,10,0,YES
PRODDTA,F4801T,85,WAAN8SRM,int,,10,0,YES
PRODDTA,F4801T,114,WAISNO,int,,10,0,YES
PRODDTA,F4801T,116,WADOC,int,,10,0,YES
PRODDTA,F4801T,120,WALNID,int,,10,0,YES
PRODDTA,F03B14_ARCH,4,RZDOC,int,,10,0,YES
PRODDTA,F03B14_ARCH,8,RZAN8,int,,10,0,YES
PRODDTA,F03B14_ARCH,10,RZDMTJ,int,,10,0,YES
PRODDTA,F03B14_ARCH,11,RZDGJ,int,,10,0,YES
PRODDTA,F03B14_ARCH,15,RZCTRY,int,,10,0,YES
PRODDTA,F03B14_ARCH,17,RZPN,int,,10,0,YES
PRODDTA,F03B14_ARCH,20,RZICU,int,,10,0,YES
PRODDTA,F03B14_ARCH,21,RZDICJ,int,,10,0,YES
PRODDTA,F03B14_ARCH,22,RZPA8,int,,10,0,YES
PRODDTA,F03B14_ARCH,24,RZRLIN,int,,10,0,YES
PRODDTA,F03B14_ARCH,74,RZNUMB,int,,10,0,YES
PRODDTA,F03B14_ARCH,80,RZODOC,int,,10,0,YES
PRODDTA,F03B14_ARCH,84,RZGDOC,int,,10,0,YES
PRODDTA,F03B14_ARCH,89,RZDOCG,int,,10,0,YES
PRODDTA,F03B14_ARCH,92,RZSMTJ,int,,10,0,YES
PRODDTA,F03B14_ARCH,93,RZVDGJ,int,,10,0,YES
PRODDTA,F03B14_ARCH,98,RZLFCJ,int,,10,0,YES
PRODDTA,F03B14_ARCH,100,RZDDJ,int,,10,0,YES
PRODDTA,F03B14_ARCH,101,RZDDNJ,int,,10,0,YES
PRODDTA,F03B14_ARCH,102,RZIDGJ,int,,10,0,YES
PRODDTA,F03B14_ARCH,109,RZRNID,int,,10,0,YES
PRODDTA,F03B14_ARCH,113,RZUPMJ,int,,10,0,YES
PRODDTA,F03B14_ARCH,114,RZUPMT,int,,10,0,YES
PRODDTA,F03B14_ARCH,119,RZURDT,int,,10,0,YES
PRODDTA,F03B14_ARCH,121,RZSHPN,int,,10,0,YES
PRODDTA,F03B14_ARCH,123,RZDOCO,int,,10,0,YES
PRODDTA,F03B14_ARCH,134,RZNETRC5,int,,10,0,YES
PRODDTA,F03B14_ARCH,135,RZADGJ,int,,10,0,YES
PRODDTA,F0411_ARCH,7,RPAN8,int,,10,0,YES
PRODDTA,F0411_ARCH,8,RPPYE,int,,10,0,YES
PRODDTA,F0411_ARCH,9,RPSNTO,int,,10,0,YES
PRODDTA,F0411_ARCH,10,RPDIVJ,int,,10,0,YES
PRODDTA,F0411_ARCH,11,RPDSVJ,int,,10,0,YES
PRODDTA,F0411_ARCH,12,RPDDJ,int,,10,0,YES
PRODDTA,F0411_ARCH,13,RPDDNJ,int,,10,0,YES
PRODDTA,F0411_ARCH,14,RPDGJ,int,,10,0,YES
PRODDTA,F0411_ARCH,15,RPFY,int,,10,0,YES
PRODDTA,F0411_ARCH,16,RPCTRY,int,,10,0,YES
PRODDTA,F0411_ARCH,17,RPPN,int,,10,0,YES
PRODDTA,F0411_ARCH,19,RPICU,int,,10,0,YES
PRODDTA,F0411_ARCH,21,RPDICJ,int,,10,0,YES
PRODDTA,F0411_ARCH,58,RPODOC,int,,10,0,YES
PRODDTA,F0411_ARCH,73,RPDRF,int,,10,0,YES
PRODDTA,F0411_ARCH,87,RPITM,int,,10,0,YES
PRODDTA,F0411_ARCH,89,RPHDGJ,int,,10,0,YES
PRODDTA,F0411_ARCH,91,RPURDT,int,,10,0,YES
PRODDTA,F0411_ARCH,93,RPURAB,int,,10,0,YES
PRODDTA,F0411_ARCH,98,RPUPMJ,int,,10,0,YES
PRODDTA,F0411_ARCH,99,RPUPMT,int,,10,0,YES
PRODDTA,F0411_ARCH,135,RPCNTRTID,int,,10,0,YES
PRODDTA,F0411_ARCH,137,RPWVID,int,,10,0,YES
PRODDTA,F4201,13,SHAN8,int,,10,0,YES
PRODDTA,F4201,14,SHSHAN,int,,10,0,YES
PRODDTA,F4201,15,SHPA8,int,,10,0,YES
PRODDTA,F4201,16,SHDRQJ,int,,10,0,YES
PRODDTA,F4201,17,SHTRDJ,int,,10,0,YES
PRODDTA,F4201,18,SHPDDJ,int,,10,0,YES
PRODDTA,F4201,19,SHOPDJ,int,,10,0,YES
PRODDTA,F4201,20,SHADDJ,int,,10,0,YES
PRODDTA,F4201,21,SHCNDJ,int,,10,0,YES
PRODDTA,F4201,22,SHPEFJ,int,,10,0,YES
PRODDTA,F4201,23,SHPPDJ,int,,10,0,YES
PRODDTA,F4201,44,SHINVC,int,,10,0,YES
PRODDTA,F4201,46,SHANBY,int,,10,0,YES
PRODDTA,F4201,47,SHCARS,int,,10,0,YES
PRODDTA,F4201,67,SHCEXP,int,,10,0,YES
PRODDTA,F4201,79,SHURDT,int,,10,0,YES
PRODDTA,F4201,81,SHURAB,int,,10,0,YES
PRODDTA,F4201,86,SHUPMJ,int,,10,0,YES
PRODDTA,F4201,87,SHTDAY,int,,10,0,YES
PRODDTA,F4201,95,SHPMDT,int,,10,0,YES
PRODDTA,F4201,96,SHRSDT,int,,10,0,YES
PRODDTA,F4201,97,SHRQSJ,int,,10,0,YES
PRODDTA,F4201,98,SHPSTM,int,,10,0,YES
PRODDTA,F4201,99,SHPDTT,int,,10,0,YES
PRODDTA,F4201,100,SHOPTT,int,,10,0,YES
PRODDTA,F4201,101,SHDRQT,int,,10,0,YES
PRODDTA,F4201,102,SHADTM,int,,10,0,YES
PRODDTA,F4201,103,SHADLJ,int,,10,0,YES
PRODDTA,F4201,104,SHPBAN,int,,10,0,YES
PRODDTA,F4201,105,SHITAN,int,,10,0,YES
PRODDTA,F4201,106,SHFTAN,int,,10,0,YES
PRODDTA,F4201,107,SHDVAN,int,,10,0,YES
PRODDTA,F4201,108,SHDOC1,int,,10,0,YES
PRODDTA,F4201,110,SHCORD,int,,10,0,YES
PRODDTA,F4201,117,SHOPLD,int,,10,0,YES
PRODDTA,F4201,126,SHPRAN8,int,,10,0,YES
PRODDTA,F4201,131,SHPRCIDLN,int,,10,0,YES
PRODDTA,F4201,132,SHCCIDLN,int,,10,0,YES
PRODDTA,F4201,133,SHSHCCIDLN,int,,10,0,YES
PRODDTA,F0413_ARCH,3,RMDOCM,int,,10,0,YES
PRODDTA,F0413_ARCH,4,RMPYE,int,,10,0,YES
PRODDTA,F0413_ARCH,6,RMDMTJ,int,,10,0,YES
PRODDTA,F0413_ARCH,7,RMVDGJ,int,,10,0,YES
PRODDTA,F0413_ARCH,8,RMICU,int,,10,0,YES
PRODDTA,F0413_ARCH,10,RMDICJ,int,,10,0,YES
PRODDTA,F0413_ARCH,15,RMVLDT,int,,10,0,YES
PRODDTA,F0413_ARCH,23,RMUPMJ,int,,10,0,YES
PRODDTA,F0413_ARCH,24,RMUPMT,int,,10,0,YES
PRODDTA,F0413_ARCH,39,RMCNTRTID,int,,10,0,YES
PRODDTA,F0413_ARCH,41,RMWVID,int,,10,0,YES
PRODDTA,F0401,7,A6DCAP,int,,10,0,YES
PRODDTA,F0401,15,A6TAWH,int,,10,0,YES
PRODDTA,F0401,20,A6SNTO,int,,10,0,YES
PRODDTA,F0401,22,A6FLD,int,,10,0,YES
PRODDTA,F0401,32,A6AN8R,int,,10,0,YES
PRODDTA,F0401,41,A6ANCR,int,,10,0,YES
PRODDTA,F0401,55,A6EDQD,int,,10,0,YES
PRODDTA,F0401,56,A6EDAD,int,,10,0,YES
PRODDTA,F0401,68,A6URDT,int,,10,0,YES
PRODDTA,F0401,75,A6UPMJ,int,,10,0,YES
PRODDTA,F0401,76,A6UPMT,int,,10,0,YES
PRODDTA,F0414_ARCH,6,RNDOC,int,,10,0,YES
PRODDTA,F0414_ARCH,8,RNSFXE,int,,10,0,YES
PRODDTA,F0414_ARCH,21,RNPN,int,,10,0,YES
PRODDTA,F0414_ARCH,22,RNFY,int,,10,0,YES
PRODDTA,F0414_ARCH,23,RNCTRY,int,,10,0,YES
PRODDTA,F0414_ARCH,25,RNAN8,int,,10,0,YES
PRODDTA,F0414_ARCH,33,RNUPMJ,int,,10,0,YES
PRODDTA,F0414_ARCH,34,RNUPMT,int,,10,0,YES
PRODDTA,F0414_ARCH,47,RNNETRC5,int,,10,0,YES
PRODDTA,F0414_ARCH,48,RNCNTRTID,int,,10,0,YES
PRODDTA,F0414_ARCH,50,RNWVID,int,,10,0,YES
PRODDTA,F42019,13,SHAN8,int,,10,0,YES
PRODDTA,F42019,14,SHSHAN,int,,10,0,YES
PRODDTA,F42019,15,SHPA8,int,,10,0,YES
PRODDTA,F42019,16,SHDRQJ,int,,10,0,YES
PRODDTA,F42019,17,SHTRDJ,int,,10,0,YES
PRODDTA,F42019,18,SHPDDJ,int,,10,0,YES
PRODDTA,F42019,19,SHOPDJ,int,,10,0,YES
PRODDTA,F42019,20,SHADDJ,int,,10,0,YES
PRODDTA,F42019,21,SHCNDJ,int,,10,0,YES
PRODDTA,F42019,22,SHPEFJ,int,,10,0,YES
PRODDTA,F42019,23,SHPPDJ,int,,10,0,YES
PRODDTA,F42019,44,SHINVC,int,,10,0,YES
PRODDTA,F42019,46,SHANBY,int,,10,0,YES
PRODDTA,F42019,47,SHCARS,int,,10,0,YES
PRODDTA,F42019,67,SHCEXP,int,,10,0,YES
PRODDTA,F42019,79,SHURDT,int,,10,0,YES
PRODDTA,F42019,81,SHURAB,int,,10,0,YES
PRODDTA,F42019,86,SHUPMJ,int,,10,0,YES
PRODDTA,F42019,87,SHTDAY,int,,10,0,YES
PRODDTA,F42019,95,SHPMDT,int,,10,0,YES
PRODDTA,F42019,96,SHRSDT,int,,10,0,YES
PRODDTA,F42019,97,SHRQSJ,int,,10,0,YES
PRODDTA,F42019,98,SHPSTM,int,,10,0,YES
PRODDTA,F42019,99,SHPDTT,int,,10,0,YES
PRODDTA,F42019,100,SHOPTT,int,,10,0,YES
PRODDTA,F42019,101,SHDRQT,int,,10,0,YES
PRODDTA,F42019,102,SHADTM,int,,10,0,YES
PRODDTA,F42019,103,SHADLJ,int,,10,0,YES
PRODDTA,F42019,104,SHPBAN,int,,10,0,YES
PRODDTA,F42019,105,SHITAN,int,,10,0,YES
PRODDTA,F42019,106,SHFTAN,int,,10,0,YES
PRODDTA,F42019,107,SHDVAN,int,,10,0,YES
PRODDTA,F42019,108,SHDOC1,int,,10,0,YES
PRODDTA,F42019,110,SHCORD,int,,10,0,YES
PRODDTA,F42019,117,SHOPLD,int,,10,0,YES
PRODDTA,F42019,126,SHPRAN8,int,,10,0,YES
PRODDTA,F42019,131,SHPRCIDLN,int,,10,0,YES
PRODDTA,F42019,132,SHCCIDLN,int,,10,0,YES
PRODDTA,F42019,133,SHSHCCIDLN,int,,10,0,YES
PRODDTA,F3411,2,MMITM,int,,10,0,YES
PRODDTA,F3411,9,MMDOCO,int,,10,0,YES
PRODDTA,F3411,11,MMLNID,int,,10,0,YES
PRODDTA,F3411,15,MMVEND,int,,10,0,YES
PRODDTA,F3411,21,MMTDAY,int,,10,0,YES
PRODDTA,F3411,28,MMPRJM,int,,10,0,YES
PRODDTA,F3411,29,MMSRDM,int,,10,0,YES
PRODDTA,F3411,32,MMPNS,int,,10,0,YES
PRODDTA,F3112_ARCH,5,WLKIT,int,,10,0,YES
PRODDTA,F3112_ARCH,22,WLAN8,int,,10,0,YES
PRODDTA,F3112_ARCH,25,WLTRDJ,int,,10,0,YES
PRODDTA,F3112_ARCH,26,WLDRQJ,int,,10,0,YES
PRODDTA,F3112_ARCH,27,WLSTRT,int,,10,0,YES
PRODDTA,F3112_ARCH,28,WLSTRX,int,,10,0,YES
PRODDTA,F3112_ARCH,63,WLVEND,int,,10,0,YES
PRODDTA,F3112_ARCH,70,WLURDT,int,,10,0,YES
PRODDTA,F3112_ARCH,73,WLURAB,int,,10,0,YES
PRODDTA,F3112_ARCH,77,WLUPMJ,int,,10,0,YES
PRODDTA,F3112_ARCH,78,WLTDAY,int,,10,0,YES
PRODDTA,F3112_ARCH,88,WLNUMB,int,,10,0,YES
PRODDTA,F3112_ARCH,96,WLSEST,int,,10,0,YES
PRODDTA,F3112_ARCH,97,WLSEET,int,,10,0,YES
PRODDTA,F3112_ARCH,98,WLTMCO,int,,10,0,YES
PRODDTA,F3112_ARCH,99,WLD2J,int,,10,0,YES
PRODDTA,F3112_ARCH,100,WLSTTI,int,,10,0,YES
PRODDTA,F3112_ARCH,106,WLANSA,int,,10,0,YES
PRODDTA,F3112_ARCH,107,WLANPA,int,,10,0,YES
PRODDTA,F3112_ARCH,108,WLANP,int,,10,0,YES
PRODDTA,F3412,1,MWITM,int,,10,0,YES
PRODDTA,F3412,4,MWLOVD,int,,10,0,YES
PRODDTA,F3412,5,MWKIT,int,,10,0,YES
PRODDTA,F3412,8,MWDOCO,int,,10,0,YES
PRODDTA,F3412,13,MWRLLN,int,,10,0,YES
PRODDTA,F3412,16,MWPRJM,int,,10,0,YES
PRODDTA,F3412,17,MWSRDM,int,,10,0,YES
PRODDTA,F3412,18,MWPNS,int,,10,0,YES
PRODDTA,F31122_ARCH,2,WTDOCO,int,,10,0,YES
PRODDTA,F31122_ARCH,5,WTPRTR,int,,10,0,YES
PRODDTA,F31122_ARCH,6,WTKIT,int,,10,0,YES
PRODDTA,F31122_ARCH,11,WTOPSQ,int,,10,0,YES
PRODDTA,F31122_ARCH,15,WTICU,int,,10,0,YES
PRODDTA,F31122_ARCH,18,WTPBDT,int,,10,0,YES
PRODDTA,F31122_ARCH,19,WTPBTM,int,,10,0,YES
PRODDTA,F31122_ARCH,20,WTPETM,int,,10,0,YES
PRODDTA,F31122_ARCH,33,WTUPMJ,int,,10,0,YES
PRODDTA,F31122_ARCH,34,WTTDAY,int,,10,0,YES
PRODDTA,F31122_ARCH,42,WTURDT,int,,10,0,YES
PRODDTA,F31122_ARCH,44,WTURAB,int,,10,0,YES
PRODDTA,F31122_ARCH,47,WTNUMB,int,,10,0,YES
PRODDTA,F0901,49,GMUPMJ,int,,10,0,YES
PRODDTA,F0901,50,GMUPMT,int,,10,0,YES
PRODDTA,F42140,17,CMENTDBY,int,,10,0,YES
PRODDTA,F3003,12,IREFFT,int,,10,0,YES
PRODDTA,F3003,36,IRAN8,int,,10,0,YES
PRODDTA,F3003,45,IRURDT,int,,10,0,YES
PRODDTA,F3003,51,IRUPMJ,int,,10,0,YES
PRODDTA,F3003,52,IRTDAY,int,,10,0,YES
PRODDTA,F3003,59,IRNUMB,int,,10,0,YES
PRODDTA,F3003,72,IRANSA,int,,10,0,YES
PRODDTA,F3003,73,IRANPA,int,,10,0,YES
PRODDTA,F3003,74,IRANP,int,,10,0,YES
PRODDTA,F4074_ARCH,13,ALITM,int,,10,0,YES
PRODDTA,F4074_ARCH,14,ALAN8,int,,10,0,YES
PRODDTA,F4074_ARCH,31,ALATID,int,,10,0,YES
PRODDTA,F4074_ARCH,32,ALIGID,int,,10,0,YES
PRODDTA,F4074_ARCH,33,ALCGID,int,,10,0,YES
PRODDTA,F4074_ARCH,34,ALOGID,int,,10,0,YES
PRODDTA,F4074_ARCH,35,ALANPS,int,,10,0,YES
PRODDTA,F4074_ARCH,44,ALACCAN8,int,,10,0,YES
PRODDTA,F4074_ARCH,45,ALBNAD,int,,10,0,YES
PRODDTA,F4074_ARCH,62,ALUPMJ,int,,10,0,YES
PRODDTA,F4074_ARCH,63,ALTDAY,int,,10,0,YES
PRODDTA,F0902,36,GBUPMJ,int,,10,0,YES
PRODDTA,F0902,39,GBUPMT,int,,10,0,YES
PRODDTA,F42005_ARCH,4,SCDOCM,int,,10,0,YES
PRODDTA,F42005_ARCH,5,SCDLIJ,int,,10,0,YES
PRODDTA,F42005_ARCH,6,SCAN8,int,,10,0,YES
PRODDTA,F42005_ARCH,9,SCRAN8,int,,10,0,YES
PRODDTA,F42005_ARCH,43,SCITM,int,,10,0,YES
PRODDTA,F42005_ARCH,45,SCUPMJ,int,,10,0,YES
PRODDTA,F42005_ARCH,46,SCCMDJ,int,,10,0,YES
PRODDTA,F42005_ARCH,48,SCCLOJ,int,,10,0,YES
PRODDTA,F42005_ARCH,49,SCTDAY,int,,10,0,YES
PRODDTA,F0911,8,GLICU,int,,10,0,YES
PRODDTA,F0911,10,GLDICJ,int,,10,0,YES
PRODDTA,F0911,11,GLDSYJ,int,,10,0,YES
PRODDTA,F0911,12,GLTICU,int,,10,0,YES
PRODDTA,F0911,23,GLPN,int,,10,0,YES
PRODDTA,F0911,24,GLCTRY,int,,10,0,YES
PRODDTA,F0911,25,GLFY,int,,10,0,YES
PRODDTA,F0911,30,GLHDGJ,int,,10,0,YES
PRODDTA,F0911,42,GLODOC,int,,10,0,YES
PRODDTA,F0911,48,GLAN8,int,,10,0,YES
PRODDTA,F0911,50,GLDKJ,int,,10,0,YES
PRODDTA,F0911,51,GLDKC,int,,10,0,YES
PRODDTA,F0911,80,GLIVD,int,,10,0,YES
PRODDTA,F0911,86,GLWY,int,,10,0,YES
PRODDTA,F0911,87,GLWN,int,,10,0,YES
PRODDTA,F0911,93,GLDOI,int,,10,0,YES
PRODDTA,F0911,96,GLDSVJ,int,,10,0,YES
PRODDTA,F0911,98,GLREG#,int,,10,0,YES
PRODDTA,F0911,103,GLUPMJ,int,,10,0,YES
PRODDTA,F0911,104,GLUPMT,int,,10,0,YES
PRODDTA,F0911,113,GLITM,int,,10,0,YES
PRODDTA,F0911,129,GLTXITM,int,,10,0,YES
PRODDTA,F0911,139,GLRC5,int,,10,0,YES
PRODDTA,F0911,140,GLSFXE,int,,10,0,YES
PRODDTA,F3112,5,WLKIT,int,,10,0,YES
PRODDTA,F3112,22,WLAN8,int,,10,0,YES
PRODDTA,F3112,25,WLTRDJ,int,,10,0,YES
PRODDTA,F3112,26,WLDRQJ,int,,10,0,YES
PRODDTA,F3112,27,WLSTRT,int,,10,0,YES
PRODDTA,F3112,28,WLSTRX,int,,10,0,YES
PRODDTA,F3112,63,WLVEND,int,,10,0,YES
PRODDTA,F3112,70,WLURDT,int,,10,0,YES
PRODDTA,F3112,73,WLURAB,int,,10,0,YES
PRODDTA,F3112,77,WLUPMJ,int,,10,0,YES
PRODDTA,F3112,78,WLTDAY,int,,10,0,YES
PRODDTA,F3112,88,WLNUMB,int,,10,0,YES
PRODDTA,F3112,96,WLSEST,int,,10,0,YES
PRODDTA,F3112,97,WLSEET,int,,10,0,YES
PRODDTA,F3112,98,WLTMCO,int,,10,0,YES
PRODDTA,F3112,99,WLD2J,int,,10,0,YES
PRODDTA,F3112,100,WLSTTI,int,,10,0,YES
PRODDTA,F3112,106,WLANSA,int,,10,0,YES
PRODDTA,F3112,107,WLANPA,int,,10,0,YES
PRODDTA,F3112,108,WLANP,int,,10,0,YES
PRODDTA,F4201_ARCH,13,SHAN8,int,,10,0,YES
PRODDTA,F4201_ARCH,14,SHSHAN,int,,10,0,YES
PRODDTA,F4201_ARCH,15,SHPA8,int,,10,0,YES
PRODDTA,F4201_ARCH,16,SHDRQJ,int,,10,0,YES
PRODDTA,F4201_ARCH,17,SHTRDJ,int,,10,0,YES
PRODDTA,F4201_ARCH,18,SHPDDJ,int,,10,0,YES
PRODDTA,F4201_ARCH,19,SHOPDJ,int,,10,0,YES
PRODDTA,F4201_ARCH,20,SHADDJ,int,,10,0,YES
PRODDTA,F4201_ARCH,21,SHCNDJ,int,,10,0,YES
PRODDTA,F4201_ARCH,22,SHPEFJ,int,,10,0,YES
PRODDTA,F4201_ARCH,23,SHPPDJ,int,,10,0,YES
PRODDTA,F4201_ARCH,44,SHINVC,int,,10,0,YES
PRODDTA,F4201_ARCH,46,SHANBY,int,,10,0,YES
PRODDTA,F4201_ARCH,47,SHCARS,int,,10,0,YES
PRODDTA,F4201_ARCH,67,SHCEXP,int,,10,0,YES
PRODDTA,F4201_ARCH,79,SHURDT,int,,10,0,YES
PRODDTA,F4201_ARCH,81,SHURAB,int,,10,0,YES
PRODDTA,F4201_ARCH,86,SHUPMJ,int,,10,0,YES
PRODDTA,F4201_ARCH,87,SHTDAY,int,,10,0,YES
PRODDTA,F4201_ARCH,95,SHPMDT,int,,10,0,YES
PRODDTA,F4201_ARCH,96,SHRSDT,int,,10,0,YES
PRODDTA,F4201_ARCH,97,SHRQSJ,int,,10,0,YES
PRODDTA,F4201_ARCH,98,SHPSTM,int,,10,0,YES
PRODDTA,F4201_ARCH,99,SHPDTT,int,,10,0,YES
PRODDTA,F4201_ARCH,100,SHOPTT,int,,10,0,YES
PRODDTA,F4201_ARCH,101,SHDRQT,int,,10,0,YES
PRODDTA,F4201_ARCH,102,SHADTM,int,,10,0,YES
PRODDTA,F4201_ARCH,103,SHADLJ,int,,10,0,YES
PRODDTA,F4201_ARCH,104,SHPBAN,int,,10,0,YES
PRODDTA,F4201_ARCH,105,SHITAN,int,,10,0,YES
PRODDTA,F4201_ARCH,106,SHFTAN,int,,10,0,YES
PRODDTA,F4201_ARCH,107,SHDVAN,int,,10,0,YES
PRODDTA,F4201_ARCH,108,SHDOC1,int,,10,0,YES
PRODDTA,F4201_ARCH,110,SHCORD,int,,10,0,YES
PRODDTA,F4201_ARCH,117,SHOPLD,int,,10,0,YES
PRODDTA,F4201_ARCH,126,SHPRAN8,int,,10,0,YES
PRODDTA,F4201_ARCH,131,SHPRCIDLN,int,,10,0,YES
PRODDTA,F4201_ARCH,132,SHCCIDLN,int,,10,0,YES
PRODDTA,F4201_ARCH,133,SHSHCCIDLN,int,,10,0,YES
PRODDTA,F42019_ARCH,13,SHAN8,int,,10,0,YES
PRODDTA,F42019_ARCH,14,SHSHAN,int,,10,0,YES
PRODDTA,F42019_ARCH,15,SHPA8,int,,10,0,YES
PRODDTA,F42019_ARCH,16,SHDRQJ,int,,10,0,YES
PRODDTA,F42019_ARCH,17,SHTRDJ,int,,10,0,YES
PRODDTA,F42019_ARCH,18,SHPDDJ,int,,10,0,YES
PRODDTA,F42019_ARCH,19,SHOPDJ,int,,10,0,YES
PRODDTA,F42019_ARCH,20,SHADDJ,int,,10,0,YES
PRODDTA,F42019_ARCH,21,SHCNDJ,int,,10,0,YES
PRODDTA,F42019_ARCH,22,SHPEFJ,int,,10,0,YES
PRODDTA,F42019_ARCH,23,SHPPDJ,int,,10,0,YES
PRODDTA,F42019_ARCH,44,SHINVC,int,,10,0,YES
PRODDTA,F42019_ARCH,46,SHANBY,int,,10,0,YES
PRODDTA,F42019_ARCH,47,SHCARS,int,,10,0,YES
PRODDTA,F42019_ARCH,67,SHCEXP,int,,10,0,YES
PRODDTA,F42019_ARCH,79,SHURDT,int,,10,0,YES
PRODDTA,F42019_ARCH,81,SHURAB,int,,10,0,YES
PRODDTA,F42019_ARCH,86,SHUPMJ,int,,10,0,YES
PRODDTA,F42019_ARCH,87,SHTDAY,int,,10,0,YES
PRODDTA,F42019_ARCH,95,SHPMDT,int,,10,0,YES
PRODDTA,F42019_ARCH,96,SHRSDT,int,,10,0,YES
PRODDTA,F42019_ARCH,97,SHRQSJ,int,,10,0,YES
PRODDTA,F42019_ARCH,98,SHPSTM,int,,10,0,YES
PRODDTA,F42019_ARCH,99,SHPDTT,int,,10,0,YES
PRODDTA,F42019_ARCH,100,SHOPTT,int,,10,0,YES
PRODDTA,F42019_ARCH,101,SHDRQT,int,,10,0,YES
PRODDTA,F42019_ARCH,102,SHADTM,int,,10,0,YES
PRODDTA,F42019_ARCH,103,SHADLJ,int,,10,0,YES
PRODDTA,F42019_ARCH,104,SHPBAN,int,,10,0,YES
PRODDTA,F42019_ARCH,105,SHITAN,int,,10,0,YES
PRODDTA,F42019_ARCH,106,SHFTAN,int,,10,0,YES
PRODDTA,F42019_ARCH,107,SHDVAN,int,,10,0,YES
PRODDTA,F42019_ARCH,108,SHDOC1,int,,10,0,YES
PRODDTA,F42019_ARCH,110,SHCORD,int,,10,0,YES
PRODDTA,F42019_ARCH,117,SHOPLD,int,,10,0,YES
PRODDTA,F42019_ARCH,126,SHPRAN8,int,,10,0,YES
PRODDTA,F42019_ARCH,131,SHPRCIDLN,int,,10,0,YES
PRODDTA,F42019_ARCH,132,SHCCIDLN,int,,10,0,YES
PRODDTA,F42019_ARCH,133,SHSHCCIDLN,int,,10,0,YES
PRODDTA,F1114,35,C2UPMJ,int,,10,0,YES
PRODDTA,F1114,36,C2UPMT,int,,10,0,YES
PRODDTA,F4074,13,ALITM,int,,10,0,YES
PRODDTA,F4074,14,ALAN8,int,,10,0,YES
PRODDTA,F4074,31,ALATID,int,,10,0,YES
PRODDTA,F4074,32,ALIGID,int,,10,0,YES
PRODDTA,F4074,33,ALCGID,int,,10,0,YES
PRODDTA,F4074,34,ALOGID,int,,10,0,YES
PRODDTA,F4074,35,ALANPS,int,,10,0,YES
PRODDTA,F4074,44,ALACCAN8,int,,10,0,YES
PRODDTA,F4074,45,ALBNAD,int,,10,0,YES
PRODDTA,F4074,62,ALUPMJ,int,,10,0,YES
PRODDTA,F4074,63,ALTDAY,int,,10,0,YES
PRODDTA,F11151,8,CECCA1,int,,10,0,YES
PRODDTA,F11151,11,CECCA2,int,,10,0,YES
PRODDTA,F11151,13,CEUPMJ,int,,10,0,YES
PRODDTA,F11151,14,CEUPMT,int,,10,0,YES
PRODDTA,F4108,8,IOVEND,int,,10,0,YES
PRODDTA,F4108,10,IODOCO,int,,10,0,YES
PRODDTA,F4108,15,IOMMEJ,int,,10,0,YES
PRODDTA,F4108,17,IOUA01,int,,10,0,YES
PRODDTA,F4108,18,IOUA02,int,,10,0,YES
PRODDTA,F4108,19,IOUA03,int,,10,0,YES
PRODDTA,F4108,20,IOUA04,int,,10,0,YES
PRODDTA,F4108,21,IOUA05,int,,10,0,YES
PRODDTA,F4108,22,IOUA06,int,,10,0,YES
PRODDTA,F4108,31,IOUPMJ,int,,10,0,YES
PRODDTA,F4108,32,IOTDAY,int,,10,0,YES
PRODDTA,F4108,47,IOBBDJ,int,,10,0,YES
PRODDTA,F4108,48,IOBODJ,int,,10,0,YES
PRODDTA,F4108,49,IODLEJ,int,,10,0,YES
PRODDTA,F4108,50,IOOHDJ,int,,10,0,YES
PRODDTA,F4108,51,IOSBDJ,int,,10,0,YES
PRODDTA,F4108,52,IOU1DJ,int,,10,0,YES
PRODDTA,F4108,53,IOU2DJ,int,,10,0,YES
PRODDTA,F4108,54,IOU3DJ,int,,10,0,YES
PRODDTA,F4108,55,IOU4DJ,int,,10,0,YES
PRODDTA,F4108,56,IOU5DJ,int,,10,0,YES
PRODDTA,F4108,59,IODOC1,int,,10,0,YES
PRODDTA,F1201,4,FAAAID,int,,10,0,YES
PRODDTA,F1201,17,FADAJ,int,,10,0,YES
PRODDTA,F1201,18,FADSP,int,,10,0,YES
PRODDTA,F1201,38,FATXJS,int,,10,0,YES
PRODDTA,F1201,47,FALANO,int,,10,0,YES
PRODDTA,F1201,48,FAJCD,int,,10,0,YES
PRODDTA,F1201,49,FADEXJ,int,,10,0,YES
PRODDTA,F1201,55,FAINSM,int,,10,0,YES
PRODDTA,F1201,60,FALCT,int,,10,0,YES
PRODDTA,F1201,64,FAEFTB,int,,10,0,YES
PRODDTA,F1201,65,FADER,int,,10,0,YES
PRODDTA,F1201,69,FAAN8,int,,10,0,YES
PRODDTA,F1201,80,FAKIT,int,,10,0,YES
PRODDTA,F1201,87,FAUPMJ,int,,10,0,YES
PRODDTA,F1201,89,FAUPMT,int,,10,0,YES
PRODDTA,F1201,106,FAWARJ,int,,10,0,YES
PRODDTA,F4301_ARCH,12,PHAN8,int,,10,0,YES
PRODDTA,F4301_ARCH,13,PHSHAN,int,,10,0,YES
PRODDTA,F4301_ARCH,14,PHDRQJ,int,,10,0,YES
PRODDTA,F4301_ARCH,15,PHTRDJ,int,,10,0,YES
PRODDTA,F4301_ARCH,16,PHPDDJ,int,,10,0,YES
PRODDTA,F4301_ARCH,17,PHOPDJ,int,,10,0,YES
PRODDTA,F4301_ARCH,18,PHADDJ,int,,10,0,YES
PRODDTA,F4301_ARCH,19,PHCNDJ,int,,10,0,YES
PRODDTA,F4301_ARCH,20,PHPEFJ,int,,10,0,YES
PRODDTA,F4301_ARCH,21,PHPPDJ,int,,10,0,YES
PRODDTA,F4301_ARCH,22,PHPSDJ,int,,10,0,YES
PRODDTA,F4301_ARCH,38,PHINVC,int,,10,0,YES
PRODDTA,F4301_ARCH,43,PHANBY,int,,10,0,YES
PRODDTA,F4301_ARCH,44,PHANCR,int,,10,0,YES
PRODDTA,F4301_ARCH,66,PHCORD,int,,10,0,YES
PRODDTA,F4301_ARCH,75,PHURDT,int,,10,0,YES
PRODDTA,F4301_ARCH,77,PHURAB,int,,10,0,YES
PRODDTA,F4301_ARCH,82,PHUPMJ,int,,10,0,YES
PRODDTA,F4301_ARCH,83,PHTDAY,int,,10,0,YES
PRODDTA,F4301_ARCH,84,PHRSHT,int,,10,0,YES
PRODDTA,F4301_ARCH,85,PHDRQT,int,,10,0,YES
PRODDTA,F4301_ARCH,86,PHDOC1,int,,10,0,YES
PRODDTA,F4301_ARCH,89,PHMKFR,int,,10,0,YES
PRODDTA,F4301_ARCH,114,PHPOHD01,int,,10,0,YES
PRODDTA,F4301_ARCH,115,PHPOHD02,int,,10,0,YES
PRODDTA,F4301_ARCH,116,PHPOHAB01,int,,10,0,YES
PRODDTA,F4301_ARCH,117,PHPOHAB02,int,,10,0,YES
PRODDTA,F1202,35,FLADLM,int,,10,0,YES
PRODDTA,F1202,41,FLDSD,int,,10,0,YES
PRODDTA,F1202,43,FLLCT,int,,10,0,YES
PRODDTA,F1202,47,FLUPMJ,int,,10,0,YES
PRODDTA,F1202,49,FLUPMT,int,,10,0,YES
PRODDTA,F1202,52,FLCBXR,int,,10,0,YES
PRODDTA,F4311_ARCH,17,PDDMCS,int,,10,0,YES
PRODDTA,F4311_ARCH,19,PDAN8,int,,10,0,YES
PRODDTA,F4311_ARCH,20,PDSHAN,int,,10,0,YES
PRODDTA,F4311_ARCH,21,PDDRQJ,int,,10,0,YES
PRODDTA,F4311_ARCH,22,PDTRDJ,int,,10,0,YES
PRODDTA,F4311_ARCH,23,PDPDDJ,int,,10,0,YES
PRODDTA,F4311_ARCH,24,PDOPDJ,int,,10,0,YES
PRODDTA,F4311_ARCH,25,PDADDJ,int,,10,0,YES
PRODDTA,F4311_ARCH,26,PDCNDJ,int,,10,0,YES
PRODDTA,F4311_ARCH,27,PDPEFJ,int,,10,0,YES
PRODDTA,F4311_ARCH,28,PDPPDJ,int,,10,0,YES
PRODDTA,F4311_ARCH,29,PDPSDJ,int,,10,0,YES
PRODDTA,F4311_ARCH,30,PDDSVJ,int,,10,0,YES
PRODDTA,F4311_ARCH,31,PDDGL,int,,10,0,YES
PRODDTA,F4311_ARCH,32,PDPN,int,,10,0,YES
PRODDTA,F4311_ARCH,35,PDITM,int,,10,0,YES
PRODDTA,F4311_ARCH,100,PDANBY,int,,10,0,YES
PRODDTA,F4311_ARCH,101,PDANCR,int,,10,0,YES
PRODDTA,F4311_ARCH,116,PDCTRY,int,,10,0,YES
PRODDTA,F4311_ARCH,117,PDFY,int,,10,0,YES
PRODDTA,F4311_ARCH,133,PDCCMP,int,,10,0,YES
PRODDTA,F4311_ARCH,162,PDCORD,int,,10,0,YES
PRODDTA,F4311_ARCH,164,PDDOCC,int,,10,0,YES
PRODDTA,F4311_ARCH,176,PDURDT,int,,10,0,YES
PRODDTA,F4311_ARCH,178,PDURAB,int,,10,0,YES
PRODDTA,F4311_ARCH,184,PDUPMJ,int,,10,0,YES
PRODDTA,F4311_ARCH,185,PDTDAY,int,,10,0,YES
PRODDTA,F4311_ARCH,188,PDSHPN,int,,10,0,YES
PRODDTA,F4311_ARCH,189,PDRSHT,int,,10,0,YES
PRODDTA,F4311_ARCH,190,PDPRJM,int,,10,0,YES
PRODDTA,F4311_ARCH,198,PDDRQT,int,,10,0,YES
PRODDTA,F4311_ARCH,199,PDDLEJ,int,,10,0,YES
PRODDTA,F4311_ARCH,202,PDCHT,int,,10,0,YES
PRODDTA,F4311_ARCH,203,PDCHRT,int,,10,0,YES
PRODDTA,F4311_ARCH,205,PDCHMJ,int,,10,0,YES
PRODDTA,F4311_ARCH,208,PDLDNM,int,,10,0,YES
PRODDTA,F4311_ARCH,209,PDMKFR,int,,10,0,YES
PRODDTA,F4311_ARCH,215,PDWVID,int,,10,0,YES
PRODDTA,F4311_ARCH,216,PDCNTRTID,int,,10,0,YES
PRODDTA,F41112,45,INTDAY,int,,10,0,YES
PRODDTA,F41112,48,INUPMJ,int,,10,0,YES
PRODDTA,F4801_ARCH,7,WAPTWO,int,,10,0,YES
PRODDTA,F4801_ARCH,20,WADCG,int,,10,0,YES
PRODDTA,F4801_ARCH,22,WAAN8,int,,10,0,YES
PRODDTA,F4801_ARCH,23,WAANO,int,,10,0,YES
PRODDTA,F4801_ARCH,24,WAANSA,int,,10,0,YES
PRODDTA,F4801_ARCH,25,WAANPA,int,,10,0,YES
PRODDTA,F4801_ARCH,26,WAANP,int,,10,0,YES
PRODDTA,F4801_ARCH,27,WADPL,int,,10,0,YES
PRODDTA,F4801_ARCH,28,WAANT,int,,10,0,YES
PRODDTA,F4801_ARCH,29,WANAN8,int,,10,0,YES
PRODDTA,F4801_ARCH,30,WATRDJ,int,,10,0,YES
PRODDTA,F4801_ARCH,31,WASTRT,int,,10,0,YES
PRODDTA,F4801_ARCH,32,WADRQJ,int,,10,0,YES
PRODDTA,F4801_ARCH,33,WASTRX,int,,10,0,YES
PRODDTA,F4801_ARCH,34,WADAP,int,,10,0,YES
PRODDTA,F4801_ARCH,35,WADAT,int,,10,0,YES
PRODDTA,F4801_ARCH,36,WAPPDT,int,,10,0,YES
PRODDTA,F4801_ARCH,58,WAITM,int,,10,0,YES
PRODDTA,F4801_ARCH,61,WANUMB,int,,10,0,YES
PRODDTA,F4801_ARCH,70,WAPBTM,int,,10,0,YES
PRODDTA,F4801_ARCH,83,WATDT,int,,10,0,YES
PRODDTA,F4801_ARCH,107,WAURDT,int,,10,0,YES
PRODDTA,F4801_ARCH,114,WAUPMJ,int,,10,0,YES
PRODDTA,F4801_ARCH,115,WATDAY,int,,10,0,YES
PRODDTA,F4801_ARCH,116,WAAAID,int,,10,0,YES
PRODDTA,F4801_ARCH,121,WASAID,int,,10,0,YES
PRODDTA,F4801T_ARCH,4,WASCSP,int,,10,0,YES
PRODDTA,F4801T_ARCH,14,WAATST,int,,10,0,YES
PRODDTA,F4801T_ARCH,15,WABSEQ,int,,10,0,YES
PRODDTA,F4801T_ARCH,20,WAD5J,int,,10,0,YES
PRODDTA,F4801T_ARCH,21,WAD6J,int,,10,0,YES
PRODDTA,F4801T_ARCH,28,WAPRJM,int,,10,0,YES
PRODDTA,F4801T_ARCH,55,WATMCO,int,,10,0,YES
PRODDTA,F4801T_ARCH,59,WARSTM,int,,10,0,YES
PRODDTA,F4801T_ARCH,70,WASEST,int,,10,0,YES
PRODDTA,F4801T_ARCH,71,WASEET,int,,10,0,YES
PRODDTA,F4801T_ARCH,75,WACSLPRT,int,,10,0,YES
PRODDTA,F4801T_ARCH,79,WAFAILDT,int,,10,0,YES
PRODDTA,F4801T_ARCH,80,WAFAILTM,int,,10,0,YES
PRODDTA,F4801T_ARCH,81,WAREPDT,int,,10,0,YES
PRODDTA,F4801T_ARCH,82,WAREPTM,int,,10,0,YES
PRODDTA,F4801T_ARCH,83,WAVEND,int,,10,0,YES
PRODDTA,F4801T_ARCH,84,WAAN8AS,int,,10,0,YES
PRODDTA,F4801T_ARCH,85,WAAN8SRM,int,,10,0,YES
PRODDTA,F4801T_ARCH,114,WAISNO,int,,10,0,YES
PRODDTA,F4801T_ARCH,116,WADOC,int,,10,0,YES
PRODDTA,F4801T_ARCH,120,WALNID,int,,10,0,YES
PRODDTA,F1620,12,CTUPMJ,int,,10,0,YES
PRODDTA,F1620,13,CTUPMT,int,,10,0,YES
PRODDTA,F43090,6,PCCEFJ,int,,10,0,YES
PRODDTA,F43090,7,PCCXPJ,int,,10,0,YES
PRODDTA,F43090,11,PCTFRQ,int,,10,0,YES
PRODDTA,F43090,13,PCTFRD,int,,10,0,YES
PRODDTA,F43090,14,PCLTDJ,int,,10,0,YES
PRODDTA,F43090,15,PCDAYE,int,,10,0,YES
PRODDTA,F43090,16,PCDAYL,int,,10,0,YES
PRODDTA,F43090,18,PCLTNM,int,,10,0,YES
PRODDTA,F43090,19,PCLTTS,int,,10,0,YES
PRODDTA,F43090,47,PCURDT,int,,10,0,YES
PRODDTA,F43090,49,PCURAB,int,,10,0,YES
PRODDTA,F3002,6,IXITM,int,,10,0,YES
PRODDTA,F3002,18,IXEFFF,int,,10,0,YES
PRODDTA,F3002,19,IXEFFT,int,,10,0,YES
PRODDTA,F3002,49,IXECOD,int,,10,0,YES
PRODDTA,F3002,62,IXUUPG,int,,10,0,YES
PRODDTA,F3002,64,IXURDT,int,,10,0,YES
PRODDTA,F3002,71,IXUPMJ,int,,10,0,YES
PRODDTA,F3002,72,IXTDAY,int,,10,0,YES
PRODDTA,F3102_ARCH,28,IGUPMJ,int,,10,0,YES
PRODDTA,F3102_ARCH,29,IGTDAY,int,,10,0,YES
PRODDTA,F30026,26,IEUPMJ,int,,10,0,YES
PRODDTA,F30026,27,IETDAY,int,,10,0,YES
PRODDTA,F3102,28,IGUPMJ,int,,10,0,YES
PRODDTA,F3102,29,IGTDAY,int,,10,0,YES
PRODDTA,F40072,5,GIURDT,int,,10,0,YES
PRODDTA,F40072,7,GIURAB,int,,10,0,YES
PRODDTA,F40072,12,GIUPMJ,int,,10,0,YES
PRODDTA,F40072,13,GITDAY,int,,10,0,YES
PRODDTA,F3111_ARCH,1,WMDOCO,int,,10,0,YES
PRODDTA,F3111_ARCH,27,WMCPIT,int,,10,0,YES
PRODDTA,F3111_ARCH,35,WMAN8,int,,10,0,YES
PRODDTA,F3111_ARCH,38,WMTRDJ,int,,10,0,YES
PRODDTA,F3111_ARCH,39,WMDRQJ,int,,10,0,YES
PRODDTA,F3111_ARCH,57,WMSTRX,int,,10,0,YES
PRODDTA,F3111_ARCH,61,WMURDT,int,,10,0,YES
PRODDTA,F3111_ARCH,68,WMUPMJ,int,,10,0,YES
PRODDTA,F3111_ARCH,69,WMTDAY,int,,10,0,YES
PRODDTA,F3111_ARCH,76,WMGLD,int,,10,0,YES
PRODDTA,F3111_ARCH,82,WMPSN,int,,10,0,YES
PRODDTA,F3111_ARCH,83,WMDLEJ,int,,10,0,YES
PRODDTA,F31091,17,IQURDT,int,,10,0,YES
PRODDTA,F31091,19,IQURAB,int,,10,0,YES
PRODDTA,F31091,24,IQUPMJ,int,,10,0,YES
PRODDTA,F31091,25,IQTDAY,int,,10,0,YES
PRODDTA,F40318,5,QCEFTJ,int,,10,0,YES
PRODDTA,F40318,11,QCTXID,int,,10,0,YES
PRODDTA,F40318,13,QCOSEQ,int,,10,0,YES
PRODDTA,F40318,14,QCEFFF,int,,10,0,YES
PRODDTA,F40318,34,QCSMPC,int,,10,0,YES
PRODDTA,F40318,36,QCACPC,int,,10,0,YES
PRODDTA,F40318,45,QCOPSQ,int,,10,0,YES
PRODDTA,F40318,46,QCOPRS,int,,10,0,YES
PRODDTA,F40318,47,QCBSEQ,int,,10,0,YES
PRODDTA,F40318,51,QCNUMB,int,,10,0,YES
PRODDTA,F40318,58,QCURDT,int,,10,0,YES
PRODDTA,F40318,61,QCURAB,int,,10,0,YES
PRODDTA,F40318,66,QCUPMJ,int,,10,0,YES
PRODDTA,F40318,67,QCTDAY,int,,10,0,YES
PRODDTA,F3111,1,WMDOCO,int,,10,0,YES
PRODDTA,F3111,27,WMCPIT,int,,10,0,YES
PRODDTA,F3111,35,WMAN8,int,,10,0,YES
PRODDTA,F3111,38,WMTRDJ,int,,10,0,YES
PRODDTA,F3111,39,WMDRQJ,int,,10,0,YES
PRODDTA,F3111,57,WMSTRX,int,,10,0,YES
PRODDTA,F3111,61,WMURDT,int,,10,0,YES
PRODDTA,F3111,68,WMUPMJ,int,,10,0,YES
PRODDTA,F3111,69,WMTDAY,int,,10,0,YES
PRODDTA,F3111,76,WMGLD,int,,10,0,YES
PRODDTA,F3111,82,WMPSN,int,,10,0,YES
PRODDTA,F3111,83,WMDLEJ,int,,10,0,YES
PRODDTA,F553002G,20,IZMOSEQN,decimal,,15,0,YES
PRODDTA,F31122,23,WTEBRT,decimal,,15,0,YES
PRODDTA,F31122,24,WTHRT,decimal,,15,0,YES
PRODDTA,F31122,25,WTHRW,decimal,,15,0,YES
PRODDTA,F31122,26,WTHREQ,decimal,,15,0,YES
PRODDTA,F31122,27,WTGPAY,decimal,,15,0,YES
PRODDTA,F31122,28,WTSOQS,decimal,,15,0,YES
PRODDTA,F31122,29,WTSOCN,decimal,,15,0,YES
PRODDTA,F31122,39,WTSTH,decimal,,15,0,YES
PRODDTA,F31122,43,WTURAT,decimal,,15,0,YES
PRODDTA,F3114,7,IQSOQS,decimal,,15,0,YES
PRODDTA,F3114,8,IQSOCN,decimal,,15,0,YES
PRODDTA,F3114,10,IQSETL,decimal,,15,0,YES
PRODDTA,F3114,11,IQRUNL,decimal,,15,0,YES
PRODDTA,F3114,12,IQRUNM,decimal,,15,0,YES
PRODDTA,F3114,13,IQSETA,decimal,,15,0,YES
PRODDTA,F3114,14,IQLABA,decimal,,15,0,YES
PRODDTA,F3114,15,IQMACA,decimal,,15,0,YES
PRODDTA,F31UI006,10,LSHQ01,decimal,,15,0,YES
PRODDTA,F31UI006,11,LSHQ02,decimal,,15,0,YES
PRODDTA,F31UI006,12,LSHQ03,decimal,,15,0,YES
PRODDTA,F31UI006,13,LSHQ04,decimal,,15,0,YES
PRODDTA,F31UI006,14,LSHQ05,decimal,,15,0,YES
PRODDTA,F31UI006,16,LSCRU1,decimal,,15,0,YES
PRODDTA,F31UI006,17,LSCRU2,decimal,,15,0,YES
PRODDTA,F31UI006,18,LSCRU3,decimal,,15,0,YES
PRODDTA,F31UI006,19,LSCRU4,decimal,,15,0,YES
PRODDTA,F31UI006,20,LSCRU5,decimal,,15,0,YES
PRODDTA,F31UI006,23,LSUORG,decimal,,15,0,YES
PRODDTA,F31UI006,24,LSSCQT,decimal,,15,0,YES
PRODDTA,F31UI006,25,LSOHQ1,decimal,,15,0,YES
PRODDTA,F31UI006,26,LSOHQ2,decimal,,15,0,YES
PRODDTA,F31UI006,27,LSOHQ3,decimal,,15,0,YES
PRODDTA,F31UI006,28,LSOHQ4,decimal,,15,0,YES
PRODDTA,F31UI006,29,LSOHQ5,decimal,,15,0,YES
PRODDTA,F31UI006,30,LSRUC,decimal,,15,0,YES
PRODDTA,F3460,7,MFUORG,decimal,,15,0,YES
PRODDTA,F3460,8,MFAEXP,decimal,,15,0,YES
PRODDTA,F3460,9,MFFAM,decimal,,15,0,YES
PRODDTA,F3460,10,MFFQT,decimal,,15,0,YES
PRODDTA,F4111_ARCH,15,ILLOTP,decimal,,15,0,YES
PRODDTA,F4111_ARCH,41,ILUNCS,decimal,,15,0,YES
PRODDTA,F4111_ARCH,42,ILPAID,decimal,,15,0,YES
PRODDTA,F4111_ARCH,59,ILSQOR,decimal,,15,0,YES
PRODDTA,F4111,15,ILLOTP,decimal,,15,0,YES
PRODDTA,F4111,41,ILUNCS,decimal,,15,0,YES
PRODDTA,F4111,42,ILPAID,decimal,,15,0,YES
PRODDTA,F4111,59,ILSQOR,decimal,,15,0,YES
PRODDTA,F4100,50,LMURAT,decimal,,15,0,YES
PRODDTA,F4101,38,IMVCUD,decimal,,15,0,YES
PRODDTA,F4101,100,IMOPV,decimal,,15,0,YES
PRODDTA,F4101,101,IMACQ,decimal,,15,0,YES
PRODDTA,F4101,102,IMMLQ,decimal,,15,0,YES
PRODDTA,F4101,123,IMURAT,decimal,,15,0,YES
PRODDTA,F4101,145,IMAVRT,decimal,,15,0,YES
PRODDTA,F4101,185,IMPRI1,decimal,,15,0,YES
PRODDTA,F4101,186,IMPRI2,decimal,,15,0,YES
PRODDTA,F4101,191,IMOPTH,decimal,,15,0,YES
PRODDTA,F4101,192,IMCUTH,decimal,,15,0,YES
PRODDTA,F4101,201,IMMOPTH,decimal,,15,0,YES
PRODDTA,F4101,202,IMMCUTH,decimal,,15,0,YES
PRODDTA,F4102,33,IBROPI,decimal,,15,0,YES
PRODDTA,F4102,34,IBROQI,decimal,,15,0,YES
PRODDTA,F4102,35,IBRQMX,decimal,,15,0,YES
PRODDTA,F4102,36,IBRQMN,decimal,,15,0,YES
PRODDTA,F4102,39,IBSAFE,decimal,,15,0,YES
PRODDTA,F4102,82,IBUPC,decimal,,15,0,YES
PRODDTA,F4102,89,IBOPV,decimal,,15,0,YES
PRODDTA,F4102,90,IBACQ,decimal,,15,0,YES
PRODDTA,F4102,91,IBMLQ,decimal,,15,0,YES
PRODDTA,F4102,92,IBLTPU,decimal,,15,0,YES
PRODDTA,F4102,106,IBSETL,decimal,,15,0,YES
PRODDTA,F4102,107,IBSRNK,decimal,,15,0,YES
PRODDTA,F4102,110,IBBQTY,decimal,,15,0,YES
PRODDTA,F4102,114,IBMULT,decimal,,15,0,YES
PRODDTA,F4102,122,IBURAT,decimal,,15,0,YES
PRODDTA,F4102,132,IBAVRT,decimal,,15,0,YES
PRODDTA,F4102,154,IBPRI1,decimal,,15,0,YES
PRODDTA,F4102,155,IBPRI2,decimal,,15,0,YES
PRODDTA,F4102,156,IBLTCV,decimal,,15,0,YES
PRODDTA,F4102,158,IBOPTH,decimal,,15,0,YES
PRODDTA,F4102,159,IBCUTH,decimal,,15,0,YES
PRODDTA,F4102,168,IBMOPTH,decimal,,15,0,YES
PRODDTA,F4102,169,IBMCUTH,decimal,,15,0,YES
PRODDTA,F41021,9,LIPQOH,decimal,,15,0,YES
PRODDTA,F41021,10,LIPBCK,decimal,,15,0,YES
PRODDTA,F41021,11,LIPREQ,decimal,,15,0,YES
PRODDTA,F41021,12,LIQWBO,decimal,,15,0,YES
PRODDTA,F41021,13,LIOT1P,decimal,,15,0,YES
PRODDTA,F41021,14,LIOT2P,decimal,,15,0,YES
PRODDTA,F41021,15,LIOT1A,decimal,,15,0,YES
PRODDTA,F41021,16,LIHCOM,decimal,,15,0,YES
PRODDTA,F41021,17,LIPCOM,decimal,,15,0,YES
PRODDTA,F41021,18,LIFCOM,decimal,,15,0,YES
PRODDTA,F41021,19,LIFUN1,decimal,,15,0,YES
PRODDTA,F41021,20,LIQOWO,decimal,,15,0,YES
PRODDTA,F41021,21,LIQTTR,decimal,,15,0,YES
PRODDTA,F41021,22,LIQTIN,decimal,,15,0,YES
PRODDTA,F41021,23,LIQONL,decimal,,15,0,YES
PRODDTA,F41021,24,LIQTRI,decimal,,15,0,YES
PRODDTA,F41021,25,LIQTRO,decimal,,15,0,YES
PRODDTA,F41021,27,LIQTY1,decimal,,15,0,YES
PRODDTA,F41021,28,LIQTY2,decimal,,15,0,YES
PRODDTA,F41021,31,LIURAT,decimal,,15,0,YES
PRODDTA,F41021,39,LIQTO1,decimal,,15,0,YES
PRODDTA,F41021,40,LIQTO2,decimal,,15,0,YES
PRODDTA,F41021,41,LIHCMS,decimal,,15,0,YES
PRODDTA,F41021,42,LIPJCM,decimal,,15,0,YES
PRODDTA,F41021,43,LIPJDM,decimal,,15,0,YES
PRODDTA,F41021,44,LISCMS,decimal,,15,0,YES
PRODDTA,F41021,45,LISIBW,decimal,,15,0,YES
PRODDTA,F41021,46,LISOBW,decimal,,15,0,YES
PRODDTA,F41021,47,LISQOH,decimal,,15,0,YES
PRODDTA,F41021,48,LISQWO,decimal,,15,0,YES
PRODDTA,F41021,49,LISREQ,decimal,,15,0,YES
PRODDTA,F41021,50,LISWHC,decimal,,15,0,YES
PRODDTA,F41021,51,LISWSC,decimal,,15,0,YES
PRODDTA,F4104,15,IVURAT,decimal,,15,0,YES
PRODDTA,F4104,23,IVRATO,decimal,,15,0,YES
PRODDTA,F4104,24,IVAPSP,decimal,,15,0,YES
PRODDTA,F4105,9,COUNCS,decimal,,15,0,YES
PRODDTA,F4105,14,COURAT,decimal,,15,0,YES
PRODDTA,F4105,23,COCRCS,decimal,,15,0,YES
PRODDTA,F4105,24,COOSTC,decimal,,15,0,YES
PRODDTA,F4105,25,COSTOC,decimal,,15,0,YES
PRODDTA,F4106,16,BPUPRC,decimal,,15,0,YES
PRODDTA,F4106,17,BPACRD,decimal,,15,0,YES
PRODDTA,F4106,20,BPFVTR,decimal,,15,0,YES
PRODDTA,F4106,24,BPURAT,decimal,,15,0,YES
PRODDTA,F42004,10,CMLFAC,decimal,,15,0,YES
PRODDTA,F42004,11,CMAFXC,decimal,,15,0,YES
PRODDTA,F42004,12,CMMGM,decimal,,15,0,YES
PRODDTA,F42004,18,CMFCA,decimal,,15,0,YES
PRODDTA,F42004,19,CMAPUN,decimal,,15,0,YES
PRODDTA,F42005,25,SCLFAC,decimal,,15,0,YES
PRODDTA,F42005,26,SCAFXC,decimal,,15,0,YES
PRODDTA,F42005,27,SCTOTO,decimal,,15,0,YES
PRODDTA,F42005,28,SCORCS,decimal,,15,0,YES
PRODDTA,F42005,29,SCREBT,decimal,,15,0,YES
PRODDTA,F42005,30,SCMRGN,decimal,,15,0,YES
PRODDTA,F42005,31,SCELIG,decimal,,15,0,YES
PRODDTA,F42005,32,SCTOTL,decimal,,15,0,YES
PRODDTA,F42005,33,SCLRCS,decimal,,15,0,YES
PRODDTA,F42005,34,SCREBL,decimal,,15,0,YES
PRODDTA,F42005,35,SCMRGL,decimal,,15,0,YES
PRODDTA,F42005,36,SCELIL,decimal,,15,0,YES
PRODDTA,F42005,37,SCMGM,decimal,,15,0,YES
PRODDTA,F42005,39,SCCOMA,decimal,,15,0,YES
PRODDTA,F42005,41,SCCOMR,decimal,,15,0,YES
PRODDTA,F42005,50,SCFCA,decimal,,15,0,YES
PRODDTA,F42005,51,SCAPUN,decimal,,15,0,YES
PRODDTA,F4301,51,PHOTOT,decimal,,15,0,YES
PRODDTA,F4301,71,PHFAP,decimal,,15,0,YES
PRODDTA,F4301,76,PHURAT,decimal,,15,0,YES
PRODDTA,F4301,118,PHCUKID,decimal,,15,0,YES
PRODDTA,F03B11,24,RPAG,decimal,,15,0,YES
PRODDTA,F03B11,25,RPAAP,decimal,,15,0,YES
PRODDTA,F03B11,26,RPADSC,decimal,,15,0,YES
PRODDTA,F03B11,27,RPADSA,decimal,,15,0,YES
PRODDTA,F03B11,28,RPATXA,decimal,,15,0,YES
PRODDTA,F03B11,29,RPATXN,decimal,,15,0,YES
PRODDTA,F03B11,30,RPSTAM,decimal,,15,0,YES
PRODDTA,F03B11,36,RPACR,decimal,,15,0,YES
PRODDTA,F03B11,37,RPFAP,decimal,,15,0,YES
PRODDTA,F03B11,38,RPCDS,decimal,,15,0,YES
PRODDTA,F03B11,39,RPCDSA,decimal,,15,0,YES
PRODDTA,F03B11,40,RPCTXA,decimal,,15,0,YES
PRODDTA,F03B11,41,RPCTXN,decimal,,15,0,YES
PRODDTA,F03B11,42,RPCTAM,decimal,,15,0,YES
PRODDTA,F03B11,96,RPU,decimal,,15,0,YES
PRODDTA,F03B11,116,RPPYID,decimal,,15,0,YES
PRODDTA,F03B11,119,RPURAT,decimal,,15,0,YES
PRODDTA,F03B11,139,RPATAD,decimal,,15,0,YES
PRODDTA,F03B11,140,RPCTAD,decimal,,15,0,YES
PRODDTA,F03B11,141,RPNRTA,decimal,,15,0,YES
PRODDTA,F03B11,142,RPFNRT,decimal,,15,0,YES
PRODDTA,F03B11,151,RPPWPG,decimal,,15,0,YES
PRODDTA,F03B11,152,RPNETTCID,decimal,,15,0,YES
PRODDTA,F03B11,153,RPNETDOC,decimal,,15,0,YES
PRODDTA,F03B112,26,RWAG,decimal,,15,0,YES
PRODDTA,F03B112,27,RWAAP,decimal,,15,0,YES
PRODDTA,F03B112,28,RWADSC,decimal,,15,0,YES
PRODDTA,F03B112,29,RWADSA,decimal,,15,0,YES
PRODDTA,F03B112,30,RWATXA,decimal,,15,0,YES
PRODDTA,F03B112,31,RWATXN,decimal,,15,0,YES
PRODDTA,F03B112,32,RWSTAM,decimal,,15,0,YES
PRODDTA,F03B112,38,RWACR,decimal,,15,0,YES
PRODDTA,F03B112,39,RWFAP,decimal,,15,0,YES
PRODDTA,F03B112,40,RWCDS,decimal,,15,0,YES
PRODDTA,F03B112,41,RWCDSA,decimal,,15,0,YES
PRODDTA,F03B112,42,RWCTXA,decimal,,15,0,YES
PRODDTA,F03B112,43,RWCTXN,decimal,,15,0,YES
PRODDTA,F03B112,44,RWCTAM,decimal,,15,0,YES
PRODDTA,F03B112,53,RWOAG,decimal,,15,0,YES
PRODDTA,F03B112,64,RWATAD,decimal,,15,0,YES
PRODDTA,F03B112,65,RWCTAD,decimal,,15,0,YES
PRODDTA,F03B112,66,RWNRTA,decimal,,15,0,YES
PRODDTA,F03B112,67,RWFNRT,decimal,,15,0,YES
PRODDTA,F4311,61,PDUORG,decimal,,15,0,YES
PRODDTA,F4311,62,PDUCHG,decimal,,15,0,YES
PRODDTA,F4311,63,PDUOPN,decimal,,15,0,YES
PRODDTA,F4311,64,PDUREC,decimal,,15,0,YES
PRODDTA,F4311,65,PDCREC,decimal,,15,0,YES
PRODDTA,F4311,66,PDURLV,decimal,,15,0,YES
PRODDTA,F4311,68,PDPRRC,decimal,,15,0,YES
PRODDTA,F4311,69,PDAEXP,decimal,,15,0,YES
PRODDTA,F4311,70,PDACHG,decimal,,15,0,YES
PRODDTA,F4311,71,PDAOPN,decimal,,15,0,YES
PRODDTA,F4311,72,PDAREC,decimal,,15,0,YES
PRODDTA,F4311,73,PDARLV,decimal,,15,0,YES
PRODDTA,F4311,74,PDFTN1,decimal,,15,0,YES
PRODDTA,F4311,75,PDTRLV,decimal,,15,0,YES
PRODDTA,F4311,77,PDAMC3,decimal,,15,0,YES
PRODDTA,F4311,78,PDECST,decimal,,15,0,YES
PRODDTA,F4311,107,PDPQOR,decimal,,15,0,YES
PRODDTA,F4311,109,PDSQOR,decimal,,15,0,YES
PRODDTA,F4311,111,PDITWT,decimal,,15,0,YES
PRODDTA,F4311,113,PDITVL,decimal,,15,0,YES
PRODDTA,F4311,122,PDGRWT,decimal,,15,0,YES
PRODDTA,F4311,168,PDFRRC,decimal,,15,0,YES
PRODDTA,F4311,169,PDFEA,decimal,,15,0,YES
PRODDTA,F4311,170,PDFUC,decimal,,15,0,YES
PRODDTA,F4311,171,PDFEC,decimal,,15,0,YES
PRODDTA,F4311,172,PDFCHG,decimal,,15,0,YES
PRODDTA,F4311,173,PDFAP,decimal,,15,0,YES
PRODDTA,F4311,174,PDFREC,decimal,,15,0,YES
PRODDTA,F4311,177,PDURAT,decimal,,15,0,YES
PRODDTA,F4311,196,PDFTRL,decimal,,15,0,YES
PRODDTA,F4311,200,PDCTAM,decimal,,15,0,YES
PRODDTA,F4311,211,PDUKID,decimal,,15,0,YES
PRODDTA,F4311,217,PDCNTRTDID,decimal,,15,0,YES
PRODDTA,F4311,224,PDSRQTY,decimal,,15,0,YES
PRODDTA,F4072,25,ADNBRORD,decimal,,15,0,YES
PRODDTA,F03B13,22,RYCKAM,decimal,,15,0,YES
PRODDTA,F03B13,23,RYAAP,decimal,,15,0,YES
PRODDTA,F03B13,32,RYFCAM,decimal,,15,0,YES
PRODDTA,F03B13,33,RYFAP,decimal,,15,0,YES
PRODDTA,F03B13,69,RYRRID,decimal,,15,0,YES
PRODDTA,F03B13,74,RYURAT,decimal,,15,0,YES
PRODDTA,F03B13,94,RYNETTCID,decimal,,15,0,YES
PRODDTA,F03B13,95,RYNETDOC,decimal,,15,0,YES
PRODDTA,F43121,21,PRLOTP,decimal,,15,0,YES
PRODDTA,F43121,66,PRUORG,decimal,,15,0,YES
PRODDTA,F43121,67,PRUPTD,decimal,,15,0,YES
PRODDTA,F43121,68,PRUOPN,decimal,,15,0,YES
PRODDTA,F43121,69,PRUREC,decimal,,15,0,YES
PRODDTA,F43121,70,PRUCLO,decimal,,15,0,YES
PRODDTA,F43121,71,PRQTYS,decimal,,15,0,YES
PRODDTA,F43121,72,PRQTYR,decimal,,15,0,YES
PRODDTA,F43121,73,PRQTYW,decimal,,15,0,YES
PRODDTA,F43121,74,PRQTYC,decimal,,15,0,YES
PRODDTA,F43121,75,PRQTYJ,decimal,,15,0,YES
PRODDTA,F43121,76,PRQTYA,decimal,,15,0,YES
PRODDTA,F43121,78,PRPRRC,decimal,,15,0,YES
PRODDTA,F43121,79,PRECST,decimal,,15,0,YES
PRODDTA,F43121,80,PRAPTD,decimal,,15,0,YES
PRODDTA,F43121,81,PRAOPN,decimal,,15,0,YES
PRODDTA,F43121,82,PRAREC,decimal,,15,0,YES
PRODDTA,F43121,83,PRACLO,decimal,,15,0,YES
PRODDTA,F43121,84,PRAVCO,decimal,,15,0,YES
PRODDTA,F43121,85,PRVARC,decimal,,15,0,YES
PRODDTA,F43121,88,PRFRRC,decimal,,15,0,YES
PRODDTA,F43121,89,PRFEC,decimal,,15,0,YES
PRODDTA,F43121,90,PRFAP,decimal,,15,0,YES
PRODDTA,F43121,91,PRFAPT,decimal,,15,0,YES
PRODDTA,F43121,92,PRFREC,decimal,,15,0,YES
PRODDTA,F43121,93,PRFCLO,decimal,,15,0,YES
PRODDTA,F43121,96,PRURAT,decimal,,15,0,YES
PRODDTA,F43121,107,PRSTAM,decimal,,15,0,YES
PRODDTA,F43121,108,PRCTAM,decimal,,15,0,YES
PRODDTA,F43121,113,PRSCCQ,decimal,,15,0,YES
PRODDTA,F43121,116,PRUPQT,decimal,,15,0,YES
PRODDTA,F43121,130,PRUKID,decimal,,15,0,YES
PRODDTA,F43121,133,PRSQOR,decimal,,15,0,YES
PRODDTA,F43121,145,PRQTYPY,decimal,,15,0,YES
PRODDTA,F43121,148,PRCNTRTDID,decimal,,15,0,YES
PRODDTA,F43121,156,PRSRQTY,decimal,,15,0,YES
PRODDTA,F43121,160,PRSRRC,decimal,,15,0,YES
PRODDTA,F43121,161,PRFSRRC,decimal,,15,0,YES
PRODDTA,F03B14,23,RZRPID,decimal,,15,0,YES
PRODDTA,F03B14,25,RZPAAP,decimal,,15,0,YES
PRODDTA,F03B14,26,RZADSC,decimal,,15,0,YES
PRODDTA,F03B14,27,RZADSA,decimal,,15,0,YES
PRODDTA,F03B14,28,RZAAAJ,decimal,,15,0,YES
PRODDTA,F03B14,29,RZECBA,decimal,,15,0,YES
PRODDTA,F03B14,30,RZDDA,decimal,,15,0,YES
PRODDTA,F03B14,35,RZPFAP,decimal,,15,0,YES
PRODDTA,F03B14,36,RZCDS,decimal,,15,0,YES
PRODDTA,F03B14,37,RZCDSA,decimal,,15,0,YES
PRODDTA,F03B14,38,RZFCHG,decimal,,15,0,YES
PRODDTA,F03B14,39,RZECBF,decimal,,15,0,YES
PRODDTA,F03B14,40,RZFDA,decimal,,15,0,YES
PRODDTA,F03B14,41,RZAGL,decimal,,15,0,YES
PRODDTA,F03B14,44,RZTAAP,decimal,,15,0,YES
PRODDTA,F03B14,45,RZTADA,decimal,,15,0,YES
PRODDTA,F03B14,46,RZTAAJ,decimal,,15,0,YES
PRODDTA,F03B14,47,RZTCBA,decimal,,15,0,YES
PRODDTA,F03B14,48,RZTDA,decimal,,15,0,YES
PRODDTA,F03B14,53,RZAGLA,decimal,,15,0,YES
PRODDTA,F03B14,105,RZRFID,decimal,,15,0,YES
PRODDTA,F03B14,117,RZURAT,decimal,,15,0,YES
PRODDTA,F03B14,128,RZRAMT,decimal,,15,0,YES
PRODDTA,F03B14,132,RZNETTCID,decimal,,15,0,YES
PRODDTA,F03B14,133,RZNETDOC,decimal,,15,0,YES
PRODDTA,F4801,49,WAAMTO,decimal,,15,0,YES
PRODDTA,F4801,51,WABRT,decimal,,15,0,YES
PRODDTA,F4801,53,WAAMTC,decimal,,15,0,YES
PRODDTA,F4801,54,WAHRSO,decimal,,15,0,YES
PRODDTA,F4801,55,WAHRSC,decimal,,15,0,YES
PRODDTA,F4801,56,WAAMTA,decimal,,15,0,YES
PRODDTA,F4801,57,WAHRSA,decimal,,15,0,YES
PRODDTA,F4801,63,WAUORG,decimal,,15,0,YES
PRODDTA,F4801,64,WASOBK,decimal,,15,0,YES
PRODDTA,F4801,65,WASOCN,decimal,,15,0,YES
PRODDTA,F4801,66,WASOQS,decimal,,15,0,YES
PRODDTA,F4801,67,WAQTYT,decimal,,15,0,YES
PRODDTA,F4801,82,WAMOH,decimal,,15,0,YES
PRODDTA,F4801,84,WAPOU,decimal,,15,0,YES
PRODDTA,F4801,88,WACTS1,decimal,,15,0,YES
PRODDTA,F4801,90,WALOTP,decimal,,15,0,YES
PRODDTA,F4801,108,WAURAT,decimal,,15,0,YES
PRODDTA,F4801,124,WAAMLC,decimal,,15,0,YES
PRODDTA,F4801,125,WAAMMC,decimal,,15,0,YES
PRODDTA,F4801,126,WAAMOT,decimal,,15,0,YES
PRODDTA,F4801,127,WALBAM,decimal,,15,0,YES
PRODDTA,F4801,128,WAMTAM,decimal,,15,0,YES
PRODDTA,F0411,24,RPAG,decimal,,15,0,YES
PRODDTA,F0411,25,RPAAP,decimal,,15,0,YES
PRODDTA,F0411,26,RPADSC,decimal,,15,0,YES
PRODDTA,F0411,27,RPADSA,decimal,,15,0,YES
PRODDTA,F0411,28,RPATXA,decimal,,15,0,YES
PRODDTA,F0411,29,RPATXN,decimal,,15,0,YES
PRODDTA,F0411,30,RPSTAM,decimal,,15,0,YES
PRODDTA,F0411,36,RPACR,decimal,,15,0,YES
PRODDTA,F0411,37,RPFAP,decimal,,15,0,YES
PRODDTA,F0411,38,RPCDS,decimal,,15,0,YES
PRODDTA,F0411,39,RPCDSA,decimal,,15,0,YES
PRODDTA,F0411,40,RPCTXA,decimal,,15,0,YES
PRODDTA,F0411,41,RPCTXN,decimal,,15,0,YES
PRODDTA,F0411,42,RPCTAM,decimal,,15,0,YES
PRODDTA,F0411,76,RPU,decimal,,15,0,YES
PRODDTA,F0411,92,RPURAT,decimal,,15,0,YES
PRODDTA,F0411,114,RPATAD,decimal,,15,0,YES
PRODDTA,F0411,115,RPCTAD,decimal,,15,0,YES
PRODDTA,F0411,116,RPNRTA,decimal,,15,0,YES
PRODDTA,F0411,117,RPFNRT,decimal,,15,0,YES
PRODDTA,F0411,122,RPGAM1,decimal,,15,0,YES
PRODDTA,F0411,123,RPGAM2,decimal,,15,0,YES
PRODDTA,F0411,126,RPWTAD,decimal,,15,0,YES
PRODDTA,F0411,127,RPWTAF,decimal,,15,0,YES
PRODDTA,F0411,130,RPPWPG,decimal,,15,0,YES
PRODDTA,F0411,131,RPNETTCID,decimal,,15,0,YES
PRODDTA,F0411,132,RPNETDOC,decimal,,15,0,YES
PRODDTA,F00092,10,T3UORG,decimal,,15,0,YES
PRODDTA,F00092,16,T3AMTU,decimal,,15,0,YES
PRODDTA,F00092,17,T3AMTV,decimal,,15,0,YES
PRODDTA,F41003,3,UCCONV,decimal,,15,0,YES
PRODDTA,F0413,11,RMPAAP,decimal,,15,0,YES
PRODDTA,F0413,31,RMGAM3,decimal,,15,0,YES
PRODDTA,F0413,32,RMGAM4,decimal,,15,0,YES
PRODDTA,F0413,35,RMNETTCID,decimal,,15,0,YES
PRODDTA,F0413,36,RMNETDOC,decimal,,15,0,YES
PRODDTA,F0414,9,RNPAAP,decimal,,15,0,YES
PRODDTA,F0414,10,RNADSC,decimal,,15,0,YES
PRODDTA,F0414,11,RNADSA,decimal,,15,0,YES
PRODDTA,F0414,12,RNPFAP,decimal,,15,0,YES
PRODDTA,F0414,13,RNCDS,decimal,,15,0,YES
PRODDTA,F0414,14,RNCDSA,decimal,,15,0,YES
PRODDTA,F0414,40,RNGAM3,decimal,,15,0,YES
PRODDTA,F0414,41,RNGAM4,decimal,,15,0,YES
PRODDTA,F0414,45,RNNETTCID,decimal,,15,0,YES
PRODDTA,F0414,46,RNNETDOC,decimal,,15,0,YES
PRODDTA,F42199,53,SLKTP,decimal,,15,0,YES
PRODDTA,F42199,65,SLUORG,decimal,,15,0,YES
PRODDTA,F42199,66,SLSOQS,decimal,,15,0,YES
PRODDTA,F42199,67,SLSOBK,decimal,,15,0,YES
PRODDTA,F42199,68,SLSOCN,decimal,,15,0,YES
PRODDTA,F42199,69,SLSONE,decimal,,15,0,YES
PRODDTA,F42199,70,SLUOPN,decimal,,15,0,YES
PRODDTA,F42199,71,SLQTYT,decimal,,15,0,YES
PRODDTA,F42199,72,SLQRLV,decimal,,15,0,YES
PRODDTA,F42199,75,SLUPRC,decimal,,15,0,YES
PRODDTA,F42199,76,SLAEXP,decimal,,15,0,YES
PRODDTA,F42199,77,SLAOPN,decimal,,15,0,YES
PRODDTA,F42199,81,SLLPRC,decimal,,15,0,YES
PRODDTA,F42199,82,SLUNCS,decimal,,15,0,YES
PRODDTA,F42199,83,SLECST,decimal,,15,0,YES
PRODDTA,F42199,85,SLTCST,decimal,,15,0,YES
PRODDTA,F42199,91,SLFUN2,decimal,,15,0,YES
PRODDTA,F42199,129,SLPQOR,decimal,,15,0,YES
PRODDTA,F42199,131,SLSQOR,decimal,,15,0,YES
PRODDTA,F42199,133,SLITWT,decimal,,15,0,YES
PRODDTA,F42199,135,SLITVL,decimal,,15,0,YES
PRODDTA,F42199,162,SLGRWT,decimal,,15,0,YES
PRODDTA,F42199,175,SLFPRC,decimal,,15,0,YES
PRODDTA,F42199,176,SLFUP,decimal,,15,0,YES
PRODDTA,F42199,177,SLFEA,decimal,,15,0,YES
PRODDTA,F42199,178,SLFUC,decimal,,15,0,YES
PRODDTA,F42199,179,SLFEC,decimal,,15,0,YES
PRODDTA,F42199,182,SLURAT,decimal,,15,0,YES
PRODDTA,F42199,203,SLDEID,decimal,,15,0,YES
PRODDTA,F42199,215,SLXPTY,decimal,,15,0,YES
PRODDTA,F42199,251,SLOPPID,decimal,,15,0,YES
PRODDTA,F42199,253,SLUKID,decimal,,15,0,YES
PRODDTA,F42199,258,SLOSCORE,decimal,,15,0,YES
PRODDTA,F42199,261,SLKITID,decimal,,15,0,YES
PRODDTA,F42199,262,SLKITAMTDOM,decimal,,15,0,YES
PRODDTA,F42199,263,SLKITAMTFOR,decimal,,15,0,YES
PRODDTA,F0101,69,ABURAT,decimal,,15,0,YES
PRODDTA,F0101,87,ABNOE,decimal,,15,0,YES
PRODDTA,F0006,90,MCTOU,decimal,,15,0,YES
PRODDTA,F0006,99,MCPCC,decimal,,15,0,YES
PRODDTA,F0006,109,MCCAC,decimal,,15,0,YES
PRODDTA,F0006,110,MCPAC,decimal,,15,0,YES
PRODDTA,F03B11_ARCH,24,RPAG,decimal,,15,0,YES
PRODDTA,F03B11_ARCH,25,RPAAP,decimal,,15,0,YES
PRODDTA,F03B11_ARCH,26,RPADSC,decimal,,15,0,YES
PRODDTA,F03B11_ARCH,27,RPADSA,decimal,,15,0,YES
PRODDTA,F03B11_ARCH,28,RPATXA,decimal,,15,0,YES
PRODDTA,F03B11_ARCH,29,RPATXN,decimal,,15,0,YES
PRODDTA,F03B11_ARCH,30,RPSTAM,decimal,,15,0,YES
PRODDTA,F03B11_ARCH,36,RPACR,decimal,,15,0,YES
PRODDTA,F03B11_ARCH,37,RPFAP,decimal,,15,0,YES
PRODDTA,F03B11_ARCH,38,RPCDS,decimal,,15,0,YES
PRODDTA,F03B11_ARCH,39,RPCDSA,decimal,,15,0,YES
PRODDTA,F03B11_ARCH,40,RPCTXA,decimal,,15,0,YES
PRODDTA,F03B11_ARCH,41,RPCTXN,decimal,,15,0,YES
PRODDTA,F03B11_ARCH,42,RPCTAM,decimal,,15,0,YES
PRODDTA,F03B11_ARCH,96,RPU,decimal,,15,0,YES
PRODDTA,F03B11_ARCH,116,RPPYID,decimal,,15,0,YES
PRODDTA,F03B11_ARCH,119,RPURAT,decimal,,15,0,YES
PRODDTA,F03B11_ARCH,139,RPATAD,decimal,,15,0,YES
PRODDTA,F03B11_ARCH,140,RPCTAD,decimal,,15,0,YES
PRODDTA,F03B11_ARCH,141,RPNRTA,decimal,,15,0,YES
PRODDTA,F03B11_ARCH,142,RPFNRT,decimal,,15,0,YES
PRODDTA,F03B11_ARCH,151,RPPWPG,decimal,,15,0,YES
PRODDTA,F03B11_ARCH,152,RPNETTCID,decimal,,15,0,YES
PRODDTA,F03B11_ARCH,153,RPNETDOC,decimal,,15,0,YES
PRODDTA,F03012,13,AIACL,decimal,,15,0,YES
PRODDTA,F03012,62,AIAD,decimal,,15,0,YES
PRODDTA,F03012,63,AIAFCP,decimal,,15,0,YES
PRODDTA,F03012,64,AIAFCY,decimal,,15,0,YES
PRODDTA,F03012,65,AIASTY,decimal,,15,0,YES
PRODDTA,F03012,66,AISPYE,decimal,,15,0,YES
PRODDTA,F03012,67,AIAHB,decimal,,15,0,YES
PRODDTA,F03012,68,AIALP,decimal,,15,0,YES
PRODDTA,F03012,69,AIABAM,decimal,,15,0,YES
PRODDTA,F03012,70,AIABA1,decimal,,15,0,YES
PRODDTA,F03012,71,AIAPRC,decimal,,15,0,YES
PRODDTA,F03012,72,AIMAXO,decimal,,15,0,YES
PRODDTA,F03012,73,AIMINO,decimal,,15,0,YES
PRODDTA,F03012,128,AIURAT,decimal,,15,0,YES
PRODDTA,F03012,139,AIAMCR,decimal,,15,0,YES
PRODDTA,F03012,204,AITERRID,decimal,,15,0,YES
PRODDTA,F03012,205,AICIG,decimal,,15,0,YES
PRODDTA,F03B13_ARCH,22,RYCKAM,decimal,,15,0,YES
PRODDTA,F03B13_ARCH,23,RYAAP,decimal,,15,0,YES
PRODDTA,F03B13_ARCH,32,RYFCAM,decimal,,15,0,YES
PRODDTA,F03B13_ARCH,33,RYFAP,decimal,,15,0,YES
PRODDTA,F03B13_ARCH,69,RYRRID,decimal,,15,0,YES
PRODDTA,F03B13_ARCH,74,RYURAT,decimal,,15,0,YES
PRODDTA,F03B13_ARCH,94,RYNETTCID,decimal,,15,0,YES
PRODDTA,F03B13_ARCH,95,RYNETDOC,decimal,,15,0,YES
PRODDTA,F4801T,8,WACTS4,decimal,,15,0,YES
PRODDTA,F4801T,9,WACTS7,decimal,,15,0,YES
PRODDTA,F4801T,10,WACTS8,decimal,,15,0,YES
PRODDTA,F4801T,27,WAOTAM,decimal,,15,0,YES
PRODDTA,F4801T,31,WASQOR,decimal,,15,0,YES
PRODDTA,F4801T,33,WASRNK,decimal,,15,0,YES
PRODDTA,F4801T,34,WASSOQ,decimal,,15,0,YES
PRODDTA,F4801T,88,WACURBALM1,decimal,,15,0,YES
PRODDTA,F4801T,89,WACURBALM2,decimal,,15,0,YES
PRODDTA,F4801T,90,WACURBALM3,decimal,,15,0,YES
PRODDTA,F4801T,97,WAPLMR,decimal,,15,0,YES
PRODDTA,F4801T,98,WAPLLB,decimal,,15,0,YES
PRODDTA,F4801T,99,WAPLOS,decimal,,15,0,YES
PRODDTA,F4801T,100,WABGTC,decimal,,15,0,YES
PRODDTA,F4801T,101,WATOEM,decimal,,15,0,YES
PRODDTA,F4801T,102,WATOPL,decimal,,15,0,YES
PRODDTA,F4801T,103,WAPLSA,decimal,,15,0,YES
PRODDTA,F4801T,104,WAPLSU,decimal,,15,0,YES
PRODDTA,F4801T,105,WAESSA,decimal,,15,0,YES
PRODDTA,F4801T,106,WAESSU,decimal,,15,0,YES
PRODDTA,F4801T,107,WAACSA,decimal,,15,0,YES
PRODDTA,F4801T,108,WAACSU,decimal,,15,0,YES
PRODDTA,F4801T,109,WAOACM,decimal,,15,0,YES
PRODDTA,F4801T,110,WARACM,decimal,,15,0,YES
PRODDTA,F03B14_ARCH,23,RZRPID,decimal,,15,0,YES
PRODDTA,F03B14_ARCH,25,RZPAAP,decimal,,15,0,YES
PRODDTA,F03B14_ARCH,26,RZADSC,decimal,,15,0,YES
PRODDTA,F03B14_ARCH,27,RZADSA,decimal,,15,0,YES
PRODDTA,F03B14_ARCH,28,RZAAAJ,decimal,,15,0,YES
PRODDTA,F03B14_ARCH,29,RZECBA,decimal,,15,0,YES
PRODDTA,F03B14_ARCH,30,RZDDA,decimal,,15,0,YES
PRODDTA,F03B14_ARCH,35,RZPFAP,decimal,,15,0,YES
PRODDTA,F03B14_ARCH,36,RZCDS,decimal,,15,0,YES
PRODDTA,F03B14_ARCH,37,RZCDSA,decimal,,15,0,YES
PRODDTA,F03B14_ARCH,38,RZFCHG,decimal,,15,0,YES
PRODDTA,F03B14_ARCH,39,RZECBF,decimal,,15,0,YES
PRODDTA,F03B14_ARCH,40,RZFDA,decimal,,15,0,YES
PRODDTA,F03B14_ARCH,41,RZAGL,decimal,,15,0,YES
PRODDTA,F03B14_ARCH,44,RZTAAP,decimal,,15,0,YES
PRODDTA,F03B14_ARCH,45,RZTADA,decimal,,15,0,YES
PRODDTA,F03B14_ARCH,46,RZTAAJ,decimal,,15,0,YES
PRODDTA,F03B14_ARCH,47,RZTCBA,decimal,,15,0,YES
PRODDTA,F03B14_ARCH,48,RZTDA,decimal,,15,0,YES
PRODDTA,F03B14_ARCH,53,RZAGLA,decimal,,15,0,YES
PRODDTA,F03B14_ARCH,105,RZRFID,decimal,,15,0,YES
PRODDTA,F03B14_ARCH,117,RZURAT,decimal,,15,0,YES
PRODDTA,F03B14_ARCH,128,RZRAMT,decimal,,15,0,YES
PRODDTA,F03B14_ARCH,132,RZNETTCID,decimal,,15,0,YES
PRODDTA,F03B14_ARCH,133,RZNETDOC,decimal,,15,0,YES
PRODDTA,F0411_ARCH,24,RPAG,decimal,,15,0,YES
PRODDTA,F0411_ARCH,25,RPAAP,decimal,,15,0,YES
PRODDTA,F0411_ARCH,26,RPADSC,decimal,,15,0,YES
PRODDTA,F0411_ARCH,27,RPADSA,decimal,,15,0,YES
PRODDTA,F0411_ARCH,28,RPATXA,decimal,,15,0,YES
PRODDTA,F0411_ARCH,29,RPATXN,decimal,,15,0,YES
PRODDTA,F0411_ARCH,30,RPSTAM,decimal,,15,0,YES
PRODDTA,F0411_ARCH,36,RPACR,decimal,,15,0,YES
PRODDTA,F0411_ARCH,37,RPFAP,decimal,,15,0,YES
PRODDTA,F0411_ARCH,38,RPCDS,decimal,,15,0,YES
PRODDTA,F0411_ARCH,39,RPCDSA,decimal,,15,0,YES
PRODDTA,F0411_ARCH,40,RPCTXA,decimal,,15,0,YES
PRODDTA,F0411_ARCH,41,RPCTXN,decimal,,15,0,YES
PRODDTA,F0411_ARCH,42,RPCTAM,decimal,,15,0,YES
PRODDTA,F0411_ARCH,76,RPU,decimal,,15,0,YES
PRODDTA,F0411_ARCH,92,RPURAT,decimal,,15,0,YES
PRODDTA,F0411_ARCH,114,RPATAD,decimal,,15,0,YES
PRODDTA,F0411_ARCH,115,RPCTAD,decimal,,15,0,YES
PRODDTA,F0411_ARCH,116,RPNRTA,decimal,,15,0,YES
PRODDTA,F0411_ARCH,117,RPFNRT,decimal,,15,0,YES
PRODDTA,F0411_ARCH,122,RPGAM1,decimal,,15,0,YES
PRODDTA,F0411_ARCH,123,RPGAM2,decimal,,15,0,YES
PRODDTA,F0411_ARCH,126,RPWTAD,decimal,,15,0,YES
PRODDTA,F0411_ARCH,127,RPWTAF,decimal,,15,0,YES
PRODDTA,F0411_ARCH,130,RPPWPG,decimal,,15,0,YES
PRODDTA,F0411_ARCH,131,RPNETTCID,decimal,,15,0,YES
PRODDTA,F0411_ARCH,132,RPNETDOC,decimal,,15,0,YES
PRODDTA,F4201,61,SHOTOT,decimal,,15,0,YES
PRODDTA,F4201,62,SHTOTC,decimal,,15,0,YES
PRODDTA,F4201,74,SHFAP,decimal,,15,0,YES
PRODDTA,F4201,75,SHFCST,decimal,,15,0,YES
PRODDTA,F4201,80,SHURAT,decimal,,15,0,YES
PRODDTA,F4201,116,SHOPTC,decimal,,15,0,YES
PRODDTA,F4201,118,SHOPBK,decimal,,15,0,YES
PRODDTA,F4201,119,SHOPSB,decimal,,15,0,YES
PRODDTA,F4201,127,SHOPPID,decimal,,15,0,YES
PRODDTA,F0413_ARCH,11,RMPAAP,decimal,,15,0,YES
PRODDTA,F0413_ARCH,31,RMGAM3,decimal,,15,0,YES
PRODDTA,F0413_ARCH,32,RMGAM4,decimal,,15,0,YES
PRODDTA,F0413_ARCH,35,RMNETTCID,decimal,,15,0,YES
PRODDTA,F0413_ARCH,36,RMNETDOC,decimal,,15,0,YES
PRODDTA,F0401,25,A6AYPD,decimal,,15,0,YES
PRODDTA,F0401,26,A6APPD,decimal,,15,0,YES
PRODDTA,F0401,27,A6ABAM,decimal,,15,0,YES
PRODDTA,F0401,28,A6ABA1,decimal,,15,0,YES
PRODDTA,F0401,29,A6APRC,decimal,,15,0,YES
PRODDTA,F0401,30,A6MINO,decimal,,15,0,YES
PRODDTA,F0401,31,A6MAXO,decimal,,15,0,YES
PRODDTA,F0401,69,A6URAT,decimal,,15,0,YES
PRODDTA,F0902_JG,8,GBAPYC,decimal,,15,0,YES
PRODDTA,F0902_JG,9,GBAN01,decimal,,15,0,YES
PRODDTA,F0902_JG,10,GBAN02,decimal,,15,0,YES
PRODDTA,F0902_JG,11,GBAN03,decimal,,15,0,YES
PRODDTA,F0902_JG,12,GBAN04,decimal,,15,0,YES
PRODDTA,F0902_JG,13,GBAN05,decimal,,15,0,YES
PRODDTA,F0902_JG,14,GBAN06,decimal,,15,0,YES
PRODDTA,F0902_JG,15,GBAN07,decimal,,15,0,YES
PRODDTA,F0902_JG,16,GBAN08,decimal,,15,0,YES
PRODDTA,F0902_JG,17,GBAN09,decimal,,15,0,YES
PRODDTA,F0902_JG,18,GBAN10,decimal,,15,0,YES
PRODDTA,F0902_JG,19,GBAN11,decimal,,15,0,YES
PRODDTA,F0902_JG,20,GBAN12,decimal,,15,0,YES
PRODDTA,F0902_JG,21,GBAN13,decimal,,15,0,YES
PRODDTA,F0902_JG,22,GBAN14,decimal,,15,0,YES
PRODDTA,F0902_JG,23,GBAPYN,decimal,,15,0,YES
PRODDTA,F0902_JG,24,GBAWTD,decimal,,15,0,YES
PRODDTA,F0902_JG,25,GBBORG,decimal,,15,0,YES
PRODDTA,F0902_JG,26,GBPOU,decimal,,15,0,YES
PRODDTA,F0902_JG,28,GBTKER,decimal,,15,0,YES
PRODDTA,F0902_JG,29,GBBREQ,decimal,,15,0,YES
PRODDTA,F0902_JG,30,GBBAPR,decimal,,15,0,YES
PRODDTA,F0902_JG,38,GBAND01,decimal,,15,0,YES
PRODDTA,F0902_JG,39,GBAND02,decimal,,15,0,YES
PRODDTA,F0902_JG,40,GBAND03,decimal,,15,0,YES
PRODDTA,F0902_JG,41,GBAND04,decimal,,15,0,YES
PRODDTA,F0902_JG,42,GBAND05,decimal,,15,0,YES
PRODDTA,F0902_JG,43,GBAND06,decimal,,15,0,YES
PRODDTA,F0902_JG,44,GBAND07,decimal,,15,0,YES
PRODDTA,F0902_JG,45,GBAND08,decimal,,15,0,YES
PRODDTA,F0902_JG,46,GBAND09,decimal,,15,0,YES
PRODDTA,F0902_JG,47,GBAND10,decimal,,15,0,YES
PRODDTA,F0902_JG,48,GBAND11,decimal,,15,0,YES
PRODDTA,F0902_JG,49,GBAND12,decimal,,15,0,YES
PRODDTA,F0902_JG,50,GBAND13,decimal,,15,0,YES
PRODDTA,F0902_JG,51,GBAND14,decimal,,15,0,YES
PRODDTA,F0414_ARCH,9,RNPAAP,decimal,,15,0,YES
PRODDTA,F0414_ARCH,10,RNADSC,decimal,,15,0,YES
PRODDTA,F0414_ARCH,11,RNADSA,decimal,,15,0,YES
PRODDTA,F0414_ARCH,12,RNPFAP,decimal,,15,0,YES
PRODDTA,F0414_ARCH,13,RNCDS,decimal,,15,0,YES
PRODDTA,F0414_ARCH,14,RNCDSA,decimal,,15,0,YES
PRODDTA,F0414_ARCH,40,RNGAM3,decimal,,15,0,YES
PRODDTA,F0414_ARCH,41,RNGAM4,decimal,,15,0,YES
PRODDTA,F0414_ARCH,45,RNNETTCID,decimal,,15,0,YES
PRODDTA,F0414_ARCH,46,RNNETDOC,decimal,,15,0,YES
PRODDTA,F42019,61,SHOTOT,decimal,,15,0,YES
PRODDTA,F42019,62,SHTOTC,decimal,,15,0,YES
PRODDTA,F42019,74,SHFAP,decimal,,15,0,YES
PRODDTA,F42019,75,SHFCST,decimal,,15,0,YES
PRODDTA,F42019,80,SHURAT,decimal,,15,0,YES
PRODDTA,F42019,116,SHOPTC,decimal,,15,0,YES
PRODDTA,F42019,118,SHOPBK,decimal,,15,0,YES
PRODDTA,F42019,119,SHOPSB,decimal,,15,0,YES
PRODDTA,F42019,127,SHOPPID,decimal,,15,0,YES
PRODDTA,F00165,4,GDGTMOTYPE,decimal,,15,0,YES
PRODDTA,F3112_ARCH,40,WLRUNM,decimal,,15,0,YES
PRODDTA,F3112_ARCH,41,WLRUNL,decimal,,15,0,YES
PRODDTA,F3112_ARCH,42,WLSETL,decimal,,15,0,YES
PRODDTA,F3112_ARCH,43,WLMACA,decimal,,15,0,YES
PRODDTA,F3112_ARCH,44,WLLABA,decimal,,15,0,YES
PRODDTA,F3112_ARCH,45,WLSETA,decimal,,15,0,YES
PRODDTA,F3112_ARCH,46,WLOPSR,decimal,,15,0,YES
PRODDTA,F3112_ARCH,47,WLUORG,decimal,,15,0,YES
PRODDTA,F3112_ARCH,48,WLSOCN,decimal,,15,0,YES
PRODDTA,F3112_ARCH,49,WLSOQS,decimal,,15,0,YES
PRODDTA,F3112_ARCH,53,WLCTS2,decimal,,15,0,YES
PRODDTA,F3112_ARCH,54,WLCTS3,decimal,,15,0,YES
PRODDTA,F3112_ARCH,55,WLCTS4,decimal,,15,0,YES
PRODDTA,F3112_ARCH,56,WLCTS5,decimal,,15,0,YES
PRODDTA,F3112_ARCH,57,WLCTS6,decimal,,15,0,YES
PRODDTA,F3112_ARCH,71,WLURAT,decimal,,15,0,YES
PRODDTA,F3112_ARCH,80,WLRUC,decimal,,15,0,YES
PRODDTA,F3112_ARCH,83,WLCMHR,decimal,,15,0,YES
PRODDTA,F3112_ARCH,84,WLCLHR,decimal,,15,0,YES
PRODDTA,F3112_ARCH,85,WLCSHR,decimal,,15,0,YES
PRODDTA,F3112_ARCH,89,WLCTS7,decimal,,15,0,YES
PRODDTA,F3112_ARCH,90,WLCTS8,decimal,,15,0,YES
PRODDTA,F3112_ARCH,91,WLCTS9,decimal,,15,0,YES
PRODDTA,F3112_ARCH,92,WLLABP,decimal,,15,0,YES
PRODDTA,F3112_ARCH,93,WLMACR,decimal,,15,0,YES
PRODDTA,F3112_ARCH,94,WLSETR,decimal,,15,0,YES
PRODDTA,F31122_ARCH,23,WTEBRT,decimal,,15,0,YES
PRODDTA,F31122_ARCH,24,WTHRT,decimal,,15,0,YES
PRODDTA,F31122_ARCH,25,WTHRW,decimal,,15,0,YES
PRODDTA,F31122_ARCH,26,WTHREQ,decimal,,15,0,YES
PRODDTA,F31122_ARCH,27,WTGPAY,decimal,,15,0,YES
PRODDTA,F31122_ARCH,28,WTSOQS,decimal,,15,0,YES
PRODDTA,F31122_ARCH,29,WTSOCN,decimal,,15,0,YES
PRODDTA,F31122_ARCH,39,WTSTH,decimal,,15,0,YES
PRODDTA,F31122_ARCH,43,WTURAT,decimal,,15,0,YES
PRODDTA,F42140,6,CMFCA,decimal,,15,0,YES
PRODDTA,F42140,7,CMAPUN,decimal,,15,0,YES
PRODDTA,F4074_ARCH,21,ALFVTR,decimal,,15,0,YES
PRODDTA,F4074_ARCH,23,ALUPRC,decimal,,15,0,YES
PRODDTA,F4074_ARCH,24,ALFUP,decimal,,15,0,YES
PRODDTA,F4074_ARCH,36,ALBSDVAL,decimal,,15,0,YES
PRODDTA,F4074_ARCH,39,ALNBRORD,decimal,,15,0,YES
PRODDTA,F4074_ARCH,50,ALCFGID,decimal,,15,0,YES
PRODDTA,F4074_ARCH,51,ALCFGCID,decimal,,15,0,YES
PRODDTA,F4074_ARCH,68,ALQTYPY,decimal,,15,0,YES
PRODDTA,F0902,8,GBAPYC,decimal,,15,0,YES
PRODDTA,F0902,9,GBAN01,decimal,,15,0,YES
PRODDTA,F0902,10,GBAN02,decimal,,15,0,YES
PRODDTA,F0902,11,GBAN03,decimal,,15,0,YES
PRODDTA,F0902,12,GBAN04,decimal,,15,0,YES
PRODDTA,F0902,13,GBAN05,decimal,,15,0,YES
PRODDTA,F0902,14,GBAN06,decimal,,15,0,YES
PRODDTA,F0902,15,GBAN07,decimal,,15,0,YES
PRODDTA,F0902,16,GBAN08,decimal,,15,0,YES
PRODDTA,F0902,17,GBAN09,decimal,,15,0,YES
PRODDTA,F0902,18,GBAN10,decimal,,15,0,YES
PRODDTA,F0902,19,GBAN11,decimal,,15,0,YES
PRODDTA,F0902,20,GBAN12,decimal,,15,0,YES
PRODDTA,F0902,21,GBAN13,decimal,,15,0,YES
PRODDTA,F0902,22,GBAN14,decimal,,15,0,YES
PRODDTA,F0902,23,GBAPYN,decimal,,15,0,YES
PRODDTA,F0902,24,GBAWTD,decimal,,15,0,YES
PRODDTA,F0902,25,GBBORG,decimal,,15,0,YES
PRODDTA,F0902,26,GBPOU,decimal,,15,0,YES
PRODDTA,F0902,28,GBTKER,decimal,,15,0,YES
PRODDTA,F0902,29,GBBREQ,decimal,,15,0,YES
PRODDTA,F0902,30,GBBAPR,decimal,,15,0,YES
PRODDTA,F0902,43,GBAND01,decimal,,15,0,YES
PRODDTA,F0902,44,GBAND02,decimal,,15,0,YES
PRODDTA,F0902,45,GBAND03,decimal,,15,0,YES
PRODDTA,F0902,46,GBAND04,decimal,,15,0,YES
PRODDTA,F0902,47,GBAND05,decimal,,15,0,YES
PRODDTA,F0902,48,GBAND06,decimal,,15,0,YES
PRODDTA,F0902,49,GBAND07,decimal,,15,0,YES
PRODDTA,F0902,50,GBAND08,decimal,,15,0,YES
PRODDTA,F0902,51,GBAND09,decimal,,15,0,YES
PRODDTA,F0902,52,GBAND10,decimal,,15,0,YES
PRODDTA,F0902,53,GBAND11,decimal,,15,0,YES
PRODDTA,F0902,54,GBAND12,decimal,,15,0,YES
PRODDTA,F0902,55,GBAND13,decimal,,15,0,YES
PRODDTA,F0902,56,GBAND14,decimal,,15,0,YES
PRODDTA,F42005_ARCH,25,SCLFAC,decimal,,15,0,YES
PRODDTA,F42005_ARCH,26,SCAFXC,decimal,,15,0,YES
PRODDTA,F42005_ARCH,27,SCTOTO,decimal,,15,0,YES
PRODDTA,F42005_ARCH,28,SCORCS,decimal,,15,0,YES
PRODDTA,F42005_ARCH,29,SCREBT,decimal,,15,0,YES
PRODDTA,F42005_ARCH,30,SCMRGN,decimal,,15,0,YES
PRODDTA,F42005_ARCH,31,SCELIG,decimal,,15,0,YES
PRODDTA,F42005_ARCH,32,SCTOTL,decimal,,15,0,YES
PRODDTA,F42005_ARCH,33,SCLRCS,decimal,,15,0,YES
PRODDTA,F42005_ARCH,34,SCREBL,decimal,,15,0,YES
PRODDTA,F42005_ARCH,35,SCMRGL,decimal,,15,0,YES
PRODDTA,F42005_ARCH,36,SCELIL,decimal,,15,0,YES
PRODDTA,F42005_ARCH,37,SCMGM,decimal,,15,0,YES
PRODDTA,F42005_ARCH,39,SCCOMA,decimal,,15,0,YES
PRODDTA,F42005_ARCH,41,SCCOMR,decimal,,15,0,YES
PRODDTA,F42005_ARCH,50,SCFCA,decimal,,15,0,YES
PRODDTA,F42005_ARCH,51,SCAPUN,decimal,,15,0,YES
PRODDTA,F0911,31,GLAA,decimal,,15,0,YES
PRODDTA,F0911,32,GLU,decimal,,15,0,YES
PRODDTA,F0911,99,GLPYID,decimal,,15,0,YES
PRODDTA,F0911,132,GLACR,decimal,,15,0,YES
PRODDTA,F3112,40,WLRUNM,decimal,,15,0,YES
PRODDTA,F3112,41,WLRUNL,decimal,,15,0,YES
PRODDTA,F3112,42,WLSETL,decimal,,15,0,YES
PRODDTA,F3112,43,WLMACA,decimal,,15,0,YES
PRODDTA,F3112,44,WLLABA,decimal,,15,0,YES
PRODDTA,F3112,45,WLSETA,decimal,,15,0,YES
PRODDTA,F3112,46,WLOPSR,decimal,,15,0,YES
PRODDTA,F3112,47,WLUORG,decimal,,15,0,YES
PRODDTA,F3112,48,WLSOCN,decimal,,15,0,YES
PRODDTA,F3112,49,WLSOQS,decimal,,15,0,YES
PRODDTA,F3112,53,WLCTS2,decimal,,15,0,YES
PRODDTA,F3112,54,WLCTS3,decimal,,15,0,YES
PRODDTA,F3112,55,WLCTS4,decimal,,15,0,YES
PRODDTA,F3112,56,WLCTS5,decimal,,15,0,YES
PRODDTA,F3112,57,WLCTS6,decimal,,15,0,YES
PRODDTA,F3112,71,WLURAT,decimal,,15,0,YES
PRODDTA,F3112,80,WLRUC,decimal,,15,0,YES
PRODDTA,F3112,83,WLCMHR,decimal,,15,0,YES
PRODDTA,F3112,84,WLCLHR,decimal,,15,0,YES
PRODDTA,F3112,85,WLCSHR,decimal,,15,0,YES
PRODDTA,F3112,89,WLCTS7,decimal,,15,0,YES
PRODDTA,F3112,90,WLCTS8,decimal,,15,0,YES
PRODDTA,F3112,91,WLCTS9,decimal,,15,0,YES
PRODDTA,F3112,92,WLLABP,decimal,,15,0,YES
PRODDTA,F3112,93,WLMACR,decimal,,15,0,YES
PRODDTA,F3112,94,WLSETR,decimal,,15,0,YES
PRODDTA,F4201_ARCH,61,SHOTOT,decimal,,15,0,YES
PRODDTA,F4201_ARCH,62,SHTOTC,decimal,,15,0,YES
PRODDTA,F4201_ARCH,74,SHFAP,decimal,,15,0,YES
PRODDTA,F4201_ARCH,75,SHFCST,decimal,,15,0,YES
PRODDTA,F4201_ARCH,80,SHURAT,decimal,,15,0,YES
PRODDTA,F4201_ARCH,116,SHOPTC,decimal,,15,0,YES
PRODDTA,F4201_ARCH,118,SHOPBK,decimal,,15,0,YES
PRODDTA,F4201_ARCH,119,SHOPSB,decimal,,15,0,YES
PRODDTA,F4201_ARCH,127,SHOPPID,decimal,,15,0,YES
PRODDTA,F42019_ARCH,61,SHOTOT,decimal,,15,0,YES
PRODDTA,F42019_ARCH,62,SHTOTC,decimal,,15,0,YES
PRODDTA,F42019_ARCH,74,SHFAP,decimal,,15,0,YES
PRODDTA,F42019_ARCH,75,SHFCST,decimal,,15,0,YES
PRODDTA,F42019_ARCH,80,SHURAT,decimal,,15,0,YES
PRODDTA,F42019_ARCH,116,SHOPTC,decimal,,15,0,YES
PRODDTA,F42019_ARCH,118,SHOPBK,decimal,,15,0,YES
PRODDTA,F42019_ARCH,119,SHOPSB,decimal,,15,0,YES
PRODDTA,F42019_ARCH,127,SHOPPID,decimal,,15,0,YES
PRODDTA,F4074,21,ALFVTR,decimal,,15,0,YES
PRODDTA,F4074,23,ALUPRC,decimal,,15,0,YES
PRODDTA,F4074,24,ALFUP,decimal,,15,0,YES
PRODDTA,F4074,36,ALBSDVAL,decimal,,15,0,YES
PRODDTA,F4074,39,ALNBRORD,decimal,,15,0,YES
PRODDTA,F4074,50,ALCFGID,decimal,,15,0,YES
PRODDTA,F4074,51,ALCFGCID,decimal,,15,0,YES
PRODDTA,F4074,68,ALQTYPY,decimal,,15,0,YES
PRODDTA,F4108,13,IOLOTP,decimal,,15,0,YES
PRODDTA,F4108,23,IOUB01,decimal,,15,0,YES
PRODDTA,F4108,24,IOUB02,decimal,,15,0,YES
PRODDTA,F4108,26,IOUB04,decimal,,15,0,YES
PRODDTA,F4108,27,IOUB05,decimal,,15,0,YES
PRODDTA,F4108,28,IOUB06,decimal,,15,0,YES
PRODDTA,F1201,21,FAAESV,decimal,,15,0,YES
PRODDTA,F1201,22,FAARPC,decimal,,15,0,YES
PRODDTA,F1201,23,FAALRC,decimal,,15,0,YES
PRODDTA,F1201,36,FAARCQ,decimal,,15,0,YES
PRODDTA,F1201,37,FAAROQ,decimal,,15,0,YES
PRODDTA,F1201,39,FAAITY,decimal,,15,0,YES
PRODDTA,F1201,40,FAAITP,decimal,,15,0,YES
PRODDTA,F1201,44,FAAPUR,decimal,,15,0,YES
PRODDTA,F1201,46,FAAPOM,decimal,,15,0,YES
PRODDTA,F1201,50,FAAMF,decimal,,15,0,YES
PRODDTA,F1201,56,FAINSA,decimal,,15,0,YES
PRODDTA,F1201,57,FAAIV,decimal,,15,0,YES
PRODDTA,F1201,75,FASFC,decimal,,15,0,YES
PRODDTA,F4301_ARCH,51,PHOTOT,decimal,,15,0,YES
PRODDTA,F4301_ARCH,71,PHFAP,decimal,,15,0,YES
PRODDTA,F4301_ARCH,76,PHURAT,decimal,,15,0,YES
PRODDTA,F4301_ARCH,118,PHCUKID,decimal,,15,0,YES
PRODDTA,F1202,8,FLAPYC,decimal,,15,0,YES
PRODDTA,F1202,9,FLAN01,decimal,,15,0,YES
PRODDTA,F1202,10,FLAN02,decimal,,15,0,YES
PRODDTA,F1202,11,FLAN03,decimal,,15,0,YES
PRODDTA,F1202,12,FLAN04,decimal,,15,0,YES
PRODDTA,F1202,13,FLAN05,decimal,,15,0,YES
PRODDTA,F1202,14,FLAN06,decimal,,15,0,YES
PRODDTA,F1202,15,FLAN07,decimal,,15,0,YES
PRODDTA,F1202,16,FLAN08,decimal,,15,0,YES
PRODDTA,F1202,17,FLAN09,decimal,,15,0,YES
PRODDTA,F1202,18,FLAN10,decimal,,15,0,YES
PRODDTA,F1202,19,FLAN11,decimal,,15,0,YES
PRODDTA,F1202,20,FLAN12,decimal,,15,0,YES
PRODDTA,F1202,21,FLAN13,decimal,,15,0,YES
PRODDTA,F1202,22,FLAN14,decimal,,15,0,YES
PRODDTA,F1202,23,FLAPYN,decimal,,15,0,YES
PRODDTA,F1202,24,FLAWTD,decimal,,15,0,YES
PRODDTA,F1202,25,FLBORG,decimal,,15,0,YES
PRODDTA,F1202,26,FLPOU,decimal,,15,0,YES
PRODDTA,F1202,28,FLTKER,decimal,,15,0,YES
PRODDTA,F1202,29,FLBREQ,decimal,,15,0,YES
PRODDTA,F1202,30,FLBAPR,decimal,,15,0,YES
PRODDTA,F4311_ARCH,61,PDUORG,decimal,,15,0,YES
PRODDTA,F4311_ARCH,62,PDUCHG,decimal,,15,0,YES
PRODDTA,F4311_ARCH,63,PDUOPN,decimal,,15,0,YES
PRODDTA,F4311_ARCH,64,PDUREC,decimal,,15,0,YES
PRODDTA,F4311_ARCH,65,PDCREC,decimal,,15,0,YES
PRODDTA,F4311_ARCH,66,PDURLV,decimal,,15,0,YES
PRODDTA,F4311_ARCH,68,PDPRRC,decimal,,15,0,YES
PRODDTA,F4311_ARCH,69,PDAEXP,decimal,,15,0,YES
PRODDTA,F4311_ARCH,70,PDACHG,decimal,,15,0,YES
PRODDTA,F4311_ARCH,71,PDAOPN,decimal,,15,0,YES
PRODDTA,F4311_ARCH,72,PDAREC,decimal,,15,0,YES
PRODDTA,F4311_ARCH,73,PDARLV,decimal,,15,0,YES
PRODDTA,F4311_ARCH,74,PDFTN1,decimal,,15,0,YES
PRODDTA,F4311_ARCH,75,PDTRLV,decimal,,15,0,YES
PRODDTA,F4311_ARCH,77,PDAMC3,decimal,,15,0,YES
PRODDTA,F4311_ARCH,78,PDECST,decimal,,15,0,YES
PRODDTA,F4311_ARCH,107,PDPQOR,decimal,,15,0,YES
PRODDTA,F4311_ARCH,109,PDSQOR,decimal,,15,0,YES
PRODDTA,F4311_ARCH,111,PDITWT,decimal,,15,0,YES
PRODDTA,F4311_ARCH,113,PDITVL,decimal,,15,0,YES
PRODDTA,F4311_ARCH,122,PDGRWT,decimal,,15,0,YES
PRODDTA,F4311_ARCH,168,PDFRRC,decimal,,15,0,YES
PRODDTA,F4311_ARCH,169,PDFEA,decimal,,15,0,YES
PRODDTA,F4311_ARCH,170,PDFUC,decimal,,15,0,YES
PRODDTA,F4311_ARCH,171,PDFEC,decimal,,15,0,YES
PRODDTA,F4311_ARCH,172,PDFCHG,decimal,,15,0,YES
PRODDTA,F4311_ARCH,173,PDFAP,decimal,,15,0,YES
PRODDTA,F4311_ARCH,174,PDFREC,decimal,,15,0,YES
PRODDTA,F4311_ARCH,177,PDURAT,decimal,,15,0,YES
PRODDTA,F4311_ARCH,196,PDFTRL,decimal,,15,0,YES
PRODDTA,F4311_ARCH,200,PDCTAM,decimal,,15,0,YES
PRODDTA,F4311_ARCH,211,PDUKID,decimal,,15,0,YES
PRODDTA,F4311_ARCH,217,PDCNTRTDID,decimal,,15,0,YES
PRODDTA,F4311_ARCH,224,PDSRQTY,decimal,,15,0,YES
PRODDTA,F41112,13,INNQ01,decimal,,15,0,YES
PRODDTA,F41112,14,INNQ02,decimal,,15,0,YES
PRODDTA,F41112,15,INNQ03,decimal,,15,0,YES
PRODDTA,F41112,16,INNQ04,decimal,,15,0,YES
PRODDTA,F41112,17,INNQ05,decimal,,15,0,YES
PRODDTA,F41112,18,INNQ06,decimal,,15,0,YES
PRODDTA,F41112,19,INNQ07,decimal,,15,0,YES
PRODDTA,F41112,20,INNQ08,decimal,,15,0,YES
PRODDTA,F41112,21,INNQ09,decimal,,15,0,YES
PRODDTA,F41112,22,INNQ10,decimal,,15,0,YES
PRODDTA,F41112,23,INNQ11,decimal,,15,0,YES
PRODDTA,F41112,24,INNQ12,decimal,,15,0,YES
PRODDTA,F41112,25,INNQ13,decimal,,15,0,YES
PRODDTA,F41112,26,INNQ14,decimal,,15,0,YES
PRODDTA,F41112,27,INAN01,decimal,,15,0,YES
PRODDTA,F41112,28,INAN02,decimal,,15,0,YES
PRODDTA,F41112,29,INAN03,decimal,,15,0,YES
PRODDTA,F41112,30,INAN04,decimal,,15,0,YES
PRODDTA,F41112,31,INAN05,decimal,,15,0,YES
PRODDTA,F41112,32,INAN06,decimal,,15,0,YES
PRODDTA,F41112,33,INAN07,decimal,,15,0,YES
PRODDTA,F41112,34,INAN08,decimal,,15,0,YES
PRODDTA,F41112,35,INAN09,decimal,,15,0,YES
PRODDTA,F41112,36,INAN10,decimal,,15,0,YES
PRODDTA,F41112,37,INAN11,decimal,,15,0,YES
PRODDTA,F41112,38,INAN12,decimal,,15,0,YES
PRODDTA,F41112,39,INAN13,decimal,,15,0,YES
PRODDTA,F41112,40,INAN14,decimal,,15,0,YES
PRODDTA,F41112,41,INCUMA,decimal,,15,0,YES
PRODDTA,F4801_ARCH,49,WAAMTO,decimal,,15,0,YES
PRODDTA,F4801_ARCH,51,WABRT,decimal,,15,0,YES
PRODDTA,F4801_ARCH,53,WAAMTC,decimal,,15,0,YES
PRODDTA,F4801_ARCH,54,WAHRSO,decimal,,15,0,YES
PRODDTA,F4801_ARCH,55,WAHRSC,decimal,,15,0,YES
PRODDTA,F4801_ARCH,56,WAAMTA,decimal,,15,0,YES
PRODDTA,F4801_ARCH,57,WAHRSA,decimal,,15,0,YES
PRODDTA,F4801_ARCH,63,WAUORG,decimal,,15,0,YES
PRODDTA,F4801_ARCH,64,WASOBK,decimal,,15,0,YES
PRODDTA,F4801_ARCH,65,WASOCN,decimal,,15,0,YES
PRODDTA,F4801_ARCH,66,WASOQS,decimal,,15,0,YES
PRODDTA,F4801_ARCH,67,WAQTYT,decimal,,15,0,YES
PRODDTA,F4801_ARCH,82,WAMOH,decimal,,15,0,YES
PRODDTA,F4801_ARCH,84,WAPOU,decimal,,15,0,YES
PRODDTA,F4801_ARCH,88,WACTS1,decimal,,15,0,YES
PRODDTA,F4801_ARCH,90,WALOTP,decimal,,15,0,YES
PRODDTA,F4801_ARCH,108,WAURAT,decimal,,15,0,YES
PRODDTA,F4801_ARCH,124,WAAMLC,decimal,,15,0,YES
PRODDTA,F4801_ARCH,125,WAAMMC,decimal,,15,0,YES
PRODDTA,F4801_ARCH,126,WAAMOT,decimal,,15,0,YES
PRODDTA,F4801_ARCH,127,WALBAM,decimal,,15,0,YES
PRODDTA,F4801_ARCH,128,WAMTAM,decimal,,15,0,YES
PRODDTA,F4801T_ARCH,8,WACTS4,decimal,,15,0,YES
PRODDTA,F4801T_ARCH,9,WACTS7,decimal,,15,0,YES
PRODDTA,F4801T_ARCH,10,WACTS8,decimal,,15,0,YES
PRODDTA,F4801T_ARCH,27,WAOTAM,decimal,,15,0,YES
PRODDTA,F4801T_ARCH,31,WASQOR,decimal,,15,0,YES
PRODDTA,F4801T_ARCH,33,WASRNK,decimal,,15,0,YES
PRODDTA,F4801T_ARCH,34,WASSOQ,decimal,,15,0,YES
PRODDTA,F4801T_ARCH,88,WACURBALM1,decimal,,15,0,YES
PRODDTA,F4801T_ARCH,89,WACURBALM2,decimal,,15,0,YES
PRODDTA,F4801T_ARCH,90,WACURBALM3,decimal,,15,0,YES
PRODDTA,F4801T_ARCH,97,WAPLMR,decimal,,15,0,YES
PRODDTA,F4801T_ARCH,98,WAPLLB,decimal,,15,0,YES
PRODDTA,F4801T_ARCH,99,WAPLOS,decimal,,15,0,YES
PRODDTA,F4801T_ARCH,100,WABGTC,decimal,,15,0,YES
PRODDTA,F4801T_ARCH,101,WATOEM,decimal,,15,0,YES
PRODDTA,F4801T_ARCH,102,WATOPL,decimal,,15,0,YES
PRODDTA,F4801T_ARCH,103,WAPLSA,decimal,,15,0,YES
PRODDTA,F4801T_ARCH,104,WAPLSU,decimal,,15,0,YES
PRODDTA,F4801T_ARCH,105,WAESSA,decimal,,15,0,YES
PRODDTA,F4801T_ARCH,106,WAESSU,decimal,,15,0,YES
PRODDTA,F4801T_ARCH,107,WAACSA,decimal,,15,0,YES
PRODDTA,F4801T_ARCH,108,WAACSU,decimal,,15,0,YES
PRODDTA,F4801T_ARCH,109,WAOACM,decimal,,15,0,YES
PRODDTA,F4801T_ARCH,110,WARACM,decimal,,15,0,YES
PRODDTA,F43090,12,PCORDS,decimal,,15,0,YES
PRODDTA,F43090,22,PCACST,decimal,,15,0,YES
PRODDTA,F43090,23,PCLCST,decimal,,15,0,YES
PRODDTA,F43090,25,PCQTYS,decimal,,15,0,YES
PRODDTA,F43090,26,PCQTYR,decimal,,15,0,YES
PRODDTA,F43090,27,PCQTYC,decimal,,15,0,YES
PRODDTA,F43090,28,PCQTYW,decimal,,15,0,YES
PRODDTA,F43090,29,PCQTYJ,decimal,,15,0,YES
PRODDTA,F43090,30,PCQTYA,decimal,,15,0,YES
PRODDTA,F43090,31,PCUODR,decimal,,15,0,YES
PRODDTA,F43090,32,PCUREC,decimal,,15,0,YES
PRODDTA,F43090,33,PCUPTD,decimal,,15,0,YES
PRODDTA,F43090,34,PCUONT,decimal,,15,0,YES
PRODDTA,F43090,35,PCUEAR,decimal,,15,0,YES
PRODDTA,F43090,36,PCULAT,decimal,,15,0,YES
PRODDTA,F43090,37,PCAODR,decimal,,15,0,YES
PRODDTA,F43090,38,PCAREC,decimal,,15,0,YES
PRODDTA,F43090,39,PCAPTD,decimal,,15,0,YES
PRODDTA,F43090,40,PCAONT,decimal,,15,0,YES
PRODDTA,F43090,41,PCAEAR,decimal,,15,0,YES
PRODDTA,F43090,42,PCALAT,decimal,,15,0,YES
PRODDTA,F43090,43,PCRONT,decimal,,15,0,YES
PRODDTA,F43090,44,PCREAR,decimal,,15,0,YES
PRODDTA,F43090,45,PCRLAT,decimal,,15,0,YES
PRODDTA,F43090,48,PCURAT,decimal,,15,0,YES
PRODDTA,F3002,13,IXQNTY,decimal,,15,0,YES
PRODDTA,F3002,52,IXPRIC,decimal,,15,0,YES
PRODDTA,F3002,53,IXUNCS,decimal,,15,0,YES
PRODDTA,F3002,65,IXURAT,decimal,,15,0,YES
PRODDTA,F3002,75,IXSTRC,decimal,,15,0,YES
PRODDTA,F3002,76,IXENDC,decimal,,15,0,YES
PRODDTA,F30026,10,IESTDC,decimal,,15,0,YES
PRODDTA,F30026,11,IEXSMC,decimal,,15,0,YES
PRODDTA,F30026,12,IECSL,decimal,,15,0,YES
PRODDTA,F30026,13,IEXSCR,decimal,,15,0,YES
PRODDTA,F30026,16,IESTFC,decimal,,15,0,YES
PRODDTA,F30026,17,IEXSF,decimal,,15,0,YES
PRODDTA,F30026,20,IERTSD,decimal,,15,0,YES
PRODDTA,F30026,21,IEXSR,decimal,,15,0,YES
PRODDTA,F30026,33,IEACQ,decimal,,15,0,YES
PRODDTA,F31091,10,IQPLQT,decimal,,15,0,YES
PRODDTA,F31091,18,IQURAT,decimal,,15,0,YES
PRODDTA,F31122,37,WTUKID,decimal,,15,0,NO
PRODDTA,F31UI006,44,LSUKID,decimal,,15,0,NO
PRODDTA,F4111_ARCH,44,ILUKID,decimal,,15,0,NO
PRODDTA,F4111,44,ILUKID,decimal,,15,0,NO
PRODDTA,F42004,22,CMCMLN,decimal,,15,0,NO
PRODDTA,F42005,52,SCCMLN,decimal,,15,0,NO
PRODDTA,F03B13,1,RYPYID,decimal,,15,0,NO
PRODDTA,F03B14,1,RZPYID,decimal,,15,0,NO
PRODDTA,F00092,9,T3UKID,decimal,,15,0,NO
PRODDTA,F0413,1,RMPYID,decimal,,15,0,NO
PRODDTA,F0414,1,RNPYID,decimal,,15,0,NO
PRODDTA,F03B13_ARCH,1,RYPYID,decimal,,15,0,NO
PRODDTA,F03B14_ARCH,1,RZPYID,decimal,,15,0,NO
PRODDTA,F0413_ARCH,1,RMPYID,decimal,,15,0,NO
PRODDTA,F0414_ARCH,1,RNPYID,decimal,,15,0,NO
PRODDTA,F00165,3,GDMOSEQN,decimal,,15,0,NO
PRODDTA,F31122_ARCH,37,WTUKID,decimal,,15,0,NO
PRODDTA,F41061,16,CBUORG,decimal,,15,0,NO
PRODDTA,F42140,3,CMCMLN,decimal,,15,0,NO
PRODDTA,F4074_ARCH,6,ALAKID,decimal,,15,0,NO
PRODDTA,F42005_ARCH,52,SCCMLN,decimal,,15,0,NO
PRODDTA,F4074,6,ALAKID,decimal,,15,0,NO
PRODDTA,F3002,15,IXBQTY,decimal,,15,0,NO
PRODDTA,F3711,30,TRSNBR,decimal,,19,0,YES
PRODDTA,F3711,31,TRQSMP,decimal,,19,0,YES
PRODDTA,F3711,33,TRACQT,decimal,,19,0,YES
PRODDTA,F3711,44,TRQSSZ,decimal,,19,0,YES
PRODDTA,F3711,45,TRQASZ,decimal,,19,0,YES
PRODDTA,F3711,83,TRUKID,decimal,,19,0,NO
PRODDTA,F3711,87,TRURAT,decimal,,19,0,YES
PRODDTA,F3711,96,TRWOPID,decimal,,19,0,YES
PRODDTA,F3711,108,TRQMNUM3,decimal,,19,0,YES
PRODDTA,F3711,132,TRBSNBR,decimal,,19,0,YES
PRODDTA,F3711,133,TRWTBID,decimal,,19,0,YES
PRODDTA,F3701,20,QAQSSZ,decimal,,19,0,YES
PRODDTA,F3701,22,QAQSMP,decimal,,19,0,YES
PRODDTA,F3701,33,QAACQT,decimal,,19,0,YES
PRODDTA,F3701,53,QAURAT,decimal,,19,0,YES
PRODDTA,F3701,57,QAUKID,decimal,,19,0,YES
PRODDTA,F3701,67,QACHGTHRES,decimal,,19,0,YES
PRODDTA,F3701,71,QAQMNUM1,decimal,,19,0,YES
PRODDTA,F3701,79,QASCUKID,decimal,,19,0,YES
PRODDTA,F4111_ARCH,40,ILTRQT,decimal,,19,0,YES
PRODDTA,F4111,40,ILTRQT,decimal,,19,0,YES
PRODDTA,F42119_ARCH,53,SDKTP,decimal,,19,0,YES
PRODDTA,F42119_ARCH,65,SDUORG,decimal,,19,0,YES
PRODDTA,F42119_ARCH,66,SDSOQS,decimal,,19,0,YES
PRODDTA,F42119_ARCH,67,SDSOBK,decimal,,19,0,YES
PRODDTA,F42119_ARCH,68,SDSOCN,decimal,,19,0,YES
PRODDTA,F42119_ARCH,69,SDSONE,decimal,,19,0,YES
PRODDTA,F42119_ARCH,70,SDUOPN,decimal,,19,0,YES
PRODDTA,F42119_ARCH,71,SDQTYT,decimal,,19,0,YES
PRODDTA,F42119_ARCH,72,SDQRLV,decimal,,19,0,YES
PRODDTA,F42119_ARCH,75,SDUPRC,decimal,,19,0,YES
PRODDTA,F42119_ARCH,76,SDAEXP,decimal,,19,0,YES
PRODDTA,F42119_ARCH,77,SDAOPN,decimal,,19,0,YES
PRODDTA,F42119_ARCH,81,SDLPRC,decimal,,19,0,YES
PRODDTA,F42119_ARCH,82,SDUNCS,decimal,,19,0,YES
PRODDTA,F42119_ARCH,83,SDECST,decimal,,19,0,YES
PRODDTA,F42119_ARCH,85,SDTCST,decimal,,19,0,YES
PRODDTA,F42119_ARCH,91,SDFUN2,decimal,,19,0,YES
PRODDTA,F42119_ARCH,129,SDPQOR,decimal,,19,0,YES
PRODDTA,F42119_ARCH,131,SDSQOR,decimal,,19,0,YES
PRODDTA,F42119_ARCH,133,SDITWT,decimal,,19,0,YES
PRODDTA,F42119_ARCH,135,SDITVL,decimal,,19,0,YES
PRODDTA,F42119_ARCH,162,SDGRWT,decimal,,19,0,YES
PRODDTA,F42119_ARCH,175,SDFPRC,decimal,,19,0,YES
PRODDTA,F42119_ARCH,176,SDFUP,decimal,,19,0,YES
PRODDTA,F42119_ARCH,177,SDFEA,decimal,,19,0,YES
PRODDTA,F42119_ARCH,178,SDFUC,decimal,,19,0,YES
PRODDTA,F42119_ARCH,179,SDFEC,decimal,,19,0,YES
PRODDTA,F42119_ARCH,182,SDURAT,decimal,,19,0,YES
PRODDTA,F42119_ARCH,203,SDDEID,decimal,,19,0,YES
PRODDTA,F42119_ARCH,215,SDXPTY,decimal,,19,0,YES
PRODDTA,F42119_ARCH,251,SDOPPID,decimal,,19,0,YES
PRODDTA,F42119_ARCH,253,SDUKID,decimal,,19,0,YES
PRODDTA,F42119_ARCH,258,SDOSCORE,decimal,,19,0,YES
PRODDTA,F42119_ARCH,261,SDKITID,decimal,,19,0,YES
PRODDTA,F42119_ARCH,262,SDKITAMTDOM,decimal,,19,0,YES
PRODDTA,F42119_ARCH,263,SDKITAMTFOR,decimal,,19,0,YES
PRODDTA,F4211,53,SDKTP,decimal,,19,0,YES
PRODDTA,F4211,65,SDUORG,decimal,,19,0,YES
PRODDTA,F4211,66,SDSOQS,decimal,,19,0,YES
PRODDTA,F4211,67,SDSOBK,decimal,,19,0,YES
PRODDTA,F4211,68,SDSOCN,decimal,,19,0,YES
PRODDTA,F4211,69,SDSONE,decimal,,19,0,YES
PRODDTA,F4211,70,SDUOPN,decimal,,19,0,YES
PRODDTA,F4211,71,SDQTYT,decimal,,19,0,YES
PRODDTA,F4211,72,SDQRLV,decimal,,19,0,YES
PRODDTA,F4211,75,SDUPRC,decimal,,19,0,YES
PRODDTA,F4211,76,SDAEXP,decimal,,19,0,YES
PRODDTA,F4211,77,SDAOPN,decimal,,19,0,YES
PRODDTA,F4211,81,SDLPRC,decimal,,19,0,YES
PRODDTA,F4211,82,SDUNCS,decimal,,19,0,YES
PRODDTA,F4211,83,SDECST,decimal,,19,0,YES
PRODDTA,F4211,85,SDTCST,decimal,,19,0,YES
PRODDTA,F4211,91,SDFUN2,decimal,,19,0,YES
PRODDTA,F4211,129,SDPQOR,decimal,,19,0,YES
PRODDTA,F4211,131,SDSQOR,decimal,,19,0,YES
PRODDTA,F4211,133,SDITWT,decimal,,19,0,YES
PRODDTA,F4211,135,SDITVL,decimal,,19,0,YES
PRODDTA,F4211,162,SDGRWT,decimal,,19,0,YES
PRODDTA,F4211,175,SDFPRC,decimal,,19,0,YES
PRODDTA,F4211,176,SDFUP,decimal,,19,0,YES
PRODDTA,F4211,177,SDFEA,decimal,,19,0,YES
PRODDTA,F4211,178,SDFUC,decimal,,19,0,YES
PRODDTA,F4211,179,SDFEC,decimal,,19,0,YES
PRODDTA,F4211,182,SDURAT,decimal,,19,0,YES
PRODDTA,F4211,203,SDDEID,decimal,,19,0,YES
PRODDTA,F4211,215,SDXPTY,decimal,,19,0,YES
PRODDTA,F4211,251,SDOPPID,decimal,,19,0,YES
PRODDTA,F4211,253,SDUKID,decimal,,19,0,YES
PRODDTA,F4211,258,SDOSCORE,decimal,,19,0,YES
PRODDTA,F4211,261,SDKITID,decimal,,19,0,YES
PRODDTA,F4211,262,SDKITAMTDOM,decimal,,19,0,YES
PRODDTA,F4211,263,SDKITAMTFOR,decimal,,19,0,YES
PRODDTA,F4211_ARCH,53,SDKTP,decimal,,19,0,YES
PRODDTA,F4211_ARCH,65,SDUORG,decimal,,19,0,YES
PRODDTA,F4211_ARCH,66,SDSOQS,decimal,,19,0,YES
PRODDTA,F4211_ARCH,67,SDSOBK,decimal,,19,0,YES
PRODDTA,F4211_ARCH,68,SDSOCN,decimal,,19,0,YES
PRODDTA,F4211_ARCH,69,SDSONE,decimal,,19,0,YES
PRODDTA,F4211_ARCH,70,SDUOPN,decimal,,19,0,YES
PRODDTA,F4211_ARCH,71,SDQTYT,decimal,,19,0,YES
PRODDTA,F4211_ARCH,72,SDQRLV,decimal,,19,0,YES
PRODDTA,F4211_ARCH,75,SDUPRC,decimal,,19,0,YES
PRODDTA,F4211_ARCH,76,SDAEXP,decimal,,19,0,YES
PRODDTA,F4211_ARCH,77,SDAOPN,decimal,,19,0,YES
PRODDTA,F4211_ARCH,81,SDLPRC,decimal,,19,0,YES
PRODDTA,F4211_ARCH,82,SDUNCS,decimal,,19,0,YES
PRODDTA,F4211_ARCH,83,SDECST,decimal,,19,0,YES
PRODDTA,F4211_ARCH,85,SDTCST,decimal,,19,0,YES
PRODDTA,F4211_ARCH,91,SDFUN2,decimal,,19,0,YES
PRODDTA,F4211_ARCH,129,SDPQOR,decimal,,19,0,YES
PRODDTA,F4211_ARCH,131,SDSQOR,decimal,,19,0,YES
PRODDTA,F4211_ARCH,133,SDITWT,decimal,,19,0,YES
PRODDTA,F4211_ARCH,135,SDITVL,decimal,,19,0,YES
PRODDTA,F4211_ARCH,162,SDGRWT,decimal,,19,0,YES
PRODDTA,F4211_ARCH,175,SDFPRC,decimal,,19,0,YES
PRODDTA,F4211_ARCH,176,SDFUP,decimal,,19,0,YES
PRODDTA,F4211_ARCH,177,SDFEA,decimal,,19,0,YES
PRODDTA,F4211_ARCH,178,SDFUC,decimal,,19,0,YES
PRODDTA,F4211_ARCH,179,SDFEC,decimal,,19,0,YES
PRODDTA,F4211_ARCH,182,SDURAT,decimal,,19,0,YES
PRODDTA,F4211_ARCH,203,SDDEID,decimal,,19,0,YES
PRODDTA,F4211_ARCH,215,SDXPTY,decimal,,19,0,YES
PRODDTA,F4211_ARCH,251,SDOPPID,decimal,,19,0,YES
PRODDTA,F4211_ARCH,253,SDUKID,decimal,,19,0,YES
PRODDTA,F4211_ARCH,258,SDOSCORE,decimal,,19,0,YES
PRODDTA,F4211_ARCH,261,SDKITID,decimal,,19,0,YES
PRODDTA,F4211_ARCH,262,SDKITAMTDOM,decimal,,19,0,YES
PRODDTA,F4211_ARCH,263,SDKITAMTFOR,decimal,,19,0,YES
PRODDTA,F42119,53,SDKTP,decimal,,19,0,YES
PRODDTA,F42119,65,SDUORG,decimal,,19,0,YES
PRODDTA,F42119,66,SDSOQS,decimal,,19,0,YES
PRODDTA,F42119,67,SDSOBK,decimal,,19,0,YES
PRODDTA,F42119,68,SDSOCN,decimal,,19,0,YES
PRODDTA,F42119,69,SDSONE,decimal,,19,0,YES
PRODDTA,F42119,70,SDUOPN,decimal,,19,0,YES
PRODDTA,F42119,71,SDQTYT,decimal,,19,0,YES
PRODDTA,F42119,72,SDQRLV,decimal,,19,0,YES
PRODDTA,F42119,75,SDUPRC,decimal,,19,0,YES
PRODDTA,F42119,76,SDAEXP,decimal,,19,0,YES
PRODDTA,F42119,77,SDAOPN,decimal,,19,0,YES
PRODDTA,F42119,81,SDLPRC,decimal,,19,0,YES
PRODDTA,F42119,82,SDUNCS,decimal,,19,0,YES
PRODDTA,F42119,83,SDECST,decimal,,19,0,YES
PRODDTA,F42119,85,SDTCST,decimal,,19,0,YES
PRODDTA,F42119,91,SDFUN2,decimal,,19,0,YES
PRODDTA,F42119,129,SDPQOR,decimal,,19,0,YES
PRODDTA,F42119,131,SDSQOR,decimal,,19,0,YES
PRODDTA,F42119,133,SDITWT,decimal,,19,0,YES
PRODDTA,F42119,135,SDITVL,decimal,,19,0,YES
PRODDTA,F42119,162,SDGRWT,decimal,,19,0,YES
PRODDTA,F42119,175,SDFPRC,decimal,,19,0,YES
PRODDTA,F42119,176,SDFUP,decimal,,19,0,YES
PRODDTA,F42119,177,SDFEA,decimal,,19,0,YES
PRODDTA,F42119,178,SDFUC,decimal,,19,0,YES
PRODDTA,F42119,179,SDFEC,decimal,,19,0,YES
PRODDTA,F42119,182,SDURAT,decimal,,19,0,YES
PRODDTA,F42119,203,SDDEID,decimal,,19,0,YES
PRODDTA,F42119,215,SDXPTY,decimal,,19,0,YES
PRODDTA,F42119,251,SDOPPID,decimal,,19,0,YES
PRODDTA,F42119,253,SDUKID,decimal,,19,0,YES
PRODDTA,F42119,258,SDOSCORE,decimal,,19,0,YES
PRODDTA,F42119,261,SDKITID,decimal,,19,0,YES
PRODDTA,F42119,262,SDKITAMTDOM,decimal,,19,0,YES
PRODDTA,F42119,263,SDKITAMTFOR,decimal,,19,0,YES
PRODDTA,F3400,17,SGUORG,decimal,,19,0,YES
PRODDTA,F3400,18,SGAEXP,decimal,,19,0,YES
PRODDTA,F3400,19,SGFAM,decimal,,19,0,YES
PRODDTA,F3400,20,SGFQT,decimal,,19,0,YES
PRODDTA,F3003,16,IROPSR,decimal,,19,0,YES
PRODDTA,F3003,17,IRBQTY,decimal,,19,0,NO
PRODDTA,F3003,19,IRRUNM,decimal,,19,0,YES
PRODDTA,F3003,20,IRRUNL,decimal,,19,0,YES
PRODDTA,F3003,21,IRSETL,decimal,,19,0,YES
PRODDTA,F3003,22,IRPWRT,decimal,,19,0,YES
PRODDTA,F3003,46,IRURAT,decimal,,19,0,YES
PRODDTA,F3003,56,IRRUC,decimal,,19,0,YES
PRODDTA,F3003,63,IRMPRO,decimal,,19,0,YES
PRODDTA,F3003,65,IRMNSP,decimal,,19,0,YES
PRODDTA,F3003,66,IRMXSP,decimal,,19,0,YES
PRODDTA,F4074_ARCH,17,ALMNQ,decimal,,19,0,YES
PRODDTA,F4074,17,ALMNQ,decimal,,19,0,YES
PRODDTA,F4108,25,IOUB03,decimal,,19,0,YES
PRODDTA,F41112,42,INCMQT,decimal,,19,0,YES
PRODDTA,F3102_ARCH,9,IGOPUN,decimal,,19,0,YES
PRODDTA,F3102_ARCH,10,IGOPAT,decimal,,19,0,YES
PRODDTA,F3102_ARCH,11,IGCLUN,decimal,,19,0,YES
PRODDTA,F3102_ARCH,12,IGCLAT,decimal,,19,0,YES
PRODDTA,F3102_ARCH,13,IGCCCU,decimal,,19,0,YES
PRODDTA,F3102_ARCH,14,IGCCCA,decimal,,19,0,YES
PRODDTA,F3102_ARCH,15,IGPLUN,decimal,,19,0,YES
PRODDTA,F3102_ARCH,16,IGPLAT,decimal,,19,0,YES
PRODDTA,F3102_ARCH,17,IGCPUN,decimal,,19,0,YES
PRODDTA,F3102_ARCH,18,IGCPAT,decimal,,19,0,YES
PRODDTA,F3102_ARCH,19,IGSLUN,decimal,,19,0,YES
PRODDTA,F3102_ARCH,20,IGSLAT,decimal,,19,0,YES
PRODDTA,F3102_ARCH,21,IGCCUU,decimal,,19,0,YES
PRODDTA,F3102_ARCH,22,IGCCUA,decimal,,19,0,YES
PRODDTA,F3102_ARCH,23,IGUNPU,decimal,,19,0,YES
PRODDTA,F3102_ARCH,24,IGUNPA,decimal,,19,0,YES
PRODDTA,F3102_ARCH,35,IGENGV,decimal,,19,0,YES
PRODDTA,F3102_ARCH,36,IGPLNV,decimal,,19,0,YES
PRODDTA,F3102_ARCH,37,IGVACT,decimal,,19,0,YES
PRODDTA,F3102_ARCH,38,IGOTHV,decimal,,19,0,YES
PRODDTA,F3102_ARCH,39,IGNETV,decimal,,19,0,YES
PRODDTA,F3102_ARCH,42,IGSTFC,decimal,,19,0,YES
PRODDTA,F3102_ARCH,44,IGRTSD,decimal,,19,0,YES
PRODDTA,F3102,9,IGOPUN,decimal,,19,0,YES
PRODDTA,F3102,10,IGOPAT,decimal,,19,0,YES
PRODDTA,F3102,11,IGCLUN,decimal,,19,0,YES
PRODDTA,F3102,12,IGCLAT,decimal,,19,0,YES
PRODDTA,F3102,13,IGCCCU,decimal,,19,0,YES
PRODDTA,F3102,14,IGCCCA,decimal,,19,0,YES
PRODDTA,F3102,15,IGPLUN,decimal,,19,0,YES
PRODDTA,F3102,16,IGPLAT,decimal,,19,0,YES
PRODDTA,F3102,17,IGCPUN,decimal,,19,0,YES
PRODDTA,F3102,18,IGCPAT,decimal,,19,0,YES
PRODDTA,F3102,19,IGSLUN,decimal,,19,0,YES
PRODDTA,F3102,20,IGSLAT,decimal,,19,0,YES
PRODDTA,F3102,21,IGCCUU,decimal,,19,0,YES
PRODDTA,F3102,22,IGCCUA,decimal,,19,0,YES
PRODDTA,F3102,23,IGUNPU,decimal,,19,0,YES
PRODDTA,F3102,24,IGUNPA,decimal,,19,0,YES
PRODDTA,F3102,35,IGENGV,decimal,,19,0,YES
PRODDTA,F3102,36,IGPLNV,decimal,,19,0,YES
PRODDTA,F3102,37,IGVACT,decimal,,19,0,YES
PRODDTA,F3102,38,IGOTHV,decimal,,19,0,YES
PRODDTA,F3102,39,IGNETV,decimal,,19,0,YES
PRODDTA,F3102,42,IGSTFC,decimal,,19,0,YES
PRODDTA,F3102,44,IGRTSD,decimal,,19,0,YES
PRODDTA,F40072,6,GIURAT,decimal,,19,0,YES
PRODDTA,F3111_ARCH,40,WMUORG,decimal,,19,0,YES
PRODDTA,F3111_ARCH,41,WMTRQT,decimal,,19,0,YES
PRODDTA,F3111_ARCH,42,WMSOCN,decimal,,19,0,YES
PRODDTA,F3111_ARCH,43,WMSOBK,decimal,,19,0,YES
PRODDTA,F3111_ARCH,44,WMCTS1,decimal,,19,0,YES
PRODDTA,F3111_ARCH,45,WMQNTA,decimal,,19,0,YES
PRODDTA,F3111_ARCH,47,WMEA,decimal,,19,0,YES
PRODDTA,F3111_ARCH,62,WMURAT,decimal,,19,0,YES
PRODDTA,F3111_ARCH,70,WMUKID,decimal,,19,0,NO
PRODDTA,F3111_ARCH,73,WMCTS4,decimal,,19,0,YES
PRODDTA,F3111_ARCH,74,WMCTS7,decimal,,19,0,YES
PRODDTA,F3111_ARCH,75,WMCTS8,decimal,,19,0,YES
PRODDTA,F3111_ARCH,79,WMSSTQ,decimal,,19,0,YES
PRODDTA,F40318,7,QCMNQ,decimal,,19,0,YES
PRODDTA,F40318,8,QCMXQ,decimal,,19,0,YES
PRODDTA,F40318,31,QCQSSZ,decimal,,19,0,YES
PRODDTA,F40318,33,QCQSMP,decimal,,19,0,YES
PRODDTA,F40318,35,QCACQT,decimal,,19,0,YES
PRODDTA,F40318,59,QCURAT,decimal,,19,0,YES
PRODDTA,F40318,62,QCUKID,decimal,,19,0,YES
PRODDTA,F3111,40,WMUORG,decimal,,19,0,YES
PRODDTA,F3111,41,WMTRQT,decimal,,19,0,YES
PRODDTA,F3111,42,WMSOCN,decimal,,19,0,YES
PRODDTA,F3111,43,WMSOBK,decimal,,19,0,YES
PRODDTA,F3111,44,WMCTS1,decimal,,19,0,YES
PRODDTA,F3111,45,WMQNTA,decimal,,19,0,YES
PRODDTA,F3111,47,WMEA,decimal,,19,0,YES
PRODDTA,F3111,62,WMURAT,decimal,,19,0,YES
PRODDTA,F3111,70,WMUKID,decimal,,19,0,NO
PRODDTA,F3111,73,WMCTS4,decimal,,19,0,YES
PRODDTA,F3111,74,WMCTS7,decimal,,19,0,YES
PRODDTA,F3111,75,WMCTS8,decimal,,19,0,YES
PRODDTA,F3111,79,WMSSTQ,decimal,,19,0,YES
PRODDTA,F553002G,22,IZURDT,decimal,,6,0,YES
PRODDTA,F553002G,29,IZUPMJ,decimal,,6,0,YES
PRODDTA,F554105A,5,DCEFFF,decimal,,6,0,NO
PRODDTA,F554105A,6,DCEFFT,decimal,,6,0,NO
PRODDTA,F554105A,10,DCUPMJ,decimal,,6,0,YES
PRODDTA,F553011,5,BCUPDJ,decimal,,6,0,YES
PRODDTA,F5531,15,QZQDAT,decimal,,6,0,YES
PRODDTA,F5531,23,QZDE,decimal,,6,0,YES
PRODDTA,F554072,12,ADEFTJ,decimal,,6,0,YES
PRODDTA,F554072,13,ADEXDJ,decimal,,6,0,NO
PRODDTA,F554072,21,ADURDT,decimal,,6,0,YES
PRODDTA,F554072,33,ADUPMJ,decimal,,6,0,NO
PRODDTA,F554072A,5,TREXDJ,decimal,,6,0,NO
PRODDTA,F554072A,6,TRUPMJ,decimal,,6,0,NO
PRODDTA,F554072A,15,TRDTE,decimal,,6,0,YES
PRODDTA,F554072L,10,LTADDJ,decimal,,6,0,YES
PRODDTA,F554072L,22,LTUPMJ,decimal,,6,0,YES
PRODDTA,F42119_ARCH,50,SDKTLN,decimal,,6,0,YES
PRODDTA,F42119_ARCH,223,SDMCLN,decimal,,6,0,YES
PRODDTA,F42119_ARCH,238,SDXLLN,decimal,,6,0,YES
PRODDTA,F5531_PRE_90,15,QZQDAT,decimal,,6,0,YES
PRODDTA,F5531_PRE_90,23,QZDE,decimal,,6,0,YES
PRODDTA,F5541006,15,IDDIVJ,decimal,,6,0,YES
PRODDTA,F5541006,19,IDURDT,decimal,,6,0,YES
PRODDTA,F5541006,23,IDUPMJ,decimal,,6,0,YES
PRODDTA,F4211,50,SDKTLN,decimal,,6,0,YES
PRODDTA,F4211,223,SDMCLN,decimal,,6,0,YES
PRODDTA,F4211,238,SDXLLN,decimal,,6,0,YES
PRODDTA,F4211_ARCH,50,SDKTLN,decimal,,6,0,YES
PRODDTA,F4211_ARCH,223,SDMCLN,decimal,,6,0,YES
PRODDTA,F4211_ARCH,238,SDXLLN,decimal,,6,0,YES
PRODDTA,F554101A,3,IMEFTJ,decimal,,6,0,YES
PRODDTA,F554101A,5,IMURDT,decimal,,6,0,YES
PRODDTA,F554101A,12,IMUPMJ,decimal,,6,0,YES
PRODDTA,F42119,50,SDKTLN,decimal,,6,0,YES
PRODDTA,F42119,223,SDMCLN,decimal,,6,0,YES
PRODDTA,F42119,238,SDXLLN,decimal,,6,0,YES
PRODDTA,F554101T,40,IMUPMJ,decimal,,6,0,YES
PRODDTA,F554101T,42,IM$CMDT,decimal,,6,0,YES
PRODDTA,F554101T,43,IMURDT,decimal,,6,0,YES
PRODDTA,F554102,43,IT$IPD01,decimal,,6,0,YES
PRODDTA,F554102,45,IT$IPD02,decimal,,6,0,YES
PRODDTA,F554102,47,IT$IPD03,decimal,,6,0,YES
PRODDTA,F554102,49,IT$IPD04,decimal,,6,0,YES
PRODDTA,F554102,51,IT$IPD05,decimal,,6,0,YES
PRODDTA,F554102,123,IT$RNDT,decimal,,6,0,YES
PRODDTA,F554102,139,IT$CMDT,decimal,,6,0,YES
PRODDTA,F554102,159,ITURDT,decimal,,6,0,YES
PRODDTA,F554102,164,ITUPMJ,decimal,,6,0,YES
PRODDTA,F5541021,8,LILRCJ,decimal,,6,0,YES
PRODDTA,F5541021,26,LINCDJ,decimal,,6,0,YES
PRODDTA,F5541021,35,LIUPMJ,decimal,,6,0,YES
PRODDTA,F5541021,38,LIURDT,decimal,,6,0,YES
PRODDTA,F554102D,16,RMURDT,decimal,,6,0,YES
PRODDTA,F554102D,21,RMUPDJ,decimal,,6,0,YES
PRODDTA,F554102S,10,IBUPMJ,decimal,,6,0,YES
PRODDTA,F554102T,40,IBUPMJ,decimal,,6,0,YES
PRODDTA,F554105,20,MRUPMJ,decimal,,6,0,NO
PRODDTA,F42005,12,SCLNID,decimal,,6,0,NO
PRODDTA,F42005,40,SCCPCR,decimal,,6,0,YES
PRODDTA,F03B11,79,RPLNID,decimal,,6,0,YES
PRODDTA,F03B11,154,RPNETRC5,decimal,,6,0,YES
PRODDTA,F4311,5,PDLNID,decimal,,6,0,NO
PRODDTA,F4311,193,PDMCLN,decimal,,6,0,YES
PRODDTA,F4311,195,PDKTLN,decimal,,6,0,YES
PRODDTA,F43121,7,PRLNID,decimal,,6,0,NO
PRODDTA,F43121,126,PRKTLN,decimal,,6,0,YES
PRODDTA,F4801,6,WALNID,decimal,,6,0,YES
PRODDTA,F0411,65,RPLNID,decimal,,6,0,YES
PRODDTA,F0411,133,RPNETRC5,decimal,,6,0,YES
PRODDTA,F42199,4,SLLNID,decimal,,6,0,NO
PRODDTA,F42199,50,SLKTLN,decimal,,6,0,YES
PRODDTA,F42199,223,SLMCLN,decimal,,6,0,YES
PRODDTA,F42199,238,SLXLLN,decimal,,6,0,YES
PRODDTA,F42003,4,RECEFJ,decimal,,6,0,YES
PRODDTA,F42003,5,RECXPJ,decimal,,6,0,NO
PRODDTA,F5504JP,2,PHDTE,decimal,,6,0,YES
PRODDTA,F43199,21,OLDRQJ,decimal,,6,0,YES
PRODDTA,F43199,22,OLTRDJ,decimal,,6,0,YES
PRODDTA,F43199,23,OLPDDJ,decimal,,6,0,YES
PRODDTA,F43199,24,OLOPDJ,decimal,,6,0,YES
PRODDTA,F43199,25,OLADDJ,decimal,,6,0,YES
PRODDTA,F43199,26,OLCNDJ,decimal,,6,0,YES
PRODDTA,F43199,27,OLPEFJ,decimal,,6,0,YES
PRODDTA,F43199,28,OLPPDJ,decimal,,6,0,YES
PRODDTA,F43199,29,OLPSDJ,decimal,,6,0,YES
PRODDTA,F43199,30,OLDSVJ,decimal,,6,0,YES
PRODDTA,F43199,31,OLDGL,decimal,,6,0,YES
PRODDTA,F43199,176,OLURDT,decimal,,6,0,YES
PRODDTA,F43199,184,OLUPMJ,decimal,,6,0,YES
PRODDTA,F43199,192,OLDLEJ,decimal,,6,0,YES
PRODDTA,F43199,206,OLCHMJ,decimal,,6,0,YES
PRODDTA,F56NAICS,17,NAARDU,decimal,,6,0,YES
PRODDTA,F56NAICS,22,NAUPMJ,decimal,,6,0,YES
PRODDTA,F03B11_ARCH,79,RPLNID,decimal,,6,0,YES
PRODDTA,F03B11_ARCH,154,RPNETRC5,decimal,,6,0,YES
PRODDTA,F0411_ARCH,65,RPLNID,decimal,,6,0,YES
PRODDTA,F0411_ARCH,133,RPNETRC5,decimal,,6,0,YES
PRODDTA,F00165,7,GDUPMJ,decimal,,6,0,YES
PRODDTA,F41061,17,CBEFTJ,decimal,,6,0,YES
PRODDTA,F41061,18,CBEXDJ,decimal,,6,0,NO
PRODDTA,F41061,22,CBUPMJ,decimal,,6,0,YES
PRODDTA,F41061,23,CBTDAY,decimal,,6,0,YES
PRODDTA,F4074_ARCH,5,ALLNID,decimal,,6,0,NO
PRODDTA,F55SODOC,10,SHURDT,decimal,,6,0,YES
PRODDTA,F55SODOC,14,SHUPMJ,decimal,,6,0,YES
PRODDTA,F42005_ARCH,12,SCLNID,decimal,,6,0,NO
PRODDTA,F42005_ARCH,40,SCCPCR,decimal,,6,0,YES
PRODDTA,F0911,85,GLLNID,decimal,,6,0,YES
PRODDTA,F0911,133,GLDLNID,decimal,,6,0,YES
PRODDTA,F4074,5,ALLNID,decimal,,6,0,NO
PRODDTA,F3007,44,WUUPMJ,decimal,,6,0,YES
PRODDTA,F550001,9,SDEFFF,decimal,,6,0,NO
PRODDTA,F550001,10,SDEFFT,decimal,,6,0,NO
PRODDTA,F550001,15,SDUPMJ,decimal,,6,0,YES
PRODDTA,F3312,5,CWDRQJ,decimal,,6,0,YES
PRODDTA,F4311_ARCH,5,PDLNID,decimal,,6,0,NO
PRODDTA,F4311_ARCH,193,PDMCLN,decimal,,6,0,YES
PRODDTA,F4311_ARCH,195,PDKTLN,decimal,,6,0,YES
PRODDTA,F3313,6,CRSTRT,decimal,,6,0,NO
PRODDTA,F5501,14,QADE,decimal,,6,0,YES
PRODDTA,F4006,19,OAUPMJ,decimal,,6,0,YES
PRODDTA,F4801_ARCH,6,WALNID,decimal,,6,0,YES
PRODDTA,F5503B01,3,WFUPMJ,decimal,,6,0,NO
PRODDTA,F5503B01,6,WFDIVJ,decimal,,6,0,YES
PRODDTA,F5503B01,14,WFDMTJ,decimal,,6,0,YES
PRODDTA,F5503B01,21,WFURDT,decimal,,6,0,YES
PRODDTA,F43090,20,PCALTD,decimal,,6,0,YES
PRODDTA,F43090,21,PCLLTD,decimal,,6,0,YES
PRODDTA,F550401,9,VACRDJ,decimal,,6,0,NO
PRODDTA,F3002,46,IXLOVD,decimal,,6,0,YES
PRODDTA,F550901,21,GMURDT,decimal,,6,0,YES
PRODDTA,F550901,25,GMUPMJ,decimal,,6,0,YES
PRODDTA,F5511,5,QSDE,decimal,,6,0,YES
PRODDTA,F30006,30,IWURDT,decimal,,6,0,YES
PRODDTA,F30006,37,IWUPMJ,decimal,,6,0,YES
PRODDTA,F5512,16,QDDE,decimal,,6,0,YES
PRODDTA,F3111_ARCH,26,WMLOVD,decimal,,6,0,YES
PRODDTA,F5521,16,QIDE,decimal,,6,0,YES
PRODDTA,F3111,26,WMLOVD,decimal,,6,0,YES
PRODDTA,F553002,9,AHCRDJ,decimal,,6,0,YES
PRODDTA,F4106,11,BPFRMP,decimal,,7,0,NO
PRODDTA,F4111_ARCH,64,ILRFLN,decimal,,7,0,YES
PRODDTA,F4111_ARCH,65,ILTGN,decimal,,7,0,YES
PRODDTA,F4111,64,ILRFLN,decimal,,7,0,YES
PRODDTA,F4111,65,ILTGN,decimal,,7,0,YES
PRODDTA,F42119_ARCH,11,SDOGNO,decimal,,7,0,YES
PRODDTA,F42119_ARCH,15,SDRLLN,decimal,,7,0,YES
PRODDTA,F42119_ARCH,40,SDFRMP,decimal,,7,0,YES
PRODDTA,F42119_ARCH,41,SDTHRP,decimal,,7,0,YES
PRODDTA,F42119_ARCH,90,SDTRDC,decimal,,7,0,YES
PRODDTA,F42119_ARCH,95,SDCADC,decimal,,7,0,YES
PRODDTA,F42119_ARCH,233,SDODLN,decimal,,7,0,YES
PRODDTA,F4211,11,SDOGNO,decimal,,7,0,YES
PRODDTA,F4211,15,SDRLLN,decimal,,7,0,YES
PRODDTA,F4211,40,SDFRMP,decimal,,7,0,YES
PRODDTA,F4211,41,SDTHRP,decimal,,7,0,YES
PRODDTA,F4211,90,SDTRDC,decimal,,7,0,YES
PRODDTA,F4211,95,SDCADC,decimal,,7,0,YES
PRODDTA,F4211,233,SDODLN,decimal,,7,0,YES
PRODDTA,F4211_ARCH,11,SDOGNO,decimal,,7,0,YES
PRODDTA,F4211_ARCH,15,SDRLLN,decimal,,7,0,YES
PRODDTA,F4211_ARCH,40,SDFRMP,decimal,,7,0,YES
PRODDTA,F4211_ARCH,41,SDTHRP,decimal,,7,0,YES
PRODDTA,F4211_ARCH,90,SDTRDC,decimal,,7,0,YES
PRODDTA,F4211_ARCH,95,SDCADC,decimal,,7,0,YES
PRODDTA,F4211_ARCH,233,SDODLN,decimal,,7,0,YES
PRODDTA,F42119,11,SDOGNO,decimal,,7,0,YES
PRODDTA,F42119,15,SDRLLN,decimal,,7,0,YES
PRODDTA,F42119,40,SDFRMP,decimal,,7,0,YES
PRODDTA,F42119,41,SDTHRP,decimal,,7,0,YES
PRODDTA,F42119,90,SDTRDC,decimal,,7,0,YES
PRODDTA,F42119,95,SDCADC,decimal,,7,0,YES
PRODDTA,F42119,233,SDODLN,decimal,,7,0,YES
PRODDTA,F4101,92,IMPCTM,decimal,,7,0,YES
PRODDTA,F4101,93,IMMMPC,decimal,,7,0,YES
PRODDTA,F4101,172,IMDLTL,decimal,,7,0,YES
PRODDTA,F4102,46,IBSTDP,decimal,,7,0,YES
PRODDTA,F4102,47,IBFRMP,decimal,,7,0,YES
PRODDTA,F4102,48,IBTHRP,decimal,,7,0,YES
PRODDTA,F4102,53,IBMMPC,decimal,,7,0,YES
PRODDTA,F4102,74,IBPCTM,decimal,,7,0,YES
PRODDTA,F42004,13,CMCPCT,decimal,,7,0,YES
PRODDTA,F42005,38,SCCPCT,decimal,,7,0,YES
PRODDTA,F4301,52,PHPCRT,decimal,,7,0,YES
PRODDTA,F4311,11,PDOGNO,decimal,,7,0,YES
PRODDTA,F4311,15,PDRLLN,decimal,,7,0,YES
PRODDTA,F4311,42,PDFRMP,decimal,,7,0,YES
PRODDTA,F4311,43,PDTHRP,decimal,,7,0,YES
PRODDTA,F4311,86,PDDSPR,decimal,,7,0,YES
PRODDTA,F4311,165,PDCHLN,decimal,,7,0,YES
PRODDTA,F41001,84,CITMPS,decimal,,7,0,YES
PRODDTA,F42199,11,SLOGNO,decimal,,7,0,YES
PRODDTA,F42199,15,SLRLLN,decimal,,7,0,YES
PRODDTA,F42199,40,SLFRMP,decimal,,7,0,YES
PRODDTA,F42199,41,SLTHRP,decimal,,7,0,YES
PRODDTA,F42199,90,SLTRDC,decimal,,7,0,YES
PRODDTA,F42199,95,SLCADC,decimal,,7,0,YES
PRODDTA,F42199,233,SLODLN,decimal,,7,0,YES
PRODDTA,F03012,82,AITRDC,decimal,,7,0,YES
PRODDTA,F03012,109,AICMR1,decimal,,7,0,YES
PRODDTA,F03012,111,AICMR2,decimal,,7,0,YES
PRODDTA,F4201,33,SHTRDC,decimal,,7,0,YES
PRODDTA,F4201,34,SHPCRT,decimal,,7,0,YES
PRODDTA,F42019,33,SHTRDC,decimal,,7,0,YES
PRODDTA,F42019,34,SHPCRT,decimal,,7,0,YES
PRODDTA,F3112_ARCH,23,WLCRTR,decimal,,7,0,YES
PRODDTA,F3112_ARCH,24,WLSLTR,decimal,,7,0,YES
PRODDTA,F3112_ARCH,67,WLRLLN,decimal,,7,0,YES
PRODDTA,F42140,5,CMSLCM,decimal,,7,0,YES
PRODDTA,F42005_ARCH,38,SCCPCT,decimal,,7,0,YES
PRODDTA,F3112,23,WLCRTR,decimal,,7,0,YES
PRODDTA,F3112,24,WLSLTR,decimal,,7,0,YES
PRODDTA,F3112,67,WLRLLN,decimal,,7,0,YES
PRODDTA,F4201_ARCH,33,SHTRDC,decimal,,7,0,YES
PRODDTA,F4201_ARCH,34,SHPCRT,decimal,,7,0,YES
PRODDTA,F42019_ARCH,33,SHTRDC,decimal,,7,0,YES
PRODDTA,F42019_ARCH,34,SHPCRT,decimal,,7,0,YES
PRODDTA,F4301_ARCH,52,PHPCRT,decimal,,7,0,YES
PRODDTA,F4311_ARCH,11,PDOGNO,decimal,,7,0,YES
PRODDTA,F4311_ARCH,15,PDRLLN,decimal,,7,0,YES
PRODDTA,F4311_ARCH,42,PDFRMP,decimal,,7,0,YES
PRODDTA,F4311_ARCH,43,PDTHRP,decimal,,7,0,YES
PRODDTA,F4311_ARCH,86,PDDSPR,decimal,,7,0,YES
PRODDTA,F4311_ARCH,165,PDCHLN,decimal,,7,0,YES
PRODDTA,F3002,32,IXFRMP,decimal,,7,0,YES
PRODDTA,F3002,33,IXTHRP,decimal,,7,0,YES
PRODDTA,F3002,54,IXPCTK,decimal,,7,0,YES
PRODDTA,F3111_ARCH,10,WMFRMP,decimal,,7,0,YES
PRODDTA,F3111_ARCH,11,WMTHRP,decimal,,7,0,YES
PRODDTA,F3111_ARCH,17,WMRLLN,decimal,,7,0,YES
PRODDTA,F3111,10,WMFRMP,decimal,,7,0,YES
PRODDTA,F3111,11,WMTHRP,decimal,,7,0,YES
PRODDTA,F3111,17,WMRLLN,decimal,,7,0,YES
PRODDTA,F4111_ARCH,63,ILOPSQ,decimal,,5,0,YES
PRODDTA,F4111,63,ILOPSQ,decimal,,5,0,YES
PRODDTA,F4101,103,IMLTPU,decimal,,5,0,YES
PRODDTA,F4102,104,IBMOVD,decimal,,5,0,YES
PRODDTA,F4102,105,IBQUED,decimal,,5,0,YES
PRODDTA,F4801,50,WASETC,decimal,,5,0,YES
PRODDTA,F4801,81,WARESC,decimal,,5,0,YES
PRODDTA,F4801,86,WALTLV,decimal,,5,0,YES
PRODDTA,F4801,87,WALTCM,decimal,,5,0,YES
PRODDTA,F4801,92,WARAT1,decimal,,5,0,YES
PRODDTA,F4801,93,WARAT2,decimal,,5,0,YES
PRODDTA,F4801,119,WAESDN,decimal,,5,0,YES
PRODDTA,F4801,120,WAACDN,decimal,,5,0,YES
PRODDTA,F0411,67,RPOPSQ,decimal,,5,0,YES
PRODDTA,F42199,42,SLEXDP,decimal,,5,0,YES
PRODDTA,F42199,248,SLPRCIDLN,decimal,,5,0,YES
PRODDTA,F42199,249,SLCCIDLN,decimal,,5,0,YES
PRODDTA,F42199,250,SLSHCCIDLN,decimal,,5,0,YES
PRODDTA,F0006,85,MCLF,decimal,,5,0,YES
PRODDTA,F0006,98,MCPCA,decimal,,5,0,YES
PRODDTA,F0111,2,WWIDLN,decimal,,5,0,NO
PRODDTA,F0411_ARCH,67,RPOPSQ,decimal,,5,0,YES
PRODDTA,F0401,45,A6LTDT,decimal,,5,0,YES
PRODDTA,F3112_ARCH,13,WLOPSQ,decimal,,5,0,NO
PRODDTA,F3112_ARCH,32,WLLTPC,decimal,,5,0,YES
PRODDTA,F3112_ARCH,33,WLPOVR,decimal,,5,0,YES
PRODDTA,F3112_ARCH,36,WLNXOP,decimal,,5,0,YES
PRODDTA,F3112_ARCH,37,WLSETC,decimal,,5,0,YES
PRODDTA,F3112_ARCH,38,WLMOVD,decimal,,5,0,YES
PRODDTA,F3112_ARCH,39,WLQUED,decimal,,5,0,YES
PRODDTA,F3003,10,IROPSQ,decimal,,5,0,NO
PRODDTA,F3003,23,IRSETC,decimal,,5,0,YES
PRODDTA,F3003,24,IRMOVD,decimal,,5,0,YES
PRODDTA,F3003,25,IRQUED,decimal,,5,0,YES
PRODDTA,F3003,26,IRLTPC,decimal,,5,0,YES
PRODDTA,F3003,27,IRPOVR,decimal,,5,0,YES
PRODDTA,F3003,28,IRNXOP,decimal,,5,0,YES
PRODDTA,F3003,29,IROPYP,decimal,,5,0,YES
PRODDTA,F3003,30,IRCPYP,decimal,,5,0,YES
PRODDTA,F0911,89,GLOPSQ,decimal,,5,0,YES
PRODDTA,T_PRODUCTS,14,F_GENERIC_MASTER,decimal,,5,0,YES
PRODDTA,F3112,13,WLOPSQ,decimal,,5,0,NO
PRODDTA,F3112,32,WLLTPC,decimal,,5,0,YES
PRODDTA,F3112,33,WLPOVR,decimal,,5,0,YES
PRODDTA,F3112,36,WLNXOP,decimal,,5,0,YES
PRODDTA,F3112,37,WLSETC,decimal,,5,0,YES
PRODDTA,F3112,38,WLMOVD,decimal,,5,0,YES
PRODDTA,F3112,39,WLQUED,decimal,,5,0,YES
PRODDTA,F4801_ARCH,50,WASETC,decimal,,5,0,YES
PRODDTA,F4801_ARCH,81,WARESC,decimal,,5,0,YES
PRODDTA,F4801_ARCH,86,WALTLV,decimal,,5,0,YES
PRODDTA,F4801_ARCH,87,WALTCM,decimal,,5,0,YES
PRODDTA,F4801_ARCH,92,WARAT1,decimal,,5,0,YES
PRODDTA,F4801_ARCH,93,WARAT2,decimal,,5,0,YES
PRODDTA,F4801_ARCH,119,WAESDN,decimal,,5,0,YES
PRODDTA,F4801_ARCH,120,WAACDN,decimal,,5,0,YES
PRODDTA,F3002,11,IXSBNT,decimal,,5,0,NO
PRODDTA,F3002,36,IXOPSQ,decimal,,5,0,YES
PRODDTA,F3002,37,IXBSEQ,decimal,,5,0,YES
PRODDTA,F3002,38,IXFTRP,decimal,,5,0,YES
PRODDTA,F3002,39,IXF$RP,decimal,,5,0,YES
PRODDTA,F3002,40,IXRSCP,decimal,,5,0,YES
PRODDTA,F3002,41,IXSCRP,decimal,,5,0,YES
PRODDTA,F3002,42,IXREWP,decimal,,5,0,YES
PRODDTA,F3002,43,IXASIP,decimal,,5,0,YES
PRODDTA,F3002,44,IXCPYP,decimal,,5,0,YES
PRODDTA,F3002,45,IXSTPP,decimal,,5,0,YES
PRODDTA,F3102_ARCH,3,IGOPSQ,decimal,,5,0,YES
PRODDTA,F3102_ARCH,40,IGSCRP,decimal,,5,0,YES
PRODDTA,F30026,28,IEOPSQ,decimal,,5,0,YES
PRODDTA,F3102,3,IGOPSQ,decimal,,5,0,YES
PRODDTA,F3102,40,IGSCRP,decimal,,5,0,YES
PRODDTA,F3111_ARCH,18,WMOPSQ,decimal,,5,0,YES
PRODDTA,F3111_ARCH,19,WMBSEQ,decimal,,5,0,YES
PRODDTA,F3111_ARCH,20,WMRSCP,decimal,,5,0,YES
PRODDTA,F3111_ARCH,21,WMSCRP,decimal,,5,0,YES
PRODDTA,F3111_ARCH,22,WMREWP,decimal,,5,0,YES
PRODDTA,F3111_ARCH,23,WMASIP,decimal,,5,0,YES
PRODDTA,F3111_ARCH,24,WMCPYP,decimal,,5,0,YES
PRODDTA,F3111_ARCH,25,WMSTPP,decimal,,5,0,YES
PRODDTA,F3111,18,WMOPSQ,decimal,,5,0,YES
PRODDTA,F3111,19,WMBSEQ,decimal,,5,0,YES
PRODDTA,F3111,20,WMRSCP,decimal,,5,0,YES
PRODDTA,F3111,21,WMSCRP,decimal,,5,0,YES
PRODDTA,F3111,22,WMREWP,decimal,,5,0,YES
PRODDTA,F3111,23,WMASIP,decimal,,5,0,YES
PRODDTA,F3111,24,WMCPYP,decimal,,5,0,YES
PRODDTA,F3111,25,WMSTPP,decimal,,5,0,YES
PRODDTA,F4111_ARCH,32,ILLNID,decimal,,8,0,YES
PRODDTA,F4111,32,ILLNID,decimal,,8,0,YES
PRODDTA,F42119_ARCH,4,SDLNID,decimal,,9,0,NO
PRODDTA,F42119_ARCH,51,SDCPNT,decimal,,4,0,YES
PRODDTA,F42119_ARCH,201,SDSOOR,decimal,,11,0,YES
PRODDTA,F42119_ARCH,256,SDFULPID,decimal,,11,0,YES
PRODDTA,F4211,4,SDLNID,decimal,,9,0,NO
PRODDTA,F4211,51,SDCPNT,decimal,,4,0,YES
PRODDTA,F4211,201,SDSOOR,decimal,,11,0,YES
PRODDTA,F4211,256,SDFULPID,decimal,,11,0,YES
PRODDTA,F4211_ARCH,4,SDLNID,decimal,,9,0,NO
PRODDTA,F4211_ARCH,51,SDCPNT,decimal,,4,0,YES
PRODDTA,F4211_ARCH,201,SDSOOR,decimal,,11,0,YES
PRODDTA,F4211_ARCH,256,SDFULPID,decimal,,11,0,YES
PRODDTA,F42119,4,SDLNID,decimal,,9,0,NO
PRODDTA,F42119,51,SDCPNT,decimal,,4,0,YES
PRODDTA,F42119,201,SDSOOR,decimal,,11,0,YES
PRODDTA,F42119,256,SDFULPID,decimal,,11,0,YES
PRODDTA,F41002,6,UMCONV,decimal,,18,0,YES
PRODDTA,F41002,7,UMCNV1,decimal,,18,0,YES
PRODDTA,F41002,15,UMPUPC,decimal,,18,0,YES
PRODDTA,F41002,16,UMSEPC,decimal,,18,0,YES
PRODDTA,F4101,196,IMDFTPCT,decimal,,20,0,YES
PRODDTA,F4102,163,IBDFTPCT,decimal,,20,0,YES
PRODDTA,F4106,8,BPIGID,decimal,,8,0,NO
PRODDTA,F4106,9,BPCGID,decimal,,8,0,NO
PRODDTA,F4106,25,BPURAB,decimal,,8,0,YES
PRODDTA,F03B11,11,RPFY,decimal,,2,0,YES
PRODDTA,F03B11,85,RPCMC1,decimal,,8,0,YES
PRODDTA,F03B11,120,RPURAB,decimal,,8,0,YES
PRODDTA,F4311,201,PDCPNT,decimal,,4,0,YES
PRODDTA,F03B13,75,RYURAB,decimal,,8,0,YES
PRODDTA,F43121,127,PRCPNT,decimal,,4,0,YES
PRODDTA,F43121,153,PRWOPID,decimal,,11,0,YES
PRODDTA,F03B14,16,RZFY,decimal,,2,0,YES
PRODDTA,F03B14,116,RZURAB,decimal,,8,0,YES
PRODDTA,F4801,109,WAURAB,decimal,,8,0,YES
PRODDTA,F4801,118,WAXRTO,decimal,,4,0,YES
PRODDTA,F4801,122,WAMPOS,decimal,,3,0,YES
PRODDTA,F0008,2,CDFY,decimal,,2,0,YES
PRODDTA,F4217,2,XIRSSN,decimal,,3,0,NO
PRODDTA,F42199,51,SLCPNT,decimal,,4,0,YES
PRODDTA,F42199,52,SLRKIT,decimal,,8,0,YES
PRODDTA,F42199,117,SLVEND,decimal,,8,0,YES
PRODDTA,F42199,118,SLCARS,decimal,,8,0,YES
PRODDTA,F42199,143,SLFY,decimal,,2,0,YES
PRODDTA,F42199,183,SLURAB,decimal,,8,0,YES
PRODDTA,F42199,201,SLSOOR,decimal,,11,0,YES
PRODDTA,F42199,220,SLDVAN,decimal,,8,0,YES
PRODDTA,F42199,226,SLPRJM,decimal,,8,0,YES
PRODDTA,F42199,227,SLOSEQ,decimal,,4,0,YES
PRODDTA,F42199,246,SLPRAN8,decimal,,8,0,YES
PRODDTA,F42199,256,SLFULPID,decimal,,11,0,YES
PRODDTA,F42199,266,SLOCCARDNO,decimal,,8,0,YES
PRODDTA,F0015,5,CXEFT,decimal,,18,0,NO
PRODDTA,F0015,15,CXUPMJ,decimal,,18,0,YES
PRODDTA,F0015,16,CXUPMT,decimal,,18,0,YES
PRODDTA,F0116,20,ALSYNCS,decimal,,2,0,YES
PRODDTA,F0116,21,ALCAAD,decimal,,2,0,YES
PRODDTA,F0150,13,MASYNCS,decimal,,2,0,YES
PRODDTA,F03B11_ARCH,11,RPFY,decimal,,2,0,YES
PRODDTA,F03B11_ARCH,85,RPCMC1,decimal,,8,0,YES
PRODDTA,F03B11_ARCH,120,RPURAB,decimal,,8,0,YES
PRODDTA,F0111,36,WWDYR,decimal,,4,0,YES
PRODDTA,F0111,52,WWSYNCS,decimal,,2,0,YES
PRODDTA,F0111,53,WWCAAD,decimal,,2,0,YES
PRODDTA,F03B13_ARCH,75,RYURAB,decimal,,8,0,YES
PRODDTA,F03B14_ARCH,16,RZFY,decimal,,2,0,YES
PRODDTA,F03B14_ARCH,116,RZURAB,decimal,,8,0,YES
PRODDTA,F4201,94,SHSOOR,decimal,,11,0,YES
PRODDTA,F0401,42,A6CARS,decimal,,8,0,YES
PRODDTA,F0401,47,A6INVC,decimal,,2,0,YES
PRODDTA,F0401,70,A6URAB,decimal,,8,0,YES
PRODDTA,F42019,94,SHSOOR,decimal,,11,0,YES
PRODDTA,F3112_ARCH,34,WLOPYP,decimal,,8,0,YES
PRODDTA,F3112_ARCH,35,WLCPYP,decimal,,8,0,YES
PRODDTA,F3112_ARCH,50,WLQMTO,decimal,,38,0,YES
PRODDTA,F3112_ARCH,51,WLPWRT,decimal,,38,0,YES
PRODDTA,F41061,2,CBAN8,decimal,,8,0,NO
PRODDTA,F41061,3,CBITM,decimal,,8,0,NO
PRODDTA,F41061,8,CBDMCS,decimal,,3,0,YES
PRODDTA,F41061,10,CBDOCO,decimal,,8,0,YES
PRODDTA,F3003,37,IRVEND,decimal,,8,0,YES
PRODDTA,F3003,48,IRURAB,decimal,,8,0,YES
PRODDTA,F3003,60,IRCBCO,decimal,,11,0,YES
PRODDTA,F3003,61,IRCICO,decimal,,11,0,YES
PRODDTA,F3003,62,IRIMCO,decimal,,11,0,YES
PRODDTA,T_PRODUCTS,4,F_PROD_ROLLUP_FLAG,decimal,,2,0,YES
PRODDTA,T_PRODUCTS,11,F_FORMULATION_AUTH_FLAG,decimal,,2,0,YES
PRODDTA,F3112,34,WLOPYP,decimal,,8,0,YES
PRODDTA,F3112,35,WLCPYP,decimal,,8,0,YES
PRODDTA,F3112,50,WLQMTO,decimal,,38,0,YES
PRODDTA,F3112,51,WLPWRT,decimal,,38,0,YES
PRODDTA,F4201_ARCH,94,SHSOOR,decimal,,11,0,YES
PRODDTA,F42019_ARCH,94,SHSOOR,decimal,,11,0,YES
PRODDTA,F1201,45,FAPURP,decimal,,3,0,YES
PRODDTA,F1201,104,FACRTL,decimal,,2,0,YES
PRODDTA,F4311_ARCH,201,PDCPNT,decimal,,4,0,YES
PRODDTA,F4801_ARCH,109,WAURAB,decimal,,8,0,YES
PRODDTA,F4801_ARCH,118,WAXRTO,decimal,,4,0,YES
PRODDTA,F4801_ARCH,122,WAMPOS,decimal,,3,0,YES
PRODDTA,F43090,17,PCLTQP,decimal,,8,0,YES
PRODDTA,F43090,24,PCNOOD,decimal,,11,0,YES
PRODDTA,T_PROD_COMP,6,F_HAZ_FLAG,decimal,,2,0,NO
PRODDTA,T_PROD_COMP,10,F_TRADE_SECRET_FLAG,decimal,,2,0,YES
PRODDTA,T_PROD_COMP,11,F_SARA_FLAG,decimal,,2,0,NO
PRODDTA,F3002,10,IXCPNT,decimal,,4,0,YES
PRODDTA,F3002,67,IXURAB,decimal,,8,0,YES
PRODDTA,F3002,74,IXSUCO,decimal,,11,0,YES
PRODDTA,F3002,78,IXCPNB,decimal,,8,0,NO
PRODDTA,T_PDF_MSDS,10,F_AUTHORIZED,decimal,,2,0,NO
PRODDTA,T_PDF_MSDS,28,F_IS_S3,decimal,,2,0,YES
PRODDTA,F3111_ARCH,9,WMCPNT,decimal,,4,0,YES
PRODDTA,F3111_ARCH,64,WMURAB,decimal,,8,0,YES
PRODDTA,F3111_ARCH,71,WMVEND,decimal,,8,0,YES
PRODDTA,F3111_ARCH,86,WMCPNB,decimal,,8,0,YES
PRODDTA,F3111,9,WMCPNT,decimal,,4,0,YES
PRODDTA,F3111,64,WMURAB,decimal,,8,0,YES
PRODDTA,F3111,71,WMVEND,decimal,,8,0,YES
PRODDTA,F3111,86,WMCPNB,decimal,,8,0,YES
PRODDTA,F0050,9,MAUPMJ,numeric,,18,0,YES
PRODDTA,F3411,14,MMTRQT,bigint,,19,0,YES
PRODDTA,F3411,16,MMDRQJ,numeric,,6,0,YES
PRODDTA,F3411,17,MMSTRT,numeric,,6,0,YES
PRODDTA,F3411,18,MMRSTJ,numeric,,6,0,YES
PRODDTA,F3411,19,MMRRQJ,numeric,,6,0,YES
PRODDTA,F3411,20,MMUPMJ,numeric,,6,0,YES
PRODDTA,F3411,25,MMREDJ,numeric,,6,0,YES
PRODDTA,F3411,26,MMOEDJ,numeric,,6,0,YES
PRODDTA,F3412,3,MWDRQJ,numeric,,6,0,YES
PRODDTA,F3412,7,MWUORG,bigint,,19,0,YES
PRODDTA,F3413,4,MRSTRT,numeric,,6,0,NO
PRODDTA,F1217,9,WRORDJ,numeric,,18,0,YES
PRODDTA,F1217,10,WRSHPJ,numeric,,18,0,YES
PRODDTA,F1217,11,WRADDJ,numeric,,18,0,YES
PRODDTA,F1217,18,WRSTRX,numeric,,18,0,YES
PRODDTA,F1217,43,WRURDT,numeric,,18,0,YES
PRODDTA,F1217,51,WRUPMJ,numeric,,18,0,YES
PRODDTA,F1217,57,WREFFF,numeric,,18,0,YES
PRODDTA,F1217,62,WRINSDTE,numeric,,18,0,YES
PRODDTA,F1602,59,CBUPMJ,numeric,,18,0,YES
PRODDTA,F30008,22,IWUPMJ,numeric,,18,0,YES
PRODDTA,F4111_ARCH,11,ILTRNO,decimal,,10,2,YES
PRODDTA,F4111_ARCH,25,ILJELN,decimal,,7,1,YES
PRODDTA,F4111,11,ILTRNO,decimal,,10,2,YES
PRODDTA,F4111,25,ILJELN,decimal,,7,1,YES
PRODDTA,F42119_ARCH,174,SDCRR,decimal,,15,7,YES
PRODDTA,F4211,174,SDCRR,decimal,,15,7,YES
PRODDTA,F4211_ARCH,174,SDCRR,decimal,,15,7,YES
PRODDTA,F42119,174,SDCRR,decimal,,15,7,YES
PRODDTA,F4102,38,IBSERV,decimal,,7,3,YES
PRODDTA,F4301,69,PHCRR,decimal,,15,7,YES
PRODDTA,F0050,3,MAORSQ,decimal,,19,4,NO
PRODDTA,F03B11,34,RPCRR,decimal,,15,7,YES
PRODDTA,F03B11,132,RPHCRR,decimal,,15,7,YES
PRODDTA,F03B112,36,RWCRR,decimal,,15,7,YES
PRODDTA,F4311,167,PDCRR,decimal,,15,7,YES
PRODDTA,F4072,11,ADMNQ,decimal,,19,4,NO
PRODDTA,F4072,17,ADFVTR,decimal,,19,4,YES
PRODDTA,F4072,22,ADURAT,decimal,,19,4,YES
PRODDTA,F03B13,27,RYCRR,decimal,,15,7,YES
PRODDTA,F03B13,30,RYCRR1,decimal,,15,7,YES
PRODDTA,F03B13,31,RYCRR2,decimal,,15,7,YES
PRODDTA,F03B13,63,RYARS,decimal,,6,2,YES
PRODDTA,F43121,60,PRJELN,decimal,,7,1,YES
PRODDTA,F43121,87,PRCRR,decimal,,15,7,YES
PRODDTA,F40721,7,PVGENMATH,decimal,,19,4,YES
PRODDTA,F03B14,34,RZCRR,decimal,,15,7,YES
PRODDTA,F03B14,49,RZACRR,decimal,,15,7,YES
PRODDTA,F03B14,50,RZACR1,decimal,,15,7,YES
PRODDTA,F03B14,51,RZACR2,decimal,,15,7,YES
PRODDTA,F03B14,96,RZHCRR,decimal,,15,7,YES
PRODDTA,F4801,85,WAPC,decimal,,5,2,YES
PRODDTA,F0411,35,RPCRR,decimal,,15,7,YES
PRODDTA,F0411,88,RPHCRR,decimal,,15,7,YES
PRODDTA,F0411,142,RPSEQN,decimal,,7,3,YES
PRODDTA,F0010,45,CCFP,decimal,,9,6,YES
PRODDTA,F0414,17,RNCRR,decimal,,15,7,YES
PRODDTA,F0414,30,RNHCRR,decimal,,15,7,YES
PRODDTA,F0012,15,KGSEQN,decimal,,7,3,YES
PRODDTA,F42199,174,SLCRR,decimal,,15,7,YES
PRODDTA,F46011,5,IQGWID,decimal,,19,4,YES
PRODDTA,F46011,6,IQGDEP,decimal,,19,4,YES
PRODDTA,F46011,7,IQGHET,decimal,,19,4,YES
PRODDTA,F46011,9,IQGCUB,decimal,,19,4,YES
PRODDTA,F46011,11,IQGWEI,decimal,,19,4,YES
PRODDTA,F0014,3,PNDCP,decimal,,5,5,YES
PRODDTA,F0014,9,PNEIR,decimal,,5,3,YES
PRODDTA,F0015,9,CXCRR,decimal,,15,7,YES
PRODDTA,F0015,10,CXCRRD,decimal,,15,7,YES
PRODDTA,F0006,97,MCPC,decimal,,5,2,YES
PRODDTA,F0150,4,MADSS7,decimal,,7,2,YES
PRODDTA,F03B11_ARCH,34,RPCRR,decimal,,15,7,YES
PRODDTA,F03B11_ARCH,132,RPHCRR,decimal,,15,7,YES
PRODDTA,F0111,3,WWDSS5,decimal,,5,2,YES
PRODDTA,F03012,45,AIFP,decimal,,9,6,YES
PRODDTA,F03B13_ARCH,27,RYCRR,decimal,,15,7,YES
PRODDTA,F03B13_ARCH,30,RYCRR1,decimal,,15,7,YES
PRODDTA,F03B13_ARCH,31,RYCRR2,decimal,,15,7,YES
PRODDTA,F03B13_ARCH,63,RYARS,decimal,,6,2,YES
PRODDTA,F4801T,93,WACRR,decimal,,15,7,YES
PRODDTA,F4801T,96,WASEQN,decimal,,7,3,YES
PRODDTA,F03B14_ARCH,34,RZCRR,decimal,,15,7,YES
PRODDTA,F03B14_ARCH,49,RZACRR,decimal,,15,7,YES
PRODDTA,F03B14_ARCH,50,RZACR1,decimal,,15,7,YES
PRODDTA,F03B14_ARCH,51,RZACR2,decimal,,15,7,YES
PRODDTA,F03B14_ARCH,96,RZHCRR,decimal,,15,7,YES
PRODDTA,F0411_ARCH,35,RPCRR,decimal,,15,7,YES
PRODDTA,F0411_ARCH,88,RPHCRR,decimal,,15,7,YES
PRODDTA,F0411_ARCH,142,RPSEQN,decimal,,7,3,YES
PRODDTA,F4201,72,SHCRR,decimal,,15,7,YES
PRODDTA,F0401,16,A6PCWH,decimal,,5,4,YES
PRODDTA,F0902_JG,27,GBPC,decimal,,5,2,YES
PRODDTA,F0414_ARCH,17,RNCRR,decimal,,15,7,YES
PRODDTA,F0414_ARCH,30,RNHCRR,decimal,,15,7,YES
PRODDTA,F42019,72,SHCRR,decimal,,15,7,YES
PRODDTA,F3112_ARCH,103,WLCPLVLFR,decimal,,6,3,YES
PRODDTA,F3112_ARCH,104,WLCPLVLTO,decimal,,6,3,YES
PRODDTA,F41061,12,CBLNID,decimal,,6,3,YES
PRODDTA,F41061,15,CBPRRC,decimal,,15,4,YES
PRODDTA,F3003,69,IRCPLVLFR,decimal,,6,3,YES
PRODDTA,F3003,70,IRCPLVLTO,decimal,,6,3,YES
PRODDTA,F0902,27,GBPC,decimal,,5,2,YES
PRODDTA,F0911,5,GLJELN,decimal,,7,1,NO
PRODDTA,F0911,28,GLCRR,decimal,,15,7,YES
PRODDTA,F0911,29,GLHCRR,decimal,,15,7,YES
PRODDTA,F3112,103,WLCPLVLFR,decimal,,6,3,YES
PRODDTA,F3112,104,WLCPLVLTO,decimal,,6,3,YES
PRODDTA,F4201_ARCH,72,SHCRR,decimal,,15,7,YES
PRODDTA,F1113,5,C1CRR,decimal,,15,7,YES
PRODDTA,F1113,6,C1CRRD,decimal,,15,7,YES
PRODDTA,F42019_ARCH,72,SHCRR,decimal,,15,7,YES
PRODDTA,F1114,15,C2CRR,decimal,,15,7,YES
PRODDTA,F1201,6,FASEQ,decimal,,6,2,YES
PRODDTA,F1201,58,FAINSI,decimal,,7,3,YES
PRODDTA,F4301_ARCH,69,PHCRR,decimal,,15,7,YES
PRODDTA,F1202,27,FLPC,decimal,,5,2,YES
PRODDTA,F1202,38,FLADMP,decimal,,5,3,YES
PRODDTA,F4311_ARCH,167,PDCRR,decimal,,15,7,YES
PRODDTA,F4801_ARCH,85,WAPC,decimal,,5,2,YES
PRODDTA,F4801T_ARCH,93,WACRR,decimal,,15,7,YES
PRODDTA,F4801T_ARCH,96,WASEQN,decimal,,7,3,YES
PRODDTA,T_PROD_COMP,7,F_PERCENT,decimal,,20,10,YES
PRODDTA,T_PDF_MSDS,27,F_REV_NUM,decimal,,10,5,YES
PRODDTA,F553002G,2,IZKIT,float,,53,,NO
PRODDTA,F553002G,6,IZITML,float,,53,,YES
PRODDTA,F553002G,9,IZITM,float,,53,,YES
PRODDTA,F553002G,13,IZCPNT,float,,53,,YES
PRODDTA,F553002G,14,IZSBNT,float,,53,,NO
PRODDTA,F553002G,15,IZBQTY,float,,53,,NO
PRODDTA,F553002G,17,IZCPNB,float,,53,,NO
PRODDTA,F553002G,23,IZURAT,float,,53,,YES
PRODDTA,F553002G,25,IZURAB,float,,53,,YES
PRODDTA,F553002G,30,IZTDAY,float,,53,,YES
PRODDTA,F554105A,2,DCUNCS,float,,53,,YES
PRODDTA,F554105A,11,DCUPMT,float,,53,,YES
PRODDTA,F553011,1,BCUKID,float,,53,,NO
PRODDTA,F553011,6,BCTDAY,float,,53,,YES
PRODDTA,F553012,3,AD#BQT,float,,53,,NO
PRODDTA,F553012,8,ADQNTY,float,,53,,YES
PRODDTA,F553012,9,ADCPNT,float,,53,,NO
PRODDTA,F553012,11,ADORQP,float,,53,,YES
PRODDTA,F553012,12,ADOCPN,float,,53,,YES
PRODDTA,F5531,4,QZLNID,float,,53,,NO
PRODDTA,F5531,14,QZQASZ,float,,53,,YES
PRODDTA,F5531,17,QZQSMP,float,,53,,YES
PRODDTA,F554072A,1,TRITM,float,,53,,NO
PRODDTA,F554072A,2,TRAN8,float,,53,,NO
PRODDTA,F554072A,8,TRUKID,float,,53,,NO
PRODDTA,F554072A,9,TRMATH01,float,,53,,YES
PRODDTA,F554072A,14,TRTDAY,float,,53,,YES
PRODDTA,F554072L,1,LTAN8,float,,53,,NO
PRODDTA,F554072L,2,LTSHAN,float,,53,,YES
PRODDTA,F554072L,3,LTPA8,float,,53,,YES
PRODDTA,F554072L,6,LTITM,float,,53,,YES
PRODDTA,F554072L,12,LTMATH01,float,,53,,YES
PRODDTA,F554072L,13,LTMATH02,float,,53,,YES
PRODDTA,F554072L,14,LTMATH03,float,,53,,YES
PRODDTA,F554072L,15,LTMATH04,float,,53,,YES
PRODDTA,F554072L,16,LTUPRC,float,,53,,YES
PRODDTA,F554072L,17,LTMATH05,float,,53,,YES
PRODDTA,F554072L,19,LTUKID,float,,53,,NO
PRODDTA,F554072L,23,LT55PBULK,float,,53,,YES
PRODDTA,F554072L,24,LT55PBUCK1,float,,53,,YES
PRODDTA,F554072L,25,LT55PBUCK2,float,,53,,YES
PRODDTA,F554072L,26,LT55PBUCK3,float,,53,,YES
PRODDTA,F554072L,27,LT55PBUCK4,float,,53,,YES
PRODDTA,F554072L,28,LT55PPAIL,float,,53,,YES
PRODDTA,F5531_PRE_90,4,QZLNID,float,,53,,NO
PRODDTA,F5531_PRE_90,14,QZQASZ,float,,53,,YES
PRODDTA,F5531_PRE_90,17,QZQSMP,float,,53,,YES
PRODDTA,F5541006,1,IDITM,float,,53,,NO
PRODDTA,F5541006,6,IDUREC,float,,53,,YES
PRODDTA,F5541006,8,IDAN01,float,,53,,YES
PRODDTA,F5541006,9,IDAN02,float,,53,,YES
PRODDTA,F5541006,10,IDAN03,float,,53,,YES
PRODDTA,F5541006,11,IDAN04,float,,53,,YES
PRODDTA,F5541006,12,IDAN05,float,,53,,YES
PRODDTA,F5541006,13,IDAN06,float,,53,,YES
PRODDTA,F5541006,17,IDURAB,float,,53,,YES
PRODDTA,F5541006,18,IDURAT,float,,53,,YES
PRODDTA,F5541006,24,IDUPMT,float,,53,,YES
PRODDTA,F4095,1,MLANUM,float,,53,,NO
PRODDTA,F554101A,1,IMITM,float,,53,,NO
PRODDTA,F554101A,7,IMURAT,float,,53,,YES
PRODDTA,F554101A,8,IMURAB,float,,53,,YES
PRODDTA,F554101A,13,IMUPMT,float,,53,,YES
PRODDTA,F554101T,1,IMITM,float,,53,,NO
PRODDTA,F554101T,34,IMURAT,float,,53,,YES
PRODDTA,F554101T,35,IMURAB,float,,53,,YES
PRODDTA,F554101T,41,IMUPMT,float,,53,,YES
PRODDTA,F554102,1,ITITM,float,,53,,NO
PRODDTA,F554102,73,IT$RENP,float,,53,,YES
PRODDTA,F554102,147,IT$AVOL,float,,53,,YES
PRODDTA,F554102,149,IT$PRC,float,,53,,YES
PRODDTA,F554102,153,IT$LTD,float,,53,,YES
PRODDTA,F554102,156,ITURAB,float,,53,,YES
PRODDTA,F554102,157,ITURAT,float,,53,,YES
PRODDTA,F554102,165,ITUPMT,float,,53,,YES
PRODDTA,F5541021,1,LIITM,float,,53,,NO
PRODDTA,F5541021,9,LIPQOH,float,,53,,YES
PRODDTA,F5541021,10,LIPBCK,float,,53,,YES
PRODDTA,F5541021,11,LIPREQ,float,,53,,YES
PRODDTA,F5541021,12,LIQWBO,float,,53,,YES
PRODDTA,F5541021,13,LIOT1P,float,,53,,YES
PRODDTA,F5541021,14,LIOT2P,float,,53,,YES
PRODDTA,F5541021,15,LIOT1A,float,,53,,YES
PRODDTA,F5541021,16,LIHCOM,float,,53,,YES
PRODDTA,F5541021,17,LIPCOM,float,,53,,YES
PRODDTA,F5541021,18,LIFCOM,float,,53,,YES
PRODDTA,F5541021,19,LIFUN1,float,,53,,YES
PRODDTA,F5541021,20,LIQOWO,float,,53,,YES
PRODDTA,F5541021,21,LIQTTR,float,,53,,YES
PRODDTA,F5541021,22,LIQTIN,float,,53,,YES
PRODDTA,F5541021,23,LIQONL,float,,53,,YES
PRODDTA,F5541021,24,LIQTRI,float,,53,,YES
PRODDTA,F5541021,25,LIQTRO,float,,53,,YES
PRODDTA,F5541021,27,LIQTY1,float,,53,,YES
PRODDTA,F5541021,28,LIQTY2,float,,53,,YES
PRODDTA,F5541021,29,LIURAB,float,,53,,YES
PRODDTA,F5541021,31,LIURAT,float,,53,,YES
PRODDTA,F5541021,37,LITDAY,float,,53,,YES
PRODDTA,F5541021,39,LIQTO1,float,,53,,YES
PRODDTA,F5541021,40,LIQTO2,float,,53,,YES
PRODDTA,F5541021,41,LIHCMS,float,,53,,YES
PRODDTA,F5541021,42,LIPJCM,float,,53,,YES
PRODDTA,F5541021,43,LIPJDM,float,,53,,YES
PRODDTA,F5541021,44,LISCMS,float,,53,,YES
PRODDTA,F5541021,45,LISIBW,float,,53,,YES
PRODDTA,F5541021,46,LISOBW,float,,53,,YES
PRODDTA,F5541021,47,LISQOH,float,,53,,YES
PRODDTA,F5541021,48,LISQWO,float,,53,,YES
PRODDTA,F5541021,49,LISREQ,float,,53,,YES
PRODDTA,F5541021,50,LISWHC,float,,53,,YES
PRODDTA,F5541021,51,LISWSC,float,,53,,YES
PRODDTA,F554102D,1,RMITM,float,,53,,NO
PRODDTA,F554102D,8,RMUNCS,float,,53,,YES
PRODDTA,F554102D,9,RMAUNCS,float,,53,,YES
PRODDTA,F554102D,10,RMACUNC,float,,53,,YES
PRODDTA,F554102D,11,RMMATH01,float,,53,,YES
PRODDTA,F554102D,12,RMSTUNCS,float,,53,,YES
PRODDTA,F554102D,13,RMURAB,float,,53,,YES
PRODDTA,F554102D,14,RMURAT,float,,53,,YES
PRODDTA,F554102D,22,RMTDAY,float,,53,,YES
PRODDTA,F554102S,1,IBUKID,float,,53,,NO
PRODDTA,F554102S,2,IBITM,float,,53,,YES
PRODDTA,F554102S,6,IBSAFE,float,,53,,YES
PRODDTA,F554102S,11,IBUPMT,float,,53,,YES
PRODDTA,F554102T,1,IBITM,float,,53,,NO
PRODDTA,F554102T,34,IBURAT,float,,53,,YES
PRODDTA,F554102T,35,IBURAB,float,,53,,YES
PRODDTA,F554102T,41,IBUPMT,float,,53,,YES
PRODDTA,F554105,1,MRITM,float,,53,,NO
PRODDTA,F554105,10,MRPRRC,float,,53,,YES
PRODDTA,F554105,11,MRPRRCE1,float,,53,,YES
PRODDTA,F554105,12,MRUNCS,float,,53,,YES
PRODDTA,F554105,13,MRUREC,float,,53,,YES
PRODDTA,F554105,14,MRSOQS,float,,53,,YES
PRODDTA,F554105,15,MRUCSTR,float,,53,,YES
PRODDTA,F554105,21,MRTDAY,float,,53,,NO
PRODDTA,F42003,1,RESLS,float,,53,,NO
PRODDTA,F42003,2,RESLSP,float,,53,,NO
PRODDTA,F42003,3,RERPCT,float,,53,,YES
PRODDTA,F5504JP,3,PHTME0,float,,53,,YES
PRODDTA,F5504JP,5,PHAN8,float,,53,,NO
PRODDTA,F5504JP,6,PHIDLN,float,,53,,NO
PRODDTA,F5504JP,7,PHRCK7,float,,53,,NO
PRODDTA,F5542UOM,2,IBITM,float,,53,,NO
PRODDTA,F5542UOM,6,IBCONV,float,,53,,YES
PRODDTA,F5542UOM,11,IBTDAY,float,,53,,YES
PRODDTA,F554102A,1,IBITM,float,,53,,NO
PRODDTA,F554102A,9,IBUPMJ,float,,53,,YES
PRODDTA,F554102A,10,IMTDAY,float,,53,,YES
PRODDTA,F56NAICS,1,NAAN8,float,,53,,YES
PRODDTA,F56NAICS,2,NASHAN,float,,53,,NO
PRODDTA,F56NAICS,18,NAAURMN1,float,,53,,YES
PRODDTA,F3411,1,MMUKID,float,,53,,NO
PRODDTA,F00165,8,GDTDAY,float,,53,,YES
PRODDTA,F00165,16,GDGTFUTM1,float,,53,,YES
PRODDTA,F00165,17,GDGTFUTM2,float,,53,,YES
PRODDTA,F3412,14,MWUKID,float,,53,,NO
PRODDTA,F3412,15,MWPLNK,float,,53,,YES
PRODDTA,F3413,5,MRTRQT,float,,53,,YES
PRODDTA,F55SODOC,1,SHDOCO,float,,53,,NO
PRODDTA,F55SODOC,9,SHURAT,float,,53,,YES
PRODDTA,F55SODOC,15,SHTDAY,float,,53,,YES
PRODDTA,F3007,2,WUYR,float,,53,,NO
PRODDTA,F3007,3,WUMT,float,,53,,NO
PRODDTA,F3007,8,WUWORE,float,,53,,YES
PRODDTA,F3007,9,WUWORU,float,,53,,YES
PRODDTA,F3007,10,WURU01,float,,53,,YES
PRODDTA,F3007,11,WURU02,float,,53,,YES
PRODDTA,F3007,12,WURU03,float,,53,,YES
PRODDTA,F3007,13,WURU04,float,,53,,YES
PRODDTA,F3007,14,WURU05,float,,53,,YES
PRODDTA,F3007,15,WURU06,float,,53,,YES
PRODDTA,F3007,16,WURU07,float,,53,,YES
PRODDTA,F3007,17,WURU08,float,,53,,YES
PRODDTA,F3007,18,WURU09,float,,53,,YES
PRODDTA,F3007,19,WURU10,float,,53,,YES
PRODDTA,F3007,20,WURU11,float,,53,,YES
PRODDTA,F3007,21,WURU12,float,,53,,YES
PRODDTA,F3007,22,WURU13,float,,53,,YES
PRODDTA,F3007,23,WURU14,float,,53,,YES
PRODDTA,F3007,24,WURU15,float,,53,,YES
PRODDTA,F3007,25,WURU16,float,,53,,YES
PRODDTA,F3007,26,WURU17,float,,53,,YES
PRODDTA,F3007,27,WURU18,float,,53,,YES
PRODDTA,F3007,28,WURU19,float,,53,,YES
PRODDTA,F3007,29,WURU20,float,,53,,YES
PRODDTA,F3007,30,WURU21,float,,53,,YES
PRODDTA,F3007,31,WURU22,float,,53,,YES
PRODDTA,F3007,32,WURU23,float,,53,,YES
PRODDTA,F3007,33,WURU24,float,,53,,YES
PRODDTA,F3007,34,WURU25,float,,53,,YES
PRODDTA,F3007,35,WURU26,float,,53,,YES
PRODDTA,F3007,36,WURU27,float,,53,,YES
PRODDTA,F3007,37,WURU28,float,,53,,YES
PRODDTA,F3007,38,WURU29,float,,53,,YES
PRODDTA,F3007,39,WURU30,float,,53,,YES
PRODDTA,F3007,40,WURU31,float,,53,,YES
PRODDTA,F3007,45,WUTDAY,float,,53,,YES
PRODDTA,F3007,46,WUCTRY,float,,53,,NO
PRODDTA,F550001,3,SDAN8,float,,53,,NO
PRODDTA,F550001,4,SDSHAN,float,,53,,YES
PRODDTA,F550001,5,SDDOCO,float,,53,,YES
PRODDTA,F550001,8,SDLNID,float,,53,,YES
PRODDTA,F550001,16,SDUPMT,float,,53,,YES
PRODDTA,F3312,3,CWITM,float,,53,,YES
PRODDTA,F3312,6,CWTRQT,float,,53,,YES
PRODDTA,F3312,7,CWUORG,float,,53,,YES
PRODDTA,F3312,10,CWDOCO,float,,53,,YES
PRODDTA,F3312,12,CWUKID,float,,53,,NO
PRODDTA,F1217,1,WRNUMB,float,,53,,NO
PRODDTA,F1217,5,WRDOCO,float,,53,,YES
PRODDTA,F1217,8,WRLNID,float,,53,,YES
PRODDTA,F1217,12,WRSHAN,float,,53,,YES
PRODDTA,F1217,13,WRPA8,float,,53,,YES
PRODDTA,F1217,14,WRSLSM,float,,53,,YES
PRODDTA,F1217,15,WRANOB,float,,53,,YES
PRODDTA,F1217,19,WRVEND,float,,53,,YES
PRODDTA,F1217,24,WROGNO,float,,53,,YES
PRODDTA,F1217,44,WRURAT,float,,53,,YES
PRODDTA,F1217,45,WRURAB,float,,53,,YES
PRODDTA,F1217,52,WRUPMT,float,,53,,YES
PRODDTA,F1217,55,WRWOD,float,,53,,YES
PRODDTA,F1217,58,WRAN8DL,float,,53,,YES
PRODDTA,F1217,59,WRAN8AS,float,,53,,YES
PRODDTA,F1217,69,WRAN8DR,float,,53,,YES
PRODDTA,F1217,70,WREQPN,float,,53,,YES
PRODDTA,F3313,7,CRTRQT,float,,53,,YES
PRODDTA,F4006,1,OADOCO,float,,53,,NO
PRODDTA,F4006,21,OAUPMT,float,,53,,YES
PRODDTA,F4006,22,OALNID,float,,53,,YES
PRODDTA,F1602,1,CBVWNM,float,,53,,NO
PRODDTA,F1602,4,CBCFY,float,,53,,NO
PRODDTA,F1602,16,CBITM,float,,53,,NO
PRODDTA,F1602,18,CBAPYC,float,,53,,YES
PRODDTA,F1602,19,CBAN01,float,,53,,YES
PRODDTA,F1602,20,CBAN02,float,,53,,YES
PRODDTA,F1602,21,CBAN03,float,,53,,YES
PRODDTA,F1602,22,CBAN04,float,,53,,YES
PRODDTA,F1602,23,CBAN05,float,,53,,YES
PRODDTA,F1602,24,CBAN06,float,,53,,YES
PRODDTA,F1602,25,CBAN07,float,,53,,YES
PRODDTA,F1602,26,CBAN08,float,,53,,YES
PRODDTA,F1602,27,CBAN09,float,,53,,YES
PRODDTA,F1602,28,CBAN10,float,,53,,YES
PRODDTA,F1602,29,CBAN11,float,,53,,YES
PRODDTA,F1602,30,CBAN12,float,,53,,YES
PRODDTA,F1602,31,CBAN13,float,,53,,YES
PRODDTA,F1602,32,CBAN14,float,,53,,YES
PRODDTA,F1602,33,CBNB01,float,,53,,YES
PRODDTA,F1602,34,CBNB02,float,,53,,YES
PRODDTA,F1602,35,CBNB03,float,,53,,YES
PRODDTA,F1602,36,CBNB04,float,,53,,YES
PRODDTA,F1602,37,CBNB05,float,,53,,YES
PRODDTA,F1602,38,CBNB06,float,,53,,YES
PRODDTA,F1602,39,CBNB07,float,,53,,YES
PRODDTA,F1602,40,CBNB08,float,,53,,YES
PRODDTA,F1602,41,CBNB09,float,,53,,YES
PRODDTA,F1602,42,CBNB10,float,,53,,YES
PRODDTA,F1602,43,CBNB11,float,,53,,YES
PRODDTA,F1602,44,CBNB12,float,,53,,YES
PRODDTA,F1602,45,CBNB13,float,,53,,YES
PRODDTA,F1602,46,CBNB14,float,,53,,YES
PRODDTA,F1602,48,CBAWTD,float,,53,,YES
PRODDTA,F1602,49,CBBORG,float,,53,,YES
PRODDTA,F1602,50,CBBREQ,float,,53,,YES
PRODDTA,F1602,51,CBBAPR,float,,53,,YES
PRODDTA,F1602,60,CBUPMT,float,,53,,YES
PRODDTA,F5503B01,4,WFUPMT,float,,53,,NO
PRODDTA,F5503B01,5,WFAN8,float,,53,,NO
PRODDTA,F5503B01,7,WFDOC,float,,53,,YES
PRODDTA,F5503B01,10,WFAG,float,,53,,YES
PRODDTA,F5503B01,11,WFCALYEAR,float,,53,,NO
PRODDTA,F5503B01,12,WFPN,float,,53,,NO
PRODDTA,F5503B01,13,WFMATH80,float,,53,,NO
PRODDTA,F5503B01,15,WFPYID,float,,53,,YES
PRODDTA,F5503B01,17,WFCKAM,float,,53,,YES
PRODDTA,F5503B01,19,WFURAB,float,,53,,YES
PRODDTA,F5503B01,20,WFURAT,float,,53,,YES
PRODDTA,F550401,1,VAPA8,float,,53,,NO
PRODDTA,F550401,2,VAAN8,float,,53,,NO
PRODDTA,F550401,4,VAAYPD,float,,53,,YES
PRODDTA,F550401,5,VAAPPD,float,,53,,YES
PRODDTA,F550401,8,VATDAY,float,,53,,YES
PRODDTA,F30008,3,IWSTLF,float,,53,,YES
PRODDTA,F30008,4,IWXSDL,float,,53,,YES
PRODDTA,F30008,5,IWSTFF,float,,53,,YES
PRODDTA,F30008,6,IWXSSL,float,,53,,YES
PRODDTA,F30008,7,IWSIDL,float,,53,,YES
PRODDTA,F30008,8,IWXSIL,float,,53,,YES
PRODDTA,F30008,9,IWSTRF,float,,53,,YES
PRODDTA,F30008,10,IWXSVO,float,,53,,YES
PRODDTA,F30008,11,IWSTRZ,float,,53,,YES
PRODDTA,F30008,12,IWXSFO,float,,53,,YES
PRODDTA,F30008,13,IWMSFR,float,,53,,YES
PRODDTA,F30008,14,IWXSMR,float,,53,,YES
PRODDTA,F30008,15,IWMSTF,float,,53,,YES
PRODDTA,F30008,16,IWXSMV,float,,53,,YES
PRODDTA,F30008,17,IWMSSF,float,,53,,YES
PRODDTA,F30008,18,IWXSMF,float,,53,,YES
PRODDTA,F30008,19,IWSTAF,float,,53,,YES
PRODDTA,F30008,23,IWTDAY,float,,53,,YES
PRODDTA,F550901,18,GMURAT,float,,53,,YES
PRODDTA,F550901,19,GMURAB,float,,53,,YES
PRODDTA,F550901,26,GMUPMT,float,,53,,YES
PRODDTA,F30006,9,IWAN8,float,,53,,YES
PRODDTA,F30006,10,IWAVRT,float,,53,,YES
PRODDTA,F30006,11,IWTRKS,float,,53,,YES
PRODDTA,F30006,12,IWWRHR,float,,53,,YES
PRODDTA,F30006,13,IWWORE,float,,53,,YES
PRODDTA,F30006,14,IWWORU,float,,53,,YES
PRODDTA,F30006,15,IWQMAD,float,,53,,YES
PRODDTA,F30006,16,IWNOMA,float,,53,,YES
PRODDTA,F30006,17,IWSQD,float,,53,,YES
PRODDTA,F30006,18,IWMOVD,float,,53,,YES
PRODDTA,F30006,19,IWQUED,float,,53,,YES
PRODDTA,F30006,20,IWSETC,float,,53,,YES
PRODDTA,F30006,21,IWDL1,float,,53,,YES
PRODDTA,F30006,22,IWDL2,float,,53,,YES
PRODDTA,F30006,23,IWDL3,float,,53,,YES
PRODDTA,F30006,24,IWDE1,float,,53,,YES
PRODDTA,F30006,25,IWDE2,float,,53,,YES
PRODDTA,F30006,26,IWDE3,float,,53,,YES
PRODDTA,F30006,31,IWURAT,float,,53,,YES
PRODDTA,F30006,32,IWURAB,float,,53,,YES
PRODDTA,F30006,38,IWTDAY,float,,53,,YES
PRODDTA,F30006,44,IWWRH2,float,,53,,YES
PRODDTA,F30006,45,IWWRH3,float,,53,,YES
PRODDTA,F30006,46,IWWRH4,float,,53,,YES
PRODDTA,F30006,47,IWWRH5,float,,53,,YES
PRODDTA,F30006,48,IWWRH6,float,,53,,YES
PRODDTA,F30006,50,IWCPSD,float,,53,,YES
PRODDTA,F30006,51,IWCPMI,float,,53,,YES
PRODDTA,F30006,52,IWCPMA,float,,53,,YES
PRODDTA,F30006,55,IWITML,float,,53,,YES
PRODDTA,F5512,3,QDLNID,float,,53,,NO
PRODDTA,F5521,2,QILNID,float,,53,,NO
PRODDTA,F553002,3,AH#BQT,float,,53,,NO
PRODDTA,F554072,2,ADITM,float,,53,,NO
PRODDTA,F554072,5,ADAN8,float,,53,,NO
PRODDTA,F554072,6,ADIGID,float,,53,,YES
PRODDTA,F554072,7,ADCGID,float,,53,,YES
PRODDTA,F554072,8,ADOGID,float,,53,,YES
PRODDTA,F554072,11,ADMNQ,float,,53,,YES
PRODDTA,F554072,17,ADFVTR,float,,53,,YES
PRODDTA,F554072,19,ADATID,float,,53,,YES
PRODDTA,F554072,22,ADURAT,float,,53,,YES
PRODDTA,F554072,23,ADURAB,float,,53,,YES
PRODDTA,F554072,25,ADNBRORD,float,,53,,YES
PRODDTA,F554072,34,ADTDAY,float,,53,,YES
PRODDTA,F554072,35,ADBKTPID,float,,53,,YES
PRODDTA,F554072,43,ADSLSM,float,,53,,YES
PRODDTA,F554072,44,AD55VBULK,float,,53,,YES
PRODDTA,F554072,45,AD55VBUCK1,float,,53,,YES
PRODDTA,F554072,46,AD55VBUCK2,float,,53,,YES
PRODDTA,F554072,47,AD55VBUCK3,float,,53,,YES
PRODDTA,F554072,48,AD55VBUCK4,float,,53,,YES
PRODDTA,F554072,49,AD55VPAIL,float,,53,,YES
PRODDTA,F554072,50,AD55PERDIS,float,,53,,YES
PRODDTA,F554072,51,AD55DBULK,float,,53,,YES
PRODDTA,F554072,52,AD55DBUCK1,float,,53,,YES
PRODDTA,F554072,53,AD55DBUCK2,float,,53,,YES
PRODDTA,F554072,54,AD55DBUCK3,float,,53,,YES
PRODDTA,F554072,55,AD55DBUCK4,float,,53,,YES
PRODDTA,F554072,56,AD55DPAIL,float,,53,,YES
PRODDTA,F554072,57,AD55PERPRD,float,,53,,YES
PRODDTA,F554072,58,AD55RBULK,float,,53,,YES
PRODDTA,F554072,59,AD55RBUCK1,float,,53,,YES
PRODDTA,F554072,60,AD55RBUCK2,float,,53,,YES
PRODDTA,F554072,61,AD55RBUCK3,float,,53,,YES
PRODDTA,F554072,62,AD55RBUCK4,float,,53,,YES
PRODDTA,F554072,63,AD55RPAIL,float,,53,,YES
PRODDTA,F554072,64,AD55SBULK,float,,53,,YES
PRODDTA,F554072,65,AD55SBUCK1,float,,53,,YES
PRODDTA,F554072,66,AD55SBUCK2,float,,53,,YES
PRODDTA,F554072,67,AD55SBUCK3,float,,53,,YES
PRODDTA,F554072,68,AD55SBUCK4,float,,53,,YES
PRODDTA,F554072,69,AD55SPAIL,float,,53,,YES
PRODDTA,F554072,70,AD55OBULK,float,,53,,YES
PRODDTA,F554072,71,AD55OBUCK1,float,,53,,YES
PRODDTA,F554072,72,AD55OBUCK2,float,,53,,YES
PRODDTA,F554072,73,AD55OBUCK3,float,,53,,YES
PRODDTA,F554072,74,AD55OBUCK4,float,,53,,YES
PRODDTA,F554072,75,AD55OPAIL,float,,53,,YES
PRODDTA,F554072,76,AD55FBULK,float,,53,,YES
PRODDTA,F554072,77,AD55FBUCK1,float,,53,,YES
PRODDTA,F554072,78,AD55FBUCK2,float,,53,,YES
PRODDTA,F554072,79,AD55FBUCK3,float,,53,,YES
PRODDTA,F554072,80,AD55FBUCK4,float,,53,,YES
PRODDTA,F554072,81,AD55FPAIL,float,,53,,YES
PRODDTA,F554072,82,AD55PERSLW,float,,53,,YES
PRODDTA,F554072,83,AD55TBULK,float,,53,,YES
PRODDTA,F554072,84,AD55TBUCK1,float,,53,,YES
PRODDTA,F554072,85,AD55TBUCK2,float,,53,,YES
PRODDTA,F554072,86,AD55TBUCK3,float,,53,,YES
PRODDTA,F554072,87,AD55TBUCK4,float,,53,,YES
PRODDTA,F554072,88,AD55TPAIL,float,,53,,YES
PRODDTA,F554072,89,AD55PBULK,float,,53,,YES
PRODDTA,F554072,90,AD55PBUCK1,float,,53,,YES
PRODDTA,F554072,91,AD55PBUCK2,float,,53,,YES
PRODDTA,F554072,92,AD55PBUCK3,float,,53,,YES
PRODDTA,F554072,93,AD55PBUCK4,float,,53,,YES
PRODDTA,F554072,94,AD55PPAIL,float,,53,,YES
PRODDTA,F554072,98,ADUPRC,float,,53,,YES
PRODDTA,F554072,101,ADUKID,float,,53,,NO
PRODDTA,F43199,209,OLUKID,float,,53,,NO
PRODDTA,F43199,2,OLDOCO,float,,53,,YES
PRODDTA,F43199,5,OLLNID,float,,53,,YES
PRODDTA,F43199,11,OLOGNO,float,,53,,YES
PRODDTA,F43199,15,OLRLLN,float,,53,,YES
PRODDTA,F43199,17,OLDMCS,float,,53,,YES
PRODDTA,F43199,19,OLAN8,float,,53,,YES
PRODDTA,F43199,20,OLSHAN,float,,53,,YES
PRODDTA,F43199,32,OLPN,float,,53,,YES
PRODDTA,F43199,35,OLITM,float,,53,,YES
PRODDTA,F43199,42,OLFRMP,float,,53,,YES
PRODDTA,F43199,43,OLTHRP,float,,53,,YES
PRODDTA,F43199,61,OLUORG,float,,53,,YES
PRODDTA,F43199,62,OLUCHG,float,,53,,YES
PRODDTA,F43199,63,OLUOPN,float,,53,,YES
PRODDTA,F43199,64,OLUREC,float,,53,,YES
PRODDTA,F43199,65,OLCREC,float,,53,,YES
PRODDTA,F43199,66,OLURLV,float,,53,,YES
PRODDTA,F43199,68,OLPRRC,float,,53,,YES
PRODDTA,F43199,69,OLAEXP,float,,53,,YES
PRODDTA,F43199,70,OLACHG,float,,53,,YES
PRODDTA,F43199,71,OLAOPN,float,,53,,YES
PRODDTA,F43199,72,OLAREC,float,,53,,YES
PRODDTA,F43199,73,OLARLV,float,,53,,YES
PRODDTA,F43199,74,OLFTN1,float,,53,,YES
PRODDTA,F43199,75,OLTRLV,float,,53,,YES
PRODDTA,F43199,77,OLAMC3,float,,53,,YES
PRODDTA,F43199,78,OLECST,float,,53,,YES
PRODDTA,F43199,86,OLDSPR,float,,53,,YES
PRODDTA,F43199,100,OLANBY,float,,53,,YES
PRODDTA,F43199,101,OLANCR,float,,53,,YES
PRODDTA,F43199,107,OLPQOR,float,,53,,YES
PRODDTA,F43199,109,OLSQOR,float,,53,,YES
PRODDTA,F43199,111,OLITWT,float,,53,,YES
PRODDTA,F43199,113,OLITVL,float,,53,,YES
PRODDTA,F43199,116,OLCTRY,float,,53,,YES
PRODDTA,F43199,117,OLFY,float,,53,,YES
PRODDTA,F43199,122,OLGRWT,float,,53,,YES
PRODDTA,F43199,133,OLCCMP,float,,53,,YES
PRODDTA,F43199,162,OLCORD,float,,53,,YES
PRODDTA,F43199,164,OLDOCC,float,,53,,YES
PRODDTA,F43199,165,OLCHLN,float,,53,,YES
PRODDTA,F43199,167,OLCRR,float,,53,,YES
PRODDTA,F43199,168,OLFRRC,float,,53,,YES
PRODDTA,F43199,169,OLFEA,float,,53,,YES
PRODDTA,F43199,170,OLFUC,float,,53,,YES
PRODDTA,F43199,171,OLFEC,float,,53,,YES
PRODDTA,F43199,172,OLFCHG,float,,53,,YES
PRODDTA,F43199,173,OLFAP,float,,53,,YES
PRODDTA,F43199,174,OLFREC,float,,53,,YES
PRODDTA,F43199,177,OLURAT,float,,53,,YES
PRODDTA,F43199,178,OLURAB,float,,53,,YES
PRODDTA,F43199,185,OLTDAY,float,,53,,YES
PRODDTA,F43199,188,OLSHPN,float,,53,,YES
PRODDTA,F43199,190,OLRSHT,float,,53,,YES
PRODDTA,F43199,191,OLPRJM,float,,53,,YES
PRODDTA,F43199,195,OLMCLN,float,,53,,YES
PRODDTA,F43199,197,OLKTLN,float,,53,,YES
PRODDTA,F43199,198,OLFTRL,float,,53,,YES
PRODDTA,F43199,199,OLDRQT,float,,53,,YES
PRODDTA,F43199,200,OLCTAM,float,,53,,YES
PRODDTA,F43199,201,OLCPNT,float,,53,,YES
PRODDTA,F43199,202,OLCHT,float,,53,,YES
PRODDTA,F43199,204,OLCHRT,float,,53,,YES
PRODDTA,F43199,210,OLLDNM,float,,53,,YES
PRODDTA,F43199,211,OLMKFR,float,,53,,YES
PRODDTA,F43199,213,OLDLNID,float,,53,,YES
PRODDTA,F43199,217,OLWVID,float,,53,,YES
PRODDTA,F43199,218,OLCNTRTID,float,,53,,YES
PRODDTA,F43199,219,OLCNTRTDID,float,,53,,YES
PRODDTA,F43199,226,OLSRQTY,float,,53,,YES
PRODDTA,F43199,230,OLPNS,float,,53,,YES
